{
  "model": "toy_ecoli_core",
  "n_enzymes": 73,
  "default_budget": 0.03817445747737386,
  "nominal": {
    "Topt_C": 39.0,
    "rmax": 0.08894484386837627,
    "CTmin_C": 27.45698721554666,
    "CTmax_C": 48.95864027781429,
    "niche_width_C": 21.50165306226763,
    "B80_C": 8.990491080375051,
    "Ea_eV": 1.9380198331846086,
    "Ea_kJmol": 186.98984360481697,
    "skewness": -0.04863801392280634
  },
  "descriptor_medians": {
    "Topt_C": 39.0,
    "rmax": 0.08366648008245525,
    "CTmin_C": 29.312613543986174,
    "CTmax_C": 47.55175664157409,
    "niche_width_C": 18.23246338294993,
    "B80_C": 7.443395025403953,
    "Ea_eV": 2.0581830197357633,
    "Ea_kJmol": 198.5837886592051,
    "skewness": -0.01896078369228319
  },
  "descriptor_iqr": {
    "Topt_C": 8.0,
    "rmax": 0.023732827593854533,
    "CTmin_C": 8.039693059141467,
    "CTmax_C": 9.48440574366856,
    "niche_width_C": 7.106873828516992,
    "B80_C": 3.3037417846557258,
    "Ea_eV": 0.9166231424241664,
    "Ea_kJmol": 88.44038389679568,
    "skewness": 0.07586851796384429
  }
}