temp_C,growth,status,o2_uptake,o2_release,co2_uptake,co2_release,glc__D_uptake,glc__D_release,pyr_uptake,pyr_release,lac__D_uptake,lac__D_release,ac_uptake,ac_release,RQ,medium
5.0,0.0,infeasible,,,,,,,,,,,,,,glucose_minimal
5.5,0.0,infeasible,,,,,,,,,,,,,,glucose_minimal
6.0,0.0,infeasible,,,,,,,,,,,,,,glucose_minimal
6.5,0.0,infeasible,,,,,,,,,,,,,,glucose_minimal
7.0,0.0,infeasible,,,,,,,,,,,,,,glucose_minimal
7.5,0.0,infeasible,,,,,,,,,,,,,,glucose_minimal
8.0,0.0,infeasible,,,,,,,,,,,,,,glucose_minimal
8.5,0.0004665614099513864,optimal,1.4017630951549906,-1.4017630951549906,0.0,-0.0,1.4060886423628203,-1.4060886423628203,-2.8055173552012125,2.8055173552012125,0.0,-0.0,-0.0004151888929754552,0.0004151888929754552,-0.0,glucose_minimal
9.0,0.001672163176841027,optimal,1.4337034306802665,-1.4337034306802665,0.0,-0.0,1.4492062575458102,-1.4492062575458102,-2.8745432265615984,2.8745432265615984,0.0,-0.0,-0.001488043296034617,0.001488043296034617,-0.0,glucose_minimal
9.5,0.0031255504622087777,optimal,1.4722084153424753,-1.4722084153424753,0.0,-0.0,1.5011857713482937,-1.5011857713482937,-2.9577558814795153,2.9577558814795153,0.0,-0.0,-0.0027813998514755025,0.0027813998514755025,-0.0,glucose_minimal
10.0,0.004857892384151032,optimal,1.5181038210651203,-1.5181038210651203,0.0,-0.0,1.563141928353914,-1.563141928353914,-3.0569398856342915,3.0569398856342915,0.0,-0.0,-0.00432299568320348,0.00432299568320348,-0.0,glucose_minimal
10.5,0.006902562833709561,optimal,1.5722738314210312,-1.5722738314210312,0.0,-0.0,1.6362683255120285,-1.6362683255120285,-3.174006037411531,3.174006037411531,0.0,-0.0,-0.006142529923165291,0.006142529923165291,-0.0,glucose_minimal
11.0,0.009295096824264002,optimal,1.6356598851849473,-1.6356598851849473,0.0,-0.0,1.7218358510002318,-1.7218358510002318,-3.310988868718614,3.310988868718614,0.0,-0.0,-0.008271624867061376,0.008271624867061376,-0.0,glucose_minimal
11.5,0.01207311718871899,optimal,1.7092587343021486,-1.7092587343021486,0.0,-0.0,1.8211900625937558,-1.8211900625937558,-3.4700424480843077,3.4700424480843077,0.0,-0.0,-0.010743760742809578,0.010743760742809578,-0.0,glucose_minimal
12.0,0.01527622954030544,optimal,1.7941196916088673,-1.7941196916088673,0.0,-0.0,1.9357474615547754,-1.9357474615547754,-3.653434427819111,3.653434427819111,0.0,-0.0,-0.013594182237097584,0.013594182237097584,-0.0,glucose_minimal
12.5,0.018945885251919835,optimal,1.8913408858361211,-1.8913408858361211,0.0,-0.0,2.066990477301138,-2.066990477301138,-3.863537969253754,3.863537969253754,0.0,-0.0,-0.016859776561892668,0.016859776561892668,-0.0,glucose_minimal
13.0,0.0231252074814781,optimal,2.0020648147682483,-2.0020648147682483,0.0,-0.0,2.2164614076249363,-2.2164614076249363,-4.10282210657693,4.10282210657693,0.0,-0.0,-0.020578918635943518,0.020578918635943518,-0.0,glucose_minimal
13.5,0.02785878518065618,optimal,2.1274727857190485,-2.1274727857190485,0.0,-0.0,2.3857549493987884,-2.3857549493987884,-4.373839748669524,4.373839748669524,0.0,-0.0,-0.024791287774955872,0.024791287774955872,-0.0,glucose_minimal
14.0,0.03319242933638226,optimal,2.2687784817171015,-2.2687784817171015,0.0,-0.0,2.5765095048465794,-2.5765095048465794,-4.679213771176186,4.679213771176186,0.0,-0.0,-0.029537650773067785,0.029537650773067785,-0.0,glucose_minimal
14.5,0.039172894393374395,optimal,2.4272205810767025,-2.4272205810767025,0.0,-0.0,2.790397218389083,-2.790397218389083,-5.021621066749811,5.021621066749811,0.0,-0.0,-0.03485961399919306,0.03485961399919306,-0.0,glucose_minimal
15.0,0.04584756448099699,optimal,2.604054444520024,-2.604054444520024,0.0,-0.0,3.0291127547373895,-3.0291127547373895,-5.40377458019221,5.40377458019221,0.0,-0.0,-0.040799344173078914,0.040799344173078914,-0.0,glucose_minimal
15.5,0.05326410556821619,optimal,2.8005428996229984,-2.8005428996229984,0.0,-0.0,3.2943608584253523,-3.2943608584253523,-5.828403392832168,5.828403392832168,0.0,-0.0,-0.047399258821027364,0.047399258821027364,-0.0,glucose_minimal
16.0,0.06147077600352204,optimal,3.0139078407252247,-3.0139078407252247,0.0,-0.0,3.593276296494615,-3.593276296494615,-6.309088175094149,6.309088175094149,0.0,-0.0,-0.035771375178771964,0.035771375178771964,-0.0,glucose_minimal
16.5,0.07051732059798642,optimal,3.2647079286656395,-3.2647079286656395,0.0,-0.0,3.9498589002963436,-3.9498589002963436,-6.8931185075157995,6.8931185075157995,0.0,-0.0,0.0,-0.0,-0.0,glucose_minimal
17.0,0.08044799647017954,optimal,3.5287998090348336,-3.5287998090348336,0.0,-0.0,4.310437887167672,-4.310437887167672,-7.47252107665774,7.47252107665774,0.0,-0.0,0.0,-0.0,-0.0,glucose_minimal
17.5,0.09130764615419004,optimal,3.817596396710354,-3.817596396710354,0.0,-0.0,4.704747552615768,-4.704747552615768,-8.106124368908525,8.106124368908525,0.0,-0.0,0.0,-0.0,-0.0,glucose_minimal
18.0,0.10313935245876686,optimal,4.132243416325708,-4.132243416325708,0.0,-0.0,5.134352216706079,-5.134352216706079,-8.796442038967633,8.796442038967633,0.0,-0.0,0.0,-0.0,-0.0,glucose_minimal
18.5,0.1159838241054838,optimal,4.473823457119153,-4.473823457119153,0.0,-0.0,5.600729997320093,-5.600729997320093,-9.545849226067268,9.545849226067268,0.0,-0.0,0.0,-0.0,-0.0,glucose_minimal
19.0,0.12987888104555254,optimal,4.843342285682951,-4.843342285682951,0.0,-0.0,6.105254122208542,-6.105254122208542,-10.356552524922494,10.356552524922494,0.0,-0.0,0.0,-0.0,-0.0,glucose_minimal
19.5,0.14485902417804739,optimal,5.241717403245461,-5.241717403245461,0.0,-0.0,6.649177305627216,-6.649177305627216,-11.230564881058779,11.230564881058779,0.0,-0.0,0.0,-0.0,-0.0,glucose_minimal
20.0,0.16095466154949034,optimal,5.669757467574569,-5.669757467574569,0.0,-0.0,7.233603651944117,-7.233603651944117,-12.16966044363821,12.16966044363821,0.0,-0.0,0.0,-0.0,-0.0,glucose_minimal
20.5,0.1781918081777237,optimal,6.128154310230177,-6.128154310230177,0.0,-0.0,7.85947775636075,-7.85947775636075,-13.175357051765337,13.175357051765337,0.0,-0.0,0.0,-0.0,-0.0,glucose_minimal
21.0,0.19659151335696887,optimal,6.617467706575299,-6.617467706575299,0.0,-0.0,8.527563910581154,-8.527563910581154,-14.248882820757528,14.248882820757528,0.0,-0.0,0.0,-0.0,-0.0,glucose_minimal
21.5,0.2161693608329524,optimal,7.1381120836605785,-7.1381120836605785,0.0,-0.0,9.238427954364772,-9.238427954364772,-15.391146979999371,15.391146979999371,0.0,-0.0,0.0,-0.0,-0.0,glucose_minimal
22.0,0.2369349942492067,optimal,7.690343900158741,-7.690343900158741,0.0,-0.0,9.992420044665495,-9.992420044665495,-16.60271218523648,16.60271218523648,0.0,-0.0,0.0,-0.0,-0.0,glucose_minimal
22.5,0.25889639395798464,optimal,8.274375381930344,-8.274375381930344,-0.2000672886899782,0.2000672886899782,10.789829944976576,-10.789829944976576,-17.683976759249685,17.683976759249685,0.0,-0.0,0.0,-0.0,0.02417914095689772,glucose_minimal
23.0,0.28204825020835783,optimal,8.890065323872621,-8.890065323872621,-0.21795834169902262,0.21795834169902262,11.63046486030246,-11.63046486030246,-19.016874430443387,19.016874430443387,0.0,-0.0,0.0,-0.0,0.024517068633200696,glucose_minimal
23.5,0.30637828654342814,optimal,9.537087251470824,-9.537087251470824,-0.23675985657866344,0.23675985657866344,12.513879037257622,-12.513879037257622,-20.417602234744205,20.417602234744205,0.0,-0.0,0.0,-0.0,0.024825174640417596,glucose_minimal
24.0,0.3318683998739318,optimal,10.21495973939747,-10.21495973939747,-0.2564578438100183,0.2564578438100183,13.439415159696658,-13.439415159696658,-21.885117941876587,21.885117941876587,0.0,-0.0,0.0,-0.0,0.02510610421898202,glucose_minimal
24.5,0.3584927141002595,optimal,10.922994650420925,-10.922994650420925,-0.2770323071273991,0.2770323071273991,14.406133676485057,-14.406133676485057,-23.417931814147845,23.417931814147845,0.0,-0.0,0.0,-0.0,0.025362303653304774,glucose_minimal
25.0,0.38621736195011114,optimal,11.660291333695298,-11.660291333695298,-0.2984570749289338,0.2984570749289338,15.41280488010936,-15.41280488010936,-25.01409404641537,25.01409404641537,0.0,-0.0,0.0,-0.0,0.025596022122231905,glucose_minimal
25.5,0.41443039770508244,optimal,12.481831864403036,-12.481831864403036,-0.32025925410541095,0.32025925410541095,16.50846514049839,-16.50846514049839,-26.780885489069583,26.780885489069583,0.0,-0.0,0.0,-0.0,0.02565803301827507,glucose_minimal
26.0,0.4436737538314806,optimal,13.328305432067713,-13.328305432067713,-0.34285763364617605,0.34285763364617605,17.6390690990208,-17.6390690990208,-28.602060822403505,28.602060822403505,0.0,-0.0,0.0,-0.0,0.025724022861996054,glucose_minimal
26.5,0.47388875815033255,optimal,14.198244579945376,-14.198244579945376,-0.36620687346915065,0.36620687346915065,18.802579236143885,-18.802579236143885,-30.47442786328642,30.47442786328642,0.0,-0.0,0.0,-0.0,0.025792404927747734,glucose_minimal
27.0,0.5050253869046792,optimal,21.12599851347547,-21.12599851347547,-0.390268316730653,0.390268316730653,26.032858723161254,-26.032858723161254,-44.46646567512618,44.46646567512618,0.0,-0.0,0.0,-0.0,0.018473366666276896,glucose_minimal
27.5,0.5370038927505919,optimal,22.40325584386741,-22.40325584386741,-0.41498033709967735,0.41498033709967735,27.620821340790794,-27.620821340790794,-47.16120179892456,47.16120179892456,0.0,-0.0,0.0,-0.0,0.018523215553656797,glucose_minimal
28.0,0.5697325389269313,optimal,23.705476427876647,-23.705476427876647,-0.4402720431867707,0.4402720431867707,29.241035625322407,-29.241035625322407,-49.9091536947877,49.9091536947877,0.0,-0.0,0.0,-0.0,0.018572587837510375,glucose_minimal
28.5,0.6031273662182908,optimal,25.02964471743653,-25.02964471743653,-0.4660785538542688,0.4660785538542688,30.88967027537483,-30.88967027537483,-52.703922116673226,52.703922116673226,0.0,-0.0,0.0,-0.0,0.018621061509897584,glucose_minimal
29.0,0.637200796836054,optimal,26.376329012547394,-26.376329012547394,-0.49240946861068385,0.49240946861068385,32.5674142859795,-32.5674142859795,-55.546698134314184,55.546698134314184,0.0,-0.0,0.0,-0.0,0.018668612617640665,glucose_minimal
29.5,0.6717447110025679,optimal,27.737882645669913,-27.737882645669913,-0.5191039587979633,0.5191039587979633,34.26459888401123,-34.26459888401123,-58.421275835294885,58.421275835294885,0.0,-0.0,0.0,-0.0,0.018714620918586923,glucose_minimal
30.0,0.7066475226742311,optimal,29.11024883733258,-29.11024883733258,-0.546075794102675,0.546075794102675,35.97608311258586,-35.97608311258586,-61.31905237082367,61.31905237082367,0.0,-0.0,0.0,-0.0,0.018758884444929836,glucose_minimal
30.5,0.7418133901082274,optimal,30.48995309162803,-30.48995309162803,-0.5732509109298772,0.5732509109298772,37.69746127105582,-37.69746127105582,-64.23265849588643,64.23265849588643,0.0,-0.0,0.0,-0.0,0.01880130511211843,glucose_minimal
31.0,0.7770990437107483,optimal,31.871751472295486,-31.871751472295486,-0.6005185948786004,0.6005185948786004,39.42209740626895,-39.42209740626895,-67.15097811999078,67.15097811999078,0.0,-0.0,0.0,-0.0,0.01884171930120003,glucose_minimal
31.5,0.8123737021045638,optimal,33.250861424793094,-33.250861424793094,-0.6277777820631898,0.6277777820631898,41.14393828313402,-41.14393828313402,-70.06387267523867,70.06387267523867,0.0,-0.0,0.0,-0.0,0.018880045663872486,glucose_minimal
32.0,0.8475032774909227,optimal,34.6223738946385,-34.6223738946385,-0.6549248534956364,0.6549248534956364,42.856772041208075,-42.856772041208075,-72.96093609563555,72.96093609563555,0.0,-0.0,0.0,-0.0,0.018916231899311093,glucose_minimal
32.5,0.8864650109014557,optimal,36.13444063941604,-36.13444063941604,-0.6850333005347862,0.6850333005347862,44.74739357616018,-44.74739357616018,-76.15591156532355,76.15591156532355,0.0,-0.0,0.0,-0.0,0.01895790521211336,glucose_minimal
33.0,0.9245902704713458,optimal,37.61332592097429,-37.61332592097429,-0.7144953459350233,0.7144953459350233,46.59670641248754,-46.59670641248754,-79.2808562828692,79.2808562828692,0.0,-0.0,0.0,-0.0,0.018995803440413118,glucose_minimal
33.5,0.9615663193740185,optimal,39.04746023907574,-39.04746023907574,-0.743069316152735,0.743069316152735,48.39010247816954,-48.39010247816954,-82.31125993871979,82.31125993871979,0.0,-0.0,0.0,-0.0,0.019029901345776326,glucose_minimal
34.0,0.9973305377438624,optimal,40.43422719118408,-40.43422719118408,-0.7707068204530705,0.7707068204530705,50.12435695189558,-50.12435695189558,-85.24161514808299,85.24161514808299,0.0,-0.0,0.0,-0.0,0.019060753079537245,glucose_minimal
34.5,1.0318013434153048,optimal,41.771356907820504,-41.771356907820504,-0.7973448146105451,0.7973448146105451,51.79640730644626,-51.79640730644626,-88.06702444513722,88.06702444513722,0.0,-0.0,0.0,-0.0,0.0190883149036814,glucose_minimal
35.0,1.064837354022319,optimal,43.053308102868314,-43.053308102868314,-0.8228740426164973,0.8228740426164973,53.39933857524416,-53.39933857524416,-90.77578531491918,90.77578531491918,0.0,-0.0,0.0,-0.0,0.019112910920814363,glucose_minimal
35.5,1.0962457320414598,optimal,44.272964404693894,-44.272964404693894,-0.8471454854758281,0.8471454854758281,54.92416076446697,-54.92416076446697,-93.35281944746166,93.35281944746166,0.0,-0.0,0.0,-0.0,0.01913460046931062,glucose_minimal
36.0,1.1256961872985376,optimal,45.38136220556334,-45.38136220556334,-0.8699039049496974,0.8699039049496974,56.31870114510609,-56.31870114510609,-95.69875134914184,95.69875134914184,0.0,-0.0,0.0,-0.0,0.019168748196876625,glucose_minimal
36.5,1.1528616859066165,optimal,46.43895307236177,-46.43895307236177,-0.8908965791594765,0.8908965791594765,57.64023380107518,-57.64023380107518,-97.93305015395822,97.93305015395822,0.0,-0.0,0.0,-0.0,0.019184252017293974,glucose_minimal
37.0,1.1764601712313325,optimal,47.36233778343442,-47.36233778343442,-0.9091327735843143,0.9091327735843143,58.79290296328881,-58.79290296328881,-99.88329577205536,99.88329577205536,0.0,-0.0,0.0,-0.0,0.019195268141985487,glucose_minimal
37.5,1.1934040201658171,optimal,48.03672026659095,-48.03672026659095,-0.9222264666422604,0.9222264666422604,59.63191300832915,-59.63191300832915,-101.30635724547035,101.30635724547035,0.0,-0.0,0.0,-0.0,0.01919836453288547,glucose_minimal
38.0,1.1949348434102773,optimal,48.13636778552629,-48.13636778552629,-0.9234094404616309,0.9234094404616309,59.74643410760537,-59.74643410760537,-101.51236473813768,101.51236473813768,0.0,-0.0,0.0,-0.0,0.01918319729847342,glucose_minimal
38.5,1.1595499897440875,optimal,46.59159088607147,-46.59159088607147,-1.5708361095362946,1.5708361095362946,57.52047011328266,-57.52047011328266,-96.91811107381857,96.91811107381857,0.0,-0.0,-0.6747710118268293,0.6747710118268293,0.03371501336748506,glucose_minimal
39.0,1.0308984070880245,optimal,34.025259804974034,-34.025259804974034,-1.39655250523068,1.39655250523068,43.74158448803141,-43.74158448803141,-25.9156696630346,25.9156696630346,0.0,-0.0,-0.5999054524548579,0.5999054524548579,0.04104458020998043,glucose_minimal
39.5,0.7491740641196868,optimal,25.486626054304036,-25.486626054304036,-1.014902059122986,1.014902059122986,32.547669510248525,-32.547669510248525,-18.83342474131984,18.83342474131984,0.0,-0.0,-0.4359630423454421,0.4359630423454421,0.03982096559036676,glucose_minimal
40.0,0.4125021716761119,optimal,13.100157548500242,-13.100157548500242,-0.558814464457897,0.558814464457897,16.988033409898414,-16.988033409898414,-15.41603538115189,15.41603538115189,0.0,-0.0,-0.24004528500240413,0.24004528500240413,0.04265707968694409,glucose_minimal
40.5,0.16580248032611142,optimal,7.389649972667458,-7.389649972667458,-0.2246117247643878,0.2246117247643878,8.952355590435639,-8.952355590435639,-6.196371991459488,6.196371991459488,0.0,-0.0,-0.09648459178352435,0.09648459178352435,0.030395448444131,glucose_minimal
41.0,0.055067531715214744,optimal,7.617201364986442,-7.617201364986442,-0.07459968784993251,0.07459968784993251,8.136218577507844,-8.136218577507844,-2.0460066199620304,2.0460066199620304,0.0,-0.0,-0.03204516788662317,0.03204516788662317,0.009793582219427817,glucose_minimal
41.5,0.016775681293874477,optimal,6.339610618728534,-6.339610618728534,-0.022725924860133778,0.022725924860133778,6.54784252473528,-6.54784252473528,-0.5230533237061417,0.5230533237061417,0.0,-0.0,-0.009762186659369777,0.009762186659369777,0.003584750898264422,glucose_minimal
42.0,0.005782747399081758,optimal,5.9324240745518075,-5.9324240745518075,-0.007833856674700036,0.007833856674700036,6.0046122918760005,-6.0046122918760005,-0.1794846460314952,0.1794846460314952,0.0,-0.0,-0.0033651247019359123,0.0033651247019359123,0.0013205152862056444,glucose_minimal
42.5,0.0018693143755251621,optimal,5.81568630646551,-5.81568630646551,-0.0025327669473321312,0.0025327669473321312,5.839020829299826,-5.839020829299826,-0.05801802560987121,0.05801802560987121,0.0,-0.0,-0.0010878005810460425,0.0010878005810460425,0.00043550611464658297,glucose_minimal
43.0,0.0005600260086125592,optimal,5.816297168276931,-5.816297168276931,-0.0007587890955269449,0.0007587890955269449,5.8228224302098015,-5.8228224302098015,0.0,-0.0,0.0,-0.0,-0.001256901540762498,0.001256901540762498,0.0001304591346648361,glucose_minimal
43.5,0.00016226536762491584,optimal,5.835503866255311,-5.835503866255311,0.0,-0.0,5.837008217931313,-5.837008217931313,0.0,-0.0,0.0,-0.0,-0.00014432615236021962,0.00014432615236021962,-0.0,glucose_minimal
44.0,4.611997543004585e-05,optimal,5.869663998915388,-5.869663998915388,0.0,-0.0,5.870091574209802,-5.870091574209802,0.0,-0.0,0.0,-0.0,-4.1021190770372094e-05,4.1021190770372094e-05,-0.0,glucose_minimal
44.5,3.275577350055192e-05,optimal,5.909060844241051,-5.909060844241051,0.0,-0.0,5.90936452088805,-5.90936452088805,0.0,-0.0,0.0,-0.0,-2.913446551235327e-05,2.913446551235327e-05,-0.0,glucose_minimal
45.0,3.271573082494897e-05,optimal,5.94806170421351,-5.94806170421351,0.0,-0.0,5.948365009627465,-5.948365009627465,0.0,-0.0,0.0,-0.0,-2.9098849746743088e-05,2.9098849746743088e-05,-0.0,glucose_minimal
45.5,3.2596956148387446e-05,optimal,5.9858592775581885,-5.9858592775581885,0.0,-0.0,5.986161481819837,-5.986161481819837,0.0,-0.0,0.0,-0.0,-2.8993206180791046e-05,2.8993206180791046e-05,-0.0,glucose_minimal
46.0,3.223287486407259e-05,optimal,6.022480694329579,-6.022480694329579,0.0,-0.0,6.0227795232173085,-6.0227795232173085,0.0,-0.0,0.0,-0.0,-2.8669375830050342e-05,2.8669375830050342e-05,-0.0,glucose_minimal
46.5,3.121996889172054e-05,optimal,6.057940474392723,-6.057940474392723,0.0,-0.0,6.05822991269502,-6.05822991269502,0.0,-0.0,0.0,-0.0,-2.7768451474890228e-05,2.7768451474890228e-05,-0.0,glucose_minimal
47.0,2.9653355290887682e-05,optimal,6.092283011416602,-6.092283011416602,0.0,-0.0,6.0925579257460365,-6.0925579257460365,0.0,-0.0,0.0,-0.0,-2.637503452737519e-05,2.637503452737519e-05,-0.0,glucose_minimal
47.5,2.8142693269205056e-05,optimal,6.125585437744531,-6.125585437744531,0.0,-0.0,6.125842113458513,-6.125842113458513,0.0,-0.0,0.0,-0.0,-1.2331285316902357e-05,1.2331285316902357e-05,-0.0,glucose_minimal
48.0,2.5359359026648955e-05,optimal,6.1577902014328725,-6.1577902014328725,0.0,-0.0,6.158021462619338,-6.158021462619338,0.0,-0.0,0.0,-0.0,-1.1077780790297118e-05,1.1077780790297118e-05,-0.0,glucose_minimal
48.5,2.0828067404026887e-05,optimal,6.188905915985654,-6.188905915985654,0.0,-0.0,6.189095854681444,-6.189095854681444,0.0,-0.0,0.0,-0.0,-6.1667429548839165e-06,6.1667429548839165e-06,-0.0,glucose_minimal
49.0,1.6029040396999746e-05,optimal,6.219056628114745,-6.219056628114745,0.0,-0.0,6.219202802743851,-6.219202802743851,0.0,-0.0,0.0,-0.0,-7.001998576154196e-06,7.001998576154196e-06,-0.0,glucose_minimal
49.5,1.3934901216828702e-05,optimal,6.2487253783425,-6.2487253783425,-0.00022036287689881025,0.00022036287689881025,6.248954115759897,-6.248954115759897,0.0,-0.0,0.0,-0.0,-3.1274973912725164e-05,3.1274973912725164e-05,3.526525228049987e-05,glucose_minimal
50.0,1.0270719508064265e-05,optimal,6.277080644439176,-6.277080644439176,-0.000162418467372017,0.000162418467372017,6.277249235361961,-6.277249235361961,0.0,-0.0,0.0,-0.0,-2.3051220793133214e-05,2.3051220793133214e-05,2.587484159788555e-05,glucose_minimal
5.0,0.00023734717210463694,optimal,0.4753524215947498,-0.4753524215947498,-4.549854921541051,4.549854921541051,0.0,-0.0,2.625,-2.625,-4.144995458655607,4.144995458655607,-3.166211275875857e-05,3.166211275875857e-05,9.571540429470916,NLDM
5.5,0.0008886505535777265,optimal,0.17489415772014139,-0.17489415772014139,-4.549456812349127,4.549456812349127,0.0,-0.0,2.625,-2.625,-4.177726493248218,4.177726493248218,-0.00011854598384726871,0.00011854598384726871,26.012628847379712,NLDM
6.0,0.0016970877895928272,optimal,0.17479786920736443,-0.17479786920736443,-4.548962655088612,4.548962655088612,0.0,-0.0,2.625,-2.625,-4.218354237385083,4.218354237385083,-0.00022639151113168314,0.00022639151113168314,26.02413104757091,NLDM
6.5,0.002688594459605705,optimal,0.1746797763011859,-0.1746797763011859,-4.548356596636564,4.548356596636564,0.0,-0.0,2.625,-2.625,-4.223525513335808,4.223525513335808,-0.00035865850091140104,0.00035865850091140104,26.038255217330992,NLDM
7.0,0.0039043025947375016,optimal,0.1745349799916051,-0.1745349799916051,-4.547613495038968,4.547613495038968,0.0,-0.0,2.625,-2.625,-4.220974739651308,4.220974739651308,-0.0005208339661379827,0.0005208339661379827,26.05559925728185,NLDM
7.5,0.005445972243403512,optimal,0.17435136019893555,-0.17435136019893555,-4.54667114946622,4.54667114946622,0.0,-0.0,2.625,-2.625,-4.217740040255651,4.217740040255651,-0.0007264926972700285,0.0007264926972700285,26.077635094320176,NLDM
8.0,0.007333086644699219,optimal,0.9532062109809578,-0.9532062109809578,-4.545517650788427,4.545517650788427,0.0,-0.0,2.625,-2.625,-4.213780535819215,4.213780535819215,-0.0009782337584028759,0.0009782337584028759,4.768661385567947,NLDM
8.5,0.009628092597433325,optimal,0.950297572074097,-0.950297572074097,-4.544114828399819,4.544114828399819,0.0,-0.0,2.625,-2.625,-4.063131868425977,4.063131868425977,-0.0012843875524976055,0.0012843875524976055,4.7817809514991625,NLDM
9.0,0.012390579020923859,optimal,0.9290784622203236,-0.9290784622203236,-4.506990265140289,4.506990265140289,0.0,-0.0,2.625,-2.625,-4.057335676503597,4.057335676503597,-0.0016529032413912428,0.0016529032413912428,4.851032984199662,NLDM
9.5,0.015683451885523544,optimal,1.073204844343948,-1.073204844343948,-4.02685745394061,4.02685745394061,0.0,-0.0,2.625,-2.625,-3.2757072058454466,3.2757072058454466,-0.002092172481528841,0.002092172481528841,3.752179721479207,NLDM
10.0,0.01959472927727774,optimal,1.1956644834967016,-1.1956644834967016,-4.186502009243174,4.186502009243174,0.0,-0.0,2.625,-2.625,-3.1747025598327667,3.1747025598327667,-0.002613936885588851,0.002613936885588851,3.5014019961518104,NLDM
10.5,0.024185067596835103,optimal,1.3168054820910793,-1.3168054820910793,-4.439366420912672,4.439366420912672,0.06093050493968092,-0.06093050493968092,2.625,-2.625,-3.288685092488408,3.288685092488408,-0.003226288017417803,0.003226288017417803,3.371315263559645,NLDM
11.0,0.029536617680878185,optimal,1.4887287123819894,-1.4887287123819894,-4.532744944243773,4.532744944243773,0.07441290053461436,-0.07441290053461436,2.3621947757866812,-2.3621947757866812,-3.043659701295509,3.043659701295509,-0.00394018479862915,0.00394018479862915,3.0447084862031777,NLDM
11.5,0.035773734429616656,optimal,1.8044352860780217,-1.8044352860780217,-4.030204792169633,4.030204792169633,0.09012634319284812,-0.09012634319284812,1.209090417019877,-1.209090417019877,-1.7851669770603646,1.7851669770603646,0.0,-0.0,2.2334992134460907,NLDM
12.0,0.04301375448904609,optimal,2.2198901342301625,-2.2198901342301625,-3.506761934260696,3.506761934260696,0.10836644428945134,-0.10836644428945134,-0.16291885919361676,0.16291885919361676,-0.16697358430576753,0.16697358430576753,0.0,-0.0,1.579700670851807,NLDM
12.5,0.05133324570119145,optimal,2.442635463434462,-2.442635463434462,-3.769968576583558,3.769968576583558,0.12932610455782245,-0.12932610455782245,-0.36549217590432387,0.36549217590432387,0.0,-0.0,0.0,-0.0,1.5434020479186863,NLDM
13.0,0.0608233900288405,optimal,2.321164412672774,-2.321164412672774,-3.5095616802060934,3.5095616802060934,0.1532350427288191,-0.1532350427288191,-0.4061012215699203,0.4061012215699203,0.0,-0.0,0.0,-0.0,1.5119832361055818,NLDM
13.5,0.0716136873427294,optimal,2.3319412904535715,-2.3319412904535715,-3.511257958105026,3.511257958105026,0.18041951352478128,-0.18041951352478128,-0.4522737202418827,0.4522737202418827,0.0,-0.0,0.0,-0.0,1.50572313826223,NLDM
14.0,0.08378763185788375,optimal,2.5399729316471977,-2.5399729316471977,-3.5131717508785862,3.5131717508785862,0.4069627046028362,-0.4069627046028362,-0.8961126239989645,0.8961126239989645,0.0,-0.0,0.0,-0.0,1.3831532246291536,NLDM
14.5,0.09747733125466654,optimal,2.86045171676928,-2.86045171676928,-3.5145627233801227,3.5145627233801227,0.7484481535386504,-0.7484481535386504,-1.568684657369168,1.568684657369168,0.0,-0.0,0.0,-0.0,1.2286740247269843,NLDM
15.0,0.11281816849646631,optimal,3.2195054427640457,-3.2195054427640457,-3.5168545831006983,3.5168545831006983,1.1308589127539328,-1.1308589127539328,-2.3218530866272036,2.3218530866272036,0.0,-0.0,0.0,-0.0,1.0923586388104904,NLDM
15.5,0.12992117264403463,optimal,3.610643743111586,-3.610643743111586,-3.519409703508328,3.519409703508328,1.5369831214310414,-1.5369831214310414,-3.1432180389024174,3.1432180389024174,0.0,-0.0,0.0,-0.0,0.9747319187119152,NLDM
16.0,0.1489087447238813,optimal,4.0448813568946225,-4.0448813568946225,-3.522246370826769,3.522246370826769,1.9878580034697126,-1.9878580034697126,-4.055088735867101,4.055088735867101,0.0,-0.0,0.0,-0.0,0.8707910220464177,NLDM
16.5,0.16989824343547236,optimal,4.524902172441514,-4.524902172441514,-3.525382117976286,3.525382117976286,2.4862702130899255,-2.4862702130899255,-5.0631011736127665,5.0631011736127665,0.0,-0.0,0.0,-0.0,0.7791068146063554,NLDM
17.0,0.19300377650390313,optimal,5.053315784388753,-5.053315784388753,-3.5288339921945773,3.5288339921945773,3.0349293282659304,-3.0349293282659304,-6.17273533085255,6.17273533085255,0.0,-0.0,0.0,-0.0,0.6983204974239352,NLDM
17.5,0.21833521455475177,optimal,5.632634886727725,-5.632634886727725,-3.5326184077136222,3.5326184077136222,3.636444313700471,-3.636444313700471,-7.389267701258255,7.389267701258255,0.0,-0.0,0.0,-0.0,0.6271697844356274,NLDM
18.0,0.24599690045663966,optimal,6.26524575602369,-6.26524575602369,-3.5367509529406203,3.5367509529406203,4.293292873145422,-4.293292873145422,-8.717709310143315,8.717709310143315,0.0,-0.0,0.0,-0.0,0.5645031481071957,NLDM
18.5,0.27596917259813997,optimal,7.124607301979781,-7.124607301979781,-5.068612087394641,5.068612087394641,4.375,-4.375,-8.173632955635057,8.173632955635057,0.0,-0.0,0.0,-0.0,0.7114233630794189,NLDM
19.0,0.30819725399415865,optimal,7.2434205644253185,-7.2434205644253185,-5.4243955688550445,5.4243955688550445,4.375,-4.375,-8.142248174539622,8.142248174539622,0.0,-0.0,0.0,-0.0,0.7488720999434896,NLDM
19.5,0.34242247392129865,optimal,7.877999504449439,-7.877999504449439,-5.235633688434626,5.235633688434626,4.375,-4.375,-9.69231728614891,9.69231728614891,0.0,-0.0,0.0,-0.0,0.664589238102589,NLDM
20.0,0.3791949348683266,optimal,8.591646413131256,-8.591646413131256,-5.3280564150601375,5.3280564150601375,4.375,-4.375,-11.126196021639256,11.126196021639256,0.0,-0.0,0.0,-0.0,0.6201438186418927,NLDM
20.5,0.4186224013806882,optimal,9.356819286228749,-9.356819286228749,-5.427152147713377,5.427152147713377,4.375,-4.375,-12.663602123117538,12.663602123117538,0.0,-0.0,0.0,-0.0,0.5800210500699733,NLDM
21.0,0.4607585568584996,optimal,10.174559962975783,-10.174559962975783,-5.533055812534333,5.533055812534333,4.375,-4.375,-14.306628882245336,14.306628882245336,0.0,-0.0,0.0,-0.0,0.5438127872525766,NLDM
21.5,0.5056432246727632,optimal,11.045641299604371,-11.045641299604371,-5.645867500309334,5.645867500309334,4.375,-4.375,-16.05682914273734,16.05682914273734,0.0,-0.0,0.0,-0.0,0.5111398557285719,NLDM
22.0,0.5532265059403731,optimal,11.976528626510683,-11.976528626510683,-5.765461796782345,5.765461796782345,4.375,-4.375,-17.92712462989312,17.92712462989312,0.0,-0.0,0.0,-0.0,0.48139673661533183,NLDM
22.5,0.6034840233377571,optimal,12.946088507466875,-12.946088507466875,-5.8917774327683725,5.8917774327683725,4.375,-4.375,-19.875244105960878,19.875244105960878,0.0,-0.0,0.0,-0.0,0.45510096963806407,NLDM
23.0,0.6565032866018472,optimal,13.968927542118292,-13.968927542118292,-6.025034352439912,6.025034352439912,4.375,-4.375,-21.93041644077495,21.93041644077495,0.0,-0.0,0.0,-0.0,0.4313168877334055,NLDM
23.5,0.7122620353283474,optimal,15.044616286352671,-15.044616286352671,-6.165176607209139,6.165176607209139,4.375,-4.375,-24.09177875989566,24.09177875989566,0.0,-0.0,0.0,-0.0,0.4097928780544384,NLDM
24.0,0.7692640944702265,optimal,16.11730458250931,-16.11730458250931,-8.431418193329362,8.431418193329362,4.375,-4.375,-25.87199235484833,25.87199235484833,0.0,-0.0,-0.10261983020232822,0.10261983020232822,0.5231283028850393,NLDM
24.5,0.8277193375376282,optimal,17.626404803315747,-17.626404803315747,-10.180954737035727,10.180954737035727,4.375,-4.375,-27.27126543282629,27.27126543282629,0.0,-0.0,-0.1104177596275196,0.1104177596275196,0.5775967845195841,NLDM
25.0,0.8881552101481666,optimal,19.186770197128816,-19.186770197128816,-11.993245409980714,11.993245409980714,4.375,-4.375,-28.72142471970416,28.72142471970416,0.0,-0.0,-0.11847990503376542,0.11847990503376542,0.6250789104554675,NLDM
25.5,0.9492490404009418,optimal,20.84152252880914,-20.84152252880914,-13.905535820040843,13.905535820040843,4.375,-4.375,-30.267641265452635,30.267641265452635,0.0,-0.0,-0.12662982198948564,0.12662982198948564,0.6672034541055859,NLDM
26.0,1.0120008131693023,optimal,22.34712409392064,-22.34712409392064,-16.116609340674934,16.116609340674934,4.375,-4.375,-32.100675454537324,32.100675454537324,0.0,-0.0,-0.13500090847678495,0.13500090847678495,0.7211938893317968,NLDM
26.5,1.074821587283902,optimal,23.586037504768885,-23.586037504768885,-17.2628426839001,17.2628426839001,4.375,-4.375,-33.51580235075439,33.51580235075439,0.0,-0.0,-0.6406641790730364,0.6406641790730364,0.7319094053170104,NLDM
27.0,1.1376914690662798,optimal,24.501485738216694,-24.501485738216694,-17.392279196513655,17.392279196513655,4.375,-4.375,-35.34633190901993,35.34633190901993,0.0,-0.0,-1.6982293402007398,1.6982293402007398,0.7098459000543665,NLDM
27.5,1.2021867687055134,optimal,25.408196205709253,-25.408196205709253,-17.38203000294909,17.38203000294909,4.375,-4.375,-37.30240856589816,37.30240856589816,0.0,-0.0,-2.822247039291595,2.822247039291595,0.6841111372968431,NLDM
28.0,1.2681557956122211,optimal,26.35046171968188,-26.35046171968188,-17.452380362777806,17.452380362777806,4.375,-4.375,-39.2520212713692,39.2520212713692,0.0,-0.0,-3.946368413187055,3.946368413187055,0.6623178200229465,NLDM
28.5,1.327613204489917,optimal,26.348153458573368,-26.348153458573368,-16.878397523438405,16.878397523438405,4.375,-4.375,-32.722343481902044,32.722343481902044,0.0,-0.0,-7.718519542273615,7.718519542273615,0.6405912865953185,NLDM
29.0,1.3706767654951262,optimal,27.031178438357703,-27.031178438357703,-18.52444512024763,18.52444512024763,4.375,-4.375,-31.04948896475843,31.04948896475843,0.0,-0.0,-9.261330373385238,9.261330373385238,0.6852992059702853,NLDM
29.5,1.412615553687793,optimal,27.679453267053635,-27.679453267053635,-20.09367918479427,20.09367918479427,4.375,-4.375,-29.44159339765306,29.44159339765306,0.0,-0.0,-10.742578852396095,10.742578852396095,0.7259420549578347,NLDM
30.0,1.4532081244851054,optimal,28.30749075297896,-28.30749075297896,-21.61022460374908,21.61022460374908,4.375,-4.375,-27.8876274940496,27.8876274940496,0.0,-0.0,-12.173962985965263,12.173962985965263,0.7634101090883484,NLDM
30.5,1.4922815501900595,optimal,28.913271350883218,-28.913271350883218,-23.066335977513653,23.066335977513653,4.375,-4.375,-26.395496067895113,26.395496067895113,0.0,-0.0,-13.548100168588544,13.548100168588544,0.797776761321373,NLDM
31.0,1.52994632245973,optimal,29.487357123613513,-29.487357123613513,-24.465722091627228,24.465722091627228,4.375,-4.375,-24.96644610435531,24.96644610435531,0.0,-0.0,-14.884256051109602,14.884256051109602,0.8297020987355644,NLDM
31.5,1.566041047161959,optimal,30.03931088405872,-30.03931088405872,-25.812763292457205,25.812763292457205,4.375,-4.375,-23.599092974618042,23.599092974618042,0.0,-0.0,-16.163744983630167,16.163744983630167,0.8592994490481317,NLDM
32.0,1.5984854533039925,optimal,30.564872301134923,-30.564872301134923,-27.042245745379553,27.042245745379553,4.375,-4.375,-22.378143140955814,22.378143140955814,0.0,-0.0,-17.30571647008625,17.30571647008625,0.8847491813134594,NLDM
32.5,1.6325132051845754,optimal,31.165939995004397,-31.165939995004397,-28.43144502408481,28.43144502408481,4.375,-4.375,-20.997892888773123,20.997892888773123,0.0,-0.0,-18.603134088781843,18.603134088781843,0.9122601477331375,NLDM
33.0,1.6648358119645468,optimal,31.688939562279604,-31.688939562279604,-29.65513419856659,29.65513419856659,4.375,-4.375,-19.78270430129362,19.78270430129362,0.0,-0.0,-19.73964082122289,19.73964082122289,0.9358197089645145,NLDM
33.5,1.6952219232238976,optimal,32.165422714834776,-32.165422714834776,-30.775144868625198,30.775144868625198,4.375,-4.375,-18.670684935407323,18.670684935407323,0.0,-0.0,-20.777692279212214,20.777692279212214,0.9567772555475114,NLDM
34.0,1.7242131815562571,optimal,32.61951178316625,-32.61951178316625,-31.842699316914402,31.842699316914402,4.375,-4.375,-17.610754956129462,17.610754956129462,0.0,-0.0,-21.767049795043143,21.767049795043143,0.976185650128193,NLDM
34.5,1.7503750753724518,optimal,33.039649196865696,-33.039649196865696,-32.89290874634119,32.89290874634119,4.375,-4.375,-16.567425895480763,16.567425895480763,0.0,-0.0,-22.680581404659886,22.680581404659886,0.9955586559151959,NLDM
35.0,1.7746685547716337,optimal,33.441280652113726,-33.441280652113726,-33.83306883863193,33.83306883863193,4.375,-4.375,-15.633654793924453,15.633654793924453,0.0,-0.0,-23.55186928850597,23.55186928850597,1.0117157052265413,NLDM
35.5,1.797101974661047,optimal,33.78955473556471,-33.78955473556471,-34.69743394796853,34.69743394796853,4.375,-4.375,-14.750881981765483,14.750881981765483,0.0,-0.0,-24.376942985774665,24.376942985774665,1.0268686349822849,NLDM
36.0,1.8176719044121035,optimal,34.339326236135854,-34.339326236135854,-35.965445352579664,35.965445352579664,4.375,-4.375,-18.71196204578961,18.71196204578961,0.0,-0.0,-22.987956733311897,22.987956733311897,1.0473544269698751,NLDM
36.5,1.8362995086474765,optimal,34.62245417214425,-34.62245417214425,-36.684261917995144,36.684261917995144,4.375,-4.375,-17.97421124714545,17.97421124714545,0.0,-0.0,-23.677797035821005,23.677797035821005,1.0595511726465,NLDM
37.0,1.8528031919358505,optimal,34.87504898072055,-34.87504898072055,-37.32461724590104,37.32461724590104,4.375,-4.375,-17.31708056882061,17.31708056882061,0.0,-0.0,-24.292479976669274,24.292479976669274,1.070238417916908,NLDM
37.5,1.866873582209067,optimal,35.09278855923546,-35.09278855923546,-37.87533336359139,37.87533336359139,4.375,-4.375,-16.752062448162764,16.752062448162764,0.0,-0.0,-24.821308828418164,24.821308828418164,1.0792910714307895,NLDM
38.0,1.878011816080573,optimal,35.18278955119906,-35.18278955119906,-37.818515405739866,37.818515405739866,4.375,-4.375,-16.79755882567502,16.79755882567502,0.0,-0.0,-25.075207179924718,25.075207179924718,1.0749152039438266,NLDM
38.5,1.8853772327681921,optimal,35.322774407471485,-35.322774407471485,-38.13899048345139,38.13899048345139,4.375,-4.375,-16.79397912408951,16.79397912408951,0.0,-0.0,-25.241851569975534,25.241851569975534,1.0797280542998404,NLDM
39.0,1.8874892335630307,optimal,35.3949396212072,-35.3949396212072,-38.29493564598168,38.29493564598168,4.375,-4.375,-17.151835788399193,17.151835788399193,0.0,-0.0,-25.142219723616407,25.142219723616407,1.0819325037931955,NLDM
39.5,1.8835107054755327,optimal,35.44584797664813,-35.44584797664813,-37.159639762511496,37.159639762511496,4.375,-4.375,-19.7540143197608,19.7540143197608,0.0,-0.0,-23.747355122319764,23.747355122319764,1.0483495778403276,NLDM
40.0,1.8782977915261811,optimal,35.39390923117423,-35.39390923117423,-37.167048198373934,37.167048198373934,4.375,-4.375,-19.62303262978757,19.62303262978757,0.0,-0.0,-23.784962377835427,23.784962377835427,1.0500972909100972,NLDM
40.5,1.8644885424364268,optimal,35.205122024229404,-35.205122024229404,-36.71152883059583,36.71152883059583,4.375,-4.375,-20.152383375322824,20.152383375322824,0.0,-0.0,-23.311390800138412,23.311390800138412,1.0427894215316074,NLDM
41.0,1.8378347843123206,optimal,34.82260688325849,-34.82260688325849,-35.801559756537586,35.801559756537586,4.375,-4.375,-21.207610073751976,21.207610073751976,0.0,-0.0,-22.366578467503732,22.366578467503732,1.028112567119429,NLDM
41.5,1.7915121050934495,optimal,34.069948072296164,-34.069948072296164,-34.30684695561745,34.30684695561745,4.375,-4.375,-22.779772165556448,22.779772165556448,0.0,-0.0,-20.89881011256131,20.89881011256131,1.0069533091984346,NLDM
42.0,1.74834206192953,optimal,33.439506628029676,-33.439506628029676,-32.81121240907603,32.81121240907603,4.375,-4.375,-24.51067477016248,24.51067477016248,0.0,-0.0,-19.346741311243722,19.346741311243722,0.9812110200684899,NLDM
42.5,1.6959739959666278,optimal,39.826276277182295,-39.826276277182295,-46.16429344836426,46.16429344836426,4.375,-4.375,-10.578678416696317,10.578678416696317,0.0,-0.0,-32.63136393446162,32.63136393446162,1.1591415960425406,NLDM
43.0,1.6404082210784325,optimal,39.248298347800144,-39.248298347800144,-50.83223706622979,50.83223706622979,4.375,-4.375,0.0,-0.0,0.0,-0.0,-33.51273498980321,33.51273498980321,1.2951449924217904,NLDM
43.5,1.5852260026046803,optimal,40.64796884930803,-40.64796884930803,-52.29228329600088,52.29228329600088,4.375,-4.375,2.625,-2.625,2.625,-2.625,-34.30186274857004,34.30186274857004,1.286467313775534,NLDM
44.0,1.503508839835066,optimal,39.745267392426705,-39.745267392426705,-49.89425351824807,49.89425351824807,4.375,-4.375,2.625,-2.625,2.625,-2.625,-31.84276804911014,31.84276804911014,1.2553508075720032,NLDM
44.5,1.2629338655669498,optimal,37.013720593306324,-37.013720593306324,-42.67832551245393,42.67832551245393,4.375,-4.375,2.625,-2.625,2.625,-2.625,-24.699080151479166,24.699080151479166,1.1530406786550393,NLDM
45.0,0.8144063054772086,optimal,29.827236879918875,-29.827236879918875,-28.713189780539327,28.713189780539327,4.375,-4.375,2.3696635333247933,-2.3696635333247933,0.0,-0.0,-11.10332097391718,11.10332097391718,0.9626500066410919,NLDM
45.5,0.34178207961331875,optimal,16.856048706810583,-16.856048706810583,-13.985106907501784,13.985106907501784,4.375,-4.375,-8.42377065229855,8.42377065229855,-0.1061404864448493,0.1061404864448493,-0.04559372942041672,0.04559372942041672,0.8296788381876938,NLDM
46.0,0.1081291539016981,optimal,7.740516540117655,-7.740516540117655,-6.029913125222091,6.029913125222091,4.375,-4.375,-1.941845732900702,1.941845732900702,0.0,-0.0,-0.014424429130486525,0.014424429130486525,0.7790065551788663,NLDM
46.5,0.029057292181590717,optimal,6.0151212512111885,-6.0151212512111885,-3.04169238501618,3.04169238501618,4.375,-4.375,-2.934684431734476,2.934684431734476,-0.00011343966867693016,0.00011343966867693016,-0.003876242777024202,0.003876242777024202,0.5056743260834041,NLDM
47.0,0.007096867213147158,optimal,5.111339167954839,-5.111339167954839,-2.64677152084614,2.64677152084614,3.7988221177313592,-3.7988221177313592,-2.6206523810796867,2.6206523810796867,-1.1539506088577261e-05,1.1539506088577261e-05,-0.0009467220862338308,0.0009467220862338308,0.5178234967148879,NLDM
47.5,0.001634736654542776,optimal,4.887621661075563,-4.887621661075563,-2.6300149878930235,2.6300149878930235,3.5747768223693397,-3.5747768223693397,-2.623998542343324,2.623998542343324,-2.6580818000944523e-06,2.6580818000944523e-06,-0.00021807386971600632,0.00021807386971600632,0.5380970889866844,NLDM
48.0,0.0008641191379727512,optimal,4.8840224661632545,-4.8840224661632545,-2.6276509144473033,2.6276509144473033,3.5713401849837534,-3.5713401849837534,-2.6244706311107677,2.6244706311107677,-1.405057718761422e-06,1.405057718761422e-06,-0.00011527349300556502,0.00011527349300556502,0.538009587927123,NLDM
48.5,0.0008233878699862167,optimal,4.913524058368169,-4.913524058368169,-2.6275259604889682,2.6275259604889682,3.600850369225628,-3.600850369225628,-2.6244955835335797,2.6244955835335797,-1.3388286768017741e-06,1.3388286768017741e-06,-0.00010983994185616132,0.00010983994185616132,0.5347538608290842,NLDM
49.0,0.0008078472783945524,optimal,4.943255554711493,-4.943255554711493,-2.6274782856060033,2.6274782856060033,3.6305851437712757,-3.6305851437712757,-2.624505103870936,2.624505103870936,-1.3135596744898839e-06,1.3135596744898839e-06,-0.0001077668269378333,0.0001077668269378333,0.5315279083845287,NLDM
49.5,0.0007850806360854272,optimal,4.72179535903777,-4.72179535903777,-3.5021956075371174,3.5021956075371174,3.409129750595531,-3.409129750595531,-3.499306215606004,3.499306215606004,-1.2765411142747284e-06,1.2765411142747284e-06,-0.00010472975685379599,0.00010472975685379599,0.7417084691808438,NLDM
50.0,0.00076762237398209,optimal,4.749635801430337,-4.749635801430337,-3.5021467826265327,3.5021467826265327,3.436973961302364,-3.436973961302364,-3.499321643664266,3.499321643664266,-1.2481539800951323e-06,1.2481539800951323e-06,-0.00010240082468921081,0.00010240082468921081,0.7373505946649368,NLDM
5.0,0.002797773824474048,optimal,0.9321444145746145,-0.9321444145746145,-5.0993061478883766,5.0993061478883766,0.0003956527809356464,-0.0003956527809356464,3.227728298178662,-3.227728298178662,-3.2276363213641828,3.2276363213641828,0.0,-0.0,5.47051086522409,NLDM_blanket
5.5,0.0037889638444455346,optimal,0.52138037104416,-0.52138037104416,-5.1839783306247025,5.1839783306247025,0.0005358238999899541,-0.0005358238999899541,4.131346227555197,-4.131346227555197,-4.131221665368811,4.131221665368811,0.0,-0.0,9.942795353501385,NLDM_blanket
6.0,0.004935041251891413,optimal,0.531994179393716,-0.531994179393716,-5.281094899167893,5.281094899167893,0.0006978987287187279,-0.0006978987287187279,4.204249311952202,-4.204249311952202,-4.204087072471045,4.204087072471045,0.0,-0.0,9.926978722185385,NLDM_blanket
6.5,0.006328105511043964,optimal,0.5448953298476034,-0.5448953298476034,-5.399140695839311,5.399140695839311,0.0008949016970553041,-0.0008949016970553041,4.2928634671529196,-4.2928634671529196,-4.292655430684244,4.292655430684244,0.0,-0.0,9.908583172018277,NLDM_blanket
7.0,0.008017104699900426,optimal,0.5603499529891338,-0.5603499529891338,-5.540391724559046,5.540391724559046,0.0011337548953458186,-0.0011337548953458186,4.398804911825861,-4.398804911825861,-4.398541349508852,4.398541349508852,0.0,-0.0,9.88737786985499,NLDM_blanket
7.5,0.01020555597984899,optimal,0.5805660783553364,-0.5805660783553364,-5.725326265770142,5.725326265770142,0.0014432391100023044,-0.0014432391100023044,4.53760564550406,-4.53760564550406,-4.537270137851223,4.537270137851223,0.0,-0.0,9.861627262118382,NLDM_blanket
8.0,0.01287206983148429,optimal,0.6051983737184035,-0.6051983737184035,-5.950659367906551,5.950659367906551,0.0018203294993590136,-0.0018203294993590136,4.7067271070422665,-4.7067271070422665,-4.706303937746558,4.706303937746558,0.0,-0.0,9.832576600206416,NLDM_blanket
8.5,0.01610192864005239,optimal,0.6350346470626667,-0.6350346470626667,-6.223597798116068,6.223597798116068,0.002277086442490289,-0.002277086442490289,4.911578262018306,-4.911578262018306,-4.911048911114265,4.911048911114265,0.0,-0.0,9.80040668159309,NLDM_blanket
9.0,0.019991596471444918,optimal,0.6709659987143064,-0.6709659987143064,-6.552293228739964,6.552293228739964,0.0028271515982023258,-0.0028271515982023258,5.158277264965469,-5.158277264965469,-5.157620041231471,5.157620041231471,0.0,-0.0,9.76546239495795,NLDM_blanket
9.5,0.02464930336425492,optimal,0.7139922188211067,-0.7139922188211067,-6.945891612770624,6.945891612770624,0.0034858305338628377,-0.0034858305338628377,5.453688517618642,-5.453688517618642,-5.452878171770542,5.452878171770542,0.0,-0.0,9.728245532198077,NLDM_blanket
10.0,0.03019546363954433,optimal,0.7652256515475322,-0.7652256515475322,-7.4145685330162365,7.4145685330162365,0.00427015188151344,-0.00427015188151344,5.8054491998693125,-5.8054491998693125,-5.804456524002163,5.804456524002163,0.0,-0.0,9.6893883758622,NLDM_blanket
10.5,0.03676307239186011,optimal,0.8258948577160635,-0.8258948577160635,-7.969562707477383,7.969562707477383,0.005198923408439681,-0.005198923408439681,6.22199441688425,-6.22199441688425,-6.220785830879368,6.220785830879368,0.0,-0.0,9.64960930924849,NLDM_blanket
11.0,0.04449723488116266,optimal,0.8973402674991855,-0.8973402674991855,-8.623136220726835,8.623136220726835,0.0062926654651893794,-0.0062926654651893794,6.712527351173214,-6.712527351173214,-6.711064504576495,6.711064504576495,0.0,-0.0,9.609661499710489,NLDM_blanket
11.5,0.0535551608636264,optimal,0.9810141280493622,-0.9810141280493622,-9.388574044835195,9.388574044835195,0.007573610183851454,-0.007573610183851454,7.2870189030245935,-7.2870189030245935,-7.285258277111202,7.285258277111202,0.0,-0.0,9.57027404233549,NLDM_blanket
12.0,0.06410544962001163,optimal,1.0784738988484341,-1.0784738988484341,-10.280123620868048,10.280123620868048,0.009065600368913185,-0.009065600368913185,7.95616234401431,-7.95616234401431,-7.954054877358051,7.954054877358051,0.0,-0.0,9.532102382676939,NLDM_blanket
12.5,0.07632708096864459,optimal,1.1913729310486338,-1.1913729310486338,-11.312909594684081,11.312909594684081,0.01079394680934281,-0.01079394680934281,8.731309322828764,-8.731309322828764,-8.72880007004192,8.72880007004192,0.0,-0.0,9.495691315335307,NLDM_blanket
13.0,0.09040806442902016,optimal,1.3214479889320634,-1.3214479889320634,-12.502819664835037,12.502819664835037,0.012785237247358743,-0.012785237247358743,9.624384189570437,-9.624384189570437,-9.621412024452331,9.621412024452331,0.0,-0.0,9.461454230173123,NLDM_blanket
13.5,0.10654373619474569,optimal,1.470503517959637,-1.470503517959637,-13.866360668680194,13.866360668680194,0.01506709554145235,-0.01506709554145235,10.647775982658901,-10.647775982658901,-10.6442733573315,10.6442733573315,0.0,-0.0,9.42966847703985,NLDM_blanket
14.0,0.12493472116352426,optimal,1.640392818737455,-1.640392818737455,-15.420486364227404,15.420486364227404,0.017667893462782108,-0.017667893462782108,11.814209172248209,-11.814209172248209,-11.810101943289961,11.810101943289961,0.0,-0.0,9.40048394999433,NLDM_blanket
14.5,0.14578459202243785,optimal,1.8329964224890718,-1.8329964224890718,-17.182399611706415,17.182399611706415,0.02061641965003709,-0.02061641965003709,13.136595189624362,-13.136595189624362,-13.131802521161624,13.131802521161624,0.0,-0.0,9.373940614883473,NLDM_blanket
15.0,0.1692972712311995,optimal,2.0501980915117444,-2.0501980915117444,-19.16933282879782,19.16933282879782,0.023941512205702536,-0.023941512205702536,14.627867650116587,-14.627867650116587,-14.622302002324862,14.622302002324862,0.0,-0.0,9.349990573185552,NLDM_blanket
15.5,0.19567423365013778,optimal,2.293858978060432,-2.293858978060432,-21.398311599393683,21.398311599393683,0.02767166310010153,-0.02767166310010153,16.300804932063755,-16.300804932063755,-16.294372141632508,16.294372141632508,0.0,-0.0,9.328520978864614,NLDM_blanket
16.0,0.22511159673119593,optimal,2.565790744579398,-2.565790744579398,-23.885908780898188,23.885908780898188,0.03183460667493553,-0.03183460667493553,18.167845624556787,-18.167845624556787,-18.16044508081425,18.16044508081425,0.0,-0.0,9.309375221405178,NLDM_blanket
16.5,0.2577972973186456,optimal,2.8677294840031853,-2.8677294840031853,-26.648005930461093,26.648005930461093,0.0364569203949109,-0.0364569203949109,20.24090946833154,-20.24090946833154,-20.23243438218219,20.23243438218219,0.0,-0.0,9.292370873581147,NLDM_blanket
17.0,0.29390759014522416,optimal,3.2013033741240364,-3.2013033741240364,-29.69949741124863,29.69949741124863,0.04156352967556716,-0.04156352967556716,22.53117527574834,-22.53117527574834,-22.52151306372231,22.52151306372231,0.0,-0.0,9.277314249973331,NLDM_blanket
17.5,0.33360464757701297,optimal,3.5680105048988433,-3.5680105048988433,-33.054087559470226,33.054087559470226,0.04717736844639844,-0.04717736844639844,25.048928696572673,-25.048928696572673,-25.03796144378358,25.03796144378358,0.0,-0.0,9.26401071804225,NLDM_blanket
18.0,0.377033670347832,optimal,3.969192188453247,-3.969192188453247,-36.72404652769385,36.72404652769385,0.05331897055957935,-0.05331897055957935,27.803378968665832,-27.803378968665832,-27.790983986753147,27.790983986753147,0.0,-0.0,9.252272196475534,NLDM_blanket
18.5,0.42432035676537316,optimal,4.406009580518648,-4.406009580518648,-40.71999642072797,40.71999642072797,0.06000611189268877,-0.06000611189268877,30.802498404452358,-30.802498404452358,-30.788548872723695,30.788548872723695,0.0,-0.0,9.241921897031977,NLDM_blanket
19.0,0.47557469565916066,optimal,4.910311176989495,-4.910311176989495,-44.97415067109097,44.97415067109097,0.1443354934084683,-0.1443354934084683,34.068679184878896,-34.068679184878896,-34.0530446667591,34.0530446667591,0.0,-0.0,9.159124350783927,NLDM_blanket
19.5,0.5308776874227481,optimal,5.424765716575883,-5.424765716575883,-49.63855298170754,49.63855298170754,0.16111978549974176,-0.16111978549974176,37.578018936812065,-37.578018936812065,-37.56056633283804,37.56056633283804,0.0,-0.0,9.150358849605665,NLDM_blanket
20.0,0.5902804509019663,optimal,5.977358268286293,-5.977358268286293,-54.64874100939963,54.64874100939963,0.17914834600739407,-0.17914834600739407,41.34751625701968,-41.34751625701968,-41.32811078719627,41.32811078719627,0.0,-0.0,9.142624309361903,NLDM_blanket
20.5,0.6538112936812602,optimal,6.568352162636096,-6.568352162636096,-60.00710229158751,60.00710229158751,0.19842976619838146,-0.19842976619838146,45.3789674485263,-45.3789674485263,-45.35747340224653,45.35747340224653,0.0,-0.0,9.135792479723664,NLDM_blanket
21.0,0.7214706860335758,optimal,7.1977517743262345,-7.1977517743262345,-65.71367649234973,65.71367649234973,0.21896418879913215,-0.21896418879913215,49.67240235325343,-49.67240235325343,-49.64868400445009,49.64868400445009,0.0,-0.0,9.129750309915494,NLDM_blanket
21.5,0.7886957255168585,optimal,13.684618915222265,-13.684618915222265,-71.38361620985296,71.38361620985296,0.23936678660719,-0.23936678660719,42.215258532972996,-42.215258532972996,-42.189330160996626,42.189330160996626,0.0,-0.0,5.216339355307035,NLDM_blanket
22.0,0.856324818134168,optimal,24.53331211165127,-24.53331211165127,-77.0876348498858,77.0876348498858,0.2598920133292656,-0.2598920133292656,26.06761982521842,-26.06761982521842,-26.03946814682226,26.03946814682226,0.0,-0.0,3.1421617472218775,NLDM_blanket
22.5,0.9262740853219283,optimal,37.040327022313804,-37.040327022313804,-82.9873432217455,82.9873432217455,0.2811214060729493,-0.2811214060729493,6.793734794045219,-6.793734794045219,-6.76328353349026,6.76328353349026,0.0,-0.0,2.2404592478827827,NLDM_blanket
23.0,0.9880147132521675,optimal,42.95421952127248,-42.95421952127248,-88.19471299312816,88.19471299312816,0.2998595014278931,-0.2998595014278931,0.032480983698164934,-0.032480983698164934,0.0,-0.0,0.0,-0.0,2.0532258291749654,NLDM_blanket
23.5,1.0451540504582244,optimal,45.297751379123376,-45.297751379123376,-93.01399759223949,93.01399759223949,0.3172011188519197,-0.3172011188519197,0.034359439408814085,-0.034359439408814085,0.0,-0.0,0.0,-0.0,2.0533910571796588,NLDM_blanket
24.0,1.1019041289360303,optimal,47.62531804950083,-47.62531804950083,-97.80045106859264,97.80045106859264,0.3344245974196984,-0.3344245974196984,0.036225098238771625,-0.036225098238771625,0.0,-0.0,0.0,-0.0,2.0535390643888354,NLDM_blanket
24.5,1.1580435700124496,optimal,49.92783983357536,-49.92783983357536,-102.53540175250811,102.53540175250811,0.35146274936806843,-0.35146274936806843,0.038070682364159725,-0.038070682364159725,0.0,-0.0,0.0,-0.0,2.053671901173568,NLDM_blanket
25.0,1.2133691984641322,optimal,52.196983634886365,-52.196983634886365,-107.20171330197233,107.20171330197233,0.3682539116262687,-0.3682539116262687,0.039889512399508165,-0.039889512399508165,0.0,-0.0,0.0,-0.0,2.0537913464854514,NLDM_blanket
25.5,1.2670930996351446,optimal,54.5251314511851,-54.5251314511851,-111.98232647167073,111.98232647167073,0.3845589544599675,-0.3845589544599675,0.04165568565050587,-0.04165568565050587,0.0,-0.0,0.0,-0.0,2.0537745346276792,NLDM_blanket
26.0,1.3196934960814455,optimal,56.802882508801254,-56.802882508801254,-116.65954632508296,116.65954632508296,0.40052301698023046,-0.40052301698023046,0.043384923683677246,-0.043384923683677246,0.0,-0.0,0.0,-0.0,2.053761027127581,NLDM_blanket
26.5,1.371025154138327,optimal,59.02444262361188,-59.02444262361188,-121.22144842210108,121.22144842210108,0.4161020212055198,-0.4161020212055198,0.04507245194229731,-0.04507245194229731,0.0,-0.0,0.0,-0.0,2.0537499895612426,NLDM_blanket
27.0,1.4209624313944755,optimal,61.184814549171556,-61.184814549171556,-125.65774753228938,125.65774753228938,0.4312578350409292,-0.4312578350409292,0.046714139932093945,-0.046714139932093945,0.0,-0.0,0.0,-0.0,2.053740759993703,NLDM_blanket
27.5,1.4693978249240003,optimal,63.279738718594935,-63.279738718594935,-129.95967575924658,129.95967575924658,0.4459578316709593,-0.4459578316709593,0.048306453494377954,-0.048306453494377954,0.0,-0.0,0.0,-0.0,2.0537328122857366,NLDM_blanket
28.0,1.516240099808503,optimal,65.30561675919496,-65.30561675919496,-134.11982523926758,134.11982523926758,0.4601743215715813,-0.4601743215715813,0.04984639328120505,-0.04984639328120505,0.0,-0.0,0.0,-0.0,2.0537257267443794,NLDM_blanket
28.5,1.5614150132964708,optimal,67.25954145297328,-67.25954145297328,-138.1322097380347,138.1322097380347,0.473884772290439,-0.473884772290439,0.05133151856212104,-0.05133151856212104,0.0,-0.0,0.0,-0.0,2.053719171347821,NLDM_blanket
29.0,1.6048631971090335,optimal,69.13921012850064,-69.13921012850064,-141.99208653401715,141.99208653401715,0.48707116573300036,-0.48707116573300036,0.05275987760495926,-0.05275987760495926,0.0,-0.0,0.0,-0.0,2.0537128826047293,NLDM_blanket
29.5,1.6465388324272539,optimal,70.94287055279848,-70.94287055279848,-145.69584513614433,145.69584513614433,0.4997195960251743,-0.4997195960251743,0.05412996411604559,-0.05412996411604559,0.0,-0.0,0.0,-0.0,2.053706651575534,NLDM_blanket
30.0,1.686408009957512,optimal,72.66925389615163,-72.66925389615163,-149.24086941860895,149.24086941860895,0.511819771798075,-0.511819771798075,0.0554406633273532,-0.0554406633273532,0.0,-0.0,0.0,-0.0,2.053700312265245,NLDM_blanket
30.5,1.7244471399507526,optimal,74.31750973550534,-74.31750973550534,-152.6254039484339,152.6254039484339,0.5233645336336336,-0.5233645336336336,0.056691199725880215,-0.056691199725880215,0.0,-0.0,0.0,-0.0,2.0536937323603137,NLDM_blanket
31.0,1.7606417186457235,optimal,75.88715566660653,-75.88715566660653,-155.848450355293,155.848450355293,0.5343494796838212,-0.5343494796838212,0.05788109650047868,-0.05788109650047868,0.0,-0.0,0.0,-0.0,2.0536868062360747,NLDM_blanket
31.5,1.7949846790300656,optimal,77.37800985793672,-77.37800985793672,-158.90962862302644,158.90962862302644,0.5447724651315878,-0.5447724651315878,0.05901012132311345,-0.05901012132311345,0.0,-0.0,0.0,-0.0,2.0536794486544547,NLDM_blanket
32.0,1.8274748339951208,optimal,78.79012738527204,-78.79012738527204,-161.80904615620747,161.80904615620747,0.5546331296930171,-0.5546331296930171,0.06007823516758959,-0.06007823516758959,0.0,-0.0,0.0,-0.0,2.0536715896521556,NLDM_blanket
32.5,1.8614003345573122,optimal,80.25846926279755,-80.25846926279755,-164.8242337909634,164.8242337909634,0.5649294173371406,-0.5649294173371406,0.06119353599857158,-0.06119353599857158,0.0,-0.0,0.0,-0.0,2.053667797366837,NLDM_blanket
33.0,1.89321253516642,optimal,81.63758594433006,-81.63758594433006,-167.65608084073546,167.65608084073546,0.574584324785403,-0.574584324785403,0.06223936209359682,-0.06223936209359682,0.0,-0.0,0.0,-0.0,2.0536628919314537,NLDM_blanket
33.5,1.9224555423480836,optimal,82.80433298451494,-82.80433298451494,-170.2663201261758,170.2663201261758,0.5834594897360164,-0.5834594897360164,0.27227737846275923,-0.27227737846275923,0.0,-0.0,0.0,-0.0,2.056248918254277,NLDM_blanket
34.0,1.9508478840901546,optimal,83.83640917555275,-83.83640917555275,-172.3992604233074,172.3992604233074,0.5920764802777096,-0.5920764802777096,0.2762985858236886,-0.2762985858236886,0.0,-0.0,0.0,-0.0,2.0563769622134553,NLDM_blanket
34.5,1.9767494663298042,optimal,84.96192578748865,-84.96192578748865,-174.71304704227086,174.71304704227086,0.5999375327826966,-0.5999375327826966,0.2799670269162913,-0.2799670269162913,0.0,-0.0,0.0,-0.0,2.0563687254367626,NLDM_blanket
35.0,2.000099595236104,optimal,85.98099476524834,-85.98099476524834,-176.80775682614967,176.80775682614967,0.6070242268553719,-0.6070242268553719,0.2832741056732897,-0.2832741056732897,0.0,-0.0,0.0,-0.0,2.056358586090836,NLDM_blanket
35.5,2.0210205961535372,optimal,86.89869256796833,-86.89869256796833,-178.69383905853536,178.69383905853536,0.6133736878708101,-0.6133736878708101,0.286237147033225,-0.286237147033225,0.0,-0.0,0.0,-0.0,2.0563466926590284,NLDM_blanket
36.0,2.0395734335349984,optimal,87.86201798683719,-87.86201798683719,-180.37657423883437,180.37657423883437,0.9078692037491336,-0.9078692037491336,0.0,-0.0,0.0,-0.0,0.0,-0.0,2.05295278177946,NLDM_blanket
36.5,2.0557429303643437,optimal,88.58270384840091,-88.58270384840091,-181.8548307347726,181.8548307347726,0.9150666833642895,-0.9150666833642895,0.0,-0.0,0.0,-0.0,0.0,-0.0,2.052938359682452,NLDM_blanket
37.0,2.0694132477429408,optimal,89.19919754559767,-89.19919754559767,-183.11900194125894,183.11900194125894,0.9211517107280723,-0.9211517107280723,0.0,-0.0,0.0,-0.0,0.0,-0.0,2.0529220775517683,NLDM_blanket
37.5,2.080338756859269,optimal,89.7015131836519,-89.7015131836519,-184.1485557567544,184.1485557567544,0.9260149498244961,-0.9260149498244961,0.0,-0.0,0.0,-0.0,0.0,-0.0,2.052903560051822,NLDM_blanket
38.0,2.0882420334792418,optimal,89.51526547686908,-89.51526547686908,-183.77778377449735,183.77778377449735,0.9376854085352183,-0.9376854085352183,0.0,-0.0,-0.00815249689870296,0.00815249689870296,0.0,-0.0,2.053032885457798,NLDM_blanket
38.5,2.0937916667647594,optimal,89.79257522708414,-89.79257522708414,-182.8468046740711,182.8468046740711,2.438392086864237,-2.438392086864237,0.0,-0.0,-0.00817416266704962,0.00817416266704962,0.0,-0.0,2.036324319818806,NLDM_blanket
39.0,2.095421869557443,optimal,89.90887550475102,-89.90887550475102,-183.08194471693002,183.08194471693002,2.440290591692946,-2.440290591692946,0.0,-0.0,-0.008180526978752257,0.008180526978752257,0.0,-0.0,2.0363055781657007,NLDM_blanket
39.5,2.0920645089688517,optimal,45.623144221122125,-45.623144221122125,-94.50525214063869,94.50525214063869,2.436380669983963,-2.436380669983963,0.0,-0.0,-0.008167419843014397,0.008167419843014397,0.0,-0.0,2.071432246813135,NLDM_blanket
40.0,2.0848922284100277,optimal,45.57341526041002,-45.57341526041002,-95.90817187406803,95.90817187406803,0.6327585366457582,-0.6327585366457582,0.005424889578322656,-0.005424889578322656,0.0,-0.0,0.0,-0.0,2.1044762900923994,NLDM_blanket
40.5,2.070512837520003,optimal,45.23355453082665,-45.23355453082665,-95.19089506840318,95.19089506840318,0.6331110628926787,-0.6331110628926787,0.005387474403228509,-0.005387474403228509,0.0,-0.0,0.0,-0.0,2.1044310148902983,NLDM_blanket
41.0,2.0454379992716345,optimal,44.73712581781594,-44.73712581781594,-94.14083047713613,94.14083047713613,0.6254438042272832,-0.6254438042272832,0.005322229674105117,-0.005322229674105117,0.0,-0.0,0.0,-0.0,2.1043111008183244,NLDM_blanket
41.5,2.0039948000209735,optimal,43.91929417773565,-43.91929417773565,-92.69379280915449,92.69379280915449,0.6127715099764134,-0.6127715099764134,0.2883908836814193,-0.2883908836814193,0.0,-0.0,0.0,-0.0,2.1105483260736113,NLDM_blanket
42.0,1.9888800151269908,optimal,43.62749329977199,-43.62749329977199,-92.0703375927285,92.0703375927285,0.6081497866254556,-0.6081497866254556,0.28944966412149054,-0.28944966412149054,-0.0032339189045964825,0.0032339189045964825,0.0,-0.0,2.110374230306963,NLDM_blanket
42.5,1.9761291549208597,optimal,43.485349523342656,-43.485349523342656,-91.75517846044293,91.75517846044293,0.6042508923459259,-0.6042508923459259,0.28759398043225115,-0.28759398043225115,-0.003213186005901313,0.003213186005901313,0.0,-0.0,2.1100250881320237,NLDM_blanket
43.0,1.946970455324463,optimal,42.90009888077191,-42.90009888077191,-90.51407996883671,90.51407996883671,0.5953348909768377,-0.5953348909768377,0.28335039824519104,-0.28335039824519104,-0.0031657739603575723,0.0031657739603575723,0.0,-0.0,2.109880450867811,NLDM_blanket
43.5,1.883125676762152,optimal,41.59503207741545,-41.59503207741545,-87.74936940648979,87.74936940648979,0.5758127538119466,-0.5758127538119466,0.27405881224190054,-0.27405881224190054,-0.0030619623504156727,0.0030619623504156727,0.0,-0.0,2.1096117739054328,NLDM_blanket
44.0,1.7452512841968653,optimal,38.681589845985464,-38.681589845985464,-81.58867215043749,81.58867215043749,0.5336542114252966,-0.5336542114252966,0.8363436131512643,-0.8363436131512643,-0.0028377785881040993,0.0028377785881040993,0.0,-0.0,2.1092378176618585,NLDM_blanket
44.5,1.4635514693282052,optimal,32.869916940921605,-32.869916940921605,-69.2832924956381,69.2832924956381,0.4475174505338319,-0.4475174505338319,0.7013499631682385,-0.7013499631682385,-0.0023797346891276583,0.0023797346891276583,0.0,-0.0,2.107802481526305,NLDM_blanket
45.0,0.87454596053428,optimal,8.628391747216968,-8.628391747216968,-83.81582598528912,83.81582598528912,0.2674142910823664,-0.2674142910823664,64.86073895189868,-64.86073895189868,-64.44306891933694,64.44306891933694,0.0,-0.0,9.713956950589706,NLDM_blanket
45.5,0.3461533995063774,optimal,4.055314788940055,-4.055314788940055,-39.57625439605631,39.57625439605631,0.10584505573406182,-0.10584505573406182,30.745295516859812,-30.745295516859812,-30.57997784555656,30.57997784555656,0.0,-0.0,9.759107851255223,NLDM_blanket
46.0,0.10823576847069136,optimal,4.875291410993673,-4.875291410993673,-10.027684248174113,10.027684248174113,0.03309579210412565,-0.03309579210412565,0.06630642235859874,-0.06630642235859874,-0.00017599135953334994,0.00017599135953334994,-0.014438651513990227,0.014438651513990227,2.0568379206137113,NLDM_blanket
46.5,0.029069776336619578,optimal,3.7153668363138483,-3.7153668363138483,-7.501995613037049,7.501995613037049,0.008888810859329584,-0.008888810859329584,-7.395007905882387,7.395007905882387,-4.7267456323611886e-05,4.7267456323611886e-05,-0.003877908163305052,0.003877908163305052,2.0191803241910975,NLDM_blanket
47.0,0.007099049119090264,optimal,3.213064725004761,-3.213064725004761,-6.443532130010552,6.443532130010552,0.0021707117443895366,-0.0021707117443895366,-6.417404960009829,6.417404960009829,-1.1543053867929446e-05,1.1543053867929446e-05,-0.0009470131524866413,0.0009470131524866413,2.00541622453653,NLDM_blanket
47.5,0.0016352869233616598,optimal,3.1003824939305376,-3.1003824939305376,-6.204546395907491,6.204546395907491,0.0002726791886101698,-0.0002726791886101698,-6.198527925161638,6.198527925161638,-2.6589765370029627e-06,2.6589765370029627e-06,-0.00021814727557644542,0.00021814727557644542,2.0012196585594904,NLDM_blanket
48.0,0.000864456763856163,optimal,3.098432364177969,-3.098432364177969,-6.198863682616456,6.198863682616456,0.0001441455720026751,-0.0001441455720026751,-6.195682156689723,6.195682156689723,-1.4056066980786505e-06,1.4056066980786505e-06,-0.00011531853229841216,0.00011531853229841216,2.0006451502003495,NLDM_blanket
48.5,0.0008237579983751866,optimal,3.113176233285071,-3.113176233285071,-6.228257309737941,6.228257309737941,0.00013735917495506726,-0.00013735917495506726,-6.225225570570914,6.225225570570914,-1.3394305053580517e-06,1.3394305053580517e-06,-0.0001098893169832499,0.0001098893169832499,2.0006118648688864,NLDM_blanket
49.0,0.0008082418890605803,optimal,3.1280396228611704,-3.1280396228611704,-6.25794820971825,6.25794820971825,0.00013477191027518458,-0.00013477191027518458,-6.254973575667557,6.254973575667557,-1.3142013116125016e-06,1.3142013116125016e-06,-0.00010781946800068141,0.00010781946800068141,2.000597487315138,NLDM_blanket
49.5,0.0007854167646137947,optimal,3.142273444239004,-3.142273444239004,-6.286363072067001,6.286363072067001,0.00013096588924905642,-0.00013096588924905642,-6.283472443056517,6.283472443056517,-1.2770876592620286e-06,1.2770876592620286e-06,-0.00010477459639948023,0.00010477459639948023,2.0005779839409974,NLDM_blanket
50.0,0.0007687893208362414,optimal,0.00029027947176134803,-0.00029027947176134803,-22.093800391621198,22.093800391621198,0.0001281933128814807,-0.0001281933128814807,-22.09097095785574,22.09097095785574,-1.2500514356797696e-06,1.2500514356797696e-06,-0.00010255649539955462,0.00010255649539955462,76112.16961902671,NLDM_blanket
5.0,0.000871001960570545,optimal,3.18773333336692,-3.18773333336692,-4.938626935054115,4.938626935054115,0.0,-0.0,0.0,-0.0,-3.49506772635727,3.49506772635727,0.0,-0.0,1.5492597462153088,LB
5.5,0.001650491642970001,optimal,2.500698271418682,-2.500698271418682,-5.0063901977307035,5.0063901977307035,0.0,-0.0,0.0,-0.0,-4.998650883969619,4.998650883969619,0.0,-0.0,2.001996904204883,LB
6.0,0.0025885744488196565,optimal,2.54005426814133,-2.54005426814133,-5.087940413237732,5.087940413237732,0.0,-0.0,0.0,-0.0,-5.0758023391440705,5.0758023391440705,0.0,-0.0,2.003083350247002,LB
6.5,0.0037475056577089437,optimal,2.58867566123627,-2.58867566123627,-5.188689610700257,5.188689610700257,0.0,-0.0,0.0,-0.0,-5.171117196910716,5.171117196910716,0.0,-0.0,2.0043799570558414,LB
7.0,0.005168815852978024,optimal,2.6487070681425875,-2.6487070681425875,-5.311041388477336,5.311041388477336,0.0,-0.0,0.0,-0.0,-5.28479302511169,5.28479302511169,0.0,-0.0,2.005144869493521,LB
7.5,0.006993737590283192,optimal,2.725411216779997,-2.725411216779997,-5.469260975117569,5.469260975117569,0.0,-0.0,0.0,-0.0,-5.433745264986792,5.433745264986792,0.0,-0.0,2.0067654163320574,LB
8.0,0.009231715082910848,optimal,2.819476707224084,-2.819476707224084,-5.663292240434497,5.663292240434497,0.0,-0.0,0.0,-0.0,-5.616411597193019,5.616411597193019,0.0,-0.0,2.0086323912249275,LB
8.5,0.011953497638156426,optimal,2.9338772370706714,-2.9338772370706714,-5.899269105640493,5.899269105640493,0.0,-0.0,0.0,-0.0,-5.838566662678445,5.838566662678445,0.0,-0.0,2.0107416326426173,LB
9.0,0.015237995177502087,optimal,3.0719295065500196,-3.0719295065500196,-6.184033012153832,6.184033012153832,0.0,-0.0,0.0,-0.0,-6.106651181235519,6.106651181235519,0.0,-0.0,2.0130777737471295,LB
9.5,0.019172441343982057,optimal,3.2373000741696543,-3.2373000741696543,-6.525147062906471,6.525147062906471,0.0,-0.0,0.0,-0.0,-6.4277852645144,6.4277852645144,0.0,-0.0,2.015613910792662,LB
10.0,0.023852397398732763,optimal,3.4340055204920974,-3.4340055204920974,-6.93089636017252,6.93089636017252,0.0,-0.0,0.0,-0.0,-6.809768734063917,6.809768734063917,0.0,-0.0,2.0183125271095412,LB
10.5,0.029381709334598317,optimal,3.666410645556543,-3.666410645556543,-7.410284287344356,7.410284287344356,0.0,-0.0,0.0,-0.0,-7.261077620894049,7.261077620894049,0.0,-0.0,2.021127746921952,LB
11.0,0.03587182130478861,optimal,3.9391996112740673,-3.9391996112740673,-7.972972983621646,7.972972983621646,0.0,-0.0,0.0,-0.0,-7.790808126722528,7.790808126722528,0.0,-0.0,2.0240083698228544,LB
11.5,0.043441430301978314,optimal,4.255560301939771,-4.255560301939771,-8.623850029477417,8.623850029477417,0.0,-0.0,0.0,-0.0,-8.406847313338526,8.406847313338526,0.0,-0.0,2.026489913806765,LB
12.0,0.05221641312809021,optimal,4.580462011725953,-4.580462011725953,-9.252864386165669,9.252864386165669,0.0,-0.0,0.0,-0.0,-9.079147898852005,9.079147898852005,0.0,-0.0,2.020072290192211,LB
12.5,0.062327331333011105,optimal,4.9965848679020635,-4.9965848679020635,-10.102912958412714,10.102912958412714,0.0,-0.0,0.0,-0.0,-9.895558902203499,9.895558902203499,0.0,-0.0,2.021963646272392,LB
13.0,0.07390865473886539,optimal,5.473223416080392,-5.473223416080392,-11.07658193944417,11.07658193944417,0.0,-0.0,0.0,-0.0,-10.830698487974248,10.830698487974248,0.0,-0.0,2.0237766846683156,LB
13.5,0.08709828008694123,optimal,6.026645276228362,-6.026645276228362,-12.206649371709483,12.206649371709483,0.0,-0.0,0.0,-0.0,-11.916885936012564,11.916885936012564,0.0,-0.0,2.0254467970526937,LB
14.0,0.1020361872751399,optimal,6.643243350216972,-6.643243350216972,-13.46614752939577,13.46614752939577,0.0,-0.0,0.0,-0.0,-13.126687827542348,13.126687827542348,0.0,-0.0,2.027044143875289,LB
14.5,0.11886004794568707,optimal,7.337688693585247,-7.337688693585247,-14.88466092975115,14.88466092975115,0.0,-0.0,0.0,-0.0,-14.489230666082753,14.489230666082753,0.0,-0.0,2.0285217254806156,LB
15.0,0.13770735033358922,optimal,8.11565646416039,-8.11565646416039,-16.616830026166326,16.616830026166326,0.0,-0.0,0.0,-0.0,-15.872601392461767,15.872601392461767,0.0,-0.0,2.047502885262336,LB
15.5,0.15871034405706116,optimal,8.982605583252433,-8.982605583252433,-18.409526964396026,18.409526964396026,0.0,-0.0,0.0,-0.0,-17.551789289346473,17.551789289346473,0.0,-0.0,2.049464021744377,LB
16.0,0.18199572090575422,optimal,9.94376555942004,-9.94376555942004,-20.397035237348852,20.397035237348852,0.0,-0.0,0.0,-0.0,-19.41345355937994,19.41345355937994,0.0,-0.0,2.0512385489645926,LB
16.5,0.20770457416989818,optimal,11.004960357821947,-11.004960357821947,-22.591397771510916,22.591397771510916,0.0,-0.0,0.0,-0.0,-21.468874601366483,21.468874601366483,0.0,-0.0,2.0528377238045867,LB
17.0,0.23593907973470385,optimal,12.170407534052469,-12.170407534052469,-25.001335723446346,25.001335723446346,0.0,-0.0,0.0,-0.0,-23.72622137026836,23.72622137026836,0.0,-0.0,2.0542726817892736,LB
17.5,0.2667950173372085,optimal,13.444060627294858,-13.444060627294858,-27.635024310630904,27.635024310630904,0.0,-0.0,0.0,-0.0,-26.193151449443317,26.193151449443317,0.0,-0.0,2.055556358807605,LB
18.0,0.3003615352569836,optimal,14.829599447363881,-14.829599447363881,-30.50007272677956,30.50007272677956,0.0,-0.0,0.0,-0.0,-28.876792237682945,28.876792237682945,0.0,-0.0,2.0567023967866693,LB
18.5,0.33671444197692524,optimal,16.3301531718583,-16.3301531718583,-33.602951555894236,33.602951555894236,0.0,-0.0,0.0,-0.0,-31.783204617956418,31.783204617956418,0.0,-0.0,2.0577242112953416,LB
19.0,0.3759150248956115,optimal,17.94825158567013,-17.94825158567013,-36.94889194422149,36.94889194422149,0.0,-0.0,0.0,-0.0,-34.9172885135451,34.9172885135451,0.0,-0.0,2.058634612282873,LB
19.5,0.41800901997784884,optimal,19.685782550830936,-19.685782550830936,-40.541797655441634,40.541797655441634,0.0,-0.0,0.0,-0.0,-38.28270051167491,38.28270051167491,0.0,-0.0,2.0594455694488185,LB
20.0,0.4630257332489934,optimal,21.54395574407543,-21.54395574407543,-44.38417008638501,44.38417008638501,0.0,-0.0,0.0,-0.0,-41.88178362704802,41.88178362704802,0.0,-0.0,2.0601680867540133,LB
20.5,0.511416720721583,optimal,12.712166835789402,-12.712166835789402,-26.85606472649099,26.85606472649099,0.0,-0.0,0.0,-0.0,-24.092152949855407,24.092152949855407,0.0,-0.0,2.1126268301389297,LB
21.0,0.563685290510049,optimal,8.68402073181912,-8.68402073181912,-18.946100418147452,18.946100418147452,0.0,-0.0,0.0,-0.0,-15.899707233038555,15.899707233038555,0.0,-0.0,2.1817198511200058,LB
21.5,0.619265933598703,optimal,9.460369171178815,-9.460369171178815,-20.65439747483861,20.65439747483861,0.0,-0.0,0.0,-0.0,-17.30762303944724,17.30762303944724,0.0,-0.0,2.183254913324377,LB
22.0,0.6780280975987842,optimal,10.281156981102075,-10.281156981102075,-22.460480064527754,22.460480064527754,0.0,-0.0,0.0,-0.0,-18.79613009724674,18.79613009724674,0.0,-0.0,2.1846257289731734,LB
22.5,0.7399337906136669,optimal,11.14585349213247,-11.14585349213247,-24.363180488505748,24.363180488505748,0.0,-0.0,0.0,-0.0,-20.364266031969848,20.364266031969848,0.0,-0.0,2.185851492279438,LB
23.0,0.804924671405412,optimal,12.053643795940294,-12.053643795940294,-26.36070560154223,26.36070560154223,0.0,-0.0,0.0,-0.0,-22.010552999056053,22.010552999056053,0.0,-0.0,2.1869491124684304,LB
23.5,0.8729217644360213,optimal,13.00342476502891,-13.00342476502891,-28.45062805354527,28.45062805354527,0.0,-0.0,0.0,-0.0,-23.73299046554843,23.73299046554843,0.0,-0.0,2.18793345350524,LB
24.0,0.9438259241819508,optimal,13.985369015371491,-13.985369015371491,-30.638343083376817,30.638343083376817,0.0,-0.0,0.0,-0.0,-25.53750949455755,25.53750949455755,0.0,-0.0,2.190742557432831,LB
24.5,1.017516126312841,optimal,15.014011970365653,-15.014011970365653,-32.90390506472263,32.90390506472263,0.0,-0.0,0.0,-0.0,-27.40481852632274,27.40481852632274,0.0,-0.0,2.191546478693881,LB
25.0,1.0940035502337966,optimal,3.0858833830339654,-3.0858833830339654,-9.263829956356423,9.263829956356423,0.0,-0.0,-38.98745404597921,38.98745404597921,-3.351373101394791,3.351373101394791,0.0,-0.0,3.002002605571067,LB
25.5,1.1613983211020977,optimal,0.9786142478676767,-0.9786142478676767,-0.7636310101078395,0.7636310101078395,0.0,-0.0,-50.6381050448469,50.6381050448469,-0.44407983437366516,0.44407983437366516,0.0,-0.0,0.7803187126814588,LB
26.0,1.2138072477011874,optimal,1.0227749129499621,-1.0227749129499621,-0.798090403436007,0.798090403436007,0.0,-0.0,-52.9282182643278,52.9282182643278,-0.4641192532542997,0.4641192532542997,0.0,-0.0,0.7803187126814602,LB
26.5,1.265337235832672,optimal,1.066194969326544,-1.066194969326544,-0.8319718859323394,0.8319718859323394,0.0,-0.0,-55.177788901042,55.177788901042,-0.48382259549178186,0.48382259549178186,0.0,-0.0,0.7803187126814617,LB
27.0,1.3158361599708952,optimal,1.108746233406883,-1.108746233406883,-0.8651754335424627,0.8651754335424627,0.0,-0.0,-57.380674843393784,57.380674843393784,-0.503131693378218,0.503131693378218,0.0,-0.0,0.7803187126814476,LB
27.5,1.3651678280283193,optimal,1.1503139473900057,-1.1503139473900057,-0.8976114986068994,0.8976114986068994,0.0,-0.0,-59.53138732563168,59.53138732563168,-0.5219944716191707,0.5219944716191707,0.0,-0.0,0.7803187126814612,LB
28.0,1.4132132251980856,optimal,1.0925495686320985,-1.0925495686320985,-0.6835811809104635,0.6835811809104635,0.0,-0.0,-62.288318441389386,62.288318441389386,0.0,-0.0,0.0,-0.0,0.6256752101109019,LB
28.5,1.4598681850342774,optimal,1.1286183340064222,-1.1286183340064222,-0.7061485132644838,0.7061485132644838,0.0,-0.0,-64.34283568030739,64.34283568030739,0.0,-0.0,0.0,-0.0,0.6256752101109014,LB
29.0,1.505039929885619,optimal,1.1635404317279512,-1.1635404317279512,-0.7279984040939145,0.7279984040939145,0.0,-0.0,-66.3318163628282,66.3318163628282,0.0,-0.0,0.0,-0.0,0.6256752101109011,LB
29.5,1.5486525691082902,optimal,1.1972571910392897,-1.1972571910392897,-0.7490941445602952,0.7490941445602952,0.0,-0.0,-68.25220999451622,68.25220999451622,0.0,-0.0,0.0,-0.0,0.6256752101109014,LB
30.0,1.5906480253216344,optimal,1.0335872439996776,-1.0335872439996776,-0.2790664708584783,0.2790664708584783,0.0,-0.0,-70.34687743788547,70.34687743788547,0.0,-0.0,0.0,-0.0,0.2699979827330041,LB
30.5,1.630972640365915,optimal,1.0597897772222855,-1.0597897772222855,-0.286141101971077,0.286141101971077,0.0,-0.0,-72.12956332005606,72.12956332005606,0.0,-0.0,0.0,-0.0,0.2699979827330042,LB
31.0,1.6695833825320077,optimal,1.0848786529188215,-1.0848786529188215,-0.29291504779818056,0.29291504779818056,0.0,-0.0,-73.83726947807975,73.83726947807975,0.0,-0.0,0.0,-0.0,0.26999798273300396,LB
31.5,1.706448786440518,optimal,1.1088334251991356,-1.1088334251991356,-0.29938278799069745,0.29938278799069745,0.0,-0.0,-75.46878164530494,75.46878164530494,0.0,-0.0,0.0,-0.0,0.2699979827330072,LB
32.0,1.7415450589827937,optimal,1.1316386335382302,-1.1316386335382302,-0.3055401482380594,0.3055401482380594,0.0,-0.0,-77.02320371736138,77.02320371736138,0.0,-0.0,0.0,-0.0,0.2699979827330076,LB
32.5,1.7794990396140073,optimal,1.1308414593709917,-1.1308414593709917,-0.31219887050796,0.31219887050796,0.16972861839838402,-0.16972861839838402,-78.7799354708594,78.7799354708594,0.0,-0.0,0.0,-0.0,0.27607660465651346,LB
33.0,1.8149757612948871,optimal,1.1706975531252126,-1.1706975531252126,-0.3184229775130969,0.3184229775130969,0.1731123881123063,-0.1731123881123063,-80.34684221537442,80.34684221537442,0.0,-0.0,0.0,-0.0,0.2719942282812987,LB
33.5,1.8477066772906265,optimal,1.1918096826009577,-1.1918096826009577,-0.32416535487722137,0.32416535487722137,0.17623426287997995,-0.17623426287997995,-81.7957722143999,81.7957722143999,0.0,-0.0,0.0,-0.0,0.27199422828129394,LB
34.0,1.8793745337130794,optimal,1.1736232388652743,-1.1736232388652743,-0.3297212269436893,0.3297212269436893,0.17925474302555353,-0.17925474302555353,-83.00454460047729,83.00454460047729,0.0,-0.0,0.0,-0.0,0.2809429943313687,LB
34.5,1.9083858802584657,optimal,1.1917401122641857,-1.1917401122641857,-0.33481103560430503,0.33481103560430503,0.1820218452590525,-0.1820218452590525,-84.28935462322333,84.28935462322333,0.0,-0.0,0.0,-0.0,0.2809429943313714,LB
35.0,1.934753972387988,optimal,1.2082063381987378,-1.2082063381987378,-0.3394371064236926,0.3394371064236926,0.18453683388636627,-0.18453683388636627,-85.46102912140523,85.46102912140523,0.0,-0.0,0.0,-0.0,0.28094299433136943,LB
35.5,1.9585969341751541,optimal,1.2230956822516843,-1.2230956822516843,-0.34362016332555667,0.34362016332555667,0.1868109755816262,-0.1868109755816262,-86.52460415992424,86.52460415992424,0.0,-0.0,0.0,-0.0,0.2809429943313689,LB
36.0,1.9799657712539922,optimal,1.2364399961887793,-1.2364399961887793,-0.34736915484034214,0.34736915484034214,0.1888491352622058,-0.1888491352622058,-87.48229592438409,87.48229592438409,0.0,-0.0,0.0,-0.0,0.280942994331369,LB
36.5,1.998833780693121,optimal,1.2482226046852039,-1.2482226046852039,-0.35067939615236177,0.35067939615236177,0.19064876600250988,-0.19064876600250988,-88.33305639487561,88.33305639487561,0.0,-0.0,0.0,-0.0,0.28094299433136893,LB
37.0,2.015073557578792,optimal,1.258363946501385,-1.258363946501385,-0.35352853508873766,0.35352853508873766,0.19219771592186521,-0.19219771592186521,-89.07160846781878,89.07160846781878,0.0,-0.0,0.0,-0.0,0.28094299433136893,LB
37.5,2.028459277743059,optimal,1.1500821289100578,-1.1500821289100578,-0.9652849449588673,0.9652849449588673,0.19347444591113297,-0.19347444591113297,-88.7744298838541,88.7744298838541,0.0,-0.0,0.0,-0.0,0.8393182718817443,LB
38.0,2.038550563031763,optimal,1.1557436842393787,-1.1557436842393787,-0.9702868729356643,0.9702868729356643,0.19443695270196956,-0.19443695270196956,-89.24648006107755,89.24648006107755,0.0,-0.0,0.0,-0.0,0.8395346530266633,LB
38.5,2.0457095615699177,optimal,1.2389075682556006,-1.2389075682556006,-2.9540230182930154,2.9540230182930154,0.19511977798253877,-0.19511977798253877,-87.61105335487909,87.61105335487909,-0.007986450128368959,0.007986450128368959,0.0,-0.0,2.3843772481366967,LB
39.0,2.0491644691415054,optimal,1.2409999039509827,-1.2409999039509827,-2.9590119359205556,2.9590119359205556,0.1954493070667168,-0.1954493070667168,-87.80116053435667,87.80116053435667,-0.007999938087528437,0.007999938087528437,0.0,-0.0,2.384377248136702,LB
39.5,2.046879171687605,optimal,1.23961589892674,-1.23961589892674,-2.9557119458294467,2.9557119458294467,0.19523133539556378,-0.19523133539556378,-87.75692184151916,87.75692184151916,-0.00799101628626841,0.00799101628626841,0.0,-0.0,2.384377248136704,LB
40.0,2.0366165025653955,optimal,1.2334006967861944,-1.2334006967861944,-2.9408925592529545,2.9408925592529545,0.19425248201468742,-0.19425248201468742,-87.38768088213864,87.38768088213864,-0.007950950826015303,0.007950950826015303,0.0,-0.0,2.3843772481367,LB
40.5,2.015911148621906,optimal,1.221320497282005,-1.221320497282005,-7.024603670264921,7.024603670264921,0.1922776053555574,-0.1922776053555574,-84.52983509815084,84.52983509815084,-0.0032778715276587664,0.0032778715276587664,0.0,-0.0,5.751646423602868,LB
41.0,1.9812701264621975,optimal,1.1709614336769345,-1.1709614336769345,-6.610172942289751,6.610172942289751,0.1889735446619644,-0.1889735446619644,-83.64845580482634,83.64845580482634,0.0,-0.0,0.0,-0.0,5.64508168431573,LB
41.5,1.924471568707942,optimal,26.640379813907565,-26.640379813907565,-6.705975138888319,6.705975138888319,0.1835560982233635,-0.1835560982233635,-49.55467860428869,49.55467860428869,0.0,-0.0,0.0,-0.0,0.2517222046281591,LB
42.0,1.8837589145462368,optimal,64.86734372889951,-64.86734372889951,-48.688216253373,48.688216253373,0.17967292526942008,-0.17967292526942008,0.0,-0.0,0.0,-0.0,-0.07330082688282318,0.07330082688282318,0.7505813164919464,LB
42.5,1.8578703092269462,optimal,65.4205549452855,-65.4205549452855,-49.66462092426153,49.66462092426153,0.1755464497782357,-0.1755464497782357,0.0,-0.0,0.0,-0.0,0.0,-0.0,0.7591592728890567,LB
43.0,1.8080866965315363,optimal,63.96040562740839,-63.96040562740839,-48.52904726646392,48.52904726646392,0.5528677096319304,-0.5528677096319304,0.0,-0.0,0.0,-0.0,0.0,-0.0,0.7587357645785191,LB
43.5,1.7117366101471125,optimal,60.797750782368375,-60.797750782368375,-46.10680707902423,46.10680707902423,0.5234062619677338,-0.5234062619677338,0.0,-0.0,0.0,-0.0,0.0,-0.0,0.7583636974346001,LB
44.0,1.53039158557404,optimal,54.74970639499058,-54.74970639499058,-41.711040636948795,41.711040636948795,0.4679554870789016,-0.4679554870789016,0.0,-0.0,0.0,-0.0,0.0,-0.0,0.7618495766173683,LB
44.5,1.1563200535647988,optimal,42.38964503250866,-42.38964503250866,-45.787071187569346,45.787071187569346,0.3535737643787763,-0.3535737643787763,0.0,-0.0,0.0,-0.0,0.0,-0.0,1.0801475490642867,LB
45.0,0.6300111797973584,optimal,24.99516436651863,-24.99516436651863,-18.6429418180028,18.6429418180028,0.1926416685025372,-0.1926416685025372,0.0,-0.0,0.0,-0.0,-0.024514995028274814,0.024514995028274814,0.745861941319149,LB
45.5,0.2673569238432757,optimal,13.055578390282653,-13.055578390282653,-9.53168392941095,9.53168392941095,0.08175106338817766,-0.08175106338817766,0.0,-0.0,0.0,-0.0,-0.010403392620589544,0.010403392620589544,0.730085151685462,LB
46.0,0.09104559946905853,optimal,10.317990524707028,-10.317990524707028,-0.30700239272248503,0.30700239272248503,10.308184594984615,-10.308184594984615,0.0,-0.0,-0.00014804014473680292,0.00014804014473680292,-0.003542766366540006,0.003542766366540006,0.029754087483153814,LB
46.5,0.026198111996994563,optimal,7.295414115600575,-7.295414115600575,-0.08833906432372177,0.08833906432372177,7.296577193881738,-7.296577193881738,0.0,-0.0,-4.2598130107110186e-05,4.2598130107110186e-05,-0.0010194209340270526,0.0010194209340270526,0.012108848507285799,LB
47.0,0.006699987047263157,optimal,6.407381689316693,-6.407381689316693,-0.022592108423850617,0.022592108423850617,6.407679138591648,-6.407679138591648,0.0,-0.0,-1.089417893950835e-05,1.089417893950835e-05,-0.000260709895983104,0.000260709895983104,0.0035259501492660296,LB
47.5,0.0015857771589924041,optimal,6.198481877597134,-6.198481877597134,-0.0052227015709409175,0.0052227015709409175,6.1985730256895675,-6.1985730256895675,0.0,-0.0,-2.578473660808786e-06,2.578473660808786e-06,-6.170576081071244e-05,6.170576081071244e-05,0.0008425775333500723,LB
48.0,0.0008330903829736528,optimal,6.19541317440382,-6.19541317440382,-0.0027437540181603215,0.0027437540181603215,6.195461059189395,-6.195461059189395,0.0,-0.0,-1.3546049637145746e-06,1.3546049637145746e-06,-3.241721298227078e-05,3.241721298227078e-05,0.00044286860955393035,LB
48.5,0.0007612972541820544,optimal,6.223435189579338,-6.223435189579338,-0.0025073058612446993,0.0025073058612446993,6.223478947803562,-6.223478947803562,0.0,-0.0,-1.2378693351712884e-06,1.2378693351712884e-06,-2.9623598754732102e-05,2.9623598754732102e-05,0.0004028813323938826,LB
49.0,0.0006812968138458563,optimal,6.250124366031434,-6.250124366031434,-0.0022438272110128425,0.0022438272110128425,6.2501635259503505,-6.2501635259503505,0.0,-0.0,-1.1077886184868144e-06,1.1077886184868144e-06,-2.6510621620369964e-05,2.6510621620369964e-05,0.0003590052100735362,LB
49.5,0.0005709010161061352,optimal,6.274466847202762,-6.274466847202762,-0.0018802425150099926,0.0018802425150099926,6.274499661736817,-6.274499661736817,0.0,-0.0,-9.282850516101703e-07,9.282850516101703e-07,-2.2214900338721933e-05,2.2214900338721933e-05,0.0002996657024091583,LB
50.0,0.000560433327212344,optimal,6.302631189423214,-6.302631189423214,-0.0018466788125973306,0.0018466788125973306,6.302664446377501,-6.302664446377501,0.0,-0.0,0.0,-0.0,-2.180758162848673e-05,2.180758162848673e-05,0.0002930012493347766,LB
5.0,0.000871095036626227,optimal,3.187836690581876,-3.187836690581876,-4.938635026421262,4.938635026421262,0.0,-0.0,0.0,-0.0,-3.4948764766122746,3.4948764766122746,0.0,-0.0,1.5492120537453922,BHI
5.5,0.0016506856821313616,optimal,2.500706412069541,-2.500706412069541,-5.006407066108768,5.006407066108768,0.0,-0.0,0.0,-0.0,-4.9986668424794285,4.9986668424794285,0.0,-0.0,2.001997132468482,BHI
6.0,0.002588894336028002,optimal,2.540067688576973,-2.540067688576973,-5.087968221945679,5.087968221945679,0.0,-0.0,0.0,-0.0,-5.075828647870189,5.075828647870189,0.0,-0.0,2.003083714984037,BHI
6.5,0.003747991328955495,optimal,2.5886960369172534,-2.5886960369172534,-5.188731831487779,5.188731831487779,0.0,-0.0,0.0,-0.0,-5.171157140339137,5.171157140339137,0.0,-0.0,2.004380490212662,BHI
7.0,0.005169517486126131,optimal,2.6487365588172724,-2.6487365588172724,-5.311102219637599,5.311102219637599,0.0,-0.0,0.0,-0.0,-5.284850293227272,5.284850293227272,0.0,-0.0,2.005145510586051,BHI
7.5,0.006994744524945881,optimal,2.7254535397270336,-2.7254535397270336,-5.469348275730438,5.469348275730438,0.0,-0.0,0.0,-0.0,-5.433827452167945,5.433827452167945,0.0,-0.0,2.0067662853200634,BHI
8.0,0.009233122210167172,optimal,2.8195358508552957,-2.8195358508552957,-5.663414237497875,5.663414237497875,0.0,-0.0,0.0,-0.0,-5.61652644856025,5.61652644856025,0.0,-0.0,2.008633525897498,BHI
8.5,0.011955422781353862,optimal,2.9339581536748995,-2.9339581536748995,-5.89943601436578,5.89943601436578,0.0,-0.0,0.0,-0.0,-5.838723795110744,5.838723795110744,0.0,-0.0,2.0107430663169144,BHI
9.0,0.015240690893266679,optimal,3.0738962928365536,-3.0738962928365536,-6.187973691808989,6.187973691808989,0.0,-0.0,0.0,-0.0,-6.110578171463747,6.110578171463747,0.0,-0.0,2.013071718206473,BHI
9.5,0.01917622313361254,optimal,3.239791125558382,-3.239791125558382,-6.53013913613025,6.53013913613025,0.0,-0.0,0.0,-0.0,-6.43275813299357,6.43275813299357,0.0,-0.0,2.0156049828690032,BHI
10.0,0.023857622159749497,optimal,3.4371265457547775,-3.4371265457547775,-6.937152185445917,6.937152185445917,0.0,-0.0,0.0,-0.0,-6.815998026872323,6.815998026872323,0.0,-0.0,2.0182999063604594,BHI
10.5,0.02938882829242657,optimal,3.670283958803887,-3.670283958803887,-7.418049682515746,7.418049682515746,0.0,-0.0,0.0,-0.0,-7.268806864459893,7.268806864459893,0.0,-0.0,2.02111056413554,BHI
11.0,0.03588139830359993,optimal,3.9439658270138414,-3.9439658270138414,-7.982530664245634,7.982530664245634,0.0,-0.0,0.0,-0.0,-7.800317173277919,7.800317173277919,0.0,-0.0,2.0239857580839073,BHI
11.5,0.04345415094328136,optimal,4.263180727485173,-4.263180727485173,-8.64092554286665,8.64092554286665,0.0,-0.0,0.0,-0.0,-8.420255978280062,8.420255978280062,0.0,-0.0,2.026872913727935,BHI
12.0,0.05223311679221225,optimal,4.587501742533631,-4.587501742533631,-9.266973258857847,9.266973258857847,0.0,-0.0,0.0,-0.0,-9.093201200858978,9.093201200858978,0.0,-0.0,2.0200478994782447,BHI
12.5,0.062349061465694446,optimal,5.005061707504642,-5.005061707504642,-10.119904899079373,10.119904899079373,0.0,-0.0,0.0,-0.0,-9.91247854984786,9.91247854984786,0.0,-0.0,2.0219340920223785,BHI
13.0,0.07393664043995411,optimal,5.48336692039042,-5.48336692039042,-11.096918224055333,11.096918224055333,0.0,-0.0,0.0,-0.0,-10.850941668187831,10.850941668187831,0.0,-0.0,2.023741687391079,BHI
13.5,0.087133653055904,optimal,6.028105380663269,-6.028105380663269,-12.209631863746639,12.209631863746639,0.0,-0.0,0.0,-0.0,-11.919750747275685,11.919750747275685,0.0,-0.0,2.025450965557477,BHI
14.0,0.1020791686996308,optimal,6.645017511966971,-6.645017511966971,-13.469771532696829,13.469771532696829,0.0,-0.0,0.0,-0.0,-13.130168837833454,13.130168837833454,0.0,-0.0,2.027048312278967,BHI
14.5,0.1189118647199956,optimal,7.339827555665212,-7.339827555665212,-14.889029890607345,14.889029890607345,0.0,-0.0,0.0,-0.0,-14.493427239992439,14.493427239992439,0.0,-0.0,2.0285258444682825,BHI
15.0,0.13776934553788708,optimal,8.118215465437139,-8.118215465437139,-16.622121586712073,16.622121586712073,0.0,-0.0,0.0,-0.0,-15.877557904761513,15.877557904761513,0.0,-0.0,2.047509290370507,BHI
15.5,0.15878397235818412,optimal,8.985644768600919,-8.985644768600919,-18.4158114603935,18.4158114603935,0.0,-0.0,0.0,-0.0,-17.557675866933533,17.557675866933533,0.0,-0.0,2.049470231089591,BHI
16.0,0.18208254279270325,optimal,9.94734934177981,-9.94734934177981,-20.40444586332697,20.40444586332697,0.0,-0.0,0.0,-0.0,-19.42039496324214,19.42039496324214,0.0,-0.0,2.051244523767388,BHI
16.5,0.20780626679353023,optimal,11.00915796563143,-11.00915796563143,-22.600077679595753,22.600077679595753,0.0,-0.0,0.0,-0.0,-21.477004919598933,21.477004919598933,0.0,-0.0,2.0528434372682316,BHI
17.0,0.23605740231900207,optimal,12.175291583515921,-12.175291583515921,-25.011435071062582,25.011435071062582,0.0,-0.0,0.0,-0.0,-23.735681252706915,23.735681252706915,0.0,-0.0,2.054278117242421,BHI
17.5,0.2669318015205911,optimal,13.449706723696679,-13.449706723696679,-27.64669943609051,27.64669943609051,0.0,-0.0,0.0,-0.0,-26.204087335453004,26.204087335453004,0.0,-0.0,2.055561508072182,BHI
18.0,0.3005186755590724,optimal,14.836085791561455,-14.836085791561455,-30.513485335578885,30.513485335578885,0.0,-0.0,0.0,-0.0,-28.889355593976564,28.889355593976564,0.0,-0.0,2.0567072585233026,BHI
18.5,0.3368938802596937,optimal,16.337559918878558,-16.337559918878558,-33.61826739440546,33.61826739440546,0.0,-0.0,0.0,-0.0,-31.797550696264597,31.797550696264597,0.0,-0.0,2.057728789447836,BHI
19.0,0.376118733646382,optimal,17.95666015467498,-17.95666015467498,-36.966279372823614,36.966279372823614,0.0,-0.0,0.0,-0.0,-34.93357501409298,34.93357501409298,0.0,-0.0,2.058638914720426,BHI
19.5,0.41823898475198956,optimal,19.695274900397333,-19.695274900397333,-40.561426149928266,40.561426149928266,0.0,-0.0,0.0,-0.0,-38.30108617947695,38.30108617947695,0.0,-0.0,2.0594496068247303,BHI
20.0,0.46328393460936046,optimal,21.55461362670237,-21.55461362670237,-44.40620869641709,44.40620869641709,0.0,-0.0,0.0,-0.0,-41.90242680796771,41.90242680796771,0.0,-0.0,2.06017187157582,BHI
20.5,0.511857300497338,optimal,8.394273408852357,-8.394273408852357,-17.70049026231932,17.70049026231932,0.0,-0.0,0.0,-0.0,-14.413176376088485,14.413176376088485,0.0,-0.0,2.108638758853494,BHI
21.0,0.5642844142577149,optimal,9.17104488902921,-9.17104488902921,-19.347439261167327,19.347439261167327,0.0,-0.0,0.0,-0.0,-15.723421416798097,15.723421416798097,0.0,-0.0,2.109622130877535,BHI
21.5,0.6199115656197923,optimal,9.995228819867709,-9.995228819867709,-21.094914463851158,21.094914463851158,0.0,-0.0,0.0,-0.0,-17.113640980173184,17.113640980173184,0.0,-0.0,2.110498403190169,BHI
22.0,0.6787202837391944,optimal,10.866551533334256,-10.866551533334256,-22.942335625980515,22.942335625980515,0.0,-0.0,0.0,-0.0,-18.58337344758723,18.58337344758723,0.0,-0.0,2.111280248899806,BHI
22.5,0.7406735132346267,optimal,11.15618591130628,-11.15618591130628,-24.385916209179907,24.385916209179907,0.0,-0.0,0.0,-0.0,-20.3830039794374,20.3830039794374,0.0,-0.0,2.1858649903338296,BHI
23.0,0.8057346419682614,optimal,12.06495743585973,-12.06495743585973,-26.38560042556065,26.38560042556065,0.0,-0.0,0.0,-0.0,-22.03107040034525,22.03107040034525,0.0,-0.0,2.186961749830695,BHI
23.5,0.8738057751501364,optimal,13.007956402480525,-13.007956402480525,-28.485614728895243,28.485614728895243,0.0,-0.0,0.0,-0.0,-23.763199573946792,23.763199573946792,0.0,-0.0,2.189860870341112,BHI
24.0,0.9447867137901742,optimal,13.998780696071924,-13.998780696071924,-30.66788199554584,30.66788199554584,0.0,-0.0,0.0,-0.0,-25.56185589423052,25.56185589423052,0.0,-0.0,2.190753799304199,BHI
24.5,1.0185565562016172,optimal,15.028535351280704,-15.028535351280704,-32.9358924705392,32.9358924705392,0.0,-0.0,0.0,-0.0,-27.431183009958943,27.431183009958943,0.0,-0.0,2.191557041367472,BHI
25.0,1.0949737946394076,optimal,16.095245058760142,-16.095245058760142,-35.28529558137044,35.28529558137044,0.0,-0.0,0.0,-0.0,-29.367595116197748,29.367595116197748,0.0,-0.0,2.1922807296534916,BHI
25.5,1.1614410846296799,optimal,1.0068997803665023,-1.0068997803665023,-0.7636591275548604,0.7636591275548604,0.0,-0.0,-50.69637445562157,50.69637445562157,-0.38759718728840653,0.38759718728840653,0.0,-0.0,0.7584261536703241,BHI
26.0,1.2138483778884692,optimal,1.0523337612805725,-1.0523337612805725,-0.798117446945447,0.798117446945447,0.0,-0.0,-52.98896943895097,52.98896943895097,-0.4050865974094364,0.4050865974094364,0.0,-0.0,0.7584261536703215,BHI
26.5,1.2653764981248874,optimal,1.097005551899459,-1.097005551899459,-0.8319977012820943,0.8319977012820943,0.0,-0.0,-55.24096936103448,55.24096936103448,-0.42228260910059134,0.42228260910059134,0.0,-0.0,0.7584261536703208,BHI
27.0,1.3158733436873988,optimal,1.1407832892113052,-1.1407832892113052,-0.8651998822079012,0.8651998822079012,0.0,-0.0,-57.4462256995901,57.4462256995901,-0.439134462858803,0.439134462858803,0.0,-0.0,0.7584261536703154,BHI
27.5,1.3652027470414152,optimal,1.1835489241282033,-1.1835489241282033,-0.8976344582072004,0.8976344582072004,0.0,-0.0,-59.59924408140866,59.59924408140866,-0.45559671672916835,0.45559671672916835,0.0,-0.0,0.7584261536703215,BHI
28.0,1.4132454454871035,optimal,1.1394482320851895,-1.1394482320851895,-0.7148459354741573,0.7148459354741573,0.0,-0.0,-62.27404289835146,62.27404289835146,0.0,-0.0,0.0,-0.0,0.6273614854498389,BHI
28.5,1.4598972034848077,optimal,1.1770618421936487,-1.1770618421936487,-0.7384432657849308,0.7384432657849308,0.0,-0.0,-64.3279103051087,64.3279103051087,0.0,-0.0,0.0,-0.0,0.6273614854498385,BHI
29.0,1.5050656218037393,optimal,1.2134794896475753,-1.2134794896475753,-0.761290295188215,0.761290295188215,0.0,-0.0,-66.31625233415262,66.31625233415262,0.0,-0.0,0.0,-0.0,0.6273614854498387,BHI
29.5,1.5486748356964206,optimal,1.2486400074693784,-1.2486400074693784,-0.7833486498780873,0.7833486498780873,0.0,-0.0,-68.23602041405684,68.23602041405684,0.0,-0.0,0.0,-0.0,0.6273614854498389,BHI
30.0,1.590667141296696,optimal,1.0722891441141948,-1.0722891441141948,-0.279069824603375,0.279069824603375,0.0,-0.0,-70.34768075719268,70.34768075719268,0.0,-0.0,0.0,-0.0,0.26025613159957073,BHI
30.5,1.630988730113415,optimal,1.0994704448647452,-1.0994704448647452,-0.28614392478855777,0.28614392478855777,0.0,-0.0,-72.1302394668272,72.1302394668272,0.0,-0.0,0.0,-0.0,0.2602561315995708,BHI
31.0,1.6695964158301124,optimal,1.1254963815290557,-1.1254963815290557,-0.29291733438606665,0.29291733438606665,0.0,-0.0,-73.83781718228896,73.83781718228896,0.0,-0.0,0.0,-0.0,0.2602561315995708,BHI
31.5,1.7064587486448146,optimal,1.150345753391813,-1.150345753391813,-0.29938453577974367,0.29938453577974367,0.0,-0.0,-75.46920029154349,75.46920029154349,0.0,-0.0,0.0,-0.0,0.2602561315995678,BHI
32.0,1.7415519491667697,optimal,1.1740025304603559,-1.1740025304603559,-0.3055413570657165,0.3055413570657165,0.0,-0.0,-77.02349326669388,77.02349326669388,0.0,-0.0,0.0,-0.0,0.26025613159956823,BHI
32.5,1.7795034231220377,optimal,1.1741267508759143,-1.1741267508759143,-0.3121996395593767,0.3121996395593767,0.16972903649737994,-0.16972903649737994,-78.78011989005894,78.78011989005894,0.0,-0.0,0.0,-0.0,0.2658994349004241,BHI
33.0,1.8149802741402414,optimal,1.2148458662172945,-1.2148458662172945,-0.31842376925571236,0.31842376925571236,0.17311281854749624,-0.17311281854749624,-80.34703207594315,80.34703207594315,0.0,-0.0,0.0,-0.0,0.2621104274299413,BHI
33.5,1.8477113172046986,optimal,1.236754188269272,-1.236754188269272,-0.32416616891302685,0.32416616891302685,0.17623470543498415,-0.17623470543498415,-81.79596742089501,81.79596742089501,0.0,-0.0,0.0,-0.0,0.26211042742993956,BHI
34.0,1.8793793076362608,optimal,1.2193379870868153,-1.2193379870868153,-0.329722064490321,0.329722064490321,0.17925519836234655,-0.17925519836234655,-83.00474495447335,83.00474495447335,0.0,-0.0,0.0,-0.0,0.2704107212128094,BHI
34.5,1.9083907883774291,optimal,1.2381605847314878,-1.2381605847314878,-0.3348118966945131,0.3348118966945131,0.18202231339543917,-0.18202231339543917,-84.28956060920396,84.28956060920396,0.0,-0.0,0.0,-0.0,0.2704107212128075,BHI
35.0,1.9347590170516058,optimal,1.2552682450872301,-1.2552682450872301,-0.33943799146956793,0.33943799146956793,0.18453731504638218,-0.18453731504638218,-85.46124083794889,85.46124083794889,0.0,-0.0,0.0,-0.0,0.2704107212128034,BHI
35.5,1.958602122235232,optimal,1.2707376097664946,-1.2707376097664946,-0.34362107352919363,0.34362107352919363,0.18681147041879642,-0.18681147041879642,-86.52482189459019,86.52482189459019,0.0,-0.0,0.0,-0.0,0.2704107212128049,BHI
36.0,1.9799711171495369,optimal,1.284601776057468,-1.284601776057468,-0.3473700927349491,0.3473700927349491,0.18884964515372282,-0.18884964515372282,-87.48252028315471,87.48252028315471,0.0,-0.0,0.0,-0.0,0.27041072121280424,BHI
36.5,1.9988393125422368,optimal,1.2968434280202246,-1.2968434280202246,-0.3506803666710352,0.3506803666710352,0.19064929363027855,-0.19064929363027855,-88.33328855782312,88.33328855782312,0.0,-0.0,0.0,-0.0,0.2704107212128049,BHI
37.0,2.015079328989559,optimal,1.3073799221088251,-1.3073799221088251,-0.35352954763658634,0.35352954763658634,0.19219826639902415,-0.19219826639902415,-89.07185068478945,89.07185068478945,0.0,-0.0,0.0,-0.0,0.2704107212128036,BHI
37.5,2.028465390801568,optimal,1.1994235528580208,-1.1994235528580208,-0.965287853986133,0.965287853986133,0.19347502897465355,-0.19347502897465355,-88.77468368442923,88.77468368442923,0.0,-0.0,0.0,-0.0,0.8047931455789887,BHI
38.0,2.0385572118920385,optimal,1.2053308731231753,-1.2053308731231753,-0.9702900375870425,0.9702900375870425,0.19443758687026266,-0.19443758687026266,-89.24675610597157,89.24675610597157,0.0,-0.0,0.0,-0.0,0.8049989087833532,BHI
38.5,2.0457171239028358,optimal,1.2886697165612693,-1.2886697165612693,-2.95403393836981,2.95403393836981,0.19512049927785247,-0.19512049927785247,-87.6113599895861,87.6113599895861,-0.007986479651716671,0.007986479651716671,0.0,-0.0,2.292312685249139,BHI
39.0,2.0491736943165306,optimal,1.2908471327657198,-1.2908471327657198,-2.9590252571563207,2.9590252571563207,0.1954501869639107,-0.1954501869639107,-87.80153459337681,87.80153459337681,-0.007999974102611735,0.007999974102611735,0.0,-0.0,2.292312685249125,BHI
39.5,2.0468914412087575,optimal,1.2894094606500857,-1.2894094606500857,-2.955729663128417,2.955729663128417,0.19523250566249128,-0.19523250566249128,-87.75741934157168,87.75741934157168,-0.00799106418647899,0.00799106418647899,0.0,-0.0,2.2923126852491196,BHI
40.0,2.036634387386562,optimal,1.2829481789374981,-1.2829481789374981,-2.9409183850956837,2.9409183850956837,0.1942541878689303,-0.1942541878689303,-87.38840606932068,87.38840606932068,-0.007951020648357138,0.007951020648357138,0.0,-0.0,2.292312685249119,BHI
40.5,2.0159394678940217,optimal,1.270370946731984,-1.270370946731984,-7.024702351034149,7.024702351034149,0.19228030644773178,-0.19228030644773178,-84.53095438712066,84.53095438712066,-0.0032779175747956746,0.0032779175747956746,0.0,-0.0,5.529646572211938,BHI
41.0,1.981317747922201,optimal,1.2191807740189944,-1.2191807740189944,-6.610331823243025,6.610331823243025,0.18897808679681954,-0.18897808679681954,-83.65034865933032,83.65034865933032,0.0,-0.0,0.0,-0.0,5.421945591753597,BHI
41.5,1.9245488986750503,optimal,26.659393223348733,-26.659393223348733,-6.706244601345106,6.706244601345106,0.1835634739556263,-0.1835634739556263,-49.592555700136565,49.592555700136565,0.0,-0.0,0.0,-0.0,0.2515527846099538,BHI
42.0,1.883890032504652,optimal,64.91740290977913,-64.91740290977913,-48.7219679198217,48.7219679198217,0.17968543130029369,-0.17968543130029369,0.0,-0.0,0.0,-0.0,-0.07330592894482102,0.07330592894482102,0.7505224444596851,BHI
42.5,1.8578753593160724,optimal,65.42288237741855,-65.42288237741855,-49.6661889933727,49.6661889933727,0.17720415177156698,-0.17720415177156698,0.0,-0.0,0.0,-0.0,0.0,-0.0,0.7591562338518358,BHI
43.0,1.8080866965315319,optimal,63.96040562740839,-63.96040562740839,-48.529047266463905,48.529047266463905,0.5528677096319292,-0.5528677096319292,0.0,-0.0,0.0,-0.0,0.0,-0.0,0.7587357645785189,BHI
43.5,1.7117366101471188,optimal,60.79775078236851,-60.79775078236851,-46.10680707902434,46.10680707902434,0.5234062619677352,-0.5234062619677352,0.0,-0.0,0.0,-0.0,0.0,-0.0,0.7583636974346002,BHI
44.0,1.530391585574035,optimal,54.74970639499047,-54.74970639499047,-41.71104063694871,41.71104063694871,0.46795548707890033,-0.46795548707890033,0.0,-0.0,0.0,-0.0,0.0,-0.0,0.7618495766173683,BHI
44.5,1.1565138134253707,optimal,42.419713336176414,-42.419713336176414,-45.817708784155705,45.817708784155705,0.35363301130014246,-0.35363301130014246,0.0,-0.0,0.0,-0.0,0.0,-0.0,1.080104158673826,BHI
45.0,0.6300674012478671,optimal,25.00991238722098,-25.00991238722098,-18.652950479939193,18.652950479939193,0.19265885961656654,-0.19265885961656654,0.0,-0.0,0.0,-0.0,-0.024517182717357006,0.024517182717357006,0.7458223040185488,BHI
45.5,0.26736678876584996,optimal,13.061374923643728,-13.061374923643728,-9.535578835196779,9.535578835196779,0.08175407983487766,-0.08175407983487766,0.0,-0.0,0.0,-0.0,-0.010403776484456754,0.010403776484456754,0.7300593460444547,BHI
46.0,0.09104672894549276,optimal,10.320704536105632,-10.320704536105632,-0.30700620127523054,0.30700620127523054,10.31089848473465,-10.31089848473465,0.0,-0.0,-0.0001480419812664591,0.0001480419812664591,-0.0035428103167270144,0.0035428103167270144,0.029746632141362986,BHI
46.5,0.02619820502344351,optimal,7.296184118137216,-7.296184118137216,-0.08833937800546565,0.08833937800546565,7.297347200548334,-7.297347200548334,0.0,-0.0,-4.2598281368116185e-05,4.2598281368116185e-05,-0.001019424553872234,0.001019424553872234,0.0121076135929557,BHI
47.0,0.006699993101799853,optimal,6.4075777725320116,-6.4075777725320116,-0.02259212883952433,0.02259212883952433,6.407875222075763,-6.407875222075763,0.0,-0.0,-1.0894188783528775e-05,1.0894188783528775e-05,-0.0002607101315772359,0.0002607101315772359,0.0035258454351302943,BHI
47.5,0.0015857775194289573,optimal,6.198528236429363,-6.198528236429363,-0.005222702758026091,0.005222702758026091,6.1986193845425115,-6.1986193845425115,0.0,-0.0,-2.5784742471047185e-06,2.5784742471047185e-06,-6.170577483601958e-05,6.170577483601958e-05,0.000842571423218136,BHI
48.0,0.0008330904819072694,optimal,6.1954375248236815,-6.1954375248236815,-0.0027437543439947252,0.0027437543439947252,6.195485409614946,-6.195485409614946,0.0,-0.0,-1.3546051233632968e-06,1.3546051233632968e-06,-3.2417216831975665e-05,3.2417216831975665e-05,0.00044286692150492,BHI
48.5,0.00076129733619542,optimal,6.223457441160402,-6.223457441160402,-0.0025073061313528487,0.0025073061313528487,6.22350119938934,-6.22350119938934,0.0,-0.0,-1.237869468653751e-06,1.237869468653751e-06,-2.9623601946036186e-05,2.9623601946036186e-05,0.0004028799353186138,BHI
49.0,0.0006812968787839666,optimal,6.250144278920617,-6.250144278920617,-0.0022438274248842375,0.0022438274248842375,6.250183438843265,-6.250183438843265,0.0,-0.0,-1.107788724902728e-06,1.107788724902728e-06,-2.6510624147241708e-05,2.6510624147241708e-05,0.00035900410050561913,BHI
49.5,0.0005709010608515977,optimal,6.2744835329966,-6.2744835329966,-0.001880242662377607,0.001880242662377607,6.274516347533229,-6.274516347533229,0.0,-0.0,-9.282851236061544e-07,9.282851236061544e-07,-2.221490207985737e-05,2.221490207985737e-05,0.0002996649289921128,BHI
50.0,0.0005604333690082926,optimal,6.302647569176314,-6.302647569176314,-0.0018466789503189035,0.0018466789503189035,6.3026808261330824,-6.3026808261330824,0.0,-0.0,0.0,-0.0,-2.1807583254850683e-05,2.1807583254850683e-05,0.00029300050971440303,BHI
