{
  "Topt_C": 39.0,
  "rmax": 0.0889448438683759,
  "CTmin_C": 27.456987215546658,
  "CTmax_C": 48.95864027781429,
  "niche_width_C": 21.501653062267632,
  "B80_C": 8.990491080375115,
  "Ea_eV": 1.9380198331846117,
  "Ea_kJmol": 186.98984360481725,
  "skewness": -0.04863801392280944
}