{
  "model": "gecko:M_eciML1515_batch_v2021__45__02__45__28__45__17__45__52",
  "nominal": {
    "Topt_C": 37.0,
    "rmax": 0.5710237984332194,
    "CTmin_C": 18.760509133502627,
    "CTmax_C": 56.78759941891476,
    "niche_width_C": 38.02709028541213,
    "B80_C": 11.224186713444197,
    "Ea_eV": 1.2583273763673906,
    "Ea_kJmol": 121.40971690880768,
    "skewness": 0.07020466266309341
  },
  "descriptor_medians": {
    "Topt_C": 37.0,
    "rmax": 0.520872098629195,
    "CTmin_C": 20.567323422494603,
    "CTmax_C": 56.077886122399754,
    "niche_width_C": 33.77347116881418,
    "B80_C": 9.956229880011007,
    "Ea_eV": 1.4309456031368284,
    "Ea_kJmol": 138.0647865186569,
    "skewness": 0.054485599300185476
  }
}