,Topt_C,rmax,CTmin_C,CTmax_C,niche_width_C,B80_C,Ea_eV,Ea_kJmol,skewness
dTopt,0.827579907474415,-0.527842211264671,0.6991110657819241,0.8429697252768544,-0.6279186054587123,-0.7684005833738453,0.31119356833642553,0.31119356833642553,-0.5353149524272519
topt_scale,0.5367679204589206,-0.3382873810681297,0.41602101542746306,0.489597349812096,-0.35833738454059305,-0.41625112855059376,0.17479282622139763,0.17479282622139763,-0.2854434335717758
dCp_scale,0.12151678373728367,-0.1748454753802347,0.46738537058964286,-0.06122310789492506,-0.4696853948190845,-0.32300854225987913,0.7141991341991342,0.7141991341991342,-0.00983401625112855
budget_scale,-0.07712398960962351,0.5798666574067642,-0.0320144595999663,0.045506711415290856,0.05169108965900409,0.058670741023682194,0.06859616573902289,0.06859616573902289,-0.10201402875199667
