{
  "model": "gecko:M_eciML1515_batch_v2021__45__02__45__28__45__17__45__52",
  "n_enzymes": 2560,
  "default_budget": 0.08182031716915461,
  "nominal": {
    "Topt_C": 37.0,
    "rmax": 0.571261082677184,
    "CTmin_C": 8.0,
    "CTmax_C": 75.60807128033314,
    "niche_width_C": 67.60807128033314,
    "B80_C": 21.147059175254245,
    "Ea_eV": 0.6577945730136745,
    "Ea_kJmol": 63.46730937722438,
    "skewness": 0.20740140539383234
  },
  "descriptor_medians": {
    "Topt_C": 37.0,
    "rmax": 0.5211577084062586,
    "CTmin_C": 8.0,
    "CTmax_C": 72.21763212169165,
    "niche_width_C": 61.58989135836099,
    "B80_C": 18.749589368260846,
    "Ea_eV": 0.7435290431409829,
    "Ea_kJmol": 71.73939972745774,
    "skewness": 0.13335612888647597
  },
  "descriptor_iqr": {
    "Topt_C": 7.0,
    "rmax": 0.10733569172734464,
    "CTmin_C": 3.091215758300054,
    "CTmax_C": 11.260390996100028,
    "niche_width_C": 14.877168143797732,
    "B80_C": 6.3950546158452575,
    "Ea_eV": 0.2949404346154372,
    "Ea_kJmol": 28.457327833870444,
    "skewness": 0.10132804305086761
  }
}