{
  "model": "gecko:M_eciML1515_batch_v2021__45__02__45__28__45__17__45__52",
  "n_enzymes": 2560,
  "default_budget": 0.08182031716915461,
  "nominal": {
    "Topt_C": 40.0,
    "rmax": 0.5603394113347988,
    "CTmin_C": 8.971486291661979,
    "CTmax_C": 46.79625520295268,
    "niche_width_C": 37.824768911290704,
    "B80_C": 13.526805840126777,
    "Ea_eV": 0.7146606562980443,
    "Ea_kJmol": 68.95403342291681,
    "skewness": -0.6422806892914324
  },
  "descriptor_medians": {
    "Topt_C": 41.0,
    "rmax": 0.4651173652074914,
    "CTmin_C": 14.035292823605042,
    "CTmax_C": 46.801757574985515,
    "niche_width_C": 32.76890315463477,
    "B80_C": 11.94980283052271,
    "Ea_eV": 0.8224918424520342,
    "Ea_kJmol": 79.35812541898451,
    "skewness": -0.5939073629495066
  },
  "descriptor_iqr": {
    "Topt_C": 5.25,
    "rmax": 0.1476392838850184,
    "CTmin_C": 21.716928363859374,
    "CTmax_C": 1.161500286388545,
    "niche_width_C": 20.950531707616555,
    "B80_C": 9.417737192960988,
    "Ea_eV": 0.31189714235717414,
    "Ea_kJmol": 30.093395780331946,
    "skewness": 0.1823557302155715
  }
}