{
  "model": "gecko:M_eciML1515_batch_v2021__45__02__45__28__45__17__45__52",
  "n_enzymes": 2560,
  "default_budget": 0.08182031716915461,
  "nominal": {
    "Topt_C": 37.0,
    "rmax": 0.4306004867461204,
    "CTmin_C": 8.308573185314605,
    "CTmax_C": 46.86945687924143,
    "niche_width_C": 38.560883693926826,
    "B80_C": 18.393873110417577,
    "Ea_eV": 0.8948446302632755,
    "Ea_kJmol": 86.33908415095215,
    "skewness": -0.49900924629286975
  },
  "descriptor_medians": {
    "Topt_C": 39.0,
    "rmax": 0.43060048674612034,
    "CTmin_C": 13.511888641432627,
    "CTmax_C": 46.8491389804916,
    "niche_width_C": 33.379404260646155,
    "B80_C": 14.038784896775034,
    "Ea_eV": 0.9381757032236563,
    "Ea_kJmol": 90.51988272553447,
    "skewness": -0.513024155036238
  },
  "descriptor_iqr": {
    "Topt_C": 11.0,
    "rmax": 0.030072631617585777,
    "CTmin_C": 21.66859269041687,
    "CTmax_C": 1.19016394133331,
    "niche_width_C": 20.833187868913818,
    "B80_C": 11.639078285141515,
    "Ea_eV": 0.33444380069879887,
    "Ea_kJmol": 32.2688101104236,
    "skewness": 0.2271828971932282
  }
}