{
  "Topt_C": {
    "dominant_axis": "envelope",
    "S_allocation": 0.0028125799028381284,
    "S_envelope": 0.9831245205829711,
    "S_interaction": 0.014062899514190739,
    "phi_allocation": 0.009844029659933497,
    "phi_envelope": 0.9901559703400664,
    "n_valid": 144
  },
  "rmax": {
    "dominant_axis": "allocation",
    "S_allocation": 0.9924720755113021,
    "S_envelope": 0.0066363125655511624,
    "S_interaction": 0.0008916119231466233,
    "phi_allocation": 0.9929178814728754,
    "phi_envelope": 0.007082118527124474,
    "n_valid": 144
  },
  "CTmin_C": {
    "dominant_axis": "envelope",
    "S_allocation": 0.004509364699529517,
    "S_envelope": 0.993807862436604,
    "S_interaction": 0.0016827728638664488,
    "phi_allocation": 0.005350751131462741,
    "phi_envelope": 0.9946492488685372,
    "n_valid": 144
  },
  "CTmax_C": {
    "dominant_axis": "envelope",
    "S_allocation": 0.0010959906202111969,
    "S_envelope": 0.9982697168607135,
    "S_interaction": 0.0006342925190753082,
    "phi_allocation": 0.001413136879748851,
    "phi_envelope": 0.9985868631202511,
    "n_valid": 144
  },
  "niche_width_C": {
    "dominant_axis": "envelope",
    "S_allocation": 0.004877861204087453,
    "S_envelope": 0.9942315403544413,
    "S_interaction": 0.0008905984414712874,
    "phi_allocation": 0.005323160424823097,
    "phi_envelope": 0.9946768395751769,
    "n_valid": 144
  },
  "B80_C": {
    "dominant_axis": "envelope",
    "S_allocation": 0.050199981255892756,
    "S_envelope": 0.9437157569279597,
    "S_interaction": 0.0060842618161475225,
    "phi_allocation": 0.053242112163966515,
    "phi_envelope": 0.9467578878360335,
    "n_valid": 144
  },
  "Ea_eV": {
    "dominant_axis": "envelope",
    "S_allocation": 0.0041644267088332965,
    "S_envelope": 0.9614666229458768,
    "S_interaction": 0.03436895034528999,
    "phi_allocation": 0.021348901881478293,
    "phi_envelope": 0.9786510981185218,
    "n_valid": 108
  },
  "skewness": {
    "dominant_axis": "envelope",
    "S_allocation": 0.004418986973631175,
    "S_envelope": 0.9612879114164239,
    "S_interaction": 0.03429310160994489,
    "phi_allocation": 0.021565537778603622,
    "phi_envelope": 0.9784344622213963,
    "n_valid": 144
  }
}