label,saved_status,rung1,growth,rung2,rung3,nonoptimal_T,classes,n_structural_zero,n_unresolved,n_resolved_on_retry,agrees_with_saved,status
D44:baseline_start,infeasible;optimal;optimal;optimal;optimal;optimal;optimal;optimal;optimal;optimal;optimal;optimal,infeasible;optimal;optimal;optimal;optimal;optimal;optimal;optimal;optimal;optimal;optimal;optimal,0;0.1117;0.485;0.7259;1.168;1.427;1.446;1.414;1.296;1.108;0.8329;0.2479,infeasible;optimal;optimal;optimal;optimal;optimal;optimal;optimal;optimal;optimal;optimal;optimal,infeasible;optimal;optimal;optimal;optimal;optimal;optimal;optimal;optimal;optimal;optimal;optimal,0,STRUCTURAL_ZERO,1,0,0,True,OK
D44:dTopt_minus_0.02,infeasible;optimal;optimal;optimal;optimal;optimal;optimal;optimal;optimal;optimal;optimal;optimal,infeasible;optimal;optimal;optimal;optimal;optimal;optimal;optimal;optimal;optimal;optimal;optimal,0;0.1125;0.4872;0.7288;1.171;1.427;1.446;1.413;1.295;1.106;0.8306;0.2467,infeasible;optimal;optimal;optimal;optimal;optimal;optimal;optimal;optimal;optimal;optimal;optimal,infeasible;optimal;optimal;optimal;optimal;optimal;optimal;optimal;optimal;optimal;optimal;optimal,0,STRUCTURAL_ZERO,1,0,0,True,OK
D44:dTopt_plus_0.02,infeasible;optimal;optimal;optimal;optimal;optimal;optimal;optimal;optimal;optimal;optimal;optimal,infeasible;optimal;optimal;optimal;optimal;optimal;optimal;optimal;optimal;optimal;optimal;optimal,0;0.1108;0.4828;0.723;1.165;1.426;1.446;1.414;1.297;1.11;0.8352;0.2491,infeasible;optimal;optimal;optimal;optimal;optimal;optimal;optimal;optimal;optimal;optimal;optimal,infeasible;optimal;optimal;optimal;optimal;optimal;optimal;optimal;optimal;optimal;optimal;optimal,0,STRUCTURAL_ZERO,1,0,0,True,OK
D44:dTopt_minus_0.04,infeasible;optimal;optimal;optimal;optimal;optimal;optimal;optimal;optimal;optimal;optimal;optimal,infeasible;optimal;optimal;optimal;optimal;optimal;optimal;optimal;optimal;optimal;optimal;optimal,0;0.1134;0.4895;0.7317;1.174;1.428;1.446;1.413;1.294;1.103;0.8283;0.2455,infeasible;optimal;optimal;optimal;optimal;optimal;optimal;optimal;optimal;optimal;optimal;optimal,infeasible;optimal;optimal;optimal;optimal;optimal;optimal;optimal;optimal;optimal;optimal;optimal,0,STRUCTURAL_ZERO,1,0,0,True,OK
D44:dTopt_plus_0.04,infeasible;optimal;optimal;optimal;optimal;optimal;optimal;optimal;optimal;optimal;optimal;optimal,infeasible;optimal;optimal;optimal;optimal;optimal;optimal;optimal;optimal;optimal;optimal;optimal,0;0.1099;0.4805;0.7201;1.163;1.426;1.446;1.414;1.298;1.112;0.8375;0.2503,infeasible;optimal;optimal;optimal;optimal;optimal;optimal;optimal;optimal;optimal;optimal;optimal,infeasible;optimal;optimal;optimal;optimal;optimal;optimal;optimal;optimal;optimal;optimal;optimal,0,STRUCTURAL_ZERO,1,0,0,True,OK
D44:topt_scale_minus_0.02,infeasible;optimal;optimal;optimal;optimal;optimal;optimal;optimal;optimal;optimal;optimal;optimal,infeasible;optimal;optimal;optimal;optimal;optimal;optimal;optimal;optimal;optimal;optimal;optimal,0;0.1125;0.4874;0.7294;1.172;1.427;1.446;1.413;1.295;1.106;0.8307;0.2469,infeasible;optimal;optimal;optimal;optimal;optimal;optimal;optimal;optimal;optimal;optimal;optimal,infeasible;optimal;optimal;optimal;optimal;optimal;optimal;optimal;optimal;optimal;optimal;optimal,0,STRUCTURAL_ZERO,1,0,0,True,OK
D44:topt_scale_plus_0.02,infeasible;optimal;optimal;optimal;optimal;optimal;optimal;optimal;optimal;optimal;optimal;optimal,infeasible;optimal;optimal;optimal;optimal;optimal;optimal;optimal;optimal;optimal;optimal;optimal,0;0.1108;0.4826;0.7224;1.165;1.426;1.446;1.414;1.297;1.109;0.835;0.2489,infeasible;optimal;optimal;optimal;optimal;optimal;optimal;optimal;optimal;optimal;optimal;optimal,infeasible;optimal;optimal;optimal;optimal;optimal;optimal;optimal;optimal;optimal;optimal;optimal,0,STRUCTURAL_ZERO,1,0,0,True,OK
D44:topt_scale_minus_0.04,infeasible;optimal;optimal;optimal;optimal;optimal;optimal;optimal;optimal;optimal;optimal;optimal,infeasible;optimal;optimal;optimal;optimal;optimal;optimal;optimal;optimal;optimal;optimal;optimal,0;0.1134;0.4899;0.7329;1.175;1.428;1.446;1.413;1.295;1.104;0.8286;0.2459,infeasible;optimal;optimal;optimal;optimal;optimal;optimal;optimal;optimal;optimal;optimal;optimal,infeasible;optimal;optimal;optimal;optimal;optimal;optimal;optimal;optimal;optimal;optimal;optimal,0,STRUCTURAL_ZERO,1,0,0,True,OK
D44:topt_scale_plus_0.04,infeasible;optimal;optimal;optimal;optimal;optimal;optimal;optimal;optimal;optimal;optimal;optimal,infeasible;optimal;optimal;optimal;optimal;optimal;optimal;optimal;optimal;optimal;optimal;optimal,0;0.1099;0.4802;0.719;1.161;1.426;1.446;1.414;1.298;1.111;0.8372;0.2499,infeasible;optimal;optimal;optimal;optimal;optimal;optimal;optimal;optimal;optimal;optimal;optimal,infeasible;optimal;optimal;optimal;optimal;optimal;optimal;optimal;optimal;optimal;optimal;optimal,0,STRUCTURAL_ZERO,1,0,0,True,OK
D44:dCp_scale_minus_0.02,infeasible;optimal;optimal;optimal;optimal;optimal;optimal;optimal;optimal;optimal;optimal;optimal,infeasible;optimal;optimal;optimal;optimal;optimal;optimal;optimal;optimal;optimal;optimal;optimal,0;0.1132;0.488;0.7297;1.171;1.427;1.446;1.414;1.297;1.109;0.8354;0.2497,infeasible;optimal;optimal;optimal;optimal;optimal;optimal;optimal;optimal;optimal;optimal;optimal,infeasible;optimal;optimal;optimal;optimal;optimal;optimal;optimal;optimal;optimal;optimal;optimal,0,STRUCTURAL_ZERO,1,0,0,True,OK
D44:dCp_scale_plus_0.02,infeasible;optimal;optimal;optimal;optimal;optimal;optimal;optimal;optimal;optimal;optimal;optimal,infeasible;optimal;optimal;optimal;optimal;optimal;optimal;optimal;optimal;optimal;optimal;optimal,0;0.1101;0.4819;0.722;1.165;1.427;1.446;1.413;1.295;1.106;0.8303;0.246,infeasible;optimal;optimal;optimal;optimal;optimal;optimal;optimal;optimal;optimal;optimal;optimal,infeasible;optimal;optimal;optimal;optimal;optimal;optimal;optimal;optimal;optimal;optimal;optimal,0,STRUCTURAL_ZERO,1,0,0,True,OK
D44:dCp_scale_minus_0.04,infeasible;optimal;optimal;optimal;optimal;optimal;optimal;optimal;optimal;optimal;optimal;optimal,infeasible;optimal;optimal;optimal;optimal;optimal;optimal;optimal;optimal;optimal;optimal;optimal,0;0.1147;0.4911;0.7335;1.174;1.427;1.446;1.414;1.298;1.111;0.8379;0.2515,infeasible;optimal;optimal;optimal;optimal;optimal;optimal;optimal;optimal;optimal;optimal;optimal,infeasible;optimal;optimal;optimal;optimal;optimal;optimal;optimal;optimal;optimal;optimal;optimal,0,STRUCTURAL_ZERO,1,0,0,True,OK
D44:dCp_scale_plus_0.04,infeasible;optimal;optimal;optimal;optimal;optimal;optimal;optimal;optimal;optimal;optimal;optimal,infeasible;optimal;optimal;optimal;optimal;optimal;optimal;optimal;optimal;optimal;optimal;optimal,0;0.1085;0.4787;0.7183;1.162;1.426;1.446;1.413;1.295;1.104;0.8276;0.2441,infeasible;optimal;optimal;optimal;optimal;optimal;optimal;optimal;optimal;optimal;optimal;optimal,infeasible;optimal;optimal;optimal;optimal;optimal;optimal;optimal;optimal;optimal;optimal;optimal,0,STRUCTURAL_ZERO,1,0,0,True,OK
D44:tm_scale_minus_0.02,infeasible;optimal;optimal;optimal;optimal;optimal;optimal;optimal;optimal;optimal;optimal;optimal,infeasible;optimal;optimal;optimal;optimal;optimal;optimal;optimal;optimal;optimal;optimal;optimal,0;0.1117;0.485;0.7259;1.168;1.427;1.446;1.414;1.296;1.108;0.8334;0.2513,infeasible;optimal;optimal;optimal;optimal;optimal;optimal;optimal;optimal;optimal;optimal;optimal,infeasible;optimal;optimal;optimal;optimal;optimal;optimal;optimal;optimal;optimal;optimal;optimal,0,STRUCTURAL_ZERO,1,0,0,True,OK
D44:tm_scale_plus_0.02,infeasible;optimal;optimal;optimal;optimal;optimal;optimal;optimal;optimal;optimal;optimal;optimal,infeasible;optimal;optimal;optimal;optimal;optimal;optimal;optimal;optimal;optimal;optimal;optimal,0;0.1117;0.485;0.7259;1.168;1.427;1.446;1.413;1.296;1.107;0.8323;0.2445,infeasible;optimal;optimal;optimal;optimal;optimal;optimal;optimal;optimal;optimal;optimal;optimal,infeasible;optimal;optimal;optimal;optimal;optimal;optimal;optimal;optimal;optimal;optimal;optimal,0,STRUCTURAL_ZERO,1,0,0,True,OK
D44:tm_scale_minus_0.04,infeasible;optimal;optimal;optimal;optimal;optimal;optimal;optimal;optimal;optimal;optimal;optimal,infeasible;optimal;optimal;optimal;optimal;optimal;optimal;optimal;optimal;optimal;optimal;optimal,0;0.1117;0.485;0.7259;1.168;1.427;1.446;1.414;1.297;1.109;0.8339;0.2546,infeasible;optimal;optimal;optimal;optimal;optimal;optimal;optimal;optimal;optimal;optimal;optimal,infeasible;optimal;optimal;optimal;optimal;optimal;optimal;optimal;optimal;optimal;optimal;optimal,0,STRUCTURAL_ZERO,1,0,0,True,OK
D44:tm_scale_plus_0.04,infeasible;optimal;optimal;optimal;optimal;optimal;optimal;optimal;optimal;optimal;optimal;optimal,infeasible;optimal;optimal;optimal;optimal;optimal;optimal;optimal;optimal;optimal;optimal;optimal,0;0.1117;0.485;0.7259;1.168;1.427;1.446;1.413;1.296;1.106;0.8318;0.2411,infeasible;optimal;optimal;optimal;optimal;optimal;optimal;optimal;optimal;optimal;optimal;optimal,infeasible;optimal;optimal;optimal;optimal;optimal;optimal;optimal;optimal;optimal;optimal;optimal,0,STRUCTURAL_ZERO,1,0,0,True,OK
D44:kcat_scale_minus_0.02,infeasible;optimal;optimal;optimal;optimal;optimal;optimal;optimal;optimal;optimal;optimal;optimal,infeasible;optimal;optimal;optimal;optimal;optimal;optimal;optimal;optimal;optimal;optimal;optimal,0;0.1106;0.4813;0.7207;1.161;1.423;1.443;1.41;1.293;1.101;0.8276;0.246,infeasible;optimal;optimal;optimal;optimal;optimal;optimal;optimal;optimal;optimal;optimal;optimal,infeasible;optimal;optimal;optimal;optimal;optimal;optimal;optimal;optimal;optimal;optimal;optimal,0,STRUCTURAL_ZERO,1,0,0,True,OK
D44:kcat_scale_plus_0.02,infeasible;optimal;optimal;optimal;optimal;optimal;optimal;optimal;optimal;optimal;optimal;optimal,infeasible;optimal;optimal;optimal;optimal;optimal;optimal;optimal;optimal;optimal;optimal;optimal,0;0.1127;0.4887;0.7312;1.176;1.43;1.449;1.417;1.3;1.114;0.8381;0.2498,infeasible;optimal;optimal;optimal;optimal;optimal;optimal;optimal;optimal;optimal;optimal;optimal,infeasible;optimal;optimal;optimal;optimal;optimal;optimal;optimal;optimal;optimal;optimal;optimal,0,STRUCTURAL_ZERO,1,0,0,True,OK
D44:kcat_scale_minus_0.04,infeasible;optimal;optimal;optimal;optimal;optimal;optimal;optimal;optimal;optimal;optimal;optimal,infeasible;optimal;optimal;optimal;optimal;optimal;optimal;optimal;optimal;optimal;optimal;optimal,0;0.1096;0.4776;0.7154;1.154;1.42;1.44;1.406;1.289;1.095;0.8224;0.2441,infeasible;optimal;optimal;optimal;optimal;optimal;optimal;optimal;optimal;optimal;optimal;optimal,infeasible;optimal;optimal;optimal;optimal;optimal;optimal;optimal;optimal;optimal;optimal;optimal,0,STRUCTURAL_ZERO,1,0,0,True,OK
D44:kcat_scale_plus_0.04,infeasible;optimal;optimal;optimal;optimal;optimal;optimal;optimal;optimal;optimal;optimal;optimal,infeasible;optimal;optimal;optimal;optimal;optimal;optimal;optimal;optimal;optimal;optimal;optimal,0;0.1138;0.4924;0.7365;1.183;1.434;1.452;1.42;1.304;1.12;0.8435;0.2517,infeasible;optimal;optimal;optimal;optimal;optimal;optimal;optimal;optimal;optimal;optimal;optimal,infeasible;optimal;optimal;optimal;optimal;optimal;optimal;optimal;optimal;optimal;optimal;optimal,0,STRUCTURAL_ZERO,1,0,0,True,OK
D44:kappa_scale_minus_0.02,infeasible;optimal;optimal;optimal;optimal;optimal;optimal;optimal;optimal;optimal;optimal;optimal,infeasible;optimal;optimal;optimal;optimal;optimal;optimal;optimal;optimal;optimal;optimal;optimal,0;0.1117;0.485;0.7259;1.168;1.427;1.446;1.414;1.296;1.108;0.8329;0.2479,infeasible;optimal;optimal;optimal;optimal;optimal;optimal;optimal;optimal;optimal;optimal;optimal,infeasible;optimal;optimal;optimal;optimal;optimal;optimal;optimal;optimal;optimal;optimal;optimal,0,STRUCTURAL_ZERO,1,0,0,True,OK
D44:kappa_scale_plus_0.02,infeasible;optimal;optimal;optimal;optimal;optimal;optimal;optimal;optimal;optimal;optimal;optimal,infeasible;optimal;optimal;optimal;optimal;optimal;optimal;optimal;optimal;optimal;optimal;optimal,0;0.1117;0.485;0.7259;1.168;1.427;1.446;1.414;1.296;1.108;0.8329;0.2479,infeasible;optimal;optimal;optimal;optimal;optimal;optimal;optimal;optimal;optimal;optimal;optimal,infeasible;optimal;optimal;optimal;optimal;optimal;optimal;optimal;optimal;optimal;optimal;optimal,0,STRUCTURAL_ZERO,1,0,0,True,OK
D44:kappa_scale_minus_0.04,infeasible;optimal;optimal;optimal;optimal;optimal;optimal;optimal;optimal;optimal;optimal;optimal,infeasible;optimal;optimal;optimal;optimal;optimal;optimal;optimal;optimal;optimal;optimal;optimal,0;0.1117;0.485;0.7259;1.168;1.427;1.446;1.414;1.296;1.108;0.8329;0.2479,infeasible;optimal;optimal;optimal;optimal;optimal;optimal;optimal;optimal;optimal;optimal;optimal,infeasible;optimal;optimal;optimal;optimal;optimal;optimal;optimal;optimal;optimal;optimal;optimal,0,STRUCTURAL_ZERO,1,0,0,True,OK
D44:kappa_scale_plus_0.04,infeasible;optimal;optimal;optimal;optimal;optimal;optimal;optimal;optimal;optimal;optimal;optimal,infeasible;optimal;optimal;optimal;optimal;optimal;optimal;optimal;optimal;optimal;optimal;optimal,0;0.1117;0.485;0.7259;1.168;1.427;1.446;1.414;1.296;1.108;0.8329;0.2479,infeasible;optimal;optimal;optimal;optimal;optimal;optimal;optimal;optimal;optimal;optimal;optimal,infeasible;optimal;optimal;optimal;optimal;optimal;optimal;optimal;optimal;optimal;optimal;optimal,0,STRUCTURAL_ZERO,1,0,0,True,OK
D44:sigma_minus_0.02,infeasible;optimal;optimal;optimal;optimal;optimal;optimal;optimal;optimal;optimal;optimal;optimal,infeasible;optimal;optimal;optimal;optimal;optimal;optimal;optimal;optimal;optimal;optimal;optimal,0;0.1117;0.485;0.7259;1.168;1.421;1.441;1.407;1.29;1.108;0.8329;0.2479,infeasible;optimal;optimal;optimal;optimal;optimal;optimal;optimal;optimal;optimal;optimal;optimal,infeasible;optimal;optimal;optimal;optimal;optimal;optimal;optimal;optimal;optimal;optimal;optimal,0,STRUCTURAL_ZERO,1,0,0,True,OK
D44:sigma_plus_0.02,infeasible;optimal;optimal;optimal;optimal;optimal;optimal;optimal;optimal;optimal;optimal;optimal,infeasible;optimal;optimal;optimal;optimal;optimal;optimal;optimal;optimal;optimal;optimal;optimal,0;0.1117;0.485;0.7259;1.168;1.433;1.452;1.42;1.303;1.108;0.8329;0.2479,infeasible;optimal;optimal;optimal;optimal;optimal;optimal;optimal;optimal;optimal;optimal;optimal,infeasible;optimal;optimal;optimal;optimal;optimal;optimal;optimal;optimal;optimal;optimal;optimal,0,STRUCTURAL_ZERO,1,0,0,True,OK
D44:sigma_minus_0.04,infeasible;optimal;optimal;optimal;optimal;optimal;optimal;optimal;optimal;optimal;optimal;optimal,infeasible;optimal;optimal;optimal;optimal;optimal;optimal;optimal;optimal;optimal;optimal;optimal,0;0.1117;0.485;0.7259;1.161;1.415;1.435;1.401;1.284;1.108;0.8329;0.2479,infeasible;optimal;optimal;optimal;optimal;optimal;optimal;optimal;optimal;optimal;optimal;optimal,infeasible;optimal;optimal;optimal;optimal;optimal;optimal;optimal;optimal;optimal;optimal;optimal,0,STRUCTURAL_ZERO,1,0,0,True,OK
D44:sigma_plus_0.04,infeasible;optimal;optimal;optimal;optimal;optimal;optimal;optimal;optimal;optimal;optimal;optimal,infeasible;optimal;optimal;optimal;optimal;optimal;optimal;optimal;optimal;optimal;optimal;optimal,0;0.1117;0.485;0.7259;1.168;1.44;1.458;1.426;1.31;1.108;0.8329;0.2479,infeasible;optimal;optimal;optimal;optimal;optimal;optimal;optimal;optimal;optimal;optimal;optimal,infeasible;optimal;optimal;optimal;optimal;optimal;optimal;optimal;optimal;optimal;optimal;optimal,0,STRUCTURAL_ZERO,1,0,0,True,OK
D44:f_maint_minus_0.02,infeasible;optimal;optimal;optimal;optimal;optimal;optimal;optimal;optimal;optimal;optimal;optimal,infeasible;optimal;optimal;optimal;optimal;optimal;optimal;optimal;optimal;optimal;optimal;optimal,0;0.1117;0.485;0.726;1.168;1.427;1.446;1.414;1.297;1.108;0.8329;0.2479,infeasible;optimal;optimal;optimal;optimal;optimal;optimal;optimal;optimal;optimal;optimal;optimal,infeasible;optimal;optimal;optimal;optimal;optimal;optimal;optimal;optimal;optimal;optimal;optimal,0,STRUCTURAL_ZERO,1,0,0,True,OK
D44:f_maint_plus_0.02,infeasible;optimal;optimal;optimal;optimal;optimal;optimal;optimal;optimal;optimal;optimal;optimal,infeasible;optimal;optimal;optimal;optimal;optimal;optimal;optimal;optimal;optimal;optimal;optimal,0;0.1116;0.4849;0.7259;1.168;1.426;1.446;1.413;1.296;1.108;0.8328;0.2479,infeasible;optimal;optimal;optimal;optimal;optimal;optimal;optimal;optimal;optimal;optimal;optimal,infeasible;optimal;optimal;optimal;optimal;optimal;optimal;optimal;optimal;optimal;optimal;optimal,0,STRUCTURAL_ZERO,1,0,0,True,OK
D44:f_maint_minus_0.04,infeasible;optimal;optimal;optimal;optimal;optimal;optimal;optimal;optimal;optimal;optimal;optimal,infeasible;optimal;optimal;optimal;optimal;optimal;optimal;optimal;optimal;optimal;optimal;optimal,0;0.1117;0.4851;0.726;1.168;1.428;1.447;1.415;1.297;1.108;0.8329;0.2479,infeasible;optimal;optimal;optimal;optimal;optimal;optimal;optimal;optimal;optimal;optimal;optimal,infeasible;optimal;optimal;optimal;optimal;optimal;optimal;optimal;optimal;optimal;optimal;optimal,0,STRUCTURAL_ZERO,1,0,0,True,OK
D44:f_maint_plus_0.04,infeasible;optimal;optimal;optimal;optimal;optimal;optimal;optimal;optimal;optimal;optimal;optimal,infeasible;optimal;optimal;optimal;optimal;optimal;optimal;optimal;optimal;optimal;optimal;optimal,0;0.1116;0.4849;0.7258;1.168;1.426;1.445;1.412;1.295;1.107;0.8328;0.2478,infeasible;optimal;optimal;optimal;optimal;optimal;optimal;optimal;optimal;optimal;optimal;optimal,infeasible;optimal;optimal;optimal;optimal;optimal;optimal;optimal;optimal;optimal;optimal;optimal,0,STRUCTURAL_ZERO,1,0,0,True,OK
D44:ngam_scale_minus_0.02,infeasible;optimal;optimal;optimal;optimal;optimal;optimal;optimal;optimal;optimal;optimal;optimal,infeasible;optimal;optimal;optimal;optimal;optimal;optimal;optimal;optimal;optimal;optimal;optimal,0;0.1118;0.4851;0.7261;1.168;1.427;1.446;1.414;1.296;1.108;0.833;0.2479,infeasible;optimal;optimal;optimal;optimal;optimal;optimal;optimal;optimal;optimal;optimal;optimal,infeasible;optimal;optimal;optimal;optimal;optimal;optimal;optimal;optimal;optimal;optimal;optimal,0,STRUCTURAL_ZERO,1,0,0,True,OK
D44:ngam_scale_plus_0.02,infeasible;optimal;optimal;optimal;optimal;optimal;optimal;optimal;optimal;optimal;optimal;optimal,infeasible;optimal;optimal;optimal;optimal;optimal;optimal;optimal;optimal;optimal;optimal;optimal,0;0.1115;0.4848;0.7258;1.168;1.427;1.446;1.413;1.296;1.107;0.8327;0.2478,infeasible;optimal;optimal;optimal;optimal;optimal;optimal;optimal;optimal;optimal;optimal;optimal,infeasible;optimal;optimal;optimal;optimal;optimal;optimal;optimal;optimal;optimal;optimal;optimal,0,STRUCTURAL_ZERO,1,0,0,True,OK
D44:ngam_scale_minus_0.04,infeasible;optimal;optimal;optimal;optimal;optimal;optimal;optimal;optimal;optimal;optimal;optimal,infeasible;optimal;optimal;optimal;optimal;optimal;optimal;optimal;optimal;optimal;optimal;optimal,0;0.1119;0.4853;0.7262;1.168;1.427;1.446;1.414;1.297;1.108;0.8331;0.248,infeasible;optimal;optimal;optimal;optimal;optimal;optimal;optimal;optimal;optimal;optimal;optimal,infeasible;optimal;optimal;optimal;optimal;optimal;optimal;optimal;optimal;optimal;optimal;optimal,0,STRUCTURAL_ZERO,1,0,0,True,OK
D44:ngam_scale_plus_0.04,infeasible;optimal;optimal;optimal;optimal;optimal;optimal;optimal;optimal;optimal;optimal;optimal,infeasible;optimal;optimal;optimal;optimal;optimal;optimal;optimal;optimal;optimal;optimal;optimal,0;0.1114;0.4847;0.7256;1.168;1.427;1.446;1.413;1.296;1.107;0.8326;0.2478,infeasible;optimal;optimal;optimal;optimal;optimal;optimal;optimal;optimal;optimal;optimal;optimal,infeasible;optimal;optimal;optimal;optimal;optimal;optimal;optimal;optimal;optimal;optimal;optimal,0,STRUCTURAL_ZERO,1,0,0,True,OK
D44:ngam_steepness_minus_0.02,infeasible;optimal;optimal;optimal;optimal;optimal;optimal;optimal;optimal;optimal;optimal;optimal,infeasible;optimal;optimal;optimal;optimal;optimal;optimal;optimal;optimal;optimal;optimal;optimal,0;0.1117;0.485;0.726;1.168;1.427;1.446;1.414;1.296;1.108;0.833;0.2479,infeasible;optimal;optimal;optimal;optimal;optimal;optimal;optimal;optimal;optimal;optimal;optimal,infeasible;optimal;optimal;optimal;optimal;optimal;optimal;optimal;optimal;optimal;optimal;optimal,0,STRUCTURAL_ZERO,1,0,0,True,OK
D44:ngam_steepness_plus_0.02,infeasible;optimal;optimal;optimal;optimal;optimal;optimal;optimal;optimal;optimal;optimal;optimal,infeasible;optimal;optimal;optimal;optimal;optimal;optimal;optimal;optimal;optimal;optimal;optimal,0;0.1117;0.485;0.7259;1.168;1.427;1.446;1.413;1.296;1.107;0.8328;0.2478,infeasible;optimal;optimal;optimal;optimal;optimal;optimal;optimal;optimal;optimal;optimal;optimal,infeasible;optimal;optimal;optimal;optimal;optimal;optimal;optimal;optimal;optimal;optimal;optimal,0,STRUCTURAL_ZERO,1,0,0,True,OK
D44:ngam_steepness_minus_0.04,infeasible;optimal;optimal;optimal;optimal;optimal;optimal;optimal;optimal;optimal;optimal;optimal,infeasible;optimal;optimal;optimal;optimal;optimal;optimal;optimal;optimal;optimal;optimal;optimal,0;0.1117;0.485;0.726;1.168;1.427;1.446;1.414;1.296;1.108;0.833;0.2479,infeasible;optimal;optimal;optimal;optimal;optimal;optimal;optimal;optimal;optimal;optimal;optimal,infeasible;optimal;optimal;optimal;optimal;optimal;optimal;optimal;optimal;optimal;optimal;optimal,0,STRUCTURAL_ZERO,1,0,0,True,OK
D44:ngam_steepness_plus_0.04,infeasible;optimal;optimal;optimal;optimal;optimal;optimal;optimal;optimal;optimal;optimal;optimal,infeasible;optimal;optimal;optimal;optimal;optimal;optimal;optimal;optimal;optimal;optimal;optimal,0;0.1117;0.485;0.7258;1.168;1.427;1.446;1.413;1.296;1.107;0.8327;0.2478,infeasible;optimal;optimal;optimal;optimal;optimal;optimal;optimal;optimal;optimal;optimal;optimal,infeasible;optimal;optimal;optimal;optimal;optimal;optimal;optimal;optimal;optimal;optimal;optimal,0,STRUCTURAL_ZERO,1,0,0,True,OK
D44:clearance_mult_minus_0.02,infeasible;optimal;optimal;optimal;optimal;optimal;optimal;optimal;optimal;optimal;optimal;optimal,infeasible;optimal;optimal;optimal;optimal;optimal;optimal;optimal;optimal;optimal;optimal;optimal,0;0.1116;0.4848;0.7256;1.167;1.426;1.445;1.413;1.296;1.106;0.8324;0.2478,infeasible;optimal;optimal;optimal;optimal;optimal;optimal;optimal;optimal;optimal;optimal;optimal,infeasible;optimal;optimal;optimal;optimal;optimal;optimal;optimal;optimal;optimal;optimal;optimal,0,STRUCTURAL_ZERO,1,0,0,True,OK
D44:clearance_mult_plus_0.02,infeasible;optimal;optimal;optimal;optimal;optimal;optimal;optimal;optimal;optimal;optimal;optimal,infeasible;optimal;optimal;optimal;optimal;optimal;optimal;optimal;optimal;optimal;optimal;optimal,0;0.1117;0.4851;0.7262;1.169;1.428;1.447;1.414;1.297;1.109;0.8333;0.2479,infeasible;optimal;optimal;optimal;optimal;optimal;optimal;optimal;optimal;optimal;optimal;optimal,infeasible;optimal;optimal;optimal;optimal;optimal;optimal;optimal;optimal;optimal;optimal;optimal,0,STRUCTURAL_ZERO,1,0,0,True,OK
D44:clearance_mult_minus_0.04,infeasible;optimal;optimal;optimal;optimal;optimal;optimal;optimal;optimal;optimal;optimal;optimal,infeasible;optimal;optimal;optimal;optimal;optimal;optimal;optimal;optimal;optimal;optimal;optimal,0;0.1115;0.4846;0.7254;1.166;1.425;1.444;1.412;1.295;1.105;0.832;0.2478,infeasible;optimal;optimal;optimal;optimal;optimal;optimal;optimal;optimal;optimal;optimal;optimal,infeasible;optimal;optimal;optimal;optimal;optimal;optimal;optimal;optimal;optimal;optimal;optimal,0,STRUCTURAL_ZERO,1,0,0,True,OK
D44:clearance_mult_plus_0.04,infeasible;optimal;optimal;optimal;optimal;optimal;optimal;optimal;optimal;optimal;optimal;optimal,infeasible;optimal;optimal;optimal;optimal;optimal;optimal;optimal;optimal;optimal;optimal;optimal,0;0.1118;0.4853;0.7264;1.17;1.428;1.448;1.415;1.298;1.11;0.8337;0.248,infeasible;optimal;optimal;optimal;optimal;optimal;optimal;optimal;optimal;optimal;optimal;optimal,infeasible;optimal;optimal;optimal;optimal;optimal;optimal;optimal;optimal;optimal;optimal;optimal,0,STRUCTURAL_ZERO,1,0,0,True,OK
D44:resp_scale_minus_0.02,infeasible;optimal;optimal;optimal;optimal;optimal;optimal;optimal;optimal;optimal;optimal;optimal,infeasible;optimal;optimal;optimal;optimal;optimal;optimal;optimal;optimal;optimal;optimal;optimal,0;0.1117;0.485;0.7259;1.168;1.427;1.446;1.414;1.296;1.108;0.8329;0.2479,infeasible;optimal;optimal;optimal;optimal;optimal;optimal;optimal;optimal;optimal;optimal;optimal,infeasible;optimal;optimal;optimal;optimal;optimal;optimal;optimal;optimal;optimal;optimal;optimal,0,STRUCTURAL_ZERO,1,0,0,True,OK
D44:resp_scale_plus_0.02,infeasible;optimal;optimal;optimal;optimal;optimal;optimal;optimal;optimal;optimal;optimal;optimal,infeasible;optimal;optimal;optimal;optimal;optimal;optimal;optimal;optimal;optimal;optimal;optimal,0;0.1117;0.485;0.7259;1.168;1.427;1.446;1.414;1.296;1.108;0.8329;0.2479,infeasible;optimal;optimal;optimal;optimal;optimal;optimal;optimal;optimal;optimal;optimal;optimal,infeasible;optimal;optimal;optimal;optimal;optimal;optimal;optimal;optimal;optimal;optimal;optimal,0,STRUCTURAL_ZERO,1,0,0,True,OK
D44:resp_scale_minus_0.04,infeasible;optimal;optimal;optimal;optimal;optimal;optimal;optimal;optimal;optimal;optimal;optimal,infeasible;optimal;optimal;optimal;optimal;optimal;optimal;optimal;optimal;optimal;optimal;optimal,0;0.1117;0.485;0.7259;1.168;1.427;1.446;1.414;1.296;1.108;0.8329;0.2479,infeasible;optimal;optimal;optimal;optimal;optimal;optimal;optimal;optimal;optimal;optimal;optimal,infeasible;optimal;optimal;optimal;optimal;optimal;optimal;optimal;optimal;optimal;optimal;optimal,0,STRUCTURAL_ZERO,1,0,0,True,OK
D44:resp_scale_plus_0.04,infeasible;optimal;optimal;optimal;optimal;optimal;optimal;optimal;optimal;optimal;optimal;optimal,infeasible;optimal;optimal;optimal;optimal;optimal;optimal;optimal;optimal;optimal;optimal;optimal,0;0.1117;0.485;0.7259;1.168;1.427;1.446;1.414;1.296;1.108;0.8329;0.2479,infeasible;optimal;optimal;optimal;optimal;optimal;optimal;optimal;optimal;optimal;optimal;optimal,infeasible;optimal;optimal;optimal;optimal;optimal;optimal;optimal;optimal;optimal;optimal;optimal,0,STRUCTURAL_ZERO,1,0,0,True,OK
D44:disc_resp_minus_0.02,infeasible;optimal;optimal;optimal;optimal;optimal;optimal;optimal;optimal;optimal;optimal;optimal,infeasible;optimal;optimal;optimal;optimal;optimal;optimal;optimal;optimal;optimal;optimal;optimal,0;0.1117;0.485;0.7259;1.168;1.427;1.446;1.414;1.296;1.108;0.8329;0.2479,infeasible;optimal;optimal;optimal;optimal;optimal;optimal;optimal;optimal;optimal;optimal;optimal,infeasible;optimal;optimal;optimal;optimal;optimal;optimal;optimal;optimal;optimal;optimal;optimal,0,STRUCTURAL_ZERO,1,0,0,True,OK
D44:disc_resp_plus_0.02,infeasible;optimal;optimal;optimal;optimal;optimal;optimal;optimal;optimal;optimal;optimal;optimal,infeasible;optimal;optimal;optimal;optimal;optimal;optimal;optimal;optimal;optimal;optimal;optimal,0;0.1117;0.485;0.7259;1.168;1.427;1.446;1.414;1.296;1.108;0.8329;0.2479,infeasible;optimal;optimal;optimal;optimal;optimal;optimal;optimal;optimal;optimal;optimal;optimal,infeasible;optimal;optimal;optimal;optimal;optimal;optimal;optimal;optimal;optimal;optimal;optimal,0,STRUCTURAL_ZERO,1,0,0,True,OK
D44:disc_resp_minus_0.04,infeasible;optimal;optimal;optimal;optimal;optimal;optimal;optimal;optimal;optimal;optimal;optimal,infeasible;optimal;optimal;optimal;optimal;optimal;optimal;optimal;optimal;optimal;optimal;optimal,0;0.1117;0.485;0.7259;1.168;1.427;1.446;1.414;1.296;1.108;0.8329;0.2479,infeasible;optimal;optimal;optimal;optimal;optimal;optimal;optimal;optimal;optimal;optimal;optimal,infeasible;optimal;optimal;optimal;optimal;optimal;optimal;optimal;optimal;optimal;optimal;optimal,0,STRUCTURAL_ZERO,1,0,0,True,OK
D44:disc_resp_plus_0.04,infeasible;optimal;optimal;optimal;optimal;optimal;optimal;optimal;optimal;optimal;optimal;optimal,infeasible;optimal;optimal;optimal;optimal;optimal;optimal;optimal;optimal;optimal;optimal;optimal,0;0.1117;0.485;0.7259;1.168;1.427;1.446;1.414;1.296;1.108;0.8329;0.2479,infeasible;optimal;optimal;optimal;optimal;optimal;optimal;optimal;optimal;optimal;optimal;optimal,infeasible;optimal;optimal;optimal;optimal;optimal;optimal;optimal;optimal;optimal;optimal;optimal,0,STRUCTURAL_ZERO,1,0,0,True,OK
D44:disc_growth_minus_0.02,infeasible;optimal;optimal;optimal;optimal;optimal;optimal;optimal;optimal;optimal;optimal;optimal,infeasible;optimal;optimal;optimal;optimal;optimal;optimal;optimal;optimal;optimal;optimal;optimal,0;0.1117;0.485;0.7259;1.168;1.427;1.446;1.414;1.296;1.108;0.8329;0.2479,infeasible;optimal;optimal;optimal;optimal;optimal;optimal;optimal;optimal;optimal;optimal;optimal,infeasible;optimal;optimal;optimal;optimal;optimal;optimal;optimal;optimal;optimal;optimal;optimal,0,STRUCTURAL_ZERO,1,0,0,True,OK
D44:disc_growth_plus_0.02,infeasible;optimal;optimal;optimal;optimal;optimal;optimal;optimal;optimal;optimal;optimal;optimal,infeasible;optimal;optimal;optimal;optimal;optimal;optimal;optimal;optimal;optimal;optimal;optimal,0;0.1117;0.485;0.7259;1.168;1.427;1.446;1.414;1.296;1.108;0.8329;0.2479,infeasible;optimal;optimal;optimal;optimal;optimal;optimal;optimal;optimal;optimal;optimal;optimal,infeasible;optimal;optimal;optimal;optimal;optimal;optimal;optimal;optimal;optimal;optimal;optimal,0,STRUCTURAL_ZERO,1,0,0,True,OK
D44:disc_growth_minus_0.04,infeasible;optimal;optimal;optimal;optimal;optimal;optimal;optimal;optimal;optimal;optimal;optimal,infeasible;optimal;optimal;optimal;optimal;optimal;optimal;optimal;optimal;optimal;optimal;optimal,0;0.1117;0.485;0.7259;1.168;1.427;1.446;1.414;1.296;1.108;0.8329;0.2479,infeasible;optimal;optimal;optimal;optimal;optimal;optimal;optimal;optimal;optimal;optimal;optimal,infeasible;optimal;optimal;optimal;optimal;optimal;optimal;optimal;optimal;optimal;optimal;optimal,0,STRUCTURAL_ZERO,1,0,0,True,OK
D44:disc_growth_plus_0.04,infeasible;optimal;optimal;optimal;optimal;optimal;optimal;optimal;optimal;optimal;optimal;optimal,infeasible;optimal;optimal;optimal;optimal;optimal;optimal;optimal;optimal;optimal;optimal;optimal,0;0.1117;0.485;0.7259;1.168;1.427;1.446;1.414;1.296;1.108;0.8329;0.2479,infeasible;optimal;optimal;optimal;optimal;optimal;optimal;optimal;optimal;optimal;optimal;optimal,infeasible;optimal;optimal;optimal;optimal;optimal;optimal;optimal;optimal;optimal;optimal;optimal,0,STRUCTURAL_ZERO,1,0,0,True,OK
D44:baseline_end,infeasible;optimal;optimal;optimal;optimal;optimal;optimal;optimal;optimal;optimal;optimal;optimal,infeasible;optimal;optimal;optimal;optimal;optimal;optimal;optimal;optimal;optimal;optimal;optimal,0;0.1117;0.485;0.7259;1.168;1.427;1.446;1.414;1.296;1.108;0.8329;0.2479,infeasible;optimal;optimal;optimal;optimal;optimal;optimal;optimal;optimal;optimal;optimal;optimal,infeasible;optimal;optimal;optimal;optimal;optimal;optimal;optimal;optimal;optimal;optimal;optimal,0,STRUCTURAL_ZERO,1,0,0,True,OK
stratum:red1:8285,infeasible;infeasible;infeasible;infeasible;infeasible;infeasible;infeasible;infeasible;infeasible;infeasible;infeasible;infeasible,infeasible;infeasible;infeasible;infeasible;infeasible;infeasible;infeasible;infeasible;infeasible;infeasible;infeasible;infeasible,0;0;0;0;0;0;0;0;0;0;0;0,infeasible;infeasible;infeasible;infeasible;infeasible;infeasible;infeasible;infeasible;infeasible;infeasible;infeasible;infeasible,infeasible;infeasible;infeasible;infeasible;infeasible;infeasible;infeasible;infeasible;infeasible;infeasible;infeasible;infeasible,0;1;2;3;4;5;6;7;8;9;10;11,STRUCTURAL_ZERO;STRUCTURAL_ZERO;STRUCTURAL_ZERO;STRUCTURAL_ZERO;STRUCTURAL_ZERO;STRUCTURAL_ZERO;STRUCTURAL_ZERO;STRUCTURAL_ZERO;STRUCTURAL_ZERO;STRUCTURAL_ZERO;STRUCTURAL_ZERO;STRUCTURAL_ZERO,12,0,0,True,OK
stratum:red1:8285,infeasible;infeasible;infeasible;infeasible;infeasible;infeasible;infeasible;infeasible;infeasible;infeasible;infeasible;infeasible,infeasible;infeasible;infeasible;infeasible;infeasible;infeasible;infeasible;infeasible;infeasible;infeasible;infeasible;infeasible,0;0;0;0;0;0;0;0;0;0;0;0,infeasible;infeasible;infeasible;infeasible;infeasible;infeasible;infeasible;infeasible;infeasible;infeasible;infeasible;infeasible,infeasible;infeasible;infeasible;infeasible;infeasible;infeasible;infeasible;infeasible;infeasible;infeasible;infeasible;infeasible,0;1;2;3;4;5;6;7;8;9;10;11,STRUCTURAL_ZERO;STRUCTURAL_ZERO;STRUCTURAL_ZERO;STRUCTURAL_ZERO;STRUCTURAL_ZERO;STRUCTURAL_ZERO;STRUCTURAL_ZERO;STRUCTURAL_ZERO;STRUCTURAL_ZERO;STRUCTURAL_ZERO;STRUCTURAL_ZERO;STRUCTURAL_ZERO,12,0,0,True,OK
stratum:red1:8285,infeasible;infeasible;infeasible;infeasible;infeasible;infeasible;infeasible;infeasible;infeasible;infeasible;infeasible;infeasible,infeasible;infeasible;infeasible;infeasible;infeasible;infeasible;infeasible;infeasible;infeasible;infeasible;infeasible;infeasible,0;0;0;0;0;0;0;0;0;0;0;0,infeasible;infeasible;infeasible;infeasible;infeasible;infeasible;infeasible;infeasible;infeasible;infeasible;infeasible;infeasible,infeasible;infeasible;infeasible;infeasible;infeasible;infeasible;infeasible;infeasible;infeasible;infeasible;infeasible;infeasible,0;1;2;3;4;5;6;7;8;9;10;11,STRUCTURAL_ZERO;STRUCTURAL_ZERO;STRUCTURAL_ZERO;STRUCTURAL_ZERO;STRUCTURAL_ZERO;STRUCTURAL_ZERO;STRUCTURAL_ZERO;STRUCTURAL_ZERO;STRUCTURAL_ZERO;STRUCTURAL_ZERO;STRUCTURAL_ZERO;STRUCTURAL_ZERO,12,0,0,True,OK
stratum:red2:9051,infeasible;infeasible;infeasible;infeasible;infeasible;infeasible;infeasible;infeasible;infeasible;infeasible;infeasible;infeasible,infeasible;infeasible;infeasible;infeasible;infeasible;infeasible;infeasible;infeasible;infeasible;infeasible;infeasible;infeasible,0;0;0;0;0;0;0;0;0;0;0;0,infeasible;infeasible;infeasible;infeasible;infeasible;infeasible;infeasible;infeasible;infeasible;infeasible;infeasible;infeasible,infeasible;infeasible;infeasible;infeasible;infeasible;infeasible;infeasible;infeasible;infeasible;infeasible;infeasible;infeasible,0;1;2;3;4;5;6;7;8;9;10;11,STRUCTURAL_ZERO;STRUCTURAL_ZERO;STRUCTURAL_ZERO;STRUCTURAL_ZERO;STRUCTURAL_ZERO;STRUCTURAL_ZERO;STRUCTURAL_ZERO;STRUCTURAL_ZERO;STRUCTURAL_ZERO;STRUCTURAL_ZERO;STRUCTURAL_ZERO;STRUCTURAL_ZERO,12,0,0,True,OK
stratum:red2:9051,infeasible;infeasible;infeasible;infeasible;infeasible;infeasible;infeasible;infeasible;infeasible;infeasible;infeasible;infeasible,infeasible;infeasible;infeasible;infeasible;infeasible;infeasible;infeasible;infeasible;infeasible;infeasible;infeasible;infeasible,0;0;0;0;0;0;0;0;0;0;0;0,infeasible;infeasible;infeasible;infeasible;infeasible;infeasible;infeasible;infeasible;infeasible;infeasible;infeasible;infeasible,infeasible;infeasible;infeasible;infeasible;infeasible;infeasible;infeasible;infeasible;infeasible;infeasible;infeasible;infeasible,0;1;2;3;4;5;6;7;8;9;10;11,STRUCTURAL_ZERO;STRUCTURAL_ZERO;STRUCTURAL_ZERO;STRUCTURAL_ZERO;STRUCTURAL_ZERO;STRUCTURAL_ZERO;STRUCTURAL_ZERO;STRUCTURAL_ZERO;STRUCTURAL_ZERO;STRUCTURAL_ZERO;STRUCTURAL_ZERO;STRUCTURAL_ZERO,12,0,0,True,OK
stratum:red2:9051,infeasible;infeasible;infeasible;infeasible;infeasible;infeasible;infeasible;infeasible;infeasible;infeasible;infeasible;infeasible,infeasible;infeasible;infeasible;infeasible;infeasible;infeasible;infeasible;infeasible;infeasible;infeasible;infeasible;infeasible,0;0;0;0;0;0;0;0;0;0;0;0,infeasible;infeasible;infeasible;infeasible;infeasible;infeasible;infeasible;infeasible;infeasible;infeasible;infeasible;infeasible,infeasible;infeasible;infeasible;infeasible;infeasible;infeasible;infeasible;infeasible;infeasible;infeasible;infeasible;infeasible,0;1;2;3;4;5;6;7;8;9;10;11,STRUCTURAL_ZERO;STRUCTURAL_ZERO;STRUCTURAL_ZERO;STRUCTURAL_ZERO;STRUCTURAL_ZERO;STRUCTURAL_ZERO;STRUCTURAL_ZERO;STRUCTURAL_ZERO;STRUCTURAL_ZERO;STRUCTURAL_ZERO;STRUCTURAL_ZERO;STRUCTURAL_ZERO,12,0,0,True,OK
red2_6800:0,,infeasible;optimal;optimal;optimal;optimal;optimal;optimal;optimal;optimal;optimal;optimal;optimal,0;0.07979;0.409;0.6331;1.071;1.413;1.44;1.41;1.291;1.085;0.807;0.242,infeasible;optimal;optimal;optimal;optimal;optimal;optimal;optimal;optimal;optimal;optimal;optimal,infeasible;optimal;optimal;optimal;optimal;optimal;optimal;optimal;optimal;optimal;optimal;optimal,0,STRUCTURAL_ZERO,1,0,0,,OK
red2_6800:1,,infeasible;infeasible;infeasible;infeasible;infeasible;infeasible;infeasible;infeasible;infeasible;infeasible;infeasible;infeasible,0;0;0;0;0;0;0;0;0;0;0;0,infeasible;infeasible;infeasible;infeasible;infeasible;infeasible;infeasible;infeasible;infeasible;infeasible;infeasible;infeasible,infeasible;infeasible;infeasible;infeasible;infeasible;infeasible;infeasible;infeasible;infeasible;infeasible;infeasible;infeasible,0;1;2;3;4;5;6;7;8;9;10;11,STRUCTURAL_ZERO;STRUCTURAL_ZERO;STRUCTURAL_ZERO;STRUCTURAL_ZERO;STRUCTURAL_ZERO;STRUCTURAL_ZERO;STRUCTURAL_ZERO;STRUCTURAL_ZERO;STRUCTURAL_ZERO;STRUCTURAL_ZERO;STRUCTURAL_ZERO;STRUCTURAL_ZERO,12,0,0,,OK
red2_6800:2,,infeasible;optimal;optimal;optimal;optimal;optimal;optimal;optimal;optimal;optimal;optimal;optimal,0;0.0517;0.3738;0.6353;1.005;1.41;1.469;1.485;1.401;1.239;0.4996;0.001738,infeasible;optimal;optimal;optimal;optimal;optimal;optimal;optimal;optimal;optimal;optimal;optimal,infeasible;optimal;optimal;optimal;optimal;optimal;optimal;optimal;optimal;optimal;optimal;optimal,0,STRUCTURAL_ZERO,1,0,0,,OK
red2_6800:3,,infeasible;infeasible;infeasible;infeasible;infeasible;infeasible;infeasible;infeasible;infeasible;infeasible;infeasible;infeasible,0;0;0;0;0;0;0;0;0;0;0;0,infeasible;infeasible;infeasible;infeasible;infeasible;infeasible;infeasible;infeasible;infeasible;infeasible;infeasible;infeasible,infeasible;infeasible;infeasible;infeasible;infeasible;infeasible;infeasible;infeasible;infeasible;infeasible;infeasible;infeasible,0;1;2;3;4;5;6;7;8;9;10;11,STRUCTURAL_ZERO;STRUCTURAL_ZERO;STRUCTURAL_ZERO;STRUCTURAL_ZERO;STRUCTURAL_ZERO;STRUCTURAL_ZERO;STRUCTURAL_ZERO;STRUCTURAL_ZERO;STRUCTURAL_ZERO;STRUCTURAL_ZERO;STRUCTURAL_ZERO;STRUCTURAL_ZERO,12,0,0,,OK
red2_6800:4,,infeasible;infeasible;infeasible;infeasible;infeasible;infeasible;infeasible;infeasible;infeasible;infeasible;infeasible;infeasible,0;0;0;0;0;0;0;0;0;0;0;0,infeasible;infeasible;infeasible;infeasible;infeasible;infeasible;infeasible;infeasible;infeasible;infeasible;infeasible;infeasible,infeasible;infeasible;infeasible;infeasible;infeasible;infeasible;infeasible;infeasible;infeasible;infeasible;infeasible;infeasible,0;1;2;3;4;5;6;7;8;9;10;11,STRUCTURAL_ZERO;STRUCTURAL_ZERO;STRUCTURAL_ZERO;STRUCTURAL_ZERO;STRUCTURAL_ZERO;STRUCTURAL_ZERO;STRUCTURAL_ZERO;STRUCTURAL_ZERO;STRUCTURAL_ZERO;STRUCTURAL_ZERO;STRUCTURAL_ZERO;STRUCTURAL_ZERO,12,0,0,,OK
red2_6800:5,,infeasible;infeasible;infeasible;infeasible;infeasible;infeasible;infeasible;infeasible;infeasible;infeasible;infeasible;infeasible,0;0;0;0;0;0;0;0;0;0;0;0,infeasible;infeasible;infeasible;infeasible;infeasible;infeasible;infeasible;infeasible;infeasible;infeasible;infeasible;infeasible,infeasible;infeasible;infeasible;infeasible;infeasible;infeasible;infeasible;infeasible;infeasible;infeasible;infeasible;infeasible,0;1;2;3;4;5;6;7;8;9;10;11,STRUCTURAL_ZERO;STRUCTURAL_ZERO;STRUCTURAL_ZERO;STRUCTURAL_ZERO;STRUCTURAL_ZERO;STRUCTURAL_ZERO;STRUCTURAL_ZERO;STRUCTURAL_ZERO;STRUCTURAL_ZERO;STRUCTURAL_ZERO;STRUCTURAL_ZERO;STRUCTURAL_ZERO,12,0,0,,OK
red2_6800:6,,infeasible;infeasible;infeasible;infeasible;infeasible;infeasible;infeasible;infeasible;infeasible;infeasible;infeasible;infeasible,0;0;0;0;0;0;0;0;0;0;0;0,infeasible;infeasible;infeasible;infeasible;infeasible;infeasible;infeasible;infeasible;infeasible;infeasible;infeasible;infeasible,infeasible;infeasible;infeasible;infeasible;infeasible;infeasible;infeasible;infeasible;infeasible;infeasible;infeasible;infeasible,0;1;2;3;4;5;6;7;8;9;10;11,STRUCTURAL_ZERO;STRUCTURAL_ZERO;STRUCTURAL_ZERO;STRUCTURAL_ZERO;STRUCTURAL_ZERO;STRUCTURAL_ZERO;STRUCTURAL_ZERO;STRUCTURAL_ZERO;STRUCTURAL_ZERO;STRUCTURAL_ZERO;STRUCTURAL_ZERO;STRUCTURAL_ZERO,12,0,0,,OK
red2_6800:7,,infeasible;infeasible;infeasible;infeasible;infeasible;infeasible;infeasible;infeasible;infeasible;infeasible;infeasible;infeasible,0;0;0;0;0;0;0;0;0;0;0;0,infeasible;infeasible;infeasible;infeasible;infeasible;infeasible;infeasible;infeasible;infeasible;infeasible;infeasible;infeasible,infeasible;infeasible;infeasible;infeasible;infeasible;infeasible;infeasible;infeasible;infeasible;infeasible;infeasible;infeasible,0;1;2;3;4;5;6;7;8;9;10;11,STRUCTURAL_ZERO;STRUCTURAL_ZERO;STRUCTURAL_ZERO;STRUCTURAL_ZERO;STRUCTURAL_ZERO;STRUCTURAL_ZERO;STRUCTURAL_ZERO;STRUCTURAL_ZERO;STRUCTURAL_ZERO;STRUCTURAL_ZERO;STRUCTURAL_ZERO;STRUCTURAL_ZERO,12,0,0,,OK
red2_6800:8,,infeasible;infeasible;infeasible;infeasible;infeasible;infeasible;infeasible;infeasible;infeasible;infeasible;infeasible;infeasible,0;0;0;0;0;0;0;0;0;0;0;0,infeasible;infeasible;infeasible;infeasible;infeasible;infeasible;infeasible;infeasible;infeasible;infeasible;infeasible;infeasible,infeasible;infeasible;infeasible;infeasible;infeasible;infeasible;infeasible;infeasible;infeasible;infeasible;infeasible;infeasible,0;1;2;3;4;5;6;7;8;9;10;11,STRUCTURAL_ZERO;STRUCTURAL_ZERO;STRUCTURAL_ZERO;STRUCTURAL_ZERO;STRUCTURAL_ZERO;STRUCTURAL_ZERO;STRUCTURAL_ZERO;STRUCTURAL_ZERO;STRUCTURAL_ZERO;STRUCTURAL_ZERO;STRUCTURAL_ZERO;STRUCTURAL_ZERO,12,0,0,,OK
red2_6800:9,,infeasible;infeasible;infeasible;infeasible;infeasible;infeasible;infeasible;infeasible;infeasible;infeasible;infeasible;infeasible,0;0;0;0;0;0;0;0;0;0;0;0,infeasible;infeasible;infeasible;infeasible;infeasible;infeasible;infeasible;infeasible;infeasible;infeasible;infeasible;infeasible,infeasible;infeasible;infeasible;infeasible;infeasible;infeasible;infeasible;infeasible;infeasible;infeasible;infeasible;infeasible,0;1;2;3;4;5;6;7;8;9;10;11,STRUCTURAL_ZERO;STRUCTURAL_ZERO;STRUCTURAL_ZERO;STRUCTURAL_ZERO;STRUCTURAL_ZERO;STRUCTURAL_ZERO;STRUCTURAL_ZERO;STRUCTURAL_ZERO;STRUCTURAL_ZERO;STRUCTURAL_ZERO;STRUCTURAL_ZERO;STRUCTURAL_ZERO,12,0,0,,OK
red2_6800:10,,infeasible;infeasible;infeasible;infeasible;infeasible;infeasible;infeasible;infeasible;infeasible;infeasible;infeasible;infeasible,0;0;0;0;0;0;0;0;0;0;0;0,infeasible;infeasible;infeasible;infeasible;infeasible;infeasible;infeasible;infeasible;infeasible;infeasible;infeasible;infeasible,infeasible;infeasible;infeasible;infeasible;infeasible;infeasible;infeasible;infeasible;infeasible;infeasible;infeasible;infeasible,0;1;2;3;4;5;6;7;8;9;10;11,STRUCTURAL_ZERO;STRUCTURAL_ZERO;STRUCTURAL_ZERO;STRUCTURAL_ZERO;STRUCTURAL_ZERO;STRUCTURAL_ZERO;STRUCTURAL_ZERO;STRUCTURAL_ZERO;STRUCTURAL_ZERO;STRUCTURAL_ZERO;STRUCTURAL_ZERO;STRUCTURAL_ZERO,12,0,0,,OK
red2_6800:11,,infeasible;infeasible;infeasible;infeasible;infeasible;infeasible;infeasible;infeasible;infeasible;infeasible;infeasible;infeasible,0;0;0;0;0;0;0;0;0;0;0;0,infeasible;infeasible;infeasible;infeasible;infeasible;infeasible;infeasible;infeasible;infeasible;infeasible;infeasible;infeasible,infeasible;infeasible;infeasible;infeasible;infeasible;infeasible;infeasible;infeasible;infeasible;infeasible;infeasible;infeasible,0;1;2;3;4;5;6;7;8;9;10;11,STRUCTURAL_ZERO;STRUCTURAL_ZERO;STRUCTURAL_ZERO;STRUCTURAL_ZERO;STRUCTURAL_ZERO;STRUCTURAL_ZERO;STRUCTURAL_ZERO;STRUCTURAL_ZERO;STRUCTURAL_ZERO;STRUCTURAL_ZERO;STRUCTURAL_ZERO;STRUCTURAL_ZERO,12,0,0,,OK
red2_6800:12,,infeasible;infeasible;infeasible;infeasible;infeasible;infeasible;infeasible;infeasible;infeasible;infeasible;infeasible;infeasible,0;0;0;0;0;0;0;0;0;0;0;0,infeasible;infeasible;infeasible;infeasible;infeasible;infeasible;infeasible;infeasible;infeasible;infeasible;infeasible;infeasible,infeasible;infeasible;infeasible;infeasible;infeasible;infeasible;infeasible;infeasible;infeasible;infeasible;infeasible;infeasible,0;1;2;3;4;5;6;7;8;9;10;11,STRUCTURAL_ZERO;STRUCTURAL_ZERO;STRUCTURAL_ZERO;STRUCTURAL_ZERO;STRUCTURAL_ZERO;STRUCTURAL_ZERO;STRUCTURAL_ZERO;STRUCTURAL_ZERO;STRUCTURAL_ZERO;STRUCTURAL_ZERO;STRUCTURAL_ZERO;STRUCTURAL_ZERO,12,0,0,,OK
red2_6800:13,,infeasible;infeasible;infeasible;infeasible;infeasible;infeasible;infeasible;infeasible;infeasible;infeasible;infeasible;infeasible,0;0;0;0;0;0;0;0;0;0;0;0,infeasible;infeasible;infeasible;infeasible;infeasible;infeasible;infeasible;infeasible;infeasible;infeasible;infeasible;infeasible,infeasible;infeasible;infeasible;infeasible;infeasible;infeasible;infeasible;infeasible;infeasible;infeasible;infeasible;infeasible,0;1;2;3;4;5;6;7;8;9;10;11,STRUCTURAL_ZERO;STRUCTURAL_ZERO;STRUCTURAL_ZERO;STRUCTURAL_ZERO;STRUCTURAL_ZERO;STRUCTURAL_ZERO;STRUCTURAL_ZERO;STRUCTURAL_ZERO;STRUCTURAL_ZERO;STRUCTURAL_ZERO;STRUCTURAL_ZERO;STRUCTURAL_ZERO,12,0,0,,OK
red2_6800:14,,infeasible;infeasible;infeasible;infeasible;infeasible;infeasible;infeasible;infeasible;infeasible;infeasible;infeasible;infeasible,0;0;0;0;0;0;0;0;0;0;0;0,infeasible;infeasible;infeasible;infeasible;infeasible;infeasible;infeasible;infeasible;infeasible;infeasible;infeasible;infeasible,infeasible;infeasible;infeasible;infeasible;infeasible;infeasible;infeasible;infeasible;infeasible;infeasible;infeasible;infeasible,0;1;2;3;4;5;6;7;8;9;10;11,STRUCTURAL_ZERO;STRUCTURAL_ZERO;STRUCTURAL_ZERO;STRUCTURAL_ZERO;STRUCTURAL_ZERO;STRUCTURAL_ZERO;STRUCTURAL_ZERO;STRUCTURAL_ZERO;STRUCTURAL_ZERO;STRUCTURAL_ZERO;STRUCTURAL_ZERO;STRUCTURAL_ZERO,12,0,0,,OK
red2_6800:15,,infeasible;infeasible;infeasible;infeasible;infeasible;infeasible;infeasible;infeasible;infeasible;infeasible;infeasible;infeasible,0;0;0;0;0;0;0;0;0;0;0;0,infeasible;infeasible;infeasible;infeasible;infeasible;infeasible;infeasible;infeasible;infeasible;infeasible;infeasible;infeasible,infeasible;infeasible;infeasible;infeasible;infeasible;infeasible;infeasible;infeasible;infeasible;infeasible;infeasible;infeasible,0;1;2;3;4;5;6;7;8;9;10;11,STRUCTURAL_ZERO;STRUCTURAL_ZERO;STRUCTURAL_ZERO;STRUCTURAL_ZERO;STRUCTURAL_ZERO;STRUCTURAL_ZERO;STRUCTURAL_ZERO;STRUCTURAL_ZERO;STRUCTURAL_ZERO;STRUCTURAL_ZERO;STRUCTURAL_ZERO;STRUCTURAL_ZERO,12,0,0,,OK
red2_6800:16,,infeasible;infeasible;infeasible;infeasible;infeasible;infeasible;infeasible;infeasible;infeasible;infeasible;infeasible;infeasible,0;0;0;0;0;0;0;0;0;0;0;0,infeasible;infeasible;infeasible;infeasible;infeasible;infeasible;infeasible;infeasible;infeasible;infeasible;infeasible;infeasible,infeasible;infeasible;infeasible;infeasible;infeasible;infeasible;infeasible;infeasible;infeasible;infeasible;infeasible;infeasible,0;1;2;3;4;5;6;7;8;9;10;11,STRUCTURAL_ZERO;STRUCTURAL_ZERO;STRUCTURAL_ZERO;STRUCTURAL_ZERO;STRUCTURAL_ZERO;STRUCTURAL_ZERO;STRUCTURAL_ZERO;STRUCTURAL_ZERO;STRUCTURAL_ZERO;STRUCTURAL_ZERO;STRUCTURAL_ZERO;STRUCTURAL_ZERO,12,0,0,,OK
red2_6800:17,,infeasible;infeasible;infeasible;infeasible;infeasible;infeasible;infeasible;infeasible;infeasible;infeasible;infeasible;infeasible,0;0;0;0;0;0;0;0;0;0;0;0,infeasible;infeasible;infeasible;infeasible;infeasible;infeasible;infeasible;infeasible;infeasible;infeasible;infeasible;infeasible,infeasible;infeasible;infeasible;infeasible;infeasible;infeasible;infeasible;infeasible;infeasible;infeasible;infeasible;infeasible,0;1;2;3;4;5;6;7;8;9;10;11,STRUCTURAL_ZERO;STRUCTURAL_ZERO;STRUCTURAL_ZERO;STRUCTURAL_ZERO;STRUCTURAL_ZERO;STRUCTURAL_ZERO;STRUCTURAL_ZERO;STRUCTURAL_ZERO;STRUCTURAL_ZERO;STRUCTURAL_ZERO;STRUCTURAL_ZERO;STRUCTURAL_ZERO,12,0,0,,OK
red2_6800:18,,infeasible;infeasible;infeasible;infeasible;infeasible;infeasible;infeasible;infeasible;infeasible;infeasible;infeasible;infeasible,0;0;0;0;0;0;0;0;0;0;0;0,infeasible;infeasible;infeasible;infeasible;infeasible;infeasible;infeasible;infeasible;infeasible;infeasible;infeasible;infeasible,infeasible;infeasible;infeasible;infeasible;infeasible;infeasible;infeasible;infeasible;infeasible;infeasible;infeasible;infeasible,0;1;2;3;4;5;6;7;8;9;10;11,STRUCTURAL_ZERO;STRUCTURAL_ZERO;STRUCTURAL_ZERO;STRUCTURAL_ZERO;STRUCTURAL_ZERO;STRUCTURAL_ZERO;STRUCTURAL_ZERO;STRUCTURAL_ZERO;STRUCTURAL_ZERO;STRUCTURAL_ZERO;STRUCTURAL_ZERO;STRUCTURAL_ZERO,12,0,0,,OK
red2_6800:19,,infeasible;infeasible;infeasible;infeasible;infeasible;infeasible;infeasible;infeasible;infeasible;infeasible;infeasible;infeasible,0;0;0;0;0;0;0;0;0;0;0;0,infeasible;infeasible;infeasible;infeasible;infeasible;infeasible;infeasible;infeasible;infeasible;infeasible;infeasible;infeasible,infeasible;infeasible;infeasible;infeasible;infeasible;infeasible;infeasible;infeasible;infeasible;infeasible;infeasible;infeasible,0;1;2;3;4;5;6;7;8;9;10;11,STRUCTURAL_ZERO;STRUCTURAL_ZERO;STRUCTURAL_ZERO;STRUCTURAL_ZERO;STRUCTURAL_ZERO;STRUCTURAL_ZERO;STRUCTURAL_ZERO;STRUCTURAL_ZERO;STRUCTURAL_ZERO;STRUCTURAL_ZERO;STRUCTURAL_ZERO;STRUCTURAL_ZERO,12,0,0,,OK
red2_6800:20,,infeasible;infeasible;infeasible;infeasible;infeasible;infeasible;infeasible;infeasible;infeasible;infeasible;infeasible;infeasible,0;0;0;0;0;0;0;0;0;0;0;0,infeasible;infeasible;infeasible;infeasible;infeasible;infeasible;infeasible;infeasible;infeasible;infeasible;infeasible;infeasible,infeasible;infeasible;infeasible;infeasible;infeasible;infeasible;infeasible;infeasible;infeasible;infeasible;infeasible;infeasible,0;1;2;3;4;5;6;7;8;9;10;11,STRUCTURAL_ZERO;STRUCTURAL_ZERO;STRUCTURAL_ZERO;STRUCTURAL_ZERO;STRUCTURAL_ZERO;STRUCTURAL_ZERO;STRUCTURAL_ZERO;STRUCTURAL_ZERO;STRUCTURAL_ZERO;STRUCTURAL_ZERO;STRUCTURAL_ZERO;STRUCTURAL_ZERO,12,0,0,,OK
red2_6800:21,,infeasible;infeasible;infeasible;infeasible;infeasible;infeasible;infeasible;infeasible;infeasible;infeasible;infeasible;infeasible,0;0;0;0;0;0;0;0;0;0;0;0,infeasible;infeasible;infeasible;infeasible;infeasible;infeasible;infeasible;infeasible;infeasible;infeasible;infeasible;infeasible,infeasible;infeasible;infeasible;infeasible;infeasible;infeasible;infeasible;infeasible;infeasible;infeasible;infeasible;infeasible,0;1;2;3;4;5;6;7;8;9;10;11,STRUCTURAL_ZERO;STRUCTURAL_ZERO;STRUCTURAL_ZERO;STRUCTURAL_ZERO;STRUCTURAL_ZERO;STRUCTURAL_ZERO;STRUCTURAL_ZERO;STRUCTURAL_ZERO;STRUCTURAL_ZERO;STRUCTURAL_ZERO;STRUCTURAL_ZERO;STRUCTURAL_ZERO,12,0,0,,OK
red2_6800:22,,infeasible;infeasible;infeasible;infeasible;infeasible;infeasible;infeasible;infeasible;infeasible;infeasible;infeasible;infeasible,0;0;0;0;0;0;0;0;0;0;0;0,infeasible;infeasible;infeasible;infeasible;infeasible;infeasible;infeasible;infeasible;infeasible;infeasible;infeasible;infeasible,infeasible;infeasible;infeasible;infeasible;infeasible;infeasible;infeasible;infeasible;infeasible;infeasible;infeasible;infeasible,0;1;2;3;4;5;6;7;8;9;10;11,STRUCTURAL_ZERO;STRUCTURAL_ZERO;STRUCTURAL_ZERO;STRUCTURAL_ZERO;STRUCTURAL_ZERO;STRUCTURAL_ZERO;STRUCTURAL_ZERO;STRUCTURAL_ZERO;STRUCTURAL_ZERO;STRUCTURAL_ZERO;STRUCTURAL_ZERO;STRUCTURAL_ZERO,12,0,0,,OK
red2_6800:23,,infeasible;infeasible;infeasible;infeasible;infeasible;infeasible;infeasible;infeasible;infeasible;infeasible;infeasible;infeasible,0;0;0;0;0;0;0;0;0;0;0;0,infeasible;infeasible;infeasible;infeasible;infeasible;infeasible;infeasible;infeasible;infeasible;infeasible;infeasible;infeasible,infeasible;infeasible;infeasible;infeasible;infeasible;infeasible;infeasible;infeasible;infeasible;infeasible;infeasible;infeasible,0;1;2;3;4;5;6;7;8;9;10;11,STRUCTURAL_ZERO;STRUCTURAL_ZERO;STRUCTURAL_ZERO;STRUCTURAL_ZERO;STRUCTURAL_ZERO;STRUCTURAL_ZERO;STRUCTURAL_ZERO;STRUCTURAL_ZERO;STRUCTURAL_ZERO;STRUCTURAL_ZERO;STRUCTURAL_ZERO;STRUCTURAL_ZERO,12,0,0,,OK
red2_6800:24,,infeasible;infeasible;infeasible;infeasible;infeasible;infeasible;infeasible;infeasible;infeasible;infeasible;infeasible;infeasible,0;0;0;0;0;0;0;0;0;0;0;0,infeasible;infeasible;infeasible;infeasible;infeasible;infeasible;infeasible;infeasible;infeasible;infeasible;infeasible;infeasible,infeasible;infeasible;infeasible;infeasible;infeasible;infeasible;infeasible;infeasible;infeasible;infeasible;infeasible;infeasible,0;1;2;3;4;5;6;7;8;9;10;11,STRUCTURAL_ZERO;STRUCTURAL_ZERO;STRUCTURAL_ZERO;STRUCTURAL_ZERO;STRUCTURAL_ZERO;STRUCTURAL_ZERO;STRUCTURAL_ZERO;STRUCTURAL_ZERO;STRUCTURAL_ZERO;STRUCTURAL_ZERO;STRUCTURAL_ZERO;STRUCTURAL_ZERO,12,0,0,,OK
red2_6800:25,,infeasible;infeasible;infeasible;infeasible;infeasible;infeasible;infeasible;infeasible;infeasible;infeasible;infeasible;infeasible,0;0;0;0;0;0;0;0;0;0;0;0,infeasible;infeasible;infeasible;infeasible;infeasible;infeasible;infeasible;infeasible;infeasible;infeasible;infeasible;infeasible,infeasible;infeasible;infeasible;infeasible;infeasible;infeasible;infeasible;infeasible;infeasible;infeasible;infeasible;infeasible,0;1;2;3;4;5;6;7;8;9;10;11,STRUCTURAL_ZERO;STRUCTURAL_ZERO;STRUCTURAL_ZERO;STRUCTURAL_ZERO;STRUCTURAL_ZERO;STRUCTURAL_ZERO;STRUCTURAL_ZERO;STRUCTURAL_ZERO;STRUCTURAL_ZERO;STRUCTURAL_ZERO;STRUCTURAL_ZERO;STRUCTURAL_ZERO,12,0,0,,OK
red2_6800:26,,infeasible;infeasible;infeasible;infeasible;infeasible;infeasible;infeasible;infeasible;infeasible;infeasible;infeasible;infeasible,0;0;0;0;0;0;0;0;0;0;0;0,infeasible;infeasible;infeasible;infeasible;infeasible;infeasible;infeasible;infeasible;infeasible;infeasible;infeasible;infeasible,infeasible;infeasible;infeasible;infeasible;infeasible;infeasible;infeasible;infeasible;infeasible;infeasible;infeasible;infeasible,0;1;2;3;4;5;6;7;8;9;10;11,STRUCTURAL_ZERO;STRUCTURAL_ZERO;STRUCTURAL_ZERO;STRUCTURAL_ZERO;STRUCTURAL_ZERO;STRUCTURAL_ZERO;STRUCTURAL_ZERO;STRUCTURAL_ZERO;STRUCTURAL_ZERO;STRUCTURAL_ZERO;STRUCTURAL_ZERO;STRUCTURAL_ZERO,12,0,0,,OK
red2_6800:27,,infeasible;infeasible;infeasible;infeasible;infeasible;infeasible;infeasible;infeasible;infeasible;infeasible;infeasible;infeasible,0;0;0;0;0;0;0;0;0;0;0;0,infeasible;infeasible;infeasible;infeasible;infeasible;infeasible;infeasible;infeasible;infeasible;infeasible;infeasible;infeasible,infeasible;infeasible;infeasible;infeasible;infeasible;infeasible;infeasible;infeasible;infeasible;infeasible;infeasible;infeasible,0;1;2;3;4;5;6;7;8;9;10;11,STRUCTURAL_ZERO;STRUCTURAL_ZERO;STRUCTURAL_ZERO;STRUCTURAL_ZERO;STRUCTURAL_ZERO;STRUCTURAL_ZERO;STRUCTURAL_ZERO;STRUCTURAL_ZERO;STRUCTURAL_ZERO;STRUCTURAL_ZERO;STRUCTURAL_ZERO;STRUCTURAL_ZERO,12,0,0,,OK
red2_6800:28,,infeasible;infeasible;infeasible;infeasible;infeasible;infeasible;infeasible;infeasible;infeasible;infeasible;infeasible;infeasible,0;0;0;0;0;0;0;0;0;0;0;0,infeasible;infeasible;infeasible;infeasible;infeasible;infeasible;infeasible;infeasible;infeasible;infeasible;infeasible;infeasible,infeasible;infeasible;infeasible;infeasible;infeasible;infeasible;infeasible;infeasible;infeasible;infeasible;infeasible;infeasible,0;1;2;3;4;5;6;7;8;9;10;11,STRUCTURAL_ZERO;STRUCTURAL_ZERO;STRUCTURAL_ZERO;STRUCTURAL_ZERO;STRUCTURAL_ZERO;STRUCTURAL_ZERO;STRUCTURAL_ZERO;STRUCTURAL_ZERO;STRUCTURAL_ZERO;STRUCTURAL_ZERO;STRUCTURAL_ZERO;STRUCTURAL_ZERO,12,0,0,,OK
red2_6800:29,,infeasible;infeasible;infeasible;infeasible;infeasible;infeasible;infeasible;infeasible;infeasible;infeasible;infeasible;infeasible,0;0;0;0;0;0;0;0;0;0;0;0,infeasible;infeasible;infeasible;infeasible;infeasible;infeasible;infeasible;infeasible;infeasible;infeasible;infeasible;infeasible,infeasible;infeasible;infeasible;infeasible;infeasible;infeasible;infeasible;infeasible;infeasible;infeasible;infeasible;infeasible,0;1;2;3;4;5;6;7;8;9;10;11,STRUCTURAL_ZERO;STRUCTURAL_ZERO;STRUCTURAL_ZERO;STRUCTURAL_ZERO;STRUCTURAL_ZERO;STRUCTURAL_ZERO;STRUCTURAL_ZERO;STRUCTURAL_ZERO;STRUCTURAL_ZERO;STRUCTURAL_ZERO;STRUCTURAL_ZERO;STRUCTURAL_ZERO,12,0,0,,OK
red2_6800:30,,infeasible;infeasible;infeasible;infeasible;infeasible;infeasible;infeasible;infeasible;infeasible;infeasible;infeasible;infeasible,0;0;0;0;0;0;0;0;0;0;0;0,infeasible;infeasible;infeasible;infeasible;infeasible;infeasible;infeasible;infeasible;infeasible;infeasible;infeasible;infeasible,infeasible;infeasible;infeasible;infeasible;infeasible;infeasible;infeasible;infeasible;infeasible;infeasible;infeasible;infeasible,0;1;2;3;4;5;6;7;8;9;10;11,STRUCTURAL_ZERO;STRUCTURAL_ZERO;STRUCTURAL_ZERO;STRUCTURAL_ZERO;STRUCTURAL_ZERO;STRUCTURAL_ZERO;STRUCTURAL_ZERO;STRUCTURAL_ZERO;STRUCTURAL_ZERO;STRUCTURAL_ZERO;STRUCTURAL_ZERO;STRUCTURAL_ZERO,12,0,0,,OK
red2_6800:31,,infeasible;infeasible;infeasible;infeasible;infeasible;infeasible;infeasible;infeasible;infeasible;infeasible;infeasible;infeasible,0;0;0;0;0;0;0;0;0;0;0;0,infeasible;infeasible;infeasible;infeasible;infeasible;infeasible;infeasible;infeasible;infeasible;infeasible;infeasible;infeasible,infeasible;infeasible;infeasible;infeasible;infeasible;infeasible;infeasible;infeasible;infeasible;infeasible;infeasible;infeasible,0;1;2;3;4;5;6;7;8;9;10;11,STRUCTURAL_ZERO;STRUCTURAL_ZERO;STRUCTURAL_ZERO;STRUCTURAL_ZERO;STRUCTURAL_ZERO;STRUCTURAL_ZERO;STRUCTURAL_ZERO;STRUCTURAL_ZERO;STRUCTURAL_ZERO;STRUCTURAL_ZERO;STRUCTURAL_ZERO;STRUCTURAL_ZERO,12,0,0,,OK
red2_6800:32,,infeasible;infeasible;infeasible;infeasible;infeasible;infeasible;infeasible;infeasible;infeasible;infeasible;infeasible;infeasible,0;0;0;0;0;0;0;0;0;0;0;0,infeasible;infeasible;infeasible;infeasible;infeasible;infeasible;infeasible;infeasible;infeasible;infeasible;infeasible;infeasible,infeasible;infeasible;infeasible;infeasible;infeasible;infeasible;infeasible;infeasible;infeasible;infeasible;infeasible;infeasible,0;1;2;3;4;5;6;7;8;9;10;11,STRUCTURAL_ZERO;STRUCTURAL_ZERO;STRUCTURAL_ZERO;STRUCTURAL_ZERO;STRUCTURAL_ZERO;STRUCTURAL_ZERO;STRUCTURAL_ZERO;STRUCTURAL_ZERO;STRUCTURAL_ZERO;STRUCTURAL_ZERO;STRUCTURAL_ZERO;STRUCTURAL_ZERO,12,0,0,,OK
red2_6800:33,,infeasible;infeasible;infeasible;infeasible;infeasible;infeasible;infeasible;infeasible;infeasible;infeasible;infeasible;infeasible,0;0;0;0;0;0;0;0;0;0;0;0,infeasible;infeasible;infeasible;infeasible;infeasible;infeasible;infeasible;infeasible;infeasible;infeasible;infeasible;infeasible,infeasible;infeasible;infeasible;infeasible;infeasible;infeasible;infeasible;infeasible;infeasible;infeasible;infeasible;infeasible,0;1;2;3;4;5;6;7;8;9;10;11,STRUCTURAL_ZERO;STRUCTURAL_ZERO;STRUCTURAL_ZERO;STRUCTURAL_ZERO;STRUCTURAL_ZERO;STRUCTURAL_ZERO;STRUCTURAL_ZERO;STRUCTURAL_ZERO;STRUCTURAL_ZERO;STRUCTURAL_ZERO;STRUCTURAL_ZERO;STRUCTURAL_ZERO,12,0,0,,OK
red2_6800:34,,infeasible;infeasible;infeasible;infeasible;infeasible;infeasible;infeasible;infeasible;infeasible;infeasible;infeasible;infeasible,0;0;0;0;0;0;0;0;0;0;0;0,infeasible;infeasible;infeasible;infeasible;infeasible;infeasible;infeasible;infeasible;infeasible;infeasible;infeasible;infeasible,infeasible;infeasible;infeasible;infeasible;infeasible;infeasible;infeasible;infeasible;infeasible;infeasible;infeasible;infeasible,0;1;2;3;4;5;6;7;8;9;10;11,STRUCTURAL_ZERO;STRUCTURAL_ZERO;STRUCTURAL_ZERO;STRUCTURAL_ZERO;STRUCTURAL_ZERO;STRUCTURAL_ZERO;STRUCTURAL_ZERO;STRUCTURAL_ZERO;STRUCTURAL_ZERO;STRUCTURAL_ZERO;STRUCTURAL_ZERO;STRUCTURAL_ZERO,12,0,0,,OK
red2_6800:35,,infeasible;infeasible;infeasible;infeasible;infeasible;infeasible;infeasible;infeasible;infeasible;infeasible;infeasible;infeasible,0;0;0;0;0;0;0;0;0;0;0;0,infeasible;infeasible;infeasible;infeasible;infeasible;infeasible;infeasible;infeasible;infeasible;infeasible;infeasible;infeasible,infeasible;infeasible;infeasible;infeasible;infeasible;infeasible;infeasible;infeasible;infeasible;infeasible;infeasible;infeasible,0;1;2;3;4;5;6;7;8;9;10;11,STRUCTURAL_ZERO;STRUCTURAL_ZERO;STRUCTURAL_ZERO;STRUCTURAL_ZERO;STRUCTURAL_ZERO;STRUCTURAL_ZERO;STRUCTURAL_ZERO;STRUCTURAL_ZERO;STRUCTURAL_ZERO;STRUCTURAL_ZERO;STRUCTURAL_ZERO;STRUCTURAL_ZERO,12,0,0,,OK
red2_6800:36,,infeasible;infeasible;infeasible;infeasible;infeasible;infeasible;infeasible;infeasible;infeasible;infeasible;infeasible;infeasible,0;0;0;0;0;0;0;0;0;0;0;0,infeasible;infeasible;infeasible;infeasible;infeasible;infeasible;infeasible;infeasible;infeasible;infeasible;infeasible;infeasible,infeasible;infeasible;infeasible;infeasible;infeasible;infeasible;infeasible;infeasible;infeasible;infeasible;infeasible;infeasible,0;1;2;3;4;5;6;7;8;9;10;11,STRUCTURAL_ZERO;STRUCTURAL_ZERO;STRUCTURAL_ZERO;STRUCTURAL_ZERO;STRUCTURAL_ZERO;STRUCTURAL_ZERO;STRUCTURAL_ZERO;STRUCTURAL_ZERO;STRUCTURAL_ZERO;STRUCTURAL_ZERO;STRUCTURAL_ZERO;STRUCTURAL_ZERO,12,0,0,,OK
red2_6800:37,,infeasible;infeasible;infeasible;infeasible;infeasible;infeasible;infeasible;infeasible;infeasible;infeasible;infeasible;infeasible,0;0;0;0;0;0;0;0;0;0;0;0,infeasible;infeasible;infeasible;infeasible;infeasible;infeasible;infeasible;infeasible;infeasible;infeasible;infeasible;infeasible,infeasible;infeasible;infeasible;infeasible;infeasible;infeasible;infeasible;infeasible;infeasible;infeasible;infeasible;infeasible,0;1;2;3;4;5;6;7;8;9;10;11,STRUCTURAL_ZERO;STRUCTURAL_ZERO;STRUCTURAL_ZERO;STRUCTURAL_ZERO;STRUCTURAL_ZERO;STRUCTURAL_ZERO;STRUCTURAL_ZERO;STRUCTURAL_ZERO;STRUCTURAL_ZERO;STRUCTURAL_ZERO;STRUCTURAL_ZERO;STRUCTURAL_ZERO,12,0,0,,OK
red2_6800:38,,infeasible;infeasible;infeasible;infeasible;infeasible;infeasible;infeasible;infeasible;infeasible;infeasible;infeasible;infeasible,0;0;0;0;0;0;0;0;0;0;0;0,infeasible;infeasible;infeasible;infeasible;infeasible;infeasible;infeasible;infeasible;infeasible;infeasible;infeasible;infeasible,infeasible;infeasible;infeasible;infeasible;infeasible;infeasible;infeasible;infeasible;infeasible;infeasible;infeasible;infeasible,0;1;2;3;4;5;6;7;8;9;10;11,STRUCTURAL_ZERO;STRUCTURAL_ZERO;STRUCTURAL_ZERO;STRUCTURAL_ZERO;STRUCTURAL_ZERO;STRUCTURAL_ZERO;STRUCTURAL_ZERO;STRUCTURAL_ZERO;STRUCTURAL_ZERO;STRUCTURAL_ZERO;STRUCTURAL_ZERO;STRUCTURAL_ZERO,12,0,0,,OK
red2_6800:39,,infeasible;infeasible;infeasible;infeasible;infeasible;infeasible;infeasible;infeasible;infeasible;infeasible;infeasible;infeasible,0;0;0;0;0;0;0;0;0;0;0;0,infeasible;infeasible;infeasible;infeasible;infeasible;infeasible;infeasible;infeasible;infeasible;infeasible;infeasible;infeasible,infeasible;infeasible;infeasible;infeasible;infeasible;infeasible;infeasible;infeasible;infeasible;infeasible;infeasible;infeasible,0;1;2;3;4;5;6;7;8;9;10;11,STRUCTURAL_ZERO;STRUCTURAL_ZERO;STRUCTURAL_ZERO;STRUCTURAL_ZERO;STRUCTURAL_ZERO;STRUCTURAL_ZERO;STRUCTURAL_ZERO;STRUCTURAL_ZERO;STRUCTURAL_ZERO;STRUCTURAL_ZERO;STRUCTURAL_ZERO;STRUCTURAL_ZERO,12,0,0,,OK
red2_6800:40,,infeasible;infeasible;infeasible;infeasible;infeasible;infeasible;infeasible;infeasible;infeasible;infeasible;infeasible;infeasible,0;0;0;0;0;0;0;0;0;0;0;0,infeasible;infeasible;infeasible;infeasible;infeasible;infeasible;infeasible;infeasible;infeasible;infeasible;infeasible;infeasible,infeasible;infeasible;infeasible;infeasible;infeasible;infeasible;infeasible;infeasible;infeasible;infeasible;infeasible;infeasible,0;1;2;3;4;5;6;7;8;9;10;11,STRUCTURAL_ZERO;STRUCTURAL_ZERO;STRUCTURAL_ZERO;STRUCTURAL_ZERO;STRUCTURAL_ZERO;STRUCTURAL_ZERO;STRUCTURAL_ZERO;STRUCTURAL_ZERO;STRUCTURAL_ZERO;STRUCTURAL_ZERO;STRUCTURAL_ZERO;STRUCTURAL_ZERO,12,0,0,,OK
red2_6800:41,,infeasible;infeasible;infeasible;infeasible;infeasible;infeasible;infeasible;infeasible;infeasible;infeasible;infeasible;infeasible,0;0;0;0;0;0;0;0;0;0;0;0,infeasible;infeasible;infeasible;infeasible;infeasible;infeasible;infeasible;infeasible;infeasible;infeasible;infeasible;infeasible,infeasible;infeasible;infeasible;infeasible;infeasible;infeasible;infeasible;infeasible;infeasible;infeasible;infeasible;infeasible,0;1;2;3;4;5;6;7;8;9;10;11,STRUCTURAL_ZERO;STRUCTURAL_ZERO;STRUCTURAL_ZERO;STRUCTURAL_ZERO;STRUCTURAL_ZERO;STRUCTURAL_ZERO;STRUCTURAL_ZERO;STRUCTURAL_ZERO;STRUCTURAL_ZERO;STRUCTURAL_ZERO;STRUCTURAL_ZERO;STRUCTURAL_ZERO,12,0,0,,OK
red2_6800:42,,infeasible;infeasible;infeasible;infeasible;infeasible;infeasible;infeasible;infeasible;infeasible;infeasible;infeasible;infeasible,0;0;0;0;0;0;0;0;0;0;0;0,infeasible;infeasible;infeasible;infeasible;infeasible;infeasible;infeasible;infeasible;infeasible;infeasible;infeasible;infeasible,infeasible;infeasible;infeasible;infeasible;infeasible;infeasible;infeasible;infeasible;infeasible;infeasible;infeasible;infeasible,0;1;2;3;4;5;6;7;8;9;10;11,STRUCTURAL_ZERO;STRUCTURAL_ZERO;STRUCTURAL_ZERO;STRUCTURAL_ZERO;STRUCTURAL_ZERO;STRUCTURAL_ZERO;STRUCTURAL_ZERO;STRUCTURAL_ZERO;STRUCTURAL_ZERO;STRUCTURAL_ZERO;STRUCTURAL_ZERO;STRUCTURAL_ZERO,12,0,0,,OK
red2_6800:43,,infeasible;infeasible;infeasible;infeasible;infeasible;infeasible;infeasible;infeasible;infeasible;infeasible;infeasible;infeasible,0;0;0;0;0;0;0;0;0;0;0;0,infeasible;infeasible;infeasible;infeasible;infeasible;infeasible;infeasible;infeasible;infeasible;infeasible;infeasible;infeasible,infeasible;infeasible;infeasible;infeasible;infeasible;infeasible;infeasible;infeasible;infeasible;infeasible;infeasible;infeasible,0;1;2;3;4;5;6;7;8;9;10;11,STRUCTURAL_ZERO;STRUCTURAL_ZERO;STRUCTURAL_ZERO;STRUCTURAL_ZERO;STRUCTURAL_ZERO;STRUCTURAL_ZERO;STRUCTURAL_ZERO;STRUCTURAL_ZERO;STRUCTURAL_ZERO;STRUCTURAL_ZERO;STRUCTURAL_ZERO;STRUCTURAL_ZERO,12,0,0,,OK
red2_6800:44,,infeasible;infeasible;infeasible;infeasible;infeasible;infeasible;infeasible;infeasible;infeasible;infeasible;infeasible;infeasible,0;0;0;0;0;0;0;0;0;0;0;0,infeasible;infeasible;infeasible;infeasible;infeasible;infeasible;infeasible;infeasible;infeasible;infeasible;infeasible;infeasible,infeasible;infeasible;infeasible;infeasible;infeasible;infeasible;infeasible;infeasible;infeasible;infeasible;infeasible;infeasible,0;1;2;3;4;5;6;7;8;9;10;11,STRUCTURAL_ZERO;STRUCTURAL_ZERO;STRUCTURAL_ZERO;STRUCTURAL_ZERO;STRUCTURAL_ZERO;STRUCTURAL_ZERO;STRUCTURAL_ZERO;STRUCTURAL_ZERO;STRUCTURAL_ZERO;STRUCTURAL_ZERO;STRUCTURAL_ZERO;STRUCTURAL_ZERO,12,0,0,,OK
red2_6800:45,,infeasible;infeasible;infeasible;infeasible;infeasible;infeasible;infeasible;infeasible;infeasible;infeasible;infeasible;infeasible,0;0;0;0;0;0;0;0;0;0;0;0,infeasible;infeasible;infeasible;infeasible;infeasible;infeasible;infeasible;infeasible;infeasible;infeasible;infeasible;infeasible,infeasible;infeasible;infeasible;infeasible;infeasible;infeasible;infeasible;infeasible;infeasible;infeasible;infeasible;infeasible,0;1;2;3;4;5;6;7;8;9;10;11,STRUCTURAL_ZERO;STRUCTURAL_ZERO;STRUCTURAL_ZERO;STRUCTURAL_ZERO;STRUCTURAL_ZERO;STRUCTURAL_ZERO;STRUCTURAL_ZERO;STRUCTURAL_ZERO;STRUCTURAL_ZERO;STRUCTURAL_ZERO;STRUCTURAL_ZERO;STRUCTURAL_ZERO,12,0,0,,OK
red2_6800:46,,infeasible;infeasible;infeasible;infeasible;infeasible;infeasible;infeasible;infeasible;infeasible;infeasible;infeasible;infeasible,0;0;0;0;0;0;0;0;0;0;0;0,infeasible;infeasible;infeasible;infeasible;infeasible;infeasible;infeasible;infeasible;infeasible;infeasible;infeasible;infeasible,infeasible;infeasible;infeasible;infeasible;infeasible;infeasible;infeasible;infeasible;infeasible;infeasible;infeasible;infeasible,0;1;2;3;4;5;6;7;8;9;10;11,STRUCTURAL_ZERO;STRUCTURAL_ZERO;STRUCTURAL_ZERO;STRUCTURAL_ZERO;STRUCTURAL_ZERO;STRUCTURAL_ZERO;STRUCTURAL_ZERO;STRUCTURAL_ZERO;STRUCTURAL_ZERO;STRUCTURAL_ZERO;STRUCTURAL_ZERO;STRUCTURAL_ZERO,12,0,0,,OK
red2_6800:47,,infeasible;infeasible;infeasible;infeasible;infeasible;infeasible;infeasible;infeasible;infeasible;infeasible;infeasible;infeasible,0;0;0;0;0;0;0;0;0;0;0;0,infeasible;infeasible;infeasible;infeasible;infeasible;infeasible;infeasible;infeasible;infeasible;infeasible;infeasible;infeasible,infeasible;infeasible;infeasible;infeasible;infeasible;infeasible;infeasible;infeasible;infeasible;infeasible;infeasible;infeasible,0;1;2;3;4;5;6;7;8;9;10;11,STRUCTURAL_ZERO;STRUCTURAL_ZERO;STRUCTURAL_ZERO;STRUCTURAL_ZERO;STRUCTURAL_ZERO;STRUCTURAL_ZERO;STRUCTURAL_ZERO;STRUCTURAL_ZERO;STRUCTURAL_ZERO;STRUCTURAL_ZERO;STRUCTURAL_ZERO;STRUCTURAL_ZERO,12,0,0,,OK
red2_6800:48,,infeasible;infeasible;infeasible;infeasible;infeasible;infeasible;infeasible;infeasible;infeasible;infeasible;infeasible;infeasible,0;0;0;0;0;0;0;0;0;0;0;0,infeasible;infeasible;infeasible;infeasible;infeasible;infeasible;infeasible;infeasible;infeasible;infeasible;infeasible;infeasible,infeasible;infeasible;infeasible;infeasible;infeasible;infeasible;infeasible;infeasible;infeasible;infeasible;infeasible;infeasible,0;1;2;3;4;5;6;7;8;9;10;11,STRUCTURAL_ZERO;STRUCTURAL_ZERO;STRUCTURAL_ZERO;STRUCTURAL_ZERO;STRUCTURAL_ZERO;STRUCTURAL_ZERO;STRUCTURAL_ZERO;STRUCTURAL_ZERO;STRUCTURAL_ZERO;STRUCTURAL_ZERO;STRUCTURAL_ZERO;STRUCTURAL_ZERO,12,0,0,,OK
red2_6800:49,,infeasible;infeasible;infeasible;infeasible;infeasible;infeasible;infeasible;infeasible;infeasible;infeasible;infeasible;infeasible,0;0;0;0;0;0;0;0;0;0;0;0,infeasible;infeasible;infeasible;infeasible;infeasible;infeasible;infeasible;infeasible;infeasible;infeasible;infeasible;infeasible,infeasible;infeasible;infeasible;infeasible;infeasible;infeasible;infeasible;infeasible;infeasible;infeasible;infeasible;infeasible,0;1;2;3;4;5;6;7;8;9;10;11,STRUCTURAL_ZERO;STRUCTURAL_ZERO;STRUCTURAL_ZERO;STRUCTURAL_ZERO;STRUCTURAL_ZERO;STRUCTURAL_ZERO;STRUCTURAL_ZERO;STRUCTURAL_ZERO;STRUCTURAL_ZERO;STRUCTURAL_ZERO;STRUCTURAL_ZERO;STRUCTURAL_ZERO,12,0,0,,OK
red2_6800:50,,infeasible;infeasible;infeasible;infeasible;infeasible;infeasible;infeasible;infeasible;infeasible;infeasible;infeasible;infeasible,0;0;0;0;0;0;0;0;0;0;0;0,infeasible;infeasible;infeasible;infeasible;infeasible;infeasible;infeasible;infeasible;infeasible;infeasible;infeasible;infeasible,infeasible;infeasible;infeasible;infeasible;infeasible;infeasible;infeasible;infeasible;infeasible;infeasible;infeasible;infeasible,0;1;2;3;4;5;6;7;8;9;10;11,STRUCTURAL_ZERO;STRUCTURAL_ZERO;STRUCTURAL_ZERO;STRUCTURAL_ZERO;STRUCTURAL_ZERO;STRUCTURAL_ZERO;STRUCTURAL_ZERO;STRUCTURAL_ZERO;STRUCTURAL_ZERO;STRUCTURAL_ZERO;STRUCTURAL_ZERO;STRUCTURAL_ZERO,12,0,0,,OK
red2_6800:51,,infeasible;infeasible;infeasible;infeasible;infeasible;infeasible;infeasible;infeasible;infeasible;infeasible;infeasible;infeasible,0;0;0;0;0;0;0;0;0;0;0;0,infeasible;infeasible;infeasible;infeasible;infeasible;infeasible;infeasible;infeasible;infeasible;infeasible;infeasible;infeasible,infeasible;infeasible;infeasible;infeasible;infeasible;infeasible;infeasible;infeasible;infeasible;infeasible;infeasible;infeasible,0;1;2;3;4;5;6;7;8;9;10;11,STRUCTURAL_ZERO;STRUCTURAL_ZERO;STRUCTURAL_ZERO;STRUCTURAL_ZERO;STRUCTURAL_ZERO;STRUCTURAL_ZERO;STRUCTURAL_ZERO;STRUCTURAL_ZERO;STRUCTURAL_ZERO;STRUCTURAL_ZERO;STRUCTURAL_ZERO;STRUCTURAL_ZERO,12,0,0,,OK
red2_6800:52,,infeasible;infeasible;infeasible;infeasible;infeasible;infeasible;infeasible;infeasible;infeasible;infeasible;infeasible;infeasible,0;0;0;0;0;0;0;0;0;0;0;0,infeasible;infeasible;infeasible;infeasible;infeasible;infeasible;infeasible;infeasible;infeasible;infeasible;infeasible;infeasible,infeasible;infeasible;infeasible;infeasible;infeasible;infeasible;infeasible;infeasible;infeasible;infeasible;infeasible;infeasible,0;1;2;3;4;5;6;7;8;9;10;11,STRUCTURAL_ZERO;STRUCTURAL_ZERO;STRUCTURAL_ZERO;STRUCTURAL_ZERO;STRUCTURAL_ZERO;STRUCTURAL_ZERO;STRUCTURAL_ZERO;STRUCTURAL_ZERO;STRUCTURAL_ZERO;STRUCTURAL_ZERO;STRUCTURAL_ZERO;STRUCTURAL_ZERO,12,0,0,,OK
red2_6800:53,,infeasible;infeasible;infeasible;infeasible;infeasible;infeasible;infeasible;infeasible;infeasible;infeasible;infeasible;infeasible,0;0;0;0;0;0;0;0;0;0;0;0,infeasible;infeasible;infeasible;infeasible;infeasible;infeasible;infeasible;infeasible;infeasible;infeasible;infeasible;infeasible,infeasible;infeasible;infeasible;infeasible;infeasible;infeasible;infeasible;infeasible;infeasible;infeasible;infeasible;infeasible,0;1;2;3;4;5;6;7;8;9;10;11,STRUCTURAL_ZERO;STRUCTURAL_ZERO;STRUCTURAL_ZERO;STRUCTURAL_ZERO;STRUCTURAL_ZERO;STRUCTURAL_ZERO;STRUCTURAL_ZERO;STRUCTURAL_ZERO;STRUCTURAL_ZERO;STRUCTURAL_ZERO;STRUCTURAL_ZERO;STRUCTURAL_ZERO,12,0,0,,OK
red2_6800:54,,infeasible;infeasible;infeasible;infeasible;infeasible;infeasible;infeasible;infeasible;infeasible;infeasible;infeasible;infeasible,0;0;0;0;0;0;0;0;0;0;0;0,infeasible;infeasible;infeasible;infeasible;infeasible;infeasible;infeasible;infeasible;infeasible;infeasible;infeasible;infeasible,infeasible;infeasible;infeasible;infeasible;infeasible;infeasible;infeasible;infeasible;infeasible;infeasible;infeasible;infeasible,0;1;2;3;4;5;6;7;8;9;10;11,STRUCTURAL_ZERO;STRUCTURAL_ZERO;STRUCTURAL_ZERO;STRUCTURAL_ZERO;STRUCTURAL_ZERO;STRUCTURAL_ZERO;STRUCTURAL_ZERO;STRUCTURAL_ZERO;STRUCTURAL_ZERO;STRUCTURAL_ZERO;STRUCTURAL_ZERO;STRUCTURAL_ZERO,12,0,0,,OK
red2_6800:55,,infeasible;infeasible;infeasible;infeasible;infeasible;infeasible;infeasible;infeasible;infeasible;infeasible;infeasible;infeasible,0;0;0;0;0;0;0;0;0;0;0;0,infeasible;infeasible;infeasible;infeasible;infeasible;infeasible;infeasible;infeasible;infeasible;infeasible;infeasible;infeasible,infeasible;infeasible;infeasible;infeasible;infeasible;infeasible;infeasible;infeasible;infeasible;infeasible;infeasible;infeasible,0;1;2;3;4;5;6;7;8;9;10;11,STRUCTURAL_ZERO;STRUCTURAL_ZERO;STRUCTURAL_ZERO;STRUCTURAL_ZERO;STRUCTURAL_ZERO;STRUCTURAL_ZERO;STRUCTURAL_ZERO;STRUCTURAL_ZERO;STRUCTURAL_ZERO;STRUCTURAL_ZERO;STRUCTURAL_ZERO;STRUCTURAL_ZERO,12,0,0,,OK
red2_6800:56,,infeasible;infeasible;infeasible;infeasible;infeasible;infeasible;infeasible;infeasible;infeasible;infeasible;infeasible;infeasible,0;0;0;0;0;0;0;0;0;0;0;0,infeasible;infeasible;infeasible;infeasible;infeasible;infeasible;infeasible;infeasible;infeasible;infeasible;infeasible;infeasible,infeasible;infeasible;infeasible;infeasible;infeasible;infeasible;infeasible;infeasible;infeasible;infeasible;infeasible;infeasible,0;1;2;3;4;5;6;7;8;9;10;11,STRUCTURAL_ZERO;STRUCTURAL_ZERO;STRUCTURAL_ZERO;STRUCTURAL_ZERO;STRUCTURAL_ZERO;STRUCTURAL_ZERO;STRUCTURAL_ZERO;STRUCTURAL_ZERO;STRUCTURAL_ZERO;STRUCTURAL_ZERO;STRUCTURAL_ZERO;STRUCTURAL_ZERO,12,0,0,,OK
red2_6800:57,,infeasible;infeasible;infeasible;infeasible;infeasible;infeasible;infeasible;infeasible;infeasible;infeasible;infeasible;infeasible,0;0;0;0;0;0;0;0;0;0;0;0,infeasible;infeasible;infeasible;infeasible;infeasible;infeasible;infeasible;infeasible;infeasible;infeasible;infeasible;infeasible,infeasible;infeasible;infeasible;infeasible;infeasible;infeasible;infeasible;infeasible;infeasible;infeasible;infeasible;infeasible,0;1;2;3;4;5;6;7;8;9;10;11,STRUCTURAL_ZERO;STRUCTURAL_ZERO;STRUCTURAL_ZERO;STRUCTURAL_ZERO;STRUCTURAL_ZERO;STRUCTURAL_ZERO;STRUCTURAL_ZERO;STRUCTURAL_ZERO;STRUCTURAL_ZERO;STRUCTURAL_ZERO;STRUCTURAL_ZERO;STRUCTURAL_ZERO,12,0,0,,OK
red2_6800:58,,infeasible;infeasible;infeasible;infeasible;infeasible;infeasible;infeasible;infeasible;infeasible;infeasible;infeasible;infeasible,0;0;0;0;0;0;0;0;0;0;0;0,infeasible;infeasible;infeasible;infeasible;infeasible;infeasible;infeasible;infeasible;infeasible;infeasible;infeasible;infeasible,infeasible;infeasible;infeasible;infeasible;infeasible;infeasible;infeasible;infeasible;infeasible;infeasible;infeasible;infeasible,0;1;2;3;4;5;6;7;8;9;10;11,STRUCTURAL_ZERO;STRUCTURAL_ZERO;STRUCTURAL_ZERO;STRUCTURAL_ZERO;STRUCTURAL_ZERO;STRUCTURAL_ZERO;STRUCTURAL_ZERO;STRUCTURAL_ZERO;STRUCTURAL_ZERO;STRUCTURAL_ZERO;STRUCTURAL_ZERO;STRUCTURAL_ZERO,12,0,0,,OK
red2_6800:59,,infeasible;infeasible;infeasible;infeasible;infeasible;infeasible;infeasible;infeasible;infeasible;infeasible;infeasible;infeasible,0;0;0;0;0;0;0;0;0;0;0;0,infeasible;infeasible;infeasible;infeasible;infeasible;infeasible;infeasible;infeasible;infeasible;infeasible;infeasible;infeasible,infeasible;infeasible;infeasible;infeasible;infeasible;infeasible;infeasible;infeasible;infeasible;infeasible;infeasible;infeasible,0;1;2;3;4;5;6;7;8;9;10;11,STRUCTURAL_ZERO;STRUCTURAL_ZERO;STRUCTURAL_ZERO;STRUCTURAL_ZERO;STRUCTURAL_ZERO;STRUCTURAL_ZERO;STRUCTURAL_ZERO;STRUCTURAL_ZERO;STRUCTURAL_ZERO;STRUCTURAL_ZERO;STRUCTURAL_ZERO;STRUCTURAL_ZERO,12,0,0,,OK
red2_6800:60,,infeasible;infeasible;infeasible;infeasible;infeasible;infeasible;infeasible;infeasible;infeasible;infeasible;infeasible;infeasible,0;0;0;0;0;0;0;0;0;0;0;0,infeasible;infeasible;infeasible;infeasible;infeasible;infeasible;infeasible;infeasible;infeasible;infeasible;infeasible;infeasible,infeasible;infeasible;infeasible;infeasible;infeasible;infeasible;infeasible;infeasible;infeasible;infeasible;infeasible;infeasible,0;1;2;3;4;5;6;7;8;9;10;11,STRUCTURAL_ZERO;STRUCTURAL_ZERO;STRUCTURAL_ZERO;STRUCTURAL_ZERO;STRUCTURAL_ZERO;STRUCTURAL_ZERO;STRUCTURAL_ZERO;STRUCTURAL_ZERO;STRUCTURAL_ZERO;STRUCTURAL_ZERO;STRUCTURAL_ZERO;STRUCTURAL_ZERO,12,0,0,,OK
red2_6800:61,,infeasible;infeasible;infeasible;infeasible;infeasible;infeasible;infeasible;infeasible;infeasible;infeasible;infeasible;infeasible,0;0;0;0;0;0;0;0;0;0;0;0,infeasible;infeasible;infeasible;infeasible;infeasible;infeasible;infeasible;infeasible;infeasible;infeasible;infeasible;infeasible,infeasible;infeasible;infeasible;infeasible;infeasible;infeasible;infeasible;infeasible;infeasible;infeasible;infeasible;infeasible,0;1;2;3;4;5;6;7;8;9;10;11,STRUCTURAL_ZERO;STRUCTURAL_ZERO;STRUCTURAL_ZERO;STRUCTURAL_ZERO;STRUCTURAL_ZERO;STRUCTURAL_ZERO;STRUCTURAL_ZERO;STRUCTURAL_ZERO;STRUCTURAL_ZERO;STRUCTURAL_ZERO;STRUCTURAL_ZERO;STRUCTURAL_ZERO,12,0,0,,OK
red2_6800:62,,infeasible;infeasible;infeasible;infeasible;infeasible;infeasible;infeasible;infeasible;infeasible;infeasible;infeasible;infeasible,0;0;0;0;0;0;0;0;0;0;0;0,infeasible;infeasible;infeasible;infeasible;infeasible;infeasible;infeasible;infeasible;infeasible;infeasible;infeasible;infeasible,infeasible;infeasible;infeasible;infeasible;infeasible;infeasible;infeasible;infeasible;infeasible;infeasible;infeasible;infeasible,0;1;2;3;4;5;6;7;8;9;10;11,STRUCTURAL_ZERO;STRUCTURAL_ZERO;STRUCTURAL_ZERO;STRUCTURAL_ZERO;STRUCTURAL_ZERO;STRUCTURAL_ZERO;STRUCTURAL_ZERO;STRUCTURAL_ZERO;STRUCTURAL_ZERO;STRUCTURAL_ZERO;STRUCTURAL_ZERO;STRUCTURAL_ZERO,12,0,0,,OK
red2_6800:63,,infeasible;infeasible;infeasible;infeasible;infeasible;infeasible;infeasible;infeasible;infeasible;infeasible;infeasible;infeasible,0;0;0;0;0;0;0;0;0;0;0;0,infeasible;infeasible;infeasible;infeasible;infeasible;infeasible;infeasible;infeasible;infeasible;infeasible;infeasible;infeasible,infeasible;infeasible;infeasible;infeasible;infeasible;infeasible;infeasible;infeasible;infeasible;infeasible;infeasible;infeasible,0;1;2;3;4;5;6;7;8;9;10;11,STRUCTURAL_ZERO;STRUCTURAL_ZERO;STRUCTURAL_ZERO;STRUCTURAL_ZERO;STRUCTURAL_ZERO;STRUCTURAL_ZERO;STRUCTURAL_ZERO;STRUCTURAL_ZERO;STRUCTURAL_ZERO;STRUCTURAL_ZERO;STRUCTURAL_ZERO;STRUCTURAL_ZERO,12,0,0,,OK
red2_6800:64,,infeasible;infeasible;infeasible;infeasible;infeasible;infeasible;infeasible;infeasible;infeasible;infeasible;infeasible;infeasible,0;0;0;0;0;0;0;0;0;0;0;0,infeasible;infeasible;infeasible;infeasible;infeasible;infeasible;infeasible;infeasible;infeasible;infeasible;infeasible;infeasible,infeasible;infeasible;infeasible;infeasible;infeasible;infeasible;infeasible;infeasible;infeasible;infeasible;infeasible;infeasible,0;1;2;3;4;5;6;7;8;9;10;11,STRUCTURAL_ZERO;STRUCTURAL_ZERO;STRUCTURAL_ZERO;STRUCTURAL_ZERO;STRUCTURAL_ZERO;STRUCTURAL_ZERO;STRUCTURAL_ZERO;STRUCTURAL_ZERO;STRUCTURAL_ZERO;STRUCTURAL_ZERO;STRUCTURAL_ZERO;STRUCTURAL_ZERO,12,0,0,,OK
red2_6800:65,,infeasible;infeasible;infeasible;infeasible;infeasible;infeasible;infeasible;infeasible;infeasible;infeasible;infeasible;infeasible,0;0;0;0;0;0;0;0;0;0;0;0,infeasible;infeasible;infeasible;infeasible;infeasible;infeasible;infeasible;infeasible;infeasible;infeasible;infeasible;infeasible,infeasible;infeasible;infeasible;infeasible;infeasible;infeasible;infeasible;infeasible;infeasible;infeasible;infeasible;infeasible,0;1;2;3;4;5;6;7;8;9;10;11,STRUCTURAL_ZERO;STRUCTURAL_ZERO;STRUCTURAL_ZERO;STRUCTURAL_ZERO;STRUCTURAL_ZERO;STRUCTURAL_ZERO;STRUCTURAL_ZERO;STRUCTURAL_ZERO;STRUCTURAL_ZERO;STRUCTURAL_ZERO;STRUCTURAL_ZERO;STRUCTURAL_ZERO,12,0,0,,OK
red2_6800:66,,infeasible;infeasible;infeasible;infeasible;infeasible;infeasible;infeasible;infeasible;infeasible;infeasible;infeasible;infeasible,0;0;0;0;0;0;0;0;0;0;0;0,infeasible;infeasible;infeasible;infeasible;infeasible;infeasible;infeasible;infeasible;infeasible;infeasible;infeasible;infeasible,infeasible;infeasible;infeasible;infeasible;infeasible;infeasible;infeasible;infeasible;infeasible;infeasible;infeasible;infeasible,0;1;2;3;4;5;6;7;8;9;10;11,STRUCTURAL_ZERO;STRUCTURAL_ZERO;STRUCTURAL_ZERO;STRUCTURAL_ZERO;STRUCTURAL_ZERO;STRUCTURAL_ZERO;STRUCTURAL_ZERO;STRUCTURAL_ZERO;STRUCTURAL_ZERO;STRUCTURAL_ZERO;STRUCTURAL_ZERO;STRUCTURAL_ZERO,12,0,0,,OK
red2_6800:67,,infeasible;infeasible;infeasible;infeasible;infeasible;infeasible;infeasible;infeasible;infeasible;infeasible;infeasible;infeasible,0;0;0;0;0;0;0;0;0;0;0;0,infeasible;infeasible;infeasible;infeasible;infeasible;infeasible;infeasible;infeasible;infeasible;infeasible;infeasible;infeasible,infeasible;infeasible;infeasible;infeasible;infeasible;infeasible;infeasible;infeasible;infeasible;infeasible;infeasible;infeasible,0;1;2;3;4;5;6;7;8;9;10;11,STRUCTURAL_ZERO;STRUCTURAL_ZERO;STRUCTURAL_ZERO;STRUCTURAL_ZERO;STRUCTURAL_ZERO;STRUCTURAL_ZERO;STRUCTURAL_ZERO;STRUCTURAL_ZERO;STRUCTURAL_ZERO;STRUCTURAL_ZERO;STRUCTURAL_ZERO;STRUCTURAL_ZERO,12,0,0,,OK
red2_6800:68,,infeasible;infeasible;infeasible;infeasible;infeasible;infeasible;infeasible;infeasible;infeasible;infeasible;infeasible;infeasible,0;0;0;0;0;0;0;0;0;0;0;0,infeasible;infeasible;infeasible;infeasible;infeasible;infeasible;infeasible;infeasible;infeasible;infeasible;infeasible;infeasible,infeasible;infeasible;infeasible;infeasible;infeasible;infeasible;infeasible;infeasible;infeasible;infeasible;infeasible;infeasible,0;1;2;3;4;5;6;7;8;9;10;11,STRUCTURAL_ZERO;STRUCTURAL_ZERO;STRUCTURAL_ZERO;STRUCTURAL_ZERO;STRUCTURAL_ZERO;STRUCTURAL_ZERO;STRUCTURAL_ZERO;STRUCTURAL_ZERO;STRUCTURAL_ZERO;STRUCTURAL_ZERO;STRUCTURAL_ZERO;STRUCTURAL_ZERO,12,0,0,,OK
red2_6800:69,,infeasible;infeasible;infeasible;infeasible;infeasible;infeasible;infeasible;infeasible;infeasible;infeasible;infeasible;infeasible,0;0;0;0;0;0;0;0;0;0;0;0,infeasible;infeasible;infeasible;infeasible;infeasible;infeasible;infeasible;infeasible;infeasible;infeasible;infeasible;infeasible,infeasible;infeasible;infeasible;infeasible;infeasible;infeasible;infeasible;infeasible;infeasible;infeasible;infeasible;infeasible,0;1;2;3;4;5;6;7;8;9;10;11,STRUCTURAL_ZERO;STRUCTURAL_ZERO;STRUCTURAL_ZERO;STRUCTURAL_ZERO;STRUCTURAL_ZERO;STRUCTURAL_ZERO;STRUCTURAL_ZERO;STRUCTURAL_ZERO;STRUCTURAL_ZERO;STRUCTURAL_ZERO;STRUCTURAL_ZERO;STRUCTURAL_ZERO,12,0,0,,OK
red2_6800:70,,infeasible;infeasible;infeasible;infeasible;infeasible;infeasible;infeasible;infeasible;infeasible;infeasible;infeasible;infeasible,0;0;0;0;0;0;0;0;0;0;0;0,infeasible;infeasible;infeasible;infeasible;infeasible;infeasible;infeasible;infeasible;infeasible;infeasible;infeasible;infeasible,infeasible;infeasible;infeasible;infeasible;infeasible;infeasible;infeasible;infeasible;infeasible;infeasible;infeasible;infeasible,0;1;2;3;4;5;6;7;8;9;10;11,STRUCTURAL_ZERO;STRUCTURAL_ZERO;STRUCTURAL_ZERO;STRUCTURAL_ZERO;STRUCTURAL_ZERO;STRUCTURAL_ZERO;STRUCTURAL_ZERO;STRUCTURAL_ZERO;STRUCTURAL_ZERO;STRUCTURAL_ZERO;STRUCTURAL_ZERO;STRUCTURAL_ZERO,12,0,0,,OK
red2_6800:71,,infeasible;infeasible;infeasible;infeasible;infeasible;infeasible;infeasible;infeasible;infeasible;infeasible;infeasible;infeasible,0;0;0;0;0;0;0;0;0;0;0;0,infeasible;infeasible;infeasible;infeasible;infeasible;infeasible;infeasible;infeasible;infeasible;infeasible;infeasible;infeasible,infeasible;infeasible;infeasible;infeasible;infeasible;infeasible;infeasible;infeasible;infeasible;infeasible;infeasible;infeasible,0;1;2;3;4;5;6;7;8;9;10;11,STRUCTURAL_ZERO;STRUCTURAL_ZERO;STRUCTURAL_ZERO;STRUCTURAL_ZERO;STRUCTURAL_ZERO;STRUCTURAL_ZERO;STRUCTURAL_ZERO;STRUCTURAL_ZERO;STRUCTURAL_ZERO;STRUCTURAL_ZERO;STRUCTURAL_ZERO;STRUCTURAL_ZERO,12,0,0,,OK
red2_6800:72,,infeasible;infeasible;infeasible;infeasible;infeasible;infeasible;infeasible;infeasible;infeasible;infeasible;infeasible;infeasible,0;0;0;0;0;0;0;0;0;0;0;0,infeasible;infeasible;infeasible;infeasible;infeasible;infeasible;infeasible;infeasible;infeasible;infeasible;infeasible;infeasible,infeasible;infeasible;infeasible;infeasible;infeasible;infeasible;infeasible;infeasible;infeasible;infeasible;infeasible;infeasible,0;1;2;3;4;5;6;7;8;9;10;11,STRUCTURAL_ZERO;STRUCTURAL_ZERO;STRUCTURAL_ZERO;STRUCTURAL_ZERO;STRUCTURAL_ZERO;STRUCTURAL_ZERO;STRUCTURAL_ZERO;STRUCTURAL_ZERO;STRUCTURAL_ZERO;STRUCTURAL_ZERO;STRUCTURAL_ZERO;STRUCTURAL_ZERO,12,0,0,,OK
red2_6800:73,,infeasible;infeasible;infeasible;infeasible;infeasible;infeasible;infeasible;infeasible;infeasible;infeasible;infeasible;infeasible,0;0;0;0;0;0;0;0;0;0;0;0,infeasible;infeasible;infeasible;infeasible;infeasible;infeasible;infeasible;infeasible;infeasible;infeasible;infeasible;infeasible,infeasible;infeasible;infeasible;infeasible;infeasible;infeasible;infeasible;infeasible;infeasible;infeasible;infeasible;infeasible,0;1;2;3;4;5;6;7;8;9;10;11,STRUCTURAL_ZERO;STRUCTURAL_ZERO;STRUCTURAL_ZERO;STRUCTURAL_ZERO;STRUCTURAL_ZERO;STRUCTURAL_ZERO;STRUCTURAL_ZERO;STRUCTURAL_ZERO;STRUCTURAL_ZERO;STRUCTURAL_ZERO;STRUCTURAL_ZERO;STRUCTURAL_ZERO,12,0,0,,OK
red2_6800:74,,infeasible;infeasible;infeasible;infeasible;infeasible;infeasible;infeasible;infeasible;infeasible;infeasible;infeasible;infeasible,0;0;0;0;0;0;0;0;0;0;0;0,infeasible;infeasible;infeasible;infeasible;infeasible;infeasible;infeasible;infeasible;infeasible;infeasible;infeasible;infeasible,infeasible;infeasible;infeasible;infeasible;infeasible;infeasible;infeasible;infeasible;infeasible;infeasible;infeasible;infeasible,0;1;2;3;4;5;6;7;8;9;10;11,STRUCTURAL_ZERO;STRUCTURAL_ZERO;STRUCTURAL_ZERO;STRUCTURAL_ZERO;STRUCTURAL_ZERO;STRUCTURAL_ZERO;STRUCTURAL_ZERO;STRUCTURAL_ZERO;STRUCTURAL_ZERO;STRUCTURAL_ZERO;STRUCTURAL_ZERO;STRUCTURAL_ZERO,12,0,0,,OK
red2_6800:75,,infeasible;infeasible;infeasible;infeasible;infeasible;infeasible;infeasible;infeasible;infeasible;infeasible;infeasible;infeasible,0;0;0;0;0;0;0;0;0;0;0;0,infeasible;infeasible;infeasible;infeasible;infeasible;infeasible;infeasible;infeasible;infeasible;infeasible;infeasible;infeasible,infeasible;infeasible;infeasible;infeasible;infeasible;infeasible;infeasible;infeasible;infeasible;infeasible;infeasible;infeasible,0;1;2;3;4;5;6;7;8;9;10;11,STRUCTURAL_ZERO;STRUCTURAL_ZERO;STRUCTURAL_ZERO;STRUCTURAL_ZERO;STRUCTURAL_ZERO;STRUCTURAL_ZERO;STRUCTURAL_ZERO;STRUCTURAL_ZERO;STRUCTURAL_ZERO;STRUCTURAL_ZERO;STRUCTURAL_ZERO;STRUCTURAL_ZERO,12,0,0,,OK
red2_6800:76,,infeasible;infeasible;infeasible;infeasible;infeasible;infeasible;infeasible;infeasible;infeasible;infeasible;infeasible;infeasible,0;0;0;0;0;0;0;0;0;0;0;0,infeasible;infeasible;infeasible;infeasible;infeasible;infeasible;infeasible;infeasible;infeasible;infeasible;infeasible;infeasible,infeasible;infeasible;infeasible;infeasible;infeasible;infeasible;infeasible;infeasible;infeasible;infeasible;infeasible;infeasible,0;1;2;3;4;5;6;7;8;9;10;11,STRUCTURAL_ZERO;STRUCTURAL_ZERO;STRUCTURAL_ZERO;STRUCTURAL_ZERO;STRUCTURAL_ZERO;STRUCTURAL_ZERO;STRUCTURAL_ZERO;STRUCTURAL_ZERO;STRUCTURAL_ZERO;STRUCTURAL_ZERO;STRUCTURAL_ZERO;STRUCTURAL_ZERO,12,0,0,,OK
red2_6800:77,,infeasible;infeasible;infeasible;infeasible;infeasible;infeasible;infeasible;infeasible;infeasible;infeasible;infeasible;infeasible,0;0;0;0;0;0;0;0;0;0;0;0,infeasible;infeasible;infeasible;infeasible;infeasible;infeasible;infeasible;infeasible;infeasible;infeasible;infeasible;infeasible,infeasible;infeasible;infeasible;infeasible;infeasible;infeasible;infeasible;infeasible;infeasible;infeasible;infeasible;infeasible,0;1;2;3;4;5;6;7;8;9;10;11,STRUCTURAL_ZERO;STRUCTURAL_ZERO;STRUCTURAL_ZERO;STRUCTURAL_ZERO;STRUCTURAL_ZERO;STRUCTURAL_ZERO;STRUCTURAL_ZERO;STRUCTURAL_ZERO;STRUCTURAL_ZERO;STRUCTURAL_ZERO;STRUCTURAL_ZERO;STRUCTURAL_ZERO,12,0,0,,OK
red2_6800:78,,infeasible;infeasible;infeasible;infeasible;infeasible;infeasible;infeasible;infeasible;infeasible;infeasible;infeasible;infeasible,0;0;0;0;0;0;0;0;0;0;0;0,infeasible;infeasible;infeasible;infeasible;infeasible;infeasible;infeasible;infeasible;infeasible;infeasible;infeasible;infeasible,infeasible;infeasible;infeasible;infeasible;infeasible;infeasible;infeasible;infeasible;infeasible;infeasible;infeasible;infeasible,0;1;2;3;4;5;6;7;8;9;10;11,STRUCTURAL_ZERO;STRUCTURAL_ZERO;STRUCTURAL_ZERO;STRUCTURAL_ZERO;STRUCTURAL_ZERO;STRUCTURAL_ZERO;STRUCTURAL_ZERO;STRUCTURAL_ZERO;STRUCTURAL_ZERO;STRUCTURAL_ZERO;STRUCTURAL_ZERO;STRUCTURAL_ZERO,12,0,0,,OK
red2_6800:79,,infeasible;infeasible;infeasible;infeasible;infeasible;infeasible;infeasible;infeasible;infeasible;infeasible;infeasible;infeasible,0;0;0;0;0;0;0;0;0;0;0;0,infeasible;infeasible;infeasible;infeasible;infeasible;infeasible;infeasible;infeasible;infeasible;infeasible;infeasible;infeasible,infeasible;infeasible;infeasible;infeasible;infeasible;infeasible;infeasible;infeasible;infeasible;infeasible;infeasible;infeasible,0;1;2;3;4;5;6;7;8;9;10;11,STRUCTURAL_ZERO;STRUCTURAL_ZERO;STRUCTURAL_ZERO;STRUCTURAL_ZERO;STRUCTURAL_ZERO;STRUCTURAL_ZERO;STRUCTURAL_ZERO;STRUCTURAL_ZERO;STRUCTURAL_ZERO;STRUCTURAL_ZERO;STRUCTURAL_ZERO;STRUCTURAL_ZERO,12,0,0,,OK
red2_6800:80,,infeasible;infeasible;infeasible;infeasible;infeasible;infeasible;infeasible;infeasible;infeasible;infeasible;infeasible;infeasible,0;0;0;0;0;0;0;0;0;0;0;0,infeasible;infeasible;infeasible;infeasible;infeasible;infeasible;infeasible;infeasible;infeasible;infeasible;infeasible;infeasible,infeasible;infeasible;infeasible;infeasible;infeasible;infeasible;infeasible;infeasible;infeasible;infeasible;infeasible;infeasible,0;1;2;3;4;5;6;7;8;9;10;11,STRUCTURAL_ZERO;STRUCTURAL_ZERO;STRUCTURAL_ZERO;STRUCTURAL_ZERO;STRUCTURAL_ZERO;STRUCTURAL_ZERO;STRUCTURAL_ZERO;STRUCTURAL_ZERO;STRUCTURAL_ZERO;STRUCTURAL_ZERO;STRUCTURAL_ZERO;STRUCTURAL_ZERO,12,0,0,,OK
red2_6800:81,,infeasible;infeasible;infeasible;infeasible;infeasible;infeasible;infeasible;infeasible;infeasible;infeasible;infeasible;infeasible,0;0;0;0;0;0;0;0;0;0;0;0,infeasible;infeasible;infeasible;infeasible;infeasible;infeasible;infeasible;infeasible;infeasible;infeasible;infeasible;infeasible,infeasible;infeasible;infeasible;infeasible;infeasible;infeasible;infeasible;infeasible;infeasible;infeasible;infeasible;infeasible,0;1;2;3;4;5;6;7;8;9;10;11,STRUCTURAL_ZERO;STRUCTURAL_ZERO;STRUCTURAL_ZERO;STRUCTURAL_ZERO;STRUCTURAL_ZERO;STRUCTURAL_ZERO;STRUCTURAL_ZERO;STRUCTURAL_ZERO;STRUCTURAL_ZERO;STRUCTURAL_ZERO;STRUCTURAL_ZERO;STRUCTURAL_ZERO,12,0,0,,OK
red2_6800:82,,infeasible;infeasible;infeasible;infeasible;infeasible;infeasible;infeasible;infeasible;infeasible;infeasible;infeasible;infeasible,0;0;0;0;0;0;0;0;0;0;0;0,infeasible;infeasible;infeasible;infeasible;infeasible;infeasible;infeasible;infeasible;infeasible;infeasible;infeasible;infeasible,infeasible;infeasible;infeasible;infeasible;infeasible;infeasible;infeasible;infeasible;infeasible;infeasible;infeasible;infeasible,0;1;2;3;4;5;6;7;8;9;10;11,STRUCTURAL_ZERO;STRUCTURAL_ZERO;STRUCTURAL_ZERO;STRUCTURAL_ZERO;STRUCTURAL_ZERO;STRUCTURAL_ZERO;STRUCTURAL_ZERO;STRUCTURAL_ZERO;STRUCTURAL_ZERO;STRUCTURAL_ZERO;STRUCTURAL_ZERO;STRUCTURAL_ZERO,12,0,0,,OK
red2_6800:83,,infeasible;optimal;optimal;optimal;optimal;optimal;optimal;optimal;optimal;optimal;optimal;optimal,0;0.06529;0.3896;0.6159;1.06;1.435;1.454;1.413;1.245;0.9898;0.7097;0.1622,infeasible;optimal;optimal;optimal;optimal;optimal;optimal;optimal;optimal;optimal;optimal;optimal,infeasible;optimal;optimal;optimal;optimal;optimal;optimal;optimal;optimal;optimal;optimal;optimal,0,STRUCTURAL_ZERO,1,0,0,,OK
red2_6800:84,,infeasible;optimal;optimal;optimal;optimal;optimal;optimal;optimal;optimal;optimal;optimal;optimal,0;0.1421;0.6125;0.8671;1.195;1.439;1.462;1.433;1.308;1.146;0.888;0.03715,infeasible;optimal;optimal;optimal;optimal;optimal;optimal;optimal;optimal;optimal;optimal;optimal,infeasible;optimal;optimal;optimal;optimal;optimal;optimal;optimal;optimal;optimal;optimal;optimal,0,STRUCTURAL_ZERO,1,0,0,,OK
red2_6800:85,,infeasible;infeasible;infeasible;infeasible;infeasible;infeasible;infeasible;infeasible;infeasible;infeasible;infeasible;infeasible,0;0;0;0;0;0;0;0;0;0;0;0,infeasible;infeasible;infeasible;infeasible;infeasible;infeasible;infeasible;infeasible;infeasible;infeasible;infeasible;infeasible,infeasible;infeasible;infeasible;infeasible;infeasible;infeasible;infeasible;infeasible;infeasible;infeasible;infeasible;infeasible,0;1;2;3;4;5;6;7;8;9;10;11,STRUCTURAL_ZERO;STRUCTURAL_ZERO;STRUCTURAL_ZERO;STRUCTURAL_ZERO;STRUCTURAL_ZERO;STRUCTURAL_ZERO;STRUCTURAL_ZERO;STRUCTURAL_ZERO;STRUCTURAL_ZERO;STRUCTURAL_ZERO;STRUCTURAL_ZERO;STRUCTURAL_ZERO,12,0,0,,OK
red2_6800:86,,infeasible;infeasible;infeasible;infeasible;infeasible;infeasible;infeasible;infeasible;infeasible;infeasible;infeasible;infeasible,0;0;0;0;0;0;0;0;0;0;0;0,infeasible;infeasible;infeasible;infeasible;infeasible;infeasible;infeasible;infeasible;infeasible;infeasible;infeasible;infeasible,infeasible;infeasible;infeasible;infeasible;infeasible;infeasible;infeasible;infeasible;infeasible;infeasible;infeasible;infeasible,0;1;2;3;4;5;6;7;8;9;10;11,STRUCTURAL_ZERO;STRUCTURAL_ZERO;STRUCTURAL_ZERO;STRUCTURAL_ZERO;STRUCTURAL_ZERO;STRUCTURAL_ZERO;STRUCTURAL_ZERO;STRUCTURAL_ZERO;STRUCTURAL_ZERO;STRUCTURAL_ZERO;STRUCTURAL_ZERO;STRUCTURAL_ZERO,12,0,0,,OK
red2_6800:87,,infeasible;infeasible;infeasible;infeasible;infeasible;infeasible;infeasible;infeasible;infeasible;infeasible;infeasible;infeasible,0;0;0;0;0;0;0;0;0;0;0;0,infeasible;infeasible;infeasible;infeasible;infeasible;infeasible;infeasible;infeasible;infeasible;infeasible;infeasible;infeasible,infeasible;infeasible;infeasible;infeasible;infeasible;infeasible;infeasible;infeasible;infeasible;infeasible;infeasible;infeasible,0;1;2;3;4;5;6;7;8;9;10;11,STRUCTURAL_ZERO;STRUCTURAL_ZERO;STRUCTURAL_ZERO;STRUCTURAL_ZERO;STRUCTURAL_ZERO;STRUCTURAL_ZERO;STRUCTURAL_ZERO;STRUCTURAL_ZERO;STRUCTURAL_ZERO;STRUCTURAL_ZERO;STRUCTURAL_ZERO;STRUCTURAL_ZERO,12,0,0,,OK
red2_6800:88,,infeasible;infeasible;infeasible;infeasible;infeasible;infeasible;infeasible;infeasible;infeasible;infeasible;infeasible;infeasible,0;0;0;0;0;0;0;0;0;0;0;0,infeasible;infeasible;infeasible;infeasible;infeasible;infeasible;infeasible;infeasible;infeasible;infeasible;infeasible;infeasible,infeasible;infeasible;infeasible;infeasible;infeasible;infeasible;infeasible;infeasible;infeasible;infeasible;infeasible;infeasible,0;1;2;3;4;5;6;7;8;9;10;11,STRUCTURAL_ZERO;STRUCTURAL_ZERO;STRUCTURAL_ZERO;STRUCTURAL_ZERO;STRUCTURAL_ZERO;STRUCTURAL_ZERO;STRUCTURAL_ZERO;STRUCTURAL_ZERO;STRUCTURAL_ZERO;STRUCTURAL_ZERO;STRUCTURAL_ZERO;STRUCTURAL_ZERO,12,0,0,,OK
red2_6800:89,,infeasible;infeasible;infeasible;infeasible;infeasible;infeasible;infeasible;infeasible;infeasible;infeasible;infeasible;infeasible,0;0;0;0;0;0;0;0;0;0;0;0,infeasible;infeasible;infeasible;infeasible;infeasible;infeasible;infeasible;infeasible;infeasible;infeasible;infeasible;infeasible,infeasible;infeasible;infeasible;infeasible;infeasible;infeasible;infeasible;infeasible;infeasible;infeasible;infeasible;infeasible,0;1;2;3;4;5;6;7;8;9;10;11,STRUCTURAL_ZERO;STRUCTURAL_ZERO;STRUCTURAL_ZERO;STRUCTURAL_ZERO;STRUCTURAL_ZERO;STRUCTURAL_ZERO;STRUCTURAL_ZERO;STRUCTURAL_ZERO;STRUCTURAL_ZERO;STRUCTURAL_ZERO;STRUCTURAL_ZERO;STRUCTURAL_ZERO,12,0,0,,OK
red2_6800:90,,infeasible;infeasible;infeasible;infeasible;infeasible;infeasible;infeasible;infeasible;infeasible;infeasible;infeasible;infeasible,0;0;0;0;0;0;0;0;0;0;0;0,infeasible;infeasible;infeasible;infeasible;infeasible;infeasible;infeasible;infeasible;infeasible;infeasible;infeasible;infeasible,infeasible;infeasible;infeasible;infeasible;infeasible;infeasible;infeasible;infeasible;infeasible;infeasible;infeasible;infeasible,0;1;2;3;4;5;6;7;8;9;10;11,STRUCTURAL_ZERO;STRUCTURAL_ZERO;STRUCTURAL_ZERO;STRUCTURAL_ZERO;STRUCTURAL_ZERO;STRUCTURAL_ZERO;STRUCTURAL_ZERO;STRUCTURAL_ZERO;STRUCTURAL_ZERO;STRUCTURAL_ZERO;STRUCTURAL_ZERO;STRUCTURAL_ZERO,12,0,0,,OK
red2_6800:91,,infeasible;infeasible;infeasible;infeasible;infeasible;infeasible;infeasible;infeasible;infeasible;infeasible;infeasible;infeasible,0;0;0;0;0;0;0;0;0;0;0;0,infeasible;infeasible;infeasible;infeasible;infeasible;infeasible;infeasible;infeasible;infeasible;infeasible;infeasible;infeasible,infeasible;infeasible;infeasible;infeasible;infeasible;infeasible;infeasible;infeasible;infeasible;infeasible;infeasible;infeasible,0;1;2;3;4;5;6;7;8;9;10;11,STRUCTURAL_ZERO;STRUCTURAL_ZERO;STRUCTURAL_ZERO;STRUCTURAL_ZERO;STRUCTURAL_ZERO;STRUCTURAL_ZERO;STRUCTURAL_ZERO;STRUCTURAL_ZERO;STRUCTURAL_ZERO;STRUCTURAL_ZERO;STRUCTURAL_ZERO;STRUCTURAL_ZERO,12,0,0,,OK
red2_6800:92,,infeasible;optimal;optimal;optimal;optimal;optimal;optimal;optimal;optimal;optimal;optimal;optimal,0;0.1358;0.5167;0.7493;1.109;1.387;1.401;1.344;1.188;0.9821;0.7521;0.318,infeasible;optimal;optimal;optimal;optimal;optimal;optimal;optimal;optimal;optimal;optimal;optimal,infeasible;optimal;optimal;optimal;optimal;optimal;optimal;optimal;optimal;optimal;optimal;optimal,0,STRUCTURAL_ZERO,1,0,0,,OK
red2_6800:93,,infeasible;infeasible;infeasible;infeasible;infeasible;infeasible;infeasible;infeasible;infeasible;infeasible;infeasible;infeasible,0;0;0;0;0;0;0;0;0;0;0;0,infeasible;infeasible;infeasible;infeasible;infeasible;infeasible;infeasible;infeasible;infeasible;infeasible;infeasible;infeasible,infeasible;infeasible;infeasible;infeasible;infeasible;infeasible;infeasible;infeasible;infeasible;infeasible;infeasible;infeasible,0;1;2;3;4;5;6;7;8;9;10;11,STRUCTURAL_ZERO;STRUCTURAL_ZERO;STRUCTURAL_ZERO;STRUCTURAL_ZERO;STRUCTURAL_ZERO;STRUCTURAL_ZERO;STRUCTURAL_ZERO;STRUCTURAL_ZERO;STRUCTURAL_ZERO;STRUCTURAL_ZERO;STRUCTURAL_ZERO;STRUCTURAL_ZERO,12,0,0,,OK
red2_6800:94,,infeasible;infeasible;infeasible;infeasible;infeasible;infeasible;infeasible;infeasible;infeasible;infeasible;infeasible;infeasible,0;0;0;0;0;0;0;0;0;0;0;0,infeasible;infeasible;infeasible;infeasible;infeasible;infeasible;infeasible;infeasible;infeasible;infeasible;infeasible;infeasible,infeasible;infeasible;infeasible;infeasible;infeasible;infeasible;infeasible;infeasible;infeasible;infeasible;infeasible;infeasible,0;1;2;3;4;5;6;7;8;9;10;11,STRUCTURAL_ZERO;STRUCTURAL_ZERO;STRUCTURAL_ZERO;STRUCTURAL_ZERO;STRUCTURAL_ZERO;STRUCTURAL_ZERO;STRUCTURAL_ZERO;STRUCTURAL_ZERO;STRUCTURAL_ZERO;STRUCTURAL_ZERO;STRUCTURAL_ZERO;STRUCTURAL_ZERO,12,0,0,,OK
red2_6800:95,,infeasible;infeasible;infeasible;infeasible;infeasible;infeasible;infeasible;infeasible;infeasible;infeasible;infeasible;infeasible,0;0;0;0;0;0;0;0;0;0;0;0,infeasible;infeasible;infeasible;infeasible;infeasible;infeasible;infeasible;infeasible;infeasible;infeasible;infeasible;infeasible,infeasible;infeasible;infeasible;infeasible;infeasible;infeasible;infeasible;infeasible;infeasible;infeasible;infeasible;infeasible,0;1;2;3;4;5;6;7;8;9;10;11,STRUCTURAL_ZERO;STRUCTURAL_ZERO;STRUCTURAL_ZERO;STRUCTURAL_ZERO;STRUCTURAL_ZERO;STRUCTURAL_ZERO;STRUCTURAL_ZERO;STRUCTURAL_ZERO;STRUCTURAL_ZERO;STRUCTURAL_ZERO;STRUCTURAL_ZERO;STRUCTURAL_ZERO,12,0,0,,OK
red2_6800:96,,infeasible;infeasible;infeasible;infeasible;infeasible;infeasible;infeasible;infeasible;infeasible;infeasible;infeasible;infeasible,0;0;0;0;0;0;0;0;0;0;0;0,infeasible;infeasible;infeasible;infeasible;infeasible;infeasible;infeasible;infeasible;infeasible;infeasible;infeasible;infeasible,infeasible;infeasible;infeasible;infeasible;infeasible;infeasible;infeasible;infeasible;infeasible;infeasible;infeasible;infeasible,0;1;2;3;4;5;6;7;8;9;10;11,STRUCTURAL_ZERO;STRUCTURAL_ZERO;STRUCTURAL_ZERO;STRUCTURAL_ZERO;STRUCTURAL_ZERO;STRUCTURAL_ZERO;STRUCTURAL_ZERO;STRUCTURAL_ZERO;STRUCTURAL_ZERO;STRUCTURAL_ZERO;STRUCTURAL_ZERO;STRUCTURAL_ZERO,12,0,0,,OK
red2_6800:97,,infeasible;infeasible;infeasible;infeasible;infeasible;infeasible;infeasible;infeasible;infeasible;infeasible;infeasible;infeasible,0;0;0;0;0;0;0;0;0;0;0;0,infeasible;infeasible;infeasible;infeasible;infeasible;infeasible;infeasible;infeasible;infeasible;infeasible;infeasible;infeasible,infeasible;infeasible;infeasible;infeasible;infeasible;infeasible;infeasible;infeasible;infeasible;infeasible;infeasible;infeasible,0;1;2;3;4;5;6;7;8;9;10;11,STRUCTURAL_ZERO;STRUCTURAL_ZERO;STRUCTURAL_ZERO;STRUCTURAL_ZERO;STRUCTURAL_ZERO;STRUCTURAL_ZERO;STRUCTURAL_ZERO;STRUCTURAL_ZERO;STRUCTURAL_ZERO;STRUCTURAL_ZERO;STRUCTURAL_ZERO;STRUCTURAL_ZERO,12,0,0,,OK
red2_6800:98,,infeasible;infeasible;infeasible;infeasible;infeasible;infeasible;infeasible;infeasible;infeasible;infeasible;infeasible;infeasible,0;0;0;0;0;0;0;0;0;0;0;0,infeasible;infeasible;infeasible;infeasible;infeasible;infeasible;infeasible;infeasible;infeasible;infeasible;infeasible;infeasible,infeasible;infeasible;infeasible;infeasible;infeasible;infeasible;infeasible;infeasible;infeasible;infeasible;infeasible;infeasible,0;1;2;3;4;5;6;7;8;9;10;11,STRUCTURAL_ZERO;STRUCTURAL_ZERO;STRUCTURAL_ZERO;STRUCTURAL_ZERO;STRUCTURAL_ZERO;STRUCTURAL_ZERO;STRUCTURAL_ZERO;STRUCTURAL_ZERO;STRUCTURAL_ZERO;STRUCTURAL_ZERO;STRUCTURAL_ZERO;STRUCTURAL_ZERO,12,0,0,,OK
red2_6800:99,,infeasible;infeasible;infeasible;infeasible;infeasible;infeasible;infeasible;infeasible;infeasible;infeasible;infeasible;infeasible,0;0;0;0;0;0;0;0;0;0;0;0,infeasible;infeasible;infeasible;infeasible;infeasible;infeasible;infeasible;infeasible;infeasible;infeasible;infeasible;infeasible,infeasible;infeasible;infeasible;infeasible;infeasible;infeasible;infeasible;infeasible;infeasible;infeasible;infeasible;infeasible,0;1;2;3;4;5;6;7;8;9;10;11,STRUCTURAL_ZERO;STRUCTURAL_ZERO;STRUCTURAL_ZERO;STRUCTURAL_ZERO;STRUCTURAL_ZERO;STRUCTURAL_ZERO;STRUCTURAL_ZERO;STRUCTURAL_ZERO;STRUCTURAL_ZERO;STRUCTURAL_ZERO;STRUCTURAL_ZERO;STRUCTURAL_ZERO,12,0,0,,OK
red2_6800:100,,infeasible;infeasible;infeasible;infeasible;infeasible;infeasible;infeasible;infeasible;infeasible;infeasible;infeasible;infeasible,0;0;0;0;0;0;0;0;0;0;0;0,infeasible;infeasible;infeasible;infeasible;infeasible;infeasible;infeasible;infeasible;infeasible;infeasible;infeasible;infeasible,infeasible;infeasible;infeasible;infeasible;infeasible;infeasible;infeasible;infeasible;infeasible;infeasible;infeasible;infeasible,0;1;2;3;4;5;6;7;8;9;10;11,STRUCTURAL_ZERO;STRUCTURAL_ZERO;STRUCTURAL_ZERO;STRUCTURAL_ZERO;STRUCTURAL_ZERO;STRUCTURAL_ZERO;STRUCTURAL_ZERO;STRUCTURAL_ZERO;STRUCTURAL_ZERO;STRUCTURAL_ZERO;STRUCTURAL_ZERO;STRUCTURAL_ZERO,12,0,0,,OK
red2_6800:101,,infeasible;infeasible;infeasible;infeasible;infeasible;infeasible;infeasible;infeasible;infeasible;infeasible;infeasible;infeasible,0;0;0;0;0;0;0;0;0;0;0;0,infeasible;infeasible;infeasible;infeasible;infeasible;infeasible;infeasible;infeasible;infeasible;infeasible;infeasible;infeasible,infeasible;infeasible;infeasible;infeasible;infeasible;infeasible;infeasible;infeasible;infeasible;infeasible;infeasible;infeasible,0;1;2;3;4;5;6;7;8;9;10;11,STRUCTURAL_ZERO;STRUCTURAL_ZERO;STRUCTURAL_ZERO;STRUCTURAL_ZERO;STRUCTURAL_ZERO;STRUCTURAL_ZERO;STRUCTURAL_ZERO;STRUCTURAL_ZERO;STRUCTURAL_ZERO;STRUCTURAL_ZERO;STRUCTURAL_ZERO;STRUCTURAL_ZERO,12,0,0,,OK
red2_6800:102,,infeasible;infeasible;infeasible;infeasible;infeasible;infeasible;infeasible;infeasible;infeasible;infeasible;infeasible;infeasible,0;0;0;0;0;0;0;0;0;0;0;0,infeasible;infeasible;infeasible;infeasible;infeasible;infeasible;infeasible;infeasible;infeasible;infeasible;infeasible;infeasible,infeasible;infeasible;infeasible;infeasible;infeasible;infeasible;infeasible;infeasible;infeasible;infeasible;infeasible;infeasible,0;1;2;3;4;5;6;7;8;9;10;11,STRUCTURAL_ZERO;STRUCTURAL_ZERO;STRUCTURAL_ZERO;STRUCTURAL_ZERO;STRUCTURAL_ZERO;STRUCTURAL_ZERO;STRUCTURAL_ZERO;STRUCTURAL_ZERO;STRUCTURAL_ZERO;STRUCTURAL_ZERO;STRUCTURAL_ZERO;STRUCTURAL_ZERO,12,0,0,,OK
red2_6800:103,,infeasible;infeasible;infeasible;infeasible;infeasible;infeasible;infeasible;infeasible;infeasible;infeasible;infeasible;infeasible,0;0;0;0;0;0;0;0;0;0;0;0,infeasible;infeasible;infeasible;infeasible;infeasible;infeasible;infeasible;infeasible;infeasible;infeasible;infeasible;infeasible,infeasible;infeasible;infeasible;infeasible;infeasible;infeasible;infeasible;infeasible;infeasible;infeasible;infeasible;infeasible,0;1;2;3;4;5;6;7;8;9;10;11,STRUCTURAL_ZERO;STRUCTURAL_ZERO;STRUCTURAL_ZERO;STRUCTURAL_ZERO;STRUCTURAL_ZERO;STRUCTURAL_ZERO;STRUCTURAL_ZERO;STRUCTURAL_ZERO;STRUCTURAL_ZERO;STRUCTURAL_ZERO;STRUCTURAL_ZERO;STRUCTURAL_ZERO,12,0,0,,OK
red2_6800:104,,infeasible;infeasible;infeasible;infeasible;infeasible;infeasible;infeasible;infeasible;infeasible;infeasible;infeasible;infeasible,0;0;0;0;0;0;0;0;0;0;0;0,infeasible;infeasible;infeasible;infeasible;infeasible;infeasible;infeasible;infeasible;infeasible;infeasible;infeasible;infeasible,infeasible;infeasible;infeasible;infeasible;infeasible;infeasible;infeasible;infeasible;infeasible;infeasible;infeasible;infeasible,0;1;2;3;4;5;6;7;8;9;10;11,STRUCTURAL_ZERO;STRUCTURAL_ZERO;STRUCTURAL_ZERO;STRUCTURAL_ZERO;STRUCTURAL_ZERO;STRUCTURAL_ZERO;STRUCTURAL_ZERO;STRUCTURAL_ZERO;STRUCTURAL_ZERO;STRUCTURAL_ZERO;STRUCTURAL_ZERO;STRUCTURAL_ZERO,12,0,0,,OK
red2_6800:105,,infeasible;infeasible;infeasible;infeasible;infeasible;infeasible;infeasible;infeasible;infeasible;infeasible;infeasible;infeasible,0;0;0;0;0;0;0;0;0;0;0;0,infeasible;infeasible;infeasible;infeasible;infeasible;infeasible;infeasible;infeasible;infeasible;infeasible;infeasible;infeasible,infeasible;infeasible;infeasible;infeasible;infeasible;infeasible;infeasible;infeasible;infeasible;infeasible;infeasible;infeasible,0;1;2;3;4;5;6;7;8;9;10;11,STRUCTURAL_ZERO;STRUCTURAL_ZERO;STRUCTURAL_ZERO;STRUCTURAL_ZERO;STRUCTURAL_ZERO;STRUCTURAL_ZERO;STRUCTURAL_ZERO;STRUCTURAL_ZERO;STRUCTURAL_ZERO;STRUCTURAL_ZERO;STRUCTURAL_ZERO;STRUCTURAL_ZERO,12,0,0,,OK
red2_6800:106,,infeasible;infeasible;infeasible;infeasible;infeasible;infeasible;infeasible;infeasible;infeasible;infeasible;infeasible;infeasible,0;0;0;0;0;0;0;0;0;0;0;0,infeasible;infeasible;infeasible;infeasible;infeasible;infeasible;infeasible;infeasible;infeasible;infeasible;infeasible;infeasible,infeasible;infeasible;infeasible;infeasible;infeasible;infeasible;infeasible;infeasible;infeasible;infeasible;infeasible;infeasible,0;1;2;3;4;5;6;7;8;9;10;11,STRUCTURAL_ZERO;STRUCTURAL_ZERO;STRUCTURAL_ZERO;STRUCTURAL_ZERO;STRUCTURAL_ZERO;STRUCTURAL_ZERO;STRUCTURAL_ZERO;STRUCTURAL_ZERO;STRUCTURAL_ZERO;STRUCTURAL_ZERO;STRUCTURAL_ZERO;STRUCTURAL_ZERO,12,0,0,,OK
red2_6800:107,,infeasible;infeasible;infeasible;infeasible;infeasible;infeasible;infeasible;infeasible;infeasible;infeasible;infeasible;infeasible,0;0;0;0;0;0;0;0;0;0;0;0,infeasible;infeasible;infeasible;infeasible;infeasible;infeasible;infeasible;infeasible;infeasible;infeasible;infeasible;infeasible,infeasible;infeasible;infeasible;infeasible;infeasible;infeasible;infeasible;infeasible;infeasible;infeasible;infeasible;infeasible,0;1;2;3;4;5;6;7;8;9;10;11,STRUCTURAL_ZERO;STRUCTURAL_ZERO;STRUCTURAL_ZERO;STRUCTURAL_ZERO;STRUCTURAL_ZERO;STRUCTURAL_ZERO;STRUCTURAL_ZERO;STRUCTURAL_ZERO;STRUCTURAL_ZERO;STRUCTURAL_ZERO;STRUCTURAL_ZERO;STRUCTURAL_ZERO,12,0,0,,OK
red2_6800:108,,infeasible;infeasible;infeasible;infeasible;infeasible;infeasible;infeasible;infeasible;infeasible;infeasible;infeasible;infeasible,0;0;0;0;0;0;0;0;0;0;0;0,infeasible;infeasible;infeasible;infeasible;infeasible;infeasible;infeasible;infeasible;infeasible;infeasible;infeasible;infeasible,infeasible;infeasible;infeasible;infeasible;infeasible;infeasible;infeasible;infeasible;infeasible;infeasible;infeasible;infeasible,0;1;2;3;4;5;6;7;8;9;10;11,STRUCTURAL_ZERO;STRUCTURAL_ZERO;STRUCTURAL_ZERO;STRUCTURAL_ZERO;STRUCTURAL_ZERO;STRUCTURAL_ZERO;STRUCTURAL_ZERO;STRUCTURAL_ZERO;STRUCTURAL_ZERO;STRUCTURAL_ZERO;STRUCTURAL_ZERO;STRUCTURAL_ZERO,12,0,0,,OK
red2_6800:109,,infeasible;infeasible;infeasible;infeasible;infeasible;infeasible;infeasible;infeasible;infeasible;infeasible;infeasible;infeasible,0;0;0;0;0;0;0;0;0;0;0;0,infeasible;infeasible;infeasible;infeasible;infeasible;infeasible;infeasible;infeasible;infeasible;infeasible;infeasible;infeasible,infeasible;infeasible;infeasible;infeasible;infeasible;infeasible;infeasible;infeasible;infeasible;infeasible;infeasible;infeasible,0;1;2;3;4;5;6;7;8;9;10;11,STRUCTURAL_ZERO;STRUCTURAL_ZERO;STRUCTURAL_ZERO;STRUCTURAL_ZERO;STRUCTURAL_ZERO;STRUCTURAL_ZERO;STRUCTURAL_ZERO;STRUCTURAL_ZERO;STRUCTURAL_ZERO;STRUCTURAL_ZERO;STRUCTURAL_ZERO;STRUCTURAL_ZERO,12,0,0,,OK
red2_6800:110,,infeasible;infeasible;infeasible;infeasible;infeasible;infeasible;infeasible;infeasible;infeasible;infeasible;infeasible;infeasible,0;0;0;0;0;0;0;0;0;0;0;0,infeasible;infeasible;infeasible;infeasible;infeasible;infeasible;infeasible;infeasible;infeasible;infeasible;infeasible;infeasible,infeasible;infeasible;infeasible;infeasible;infeasible;infeasible;infeasible;infeasible;infeasible;infeasible;infeasible;infeasible,0;1;2;3;4;5;6;7;8;9;10;11,STRUCTURAL_ZERO;STRUCTURAL_ZERO;STRUCTURAL_ZERO;STRUCTURAL_ZERO;STRUCTURAL_ZERO;STRUCTURAL_ZERO;STRUCTURAL_ZERO;STRUCTURAL_ZERO;STRUCTURAL_ZERO;STRUCTURAL_ZERO;STRUCTURAL_ZERO;STRUCTURAL_ZERO,12,0,0,,OK
red2_6800:111,,infeasible;infeasible;infeasible;infeasible;infeasible;infeasible;infeasible;infeasible;infeasible;infeasible;infeasible;infeasible,0;0;0;0;0;0;0;0;0;0;0;0,infeasible;infeasible;infeasible;infeasible;infeasible;infeasible;infeasible;infeasible;infeasible;infeasible;infeasible;infeasible,infeasible;infeasible;infeasible;infeasible;infeasible;infeasible;infeasible;infeasible;infeasible;infeasible;infeasible;infeasible,0;1;2;3;4;5;6;7;8;9;10;11,STRUCTURAL_ZERO;STRUCTURAL_ZERO;STRUCTURAL_ZERO;STRUCTURAL_ZERO;STRUCTURAL_ZERO;STRUCTURAL_ZERO;STRUCTURAL_ZERO;STRUCTURAL_ZERO;STRUCTURAL_ZERO;STRUCTURAL_ZERO;STRUCTURAL_ZERO;STRUCTURAL_ZERO,12,0,0,,OK
red2_6800:112,,infeasible;infeasible;infeasible;infeasible;infeasible;infeasible;infeasible;infeasible;infeasible;infeasible;infeasible;infeasible,0;0;0;0;0;0;0;0;0;0;0;0,infeasible;infeasible;infeasible;infeasible;infeasible;infeasible;infeasible;infeasible;infeasible;infeasible;infeasible;infeasible,infeasible;infeasible;infeasible;infeasible;infeasible;infeasible;infeasible;infeasible;infeasible;infeasible;infeasible;infeasible,0;1;2;3;4;5;6;7;8;9;10;11,STRUCTURAL_ZERO;STRUCTURAL_ZERO;STRUCTURAL_ZERO;STRUCTURAL_ZERO;STRUCTURAL_ZERO;STRUCTURAL_ZERO;STRUCTURAL_ZERO;STRUCTURAL_ZERO;STRUCTURAL_ZERO;STRUCTURAL_ZERO;STRUCTURAL_ZERO;STRUCTURAL_ZERO,12,0,0,,OK
red2_6800:113,,infeasible;infeasible;infeasible;infeasible;infeasible;infeasible;infeasible;infeasible;infeasible;infeasible;infeasible;infeasible,0;0;0;0;0;0;0;0;0;0;0;0,infeasible;infeasible;infeasible;infeasible;infeasible;infeasible;infeasible;infeasible;infeasible;infeasible;infeasible;infeasible,infeasible;infeasible;infeasible;infeasible;infeasible;infeasible;infeasible;infeasible;infeasible;infeasible;infeasible;infeasible,0;1;2;3;4;5;6;7;8;9;10;11,STRUCTURAL_ZERO;STRUCTURAL_ZERO;STRUCTURAL_ZERO;STRUCTURAL_ZERO;STRUCTURAL_ZERO;STRUCTURAL_ZERO;STRUCTURAL_ZERO;STRUCTURAL_ZERO;STRUCTURAL_ZERO;STRUCTURAL_ZERO;STRUCTURAL_ZERO;STRUCTURAL_ZERO,12,0,0,,OK
red2_6800:114,,infeasible;infeasible;infeasible;infeasible;infeasible;infeasible;infeasible;infeasible;infeasible;infeasible;infeasible;infeasible,0;0;0;0;0;0;0;0;0;0;0;0,infeasible;infeasible;infeasible;infeasible;infeasible;infeasible;infeasible;infeasible;infeasible;infeasible;infeasible;infeasible,infeasible;infeasible;infeasible;infeasible;infeasible;infeasible;infeasible;infeasible;infeasible;infeasible;infeasible;infeasible,0;1;2;3;4;5;6;7;8;9;10;11,STRUCTURAL_ZERO;STRUCTURAL_ZERO;STRUCTURAL_ZERO;STRUCTURAL_ZERO;STRUCTURAL_ZERO;STRUCTURAL_ZERO;STRUCTURAL_ZERO;STRUCTURAL_ZERO;STRUCTURAL_ZERO;STRUCTURAL_ZERO;STRUCTURAL_ZERO;STRUCTURAL_ZERO,12,0,0,,OK
red2_6800:115,,infeasible;infeasible;infeasible;infeasible;infeasible;infeasible;infeasible;infeasible;infeasible;infeasible;infeasible;infeasible,0;0;0;0;0;0;0;0;0;0;0;0,infeasible;infeasible;infeasible;infeasible;infeasible;infeasible;infeasible;infeasible;infeasible;infeasible;infeasible;infeasible,infeasible;infeasible;infeasible;infeasible;infeasible;infeasible;infeasible;infeasible;infeasible;infeasible;infeasible;infeasible,0;1;2;3;4;5;6;7;8;9;10;11,STRUCTURAL_ZERO;STRUCTURAL_ZERO;STRUCTURAL_ZERO;STRUCTURAL_ZERO;STRUCTURAL_ZERO;STRUCTURAL_ZERO;STRUCTURAL_ZERO;STRUCTURAL_ZERO;STRUCTURAL_ZERO;STRUCTURAL_ZERO;STRUCTURAL_ZERO;STRUCTURAL_ZERO,12,0,0,,OK
red2_6800:116,,infeasible;infeasible;infeasible;infeasible;infeasible;infeasible;infeasible;infeasible;infeasible;infeasible;infeasible;infeasible,0;0;0;0;0;0;0;0;0;0;0;0,infeasible;infeasible;infeasible;infeasible;infeasible;infeasible;infeasible;infeasible;infeasible;infeasible;infeasible;infeasible,infeasible;infeasible;infeasible;infeasible;infeasible;infeasible;infeasible;infeasible;infeasible;infeasible;infeasible;infeasible,0;1;2;3;4;5;6;7;8;9;10;11,STRUCTURAL_ZERO;STRUCTURAL_ZERO;STRUCTURAL_ZERO;STRUCTURAL_ZERO;STRUCTURAL_ZERO;STRUCTURAL_ZERO;STRUCTURAL_ZERO;STRUCTURAL_ZERO;STRUCTURAL_ZERO;STRUCTURAL_ZERO;STRUCTURAL_ZERO;STRUCTURAL_ZERO,12,0,0,,OK
red2_6800:117,,infeasible;infeasible;infeasible;infeasible;infeasible;infeasible;infeasible;infeasible;infeasible;infeasible;infeasible;infeasible,0;0;0;0;0;0;0;0;0;0;0;0,infeasible;infeasible;infeasible;infeasible;infeasible;infeasible;infeasible;infeasible;infeasible;infeasible;infeasible;infeasible,infeasible;infeasible;infeasible;infeasible;infeasible;infeasible;infeasible;infeasible;infeasible;infeasible;infeasible;infeasible,0;1;2;3;4;5;6;7;8;9;10;11,STRUCTURAL_ZERO;STRUCTURAL_ZERO;STRUCTURAL_ZERO;STRUCTURAL_ZERO;STRUCTURAL_ZERO;STRUCTURAL_ZERO;STRUCTURAL_ZERO;STRUCTURAL_ZERO;STRUCTURAL_ZERO;STRUCTURAL_ZERO;STRUCTURAL_ZERO;STRUCTURAL_ZERO,12,0,0,,OK
red2_6800:118,,infeasible;infeasible;infeasible;infeasible;infeasible;infeasible;infeasible;infeasible;infeasible;infeasible;infeasible;infeasible,0;0;0;0;0;0;0;0;0;0;0;0,infeasible;infeasible;infeasible;infeasible;infeasible;infeasible;infeasible;infeasible;infeasible;infeasible;infeasible;infeasible,infeasible;infeasible;infeasible;infeasible;infeasible;infeasible;infeasible;infeasible;infeasible;infeasible;infeasible;infeasible,0;1;2;3;4;5;6;7;8;9;10;11,STRUCTURAL_ZERO;STRUCTURAL_ZERO;STRUCTURAL_ZERO;STRUCTURAL_ZERO;STRUCTURAL_ZERO;STRUCTURAL_ZERO;STRUCTURAL_ZERO;STRUCTURAL_ZERO;STRUCTURAL_ZERO;STRUCTURAL_ZERO;STRUCTURAL_ZERO;STRUCTURAL_ZERO,12,0,0,,OK
red2_6800:119,,infeasible;optimal;optimal;optimal;optimal;optimal;optimal;optimal;optimal;optimal;optimal;optimal,0;0.1053;0.4738;0.7098;1.139;1.448;1.452;1.372;1.135;0.8746;0.6147;0.1876,infeasible;optimal;optimal;optimal;optimal;optimal;optimal;optimal;optimal;optimal;optimal;optimal,infeasible;optimal;optimal;optimal;optimal;optimal;optimal;optimal;optimal;optimal;optimal;optimal,0,STRUCTURAL_ZERO,1,0,0,,OK
red2_6800:120,,infeasible;infeasible;infeasible;infeasible;infeasible;infeasible;infeasible;infeasible;infeasible;infeasible;infeasible;infeasible,0;0;0;0;0;0;0;0;0;0;0;0,infeasible;infeasible;infeasible;infeasible;infeasible;infeasible;infeasible;infeasible;infeasible;infeasible;infeasible;infeasible,infeasible;infeasible;infeasible;infeasible;infeasible;infeasible;infeasible;infeasible;infeasible;infeasible;infeasible;infeasible,0;1;2;3;4;5;6;7;8;9;10;11,STRUCTURAL_ZERO;STRUCTURAL_ZERO;STRUCTURAL_ZERO;STRUCTURAL_ZERO;STRUCTURAL_ZERO;STRUCTURAL_ZERO;STRUCTURAL_ZERO;STRUCTURAL_ZERO;STRUCTURAL_ZERO;STRUCTURAL_ZERO;STRUCTURAL_ZERO;STRUCTURAL_ZERO,12,0,0,,OK
red2_6800:121,,infeasible;infeasible;infeasible;infeasible;infeasible;infeasible;infeasible;infeasible;infeasible;infeasible;infeasible;infeasible,0;0;0;0;0;0;0;0;0;0;0;0,infeasible;infeasible;infeasible;infeasible;infeasible;infeasible;infeasible;infeasible;infeasible;infeasible;infeasible;infeasible,infeasible;infeasible;infeasible;infeasible;infeasible;infeasible;infeasible;infeasible;infeasible;infeasible;infeasible;infeasible,0;1;2;3;4;5;6;7;8;9;10;11,STRUCTURAL_ZERO;STRUCTURAL_ZERO;STRUCTURAL_ZERO;STRUCTURAL_ZERO;STRUCTURAL_ZERO;STRUCTURAL_ZERO;STRUCTURAL_ZERO;STRUCTURAL_ZERO;STRUCTURAL_ZERO;STRUCTURAL_ZERO;STRUCTURAL_ZERO;STRUCTURAL_ZERO,12,0,0,,OK
red2_6800:122,,infeasible;infeasible;infeasible;infeasible;infeasible;infeasible;infeasible;infeasible;infeasible;infeasible;infeasible;infeasible,0;0;0;0;0;0;0;0;0;0;0;0,infeasible;infeasible;infeasible;infeasible;infeasible;infeasible;infeasible;infeasible;infeasible;infeasible;infeasible;infeasible,infeasible;infeasible;infeasible;infeasible;infeasible;infeasible;infeasible;infeasible;infeasible;infeasible;infeasible;infeasible,0;1;2;3;4;5;6;7;8;9;10;11,STRUCTURAL_ZERO;STRUCTURAL_ZERO;STRUCTURAL_ZERO;STRUCTURAL_ZERO;STRUCTURAL_ZERO;STRUCTURAL_ZERO;STRUCTURAL_ZERO;STRUCTURAL_ZERO;STRUCTURAL_ZERO;STRUCTURAL_ZERO;STRUCTURAL_ZERO;STRUCTURAL_ZERO,12,0,0,,OK
red2_6800:123,,infeasible;infeasible;infeasible;infeasible;infeasible;infeasible;infeasible;infeasible;infeasible;infeasible;infeasible;infeasible,0;0;0;0;0;0;0;0;0;0;0;0,infeasible;infeasible;infeasible;infeasible;infeasible;infeasible;infeasible;infeasible;infeasible;infeasible;infeasible;infeasible,infeasible;infeasible;infeasible;infeasible;infeasible;infeasible;infeasible;infeasible;infeasible;infeasible;infeasible;infeasible,0;1;2;3;4;5;6;7;8;9;10;11,STRUCTURAL_ZERO;STRUCTURAL_ZERO;STRUCTURAL_ZERO;STRUCTURAL_ZERO;STRUCTURAL_ZERO;STRUCTURAL_ZERO;STRUCTURAL_ZERO;STRUCTURAL_ZERO;STRUCTURAL_ZERO;STRUCTURAL_ZERO;STRUCTURAL_ZERO;STRUCTURAL_ZERO,12,0,0,,OK
red2_6800:124,,infeasible;infeasible;infeasible;infeasible;infeasible;infeasible;infeasible;infeasible;infeasible;infeasible;infeasible;infeasible,0;0;0;0;0;0;0;0;0;0;0;0,infeasible;infeasible;infeasible;infeasible;infeasible;infeasible;infeasible;infeasible;infeasible;infeasible;infeasible;infeasible,infeasible;infeasible;infeasible;infeasible;infeasible;infeasible;infeasible;infeasible;infeasible;infeasible;infeasible;infeasible,0;1;2;3;4;5;6;7;8;9;10;11,STRUCTURAL_ZERO;STRUCTURAL_ZERO;STRUCTURAL_ZERO;STRUCTURAL_ZERO;STRUCTURAL_ZERO;STRUCTURAL_ZERO;STRUCTURAL_ZERO;STRUCTURAL_ZERO;STRUCTURAL_ZERO;STRUCTURAL_ZERO;STRUCTURAL_ZERO;STRUCTURAL_ZERO,12,0,0,,OK
red2_6800:125,,infeasible;infeasible;infeasible;infeasible;infeasible;infeasible;infeasible;infeasible;infeasible;infeasible;infeasible;infeasible,0;0;0;0;0;0;0;0;0;0;0;0,infeasible;infeasible;infeasible;infeasible;infeasible;infeasible;infeasible;infeasible;infeasible;infeasible;infeasible;infeasible,infeasible;infeasible;infeasible;infeasible;infeasible;infeasible;infeasible;infeasible;infeasible;infeasible;infeasible;infeasible,0;1;2;3;4;5;6;7;8;9;10;11,STRUCTURAL_ZERO;STRUCTURAL_ZERO;STRUCTURAL_ZERO;STRUCTURAL_ZERO;STRUCTURAL_ZERO;STRUCTURAL_ZERO;STRUCTURAL_ZERO;STRUCTURAL_ZERO;STRUCTURAL_ZERO;STRUCTURAL_ZERO;STRUCTURAL_ZERO;STRUCTURAL_ZERO,12,0,0,,OK
red2_6800:126,,infeasible;infeasible;infeasible;infeasible;infeasible;infeasible;infeasible;infeasible;infeasible;infeasible;infeasible;infeasible,0;0;0;0;0;0;0;0;0;0;0;0,infeasible;infeasible;infeasible;infeasible;infeasible;infeasible;infeasible;infeasible;infeasible;infeasible;infeasible;infeasible,infeasible;infeasible;infeasible;infeasible;infeasible;infeasible;infeasible;infeasible;infeasible;infeasible;infeasible;infeasible,0;1;2;3;4;5;6;7;8;9;10;11,STRUCTURAL_ZERO;STRUCTURAL_ZERO;STRUCTURAL_ZERO;STRUCTURAL_ZERO;STRUCTURAL_ZERO;STRUCTURAL_ZERO;STRUCTURAL_ZERO;STRUCTURAL_ZERO;STRUCTURAL_ZERO;STRUCTURAL_ZERO;STRUCTURAL_ZERO;STRUCTURAL_ZERO,12,0,0,,OK
red2_6800:127,,infeasible;infeasible;infeasible;infeasible;infeasible;infeasible;infeasible;infeasible;infeasible;infeasible;infeasible;infeasible,0;0;0;0;0;0;0;0;0;0;0;0,infeasible;infeasible;infeasible;infeasible;infeasible;infeasible;infeasible;infeasible;infeasible;infeasible;infeasible;infeasible,infeasible;infeasible;infeasible;infeasible;infeasible;infeasible;infeasible;infeasible;infeasible;infeasible;infeasible;infeasible,0;1;2;3;4;5;6;7;8;9;10;11,STRUCTURAL_ZERO;STRUCTURAL_ZERO;STRUCTURAL_ZERO;STRUCTURAL_ZERO;STRUCTURAL_ZERO;STRUCTURAL_ZERO;STRUCTURAL_ZERO;STRUCTURAL_ZERO;STRUCTURAL_ZERO;STRUCTURAL_ZERO;STRUCTURAL_ZERO;STRUCTURAL_ZERO,12,0,0,,OK
red2_6800:128,,infeasible;infeasible;infeasible;infeasible;infeasible;infeasible;infeasible;infeasible;infeasible;infeasible;infeasible;infeasible,0;0;0;0;0;0;0;0;0;0;0;0,infeasible;infeasible;infeasible;infeasible;infeasible;infeasible;infeasible;infeasible;infeasible;infeasible;infeasible;infeasible,infeasible;infeasible;infeasible;infeasible;infeasible;infeasible;infeasible;infeasible;infeasible;infeasible;infeasible;infeasible,0;1;2;3;4;5;6;7;8;9;10;11,STRUCTURAL_ZERO;STRUCTURAL_ZERO;STRUCTURAL_ZERO;STRUCTURAL_ZERO;STRUCTURAL_ZERO;STRUCTURAL_ZERO;STRUCTURAL_ZERO;STRUCTURAL_ZERO;STRUCTURAL_ZERO;STRUCTURAL_ZERO;STRUCTURAL_ZERO;STRUCTURAL_ZERO,12,0,0,,OK
red2_6800:129,,infeasible;optimal;optimal;optimal;optimal;optimal;optimal;optimal;optimal;optimal;optimal;optimal,0;0.1219;0.5048;0.7474;1.166;1.437;1.452;1.417;1.293;1.067;0.8069;0.2283,infeasible;optimal;optimal;optimal;optimal;optimal;optimal;optimal;optimal;optimal;optimal;optimal,infeasible;optimal;optimal;optimal;optimal;optimal;optimal;optimal;optimal;optimal;optimal;optimal,0,STRUCTURAL_ZERO,1,0,0,,OK
red2_6800:130,,infeasible;infeasible;infeasible;infeasible;infeasible;infeasible;infeasible;infeasible;infeasible;infeasible;infeasible;infeasible,0;0;0;0;0;0;0;0;0;0;0;0,infeasible;infeasible;infeasible;infeasible;infeasible;infeasible;infeasible;infeasible;infeasible;infeasible;infeasible;infeasible,infeasible;infeasible;infeasible;infeasible;infeasible;infeasible;infeasible;infeasible;infeasible;infeasible;infeasible;infeasible,0;1;2;3;4;5;6;7;8;9;10;11,STRUCTURAL_ZERO;STRUCTURAL_ZERO;STRUCTURAL_ZERO;STRUCTURAL_ZERO;STRUCTURAL_ZERO;STRUCTURAL_ZERO;STRUCTURAL_ZERO;STRUCTURAL_ZERO;STRUCTURAL_ZERO;STRUCTURAL_ZERO;STRUCTURAL_ZERO;STRUCTURAL_ZERO,12,0,0,,OK
red2_6800:131,,infeasible;infeasible;infeasible;infeasible;infeasible;infeasible;infeasible;infeasible;infeasible;infeasible;infeasible;infeasible,0;0;0;0;0;0;0;0;0;0;0;0,infeasible;infeasible;infeasible;infeasible;infeasible;infeasible;infeasible;infeasible;infeasible;infeasible;infeasible;infeasible,infeasible;infeasible;infeasible;infeasible;infeasible;infeasible;infeasible;infeasible;infeasible;infeasible;infeasible;infeasible,0;1;2;3;4;5;6;7;8;9;10;11,STRUCTURAL_ZERO;STRUCTURAL_ZERO;STRUCTURAL_ZERO;STRUCTURAL_ZERO;STRUCTURAL_ZERO;STRUCTURAL_ZERO;STRUCTURAL_ZERO;STRUCTURAL_ZERO;STRUCTURAL_ZERO;STRUCTURAL_ZERO;STRUCTURAL_ZERO;STRUCTURAL_ZERO,12,0,0,,OK
red2_6800:132,,infeasible;optimal;optimal;optimal;optimal;optimal;optimal;optimal;optimal;optimal;optimal;optimal,0;0.1065;0.536;0.7536;1.066;1.356;1.402;1.43;1.385;1.204;0.9027;0.008264,infeasible;optimal;optimal;optimal;optimal;optimal;optimal;optimal;optimal;optimal;optimal;optimal,infeasible;optimal;optimal;optimal;optimal;optimal;optimal;optimal;optimal;optimal;optimal;optimal,0,STRUCTURAL_ZERO,1,0,0,,OK
red2_6800:133,,infeasible;infeasible;infeasible;infeasible;infeasible;infeasible;infeasible;infeasible;infeasible;infeasible;infeasible;infeasible,0;0;0;0;0;0;0;0;0;0;0;0,infeasible;infeasible;infeasible;infeasible;infeasible;infeasible;infeasible;infeasible;infeasible;infeasible;infeasible;infeasible,infeasible;infeasible;infeasible;infeasible;infeasible;infeasible;infeasible;infeasible;infeasible;infeasible;infeasible;infeasible,0;1;2;3;4;5;6;7;8;9;10;11,STRUCTURAL_ZERO;STRUCTURAL_ZERO;STRUCTURAL_ZERO;STRUCTURAL_ZERO;STRUCTURAL_ZERO;STRUCTURAL_ZERO;STRUCTURAL_ZERO;STRUCTURAL_ZERO;STRUCTURAL_ZERO;STRUCTURAL_ZERO;STRUCTURAL_ZERO;STRUCTURAL_ZERO,12,0,0,,OK
red2_6800:134,,infeasible;infeasible;infeasible;infeasible;infeasible;infeasible;infeasible;infeasible;infeasible;infeasible;infeasible;infeasible,0;0;0;0;0;0;0;0;0;0;0;0,infeasible;infeasible;infeasible;infeasible;infeasible;infeasible;infeasible;infeasible;infeasible;infeasible;infeasible;infeasible,infeasible;infeasible;infeasible;infeasible;infeasible;infeasible;infeasible;infeasible;infeasible;infeasible;infeasible;infeasible,0;1;2;3;4;5;6;7;8;9;10;11,STRUCTURAL_ZERO;STRUCTURAL_ZERO;STRUCTURAL_ZERO;STRUCTURAL_ZERO;STRUCTURAL_ZERO;STRUCTURAL_ZERO;STRUCTURAL_ZERO;STRUCTURAL_ZERO;STRUCTURAL_ZERO;STRUCTURAL_ZERO;STRUCTURAL_ZERO;STRUCTURAL_ZERO,12,0,0,,OK
red2_6800:135,,infeasible;infeasible;infeasible;infeasible;infeasible;infeasible;infeasible;infeasible;infeasible;infeasible;infeasible;infeasible,0;0;0;0;0;0;0;0;0;0;0;0,infeasible;infeasible;infeasible;infeasible;infeasible;infeasible;infeasible;infeasible;infeasible;infeasible;infeasible;infeasible,infeasible;infeasible;infeasible;infeasible;infeasible;infeasible;infeasible;infeasible;infeasible;infeasible;infeasible;infeasible,0;1;2;3;4;5;6;7;8;9;10;11,STRUCTURAL_ZERO;STRUCTURAL_ZERO;STRUCTURAL_ZERO;STRUCTURAL_ZERO;STRUCTURAL_ZERO;STRUCTURAL_ZERO;STRUCTURAL_ZERO;STRUCTURAL_ZERO;STRUCTURAL_ZERO;STRUCTURAL_ZERO;STRUCTURAL_ZERO;STRUCTURAL_ZERO,12,0,0,,OK
red2_6800:136,,infeasible;infeasible;infeasible;infeasible;infeasible;infeasible;infeasible;infeasible;infeasible;infeasible;infeasible;infeasible,0;0;0;0;0;0;0;0;0;0;0;0,infeasible;infeasible;infeasible;infeasible;infeasible;infeasible;infeasible;infeasible;infeasible;infeasible;infeasible;infeasible,infeasible;infeasible;infeasible;infeasible;infeasible;infeasible;infeasible;infeasible;infeasible;infeasible;infeasible;infeasible,0;1;2;3;4;5;6;7;8;9;10;11,STRUCTURAL_ZERO;STRUCTURAL_ZERO;STRUCTURAL_ZERO;STRUCTURAL_ZERO;STRUCTURAL_ZERO;STRUCTURAL_ZERO;STRUCTURAL_ZERO;STRUCTURAL_ZERO;STRUCTURAL_ZERO;STRUCTURAL_ZERO;STRUCTURAL_ZERO;STRUCTURAL_ZERO,12,0,0,,OK
red2_6800:137,,infeasible;infeasible;infeasible;infeasible;infeasible;infeasible;infeasible;infeasible;infeasible;infeasible;infeasible;infeasible,0;0;0;0;0;0;0;0;0;0;0;0,infeasible;infeasible;infeasible;infeasible;infeasible;infeasible;infeasible;infeasible;infeasible;infeasible;infeasible;infeasible,infeasible;infeasible;infeasible;infeasible;infeasible;infeasible;infeasible;infeasible;infeasible;infeasible;infeasible;infeasible,0;1;2;3;4;5;6;7;8;9;10;11,STRUCTURAL_ZERO;STRUCTURAL_ZERO;STRUCTURAL_ZERO;STRUCTURAL_ZERO;STRUCTURAL_ZERO;STRUCTURAL_ZERO;STRUCTURAL_ZERO;STRUCTURAL_ZERO;STRUCTURAL_ZERO;STRUCTURAL_ZERO;STRUCTURAL_ZERO;STRUCTURAL_ZERO,12,0,0,,OK
red2_6800:138,,infeasible;optimal;optimal;optimal;optimal;optimal;optimal;optimal;optimal;optimal;optimal;optimal,0;0.1346;0.5396;0.7934;1.191;1.408;1.421;1.379;1.253;1.065;0.7976;0.2369,infeasible;optimal;optimal;optimal;optimal;optimal;optimal;optimal;optimal;optimal;optimal;optimal,infeasible;optimal;optimal;optimal;optimal;optimal;optimal;optimal;optimal;optimal;optimal;optimal,0,STRUCTURAL_ZERO,1,0,0,,OK
red2_6800:139,,infeasible;infeasible;infeasible;infeasible;infeasible;infeasible;infeasible;infeasible;infeasible;infeasible;infeasible;infeasible,0;0;0;0;0;0;0;0;0;0;0;0,infeasible;infeasible;infeasible;infeasible;infeasible;infeasible;infeasible;infeasible;infeasible;infeasible;infeasible;infeasible,infeasible;infeasible;infeasible;infeasible;infeasible;infeasible;infeasible;infeasible;infeasible;infeasible;infeasible;infeasible,0;1;2;3;4;5;6;7;8;9;10;11,STRUCTURAL_ZERO;STRUCTURAL_ZERO;STRUCTURAL_ZERO;STRUCTURAL_ZERO;STRUCTURAL_ZERO;STRUCTURAL_ZERO;STRUCTURAL_ZERO;STRUCTURAL_ZERO;STRUCTURAL_ZERO;STRUCTURAL_ZERO;STRUCTURAL_ZERO;STRUCTURAL_ZERO,12,0,0,,OK
red2_6800:140,,infeasible;infeasible;infeasible;infeasible;infeasible;infeasible;infeasible;infeasible;infeasible;infeasible;infeasible;infeasible,0;0;0;0;0;0;0;0;0;0;0;0,infeasible;infeasible;infeasible;infeasible;infeasible;infeasible;infeasible;infeasible;infeasible;infeasible;infeasible;infeasible,infeasible;infeasible;infeasible;infeasible;infeasible;infeasible;infeasible;infeasible;infeasible;infeasible;infeasible;infeasible,0;1;2;3;4;5;6;7;8;9;10;11,STRUCTURAL_ZERO;STRUCTURAL_ZERO;STRUCTURAL_ZERO;STRUCTURAL_ZERO;STRUCTURAL_ZERO;STRUCTURAL_ZERO;STRUCTURAL_ZERO;STRUCTURAL_ZERO;STRUCTURAL_ZERO;STRUCTURAL_ZERO;STRUCTURAL_ZERO;STRUCTURAL_ZERO,12,0,0,,OK
red2_6800:141,,infeasible;infeasible;infeasible;infeasible;infeasible;infeasible;infeasible;infeasible;infeasible;infeasible;infeasible;infeasible,0;0;0;0;0;0;0;0;0;0;0;0,infeasible;infeasible;infeasible;infeasible;infeasible;infeasible;infeasible;infeasible;infeasible;infeasible;infeasible;infeasible,infeasible;infeasible;infeasible;infeasible;infeasible;infeasible;infeasible;infeasible;infeasible;infeasible;infeasible;infeasible,0;1;2;3;4;5;6;7;8;9;10;11,STRUCTURAL_ZERO;STRUCTURAL_ZERO;STRUCTURAL_ZERO;STRUCTURAL_ZERO;STRUCTURAL_ZERO;STRUCTURAL_ZERO;STRUCTURAL_ZERO;STRUCTURAL_ZERO;STRUCTURAL_ZERO;STRUCTURAL_ZERO;STRUCTURAL_ZERO;STRUCTURAL_ZERO,12,0,0,,OK
red2_6800:142,,infeasible;infeasible;infeasible;infeasible;infeasible;infeasible;infeasible;infeasible;infeasible;infeasible;infeasible;infeasible,0;0;0;0;0;0;0;0;0;0;0;0,infeasible;infeasible;infeasible;infeasible;infeasible;infeasible;infeasible;infeasible;infeasible;infeasible;infeasible;infeasible,infeasible;infeasible;infeasible;infeasible;infeasible;infeasible;infeasible;infeasible;infeasible;infeasible;infeasible;infeasible,0;1;2;3;4;5;6;7;8;9;10;11,STRUCTURAL_ZERO;STRUCTURAL_ZERO;STRUCTURAL_ZERO;STRUCTURAL_ZERO;STRUCTURAL_ZERO;STRUCTURAL_ZERO;STRUCTURAL_ZERO;STRUCTURAL_ZERO;STRUCTURAL_ZERO;STRUCTURAL_ZERO;STRUCTURAL_ZERO;STRUCTURAL_ZERO,12,0,0,,OK
red2_6800:143,,infeasible;infeasible;infeasible;infeasible;infeasible;infeasible;infeasible;infeasible;infeasible;infeasible;infeasible;infeasible,0;0;0;0;0;0;0;0;0;0;0;0,infeasible;infeasible;infeasible;infeasible;infeasible;infeasible;infeasible;infeasible;infeasible;infeasible;infeasible;infeasible,infeasible;infeasible;infeasible;infeasible;infeasible;infeasible;infeasible;infeasible;infeasible;infeasible;infeasible;infeasible,0;1;2;3;4;5;6;7;8;9;10;11,STRUCTURAL_ZERO;STRUCTURAL_ZERO;STRUCTURAL_ZERO;STRUCTURAL_ZERO;STRUCTURAL_ZERO;STRUCTURAL_ZERO;STRUCTURAL_ZERO;STRUCTURAL_ZERO;STRUCTURAL_ZERO;STRUCTURAL_ZERO;STRUCTURAL_ZERO;STRUCTURAL_ZERO,12,0,0,,OK
red2_6800:144,,infeasible;infeasible;infeasible;infeasible;infeasible;infeasible;infeasible;infeasible;infeasible;infeasible;infeasible;infeasible,0;0;0;0;0;0;0;0;0;0;0;0,infeasible;infeasible;infeasible;infeasible;infeasible;infeasible;infeasible;infeasible;infeasible;infeasible;infeasible;infeasible,infeasible;infeasible;infeasible;infeasible;infeasible;infeasible;infeasible;infeasible;infeasible;infeasible;infeasible;infeasible,0;1;2;3;4;5;6;7;8;9;10;11,STRUCTURAL_ZERO;STRUCTURAL_ZERO;STRUCTURAL_ZERO;STRUCTURAL_ZERO;STRUCTURAL_ZERO;STRUCTURAL_ZERO;STRUCTURAL_ZERO;STRUCTURAL_ZERO;STRUCTURAL_ZERO;STRUCTURAL_ZERO;STRUCTURAL_ZERO;STRUCTURAL_ZERO,12,0,0,,OK
red2_6800:145,,infeasible;infeasible;infeasible;infeasible;infeasible;infeasible;infeasible;infeasible;infeasible;infeasible;infeasible;infeasible,0;0;0;0;0;0;0;0;0;0;0;0,infeasible;infeasible;infeasible;infeasible;infeasible;infeasible;infeasible;infeasible;infeasible;infeasible;infeasible;infeasible,infeasible;infeasible;infeasible;infeasible;infeasible;infeasible;infeasible;infeasible;infeasible;infeasible;infeasible;infeasible,0;1;2;3;4;5;6;7;8;9;10;11,STRUCTURAL_ZERO;STRUCTURAL_ZERO;STRUCTURAL_ZERO;STRUCTURAL_ZERO;STRUCTURAL_ZERO;STRUCTURAL_ZERO;STRUCTURAL_ZERO;STRUCTURAL_ZERO;STRUCTURAL_ZERO;STRUCTURAL_ZERO;STRUCTURAL_ZERO;STRUCTURAL_ZERO,12,0,0,,OK
red2_6800:146,,infeasible;infeasible;infeasible;infeasible;infeasible;infeasible;infeasible;infeasible;infeasible;infeasible;infeasible;infeasible,0;0;0;0;0;0;0;0;0;0;0;0,infeasible;infeasible;infeasible;infeasible;infeasible;infeasible;infeasible;infeasible;infeasible;infeasible;infeasible;infeasible,infeasible;infeasible;infeasible;infeasible;infeasible;infeasible;infeasible;infeasible;infeasible;infeasible;infeasible;infeasible,0;1;2;3;4;5;6;7;8;9;10;11,STRUCTURAL_ZERO;STRUCTURAL_ZERO;STRUCTURAL_ZERO;STRUCTURAL_ZERO;STRUCTURAL_ZERO;STRUCTURAL_ZERO;STRUCTURAL_ZERO;STRUCTURAL_ZERO;STRUCTURAL_ZERO;STRUCTURAL_ZERO;STRUCTURAL_ZERO;STRUCTURAL_ZERO,12,0,0,,OK
red2_6800:147,,infeasible;infeasible;infeasible;infeasible;infeasible;infeasible;infeasible;infeasible;infeasible;infeasible;infeasible;infeasible,0;0;0;0;0;0;0;0;0;0;0;0,infeasible;infeasible;infeasible;infeasible;infeasible;infeasible;infeasible;infeasible;infeasible;infeasible;infeasible;infeasible,infeasible;infeasible;infeasible;infeasible;infeasible;infeasible;infeasible;infeasible;infeasible;infeasible;infeasible;infeasible,0;1;2;3;4;5;6;7;8;9;10;11,STRUCTURAL_ZERO;STRUCTURAL_ZERO;STRUCTURAL_ZERO;STRUCTURAL_ZERO;STRUCTURAL_ZERO;STRUCTURAL_ZERO;STRUCTURAL_ZERO;STRUCTURAL_ZERO;STRUCTURAL_ZERO;STRUCTURAL_ZERO;STRUCTURAL_ZERO;STRUCTURAL_ZERO,12,0,0,,OK
red2_6800:148,,infeasible;infeasible;infeasible;infeasible;infeasible;infeasible;infeasible;infeasible;infeasible;infeasible;infeasible;infeasible,0;0;0;0;0;0;0;0;0;0;0;0,infeasible;infeasible;infeasible;infeasible;infeasible;infeasible;infeasible;infeasible;infeasible;infeasible;infeasible;infeasible,infeasible;infeasible;infeasible;infeasible;infeasible;infeasible;infeasible;infeasible;infeasible;infeasible;infeasible;infeasible,0;1;2;3;4;5;6;7;8;9;10;11,STRUCTURAL_ZERO;STRUCTURAL_ZERO;STRUCTURAL_ZERO;STRUCTURAL_ZERO;STRUCTURAL_ZERO;STRUCTURAL_ZERO;STRUCTURAL_ZERO;STRUCTURAL_ZERO;STRUCTURAL_ZERO;STRUCTURAL_ZERO;STRUCTURAL_ZERO;STRUCTURAL_ZERO,12,0,0,,OK
red2_6800:149,,infeasible;infeasible;infeasible;infeasible;infeasible;infeasible;infeasible;infeasible;infeasible;infeasible;infeasible;infeasible,0;0;0;0;0;0;0;0;0;0;0;0,infeasible;infeasible;infeasible;infeasible;infeasible;infeasible;infeasible;infeasible;infeasible;infeasible;infeasible;infeasible,infeasible;infeasible;infeasible;infeasible;infeasible;infeasible;infeasible;infeasible;infeasible;infeasible;infeasible;infeasible,0;1;2;3;4;5;6;7;8;9;10;11,STRUCTURAL_ZERO;STRUCTURAL_ZERO;STRUCTURAL_ZERO;STRUCTURAL_ZERO;STRUCTURAL_ZERO;STRUCTURAL_ZERO;STRUCTURAL_ZERO;STRUCTURAL_ZERO;STRUCTURAL_ZERO;STRUCTURAL_ZERO;STRUCTURAL_ZERO;STRUCTURAL_ZERO,12,0,0,,OK
red2_6800:150,,infeasible;infeasible;infeasible;infeasible;infeasible;infeasible;infeasible;infeasible;infeasible;infeasible;infeasible;infeasible,0;0;0;0;0;0;0;0;0;0;0;0,infeasible;infeasible;infeasible;infeasible;infeasible;infeasible;infeasible;infeasible;infeasible;infeasible;infeasible;infeasible,infeasible;infeasible;infeasible;infeasible;infeasible;infeasible;infeasible;infeasible;infeasible;infeasible;infeasible;infeasible,0;1;2;3;4;5;6;7;8;9;10;11,STRUCTURAL_ZERO;STRUCTURAL_ZERO;STRUCTURAL_ZERO;STRUCTURAL_ZERO;STRUCTURAL_ZERO;STRUCTURAL_ZERO;STRUCTURAL_ZERO;STRUCTURAL_ZERO;STRUCTURAL_ZERO;STRUCTURAL_ZERO;STRUCTURAL_ZERO;STRUCTURAL_ZERO,12,0,0,,OK
red2_6800:151,,infeasible;infeasible;infeasible;infeasible;infeasible;infeasible;infeasible;infeasible;infeasible;infeasible;infeasible;infeasible,0;0;0;0;0;0;0;0;0;0;0;0,infeasible;infeasible;infeasible;infeasible;infeasible;infeasible;infeasible;infeasible;infeasible;infeasible;infeasible;infeasible,infeasible;infeasible;infeasible;infeasible;infeasible;infeasible;infeasible;infeasible;infeasible;infeasible;infeasible;infeasible,0;1;2;3;4;5;6;7;8;9;10;11,STRUCTURAL_ZERO;STRUCTURAL_ZERO;STRUCTURAL_ZERO;STRUCTURAL_ZERO;STRUCTURAL_ZERO;STRUCTURAL_ZERO;STRUCTURAL_ZERO;STRUCTURAL_ZERO;STRUCTURAL_ZERO;STRUCTURAL_ZERO;STRUCTURAL_ZERO;STRUCTURAL_ZERO,12,0,0,,OK
red2_6800:152,,infeasible;infeasible;infeasible;infeasible;infeasible;infeasible;infeasible;infeasible;infeasible;infeasible;infeasible;infeasible,0;0;0;0;0;0;0;0;0;0;0;0,infeasible;infeasible;infeasible;infeasible;infeasible;infeasible;infeasible;infeasible;infeasible;infeasible;infeasible;infeasible,infeasible;infeasible;infeasible;infeasible;infeasible;infeasible;infeasible;infeasible;infeasible;infeasible;infeasible;infeasible,0;1;2;3;4;5;6;7;8;9;10;11,STRUCTURAL_ZERO;STRUCTURAL_ZERO;STRUCTURAL_ZERO;STRUCTURAL_ZERO;STRUCTURAL_ZERO;STRUCTURAL_ZERO;STRUCTURAL_ZERO;STRUCTURAL_ZERO;STRUCTURAL_ZERO;STRUCTURAL_ZERO;STRUCTURAL_ZERO;STRUCTURAL_ZERO,12,0,0,,OK
red2_6800:153,,infeasible;infeasible;infeasible;infeasible;infeasible;infeasible;infeasible;infeasible;infeasible;infeasible;infeasible;infeasible,0;0;0;0;0;0;0;0;0;0;0;0,infeasible;infeasible;infeasible;infeasible;infeasible;infeasible;infeasible;infeasible;infeasible;infeasible;infeasible;infeasible,infeasible;infeasible;infeasible;infeasible;infeasible;infeasible;infeasible;infeasible;infeasible;infeasible;infeasible;infeasible,0;1;2;3;4;5;6;7;8;9;10;11,STRUCTURAL_ZERO;STRUCTURAL_ZERO;STRUCTURAL_ZERO;STRUCTURAL_ZERO;STRUCTURAL_ZERO;STRUCTURAL_ZERO;STRUCTURAL_ZERO;STRUCTURAL_ZERO;STRUCTURAL_ZERO;STRUCTURAL_ZERO;STRUCTURAL_ZERO;STRUCTURAL_ZERO,12,0,0,,OK
red2_6800:154,,infeasible;infeasible;infeasible;infeasible;infeasible;infeasible;infeasible;infeasible;infeasible;infeasible;infeasible;infeasible,0;0;0;0;0;0;0;0;0;0;0;0,infeasible;infeasible;infeasible;infeasible;infeasible;infeasible;infeasible;infeasible;infeasible;infeasible;infeasible;infeasible,infeasible;infeasible;infeasible;infeasible;infeasible;infeasible;infeasible;infeasible;infeasible;infeasible;infeasible;infeasible,0;1;2;3;4;5;6;7;8;9;10;11,STRUCTURAL_ZERO;STRUCTURAL_ZERO;STRUCTURAL_ZERO;STRUCTURAL_ZERO;STRUCTURAL_ZERO;STRUCTURAL_ZERO;STRUCTURAL_ZERO;STRUCTURAL_ZERO;STRUCTURAL_ZERO;STRUCTURAL_ZERO;STRUCTURAL_ZERO;STRUCTURAL_ZERO,12,0,0,,OK
red2_6800:155,,infeasible;infeasible;infeasible;infeasible;infeasible;infeasible;infeasible;infeasible;infeasible;infeasible;infeasible;infeasible,0;0;0;0;0;0;0;0;0;0;0;0,infeasible;infeasible;infeasible;infeasible;infeasible;infeasible;infeasible;infeasible;infeasible;infeasible;infeasible;infeasible,infeasible;infeasible;infeasible;infeasible;infeasible;infeasible;infeasible;infeasible;infeasible;infeasible;infeasible;infeasible,0;1;2;3;4;5;6;7;8;9;10;11,STRUCTURAL_ZERO;STRUCTURAL_ZERO;STRUCTURAL_ZERO;STRUCTURAL_ZERO;STRUCTURAL_ZERO;STRUCTURAL_ZERO;STRUCTURAL_ZERO;STRUCTURAL_ZERO;STRUCTURAL_ZERO;STRUCTURAL_ZERO;STRUCTURAL_ZERO;STRUCTURAL_ZERO,12,0,0,,OK
red2_6800:156,,infeasible;infeasible;infeasible;infeasible;infeasible;infeasible;infeasible;infeasible;infeasible;infeasible;infeasible;infeasible,0;0;0;0;0;0;0;0;0;0;0;0,infeasible;infeasible;infeasible;infeasible;infeasible;infeasible;infeasible;infeasible;infeasible;infeasible;infeasible;infeasible,infeasible;infeasible;infeasible;infeasible;infeasible;infeasible;infeasible;infeasible;infeasible;infeasible;infeasible;infeasible,0;1;2;3;4;5;6;7;8;9;10;11,STRUCTURAL_ZERO;STRUCTURAL_ZERO;STRUCTURAL_ZERO;STRUCTURAL_ZERO;STRUCTURAL_ZERO;STRUCTURAL_ZERO;STRUCTURAL_ZERO;STRUCTURAL_ZERO;STRUCTURAL_ZERO;STRUCTURAL_ZERO;STRUCTURAL_ZERO;STRUCTURAL_ZERO,12,0,0,,OK
red2_6800:157,,infeasible;infeasible;infeasible;infeasible;infeasible;infeasible;infeasible;infeasible;infeasible;infeasible;infeasible;infeasible,0;0;0;0;0;0;0;0;0;0;0;0,infeasible;infeasible;infeasible;infeasible;infeasible;infeasible;infeasible;infeasible;infeasible;infeasible;infeasible;infeasible,infeasible;infeasible;infeasible;infeasible;infeasible;infeasible;infeasible;infeasible;infeasible;infeasible;infeasible;infeasible,0;1;2;3;4;5;6;7;8;9;10;11,STRUCTURAL_ZERO;STRUCTURAL_ZERO;STRUCTURAL_ZERO;STRUCTURAL_ZERO;STRUCTURAL_ZERO;STRUCTURAL_ZERO;STRUCTURAL_ZERO;STRUCTURAL_ZERO;STRUCTURAL_ZERO;STRUCTURAL_ZERO;STRUCTURAL_ZERO;STRUCTURAL_ZERO,12,0,0,,OK
red2_6800:158,,infeasible;infeasible;infeasible;infeasible;infeasible;infeasible;infeasible;infeasible;infeasible;infeasible;infeasible;infeasible,0;0;0;0;0;0;0;0;0;0;0;0,infeasible;infeasible;infeasible;infeasible;infeasible;infeasible;infeasible;infeasible;infeasible;infeasible;infeasible;infeasible,infeasible;infeasible;infeasible;infeasible;infeasible;infeasible;infeasible;infeasible;infeasible;infeasible;infeasible;infeasible,0;1;2;3;4;5;6;7;8;9;10;11,STRUCTURAL_ZERO;STRUCTURAL_ZERO;STRUCTURAL_ZERO;STRUCTURAL_ZERO;STRUCTURAL_ZERO;STRUCTURAL_ZERO;STRUCTURAL_ZERO;STRUCTURAL_ZERO;STRUCTURAL_ZERO;STRUCTURAL_ZERO;STRUCTURAL_ZERO;STRUCTURAL_ZERO,12,0,0,,OK
red2_6800:159,,infeasible;infeasible;infeasible;infeasible;infeasible;infeasible;infeasible;infeasible;infeasible;infeasible;infeasible;infeasible,0;0;0;0;0;0;0;0;0;0;0;0,infeasible;infeasible;infeasible;infeasible;infeasible;infeasible;infeasible;infeasible;infeasible;infeasible;infeasible;infeasible,infeasible;infeasible;infeasible;infeasible;infeasible;infeasible;infeasible;infeasible;infeasible;infeasible;infeasible;infeasible,0;1;2;3;4;5;6;7;8;9;10;11,STRUCTURAL_ZERO;STRUCTURAL_ZERO;STRUCTURAL_ZERO;STRUCTURAL_ZERO;STRUCTURAL_ZERO;STRUCTURAL_ZERO;STRUCTURAL_ZERO;STRUCTURAL_ZERO;STRUCTURAL_ZERO;STRUCTURAL_ZERO;STRUCTURAL_ZERO;STRUCTURAL_ZERO,12,0,0,,OK
red2_6800:160,,infeasible;infeasible;infeasible;infeasible;infeasible;infeasible;infeasible;infeasible;infeasible;infeasible;infeasible;infeasible,0;0;0;0;0;0;0;0;0;0;0;0,infeasible;infeasible;infeasible;infeasible;infeasible;infeasible;infeasible;infeasible;infeasible;infeasible;infeasible;infeasible,infeasible;infeasible;infeasible;infeasible;infeasible;infeasible;infeasible;infeasible;infeasible;infeasible;infeasible;infeasible,0;1;2;3;4;5;6;7;8;9;10;11,STRUCTURAL_ZERO;STRUCTURAL_ZERO;STRUCTURAL_ZERO;STRUCTURAL_ZERO;STRUCTURAL_ZERO;STRUCTURAL_ZERO;STRUCTURAL_ZERO;STRUCTURAL_ZERO;STRUCTURAL_ZERO;STRUCTURAL_ZERO;STRUCTURAL_ZERO;STRUCTURAL_ZERO,12,0,0,,OK
red2_6800:161,,infeasible;infeasible;infeasible;infeasible;infeasible;infeasible;infeasible;infeasible;infeasible;infeasible;infeasible;infeasible,0;0;0;0;0;0;0;0;0;0;0;0,infeasible;infeasible;infeasible;infeasible;infeasible;infeasible;infeasible;infeasible;infeasible;infeasible;infeasible;infeasible,infeasible;infeasible;infeasible;infeasible;infeasible;infeasible;infeasible;infeasible;infeasible;infeasible;infeasible;infeasible,0;1;2;3;4;5;6;7;8;9;10;11,STRUCTURAL_ZERO;STRUCTURAL_ZERO;STRUCTURAL_ZERO;STRUCTURAL_ZERO;STRUCTURAL_ZERO;STRUCTURAL_ZERO;STRUCTURAL_ZERO;STRUCTURAL_ZERO;STRUCTURAL_ZERO;STRUCTURAL_ZERO;STRUCTURAL_ZERO;STRUCTURAL_ZERO,12,0,0,,OK
red2_6800:162,,infeasible;infeasible;infeasible;infeasible;infeasible;infeasible;infeasible;infeasible;infeasible;infeasible;infeasible;infeasible,0;0;0;0;0;0;0;0;0;0;0;0,infeasible;infeasible;infeasible;infeasible;infeasible;infeasible;infeasible;infeasible;infeasible;infeasible;infeasible;infeasible,infeasible;infeasible;infeasible;infeasible;infeasible;infeasible;infeasible;infeasible;infeasible;infeasible;infeasible;infeasible,0;1;2;3;4;5;6;7;8;9;10;11,STRUCTURAL_ZERO;STRUCTURAL_ZERO;STRUCTURAL_ZERO;STRUCTURAL_ZERO;STRUCTURAL_ZERO;STRUCTURAL_ZERO;STRUCTURAL_ZERO;STRUCTURAL_ZERO;STRUCTURAL_ZERO;STRUCTURAL_ZERO;STRUCTURAL_ZERO;STRUCTURAL_ZERO,12,0,0,,OK
red2_6800:163,,infeasible;infeasible;infeasible;infeasible;infeasible;infeasible;infeasible;infeasible;infeasible;infeasible;infeasible;infeasible,0;0;0;0;0;0;0;0;0;0;0;0,infeasible;infeasible;infeasible;infeasible;infeasible;infeasible;infeasible;infeasible;infeasible;infeasible;infeasible;infeasible,infeasible;infeasible;infeasible;infeasible;infeasible;infeasible;infeasible;infeasible;infeasible;infeasible;infeasible;infeasible,0;1;2;3;4;5;6;7;8;9;10;11,STRUCTURAL_ZERO;STRUCTURAL_ZERO;STRUCTURAL_ZERO;STRUCTURAL_ZERO;STRUCTURAL_ZERO;STRUCTURAL_ZERO;STRUCTURAL_ZERO;STRUCTURAL_ZERO;STRUCTURAL_ZERO;STRUCTURAL_ZERO;STRUCTURAL_ZERO;STRUCTURAL_ZERO,12,0,0,,OK
red2_6800:164,,infeasible;infeasible;infeasible;infeasible;infeasible;infeasible;infeasible;infeasible;infeasible;infeasible;infeasible;infeasible,0;0;0;0;0;0;0;0;0;0;0;0,infeasible;infeasible;infeasible;infeasible;infeasible;infeasible;infeasible;infeasible;infeasible;infeasible;infeasible;infeasible,infeasible;infeasible;infeasible;infeasible;infeasible;infeasible;infeasible;infeasible;infeasible;infeasible;infeasible;infeasible,0;1;2;3;4;5;6;7;8;9;10;11,STRUCTURAL_ZERO;STRUCTURAL_ZERO;STRUCTURAL_ZERO;STRUCTURAL_ZERO;STRUCTURAL_ZERO;STRUCTURAL_ZERO;STRUCTURAL_ZERO;STRUCTURAL_ZERO;STRUCTURAL_ZERO;STRUCTURAL_ZERO;STRUCTURAL_ZERO;STRUCTURAL_ZERO,12,0,0,,OK
red2_6800:165,,infeasible;infeasible;infeasible;infeasible;infeasible;infeasible;infeasible;infeasible;infeasible;infeasible;infeasible;infeasible,0;0;0;0;0;0;0;0;0;0;0;0,infeasible;infeasible;infeasible;infeasible;infeasible;infeasible;infeasible;infeasible;infeasible;infeasible;infeasible;infeasible,infeasible;infeasible;infeasible;infeasible;infeasible;infeasible;infeasible;infeasible;infeasible;infeasible;infeasible;infeasible,0;1;2;3;4;5;6;7;8;9;10;11,STRUCTURAL_ZERO;STRUCTURAL_ZERO;STRUCTURAL_ZERO;STRUCTURAL_ZERO;STRUCTURAL_ZERO;STRUCTURAL_ZERO;STRUCTURAL_ZERO;STRUCTURAL_ZERO;STRUCTURAL_ZERO;STRUCTURAL_ZERO;STRUCTURAL_ZERO;STRUCTURAL_ZERO,12,0,0,,OK
red2_6800:166,,infeasible;infeasible;infeasible;infeasible;infeasible;infeasible;infeasible;infeasible;infeasible;infeasible;infeasible;infeasible,0;0;0;0;0;0;0;0;0;0;0;0,infeasible;infeasible;infeasible;infeasible;infeasible;infeasible;infeasible;infeasible;infeasible;infeasible;infeasible;infeasible,infeasible;infeasible;infeasible;infeasible;infeasible;infeasible;infeasible;infeasible;infeasible;infeasible;infeasible;infeasible,0;1;2;3;4;5;6;7;8;9;10;11,STRUCTURAL_ZERO;STRUCTURAL_ZERO;STRUCTURAL_ZERO;STRUCTURAL_ZERO;STRUCTURAL_ZERO;STRUCTURAL_ZERO;STRUCTURAL_ZERO;STRUCTURAL_ZERO;STRUCTURAL_ZERO;STRUCTURAL_ZERO;STRUCTURAL_ZERO;STRUCTURAL_ZERO,12,0,0,,OK
red2_6800:167,,infeasible;infeasible;infeasible;infeasible;infeasible;infeasible;infeasible;infeasible;infeasible;infeasible;infeasible;infeasible,0;0;0;0;0;0;0;0;0;0;0;0,infeasible;infeasible;infeasible;infeasible;infeasible;infeasible;infeasible;infeasible;infeasible;infeasible;infeasible;infeasible,infeasible;infeasible;infeasible;infeasible;infeasible;infeasible;infeasible;infeasible;infeasible;infeasible;infeasible;infeasible,0;1;2;3;4;5;6;7;8;9;10;11,STRUCTURAL_ZERO;STRUCTURAL_ZERO;STRUCTURAL_ZERO;STRUCTURAL_ZERO;STRUCTURAL_ZERO;STRUCTURAL_ZERO;STRUCTURAL_ZERO;STRUCTURAL_ZERO;STRUCTURAL_ZERO;STRUCTURAL_ZERO;STRUCTURAL_ZERO;STRUCTURAL_ZERO,12,0,0,,OK
red2_6800:168,,infeasible;infeasible;infeasible;infeasible;infeasible;infeasible;infeasible;infeasible;infeasible;infeasible;infeasible;infeasible,0;0;0;0;0;0;0;0;0;0;0;0,infeasible;infeasible;infeasible;infeasible;infeasible;infeasible;infeasible;infeasible;infeasible;infeasible;infeasible;infeasible,infeasible;infeasible;infeasible;infeasible;infeasible;infeasible;infeasible;infeasible;infeasible;infeasible;infeasible;infeasible,0;1;2;3;4;5;6;7;8;9;10;11,STRUCTURAL_ZERO;STRUCTURAL_ZERO;STRUCTURAL_ZERO;STRUCTURAL_ZERO;STRUCTURAL_ZERO;STRUCTURAL_ZERO;STRUCTURAL_ZERO;STRUCTURAL_ZERO;STRUCTURAL_ZERO;STRUCTURAL_ZERO;STRUCTURAL_ZERO;STRUCTURAL_ZERO,12,0,0,,OK
red2_6800:169,,infeasible;infeasible;infeasible;infeasible;infeasible;infeasible;infeasible;infeasible;infeasible;infeasible;infeasible;infeasible,0;0;0;0;0;0;0;0;0;0;0;0,infeasible;infeasible;infeasible;infeasible;infeasible;infeasible;infeasible;infeasible;infeasible;infeasible;infeasible;infeasible,infeasible;infeasible;infeasible;infeasible;infeasible;infeasible;infeasible;infeasible;infeasible;infeasible;infeasible;infeasible,0;1;2;3;4;5;6;7;8;9;10;11,STRUCTURAL_ZERO;STRUCTURAL_ZERO;STRUCTURAL_ZERO;STRUCTURAL_ZERO;STRUCTURAL_ZERO;STRUCTURAL_ZERO;STRUCTURAL_ZERO;STRUCTURAL_ZERO;STRUCTURAL_ZERO;STRUCTURAL_ZERO;STRUCTURAL_ZERO;STRUCTURAL_ZERO,12,0,0,,OK
red2_6800:170,,infeasible;infeasible;infeasible;infeasible;infeasible;infeasible;infeasible;infeasible;infeasible;infeasible;infeasible;infeasible,0;0;0;0;0;0;0;0;0;0;0;0,infeasible;infeasible;infeasible;infeasible;infeasible;infeasible;infeasible;infeasible;infeasible;infeasible;infeasible;infeasible,infeasible;infeasible;infeasible;infeasible;infeasible;infeasible;infeasible;infeasible;infeasible;infeasible;infeasible;infeasible,0;1;2;3;4;5;6;7;8;9;10;11,STRUCTURAL_ZERO;STRUCTURAL_ZERO;STRUCTURAL_ZERO;STRUCTURAL_ZERO;STRUCTURAL_ZERO;STRUCTURAL_ZERO;STRUCTURAL_ZERO;STRUCTURAL_ZERO;STRUCTURAL_ZERO;STRUCTURAL_ZERO;STRUCTURAL_ZERO;STRUCTURAL_ZERO,12,0,0,,OK
red2_6800:171,,infeasible;infeasible;infeasible;infeasible;infeasible;infeasible;infeasible;infeasible;infeasible;infeasible;infeasible;infeasible,0;0;0;0;0;0;0;0;0;0;0;0,infeasible;infeasible;infeasible;infeasible;infeasible;infeasible;infeasible;infeasible;infeasible;infeasible;infeasible;infeasible,infeasible;infeasible;infeasible;infeasible;infeasible;infeasible;infeasible;infeasible;infeasible;infeasible;infeasible;infeasible,0;1;2;3;4;5;6;7;8;9;10;11,STRUCTURAL_ZERO;STRUCTURAL_ZERO;STRUCTURAL_ZERO;STRUCTURAL_ZERO;STRUCTURAL_ZERO;STRUCTURAL_ZERO;STRUCTURAL_ZERO;STRUCTURAL_ZERO;STRUCTURAL_ZERO;STRUCTURAL_ZERO;STRUCTURAL_ZERO;STRUCTURAL_ZERO,12,0,0,,OK
red2_6800:172,,infeasible;infeasible;infeasible;infeasible;infeasible;infeasible;infeasible;infeasible;infeasible;infeasible;infeasible;infeasible,0;0;0;0;0;0;0;0;0;0;0;0,infeasible;infeasible;infeasible;infeasible;infeasible;infeasible;infeasible;infeasible;infeasible;infeasible;infeasible;infeasible,infeasible;infeasible;infeasible;infeasible;infeasible;infeasible;infeasible;infeasible;infeasible;infeasible;infeasible;infeasible,0;1;2;3;4;5;6;7;8;9;10;11,STRUCTURAL_ZERO;STRUCTURAL_ZERO;STRUCTURAL_ZERO;STRUCTURAL_ZERO;STRUCTURAL_ZERO;STRUCTURAL_ZERO;STRUCTURAL_ZERO;STRUCTURAL_ZERO;STRUCTURAL_ZERO;STRUCTURAL_ZERO;STRUCTURAL_ZERO;STRUCTURAL_ZERO,12,0,0,,OK
red2_6800:173,,infeasible;infeasible;infeasible;infeasible;infeasible;infeasible;infeasible;infeasible;infeasible;infeasible;infeasible;infeasible,0;0;0;0;0;0;0;0;0;0;0;0,infeasible;infeasible;infeasible;infeasible;infeasible;infeasible;infeasible;infeasible;infeasible;infeasible;infeasible;infeasible,infeasible;infeasible;infeasible;infeasible;infeasible;infeasible;infeasible;infeasible;infeasible;infeasible;infeasible;infeasible,0;1;2;3;4;5;6;7;8;9;10;11,STRUCTURAL_ZERO;STRUCTURAL_ZERO;STRUCTURAL_ZERO;STRUCTURAL_ZERO;STRUCTURAL_ZERO;STRUCTURAL_ZERO;STRUCTURAL_ZERO;STRUCTURAL_ZERO;STRUCTURAL_ZERO;STRUCTURAL_ZERO;STRUCTURAL_ZERO;STRUCTURAL_ZERO,12,0,0,,OK
red2_6800:174,,infeasible;infeasible;infeasible;infeasible;infeasible;infeasible;infeasible;infeasible;infeasible;infeasible;infeasible;infeasible,0;0;0;0;0;0;0;0;0;0;0;0,infeasible;infeasible;infeasible;infeasible;infeasible;infeasible;infeasible;infeasible;infeasible;infeasible;infeasible;infeasible,infeasible;infeasible;infeasible;infeasible;infeasible;infeasible;infeasible;infeasible;infeasible;infeasible;infeasible;infeasible,0;1;2;3;4;5;6;7;8;9;10;11,STRUCTURAL_ZERO;STRUCTURAL_ZERO;STRUCTURAL_ZERO;STRUCTURAL_ZERO;STRUCTURAL_ZERO;STRUCTURAL_ZERO;STRUCTURAL_ZERO;STRUCTURAL_ZERO;STRUCTURAL_ZERO;STRUCTURAL_ZERO;STRUCTURAL_ZERO;STRUCTURAL_ZERO,12,0,0,,OK
red2_6800:175,,infeasible;infeasible;infeasible;infeasible;infeasible;infeasible;infeasible;infeasible;infeasible;infeasible;infeasible;infeasible,0;0;0;0;0;0;0;0;0;0;0;0,infeasible;infeasible;infeasible;infeasible;infeasible;infeasible;infeasible;infeasible;infeasible;infeasible;infeasible;infeasible,infeasible;infeasible;infeasible;infeasible;infeasible;infeasible;infeasible;infeasible;infeasible;infeasible;infeasible;infeasible,0;1;2;3;4;5;6;7;8;9;10;11,STRUCTURAL_ZERO;STRUCTURAL_ZERO;STRUCTURAL_ZERO;STRUCTURAL_ZERO;STRUCTURAL_ZERO;STRUCTURAL_ZERO;STRUCTURAL_ZERO;STRUCTURAL_ZERO;STRUCTURAL_ZERO;STRUCTURAL_ZERO;STRUCTURAL_ZERO;STRUCTURAL_ZERO,12,0,0,,OK
red2_6800:176,,infeasible;infeasible;infeasible;infeasible;infeasible;infeasible;infeasible;infeasible;infeasible;infeasible;infeasible;infeasible,0;0;0;0;0;0;0;0;0;0;0;0,infeasible;infeasible;infeasible;infeasible;infeasible;infeasible;infeasible;infeasible;infeasible;infeasible;infeasible;infeasible,infeasible;infeasible;infeasible;infeasible;infeasible;infeasible;infeasible;infeasible;infeasible;infeasible;infeasible;infeasible,0;1;2;3;4;5;6;7;8;9;10;11,STRUCTURAL_ZERO;STRUCTURAL_ZERO;STRUCTURAL_ZERO;STRUCTURAL_ZERO;STRUCTURAL_ZERO;STRUCTURAL_ZERO;STRUCTURAL_ZERO;STRUCTURAL_ZERO;STRUCTURAL_ZERO;STRUCTURAL_ZERO;STRUCTURAL_ZERO;STRUCTURAL_ZERO,12,0,0,,OK
red2_6800:177,,infeasible;infeasible;infeasible;infeasible;infeasible;infeasible;infeasible;infeasible;infeasible;infeasible;infeasible;infeasible,0;0;0;0;0;0;0;0;0;0;0;0,infeasible;infeasible;infeasible;infeasible;infeasible;infeasible;infeasible;infeasible;infeasible;infeasible;infeasible;infeasible,infeasible;infeasible;infeasible;infeasible;infeasible;infeasible;infeasible;infeasible;infeasible;infeasible;infeasible;infeasible,0;1;2;3;4;5;6;7;8;9;10;11,STRUCTURAL_ZERO;STRUCTURAL_ZERO;STRUCTURAL_ZERO;STRUCTURAL_ZERO;STRUCTURAL_ZERO;STRUCTURAL_ZERO;STRUCTURAL_ZERO;STRUCTURAL_ZERO;STRUCTURAL_ZERO;STRUCTURAL_ZERO;STRUCTURAL_ZERO;STRUCTURAL_ZERO,12,0,0,,OK
red2_6800:178,,infeasible;infeasible;infeasible;infeasible;infeasible;infeasible;infeasible;infeasible;infeasible;infeasible;infeasible;infeasible,0;0;0;0;0;0;0;0;0;0;0;0,infeasible;infeasible;infeasible;infeasible;infeasible;infeasible;infeasible;infeasible;infeasible;infeasible;infeasible;infeasible,infeasible;infeasible;infeasible;infeasible;infeasible;infeasible;infeasible;infeasible;infeasible;infeasible;infeasible;infeasible,0;1;2;3;4;5;6;7;8;9;10;11,STRUCTURAL_ZERO;STRUCTURAL_ZERO;STRUCTURAL_ZERO;STRUCTURAL_ZERO;STRUCTURAL_ZERO;STRUCTURAL_ZERO;STRUCTURAL_ZERO;STRUCTURAL_ZERO;STRUCTURAL_ZERO;STRUCTURAL_ZERO;STRUCTURAL_ZERO;STRUCTURAL_ZERO,12,0,0,,OK
red2_6800:179,,infeasible;infeasible;infeasible;infeasible;infeasible;infeasible;infeasible;infeasible;infeasible;infeasible;infeasible;infeasible,0;0;0;0;0;0;0;0;0;0;0;0,infeasible;infeasible;infeasible;infeasible;infeasible;infeasible;infeasible;infeasible;infeasible;infeasible;infeasible;infeasible,infeasible;infeasible;infeasible;infeasible;infeasible;infeasible;infeasible;infeasible;infeasible;infeasible;infeasible;infeasible,0;1;2;3;4;5;6;7;8;9;10;11,STRUCTURAL_ZERO;STRUCTURAL_ZERO;STRUCTURAL_ZERO;STRUCTURAL_ZERO;STRUCTURAL_ZERO;STRUCTURAL_ZERO;STRUCTURAL_ZERO;STRUCTURAL_ZERO;STRUCTURAL_ZERO;STRUCTURAL_ZERO;STRUCTURAL_ZERO;STRUCTURAL_ZERO,12,0,0,,OK
red2_6800:180,,infeasible;infeasible;infeasible;infeasible;infeasible;infeasible;infeasible;infeasible;infeasible;infeasible;infeasible;infeasible,0;0;0;0;0;0;0;0;0;0;0;0,infeasible;infeasible;infeasible;infeasible;infeasible;infeasible;infeasible;infeasible;infeasible;infeasible;infeasible;infeasible,infeasible;infeasible;infeasible;infeasible;infeasible;infeasible;infeasible;infeasible;infeasible;infeasible;infeasible;infeasible,0;1;2;3;4;5;6;7;8;9;10;11,STRUCTURAL_ZERO;STRUCTURAL_ZERO;STRUCTURAL_ZERO;STRUCTURAL_ZERO;STRUCTURAL_ZERO;STRUCTURAL_ZERO;STRUCTURAL_ZERO;STRUCTURAL_ZERO;STRUCTURAL_ZERO;STRUCTURAL_ZERO;STRUCTURAL_ZERO;STRUCTURAL_ZERO,12,0,0,,OK
red2_6800:181,,infeasible;infeasible;infeasible;infeasible;infeasible;infeasible;infeasible;infeasible;infeasible;infeasible;infeasible;infeasible,0;0;0;0;0;0;0;0;0;0;0;0,infeasible;infeasible;infeasible;infeasible;infeasible;infeasible;infeasible;infeasible;infeasible;infeasible;infeasible;infeasible,infeasible;infeasible;infeasible;infeasible;infeasible;infeasible;infeasible;infeasible;infeasible;infeasible;infeasible;infeasible,0;1;2;3;4;5;6;7;8;9;10;11,STRUCTURAL_ZERO;STRUCTURAL_ZERO;STRUCTURAL_ZERO;STRUCTURAL_ZERO;STRUCTURAL_ZERO;STRUCTURAL_ZERO;STRUCTURAL_ZERO;STRUCTURAL_ZERO;STRUCTURAL_ZERO;STRUCTURAL_ZERO;STRUCTURAL_ZERO;STRUCTURAL_ZERO,12,0,0,,OK
red2_6800:182,,infeasible;infeasible;infeasible;infeasible;infeasible;infeasible;infeasible;infeasible;infeasible;infeasible;infeasible;infeasible,0;0;0;0;0;0;0;0;0;0;0;0,infeasible;infeasible;infeasible;infeasible;infeasible;infeasible;infeasible;infeasible;infeasible;infeasible;infeasible;infeasible,infeasible;infeasible;infeasible;infeasible;infeasible;infeasible;infeasible;infeasible;infeasible;infeasible;infeasible;infeasible,0;1;2;3;4;5;6;7;8;9;10;11,STRUCTURAL_ZERO;STRUCTURAL_ZERO;STRUCTURAL_ZERO;STRUCTURAL_ZERO;STRUCTURAL_ZERO;STRUCTURAL_ZERO;STRUCTURAL_ZERO;STRUCTURAL_ZERO;STRUCTURAL_ZERO;STRUCTURAL_ZERO;STRUCTURAL_ZERO;STRUCTURAL_ZERO,12,0,0,,OK
red2_6800:183,,infeasible;infeasible;infeasible;infeasible;infeasible;infeasible;infeasible;infeasible;infeasible;infeasible;infeasible;infeasible,0;0;0;0;0;0;0;0;0;0;0;0,infeasible;infeasible;infeasible;infeasible;infeasible;infeasible;infeasible;infeasible;infeasible;infeasible;infeasible;infeasible,infeasible;infeasible;infeasible;infeasible;infeasible;infeasible;infeasible;infeasible;infeasible;infeasible;infeasible;infeasible,0;1;2;3;4;5;6;7;8;9;10;11,STRUCTURAL_ZERO;STRUCTURAL_ZERO;STRUCTURAL_ZERO;STRUCTURAL_ZERO;STRUCTURAL_ZERO;STRUCTURAL_ZERO;STRUCTURAL_ZERO;STRUCTURAL_ZERO;STRUCTURAL_ZERO;STRUCTURAL_ZERO;STRUCTURAL_ZERO;STRUCTURAL_ZERO,12,0,0,,OK
red2_6800:184,,infeasible;infeasible;infeasible;infeasible;infeasible;infeasible;infeasible;infeasible;infeasible;infeasible;infeasible;infeasible,0;0;0;0;0;0;0;0;0;0;0;0,infeasible;infeasible;infeasible;infeasible;infeasible;infeasible;infeasible;infeasible;infeasible;infeasible;infeasible;infeasible,infeasible;infeasible;infeasible;infeasible;infeasible;infeasible;infeasible;infeasible;infeasible;infeasible;infeasible;infeasible,0;1;2;3;4;5;6;7;8;9;10;11,STRUCTURAL_ZERO;STRUCTURAL_ZERO;STRUCTURAL_ZERO;STRUCTURAL_ZERO;STRUCTURAL_ZERO;STRUCTURAL_ZERO;STRUCTURAL_ZERO;STRUCTURAL_ZERO;STRUCTURAL_ZERO;STRUCTURAL_ZERO;STRUCTURAL_ZERO;STRUCTURAL_ZERO,12,0,0,,OK
red2_6800:185,,infeasible;infeasible;infeasible;infeasible;infeasible;infeasible;infeasible;infeasible;infeasible;infeasible;infeasible;infeasible,0;0;0;0;0;0;0;0;0;0;0;0,infeasible;infeasible;infeasible;infeasible;infeasible;infeasible;infeasible;infeasible;infeasible;infeasible;infeasible;infeasible,infeasible;infeasible;infeasible;infeasible;infeasible;infeasible;infeasible;infeasible;infeasible;infeasible;infeasible;infeasible,0;1;2;3;4;5;6;7;8;9;10;11,STRUCTURAL_ZERO;STRUCTURAL_ZERO;STRUCTURAL_ZERO;STRUCTURAL_ZERO;STRUCTURAL_ZERO;STRUCTURAL_ZERO;STRUCTURAL_ZERO;STRUCTURAL_ZERO;STRUCTURAL_ZERO;STRUCTURAL_ZERO;STRUCTURAL_ZERO;STRUCTURAL_ZERO,12,0,0,,OK
red2_6800:186,,infeasible;infeasible;infeasible;infeasible;infeasible;infeasible;infeasible;infeasible;infeasible;infeasible;infeasible;infeasible,0;0;0;0;0;0;0;0;0;0;0;0,infeasible;infeasible;infeasible;infeasible;infeasible;infeasible;infeasible;infeasible;infeasible;infeasible;infeasible;infeasible,infeasible;infeasible;infeasible;infeasible;infeasible;infeasible;infeasible;infeasible;infeasible;infeasible;infeasible;infeasible,0;1;2;3;4;5;6;7;8;9;10;11,STRUCTURAL_ZERO;STRUCTURAL_ZERO;STRUCTURAL_ZERO;STRUCTURAL_ZERO;STRUCTURAL_ZERO;STRUCTURAL_ZERO;STRUCTURAL_ZERO;STRUCTURAL_ZERO;STRUCTURAL_ZERO;STRUCTURAL_ZERO;STRUCTURAL_ZERO;STRUCTURAL_ZERO,12,0,0,,OK
red2_6800:187,,infeasible;infeasible;infeasible;infeasible;infeasible;infeasible;infeasible;infeasible;infeasible;infeasible;infeasible;infeasible,0;0;0;0;0;0;0;0;0;0;0;0,infeasible;infeasible;infeasible;infeasible;infeasible;infeasible;infeasible;infeasible;infeasible;infeasible;infeasible;infeasible,infeasible;infeasible;infeasible;infeasible;infeasible;infeasible;infeasible;infeasible;infeasible;infeasible;infeasible;infeasible,0;1;2;3;4;5;6;7;8;9;10;11,STRUCTURAL_ZERO;STRUCTURAL_ZERO;STRUCTURAL_ZERO;STRUCTURAL_ZERO;STRUCTURAL_ZERO;STRUCTURAL_ZERO;STRUCTURAL_ZERO;STRUCTURAL_ZERO;STRUCTURAL_ZERO;STRUCTURAL_ZERO;STRUCTURAL_ZERO;STRUCTURAL_ZERO,12,0,0,,OK
red2_6800:188,,infeasible;infeasible;infeasible;infeasible;infeasible;infeasible;infeasible;infeasible;infeasible;infeasible;infeasible;infeasible,0;0;0;0;0;0;0;0;0;0;0;0,infeasible;infeasible;infeasible;infeasible;infeasible;infeasible;infeasible;infeasible;infeasible;infeasible;infeasible;infeasible,infeasible;infeasible;infeasible;infeasible;infeasible;infeasible;infeasible;infeasible;infeasible;infeasible;infeasible;infeasible,0;1;2;3;4;5;6;7;8;9;10;11,STRUCTURAL_ZERO;STRUCTURAL_ZERO;STRUCTURAL_ZERO;STRUCTURAL_ZERO;STRUCTURAL_ZERO;STRUCTURAL_ZERO;STRUCTURAL_ZERO;STRUCTURAL_ZERO;STRUCTURAL_ZERO;STRUCTURAL_ZERO;STRUCTURAL_ZERO;STRUCTURAL_ZERO,12,0,0,,OK
red2_6800:189,,infeasible;infeasible;infeasible;infeasible;infeasible;infeasible;infeasible;infeasible;infeasible;infeasible;infeasible;infeasible,0;0;0;0;0;0;0;0;0;0;0;0,infeasible;infeasible;infeasible;infeasible;infeasible;infeasible;infeasible;infeasible;infeasible;infeasible;infeasible;infeasible,infeasible;infeasible;infeasible;infeasible;infeasible;infeasible;infeasible;infeasible;infeasible;infeasible;infeasible;infeasible,0;1;2;3;4;5;6;7;8;9;10;11,STRUCTURAL_ZERO;STRUCTURAL_ZERO;STRUCTURAL_ZERO;STRUCTURAL_ZERO;STRUCTURAL_ZERO;STRUCTURAL_ZERO;STRUCTURAL_ZERO;STRUCTURAL_ZERO;STRUCTURAL_ZERO;STRUCTURAL_ZERO;STRUCTURAL_ZERO;STRUCTURAL_ZERO,12,0,0,,OK
red2_6800:190,,infeasible;infeasible;infeasible;infeasible;infeasible;infeasible;infeasible;infeasible;infeasible;infeasible;infeasible;infeasible,0;0;0;0;0;0;0;0;0;0;0;0,infeasible;infeasible;infeasible;infeasible;infeasible;infeasible;infeasible;infeasible;infeasible;infeasible;infeasible;infeasible,infeasible;infeasible;infeasible;infeasible;infeasible;infeasible;infeasible;infeasible;infeasible;infeasible;infeasible;infeasible,0;1;2;3;4;5;6;7;8;9;10;11,STRUCTURAL_ZERO;STRUCTURAL_ZERO;STRUCTURAL_ZERO;STRUCTURAL_ZERO;STRUCTURAL_ZERO;STRUCTURAL_ZERO;STRUCTURAL_ZERO;STRUCTURAL_ZERO;STRUCTURAL_ZERO;STRUCTURAL_ZERO;STRUCTURAL_ZERO;STRUCTURAL_ZERO,12,0,0,,OK
red2_6800:191,,infeasible;infeasible;infeasible;infeasible;infeasible;infeasible;infeasible;infeasible;infeasible;infeasible;infeasible;infeasible,0;0;0;0;0;0;0;0;0;0;0;0,infeasible;infeasible;infeasible;infeasible;infeasible;infeasible;infeasible;infeasible;infeasible;infeasible;infeasible;infeasible,infeasible;infeasible;infeasible;infeasible;infeasible;infeasible;infeasible;infeasible;infeasible;infeasible;infeasible;infeasible,0;1;2;3;4;5;6;7;8;9;10;11,STRUCTURAL_ZERO;STRUCTURAL_ZERO;STRUCTURAL_ZERO;STRUCTURAL_ZERO;STRUCTURAL_ZERO;STRUCTURAL_ZERO;STRUCTURAL_ZERO;STRUCTURAL_ZERO;STRUCTURAL_ZERO;STRUCTURAL_ZERO;STRUCTURAL_ZERO;STRUCTURAL_ZERO,12,0,0,,OK
red2_6800:192,,infeasible;infeasible;infeasible;infeasible;infeasible;infeasible;infeasible;infeasible;infeasible;infeasible;infeasible;infeasible,0;0;0;0;0;0;0;0;0;0;0;0,infeasible;infeasible;infeasible;infeasible;infeasible;infeasible;infeasible;infeasible;infeasible;infeasible;infeasible;infeasible,infeasible;infeasible;infeasible;infeasible;infeasible;infeasible;infeasible;infeasible;infeasible;infeasible;infeasible;infeasible,0;1;2;3;4;5;6;7;8;9;10;11,STRUCTURAL_ZERO;STRUCTURAL_ZERO;STRUCTURAL_ZERO;STRUCTURAL_ZERO;STRUCTURAL_ZERO;STRUCTURAL_ZERO;STRUCTURAL_ZERO;STRUCTURAL_ZERO;STRUCTURAL_ZERO;STRUCTURAL_ZERO;STRUCTURAL_ZERO;STRUCTURAL_ZERO,12,0,0,,OK
red2_6800:193,,infeasible;infeasible;infeasible;infeasible;infeasible;infeasible;infeasible;infeasible;infeasible;infeasible;infeasible;infeasible,0;0;0;0;0;0;0;0;0;0;0;0,infeasible;infeasible;infeasible;infeasible;infeasible;infeasible;infeasible;infeasible;infeasible;infeasible;infeasible;infeasible,infeasible;infeasible;infeasible;infeasible;infeasible;infeasible;infeasible;infeasible;infeasible;infeasible;infeasible;infeasible,0;1;2;3;4;5;6;7;8;9;10;11,STRUCTURAL_ZERO;STRUCTURAL_ZERO;STRUCTURAL_ZERO;STRUCTURAL_ZERO;STRUCTURAL_ZERO;STRUCTURAL_ZERO;STRUCTURAL_ZERO;STRUCTURAL_ZERO;STRUCTURAL_ZERO;STRUCTURAL_ZERO;STRUCTURAL_ZERO;STRUCTURAL_ZERO,12,0,0,,OK
red2_6800:194,,infeasible;infeasible;infeasible;infeasible;infeasible;infeasible;infeasible;infeasible;infeasible;infeasible;infeasible;infeasible,0;0;0;0;0;0;0;0;0;0;0;0,infeasible;infeasible;infeasible;infeasible;infeasible;infeasible;infeasible;infeasible;infeasible;infeasible;infeasible;infeasible,infeasible;infeasible;infeasible;infeasible;infeasible;infeasible;infeasible;infeasible;infeasible;infeasible;infeasible;infeasible,0;1;2;3;4;5;6;7;8;9;10;11,STRUCTURAL_ZERO;STRUCTURAL_ZERO;STRUCTURAL_ZERO;STRUCTURAL_ZERO;STRUCTURAL_ZERO;STRUCTURAL_ZERO;STRUCTURAL_ZERO;STRUCTURAL_ZERO;STRUCTURAL_ZERO;STRUCTURAL_ZERO;STRUCTURAL_ZERO;STRUCTURAL_ZERO,12,0,0,,OK
red2_6800:195,,infeasible;infeasible;infeasible;infeasible;infeasible;infeasible;infeasible;infeasible;infeasible;infeasible;infeasible;infeasible,0;0;0;0;0;0;0;0;0;0;0;0,infeasible;infeasible;infeasible;infeasible;infeasible;infeasible;infeasible;infeasible;infeasible;infeasible;infeasible;infeasible,infeasible;infeasible;infeasible;infeasible;infeasible;infeasible;infeasible;infeasible;infeasible;infeasible;infeasible;infeasible,0;1;2;3;4;5;6;7;8;9;10;11,STRUCTURAL_ZERO;STRUCTURAL_ZERO;STRUCTURAL_ZERO;STRUCTURAL_ZERO;STRUCTURAL_ZERO;STRUCTURAL_ZERO;STRUCTURAL_ZERO;STRUCTURAL_ZERO;STRUCTURAL_ZERO;STRUCTURAL_ZERO;STRUCTURAL_ZERO;STRUCTURAL_ZERO,12,0,0,,OK
red2_6800:196,,infeasible;infeasible;infeasible;infeasible;infeasible;infeasible;infeasible;infeasible;infeasible;infeasible;infeasible;infeasible,0;0;0;0;0;0;0;0;0;0;0;0,infeasible;infeasible;infeasible;infeasible;infeasible;infeasible;infeasible;infeasible;infeasible;infeasible;infeasible;infeasible,infeasible;infeasible;infeasible;infeasible;infeasible;infeasible;infeasible;infeasible;infeasible;infeasible;infeasible;infeasible,0;1;2;3;4;5;6;7;8;9;10;11,STRUCTURAL_ZERO;STRUCTURAL_ZERO;STRUCTURAL_ZERO;STRUCTURAL_ZERO;STRUCTURAL_ZERO;STRUCTURAL_ZERO;STRUCTURAL_ZERO;STRUCTURAL_ZERO;STRUCTURAL_ZERO;STRUCTURAL_ZERO;STRUCTURAL_ZERO;STRUCTURAL_ZERO,12,0,0,,OK
red2_6800:197,,infeasible;infeasible;infeasible;infeasible;infeasible;infeasible;infeasible;infeasible;infeasible;infeasible;infeasible;infeasible,0;0;0;0;0;0;0;0;0;0;0;0,infeasible;infeasible;infeasible;infeasible;infeasible;infeasible;infeasible;infeasible;infeasible;infeasible;infeasible;infeasible,infeasible;infeasible;infeasible;infeasible;infeasible;infeasible;infeasible;infeasible;infeasible;infeasible;infeasible;infeasible,0;1;2;3;4;5;6;7;8;9;10;11,STRUCTURAL_ZERO;STRUCTURAL_ZERO;STRUCTURAL_ZERO;STRUCTURAL_ZERO;STRUCTURAL_ZERO;STRUCTURAL_ZERO;STRUCTURAL_ZERO;STRUCTURAL_ZERO;STRUCTURAL_ZERO;STRUCTURAL_ZERO;STRUCTURAL_ZERO;STRUCTURAL_ZERO,12,0,0,,OK
red2_6800:198,,infeasible;infeasible;infeasible;infeasible;infeasible;infeasible;infeasible;infeasible;infeasible;infeasible;infeasible;infeasible,0;0;0;0;0;0;0;0;0;0;0;0,infeasible;infeasible;infeasible;infeasible;infeasible;infeasible;infeasible;infeasible;infeasible;infeasible;infeasible;infeasible,infeasible;infeasible;infeasible;infeasible;infeasible;infeasible;infeasible;infeasible;infeasible;infeasible;infeasible;infeasible,0;1;2;3;4;5;6;7;8;9;10;11,STRUCTURAL_ZERO;STRUCTURAL_ZERO;STRUCTURAL_ZERO;STRUCTURAL_ZERO;STRUCTURAL_ZERO;STRUCTURAL_ZERO;STRUCTURAL_ZERO;STRUCTURAL_ZERO;STRUCTURAL_ZERO;STRUCTURAL_ZERO;STRUCTURAL_ZERO;STRUCTURAL_ZERO,12,0,0,,OK
red2_6800:199,,infeasible;infeasible;infeasible;infeasible;infeasible;infeasible;infeasible;infeasible;infeasible;infeasible;infeasible;infeasible,0;0;0;0;0;0;0;0;0;0;0;0,infeasible;infeasible;infeasible;infeasible;infeasible;infeasible;infeasible;infeasible;infeasible;infeasible;infeasible;infeasible,infeasible;infeasible;infeasible;infeasible;infeasible;infeasible;infeasible;infeasible;infeasible;infeasible;infeasible;infeasible,0;1;2;3;4;5;6;7;8;9;10;11,STRUCTURAL_ZERO;STRUCTURAL_ZERO;STRUCTURAL_ZERO;STRUCTURAL_ZERO;STRUCTURAL_ZERO;STRUCTURAL_ZERO;STRUCTURAL_ZERO;STRUCTURAL_ZERO;STRUCTURAL_ZERO;STRUCTURAL_ZERO;STRUCTURAL_ZERO;STRUCTURAL_ZERO,12,0,0,,OK
red2_6800:200,,infeasible;infeasible;infeasible;infeasible;infeasible;infeasible;infeasible;infeasible;infeasible;infeasible;infeasible;infeasible,0;0;0;0;0;0;0;0;0;0;0;0,infeasible;infeasible;infeasible;infeasible;infeasible;infeasible;infeasible;infeasible;infeasible;infeasible;infeasible;infeasible,infeasible;infeasible;infeasible;infeasible;infeasible;infeasible;infeasible;infeasible;infeasible;infeasible;infeasible;infeasible,0;1;2;3;4;5;6;7;8;9;10;11,STRUCTURAL_ZERO;STRUCTURAL_ZERO;STRUCTURAL_ZERO;STRUCTURAL_ZERO;STRUCTURAL_ZERO;STRUCTURAL_ZERO;STRUCTURAL_ZERO;STRUCTURAL_ZERO;STRUCTURAL_ZERO;STRUCTURAL_ZERO;STRUCTURAL_ZERO;STRUCTURAL_ZERO,12,0,0,,OK
red2_6800:201,,infeasible;infeasible;infeasible;infeasible;infeasible;infeasible;infeasible;infeasible;infeasible;infeasible;infeasible;infeasible,0;0;0;0;0;0;0;0;0;0;0;0,infeasible;infeasible;infeasible;infeasible;infeasible;infeasible;infeasible;infeasible;infeasible;infeasible;infeasible;infeasible,infeasible;infeasible;infeasible;infeasible;infeasible;infeasible;infeasible;infeasible;infeasible;infeasible;infeasible;infeasible,0;1;2;3;4;5;6;7;8;9;10;11,STRUCTURAL_ZERO;STRUCTURAL_ZERO;STRUCTURAL_ZERO;STRUCTURAL_ZERO;STRUCTURAL_ZERO;STRUCTURAL_ZERO;STRUCTURAL_ZERO;STRUCTURAL_ZERO;STRUCTURAL_ZERO;STRUCTURAL_ZERO;STRUCTURAL_ZERO;STRUCTURAL_ZERO,12,0,0,,OK
red2_6800:202,,infeasible;infeasible;infeasible;infeasible;infeasible;infeasible;infeasible;infeasible;infeasible;infeasible;infeasible;infeasible,0;0;0;0;0;0;0;0;0;0;0;0,infeasible;infeasible;infeasible;infeasible;infeasible;infeasible;infeasible;infeasible;infeasible;infeasible;infeasible;infeasible,infeasible;infeasible;infeasible;infeasible;infeasible;infeasible;infeasible;infeasible;infeasible;infeasible;infeasible;infeasible,0;1;2;3;4;5;6;7;8;9;10;11,STRUCTURAL_ZERO;STRUCTURAL_ZERO;STRUCTURAL_ZERO;STRUCTURAL_ZERO;STRUCTURAL_ZERO;STRUCTURAL_ZERO;STRUCTURAL_ZERO;STRUCTURAL_ZERO;STRUCTURAL_ZERO;STRUCTURAL_ZERO;STRUCTURAL_ZERO;STRUCTURAL_ZERO,12,0,0,,OK
red2_6800:203,,infeasible;infeasible;infeasible;infeasible;infeasible;infeasible;infeasible;infeasible;infeasible;infeasible;infeasible;infeasible,0;0;0;0;0;0;0;0;0;0;0;0,infeasible;infeasible;infeasible;infeasible;infeasible;infeasible;infeasible;infeasible;infeasible;infeasible;infeasible;infeasible,infeasible;infeasible;infeasible;infeasible;infeasible;infeasible;infeasible;infeasible;infeasible;infeasible;infeasible;infeasible,0;1;2;3;4;5;6;7;8;9;10;11,STRUCTURAL_ZERO;STRUCTURAL_ZERO;STRUCTURAL_ZERO;STRUCTURAL_ZERO;STRUCTURAL_ZERO;STRUCTURAL_ZERO;STRUCTURAL_ZERO;STRUCTURAL_ZERO;STRUCTURAL_ZERO;STRUCTURAL_ZERO;STRUCTURAL_ZERO;STRUCTURAL_ZERO,12,0,0,,OK
red2_6800:204,,infeasible;infeasible;infeasible;infeasible;infeasible;infeasible;infeasible;infeasible;infeasible;infeasible;infeasible;infeasible,0;0;0;0;0;0;0;0;0;0;0;0,infeasible;infeasible;infeasible;infeasible;infeasible;infeasible;infeasible;infeasible;infeasible;infeasible;infeasible;infeasible,infeasible;infeasible;infeasible;infeasible;infeasible;infeasible;infeasible;infeasible;infeasible;infeasible;infeasible;infeasible,0;1;2;3;4;5;6;7;8;9;10;11,STRUCTURAL_ZERO;STRUCTURAL_ZERO;STRUCTURAL_ZERO;STRUCTURAL_ZERO;STRUCTURAL_ZERO;STRUCTURAL_ZERO;STRUCTURAL_ZERO;STRUCTURAL_ZERO;STRUCTURAL_ZERO;STRUCTURAL_ZERO;STRUCTURAL_ZERO;STRUCTURAL_ZERO,12,0,0,,OK
red2_6800:205,,infeasible;infeasible;infeasible;infeasible;infeasible;infeasible;infeasible;infeasible;infeasible;infeasible;infeasible;infeasible,0;0;0;0;0;0;0;0;0;0;0;0,infeasible;infeasible;infeasible;infeasible;infeasible;infeasible;infeasible;infeasible;infeasible;infeasible;infeasible;infeasible,infeasible;infeasible;infeasible;infeasible;infeasible;infeasible;infeasible;infeasible;infeasible;infeasible;infeasible;infeasible,0;1;2;3;4;5;6;7;8;9;10;11,STRUCTURAL_ZERO;STRUCTURAL_ZERO;STRUCTURAL_ZERO;STRUCTURAL_ZERO;STRUCTURAL_ZERO;STRUCTURAL_ZERO;STRUCTURAL_ZERO;STRUCTURAL_ZERO;STRUCTURAL_ZERO;STRUCTURAL_ZERO;STRUCTURAL_ZERO;STRUCTURAL_ZERO,12,0,0,,OK
red2_6800:206,,infeasible;infeasible;infeasible;infeasible;infeasible;infeasible;infeasible;infeasible;infeasible;infeasible;infeasible;infeasible,0;0;0;0;0;0;0;0;0;0;0;0,infeasible;infeasible;infeasible;infeasible;infeasible;infeasible;infeasible;infeasible;infeasible;infeasible;infeasible;infeasible,infeasible;infeasible;infeasible;infeasible;infeasible;infeasible;infeasible;infeasible;infeasible;infeasible;infeasible;infeasible,0;1;2;3;4;5;6;7;8;9;10;11,STRUCTURAL_ZERO;STRUCTURAL_ZERO;STRUCTURAL_ZERO;STRUCTURAL_ZERO;STRUCTURAL_ZERO;STRUCTURAL_ZERO;STRUCTURAL_ZERO;STRUCTURAL_ZERO;STRUCTURAL_ZERO;STRUCTURAL_ZERO;STRUCTURAL_ZERO;STRUCTURAL_ZERO,12,0,0,,OK
red2_6800:207,,infeasible;infeasible;infeasible;infeasible;infeasible;infeasible;infeasible;infeasible;infeasible;infeasible;infeasible;infeasible,0;0;0;0;0;0;0;0;0;0;0;0,infeasible;infeasible;infeasible;infeasible;infeasible;infeasible;infeasible;infeasible;infeasible;infeasible;infeasible;infeasible,infeasible;infeasible;infeasible;infeasible;infeasible;infeasible;infeasible;infeasible;infeasible;infeasible;infeasible;infeasible,0;1;2;3;4;5;6;7;8;9;10;11,STRUCTURAL_ZERO;STRUCTURAL_ZERO;STRUCTURAL_ZERO;STRUCTURAL_ZERO;STRUCTURAL_ZERO;STRUCTURAL_ZERO;STRUCTURAL_ZERO;STRUCTURAL_ZERO;STRUCTURAL_ZERO;STRUCTURAL_ZERO;STRUCTURAL_ZERO;STRUCTURAL_ZERO,12,0,0,,OK
red2_6800:208,,infeasible;infeasible;infeasible;infeasible;infeasible;infeasible;infeasible;infeasible;infeasible;infeasible;infeasible;infeasible,0;0;0;0;0;0;0;0;0;0;0;0,infeasible;infeasible;infeasible;infeasible;infeasible;infeasible;infeasible;infeasible;infeasible;infeasible;infeasible;infeasible,infeasible;infeasible;infeasible;infeasible;infeasible;infeasible;infeasible;infeasible;infeasible;infeasible;infeasible;infeasible,0;1;2;3;4;5;6;7;8;9;10;11,STRUCTURAL_ZERO;STRUCTURAL_ZERO;STRUCTURAL_ZERO;STRUCTURAL_ZERO;STRUCTURAL_ZERO;STRUCTURAL_ZERO;STRUCTURAL_ZERO;STRUCTURAL_ZERO;STRUCTURAL_ZERO;STRUCTURAL_ZERO;STRUCTURAL_ZERO;STRUCTURAL_ZERO,12,0,0,,OK
red2_6800:209,,infeasible;infeasible;infeasible;infeasible;infeasible;infeasible;infeasible;infeasible;infeasible;infeasible;infeasible;infeasible,0;0;0;0;0;0;0;0;0;0;0;0,infeasible;infeasible;infeasible;infeasible;infeasible;infeasible;infeasible;infeasible;infeasible;infeasible;infeasible;infeasible,infeasible;infeasible;infeasible;infeasible;infeasible;infeasible;infeasible;infeasible;infeasible;infeasible;infeasible;infeasible,0;1;2;3;4;5;6;7;8;9;10;11,STRUCTURAL_ZERO;STRUCTURAL_ZERO;STRUCTURAL_ZERO;STRUCTURAL_ZERO;STRUCTURAL_ZERO;STRUCTURAL_ZERO;STRUCTURAL_ZERO;STRUCTURAL_ZERO;STRUCTURAL_ZERO;STRUCTURAL_ZERO;STRUCTURAL_ZERO;STRUCTURAL_ZERO,12,0,0,,OK
red2_6800:210,,infeasible;infeasible;infeasible;infeasible;infeasible;infeasible;infeasible;infeasible;infeasible;infeasible;infeasible;infeasible,0;0;0;0;0;0;0;0;0;0;0;0,infeasible;infeasible;infeasible;infeasible;infeasible;infeasible;infeasible;infeasible;infeasible;infeasible;infeasible;infeasible,infeasible;infeasible;infeasible;infeasible;infeasible;infeasible;infeasible;infeasible;infeasible;infeasible;infeasible;infeasible,0;1;2;3;4;5;6;7;8;9;10;11,STRUCTURAL_ZERO;STRUCTURAL_ZERO;STRUCTURAL_ZERO;STRUCTURAL_ZERO;STRUCTURAL_ZERO;STRUCTURAL_ZERO;STRUCTURAL_ZERO;STRUCTURAL_ZERO;STRUCTURAL_ZERO;STRUCTURAL_ZERO;STRUCTURAL_ZERO;STRUCTURAL_ZERO,12,0,0,,OK
red2_6800:211,,infeasible;infeasible;infeasible;infeasible;infeasible;infeasible;infeasible;infeasible;infeasible;infeasible;infeasible;infeasible,0;0;0;0;0;0;0;0;0;0;0;0,infeasible;infeasible;infeasible;infeasible;infeasible;infeasible;infeasible;infeasible;infeasible;infeasible;infeasible;infeasible,infeasible;infeasible;infeasible;infeasible;infeasible;infeasible;infeasible;infeasible;infeasible;infeasible;infeasible;infeasible,0;1;2;3;4;5;6;7;8;9;10;11,STRUCTURAL_ZERO;STRUCTURAL_ZERO;STRUCTURAL_ZERO;STRUCTURAL_ZERO;STRUCTURAL_ZERO;STRUCTURAL_ZERO;STRUCTURAL_ZERO;STRUCTURAL_ZERO;STRUCTURAL_ZERO;STRUCTURAL_ZERO;STRUCTURAL_ZERO;STRUCTURAL_ZERO,12,0,0,,OK
red2_6800:212,,infeasible;infeasible;infeasible;infeasible;infeasible;infeasible;infeasible;infeasible;infeasible;infeasible;infeasible;infeasible,0;0;0;0;0;0;0;0;0;0;0;0,infeasible;infeasible;infeasible;infeasible;infeasible;infeasible;infeasible;infeasible;infeasible;infeasible;infeasible;infeasible,infeasible;infeasible;infeasible;infeasible;infeasible;infeasible;infeasible;infeasible;infeasible;infeasible;infeasible;infeasible,0;1;2;3;4;5;6;7;8;9;10;11,STRUCTURAL_ZERO;STRUCTURAL_ZERO;STRUCTURAL_ZERO;STRUCTURAL_ZERO;STRUCTURAL_ZERO;STRUCTURAL_ZERO;STRUCTURAL_ZERO;STRUCTURAL_ZERO;STRUCTURAL_ZERO;STRUCTURAL_ZERO;STRUCTURAL_ZERO;STRUCTURAL_ZERO,12,0,0,,OK
red2_6800:213,,infeasible;infeasible;infeasible;infeasible;infeasible;infeasible;infeasible;infeasible;infeasible;infeasible;infeasible;infeasible,0;0;0;0;0;0;0;0;0;0;0;0,infeasible;infeasible;infeasible;infeasible;infeasible;infeasible;infeasible;infeasible;infeasible;infeasible;infeasible;infeasible,infeasible;infeasible;infeasible;infeasible;infeasible;infeasible;infeasible;infeasible;infeasible;infeasible;infeasible;infeasible,0;1;2;3;4;5;6;7;8;9;10;11,STRUCTURAL_ZERO;STRUCTURAL_ZERO;STRUCTURAL_ZERO;STRUCTURAL_ZERO;STRUCTURAL_ZERO;STRUCTURAL_ZERO;STRUCTURAL_ZERO;STRUCTURAL_ZERO;STRUCTURAL_ZERO;STRUCTURAL_ZERO;STRUCTURAL_ZERO;STRUCTURAL_ZERO,12,0,0,,OK
red2_6800:214,,infeasible;infeasible;infeasible;infeasible;infeasible;infeasible;infeasible;infeasible;infeasible;infeasible;infeasible;infeasible,0;0;0;0;0;0;0;0;0;0;0;0,infeasible;infeasible;infeasible;infeasible;infeasible;infeasible;infeasible;infeasible;infeasible;infeasible;infeasible;infeasible,infeasible;infeasible;infeasible;infeasible;infeasible;infeasible;infeasible;infeasible;infeasible;infeasible;infeasible;infeasible,0;1;2;3;4;5;6;7;8;9;10;11,STRUCTURAL_ZERO;STRUCTURAL_ZERO;STRUCTURAL_ZERO;STRUCTURAL_ZERO;STRUCTURAL_ZERO;STRUCTURAL_ZERO;STRUCTURAL_ZERO;STRUCTURAL_ZERO;STRUCTURAL_ZERO;STRUCTURAL_ZERO;STRUCTURAL_ZERO;STRUCTURAL_ZERO,12,0,0,,OK
red2_6800:215,,infeasible;infeasible;infeasible;infeasible;infeasible;infeasible;infeasible;infeasible;infeasible;infeasible;infeasible;infeasible,0;0;0;0;0;0;0;0;0;0;0;0,infeasible;infeasible;infeasible;infeasible;infeasible;infeasible;infeasible;infeasible;infeasible;infeasible;infeasible;infeasible,infeasible;infeasible;infeasible;infeasible;infeasible;infeasible;infeasible;infeasible;infeasible;infeasible;infeasible;infeasible,0;1;2;3;4;5;6;7;8;9;10;11,STRUCTURAL_ZERO;STRUCTURAL_ZERO;STRUCTURAL_ZERO;STRUCTURAL_ZERO;STRUCTURAL_ZERO;STRUCTURAL_ZERO;STRUCTURAL_ZERO;STRUCTURAL_ZERO;STRUCTURAL_ZERO;STRUCTURAL_ZERO;STRUCTURAL_ZERO;STRUCTURAL_ZERO,12,0,0,,OK
red2_6800:216,,infeasible;infeasible;infeasible;infeasible;infeasible;infeasible;infeasible;infeasible;infeasible;infeasible;infeasible;infeasible,0;0;0;0;0;0;0;0;0;0;0;0,infeasible;infeasible;infeasible;infeasible;infeasible;infeasible;infeasible;infeasible;infeasible;infeasible;infeasible;infeasible,infeasible;infeasible;infeasible;infeasible;infeasible;infeasible;infeasible;infeasible;infeasible;infeasible;infeasible;infeasible,0;1;2;3;4;5;6;7;8;9;10;11,STRUCTURAL_ZERO;STRUCTURAL_ZERO;STRUCTURAL_ZERO;STRUCTURAL_ZERO;STRUCTURAL_ZERO;STRUCTURAL_ZERO;STRUCTURAL_ZERO;STRUCTURAL_ZERO;STRUCTURAL_ZERO;STRUCTURAL_ZERO;STRUCTURAL_ZERO;STRUCTURAL_ZERO,12,0,0,,OK
red2_6800:217,,infeasible;infeasible;infeasible;infeasible;infeasible;infeasible;infeasible;infeasible;infeasible;infeasible;infeasible;infeasible,0;0;0;0;0;0;0;0;0;0;0;0,infeasible;infeasible;infeasible;infeasible;infeasible;infeasible;infeasible;infeasible;infeasible;infeasible;infeasible;infeasible,infeasible;infeasible;infeasible;infeasible;infeasible;infeasible;infeasible;infeasible;infeasible;infeasible;infeasible;infeasible,0;1;2;3;4;5;6;7;8;9;10;11,STRUCTURAL_ZERO;STRUCTURAL_ZERO;STRUCTURAL_ZERO;STRUCTURAL_ZERO;STRUCTURAL_ZERO;STRUCTURAL_ZERO;STRUCTURAL_ZERO;STRUCTURAL_ZERO;STRUCTURAL_ZERO;STRUCTURAL_ZERO;STRUCTURAL_ZERO;STRUCTURAL_ZERO,12,0,0,,OK
red2_6800:218,,infeasible;infeasible;infeasible;infeasible;infeasible;infeasible;infeasible;infeasible;infeasible;infeasible;infeasible;infeasible,0;0;0;0;0;0;0;0;0;0;0;0,infeasible;infeasible;infeasible;infeasible;infeasible;infeasible;infeasible;infeasible;infeasible;infeasible;infeasible;infeasible,infeasible;infeasible;infeasible;infeasible;infeasible;infeasible;infeasible;infeasible;infeasible;infeasible;infeasible;infeasible,0;1;2;3;4;5;6;7;8;9;10;11,STRUCTURAL_ZERO;STRUCTURAL_ZERO;STRUCTURAL_ZERO;STRUCTURAL_ZERO;STRUCTURAL_ZERO;STRUCTURAL_ZERO;STRUCTURAL_ZERO;STRUCTURAL_ZERO;STRUCTURAL_ZERO;STRUCTURAL_ZERO;STRUCTURAL_ZERO;STRUCTURAL_ZERO,12,0,0,,OK
red2_6800:219,,infeasible;infeasible;infeasible;infeasible;infeasible;infeasible;infeasible;infeasible;infeasible;infeasible;infeasible;infeasible,0;0;0;0;0;0;0;0;0;0;0;0,infeasible;infeasible;infeasible;infeasible;infeasible;infeasible;infeasible;infeasible;infeasible;infeasible;infeasible;infeasible,infeasible;infeasible;infeasible;infeasible;infeasible;infeasible;infeasible;infeasible;infeasible;infeasible;infeasible;infeasible,0;1;2;3;4;5;6;7;8;9;10;11,STRUCTURAL_ZERO;STRUCTURAL_ZERO;STRUCTURAL_ZERO;STRUCTURAL_ZERO;STRUCTURAL_ZERO;STRUCTURAL_ZERO;STRUCTURAL_ZERO;STRUCTURAL_ZERO;STRUCTURAL_ZERO;STRUCTURAL_ZERO;STRUCTURAL_ZERO;STRUCTURAL_ZERO,12,0,0,,OK
red2_6800:220,,infeasible;infeasible;infeasible;infeasible;infeasible;infeasible;infeasible;infeasible;infeasible;infeasible;infeasible;infeasible,0;0;0;0;0;0;0;0;0;0;0;0,infeasible;infeasible;infeasible;infeasible;infeasible;infeasible;infeasible;infeasible;infeasible;infeasible;infeasible;infeasible,infeasible;infeasible;infeasible;infeasible;infeasible;infeasible;infeasible;infeasible;infeasible;infeasible;infeasible;infeasible,0;1;2;3;4;5;6;7;8;9;10;11,STRUCTURAL_ZERO;STRUCTURAL_ZERO;STRUCTURAL_ZERO;STRUCTURAL_ZERO;STRUCTURAL_ZERO;STRUCTURAL_ZERO;STRUCTURAL_ZERO;STRUCTURAL_ZERO;STRUCTURAL_ZERO;STRUCTURAL_ZERO;STRUCTURAL_ZERO;STRUCTURAL_ZERO,12,0,0,,OK
red2_6800:221,,infeasible;infeasible;infeasible;infeasible;infeasible;infeasible;infeasible;infeasible;infeasible;infeasible;infeasible;infeasible,0;0;0;0;0;0;0;0;0;0;0;0,infeasible;infeasible;infeasible;infeasible;infeasible;infeasible;infeasible;infeasible;infeasible;infeasible;infeasible;infeasible,infeasible;infeasible;infeasible;infeasible;infeasible;infeasible;infeasible;infeasible;infeasible;infeasible;infeasible;infeasible,0;1;2;3;4;5;6;7;8;9;10;11,STRUCTURAL_ZERO;STRUCTURAL_ZERO;STRUCTURAL_ZERO;STRUCTURAL_ZERO;STRUCTURAL_ZERO;STRUCTURAL_ZERO;STRUCTURAL_ZERO;STRUCTURAL_ZERO;STRUCTURAL_ZERO;STRUCTURAL_ZERO;STRUCTURAL_ZERO;STRUCTURAL_ZERO,12,0,0,,OK
red2_6800:222,,infeasible;infeasible;infeasible;infeasible;infeasible;infeasible;infeasible;infeasible;infeasible;infeasible;infeasible;infeasible,0;0;0;0;0;0;0;0;0;0;0;0,infeasible;infeasible;infeasible;infeasible;infeasible;infeasible;infeasible;infeasible;infeasible;infeasible;infeasible;infeasible,infeasible;infeasible;infeasible;infeasible;infeasible;infeasible;infeasible;infeasible;infeasible;infeasible;infeasible;infeasible,0;1;2;3;4;5;6;7;8;9;10;11,STRUCTURAL_ZERO;STRUCTURAL_ZERO;STRUCTURAL_ZERO;STRUCTURAL_ZERO;STRUCTURAL_ZERO;STRUCTURAL_ZERO;STRUCTURAL_ZERO;STRUCTURAL_ZERO;STRUCTURAL_ZERO;STRUCTURAL_ZERO;STRUCTURAL_ZERO;STRUCTURAL_ZERO,12,0,0,,OK
red2_6800:223,,infeasible;infeasible;infeasible;infeasible;infeasible;infeasible;infeasible;infeasible;infeasible;infeasible;infeasible;infeasible,0;0;0;0;0;0;0;0;0;0;0;0,infeasible;infeasible;infeasible;infeasible;infeasible;infeasible;infeasible;infeasible;infeasible;infeasible;infeasible;infeasible,infeasible;infeasible;infeasible;infeasible;infeasible;infeasible;infeasible;infeasible;infeasible;infeasible;infeasible;infeasible,0;1;2;3;4;5;6;7;8;9;10;11,STRUCTURAL_ZERO;STRUCTURAL_ZERO;STRUCTURAL_ZERO;STRUCTURAL_ZERO;STRUCTURAL_ZERO;STRUCTURAL_ZERO;STRUCTURAL_ZERO;STRUCTURAL_ZERO;STRUCTURAL_ZERO;STRUCTURAL_ZERO;STRUCTURAL_ZERO;STRUCTURAL_ZERO,12,0,0,,OK
red2_6800:224,,infeasible;infeasible;infeasible;infeasible;infeasible;infeasible;infeasible;infeasible;infeasible;infeasible;infeasible;infeasible,0;0;0;0;0;0;0;0;0;0;0;0,infeasible;infeasible;infeasible;infeasible;infeasible;infeasible;infeasible;infeasible;infeasible;infeasible;infeasible;infeasible,infeasible;infeasible;infeasible;infeasible;infeasible;infeasible;infeasible;infeasible;infeasible;infeasible;infeasible;infeasible,0;1;2;3;4;5;6;7;8;9;10;11,STRUCTURAL_ZERO;STRUCTURAL_ZERO;STRUCTURAL_ZERO;STRUCTURAL_ZERO;STRUCTURAL_ZERO;STRUCTURAL_ZERO;STRUCTURAL_ZERO;STRUCTURAL_ZERO;STRUCTURAL_ZERO;STRUCTURAL_ZERO;STRUCTURAL_ZERO;STRUCTURAL_ZERO,12,0,0,,OK
red2_6800:225,,infeasible;infeasible;infeasible;infeasible;infeasible;infeasible;infeasible;infeasible;infeasible;infeasible;infeasible;infeasible,0;0;0;0;0;0;0;0;0;0;0;0,infeasible;infeasible;infeasible;infeasible;infeasible;infeasible;infeasible;infeasible;infeasible;infeasible;infeasible;infeasible,infeasible;infeasible;infeasible;infeasible;infeasible;infeasible;infeasible;infeasible;infeasible;infeasible;infeasible;infeasible,0;1;2;3;4;5;6;7;8;9;10;11,STRUCTURAL_ZERO;STRUCTURAL_ZERO;STRUCTURAL_ZERO;STRUCTURAL_ZERO;STRUCTURAL_ZERO;STRUCTURAL_ZERO;STRUCTURAL_ZERO;STRUCTURAL_ZERO;STRUCTURAL_ZERO;STRUCTURAL_ZERO;STRUCTURAL_ZERO;STRUCTURAL_ZERO,12,0,0,,OK
red2_6800:226,,infeasible;infeasible;infeasible;infeasible;infeasible;infeasible;infeasible;infeasible;infeasible;infeasible;infeasible;infeasible,0;0;0;0;0;0;0;0;0;0;0;0,infeasible;infeasible;infeasible;infeasible;infeasible;infeasible;infeasible;infeasible;infeasible;infeasible;infeasible;infeasible,infeasible;infeasible;infeasible;infeasible;infeasible;infeasible;infeasible;infeasible;infeasible;infeasible;infeasible;infeasible,0;1;2;3;4;5;6;7;8;9;10;11,STRUCTURAL_ZERO;STRUCTURAL_ZERO;STRUCTURAL_ZERO;STRUCTURAL_ZERO;STRUCTURAL_ZERO;STRUCTURAL_ZERO;STRUCTURAL_ZERO;STRUCTURAL_ZERO;STRUCTURAL_ZERO;STRUCTURAL_ZERO;STRUCTURAL_ZERO;STRUCTURAL_ZERO,12,0,0,,OK
red2_6800:227,,infeasible;infeasible;infeasible;infeasible;infeasible;infeasible;infeasible;infeasible;infeasible;infeasible;infeasible;infeasible,0;0;0;0;0;0;0;0;0;0;0;0,infeasible;infeasible;infeasible;infeasible;infeasible;infeasible;infeasible;infeasible;infeasible;infeasible;infeasible;infeasible,infeasible;infeasible;infeasible;infeasible;infeasible;infeasible;infeasible;infeasible;infeasible;infeasible;infeasible;infeasible,0;1;2;3;4;5;6;7;8;9;10;11,STRUCTURAL_ZERO;STRUCTURAL_ZERO;STRUCTURAL_ZERO;STRUCTURAL_ZERO;STRUCTURAL_ZERO;STRUCTURAL_ZERO;STRUCTURAL_ZERO;STRUCTURAL_ZERO;STRUCTURAL_ZERO;STRUCTURAL_ZERO;STRUCTURAL_ZERO;STRUCTURAL_ZERO,12,0,0,,OK
red2_6800:228,,infeasible;infeasible;infeasible;infeasible;infeasible;infeasible;infeasible;infeasible;infeasible;infeasible;infeasible;infeasible,0;0;0;0;0;0;0;0;0;0;0;0,infeasible;infeasible;infeasible;infeasible;infeasible;infeasible;infeasible;infeasible;infeasible;infeasible;infeasible;infeasible,infeasible;infeasible;infeasible;infeasible;infeasible;infeasible;infeasible;infeasible;infeasible;infeasible;infeasible;infeasible,0;1;2;3;4;5;6;7;8;9;10;11,STRUCTURAL_ZERO;STRUCTURAL_ZERO;STRUCTURAL_ZERO;STRUCTURAL_ZERO;STRUCTURAL_ZERO;STRUCTURAL_ZERO;STRUCTURAL_ZERO;STRUCTURAL_ZERO;STRUCTURAL_ZERO;STRUCTURAL_ZERO;STRUCTURAL_ZERO;STRUCTURAL_ZERO,12,0,0,,OK
red2_6800:229,,infeasible;infeasible;infeasible;infeasible;infeasible;infeasible;infeasible;infeasible;infeasible;infeasible;infeasible;infeasible,0;0;0;0;0;0;0;0;0;0;0;0,infeasible;infeasible;infeasible;infeasible;infeasible;infeasible;infeasible;infeasible;infeasible;infeasible;infeasible;infeasible,infeasible;infeasible;infeasible;infeasible;infeasible;infeasible;infeasible;infeasible;infeasible;infeasible;infeasible;infeasible,0;1;2;3;4;5;6;7;8;9;10;11,STRUCTURAL_ZERO;STRUCTURAL_ZERO;STRUCTURAL_ZERO;STRUCTURAL_ZERO;STRUCTURAL_ZERO;STRUCTURAL_ZERO;STRUCTURAL_ZERO;STRUCTURAL_ZERO;STRUCTURAL_ZERO;STRUCTURAL_ZERO;STRUCTURAL_ZERO;STRUCTURAL_ZERO,12,0,0,,OK
red2_6800:230,,infeasible;infeasible;infeasible;infeasible;infeasible;infeasible;infeasible;infeasible;infeasible;infeasible;infeasible;infeasible,0;0;0;0;0;0;0;0;0;0;0;0,infeasible;infeasible;infeasible;infeasible;infeasible;infeasible;infeasible;infeasible;infeasible;infeasible;infeasible;infeasible,infeasible;infeasible;infeasible;infeasible;infeasible;infeasible;infeasible;infeasible;infeasible;infeasible;infeasible;infeasible,0;1;2;3;4;5;6;7;8;9;10;11,STRUCTURAL_ZERO;STRUCTURAL_ZERO;STRUCTURAL_ZERO;STRUCTURAL_ZERO;STRUCTURAL_ZERO;STRUCTURAL_ZERO;STRUCTURAL_ZERO;STRUCTURAL_ZERO;STRUCTURAL_ZERO;STRUCTURAL_ZERO;STRUCTURAL_ZERO;STRUCTURAL_ZERO,12,0,0,,OK
red2_6800:231,,infeasible;infeasible;infeasible;infeasible;infeasible;infeasible;infeasible;infeasible;infeasible;infeasible;infeasible;infeasible,0;0;0;0;0;0;0;0;0;0;0;0,infeasible;infeasible;infeasible;infeasible;infeasible;infeasible;infeasible;infeasible;infeasible;infeasible;infeasible;infeasible,infeasible;infeasible;infeasible;infeasible;infeasible;infeasible;infeasible;infeasible;infeasible;infeasible;infeasible;infeasible,0;1;2;3;4;5;6;7;8;9;10;11,STRUCTURAL_ZERO;STRUCTURAL_ZERO;STRUCTURAL_ZERO;STRUCTURAL_ZERO;STRUCTURAL_ZERO;STRUCTURAL_ZERO;STRUCTURAL_ZERO;STRUCTURAL_ZERO;STRUCTURAL_ZERO;STRUCTURAL_ZERO;STRUCTURAL_ZERO;STRUCTURAL_ZERO,12,0,0,,OK
red2_6800:232,,infeasible;infeasible;infeasible;infeasible;infeasible;infeasible;infeasible;infeasible;infeasible;infeasible;infeasible;infeasible,0;0;0;0;0;0;0;0;0;0;0;0,infeasible;infeasible;infeasible;infeasible;infeasible;infeasible;infeasible;infeasible;infeasible;infeasible;infeasible;infeasible,infeasible;infeasible;infeasible;infeasible;infeasible;infeasible;infeasible;infeasible;infeasible;infeasible;infeasible;infeasible,0;1;2;3;4;5;6;7;8;9;10;11,STRUCTURAL_ZERO;STRUCTURAL_ZERO;STRUCTURAL_ZERO;STRUCTURAL_ZERO;STRUCTURAL_ZERO;STRUCTURAL_ZERO;STRUCTURAL_ZERO;STRUCTURAL_ZERO;STRUCTURAL_ZERO;STRUCTURAL_ZERO;STRUCTURAL_ZERO;STRUCTURAL_ZERO,12,0,0,,OK
red2_6800:233,,infeasible;infeasible;infeasible;infeasible;infeasible;infeasible;infeasible;infeasible;infeasible;infeasible;infeasible;infeasible,0;0;0;0;0;0;0;0;0;0;0;0,infeasible;infeasible;infeasible;infeasible;infeasible;infeasible;infeasible;infeasible;infeasible;infeasible;infeasible;infeasible,infeasible;infeasible;infeasible;infeasible;infeasible;infeasible;infeasible;infeasible;infeasible;infeasible;infeasible;infeasible,0;1;2;3;4;5;6;7;8;9;10;11,STRUCTURAL_ZERO;STRUCTURAL_ZERO;STRUCTURAL_ZERO;STRUCTURAL_ZERO;STRUCTURAL_ZERO;STRUCTURAL_ZERO;STRUCTURAL_ZERO;STRUCTURAL_ZERO;STRUCTURAL_ZERO;STRUCTURAL_ZERO;STRUCTURAL_ZERO;STRUCTURAL_ZERO,12,0,0,,OK
red2_6800:234,,infeasible;infeasible;infeasible;infeasible;infeasible;infeasible;infeasible;infeasible;infeasible;infeasible;infeasible;infeasible,0;0;0;0;0;0;0;0;0;0;0;0,infeasible;infeasible;infeasible;infeasible;infeasible;infeasible;infeasible;infeasible;infeasible;infeasible;infeasible;infeasible,infeasible;infeasible;infeasible;infeasible;infeasible;infeasible;infeasible;infeasible;infeasible;infeasible;infeasible;infeasible,0;1;2;3;4;5;6;7;8;9;10;11,STRUCTURAL_ZERO;STRUCTURAL_ZERO;STRUCTURAL_ZERO;STRUCTURAL_ZERO;STRUCTURAL_ZERO;STRUCTURAL_ZERO;STRUCTURAL_ZERO;STRUCTURAL_ZERO;STRUCTURAL_ZERO;STRUCTURAL_ZERO;STRUCTURAL_ZERO;STRUCTURAL_ZERO,12,0,0,,OK
red2_6800:235,,infeasible;infeasible;infeasible;infeasible;infeasible;infeasible;infeasible;infeasible;infeasible;infeasible;infeasible;infeasible,0;0;0;0;0;0;0;0;0;0;0;0,infeasible;infeasible;infeasible;infeasible;infeasible;infeasible;infeasible;infeasible;infeasible;infeasible;infeasible;infeasible,infeasible;infeasible;infeasible;infeasible;infeasible;infeasible;infeasible;infeasible;infeasible;infeasible;infeasible;infeasible,0;1;2;3;4;5;6;7;8;9;10;11,STRUCTURAL_ZERO;STRUCTURAL_ZERO;STRUCTURAL_ZERO;STRUCTURAL_ZERO;STRUCTURAL_ZERO;STRUCTURAL_ZERO;STRUCTURAL_ZERO;STRUCTURAL_ZERO;STRUCTURAL_ZERO;STRUCTURAL_ZERO;STRUCTURAL_ZERO;STRUCTURAL_ZERO,12,0,0,,OK
red2_6800:236,,infeasible;infeasible;infeasible;infeasible;infeasible;infeasible;infeasible;infeasible;infeasible;infeasible;infeasible;infeasible,0;0;0;0;0;0;0;0;0;0;0;0,infeasible;infeasible;infeasible;infeasible;infeasible;infeasible;infeasible;infeasible;infeasible;infeasible;infeasible;infeasible,infeasible;infeasible;infeasible;infeasible;infeasible;infeasible;infeasible;infeasible;infeasible;infeasible;infeasible;infeasible,0;1;2;3;4;5;6;7;8;9;10;11,STRUCTURAL_ZERO;STRUCTURAL_ZERO;STRUCTURAL_ZERO;STRUCTURAL_ZERO;STRUCTURAL_ZERO;STRUCTURAL_ZERO;STRUCTURAL_ZERO;STRUCTURAL_ZERO;STRUCTURAL_ZERO;STRUCTURAL_ZERO;STRUCTURAL_ZERO;STRUCTURAL_ZERO,12,0,0,,OK
red2_6800:237,,infeasible;infeasible;infeasible;infeasible;infeasible;infeasible;infeasible;infeasible;infeasible;infeasible;infeasible;infeasible,0;0;0;0;0;0;0;0;0;0;0;0,infeasible;infeasible;infeasible;infeasible;infeasible;infeasible;infeasible;infeasible;infeasible;infeasible;infeasible;infeasible,infeasible;infeasible;infeasible;infeasible;infeasible;infeasible;infeasible;infeasible;infeasible;infeasible;infeasible;infeasible,0;1;2;3;4;5;6;7;8;9;10;11,STRUCTURAL_ZERO;STRUCTURAL_ZERO;STRUCTURAL_ZERO;STRUCTURAL_ZERO;STRUCTURAL_ZERO;STRUCTURAL_ZERO;STRUCTURAL_ZERO;STRUCTURAL_ZERO;STRUCTURAL_ZERO;STRUCTURAL_ZERO;STRUCTURAL_ZERO;STRUCTURAL_ZERO,12,0,0,,OK
red2_6800:238,,infeasible;infeasible;infeasible;infeasible;infeasible;infeasible;infeasible;infeasible;infeasible;infeasible;infeasible;infeasible,0;0;0;0;0;0;0;0;0;0;0;0,infeasible;infeasible;infeasible;infeasible;infeasible;infeasible;infeasible;infeasible;infeasible;infeasible;infeasible;infeasible,infeasible;infeasible;infeasible;infeasible;infeasible;infeasible;infeasible;infeasible;infeasible;infeasible;infeasible;infeasible,0;1;2;3;4;5;6;7;8;9;10;11,STRUCTURAL_ZERO;STRUCTURAL_ZERO;STRUCTURAL_ZERO;STRUCTURAL_ZERO;STRUCTURAL_ZERO;STRUCTURAL_ZERO;STRUCTURAL_ZERO;STRUCTURAL_ZERO;STRUCTURAL_ZERO;STRUCTURAL_ZERO;STRUCTURAL_ZERO;STRUCTURAL_ZERO,12,0,0,,OK
red2_6800:239,,infeasible;infeasible;infeasible;infeasible;infeasible;infeasible;infeasible;infeasible;infeasible;infeasible;infeasible;infeasible,0;0;0;0;0;0;0;0;0;0;0;0,infeasible;infeasible;infeasible;infeasible;infeasible;infeasible;infeasible;infeasible;infeasible;infeasible;infeasible;infeasible,infeasible;infeasible;infeasible;infeasible;infeasible;infeasible;infeasible;infeasible;infeasible;infeasible;infeasible;infeasible,0;1;2;3;4;5;6;7;8;9;10;11,STRUCTURAL_ZERO;STRUCTURAL_ZERO;STRUCTURAL_ZERO;STRUCTURAL_ZERO;STRUCTURAL_ZERO;STRUCTURAL_ZERO;STRUCTURAL_ZERO;STRUCTURAL_ZERO;STRUCTURAL_ZERO;STRUCTURAL_ZERO;STRUCTURAL_ZERO;STRUCTURAL_ZERO,12,0,0,,OK
red2_6800:240,,infeasible;infeasible;infeasible;infeasible;infeasible;infeasible;infeasible;infeasible;infeasible;infeasible;infeasible;infeasible,0;0;0;0;0;0;0;0;0;0;0;0,infeasible;infeasible;infeasible;infeasible;infeasible;infeasible;infeasible;infeasible;infeasible;infeasible;infeasible;infeasible,infeasible;infeasible;infeasible;infeasible;infeasible;infeasible;infeasible;infeasible;infeasible;infeasible;infeasible;infeasible,0;1;2;3;4;5;6;7;8;9;10;11,STRUCTURAL_ZERO;STRUCTURAL_ZERO;STRUCTURAL_ZERO;STRUCTURAL_ZERO;STRUCTURAL_ZERO;STRUCTURAL_ZERO;STRUCTURAL_ZERO;STRUCTURAL_ZERO;STRUCTURAL_ZERO;STRUCTURAL_ZERO;STRUCTURAL_ZERO;STRUCTURAL_ZERO,12,0,0,,OK
red2_6800:241,,infeasible;infeasible;infeasible;infeasible;infeasible;infeasible;infeasible;infeasible;infeasible;infeasible;infeasible;infeasible,0;0;0;0;0;0;0;0;0;0;0;0,infeasible;infeasible;infeasible;infeasible;infeasible;infeasible;infeasible;infeasible;infeasible;infeasible;infeasible;infeasible,infeasible;infeasible;infeasible;infeasible;infeasible;infeasible;infeasible;infeasible;infeasible;infeasible;infeasible;infeasible,0;1;2;3;4;5;6;7;8;9;10;11,STRUCTURAL_ZERO;STRUCTURAL_ZERO;STRUCTURAL_ZERO;STRUCTURAL_ZERO;STRUCTURAL_ZERO;STRUCTURAL_ZERO;STRUCTURAL_ZERO;STRUCTURAL_ZERO;STRUCTURAL_ZERO;STRUCTURAL_ZERO;STRUCTURAL_ZERO;STRUCTURAL_ZERO,12,0,0,,OK
red2_6800:242,,infeasible;infeasible;infeasible;infeasible;infeasible;infeasible;infeasible;infeasible;infeasible;infeasible;infeasible;infeasible,0;0;0;0;0;0;0;0;0;0;0;0,infeasible;infeasible;infeasible;infeasible;infeasible;infeasible;infeasible;infeasible;infeasible;infeasible;infeasible;infeasible,infeasible;infeasible;infeasible;infeasible;infeasible;infeasible;infeasible;infeasible;infeasible;infeasible;infeasible;infeasible,0;1;2;3;4;5;6;7;8;9;10;11,STRUCTURAL_ZERO;STRUCTURAL_ZERO;STRUCTURAL_ZERO;STRUCTURAL_ZERO;STRUCTURAL_ZERO;STRUCTURAL_ZERO;STRUCTURAL_ZERO;STRUCTURAL_ZERO;STRUCTURAL_ZERO;STRUCTURAL_ZERO;STRUCTURAL_ZERO;STRUCTURAL_ZERO,12,0,0,,OK
red2_6800:243,,infeasible;infeasible;infeasible;infeasible;infeasible;infeasible;infeasible;infeasible;infeasible;infeasible;infeasible;infeasible,0;0;0;0;0;0;0;0;0;0;0;0,infeasible;infeasible;infeasible;infeasible;infeasible;infeasible;infeasible;infeasible;infeasible;infeasible;infeasible;infeasible,infeasible;infeasible;infeasible;infeasible;infeasible;infeasible;infeasible;infeasible;infeasible;infeasible;infeasible;infeasible,0;1;2;3;4;5;6;7;8;9;10;11,STRUCTURAL_ZERO;STRUCTURAL_ZERO;STRUCTURAL_ZERO;STRUCTURAL_ZERO;STRUCTURAL_ZERO;STRUCTURAL_ZERO;STRUCTURAL_ZERO;STRUCTURAL_ZERO;STRUCTURAL_ZERO;STRUCTURAL_ZERO;STRUCTURAL_ZERO;STRUCTURAL_ZERO,12,0,0,,OK
red2_6800:244,,infeasible;infeasible;infeasible;infeasible;infeasible;infeasible;infeasible;infeasible;infeasible;infeasible;infeasible;infeasible,0;0;0;0;0;0;0;0;0;0;0;0,infeasible;infeasible;infeasible;infeasible;infeasible;infeasible;infeasible;infeasible;infeasible;infeasible;infeasible;infeasible,infeasible;infeasible;infeasible;infeasible;infeasible;infeasible;infeasible;infeasible;infeasible;infeasible;infeasible;infeasible,0;1;2;3;4;5;6;7;8;9;10;11,STRUCTURAL_ZERO;STRUCTURAL_ZERO;STRUCTURAL_ZERO;STRUCTURAL_ZERO;STRUCTURAL_ZERO;STRUCTURAL_ZERO;STRUCTURAL_ZERO;STRUCTURAL_ZERO;STRUCTURAL_ZERO;STRUCTURAL_ZERO;STRUCTURAL_ZERO;STRUCTURAL_ZERO,12,0,0,,OK
red2_6800:245,,infeasible;infeasible;infeasible;infeasible;infeasible;infeasible;infeasible;infeasible;infeasible;infeasible;infeasible;infeasible,0;0;0;0;0;0;0;0;0;0;0;0,infeasible;infeasible;infeasible;infeasible;infeasible;infeasible;infeasible;infeasible;infeasible;infeasible;infeasible;infeasible,infeasible;infeasible;infeasible;infeasible;infeasible;infeasible;infeasible;infeasible;infeasible;infeasible;infeasible;infeasible,0;1;2;3;4;5;6;7;8;9;10;11,STRUCTURAL_ZERO;STRUCTURAL_ZERO;STRUCTURAL_ZERO;STRUCTURAL_ZERO;STRUCTURAL_ZERO;STRUCTURAL_ZERO;STRUCTURAL_ZERO;STRUCTURAL_ZERO;STRUCTURAL_ZERO;STRUCTURAL_ZERO;STRUCTURAL_ZERO;STRUCTURAL_ZERO,12,0,0,,OK
red2_6800:246,,infeasible;infeasible;infeasible;infeasible;infeasible;infeasible;infeasible;infeasible;infeasible;infeasible;infeasible;infeasible,0;0;0;0;0;0;0;0;0;0;0;0,infeasible;infeasible;infeasible;infeasible;infeasible;infeasible;infeasible;infeasible;infeasible;infeasible;infeasible;infeasible,infeasible;infeasible;infeasible;infeasible;infeasible;infeasible;infeasible;infeasible;infeasible;infeasible;infeasible;infeasible,0;1;2;3;4;5;6;7;8;9;10;11,STRUCTURAL_ZERO;STRUCTURAL_ZERO;STRUCTURAL_ZERO;STRUCTURAL_ZERO;STRUCTURAL_ZERO;STRUCTURAL_ZERO;STRUCTURAL_ZERO;STRUCTURAL_ZERO;STRUCTURAL_ZERO;STRUCTURAL_ZERO;STRUCTURAL_ZERO;STRUCTURAL_ZERO,12,0,0,,OK
red2_6800:247,,infeasible;infeasible;infeasible;infeasible;infeasible;infeasible;infeasible;infeasible;infeasible;infeasible;infeasible;infeasible,0;0;0;0;0;0;0;0;0;0;0;0,infeasible;infeasible;infeasible;infeasible;infeasible;infeasible;infeasible;infeasible;infeasible;infeasible;infeasible;infeasible,infeasible;infeasible;infeasible;infeasible;infeasible;infeasible;infeasible;infeasible;infeasible;infeasible;infeasible;infeasible,0;1;2;3;4;5;6;7;8;9;10;11,STRUCTURAL_ZERO;STRUCTURAL_ZERO;STRUCTURAL_ZERO;STRUCTURAL_ZERO;STRUCTURAL_ZERO;STRUCTURAL_ZERO;STRUCTURAL_ZERO;STRUCTURAL_ZERO;STRUCTURAL_ZERO;STRUCTURAL_ZERO;STRUCTURAL_ZERO;STRUCTURAL_ZERO,12,0,0,,OK
red2_6800:248,,infeasible;infeasible;infeasible;infeasible;infeasible;infeasible;infeasible;infeasible;infeasible;infeasible;infeasible;infeasible,0;0;0;0;0;0;0;0;0;0;0;0,infeasible;infeasible;infeasible;infeasible;infeasible;infeasible;infeasible;infeasible;infeasible;infeasible;infeasible;infeasible,infeasible;infeasible;infeasible;infeasible;infeasible;infeasible;infeasible;infeasible;infeasible;infeasible;infeasible;infeasible,0;1;2;3;4;5;6;7;8;9;10;11,STRUCTURAL_ZERO;STRUCTURAL_ZERO;STRUCTURAL_ZERO;STRUCTURAL_ZERO;STRUCTURAL_ZERO;STRUCTURAL_ZERO;STRUCTURAL_ZERO;STRUCTURAL_ZERO;STRUCTURAL_ZERO;STRUCTURAL_ZERO;STRUCTURAL_ZERO;STRUCTURAL_ZERO,12,0,0,,OK
red2_6800:249,,infeasible;infeasible;infeasible;infeasible;infeasible;infeasible;infeasible;infeasible;infeasible;infeasible;infeasible;infeasible,0;0;0;0;0;0;0;0;0;0;0;0,infeasible;infeasible;infeasible;infeasible;infeasible;infeasible;infeasible;infeasible;infeasible;infeasible;infeasible;infeasible,infeasible;infeasible;infeasible;infeasible;infeasible;infeasible;infeasible;infeasible;infeasible;infeasible;infeasible;infeasible,0;1;2;3;4;5;6;7;8;9;10;11,STRUCTURAL_ZERO;STRUCTURAL_ZERO;STRUCTURAL_ZERO;STRUCTURAL_ZERO;STRUCTURAL_ZERO;STRUCTURAL_ZERO;STRUCTURAL_ZERO;STRUCTURAL_ZERO;STRUCTURAL_ZERO;STRUCTURAL_ZERO;STRUCTURAL_ZERO;STRUCTURAL_ZERO,12,0,0,,OK
red2_6800:250,,infeasible;infeasible;infeasible;infeasible;infeasible;infeasible;infeasible;infeasible;infeasible;infeasible;infeasible;infeasible,0;0;0;0;0;0;0;0;0;0;0;0,infeasible;infeasible;infeasible;infeasible;infeasible;infeasible;infeasible;infeasible;infeasible;infeasible;infeasible;infeasible,infeasible;infeasible;infeasible;infeasible;infeasible;infeasible;infeasible;infeasible;infeasible;infeasible;infeasible;infeasible,0;1;2;3;4;5;6;7;8;9;10;11,STRUCTURAL_ZERO;STRUCTURAL_ZERO;STRUCTURAL_ZERO;STRUCTURAL_ZERO;STRUCTURAL_ZERO;STRUCTURAL_ZERO;STRUCTURAL_ZERO;STRUCTURAL_ZERO;STRUCTURAL_ZERO;STRUCTURAL_ZERO;STRUCTURAL_ZERO;STRUCTURAL_ZERO,12,0,0,,OK
red2_6800:251,,infeasible;infeasible;infeasible;infeasible;infeasible;infeasible;infeasible;infeasible;infeasible;infeasible;infeasible;infeasible,0;0;0;0;0;0;0;0;0;0;0;0,infeasible;infeasible;infeasible;infeasible;infeasible;infeasible;infeasible;infeasible;infeasible;infeasible;infeasible;infeasible,infeasible;infeasible;infeasible;infeasible;infeasible;infeasible;infeasible;infeasible;infeasible;infeasible;infeasible;infeasible,0;1;2;3;4;5;6;7;8;9;10;11,STRUCTURAL_ZERO;STRUCTURAL_ZERO;STRUCTURAL_ZERO;STRUCTURAL_ZERO;STRUCTURAL_ZERO;STRUCTURAL_ZERO;STRUCTURAL_ZERO;STRUCTURAL_ZERO;STRUCTURAL_ZERO;STRUCTURAL_ZERO;STRUCTURAL_ZERO;STRUCTURAL_ZERO,12,0,0,,OK
red2_6800:252,,infeasible;infeasible;infeasible;infeasible;infeasible;infeasible;infeasible;infeasible;infeasible;infeasible;infeasible;infeasible,0;0;0;0;0;0;0;0;0;0;0;0,infeasible;infeasible;infeasible;infeasible;infeasible;infeasible;infeasible;infeasible;infeasible;infeasible;infeasible;infeasible,infeasible;infeasible;infeasible;infeasible;infeasible;infeasible;infeasible;infeasible;infeasible;infeasible;infeasible;infeasible,0;1;2;3;4;5;6;7;8;9;10;11,STRUCTURAL_ZERO;STRUCTURAL_ZERO;STRUCTURAL_ZERO;STRUCTURAL_ZERO;STRUCTURAL_ZERO;STRUCTURAL_ZERO;STRUCTURAL_ZERO;STRUCTURAL_ZERO;STRUCTURAL_ZERO;STRUCTURAL_ZERO;STRUCTURAL_ZERO;STRUCTURAL_ZERO,12,0,0,,OK
red2_6800:253,,infeasible;infeasible;infeasible;infeasible;infeasible;infeasible;infeasible;infeasible;infeasible;infeasible;infeasible;infeasible,0;0;0;0;0;0;0;0;0;0;0;0,infeasible;infeasible;infeasible;infeasible;infeasible;infeasible;infeasible;infeasible;infeasible;infeasible;infeasible;infeasible,infeasible;infeasible;infeasible;infeasible;infeasible;infeasible;infeasible;infeasible;infeasible;infeasible;infeasible;infeasible,0;1;2;3;4;5;6;7;8;9;10;11,STRUCTURAL_ZERO;STRUCTURAL_ZERO;STRUCTURAL_ZERO;STRUCTURAL_ZERO;STRUCTURAL_ZERO;STRUCTURAL_ZERO;STRUCTURAL_ZERO;STRUCTURAL_ZERO;STRUCTURAL_ZERO;STRUCTURAL_ZERO;STRUCTURAL_ZERO;STRUCTURAL_ZERO,12,0,0,,OK
red2_6800:254,,infeasible;infeasible;infeasible;infeasible;infeasible;infeasible;infeasible;infeasible;infeasible;infeasible;infeasible;infeasible,0;0;0;0;0;0;0;0;0;0;0;0,infeasible;infeasible;infeasible;infeasible;infeasible;infeasible;infeasible;infeasible;infeasible;infeasible;infeasible;infeasible,infeasible;infeasible;infeasible;infeasible;infeasible;infeasible;infeasible;infeasible;infeasible;infeasible;infeasible;infeasible,0;1;2;3;4;5;6;7;8;9;10;11,STRUCTURAL_ZERO;STRUCTURAL_ZERO;STRUCTURAL_ZERO;STRUCTURAL_ZERO;STRUCTURAL_ZERO;STRUCTURAL_ZERO;STRUCTURAL_ZERO;STRUCTURAL_ZERO;STRUCTURAL_ZERO;STRUCTURAL_ZERO;STRUCTURAL_ZERO;STRUCTURAL_ZERO,12,0,0,,OK
red2_6800:255,,infeasible;infeasible;infeasible;infeasible;infeasible;infeasible;infeasible;infeasible;infeasible;infeasible;infeasible;infeasible,0;0;0;0;0;0;0;0;0;0;0;0,infeasible;infeasible;infeasible;infeasible;infeasible;infeasible;infeasible;infeasible;infeasible;infeasible;infeasible;infeasible,infeasible;infeasible;infeasible;infeasible;infeasible;infeasible;infeasible;infeasible;infeasible;infeasible;infeasible;infeasible,0;1;2;3;4;5;6;7;8;9;10;11,STRUCTURAL_ZERO;STRUCTURAL_ZERO;STRUCTURAL_ZERO;STRUCTURAL_ZERO;STRUCTURAL_ZERO;STRUCTURAL_ZERO;STRUCTURAL_ZERO;STRUCTURAL_ZERO;STRUCTURAL_ZERO;STRUCTURAL_ZERO;STRUCTURAL_ZERO;STRUCTURAL_ZERO,12,0,0,,OK
red2_6800:256,,infeasible;infeasible;infeasible;infeasible;infeasible;infeasible;infeasible;infeasible;infeasible;infeasible;infeasible;infeasible,0;0;0;0;0;0;0;0;0;0;0;0,infeasible;infeasible;infeasible;infeasible;infeasible;infeasible;infeasible;infeasible;infeasible;infeasible;infeasible;infeasible,infeasible;infeasible;infeasible;infeasible;infeasible;infeasible;infeasible;infeasible;infeasible;infeasible;infeasible;infeasible,0;1;2;3;4;5;6;7;8;9;10;11,STRUCTURAL_ZERO;STRUCTURAL_ZERO;STRUCTURAL_ZERO;STRUCTURAL_ZERO;STRUCTURAL_ZERO;STRUCTURAL_ZERO;STRUCTURAL_ZERO;STRUCTURAL_ZERO;STRUCTURAL_ZERO;STRUCTURAL_ZERO;STRUCTURAL_ZERO;STRUCTURAL_ZERO,12,0,0,,OK
red2_6800:257,,infeasible;infeasible;infeasible;infeasible;infeasible;infeasible;infeasible;infeasible;infeasible;infeasible;infeasible;infeasible,0;0;0;0;0;0;0;0;0;0;0;0,infeasible;infeasible;infeasible;infeasible;infeasible;infeasible;infeasible;infeasible;infeasible;infeasible;infeasible;infeasible,infeasible;infeasible;infeasible;infeasible;infeasible;infeasible;infeasible;infeasible;infeasible;infeasible;infeasible;infeasible,0;1;2;3;4;5;6;7;8;9;10;11,STRUCTURAL_ZERO;STRUCTURAL_ZERO;STRUCTURAL_ZERO;STRUCTURAL_ZERO;STRUCTURAL_ZERO;STRUCTURAL_ZERO;STRUCTURAL_ZERO;STRUCTURAL_ZERO;STRUCTURAL_ZERO;STRUCTURAL_ZERO;STRUCTURAL_ZERO;STRUCTURAL_ZERO,12,0,0,,OK
red2_6800:258,,infeasible;infeasible;infeasible;infeasible;infeasible;infeasible;infeasible;infeasible;infeasible;infeasible;infeasible;infeasible,0;0;0;0;0;0;0;0;0;0;0;0,infeasible;infeasible;infeasible;infeasible;infeasible;infeasible;infeasible;infeasible;infeasible;infeasible;infeasible;infeasible,infeasible;infeasible;infeasible;infeasible;infeasible;infeasible;infeasible;infeasible;infeasible;infeasible;infeasible;infeasible,0;1;2;3;4;5;6;7;8;9;10;11,STRUCTURAL_ZERO;STRUCTURAL_ZERO;STRUCTURAL_ZERO;STRUCTURAL_ZERO;STRUCTURAL_ZERO;STRUCTURAL_ZERO;STRUCTURAL_ZERO;STRUCTURAL_ZERO;STRUCTURAL_ZERO;STRUCTURAL_ZERO;STRUCTURAL_ZERO;STRUCTURAL_ZERO,12,0,0,,OK
red2_6800:259,,infeasible;infeasible;infeasible;infeasible;infeasible;infeasible;infeasible;infeasible;infeasible;infeasible;infeasible;infeasible,0;0;0;0;0;0;0;0;0;0;0;0,infeasible;infeasible;infeasible;infeasible;infeasible;infeasible;infeasible;infeasible;infeasible;infeasible;infeasible;infeasible,infeasible;infeasible;infeasible;infeasible;infeasible;infeasible;infeasible;infeasible;infeasible;infeasible;infeasible;infeasible,0;1;2;3;4;5;6;7;8;9;10;11,STRUCTURAL_ZERO;STRUCTURAL_ZERO;STRUCTURAL_ZERO;STRUCTURAL_ZERO;STRUCTURAL_ZERO;STRUCTURAL_ZERO;STRUCTURAL_ZERO;STRUCTURAL_ZERO;STRUCTURAL_ZERO;STRUCTURAL_ZERO;STRUCTURAL_ZERO;STRUCTURAL_ZERO,12,0,0,,OK
red2_6800:260,,infeasible;infeasible;infeasible;infeasible;infeasible;infeasible;infeasible;infeasible;infeasible;infeasible;infeasible;infeasible,0;0;0;0;0;0;0;0;0;0;0;0,infeasible;infeasible;infeasible;infeasible;infeasible;infeasible;infeasible;infeasible;infeasible;infeasible;infeasible;infeasible,infeasible;infeasible;infeasible;infeasible;infeasible;infeasible;infeasible;infeasible;infeasible;infeasible;infeasible;infeasible,0;1;2;3;4;5;6;7;8;9;10;11,STRUCTURAL_ZERO;STRUCTURAL_ZERO;STRUCTURAL_ZERO;STRUCTURAL_ZERO;STRUCTURAL_ZERO;STRUCTURAL_ZERO;STRUCTURAL_ZERO;STRUCTURAL_ZERO;STRUCTURAL_ZERO;STRUCTURAL_ZERO;STRUCTURAL_ZERO;STRUCTURAL_ZERO,12,0,0,,OK
red2_6800:261,,infeasible;infeasible;infeasible;infeasible;infeasible;infeasible;infeasible;infeasible;infeasible;infeasible;infeasible;infeasible,0;0;0;0;0;0;0;0;0;0;0;0,infeasible;infeasible;infeasible;infeasible;infeasible;infeasible;infeasible;infeasible;infeasible;infeasible;infeasible;infeasible,infeasible;infeasible;infeasible;infeasible;infeasible;infeasible;infeasible;infeasible;infeasible;infeasible;infeasible;infeasible,0;1;2;3;4;5;6;7;8;9;10;11,STRUCTURAL_ZERO;STRUCTURAL_ZERO;STRUCTURAL_ZERO;STRUCTURAL_ZERO;STRUCTURAL_ZERO;STRUCTURAL_ZERO;STRUCTURAL_ZERO;STRUCTURAL_ZERO;STRUCTURAL_ZERO;STRUCTURAL_ZERO;STRUCTURAL_ZERO;STRUCTURAL_ZERO,12,0,0,,OK
red2_6800:262,,infeasible;infeasible;infeasible;infeasible;infeasible;infeasible;infeasible;infeasible;infeasible;infeasible;infeasible;infeasible,0;0;0;0;0;0;0;0;0;0;0;0,infeasible;infeasible;infeasible;infeasible;infeasible;infeasible;infeasible;infeasible;infeasible;infeasible;infeasible;infeasible,infeasible;infeasible;infeasible;infeasible;infeasible;infeasible;infeasible;infeasible;infeasible;infeasible;infeasible;infeasible,0;1;2;3;4;5;6;7;8;9;10;11,STRUCTURAL_ZERO;STRUCTURAL_ZERO;STRUCTURAL_ZERO;STRUCTURAL_ZERO;STRUCTURAL_ZERO;STRUCTURAL_ZERO;STRUCTURAL_ZERO;STRUCTURAL_ZERO;STRUCTURAL_ZERO;STRUCTURAL_ZERO;STRUCTURAL_ZERO;STRUCTURAL_ZERO,12,0,0,,OK
red2_6800:263,,infeasible;infeasible;infeasible;infeasible;infeasible;infeasible;infeasible;infeasible;infeasible;infeasible;infeasible;infeasible,0;0;0;0;0;0;0;0;0;0;0;0,infeasible;infeasible;infeasible;infeasible;infeasible;infeasible;infeasible;infeasible;infeasible;infeasible;infeasible;infeasible,infeasible;infeasible;infeasible;infeasible;infeasible;infeasible;infeasible;infeasible;infeasible;infeasible;infeasible;infeasible,0;1;2;3;4;5;6;7;8;9;10;11,STRUCTURAL_ZERO;STRUCTURAL_ZERO;STRUCTURAL_ZERO;STRUCTURAL_ZERO;STRUCTURAL_ZERO;STRUCTURAL_ZERO;STRUCTURAL_ZERO;STRUCTURAL_ZERO;STRUCTURAL_ZERO;STRUCTURAL_ZERO;STRUCTURAL_ZERO;STRUCTURAL_ZERO,12,0,0,,OK
red2_6800:264,,infeasible;infeasible;infeasible;infeasible;infeasible;infeasible;infeasible;infeasible;infeasible;infeasible;infeasible;infeasible,0;0;0;0;0;0;0;0;0;0;0;0,infeasible;infeasible;infeasible;infeasible;infeasible;infeasible;infeasible;infeasible;infeasible;infeasible;infeasible;infeasible,infeasible;infeasible;infeasible;infeasible;infeasible;infeasible;infeasible;infeasible;infeasible;infeasible;infeasible;infeasible,0;1;2;3;4;5;6;7;8;9;10;11,STRUCTURAL_ZERO;STRUCTURAL_ZERO;STRUCTURAL_ZERO;STRUCTURAL_ZERO;STRUCTURAL_ZERO;STRUCTURAL_ZERO;STRUCTURAL_ZERO;STRUCTURAL_ZERO;STRUCTURAL_ZERO;STRUCTURAL_ZERO;STRUCTURAL_ZERO;STRUCTURAL_ZERO,12,0,0,,OK
red2_6800:265,,infeasible;infeasible;infeasible;infeasible;infeasible;infeasible;infeasible;infeasible;infeasible;infeasible;infeasible;infeasible,0;0;0;0;0;0;0;0;0;0;0;0,infeasible;infeasible;infeasible;infeasible;infeasible;infeasible;infeasible;infeasible;infeasible;infeasible;infeasible;infeasible,infeasible;infeasible;infeasible;infeasible;infeasible;infeasible;infeasible;infeasible;infeasible;infeasible;infeasible;infeasible,0;1;2;3;4;5;6;7;8;9;10;11,STRUCTURAL_ZERO;STRUCTURAL_ZERO;STRUCTURAL_ZERO;STRUCTURAL_ZERO;STRUCTURAL_ZERO;STRUCTURAL_ZERO;STRUCTURAL_ZERO;STRUCTURAL_ZERO;STRUCTURAL_ZERO;STRUCTURAL_ZERO;STRUCTURAL_ZERO;STRUCTURAL_ZERO,12,0,0,,OK
red2_6800:266,,infeasible;infeasible;infeasible;infeasible;infeasible;infeasible;infeasible;infeasible;infeasible;infeasible;infeasible;infeasible,0;0;0;0;0;0;0;0;0;0;0;0,infeasible;infeasible;infeasible;infeasible;infeasible;infeasible;infeasible;infeasible;infeasible;infeasible;infeasible;infeasible,infeasible;infeasible;infeasible;infeasible;infeasible;infeasible;infeasible;infeasible;infeasible;infeasible;infeasible;infeasible,0;1;2;3;4;5;6;7;8;9;10;11,STRUCTURAL_ZERO;STRUCTURAL_ZERO;STRUCTURAL_ZERO;STRUCTURAL_ZERO;STRUCTURAL_ZERO;STRUCTURAL_ZERO;STRUCTURAL_ZERO;STRUCTURAL_ZERO;STRUCTURAL_ZERO;STRUCTURAL_ZERO;STRUCTURAL_ZERO;STRUCTURAL_ZERO,12,0,0,,OK
red2_6800:267,,infeasible;infeasible;infeasible;infeasible;infeasible;infeasible;infeasible;infeasible;infeasible;infeasible;infeasible;infeasible,0;0;0;0;0;0;0;0;0;0;0;0,infeasible;infeasible;infeasible;infeasible;infeasible;infeasible;infeasible;infeasible;infeasible;infeasible;infeasible;infeasible,infeasible;infeasible;infeasible;infeasible;infeasible;infeasible;infeasible;infeasible;infeasible;infeasible;infeasible;infeasible,0;1;2;3;4;5;6;7;8;9;10;11,STRUCTURAL_ZERO;STRUCTURAL_ZERO;STRUCTURAL_ZERO;STRUCTURAL_ZERO;STRUCTURAL_ZERO;STRUCTURAL_ZERO;STRUCTURAL_ZERO;STRUCTURAL_ZERO;STRUCTURAL_ZERO;STRUCTURAL_ZERO;STRUCTURAL_ZERO;STRUCTURAL_ZERO,12,0,0,,OK
red2_6800:268,,infeasible;infeasible;infeasible;infeasible;infeasible;infeasible;infeasible;infeasible;infeasible;infeasible;infeasible;infeasible,0;0;0;0;0;0;0;0;0;0;0;0,infeasible;infeasible;infeasible;infeasible;infeasible;infeasible;infeasible;infeasible;infeasible;infeasible;infeasible;infeasible,infeasible;infeasible;infeasible;infeasible;infeasible;infeasible;infeasible;infeasible;infeasible;infeasible;infeasible;infeasible,0;1;2;3;4;5;6;7;8;9;10;11,STRUCTURAL_ZERO;STRUCTURAL_ZERO;STRUCTURAL_ZERO;STRUCTURAL_ZERO;STRUCTURAL_ZERO;STRUCTURAL_ZERO;STRUCTURAL_ZERO;STRUCTURAL_ZERO;STRUCTURAL_ZERO;STRUCTURAL_ZERO;STRUCTURAL_ZERO;STRUCTURAL_ZERO,12,0,0,,OK
red2_6800:269,,infeasible;infeasible;infeasible;infeasible;infeasible;infeasible;infeasible;infeasible;infeasible;infeasible;infeasible;infeasible,0;0;0;0;0;0;0;0;0;0;0;0,infeasible;infeasible;infeasible;infeasible;infeasible;infeasible;infeasible;infeasible;infeasible;infeasible;infeasible;infeasible,infeasible;infeasible;infeasible;infeasible;infeasible;infeasible;infeasible;infeasible;infeasible;infeasible;infeasible;infeasible,0;1;2;3;4;5;6;7;8;9;10;11,STRUCTURAL_ZERO;STRUCTURAL_ZERO;STRUCTURAL_ZERO;STRUCTURAL_ZERO;STRUCTURAL_ZERO;STRUCTURAL_ZERO;STRUCTURAL_ZERO;STRUCTURAL_ZERO;STRUCTURAL_ZERO;STRUCTURAL_ZERO;STRUCTURAL_ZERO;STRUCTURAL_ZERO,12,0,0,,OK
red2_6800:270,,infeasible;infeasible;infeasible;infeasible;infeasible;infeasible;infeasible;infeasible;infeasible;infeasible;infeasible;infeasible,0;0;0;0;0;0;0;0;0;0;0;0,infeasible;infeasible;infeasible;infeasible;infeasible;infeasible;infeasible;infeasible;infeasible;infeasible;infeasible;infeasible,infeasible;infeasible;infeasible;infeasible;infeasible;infeasible;infeasible;infeasible;infeasible;infeasible;infeasible;infeasible,0;1;2;3;4;5;6;7;8;9;10;11,STRUCTURAL_ZERO;STRUCTURAL_ZERO;STRUCTURAL_ZERO;STRUCTURAL_ZERO;STRUCTURAL_ZERO;STRUCTURAL_ZERO;STRUCTURAL_ZERO;STRUCTURAL_ZERO;STRUCTURAL_ZERO;STRUCTURAL_ZERO;STRUCTURAL_ZERO;STRUCTURAL_ZERO,12,0,0,,OK
red2_6800:271,,infeasible;infeasible;infeasible;infeasible;infeasible;infeasible;infeasible;infeasible;infeasible;infeasible;infeasible;infeasible,0;0;0;0;0;0;0;0;0;0;0;0,infeasible;infeasible;infeasible;infeasible;infeasible;infeasible;infeasible;infeasible;infeasible;infeasible;infeasible;infeasible,infeasible;infeasible;infeasible;infeasible;infeasible;infeasible;infeasible;infeasible;infeasible;infeasible;infeasible;infeasible,0;1;2;3;4;5;6;7;8;9;10;11,STRUCTURAL_ZERO;STRUCTURAL_ZERO;STRUCTURAL_ZERO;STRUCTURAL_ZERO;STRUCTURAL_ZERO;STRUCTURAL_ZERO;STRUCTURAL_ZERO;STRUCTURAL_ZERO;STRUCTURAL_ZERO;STRUCTURAL_ZERO;STRUCTURAL_ZERO;STRUCTURAL_ZERO,12,0,0,,OK
red2_6800:272,,infeasible;infeasible;infeasible;infeasible;infeasible;infeasible;infeasible;infeasible;infeasible;infeasible;infeasible;infeasible,0;0;0;0;0;0;0;0;0;0;0;0,infeasible;infeasible;infeasible;infeasible;infeasible;infeasible;infeasible;infeasible;infeasible;infeasible;infeasible;infeasible,infeasible;infeasible;infeasible;infeasible;infeasible;infeasible;infeasible;infeasible;infeasible;infeasible;infeasible;infeasible,0;1;2;3;4;5;6;7;8;9;10;11,STRUCTURAL_ZERO;STRUCTURAL_ZERO;STRUCTURAL_ZERO;STRUCTURAL_ZERO;STRUCTURAL_ZERO;STRUCTURAL_ZERO;STRUCTURAL_ZERO;STRUCTURAL_ZERO;STRUCTURAL_ZERO;STRUCTURAL_ZERO;STRUCTURAL_ZERO;STRUCTURAL_ZERO,12,0,0,,OK
red2_6800:273,,infeasible;infeasible;infeasible;infeasible;infeasible;infeasible;infeasible;infeasible;infeasible;infeasible;infeasible;infeasible,0;0;0;0;0;0;0;0;0;0;0;0,infeasible;infeasible;infeasible;infeasible;infeasible;infeasible;infeasible;infeasible;infeasible;infeasible;infeasible;infeasible,infeasible;infeasible;infeasible;infeasible;infeasible;infeasible;infeasible;infeasible;infeasible;infeasible;infeasible;infeasible,0;1;2;3;4;5;6;7;8;9;10;11,STRUCTURAL_ZERO;STRUCTURAL_ZERO;STRUCTURAL_ZERO;STRUCTURAL_ZERO;STRUCTURAL_ZERO;STRUCTURAL_ZERO;STRUCTURAL_ZERO;STRUCTURAL_ZERO;STRUCTURAL_ZERO;STRUCTURAL_ZERO;STRUCTURAL_ZERO;STRUCTURAL_ZERO,12,0,0,,OK
red2_6800:274,,infeasible;infeasible;infeasible;infeasible;infeasible;infeasible;infeasible;infeasible;infeasible;infeasible;infeasible;infeasible,0;0;0;0;0;0;0;0;0;0;0;0,infeasible;infeasible;infeasible;infeasible;infeasible;infeasible;infeasible;infeasible;infeasible;infeasible;infeasible;infeasible,infeasible;infeasible;infeasible;infeasible;infeasible;infeasible;infeasible;infeasible;infeasible;infeasible;infeasible;infeasible,0;1;2;3;4;5;6;7;8;9;10;11,STRUCTURAL_ZERO;STRUCTURAL_ZERO;STRUCTURAL_ZERO;STRUCTURAL_ZERO;STRUCTURAL_ZERO;STRUCTURAL_ZERO;STRUCTURAL_ZERO;STRUCTURAL_ZERO;STRUCTURAL_ZERO;STRUCTURAL_ZERO;STRUCTURAL_ZERO;STRUCTURAL_ZERO,12,0,0,,OK
red2_6800:275,,infeasible;infeasible;infeasible;infeasible;infeasible;infeasible;infeasible;infeasible;infeasible;infeasible;infeasible;infeasible,0;0;0;0;0;0;0;0;0;0;0;0,infeasible;infeasible;infeasible;infeasible;infeasible;infeasible;infeasible;infeasible;infeasible;infeasible;infeasible;infeasible,infeasible;infeasible;infeasible;infeasible;infeasible;infeasible;infeasible;infeasible;infeasible;infeasible;infeasible;infeasible,0;1;2;3;4;5;6;7;8;9;10;11,STRUCTURAL_ZERO;STRUCTURAL_ZERO;STRUCTURAL_ZERO;STRUCTURAL_ZERO;STRUCTURAL_ZERO;STRUCTURAL_ZERO;STRUCTURAL_ZERO;STRUCTURAL_ZERO;STRUCTURAL_ZERO;STRUCTURAL_ZERO;STRUCTURAL_ZERO;STRUCTURAL_ZERO,12,0,0,,OK
red2_6800:276,,infeasible;infeasible;infeasible;infeasible;infeasible;infeasible;infeasible;infeasible;infeasible;infeasible;infeasible;infeasible,0;0;0;0;0;0;0;0;0;0;0;0,infeasible;infeasible;infeasible;infeasible;infeasible;infeasible;infeasible;infeasible;infeasible;infeasible;infeasible;infeasible,infeasible;infeasible;infeasible;infeasible;infeasible;infeasible;infeasible;infeasible;infeasible;infeasible;infeasible;infeasible,0;1;2;3;4;5;6;7;8;9;10;11,STRUCTURAL_ZERO;STRUCTURAL_ZERO;STRUCTURAL_ZERO;STRUCTURAL_ZERO;STRUCTURAL_ZERO;STRUCTURAL_ZERO;STRUCTURAL_ZERO;STRUCTURAL_ZERO;STRUCTURAL_ZERO;STRUCTURAL_ZERO;STRUCTURAL_ZERO;STRUCTURAL_ZERO,12,0,0,,OK
red2_6800:277,,infeasible;infeasible;infeasible;infeasible;infeasible;infeasible;infeasible;infeasible;infeasible;infeasible;infeasible;infeasible,0;0;0;0;0;0;0;0;0;0;0;0,infeasible;infeasible;infeasible;infeasible;infeasible;infeasible;infeasible;infeasible;infeasible;infeasible;infeasible;infeasible,infeasible;infeasible;infeasible;infeasible;infeasible;infeasible;infeasible;infeasible;infeasible;infeasible;infeasible;infeasible,0;1;2;3;4;5;6;7;8;9;10;11,STRUCTURAL_ZERO;STRUCTURAL_ZERO;STRUCTURAL_ZERO;STRUCTURAL_ZERO;STRUCTURAL_ZERO;STRUCTURAL_ZERO;STRUCTURAL_ZERO;STRUCTURAL_ZERO;STRUCTURAL_ZERO;STRUCTURAL_ZERO;STRUCTURAL_ZERO;STRUCTURAL_ZERO,12,0,0,,OK
red2_6800:278,,infeasible;optimal;optimal;optimal;optimal;optimal;optimal;optimal;optimal;optimal;optimal;optimal,0;0.1393;0.6337;0.8537;1.175;1.427;1.473;1.496;1.431;1.208;0.795;0.004518,infeasible;optimal;optimal;optimal;optimal;optimal;optimal;optimal;optimal;optimal;optimal;optimal,infeasible;optimal;optimal;optimal;optimal;optimal;optimal;optimal;optimal;optimal;optimal;optimal,0,STRUCTURAL_ZERO,1,0,0,,OK
red2_6800:279,,infeasible;optimal;optimal;optimal;optimal;optimal;optimal;optimal;optimal;optimal;optimal;optimal,0;0.09724;0.4563;0.6938;1.142;1.45;1.468;1.437;1.317;1.098;0.8177;0.2323,infeasible;optimal;optimal;optimal;optimal;optimal;optimal;optimal;optimal;optimal;optimal;optimal,infeasible;optimal;optimal;optimal;optimal;optimal;optimal;optimal;optimal;optimal;optimal;optimal,0,STRUCTURAL_ZERO,1,0,0,,OK
red2_6800:280,,infeasible;infeasible;infeasible;infeasible;infeasible;infeasible;infeasible;infeasible;infeasible;infeasible;infeasible;infeasible,0;0;0;0;0;0;0;0;0;0;0;0,infeasible;infeasible;infeasible;infeasible;infeasible;infeasible;infeasible;infeasible;infeasible;infeasible;infeasible;infeasible,infeasible;infeasible;infeasible;infeasible;infeasible;infeasible;infeasible;infeasible;infeasible;infeasible;infeasible;infeasible,0;1;2;3;4;5;6;7;8;9;10;11,STRUCTURAL_ZERO;STRUCTURAL_ZERO;STRUCTURAL_ZERO;STRUCTURAL_ZERO;STRUCTURAL_ZERO;STRUCTURAL_ZERO;STRUCTURAL_ZERO;STRUCTURAL_ZERO;STRUCTURAL_ZERO;STRUCTURAL_ZERO;STRUCTURAL_ZERO;STRUCTURAL_ZERO,12,0,0,,OK
red2_6800:281,,infeasible;infeasible;infeasible;infeasible;infeasible;infeasible;infeasible;infeasible;infeasible;infeasible;infeasible;infeasible,0;0;0;0;0;0;0;0;0;0;0;0,infeasible;infeasible;infeasible;infeasible;infeasible;infeasible;infeasible;infeasible;infeasible;infeasible;infeasible;infeasible,infeasible;infeasible;infeasible;infeasible;infeasible;infeasible;infeasible;infeasible;infeasible;infeasible;infeasible;infeasible,0;1;2;3;4;5;6;7;8;9;10;11,STRUCTURAL_ZERO;STRUCTURAL_ZERO;STRUCTURAL_ZERO;STRUCTURAL_ZERO;STRUCTURAL_ZERO;STRUCTURAL_ZERO;STRUCTURAL_ZERO;STRUCTURAL_ZERO;STRUCTURAL_ZERO;STRUCTURAL_ZERO;STRUCTURAL_ZERO;STRUCTURAL_ZERO,12,0,0,,OK
red2_6800:282,,infeasible;infeasible;infeasible;infeasible;infeasible;infeasible;infeasible;infeasible;infeasible;infeasible;infeasible;infeasible,0;0;0;0;0;0;0;0;0;0;0;0,infeasible;infeasible;infeasible;infeasible;infeasible;infeasible;infeasible;infeasible;infeasible;infeasible;infeasible;infeasible,infeasible;infeasible;infeasible;infeasible;infeasible;infeasible;infeasible;infeasible;infeasible;infeasible;infeasible;infeasible,0;1;2;3;4;5;6;7;8;9;10;11,STRUCTURAL_ZERO;STRUCTURAL_ZERO;STRUCTURAL_ZERO;STRUCTURAL_ZERO;STRUCTURAL_ZERO;STRUCTURAL_ZERO;STRUCTURAL_ZERO;STRUCTURAL_ZERO;STRUCTURAL_ZERO;STRUCTURAL_ZERO;STRUCTURAL_ZERO;STRUCTURAL_ZERO,12,0,0,,OK
red2_6800:283,,infeasible;infeasible;infeasible;infeasible;infeasible;infeasible;infeasible;infeasible;infeasible;infeasible;infeasible;infeasible,0;0;0;0;0;0;0;0;0;0;0;0,infeasible;infeasible;infeasible;infeasible;infeasible;infeasible;infeasible;infeasible;infeasible;infeasible;infeasible;infeasible,infeasible;infeasible;infeasible;infeasible;infeasible;infeasible;infeasible;infeasible;infeasible;infeasible;infeasible;infeasible,0;1;2;3;4;5;6;7;8;9;10;11,STRUCTURAL_ZERO;STRUCTURAL_ZERO;STRUCTURAL_ZERO;STRUCTURAL_ZERO;STRUCTURAL_ZERO;STRUCTURAL_ZERO;STRUCTURAL_ZERO;STRUCTURAL_ZERO;STRUCTURAL_ZERO;STRUCTURAL_ZERO;STRUCTURAL_ZERO;STRUCTURAL_ZERO,12,0,0,,OK
red2_6800:284,,infeasible;infeasible;infeasible;infeasible;infeasible;infeasible;infeasible;infeasible;infeasible;infeasible;infeasible;infeasible,0;0;0;0;0;0;0;0;0;0;0;0,infeasible;infeasible;infeasible;infeasible;infeasible;infeasible;infeasible;infeasible;infeasible;infeasible;infeasible;infeasible,infeasible;infeasible;infeasible;infeasible;infeasible;infeasible;infeasible;infeasible;infeasible;infeasible;infeasible;infeasible,0;1;2;3;4;5;6;7;8;9;10;11,STRUCTURAL_ZERO;STRUCTURAL_ZERO;STRUCTURAL_ZERO;STRUCTURAL_ZERO;STRUCTURAL_ZERO;STRUCTURAL_ZERO;STRUCTURAL_ZERO;STRUCTURAL_ZERO;STRUCTURAL_ZERO;STRUCTURAL_ZERO;STRUCTURAL_ZERO;STRUCTURAL_ZERO,12,0,0,,OK
red2_6800:285,,infeasible;infeasible;infeasible;infeasible;infeasible;infeasible;infeasible;infeasible;infeasible;infeasible;infeasible;infeasible,0;0;0;0;0;0;0;0;0;0;0;0,infeasible;infeasible;infeasible;infeasible;infeasible;infeasible;infeasible;infeasible;infeasible;infeasible;infeasible;infeasible,infeasible;infeasible;infeasible;infeasible;infeasible;infeasible;infeasible;infeasible;infeasible;infeasible;infeasible;infeasible,0;1;2;3;4;5;6;7;8;9;10;11,STRUCTURAL_ZERO;STRUCTURAL_ZERO;STRUCTURAL_ZERO;STRUCTURAL_ZERO;STRUCTURAL_ZERO;STRUCTURAL_ZERO;STRUCTURAL_ZERO;STRUCTURAL_ZERO;STRUCTURAL_ZERO;STRUCTURAL_ZERO;STRUCTURAL_ZERO;STRUCTURAL_ZERO,12,0,0,,OK
red2_6800:286,,infeasible;infeasible;infeasible;infeasible;infeasible;infeasible;infeasible;infeasible;infeasible;infeasible;infeasible;infeasible,0;0;0;0;0;0;0;0;0;0;0;0,infeasible;infeasible;infeasible;infeasible;infeasible;infeasible;infeasible;infeasible;infeasible;infeasible;infeasible;infeasible,infeasible;infeasible;infeasible;infeasible;infeasible;infeasible;infeasible;infeasible;infeasible;infeasible;infeasible;infeasible,0;1;2;3;4;5;6;7;8;9;10;11,STRUCTURAL_ZERO;STRUCTURAL_ZERO;STRUCTURAL_ZERO;STRUCTURAL_ZERO;STRUCTURAL_ZERO;STRUCTURAL_ZERO;STRUCTURAL_ZERO;STRUCTURAL_ZERO;STRUCTURAL_ZERO;STRUCTURAL_ZERO;STRUCTURAL_ZERO;STRUCTURAL_ZERO,12,0,0,,OK
red2_6800:287,,infeasible;infeasible;infeasible;infeasible;infeasible;infeasible;infeasible;infeasible;infeasible;infeasible;infeasible;infeasible,0;0;0;0;0;0;0;0;0;0;0;0,infeasible;infeasible;infeasible;infeasible;infeasible;infeasible;infeasible;infeasible;infeasible;infeasible;infeasible;infeasible,infeasible;infeasible;infeasible;infeasible;infeasible;infeasible;infeasible;infeasible;infeasible;infeasible;infeasible;infeasible,0;1;2;3;4;5;6;7;8;9;10;11,STRUCTURAL_ZERO;STRUCTURAL_ZERO;STRUCTURAL_ZERO;STRUCTURAL_ZERO;STRUCTURAL_ZERO;STRUCTURAL_ZERO;STRUCTURAL_ZERO;STRUCTURAL_ZERO;STRUCTURAL_ZERO;STRUCTURAL_ZERO;STRUCTURAL_ZERO;STRUCTURAL_ZERO,12,0,0,,OK
red2_6800:288,,infeasible;infeasible;infeasible;infeasible;infeasible;infeasible;infeasible;infeasible;infeasible;infeasible;infeasible;infeasible,0;0;0;0;0;0;0;0;0;0;0;0,infeasible;infeasible;infeasible;infeasible;infeasible;infeasible;infeasible;infeasible;infeasible;infeasible;infeasible;infeasible,infeasible;infeasible;infeasible;infeasible;infeasible;infeasible;infeasible;infeasible;infeasible;infeasible;infeasible;infeasible,0;1;2;3;4;5;6;7;8;9;10;11,STRUCTURAL_ZERO;STRUCTURAL_ZERO;STRUCTURAL_ZERO;STRUCTURAL_ZERO;STRUCTURAL_ZERO;STRUCTURAL_ZERO;STRUCTURAL_ZERO;STRUCTURAL_ZERO;STRUCTURAL_ZERO;STRUCTURAL_ZERO;STRUCTURAL_ZERO;STRUCTURAL_ZERO,12,0,0,,OK
red2_6800:289,,infeasible;infeasible;infeasible;infeasible;infeasible;infeasible;infeasible;infeasible;infeasible;infeasible;infeasible;infeasible,0;0;0;0;0;0;0;0;0;0;0;0,infeasible;infeasible;infeasible;infeasible;infeasible;infeasible;infeasible;infeasible;infeasible;infeasible;infeasible;infeasible,infeasible;infeasible;infeasible;infeasible;infeasible;infeasible;infeasible;infeasible;infeasible;infeasible;infeasible;infeasible,0;1;2;3;4;5;6;7;8;9;10;11,STRUCTURAL_ZERO;STRUCTURAL_ZERO;STRUCTURAL_ZERO;STRUCTURAL_ZERO;STRUCTURAL_ZERO;STRUCTURAL_ZERO;STRUCTURAL_ZERO;STRUCTURAL_ZERO;STRUCTURAL_ZERO;STRUCTURAL_ZERO;STRUCTURAL_ZERO;STRUCTURAL_ZERO,12,0,0,,OK
red2_6800:290,,infeasible;infeasible;infeasible;infeasible;infeasible;infeasible;infeasible;infeasible;infeasible;infeasible;infeasible;infeasible,0;0;0;0;0;0;0;0;0;0;0;0,infeasible;infeasible;infeasible;infeasible;infeasible;infeasible;infeasible;infeasible;infeasible;infeasible;infeasible;infeasible,infeasible;infeasible;infeasible;infeasible;infeasible;infeasible;infeasible;infeasible;infeasible;infeasible;infeasible;infeasible,0;1;2;3;4;5;6;7;8;9;10;11,STRUCTURAL_ZERO;STRUCTURAL_ZERO;STRUCTURAL_ZERO;STRUCTURAL_ZERO;STRUCTURAL_ZERO;STRUCTURAL_ZERO;STRUCTURAL_ZERO;STRUCTURAL_ZERO;STRUCTURAL_ZERO;STRUCTURAL_ZERO;STRUCTURAL_ZERO;STRUCTURAL_ZERO,12,0,0,,OK
red2_6800:291,,infeasible;infeasible;infeasible;infeasible;infeasible;infeasible;infeasible;infeasible;infeasible;infeasible;infeasible;infeasible,0;0;0;0;0;0;0;0;0;0;0;0,infeasible;infeasible;infeasible;infeasible;infeasible;infeasible;infeasible;infeasible;infeasible;infeasible;infeasible;infeasible,infeasible;infeasible;infeasible;infeasible;infeasible;infeasible;infeasible;infeasible;infeasible;infeasible;infeasible;infeasible,0;1;2;3;4;5;6;7;8;9;10;11,STRUCTURAL_ZERO;STRUCTURAL_ZERO;STRUCTURAL_ZERO;STRUCTURAL_ZERO;STRUCTURAL_ZERO;STRUCTURAL_ZERO;STRUCTURAL_ZERO;STRUCTURAL_ZERO;STRUCTURAL_ZERO;STRUCTURAL_ZERO;STRUCTURAL_ZERO;STRUCTURAL_ZERO,12,0,0,,OK
red2_6800:292,,infeasible;infeasible;infeasible;infeasible;infeasible;infeasible;infeasible;infeasible;infeasible;infeasible;infeasible;infeasible,0;0;0;0;0;0;0;0;0;0;0;0,infeasible;infeasible;infeasible;infeasible;infeasible;infeasible;infeasible;infeasible;infeasible;infeasible;infeasible;infeasible,infeasible;infeasible;infeasible;infeasible;infeasible;infeasible;infeasible;infeasible;infeasible;infeasible;infeasible;infeasible,0;1;2;3;4;5;6;7;8;9;10;11,STRUCTURAL_ZERO;STRUCTURAL_ZERO;STRUCTURAL_ZERO;STRUCTURAL_ZERO;STRUCTURAL_ZERO;STRUCTURAL_ZERO;STRUCTURAL_ZERO;STRUCTURAL_ZERO;STRUCTURAL_ZERO;STRUCTURAL_ZERO;STRUCTURAL_ZERO;STRUCTURAL_ZERO,12,0,0,,OK
red2_6800:293,,infeasible;infeasible;infeasible;infeasible;infeasible;infeasible;infeasible;infeasible;infeasible;infeasible;infeasible;infeasible,0;0;0;0;0;0;0;0;0;0;0;0,infeasible;infeasible;infeasible;infeasible;infeasible;infeasible;infeasible;infeasible;infeasible;infeasible;infeasible;infeasible,infeasible;infeasible;infeasible;infeasible;infeasible;infeasible;infeasible;infeasible;infeasible;infeasible;infeasible;infeasible,0;1;2;3;4;5;6;7;8;9;10;11,STRUCTURAL_ZERO;STRUCTURAL_ZERO;STRUCTURAL_ZERO;STRUCTURAL_ZERO;STRUCTURAL_ZERO;STRUCTURAL_ZERO;STRUCTURAL_ZERO;STRUCTURAL_ZERO;STRUCTURAL_ZERO;STRUCTURAL_ZERO;STRUCTURAL_ZERO;STRUCTURAL_ZERO,12,0,0,,OK
red2_6800:294,,infeasible;infeasible;infeasible;infeasible;infeasible;infeasible;infeasible;infeasible;infeasible;infeasible;infeasible;infeasible,0;0;0;0;0;0;0;0;0;0;0;0,infeasible;infeasible;infeasible;infeasible;infeasible;infeasible;infeasible;infeasible;infeasible;infeasible;infeasible;infeasible,infeasible;infeasible;infeasible;infeasible;infeasible;infeasible;infeasible;infeasible;infeasible;infeasible;infeasible;infeasible,0;1;2;3;4;5;6;7;8;9;10;11,STRUCTURAL_ZERO;STRUCTURAL_ZERO;STRUCTURAL_ZERO;STRUCTURAL_ZERO;STRUCTURAL_ZERO;STRUCTURAL_ZERO;STRUCTURAL_ZERO;STRUCTURAL_ZERO;STRUCTURAL_ZERO;STRUCTURAL_ZERO;STRUCTURAL_ZERO;STRUCTURAL_ZERO,12,0,0,,OK
red2_6800:295,,infeasible;infeasible;infeasible;infeasible;infeasible;infeasible;infeasible;infeasible;infeasible;infeasible;infeasible;infeasible,0;0;0;0;0;0;0;0;0;0;0;0,infeasible;infeasible;infeasible;infeasible;infeasible;infeasible;infeasible;infeasible;infeasible;infeasible;infeasible;infeasible,infeasible;infeasible;infeasible;infeasible;infeasible;infeasible;infeasible;infeasible;infeasible;infeasible;infeasible;infeasible,0;1;2;3;4;5;6;7;8;9;10;11,STRUCTURAL_ZERO;STRUCTURAL_ZERO;STRUCTURAL_ZERO;STRUCTURAL_ZERO;STRUCTURAL_ZERO;STRUCTURAL_ZERO;STRUCTURAL_ZERO;STRUCTURAL_ZERO;STRUCTURAL_ZERO;STRUCTURAL_ZERO;STRUCTURAL_ZERO;STRUCTURAL_ZERO,12,0,0,,OK
red2_6800:296,,infeasible;infeasible;infeasible;infeasible;infeasible;infeasible;infeasible;infeasible;infeasible;infeasible;infeasible;infeasible,0;0;0;0;0;0;0;0;0;0;0;0,infeasible;infeasible;infeasible;infeasible;infeasible;infeasible;infeasible;infeasible;infeasible;infeasible;infeasible;infeasible,infeasible;infeasible;infeasible;infeasible;infeasible;infeasible;infeasible;infeasible;infeasible;infeasible;infeasible;infeasible,0;1;2;3;4;5;6;7;8;9;10;11,STRUCTURAL_ZERO;STRUCTURAL_ZERO;STRUCTURAL_ZERO;STRUCTURAL_ZERO;STRUCTURAL_ZERO;STRUCTURAL_ZERO;STRUCTURAL_ZERO;STRUCTURAL_ZERO;STRUCTURAL_ZERO;STRUCTURAL_ZERO;STRUCTURAL_ZERO;STRUCTURAL_ZERO,12,0,0,,OK
red2_6800:297,,infeasible;infeasible;infeasible;infeasible;infeasible;infeasible;infeasible;infeasible;infeasible;infeasible;infeasible;infeasible,0;0;0;0;0;0;0;0;0;0;0;0,infeasible;infeasible;infeasible;infeasible;infeasible;infeasible;infeasible;infeasible;infeasible;infeasible;infeasible;infeasible,infeasible;infeasible;infeasible;infeasible;infeasible;infeasible;infeasible;infeasible;infeasible;infeasible;infeasible;infeasible,0;1;2;3;4;5;6;7;8;9;10;11,STRUCTURAL_ZERO;STRUCTURAL_ZERO;STRUCTURAL_ZERO;STRUCTURAL_ZERO;STRUCTURAL_ZERO;STRUCTURAL_ZERO;STRUCTURAL_ZERO;STRUCTURAL_ZERO;STRUCTURAL_ZERO;STRUCTURAL_ZERO;STRUCTURAL_ZERO;STRUCTURAL_ZERO,12,0,0,,OK
red2_6800:298,,infeasible;infeasible;infeasible;infeasible;infeasible;infeasible;infeasible;infeasible;infeasible;infeasible;infeasible;infeasible,0;0;0;0;0;0;0;0;0;0;0;0,infeasible;infeasible;infeasible;infeasible;infeasible;infeasible;infeasible;infeasible;infeasible;infeasible;infeasible;infeasible,infeasible;infeasible;infeasible;infeasible;infeasible;infeasible;infeasible;infeasible;infeasible;infeasible;infeasible;infeasible,0;1;2;3;4;5;6;7;8;9;10;11,STRUCTURAL_ZERO;STRUCTURAL_ZERO;STRUCTURAL_ZERO;STRUCTURAL_ZERO;STRUCTURAL_ZERO;STRUCTURAL_ZERO;STRUCTURAL_ZERO;STRUCTURAL_ZERO;STRUCTURAL_ZERO;STRUCTURAL_ZERO;STRUCTURAL_ZERO;STRUCTURAL_ZERO,12,0,0,,OK
red2_6800:299,,infeasible;infeasible;infeasible;infeasible;infeasible;infeasible;infeasible;infeasible;infeasible;infeasible;infeasible;infeasible,0;0;0;0;0;0;0;0;0;0;0;0,infeasible;infeasible;infeasible;infeasible;infeasible;infeasible;infeasible;infeasible;infeasible;infeasible;infeasible;infeasible,infeasible;infeasible;infeasible;infeasible;infeasible;infeasible;infeasible;infeasible;infeasible;infeasible;infeasible;infeasible,0;1;2;3;4;5;6;7;8;9;10;11,STRUCTURAL_ZERO;STRUCTURAL_ZERO;STRUCTURAL_ZERO;STRUCTURAL_ZERO;STRUCTURAL_ZERO;STRUCTURAL_ZERO;STRUCTURAL_ZERO;STRUCTURAL_ZERO;STRUCTURAL_ZERO;STRUCTURAL_ZERO;STRUCTURAL_ZERO;STRUCTURAL_ZERO,12,0,0,,OK
red2_6800:300,,infeasible;infeasible;infeasible;infeasible;infeasible;infeasible;infeasible;infeasible;infeasible;infeasible;infeasible;infeasible,0;0;0;0;0;0;0;0;0;0;0;0,infeasible;infeasible;infeasible;infeasible;infeasible;infeasible;infeasible;infeasible;infeasible;infeasible;infeasible;infeasible,infeasible;infeasible;infeasible;infeasible;infeasible;infeasible;infeasible;infeasible;infeasible;infeasible;infeasible;infeasible,0;1;2;3;4;5;6;7;8;9;10;11,STRUCTURAL_ZERO;STRUCTURAL_ZERO;STRUCTURAL_ZERO;STRUCTURAL_ZERO;STRUCTURAL_ZERO;STRUCTURAL_ZERO;STRUCTURAL_ZERO;STRUCTURAL_ZERO;STRUCTURAL_ZERO;STRUCTURAL_ZERO;STRUCTURAL_ZERO;STRUCTURAL_ZERO,12,0,0,,OK
red2_6800:301,,infeasible;infeasible;infeasible;infeasible;infeasible;infeasible;infeasible;infeasible;infeasible;infeasible;infeasible;infeasible,0;0;0;0;0;0;0;0;0;0;0;0,infeasible;infeasible;infeasible;infeasible;infeasible;infeasible;infeasible;infeasible;infeasible;infeasible;infeasible;infeasible,infeasible;infeasible;infeasible;infeasible;infeasible;infeasible;infeasible;infeasible;infeasible;infeasible;infeasible;infeasible,0;1;2;3;4;5;6;7;8;9;10;11,STRUCTURAL_ZERO;STRUCTURAL_ZERO;STRUCTURAL_ZERO;STRUCTURAL_ZERO;STRUCTURAL_ZERO;STRUCTURAL_ZERO;STRUCTURAL_ZERO;STRUCTURAL_ZERO;STRUCTURAL_ZERO;STRUCTURAL_ZERO;STRUCTURAL_ZERO;STRUCTURAL_ZERO,12,0,0,,OK
red2_6800:302,,infeasible;infeasible;infeasible;infeasible;infeasible;infeasible;infeasible;infeasible;infeasible;infeasible;infeasible;infeasible,0;0;0;0;0;0;0;0;0;0;0;0,infeasible;infeasible;infeasible;infeasible;infeasible;infeasible;infeasible;infeasible;infeasible;infeasible;infeasible;infeasible,infeasible;infeasible;infeasible;infeasible;infeasible;infeasible;infeasible;infeasible;infeasible;infeasible;infeasible;infeasible,0;1;2;3;4;5;6;7;8;9;10;11,STRUCTURAL_ZERO;STRUCTURAL_ZERO;STRUCTURAL_ZERO;STRUCTURAL_ZERO;STRUCTURAL_ZERO;STRUCTURAL_ZERO;STRUCTURAL_ZERO;STRUCTURAL_ZERO;STRUCTURAL_ZERO;STRUCTURAL_ZERO;STRUCTURAL_ZERO;STRUCTURAL_ZERO,12,0,0,,OK
red2_6800:303,,infeasible;infeasible;infeasible;infeasible;infeasible;infeasible;infeasible;infeasible;infeasible;infeasible;infeasible;infeasible,0;0;0;0;0;0;0;0;0;0;0;0,infeasible;infeasible;infeasible;infeasible;infeasible;infeasible;infeasible;infeasible;infeasible;infeasible;infeasible;infeasible,infeasible;infeasible;infeasible;infeasible;infeasible;infeasible;infeasible;infeasible;infeasible;infeasible;infeasible;infeasible,0;1;2;3;4;5;6;7;8;9;10;11,STRUCTURAL_ZERO;STRUCTURAL_ZERO;STRUCTURAL_ZERO;STRUCTURAL_ZERO;STRUCTURAL_ZERO;STRUCTURAL_ZERO;STRUCTURAL_ZERO;STRUCTURAL_ZERO;STRUCTURAL_ZERO;STRUCTURAL_ZERO;STRUCTURAL_ZERO;STRUCTURAL_ZERO,12,0,0,,OK
red2_6800:304,,infeasible;infeasible;infeasible;infeasible;infeasible;infeasible;infeasible;infeasible;infeasible;infeasible;infeasible;infeasible,0;0;0;0;0;0;0;0;0;0;0;0,infeasible;infeasible;infeasible;infeasible;infeasible;infeasible;infeasible;infeasible;infeasible;infeasible;infeasible;infeasible,infeasible;infeasible;infeasible;infeasible;infeasible;infeasible;infeasible;infeasible;infeasible;infeasible;infeasible;infeasible,0;1;2;3;4;5;6;7;8;9;10;11,STRUCTURAL_ZERO;STRUCTURAL_ZERO;STRUCTURAL_ZERO;STRUCTURAL_ZERO;STRUCTURAL_ZERO;STRUCTURAL_ZERO;STRUCTURAL_ZERO;STRUCTURAL_ZERO;STRUCTURAL_ZERO;STRUCTURAL_ZERO;STRUCTURAL_ZERO;STRUCTURAL_ZERO,12,0,0,,OK
red2_6800:305,,infeasible;infeasible;infeasible;infeasible;infeasible;infeasible;infeasible;infeasible;infeasible;infeasible;infeasible;infeasible,0;0;0;0;0;0;0;0;0;0;0;0,infeasible;infeasible;infeasible;infeasible;infeasible;infeasible;infeasible;infeasible;infeasible;infeasible;infeasible;infeasible,infeasible;infeasible;infeasible;infeasible;infeasible;infeasible;infeasible;infeasible;infeasible;infeasible;infeasible;infeasible,0;1;2;3;4;5;6;7;8;9;10;11,STRUCTURAL_ZERO;STRUCTURAL_ZERO;STRUCTURAL_ZERO;STRUCTURAL_ZERO;STRUCTURAL_ZERO;STRUCTURAL_ZERO;STRUCTURAL_ZERO;STRUCTURAL_ZERO;STRUCTURAL_ZERO;STRUCTURAL_ZERO;STRUCTURAL_ZERO;STRUCTURAL_ZERO,12,0,0,,OK
red2_6800:306,,infeasible;infeasible;infeasible;infeasible;infeasible;infeasible;infeasible;infeasible;infeasible;infeasible;infeasible;infeasible,0;0;0;0;0;0;0;0;0;0;0;0,infeasible;infeasible;infeasible;infeasible;infeasible;infeasible;infeasible;infeasible;infeasible;infeasible;infeasible;infeasible,infeasible;infeasible;infeasible;infeasible;infeasible;infeasible;infeasible;infeasible;infeasible;infeasible;infeasible;infeasible,0;1;2;3;4;5;6;7;8;9;10;11,STRUCTURAL_ZERO;STRUCTURAL_ZERO;STRUCTURAL_ZERO;STRUCTURAL_ZERO;STRUCTURAL_ZERO;STRUCTURAL_ZERO;STRUCTURAL_ZERO;STRUCTURAL_ZERO;STRUCTURAL_ZERO;STRUCTURAL_ZERO;STRUCTURAL_ZERO;STRUCTURAL_ZERO,12,0,0,,OK
red2_6800:307,,infeasible;infeasible;infeasible;infeasible;infeasible;infeasible;infeasible;infeasible;infeasible;infeasible;infeasible;infeasible,0;0;0;0;0;0;0;0;0;0;0;0,infeasible;infeasible;infeasible;infeasible;infeasible;infeasible;infeasible;infeasible;infeasible;infeasible;infeasible;infeasible,infeasible;infeasible;infeasible;infeasible;infeasible;infeasible;infeasible;infeasible;infeasible;infeasible;infeasible;infeasible,0;1;2;3;4;5;6;7;8;9;10;11,STRUCTURAL_ZERO;STRUCTURAL_ZERO;STRUCTURAL_ZERO;STRUCTURAL_ZERO;STRUCTURAL_ZERO;STRUCTURAL_ZERO;STRUCTURAL_ZERO;STRUCTURAL_ZERO;STRUCTURAL_ZERO;STRUCTURAL_ZERO;STRUCTURAL_ZERO;STRUCTURAL_ZERO,12,0,0,,OK
red2_6800:308,,infeasible;optimal;optimal;optimal;optimal;optimal;optimal;optimal;optimal;optimal;optimal;optimal,0;0.01033;0.4925;0.7208;1.075;1.369;1.423;1.448;1.401;1.31;1.044;0.07184,infeasible;optimal;optimal;optimal;optimal;optimal;optimal;optimal;optimal;optimal;optimal;optimal,infeasible;optimal;optimal;optimal;optimal;optimal;optimal;optimal;optimal;optimal;optimal;optimal,0,STRUCTURAL_ZERO,1,0,0,,OK
red2_6800:309,,infeasible;infeasible;infeasible;infeasible;infeasible;infeasible;infeasible;infeasible;infeasible;infeasible;infeasible;infeasible,0;0;0;0;0;0;0;0;0;0;0;0,infeasible;infeasible;infeasible;infeasible;infeasible;infeasible;infeasible;infeasible;infeasible;infeasible;infeasible;infeasible,infeasible;infeasible;infeasible;infeasible;infeasible;infeasible;infeasible;infeasible;infeasible;infeasible;infeasible;infeasible,0;1;2;3;4;5;6;7;8;9;10;11,STRUCTURAL_ZERO;STRUCTURAL_ZERO;STRUCTURAL_ZERO;STRUCTURAL_ZERO;STRUCTURAL_ZERO;STRUCTURAL_ZERO;STRUCTURAL_ZERO;STRUCTURAL_ZERO;STRUCTURAL_ZERO;STRUCTURAL_ZERO;STRUCTURAL_ZERO;STRUCTURAL_ZERO,12,0,0,,OK
red2_6800:310,,infeasible;infeasible;infeasible;infeasible;infeasible;infeasible;infeasible;infeasible;infeasible;infeasible;infeasible;infeasible,0;0;0;0;0;0;0;0;0;0;0;0,infeasible;infeasible;infeasible;infeasible;infeasible;infeasible;infeasible;infeasible;infeasible;infeasible;infeasible;infeasible,infeasible;infeasible;infeasible;infeasible;infeasible;infeasible;infeasible;infeasible;infeasible;infeasible;infeasible;infeasible,0;1;2;3;4;5;6;7;8;9;10;11,STRUCTURAL_ZERO;STRUCTURAL_ZERO;STRUCTURAL_ZERO;STRUCTURAL_ZERO;STRUCTURAL_ZERO;STRUCTURAL_ZERO;STRUCTURAL_ZERO;STRUCTURAL_ZERO;STRUCTURAL_ZERO;STRUCTURAL_ZERO;STRUCTURAL_ZERO;STRUCTURAL_ZERO,12,0,0,,OK
red2_6800:311,,infeasible;infeasible;infeasible;infeasible;infeasible;infeasible;infeasible;infeasible;infeasible;infeasible;infeasible;infeasible,0;0;0;0;0;0;0;0;0;0;0;0,infeasible;infeasible;infeasible;infeasible;infeasible;infeasible;infeasible;infeasible;infeasible;infeasible;infeasible;infeasible,infeasible;infeasible;infeasible;infeasible;infeasible;infeasible;infeasible;infeasible;infeasible;infeasible;infeasible;infeasible,0;1;2;3;4;5;6;7;8;9;10;11,STRUCTURAL_ZERO;STRUCTURAL_ZERO;STRUCTURAL_ZERO;STRUCTURAL_ZERO;STRUCTURAL_ZERO;STRUCTURAL_ZERO;STRUCTURAL_ZERO;STRUCTURAL_ZERO;STRUCTURAL_ZERO;STRUCTURAL_ZERO;STRUCTURAL_ZERO;STRUCTURAL_ZERO,12,0,0,,OK
red2_6800:312,,infeasible;infeasible;infeasible;infeasible;infeasible;infeasible;infeasible;infeasible;infeasible;infeasible;infeasible;infeasible,0;0;0;0;0;0;0;0;0;0;0;0,infeasible;infeasible;infeasible;infeasible;infeasible;infeasible;infeasible;infeasible;infeasible;infeasible;infeasible;infeasible,infeasible;infeasible;infeasible;infeasible;infeasible;infeasible;infeasible;infeasible;infeasible;infeasible;infeasible;infeasible,0;1;2;3;4;5;6;7;8;9;10;11,STRUCTURAL_ZERO;STRUCTURAL_ZERO;STRUCTURAL_ZERO;STRUCTURAL_ZERO;STRUCTURAL_ZERO;STRUCTURAL_ZERO;STRUCTURAL_ZERO;STRUCTURAL_ZERO;STRUCTURAL_ZERO;STRUCTURAL_ZERO;STRUCTURAL_ZERO;STRUCTURAL_ZERO,12,0,0,,OK
red2_6800:313,,infeasible;infeasible;infeasible;infeasible;infeasible;infeasible;infeasible;infeasible;infeasible;infeasible;infeasible;infeasible,0;0;0;0;0;0;0;0;0;0;0;0,infeasible;infeasible;infeasible;infeasible;infeasible;infeasible;infeasible;infeasible;infeasible;infeasible;infeasible;infeasible,infeasible;infeasible;infeasible;infeasible;infeasible;infeasible;infeasible;infeasible;infeasible;infeasible;infeasible;infeasible,0;1;2;3;4;5;6;7;8;9;10;11,STRUCTURAL_ZERO;STRUCTURAL_ZERO;STRUCTURAL_ZERO;STRUCTURAL_ZERO;STRUCTURAL_ZERO;STRUCTURAL_ZERO;STRUCTURAL_ZERO;STRUCTURAL_ZERO;STRUCTURAL_ZERO;STRUCTURAL_ZERO;STRUCTURAL_ZERO;STRUCTURAL_ZERO,12,0,0,,OK
red2_6800:314,,infeasible;infeasible;infeasible;infeasible;infeasible;infeasible;infeasible;infeasible;infeasible;infeasible;infeasible;infeasible,0;0;0;0;0;0;0;0;0;0;0;0,infeasible;infeasible;infeasible;infeasible;infeasible;infeasible;infeasible;infeasible;infeasible;infeasible;infeasible;infeasible,infeasible;infeasible;infeasible;infeasible;infeasible;infeasible;infeasible;infeasible;infeasible;infeasible;infeasible;infeasible,0;1;2;3;4;5;6;7;8;9;10;11,STRUCTURAL_ZERO;STRUCTURAL_ZERO;STRUCTURAL_ZERO;STRUCTURAL_ZERO;STRUCTURAL_ZERO;STRUCTURAL_ZERO;STRUCTURAL_ZERO;STRUCTURAL_ZERO;STRUCTURAL_ZERO;STRUCTURAL_ZERO;STRUCTURAL_ZERO;STRUCTURAL_ZERO,12,0,0,,OK
red2_6800:315,,infeasible;infeasible;infeasible;infeasible;infeasible;infeasible;infeasible;infeasible;infeasible;infeasible;infeasible;infeasible,0;0;0;0;0;0;0;0;0;0;0;0,infeasible;infeasible;infeasible;infeasible;infeasible;infeasible;infeasible;infeasible;infeasible;infeasible;infeasible;infeasible,infeasible;infeasible;infeasible;infeasible;infeasible;infeasible;infeasible;infeasible;infeasible;infeasible;infeasible;infeasible,0;1;2;3;4;5;6;7;8;9;10;11,STRUCTURAL_ZERO;STRUCTURAL_ZERO;STRUCTURAL_ZERO;STRUCTURAL_ZERO;STRUCTURAL_ZERO;STRUCTURAL_ZERO;STRUCTURAL_ZERO;STRUCTURAL_ZERO;STRUCTURAL_ZERO;STRUCTURAL_ZERO;STRUCTURAL_ZERO;STRUCTURAL_ZERO,12,0,0,,OK
red2_6800:316,,infeasible;infeasible;infeasible;infeasible;infeasible;infeasible;infeasible;infeasible;infeasible;infeasible;infeasible;infeasible,0;0;0;0;0;0;0;0;0;0;0;0,infeasible;infeasible;infeasible;infeasible;infeasible;infeasible;infeasible;infeasible;infeasible;infeasible;infeasible;infeasible,infeasible;infeasible;infeasible;infeasible;infeasible;infeasible;infeasible;infeasible;infeasible;infeasible;infeasible;infeasible,0;1;2;3;4;5;6;7;8;9;10;11,STRUCTURAL_ZERO;STRUCTURAL_ZERO;STRUCTURAL_ZERO;STRUCTURAL_ZERO;STRUCTURAL_ZERO;STRUCTURAL_ZERO;STRUCTURAL_ZERO;STRUCTURAL_ZERO;STRUCTURAL_ZERO;STRUCTURAL_ZERO;STRUCTURAL_ZERO;STRUCTURAL_ZERO,12,0,0,,OK
red2_6800:317,,infeasible;infeasible;infeasible;infeasible;infeasible;infeasible;infeasible;infeasible;infeasible;infeasible;infeasible;infeasible,0;0;0;0;0;0;0;0;0;0;0;0,infeasible;infeasible;infeasible;infeasible;infeasible;infeasible;infeasible;infeasible;infeasible;infeasible;infeasible;infeasible,infeasible;infeasible;infeasible;infeasible;infeasible;infeasible;infeasible;infeasible;infeasible;infeasible;infeasible;infeasible,0;1;2;3;4;5;6;7;8;9;10;11,STRUCTURAL_ZERO;STRUCTURAL_ZERO;STRUCTURAL_ZERO;STRUCTURAL_ZERO;STRUCTURAL_ZERO;STRUCTURAL_ZERO;STRUCTURAL_ZERO;STRUCTURAL_ZERO;STRUCTURAL_ZERO;STRUCTURAL_ZERO;STRUCTURAL_ZERO;STRUCTURAL_ZERO,12,0,0,,OK
red2_6800:318,,infeasible;infeasible;infeasible;infeasible;infeasible;infeasible;infeasible;infeasible;infeasible;infeasible;infeasible;infeasible,0;0;0;0;0;0;0;0;0;0;0;0,infeasible;infeasible;infeasible;infeasible;infeasible;infeasible;infeasible;infeasible;infeasible;infeasible;infeasible;infeasible,infeasible;infeasible;infeasible;infeasible;infeasible;infeasible;infeasible;infeasible;infeasible;infeasible;infeasible;infeasible,0;1;2;3;4;5;6;7;8;9;10;11,STRUCTURAL_ZERO;STRUCTURAL_ZERO;STRUCTURAL_ZERO;STRUCTURAL_ZERO;STRUCTURAL_ZERO;STRUCTURAL_ZERO;STRUCTURAL_ZERO;STRUCTURAL_ZERO;STRUCTURAL_ZERO;STRUCTURAL_ZERO;STRUCTURAL_ZERO;STRUCTURAL_ZERO,12,0,0,,OK
red2_6800:319,,infeasible;infeasible;infeasible;infeasible;infeasible;infeasible;infeasible;infeasible;infeasible;infeasible;infeasible;infeasible,0;0;0;0;0;0;0;0;0;0;0;0,infeasible;infeasible;infeasible;infeasible;infeasible;infeasible;infeasible;infeasible;infeasible;infeasible;infeasible;infeasible,infeasible;infeasible;infeasible;infeasible;infeasible;infeasible;infeasible;infeasible;infeasible;infeasible;infeasible;infeasible,0;1;2;3;4;5;6;7;8;9;10;11,STRUCTURAL_ZERO;STRUCTURAL_ZERO;STRUCTURAL_ZERO;STRUCTURAL_ZERO;STRUCTURAL_ZERO;STRUCTURAL_ZERO;STRUCTURAL_ZERO;STRUCTURAL_ZERO;STRUCTURAL_ZERO;STRUCTURAL_ZERO;STRUCTURAL_ZERO;STRUCTURAL_ZERO,12,0,0,,OK
red2_6800:320,,infeasible;infeasible;infeasible;infeasible;infeasible;infeasible;infeasible;infeasible;infeasible;infeasible;infeasible;infeasible,0;0;0;0;0;0;0;0;0;0;0;0,infeasible;infeasible;infeasible;infeasible;infeasible;infeasible;infeasible;infeasible;infeasible;infeasible;infeasible;infeasible,infeasible;infeasible;infeasible;infeasible;infeasible;infeasible;infeasible;infeasible;infeasible;infeasible;infeasible;infeasible,0;1;2;3;4;5;6;7;8;9;10;11,STRUCTURAL_ZERO;STRUCTURAL_ZERO;STRUCTURAL_ZERO;STRUCTURAL_ZERO;STRUCTURAL_ZERO;STRUCTURAL_ZERO;STRUCTURAL_ZERO;STRUCTURAL_ZERO;STRUCTURAL_ZERO;STRUCTURAL_ZERO;STRUCTURAL_ZERO;STRUCTURAL_ZERO,12,0,0,,OK
red2_6800:321,,infeasible;infeasible;infeasible;infeasible;infeasible;infeasible;infeasible;infeasible;infeasible;infeasible;infeasible;infeasible,0;0;0;0;0;0;0;0;0;0;0;0,infeasible;infeasible;infeasible;infeasible;infeasible;infeasible;infeasible;infeasible;infeasible;infeasible;infeasible;infeasible,infeasible;infeasible;infeasible;infeasible;infeasible;infeasible;infeasible;infeasible;infeasible;infeasible;infeasible;infeasible,0;1;2;3;4;5;6;7;8;9;10;11,STRUCTURAL_ZERO;STRUCTURAL_ZERO;STRUCTURAL_ZERO;STRUCTURAL_ZERO;STRUCTURAL_ZERO;STRUCTURAL_ZERO;STRUCTURAL_ZERO;STRUCTURAL_ZERO;STRUCTURAL_ZERO;STRUCTURAL_ZERO;STRUCTURAL_ZERO;STRUCTURAL_ZERO,12,0,0,,OK
red2_6800:322,,infeasible;infeasible;infeasible;infeasible;infeasible;infeasible;infeasible;infeasible;infeasible;infeasible;infeasible;infeasible,0;0;0;0;0;0;0;0;0;0;0;0,infeasible;infeasible;infeasible;infeasible;infeasible;infeasible;infeasible;infeasible;infeasible;infeasible;infeasible;infeasible,infeasible;infeasible;infeasible;infeasible;infeasible;infeasible;infeasible;infeasible;infeasible;infeasible;infeasible;infeasible,0;1;2;3;4;5;6;7;8;9;10;11,STRUCTURAL_ZERO;STRUCTURAL_ZERO;STRUCTURAL_ZERO;STRUCTURAL_ZERO;STRUCTURAL_ZERO;STRUCTURAL_ZERO;STRUCTURAL_ZERO;STRUCTURAL_ZERO;STRUCTURAL_ZERO;STRUCTURAL_ZERO;STRUCTURAL_ZERO;STRUCTURAL_ZERO,12,0,0,,OK
red2_6800:323,,infeasible;infeasible;infeasible;infeasible;infeasible;infeasible;infeasible;infeasible;infeasible;infeasible;infeasible;infeasible,0;0;0;0;0;0;0;0;0;0;0;0,infeasible;infeasible;infeasible;infeasible;infeasible;infeasible;infeasible;infeasible;infeasible;infeasible;infeasible;infeasible,infeasible;infeasible;infeasible;infeasible;infeasible;infeasible;infeasible;infeasible;infeasible;infeasible;infeasible;infeasible,0;1;2;3;4;5;6;7;8;9;10;11,STRUCTURAL_ZERO;STRUCTURAL_ZERO;STRUCTURAL_ZERO;STRUCTURAL_ZERO;STRUCTURAL_ZERO;STRUCTURAL_ZERO;STRUCTURAL_ZERO;STRUCTURAL_ZERO;STRUCTURAL_ZERO;STRUCTURAL_ZERO;STRUCTURAL_ZERO;STRUCTURAL_ZERO,12,0,0,,OK
red2_6800:324,,infeasible;infeasible;infeasible;infeasible;infeasible;infeasible;infeasible;infeasible;infeasible;infeasible;infeasible;infeasible,0;0;0;0;0;0;0;0;0;0;0;0,infeasible;infeasible;infeasible;infeasible;infeasible;infeasible;infeasible;infeasible;infeasible;infeasible;infeasible;infeasible,infeasible;infeasible;infeasible;infeasible;infeasible;infeasible;infeasible;infeasible;infeasible;infeasible;infeasible;infeasible,0;1;2;3;4;5;6;7;8;9;10;11,STRUCTURAL_ZERO;STRUCTURAL_ZERO;STRUCTURAL_ZERO;STRUCTURAL_ZERO;STRUCTURAL_ZERO;STRUCTURAL_ZERO;STRUCTURAL_ZERO;STRUCTURAL_ZERO;STRUCTURAL_ZERO;STRUCTURAL_ZERO;STRUCTURAL_ZERO;STRUCTURAL_ZERO,12,0,0,,OK
red2_6800:325,,infeasible;infeasible;infeasible;infeasible;infeasible;infeasible;infeasible;infeasible;infeasible;infeasible;infeasible;infeasible,0;0;0;0;0;0;0;0;0;0;0;0,infeasible;infeasible;infeasible;infeasible;infeasible;infeasible;infeasible;infeasible;infeasible;infeasible;infeasible;infeasible,infeasible;infeasible;infeasible;infeasible;infeasible;infeasible;infeasible;infeasible;infeasible;infeasible;infeasible;infeasible,0;1;2;3;4;5;6;7;8;9;10;11,STRUCTURAL_ZERO;STRUCTURAL_ZERO;STRUCTURAL_ZERO;STRUCTURAL_ZERO;STRUCTURAL_ZERO;STRUCTURAL_ZERO;STRUCTURAL_ZERO;STRUCTURAL_ZERO;STRUCTURAL_ZERO;STRUCTURAL_ZERO;STRUCTURAL_ZERO;STRUCTURAL_ZERO,12,0,0,,OK
red2_6800:326,,infeasible;infeasible;infeasible;infeasible;infeasible;infeasible;infeasible;infeasible;infeasible;infeasible;infeasible;infeasible,0;0;0;0;0;0;0;0;0;0;0;0,infeasible;infeasible;infeasible;infeasible;infeasible;infeasible;infeasible;infeasible;infeasible;infeasible;infeasible;infeasible,infeasible;infeasible;infeasible;infeasible;infeasible;infeasible;infeasible;infeasible;infeasible;infeasible;infeasible;infeasible,0;1;2;3;4;5;6;7;8;9;10;11,STRUCTURAL_ZERO;STRUCTURAL_ZERO;STRUCTURAL_ZERO;STRUCTURAL_ZERO;STRUCTURAL_ZERO;STRUCTURAL_ZERO;STRUCTURAL_ZERO;STRUCTURAL_ZERO;STRUCTURAL_ZERO;STRUCTURAL_ZERO;STRUCTURAL_ZERO;STRUCTURAL_ZERO,12,0,0,,OK
red2_6800:327,,infeasible;infeasible;infeasible;infeasible;infeasible;infeasible;infeasible;infeasible;infeasible;infeasible;infeasible;infeasible,0;0;0;0;0;0;0;0;0;0;0;0,infeasible;infeasible;infeasible;infeasible;infeasible;infeasible;infeasible;infeasible;infeasible;infeasible;infeasible;infeasible,infeasible;infeasible;infeasible;infeasible;infeasible;infeasible;infeasible;infeasible;infeasible;infeasible;infeasible;infeasible,0;1;2;3;4;5;6;7;8;9;10;11,STRUCTURAL_ZERO;STRUCTURAL_ZERO;STRUCTURAL_ZERO;STRUCTURAL_ZERO;STRUCTURAL_ZERO;STRUCTURAL_ZERO;STRUCTURAL_ZERO;STRUCTURAL_ZERO;STRUCTURAL_ZERO;STRUCTURAL_ZERO;STRUCTURAL_ZERO;STRUCTURAL_ZERO,12,0,0,,OK
red2_6800:328,,infeasible;infeasible;infeasible;infeasible;infeasible;infeasible;infeasible;infeasible;infeasible;infeasible;infeasible;infeasible,0;0;0;0;0;0;0;0;0;0;0;0,infeasible;infeasible;infeasible;infeasible;infeasible;infeasible;infeasible;infeasible;infeasible;infeasible;infeasible;infeasible,infeasible;infeasible;infeasible;infeasible;infeasible;infeasible;infeasible;infeasible;infeasible;infeasible;infeasible;infeasible,0;1;2;3;4;5;6;7;8;9;10;11,STRUCTURAL_ZERO;STRUCTURAL_ZERO;STRUCTURAL_ZERO;STRUCTURAL_ZERO;STRUCTURAL_ZERO;STRUCTURAL_ZERO;STRUCTURAL_ZERO;STRUCTURAL_ZERO;STRUCTURAL_ZERO;STRUCTURAL_ZERO;STRUCTURAL_ZERO;STRUCTURAL_ZERO,12,0,0,,OK
red2_6800:329,,infeasible;infeasible;infeasible;infeasible;infeasible;infeasible;infeasible;infeasible;infeasible;infeasible;infeasible;infeasible,0;0;0;0;0;0;0;0;0;0;0;0,infeasible;infeasible;infeasible;infeasible;infeasible;infeasible;infeasible;infeasible;infeasible;infeasible;infeasible;infeasible,infeasible;infeasible;infeasible;infeasible;infeasible;infeasible;infeasible;infeasible;infeasible;infeasible;infeasible;infeasible,0;1;2;3;4;5;6;7;8;9;10;11,STRUCTURAL_ZERO;STRUCTURAL_ZERO;STRUCTURAL_ZERO;STRUCTURAL_ZERO;STRUCTURAL_ZERO;STRUCTURAL_ZERO;STRUCTURAL_ZERO;STRUCTURAL_ZERO;STRUCTURAL_ZERO;STRUCTURAL_ZERO;STRUCTURAL_ZERO;STRUCTURAL_ZERO,12,0,0,,OK
red2_6800:330,,infeasible;infeasible;infeasible;infeasible;infeasible;infeasible;infeasible;infeasible;infeasible;infeasible;infeasible;infeasible,0;0;0;0;0;0;0;0;0;0;0;0,infeasible;infeasible;infeasible;infeasible;infeasible;infeasible;infeasible;infeasible;infeasible;infeasible;infeasible;infeasible,infeasible;infeasible;infeasible;infeasible;infeasible;infeasible;infeasible;infeasible;infeasible;infeasible;infeasible;infeasible,0;1;2;3;4;5;6;7;8;9;10;11,STRUCTURAL_ZERO;STRUCTURAL_ZERO;STRUCTURAL_ZERO;STRUCTURAL_ZERO;STRUCTURAL_ZERO;STRUCTURAL_ZERO;STRUCTURAL_ZERO;STRUCTURAL_ZERO;STRUCTURAL_ZERO;STRUCTURAL_ZERO;STRUCTURAL_ZERO;STRUCTURAL_ZERO,12,0,0,,OK
red2_6800:331,,infeasible;infeasible;infeasible;infeasible;infeasible;infeasible;infeasible;infeasible;infeasible;infeasible;infeasible;infeasible,0;0;0;0;0;0;0;0;0;0;0;0,infeasible;infeasible;infeasible;infeasible;infeasible;infeasible;infeasible;infeasible;infeasible;infeasible;infeasible;infeasible,infeasible;infeasible;infeasible;infeasible;infeasible;infeasible;infeasible;infeasible;infeasible;infeasible;infeasible;infeasible,0;1;2;3;4;5;6;7;8;9;10;11,STRUCTURAL_ZERO;STRUCTURAL_ZERO;STRUCTURAL_ZERO;STRUCTURAL_ZERO;STRUCTURAL_ZERO;STRUCTURAL_ZERO;STRUCTURAL_ZERO;STRUCTURAL_ZERO;STRUCTURAL_ZERO;STRUCTURAL_ZERO;STRUCTURAL_ZERO;STRUCTURAL_ZERO,12,0,0,,OK
red2_6800:332,,infeasible;infeasible;infeasible;infeasible;infeasible;infeasible;infeasible;infeasible;infeasible;infeasible;infeasible;infeasible,0;0;0;0;0;0;0;0;0;0;0;0,infeasible;infeasible;infeasible;infeasible;infeasible;infeasible;infeasible;infeasible;infeasible;infeasible;infeasible;infeasible,infeasible;infeasible;infeasible;infeasible;infeasible;infeasible;infeasible;infeasible;infeasible;infeasible;infeasible;infeasible,0;1;2;3;4;5;6;7;8;9;10;11,STRUCTURAL_ZERO;STRUCTURAL_ZERO;STRUCTURAL_ZERO;STRUCTURAL_ZERO;STRUCTURAL_ZERO;STRUCTURAL_ZERO;STRUCTURAL_ZERO;STRUCTURAL_ZERO;STRUCTURAL_ZERO;STRUCTURAL_ZERO;STRUCTURAL_ZERO;STRUCTURAL_ZERO,12,0,0,,OK
red2_6800:333,,infeasible;infeasible;infeasible;infeasible;infeasible;infeasible;infeasible;infeasible;infeasible;infeasible;infeasible;infeasible,0;0;0;0;0;0;0;0;0;0;0;0,infeasible;infeasible;infeasible;infeasible;infeasible;infeasible;infeasible;infeasible;infeasible;infeasible;infeasible;infeasible,infeasible;infeasible;infeasible;infeasible;infeasible;infeasible;infeasible;infeasible;infeasible;infeasible;infeasible;infeasible,0;1;2;3;4;5;6;7;8;9;10;11,STRUCTURAL_ZERO;STRUCTURAL_ZERO;STRUCTURAL_ZERO;STRUCTURAL_ZERO;STRUCTURAL_ZERO;STRUCTURAL_ZERO;STRUCTURAL_ZERO;STRUCTURAL_ZERO;STRUCTURAL_ZERO;STRUCTURAL_ZERO;STRUCTURAL_ZERO;STRUCTURAL_ZERO,12,0,0,,OK
red2_6800:334,,infeasible;infeasible;infeasible;infeasible;infeasible;infeasible;infeasible;infeasible;infeasible;infeasible;infeasible;infeasible,0;0;0;0;0;0;0;0;0;0;0;0,infeasible;infeasible;infeasible;infeasible;infeasible;infeasible;infeasible;infeasible;infeasible;infeasible;infeasible;infeasible,infeasible;infeasible;infeasible;infeasible;infeasible;infeasible;infeasible;infeasible;infeasible;infeasible;infeasible;infeasible,0;1;2;3;4;5;6;7;8;9;10;11,STRUCTURAL_ZERO;STRUCTURAL_ZERO;STRUCTURAL_ZERO;STRUCTURAL_ZERO;STRUCTURAL_ZERO;STRUCTURAL_ZERO;STRUCTURAL_ZERO;STRUCTURAL_ZERO;STRUCTURAL_ZERO;STRUCTURAL_ZERO;STRUCTURAL_ZERO;STRUCTURAL_ZERO,12,0,0,,OK
red2_6800:335,,infeasible;infeasible;infeasible;infeasible;infeasible;infeasible;infeasible;infeasible;infeasible;infeasible;infeasible;infeasible,0;0;0;0;0;0;0;0;0;0;0;0,infeasible;infeasible;infeasible;infeasible;infeasible;infeasible;infeasible;infeasible;infeasible;infeasible;infeasible;infeasible,infeasible;infeasible;infeasible;infeasible;infeasible;infeasible;infeasible;infeasible;infeasible;infeasible;infeasible;infeasible,0;1;2;3;4;5;6;7;8;9;10;11,STRUCTURAL_ZERO;STRUCTURAL_ZERO;STRUCTURAL_ZERO;STRUCTURAL_ZERO;STRUCTURAL_ZERO;STRUCTURAL_ZERO;STRUCTURAL_ZERO;STRUCTURAL_ZERO;STRUCTURAL_ZERO;STRUCTURAL_ZERO;STRUCTURAL_ZERO;STRUCTURAL_ZERO,12,0,0,,OK
red2_6800:336,,infeasible;infeasible;infeasible;infeasible;infeasible;infeasible;infeasible;infeasible;infeasible;infeasible;infeasible;infeasible,0;0;0;0;0;0;0;0;0;0;0;0,infeasible;infeasible;infeasible;infeasible;infeasible;infeasible;infeasible;infeasible;infeasible;infeasible;infeasible;infeasible,infeasible;infeasible;infeasible;infeasible;infeasible;infeasible;infeasible;infeasible;infeasible;infeasible;infeasible;infeasible,0;1;2;3;4;5;6;7;8;9;10;11,STRUCTURAL_ZERO;STRUCTURAL_ZERO;STRUCTURAL_ZERO;STRUCTURAL_ZERO;STRUCTURAL_ZERO;STRUCTURAL_ZERO;STRUCTURAL_ZERO;STRUCTURAL_ZERO;STRUCTURAL_ZERO;STRUCTURAL_ZERO;STRUCTURAL_ZERO;STRUCTURAL_ZERO,12,0,0,,OK
red2_6800:337,,infeasible;infeasible;infeasible;infeasible;infeasible;infeasible;infeasible;infeasible;infeasible;infeasible;infeasible;infeasible,0;0;0;0;0;0;0;0;0;0;0;0,infeasible;infeasible;infeasible;infeasible;infeasible;infeasible;infeasible;infeasible;infeasible;infeasible;infeasible;infeasible,infeasible;infeasible;infeasible;infeasible;infeasible;infeasible;infeasible;infeasible;infeasible;infeasible;infeasible;infeasible,0;1;2;3;4;5;6;7;8;9;10;11,STRUCTURAL_ZERO;STRUCTURAL_ZERO;STRUCTURAL_ZERO;STRUCTURAL_ZERO;STRUCTURAL_ZERO;STRUCTURAL_ZERO;STRUCTURAL_ZERO;STRUCTURAL_ZERO;STRUCTURAL_ZERO;STRUCTURAL_ZERO;STRUCTURAL_ZERO;STRUCTURAL_ZERO,12,0,0,,OK
red2_6800:338,,infeasible;infeasible;infeasible;infeasible;infeasible;infeasible;infeasible;infeasible;infeasible;infeasible;infeasible;infeasible,0;0;0;0;0;0;0;0;0;0;0;0,infeasible;infeasible;infeasible;infeasible;infeasible;infeasible;infeasible;infeasible;infeasible;infeasible;infeasible;infeasible,infeasible;infeasible;infeasible;infeasible;infeasible;infeasible;infeasible;infeasible;infeasible;infeasible;infeasible;infeasible,0;1;2;3;4;5;6;7;8;9;10;11,STRUCTURAL_ZERO;STRUCTURAL_ZERO;STRUCTURAL_ZERO;STRUCTURAL_ZERO;STRUCTURAL_ZERO;STRUCTURAL_ZERO;STRUCTURAL_ZERO;STRUCTURAL_ZERO;STRUCTURAL_ZERO;STRUCTURAL_ZERO;STRUCTURAL_ZERO;STRUCTURAL_ZERO,12,0,0,,OK
red2_6800:339,,infeasible;infeasible;infeasible;infeasible;infeasible;infeasible;infeasible;infeasible;infeasible;infeasible;infeasible;infeasible,0;0;0;0;0;0;0;0;0;0;0;0,infeasible;infeasible;infeasible;infeasible;infeasible;infeasible;infeasible;infeasible;infeasible;infeasible;infeasible;infeasible,infeasible;infeasible;infeasible;infeasible;infeasible;infeasible;infeasible;infeasible;infeasible;infeasible;infeasible;infeasible,0;1;2;3;4;5;6;7;8;9;10;11,STRUCTURAL_ZERO;STRUCTURAL_ZERO;STRUCTURAL_ZERO;STRUCTURAL_ZERO;STRUCTURAL_ZERO;STRUCTURAL_ZERO;STRUCTURAL_ZERO;STRUCTURAL_ZERO;STRUCTURAL_ZERO;STRUCTURAL_ZERO;STRUCTURAL_ZERO;STRUCTURAL_ZERO,12,0,0,,OK
red2_6800:340,,infeasible;infeasible;infeasible;infeasible;infeasible;infeasible;infeasible;infeasible;infeasible;infeasible;infeasible;infeasible,0;0;0;0;0;0;0;0;0;0;0;0,infeasible;infeasible;infeasible;infeasible;infeasible;infeasible;infeasible;infeasible;infeasible;infeasible;infeasible;infeasible,infeasible;infeasible;infeasible;infeasible;infeasible;infeasible;infeasible;infeasible;infeasible;infeasible;infeasible;infeasible,0;1;2;3;4;5;6;7;8;9;10;11,STRUCTURAL_ZERO;STRUCTURAL_ZERO;STRUCTURAL_ZERO;STRUCTURAL_ZERO;STRUCTURAL_ZERO;STRUCTURAL_ZERO;STRUCTURAL_ZERO;STRUCTURAL_ZERO;STRUCTURAL_ZERO;STRUCTURAL_ZERO;STRUCTURAL_ZERO;STRUCTURAL_ZERO,12,0,0,,OK
red2_6800:341,,infeasible;infeasible;infeasible;infeasible;infeasible;infeasible;infeasible;infeasible;infeasible;infeasible;infeasible;infeasible,0;0;0;0;0;0;0;0;0;0;0;0,infeasible;infeasible;infeasible;infeasible;infeasible;infeasible;infeasible;infeasible;infeasible;infeasible;infeasible;infeasible,infeasible;infeasible;infeasible;infeasible;infeasible;infeasible;infeasible;infeasible;infeasible;infeasible;infeasible;infeasible,0;1;2;3;4;5;6;7;8;9;10;11,STRUCTURAL_ZERO;STRUCTURAL_ZERO;STRUCTURAL_ZERO;STRUCTURAL_ZERO;STRUCTURAL_ZERO;STRUCTURAL_ZERO;STRUCTURAL_ZERO;STRUCTURAL_ZERO;STRUCTURAL_ZERO;STRUCTURAL_ZERO;STRUCTURAL_ZERO;STRUCTURAL_ZERO,12,0,0,,OK
red2_6800:342,,infeasible;infeasible;infeasible;infeasible;infeasible;infeasible;infeasible;infeasible;infeasible;infeasible;infeasible;infeasible,0;0;0;0;0;0;0;0;0;0;0;0,infeasible;infeasible;infeasible;infeasible;infeasible;infeasible;infeasible;infeasible;infeasible;infeasible;infeasible;infeasible,infeasible;infeasible;infeasible;infeasible;infeasible;infeasible;infeasible;infeasible;infeasible;infeasible;infeasible;infeasible,0;1;2;3;4;5;6;7;8;9;10;11,STRUCTURAL_ZERO;STRUCTURAL_ZERO;STRUCTURAL_ZERO;STRUCTURAL_ZERO;STRUCTURAL_ZERO;STRUCTURAL_ZERO;STRUCTURAL_ZERO;STRUCTURAL_ZERO;STRUCTURAL_ZERO;STRUCTURAL_ZERO;STRUCTURAL_ZERO;STRUCTURAL_ZERO,12,0,0,,OK
red2_6800:343,,infeasible;infeasible;infeasible;infeasible;infeasible;infeasible;infeasible;infeasible;infeasible;infeasible;infeasible;infeasible,0;0;0;0;0;0;0;0;0;0;0;0,infeasible;infeasible;infeasible;infeasible;infeasible;infeasible;infeasible;infeasible;infeasible;infeasible;infeasible;infeasible,infeasible;infeasible;infeasible;infeasible;infeasible;infeasible;infeasible;infeasible;infeasible;infeasible;infeasible;infeasible,0;1;2;3;4;5;6;7;8;9;10;11,STRUCTURAL_ZERO;STRUCTURAL_ZERO;STRUCTURAL_ZERO;STRUCTURAL_ZERO;STRUCTURAL_ZERO;STRUCTURAL_ZERO;STRUCTURAL_ZERO;STRUCTURAL_ZERO;STRUCTURAL_ZERO;STRUCTURAL_ZERO;STRUCTURAL_ZERO;STRUCTURAL_ZERO,12,0,0,,OK
red2_6800:344,,infeasible;infeasible;infeasible;infeasible;infeasible;infeasible;infeasible;infeasible;infeasible;infeasible;infeasible;infeasible,0;0;0;0;0;0;0;0;0;0;0;0,infeasible;infeasible;infeasible;infeasible;infeasible;infeasible;infeasible;infeasible;infeasible;infeasible;infeasible;infeasible,infeasible;infeasible;infeasible;infeasible;infeasible;infeasible;infeasible;infeasible;infeasible;infeasible;infeasible;infeasible,0;1;2;3;4;5;6;7;8;9;10;11,STRUCTURAL_ZERO;STRUCTURAL_ZERO;STRUCTURAL_ZERO;STRUCTURAL_ZERO;STRUCTURAL_ZERO;STRUCTURAL_ZERO;STRUCTURAL_ZERO;STRUCTURAL_ZERO;STRUCTURAL_ZERO;STRUCTURAL_ZERO;STRUCTURAL_ZERO;STRUCTURAL_ZERO,12,0,0,,OK
red2_6800:345,,infeasible;infeasible;infeasible;infeasible;infeasible;infeasible;infeasible;infeasible;infeasible;infeasible;infeasible;infeasible,0;0;0;0;0;0;0;0;0;0;0;0,infeasible;infeasible;infeasible;infeasible;infeasible;infeasible;infeasible;infeasible;infeasible;infeasible;infeasible;infeasible,infeasible;infeasible;infeasible;infeasible;infeasible;infeasible;infeasible;infeasible;infeasible;infeasible;infeasible;infeasible,0;1;2;3;4;5;6;7;8;9;10;11,STRUCTURAL_ZERO;STRUCTURAL_ZERO;STRUCTURAL_ZERO;STRUCTURAL_ZERO;STRUCTURAL_ZERO;STRUCTURAL_ZERO;STRUCTURAL_ZERO;STRUCTURAL_ZERO;STRUCTURAL_ZERO;STRUCTURAL_ZERO;STRUCTURAL_ZERO;STRUCTURAL_ZERO,12,0,0,,OK
red2_6800:346,,infeasible;infeasible;infeasible;infeasible;infeasible;infeasible;infeasible;infeasible;infeasible;infeasible;infeasible;infeasible,0;0;0;0;0;0;0;0;0;0;0;0,infeasible;infeasible;infeasible;infeasible;infeasible;infeasible;infeasible;infeasible;infeasible;infeasible;infeasible;infeasible,infeasible;infeasible;infeasible;infeasible;infeasible;infeasible;infeasible;infeasible;infeasible;infeasible;infeasible;infeasible,0;1;2;3;4;5;6;7;8;9;10;11,STRUCTURAL_ZERO;STRUCTURAL_ZERO;STRUCTURAL_ZERO;STRUCTURAL_ZERO;STRUCTURAL_ZERO;STRUCTURAL_ZERO;STRUCTURAL_ZERO;STRUCTURAL_ZERO;STRUCTURAL_ZERO;STRUCTURAL_ZERO;STRUCTURAL_ZERO;STRUCTURAL_ZERO,12,0,0,,OK
red2_6800:347,,infeasible;infeasible;infeasible;infeasible;infeasible;infeasible;infeasible;infeasible;infeasible;infeasible;infeasible;infeasible,0;0;0;0;0;0;0;0;0;0;0;0,infeasible;infeasible;infeasible;infeasible;infeasible;infeasible;infeasible;infeasible;infeasible;infeasible;infeasible;infeasible,infeasible;infeasible;infeasible;infeasible;infeasible;infeasible;infeasible;infeasible;infeasible;infeasible;infeasible;infeasible,0;1;2;3;4;5;6;7;8;9;10;11,STRUCTURAL_ZERO;STRUCTURAL_ZERO;STRUCTURAL_ZERO;STRUCTURAL_ZERO;STRUCTURAL_ZERO;STRUCTURAL_ZERO;STRUCTURAL_ZERO;STRUCTURAL_ZERO;STRUCTURAL_ZERO;STRUCTURAL_ZERO;STRUCTURAL_ZERO;STRUCTURAL_ZERO,12,0,0,,OK
red2_6800:348,,infeasible;infeasible;infeasible;infeasible;infeasible;infeasible;infeasible;infeasible;infeasible;infeasible;infeasible;infeasible,0;0;0;0;0;0;0;0;0;0;0;0,infeasible;infeasible;infeasible;infeasible;infeasible;infeasible;infeasible;infeasible;infeasible;infeasible;infeasible;infeasible,infeasible;infeasible;infeasible;infeasible;infeasible;infeasible;infeasible;infeasible;infeasible;infeasible;infeasible;infeasible,0;1;2;3;4;5;6;7;8;9;10;11,STRUCTURAL_ZERO;STRUCTURAL_ZERO;STRUCTURAL_ZERO;STRUCTURAL_ZERO;STRUCTURAL_ZERO;STRUCTURAL_ZERO;STRUCTURAL_ZERO;STRUCTURAL_ZERO;STRUCTURAL_ZERO;STRUCTURAL_ZERO;STRUCTURAL_ZERO;STRUCTURAL_ZERO,12,0,0,,OK
red2_6800:349,,infeasible;infeasible;infeasible;infeasible;infeasible;infeasible;infeasible;infeasible;infeasible;infeasible;infeasible;infeasible,0;0;0;0;0;0;0;0;0;0;0;0,infeasible;infeasible;infeasible;infeasible;infeasible;infeasible;infeasible;infeasible;infeasible;infeasible;infeasible;infeasible,infeasible;infeasible;infeasible;infeasible;infeasible;infeasible;infeasible;infeasible;infeasible;infeasible;infeasible;infeasible,0;1;2;3;4;5;6;7;8;9;10;11,STRUCTURAL_ZERO;STRUCTURAL_ZERO;STRUCTURAL_ZERO;STRUCTURAL_ZERO;STRUCTURAL_ZERO;STRUCTURAL_ZERO;STRUCTURAL_ZERO;STRUCTURAL_ZERO;STRUCTURAL_ZERO;STRUCTURAL_ZERO;STRUCTURAL_ZERO;STRUCTURAL_ZERO,12,0,0,,OK
red2_6800:350,,infeasible;infeasible;infeasible;infeasible;infeasible;infeasible;infeasible;infeasible;infeasible;infeasible;infeasible;infeasible,0;0;0;0;0;0;0;0;0;0;0;0,infeasible;infeasible;infeasible;infeasible;infeasible;infeasible;infeasible;infeasible;infeasible;infeasible;infeasible;infeasible,infeasible;infeasible;infeasible;infeasible;infeasible;infeasible;infeasible;infeasible;infeasible;infeasible;infeasible;infeasible,0;1;2;3;4;5;6;7;8;9;10;11,STRUCTURAL_ZERO;STRUCTURAL_ZERO;STRUCTURAL_ZERO;STRUCTURAL_ZERO;STRUCTURAL_ZERO;STRUCTURAL_ZERO;STRUCTURAL_ZERO;STRUCTURAL_ZERO;STRUCTURAL_ZERO;STRUCTURAL_ZERO;STRUCTURAL_ZERO;STRUCTURAL_ZERO,12,0,0,,OK
red2_6800:351,,infeasible;infeasible;infeasible;infeasible;infeasible;infeasible;infeasible;infeasible;infeasible;infeasible;infeasible;infeasible,0;0;0;0;0;0;0;0;0;0;0;0,infeasible;infeasible;infeasible;infeasible;infeasible;infeasible;infeasible;infeasible;infeasible;infeasible;infeasible;infeasible,infeasible;infeasible;infeasible;infeasible;infeasible;infeasible;infeasible;infeasible;infeasible;infeasible;infeasible;infeasible,0;1;2;3;4;5;6;7;8;9;10;11,STRUCTURAL_ZERO;STRUCTURAL_ZERO;STRUCTURAL_ZERO;STRUCTURAL_ZERO;STRUCTURAL_ZERO;STRUCTURAL_ZERO;STRUCTURAL_ZERO;STRUCTURAL_ZERO;STRUCTURAL_ZERO;STRUCTURAL_ZERO;STRUCTURAL_ZERO;STRUCTURAL_ZERO,12,0,0,,OK
red2_6800:352,,infeasible;infeasible;infeasible;infeasible;infeasible;infeasible;infeasible;infeasible;infeasible;infeasible;infeasible;infeasible,0;0;0;0;0;0;0;0;0;0;0;0,infeasible;infeasible;infeasible;infeasible;infeasible;infeasible;infeasible;infeasible;infeasible;infeasible;infeasible;infeasible,infeasible;infeasible;infeasible;infeasible;infeasible;infeasible;infeasible;infeasible;infeasible;infeasible;infeasible;infeasible,0;1;2;3;4;5;6;7;8;9;10;11,STRUCTURAL_ZERO;STRUCTURAL_ZERO;STRUCTURAL_ZERO;STRUCTURAL_ZERO;STRUCTURAL_ZERO;STRUCTURAL_ZERO;STRUCTURAL_ZERO;STRUCTURAL_ZERO;STRUCTURAL_ZERO;STRUCTURAL_ZERO;STRUCTURAL_ZERO;STRUCTURAL_ZERO,12,0,0,,OK
red2_6800:353,,infeasible;infeasible;infeasible;infeasible;infeasible;infeasible;infeasible;infeasible;infeasible;infeasible;infeasible;infeasible,0;0;0;0;0;0;0;0;0;0;0;0,infeasible;infeasible;infeasible;infeasible;infeasible;infeasible;infeasible;infeasible;infeasible;infeasible;infeasible;infeasible,infeasible;infeasible;infeasible;infeasible;infeasible;infeasible;infeasible;infeasible;infeasible;infeasible;infeasible;infeasible,0;1;2;3;4;5;6;7;8;9;10;11,STRUCTURAL_ZERO;STRUCTURAL_ZERO;STRUCTURAL_ZERO;STRUCTURAL_ZERO;STRUCTURAL_ZERO;STRUCTURAL_ZERO;STRUCTURAL_ZERO;STRUCTURAL_ZERO;STRUCTURAL_ZERO;STRUCTURAL_ZERO;STRUCTURAL_ZERO;STRUCTURAL_ZERO,12,0,0,,OK
red2_6800:354,,infeasible;infeasible;infeasible;infeasible;infeasible;infeasible;infeasible;infeasible;infeasible;infeasible;infeasible;infeasible,0;0;0;0;0;0;0;0;0;0;0;0,infeasible;infeasible;infeasible;infeasible;infeasible;infeasible;infeasible;infeasible;infeasible;infeasible;infeasible;infeasible,infeasible;infeasible;infeasible;infeasible;infeasible;infeasible;infeasible;infeasible;infeasible;infeasible;infeasible;infeasible,0;1;2;3;4;5;6;7;8;9;10;11,STRUCTURAL_ZERO;STRUCTURAL_ZERO;STRUCTURAL_ZERO;STRUCTURAL_ZERO;STRUCTURAL_ZERO;STRUCTURAL_ZERO;STRUCTURAL_ZERO;STRUCTURAL_ZERO;STRUCTURAL_ZERO;STRUCTURAL_ZERO;STRUCTURAL_ZERO;STRUCTURAL_ZERO,12,0,0,,OK
red2_6800:355,,infeasible;infeasible;infeasible;infeasible;infeasible;infeasible;infeasible;infeasible;infeasible;infeasible;infeasible;infeasible,0;0;0;0;0;0;0;0;0;0;0;0,infeasible;infeasible;infeasible;infeasible;infeasible;infeasible;infeasible;infeasible;infeasible;infeasible;infeasible;infeasible,infeasible;infeasible;infeasible;infeasible;infeasible;infeasible;infeasible;infeasible;infeasible;infeasible;infeasible;infeasible,0;1;2;3;4;5;6;7;8;9;10;11,STRUCTURAL_ZERO;STRUCTURAL_ZERO;STRUCTURAL_ZERO;STRUCTURAL_ZERO;STRUCTURAL_ZERO;STRUCTURAL_ZERO;STRUCTURAL_ZERO;STRUCTURAL_ZERO;STRUCTURAL_ZERO;STRUCTURAL_ZERO;STRUCTURAL_ZERO;STRUCTURAL_ZERO,12,0,0,,OK
red2_6800:356,,infeasible;infeasible;infeasible;infeasible;infeasible;infeasible;infeasible;infeasible;infeasible;infeasible;infeasible;infeasible,0;0;0;0;0;0;0;0;0;0;0;0,infeasible;infeasible;infeasible;infeasible;infeasible;infeasible;infeasible;infeasible;infeasible;infeasible;infeasible;infeasible,infeasible;infeasible;infeasible;infeasible;infeasible;infeasible;infeasible;infeasible;infeasible;infeasible;infeasible;infeasible,0;1;2;3;4;5;6;7;8;9;10;11,STRUCTURAL_ZERO;STRUCTURAL_ZERO;STRUCTURAL_ZERO;STRUCTURAL_ZERO;STRUCTURAL_ZERO;STRUCTURAL_ZERO;STRUCTURAL_ZERO;STRUCTURAL_ZERO;STRUCTURAL_ZERO;STRUCTURAL_ZERO;STRUCTURAL_ZERO;STRUCTURAL_ZERO,12,0,0,,OK
red2_6800:357,,infeasible;infeasible;infeasible;infeasible;infeasible;infeasible;infeasible;infeasible;infeasible;infeasible;infeasible;infeasible,0;0;0;0;0;0;0;0;0;0;0;0,infeasible;infeasible;infeasible;infeasible;infeasible;infeasible;infeasible;infeasible;infeasible;infeasible;infeasible;infeasible,infeasible;infeasible;infeasible;infeasible;infeasible;infeasible;infeasible;infeasible;infeasible;infeasible;infeasible;infeasible,0;1;2;3;4;5;6;7;8;9;10;11,STRUCTURAL_ZERO;STRUCTURAL_ZERO;STRUCTURAL_ZERO;STRUCTURAL_ZERO;STRUCTURAL_ZERO;STRUCTURAL_ZERO;STRUCTURAL_ZERO;STRUCTURAL_ZERO;STRUCTURAL_ZERO;STRUCTURAL_ZERO;STRUCTURAL_ZERO;STRUCTURAL_ZERO,12,0,0,,OK
red2_6800:358,,infeasible;infeasible;infeasible;infeasible;infeasible;infeasible;infeasible;infeasible;infeasible;infeasible;infeasible;infeasible,0;0;0;0;0;0;0;0;0;0;0;0,infeasible;infeasible;infeasible;infeasible;infeasible;infeasible;infeasible;infeasible;infeasible;infeasible;infeasible;infeasible,infeasible;infeasible;infeasible;infeasible;infeasible;infeasible;infeasible;infeasible;infeasible;infeasible;infeasible;infeasible,0;1;2;3;4;5;6;7;8;9;10;11,STRUCTURAL_ZERO;STRUCTURAL_ZERO;STRUCTURAL_ZERO;STRUCTURAL_ZERO;STRUCTURAL_ZERO;STRUCTURAL_ZERO;STRUCTURAL_ZERO;STRUCTURAL_ZERO;STRUCTURAL_ZERO;STRUCTURAL_ZERO;STRUCTURAL_ZERO;STRUCTURAL_ZERO,12,0,0,,OK
red2_6800:359,,infeasible;infeasible;infeasible;infeasible;infeasible;infeasible;infeasible;infeasible;infeasible;infeasible;infeasible;infeasible,0;0;0;0;0;0;0;0;0;0;0;0,infeasible;infeasible;infeasible;infeasible;infeasible;infeasible;infeasible;infeasible;infeasible;infeasible;infeasible;infeasible,infeasible;infeasible;infeasible;infeasible;infeasible;infeasible;infeasible;infeasible;infeasible;infeasible;infeasible;infeasible,0;1;2;3;4;5;6;7;8;9;10;11,STRUCTURAL_ZERO;STRUCTURAL_ZERO;STRUCTURAL_ZERO;STRUCTURAL_ZERO;STRUCTURAL_ZERO;STRUCTURAL_ZERO;STRUCTURAL_ZERO;STRUCTURAL_ZERO;STRUCTURAL_ZERO;STRUCTURAL_ZERO;STRUCTURAL_ZERO;STRUCTURAL_ZERO,12,0,0,,OK
red2_6800:360,,infeasible;infeasible;infeasible;infeasible;infeasible;infeasible;infeasible;infeasible;infeasible;infeasible;infeasible;infeasible,0;0;0;0;0;0;0;0;0;0;0;0,infeasible;infeasible;infeasible;infeasible;infeasible;infeasible;infeasible;infeasible;infeasible;infeasible;infeasible;infeasible,infeasible;infeasible;infeasible;infeasible;infeasible;infeasible;infeasible;infeasible;infeasible;infeasible;infeasible;infeasible,0;1;2;3;4;5;6;7;8;9;10;11,STRUCTURAL_ZERO;STRUCTURAL_ZERO;STRUCTURAL_ZERO;STRUCTURAL_ZERO;STRUCTURAL_ZERO;STRUCTURAL_ZERO;STRUCTURAL_ZERO;STRUCTURAL_ZERO;STRUCTURAL_ZERO;STRUCTURAL_ZERO;STRUCTURAL_ZERO;STRUCTURAL_ZERO,12,0,0,,OK
red2_6800:361,,infeasible;infeasible;infeasible;infeasible;infeasible;infeasible;infeasible;infeasible;infeasible;infeasible;infeasible;infeasible,0;0;0;0;0;0;0;0;0;0;0;0,infeasible;infeasible;infeasible;infeasible;infeasible;infeasible;infeasible;infeasible;infeasible;infeasible;infeasible;infeasible,infeasible;infeasible;infeasible;infeasible;infeasible;infeasible;infeasible;infeasible;infeasible;infeasible;infeasible;infeasible,0;1;2;3;4;5;6;7;8;9;10;11,STRUCTURAL_ZERO;STRUCTURAL_ZERO;STRUCTURAL_ZERO;STRUCTURAL_ZERO;STRUCTURAL_ZERO;STRUCTURAL_ZERO;STRUCTURAL_ZERO;STRUCTURAL_ZERO;STRUCTURAL_ZERO;STRUCTURAL_ZERO;STRUCTURAL_ZERO;STRUCTURAL_ZERO,12,0,0,,OK
red2_6800:362,,infeasible;optimal;optimal;optimal;optimal;optimal;optimal;optimal;optimal;optimal;optimal;optimal,0;0.12;0.5035;0.7474;1.171;1.428;1.443;1.408;1.291;1.075;0.8106;0.2188,infeasible;optimal;optimal;optimal;optimal;optimal;optimal;optimal;optimal;optimal;optimal;optimal,infeasible;optimal;optimal;optimal;optimal;optimal;optimal;optimal;optimal;optimal;optimal;optimal,0,STRUCTURAL_ZERO,1,0,0,,OK
red2_6800:363,,infeasible;infeasible;infeasible;infeasible;infeasible;infeasible;infeasible;infeasible;infeasible;infeasible;infeasible;infeasible,0;0;0;0;0;0;0;0;0;0;0;0,infeasible;infeasible;infeasible;infeasible;infeasible;infeasible;infeasible;infeasible;infeasible;infeasible;infeasible;infeasible,infeasible;infeasible;infeasible;infeasible;infeasible;infeasible;infeasible;infeasible;infeasible;infeasible;infeasible;infeasible,0;1;2;3;4;5;6;7;8;9;10;11,STRUCTURAL_ZERO;STRUCTURAL_ZERO;STRUCTURAL_ZERO;STRUCTURAL_ZERO;STRUCTURAL_ZERO;STRUCTURAL_ZERO;STRUCTURAL_ZERO;STRUCTURAL_ZERO;STRUCTURAL_ZERO;STRUCTURAL_ZERO;STRUCTURAL_ZERO;STRUCTURAL_ZERO,12,0,0,,OK
red2_6800:364,,infeasible;infeasible;infeasible;infeasible;infeasible;infeasible;infeasible;infeasible;infeasible;infeasible;infeasible;infeasible,0;0;0;0;0;0;0;0;0;0;0;0,infeasible;infeasible;infeasible;infeasible;infeasible;infeasible;infeasible;infeasible;infeasible;infeasible;infeasible;infeasible,infeasible;infeasible;infeasible;infeasible;infeasible;infeasible;infeasible;infeasible;infeasible;infeasible;infeasible;infeasible,0;1;2;3;4;5;6;7;8;9;10;11,STRUCTURAL_ZERO;STRUCTURAL_ZERO;STRUCTURAL_ZERO;STRUCTURAL_ZERO;STRUCTURAL_ZERO;STRUCTURAL_ZERO;STRUCTURAL_ZERO;STRUCTURAL_ZERO;STRUCTURAL_ZERO;STRUCTURAL_ZERO;STRUCTURAL_ZERO;STRUCTURAL_ZERO,12,0,0,,OK
red2_6800:365,,infeasible;infeasible;infeasible;infeasible;infeasible;infeasible;infeasible;infeasible;infeasible;infeasible;infeasible;infeasible,0;0;0;0;0;0;0;0;0;0;0;0,infeasible;infeasible;infeasible;infeasible;infeasible;infeasible;infeasible;infeasible;infeasible;infeasible;infeasible;infeasible,infeasible;infeasible;infeasible;infeasible;infeasible;infeasible;infeasible;infeasible;infeasible;infeasible;infeasible;infeasible,0;1;2;3;4;5;6;7;8;9;10;11,STRUCTURAL_ZERO;STRUCTURAL_ZERO;STRUCTURAL_ZERO;STRUCTURAL_ZERO;STRUCTURAL_ZERO;STRUCTURAL_ZERO;STRUCTURAL_ZERO;STRUCTURAL_ZERO;STRUCTURAL_ZERO;STRUCTURAL_ZERO;STRUCTURAL_ZERO;STRUCTURAL_ZERO,12,0,0,,OK
red2_6800:366,,infeasible;infeasible;infeasible;infeasible;infeasible;infeasible;infeasible;infeasible;infeasible;infeasible;infeasible;infeasible,0;0;0;0;0;0;0;0;0;0;0;0,infeasible;infeasible;infeasible;infeasible;infeasible;infeasible;infeasible;infeasible;infeasible;infeasible;infeasible;infeasible,infeasible;infeasible;infeasible;infeasible;infeasible;infeasible;infeasible;infeasible;infeasible;infeasible;infeasible;infeasible,0;1;2;3;4;5;6;7;8;9;10;11,STRUCTURAL_ZERO;STRUCTURAL_ZERO;STRUCTURAL_ZERO;STRUCTURAL_ZERO;STRUCTURAL_ZERO;STRUCTURAL_ZERO;STRUCTURAL_ZERO;STRUCTURAL_ZERO;STRUCTURAL_ZERO;STRUCTURAL_ZERO;STRUCTURAL_ZERO;STRUCTURAL_ZERO,12,0,0,,OK
red2_6800:367,,infeasible;infeasible;infeasible;infeasible;infeasible;infeasible;infeasible;infeasible;infeasible;infeasible;infeasible;infeasible,0;0;0;0;0;0;0;0;0;0;0;0,infeasible;infeasible;infeasible;infeasible;infeasible;infeasible;infeasible;infeasible;infeasible;infeasible;infeasible;infeasible,infeasible;infeasible;infeasible;infeasible;infeasible;infeasible;infeasible;infeasible;infeasible;infeasible;infeasible;infeasible,0;1;2;3;4;5;6;7;8;9;10;11,STRUCTURAL_ZERO;STRUCTURAL_ZERO;STRUCTURAL_ZERO;STRUCTURAL_ZERO;STRUCTURAL_ZERO;STRUCTURAL_ZERO;STRUCTURAL_ZERO;STRUCTURAL_ZERO;STRUCTURAL_ZERO;STRUCTURAL_ZERO;STRUCTURAL_ZERO;STRUCTURAL_ZERO,12,0,0,,OK
red2_6800:368,,infeasible;infeasible;infeasible;infeasible;infeasible;infeasible;infeasible;infeasible;infeasible;infeasible;infeasible;infeasible,0;0;0;0;0;0;0;0;0;0;0;0,infeasible;infeasible;infeasible;infeasible;infeasible;infeasible;infeasible;infeasible;infeasible;infeasible;infeasible;infeasible,infeasible;infeasible;infeasible;infeasible;infeasible;infeasible;infeasible;infeasible;infeasible;infeasible;infeasible;infeasible,0;1;2;3;4;5;6;7;8;9;10;11,STRUCTURAL_ZERO;STRUCTURAL_ZERO;STRUCTURAL_ZERO;STRUCTURAL_ZERO;STRUCTURAL_ZERO;STRUCTURAL_ZERO;STRUCTURAL_ZERO;STRUCTURAL_ZERO;STRUCTURAL_ZERO;STRUCTURAL_ZERO;STRUCTURAL_ZERO;STRUCTURAL_ZERO,12,0,0,,OK
red2_6800:369,,infeasible;infeasible;infeasible;infeasible;infeasible;infeasible;infeasible;infeasible;infeasible;infeasible;infeasible;infeasible,0;0;0;0;0;0;0;0;0;0;0;0,infeasible;infeasible;infeasible;infeasible;infeasible;infeasible;infeasible;infeasible;infeasible;infeasible;infeasible;infeasible,infeasible;infeasible;infeasible;infeasible;infeasible;infeasible;infeasible;infeasible;infeasible;infeasible;infeasible;infeasible,0;1;2;3;4;5;6;7;8;9;10;11,STRUCTURAL_ZERO;STRUCTURAL_ZERO;STRUCTURAL_ZERO;STRUCTURAL_ZERO;STRUCTURAL_ZERO;STRUCTURAL_ZERO;STRUCTURAL_ZERO;STRUCTURAL_ZERO;STRUCTURAL_ZERO;STRUCTURAL_ZERO;STRUCTURAL_ZERO;STRUCTURAL_ZERO,12,0,0,,OK
red2_6800:370,,infeasible;infeasible;infeasible;infeasible;infeasible;infeasible;infeasible;infeasible;infeasible;infeasible;infeasible;infeasible,0;0;0;0;0;0;0;0;0;0;0;0,infeasible;infeasible;infeasible;infeasible;infeasible;infeasible;infeasible;infeasible;infeasible;infeasible;infeasible;infeasible,infeasible;infeasible;infeasible;infeasible;infeasible;infeasible;infeasible;infeasible;infeasible;infeasible;infeasible;infeasible,0;1;2;3;4;5;6;7;8;9;10;11,STRUCTURAL_ZERO;STRUCTURAL_ZERO;STRUCTURAL_ZERO;STRUCTURAL_ZERO;STRUCTURAL_ZERO;STRUCTURAL_ZERO;STRUCTURAL_ZERO;STRUCTURAL_ZERO;STRUCTURAL_ZERO;STRUCTURAL_ZERO;STRUCTURAL_ZERO;STRUCTURAL_ZERO,12,0,0,,OK
red2_6800:371,,infeasible;infeasible;infeasible;infeasible;infeasible;infeasible;infeasible;infeasible;infeasible;infeasible;infeasible;infeasible,0;0;0;0;0;0;0;0;0;0;0;0,infeasible;infeasible;infeasible;infeasible;infeasible;infeasible;infeasible;infeasible;infeasible;infeasible;infeasible;infeasible,infeasible;infeasible;infeasible;infeasible;infeasible;infeasible;infeasible;infeasible;infeasible;infeasible;infeasible;infeasible,0;1;2;3;4;5;6;7;8;9;10;11,STRUCTURAL_ZERO;STRUCTURAL_ZERO;STRUCTURAL_ZERO;STRUCTURAL_ZERO;STRUCTURAL_ZERO;STRUCTURAL_ZERO;STRUCTURAL_ZERO;STRUCTURAL_ZERO;STRUCTURAL_ZERO;STRUCTURAL_ZERO;STRUCTURAL_ZERO;STRUCTURAL_ZERO,12,0,0,,OK
red2_6800:372,,infeasible;infeasible;infeasible;infeasible;infeasible;infeasible;infeasible;infeasible;infeasible;infeasible;infeasible;infeasible,0;0;0;0;0;0;0;0;0;0;0;0,infeasible;infeasible;infeasible;infeasible;infeasible;infeasible;infeasible;infeasible;infeasible;infeasible;infeasible;infeasible,infeasible;infeasible;infeasible;infeasible;infeasible;infeasible;infeasible;infeasible;infeasible;infeasible;infeasible;infeasible,0;1;2;3;4;5;6;7;8;9;10;11,STRUCTURAL_ZERO;STRUCTURAL_ZERO;STRUCTURAL_ZERO;STRUCTURAL_ZERO;STRUCTURAL_ZERO;STRUCTURAL_ZERO;STRUCTURAL_ZERO;STRUCTURAL_ZERO;STRUCTURAL_ZERO;STRUCTURAL_ZERO;STRUCTURAL_ZERO;STRUCTURAL_ZERO,12,0,0,,OK
red2_6800:373,,infeasible;infeasible;infeasible;infeasible;infeasible;infeasible;infeasible;infeasible;infeasible;infeasible;infeasible;infeasible,0;0;0;0;0;0;0;0;0;0;0;0,infeasible;infeasible;infeasible;infeasible;infeasible;infeasible;infeasible;infeasible;infeasible;infeasible;infeasible;infeasible,infeasible;infeasible;infeasible;infeasible;infeasible;infeasible;infeasible;infeasible;infeasible;infeasible;infeasible;infeasible,0;1;2;3;4;5;6;7;8;9;10;11,STRUCTURAL_ZERO;STRUCTURAL_ZERO;STRUCTURAL_ZERO;STRUCTURAL_ZERO;STRUCTURAL_ZERO;STRUCTURAL_ZERO;STRUCTURAL_ZERO;STRUCTURAL_ZERO;STRUCTURAL_ZERO;STRUCTURAL_ZERO;STRUCTURAL_ZERO;STRUCTURAL_ZERO,12,0,0,,OK
red2_6800:374,,infeasible;infeasible;infeasible;infeasible;infeasible;infeasible;infeasible;infeasible;infeasible;infeasible;infeasible;infeasible,0;0;0;0;0;0;0;0;0;0;0;0,infeasible;infeasible;infeasible;infeasible;infeasible;infeasible;infeasible;infeasible;infeasible;infeasible;infeasible;infeasible,infeasible;infeasible;infeasible;infeasible;infeasible;infeasible;infeasible;infeasible;infeasible;infeasible;infeasible;infeasible,0;1;2;3;4;5;6;7;8;9;10;11,STRUCTURAL_ZERO;STRUCTURAL_ZERO;STRUCTURAL_ZERO;STRUCTURAL_ZERO;STRUCTURAL_ZERO;STRUCTURAL_ZERO;STRUCTURAL_ZERO;STRUCTURAL_ZERO;STRUCTURAL_ZERO;STRUCTURAL_ZERO;STRUCTURAL_ZERO;STRUCTURAL_ZERO,12,0,0,,OK
red2_6800:375,,infeasible;infeasible;infeasible;infeasible;infeasible;infeasible;infeasible;infeasible;infeasible;infeasible;infeasible;infeasible,0;0;0;0;0;0;0;0;0;0;0;0,infeasible;infeasible;infeasible;infeasible;infeasible;infeasible;infeasible;infeasible;infeasible;infeasible;infeasible;infeasible,infeasible;infeasible;infeasible;infeasible;infeasible;infeasible;infeasible;infeasible;infeasible;infeasible;infeasible;infeasible,0;1;2;3;4;5;6;7;8;9;10;11,STRUCTURAL_ZERO;STRUCTURAL_ZERO;STRUCTURAL_ZERO;STRUCTURAL_ZERO;STRUCTURAL_ZERO;STRUCTURAL_ZERO;STRUCTURAL_ZERO;STRUCTURAL_ZERO;STRUCTURAL_ZERO;STRUCTURAL_ZERO;STRUCTURAL_ZERO;STRUCTURAL_ZERO,12,0,0,,OK
red2_6800:376,,infeasible;infeasible;infeasible;infeasible;infeasible;infeasible;infeasible;infeasible;infeasible;infeasible;infeasible;infeasible,0;0;0;0;0;0;0;0;0;0;0;0,infeasible;infeasible;infeasible;infeasible;infeasible;infeasible;infeasible;infeasible;infeasible;infeasible;infeasible;infeasible,infeasible;infeasible;infeasible;infeasible;infeasible;infeasible;infeasible;infeasible;infeasible;infeasible;infeasible;infeasible,0;1;2;3;4;5;6;7;8;9;10;11,STRUCTURAL_ZERO;STRUCTURAL_ZERO;STRUCTURAL_ZERO;STRUCTURAL_ZERO;STRUCTURAL_ZERO;STRUCTURAL_ZERO;STRUCTURAL_ZERO;STRUCTURAL_ZERO;STRUCTURAL_ZERO;STRUCTURAL_ZERO;STRUCTURAL_ZERO;STRUCTURAL_ZERO,12,0,0,,OK
red2_6800:377,,infeasible;infeasible;infeasible;infeasible;infeasible;infeasible;infeasible;infeasible;infeasible;infeasible;infeasible;infeasible,0;0;0;0;0;0;0;0;0;0;0;0,infeasible;infeasible;infeasible;infeasible;infeasible;infeasible;infeasible;infeasible;infeasible;infeasible;infeasible;infeasible,infeasible;infeasible;infeasible;infeasible;infeasible;infeasible;infeasible;infeasible;infeasible;infeasible;infeasible;infeasible,0;1;2;3;4;5;6;7;8;9;10;11,STRUCTURAL_ZERO;STRUCTURAL_ZERO;STRUCTURAL_ZERO;STRUCTURAL_ZERO;STRUCTURAL_ZERO;STRUCTURAL_ZERO;STRUCTURAL_ZERO;STRUCTURAL_ZERO;STRUCTURAL_ZERO;STRUCTURAL_ZERO;STRUCTURAL_ZERO;STRUCTURAL_ZERO,12,0,0,,OK
red2_6800:378,,infeasible;infeasible;infeasible;infeasible;infeasible;infeasible;infeasible;infeasible;infeasible;infeasible;infeasible;infeasible,0;0;0;0;0;0;0;0;0;0;0;0,infeasible;infeasible;infeasible;infeasible;infeasible;infeasible;infeasible;infeasible;infeasible;infeasible;infeasible;infeasible,infeasible;infeasible;infeasible;infeasible;infeasible;infeasible;infeasible;infeasible;infeasible;infeasible;infeasible;infeasible,0;1;2;3;4;5;6;7;8;9;10;11,STRUCTURAL_ZERO;STRUCTURAL_ZERO;STRUCTURAL_ZERO;STRUCTURAL_ZERO;STRUCTURAL_ZERO;STRUCTURAL_ZERO;STRUCTURAL_ZERO;STRUCTURAL_ZERO;STRUCTURAL_ZERO;STRUCTURAL_ZERO;STRUCTURAL_ZERO;STRUCTURAL_ZERO,12,0,0,,OK
red2_6800:379,,infeasible;infeasible;infeasible;infeasible;infeasible;infeasible;infeasible;infeasible;infeasible;infeasible;infeasible;infeasible,0;0;0;0;0;0;0;0;0;0;0;0,infeasible;infeasible;infeasible;infeasible;infeasible;infeasible;infeasible;infeasible;infeasible;infeasible;infeasible;infeasible,infeasible;infeasible;infeasible;infeasible;infeasible;infeasible;infeasible;infeasible;infeasible;infeasible;infeasible;infeasible,0;1;2;3;4;5;6;7;8;9;10;11,STRUCTURAL_ZERO;STRUCTURAL_ZERO;STRUCTURAL_ZERO;STRUCTURAL_ZERO;STRUCTURAL_ZERO;STRUCTURAL_ZERO;STRUCTURAL_ZERO;STRUCTURAL_ZERO;STRUCTURAL_ZERO;STRUCTURAL_ZERO;STRUCTURAL_ZERO;STRUCTURAL_ZERO,12,0,0,,OK
red2_6800:380,,infeasible;infeasible;infeasible;infeasible;infeasible;infeasible;infeasible;infeasible;infeasible;infeasible;infeasible;infeasible,0;0;0;0;0;0;0;0;0;0;0;0,infeasible;infeasible;infeasible;infeasible;infeasible;infeasible;infeasible;infeasible;infeasible;infeasible;infeasible;infeasible,infeasible;infeasible;infeasible;infeasible;infeasible;infeasible;infeasible;infeasible;infeasible;infeasible;infeasible;infeasible,0;1;2;3;4;5;6;7;8;9;10;11,STRUCTURAL_ZERO;STRUCTURAL_ZERO;STRUCTURAL_ZERO;STRUCTURAL_ZERO;STRUCTURAL_ZERO;STRUCTURAL_ZERO;STRUCTURAL_ZERO;STRUCTURAL_ZERO;STRUCTURAL_ZERO;STRUCTURAL_ZERO;STRUCTURAL_ZERO;STRUCTURAL_ZERO,12,0,0,,OK
red2_6800:381,,infeasible;infeasible;infeasible;infeasible;infeasible;infeasible;infeasible;infeasible;infeasible;infeasible;infeasible;infeasible,0;0;0;0;0;0;0;0;0;0;0;0,infeasible;infeasible;infeasible;infeasible;infeasible;infeasible;infeasible;infeasible;infeasible;infeasible;infeasible;infeasible,infeasible;infeasible;infeasible;infeasible;infeasible;infeasible;infeasible;infeasible;infeasible;infeasible;infeasible;infeasible,0;1;2;3;4;5;6;7;8;9;10;11,STRUCTURAL_ZERO;STRUCTURAL_ZERO;STRUCTURAL_ZERO;STRUCTURAL_ZERO;STRUCTURAL_ZERO;STRUCTURAL_ZERO;STRUCTURAL_ZERO;STRUCTURAL_ZERO;STRUCTURAL_ZERO;STRUCTURAL_ZERO;STRUCTURAL_ZERO;STRUCTURAL_ZERO,12,0,0,,OK
red2_6800:382,,infeasible;infeasible;infeasible;infeasible;infeasible;infeasible;infeasible;infeasible;infeasible;infeasible;infeasible;infeasible,0;0;0;0;0;0;0;0;0;0;0;0,infeasible;infeasible;infeasible;infeasible;infeasible;infeasible;infeasible;infeasible;infeasible;infeasible;infeasible;infeasible,infeasible;infeasible;infeasible;infeasible;infeasible;infeasible;infeasible;infeasible;infeasible;infeasible;infeasible;infeasible,0;1;2;3;4;5;6;7;8;9;10;11,STRUCTURAL_ZERO;STRUCTURAL_ZERO;STRUCTURAL_ZERO;STRUCTURAL_ZERO;STRUCTURAL_ZERO;STRUCTURAL_ZERO;STRUCTURAL_ZERO;STRUCTURAL_ZERO;STRUCTURAL_ZERO;STRUCTURAL_ZERO;STRUCTURAL_ZERO;STRUCTURAL_ZERO,12,0,0,,OK
red2_6800:383,,infeasible;infeasible;infeasible;infeasible;infeasible;infeasible;infeasible;infeasible;infeasible;infeasible;infeasible;infeasible,0;0;0;0;0;0;0;0;0;0;0;0,infeasible;infeasible;infeasible;infeasible;infeasible;infeasible;infeasible;infeasible;infeasible;infeasible;infeasible;infeasible,infeasible;infeasible;infeasible;infeasible;infeasible;infeasible;infeasible;infeasible;infeasible;infeasible;infeasible;infeasible,0;1;2;3;4;5;6;7;8;9;10;11,STRUCTURAL_ZERO;STRUCTURAL_ZERO;STRUCTURAL_ZERO;STRUCTURAL_ZERO;STRUCTURAL_ZERO;STRUCTURAL_ZERO;STRUCTURAL_ZERO;STRUCTURAL_ZERO;STRUCTURAL_ZERO;STRUCTURAL_ZERO;STRUCTURAL_ZERO;STRUCTURAL_ZERO,12,0,0,,OK
red2_6800:384,,infeasible;infeasible;infeasible;infeasible;infeasible;infeasible;infeasible;infeasible;infeasible;infeasible;infeasible;infeasible,0;0;0;0;0;0;0;0;0;0;0;0,infeasible;infeasible;infeasible;infeasible;infeasible;infeasible;infeasible;infeasible;infeasible;infeasible;infeasible;infeasible,infeasible;infeasible;infeasible;infeasible;infeasible;infeasible;infeasible;infeasible;infeasible;infeasible;infeasible;infeasible,0;1;2;3;4;5;6;7;8;9;10;11,STRUCTURAL_ZERO;STRUCTURAL_ZERO;STRUCTURAL_ZERO;STRUCTURAL_ZERO;STRUCTURAL_ZERO;STRUCTURAL_ZERO;STRUCTURAL_ZERO;STRUCTURAL_ZERO;STRUCTURAL_ZERO;STRUCTURAL_ZERO;STRUCTURAL_ZERO;STRUCTURAL_ZERO,12,0,0,,OK
red2_6800:385,,infeasible;infeasible;infeasible;infeasible;infeasible;infeasible;infeasible;infeasible;infeasible;infeasible;infeasible;infeasible,0;0;0;0;0;0;0;0;0;0;0;0,infeasible;infeasible;infeasible;infeasible;infeasible;infeasible;infeasible;infeasible;infeasible;infeasible;infeasible;infeasible,infeasible;infeasible;infeasible;infeasible;infeasible;infeasible;infeasible;infeasible;infeasible;infeasible;infeasible;infeasible,0;1;2;3;4;5;6;7;8;9;10;11,STRUCTURAL_ZERO;STRUCTURAL_ZERO;STRUCTURAL_ZERO;STRUCTURAL_ZERO;STRUCTURAL_ZERO;STRUCTURAL_ZERO;STRUCTURAL_ZERO;STRUCTURAL_ZERO;STRUCTURAL_ZERO;STRUCTURAL_ZERO;STRUCTURAL_ZERO;STRUCTURAL_ZERO,12,0,0,,OK
red2_6800:386,,infeasible;infeasible;infeasible;infeasible;infeasible;infeasible;infeasible;infeasible;infeasible;infeasible;infeasible;infeasible,0;0;0;0;0;0;0;0;0;0;0;0,infeasible;infeasible;infeasible;infeasible;infeasible;infeasible;infeasible;infeasible;infeasible;infeasible;infeasible;infeasible,infeasible;infeasible;infeasible;infeasible;infeasible;infeasible;infeasible;infeasible;infeasible;infeasible;infeasible;infeasible,0;1;2;3;4;5;6;7;8;9;10;11,STRUCTURAL_ZERO;STRUCTURAL_ZERO;STRUCTURAL_ZERO;STRUCTURAL_ZERO;STRUCTURAL_ZERO;STRUCTURAL_ZERO;STRUCTURAL_ZERO;STRUCTURAL_ZERO;STRUCTURAL_ZERO;STRUCTURAL_ZERO;STRUCTURAL_ZERO;STRUCTURAL_ZERO,12,0,0,,OK
red2_6800:387,,infeasible;infeasible;infeasible;infeasible;infeasible;infeasible;infeasible;infeasible;infeasible;infeasible;infeasible;infeasible,0;0;0;0;0;0;0;0;0;0;0;0,infeasible;infeasible;infeasible;infeasible;infeasible;infeasible;infeasible;infeasible;infeasible;infeasible;infeasible;infeasible,infeasible;infeasible;infeasible;infeasible;infeasible;infeasible;infeasible;infeasible;infeasible;infeasible;infeasible;infeasible,0;1;2;3;4;5;6;7;8;9;10;11,STRUCTURAL_ZERO;STRUCTURAL_ZERO;STRUCTURAL_ZERO;STRUCTURAL_ZERO;STRUCTURAL_ZERO;STRUCTURAL_ZERO;STRUCTURAL_ZERO;STRUCTURAL_ZERO;STRUCTURAL_ZERO;STRUCTURAL_ZERO;STRUCTURAL_ZERO;STRUCTURAL_ZERO,12,0,0,,OK
red2_6800:388,,infeasible;infeasible;infeasible;infeasible;infeasible;infeasible;infeasible;infeasible;infeasible;infeasible;infeasible;infeasible,0;0;0;0;0;0;0;0;0;0;0;0,infeasible;infeasible;infeasible;infeasible;infeasible;infeasible;infeasible;infeasible;infeasible;infeasible;infeasible;infeasible,infeasible;infeasible;infeasible;infeasible;infeasible;infeasible;infeasible;infeasible;infeasible;infeasible;infeasible;infeasible,0;1;2;3;4;5;6;7;8;9;10;11,STRUCTURAL_ZERO;STRUCTURAL_ZERO;STRUCTURAL_ZERO;STRUCTURAL_ZERO;STRUCTURAL_ZERO;STRUCTURAL_ZERO;STRUCTURAL_ZERO;STRUCTURAL_ZERO;STRUCTURAL_ZERO;STRUCTURAL_ZERO;STRUCTURAL_ZERO;STRUCTURAL_ZERO,12,0,0,,OK
red2_6800:389,,infeasible;infeasible;infeasible;infeasible;infeasible;infeasible;infeasible;infeasible;infeasible;infeasible;infeasible;infeasible,0;0;0;0;0;0;0;0;0;0;0;0,infeasible;infeasible;infeasible;infeasible;infeasible;infeasible;infeasible;infeasible;infeasible;infeasible;infeasible;infeasible,infeasible;infeasible;infeasible;infeasible;infeasible;infeasible;infeasible;infeasible;infeasible;infeasible;infeasible;infeasible,0;1;2;3;4;5;6;7;8;9;10;11,STRUCTURAL_ZERO;STRUCTURAL_ZERO;STRUCTURAL_ZERO;STRUCTURAL_ZERO;STRUCTURAL_ZERO;STRUCTURAL_ZERO;STRUCTURAL_ZERO;STRUCTURAL_ZERO;STRUCTURAL_ZERO;STRUCTURAL_ZERO;STRUCTURAL_ZERO;STRUCTURAL_ZERO,12,0,0,,OK
red2_6800:390,,infeasible;infeasible;infeasible;infeasible;infeasible;infeasible;infeasible;infeasible;infeasible;infeasible;infeasible;infeasible,0;0;0;0;0;0;0;0;0;0;0;0,infeasible;infeasible;infeasible;infeasible;infeasible;infeasible;infeasible;infeasible;infeasible;infeasible;infeasible;infeasible,infeasible;infeasible;infeasible;infeasible;infeasible;infeasible;infeasible;infeasible;infeasible;infeasible;infeasible;infeasible,0;1;2;3;4;5;6;7;8;9;10;11,STRUCTURAL_ZERO;STRUCTURAL_ZERO;STRUCTURAL_ZERO;STRUCTURAL_ZERO;STRUCTURAL_ZERO;STRUCTURAL_ZERO;STRUCTURAL_ZERO;STRUCTURAL_ZERO;STRUCTURAL_ZERO;STRUCTURAL_ZERO;STRUCTURAL_ZERO;STRUCTURAL_ZERO,12,0,0,,OK
red2_6800:391,,infeasible;infeasible;infeasible;infeasible;infeasible;infeasible;infeasible;infeasible;infeasible;infeasible;infeasible;infeasible,0;0;0;0;0;0;0;0;0;0;0;0,infeasible;infeasible;infeasible;infeasible;infeasible;infeasible;infeasible;infeasible;infeasible;infeasible;infeasible;infeasible,infeasible;infeasible;infeasible;infeasible;infeasible;infeasible;infeasible;infeasible;infeasible;infeasible;infeasible;infeasible,0;1;2;3;4;5;6;7;8;9;10;11,STRUCTURAL_ZERO;STRUCTURAL_ZERO;STRUCTURAL_ZERO;STRUCTURAL_ZERO;STRUCTURAL_ZERO;STRUCTURAL_ZERO;STRUCTURAL_ZERO;STRUCTURAL_ZERO;STRUCTURAL_ZERO;STRUCTURAL_ZERO;STRUCTURAL_ZERO;STRUCTURAL_ZERO,12,0,0,,OK
red2_6800:392,,infeasible;infeasible;infeasible;infeasible;infeasible;infeasible;infeasible;infeasible;infeasible;infeasible;infeasible;infeasible,0;0;0;0;0;0;0;0;0;0;0;0,infeasible;infeasible;infeasible;infeasible;infeasible;infeasible;infeasible;infeasible;infeasible;infeasible;infeasible;infeasible,infeasible;infeasible;infeasible;infeasible;infeasible;infeasible;infeasible;infeasible;infeasible;infeasible;infeasible;infeasible,0;1;2;3;4;5;6;7;8;9;10;11,STRUCTURAL_ZERO;STRUCTURAL_ZERO;STRUCTURAL_ZERO;STRUCTURAL_ZERO;STRUCTURAL_ZERO;STRUCTURAL_ZERO;STRUCTURAL_ZERO;STRUCTURAL_ZERO;STRUCTURAL_ZERO;STRUCTURAL_ZERO;STRUCTURAL_ZERO;STRUCTURAL_ZERO,12,0,0,,OK
red2_6800:393,,infeasible;infeasible;infeasible;infeasible;infeasible;infeasible;infeasible;infeasible;infeasible;infeasible;infeasible;infeasible,0;0;0;0;0;0;0;0;0;0;0;0,infeasible;infeasible;infeasible;infeasible;infeasible;infeasible;infeasible;infeasible;infeasible;infeasible;infeasible;infeasible,infeasible;infeasible;infeasible;infeasible;infeasible;infeasible;infeasible;infeasible;infeasible;infeasible;infeasible;infeasible,0;1;2;3;4;5;6;7;8;9;10;11,STRUCTURAL_ZERO;STRUCTURAL_ZERO;STRUCTURAL_ZERO;STRUCTURAL_ZERO;STRUCTURAL_ZERO;STRUCTURAL_ZERO;STRUCTURAL_ZERO;STRUCTURAL_ZERO;STRUCTURAL_ZERO;STRUCTURAL_ZERO;STRUCTURAL_ZERO;STRUCTURAL_ZERO,12,0,0,,OK
red2_6800:394,,infeasible;infeasible;infeasible;infeasible;infeasible;infeasible;infeasible;infeasible;infeasible;infeasible;infeasible;infeasible,0;0;0;0;0;0;0;0;0;0;0;0,infeasible;infeasible;infeasible;infeasible;infeasible;infeasible;infeasible;infeasible;infeasible;infeasible;infeasible;infeasible,infeasible;infeasible;infeasible;infeasible;infeasible;infeasible;infeasible;infeasible;infeasible;infeasible;infeasible;infeasible,0;1;2;3;4;5;6;7;8;9;10;11,STRUCTURAL_ZERO;STRUCTURAL_ZERO;STRUCTURAL_ZERO;STRUCTURAL_ZERO;STRUCTURAL_ZERO;STRUCTURAL_ZERO;STRUCTURAL_ZERO;STRUCTURAL_ZERO;STRUCTURAL_ZERO;STRUCTURAL_ZERO;STRUCTURAL_ZERO;STRUCTURAL_ZERO,12,0,0,,OK
red2_6800:395,,infeasible;infeasible;infeasible;infeasible;infeasible;infeasible;infeasible;infeasible;infeasible;infeasible;infeasible;infeasible,0;0;0;0;0;0;0;0;0;0;0;0,infeasible;infeasible;infeasible;infeasible;infeasible;infeasible;infeasible;infeasible;infeasible;infeasible;infeasible;infeasible,infeasible;infeasible;infeasible;infeasible;infeasible;infeasible;infeasible;infeasible;infeasible;infeasible;infeasible;infeasible,0;1;2;3;4;5;6;7;8;9;10;11,STRUCTURAL_ZERO;STRUCTURAL_ZERO;STRUCTURAL_ZERO;STRUCTURAL_ZERO;STRUCTURAL_ZERO;STRUCTURAL_ZERO;STRUCTURAL_ZERO;STRUCTURAL_ZERO;STRUCTURAL_ZERO;STRUCTURAL_ZERO;STRUCTURAL_ZERO;STRUCTURAL_ZERO,12,0,0,,OK
red2_6800:396,,infeasible;infeasible;infeasible;infeasible;infeasible;infeasible;infeasible;infeasible;infeasible;infeasible;infeasible;infeasible,0;0;0;0;0;0;0;0;0;0;0;0,infeasible;infeasible;infeasible;infeasible;infeasible;infeasible;infeasible;infeasible;infeasible;infeasible;infeasible;infeasible,infeasible;infeasible;infeasible;infeasible;infeasible;infeasible;infeasible;infeasible;infeasible;infeasible;infeasible;infeasible,0;1;2;3;4;5;6;7;8;9;10;11,STRUCTURAL_ZERO;STRUCTURAL_ZERO;STRUCTURAL_ZERO;STRUCTURAL_ZERO;STRUCTURAL_ZERO;STRUCTURAL_ZERO;STRUCTURAL_ZERO;STRUCTURAL_ZERO;STRUCTURAL_ZERO;STRUCTURAL_ZERO;STRUCTURAL_ZERO;STRUCTURAL_ZERO,12,0,0,,OK
red2_6800:397,,infeasible;infeasible;infeasible;infeasible;infeasible;infeasible;infeasible;infeasible;infeasible;infeasible;infeasible;infeasible,0;0;0;0;0;0;0;0;0;0;0;0,infeasible;infeasible;infeasible;infeasible;infeasible;infeasible;infeasible;infeasible;infeasible;infeasible;infeasible;infeasible,infeasible;infeasible;infeasible;infeasible;infeasible;infeasible;infeasible;infeasible;infeasible;infeasible;infeasible;infeasible,0;1;2;3;4;5;6;7;8;9;10;11,STRUCTURAL_ZERO;STRUCTURAL_ZERO;STRUCTURAL_ZERO;STRUCTURAL_ZERO;STRUCTURAL_ZERO;STRUCTURAL_ZERO;STRUCTURAL_ZERO;STRUCTURAL_ZERO;STRUCTURAL_ZERO;STRUCTURAL_ZERO;STRUCTURAL_ZERO;STRUCTURAL_ZERO,12,0,0,,OK
red2_6800:398,,infeasible;infeasible;infeasible;infeasible;infeasible;infeasible;infeasible;infeasible;infeasible;infeasible;infeasible;infeasible,0;0;0;0;0;0;0;0;0;0;0;0,infeasible;infeasible;infeasible;infeasible;infeasible;infeasible;infeasible;infeasible;infeasible;infeasible;infeasible;infeasible,infeasible;infeasible;infeasible;infeasible;infeasible;infeasible;infeasible;infeasible;infeasible;infeasible;infeasible;infeasible,0;1;2;3;4;5;6;7;8;9;10;11,STRUCTURAL_ZERO;STRUCTURAL_ZERO;STRUCTURAL_ZERO;STRUCTURAL_ZERO;STRUCTURAL_ZERO;STRUCTURAL_ZERO;STRUCTURAL_ZERO;STRUCTURAL_ZERO;STRUCTURAL_ZERO;STRUCTURAL_ZERO;STRUCTURAL_ZERO;STRUCTURAL_ZERO,12,0,0,,OK
red2_6800:399,,infeasible;infeasible;infeasible;infeasible;infeasible;infeasible;infeasible;infeasible;infeasible;infeasible;infeasible;infeasible,0;0;0;0;0;0;0;0;0;0;0;0,infeasible;infeasible;infeasible;infeasible;infeasible;infeasible;infeasible;infeasible;infeasible;infeasible;infeasible;infeasible,infeasible;infeasible;infeasible;infeasible;infeasible;infeasible;infeasible;infeasible;infeasible;infeasible;infeasible;infeasible,0;1;2;3;4;5;6;7;8;9;10;11,STRUCTURAL_ZERO;STRUCTURAL_ZERO;STRUCTURAL_ZERO;STRUCTURAL_ZERO;STRUCTURAL_ZERO;STRUCTURAL_ZERO;STRUCTURAL_ZERO;STRUCTURAL_ZERO;STRUCTURAL_ZERO;STRUCTURAL_ZERO;STRUCTURAL_ZERO;STRUCTURAL_ZERO,12,0,0,,OK
red2_6800:400,,infeasible;infeasible;infeasible;infeasible;infeasible;infeasible;infeasible;infeasible;infeasible;infeasible;infeasible;infeasible,0;0;0;0;0;0;0;0;0;0;0;0,infeasible;infeasible;infeasible;infeasible;infeasible;infeasible;infeasible;infeasible;infeasible;infeasible;infeasible;infeasible,infeasible;infeasible;infeasible;infeasible;infeasible;infeasible;infeasible;infeasible;infeasible;infeasible;infeasible;infeasible,0;1;2;3;4;5;6;7;8;9;10;11,STRUCTURAL_ZERO;STRUCTURAL_ZERO;STRUCTURAL_ZERO;STRUCTURAL_ZERO;STRUCTURAL_ZERO;STRUCTURAL_ZERO;STRUCTURAL_ZERO;STRUCTURAL_ZERO;STRUCTURAL_ZERO;STRUCTURAL_ZERO;STRUCTURAL_ZERO;STRUCTURAL_ZERO,12,0,0,,OK
red2_6800:401,,infeasible;infeasible;infeasible;infeasible;infeasible;infeasible;infeasible;infeasible;infeasible;infeasible;infeasible;infeasible,0;0;0;0;0;0;0;0;0;0;0;0,infeasible;infeasible;infeasible;infeasible;infeasible;infeasible;infeasible;infeasible;infeasible;infeasible;infeasible;infeasible,infeasible;infeasible;infeasible;infeasible;infeasible;infeasible;infeasible;infeasible;infeasible;infeasible;infeasible;infeasible,0;1;2;3;4;5;6;7;8;9;10;11,STRUCTURAL_ZERO;STRUCTURAL_ZERO;STRUCTURAL_ZERO;STRUCTURAL_ZERO;STRUCTURAL_ZERO;STRUCTURAL_ZERO;STRUCTURAL_ZERO;STRUCTURAL_ZERO;STRUCTURAL_ZERO;STRUCTURAL_ZERO;STRUCTURAL_ZERO;STRUCTURAL_ZERO,12,0,0,,OK
red2_6800:402,,infeasible;optimal;optimal;optimal;optimal;optimal;optimal;optimal;optimal;optimal;optimal;optimal,0;0.09821;0.4688;0.7109;1.144;1.459;1.476;1.418;1.244;1.008;0.7363;0.2253,infeasible;optimal;optimal;optimal;optimal;optimal;optimal;optimal;optimal;optimal;optimal;optimal,infeasible;optimal;optimal;optimal;optimal;optimal;optimal;optimal;optimal;optimal;optimal;optimal,0,STRUCTURAL_ZERO,1,0,0,,OK
red2_6800:403,,infeasible;infeasible;infeasible;infeasible;infeasible;infeasible;infeasible;infeasible;infeasible;infeasible;infeasible;infeasible,0;0;0;0;0;0;0;0;0;0;0;0,infeasible;infeasible;infeasible;infeasible;infeasible;infeasible;infeasible;infeasible;infeasible;infeasible;infeasible;infeasible,infeasible;infeasible;infeasible;infeasible;infeasible;infeasible;infeasible;infeasible;infeasible;infeasible;infeasible;infeasible,0;1;2;3;4;5;6;7;8;9;10;11,STRUCTURAL_ZERO;STRUCTURAL_ZERO;STRUCTURAL_ZERO;STRUCTURAL_ZERO;STRUCTURAL_ZERO;STRUCTURAL_ZERO;STRUCTURAL_ZERO;STRUCTURAL_ZERO;STRUCTURAL_ZERO;STRUCTURAL_ZERO;STRUCTURAL_ZERO;STRUCTURAL_ZERO,12,0,0,,OK
red2_6800:404,,infeasible;infeasible;infeasible;infeasible;infeasible;infeasible;infeasible;infeasible;infeasible;infeasible;infeasible;infeasible,0;0;0;0;0;0;0;0;0;0;0;0,infeasible;infeasible;infeasible;infeasible;infeasible;infeasible;infeasible;infeasible;infeasible;infeasible;infeasible;infeasible,infeasible;infeasible;infeasible;infeasible;infeasible;infeasible;infeasible;infeasible;infeasible;infeasible;infeasible;infeasible,0;1;2;3;4;5;6;7;8;9;10;11,STRUCTURAL_ZERO;STRUCTURAL_ZERO;STRUCTURAL_ZERO;STRUCTURAL_ZERO;STRUCTURAL_ZERO;STRUCTURAL_ZERO;STRUCTURAL_ZERO;STRUCTURAL_ZERO;STRUCTURAL_ZERO;STRUCTURAL_ZERO;STRUCTURAL_ZERO;STRUCTURAL_ZERO,12,0,0,,OK
red2_6800:405,,infeasible;infeasible;infeasible;infeasible;infeasible;infeasible;infeasible;infeasible;infeasible;infeasible;infeasible;infeasible,0;0;0;0;0;0;0;0;0;0;0;0,infeasible;infeasible;infeasible;infeasible;infeasible;infeasible;infeasible;infeasible;infeasible;infeasible;infeasible;infeasible,infeasible;infeasible;infeasible;infeasible;infeasible;infeasible;infeasible;infeasible;infeasible;infeasible;infeasible;infeasible,0;1;2;3;4;5;6;7;8;9;10;11,STRUCTURAL_ZERO;STRUCTURAL_ZERO;STRUCTURAL_ZERO;STRUCTURAL_ZERO;STRUCTURAL_ZERO;STRUCTURAL_ZERO;STRUCTURAL_ZERO;STRUCTURAL_ZERO;STRUCTURAL_ZERO;STRUCTURAL_ZERO;STRUCTURAL_ZERO;STRUCTURAL_ZERO,12,0,0,,OK
red2_6800:406,,infeasible;infeasible;infeasible;infeasible;infeasible;infeasible;infeasible;infeasible;infeasible;infeasible;infeasible;infeasible,0;0;0;0;0;0;0;0;0;0;0;0,infeasible;infeasible;infeasible;infeasible;infeasible;infeasible;infeasible;infeasible;infeasible;infeasible;infeasible;infeasible,infeasible;infeasible;infeasible;infeasible;infeasible;infeasible;infeasible;infeasible;infeasible;infeasible;infeasible;infeasible,0;1;2;3;4;5;6;7;8;9;10;11,STRUCTURAL_ZERO;STRUCTURAL_ZERO;STRUCTURAL_ZERO;STRUCTURAL_ZERO;STRUCTURAL_ZERO;STRUCTURAL_ZERO;STRUCTURAL_ZERO;STRUCTURAL_ZERO;STRUCTURAL_ZERO;STRUCTURAL_ZERO;STRUCTURAL_ZERO;STRUCTURAL_ZERO,12,0,0,,OK
red2_6800:407,,infeasible;infeasible;infeasible;infeasible;infeasible;infeasible;infeasible;infeasible;infeasible;infeasible;infeasible;infeasible,0;0;0;0;0;0;0;0;0;0;0;0,infeasible;infeasible;infeasible;infeasible;infeasible;infeasible;infeasible;infeasible;infeasible;infeasible;infeasible;infeasible,infeasible;infeasible;infeasible;infeasible;infeasible;infeasible;infeasible;infeasible;infeasible;infeasible;infeasible;infeasible,0;1;2;3;4;5;6;7;8;9;10;11,STRUCTURAL_ZERO;STRUCTURAL_ZERO;STRUCTURAL_ZERO;STRUCTURAL_ZERO;STRUCTURAL_ZERO;STRUCTURAL_ZERO;STRUCTURAL_ZERO;STRUCTURAL_ZERO;STRUCTURAL_ZERO;STRUCTURAL_ZERO;STRUCTURAL_ZERO;STRUCTURAL_ZERO,12,0,0,,OK
red2_6800:408,,infeasible;infeasible;infeasible;infeasible;infeasible;infeasible;infeasible;infeasible;infeasible;infeasible;infeasible;infeasible,0;0;0;0;0;0;0;0;0;0;0;0,infeasible;infeasible;infeasible;infeasible;infeasible;infeasible;infeasible;infeasible;infeasible;infeasible;infeasible;infeasible,infeasible;infeasible;infeasible;infeasible;infeasible;infeasible;infeasible;infeasible;infeasible;infeasible;infeasible;infeasible,0;1;2;3;4;5;6;7;8;9;10;11,STRUCTURAL_ZERO;STRUCTURAL_ZERO;STRUCTURAL_ZERO;STRUCTURAL_ZERO;STRUCTURAL_ZERO;STRUCTURAL_ZERO;STRUCTURAL_ZERO;STRUCTURAL_ZERO;STRUCTURAL_ZERO;STRUCTURAL_ZERO;STRUCTURAL_ZERO;STRUCTURAL_ZERO,12,0,0,,OK
red2_6800:409,,infeasible;infeasible;infeasible;infeasible;infeasible;infeasible;infeasible;infeasible;infeasible;infeasible;infeasible;infeasible,0;0;0;0;0;0;0;0;0;0;0;0,infeasible;infeasible;infeasible;infeasible;infeasible;infeasible;infeasible;infeasible;infeasible;infeasible;infeasible;infeasible,infeasible;infeasible;infeasible;infeasible;infeasible;infeasible;infeasible;infeasible;infeasible;infeasible;infeasible;infeasible,0;1;2;3;4;5;6;7;8;9;10;11,STRUCTURAL_ZERO;STRUCTURAL_ZERO;STRUCTURAL_ZERO;STRUCTURAL_ZERO;STRUCTURAL_ZERO;STRUCTURAL_ZERO;STRUCTURAL_ZERO;STRUCTURAL_ZERO;STRUCTURAL_ZERO;STRUCTURAL_ZERO;STRUCTURAL_ZERO;STRUCTURAL_ZERO,12,0,0,,OK
red2_6800:410,,infeasible;infeasible;infeasible;infeasible;infeasible;infeasible;infeasible;infeasible;infeasible;infeasible;infeasible;infeasible,0;0;0;0;0;0;0;0;0;0;0;0,infeasible;infeasible;infeasible;infeasible;infeasible;infeasible;infeasible;infeasible;infeasible;infeasible;infeasible;infeasible,infeasible;infeasible;infeasible;infeasible;infeasible;infeasible;infeasible;infeasible;infeasible;infeasible;infeasible;infeasible,0;1;2;3;4;5;6;7;8;9;10;11,STRUCTURAL_ZERO;STRUCTURAL_ZERO;STRUCTURAL_ZERO;STRUCTURAL_ZERO;STRUCTURAL_ZERO;STRUCTURAL_ZERO;STRUCTURAL_ZERO;STRUCTURAL_ZERO;STRUCTURAL_ZERO;STRUCTURAL_ZERO;STRUCTURAL_ZERO;STRUCTURAL_ZERO,12,0,0,,OK
red2_6800:411,,infeasible;infeasible;infeasible;infeasible;infeasible;infeasible;infeasible;infeasible;infeasible;infeasible;infeasible;infeasible,0;0;0;0;0;0;0;0;0;0;0;0,infeasible;infeasible;infeasible;infeasible;infeasible;infeasible;infeasible;infeasible;infeasible;infeasible;infeasible;infeasible,infeasible;infeasible;infeasible;infeasible;infeasible;infeasible;infeasible;infeasible;infeasible;infeasible;infeasible;infeasible,0;1;2;3;4;5;6;7;8;9;10;11,STRUCTURAL_ZERO;STRUCTURAL_ZERO;STRUCTURAL_ZERO;STRUCTURAL_ZERO;STRUCTURAL_ZERO;STRUCTURAL_ZERO;STRUCTURAL_ZERO;STRUCTURAL_ZERO;STRUCTURAL_ZERO;STRUCTURAL_ZERO;STRUCTURAL_ZERO;STRUCTURAL_ZERO,12,0,0,,OK
red2_6800:412,,infeasible;infeasible;infeasible;infeasible;infeasible;infeasible;infeasible;infeasible;infeasible;infeasible;infeasible;infeasible,0;0;0;0;0;0;0;0;0;0;0;0,infeasible;infeasible;infeasible;infeasible;infeasible;infeasible;infeasible;infeasible;infeasible;infeasible;infeasible;infeasible,infeasible;infeasible;infeasible;infeasible;infeasible;infeasible;infeasible;infeasible;infeasible;infeasible;infeasible;infeasible,0;1;2;3;4;5;6;7;8;9;10;11,STRUCTURAL_ZERO;STRUCTURAL_ZERO;STRUCTURAL_ZERO;STRUCTURAL_ZERO;STRUCTURAL_ZERO;STRUCTURAL_ZERO;STRUCTURAL_ZERO;STRUCTURAL_ZERO;STRUCTURAL_ZERO;STRUCTURAL_ZERO;STRUCTURAL_ZERO;STRUCTURAL_ZERO,12,0,0,,OK
red2_6800:413,,infeasible;infeasible;infeasible;infeasible;infeasible;infeasible;infeasible;infeasible;infeasible;infeasible;infeasible;infeasible,0;0;0;0;0;0;0;0;0;0;0;0,infeasible;infeasible;infeasible;infeasible;infeasible;infeasible;infeasible;infeasible;infeasible;infeasible;infeasible;infeasible,infeasible;infeasible;infeasible;infeasible;infeasible;infeasible;infeasible;infeasible;infeasible;infeasible;infeasible;infeasible,0;1;2;3;4;5;6;7;8;9;10;11,STRUCTURAL_ZERO;STRUCTURAL_ZERO;STRUCTURAL_ZERO;STRUCTURAL_ZERO;STRUCTURAL_ZERO;STRUCTURAL_ZERO;STRUCTURAL_ZERO;STRUCTURAL_ZERO;STRUCTURAL_ZERO;STRUCTURAL_ZERO;STRUCTURAL_ZERO;STRUCTURAL_ZERO,12,0,0,,OK
red2_6800:414,,infeasible;infeasible;infeasible;infeasible;infeasible;infeasible;infeasible;infeasible;infeasible;infeasible;infeasible;infeasible,0;0;0;0;0;0;0;0;0;0;0;0,infeasible;infeasible;infeasible;infeasible;infeasible;infeasible;infeasible;infeasible;infeasible;infeasible;infeasible;infeasible,infeasible;infeasible;infeasible;infeasible;infeasible;infeasible;infeasible;infeasible;infeasible;infeasible;infeasible;infeasible,0;1;2;3;4;5;6;7;8;9;10;11,STRUCTURAL_ZERO;STRUCTURAL_ZERO;STRUCTURAL_ZERO;STRUCTURAL_ZERO;STRUCTURAL_ZERO;STRUCTURAL_ZERO;STRUCTURAL_ZERO;STRUCTURAL_ZERO;STRUCTURAL_ZERO;STRUCTURAL_ZERO;STRUCTURAL_ZERO;STRUCTURAL_ZERO,12,0,0,,OK
red2_6800:415,,optimal;optimal;optimal;optimal;optimal;optimal;optimal;optimal;optimal;optimal;optimal;optimal,0.01147;0.1651;0.5784;0.826;1.216;1.454;1.46;1.398;1.22;0.9823;0.7388;0.2715,,,,,0,0,0,,OK
red2_6800:416,,infeasible;infeasible;infeasible;infeasible;infeasible;infeasible;infeasible;infeasible;infeasible;infeasible;infeasible;infeasible,0;0;0;0;0;0;0;0;0;0;0;0,infeasible;infeasible;infeasible;infeasible;infeasible;infeasible;infeasible;infeasible;infeasible;infeasible;infeasible;infeasible,infeasible;infeasible;infeasible;infeasible;infeasible;infeasible;infeasible;infeasible;infeasible;infeasible;infeasible;infeasible,0;1;2;3;4;5;6;7;8;9;10;11,STRUCTURAL_ZERO;STRUCTURAL_ZERO;STRUCTURAL_ZERO;STRUCTURAL_ZERO;STRUCTURAL_ZERO;STRUCTURAL_ZERO;STRUCTURAL_ZERO;STRUCTURAL_ZERO;STRUCTURAL_ZERO;STRUCTURAL_ZERO;STRUCTURAL_ZERO;STRUCTURAL_ZERO,12,0,0,,OK
red2_6800:417,,infeasible;infeasible;infeasible;infeasible;infeasible;infeasible;infeasible;infeasible;infeasible;infeasible;infeasible;infeasible,0;0;0;0;0;0;0;0;0;0;0;0,infeasible;infeasible;infeasible;infeasible;infeasible;infeasible;infeasible;infeasible;infeasible;infeasible;infeasible;infeasible,infeasible;infeasible;infeasible;infeasible;infeasible;infeasible;infeasible;infeasible;infeasible;infeasible;infeasible;infeasible,0;1;2;3;4;5;6;7;8;9;10;11,STRUCTURAL_ZERO;STRUCTURAL_ZERO;STRUCTURAL_ZERO;STRUCTURAL_ZERO;STRUCTURAL_ZERO;STRUCTURAL_ZERO;STRUCTURAL_ZERO;STRUCTURAL_ZERO;STRUCTURAL_ZERO;STRUCTURAL_ZERO;STRUCTURAL_ZERO;STRUCTURAL_ZERO,12,0,0,,OK
red2_6800:418,,infeasible;infeasible;infeasible;infeasible;infeasible;infeasible;infeasible;infeasible;infeasible;infeasible;infeasible;infeasible,0;0;0;0;0;0;0;0;0;0;0;0,infeasible;infeasible;infeasible;infeasible;infeasible;infeasible;infeasible;infeasible;infeasible;infeasible;infeasible;infeasible,infeasible;infeasible;infeasible;infeasible;infeasible;infeasible;infeasible;infeasible;infeasible;infeasible;infeasible;infeasible,0;1;2;3;4;5;6;7;8;9;10;11,STRUCTURAL_ZERO;STRUCTURAL_ZERO;STRUCTURAL_ZERO;STRUCTURAL_ZERO;STRUCTURAL_ZERO;STRUCTURAL_ZERO;STRUCTURAL_ZERO;STRUCTURAL_ZERO;STRUCTURAL_ZERO;STRUCTURAL_ZERO;STRUCTURAL_ZERO;STRUCTURAL_ZERO,12,0,0,,OK
red2_6800:419,,infeasible;optimal;optimal;optimal;optimal;optimal;optimal;optimal;optimal;optimal;optimal;optimal,0;0.1387;0.5484;0.8024;1.201;1.434;1.443;1.402;1.262;1.047;0.7951;0.2694,infeasible;optimal;optimal;optimal;optimal;optimal;optimal;optimal;optimal;optimal;optimal;optimal,infeasible;optimal;optimal;optimal;optimal;optimal;optimal;optimal;optimal;optimal;optimal;optimal,0,STRUCTURAL_ZERO,1,0,0,,OK
red2_6800:420,,infeasible;infeasible;infeasible;infeasible;infeasible;infeasible;infeasible;infeasible;infeasible;infeasible;infeasible;infeasible,0;0;0;0;0;0;0;0;0;0;0;0,infeasible;infeasible;infeasible;infeasible;infeasible;infeasible;infeasible;infeasible;infeasible;infeasible;infeasible;infeasible,infeasible;infeasible;infeasible;infeasible;infeasible;infeasible;infeasible;infeasible;infeasible;infeasible;infeasible;infeasible,0;1;2;3;4;5;6;7;8;9;10;11,STRUCTURAL_ZERO;STRUCTURAL_ZERO;STRUCTURAL_ZERO;STRUCTURAL_ZERO;STRUCTURAL_ZERO;STRUCTURAL_ZERO;STRUCTURAL_ZERO;STRUCTURAL_ZERO;STRUCTURAL_ZERO;STRUCTURAL_ZERO;STRUCTURAL_ZERO;STRUCTURAL_ZERO,12,0,0,,OK
red2_6800:421,,infeasible;infeasible;infeasible;infeasible;infeasible;infeasible;infeasible;infeasible;infeasible;infeasible;infeasible;infeasible,0;0;0;0;0;0;0;0;0;0;0;0,infeasible;infeasible;infeasible;infeasible;infeasible;infeasible;infeasible;infeasible;infeasible;infeasible;infeasible;infeasible,infeasible;infeasible;infeasible;infeasible;infeasible;infeasible;infeasible;infeasible;infeasible;infeasible;infeasible;infeasible,0;1;2;3;4;5;6;7;8;9;10;11,STRUCTURAL_ZERO;STRUCTURAL_ZERO;STRUCTURAL_ZERO;STRUCTURAL_ZERO;STRUCTURAL_ZERO;STRUCTURAL_ZERO;STRUCTURAL_ZERO;STRUCTURAL_ZERO;STRUCTURAL_ZERO;STRUCTURAL_ZERO;STRUCTURAL_ZERO;STRUCTURAL_ZERO,12,0,0,,OK
red2_6800:422,,infeasible;infeasible;infeasible;infeasible;infeasible;infeasible;infeasible;infeasible;infeasible;infeasible;infeasible;infeasible,0;0;0;0;0;0;0;0;0;0;0;0,infeasible;infeasible;infeasible;infeasible;infeasible;infeasible;infeasible;infeasible;infeasible;infeasible;infeasible;infeasible,infeasible;infeasible;infeasible;infeasible;infeasible;infeasible;infeasible;infeasible;infeasible;infeasible;infeasible;infeasible,0;1;2;3;4;5;6;7;8;9;10;11,STRUCTURAL_ZERO;STRUCTURAL_ZERO;STRUCTURAL_ZERO;STRUCTURAL_ZERO;STRUCTURAL_ZERO;STRUCTURAL_ZERO;STRUCTURAL_ZERO;STRUCTURAL_ZERO;STRUCTURAL_ZERO;STRUCTURAL_ZERO;STRUCTURAL_ZERO;STRUCTURAL_ZERO,12,0,0,,OK
red2_6800:423,,infeasible;infeasible;infeasible;infeasible;infeasible;infeasible;infeasible;infeasible;infeasible;infeasible;infeasible;infeasible,0;0;0;0;0;0;0;0;0;0;0;0,infeasible;infeasible;infeasible;infeasible;infeasible;infeasible;infeasible;infeasible;infeasible;infeasible;infeasible;infeasible,infeasible;infeasible;infeasible;infeasible;infeasible;infeasible;infeasible;infeasible;infeasible;infeasible;infeasible;infeasible,0;1;2;3;4;5;6;7;8;9;10;11,STRUCTURAL_ZERO;STRUCTURAL_ZERO;STRUCTURAL_ZERO;STRUCTURAL_ZERO;STRUCTURAL_ZERO;STRUCTURAL_ZERO;STRUCTURAL_ZERO;STRUCTURAL_ZERO;STRUCTURAL_ZERO;STRUCTURAL_ZERO;STRUCTURAL_ZERO;STRUCTURAL_ZERO,12,0,0,,OK
red2_6800:424,,infeasible;infeasible;infeasible;infeasible;infeasible;infeasible;infeasible;infeasible;infeasible;infeasible;infeasible;infeasible,0;0;0;0;0;0;0;0;0;0;0;0,infeasible;infeasible;infeasible;infeasible;infeasible;infeasible;infeasible;infeasible;infeasible;infeasible;infeasible;infeasible,infeasible;infeasible;infeasible;infeasible;infeasible;infeasible;infeasible;infeasible;infeasible;infeasible;infeasible;infeasible,0;1;2;3;4;5;6;7;8;9;10;11,STRUCTURAL_ZERO;STRUCTURAL_ZERO;STRUCTURAL_ZERO;STRUCTURAL_ZERO;STRUCTURAL_ZERO;STRUCTURAL_ZERO;STRUCTURAL_ZERO;STRUCTURAL_ZERO;STRUCTURAL_ZERO;STRUCTURAL_ZERO;STRUCTURAL_ZERO;STRUCTURAL_ZERO,12,0,0,,OK
red2_6800:425,,infeasible;infeasible;infeasible;infeasible;infeasible;infeasible;infeasible;infeasible;infeasible;infeasible;infeasible;infeasible,0;0;0;0;0;0;0;0;0;0;0;0,infeasible;infeasible;infeasible;infeasible;infeasible;infeasible;infeasible;infeasible;infeasible;infeasible;infeasible;infeasible,infeasible;infeasible;infeasible;infeasible;infeasible;infeasible;infeasible;infeasible;infeasible;infeasible;infeasible;infeasible,0;1;2;3;4;5;6;7;8;9;10;11,STRUCTURAL_ZERO;STRUCTURAL_ZERO;STRUCTURAL_ZERO;STRUCTURAL_ZERO;STRUCTURAL_ZERO;STRUCTURAL_ZERO;STRUCTURAL_ZERO;STRUCTURAL_ZERO;STRUCTURAL_ZERO;STRUCTURAL_ZERO;STRUCTURAL_ZERO;STRUCTURAL_ZERO,12,0,0,,OK
red2_6800:426,,infeasible;infeasible;infeasible;infeasible;infeasible;infeasible;infeasible;infeasible;infeasible;infeasible;infeasible;infeasible,0;0;0;0;0;0;0;0;0;0;0;0,infeasible;infeasible;infeasible;infeasible;infeasible;infeasible;infeasible;infeasible;infeasible;infeasible;infeasible;infeasible,infeasible;infeasible;infeasible;infeasible;infeasible;infeasible;infeasible;infeasible;infeasible;infeasible;infeasible;infeasible,0;1;2;3;4;5;6;7;8;9;10;11,STRUCTURAL_ZERO;STRUCTURAL_ZERO;STRUCTURAL_ZERO;STRUCTURAL_ZERO;STRUCTURAL_ZERO;STRUCTURAL_ZERO;STRUCTURAL_ZERO;STRUCTURAL_ZERO;STRUCTURAL_ZERO;STRUCTURAL_ZERO;STRUCTURAL_ZERO;STRUCTURAL_ZERO,12,0,0,,OK
red2_6800:427,,infeasible;infeasible;infeasible;infeasible;infeasible;infeasible;infeasible;infeasible;infeasible;infeasible;infeasible;infeasible,0;0;0;0;0;0;0;0;0;0;0;0,infeasible;infeasible;infeasible;infeasible;infeasible;infeasible;infeasible;infeasible;infeasible;infeasible;infeasible;infeasible,infeasible;infeasible;infeasible;infeasible;infeasible;infeasible;infeasible;infeasible;infeasible;infeasible;infeasible;infeasible,0;1;2;3;4;5;6;7;8;9;10;11,STRUCTURAL_ZERO;STRUCTURAL_ZERO;STRUCTURAL_ZERO;STRUCTURAL_ZERO;STRUCTURAL_ZERO;STRUCTURAL_ZERO;STRUCTURAL_ZERO;STRUCTURAL_ZERO;STRUCTURAL_ZERO;STRUCTURAL_ZERO;STRUCTURAL_ZERO;STRUCTURAL_ZERO,12,0,0,,OK
red2_6800:428,,infeasible;infeasible;infeasible;infeasible;infeasible;infeasible;infeasible;infeasible;infeasible;infeasible;infeasible;infeasible,0;0;0;0;0;0;0;0;0;0;0;0,infeasible;infeasible;infeasible;infeasible;infeasible;infeasible;infeasible;infeasible;infeasible;infeasible;infeasible;infeasible,infeasible;infeasible;infeasible;infeasible;infeasible;infeasible;infeasible;infeasible;infeasible;infeasible;infeasible;infeasible,0;1;2;3;4;5;6;7;8;9;10;11,STRUCTURAL_ZERO;STRUCTURAL_ZERO;STRUCTURAL_ZERO;STRUCTURAL_ZERO;STRUCTURAL_ZERO;STRUCTURAL_ZERO;STRUCTURAL_ZERO;STRUCTURAL_ZERO;STRUCTURAL_ZERO;STRUCTURAL_ZERO;STRUCTURAL_ZERO;STRUCTURAL_ZERO,12,0,0,,OK
red2_6800:429,,infeasible;infeasible;infeasible;infeasible;infeasible;infeasible;infeasible;infeasible;infeasible;infeasible;infeasible;infeasible,0;0;0;0;0;0;0;0;0;0;0;0,infeasible;infeasible;infeasible;infeasible;infeasible;infeasible;infeasible;infeasible;infeasible;infeasible;infeasible;infeasible,infeasible;infeasible;infeasible;infeasible;infeasible;infeasible;infeasible;infeasible;infeasible;infeasible;infeasible;infeasible,0;1;2;3;4;5;6;7;8;9;10;11,STRUCTURAL_ZERO;STRUCTURAL_ZERO;STRUCTURAL_ZERO;STRUCTURAL_ZERO;STRUCTURAL_ZERO;STRUCTURAL_ZERO;STRUCTURAL_ZERO;STRUCTURAL_ZERO;STRUCTURAL_ZERO;STRUCTURAL_ZERO;STRUCTURAL_ZERO;STRUCTURAL_ZERO,12,0,0,,OK
red2_6800:430,,infeasible;infeasible;infeasible;infeasible;infeasible;infeasible;infeasible;infeasible;infeasible;infeasible;infeasible;infeasible,0;0;0;0;0;0;0;0;0;0;0;0,infeasible;infeasible;infeasible;infeasible;infeasible;infeasible;infeasible;infeasible;infeasible;infeasible;infeasible;infeasible,infeasible;infeasible;infeasible;infeasible;infeasible;infeasible;infeasible;infeasible;infeasible;infeasible;infeasible;infeasible,0;1;2;3;4;5;6;7;8;9;10;11,STRUCTURAL_ZERO;STRUCTURAL_ZERO;STRUCTURAL_ZERO;STRUCTURAL_ZERO;STRUCTURAL_ZERO;STRUCTURAL_ZERO;STRUCTURAL_ZERO;STRUCTURAL_ZERO;STRUCTURAL_ZERO;STRUCTURAL_ZERO;STRUCTURAL_ZERO;STRUCTURAL_ZERO,12,0,0,,OK
red2_6800:431,,infeasible;infeasible;infeasible;infeasible;infeasible;infeasible;infeasible;infeasible;infeasible;infeasible;infeasible;infeasible,0;0;0;0;0;0;0;0;0;0;0;0,infeasible;infeasible;infeasible;infeasible;infeasible;infeasible;infeasible;infeasible;infeasible;infeasible;infeasible;infeasible,infeasible;infeasible;infeasible;infeasible;infeasible;infeasible;infeasible;infeasible;infeasible;infeasible;infeasible;infeasible,0;1;2;3;4;5;6;7;8;9;10;11,STRUCTURAL_ZERO;STRUCTURAL_ZERO;STRUCTURAL_ZERO;STRUCTURAL_ZERO;STRUCTURAL_ZERO;STRUCTURAL_ZERO;STRUCTURAL_ZERO;STRUCTURAL_ZERO;STRUCTURAL_ZERO;STRUCTURAL_ZERO;STRUCTURAL_ZERO;STRUCTURAL_ZERO,12,0,0,,OK
red2_6800:432,,infeasible;infeasible;infeasible;infeasible;infeasible;infeasible;infeasible;infeasible;infeasible;infeasible;infeasible;infeasible,0;0;0;0;0;0;0;0;0;0;0;0,infeasible;infeasible;infeasible;infeasible;infeasible;infeasible;infeasible;infeasible;infeasible;infeasible;infeasible;infeasible,infeasible;infeasible;infeasible;infeasible;infeasible;infeasible;infeasible;infeasible;infeasible;infeasible;infeasible;infeasible,0;1;2;3;4;5;6;7;8;9;10;11,STRUCTURAL_ZERO;STRUCTURAL_ZERO;STRUCTURAL_ZERO;STRUCTURAL_ZERO;STRUCTURAL_ZERO;STRUCTURAL_ZERO;STRUCTURAL_ZERO;STRUCTURAL_ZERO;STRUCTURAL_ZERO;STRUCTURAL_ZERO;STRUCTURAL_ZERO;STRUCTURAL_ZERO,12,0,0,,OK
red2_6800:433,,infeasible;infeasible;infeasible;infeasible;infeasible;infeasible;infeasible;infeasible;infeasible;infeasible;infeasible;infeasible,0;0;0;0;0;0;0;0;0;0;0;0,infeasible;infeasible;infeasible;infeasible;infeasible;infeasible;infeasible;infeasible;infeasible;infeasible;infeasible;infeasible,infeasible;infeasible;infeasible;infeasible;infeasible;infeasible;infeasible;infeasible;infeasible;infeasible;infeasible;infeasible,0;1;2;3;4;5;6;7;8;9;10;11,STRUCTURAL_ZERO;STRUCTURAL_ZERO;STRUCTURAL_ZERO;STRUCTURAL_ZERO;STRUCTURAL_ZERO;STRUCTURAL_ZERO;STRUCTURAL_ZERO;STRUCTURAL_ZERO;STRUCTURAL_ZERO;STRUCTURAL_ZERO;STRUCTURAL_ZERO;STRUCTURAL_ZERO,12,0,0,,OK
red2_6800:434,,infeasible;infeasible;infeasible;infeasible;infeasible;infeasible;infeasible;infeasible;infeasible;infeasible;infeasible;infeasible,0;0;0;0;0;0;0;0;0;0;0;0,infeasible;infeasible;infeasible;infeasible;infeasible;infeasible;infeasible;infeasible;infeasible;infeasible;infeasible;infeasible,infeasible;infeasible;infeasible;infeasible;infeasible;infeasible;infeasible;infeasible;infeasible;infeasible;infeasible;infeasible,0;1;2;3;4;5;6;7;8;9;10;11,STRUCTURAL_ZERO;STRUCTURAL_ZERO;STRUCTURAL_ZERO;STRUCTURAL_ZERO;STRUCTURAL_ZERO;STRUCTURAL_ZERO;STRUCTURAL_ZERO;STRUCTURAL_ZERO;STRUCTURAL_ZERO;STRUCTURAL_ZERO;STRUCTURAL_ZERO;STRUCTURAL_ZERO,12,0,0,,OK
red2_6800:435,,infeasible;infeasible;infeasible;infeasible;infeasible;infeasible;infeasible;infeasible;infeasible;infeasible;infeasible;infeasible,0;0;0;0;0;0;0;0;0;0;0;0,infeasible;infeasible;infeasible;infeasible;infeasible;infeasible;infeasible;infeasible;infeasible;infeasible;infeasible;infeasible,infeasible;infeasible;infeasible;infeasible;infeasible;infeasible;infeasible;infeasible;infeasible;infeasible;infeasible;infeasible,0;1;2;3;4;5;6;7;8;9;10;11,STRUCTURAL_ZERO;STRUCTURAL_ZERO;STRUCTURAL_ZERO;STRUCTURAL_ZERO;STRUCTURAL_ZERO;STRUCTURAL_ZERO;STRUCTURAL_ZERO;STRUCTURAL_ZERO;STRUCTURAL_ZERO;STRUCTURAL_ZERO;STRUCTURAL_ZERO;STRUCTURAL_ZERO,12,0,0,,OK
red2_6800:436,,infeasible;infeasible;infeasible;infeasible;infeasible;infeasible;infeasible;infeasible;infeasible;infeasible;infeasible;infeasible,0;0;0;0;0;0;0;0;0;0;0;0,infeasible;infeasible;infeasible;infeasible;infeasible;infeasible;infeasible;infeasible;infeasible;infeasible;infeasible;infeasible,infeasible;infeasible;infeasible;infeasible;infeasible;infeasible;infeasible;infeasible;infeasible;infeasible;infeasible;infeasible,0;1;2;3;4;5;6;7;8;9;10;11,STRUCTURAL_ZERO;STRUCTURAL_ZERO;STRUCTURAL_ZERO;STRUCTURAL_ZERO;STRUCTURAL_ZERO;STRUCTURAL_ZERO;STRUCTURAL_ZERO;STRUCTURAL_ZERO;STRUCTURAL_ZERO;STRUCTURAL_ZERO;STRUCTURAL_ZERO;STRUCTURAL_ZERO,12,0,0,,OK
red2_6800:437,,infeasible;infeasible;infeasible;infeasible;infeasible;infeasible;infeasible;infeasible;infeasible;infeasible;infeasible;infeasible,0;0;0;0;0;0;0;0;0;0;0;0,infeasible;infeasible;infeasible;infeasible;infeasible;infeasible;infeasible;infeasible;infeasible;infeasible;infeasible;infeasible,infeasible;infeasible;infeasible;infeasible;infeasible;infeasible;infeasible;infeasible;infeasible;infeasible;infeasible;infeasible,0;1;2;3;4;5;6;7;8;9;10;11,STRUCTURAL_ZERO;STRUCTURAL_ZERO;STRUCTURAL_ZERO;STRUCTURAL_ZERO;STRUCTURAL_ZERO;STRUCTURAL_ZERO;STRUCTURAL_ZERO;STRUCTURAL_ZERO;STRUCTURAL_ZERO;STRUCTURAL_ZERO;STRUCTURAL_ZERO;STRUCTURAL_ZERO,12,0,0,,OK
red2_6800:438,,infeasible;infeasible;infeasible;infeasible;infeasible;infeasible;infeasible;infeasible;infeasible;infeasible;infeasible;infeasible,0;0;0;0;0;0;0;0;0;0;0;0,infeasible;infeasible;infeasible;infeasible;infeasible;infeasible;infeasible;infeasible;infeasible;infeasible;infeasible;infeasible,infeasible;infeasible;infeasible;infeasible;infeasible;infeasible;infeasible;infeasible;infeasible;infeasible;infeasible;infeasible,0;1;2;3;4;5;6;7;8;9;10;11,STRUCTURAL_ZERO;STRUCTURAL_ZERO;STRUCTURAL_ZERO;STRUCTURAL_ZERO;STRUCTURAL_ZERO;STRUCTURAL_ZERO;STRUCTURAL_ZERO;STRUCTURAL_ZERO;STRUCTURAL_ZERO;STRUCTURAL_ZERO;STRUCTURAL_ZERO;STRUCTURAL_ZERO,12,0,0,,OK
red2_6800:439,,infeasible;infeasible;infeasible;infeasible;infeasible;infeasible;infeasible;infeasible;infeasible;infeasible;infeasible;infeasible,0;0;0;0;0;0;0;0;0;0;0;0,infeasible;infeasible;infeasible;infeasible;infeasible;infeasible;infeasible;infeasible;infeasible;infeasible;infeasible;infeasible,infeasible;infeasible;infeasible;infeasible;infeasible;infeasible;infeasible;infeasible;infeasible;infeasible;infeasible;infeasible,0;1;2;3;4;5;6;7;8;9;10;11,STRUCTURAL_ZERO;STRUCTURAL_ZERO;STRUCTURAL_ZERO;STRUCTURAL_ZERO;STRUCTURAL_ZERO;STRUCTURAL_ZERO;STRUCTURAL_ZERO;STRUCTURAL_ZERO;STRUCTURAL_ZERO;STRUCTURAL_ZERO;STRUCTURAL_ZERO;STRUCTURAL_ZERO,12,0,0,,OK
red2_6800:440,,infeasible;infeasible;infeasible;infeasible;infeasible;infeasible;infeasible;infeasible;infeasible;infeasible;infeasible;infeasible,0;0;0;0;0;0;0;0;0;0;0;0,infeasible;infeasible;infeasible;infeasible;infeasible;infeasible;infeasible;infeasible;infeasible;infeasible;infeasible;infeasible,infeasible;infeasible;infeasible;infeasible;infeasible;infeasible;infeasible;infeasible;infeasible;infeasible;infeasible;infeasible,0;1;2;3;4;5;6;7;8;9;10;11,STRUCTURAL_ZERO;STRUCTURAL_ZERO;STRUCTURAL_ZERO;STRUCTURAL_ZERO;STRUCTURAL_ZERO;STRUCTURAL_ZERO;STRUCTURAL_ZERO;STRUCTURAL_ZERO;STRUCTURAL_ZERO;STRUCTURAL_ZERO;STRUCTURAL_ZERO;STRUCTURAL_ZERO,12,0,0,,OK
red2_6800:441,,infeasible;infeasible;infeasible;infeasible;infeasible;infeasible;infeasible;infeasible;infeasible;infeasible;infeasible;infeasible,0;0;0;0;0;0;0;0;0;0;0;0,infeasible;infeasible;infeasible;infeasible;infeasible;infeasible;infeasible;infeasible;infeasible;infeasible;infeasible;infeasible,infeasible;infeasible;infeasible;infeasible;infeasible;infeasible;infeasible;infeasible;infeasible;infeasible;infeasible;infeasible,0;1;2;3;4;5;6;7;8;9;10;11,STRUCTURAL_ZERO;STRUCTURAL_ZERO;STRUCTURAL_ZERO;STRUCTURAL_ZERO;STRUCTURAL_ZERO;STRUCTURAL_ZERO;STRUCTURAL_ZERO;STRUCTURAL_ZERO;STRUCTURAL_ZERO;STRUCTURAL_ZERO;STRUCTURAL_ZERO;STRUCTURAL_ZERO,12,0,0,,OK
red2_6800:442,,infeasible;optimal;optimal;optimal;optimal;optimal;optimal;optimal;optimal;optimal;optimal;optimal,0;0.07766;0.4112;0.632;1.042;1.392;1.407;1.334;1.121;0.8901;0.6344;0.2272,infeasible;optimal;optimal;optimal;optimal;optimal;optimal;optimal;optimal;optimal;optimal;optimal,infeasible;optimal;optimal;optimal;optimal;optimal;optimal;optimal;optimal;optimal;optimal;optimal,0,STRUCTURAL_ZERO,1,0,0,,OK
red2_6800:443,,infeasible;infeasible;infeasible;infeasible;infeasible;infeasible;infeasible;infeasible;infeasible;infeasible;infeasible;infeasible,0;0;0;0;0;0;0;0;0;0;0;0,infeasible;infeasible;infeasible;infeasible;infeasible;infeasible;infeasible;infeasible;infeasible;infeasible;infeasible;infeasible,infeasible;infeasible;infeasible;infeasible;infeasible;infeasible;infeasible;infeasible;infeasible;infeasible;infeasible;infeasible,0;1;2;3;4;5;6;7;8;9;10;11,STRUCTURAL_ZERO;STRUCTURAL_ZERO;STRUCTURAL_ZERO;STRUCTURAL_ZERO;STRUCTURAL_ZERO;STRUCTURAL_ZERO;STRUCTURAL_ZERO;STRUCTURAL_ZERO;STRUCTURAL_ZERO;STRUCTURAL_ZERO;STRUCTURAL_ZERO;STRUCTURAL_ZERO,12,0,0,,OK
red2_6800:444,,infeasible;infeasible;infeasible;infeasible;infeasible;infeasible;infeasible;infeasible;infeasible;infeasible;infeasible;infeasible,0;0;0;0;0;0;0;0;0;0;0;0,infeasible;infeasible;infeasible;infeasible;infeasible;infeasible;infeasible;infeasible;infeasible;infeasible;infeasible;infeasible,infeasible;infeasible;infeasible;infeasible;infeasible;infeasible;infeasible;infeasible;infeasible;infeasible;infeasible;infeasible,0;1;2;3;4;5;6;7;8;9;10;11,STRUCTURAL_ZERO;STRUCTURAL_ZERO;STRUCTURAL_ZERO;STRUCTURAL_ZERO;STRUCTURAL_ZERO;STRUCTURAL_ZERO;STRUCTURAL_ZERO;STRUCTURAL_ZERO;STRUCTURAL_ZERO;STRUCTURAL_ZERO;STRUCTURAL_ZERO;STRUCTURAL_ZERO,12,0,0,,OK
red2_6800:445,,infeasible;infeasible;infeasible;infeasible;infeasible;infeasible;infeasible;infeasible;infeasible;infeasible;infeasible;infeasible,0;0;0;0;0;0;0;0;0;0;0;0,infeasible;infeasible;infeasible;infeasible;infeasible;infeasible;infeasible;infeasible;infeasible;infeasible;infeasible;infeasible,infeasible;infeasible;infeasible;infeasible;infeasible;infeasible;infeasible;infeasible;infeasible;infeasible;infeasible;infeasible,0;1;2;3;4;5;6;7;8;9;10;11,STRUCTURAL_ZERO;STRUCTURAL_ZERO;STRUCTURAL_ZERO;STRUCTURAL_ZERO;STRUCTURAL_ZERO;STRUCTURAL_ZERO;STRUCTURAL_ZERO;STRUCTURAL_ZERO;STRUCTURAL_ZERO;STRUCTURAL_ZERO;STRUCTURAL_ZERO;STRUCTURAL_ZERO,12,0,0,,OK
red2_6800:446,,infeasible;infeasible;infeasible;infeasible;infeasible;infeasible;infeasible;infeasible;infeasible;infeasible;infeasible;infeasible,0;0;0;0;0;0;0;0;0;0;0;0,infeasible;infeasible;infeasible;infeasible;infeasible;infeasible;infeasible;infeasible;infeasible;infeasible;infeasible;infeasible,infeasible;infeasible;infeasible;infeasible;infeasible;infeasible;infeasible;infeasible;infeasible;infeasible;infeasible;infeasible,0;1;2;3;4;5;6;7;8;9;10;11,STRUCTURAL_ZERO;STRUCTURAL_ZERO;STRUCTURAL_ZERO;STRUCTURAL_ZERO;STRUCTURAL_ZERO;STRUCTURAL_ZERO;STRUCTURAL_ZERO;STRUCTURAL_ZERO;STRUCTURAL_ZERO;STRUCTURAL_ZERO;STRUCTURAL_ZERO;STRUCTURAL_ZERO,12,0,0,,OK
red2_6800:447,,infeasible;infeasible;infeasible;infeasible;infeasible;infeasible;infeasible;infeasible;infeasible;infeasible;infeasible;infeasible,0;0;0;0;0;0;0;0;0;0;0;0,infeasible;infeasible;infeasible;infeasible;infeasible;infeasible;infeasible;infeasible;infeasible;infeasible;infeasible;infeasible,infeasible;infeasible;infeasible;infeasible;infeasible;infeasible;infeasible;infeasible;infeasible;infeasible;infeasible;infeasible,0;1;2;3;4;5;6;7;8;9;10;11,STRUCTURAL_ZERO;STRUCTURAL_ZERO;STRUCTURAL_ZERO;STRUCTURAL_ZERO;STRUCTURAL_ZERO;STRUCTURAL_ZERO;STRUCTURAL_ZERO;STRUCTURAL_ZERO;STRUCTURAL_ZERO;STRUCTURAL_ZERO;STRUCTURAL_ZERO;STRUCTURAL_ZERO,12,0,0,,OK
red2_6800:448,,infeasible;infeasible;infeasible;infeasible;infeasible;infeasible;infeasible;infeasible;infeasible;infeasible;infeasible;infeasible,0;0;0;0;0;0;0;0;0;0;0;0,infeasible;infeasible;infeasible;infeasible;infeasible;infeasible;infeasible;infeasible;infeasible;infeasible;infeasible;infeasible,infeasible;infeasible;infeasible;infeasible;infeasible;infeasible;infeasible;infeasible;infeasible;infeasible;infeasible;infeasible,0;1;2;3;4;5;6;7;8;9;10;11,STRUCTURAL_ZERO;STRUCTURAL_ZERO;STRUCTURAL_ZERO;STRUCTURAL_ZERO;STRUCTURAL_ZERO;STRUCTURAL_ZERO;STRUCTURAL_ZERO;STRUCTURAL_ZERO;STRUCTURAL_ZERO;STRUCTURAL_ZERO;STRUCTURAL_ZERO;STRUCTURAL_ZERO,12,0,0,,OK
red2_6800:449,,infeasible;infeasible;infeasible;infeasible;infeasible;infeasible;infeasible;infeasible;infeasible;infeasible;infeasible;infeasible,0;0;0;0;0;0;0;0;0;0;0;0,infeasible;infeasible;infeasible;infeasible;infeasible;infeasible;infeasible;infeasible;infeasible;infeasible;infeasible;infeasible,infeasible;infeasible;infeasible;infeasible;infeasible;infeasible;infeasible;infeasible;infeasible;infeasible;infeasible;infeasible,0;1;2;3;4;5;6;7;8;9;10;11,STRUCTURAL_ZERO;STRUCTURAL_ZERO;STRUCTURAL_ZERO;STRUCTURAL_ZERO;STRUCTURAL_ZERO;STRUCTURAL_ZERO;STRUCTURAL_ZERO;STRUCTURAL_ZERO;STRUCTURAL_ZERO;STRUCTURAL_ZERO;STRUCTURAL_ZERO;STRUCTURAL_ZERO,12,0,0,,OK
red2_6800:450,,infeasible;infeasible;infeasible;infeasible;infeasible;infeasible;infeasible;infeasible;infeasible;infeasible;infeasible;infeasible,0;0;0;0;0;0;0;0;0;0;0;0,infeasible;infeasible;infeasible;infeasible;infeasible;infeasible;infeasible;infeasible;infeasible;infeasible;infeasible;infeasible,infeasible;infeasible;infeasible;infeasible;infeasible;infeasible;infeasible;infeasible;infeasible;infeasible;infeasible;infeasible,0;1;2;3;4;5;6;7;8;9;10;11,STRUCTURAL_ZERO;STRUCTURAL_ZERO;STRUCTURAL_ZERO;STRUCTURAL_ZERO;STRUCTURAL_ZERO;STRUCTURAL_ZERO;STRUCTURAL_ZERO;STRUCTURAL_ZERO;STRUCTURAL_ZERO;STRUCTURAL_ZERO;STRUCTURAL_ZERO;STRUCTURAL_ZERO,12,0,0,,OK
red2_6800:451,,infeasible;infeasible;infeasible;infeasible;infeasible;infeasible;infeasible;infeasible;infeasible;infeasible;infeasible;infeasible,0;0;0;0;0;0;0;0;0;0;0;0,infeasible;infeasible;infeasible;infeasible;infeasible;infeasible;infeasible;infeasible;infeasible;infeasible;infeasible;infeasible,infeasible;infeasible;infeasible;infeasible;infeasible;infeasible;infeasible;infeasible;infeasible;infeasible;infeasible;infeasible,0;1;2;3;4;5;6;7;8;9;10;11,STRUCTURAL_ZERO;STRUCTURAL_ZERO;STRUCTURAL_ZERO;STRUCTURAL_ZERO;STRUCTURAL_ZERO;STRUCTURAL_ZERO;STRUCTURAL_ZERO;STRUCTURAL_ZERO;STRUCTURAL_ZERO;STRUCTURAL_ZERO;STRUCTURAL_ZERO;STRUCTURAL_ZERO,12,0,0,,OK
red2_6800:452,,infeasible;infeasible;infeasible;infeasible;infeasible;infeasible;infeasible;infeasible;infeasible;infeasible;infeasible;infeasible,0;0;0;0;0;0;0;0;0;0;0;0,infeasible;infeasible;infeasible;infeasible;infeasible;infeasible;infeasible;infeasible;infeasible;infeasible;infeasible;infeasible,infeasible;infeasible;infeasible;infeasible;infeasible;infeasible;infeasible;infeasible;infeasible;infeasible;infeasible;infeasible,0;1;2;3;4;5;6;7;8;9;10;11,STRUCTURAL_ZERO;STRUCTURAL_ZERO;STRUCTURAL_ZERO;STRUCTURAL_ZERO;STRUCTURAL_ZERO;STRUCTURAL_ZERO;STRUCTURAL_ZERO;STRUCTURAL_ZERO;STRUCTURAL_ZERO;STRUCTURAL_ZERO;STRUCTURAL_ZERO;STRUCTURAL_ZERO,12,0,0,,OK
red2_6800:453,,infeasible;infeasible;infeasible;infeasible;infeasible;infeasible;infeasible;infeasible;infeasible;infeasible;infeasible;infeasible,0;0;0;0;0;0;0;0;0;0;0;0,infeasible;infeasible;infeasible;infeasible;infeasible;infeasible;infeasible;infeasible;infeasible;infeasible;infeasible;infeasible,infeasible;infeasible;infeasible;infeasible;infeasible;infeasible;infeasible;infeasible;infeasible;infeasible;infeasible;infeasible,0;1;2;3;4;5;6;7;8;9;10;11,STRUCTURAL_ZERO;STRUCTURAL_ZERO;STRUCTURAL_ZERO;STRUCTURAL_ZERO;STRUCTURAL_ZERO;STRUCTURAL_ZERO;STRUCTURAL_ZERO;STRUCTURAL_ZERO;STRUCTURAL_ZERO;STRUCTURAL_ZERO;STRUCTURAL_ZERO;STRUCTURAL_ZERO,12,0,0,,OK
red2_6800:454,,infeasible;infeasible;infeasible;infeasible;infeasible;infeasible;infeasible;infeasible;infeasible;infeasible;infeasible;infeasible,0;0;0;0;0;0;0;0;0;0;0;0,infeasible;infeasible;infeasible;infeasible;infeasible;infeasible;infeasible;infeasible;infeasible;infeasible;infeasible;infeasible,infeasible;infeasible;infeasible;infeasible;infeasible;infeasible;infeasible;infeasible;infeasible;infeasible;infeasible;infeasible,0;1;2;3;4;5;6;7;8;9;10;11,STRUCTURAL_ZERO;STRUCTURAL_ZERO;STRUCTURAL_ZERO;STRUCTURAL_ZERO;STRUCTURAL_ZERO;STRUCTURAL_ZERO;STRUCTURAL_ZERO;STRUCTURAL_ZERO;STRUCTURAL_ZERO;STRUCTURAL_ZERO;STRUCTURAL_ZERO;STRUCTURAL_ZERO,12,0,0,,OK
red2_6800:455,,infeasible;infeasible;infeasible;infeasible;infeasible;infeasible;infeasible;infeasible;infeasible;infeasible;infeasible;infeasible,0;0;0;0;0;0;0;0;0;0;0;0,infeasible;infeasible;infeasible;infeasible;infeasible;infeasible;infeasible;infeasible;infeasible;infeasible;infeasible;infeasible,infeasible;infeasible;infeasible;infeasible;infeasible;infeasible;infeasible;infeasible;infeasible;infeasible;infeasible;infeasible,0;1;2;3;4;5;6;7;8;9;10;11,STRUCTURAL_ZERO;STRUCTURAL_ZERO;STRUCTURAL_ZERO;STRUCTURAL_ZERO;STRUCTURAL_ZERO;STRUCTURAL_ZERO;STRUCTURAL_ZERO;STRUCTURAL_ZERO;STRUCTURAL_ZERO;STRUCTURAL_ZERO;STRUCTURAL_ZERO;STRUCTURAL_ZERO,12,0,0,,OK
red2_6800:456,,infeasible;infeasible;infeasible;infeasible;infeasible;infeasible;infeasible;infeasible;infeasible;infeasible;infeasible;infeasible,0;0;0;0;0;0;0;0;0;0;0;0,infeasible;infeasible;infeasible;infeasible;infeasible;infeasible;infeasible;infeasible;infeasible;infeasible;infeasible;infeasible,infeasible;infeasible;infeasible;infeasible;infeasible;infeasible;infeasible;infeasible;infeasible;infeasible;infeasible;infeasible,0;1;2;3;4;5;6;7;8;9;10;11,STRUCTURAL_ZERO;STRUCTURAL_ZERO;STRUCTURAL_ZERO;STRUCTURAL_ZERO;STRUCTURAL_ZERO;STRUCTURAL_ZERO;STRUCTURAL_ZERO;STRUCTURAL_ZERO;STRUCTURAL_ZERO;STRUCTURAL_ZERO;STRUCTURAL_ZERO;STRUCTURAL_ZERO,12,0,0,,OK
red2_6800:457,,infeasible;infeasible;infeasible;infeasible;infeasible;infeasible;infeasible;infeasible;infeasible;infeasible;infeasible;infeasible,0;0;0;0;0;0;0;0;0;0;0;0,infeasible;infeasible;infeasible;infeasible;infeasible;infeasible;infeasible;infeasible;infeasible;infeasible;infeasible;infeasible,infeasible;infeasible;infeasible;infeasible;infeasible;infeasible;infeasible;infeasible;infeasible;infeasible;infeasible;infeasible,0;1;2;3;4;5;6;7;8;9;10;11,STRUCTURAL_ZERO;STRUCTURAL_ZERO;STRUCTURAL_ZERO;STRUCTURAL_ZERO;STRUCTURAL_ZERO;STRUCTURAL_ZERO;STRUCTURAL_ZERO;STRUCTURAL_ZERO;STRUCTURAL_ZERO;STRUCTURAL_ZERO;STRUCTURAL_ZERO;STRUCTURAL_ZERO,12,0,0,,OK
red2_6800:458,,infeasible;infeasible;infeasible;infeasible;infeasible;infeasible;infeasible;infeasible;infeasible;infeasible;infeasible;infeasible,0;0;0;0;0;0;0;0;0;0;0;0,infeasible;infeasible;infeasible;infeasible;infeasible;infeasible;infeasible;infeasible;infeasible;infeasible;infeasible;infeasible,infeasible;infeasible;infeasible;infeasible;infeasible;infeasible;infeasible;infeasible;infeasible;infeasible;infeasible;infeasible,0;1;2;3;4;5;6;7;8;9;10;11,STRUCTURAL_ZERO;STRUCTURAL_ZERO;STRUCTURAL_ZERO;STRUCTURAL_ZERO;STRUCTURAL_ZERO;STRUCTURAL_ZERO;STRUCTURAL_ZERO;STRUCTURAL_ZERO;STRUCTURAL_ZERO;STRUCTURAL_ZERO;STRUCTURAL_ZERO;STRUCTURAL_ZERO,12,0,0,,OK
red2_6800:459,,infeasible;infeasible;infeasible;infeasible;infeasible;infeasible;infeasible;infeasible;infeasible;infeasible;infeasible;infeasible,0;0;0;0;0;0;0;0;0;0;0;0,infeasible;infeasible;infeasible;infeasible;infeasible;infeasible;infeasible;infeasible;infeasible;infeasible;infeasible;infeasible,infeasible;infeasible;infeasible;infeasible;infeasible;infeasible;infeasible;infeasible;infeasible;infeasible;infeasible;infeasible,0;1;2;3;4;5;6;7;8;9;10;11,STRUCTURAL_ZERO;STRUCTURAL_ZERO;STRUCTURAL_ZERO;STRUCTURAL_ZERO;STRUCTURAL_ZERO;STRUCTURAL_ZERO;STRUCTURAL_ZERO;STRUCTURAL_ZERO;STRUCTURAL_ZERO;STRUCTURAL_ZERO;STRUCTURAL_ZERO;STRUCTURAL_ZERO,12,0,0,,OK
red2_6800:460,,infeasible;optimal;optimal;optimal;optimal;optimal;optimal;optimal;optimal;optimal;optimal;optimal,0;0.1285;0.5254;0.7763;1.188;1.423;1.44;1.409;1.299;1.141;0.8762;0.2795,infeasible;optimal;optimal;optimal;optimal;optimal;optimal;optimal;optimal;optimal;optimal;optimal,infeasible;optimal;optimal;optimal;optimal;optimal;optimal;optimal;optimal;optimal;optimal;optimal,0,STRUCTURAL_ZERO,1,0,0,,OK
red2_6800:461,,infeasible;infeasible;infeasible;infeasible;infeasible;infeasible;infeasible;infeasible;infeasible;infeasible;infeasible;infeasible,0;0;0;0;0;0;0;0;0;0;0;0,infeasible;infeasible;infeasible;infeasible;infeasible;infeasible;infeasible;infeasible;infeasible;infeasible;infeasible;infeasible,infeasible;infeasible;infeasible;infeasible;infeasible;infeasible;infeasible;infeasible;infeasible;infeasible;infeasible;infeasible,0;1;2;3;4;5;6;7;8;9;10;11,STRUCTURAL_ZERO;STRUCTURAL_ZERO;STRUCTURAL_ZERO;STRUCTURAL_ZERO;STRUCTURAL_ZERO;STRUCTURAL_ZERO;STRUCTURAL_ZERO;STRUCTURAL_ZERO;STRUCTURAL_ZERO;STRUCTURAL_ZERO;STRUCTURAL_ZERO;STRUCTURAL_ZERO,12,0,0,,OK
red2_6800:462,,infeasible;infeasible;infeasible;infeasible;infeasible;infeasible;infeasible;infeasible;infeasible;infeasible;infeasible;infeasible,0;0;0;0;0;0;0;0;0;0;0;0,infeasible;infeasible;infeasible;infeasible;infeasible;infeasible;infeasible;infeasible;infeasible;infeasible;infeasible;infeasible,infeasible;infeasible;infeasible;infeasible;infeasible;infeasible;infeasible;infeasible;infeasible;infeasible;infeasible;infeasible,0;1;2;3;4;5;6;7;8;9;10;11,STRUCTURAL_ZERO;STRUCTURAL_ZERO;STRUCTURAL_ZERO;STRUCTURAL_ZERO;STRUCTURAL_ZERO;STRUCTURAL_ZERO;STRUCTURAL_ZERO;STRUCTURAL_ZERO;STRUCTURAL_ZERO;STRUCTURAL_ZERO;STRUCTURAL_ZERO;STRUCTURAL_ZERO,12,0,0,,OK
red2_6800:463,,infeasible;infeasible;infeasible;infeasible;infeasible;infeasible;infeasible;infeasible;infeasible;infeasible;infeasible;infeasible,0;0;0;0;0;0;0;0;0;0;0;0,infeasible;infeasible;infeasible;infeasible;infeasible;infeasible;infeasible;infeasible;infeasible;infeasible;infeasible;infeasible,infeasible;infeasible;infeasible;infeasible;infeasible;infeasible;infeasible;infeasible;infeasible;infeasible;infeasible;infeasible,0;1;2;3;4;5;6;7;8;9;10;11,STRUCTURAL_ZERO;STRUCTURAL_ZERO;STRUCTURAL_ZERO;STRUCTURAL_ZERO;STRUCTURAL_ZERO;STRUCTURAL_ZERO;STRUCTURAL_ZERO;STRUCTURAL_ZERO;STRUCTURAL_ZERO;STRUCTURAL_ZERO;STRUCTURAL_ZERO;STRUCTURAL_ZERO,12,0,0,,OK
red2_6800:464,,infeasible;infeasible;infeasible;infeasible;infeasible;infeasible;infeasible;infeasible;infeasible;infeasible;infeasible;infeasible,0;0;0;0;0;0;0;0;0;0;0;0,infeasible;infeasible;infeasible;infeasible;infeasible;infeasible;infeasible;infeasible;infeasible;infeasible;infeasible;infeasible,infeasible;infeasible;infeasible;infeasible;infeasible;infeasible;infeasible;infeasible;infeasible;infeasible;infeasible;infeasible,0;1;2;3;4;5;6;7;8;9;10;11,STRUCTURAL_ZERO;STRUCTURAL_ZERO;STRUCTURAL_ZERO;STRUCTURAL_ZERO;STRUCTURAL_ZERO;STRUCTURAL_ZERO;STRUCTURAL_ZERO;STRUCTURAL_ZERO;STRUCTURAL_ZERO;STRUCTURAL_ZERO;STRUCTURAL_ZERO;STRUCTURAL_ZERO,12,0,0,,OK
red2_6800:465,,infeasible;infeasible;infeasible;infeasible;infeasible;infeasible;infeasible;infeasible;infeasible;infeasible;infeasible;infeasible,0;0;0;0;0;0;0;0;0;0;0;0,infeasible;infeasible;infeasible;infeasible;infeasible;infeasible;infeasible;infeasible;infeasible;infeasible;infeasible;infeasible,infeasible;infeasible;infeasible;infeasible;infeasible;infeasible;infeasible;infeasible;infeasible;infeasible;infeasible;infeasible,0;1;2;3;4;5;6;7;8;9;10;11,STRUCTURAL_ZERO;STRUCTURAL_ZERO;STRUCTURAL_ZERO;STRUCTURAL_ZERO;STRUCTURAL_ZERO;STRUCTURAL_ZERO;STRUCTURAL_ZERO;STRUCTURAL_ZERO;STRUCTURAL_ZERO;STRUCTURAL_ZERO;STRUCTURAL_ZERO;STRUCTURAL_ZERO,12,0,0,,OK
red2_6800:466,,infeasible;infeasible;infeasible;infeasible;infeasible;infeasible;infeasible;infeasible;infeasible;infeasible;infeasible;infeasible,0;0;0;0;0;0;0;0;0;0;0;0,infeasible;infeasible;infeasible;infeasible;infeasible;infeasible;infeasible;infeasible;infeasible;infeasible;infeasible;infeasible,infeasible;infeasible;infeasible;infeasible;infeasible;infeasible;infeasible;infeasible;infeasible;infeasible;infeasible;infeasible,0;1;2;3;4;5;6;7;8;9;10;11,STRUCTURAL_ZERO;STRUCTURAL_ZERO;STRUCTURAL_ZERO;STRUCTURAL_ZERO;STRUCTURAL_ZERO;STRUCTURAL_ZERO;STRUCTURAL_ZERO;STRUCTURAL_ZERO;STRUCTURAL_ZERO;STRUCTURAL_ZERO;STRUCTURAL_ZERO;STRUCTURAL_ZERO,12,0,0,,OK
red2_6800:467,,infeasible;infeasible;infeasible;infeasible;infeasible;infeasible;infeasible;infeasible;infeasible;infeasible;infeasible;infeasible,0;0;0;0;0;0;0;0;0;0;0;0,infeasible;infeasible;infeasible;infeasible;infeasible;infeasible;infeasible;infeasible;infeasible;infeasible;infeasible;infeasible,infeasible;infeasible;infeasible;infeasible;infeasible;infeasible;infeasible;infeasible;infeasible;infeasible;infeasible;infeasible,0;1;2;3;4;5;6;7;8;9;10;11,STRUCTURAL_ZERO;STRUCTURAL_ZERO;STRUCTURAL_ZERO;STRUCTURAL_ZERO;STRUCTURAL_ZERO;STRUCTURAL_ZERO;STRUCTURAL_ZERO;STRUCTURAL_ZERO;STRUCTURAL_ZERO;STRUCTURAL_ZERO;STRUCTURAL_ZERO;STRUCTURAL_ZERO,12,0,0,,OK
red2_6800:468,,infeasible;infeasible;infeasible;infeasible;infeasible;infeasible;infeasible;infeasible;infeasible;infeasible;infeasible;infeasible,0;0;0;0;0;0;0;0;0;0;0;0,infeasible;infeasible;infeasible;infeasible;infeasible;infeasible;infeasible;infeasible;infeasible;infeasible;infeasible;infeasible,infeasible;infeasible;infeasible;infeasible;infeasible;infeasible;infeasible;infeasible;infeasible;infeasible;infeasible;infeasible,0;1;2;3;4;5;6;7;8;9;10;11,STRUCTURAL_ZERO;STRUCTURAL_ZERO;STRUCTURAL_ZERO;STRUCTURAL_ZERO;STRUCTURAL_ZERO;STRUCTURAL_ZERO;STRUCTURAL_ZERO;STRUCTURAL_ZERO;STRUCTURAL_ZERO;STRUCTURAL_ZERO;STRUCTURAL_ZERO;STRUCTURAL_ZERO,12,0,0,,OK
red2_6800:469,,infeasible;infeasible;infeasible;infeasible;infeasible;infeasible;infeasible;infeasible;infeasible;infeasible;infeasible;infeasible,0;0;0;0;0;0;0;0;0;0;0;0,infeasible;infeasible;infeasible;infeasible;infeasible;infeasible;infeasible;infeasible;infeasible;infeasible;infeasible;infeasible,infeasible;infeasible;infeasible;infeasible;infeasible;infeasible;infeasible;infeasible;infeasible;infeasible;infeasible;infeasible,0;1;2;3;4;5;6;7;8;9;10;11,STRUCTURAL_ZERO;STRUCTURAL_ZERO;STRUCTURAL_ZERO;STRUCTURAL_ZERO;STRUCTURAL_ZERO;STRUCTURAL_ZERO;STRUCTURAL_ZERO;STRUCTURAL_ZERO;STRUCTURAL_ZERO;STRUCTURAL_ZERO;STRUCTURAL_ZERO;STRUCTURAL_ZERO,12,0,0,,OK
red2_6800:470,,infeasible;infeasible;infeasible;infeasible;infeasible;infeasible;infeasible;infeasible;infeasible;infeasible;infeasible;infeasible,0;0;0;0;0;0;0;0;0;0;0;0,infeasible;infeasible;infeasible;infeasible;infeasible;infeasible;infeasible;infeasible;infeasible;infeasible;infeasible;infeasible,infeasible;infeasible;infeasible;infeasible;infeasible;infeasible;infeasible;infeasible;infeasible;infeasible;infeasible;infeasible,0;1;2;3;4;5;6;7;8;9;10;11,STRUCTURAL_ZERO;STRUCTURAL_ZERO;STRUCTURAL_ZERO;STRUCTURAL_ZERO;STRUCTURAL_ZERO;STRUCTURAL_ZERO;STRUCTURAL_ZERO;STRUCTURAL_ZERO;STRUCTURAL_ZERO;STRUCTURAL_ZERO;STRUCTURAL_ZERO;STRUCTURAL_ZERO,12,0,0,,OK
red2_6800:471,,infeasible;infeasible;infeasible;infeasible;infeasible;infeasible;infeasible;infeasible;infeasible;infeasible;infeasible;infeasible,0;0;0;0;0;0;0;0;0;0;0;0,infeasible;infeasible;infeasible;infeasible;infeasible;infeasible;infeasible;infeasible;infeasible;infeasible;infeasible;infeasible,infeasible;infeasible;infeasible;infeasible;infeasible;infeasible;infeasible;infeasible;infeasible;infeasible;infeasible;infeasible,0;1;2;3;4;5;6;7;8;9;10;11,STRUCTURAL_ZERO;STRUCTURAL_ZERO;STRUCTURAL_ZERO;STRUCTURAL_ZERO;STRUCTURAL_ZERO;STRUCTURAL_ZERO;STRUCTURAL_ZERO;STRUCTURAL_ZERO;STRUCTURAL_ZERO;STRUCTURAL_ZERO;STRUCTURAL_ZERO;STRUCTURAL_ZERO,12,0,0,,OK
red2_6800:472,,infeasible;infeasible;infeasible;infeasible;infeasible;infeasible;infeasible;infeasible;infeasible;infeasible;infeasible;infeasible,0;0;0;0;0;0;0;0;0;0;0;0,infeasible;infeasible;infeasible;infeasible;infeasible;infeasible;infeasible;infeasible;infeasible;infeasible;infeasible;infeasible,infeasible;infeasible;infeasible;infeasible;infeasible;infeasible;infeasible;infeasible;infeasible;infeasible;infeasible;infeasible,0;1;2;3;4;5;6;7;8;9;10;11,STRUCTURAL_ZERO;STRUCTURAL_ZERO;STRUCTURAL_ZERO;STRUCTURAL_ZERO;STRUCTURAL_ZERO;STRUCTURAL_ZERO;STRUCTURAL_ZERO;STRUCTURAL_ZERO;STRUCTURAL_ZERO;STRUCTURAL_ZERO;STRUCTURAL_ZERO;STRUCTURAL_ZERO,12,0,0,,OK
red2_6800:473,,infeasible;infeasible;infeasible;infeasible;infeasible;infeasible;infeasible;infeasible;infeasible;infeasible;infeasible;infeasible,0;0;0;0;0;0;0;0;0;0;0;0,infeasible;infeasible;infeasible;infeasible;infeasible;infeasible;infeasible;infeasible;infeasible;infeasible;infeasible;infeasible,infeasible;infeasible;infeasible;infeasible;infeasible;infeasible;infeasible;infeasible;infeasible;infeasible;infeasible;infeasible,0;1;2;3;4;5;6;7;8;9;10;11,STRUCTURAL_ZERO;STRUCTURAL_ZERO;STRUCTURAL_ZERO;STRUCTURAL_ZERO;STRUCTURAL_ZERO;STRUCTURAL_ZERO;STRUCTURAL_ZERO;STRUCTURAL_ZERO;STRUCTURAL_ZERO;STRUCTURAL_ZERO;STRUCTURAL_ZERO;STRUCTURAL_ZERO,12,0,0,,OK
red2_6800:474,,infeasible;infeasible;infeasible;infeasible;infeasible;infeasible;infeasible;infeasible;infeasible;infeasible;infeasible;infeasible,0;0;0;0;0;0;0;0;0;0;0;0,infeasible;infeasible;infeasible;infeasible;infeasible;infeasible;infeasible;infeasible;infeasible;infeasible;infeasible;infeasible,infeasible;infeasible;infeasible;infeasible;infeasible;infeasible;infeasible;infeasible;infeasible;infeasible;infeasible;infeasible,0;1;2;3;4;5;6;7;8;9;10;11,STRUCTURAL_ZERO;STRUCTURAL_ZERO;STRUCTURAL_ZERO;STRUCTURAL_ZERO;STRUCTURAL_ZERO;STRUCTURAL_ZERO;STRUCTURAL_ZERO;STRUCTURAL_ZERO;STRUCTURAL_ZERO;STRUCTURAL_ZERO;STRUCTURAL_ZERO;STRUCTURAL_ZERO,12,0,0,,OK
red2_6800:475,,infeasible;infeasible;infeasible;infeasible;infeasible;infeasible;infeasible;infeasible;infeasible;infeasible;infeasible;infeasible,0;0;0;0;0;0;0;0;0;0;0;0,infeasible;infeasible;infeasible;infeasible;infeasible;infeasible;infeasible;infeasible;infeasible;infeasible;infeasible;infeasible,infeasible;infeasible;infeasible;infeasible;infeasible;infeasible;infeasible;infeasible;infeasible;infeasible;infeasible;infeasible,0;1;2;3;4;5;6;7;8;9;10;11,STRUCTURAL_ZERO;STRUCTURAL_ZERO;STRUCTURAL_ZERO;STRUCTURAL_ZERO;STRUCTURAL_ZERO;STRUCTURAL_ZERO;STRUCTURAL_ZERO;STRUCTURAL_ZERO;STRUCTURAL_ZERO;STRUCTURAL_ZERO;STRUCTURAL_ZERO;STRUCTURAL_ZERO,12,0,0,,OK
red2_6800:476,,infeasible;infeasible;infeasible;infeasible;infeasible;infeasible;infeasible;infeasible;infeasible;infeasible;infeasible;infeasible,0;0;0;0;0;0;0;0;0;0;0;0,infeasible;infeasible;infeasible;infeasible;infeasible;infeasible;infeasible;infeasible;infeasible;infeasible;infeasible;infeasible,infeasible;infeasible;infeasible;infeasible;infeasible;infeasible;infeasible;infeasible;infeasible;infeasible;infeasible;infeasible,0;1;2;3;4;5;6;7;8;9;10;11,STRUCTURAL_ZERO;STRUCTURAL_ZERO;STRUCTURAL_ZERO;STRUCTURAL_ZERO;STRUCTURAL_ZERO;STRUCTURAL_ZERO;STRUCTURAL_ZERO;STRUCTURAL_ZERO;STRUCTURAL_ZERO;STRUCTURAL_ZERO;STRUCTURAL_ZERO;STRUCTURAL_ZERO,12,0,0,,OK
red2_6800:477,,infeasible;infeasible;infeasible;infeasible;infeasible;infeasible;infeasible;infeasible;infeasible;infeasible;infeasible;infeasible,0;0;0;0;0;0;0;0;0;0;0;0,infeasible;infeasible;infeasible;infeasible;infeasible;infeasible;infeasible;infeasible;infeasible;infeasible;infeasible;infeasible,infeasible;infeasible;infeasible;infeasible;infeasible;infeasible;infeasible;infeasible;infeasible;infeasible;infeasible;infeasible,0;1;2;3;4;5;6;7;8;9;10;11,STRUCTURAL_ZERO;STRUCTURAL_ZERO;STRUCTURAL_ZERO;STRUCTURAL_ZERO;STRUCTURAL_ZERO;STRUCTURAL_ZERO;STRUCTURAL_ZERO;STRUCTURAL_ZERO;STRUCTURAL_ZERO;STRUCTURAL_ZERO;STRUCTURAL_ZERO;STRUCTURAL_ZERO,12,0,0,,OK
red2_6800:478,,infeasible;infeasible;infeasible;infeasible;infeasible;infeasible;infeasible;infeasible;infeasible;infeasible;infeasible;infeasible,0;0;0;0;0;0;0;0;0;0;0;0,infeasible;infeasible;infeasible;infeasible;infeasible;infeasible;infeasible;infeasible;infeasible;infeasible;infeasible;infeasible,infeasible;infeasible;infeasible;infeasible;infeasible;infeasible;infeasible;infeasible;infeasible;infeasible;infeasible;infeasible,0;1;2;3;4;5;6;7;8;9;10;11,STRUCTURAL_ZERO;STRUCTURAL_ZERO;STRUCTURAL_ZERO;STRUCTURAL_ZERO;STRUCTURAL_ZERO;STRUCTURAL_ZERO;STRUCTURAL_ZERO;STRUCTURAL_ZERO;STRUCTURAL_ZERO;STRUCTURAL_ZERO;STRUCTURAL_ZERO;STRUCTURAL_ZERO,12,0,0,,OK
red2_6800:479,,infeasible;infeasible;infeasible;infeasible;infeasible;infeasible;infeasible;infeasible;infeasible;infeasible;infeasible;infeasible,0;0;0;0;0;0;0;0;0;0;0;0,infeasible;infeasible;infeasible;infeasible;infeasible;infeasible;infeasible;infeasible;infeasible;infeasible;infeasible;infeasible,infeasible;infeasible;infeasible;infeasible;infeasible;infeasible;infeasible;infeasible;infeasible;infeasible;infeasible;infeasible,0;1;2;3;4;5;6;7;8;9;10;11,STRUCTURAL_ZERO;STRUCTURAL_ZERO;STRUCTURAL_ZERO;STRUCTURAL_ZERO;STRUCTURAL_ZERO;STRUCTURAL_ZERO;STRUCTURAL_ZERO;STRUCTURAL_ZERO;STRUCTURAL_ZERO;STRUCTURAL_ZERO;STRUCTURAL_ZERO;STRUCTURAL_ZERO,12,0,0,,OK
red2_6800:480,,infeasible;infeasible;infeasible;infeasible;infeasible;infeasible;infeasible;infeasible;infeasible;infeasible;infeasible;infeasible,0;0;0;0;0;0;0;0;0;0;0;0,infeasible;infeasible;infeasible;infeasible;infeasible;infeasible;infeasible;infeasible;infeasible;infeasible;infeasible;infeasible,infeasible;infeasible;infeasible;infeasible;infeasible;infeasible;infeasible;infeasible;infeasible;infeasible;infeasible;infeasible,0;1;2;3;4;5;6;7;8;9;10;11,STRUCTURAL_ZERO;STRUCTURAL_ZERO;STRUCTURAL_ZERO;STRUCTURAL_ZERO;STRUCTURAL_ZERO;STRUCTURAL_ZERO;STRUCTURAL_ZERO;STRUCTURAL_ZERO;STRUCTURAL_ZERO;STRUCTURAL_ZERO;STRUCTURAL_ZERO;STRUCTURAL_ZERO,12,0,0,,OK
red2_6800:481,,infeasible;infeasible;infeasible;infeasible;infeasible;infeasible;infeasible;infeasible;infeasible;infeasible;infeasible;infeasible,0;0;0;0;0;0;0;0;0;0;0;0,infeasible;infeasible;infeasible;infeasible;infeasible;infeasible;infeasible;infeasible;infeasible;infeasible;infeasible;infeasible,infeasible;infeasible;infeasible;infeasible;infeasible;infeasible;infeasible;infeasible;infeasible;infeasible;infeasible;infeasible,0;1;2;3;4;5;6;7;8;9;10;11,STRUCTURAL_ZERO;STRUCTURAL_ZERO;STRUCTURAL_ZERO;STRUCTURAL_ZERO;STRUCTURAL_ZERO;STRUCTURAL_ZERO;STRUCTURAL_ZERO;STRUCTURAL_ZERO;STRUCTURAL_ZERO;STRUCTURAL_ZERO;STRUCTURAL_ZERO;STRUCTURAL_ZERO,12,0,0,,OK
red2_6800:482,,infeasible;infeasible;infeasible;infeasible;infeasible;infeasible;infeasible;infeasible;infeasible;infeasible;infeasible;infeasible,0;0;0;0;0;0;0;0;0;0;0;0,infeasible;infeasible;infeasible;infeasible;infeasible;infeasible;infeasible;infeasible;infeasible;infeasible;infeasible;infeasible,infeasible;infeasible;infeasible;infeasible;infeasible;infeasible;infeasible;infeasible;infeasible;infeasible;infeasible;infeasible,0;1;2;3;4;5;6;7;8;9;10;11,STRUCTURAL_ZERO;STRUCTURAL_ZERO;STRUCTURAL_ZERO;STRUCTURAL_ZERO;STRUCTURAL_ZERO;STRUCTURAL_ZERO;STRUCTURAL_ZERO;STRUCTURAL_ZERO;STRUCTURAL_ZERO;STRUCTURAL_ZERO;STRUCTURAL_ZERO;STRUCTURAL_ZERO,12,0,0,,OK
red2_6800:483,,infeasible;infeasible;infeasible;infeasible;infeasible;infeasible;infeasible;infeasible;infeasible;infeasible;infeasible;infeasible,0;0;0;0;0;0;0;0;0;0;0;0,infeasible;infeasible;infeasible;infeasible;infeasible;infeasible;infeasible;infeasible;infeasible;infeasible;infeasible;infeasible,infeasible;infeasible;infeasible;infeasible;infeasible;infeasible;infeasible;infeasible;infeasible;infeasible;infeasible;infeasible,0;1;2;3;4;5;6;7;8;9;10;11,STRUCTURAL_ZERO;STRUCTURAL_ZERO;STRUCTURAL_ZERO;STRUCTURAL_ZERO;STRUCTURAL_ZERO;STRUCTURAL_ZERO;STRUCTURAL_ZERO;STRUCTURAL_ZERO;STRUCTURAL_ZERO;STRUCTURAL_ZERO;STRUCTURAL_ZERO;STRUCTURAL_ZERO,12,0,0,,OK
red2_6800:484,,infeasible;infeasible;infeasible;infeasible;infeasible;infeasible;infeasible;infeasible;infeasible;infeasible;infeasible;infeasible,0;0;0;0;0;0;0;0;0;0;0;0,infeasible;infeasible;infeasible;infeasible;infeasible;infeasible;infeasible;infeasible;infeasible;infeasible;infeasible;infeasible,infeasible;infeasible;infeasible;infeasible;infeasible;infeasible;infeasible;infeasible;infeasible;infeasible;infeasible;infeasible,0;1;2;3;4;5;6;7;8;9;10;11,STRUCTURAL_ZERO;STRUCTURAL_ZERO;STRUCTURAL_ZERO;STRUCTURAL_ZERO;STRUCTURAL_ZERO;STRUCTURAL_ZERO;STRUCTURAL_ZERO;STRUCTURAL_ZERO;STRUCTURAL_ZERO;STRUCTURAL_ZERO;STRUCTURAL_ZERO;STRUCTURAL_ZERO,12,0,0,,OK
red2_6800:485,,infeasible;infeasible;infeasible;infeasible;infeasible;infeasible;infeasible;infeasible;infeasible;infeasible;infeasible;infeasible,0;0;0;0;0;0;0;0;0;0;0;0,infeasible;infeasible;infeasible;infeasible;infeasible;infeasible;infeasible;infeasible;infeasible;infeasible;infeasible;infeasible,infeasible;infeasible;infeasible;infeasible;infeasible;infeasible;infeasible;infeasible;infeasible;infeasible;infeasible;infeasible,0;1;2;3;4;5;6;7;8;9;10;11,STRUCTURAL_ZERO;STRUCTURAL_ZERO;STRUCTURAL_ZERO;STRUCTURAL_ZERO;STRUCTURAL_ZERO;STRUCTURAL_ZERO;STRUCTURAL_ZERO;STRUCTURAL_ZERO;STRUCTURAL_ZERO;STRUCTURAL_ZERO;STRUCTURAL_ZERO;STRUCTURAL_ZERO,12,0,0,,OK
red2_6800:486,,infeasible;infeasible;infeasible;infeasible;infeasible;infeasible;infeasible;infeasible;infeasible;infeasible;infeasible;infeasible,0;0;0;0;0;0;0;0;0;0;0;0,infeasible;infeasible;infeasible;infeasible;infeasible;infeasible;infeasible;infeasible;infeasible;infeasible;infeasible;infeasible,infeasible;infeasible;infeasible;infeasible;infeasible;infeasible;infeasible;infeasible;infeasible;infeasible;infeasible;infeasible,0;1;2;3;4;5;6;7;8;9;10;11,STRUCTURAL_ZERO;STRUCTURAL_ZERO;STRUCTURAL_ZERO;STRUCTURAL_ZERO;STRUCTURAL_ZERO;STRUCTURAL_ZERO;STRUCTURAL_ZERO;STRUCTURAL_ZERO;STRUCTURAL_ZERO;STRUCTURAL_ZERO;STRUCTURAL_ZERO;STRUCTURAL_ZERO,12,0,0,,OK
red2_6800:487,,infeasible;infeasible;infeasible;infeasible;infeasible;infeasible;infeasible;infeasible;infeasible;infeasible;infeasible;infeasible,0;0;0;0;0;0;0;0;0;0;0;0,infeasible;infeasible;infeasible;infeasible;infeasible;infeasible;infeasible;infeasible;infeasible;infeasible;infeasible;infeasible,infeasible;infeasible;infeasible;infeasible;infeasible;infeasible;infeasible;infeasible;infeasible;infeasible;infeasible;infeasible,0;1;2;3;4;5;6;7;8;9;10;11,STRUCTURAL_ZERO;STRUCTURAL_ZERO;STRUCTURAL_ZERO;STRUCTURAL_ZERO;STRUCTURAL_ZERO;STRUCTURAL_ZERO;STRUCTURAL_ZERO;STRUCTURAL_ZERO;STRUCTURAL_ZERO;STRUCTURAL_ZERO;STRUCTURAL_ZERO;STRUCTURAL_ZERO,12,0,0,,OK
red2_6800:488,,infeasible;infeasible;infeasible;infeasible;infeasible;infeasible;infeasible;infeasible;infeasible;infeasible;infeasible;infeasible,0;0;0;0;0;0;0;0;0;0;0;0,infeasible;infeasible;infeasible;infeasible;infeasible;infeasible;infeasible;infeasible;infeasible;infeasible;infeasible;infeasible,infeasible;infeasible;infeasible;infeasible;infeasible;infeasible;infeasible;infeasible;infeasible;infeasible;infeasible;infeasible,0;1;2;3;4;5;6;7;8;9;10;11,STRUCTURAL_ZERO;STRUCTURAL_ZERO;STRUCTURAL_ZERO;STRUCTURAL_ZERO;STRUCTURAL_ZERO;STRUCTURAL_ZERO;STRUCTURAL_ZERO;STRUCTURAL_ZERO;STRUCTURAL_ZERO;STRUCTURAL_ZERO;STRUCTURAL_ZERO;STRUCTURAL_ZERO,12,0,0,,OK
red2_6800:489,,infeasible;infeasible;infeasible;infeasible;infeasible;infeasible;infeasible;infeasible;infeasible;infeasible;infeasible;infeasible,0;0;0;0;0;0;0;0;0;0;0;0,infeasible;infeasible;infeasible;infeasible;infeasible;infeasible;infeasible;infeasible;infeasible;infeasible;infeasible;infeasible,infeasible;infeasible;infeasible;infeasible;infeasible;infeasible;infeasible;infeasible;infeasible;infeasible;infeasible;infeasible,0;1;2;3;4;5;6;7;8;9;10;11,STRUCTURAL_ZERO;STRUCTURAL_ZERO;STRUCTURAL_ZERO;STRUCTURAL_ZERO;STRUCTURAL_ZERO;STRUCTURAL_ZERO;STRUCTURAL_ZERO;STRUCTURAL_ZERO;STRUCTURAL_ZERO;STRUCTURAL_ZERO;STRUCTURAL_ZERO;STRUCTURAL_ZERO,12,0,0,,OK
