label,saved_status,rung1,growth,rung2,rung3,nonoptimal_T,classes,n_structural_zero,n_unresolved,n_resolved_on_retry,agrees_with_saved,status
D44:baseline_start,infeasible;optimal;optimal;optimal;optimal;optimal;optimal;optimal;optimal;optimal;optimal;optimal,infeasible;optimal;optimal;optimal;optimal;optimal;optimal;optimal;optimal;optimal;optimal;optimal,0;0.1117;0.485;0.7259;1.168;1.427;1.446;1.414;1.296;1.108;0.8329;0.2479,infeasible;optimal;optimal;optimal;optimal;optimal;optimal;optimal;optimal;optimal;optimal;optimal,infeasible;optimal;optimal;optimal;optimal;optimal;optimal;optimal;optimal;optimal;optimal;optimal,0,STRUCTURAL_ZERO,1,0,0,True,OK
D44:dTopt_minus_0.02,infeasible;optimal;optimal;optimal;optimal;optimal;optimal;optimal;optimal;optimal;optimal;optimal,infeasible;optimal;optimal;optimal;optimal;optimal;optimal;optimal;optimal;optimal;optimal;optimal,0;0.1125;0.4872;0.7288;1.171;1.427;1.446;1.413;1.295;1.106;0.8306;0.2467,infeasible;optimal;optimal;optimal;optimal;optimal;optimal;optimal;optimal;optimal;optimal;optimal,infeasible;optimal;optimal;optimal;optimal;optimal;optimal;optimal;optimal;optimal;optimal;optimal,0,STRUCTURAL_ZERO,1,0,0,True,OK
D44:dTopt_plus_0.02,infeasible;optimal;optimal;optimal;optimal;optimal;optimal;optimal;optimal;optimal;optimal;optimal,infeasible;optimal;optimal;optimal;optimal;optimal;optimal;optimal;optimal;optimal;optimal;optimal,0;0.1108;0.4828;0.723;1.165;1.426;1.446;1.414;1.297;1.11;0.8352;0.2491,infeasible;optimal;optimal;optimal;optimal;optimal;optimal;optimal;optimal;optimal;optimal;optimal,infeasible;optimal;optimal;optimal;optimal;optimal;optimal;optimal;optimal;optimal;optimal;optimal,0,STRUCTURAL_ZERO,1,0,0,True,OK
D44:dTopt_minus_0.04,infeasible;optimal;optimal;optimal;optimal;optimal;optimal;optimal;optimal;optimal;optimal;optimal,infeasible;optimal;optimal;optimal;optimal;optimal;optimal;optimal;optimal;optimal;optimal;optimal,0;0.1134;0.4895;0.7317;1.174;1.428;1.446;1.413;1.294;1.103;0.8283;0.2455,infeasible;optimal;optimal;optimal;optimal;optimal;optimal;optimal;optimal;optimal;optimal;optimal,infeasible;optimal;optimal;optimal;optimal;optimal;optimal;optimal;optimal;optimal;optimal;optimal,0,STRUCTURAL_ZERO,1,0,0,True,OK
D44:dTopt_plus_0.04,infeasible;optimal;optimal;optimal;optimal;optimal;optimal;optimal;optimal;optimal;optimal;optimal,infeasible;optimal;optimal;optimal;optimal;optimal;optimal;optimal;optimal;optimal;optimal;optimal,0;0.1099;0.4805;0.7201;1.163;1.426;1.446;1.414;1.298;1.112;0.8375;0.2503,infeasible;optimal;optimal;optimal;optimal;optimal;optimal;optimal;optimal;optimal;optimal;optimal,infeasible;optimal;optimal;optimal;optimal;optimal;optimal;optimal;optimal;optimal;optimal;optimal,0,STRUCTURAL_ZERO,1,0,0,True,OK
D44:topt_scale_minus_0.02,infeasible;optimal;optimal;optimal;optimal;optimal;optimal;optimal;optimal;optimal;optimal;optimal,infeasible;optimal;optimal;optimal;optimal;optimal;optimal;optimal;optimal;optimal;optimal;optimal,0;0.1125;0.4874;0.7294;1.172;1.427;1.446;1.413;1.295;1.106;0.8307;0.2469,infeasible;optimal;optimal;optimal;optimal;optimal;optimal;optimal;optimal;optimal;optimal;optimal,infeasible;optimal;optimal;optimal;optimal;optimal;optimal;optimal;optimal;optimal;optimal;optimal,0,STRUCTURAL_ZERO,1,0,0,True,OK
D44:topt_scale_plus_0.02,infeasible;optimal;optimal;optimal;optimal;optimal;optimal;optimal;optimal;optimal;optimal;optimal,infeasible;optimal;optimal;optimal;optimal;optimal;optimal;optimal;optimal;optimal;optimal;optimal,0;0.1108;0.4826;0.7224;1.165;1.426;1.446;1.414;1.297;1.109;0.835;0.2489,infeasible;optimal;optimal;optimal;optimal;optimal;optimal;optimal;optimal;optimal;optimal;optimal,infeasible;optimal;optimal;optimal;optimal;optimal;optimal;optimal;optimal;optimal;optimal;optimal,0,STRUCTURAL_ZERO,1,0,0,True,OK
D44:topt_scale_minus_0.04,infeasible;optimal;optimal;optimal;optimal;optimal;optimal;optimal;optimal;optimal;optimal;optimal,infeasible;optimal;optimal;optimal;optimal;optimal;optimal;optimal;optimal;optimal;optimal;optimal,0;0.1134;0.4899;0.7329;1.175;1.428;1.446;1.413;1.295;1.104;0.8286;0.2459,infeasible;optimal;optimal;optimal;optimal;optimal;optimal;optimal;optimal;optimal;optimal;optimal,infeasible;optimal;optimal;optimal;optimal;optimal;optimal;optimal;optimal;optimal;optimal;optimal,0,STRUCTURAL_ZERO,1,0,0,True,OK
D44:topt_scale_plus_0.04,infeasible;optimal;optimal;optimal;optimal;optimal;optimal;optimal;optimal;optimal;optimal;optimal,infeasible;optimal;optimal;optimal;optimal;optimal;optimal;optimal;optimal;optimal;optimal;optimal,0;0.1099;0.4802;0.719;1.161;1.426;1.446;1.414;1.298;1.111;0.8372;0.2499,infeasible;optimal;optimal;optimal;optimal;optimal;optimal;optimal;optimal;optimal;optimal;optimal,infeasible;optimal;optimal;optimal;optimal;optimal;optimal;optimal;optimal;optimal;optimal;optimal,0,STRUCTURAL_ZERO,1,0,0,True,OK
D44:dCp_scale_minus_0.02,infeasible;optimal;optimal;optimal;optimal;optimal;optimal;optimal;optimal;optimal;optimal;optimal,infeasible;optimal;optimal;optimal;optimal;optimal;optimal;optimal;optimal;optimal;optimal;optimal,0;0.1132;0.488;0.7297;1.171;1.427;1.446;1.414;1.297;1.109;0.8354;0.2497,infeasible;optimal;optimal;optimal;optimal;optimal;optimal;optimal;optimal;optimal;optimal;optimal,infeasible;optimal;optimal;optimal;optimal;optimal;optimal;optimal;optimal;optimal;optimal;optimal,0,STRUCTURAL_ZERO,1,0,0,True,OK
D44:dCp_scale_plus_0.02,infeasible;optimal;optimal;optimal;optimal;optimal;optimal;optimal;optimal;optimal;optimal;optimal,infeasible;optimal;optimal;optimal;optimal;optimal;optimal;optimal;optimal;optimal;optimal;optimal,0;0.1101;0.4819;0.722;1.165;1.427;1.446;1.413;1.295;1.106;0.8303;0.246,infeasible;optimal;optimal;optimal;optimal;optimal;optimal;optimal;optimal;optimal;optimal;optimal,infeasible;optimal;optimal;optimal;optimal;optimal;optimal;optimal;optimal;optimal;optimal;optimal,0,STRUCTURAL_ZERO,1,0,0,True,OK
D44:dCp_scale_minus_0.04,infeasible;optimal;optimal;optimal;optimal;optimal;optimal;optimal;optimal;optimal;optimal;optimal,infeasible;optimal;optimal;optimal;optimal;optimal;optimal;optimal;optimal;optimal;optimal;optimal,0;0.1147;0.4911;0.7335;1.174;1.427;1.446;1.414;1.298;1.111;0.8379;0.2515,infeasible;optimal;optimal;optimal;optimal;optimal;optimal;optimal;optimal;optimal;optimal;optimal,infeasible;optimal;optimal;optimal;optimal;optimal;optimal;optimal;optimal;optimal;optimal;optimal,0,STRUCTURAL_ZERO,1,0,0,True,OK
D44:dCp_scale_plus_0.04,infeasible;optimal;optimal;optimal;optimal;optimal;optimal;optimal;optimal;optimal;optimal;optimal,infeasible;optimal;optimal;optimal;optimal;optimal;optimal;optimal;optimal;optimal;optimal;optimal,0;0.1085;0.4787;0.7183;1.162;1.426;1.446;1.413;1.295;1.104;0.8276;0.2441,infeasible;optimal;optimal;optimal;optimal;optimal;optimal;optimal;optimal;optimal;optimal;optimal,infeasible;optimal;optimal;optimal;optimal;optimal;optimal;optimal;optimal;optimal;optimal;optimal,0,STRUCTURAL_ZERO,1,0,0,True,OK
D44:tm_scale_minus_0.02,infeasible;optimal;optimal;optimal;optimal;optimal;optimal;optimal;optimal;optimal;optimal;optimal,infeasible;optimal;optimal;optimal;optimal;optimal;optimal;optimal;optimal;optimal;optimal;optimal,0;0.1117;0.485;0.7259;1.168;1.427;1.446;1.414;1.296;1.108;0.8334;0.2513,infeasible;optimal;optimal;optimal;optimal;optimal;optimal;optimal;optimal;optimal;optimal;optimal,infeasible;optimal;optimal;optimal;optimal;optimal;optimal;optimal;optimal;optimal;optimal;optimal,0,STRUCTURAL_ZERO,1,0,0,True,OK
D44:tm_scale_plus_0.02,infeasible;optimal;optimal;optimal;optimal;optimal;optimal;optimal;optimal;optimal;optimal;optimal,infeasible;optimal;optimal;optimal;optimal;optimal;optimal;optimal;optimal;optimal;optimal;optimal,0;0.1117;0.485;0.7259;1.168;1.427;1.446;1.413;1.296;1.107;0.8323;0.2445,infeasible;optimal;optimal;optimal;optimal;optimal;optimal;optimal;optimal;optimal;optimal;optimal,infeasible;optimal;optimal;optimal;optimal;optimal;optimal;optimal;optimal;optimal;optimal;optimal,0,STRUCTURAL_ZERO,1,0,0,True,OK
D44:tm_scale_minus_0.04,infeasible;optimal;optimal;optimal;optimal;optimal;optimal;optimal;optimal;optimal;optimal;optimal,infeasible;optimal;optimal;optimal;optimal;optimal;optimal;optimal;optimal;optimal;optimal;optimal,0;0.1117;0.485;0.7259;1.168;1.427;1.446;1.414;1.297;1.109;0.8339;0.2546,infeasible;optimal;optimal;optimal;optimal;optimal;optimal;optimal;optimal;optimal;optimal;optimal,infeasible;optimal;optimal;optimal;optimal;optimal;optimal;optimal;optimal;optimal;optimal;optimal,0,STRUCTURAL_ZERO,1,0,0,True,OK
D44:tm_scale_plus_0.04,infeasible;optimal;optimal;optimal;optimal;optimal;optimal;optimal;optimal;optimal;optimal;optimal,infeasible;optimal;optimal;optimal;optimal;optimal;optimal;optimal;optimal;optimal;optimal;optimal,0;0.1117;0.485;0.7259;1.168;1.427;1.446;1.413;1.296;1.106;0.8318;0.2411,infeasible;optimal;optimal;optimal;optimal;optimal;optimal;optimal;optimal;optimal;optimal;optimal,infeasible;optimal;optimal;optimal;optimal;optimal;optimal;optimal;optimal;optimal;optimal;optimal,0,STRUCTURAL_ZERO,1,0,0,True,OK
D44:kcat_scale_minus_0.02,infeasible;optimal;optimal;optimal;optimal;optimal;optimal;optimal;optimal;optimal;optimal;optimal,infeasible;optimal;optimal;optimal;optimal;optimal;optimal;optimal;optimal;optimal;optimal;optimal,0;0.1106;0.4813;0.7207;1.161;1.423;1.443;1.41;1.293;1.101;0.8276;0.246,infeasible;optimal;optimal;optimal;optimal;optimal;optimal;optimal;optimal;optimal;optimal;optimal,infeasible;optimal;optimal;optimal;optimal;optimal;optimal;optimal;optimal;optimal;optimal;optimal,0,STRUCTURAL_ZERO,1,0,0,True,OK
D44:kcat_scale_plus_0.02,infeasible;optimal;optimal;optimal;optimal;optimal;optimal;optimal;optimal;optimal;optimal;optimal,infeasible;optimal;optimal;optimal;optimal;optimal;optimal;optimal;optimal;optimal;optimal;optimal,0;0.1127;0.4887;0.7312;1.176;1.43;1.449;1.417;1.3;1.114;0.8381;0.2498,infeasible;optimal;optimal;optimal;optimal;optimal;optimal;optimal;optimal;optimal;optimal;optimal,infeasible;optimal;optimal;optimal;optimal;optimal;optimal;optimal;optimal;optimal;optimal;optimal,0,STRUCTURAL_ZERO,1,0,0,True,OK
D44:kcat_scale_minus_0.04,infeasible;optimal;optimal;optimal;optimal;optimal;optimal;optimal;optimal;optimal;optimal;optimal,infeasible;optimal;optimal;optimal;optimal;optimal;optimal;optimal;optimal;optimal;optimal;optimal,0;0.1096;0.4776;0.7154;1.154;1.42;1.44;1.406;1.289;1.095;0.8224;0.2441,infeasible;optimal;optimal;optimal;optimal;optimal;optimal;optimal;optimal;optimal;optimal;optimal,infeasible;optimal;optimal;optimal;optimal;optimal;optimal;optimal;optimal;optimal;optimal;optimal,0,STRUCTURAL_ZERO,1,0,0,True,OK
D44:kcat_scale_plus_0.04,infeasible;optimal;optimal;optimal;optimal;optimal;optimal;optimal;optimal;optimal;optimal;optimal,infeasible;optimal;optimal;optimal;optimal;optimal;optimal;optimal;optimal;optimal;optimal;optimal,0;0.1138;0.4924;0.7365;1.183;1.434;1.452;1.42;1.304;1.12;0.8435;0.2517,infeasible;optimal;optimal;optimal;optimal;optimal;optimal;optimal;optimal;optimal;optimal;optimal,infeasible;optimal;optimal;optimal;optimal;optimal;optimal;optimal;optimal;optimal;optimal;optimal,0,STRUCTURAL_ZERO,1,0,0,True,OK
D44:kappa_scale_minus_0.02,infeasible;optimal;optimal;optimal;optimal;optimal;optimal;optimal;optimal;optimal;optimal;optimal,infeasible;optimal;optimal;optimal;optimal;optimal;optimal;optimal;optimal;optimal;optimal;optimal,0;0.1117;0.485;0.7259;1.168;1.427;1.446;1.414;1.296;1.108;0.8329;0.2479,infeasible;optimal;optimal;optimal;optimal;optimal;optimal;optimal;optimal;optimal;optimal;optimal,infeasible;optimal;optimal;optimal;optimal;optimal;optimal;optimal;optimal;optimal;optimal;optimal,0,STRUCTURAL_ZERO,1,0,0,True,OK
D44:kappa_scale_plus_0.02,infeasible;optimal;optimal;optimal;optimal;optimal;optimal;optimal;optimal;optimal;optimal;optimal,infeasible;optimal;optimal;optimal;optimal;optimal;optimal;optimal;optimal;optimal;optimal;optimal,0;0.1117;0.485;0.7259;1.168;1.427;1.446;1.414;1.296;1.108;0.8329;0.2479,infeasible;optimal;optimal;optimal;optimal;optimal;optimal;optimal;optimal;optimal;optimal;optimal,infeasible;optimal;optimal;optimal;optimal;optimal;optimal;optimal;optimal;optimal;optimal;optimal,0,STRUCTURAL_ZERO,1,0,0,True,OK
D44:kappa_scale_minus_0.04,infeasible;optimal;optimal;optimal;optimal;optimal;optimal;optimal;optimal;optimal;optimal;optimal,infeasible;optimal;optimal;optimal;optimal;optimal;optimal;optimal;optimal;optimal;optimal;optimal,0;0.1117;0.485;0.7259;1.168;1.427;1.446;1.414;1.296;1.108;0.8329;0.2479,infeasible;optimal;optimal;optimal;optimal;optimal;optimal;optimal;optimal;optimal;optimal;optimal,infeasible;optimal;optimal;optimal;optimal;optimal;optimal;optimal;optimal;optimal;optimal;optimal,0,STRUCTURAL_ZERO,1,0,0,True,OK
D44:kappa_scale_plus_0.04,infeasible;optimal;optimal;optimal;optimal;optimal;optimal;optimal;optimal;optimal;optimal;optimal,infeasible;optimal;optimal;optimal;optimal;optimal;optimal;optimal;optimal;optimal;optimal;optimal,0;0.1117;0.485;0.7259;1.168;1.427;1.446;1.414;1.296;1.108;0.8329;0.2479,infeasible;optimal;optimal;optimal;optimal;optimal;optimal;optimal;optimal;optimal;optimal;optimal,infeasible;optimal;optimal;optimal;optimal;optimal;optimal;optimal;optimal;optimal;optimal;optimal,0,STRUCTURAL_ZERO,1,0,0,True,OK
D44:sigma_minus_0.02,infeasible;optimal;optimal;optimal;optimal;optimal;optimal;optimal;optimal;optimal;optimal;optimal,infeasible;optimal;optimal;optimal;optimal;optimal;optimal;optimal;optimal;optimal;optimal;optimal,0;0.1117;0.485;0.7259;1.168;1.421;1.441;1.407;1.29;1.108;0.8329;0.2479,infeasible;optimal;optimal;optimal;optimal;optimal;optimal;optimal;optimal;optimal;optimal;optimal,infeasible;optimal;optimal;optimal;optimal;optimal;optimal;optimal;optimal;optimal;optimal;optimal,0,STRUCTURAL_ZERO,1,0,0,True,OK
D44:sigma_plus_0.02,infeasible;optimal;optimal;optimal;optimal;optimal;optimal;optimal;optimal;optimal;optimal;optimal,infeasible;optimal;optimal;optimal;optimal;optimal;optimal;optimal;optimal;optimal;optimal;optimal,0;0.1117;0.485;0.7259;1.168;1.433;1.452;1.42;1.303;1.108;0.8329;0.2479,infeasible;optimal;optimal;optimal;optimal;optimal;optimal;optimal;optimal;optimal;optimal;optimal,infeasible;optimal;optimal;optimal;optimal;optimal;optimal;optimal;optimal;optimal;optimal;optimal,0,STRUCTURAL_ZERO,1,0,0,True,OK
D44:sigma_minus_0.04,infeasible;optimal;optimal;optimal;optimal;optimal;optimal;optimal;optimal;optimal;optimal;optimal,infeasible;optimal;optimal;optimal;optimal;optimal;optimal;optimal;optimal;optimal;optimal;optimal,0;0.1117;0.485;0.7259;1.161;1.415;1.435;1.401;1.284;1.108;0.8329;0.2479,infeasible;optimal;optimal;optimal;optimal;optimal;optimal;optimal;optimal;optimal;optimal;optimal,infeasible;optimal;optimal;optimal;optimal;optimal;optimal;optimal;optimal;optimal;optimal;optimal,0,STRUCTURAL_ZERO,1,0,0,True,OK
D44:sigma_plus_0.04,infeasible;optimal;optimal;optimal;optimal;optimal;optimal;optimal;optimal;optimal;optimal;optimal,infeasible;optimal;optimal;optimal;optimal;optimal;optimal;optimal;optimal;optimal;optimal;optimal,0;0.1117;0.485;0.7259;1.168;1.44;1.458;1.426;1.31;1.108;0.8329;0.2479,infeasible;optimal;optimal;optimal;optimal;optimal;optimal;optimal;optimal;optimal;optimal;optimal,infeasible;optimal;optimal;optimal;optimal;optimal;optimal;optimal;optimal;optimal;optimal;optimal,0,STRUCTURAL_ZERO,1,0,0,True,OK
D44:f_maint_minus_0.02,infeasible;optimal;optimal;optimal;optimal;optimal;optimal;optimal;optimal;optimal;optimal;optimal,infeasible;optimal;optimal;optimal;optimal;optimal;optimal;optimal;optimal;optimal;optimal;optimal,0;0.1117;0.485;0.726;1.168;1.427;1.446;1.414;1.297;1.108;0.8329;0.2479,infeasible;optimal;optimal;optimal;optimal;optimal;optimal;optimal;optimal;optimal;optimal;optimal,infeasible;optimal;optimal;optimal;optimal;optimal;optimal;optimal;optimal;optimal;optimal;optimal,0,STRUCTURAL_ZERO,1,0,0,True,OK
D44:f_maint_plus_0.02,infeasible;optimal;optimal;optimal;optimal;optimal;optimal;optimal;optimal;optimal;optimal;optimal,infeasible;optimal;optimal;optimal;optimal;optimal;optimal;optimal;optimal;optimal;optimal;optimal,0;0.1116;0.4849;0.7259;1.168;1.426;1.446;1.413;1.296;1.108;0.8328;0.2479,infeasible;optimal;optimal;optimal;optimal;optimal;optimal;optimal;optimal;optimal;optimal;optimal,infeasible;optimal;optimal;optimal;optimal;optimal;optimal;optimal;optimal;optimal;optimal;optimal,0,STRUCTURAL_ZERO,1,0,0,True,OK
D44:f_maint_minus_0.04,infeasible;optimal;optimal;optimal;optimal;optimal;optimal;optimal;optimal;optimal;optimal;optimal,infeasible;optimal;optimal;optimal;optimal;optimal;optimal;optimal;optimal;optimal;optimal;optimal,0;0.1117;0.4851;0.726;1.168;1.428;1.447;1.415;1.297;1.108;0.8329;0.2479,infeasible;optimal;optimal;optimal;optimal;optimal;optimal;optimal;optimal;optimal;optimal;optimal,infeasible;optimal;optimal;optimal;optimal;optimal;optimal;optimal;optimal;optimal;optimal;optimal,0,STRUCTURAL_ZERO,1,0,0,True,OK
D44:f_maint_plus_0.04,infeasible;optimal;optimal;optimal;optimal;optimal;optimal;optimal;optimal;optimal;optimal;optimal,infeasible;optimal;optimal;optimal;optimal;optimal;optimal;optimal;optimal;optimal;optimal;optimal,0;0.1116;0.4849;0.7258;1.168;1.426;1.445;1.412;1.295;1.107;0.8328;0.2478,infeasible;optimal;optimal;optimal;optimal;optimal;optimal;optimal;optimal;optimal;optimal;optimal,infeasible;optimal;optimal;optimal;optimal;optimal;optimal;optimal;optimal;optimal;optimal;optimal,0,STRUCTURAL_ZERO,1,0,0,True,OK
D44:ngam_scale_minus_0.02,infeasible;optimal;optimal;optimal;optimal;optimal;optimal;optimal;optimal;optimal;optimal;optimal,infeasible;optimal;optimal;optimal;optimal;optimal;optimal;optimal;optimal;optimal;optimal;optimal,0;0.1118;0.4851;0.7261;1.168;1.427;1.446;1.414;1.296;1.108;0.833;0.2479,infeasible;optimal;optimal;optimal;optimal;optimal;optimal;optimal;optimal;optimal;optimal;optimal,infeasible;optimal;optimal;optimal;optimal;optimal;optimal;optimal;optimal;optimal;optimal;optimal,0,STRUCTURAL_ZERO,1,0,0,True,OK
D44:ngam_scale_plus_0.02,infeasible;optimal;optimal;optimal;optimal;optimal;optimal;optimal;optimal;optimal;optimal;optimal,infeasible;optimal;optimal;optimal;optimal;optimal;optimal;optimal;optimal;optimal;optimal;optimal,0;0.1115;0.4848;0.7258;1.168;1.427;1.446;1.413;1.296;1.107;0.8327;0.2478,infeasible;optimal;optimal;optimal;optimal;optimal;optimal;optimal;optimal;optimal;optimal;optimal,infeasible;optimal;optimal;optimal;optimal;optimal;optimal;optimal;optimal;optimal;optimal;optimal,0,STRUCTURAL_ZERO,1,0,0,True,OK
D44:ngam_scale_minus_0.04,infeasible;optimal;optimal;optimal;optimal;optimal;optimal;optimal;optimal;optimal;optimal;optimal,infeasible;optimal;optimal;optimal;optimal;optimal;optimal;optimal;optimal;optimal;optimal;optimal,0;0.1119;0.4853;0.7262;1.168;1.427;1.446;1.414;1.297;1.108;0.8331;0.248,infeasible;optimal;optimal;optimal;optimal;optimal;optimal;optimal;optimal;optimal;optimal;optimal,infeasible;optimal;optimal;optimal;optimal;optimal;optimal;optimal;optimal;optimal;optimal;optimal,0,STRUCTURAL_ZERO,1,0,0,True,OK
D44:ngam_scale_plus_0.04,infeasible;optimal;optimal;optimal;optimal;optimal;optimal;optimal;optimal;optimal;optimal;optimal,infeasible;optimal;optimal;optimal;optimal;optimal;optimal;optimal;optimal;optimal;optimal;optimal,0;0.1114;0.4847;0.7256;1.168;1.427;1.446;1.413;1.296;1.107;0.8326;0.2478,infeasible;optimal;optimal;optimal;optimal;optimal;optimal;optimal;optimal;optimal;optimal;optimal,infeasible;optimal;optimal;optimal;optimal;optimal;optimal;optimal;optimal;optimal;optimal;optimal,0,STRUCTURAL_ZERO,1,0,0,True,OK
D44:ngam_steepness_minus_0.02,infeasible;optimal;optimal;optimal;optimal;optimal;optimal;optimal;optimal;optimal;optimal;optimal,infeasible;optimal;optimal;optimal;optimal;optimal;optimal;optimal;optimal;optimal;optimal;optimal,0;0.1117;0.485;0.726;1.168;1.427;1.446;1.414;1.296;1.108;0.833;0.2479,infeasible;optimal;optimal;optimal;optimal;optimal;optimal;optimal;optimal;optimal;optimal;optimal,infeasible;optimal;optimal;optimal;optimal;optimal;optimal;optimal;optimal;optimal;optimal;optimal,0,STRUCTURAL_ZERO,1,0,0,True,OK
D44:ngam_steepness_plus_0.02,infeasible;optimal;optimal;optimal;optimal;optimal;optimal;optimal;optimal;optimal;optimal;optimal,infeasible;optimal;optimal;optimal;optimal;optimal;optimal;optimal;optimal;optimal;optimal;optimal,0;0.1117;0.485;0.7259;1.168;1.427;1.446;1.413;1.296;1.107;0.8328;0.2478,infeasible;optimal;optimal;optimal;optimal;optimal;optimal;optimal;optimal;optimal;optimal;optimal,infeasible;optimal;optimal;optimal;optimal;optimal;optimal;optimal;optimal;optimal;optimal;optimal,0,STRUCTURAL_ZERO,1,0,0,True,OK
D44:ngam_steepness_minus_0.04,infeasible;optimal;optimal;optimal;optimal;optimal;optimal;optimal;optimal;optimal;optimal;optimal,infeasible;optimal;optimal;optimal;optimal;optimal;optimal;optimal;optimal;optimal;optimal;optimal,0;0.1117;0.485;0.726;1.168;1.427;1.446;1.414;1.296;1.108;0.833;0.2479,infeasible;optimal;optimal;optimal;optimal;optimal;optimal;optimal;optimal;optimal;optimal;optimal,infeasible;optimal;optimal;optimal;optimal;optimal;optimal;optimal;optimal;optimal;optimal;optimal,0,STRUCTURAL_ZERO,1,0,0,True,OK
D44:ngam_steepness_plus_0.04,infeasible;optimal;optimal;optimal;optimal;optimal;optimal;optimal;optimal;optimal;optimal;optimal,infeasible;optimal;optimal;optimal;optimal;optimal;optimal;optimal;optimal;optimal;optimal;optimal,0;0.1117;0.485;0.7258;1.168;1.427;1.446;1.413;1.296;1.107;0.8327;0.2478,infeasible;optimal;optimal;optimal;optimal;optimal;optimal;optimal;optimal;optimal;optimal;optimal,infeasible;optimal;optimal;optimal;optimal;optimal;optimal;optimal;optimal;optimal;optimal;optimal,0,STRUCTURAL_ZERO,1,0,0,True,OK
D44:clearance_mult_minus_0.02,infeasible;optimal;optimal;optimal;optimal;optimal;optimal;optimal;optimal;optimal;optimal;optimal,infeasible;optimal;optimal;optimal;optimal;optimal;optimal;optimal;optimal;optimal;optimal;optimal,0;0.1116;0.4848;0.7256;1.167;1.426;1.445;1.413;1.296;1.106;0.8324;0.2478,infeasible;optimal;optimal;optimal;optimal;optimal;optimal;optimal;optimal;optimal;optimal;optimal,infeasible;optimal;optimal;optimal;optimal;optimal;optimal;optimal;optimal;optimal;optimal;optimal,0,STRUCTURAL_ZERO,1,0,0,True,OK
D44:clearance_mult_plus_0.02,infeasible;optimal;optimal;optimal;optimal;optimal;optimal;optimal;optimal;optimal;optimal;optimal,infeasible;optimal;optimal;optimal;optimal;optimal;optimal;optimal;optimal;optimal;optimal;optimal,0;0.1117;0.4851;0.7262;1.169;1.428;1.447;1.414;1.297;1.109;0.8333;0.2479,infeasible;optimal;optimal;optimal;optimal;optimal;optimal;optimal;optimal;optimal;optimal;optimal,infeasible;optimal;optimal;optimal;optimal;optimal;optimal;optimal;optimal;optimal;optimal;optimal,0,STRUCTURAL_ZERO,1,0,0,True,OK
D44:clearance_mult_minus_0.04,infeasible;optimal;optimal;optimal;optimal;optimal;optimal;optimal;optimal;optimal;optimal;optimal,infeasible;optimal;optimal;optimal;optimal;optimal;optimal;optimal;optimal;optimal;optimal;optimal,0;0.1115;0.4846;0.7254;1.166;1.425;1.444;1.412;1.295;1.105;0.832;0.2478,infeasible;optimal;optimal;optimal;optimal;optimal;optimal;optimal;optimal;optimal;optimal;optimal,infeasible;optimal;optimal;optimal;optimal;optimal;optimal;optimal;optimal;optimal;optimal;optimal,0,STRUCTURAL_ZERO,1,0,0,True,OK
D44:clearance_mult_plus_0.04,infeasible;optimal;optimal;optimal;optimal;optimal;optimal;optimal;optimal;optimal;optimal;optimal,infeasible;optimal;optimal;optimal;optimal;optimal;optimal;optimal;optimal;optimal;optimal;optimal,0;0.1118;0.4853;0.7264;1.17;1.428;1.448;1.415;1.298;1.11;0.8337;0.248,infeasible;optimal;optimal;optimal;optimal;optimal;optimal;optimal;optimal;optimal;optimal;optimal,infeasible;optimal;optimal;optimal;optimal;optimal;optimal;optimal;optimal;optimal;optimal;optimal,0,STRUCTURAL_ZERO,1,0,0,True,OK
D44:resp_scale_minus_0.02,infeasible;optimal;optimal;optimal;optimal;optimal;optimal;optimal;optimal;optimal;optimal;optimal,infeasible;optimal;optimal;optimal;optimal;optimal;optimal;optimal;optimal;optimal;optimal;optimal,0;0.1117;0.485;0.7259;1.168;1.427;1.446;1.414;1.296;1.108;0.8329;0.2479,infeasible;optimal;optimal;optimal;optimal;optimal;optimal;optimal;optimal;optimal;optimal;optimal,infeasible;optimal;optimal;optimal;optimal;optimal;optimal;optimal;optimal;optimal;optimal;optimal,0,STRUCTURAL_ZERO,1,0,0,True,OK
D44:resp_scale_plus_0.02,infeasible;optimal;optimal;optimal;optimal;optimal;optimal;optimal;optimal;optimal;optimal;optimal,infeasible;optimal;optimal;optimal;optimal;optimal;optimal;optimal;optimal;optimal;optimal;optimal,0;0.1117;0.485;0.7259;1.168;1.427;1.446;1.414;1.296;1.108;0.8329;0.2479,infeasible;optimal;optimal;optimal;optimal;optimal;optimal;optimal;optimal;optimal;optimal;optimal,infeasible;optimal;optimal;optimal;optimal;optimal;optimal;optimal;optimal;optimal;optimal;optimal,0,STRUCTURAL_ZERO,1,0,0,True,OK
D44:resp_scale_minus_0.04,infeasible;optimal;optimal;optimal;optimal;optimal;optimal;optimal;optimal;optimal;optimal;optimal,infeasible;optimal;optimal;optimal;optimal;optimal;optimal;optimal;optimal;optimal;optimal;optimal,0;0.1117;0.485;0.7259;1.168;1.427;1.446;1.414;1.296;1.108;0.8329;0.2479,infeasible;optimal;optimal;optimal;optimal;optimal;optimal;optimal;optimal;optimal;optimal;optimal,infeasible;optimal;optimal;optimal;optimal;optimal;optimal;optimal;optimal;optimal;optimal;optimal,0,STRUCTURAL_ZERO,1,0,0,True,OK
D44:resp_scale_plus_0.04,infeasible;optimal;optimal;optimal;optimal;optimal;optimal;optimal;optimal;optimal;optimal;optimal,infeasible;optimal;optimal;optimal;optimal;optimal;optimal;optimal;optimal;optimal;optimal;optimal,0;0.1117;0.485;0.7259;1.168;1.427;1.446;1.414;1.296;1.108;0.8329;0.2479,infeasible;optimal;optimal;optimal;optimal;optimal;optimal;optimal;optimal;optimal;optimal;optimal,infeasible;optimal;optimal;optimal;optimal;optimal;optimal;optimal;optimal;optimal;optimal;optimal,0,STRUCTURAL_ZERO,1,0,0,True,OK
D44:disc_resp_minus_0.02,infeasible;optimal;optimal;optimal;optimal;optimal;optimal;optimal;optimal;optimal;optimal;optimal,infeasible;optimal;optimal;optimal;optimal;optimal;optimal;optimal;optimal;optimal;optimal;optimal,0;0.1117;0.485;0.7259;1.168;1.427;1.446;1.414;1.296;1.108;0.8329;0.2479,infeasible;optimal;optimal;optimal;optimal;optimal;optimal;optimal;optimal;optimal;optimal;optimal,infeasible;optimal;optimal;optimal;optimal;optimal;optimal;optimal;optimal;optimal;optimal;optimal,0,STRUCTURAL_ZERO,1,0,0,True,OK
D44:disc_resp_plus_0.02,infeasible;optimal;optimal;optimal;optimal;optimal;optimal;optimal;optimal;optimal;optimal;optimal,infeasible;optimal;optimal;optimal;optimal;optimal;optimal;optimal;optimal;optimal;optimal;optimal,0;0.1117;0.485;0.7259;1.168;1.427;1.446;1.414;1.296;1.108;0.8329;0.2479,infeasible;optimal;optimal;optimal;optimal;optimal;optimal;optimal;optimal;optimal;optimal;optimal,infeasible;optimal;optimal;optimal;optimal;optimal;optimal;optimal;optimal;optimal;optimal;optimal,0,STRUCTURAL_ZERO,1,0,0,True,OK
D44:disc_resp_minus_0.04,infeasible;optimal;optimal;optimal;optimal;optimal;optimal;optimal;optimal;optimal;optimal;optimal,infeasible;optimal;optimal;optimal;optimal;optimal;optimal;optimal;optimal;optimal;optimal;optimal,0;0.1117;0.485;0.7259;1.168;1.427;1.446;1.414;1.296;1.108;0.8329;0.2479,infeasible;optimal;optimal;optimal;optimal;optimal;optimal;optimal;optimal;optimal;optimal;optimal,infeasible;optimal;optimal;optimal;optimal;optimal;optimal;optimal;optimal;optimal;optimal;optimal,0,STRUCTURAL_ZERO,1,0,0,True,OK
D44:disc_resp_plus_0.04,infeasible;optimal;optimal;optimal;optimal;optimal;optimal;optimal;optimal;optimal;optimal;optimal,infeasible;optimal;optimal;optimal;optimal;optimal;optimal;optimal;optimal;optimal;optimal;optimal,0;0.1117;0.485;0.7259;1.168;1.427;1.446;1.414;1.296;1.108;0.8329;0.2479,infeasible;optimal;optimal;optimal;optimal;optimal;optimal;optimal;optimal;optimal;optimal;optimal,infeasible;optimal;optimal;optimal;optimal;optimal;optimal;optimal;optimal;optimal;optimal;optimal,0,STRUCTURAL_ZERO,1,0,0,True,OK
D44:disc_growth_minus_0.02,infeasible;optimal;optimal;optimal;optimal;optimal;optimal;optimal;optimal;optimal;optimal;optimal,infeasible;optimal;optimal;optimal;optimal;optimal;optimal;optimal;optimal;optimal;optimal;optimal,0;0.1117;0.485;0.7259;1.168;1.427;1.446;1.414;1.296;1.108;0.8329;0.2479,infeasible;optimal;optimal;optimal;optimal;optimal;optimal;optimal;optimal;optimal;optimal;optimal,infeasible;optimal;optimal;optimal;optimal;optimal;optimal;optimal;optimal;optimal;optimal;optimal,0,STRUCTURAL_ZERO,1,0,0,True,OK
D44:disc_growth_plus_0.02,infeasible;optimal;optimal;optimal;optimal;optimal;optimal;optimal;optimal;optimal;optimal;optimal,infeasible;optimal;optimal;optimal;optimal;optimal;optimal;optimal;optimal;optimal;optimal;optimal,0;0.1117;0.485;0.7259;1.168;1.427;1.446;1.414;1.296;1.108;0.8329;0.2479,infeasible;optimal;optimal;optimal;optimal;optimal;optimal;optimal;optimal;optimal;optimal;optimal,infeasible;optimal;optimal;optimal;optimal;optimal;optimal;optimal;optimal;optimal;optimal;optimal,0,STRUCTURAL_ZERO,1,0,0,True,OK
D44:disc_growth_minus_0.04,infeasible;optimal;optimal;optimal;optimal;optimal;optimal;optimal;optimal;optimal;optimal;optimal,infeasible;optimal;optimal;optimal;optimal;optimal;optimal;optimal;optimal;optimal;optimal;optimal,0;0.1117;0.485;0.7259;1.168;1.427;1.446;1.414;1.296;1.108;0.8329;0.2479,infeasible;optimal;optimal;optimal;optimal;optimal;optimal;optimal;optimal;optimal;optimal;optimal,infeasible;optimal;optimal;optimal;optimal;optimal;optimal;optimal;optimal;optimal;optimal;optimal,0,STRUCTURAL_ZERO,1,0,0,True,OK
D44:disc_growth_plus_0.04,infeasible;optimal;optimal;optimal;optimal;optimal;optimal;optimal;optimal;optimal;optimal;optimal,infeasible;optimal;optimal;optimal;optimal;optimal;optimal;optimal;optimal;optimal;optimal;optimal,0;0.1117;0.485;0.7259;1.168;1.427;1.446;1.414;1.296;1.108;0.8329;0.2479,infeasible;optimal;optimal;optimal;optimal;optimal;optimal;optimal;optimal;optimal;optimal;optimal,infeasible;optimal;optimal;optimal;optimal;optimal;optimal;optimal;optimal;optimal;optimal;optimal,0,STRUCTURAL_ZERO,1,0,0,True,OK
D44:baseline_end,infeasible;optimal;optimal;optimal;optimal;optimal;optimal;optimal;optimal;optimal;optimal;optimal,infeasible;optimal;optimal;optimal;optimal;optimal;optimal;optimal;optimal;optimal;optimal;optimal,0;0.1117;0.485;0.7259;1.168;1.427;1.446;1.414;1.296;1.108;0.8329;0.2479,infeasible;optimal;optimal;optimal;optimal;optimal;optimal;optimal;optimal;optimal;optimal;optimal,infeasible;optimal;optimal;optimal;optimal;optimal;optimal;optimal;optimal;optimal;optimal;optimal,0,STRUCTURAL_ZERO,1,0,0,True,OK
stratum:red1:8285,infeasible;infeasible;infeasible;infeasible;infeasible;infeasible;infeasible;infeasible;infeasible;infeasible;infeasible;infeasible,infeasible;infeasible;infeasible;infeasible;infeasible;infeasible;infeasible;infeasible;infeasible;infeasible;infeasible;infeasible,0;0;0;0;0;0;0;0;0;0;0;0,infeasible;infeasible;infeasible;infeasible;infeasible;infeasible;infeasible;infeasible;infeasible;infeasible;infeasible;infeasible,infeasible;infeasible;infeasible;infeasible;infeasible;infeasible;infeasible;infeasible;infeasible;infeasible;infeasible;infeasible,0;1;2;3;4;5;6;7;8;9;10;11,STRUCTURAL_ZERO;STRUCTURAL_ZERO;STRUCTURAL_ZERO;STRUCTURAL_ZERO;STRUCTURAL_ZERO;STRUCTURAL_ZERO;STRUCTURAL_ZERO;STRUCTURAL_ZERO;STRUCTURAL_ZERO;STRUCTURAL_ZERO;STRUCTURAL_ZERO;STRUCTURAL_ZERO,12,0,0,True,OK
stratum:red1:8285,infeasible;infeasible;infeasible;infeasible;infeasible;infeasible;infeasible;infeasible;infeasible;infeasible;infeasible;infeasible,infeasible;infeasible;infeasible;infeasible;infeasible;infeasible;infeasible;infeasible;infeasible;infeasible;infeasible;infeasible,0;0;0;0;0;0;0;0;0;0;0;0,infeasible;infeasible;infeasible;infeasible;infeasible;infeasible;infeasible;infeasible;infeasible;infeasible;infeasible;infeasible,infeasible;infeasible;infeasible;infeasible;infeasible;infeasible;infeasible;infeasible;infeasible;infeasible;infeasible;infeasible,0;1;2;3;4;5;6;7;8;9;10;11,STRUCTURAL_ZERO;STRUCTURAL_ZERO;STRUCTURAL_ZERO;STRUCTURAL_ZERO;STRUCTURAL_ZERO;STRUCTURAL_ZERO;STRUCTURAL_ZERO;STRUCTURAL_ZERO;STRUCTURAL_ZERO;STRUCTURAL_ZERO;STRUCTURAL_ZERO;STRUCTURAL_ZERO,12,0,0,True,OK
stratum:red1:8285,infeasible;infeasible;infeasible;infeasible;infeasible;infeasible;infeasible;infeasible;infeasible;infeasible;infeasible;infeasible,infeasible;infeasible;infeasible;infeasible;infeasible;infeasible;infeasible;infeasible;infeasible;infeasible;infeasible;infeasible,0;0;0;0;0;0;0;0;0;0;0;0,infeasible;infeasible;infeasible;infeasible;infeasible;infeasible;infeasible;infeasible;infeasible;infeasible;infeasible;infeasible,infeasible;infeasible;infeasible;infeasible;infeasible;infeasible;infeasible;infeasible;infeasible;infeasible;infeasible;infeasible,0;1;2;3;4;5;6;7;8;9;10;11,STRUCTURAL_ZERO;STRUCTURAL_ZERO;STRUCTURAL_ZERO;STRUCTURAL_ZERO;STRUCTURAL_ZERO;STRUCTURAL_ZERO;STRUCTURAL_ZERO;STRUCTURAL_ZERO;STRUCTURAL_ZERO;STRUCTURAL_ZERO;STRUCTURAL_ZERO;STRUCTURAL_ZERO,12,0,0,True,OK
stratum:red2:9051,infeasible;infeasible;infeasible;infeasible;infeasible;infeasible;infeasible;infeasible;infeasible;infeasible;infeasible;infeasible,infeasible;infeasible;infeasible;infeasible;infeasible;infeasible;infeasible;infeasible;infeasible;infeasible;infeasible;infeasible,0;0;0;0;0;0;0;0;0;0;0;0,infeasible;infeasible;infeasible;infeasible;infeasible;infeasible;infeasible;infeasible;infeasible;infeasible;infeasible;infeasible,infeasible;infeasible;infeasible;infeasible;infeasible;infeasible;infeasible;infeasible;infeasible;infeasible;infeasible;infeasible,0;1;2;3;4;5;6;7;8;9;10;11,STRUCTURAL_ZERO;STRUCTURAL_ZERO;STRUCTURAL_ZERO;STRUCTURAL_ZERO;STRUCTURAL_ZERO;STRUCTURAL_ZERO;STRUCTURAL_ZERO;STRUCTURAL_ZERO;STRUCTURAL_ZERO;STRUCTURAL_ZERO;STRUCTURAL_ZERO;STRUCTURAL_ZERO,12,0,0,True,OK
stratum:red2:9051,infeasible;infeasible;infeasible;infeasible;infeasible;infeasible;infeasible;infeasible;infeasible;infeasible;infeasible;infeasible,infeasible;infeasible;infeasible;infeasible;infeasible;infeasible;infeasible;infeasible;infeasible;infeasible;infeasible;infeasible,0;0;0;0;0;0;0;0;0;0;0;0,infeasible;infeasible;infeasible;infeasible;infeasible;infeasible;infeasible;infeasible;infeasible;infeasible;infeasible;infeasible,infeasible;infeasible;infeasible;infeasible;infeasible;infeasible;infeasible;infeasible;infeasible;infeasible;infeasible;infeasible,0;1;2;3;4;5;6;7;8;9;10;11,STRUCTURAL_ZERO;STRUCTURAL_ZERO;STRUCTURAL_ZERO;STRUCTURAL_ZERO;STRUCTURAL_ZERO;STRUCTURAL_ZERO;STRUCTURAL_ZERO;STRUCTURAL_ZERO;STRUCTURAL_ZERO;STRUCTURAL_ZERO;STRUCTURAL_ZERO;STRUCTURAL_ZERO,12,0,0,True,OK
stratum:red2:9051,infeasible;infeasible;infeasible;infeasible;infeasible;infeasible;infeasible;infeasible;infeasible;infeasible;infeasible;infeasible,infeasible;infeasible;infeasible;infeasible;infeasible;infeasible;infeasible;infeasible;infeasible;infeasible;infeasible;infeasible,0;0;0;0;0;0;0;0;0;0;0;0,infeasible;infeasible;infeasible;infeasible;infeasible;infeasible;infeasible;infeasible;infeasible;infeasible;infeasible;infeasible,infeasible;infeasible;infeasible;infeasible;infeasible;infeasible;infeasible;infeasible;infeasible;infeasible;infeasible;infeasible,0;1;2;3;4;5;6;7;8;9;10;11,STRUCTURAL_ZERO;STRUCTURAL_ZERO;STRUCTURAL_ZERO;STRUCTURAL_ZERO;STRUCTURAL_ZERO;STRUCTURAL_ZERO;STRUCTURAL_ZERO;STRUCTURAL_ZERO;STRUCTURAL_ZERO;STRUCTURAL_ZERO;STRUCTURAL_ZERO;STRUCTURAL_ZERO,12,0,0,True,OK
red2_6800:0,,infeasible;optimal;optimal;optimal;optimal;optimal;optimal;optimal;optimal;optimal;optimal;optimal,0;0.07979;0.409;0.6331;1.071;1.413;1.44;1.41;1.291;1.085;0.807;0.242,infeasible;optimal;optimal;optimal;optimal;optimal;optimal;optimal;optimal;optimal;optimal;optimal,infeasible;optimal;optimal;optimal;optimal;optimal;optimal;optimal;optimal;optimal;optimal;optimal,0,STRUCTURAL_ZERO,1,0,0,,OK
red2_6800:1,,infeasible;infeasible;infeasible;infeasible;infeasible;infeasible;infeasible;infeasible;infeasible;infeasible;infeasible;infeasible,0;0;0;0;0;0;0;0;0;0;0;0,infeasible;infeasible;infeasible;infeasible;infeasible;infeasible;infeasible;infeasible;infeasible;infeasible;infeasible;infeasible,infeasible;infeasible;infeasible;infeasible;infeasible;infeasible;infeasible;infeasible;infeasible;infeasible;infeasible;infeasible,0;1;2;3;4;5;6;7;8;9;10;11,STRUCTURAL_ZERO;STRUCTURAL_ZERO;STRUCTURAL_ZERO;STRUCTURAL_ZERO;STRUCTURAL_ZERO;STRUCTURAL_ZERO;STRUCTURAL_ZERO;STRUCTURAL_ZERO;STRUCTURAL_ZERO;STRUCTURAL_ZERO;STRUCTURAL_ZERO;STRUCTURAL_ZERO,12,0,0,,OK
red2_6800:2,,infeasible;optimal;optimal;optimal;optimal;optimal;optimal;optimal;optimal;optimal;optimal;optimal,0;0.0517;0.3738;0.6353;1.005;1.41;1.469;1.485;1.401;1.239;0.4996;0.001738,infeasible;optimal;optimal;optimal;optimal;optimal;optimal;optimal;optimal;optimal;optimal;optimal,infeasible;optimal;optimal;optimal;optimal;optimal;optimal;optimal;optimal;optimal;optimal;optimal,0,STRUCTURAL_ZERO,1,0,0,,OK
red2_6800:3,,infeasible;infeasible;infeasible;infeasible;infeasible;infeasible;infeasible;infeasible;infeasible;infeasible;infeasible;infeasible,0;0;0;0;0;0;0;0;0;0;0;0,infeasible;infeasible;infeasible;infeasible;infeasible;infeasible;infeasible;infeasible;infeasible;infeasible;infeasible;infeasible,infeasible;infeasible;infeasible;infeasible;infeasible;infeasible;infeasible;infeasible;infeasible;infeasible;infeasible;infeasible,0;1;2;3;4;5;6;7;8;9;10;11,STRUCTURAL_ZERO;STRUCTURAL_ZERO;STRUCTURAL_ZERO;STRUCTURAL_ZERO;STRUCTURAL_ZERO;STRUCTURAL_ZERO;STRUCTURAL_ZERO;STRUCTURAL_ZERO;STRUCTURAL_ZERO;STRUCTURAL_ZERO;STRUCTURAL_ZERO;STRUCTURAL_ZERO,12,0,0,,OK
red2_6800:4,,infeasible;infeasible;infeasible;infeasible;infeasible;infeasible;infeasible;infeasible;infeasible;infeasible;infeasible;infeasible,0;0;0;0;0;0;0;0;0;0;0;0,infeasible;infeasible;infeasible;infeasible;infeasible;infeasible;infeasible;infeasible;infeasible;infeasible;infeasible;infeasible,infeasible;infeasible;infeasible;infeasible;infeasible;infeasible;infeasible;infeasible;infeasible;infeasible;infeasible;infeasible,0;1;2;3;4;5;6;7;8;9;10;11,STRUCTURAL_ZERO;STRUCTURAL_ZERO;STRUCTURAL_ZERO;STRUCTURAL_ZERO;STRUCTURAL_ZERO;STRUCTURAL_ZERO;STRUCTURAL_ZERO;STRUCTURAL_ZERO;STRUCTURAL_ZERO;STRUCTURAL_ZERO;STRUCTURAL_ZERO;STRUCTURAL_ZERO,12,0,0,,OK
red2_6800:5,,infeasible;infeasible;infeasible;infeasible;infeasible;infeasible;infeasible;infeasible;infeasible;infeasible;infeasible;infeasible,0;0;0;0;0;0;0;0;0;0;0;0,infeasible;infeasible;infeasible;infeasible;infeasible;infeasible;infeasible;infeasible;infeasible;infeasible;infeasible;infeasible,infeasible;infeasible;infeasible;infeasible;infeasible;infeasible;infeasible;infeasible;infeasible;infeasible;infeasible;infeasible,0;1;2;3;4;5;6;7;8;9;10;11,STRUCTURAL_ZERO;STRUCTURAL_ZERO;STRUCTURAL_ZERO;STRUCTURAL_ZERO;STRUCTURAL_ZERO;STRUCTURAL_ZERO;STRUCTURAL_ZERO;STRUCTURAL_ZERO;STRUCTURAL_ZERO;STRUCTURAL_ZERO;STRUCTURAL_ZERO;STRUCTURAL_ZERO,12,0,0,,OK
red2_6800:6,,infeasible;infeasible;infeasible;infeasible;infeasible;infeasible;infeasible;infeasible;infeasible;infeasible;infeasible;infeasible,0;0;0;0;0;0;0;0;0;0;0;0,infeasible;infeasible;infeasible;infeasible;infeasible;infeasible;infeasible;infeasible;infeasible;infeasible;infeasible;infeasible,infeasible;infeasible;infeasible;infeasible;infeasible;infeasible;infeasible;infeasible;infeasible;infeasible;infeasible;infeasible,0;1;2;3;4;5;6;7;8;9;10;11,STRUCTURAL_ZERO;STRUCTURAL_ZERO;STRUCTURAL_ZERO;STRUCTURAL_ZERO;STRUCTURAL_ZERO;STRUCTURAL_ZERO;STRUCTURAL_ZERO;STRUCTURAL_ZERO;STRUCTURAL_ZERO;STRUCTURAL_ZERO;STRUCTURAL_ZERO;STRUCTURAL_ZERO,12,0,0,,OK
red2_6800:7,,infeasible;infeasible;infeasible;infeasible;infeasible;infeasible;infeasible;infeasible;infeasible;infeasible;infeasible;infeasible,0;0;0;0;0;0;0;0;0;0;0;0,infeasible;infeasible;infeasible;infeasible;infeasible;infeasible;infeasible;infeasible;infeasible;infeasible;infeasible;infeasible,infeasible;infeasible;infeasible;infeasible;infeasible;infeasible;infeasible;infeasible;infeasible;infeasible;infeasible;infeasible,0;1;2;3;4;5;6;7;8;9;10;11,STRUCTURAL_ZERO;STRUCTURAL_ZERO;STRUCTURAL_ZERO;STRUCTURAL_ZERO;STRUCTURAL_ZERO;STRUCTURAL_ZERO;STRUCTURAL_ZERO;STRUCTURAL_ZERO;STRUCTURAL_ZERO;STRUCTURAL_ZERO;STRUCTURAL_ZERO;STRUCTURAL_ZERO,12,0,0,,OK
red2_6800:8,,infeasible;infeasible;infeasible;infeasible;infeasible;infeasible;infeasible;infeasible;infeasible;infeasible;infeasible;infeasible,0;0;0;0;0;0;0;0;0;0;0;0,infeasible;infeasible;infeasible;infeasible;infeasible;infeasible;infeasible;infeasible;infeasible;infeasible;infeasible;infeasible,infeasible;infeasible;infeasible;infeasible;infeasible;infeasible;infeasible;infeasible;infeasible;infeasible;infeasible;infeasible,0;1;2;3;4;5;6;7;8;9;10;11,STRUCTURAL_ZERO;STRUCTURAL_ZERO;STRUCTURAL_ZERO;STRUCTURAL_ZERO;STRUCTURAL_ZERO;STRUCTURAL_ZERO;STRUCTURAL_ZERO;STRUCTURAL_ZERO;STRUCTURAL_ZERO;STRUCTURAL_ZERO;STRUCTURAL_ZERO;STRUCTURAL_ZERO,12,0,0,,OK
red2_6800:9,,infeasible;infeasible;infeasible;infeasible;infeasible;infeasible;infeasible;infeasible;infeasible;infeasible;infeasible;infeasible,0;0;0;0;0;0;0;0;0;0;0;0,infeasible;infeasible;infeasible;infeasible;infeasible;infeasible;infeasible;infeasible;infeasible;infeasible;infeasible;infeasible,infeasible;infeasible;infeasible;infeasible;infeasible;infeasible;infeasible;infeasible;infeasible;infeasible;infeasible;infeasible,0;1;2;3;4;5;6;7;8;9;10;11,STRUCTURAL_ZERO;STRUCTURAL_ZERO;STRUCTURAL_ZERO;STRUCTURAL_ZERO;STRUCTURAL_ZERO;STRUCTURAL_ZERO;STRUCTURAL_ZERO;STRUCTURAL_ZERO;STRUCTURAL_ZERO;STRUCTURAL_ZERO;STRUCTURAL_ZERO;STRUCTURAL_ZERO,12,0,0,,OK
red2_6800:10,,infeasible;infeasible;infeasible;infeasible;infeasible;infeasible;infeasible;infeasible;infeasible;infeasible;infeasible;infeasible,0;0;0;0;0;0;0;0;0;0;0;0,infeasible;infeasible;infeasible;infeasible;infeasible;infeasible;infeasible;infeasible;infeasible;infeasible;infeasible;infeasible,infeasible;infeasible;infeasible;infeasible;infeasible;infeasible;infeasible;infeasible;infeasible;infeasible;infeasible;infeasible,0;1;2;3;4;5;6;7;8;9;10;11,STRUCTURAL_ZERO;STRUCTURAL_ZERO;STRUCTURAL_ZERO;STRUCTURAL_ZERO;STRUCTURAL_ZERO;STRUCTURAL_ZERO;STRUCTURAL_ZERO;STRUCTURAL_ZERO;STRUCTURAL_ZERO;STRUCTURAL_ZERO;STRUCTURAL_ZERO;STRUCTURAL_ZERO,12,0,0,,OK
red2_6800:11,,infeasible;infeasible;infeasible;infeasible;infeasible;infeasible;infeasible;infeasible;infeasible;infeasible;infeasible;infeasible,0;0;0;0;0;0;0;0;0;0;0;0,infeasible;infeasible;infeasible;infeasible;infeasible;infeasible;infeasible;infeasible;infeasible;infeasible;infeasible;infeasible,infeasible;infeasible;infeasible;infeasible;infeasible;infeasible;infeasible;infeasible;infeasible;infeasible;infeasible;infeasible,0;1;2;3;4;5;6;7;8;9;10;11,STRUCTURAL_ZERO;STRUCTURAL_ZERO;STRUCTURAL_ZERO;STRUCTURAL_ZERO;STRUCTURAL_ZERO;STRUCTURAL_ZERO;STRUCTURAL_ZERO;STRUCTURAL_ZERO;STRUCTURAL_ZERO;STRUCTURAL_ZERO;STRUCTURAL_ZERO;STRUCTURAL_ZERO,12,0,0,,OK
red2_6800:12,,infeasible;infeasible;infeasible;infeasible;infeasible;infeasible;infeasible;infeasible;infeasible;infeasible;infeasible;infeasible,0;0;0;0;0;0;0;0;0;0;0;0,infeasible;infeasible;infeasible;infeasible;infeasible;infeasible;infeasible;infeasible;infeasible;infeasible;infeasible;infeasible,infeasible;infeasible;infeasible;infeasible;infeasible;infeasible;infeasible;infeasible;infeasible;infeasible;infeasible;infeasible,0;1;2;3;4;5;6;7;8;9;10;11,STRUCTURAL_ZERO;STRUCTURAL_ZERO;STRUCTURAL_ZERO;STRUCTURAL_ZERO;STRUCTURAL_ZERO;STRUCTURAL_ZERO;STRUCTURAL_ZERO;STRUCTURAL_ZERO;STRUCTURAL_ZERO;STRUCTURAL_ZERO;STRUCTURAL_ZERO;STRUCTURAL_ZERO,12,0,0,,OK
red2_6800:13,,infeasible;infeasible;infeasible;infeasible;infeasible;infeasible;infeasible;infeasible;infeasible;infeasible;infeasible;infeasible,0;0;0;0;0;0;0;0;0;0;0;0,infeasible;infeasible;infeasible;infeasible;infeasible;infeasible;infeasible;infeasible;infeasible;infeasible;infeasible;infeasible,infeasible;infeasible;infeasible;infeasible;infeasible;infeasible;infeasible;infeasible;infeasible;infeasible;infeasible;infeasible,0;1;2;3;4;5;6;7;8;9;10;11,STRUCTURAL_ZERO;STRUCTURAL_ZERO;STRUCTURAL_ZERO;STRUCTURAL_ZERO;STRUCTURAL_ZERO;STRUCTURAL_ZERO;STRUCTURAL_ZERO;STRUCTURAL_ZERO;STRUCTURAL_ZERO;STRUCTURAL_ZERO;STRUCTURAL_ZERO;STRUCTURAL_ZERO,12,0,0,,OK
red2_6800:14,,infeasible;infeasible;infeasible;infeasible;infeasible;infeasible;infeasible;infeasible;infeasible;infeasible;infeasible;infeasible,0;0;0;0;0;0;0;0;0;0;0;0,infeasible;infeasible;infeasible;infeasible;infeasible;infeasible;infeasible;infeasible;infeasible;infeasible;infeasible;infeasible,infeasible;infeasible;infeasible;infeasible;infeasible;infeasible;infeasible;infeasible;infeasible;infeasible;infeasible;infeasible,0;1;2;3;4;5;6;7;8;9;10;11,STRUCTURAL_ZERO;STRUCTURAL_ZERO;STRUCTURAL_ZERO;STRUCTURAL_ZERO;STRUCTURAL_ZERO;STRUCTURAL_ZERO;STRUCTURAL_ZERO;STRUCTURAL_ZERO;STRUCTURAL_ZERO;STRUCTURAL_ZERO;STRUCTURAL_ZERO;STRUCTURAL_ZERO,12,0,0,,OK
red2_6800:15,,infeasible;infeasible;infeasible;infeasible;infeasible;infeasible;infeasible;infeasible;infeasible;infeasible;infeasible;infeasible,0;0;0;0;0;0;0;0;0;0;0;0,infeasible;infeasible;infeasible;infeasible;infeasible;infeasible;infeasible;infeasible;infeasible;infeasible;infeasible;infeasible,infeasible;infeasible;infeasible;infeasible;infeasible;infeasible;infeasible;infeasible;infeasible;infeasible;infeasible;infeasible,0;1;2;3;4;5;6;7;8;9;10;11,STRUCTURAL_ZERO;STRUCTURAL_ZERO;STRUCTURAL_ZERO;STRUCTURAL_ZERO;STRUCTURAL_ZERO;STRUCTURAL_ZERO;STRUCTURAL_ZERO;STRUCTURAL_ZERO;STRUCTURAL_ZERO;STRUCTURAL_ZERO;STRUCTURAL_ZERO;STRUCTURAL_ZERO,12,0,0,,OK
red2_6800:16,,infeasible;infeasible;infeasible;infeasible;infeasible;infeasible;infeasible;infeasible;infeasible;infeasible;infeasible;infeasible,0;0;0;0;0;0;0;0;0;0;0;0,infeasible;infeasible;infeasible;infeasible;infeasible;infeasible;infeasible;infeasible;infeasible;infeasible;infeasible;infeasible,infeasible;infeasible;infeasible;infeasible;infeasible;infeasible;infeasible;infeasible;infeasible;infeasible;infeasible;infeasible,0;1;2;3;4;5;6;7;8;9;10;11,STRUCTURAL_ZERO;STRUCTURAL_ZERO;STRUCTURAL_ZERO;STRUCTURAL_ZERO;STRUCTURAL_ZERO;STRUCTURAL_ZERO;STRUCTURAL_ZERO;STRUCTURAL_ZERO;STRUCTURAL_ZERO;STRUCTURAL_ZERO;STRUCTURAL_ZERO;STRUCTURAL_ZERO,12,0,0,,OK
red2_6800:17,,infeasible;infeasible;infeasible;infeasible;infeasible;infeasible;infeasible;infeasible;infeasible;infeasible;infeasible;infeasible,0;0;0;0;0;0;0;0;0;0;0;0,infeasible;infeasible;infeasible;infeasible;infeasible;infeasible;infeasible;infeasible;infeasible;infeasible;infeasible;infeasible,infeasible;infeasible;infeasible;infeasible;infeasible;infeasible;infeasible;infeasible;infeasible;infeasible;infeasible;infeasible,0;1;2;3;4;5;6;7;8;9;10;11,STRUCTURAL_ZERO;STRUCTURAL_ZERO;STRUCTURAL_ZERO;STRUCTURAL_ZERO;STRUCTURAL_ZERO;STRUCTURAL_ZERO;STRUCTURAL_ZERO;STRUCTURAL_ZERO;STRUCTURAL_ZERO;STRUCTURAL_ZERO;STRUCTURAL_ZERO;STRUCTURAL_ZERO,12,0,0,,OK
red2_6800:18,,infeasible;infeasible;infeasible;infeasible;infeasible;infeasible;infeasible;infeasible;infeasible;infeasible;infeasible;infeasible,0;0;0;0;0;0;0;0;0;0;0;0,infeasible;infeasible;infeasible;infeasible;infeasible;infeasible;infeasible;infeasible;infeasible;infeasible;infeasible;infeasible,infeasible;infeasible;infeasible;infeasible;infeasible;infeasible;infeasible;infeasible;infeasible;infeasible;infeasible;infeasible,0;1;2;3;4;5;6;7;8;9;10;11,STRUCTURAL_ZERO;STRUCTURAL_ZERO;STRUCTURAL_ZERO;STRUCTURAL_ZERO;STRUCTURAL_ZERO;STRUCTURAL_ZERO;STRUCTURAL_ZERO;STRUCTURAL_ZERO;STRUCTURAL_ZERO;STRUCTURAL_ZERO;STRUCTURAL_ZERO;STRUCTURAL_ZERO,12,0,0,,OK
red2_6800:19,,infeasible;infeasible;infeasible;infeasible;infeasible;infeasible;infeasible;infeasible;infeasible;infeasible;infeasible;infeasible,0;0;0;0;0;0;0;0;0;0;0;0,infeasible;infeasible;infeasible;infeasible;infeasible;infeasible;infeasible;infeasible;infeasible;infeasible;infeasible;infeasible,infeasible;infeasible;infeasible;infeasible;infeasible;infeasible;infeasible;infeasible;infeasible;infeasible;infeasible;infeasible,0;1;2;3;4;5;6;7;8;9;10;11,STRUCTURAL_ZERO;STRUCTURAL_ZERO;STRUCTURAL_ZERO;STRUCTURAL_ZERO;STRUCTURAL_ZERO;STRUCTURAL_ZERO;STRUCTURAL_ZERO;STRUCTURAL_ZERO;STRUCTURAL_ZERO;STRUCTURAL_ZERO;STRUCTURAL_ZERO;STRUCTURAL_ZERO,12,0,0,,OK
red2_6800:20,,infeasible;infeasible;infeasible;infeasible;infeasible;infeasible;infeasible;infeasible;infeasible;infeasible;infeasible;infeasible,0;0;0;0;0;0;0;0;0;0;0;0,infeasible;infeasible;infeasible;infeasible;infeasible;infeasible;infeasible;infeasible;infeasible;infeasible;infeasible;infeasible,infeasible;infeasible;infeasible;infeasible;infeasible;infeasible;infeasible;infeasible;infeasible;infeasible;infeasible;infeasible,0;1;2;3;4;5;6;7;8;9;10;11,STRUCTURAL_ZERO;STRUCTURAL_ZERO;STRUCTURAL_ZERO;STRUCTURAL_ZERO;STRUCTURAL_ZERO;STRUCTURAL_ZERO;STRUCTURAL_ZERO;STRUCTURAL_ZERO;STRUCTURAL_ZERO;STRUCTURAL_ZERO;STRUCTURAL_ZERO;STRUCTURAL_ZERO,12,0,0,,OK
red2_6800:21,,infeasible;infeasible;infeasible;infeasible;infeasible;infeasible;infeasible;infeasible;infeasible;infeasible;infeasible;infeasible,0;0;0;0;0;0;0;0;0;0;0;0,infeasible;infeasible;infeasible;infeasible;infeasible;infeasible;infeasible;infeasible;infeasible;infeasible;infeasible;infeasible,infeasible;infeasible;infeasible;infeasible;infeasible;infeasible;infeasible;infeasible;infeasible;infeasible;infeasible;infeasible,0;1;2;3;4;5;6;7;8;9;10;11,STRUCTURAL_ZERO;STRUCTURAL_ZERO;STRUCTURAL_ZERO;STRUCTURAL_ZERO;STRUCTURAL_ZERO;STRUCTURAL_ZERO;STRUCTURAL_ZERO;STRUCTURAL_ZERO;STRUCTURAL_ZERO;STRUCTURAL_ZERO;STRUCTURAL_ZERO;STRUCTURAL_ZERO,12,0,0,,OK
red2_6800:22,,infeasible;infeasible;infeasible;infeasible;infeasible;infeasible;infeasible;infeasible;infeasible;infeasible;infeasible;infeasible,0;0;0;0;0;0;0;0;0;0;0;0,infeasible;infeasible;infeasible;infeasible;infeasible;infeasible;infeasible;infeasible;infeasible;infeasible;infeasible;infeasible,infeasible;infeasible;infeasible;infeasible;infeasible;infeasible;infeasible;infeasible;infeasible;infeasible;infeasible;infeasible,0;1;2;3;4;5;6;7;8;9;10;11,STRUCTURAL_ZERO;STRUCTURAL_ZERO;STRUCTURAL_ZERO;STRUCTURAL_ZERO;STRUCTURAL_ZERO;STRUCTURAL_ZERO;STRUCTURAL_ZERO;STRUCTURAL_ZERO;STRUCTURAL_ZERO;STRUCTURAL_ZERO;STRUCTURAL_ZERO;STRUCTURAL_ZERO,12,0,0,,OK
red2_6800:23,,infeasible;infeasible;infeasible;infeasible;infeasible;infeasible;infeasible;infeasible;infeasible;infeasible;infeasible;infeasible,0;0;0;0;0;0;0;0;0;0;0;0,infeasible;infeasible;infeasible;infeasible;infeasible;infeasible;infeasible;infeasible;infeasible;infeasible;infeasible;infeasible,infeasible;infeasible;infeasible;infeasible;infeasible;infeasible;infeasible;infeasible;infeasible;infeasible;infeasible;infeasible,0;1;2;3;4;5;6;7;8;9;10;11,STRUCTURAL_ZERO;STRUCTURAL_ZERO;STRUCTURAL_ZERO;STRUCTURAL_ZERO;STRUCTURAL_ZERO;STRUCTURAL_ZERO;STRUCTURAL_ZERO;STRUCTURAL_ZERO;STRUCTURAL_ZERO;STRUCTURAL_ZERO;STRUCTURAL_ZERO;STRUCTURAL_ZERO,12,0,0,,OK
red2_6800:24,,infeasible;infeasible;infeasible;infeasible;infeasible;infeasible;infeasible;infeasible;infeasible;infeasible;infeasible;infeasible,0;0;0;0;0;0;0;0;0;0;0;0,infeasible;infeasible;infeasible;infeasible;infeasible;infeasible;infeasible;infeasible;infeasible;infeasible;infeasible;infeasible,infeasible;infeasible;infeasible;infeasible;infeasible;infeasible;infeasible;infeasible;infeasible;infeasible;infeasible;infeasible,0;1;2;3;4;5;6;7;8;9;10;11,STRUCTURAL_ZERO;STRUCTURAL_ZERO;STRUCTURAL_ZERO;STRUCTURAL_ZERO;STRUCTURAL_ZERO;STRUCTURAL_ZERO;STRUCTURAL_ZERO;STRUCTURAL_ZERO;STRUCTURAL_ZERO;STRUCTURAL_ZERO;STRUCTURAL_ZERO;STRUCTURAL_ZERO,12,0,0,,OK
red2_6800:25,,infeasible;infeasible;infeasible;infeasible;infeasible;infeasible;infeasible;infeasible;infeasible;infeasible;infeasible;infeasible,0;0;0;0;0;0;0;0;0;0;0;0,infeasible;infeasible;infeasible;infeasible;infeasible;infeasible;infeasible;infeasible;infeasible;infeasible;infeasible;infeasible,infeasible;infeasible;infeasible;infeasible;infeasible;infeasible;infeasible;infeasible;infeasible;infeasible;infeasible;infeasible,0;1;2;3;4;5;6;7;8;9;10;11,STRUCTURAL_ZERO;STRUCTURAL_ZERO;STRUCTURAL_ZERO;STRUCTURAL_ZERO;STRUCTURAL_ZERO;STRUCTURAL_ZERO;STRUCTURAL_ZERO;STRUCTURAL_ZERO;STRUCTURAL_ZERO;STRUCTURAL_ZERO;STRUCTURAL_ZERO;STRUCTURAL_ZERO,12,0,0,,OK
red2_6800:26,,infeasible;infeasible;infeasible;infeasible;infeasible;infeasible;infeasible;infeasible;infeasible;infeasible;infeasible;infeasible,0;0;0;0;0;0;0;0;0;0;0;0,infeasible;infeasible;infeasible;infeasible;infeasible;infeasible;infeasible;infeasible;infeasible;infeasible;infeasible;infeasible,infeasible;infeasible;infeasible;infeasible;infeasible;infeasible;infeasible;infeasible;infeasible;infeasible;infeasible;infeasible,0;1;2;3;4;5;6;7;8;9;10;11,STRUCTURAL_ZERO;STRUCTURAL_ZERO;STRUCTURAL_ZERO;STRUCTURAL_ZERO;STRUCTURAL_ZERO;STRUCTURAL_ZERO;STRUCTURAL_ZERO;STRUCTURAL_ZERO;STRUCTURAL_ZERO;STRUCTURAL_ZERO;STRUCTURAL_ZERO;STRUCTURAL_ZERO,12,0,0,,OK
red2_6800:27,,infeasible;infeasible;infeasible;infeasible;infeasible;infeasible;infeasible;infeasible;infeasible;infeasible;infeasible;infeasible,0;0;0;0;0;0;0;0;0;0;0;0,infeasible;infeasible;infeasible;infeasible;infeasible;infeasible;infeasible;infeasible;infeasible;infeasible;infeasible;infeasible,infeasible;infeasible;infeasible;infeasible;infeasible;infeasible;infeasible;infeasible;infeasible;infeasible;infeasible;infeasible,0;1;2;3;4;5;6;7;8;9;10;11,STRUCTURAL_ZERO;STRUCTURAL_ZERO;STRUCTURAL_ZERO;STRUCTURAL_ZERO;STRUCTURAL_ZERO;STRUCTURAL_ZERO;STRUCTURAL_ZERO;STRUCTURAL_ZERO;STRUCTURAL_ZERO;STRUCTURAL_ZERO;STRUCTURAL_ZERO;STRUCTURAL_ZERO,12,0,0,,OK
red2_6800:28,,infeasible;infeasible;infeasible;infeasible;infeasible;infeasible;infeasible;infeasible;infeasible;infeasible;infeasible;infeasible,0;0;0;0;0;0;0;0;0;0;0;0,infeasible;infeasible;infeasible;infeasible;infeasible;infeasible;infeasible;infeasible;infeasible;infeasible;infeasible;infeasible,infeasible;infeasible;infeasible;infeasible;infeasible;infeasible;infeasible;infeasible;infeasible;infeasible;infeasible;infeasible,0;1;2;3;4;5;6;7;8;9;10;11,STRUCTURAL_ZERO;STRUCTURAL_ZERO;STRUCTURAL_ZERO;STRUCTURAL_ZERO;STRUCTURAL_ZERO;STRUCTURAL_ZERO;STRUCTURAL_ZERO;STRUCTURAL_ZERO;STRUCTURAL_ZERO;STRUCTURAL_ZERO;STRUCTURAL_ZERO;STRUCTURAL_ZERO,12,0,0,,OK
red2_6800:29,,infeasible;infeasible;infeasible;infeasible;infeasible;infeasible;infeasible;infeasible;infeasible;infeasible;infeasible;infeasible,0;0;0;0;0;0;0;0;0;0;0;0,infeasible;infeasible;infeasible;infeasible;infeasible;infeasible;infeasible;infeasible;infeasible;infeasible;infeasible;infeasible,infeasible;infeasible;infeasible;infeasible;infeasible;infeasible;infeasible;infeasible;infeasible;infeasible;infeasible;infeasible,0;1;2;3;4;5;6;7;8;9;10;11,STRUCTURAL_ZERO;STRUCTURAL_ZERO;STRUCTURAL_ZERO;STRUCTURAL_ZERO;STRUCTURAL_ZERO;STRUCTURAL_ZERO;STRUCTURAL_ZERO;STRUCTURAL_ZERO;STRUCTURAL_ZERO;STRUCTURAL_ZERO;STRUCTURAL_ZERO;STRUCTURAL_ZERO,12,0,0,,OK
red2_6800:30,,infeasible;infeasible;infeasible;infeasible;infeasible;infeasible;infeasible;infeasible;infeasible;infeasible;infeasible;infeasible,0;0;0;0;0;0;0;0;0;0;0;0,infeasible;infeasible;infeasible;infeasible;infeasible;infeasible;infeasible;infeasible;infeasible;infeasible;infeasible;infeasible,infeasible;infeasible;infeasible;infeasible;infeasible;infeasible;infeasible;infeasible;infeasible;infeasible;infeasible;infeasible,0;1;2;3;4;5;6;7;8;9;10;11,STRUCTURAL_ZERO;STRUCTURAL_ZERO;STRUCTURAL_ZERO;STRUCTURAL_ZERO;STRUCTURAL_ZERO;STRUCTURAL_ZERO;STRUCTURAL_ZERO;STRUCTURAL_ZERO;STRUCTURAL_ZERO;STRUCTURAL_ZERO;STRUCTURAL_ZERO;STRUCTURAL_ZERO,12,0,0,,OK
red2_6800:31,,infeasible;infeasible;infeasible;infeasible;infeasible;infeasible;infeasible;infeasible;infeasible;infeasible;infeasible;infeasible,0;0;0;0;0;0;0;0;0;0;0;0,infeasible;infeasible;infeasible;infeasible;infeasible;infeasible;infeasible;infeasible;infeasible;infeasible;infeasible;infeasible,infeasible;infeasible;infeasible;infeasible;infeasible;infeasible;infeasible;infeasible;infeasible;infeasible;infeasible;infeasible,0;1;2;3;4;5;6;7;8;9;10;11,STRUCTURAL_ZERO;STRUCTURAL_ZERO;STRUCTURAL_ZERO;STRUCTURAL_ZERO;STRUCTURAL_ZERO;STRUCTURAL_ZERO;STRUCTURAL_ZERO;STRUCTURAL_ZERO;STRUCTURAL_ZERO;STRUCTURAL_ZERO;STRUCTURAL_ZERO;STRUCTURAL_ZERO,12,0,0,,OK
red2_6800:32,,infeasible;infeasible;infeasible;infeasible;infeasible;infeasible;infeasible;infeasible;infeasible;infeasible;infeasible;infeasible,0;0;0;0;0;0;0;0;0;0;0;0,infeasible;infeasible;infeasible;infeasible;infeasible;infeasible;infeasible;infeasible;infeasible;infeasible;infeasible;infeasible,infeasible;infeasible;infeasible;infeasible;infeasible;infeasible;infeasible;infeasible;infeasible;infeasible;infeasible;infeasible,0;1;2;3;4;5;6;7;8;9;10;11,STRUCTURAL_ZERO;STRUCTURAL_ZERO;STRUCTURAL_ZERO;STRUCTURAL_ZERO;STRUCTURAL_ZERO;STRUCTURAL_ZERO;STRUCTURAL_ZERO;STRUCTURAL_ZERO;STRUCTURAL_ZERO;STRUCTURAL_ZERO;STRUCTURAL_ZERO;STRUCTURAL_ZERO,12,0,0,,OK
red2_6800:33,,infeasible;infeasible;infeasible;infeasible;infeasible;infeasible;infeasible;infeasible;infeasible;infeasible;infeasible;infeasible,0;0;0;0;0;0;0;0;0;0;0;0,infeasible;infeasible;infeasible;infeasible;infeasible;infeasible;infeasible;infeasible;infeasible;infeasible;infeasible;infeasible,infeasible;infeasible;infeasible;infeasible;infeasible;infeasible;infeasible;infeasible;infeasible;infeasible;infeasible;infeasible,0;1;2;3;4;5;6;7;8;9;10;11,STRUCTURAL_ZERO;STRUCTURAL_ZERO;STRUCTURAL_ZERO;STRUCTURAL_ZERO;STRUCTURAL_ZERO;STRUCTURAL_ZERO;STRUCTURAL_ZERO;STRUCTURAL_ZERO;STRUCTURAL_ZERO;STRUCTURAL_ZERO;STRUCTURAL_ZERO;STRUCTURAL_ZERO,12,0,0,,OK
red2_6800:34,,infeasible;infeasible;infeasible;infeasible;infeasible;infeasible;infeasible;infeasible;infeasible;infeasible;infeasible;infeasible,0;0;0;0;0;0;0;0;0;0;0;0,infeasible;infeasible;infeasible;infeasible;infeasible;infeasible;infeasible;infeasible;infeasible;infeasible;infeasible;infeasible,infeasible;infeasible;infeasible;infeasible;infeasible;infeasible;infeasible;infeasible;infeasible;infeasible;infeasible;infeasible,0;1;2;3;4;5;6;7;8;9;10;11,STRUCTURAL_ZERO;STRUCTURAL_ZERO;STRUCTURAL_ZERO;STRUCTURAL_ZERO;STRUCTURAL_ZERO;STRUCTURAL_ZERO;STRUCTURAL_ZERO;STRUCTURAL_ZERO;STRUCTURAL_ZERO;STRUCTURAL_ZERO;STRUCTURAL_ZERO;STRUCTURAL_ZERO,12,0,0,,OK
red2_6800:35,,infeasible;infeasible;infeasible;infeasible;infeasible;infeasible;infeasible;infeasible;infeasible;infeasible;infeasible;infeasible,0;0;0;0;0;0;0;0;0;0;0;0,infeasible;infeasible;infeasible;infeasible;infeasible;infeasible;infeasible;infeasible;infeasible;infeasible;infeasible;infeasible,infeasible;infeasible;infeasible;infeasible;infeasible;infeasible;infeasible;infeasible;infeasible;infeasible;infeasible;infeasible,0;1;2;3;4;5;6;7;8;9;10;11,STRUCTURAL_ZERO;STRUCTURAL_ZERO;STRUCTURAL_ZERO;STRUCTURAL_ZERO;STRUCTURAL_ZERO;STRUCTURAL_ZERO;STRUCTURAL_ZERO;STRUCTURAL_ZERO;STRUCTURAL_ZERO;STRUCTURAL_ZERO;STRUCTURAL_ZERO;STRUCTURAL_ZERO,12,0,0,,OK
red2_6800:36,,infeasible;infeasible;infeasible;infeasible;infeasible;infeasible;infeasible;infeasible;infeasible;infeasible;infeasible;infeasible,0;0;0;0;0;0;0;0;0;0;0;0,infeasible;infeasible;infeasible;infeasible;infeasible;infeasible;infeasible;infeasible;infeasible;infeasible;infeasible;infeasible,infeasible;infeasible;infeasible;infeasible;infeasible;infeasible;infeasible;infeasible;infeasible;infeasible;infeasible;infeasible,0;1;2;3;4;5;6;7;8;9;10;11,STRUCTURAL_ZERO;STRUCTURAL_ZERO;STRUCTURAL_ZERO;STRUCTURAL_ZERO;STRUCTURAL_ZERO;STRUCTURAL_ZERO;STRUCTURAL_ZERO;STRUCTURAL_ZERO;STRUCTURAL_ZERO;STRUCTURAL_ZERO;STRUCTURAL_ZERO;STRUCTURAL_ZERO,12,0,0,,OK
red2_6800:37,,infeasible;infeasible;infeasible;infeasible;infeasible;infeasible;infeasible;infeasible;infeasible;infeasible;infeasible;infeasible,0;0;0;0;0;0;0;0;0;0;0;0,infeasible;infeasible;infeasible;infeasible;infeasible;infeasible;infeasible;infeasible;infeasible;infeasible;infeasible;infeasible,infeasible;infeasible;infeasible;infeasible;infeasible;infeasible;infeasible;infeasible;infeasible;infeasible;infeasible;infeasible,0;1;2;3;4;5;6;7;8;9;10;11,STRUCTURAL_ZERO;STRUCTURAL_ZERO;STRUCTURAL_ZERO;STRUCTURAL_ZERO;STRUCTURAL_ZERO;STRUCTURAL_ZERO;STRUCTURAL_ZERO;STRUCTURAL_ZERO;STRUCTURAL_ZERO;STRUCTURAL_ZERO;STRUCTURAL_ZERO;STRUCTURAL_ZERO,12,0,0,,OK
red2_6800:38,,infeasible;infeasible;infeasible;infeasible;infeasible;infeasible;infeasible;infeasible;infeasible;infeasible;infeasible;infeasible,0;0;0;0;0;0;0;0;0;0;0;0,infeasible;infeasible;infeasible;infeasible;infeasible;infeasible;infeasible;infeasible;infeasible;infeasible;infeasible;infeasible,infeasible;infeasible;infeasible;infeasible;infeasible;infeasible;infeasible;infeasible;infeasible;infeasible;infeasible;infeasible,0;1;2;3;4;5;6;7;8;9;10;11,STRUCTURAL_ZERO;STRUCTURAL_ZERO;STRUCTURAL_ZERO;STRUCTURAL_ZERO;STRUCTURAL_ZERO;STRUCTURAL_ZERO;STRUCTURAL_ZERO;STRUCTURAL_ZERO;STRUCTURAL_ZERO;STRUCTURAL_ZERO;STRUCTURAL_ZERO;STRUCTURAL_ZERO,12,0,0,,OK
red2_6800:39,,infeasible;infeasible;infeasible;infeasible;infeasible;infeasible;infeasible;infeasible;infeasible;infeasible;infeasible;infeasible,0;0;0;0;0;0;0;0;0;0;0;0,infeasible;infeasible;infeasible;infeasible;infeasible;infeasible;infeasible;infeasible;infeasible;infeasible;infeasible;infeasible,infeasible;infeasible;infeasible;infeasible;infeasible;infeasible;infeasible;infeasible;infeasible;infeasible;infeasible;infeasible,0;1;2;3;4;5;6;7;8;9;10;11,STRUCTURAL_ZERO;STRUCTURAL_ZERO;STRUCTURAL_ZERO;STRUCTURAL_ZERO;STRUCTURAL_ZERO;STRUCTURAL_ZERO;STRUCTURAL_ZERO;STRUCTURAL_ZERO;STRUCTURAL_ZERO;STRUCTURAL_ZERO;STRUCTURAL_ZERO;STRUCTURAL_ZERO,12,0,0,,OK
red2_6800:40,,infeasible;infeasible;infeasible;infeasible;infeasible;infeasible;infeasible;infeasible;infeasible;infeasible;infeasible;infeasible,0;0;0;0;0;0;0;0;0;0;0;0,infeasible;infeasible;infeasible;infeasible;infeasible;infeasible;infeasible;infeasible;infeasible;infeasible;infeasible;infeasible,infeasible;infeasible;infeasible;infeasible;infeasible;infeasible;infeasible;infeasible;infeasible;infeasible;infeasible;infeasible,0;1;2;3;4;5;6;7;8;9;10;11,STRUCTURAL_ZERO;STRUCTURAL_ZERO;STRUCTURAL_ZERO;STRUCTURAL_ZERO;STRUCTURAL_ZERO;STRUCTURAL_ZERO;STRUCTURAL_ZERO;STRUCTURAL_ZERO;STRUCTURAL_ZERO;STRUCTURAL_ZERO;STRUCTURAL_ZERO;STRUCTURAL_ZERO,12,0,0,,OK
red2_6800:41,,infeasible;infeasible;infeasible;infeasible;infeasible;infeasible;infeasible;infeasible;infeasible;infeasible;infeasible;infeasible,0;0;0;0;0;0;0;0;0;0;0;0,infeasible;infeasible;infeasible;infeasible;infeasible;infeasible;infeasible;infeasible;infeasible;infeasible;infeasible;infeasible,infeasible;infeasible;infeasible;infeasible;infeasible;infeasible;infeasible;infeasible;infeasible;infeasible;infeasible;infeasible,0;1;2;3;4;5;6;7;8;9;10;11,STRUCTURAL_ZERO;STRUCTURAL_ZERO;STRUCTURAL_ZERO;STRUCTURAL_ZERO;STRUCTURAL_ZERO;STRUCTURAL_ZERO;STRUCTURAL_ZERO;STRUCTURAL_ZERO;STRUCTURAL_ZERO;STRUCTURAL_ZERO;STRUCTURAL_ZERO;STRUCTURAL_ZERO,12,0,0,,OK
red2_6800:42,,infeasible;infeasible;infeasible;infeasible;infeasible;infeasible;infeasible;infeasible;infeasible;infeasible;infeasible;infeasible,0;0;0;0;0;0;0;0;0;0;0;0,infeasible;infeasible;infeasible;infeasible;infeasible;infeasible;infeasible;infeasible;infeasible;infeasible;infeasible;infeasible,infeasible;infeasible;infeasible;infeasible;infeasible;infeasible;infeasible;infeasible;infeasible;infeasible;infeasible;infeasible,0;1;2;3;4;5;6;7;8;9;10;11,STRUCTURAL_ZERO;STRUCTURAL_ZERO;STRUCTURAL_ZERO;STRUCTURAL_ZERO;STRUCTURAL_ZERO;STRUCTURAL_ZERO;STRUCTURAL_ZERO;STRUCTURAL_ZERO;STRUCTURAL_ZERO;STRUCTURAL_ZERO;STRUCTURAL_ZERO;STRUCTURAL_ZERO,12,0,0,,OK
red2_6800:43,,infeasible;infeasible;infeasible;infeasible;infeasible;infeasible;infeasible;infeasible;infeasible;infeasible;infeasible;infeasible,0;0;0;0;0;0;0;0;0;0;0;0,infeasible;infeasible;infeasible;infeasible;infeasible;infeasible;infeasible;infeasible;infeasible;infeasible;infeasible;infeasible,infeasible;infeasible;infeasible;infeasible;infeasible;infeasible;infeasible;infeasible;infeasible;infeasible;infeasible;infeasible,0;1;2;3;4;5;6;7;8;9;10;11,STRUCTURAL_ZERO;STRUCTURAL_ZERO;STRUCTURAL_ZERO;STRUCTURAL_ZERO;STRUCTURAL_ZERO;STRUCTURAL_ZERO;STRUCTURAL_ZERO;STRUCTURAL_ZERO;STRUCTURAL_ZERO;STRUCTURAL_ZERO;STRUCTURAL_ZERO;STRUCTURAL_ZERO,12,0,0,,OK
red2_6800:44,,infeasible;infeasible;infeasible;infeasible;infeasible;infeasible;infeasible;infeasible;infeasible;infeasible;infeasible;infeasible,0;0;0;0;0;0;0;0;0;0;0;0,infeasible;infeasible;infeasible;infeasible;infeasible;infeasible;infeasible;infeasible;infeasible;infeasible;infeasible;infeasible,infeasible;infeasible;infeasible;infeasible;infeasible;infeasible;infeasible;infeasible;infeasible;infeasible;infeasible;infeasible,0;1;2;3;4;5;6;7;8;9;10;11,STRUCTURAL_ZERO;STRUCTURAL_ZERO;STRUCTURAL_ZERO;STRUCTURAL_ZERO;STRUCTURAL_ZERO;STRUCTURAL_ZERO;STRUCTURAL_ZERO;STRUCTURAL_ZERO;STRUCTURAL_ZERO;STRUCTURAL_ZERO;STRUCTURAL_ZERO;STRUCTURAL_ZERO,12,0,0,,OK
red2_6800:45,,infeasible;infeasible;infeasible;infeasible;infeasible;infeasible;infeasible;infeasible;infeasible;infeasible;infeasible;infeasible,0;0;0;0;0;0;0;0;0;0;0;0,infeasible;infeasible;infeasible;infeasible;infeasible;infeasible;infeasible;infeasible;infeasible;infeasible;infeasible;infeasible,infeasible;infeasible;infeasible;infeasible;infeasible;infeasible;infeasible;infeasible;infeasible;infeasible;infeasible;infeasible,0;1;2;3;4;5;6;7;8;9;10;11,STRUCTURAL_ZERO;STRUCTURAL_ZERO;STRUCTURAL_ZERO;STRUCTURAL_ZERO;STRUCTURAL_ZERO;STRUCTURAL_ZERO;STRUCTURAL_ZERO;STRUCTURAL_ZERO;STRUCTURAL_ZERO;STRUCTURAL_ZERO;STRUCTURAL_ZERO;STRUCTURAL_ZERO,12,0,0,,OK
red2_6800:46,,infeasible;infeasible;infeasible;infeasible;infeasible;infeasible;infeasible;infeasible;infeasible;infeasible;infeasible;infeasible,0;0;0;0;0;0;0;0;0;0;0;0,infeasible;infeasible;infeasible;infeasible;infeasible;infeasible;infeasible;infeasible;infeasible;infeasible;infeasible;infeasible,infeasible;infeasible;infeasible;infeasible;infeasible;infeasible;infeasible;infeasible;infeasible;infeasible;infeasible;infeasible,0;1;2;3;4;5;6;7;8;9;10;11,STRUCTURAL_ZERO;STRUCTURAL_ZERO;STRUCTURAL_ZERO;STRUCTURAL_ZERO;STRUCTURAL_ZERO;STRUCTURAL_ZERO;STRUCTURAL_ZERO;STRUCTURAL_ZERO;STRUCTURAL_ZERO;STRUCTURAL_ZERO;STRUCTURAL_ZERO;STRUCTURAL_ZERO,12,0,0,,OK
red2_6800:47,,infeasible;infeasible;infeasible;infeasible;infeasible;infeasible;infeasible;infeasible;infeasible;infeasible;infeasible;infeasible,0;0;0;0;0;0;0;0;0;0;0;0,infeasible;infeasible;infeasible;infeasible;infeasible;infeasible;infeasible;infeasible;infeasible;infeasible;infeasible;infeasible,infeasible;infeasible;infeasible;infeasible;infeasible;infeasible;infeasible;infeasible;infeasible;infeasible;infeasible;infeasible,0;1;2;3;4;5;6;7;8;9;10;11,STRUCTURAL_ZERO;STRUCTURAL_ZERO;STRUCTURAL_ZERO;STRUCTURAL_ZERO;STRUCTURAL_ZERO;STRUCTURAL_ZERO;STRUCTURAL_ZERO;STRUCTURAL_ZERO;STRUCTURAL_ZERO;STRUCTURAL_ZERO;STRUCTURAL_ZERO;STRUCTURAL_ZERO,12,0,0,,OK
red2_6800:48,,infeasible;infeasible;infeasible;infeasible;infeasible;infeasible;infeasible;infeasible;infeasible;infeasible;infeasible;infeasible,0;0;0;0;0;0;0;0;0;0;0;0,infeasible;infeasible;infeasible;infeasible;infeasible;infeasible;infeasible;infeasible;infeasible;infeasible;infeasible;infeasible,infeasible;infeasible;infeasible;infeasible;infeasible;infeasible;infeasible;infeasible;infeasible;infeasible;infeasible;infeasible,0;1;2;3;4;5;6;7;8;9;10;11,STRUCTURAL_ZERO;STRUCTURAL_ZERO;STRUCTURAL_ZERO;STRUCTURAL_ZERO;STRUCTURAL_ZERO;STRUCTURAL_ZERO;STRUCTURAL_ZERO;STRUCTURAL_ZERO;STRUCTURAL_ZERO;STRUCTURAL_ZERO;STRUCTURAL_ZERO;STRUCTURAL_ZERO,12,0,0,,OK
red2_6800:49,,infeasible;infeasible;infeasible;infeasible;infeasible;infeasible;infeasible;infeasible;infeasible;infeasible;infeasible;infeasible,0;0;0;0;0;0;0;0;0;0;0;0,infeasible;infeasible;infeasible;infeasible;infeasible;infeasible;infeasible;infeasible;infeasible;infeasible;infeasible;infeasible,infeasible;infeasible;infeasible;infeasible;infeasible;infeasible;infeasible;infeasible;infeasible;infeasible;infeasible;infeasible,0;1;2;3;4;5;6;7;8;9;10;11,STRUCTURAL_ZERO;STRUCTURAL_ZERO;STRUCTURAL_ZERO;STRUCTURAL_ZERO;STRUCTURAL_ZERO;STRUCTURAL_ZERO;STRUCTURAL_ZERO;STRUCTURAL_ZERO;STRUCTURAL_ZERO;STRUCTURAL_ZERO;STRUCTURAL_ZERO;STRUCTURAL_ZERO,12,0,0,,OK
red2_6800:50,,infeasible;infeasible;infeasible;infeasible;infeasible;infeasible;infeasible;infeasible;infeasible;infeasible;infeasible;infeasible,0;0;0;0;0;0;0;0;0;0;0;0,infeasible;infeasible;infeasible;infeasible;infeasible;infeasible;infeasible;infeasible;infeasible;infeasible;infeasible;infeasible,infeasible;infeasible;infeasible;infeasible;infeasible;infeasible;infeasible;infeasible;infeasible;infeasible;infeasible;infeasible,0;1;2;3;4;5;6;7;8;9;10;11,STRUCTURAL_ZERO;STRUCTURAL_ZERO;STRUCTURAL_ZERO;STRUCTURAL_ZERO;STRUCTURAL_ZERO;STRUCTURAL_ZERO;STRUCTURAL_ZERO;STRUCTURAL_ZERO;STRUCTURAL_ZERO;STRUCTURAL_ZERO;STRUCTURAL_ZERO;STRUCTURAL_ZERO,12,0,0,,OK
red2_6800:51,,infeasible;infeasible;infeasible;infeasible;infeasible;infeasible;infeasible;infeasible;infeasible;infeasible;infeasible;infeasible,0;0;0;0;0;0;0;0;0;0;0;0,infeasible;infeasible;infeasible;infeasible;infeasible;infeasible;infeasible;infeasible;infeasible;infeasible;infeasible;infeasible,infeasible;infeasible;infeasible;infeasible;infeasible;infeasible;infeasible;infeasible;infeasible;infeasible;infeasible;infeasible,0;1;2;3;4;5;6;7;8;9;10;11,STRUCTURAL_ZERO;STRUCTURAL_ZERO;STRUCTURAL_ZERO;STRUCTURAL_ZERO;STRUCTURAL_ZERO;STRUCTURAL_ZERO;STRUCTURAL_ZERO;STRUCTURAL_ZERO;STRUCTURAL_ZERO;STRUCTURAL_ZERO;STRUCTURAL_ZERO;STRUCTURAL_ZERO,12,0,0,,OK
red2_6800:52,,infeasible;infeasible;infeasible;infeasible;infeasible;infeasible;infeasible;infeasible;infeasible;infeasible;infeasible;infeasible,0;0;0;0;0;0;0;0;0;0;0;0,infeasible;infeasible;infeasible;infeasible;infeasible;infeasible;infeasible;infeasible;infeasible;infeasible;infeasible;infeasible,infeasible;infeasible;infeasible;infeasible;infeasible;infeasible;infeasible;infeasible;infeasible;infeasible;infeasible;infeasible,0;1;2;3;4;5;6;7;8;9;10;11,STRUCTURAL_ZERO;STRUCTURAL_ZERO;STRUCTURAL_ZERO;STRUCTURAL_ZERO;STRUCTURAL_ZERO;STRUCTURAL_ZERO;STRUCTURAL_ZERO;STRUCTURAL_ZERO;STRUCTURAL_ZERO;STRUCTURAL_ZERO;STRUCTURAL_ZERO;STRUCTURAL_ZERO,12,0,0,,OK
red2_6800:53,,infeasible;infeasible;infeasible;infeasible;infeasible;infeasible;infeasible;infeasible;infeasible;infeasible;infeasible;infeasible,0;0;0;0;0;0;0;0;0;0;0;0,infeasible;infeasible;infeasible;infeasible;infeasible;infeasible;infeasible;infeasible;infeasible;infeasible;infeasible;infeasible,infeasible;infeasible;infeasible;infeasible;infeasible;infeasible;infeasible;infeasible;infeasible;infeasible;infeasible;infeasible,0;1;2;3;4;5;6;7;8;9;10;11,STRUCTURAL_ZERO;STRUCTURAL_ZERO;STRUCTURAL_ZERO;STRUCTURAL_ZERO;STRUCTURAL_ZERO;STRUCTURAL_ZERO;STRUCTURAL_ZERO;STRUCTURAL_ZERO;STRUCTURAL_ZERO;STRUCTURAL_ZERO;STRUCTURAL_ZERO;STRUCTURAL_ZERO,12,0,0,,OK
red2_6800:54,,infeasible;infeasible;infeasible;infeasible;infeasible;infeasible;infeasible;infeasible;infeasible;infeasible;infeasible;infeasible,0;0;0;0;0;0;0;0;0;0;0;0,infeasible;infeasible;infeasible;infeasible;infeasible;infeasible;infeasible;infeasible;infeasible;infeasible;infeasible;infeasible,infeasible;infeasible;infeasible;infeasible;infeasible;infeasible;infeasible;infeasible;infeasible;infeasible;infeasible;infeasible,0;1;2;3;4;5;6;7;8;9;10;11,STRUCTURAL_ZERO;STRUCTURAL_ZERO;STRUCTURAL_ZERO;STRUCTURAL_ZERO;STRUCTURAL_ZERO;STRUCTURAL_ZERO;STRUCTURAL_ZERO;STRUCTURAL_ZERO;STRUCTURAL_ZERO;STRUCTURAL_ZERO;STRUCTURAL_ZERO;STRUCTURAL_ZERO,12,0,0,,OK
red2_6800:55,,infeasible;infeasible;infeasible;infeasible;infeasible;infeasible;infeasible;infeasible;infeasible;infeasible;infeasible;infeasible,0;0;0;0;0;0;0;0;0;0;0;0,infeasible;infeasible;infeasible;infeasible;infeasible;infeasible;infeasible;infeasible;infeasible;infeasible;infeasible;infeasible,infeasible;infeasible;infeasible;infeasible;infeasible;infeasible;infeasible;infeasible;infeasible;infeasible;infeasible;infeasible,0;1;2;3;4;5;6;7;8;9;10;11,STRUCTURAL_ZERO;STRUCTURAL_ZERO;STRUCTURAL_ZERO;STRUCTURAL_ZERO;STRUCTURAL_ZERO;STRUCTURAL_ZERO;STRUCTURAL_ZERO;STRUCTURAL_ZERO;STRUCTURAL_ZERO;STRUCTURAL_ZERO;STRUCTURAL_ZERO;STRUCTURAL_ZERO,12,0,0,,OK
red2_6800:56,,infeasible;infeasible;infeasible;infeasible;infeasible;infeasible;infeasible;infeasible;infeasible;infeasible;infeasible;infeasible,0;0;0;0;0;0;0;0;0;0;0;0,infeasible;infeasible;infeasible;infeasible;infeasible;infeasible;infeasible;infeasible;infeasible;infeasible;infeasible;infeasible,infeasible;infeasible;infeasible;infeasible;infeasible;infeasible;infeasible;infeasible;infeasible;infeasible;infeasible;infeasible,0;1;2;3;4;5;6;7;8;9;10;11,STRUCTURAL_ZERO;STRUCTURAL_ZERO;STRUCTURAL_ZERO;STRUCTURAL_ZERO;STRUCTURAL_ZERO;STRUCTURAL_ZERO;STRUCTURAL_ZERO;STRUCTURAL_ZERO;STRUCTURAL_ZERO;STRUCTURAL_ZERO;STRUCTURAL_ZERO;STRUCTURAL_ZERO,12,0,0,,OK
red2_6800:57,,infeasible;infeasible;infeasible;infeasible;infeasible;infeasible;infeasible;infeasible;infeasible;infeasible;infeasible;infeasible,0;0;0;0;0;0;0;0;0;0;0;0,infeasible;infeasible;infeasible;infeasible;infeasible;infeasible;infeasible;infeasible;infeasible;infeasible;infeasible;infeasible,infeasible;infeasible;infeasible;infeasible;infeasible;infeasible;infeasible;infeasible;infeasible;infeasible;infeasible;infeasible,0;1;2;3;4;5;6;7;8;9;10;11,STRUCTURAL_ZERO;STRUCTURAL_ZERO;STRUCTURAL_ZERO;STRUCTURAL_ZERO;STRUCTURAL_ZERO;STRUCTURAL_ZERO;STRUCTURAL_ZERO;STRUCTURAL_ZERO;STRUCTURAL_ZERO;STRUCTURAL_ZERO;STRUCTURAL_ZERO;STRUCTURAL_ZERO,12,0,0,,OK
red2_6800:58,,infeasible;infeasible;infeasible;infeasible;infeasible;infeasible;infeasible;infeasible;infeasible;infeasible;infeasible;infeasible,0;0;0;0;0;0;0;0;0;0;0;0,infeasible;infeasible;infeasible;infeasible;infeasible;infeasible;infeasible;infeasible;infeasible;infeasible;infeasible;infeasible,infeasible;infeasible;infeasible;infeasible;infeasible;infeasible;infeasible;infeasible;infeasible;infeasible;infeasible;infeasible,0;1;2;3;4;5;6;7;8;9;10;11,STRUCTURAL_ZERO;STRUCTURAL_ZERO;STRUCTURAL_ZERO;STRUCTURAL_ZERO;STRUCTURAL_ZERO;STRUCTURAL_ZERO;STRUCTURAL_ZERO;STRUCTURAL_ZERO;STRUCTURAL_ZERO;STRUCTURAL_ZERO;STRUCTURAL_ZERO;STRUCTURAL_ZERO,12,0,0,,OK
red2_6800:59,,infeasible;infeasible;infeasible;infeasible;infeasible;infeasible;infeasible;infeasible;infeasible;infeasible;infeasible;infeasible,0;0;0;0;0;0;0;0;0;0;0;0,infeasible;infeasible;infeasible;infeasible;infeasible;infeasible;infeasible;infeasible;infeasible;infeasible;infeasible;infeasible,infeasible;infeasible;infeasible;infeasible;infeasible;infeasible;infeasible;infeasible;infeasible;infeasible;infeasible;infeasible,0;1;2;3;4;5;6;7;8;9;10;11,STRUCTURAL_ZERO;STRUCTURAL_ZERO;STRUCTURAL_ZERO;STRUCTURAL_ZERO;STRUCTURAL_ZERO;STRUCTURAL_ZERO;STRUCTURAL_ZERO;STRUCTURAL_ZERO;STRUCTURAL_ZERO;STRUCTURAL_ZERO;STRUCTURAL_ZERO;STRUCTURAL_ZERO,12,0,0,,OK
red2_6800:60,,infeasible;infeasible;infeasible;infeasible;infeasible;infeasible;infeasible;infeasible;infeasible;infeasible;infeasible;infeasible,0;0;0;0;0;0;0;0;0;0;0;0,infeasible;infeasible;infeasible;infeasible;infeasible;infeasible;infeasible;infeasible;infeasible;infeasible;infeasible;infeasible,infeasible;infeasible;infeasible;infeasible;infeasible;infeasible;infeasible;infeasible;infeasible;infeasible;infeasible;infeasible,0;1;2;3;4;5;6;7;8;9;10;11,STRUCTURAL_ZERO;STRUCTURAL_ZERO;STRUCTURAL_ZERO;STRUCTURAL_ZERO;STRUCTURAL_ZERO;STRUCTURAL_ZERO;STRUCTURAL_ZERO;STRUCTURAL_ZERO;STRUCTURAL_ZERO;STRUCTURAL_ZERO;STRUCTURAL_ZERO;STRUCTURAL_ZERO,12,0,0,,OK
red2_6800:61,,infeasible;infeasible;infeasible;infeasible;infeasible;infeasible;infeasible;infeasible;infeasible;infeasible;infeasible;infeasible,0;0;0;0;0;0;0;0;0;0;0;0,infeasible;infeasible;infeasible;infeasible;infeasible;infeasible;infeasible;infeasible;infeasible;infeasible;infeasible;infeasible,infeasible;infeasible;infeasible;infeasible;infeasible;infeasible;infeasible;infeasible;infeasible;infeasible;infeasible;infeasible,0;1;2;3;4;5;6;7;8;9;10;11,STRUCTURAL_ZERO;STRUCTURAL_ZERO;STRUCTURAL_ZERO;STRUCTURAL_ZERO;STRUCTURAL_ZERO;STRUCTURAL_ZERO;STRUCTURAL_ZERO;STRUCTURAL_ZERO;STRUCTURAL_ZERO;STRUCTURAL_ZERO;STRUCTURAL_ZERO;STRUCTURAL_ZERO,12,0,0,,OK
red2_6800:62,,infeasible;infeasible;infeasible;infeasible;infeasible;infeasible;infeasible;infeasible;infeasible;infeasible;infeasible;infeasible,0;0;0;0;0;0;0;0;0;0;0;0,infeasible;infeasible;infeasible;infeasible;infeasible;infeasible;infeasible;infeasible;infeasible;infeasible;infeasible;infeasible,infeasible;infeasible;infeasible;infeasible;infeasible;infeasible;infeasible;infeasible;infeasible;infeasible;infeasible;infeasible,0;1;2;3;4;5;6;7;8;9;10;11,STRUCTURAL_ZERO;STRUCTURAL_ZERO;STRUCTURAL_ZERO;STRUCTURAL_ZERO;STRUCTURAL_ZERO;STRUCTURAL_ZERO;STRUCTURAL_ZERO;STRUCTURAL_ZERO;STRUCTURAL_ZERO;STRUCTURAL_ZERO;STRUCTURAL_ZERO;STRUCTURAL_ZERO,12,0,0,,OK
red2_6800:63,,infeasible;infeasible;infeasible;infeasible;infeasible;infeasible;infeasible;infeasible;infeasible;infeasible;infeasible;infeasible,0;0;0;0;0;0;0;0;0;0;0;0,infeasible;infeasible;infeasible;infeasible;infeasible;infeasible;infeasible;infeasible;infeasible;infeasible;infeasible;infeasible,infeasible;infeasible;infeasible;infeasible;infeasible;infeasible;infeasible;infeasible;infeasible;infeasible;infeasible;infeasible,0;1;2;3;4;5;6;7;8;9;10;11,STRUCTURAL_ZERO;STRUCTURAL_ZERO;STRUCTURAL_ZERO;STRUCTURAL_ZERO;STRUCTURAL_ZERO;STRUCTURAL_ZERO;STRUCTURAL_ZERO;STRUCTURAL_ZERO;STRUCTURAL_ZERO;STRUCTURAL_ZERO;STRUCTURAL_ZERO;STRUCTURAL_ZERO,12,0,0,,OK
red2_6800:64,,infeasible;infeasible;infeasible;infeasible;infeasible;infeasible;infeasible;infeasible;infeasible;infeasible;infeasible;infeasible,0;0;0;0;0;0;0;0;0;0;0;0,infeasible;infeasible;infeasible;infeasible;infeasible;infeasible;infeasible;infeasible;infeasible;infeasible;infeasible;infeasible,infeasible;infeasible;infeasible;infeasible;infeasible;infeasible;infeasible;infeasible;infeasible;infeasible;infeasible;infeasible,0;1;2;3;4;5;6;7;8;9;10;11,STRUCTURAL_ZERO;STRUCTURAL_ZERO;STRUCTURAL_ZERO;STRUCTURAL_ZERO;STRUCTURAL_ZERO;STRUCTURAL_ZERO;STRUCTURAL_ZERO;STRUCTURAL_ZERO;STRUCTURAL_ZERO;STRUCTURAL_ZERO;STRUCTURAL_ZERO;STRUCTURAL_ZERO,12,0,0,,OK
red2_6800:65,,infeasible;infeasible;infeasible;infeasible;infeasible;infeasible;infeasible;infeasible;infeasible;infeasible;infeasible;infeasible,0;0;0;0;0;0;0;0;0;0;0;0,infeasible;infeasible;infeasible;infeasible;infeasible;infeasible;infeasible;infeasible;infeasible;infeasible;infeasible;infeasible,infeasible;infeasible;infeasible;infeasible;infeasible;infeasible;infeasible;infeasible;infeasible;infeasible;infeasible;infeasible,0;1;2;3;4;5;6;7;8;9;10;11,STRUCTURAL_ZERO;STRUCTURAL_ZERO;STRUCTURAL_ZERO;STRUCTURAL_ZERO;STRUCTURAL_ZERO;STRUCTURAL_ZERO;STRUCTURAL_ZERO;STRUCTURAL_ZERO;STRUCTURAL_ZERO;STRUCTURAL_ZERO;STRUCTURAL_ZERO;STRUCTURAL_ZERO,12,0,0,,OK
red2_6800:66,,infeasible;infeasible;infeasible;infeasible;infeasible;infeasible;infeasible;infeasible;infeasible;infeasible;infeasible;infeasible,0;0;0;0;0;0;0;0;0;0;0;0,infeasible;infeasible;infeasible;infeasible;infeasible;infeasible;infeasible;infeasible;infeasible;infeasible;infeasible;infeasible,infeasible;infeasible;infeasible;infeasible;infeasible;infeasible;infeasible;infeasible;infeasible;infeasible;infeasible;infeasible,0;1;2;3;4;5;6;7;8;9;10;11,STRUCTURAL_ZERO;STRUCTURAL_ZERO;STRUCTURAL_ZERO;STRUCTURAL_ZERO;STRUCTURAL_ZERO;STRUCTURAL_ZERO;STRUCTURAL_ZERO;STRUCTURAL_ZERO;STRUCTURAL_ZERO;STRUCTURAL_ZERO;STRUCTURAL_ZERO;STRUCTURAL_ZERO,12,0,0,,OK
red2_6800:67,,infeasible;infeasible;infeasible;infeasible;infeasible;infeasible;infeasible;infeasible;infeasible;infeasible;infeasible;infeasible,0;0;0;0;0;0;0;0;0;0;0;0,infeasible;infeasible;infeasible;infeasible;infeasible;infeasible;infeasible;infeasible;infeasible;infeasible;infeasible;infeasible,infeasible;infeasible;infeasible;infeasible;infeasible;infeasible;infeasible;infeasible;infeasible;infeasible;infeasible;infeasible,0;1;2;3;4;5;6;7;8;9;10;11,STRUCTURAL_ZERO;STRUCTURAL_ZERO;STRUCTURAL_ZERO;STRUCTURAL_ZERO;STRUCTURAL_ZERO;STRUCTURAL_ZERO;STRUCTURAL_ZERO;STRUCTURAL_ZERO;STRUCTURAL_ZERO;STRUCTURAL_ZERO;STRUCTURAL_ZERO;STRUCTURAL_ZERO,12,0,0,,OK
red2_6800:68,,infeasible;infeasible;infeasible;infeasible;infeasible;infeasible;infeasible;infeasible;infeasible;infeasible;infeasible;infeasible,0;0;0;0;0;0;0;0;0;0;0;0,infeasible;infeasible;infeasible;infeasible;infeasible;infeasible;infeasible;infeasible;infeasible;infeasible;infeasible;infeasible,infeasible;infeasible;infeasible;infeasible;infeasible;infeasible;infeasible;infeasible;infeasible;infeasible;infeasible;infeasible,0;1;2;3;4;5;6;7;8;9;10;11,STRUCTURAL_ZERO;STRUCTURAL_ZERO;STRUCTURAL_ZERO;STRUCTURAL_ZERO;STRUCTURAL_ZERO;STRUCTURAL_ZERO;STRUCTURAL_ZERO;STRUCTURAL_ZERO;STRUCTURAL_ZERO;STRUCTURAL_ZERO;STRUCTURAL_ZERO;STRUCTURAL_ZERO,12,0,0,,OK
red2_6800:69,,infeasible;infeasible;infeasible;infeasible;infeasible;infeasible;infeasible;infeasible;infeasible;infeasible;infeasible;infeasible,0;0;0;0;0;0;0;0;0;0;0;0,infeasible;infeasible;infeasible;infeasible;infeasible;infeasible;infeasible;infeasible;infeasible;infeasible;infeasible;infeasible,infeasible;infeasible;infeasible;infeasible;infeasible;infeasible;infeasible;infeasible;infeasible;infeasible;infeasible;infeasible,0;1;2;3;4;5;6;7;8;9;10;11,STRUCTURAL_ZERO;STRUCTURAL_ZERO;STRUCTURAL_ZERO;STRUCTURAL_ZERO;STRUCTURAL_ZERO;STRUCTURAL_ZERO;STRUCTURAL_ZERO;STRUCTURAL_ZERO;STRUCTURAL_ZERO;STRUCTURAL_ZERO;STRUCTURAL_ZERO;STRUCTURAL_ZERO,12,0,0,,OK
red2_6800:70,,infeasible;infeasible;infeasible;infeasible;infeasible;infeasible;infeasible;infeasible;infeasible;infeasible;infeasible;infeasible,0;0;0;0;0;0;0;0;0;0;0;0,infeasible;infeasible;infeasible;infeasible;infeasible;infeasible;infeasible;infeasible;infeasible;infeasible;infeasible;infeasible,infeasible;infeasible;infeasible;infeasible;infeasible;infeasible;infeasible;infeasible;infeasible;infeasible;infeasible;infeasible,0;1;2;3;4;5;6;7;8;9;10;11,STRUCTURAL_ZERO;STRUCTURAL_ZERO;STRUCTURAL_ZERO;STRUCTURAL_ZERO;STRUCTURAL_ZERO;STRUCTURAL_ZERO;STRUCTURAL_ZERO;STRUCTURAL_ZERO;STRUCTURAL_ZERO;STRUCTURAL_ZERO;STRUCTURAL_ZERO;STRUCTURAL_ZERO,12,0,0,,OK
red2_6800:71,,infeasible;infeasible;infeasible;infeasible;infeasible;infeasible;infeasible;infeasible;infeasible;infeasible;infeasible;infeasible,0;0;0;0;0;0;0;0;0;0;0;0,infeasible;infeasible;infeasible;infeasible;infeasible;infeasible;infeasible;infeasible;infeasible;infeasible;infeasible;infeasible,infeasible;infeasible;infeasible;infeasible;infeasible;infeasible;infeasible;infeasible;infeasible;infeasible;infeasible;infeasible,0;1;2;3;4;5;6;7;8;9;10;11,STRUCTURAL_ZERO;STRUCTURAL_ZERO;STRUCTURAL_ZERO;STRUCTURAL_ZERO;STRUCTURAL_ZERO;STRUCTURAL_ZERO;STRUCTURAL_ZERO;STRUCTURAL_ZERO;STRUCTURAL_ZERO;STRUCTURAL_ZERO;STRUCTURAL_ZERO;STRUCTURAL_ZERO,12,0,0,,OK
red2_6800:72,,infeasible;infeasible;infeasible;infeasible;infeasible;infeasible;infeasible;infeasible;infeasible;infeasible;infeasible;infeasible,0;0;0;0;0;0;0;0;0;0;0;0,infeasible;infeasible;infeasible;infeasible;infeasible;infeasible;infeasible;infeasible;infeasible;infeasible;infeasible;infeasible,infeasible;infeasible;infeasible;infeasible;infeasible;infeasible;infeasible;infeasible;infeasible;infeasible;infeasible;infeasible,0;1;2;3;4;5;6;7;8;9;10;11,STRUCTURAL_ZERO;STRUCTURAL_ZERO;STRUCTURAL_ZERO;STRUCTURAL_ZERO;STRUCTURAL_ZERO;STRUCTURAL_ZERO;STRUCTURAL_ZERO;STRUCTURAL_ZERO;STRUCTURAL_ZERO;STRUCTURAL_ZERO;STRUCTURAL_ZERO;STRUCTURAL_ZERO,12,0,0,,OK
red2_6800:73,,infeasible;infeasible;infeasible;infeasible;infeasible;infeasible;infeasible;infeasible;infeasible;infeasible;infeasible;infeasible,0;0;0;0;0;0;0;0;0;0;0;0,infeasible;infeasible;infeasible;infeasible;infeasible;infeasible;infeasible;infeasible;infeasible;infeasible;infeasible;infeasible,infeasible;infeasible;infeasible;infeasible;infeasible;infeasible;infeasible;infeasible;infeasible;infeasible;infeasible;infeasible,0;1;2;3;4;5;6;7;8;9;10;11,STRUCTURAL_ZERO;STRUCTURAL_ZERO;STRUCTURAL_ZERO;STRUCTURAL_ZERO;STRUCTURAL_ZERO;STRUCTURAL_ZERO;STRUCTURAL_ZERO;STRUCTURAL_ZERO;STRUCTURAL_ZERO;STRUCTURAL_ZERO;STRUCTURAL_ZERO;STRUCTURAL_ZERO,12,0,0,,OK
red2_6800:74,,infeasible;infeasible;infeasible;infeasible;infeasible;infeasible;infeasible;infeasible;infeasible;infeasible;infeasible;infeasible,0;0;0;0;0;0;0;0;0;0;0;0,infeasible;infeasible;infeasible;infeasible;infeasible;infeasible;infeasible;infeasible;infeasible;infeasible;infeasible;infeasible,infeasible;infeasible;infeasible;infeasible;infeasible;infeasible;infeasible;infeasible;infeasible;infeasible;infeasible;infeasible,0;1;2;3;4;5;6;7;8;9;10;11,STRUCTURAL_ZERO;STRUCTURAL_ZERO;STRUCTURAL_ZERO;STRUCTURAL_ZERO;STRUCTURAL_ZERO;STRUCTURAL_ZERO;STRUCTURAL_ZERO;STRUCTURAL_ZERO;STRUCTURAL_ZERO;STRUCTURAL_ZERO;STRUCTURAL_ZERO;STRUCTURAL_ZERO,12,0,0,,OK
red2_6800:75,,infeasible;infeasible;infeasible;infeasible;infeasible;infeasible;infeasible;infeasible;infeasible;infeasible;infeasible;infeasible,0;0;0;0;0;0;0;0;0;0;0;0,infeasible;infeasible;infeasible;infeasible;infeasible;infeasible;infeasible;infeasible;infeasible;infeasible;infeasible;infeasible,infeasible;infeasible;infeasible;infeasible;infeasible;infeasible;infeasible;infeasible;infeasible;infeasible;infeasible;infeasible,0;1;2;3;4;5;6;7;8;9;10;11,STRUCTURAL_ZERO;STRUCTURAL_ZERO;STRUCTURAL_ZERO;STRUCTURAL_ZERO;STRUCTURAL_ZERO;STRUCTURAL_ZERO;STRUCTURAL_ZERO;STRUCTURAL_ZERO;STRUCTURAL_ZERO;STRUCTURAL_ZERO;STRUCTURAL_ZERO;STRUCTURAL_ZERO,12,0,0,,OK
red2_6800:76,,infeasible;infeasible;infeasible;infeasible;infeasible;infeasible;infeasible;infeasible;infeasible;infeasible;infeasible;infeasible,0;0;0;0;0;0;0;0;0;0;0;0,infeasible;infeasible;infeasible;infeasible;infeasible;infeasible;infeasible;infeasible;infeasible;infeasible;infeasible;infeasible,infeasible;infeasible;infeasible;infeasible;infeasible;infeasible;infeasible;infeasible;infeasible;infeasible;infeasible;infeasible,0;1;2;3;4;5;6;7;8;9;10;11,STRUCTURAL_ZERO;STRUCTURAL_ZERO;STRUCTURAL_ZERO;STRUCTURAL_ZERO;STRUCTURAL_ZERO;STRUCTURAL_ZERO;STRUCTURAL_ZERO;STRUCTURAL_ZERO;STRUCTURAL_ZERO;STRUCTURAL_ZERO;STRUCTURAL_ZERO;STRUCTURAL_ZERO,12,0,0,,OK
red2_6800:77,,infeasible;infeasible;infeasible;infeasible;infeasible;infeasible;infeasible;infeasible;infeasible;infeasible;infeasible;infeasible,0;0;0;0;0;0;0;0;0;0;0;0,infeasible;infeasible;infeasible;infeasible;infeasible;infeasible;infeasible;infeasible;infeasible;infeasible;infeasible;infeasible,infeasible;infeasible;infeasible;infeasible;infeasible;infeasible;infeasible;infeasible;infeasible;infeasible;infeasible;infeasible,0;1;2;3;4;5;6;7;8;9;10;11,STRUCTURAL_ZERO;STRUCTURAL_ZERO;STRUCTURAL_ZERO;STRUCTURAL_ZERO;STRUCTURAL_ZERO;STRUCTURAL_ZERO;STRUCTURAL_ZERO;STRUCTURAL_ZERO;STRUCTURAL_ZERO;STRUCTURAL_ZERO;STRUCTURAL_ZERO;STRUCTURAL_ZERO,12,0,0,,OK
red2_6800:78,,infeasible;infeasible;infeasible;infeasible;infeasible;infeasible;infeasible;infeasible;infeasible;infeasible;infeasible;infeasible,0;0;0;0;0;0;0;0;0;0;0;0,infeasible;infeasible;infeasible;infeasible;infeasible;infeasible;infeasible;infeasible;infeasible;infeasible;infeasible;infeasible,infeasible;infeasible;infeasible;infeasible;infeasible;infeasible;infeasible;infeasible;infeasible;infeasible;infeasible;infeasible,0;1;2;3;4;5;6;7;8;9;10;11,STRUCTURAL_ZERO;STRUCTURAL_ZERO;STRUCTURAL_ZERO;STRUCTURAL_ZERO;STRUCTURAL_ZERO;STRUCTURAL_ZERO;STRUCTURAL_ZERO;STRUCTURAL_ZERO;STRUCTURAL_ZERO;STRUCTURAL_ZERO;STRUCTURAL_ZERO;STRUCTURAL_ZERO,12,0,0,,OK
red2_6800:79,,infeasible;infeasible;infeasible;infeasible;infeasible;infeasible;infeasible;infeasible;infeasible;infeasible;infeasible;infeasible,0;0;0;0;0;0;0;0;0;0;0;0,infeasible;infeasible;infeasible;infeasible;infeasible;infeasible;infeasible;infeasible;infeasible;infeasible;infeasible;infeasible,infeasible;infeasible;infeasible;infeasible;infeasible;infeasible;infeasible;infeasible;infeasible;infeasible;infeasible;infeasible,0;1;2;3;4;5;6;7;8;9;10;11,STRUCTURAL_ZERO;STRUCTURAL_ZERO;STRUCTURAL_ZERO;STRUCTURAL_ZERO;STRUCTURAL_ZERO;STRUCTURAL_ZERO;STRUCTURAL_ZERO;STRUCTURAL_ZERO;STRUCTURAL_ZERO;STRUCTURAL_ZERO;STRUCTURAL_ZERO;STRUCTURAL_ZERO,12,0,0,,OK
red2_6800:80,,infeasible;infeasible;infeasible;infeasible;infeasible;infeasible;infeasible;infeasible;infeasible;infeasible;infeasible;infeasible,0;0;0;0;0;0;0;0;0;0;0;0,infeasible;infeasible;infeasible;infeasible;infeasible;infeasible;infeasible;infeasible;infeasible;infeasible;infeasible;infeasible,infeasible;infeasible;infeasible;infeasible;infeasible;infeasible;infeasible;infeasible;infeasible;infeasible;infeasible;infeasible,0;1;2;3;4;5;6;7;8;9;10;11,STRUCTURAL_ZERO;STRUCTURAL_ZERO;STRUCTURAL_ZERO;STRUCTURAL_ZERO;STRUCTURAL_ZERO;STRUCTURAL_ZERO;STRUCTURAL_ZERO;STRUCTURAL_ZERO;STRUCTURAL_ZERO;STRUCTURAL_ZERO;STRUCTURAL_ZERO;STRUCTURAL_ZERO,12,0,0,,OK
red2_6800:81,,infeasible;infeasible;infeasible;infeasible;infeasible;infeasible;infeasible;infeasible;infeasible;infeasible;infeasible;infeasible,0;0;0;0;0;0;0;0;0;0;0;0,infeasible;infeasible;infeasible;infeasible;infeasible;infeasible;infeasible;infeasible;infeasible;infeasible;infeasible;infeasible,infeasible;infeasible;infeasible;infeasible;infeasible;infeasible;infeasible;infeasible;infeasible;infeasible;infeasible;infeasible,0;1;2;3;4;5;6;7;8;9;10;11,STRUCTURAL_ZERO;STRUCTURAL_ZERO;STRUCTURAL_ZERO;STRUCTURAL_ZERO;STRUCTURAL_ZERO;STRUCTURAL_ZERO;STRUCTURAL_ZERO;STRUCTURAL_ZERO;STRUCTURAL_ZERO;STRUCTURAL_ZERO;STRUCTURAL_ZERO;STRUCTURAL_ZERO,12,0,0,,OK
red2_6800:82,,infeasible;infeasible;infeasible;infeasible;infeasible;infeasible;infeasible;infeasible;infeasible;infeasible;infeasible;infeasible,0;0;0;0;0;0;0;0;0;0;0;0,infeasible;infeasible;infeasible;infeasible;infeasible;infeasible;infeasible;infeasible;infeasible;infeasible;infeasible;infeasible,infeasible;infeasible;infeasible;infeasible;infeasible;infeasible;infeasible;infeasible;infeasible;infeasible;infeasible;infeasible,0;1;2;3;4;5;6;7;8;9;10;11,STRUCTURAL_ZERO;STRUCTURAL_ZERO;STRUCTURAL_ZERO;STRUCTURAL_ZERO;STRUCTURAL_ZERO;STRUCTURAL_ZERO;STRUCTURAL_ZERO;STRUCTURAL_ZERO;STRUCTURAL_ZERO;STRUCTURAL_ZERO;STRUCTURAL_ZERO;STRUCTURAL_ZERO,12,0,0,,OK
red2_6800:83,,infeasible;optimal;optimal;optimal;optimal;optimal;optimal;optimal;optimal;optimal;optimal;optimal,0;0.06529;0.3896;0.6159;1.06;1.435;1.454;1.413;1.245;0.9898;0.7097;0.1622,infeasible;optimal;optimal;optimal;optimal;optimal;optimal;optimal;optimal;optimal;optimal;optimal,infeasible;optimal;optimal;optimal;optimal;optimal;optimal;optimal;optimal;optimal;optimal;optimal,0,STRUCTURAL_ZERO,1,0,0,,OK
red2_6800:84,,infeasible;optimal;optimal;optimal;optimal;optimal;optimal;optimal;optimal;optimal;optimal;optimal,0;0.1421;0.6125;0.8671;1.195;1.439;1.462;1.433;1.308;1.146;0.888;0.03715,infeasible;optimal;optimal;optimal;optimal;optimal;optimal;optimal;optimal;optimal;optimal;optimal,infeasible;optimal;optimal;optimal;optimal;optimal;optimal;optimal;optimal;optimal;optimal;optimal,0,STRUCTURAL_ZERO,1,0,0,,OK
red2_6800:85,,infeasible;infeasible;infeasible;infeasible;infeasible;infeasible;infeasible;infeasible;infeasible;infeasible;infeasible;infeasible,0;0;0;0;0;0;0;0;0;0;0;0,infeasible;infeasible;infeasible;infeasible;infeasible;infeasible;infeasible;infeasible;infeasible;infeasible;infeasible;infeasible,infeasible;infeasible;infeasible;infeasible;infeasible;infeasible;infeasible;infeasible;infeasible;infeasible;infeasible;infeasible,0;1;2;3;4;5;6;7;8;9;10;11,STRUCTURAL_ZERO;STRUCTURAL_ZERO;STRUCTURAL_ZERO;STRUCTURAL_ZERO;STRUCTURAL_ZERO;STRUCTURAL_ZERO;STRUCTURAL_ZERO;STRUCTURAL_ZERO;STRUCTURAL_ZERO;STRUCTURAL_ZERO;STRUCTURAL_ZERO;STRUCTURAL_ZERO,12,0,0,,OK
red2_6800:86,,infeasible;infeasible;infeasible;infeasible;infeasible;infeasible;infeasible;infeasible;infeasible;infeasible;infeasible;infeasible,0;0;0;0;0;0;0;0;0;0;0;0,infeasible;infeasible;infeasible;infeasible;infeasible;infeasible;infeasible;infeasible;infeasible;infeasible;infeasible;infeasible,infeasible;infeasible;infeasible;infeasible;infeasible;infeasible;infeasible;infeasible;infeasible;infeasible;infeasible;infeasible,0;1;2;3;4;5;6;7;8;9;10;11,STRUCTURAL_ZERO;STRUCTURAL_ZERO;STRUCTURAL_ZERO;STRUCTURAL_ZERO;STRUCTURAL_ZERO;STRUCTURAL_ZERO;STRUCTURAL_ZERO;STRUCTURAL_ZERO;STRUCTURAL_ZERO;STRUCTURAL_ZERO;STRUCTURAL_ZERO;STRUCTURAL_ZERO,12,0,0,,OK
red2_6800:87,,infeasible;infeasible;infeasible;infeasible;infeasible;infeasible;infeasible;infeasible;infeasible;infeasible;infeasible;infeasible,0;0;0;0;0;0;0;0;0;0;0;0,infeasible;infeasible;infeasible;infeasible;infeasible;infeasible;infeasible;infeasible;infeasible;infeasible;infeasible;infeasible,infeasible;infeasible;infeasible;infeasible;infeasible;infeasible;infeasible;infeasible;infeasible;infeasible;infeasible;infeasible,0;1;2;3;4;5;6;7;8;9;10;11,STRUCTURAL_ZERO;STRUCTURAL_ZERO;STRUCTURAL_ZERO;STRUCTURAL_ZERO;STRUCTURAL_ZERO;STRUCTURAL_ZERO;STRUCTURAL_ZERO;STRUCTURAL_ZERO;STRUCTURAL_ZERO;STRUCTURAL_ZERO;STRUCTURAL_ZERO;STRUCTURAL_ZERO,12,0,0,,OK
red2_6800:88,,infeasible;infeasible;infeasible;infeasible;infeasible;infeasible;infeasible;infeasible;infeasible;infeasible;infeasible;infeasible,0;0;0;0;0;0;0;0;0;0;0;0,infeasible;infeasible;infeasible;infeasible;infeasible;infeasible;infeasible;infeasible;infeasible;infeasible;infeasible;infeasible,infeasible;infeasible;infeasible;infeasible;infeasible;infeasible;infeasible;infeasible;infeasible;infeasible;infeasible;infeasible,0;1;2;3;4;5;6;7;8;9;10;11,STRUCTURAL_ZERO;STRUCTURAL_ZERO;STRUCTURAL_ZERO;STRUCTURAL_ZERO;STRUCTURAL_ZERO;STRUCTURAL_ZERO;STRUCTURAL_ZERO;STRUCTURAL_ZERO;STRUCTURAL_ZERO;STRUCTURAL_ZERO;STRUCTURAL_ZERO;STRUCTURAL_ZERO,12,0,0,,OK
red2_6800:89,,infeasible;infeasible;infeasible;infeasible;infeasible;infeasible;infeasible;infeasible;infeasible;infeasible;infeasible;infeasible,0;0;0;0;0;0;0;0;0;0;0;0,infeasible;infeasible;infeasible;infeasible;infeasible;infeasible;infeasible;infeasible;infeasible;infeasible;infeasible;infeasible,infeasible;infeasible;infeasible;infeasible;infeasible;infeasible;infeasible;infeasible;infeasible;infeasible;infeasible;infeasible,0;1;2;3;4;5;6;7;8;9;10;11,STRUCTURAL_ZERO;STRUCTURAL_ZERO;STRUCTURAL_ZERO;STRUCTURAL_ZERO;STRUCTURAL_ZERO;STRUCTURAL_ZERO;STRUCTURAL_ZERO;STRUCTURAL_ZERO;STRUCTURAL_ZERO;STRUCTURAL_ZERO;STRUCTURAL_ZERO;STRUCTURAL_ZERO,12,0,0,,OK
red2_6800:90,,infeasible;infeasible;infeasible;infeasible;infeasible;infeasible;infeasible;infeasible;infeasible;infeasible;infeasible;infeasible,0;0;0;0;0;0;0;0;0;0;0;0,infeasible;infeasible;infeasible;infeasible;infeasible;infeasible;infeasible;infeasible;infeasible;infeasible;infeasible;infeasible,infeasible;infeasible;infeasible;infeasible;infeasible;infeasible;infeasible;infeasible;infeasible;infeasible;infeasible;infeasible,0;1;2;3;4;5;6;7;8;9;10;11,STRUCTURAL_ZERO;STRUCTURAL_ZERO;STRUCTURAL_ZERO;STRUCTURAL_ZERO;STRUCTURAL_ZERO;STRUCTURAL_ZERO;STRUCTURAL_ZERO;STRUCTURAL_ZERO;STRUCTURAL_ZERO;STRUCTURAL_ZERO;STRUCTURAL_ZERO;STRUCTURAL_ZERO,12,0,0,,OK
red2_6800:91,,infeasible;infeasible;infeasible;infeasible;infeasible;infeasible;infeasible;infeasible;infeasible;infeasible;infeasible;infeasible,0;0;0;0;0;0;0;0;0;0;0;0,infeasible;infeasible;infeasible;infeasible;infeasible;infeasible;infeasible;infeasible;infeasible;infeasible;infeasible;infeasible,infeasible;infeasible;infeasible;infeasible;infeasible;infeasible;infeasible;infeasible;infeasible;infeasible;infeasible;infeasible,0;1;2;3;4;5;6;7;8;9;10;11,STRUCTURAL_ZERO;STRUCTURAL_ZERO;STRUCTURAL_ZERO;STRUCTURAL_ZERO;STRUCTURAL_ZERO;STRUCTURAL_ZERO;STRUCTURAL_ZERO;STRUCTURAL_ZERO;STRUCTURAL_ZERO;STRUCTURAL_ZERO;STRUCTURAL_ZERO;STRUCTURAL_ZERO,12,0,0,,OK
red2_6800:92,,infeasible;optimal;optimal;optimal;optimal;optimal;optimal;optimal;optimal;optimal;optimal;optimal,0;0.1358;0.5167;0.7493;1.109;1.387;1.401;1.344;1.188;0.9821;0.7521;0.318,infeasible;optimal;optimal;optimal;optimal;optimal;optimal;optimal;optimal;optimal;optimal;optimal,infeasible;optimal;optimal;optimal;optimal;optimal;optimal;optimal;optimal;optimal;optimal;optimal,0,STRUCTURAL_ZERO,1,0,0,,OK
red2_6800:93,,infeasible;infeasible;infeasible;infeasible;infeasible;infeasible;infeasible;infeasible;infeasible;infeasible;infeasible;infeasible,0;0;0;0;0;0;0;0;0;0;0;0,infeasible;infeasible;infeasible;infeasible;infeasible;infeasible;infeasible;infeasible;infeasible;infeasible;infeasible;infeasible,infeasible;infeasible;infeasible;infeasible;infeasible;infeasible;infeasible;infeasible;infeasible;infeasible;infeasible;infeasible,0;1;2;3;4;5;6;7;8;9;10;11,STRUCTURAL_ZERO;STRUCTURAL_ZERO;STRUCTURAL_ZERO;STRUCTURAL_ZERO;STRUCTURAL_ZERO;STRUCTURAL_ZERO;STRUCTURAL_ZERO;STRUCTURAL_ZERO;STRUCTURAL_ZERO;STRUCTURAL_ZERO;STRUCTURAL_ZERO;STRUCTURAL_ZERO,12,0,0,,OK
red2_6800:94,,infeasible;infeasible;infeasible;infeasible;infeasible;infeasible;infeasible;infeasible;infeasible;infeasible;infeasible;infeasible,0;0;0;0;0;0;0;0;0;0;0;0,infeasible;infeasible;infeasible;infeasible;infeasible;infeasible;infeasible;infeasible;infeasible;infeasible;infeasible;infeasible,infeasible;infeasible;infeasible;infeasible;infeasible;infeasible;infeasible;infeasible;infeasible;infeasible;infeasible;infeasible,0;1;2;3;4;5;6;7;8;9;10;11,STRUCTURAL_ZERO;STRUCTURAL_ZERO;STRUCTURAL_ZERO;STRUCTURAL_ZERO;STRUCTURAL_ZERO;STRUCTURAL_ZERO;STRUCTURAL_ZERO;STRUCTURAL_ZERO;STRUCTURAL_ZERO;STRUCTURAL_ZERO;STRUCTURAL_ZERO;STRUCTURAL_ZERO,12,0,0,,OK
red2_6800:95,,infeasible;infeasible;infeasible;infeasible;infeasible;infeasible;infeasible;infeasible;infeasible;infeasible;infeasible;infeasible,0;0;0;0;0;0;0;0;0;0;0;0,infeasible;infeasible;infeasible;infeasible;infeasible;infeasible;infeasible;infeasible;infeasible;infeasible;infeasible;infeasible,infeasible;infeasible;infeasible;infeasible;infeasible;infeasible;infeasible;infeasible;infeasible;infeasible;infeasible;infeasible,0;1;2;3;4;5;6;7;8;9;10;11,STRUCTURAL_ZERO;STRUCTURAL_ZERO;STRUCTURAL_ZERO;STRUCTURAL_ZERO;STRUCTURAL_ZERO;STRUCTURAL_ZERO;STRUCTURAL_ZERO;STRUCTURAL_ZERO;STRUCTURAL_ZERO;STRUCTURAL_ZERO;STRUCTURAL_ZERO;STRUCTURAL_ZERO,12,0,0,,OK
red2_6800:96,,infeasible;infeasible;infeasible;infeasible;infeasible;infeasible;infeasible;infeasible;infeasible;infeasible;infeasible;infeasible,0;0;0;0;0;0;0;0;0;0;0;0,infeasible;infeasible;infeasible;infeasible;infeasible;infeasible;infeasible;infeasible;infeasible;infeasible;infeasible;infeasible,infeasible;infeasible;infeasible;infeasible;infeasible;infeasible;infeasible;infeasible;infeasible;infeasible;infeasible;infeasible,0;1;2;3;4;5;6;7;8;9;10;11,STRUCTURAL_ZERO;STRUCTURAL_ZERO;STRUCTURAL_ZERO;STRUCTURAL_ZERO;STRUCTURAL_ZERO;STRUCTURAL_ZERO;STRUCTURAL_ZERO;STRUCTURAL_ZERO;STRUCTURAL_ZERO;STRUCTURAL_ZERO;STRUCTURAL_ZERO;STRUCTURAL_ZERO,12,0,0,,OK
red2_6800:97,,infeasible;infeasible;infeasible;infeasible;infeasible;infeasible;infeasible;infeasible;infeasible;infeasible;infeasible;infeasible,0;0;0;0;0;0;0;0;0;0;0;0,infeasible;infeasible;infeasible;infeasible;infeasible;infeasible;infeasible;infeasible;infeasible;infeasible;infeasible;infeasible,infeasible;infeasible;infeasible;infeasible;infeasible;infeasible;infeasible;infeasible;infeasible;infeasible;infeasible;infeasible,0;1;2;3;4;5;6;7;8;9;10;11,STRUCTURAL_ZERO;STRUCTURAL_ZERO;STRUCTURAL_ZERO;STRUCTURAL_ZERO;STRUCTURAL_ZERO;STRUCTURAL_ZERO;STRUCTURAL_ZERO;STRUCTURAL_ZERO;STRUCTURAL_ZERO;STRUCTURAL_ZERO;STRUCTURAL_ZERO;STRUCTURAL_ZERO,12,0,0,,OK
red2_6800:98,,infeasible;infeasible;infeasible;infeasible;infeasible;infeasible;infeasible;infeasible;infeasible;infeasible;infeasible;infeasible,0;0;0;0;0;0;0;0;0;0;0;0,infeasible;infeasible;infeasible;infeasible;infeasible;infeasible;infeasible;infeasible;infeasible;infeasible;infeasible;infeasible,infeasible;infeasible;infeasible;infeasible;infeasible;infeasible;infeasible;infeasible;infeasible;infeasible;infeasible;infeasible,0;1;2;3;4;5;6;7;8;9;10;11,STRUCTURAL_ZERO;STRUCTURAL_ZERO;STRUCTURAL_ZERO;STRUCTURAL_ZERO;STRUCTURAL_ZERO;STRUCTURAL_ZERO;STRUCTURAL_ZERO;STRUCTURAL_ZERO;STRUCTURAL_ZERO;STRUCTURAL_ZERO;STRUCTURAL_ZERO;STRUCTURAL_ZERO,12,0,0,,OK
red2_6800:99,,infeasible;infeasible;infeasible;infeasible;infeasible;infeasible;infeasible;infeasible;infeasible;infeasible;infeasible;infeasible,0;0;0;0;0;0;0;0;0;0;0;0,infeasible;infeasible;infeasible;infeasible;infeasible;infeasible;infeasible;infeasible;infeasible;infeasible;infeasible;infeasible,infeasible;infeasible;infeasible;infeasible;infeasible;infeasible;infeasible;infeasible;infeasible;infeasible;infeasible;infeasible,0;1;2;3;4;5;6;7;8;9;10;11,STRUCTURAL_ZERO;STRUCTURAL_ZERO;STRUCTURAL_ZERO;STRUCTURAL_ZERO;STRUCTURAL_ZERO;STRUCTURAL_ZERO;STRUCTURAL_ZERO;STRUCTURAL_ZERO;STRUCTURAL_ZERO;STRUCTURAL_ZERO;STRUCTURAL_ZERO;STRUCTURAL_ZERO,12,0,0,,OK
red2_6800:100,,infeasible;infeasible;infeasible;infeasible;infeasible;infeasible;infeasible;infeasible;infeasible;infeasible;infeasible;infeasible,0;0;0;0;0;0;0;0;0;0;0;0,infeasible;infeasible;infeasible;infeasible;infeasible;infeasible;infeasible;infeasible;infeasible;infeasible;infeasible;infeasible,infeasible;infeasible;infeasible;infeasible;infeasible;infeasible;infeasible;infeasible;infeasible;infeasible;infeasible;infeasible,0;1;2;3;4;5;6;7;8;9;10;11,STRUCTURAL_ZERO;STRUCTURAL_ZERO;STRUCTURAL_ZERO;STRUCTURAL_ZERO;STRUCTURAL_ZERO;STRUCTURAL_ZERO;STRUCTURAL_ZERO;STRUCTURAL_ZERO;STRUCTURAL_ZERO;STRUCTURAL_ZERO;STRUCTURAL_ZERO;STRUCTURAL_ZERO,12,0,0,,OK
red2_6800:101,,infeasible;infeasible;infeasible;infeasible;infeasible;infeasible;infeasible;infeasible;infeasible;infeasible;infeasible;infeasible,0;0;0;0;0;0;0;0;0;0;0;0,infeasible;infeasible;infeasible;infeasible;infeasible;infeasible;infeasible;infeasible;infeasible;infeasible;infeasible;infeasible,infeasible;infeasible;infeasible;infeasible;infeasible;infeasible;infeasible;infeasible;infeasible;infeasible;infeasible;infeasible,0;1;2;3;4;5;6;7;8;9;10;11,STRUCTURAL_ZERO;STRUCTURAL_ZERO;STRUCTURAL_ZERO;STRUCTURAL_ZERO;STRUCTURAL_ZERO;STRUCTURAL_ZERO;STRUCTURAL_ZERO;STRUCTURAL_ZERO;STRUCTURAL_ZERO;STRUCTURAL_ZERO;STRUCTURAL_ZERO;STRUCTURAL_ZERO,12,0,0,,OK
red2_6800:102,,infeasible;infeasible;infeasible;infeasible;infeasible;infeasible;infeasible;infeasible;infeasible;infeasible;infeasible;infeasible,0;0;0;0;0;0;0;0;0;0;0;0,infeasible;infeasible;infeasible;infeasible;infeasible;infeasible;infeasible;infeasible;infeasible;infeasible;infeasible;infeasible,infeasible;infeasible;infeasible;infeasible;infeasible;infeasible;infeasible;infeasible;infeasible;infeasible;infeasible;infeasible,0;1;2;3;4;5;6;7;8;9;10;11,STRUCTURAL_ZERO;STRUCTURAL_ZERO;STRUCTURAL_ZERO;STRUCTURAL_ZERO;STRUCTURAL_ZERO;STRUCTURAL_ZERO;STRUCTURAL_ZERO;STRUCTURAL_ZERO;STRUCTURAL_ZERO;STRUCTURAL_ZERO;STRUCTURAL_ZERO;STRUCTURAL_ZERO,12,0,0,,OK
red2_6800:103,,infeasible;infeasible;infeasible;infeasible;infeasible;infeasible;infeasible;infeasible;infeasible;infeasible;infeasible;infeasible,0;0;0;0;0;0;0;0;0;0;0;0,infeasible;infeasible;infeasible;infeasible;infeasible;infeasible;infeasible;infeasible;infeasible;infeasible;infeasible;infeasible,infeasible;infeasible;infeasible;infeasible;infeasible;infeasible;infeasible;infeasible;infeasible;infeasible;infeasible;infeasible,0;1;2;3;4;5;6;7;8;9;10;11,STRUCTURAL_ZERO;STRUCTURAL_ZERO;STRUCTURAL_ZERO;STRUCTURAL_ZERO;STRUCTURAL_ZERO;STRUCTURAL_ZERO;STRUCTURAL_ZERO;STRUCTURAL_ZERO;STRUCTURAL_ZERO;STRUCTURAL_ZERO;STRUCTURAL_ZERO;STRUCTURAL_ZERO,12,0,0,,OK
red2_6800:104,,infeasible;infeasible;infeasible;infeasible;infeasible;infeasible;infeasible;infeasible;infeasible;infeasible;infeasible;infeasible,0;0;0;0;0;0;0;0;0;0;0;0,infeasible;infeasible;infeasible;infeasible;infeasible;infeasible;infeasible;infeasible;infeasible;infeasible;infeasible;infeasible,infeasible;infeasible;infeasible;infeasible;infeasible;infeasible;infeasible;infeasible;infeasible;infeasible;infeasible;infeasible,0;1;2;3;4;5;6;7;8;9;10;11,STRUCTURAL_ZERO;STRUCTURAL_ZERO;STRUCTURAL_ZERO;STRUCTURAL_ZERO;STRUCTURAL_ZERO;STRUCTURAL_ZERO;STRUCTURAL_ZERO;STRUCTURAL_ZERO;STRUCTURAL_ZERO;STRUCTURAL_ZERO;STRUCTURAL_ZERO;STRUCTURAL_ZERO,12,0,0,,OK
red2_6800:105,,infeasible;infeasible;infeasible;infeasible;infeasible;infeasible;infeasible;infeasible;infeasible;infeasible;infeasible;infeasible,0;0;0;0;0;0;0;0;0;0;0;0,infeasible;infeasible;infeasible;infeasible;infeasible;infeasible;infeasible;infeasible;infeasible;infeasible;infeasible;infeasible,infeasible;infeasible;infeasible;infeasible;infeasible;infeasible;infeasible;infeasible;infeasible;infeasible;infeasible;infeasible,0;1;2;3;4;5;6;7;8;9;10;11,STRUCTURAL_ZERO;STRUCTURAL_ZERO;STRUCTURAL_ZERO;STRUCTURAL_ZERO;STRUCTURAL_ZERO;STRUCTURAL_ZERO;STRUCTURAL_ZERO;STRUCTURAL_ZERO;STRUCTURAL_ZERO;STRUCTURAL_ZERO;STRUCTURAL_ZERO;STRUCTURAL_ZERO,12,0,0,,OK
red2_6800:106,,infeasible;infeasible;infeasible;infeasible;infeasible;infeasible;infeasible;infeasible;infeasible;infeasible;infeasible;infeasible,0;0;0;0;0;0;0;0;0;0;0;0,infeasible;infeasible;infeasible;infeasible;infeasible;infeasible;infeasible;infeasible;infeasible;infeasible;infeasible;infeasible,infeasible;infeasible;infeasible;infeasible;infeasible;infeasible;infeasible;infeasible;infeasible;infeasible;infeasible;infeasible,0;1;2;3;4;5;6;7;8;9;10;11,STRUCTURAL_ZERO;STRUCTURAL_ZERO;STRUCTURAL_ZERO;STRUCTURAL_ZERO;STRUCTURAL_ZERO;STRUCTURAL_ZERO;STRUCTURAL_ZERO;STRUCTURAL_ZERO;STRUCTURAL_ZERO;STRUCTURAL_ZERO;STRUCTURAL_ZERO;STRUCTURAL_ZERO,12,0,0,,OK
red2_6800:107,,infeasible;infeasible;infeasible;infeasible;infeasible;infeasible;infeasible;infeasible;infeasible;infeasible;infeasible;infeasible,0;0;0;0;0;0;0;0;0;0;0;0,infeasible;infeasible;infeasible;infeasible;infeasible;infeasible;infeasible;infeasible;infeasible;infeasible;infeasible;infeasible,infeasible;infeasible;infeasible;infeasible;infeasible;infeasible;infeasible;infeasible;infeasible;infeasible;infeasible;infeasible,0;1;2;3;4;5;6;7;8;9;10;11,STRUCTURAL_ZERO;STRUCTURAL_ZERO;STRUCTURAL_ZERO;STRUCTURAL_ZERO;STRUCTURAL_ZERO;STRUCTURAL_ZERO;STRUCTURAL_ZERO;STRUCTURAL_ZERO;STRUCTURAL_ZERO;STRUCTURAL_ZERO;STRUCTURAL_ZERO;STRUCTURAL_ZERO,12,0,0,,OK
red2_6800:108,,infeasible;infeasible;infeasible;infeasible;infeasible;infeasible;infeasible;infeasible;infeasible;infeasible;infeasible;infeasible,0;0;0;0;0;0;0;0;0;0;0;0,infeasible;infeasible;infeasible;infeasible;infeasible;infeasible;infeasible;infeasible;infeasible;infeasible;infeasible;infeasible,infeasible;infeasible;infeasible;infeasible;infeasible;infeasible;infeasible;infeasible;infeasible;infeasible;infeasible;infeasible,0;1;2;3;4;5;6;7;8;9;10;11,STRUCTURAL_ZERO;STRUCTURAL_ZERO;STRUCTURAL_ZERO;STRUCTURAL_ZERO;STRUCTURAL_ZERO;STRUCTURAL_ZERO;STRUCTURAL_ZERO;STRUCTURAL_ZERO;STRUCTURAL_ZERO;STRUCTURAL_ZERO;STRUCTURAL_ZERO;STRUCTURAL_ZERO,12,0,0,,OK
red2_6800:109,,infeasible;infeasible;infeasible;infeasible;infeasible;infeasible;infeasible;infeasible;infeasible;infeasible;infeasible;infeasible,0;0;0;0;0;0;0;0;0;0;0;0,infeasible;infeasible;infeasible;infeasible;infeasible;infeasible;infeasible;infeasible;infeasible;infeasible;infeasible;infeasible,infeasible;infeasible;infeasible;infeasible;infeasible;infeasible;infeasible;infeasible;infeasible;infeasible;infeasible;infeasible,0;1;2;3;4;5;6;7;8;9;10;11,STRUCTURAL_ZERO;STRUCTURAL_ZERO;STRUCTURAL_ZERO;STRUCTURAL_ZERO;STRUCTURAL_ZERO;STRUCTURAL_ZERO;STRUCTURAL_ZERO;STRUCTURAL_ZERO;STRUCTURAL_ZERO;STRUCTURAL_ZERO;STRUCTURAL_ZERO;STRUCTURAL_ZERO,12,0,0,,OK
red2_6800:110,,infeasible;infeasible;infeasible;infeasible;infeasible;infeasible;infeasible;infeasible;infeasible;infeasible;infeasible;infeasible,0;0;0;0;0;0;0;0;0;0;0;0,infeasible;infeasible;infeasible;infeasible;infeasible;infeasible;infeasible;infeasible;infeasible;infeasible;infeasible;infeasible,infeasible;infeasible;infeasible;infeasible;infeasible;infeasible;infeasible;infeasible;infeasible;infeasible;infeasible;infeasible,0;1;2;3;4;5;6;7;8;9;10;11,STRUCTURAL_ZERO;STRUCTURAL_ZERO;STRUCTURAL_ZERO;STRUCTURAL_ZERO;STRUCTURAL_ZERO;STRUCTURAL_ZERO;STRUCTURAL_ZERO;STRUCTURAL_ZERO;STRUCTURAL_ZERO;STRUCTURAL_ZERO;STRUCTURAL_ZERO;STRUCTURAL_ZERO,12,0,0,,OK
red2_6800:111,,infeasible;infeasible;infeasible;infeasible;infeasible;infeasible;infeasible;infeasible;infeasible;infeasible;infeasible;infeasible,0;0;0;0;0;0;0;0;0;0;0;0,infeasible;infeasible;infeasible;infeasible;infeasible;infeasible;infeasible;infeasible;infeasible;infeasible;infeasible;infeasible,infeasible;infeasible;infeasible;infeasible;infeasible;infeasible;infeasible;infeasible;infeasible;infeasible;infeasible;infeasible,0;1;2;3;4;5;6;7;8;9;10;11,STRUCTURAL_ZERO;STRUCTURAL_ZERO;STRUCTURAL_ZERO;STRUCTURAL_ZERO;STRUCTURAL_ZERO;STRUCTURAL_ZERO;STRUCTURAL_ZERO;STRUCTURAL_ZERO;STRUCTURAL_ZERO;STRUCTURAL_ZERO;STRUCTURAL_ZERO;STRUCTURAL_ZERO,12,0,0,,OK
red2_6800:112,,infeasible;infeasible;infeasible;infeasible;infeasible;infeasible;infeasible;infeasible;infeasible;infeasible;infeasible;infeasible,0;0;0;0;0;0;0;0;0;0;0;0,infeasible;infeasible;infeasible;infeasible;infeasible;infeasible;infeasible;infeasible;infeasible;infeasible;infeasible;infeasible,infeasible;infeasible;infeasible;infeasible;infeasible;infeasible;infeasible;infeasible;infeasible;infeasible;infeasible;infeasible,0;1;2;3;4;5;6;7;8;9;10;11,STRUCTURAL_ZERO;STRUCTURAL_ZERO;STRUCTURAL_ZERO;STRUCTURAL_ZERO;STRUCTURAL_ZERO;STRUCTURAL_ZERO;STRUCTURAL_ZERO;STRUCTURAL_ZERO;STRUCTURAL_ZERO;STRUCTURAL_ZERO;STRUCTURAL_ZERO;STRUCTURAL_ZERO,12,0,0,,OK
red2_6800:113,,infeasible;infeasible;infeasible;infeasible;infeasible;infeasible;infeasible;infeasible;infeasible;infeasible;infeasible;infeasible,0;0;0;0;0;0;0;0;0;0;0;0,infeasible;infeasible;infeasible;infeasible;infeasible;infeasible;infeasible;infeasible;infeasible;infeasible;infeasible;infeasible,infeasible;infeasible;infeasible;infeasible;infeasible;infeasible;infeasible;infeasible;infeasible;infeasible;infeasible;infeasible,0;1;2;3;4;5;6;7;8;9;10;11,STRUCTURAL_ZERO;STRUCTURAL_ZERO;STRUCTURAL_ZERO;STRUCTURAL_ZERO;STRUCTURAL_ZERO;STRUCTURAL_ZERO;STRUCTURAL_ZERO;STRUCTURAL_ZERO;STRUCTURAL_ZERO;STRUCTURAL_ZERO;STRUCTURAL_ZERO;STRUCTURAL_ZERO,12,0,0,,OK
red2_6800:114,,infeasible;infeasible;infeasible;infeasible;infeasible;infeasible;infeasible;infeasible;infeasible;infeasible;infeasible;infeasible,0;0;0;0;0;0;0;0;0;0;0;0,infeasible;infeasible;infeasible;infeasible;infeasible;infeasible;infeasible;infeasible;infeasible;infeasible;infeasible;infeasible,infeasible;infeasible;infeasible;infeasible;infeasible;infeasible;infeasible;infeasible;infeasible;infeasible;infeasible;infeasible,0;1;2;3;4;5;6;7;8;9;10;11,STRUCTURAL_ZERO;STRUCTURAL_ZERO;STRUCTURAL_ZERO;STRUCTURAL_ZERO;STRUCTURAL_ZERO;STRUCTURAL_ZERO;STRUCTURAL_ZERO;STRUCTURAL_ZERO;STRUCTURAL_ZERO;STRUCTURAL_ZERO;STRUCTURAL_ZERO;STRUCTURAL_ZERO,12,0,0,,OK
red2_6800:115,,infeasible;infeasible;infeasible;infeasible;infeasible;infeasible;infeasible;infeasible;infeasible;infeasible;infeasible;infeasible,0;0;0;0;0;0;0;0;0;0;0;0,infeasible;infeasible;infeasible;infeasible;infeasible;infeasible;infeasible;infeasible;infeasible;infeasible;infeasible;infeasible,infeasible;infeasible;infeasible;infeasible;infeasible;infeasible;infeasible;infeasible;infeasible;infeasible;infeasible;infeasible,0;1;2;3;4;5;6;7;8;9;10;11,STRUCTURAL_ZERO;STRUCTURAL_ZERO;STRUCTURAL_ZERO;STRUCTURAL_ZERO;STRUCTURAL_ZERO;STRUCTURAL_ZERO;STRUCTURAL_ZERO;STRUCTURAL_ZERO;STRUCTURAL_ZERO;STRUCTURAL_ZERO;STRUCTURAL_ZERO;STRUCTURAL_ZERO,12,0,0,,OK
red2_6800:116,,infeasible;infeasible;infeasible;infeasible;infeasible;infeasible;infeasible;infeasible;infeasible;infeasible;infeasible;infeasible,0;0;0;0;0;0;0;0;0;0;0;0,infeasible;infeasible;infeasible;infeasible;infeasible;infeasible;infeasible;infeasible;infeasible;infeasible;infeasible;infeasible,infeasible;infeasible;infeasible;infeasible;infeasible;infeasible;infeasible;infeasible;infeasible;infeasible;infeasible;infeasible,0;1;2;3;4;5;6;7;8;9;10;11,STRUCTURAL_ZERO;STRUCTURAL_ZERO;STRUCTURAL_ZERO;STRUCTURAL_ZERO;STRUCTURAL_ZERO;STRUCTURAL_ZERO;STRUCTURAL_ZERO;STRUCTURAL_ZERO;STRUCTURAL_ZERO;STRUCTURAL_ZERO;STRUCTURAL_ZERO;STRUCTURAL_ZERO,12,0,0,,OK
red2_6800:117,,infeasible;infeasible;infeasible;infeasible;infeasible;infeasible;infeasible;infeasible;infeasible;infeasible;infeasible;infeasible,0;0;0;0;0;0;0;0;0;0;0;0,infeasible;infeasible;infeasible;infeasible;infeasible;infeasible;infeasible;infeasible;infeasible;infeasible;infeasible;infeasible,infeasible;infeasible;infeasible;infeasible;infeasible;infeasible;infeasible;infeasible;infeasible;infeasible;infeasible;infeasible,0;1;2;3;4;5;6;7;8;9;10;11,STRUCTURAL_ZERO;STRUCTURAL_ZERO;STRUCTURAL_ZERO;STRUCTURAL_ZERO;STRUCTURAL_ZERO;STRUCTURAL_ZERO;STRUCTURAL_ZERO;STRUCTURAL_ZERO;STRUCTURAL_ZERO;STRUCTURAL_ZERO;STRUCTURAL_ZERO;STRUCTURAL_ZERO,12,0,0,,OK
red2_6800:118,,infeasible;infeasible;infeasible;infeasible;infeasible;infeasible;infeasible;infeasible;infeasible;infeasible;infeasible;infeasible,0;0;0;0;0;0;0;0;0;0;0;0,infeasible;infeasible;infeasible;infeasible;infeasible;infeasible;infeasible;infeasible;infeasible;infeasible;infeasible;infeasible,infeasible;infeasible;infeasible;infeasible;infeasible;infeasible;infeasible;infeasible;infeasible;infeasible;infeasible;infeasible,0;1;2;3;4;5;6;7;8;9;10;11,STRUCTURAL_ZERO;STRUCTURAL_ZERO;STRUCTURAL_ZERO;STRUCTURAL_ZERO;STRUCTURAL_ZERO;STRUCTURAL_ZERO;STRUCTURAL_ZERO;STRUCTURAL_ZERO;STRUCTURAL_ZERO;STRUCTURAL_ZERO;STRUCTURAL_ZERO;STRUCTURAL_ZERO,12,0,0,,OK
red2_6800:119,,infeasible;optimal;optimal;optimal;optimal;optimal;optimal;optimal;optimal;optimal;optimal;optimal,0;0.1053;0.4738;0.7098;1.139;1.448;1.452;1.372;1.135;0.8746;0.6147;0.1876,infeasible;optimal;optimal;optimal;optimal;optimal;optimal;optimal;optimal;optimal;optimal;optimal,infeasible;optimal;optimal;optimal;optimal;optimal;optimal;optimal;optimal;optimal;optimal;optimal,0,STRUCTURAL_ZERO,1,0,0,,OK
red2_6800:120,,infeasible;infeasible;infeasible;infeasible;infeasible;infeasible;infeasible;infeasible;infeasible;infeasible;infeasible;infeasible,0;0;0;0;0;0;0;0;0;0;0;0,infeasible;infeasible;infeasible;infeasible;infeasible;infeasible;infeasible;infeasible;infeasible;infeasible;infeasible;infeasible,infeasible;infeasible;infeasible;infeasible;infeasible;infeasible;infeasible;infeasible;infeasible;infeasible;infeasible;infeasible,0;1;2;3;4;5;6;7;8;9;10;11,STRUCTURAL_ZERO;STRUCTURAL_ZERO;STRUCTURAL_ZERO;STRUCTURAL_ZERO;STRUCTURAL_ZERO;STRUCTURAL_ZERO;STRUCTURAL_ZERO;STRUCTURAL_ZERO;STRUCTURAL_ZERO;STRUCTURAL_ZERO;STRUCTURAL_ZERO;STRUCTURAL_ZERO,12,0,0,,OK
red2_6800:121,,infeasible;infeasible;infeasible;infeasible;infeasible;infeasible;infeasible;infeasible;infeasible;infeasible;infeasible;infeasible,0;0;0;0;0;0;0;0;0;0;0;0,infeasible;infeasible;infeasible;infeasible;infeasible;infeasible;infeasible;infeasible;infeasible;infeasible;infeasible;infeasible,infeasible;infeasible;infeasible;infeasible;infeasible;infeasible;infeasible;infeasible;infeasible;infeasible;infeasible;infeasible,0;1;2;3;4;5;6;7;8;9;10;11,STRUCTURAL_ZERO;STRUCTURAL_ZERO;STRUCTURAL_ZERO;STRUCTURAL_ZERO;STRUCTURAL_ZERO;STRUCTURAL_ZERO;STRUCTURAL_ZERO;STRUCTURAL_ZERO;STRUCTURAL_ZERO;STRUCTURAL_ZERO;STRUCTURAL_ZERO;STRUCTURAL_ZERO,12,0,0,,OK
red2_6800:122,,infeasible;infeasible;infeasible;infeasible;infeasible;infeasible;infeasible;infeasible;infeasible;infeasible;infeasible;infeasible,0;0;0;0;0;0;0;0;0;0;0;0,infeasible;infeasible;infeasible;infeasible;infeasible;infeasible;infeasible;infeasible;infeasible;infeasible;infeasible;infeasible,infeasible;infeasible;infeasible;infeasible;infeasible;infeasible;infeasible;infeasible;infeasible;infeasible;infeasible;infeasible,0;1;2;3;4;5;6;7;8;9;10;11,STRUCTURAL_ZERO;STRUCTURAL_ZERO;STRUCTURAL_ZERO;STRUCTURAL_ZERO;STRUCTURAL_ZERO;STRUCTURAL_ZERO;STRUCTURAL_ZERO;STRUCTURAL_ZERO;STRUCTURAL_ZERO;STRUCTURAL_ZERO;STRUCTURAL_ZERO;STRUCTURAL_ZERO,12,0,0,,OK
red2_6800:123,,infeasible;infeasible;infeasible;infeasible;infeasible;infeasible;infeasible;infeasible;infeasible;infeasible;infeasible;infeasible,0;0;0;0;0;0;0;0;0;0;0;0,infeasible;infeasible;infeasible;infeasible;infeasible;infeasible;infeasible;infeasible;infeasible;infeasible;infeasible;infeasible,infeasible;infeasible;infeasible;infeasible;infeasible;infeasible;infeasible;infeasible;infeasible;infeasible;infeasible;infeasible,0;1;2;3;4;5;6;7;8;9;10;11,STRUCTURAL_ZERO;STRUCTURAL_ZERO;STRUCTURAL_ZERO;STRUCTURAL_ZERO;STRUCTURAL_ZERO;STRUCTURAL_ZERO;STRUCTURAL_ZERO;STRUCTURAL_ZERO;STRUCTURAL_ZERO;STRUCTURAL_ZERO;STRUCTURAL_ZERO;STRUCTURAL_ZERO,12,0,0,,OK
red2_6800:124,,infeasible;infeasible;infeasible;infeasible;infeasible;infeasible;infeasible;infeasible;infeasible;infeasible;infeasible;infeasible,0;0;0;0;0;0;0;0;0;0;0;0,infeasible;infeasible;infeasible;infeasible;infeasible;infeasible;infeasible;infeasible;infeasible;infeasible;infeasible;infeasible,infeasible;infeasible;infeasible;infeasible;infeasible;infeasible;infeasible;infeasible;infeasible;infeasible;infeasible;infeasible,0;1;2;3;4;5;6;7;8;9;10;11,STRUCTURAL_ZERO;STRUCTURAL_ZERO;STRUCTURAL_ZERO;STRUCTURAL_ZERO;STRUCTURAL_ZERO;STRUCTURAL_ZERO;STRUCTURAL_ZERO;STRUCTURAL_ZERO;STRUCTURAL_ZERO;STRUCTURAL_ZERO;STRUCTURAL_ZERO;STRUCTURAL_ZERO,12,0,0,,OK
red2_6800:125,,infeasible;infeasible;infeasible;infeasible;infeasible;infeasible;infeasible;infeasible;infeasible;infeasible;infeasible;infeasible,0;0;0;0;0;0;0;0;0;0;0;0,infeasible;infeasible;infeasible;infeasible;infeasible;infeasible;infeasible;infeasible;infeasible;infeasible;infeasible;infeasible,infeasible;infeasible;infeasible;infeasible;infeasible;infeasible;infeasible;infeasible;infeasible;infeasible;infeasible;infeasible,0;1;2;3;4;5;6;7;8;9;10;11,STRUCTURAL_ZERO;STRUCTURAL_ZERO;STRUCTURAL_ZERO;STRUCTURAL_ZERO;STRUCTURAL_ZERO;STRUCTURAL_ZERO;STRUCTURAL_ZERO;STRUCTURAL_ZERO;STRUCTURAL_ZERO;STRUCTURAL_ZERO;STRUCTURAL_ZERO;STRUCTURAL_ZERO,12,0,0,,OK
red2_6800:126,,infeasible;infeasible;infeasible;infeasible;infeasible;infeasible;infeasible;infeasible;infeasible;infeasible;infeasible;infeasible,0;0;0;0;0;0;0;0;0;0;0;0,infeasible;infeasible;infeasible;infeasible;infeasible;infeasible;infeasible;infeasible;infeasible;infeasible;infeasible;infeasible,infeasible;infeasible;infeasible;infeasible;infeasible;infeasible;infeasible;infeasible;infeasible;infeasible;infeasible;infeasible,0;1;2;3;4;5;6;7;8;9;10;11,STRUCTURAL_ZERO;STRUCTURAL_ZERO;STRUCTURAL_ZERO;STRUCTURAL_ZERO;STRUCTURAL_ZERO;STRUCTURAL_ZERO;STRUCTURAL_ZERO;STRUCTURAL_ZERO;STRUCTURAL_ZERO;STRUCTURAL_ZERO;STRUCTURAL_ZERO;STRUCTURAL_ZERO,12,0,0,,OK
red2_6800:127,,infeasible;infeasible;infeasible;infeasible;infeasible;infeasible;infeasible;infeasible;infeasible;infeasible;infeasible;infeasible,0;0;0;0;0;0;0;0;0;0;0;0,infeasible;infeasible;infeasible;infeasible;infeasible;infeasible;infeasible;infeasible;infeasible;infeasible;infeasible;infeasible,infeasible;infeasible;infeasible;infeasible;infeasible;infeasible;infeasible;infeasible;infeasible;infeasible;infeasible;infeasible,0;1;2;3;4;5;6;7;8;9;10;11,STRUCTURAL_ZERO;STRUCTURAL_ZERO;STRUCTURAL_ZERO;STRUCTURAL_ZERO;STRUCTURAL_ZERO;STRUCTURAL_ZERO;STRUCTURAL_ZERO;STRUCTURAL_ZERO;STRUCTURAL_ZERO;STRUCTURAL_ZERO;STRUCTURAL_ZERO;STRUCTURAL_ZERO,12,0,0,,OK
red2_6800:128,,infeasible;infeasible;infeasible;infeasible;infeasible;infeasible;infeasible;infeasible;infeasible;infeasible;infeasible;infeasible,0;0;0;0;0;0;0;0;0;0;0;0,infeasible;infeasible;infeasible;infeasible;infeasible;infeasible;infeasible;infeasible;infeasible;infeasible;infeasible;infeasible,infeasible;infeasible;infeasible;infeasible;infeasible;infeasible;infeasible;infeasible;infeasible;infeasible;infeasible;infeasible,0;1;2;3;4;5;6;7;8;9;10;11,STRUCTURAL_ZERO;STRUCTURAL_ZERO;STRUCTURAL_ZERO;STRUCTURAL_ZERO;STRUCTURAL_ZERO;STRUCTURAL_ZERO;STRUCTURAL_ZERO;STRUCTURAL_ZERO;STRUCTURAL_ZERO;STRUCTURAL_ZERO;STRUCTURAL_ZERO;STRUCTURAL_ZERO,12,0,0,,OK
red2_6800:129,,infeasible;optimal;optimal;optimal;optimal;optimal;optimal;optimal;optimal;optimal;optimal;optimal,0;0.1219;0.5048;0.7474;1.166;1.437;1.452;1.417;1.293;1.067;0.8069;0.2283,infeasible;optimal;optimal;optimal;optimal;optimal;optimal;optimal;optimal;optimal;optimal;optimal,infeasible;optimal;optimal;optimal;optimal;optimal;optimal;optimal;optimal;optimal;optimal;optimal,0,STRUCTURAL_ZERO,1,0,0,,OK
red2_6800:130,,infeasible;infeasible;infeasible;infeasible;infeasible;infeasible;infeasible;infeasible;infeasible;infeasible;infeasible;infeasible,0;0;0;0;0;0;0;0;0;0;0;0,infeasible;infeasible;infeasible;infeasible;infeasible;infeasible;infeasible;infeasible;infeasible;infeasible;infeasible;infeasible,infeasible;infeasible;infeasible;infeasible;infeasible;infeasible;infeasible;infeasible;infeasible;infeasible;infeasible;infeasible,0;1;2;3;4;5;6;7;8;9;10;11,STRUCTURAL_ZERO;STRUCTURAL_ZERO;STRUCTURAL_ZERO;STRUCTURAL_ZERO;STRUCTURAL_ZERO;STRUCTURAL_ZERO;STRUCTURAL_ZERO;STRUCTURAL_ZERO;STRUCTURAL_ZERO;STRUCTURAL_ZERO;STRUCTURAL_ZERO;STRUCTURAL_ZERO,12,0,0,,OK
red2_6800:131,,infeasible;infeasible;infeasible;infeasible;infeasible;infeasible;infeasible;infeasible;infeasible;infeasible;infeasible;infeasible,0;0;0;0;0;0;0;0;0;0;0;0,infeasible;infeasible;infeasible;infeasible;infeasible;infeasible;infeasible;infeasible;infeasible;infeasible;infeasible;infeasible,infeasible;infeasible;infeasible;infeasible;infeasible;infeasible;infeasible;infeasible;infeasible;infeasible;infeasible;infeasible,0;1;2;3;4;5;6;7;8;9;10;11,STRUCTURAL_ZERO;STRUCTURAL_ZERO;STRUCTURAL_ZERO;STRUCTURAL_ZERO;STRUCTURAL_ZERO;STRUCTURAL_ZERO;STRUCTURAL_ZERO;STRUCTURAL_ZERO;STRUCTURAL_ZERO;STRUCTURAL_ZERO;STRUCTURAL_ZERO;STRUCTURAL_ZERO,12,0,0,,OK
red2_6800:132,,infeasible;optimal;optimal;optimal;optimal;optimal;optimal;optimal;optimal;optimal;optimal;optimal,0;0.1065;0.536;0.7536;1.066;1.356;1.402;1.43;1.385;1.204;0.9027;0.008264,infeasible;optimal;optimal;optimal;optimal;optimal;optimal;optimal;optimal;optimal;optimal;optimal,infeasible;optimal;optimal;optimal;optimal;optimal;optimal;optimal;optimal;optimal;optimal;optimal,0,STRUCTURAL_ZERO,1,0,0,,OK
red2_6800:133,,infeasible;infeasible;infeasible;infeasible;infeasible;infeasible;infeasible;infeasible;infeasible;infeasible;infeasible;infeasible,0;0;0;0;0;0;0;0;0;0;0;0,infeasible;infeasible;infeasible;infeasible;infeasible;infeasible;infeasible;infeasible;infeasible;infeasible;infeasible;infeasible,infeasible;infeasible;infeasible;infeasible;infeasible;infeasible;infeasible;infeasible;infeasible;infeasible;infeasible;infeasible,0;1;2;3;4;5;6;7;8;9;10;11,STRUCTURAL_ZERO;STRUCTURAL_ZERO;STRUCTURAL_ZERO;STRUCTURAL_ZERO;STRUCTURAL_ZERO;STRUCTURAL_ZERO;STRUCTURAL_ZERO;STRUCTURAL_ZERO;STRUCTURAL_ZERO;STRUCTURAL_ZERO;STRUCTURAL_ZERO;STRUCTURAL_ZERO,12,0,0,,OK
red2_6800:134,,infeasible;infeasible;infeasible;infeasible;infeasible;infeasible;infeasible;infeasible;infeasible;infeasible;infeasible;infeasible,0;0;0;0;0;0;0;0;0;0;0;0,infeasible;infeasible;infeasible;infeasible;infeasible;infeasible;infeasible;infeasible;infeasible;infeasible;infeasible;infeasible,infeasible;infeasible;infeasible;infeasible;infeasible;infeasible;infeasible;infeasible;infeasible;infeasible;infeasible;infeasible,0;1;2;3;4;5;6;7;8;9;10;11,STRUCTURAL_ZERO;STRUCTURAL_ZERO;STRUCTURAL_ZERO;STRUCTURAL_ZERO;STRUCTURAL_ZERO;STRUCTURAL_ZERO;STRUCTURAL_ZERO;STRUCTURAL_ZERO;STRUCTURAL_ZERO;STRUCTURAL_ZERO;STRUCTURAL_ZERO;STRUCTURAL_ZERO,12,0,0,,OK
red2_6800:135,,infeasible;infeasible;infeasible;infeasible;infeasible;infeasible;infeasible;infeasible;infeasible;infeasible;infeasible;infeasible,0;0;0;0;0;0;0;0;0;0;0;0,infeasible;infeasible;infeasible;infeasible;infeasible;infeasible;infeasible;infeasible;infeasible;infeasible;infeasible;infeasible,infeasible;infeasible;infeasible;infeasible;infeasible;infeasible;infeasible;infeasible;infeasible;infeasible;infeasible;infeasible,0;1;2;3;4;5;6;7;8;9;10;11,STRUCTURAL_ZERO;STRUCTURAL_ZERO;STRUCTURAL_ZERO;STRUCTURAL_ZERO;STRUCTURAL_ZERO;STRUCTURAL_ZERO;STRUCTURAL_ZERO;STRUCTURAL_ZERO;STRUCTURAL_ZERO;STRUCTURAL_ZERO;STRUCTURAL_ZERO;STRUCTURAL_ZERO,12,0,0,,OK
red2_6800:136,,infeasible;infeasible;infeasible;infeasible;infeasible;infeasible;infeasible;infeasible;infeasible;infeasible;infeasible;infeasible,0;0;0;0;0;0;0;0;0;0;0;0,infeasible;infeasible;infeasible;infeasible;infeasible;infeasible;infeasible;infeasible;infeasible;infeasible;infeasible;infeasible,infeasible;infeasible;infeasible;infeasible;infeasible;infeasible;infeasible;infeasible;infeasible;infeasible;infeasible;infeasible,0;1;2;3;4;5;6;7;8;9;10;11,STRUCTURAL_ZERO;STRUCTURAL_ZERO;STRUCTURAL_ZERO;STRUCTURAL_ZERO;STRUCTURAL_ZERO;STRUCTURAL_ZERO;STRUCTURAL_ZERO;STRUCTURAL_ZERO;STRUCTURAL_ZERO;STRUCTURAL_ZERO;STRUCTURAL_ZERO;STRUCTURAL_ZERO,12,0,0,,OK
red2_6800:137,,infeasible;infeasible;infeasible;infeasible;infeasible;infeasible;infeasible;infeasible;infeasible;infeasible;infeasible;infeasible,0;0;0;0;0;0;0;0;0;0;0;0,infeasible;infeasible;infeasible;infeasible;infeasible;infeasible;infeasible;infeasible;infeasible;infeasible;infeasible;infeasible,infeasible;infeasible;infeasible;infeasible;infeasible;infeasible;infeasible;infeasible;infeasible;infeasible;infeasible;infeasible,0;1;2;3;4;5;6;7;8;9;10;11,STRUCTURAL_ZERO;STRUCTURAL_ZERO;STRUCTURAL_ZERO;STRUCTURAL_ZERO;STRUCTURAL_ZERO;STRUCTURAL_ZERO;STRUCTURAL_ZERO;STRUCTURAL_ZERO;STRUCTURAL_ZERO;STRUCTURAL_ZERO;STRUCTURAL_ZERO;STRUCTURAL_ZERO,12,0,0,,OK
red2_6800:138,,infeasible;optimal;optimal;optimal;optimal;optimal;optimal;optimal;optimal;optimal;optimal;optimal,0;0.1346;0.5396;0.7934;1.191;1.408;1.421;1.379;1.253;1.065;0.7976;0.2369,infeasible;optimal;optimal;optimal;optimal;optimal;optimal;optimal;optimal;optimal;optimal;optimal,infeasible;optimal;optimal;optimal;optimal;optimal;optimal;optimal;optimal;optimal;optimal;optimal,0,STRUCTURAL_ZERO,1,0,0,,OK
red2_6800:139,,infeasible;infeasible;infeasible;infeasible;infeasible;infeasible;infeasible;infeasible;infeasible;infeasible;infeasible;infeasible,0;0;0;0;0;0;0;0;0;0;0;0,infeasible;infeasible;infeasible;infeasible;infeasible;infeasible;infeasible;infeasible;infeasible;infeasible;infeasible;infeasible,infeasible;infeasible;infeasible;infeasible;infeasible;infeasible;infeasible;infeasible;infeasible;infeasible;infeasible;infeasible,0;1;2;3;4;5;6;7;8;9;10;11,STRUCTURAL_ZERO;STRUCTURAL_ZERO;STRUCTURAL_ZERO;STRUCTURAL_ZERO;STRUCTURAL_ZERO;STRUCTURAL_ZERO;STRUCTURAL_ZERO;STRUCTURAL_ZERO;STRUCTURAL_ZERO;STRUCTURAL_ZERO;STRUCTURAL_ZERO;STRUCTURAL_ZERO,12,0,0,,OK
red2_6800:140,,infeasible;infeasible;infeasible;infeasible;infeasible;infeasible;infeasible;infeasible;infeasible;infeasible;infeasible;infeasible,0;0;0;0;0;0;0;0;0;0;0;0,infeasible;infeasible;infeasible;infeasible;infeasible;infeasible;infeasible;infeasible;infeasible;infeasible;infeasible;infeasible,infeasible;infeasible;infeasible;infeasible;infeasible;infeasible;infeasible;infeasible;infeasible;infeasible;infeasible;infeasible,0;1;2;3;4;5;6;7;8;9;10;11,STRUCTURAL_ZERO;STRUCTURAL_ZERO;STRUCTURAL_ZERO;STRUCTURAL_ZERO;STRUCTURAL_ZERO;STRUCTURAL_ZERO;STRUCTURAL_ZERO;STRUCTURAL_ZERO;STRUCTURAL_ZERO;STRUCTURAL_ZERO;STRUCTURAL_ZERO;STRUCTURAL_ZERO,12,0,0,,OK
red2_6800:141,,infeasible;infeasible;infeasible;infeasible;infeasible;infeasible;infeasible;infeasible;infeasible;infeasible;infeasible;infeasible,0;0;0;0;0;0;0;0;0;0;0;0,infeasible;infeasible;infeasible;infeasible;infeasible;infeasible;infeasible;infeasible;infeasible;infeasible;infeasible;infeasible,infeasible;infeasible;infeasible;infeasible;infeasible;infeasible;infeasible;infeasible;infeasible;infeasible;infeasible;infeasible,0;1;2;3;4;5;6;7;8;9;10;11,STRUCTURAL_ZERO;STRUCTURAL_ZERO;STRUCTURAL_ZERO;STRUCTURAL_ZERO;STRUCTURAL_ZERO;STRUCTURAL_ZERO;STRUCTURAL_ZERO;STRUCTURAL_ZERO;STRUCTURAL_ZERO;STRUCTURAL_ZERO;STRUCTURAL_ZERO;STRUCTURAL_ZERO,12,0,0,,OK
red2_6800:142,,infeasible;infeasible;infeasible;infeasible;infeasible;infeasible;infeasible;infeasible;infeasible;infeasible;infeasible;infeasible,0;0;0;0;0;0;0;0;0;0;0;0,infeasible;infeasible;infeasible;infeasible;infeasible;infeasible;infeasible;infeasible;infeasible;infeasible;infeasible;infeasible,infeasible;infeasible;infeasible;infeasible;infeasible;infeasible;infeasible;infeasible;infeasible;infeasible;infeasible;infeasible,0;1;2;3;4;5;6;7;8;9;10;11,STRUCTURAL_ZERO;STRUCTURAL_ZERO;STRUCTURAL_ZERO;STRUCTURAL_ZERO;STRUCTURAL_ZERO;STRUCTURAL_ZERO;STRUCTURAL_ZERO;STRUCTURAL_ZERO;STRUCTURAL_ZERO;STRUCTURAL_ZERO;STRUCTURAL_ZERO;STRUCTURAL_ZERO,12,0,0,,OK
red2_6800:143,,infeasible;infeasible;infeasible;infeasible;infeasible;infeasible;infeasible;infeasible;infeasible;infeasible;infeasible;infeasible,0;0;0;0;0;0;0;0;0;0;0;0,infeasible;infeasible;infeasible;infeasible;infeasible;infeasible;infeasible;infeasible;infeasible;infeasible;infeasible;infeasible,infeasible;infeasible;infeasible;infeasible;infeasible;infeasible;infeasible;infeasible;infeasible;infeasible;infeasible;infeasible,0;1;2;3;4;5;6;7;8;9;10;11,STRUCTURAL_ZERO;STRUCTURAL_ZERO;STRUCTURAL_ZERO;STRUCTURAL_ZERO;STRUCTURAL_ZERO;STRUCTURAL_ZERO;STRUCTURAL_ZERO;STRUCTURAL_ZERO;STRUCTURAL_ZERO;STRUCTURAL_ZERO;STRUCTURAL_ZERO;STRUCTURAL_ZERO,12,0,0,,OK
red2_6800:144,,infeasible;infeasible;infeasible;infeasible;infeasible;infeasible;infeasible;infeasible;infeasible;infeasible;infeasible;infeasible,0;0;0;0;0;0;0;0;0;0;0;0,infeasible;infeasible;infeasible;infeasible;infeasible;infeasible;infeasible;infeasible;infeasible;infeasible;infeasible;infeasible,infeasible;infeasible;infeasible;infeasible;infeasible;infeasible;infeasible;infeasible;infeasible;infeasible;infeasible;infeasible,0;1;2;3;4;5;6;7;8;9;10;11,STRUCTURAL_ZERO;STRUCTURAL_ZERO;STRUCTURAL_ZERO;STRUCTURAL_ZERO;STRUCTURAL_ZERO;STRUCTURAL_ZERO;STRUCTURAL_ZERO;STRUCTURAL_ZERO;STRUCTURAL_ZERO;STRUCTURAL_ZERO;STRUCTURAL_ZERO;STRUCTURAL_ZERO,12,0,0,,OK
red2_6800:145,,infeasible;infeasible;infeasible;infeasible;infeasible;infeasible;infeasible;infeasible;infeasible;infeasible;infeasible;infeasible,0;0;0;0;0;0;0;0;0;0;0;0,infeasible;infeasible;infeasible;infeasible;infeasible;infeasible;infeasible;infeasible;infeasible;infeasible;infeasible;infeasible,infeasible;infeasible;infeasible;infeasible;infeasible;infeasible;infeasible;infeasible;infeasible;infeasible;infeasible;infeasible,0;1;2;3;4;5;6;7;8;9;10;11,STRUCTURAL_ZERO;STRUCTURAL_ZERO;STRUCTURAL_ZERO;STRUCTURAL_ZERO;STRUCTURAL_ZERO;STRUCTURAL_ZERO;STRUCTURAL_ZERO;STRUCTURAL_ZERO;STRUCTURAL_ZERO;STRUCTURAL_ZERO;STRUCTURAL_ZERO;STRUCTURAL_ZERO,12,0,0,,OK
red2_6800:146,,infeasible;infeasible;infeasible;infeasible;infeasible;infeasible;infeasible;infeasible;infeasible;infeasible;infeasible;infeasible,0;0;0;0;0;0;0;0;0;0;0;0,infeasible;infeasible;infeasible;infeasible;infeasible;infeasible;infeasible;infeasible;infeasible;infeasible;infeasible;infeasible,infeasible;infeasible;infeasible;infeasible;infeasible;infeasible;infeasible;infeasible;infeasible;infeasible;infeasible;infeasible,0;1;2;3;4;5;6;7;8;9;10;11,STRUCTURAL_ZERO;STRUCTURAL_ZERO;STRUCTURAL_ZERO;STRUCTURAL_ZERO;STRUCTURAL_ZERO;STRUCTURAL_ZERO;STRUCTURAL_ZERO;STRUCTURAL_ZERO;STRUCTURAL_ZERO;STRUCTURAL_ZERO;STRUCTURAL_ZERO;STRUCTURAL_ZERO,12,0,0,,OK
red2_6800:147,,infeasible;infeasible;infeasible;infeasible;infeasible;infeasible;infeasible;infeasible;infeasible;infeasible;infeasible;infeasible,0;0;0;0;0;0;0;0;0;0;0;0,infeasible;infeasible;infeasible;infeasible;infeasible;infeasible;infeasible;infeasible;infeasible;infeasible;infeasible;infeasible,infeasible;infeasible;infeasible;infeasible;infeasible;infeasible;infeasible;infeasible;infeasible;infeasible;infeasible;infeasible,0;1;2;3;4;5;6;7;8;9;10;11,STRUCTURAL_ZERO;STRUCTURAL_ZERO;STRUCTURAL_ZERO;STRUCTURAL_ZERO;STRUCTURAL_ZERO;STRUCTURAL_ZERO;STRUCTURAL_ZERO;STRUCTURAL_ZERO;STRUCTURAL_ZERO;STRUCTURAL_ZERO;STRUCTURAL_ZERO;STRUCTURAL_ZERO,12,0,0,,OK
red2_6800:148,,infeasible;infeasible;infeasible;infeasible;infeasible;infeasible;infeasible;infeasible;infeasible;infeasible;infeasible;infeasible,0;0;0;0;0;0;0;0;0;0;0;0,infeasible;infeasible;infeasible;infeasible;infeasible;infeasible;infeasible;infeasible;infeasible;infeasible;infeasible;infeasible,infeasible;infeasible;infeasible;infeasible;infeasible;infeasible;infeasible;infeasible;infeasible;infeasible;infeasible;infeasible,0;1;2;3;4;5;6;7;8;9;10;11,STRUCTURAL_ZERO;STRUCTURAL_ZERO;STRUCTURAL_ZERO;STRUCTURAL_ZERO;STRUCTURAL_ZERO;STRUCTURAL_ZERO;STRUCTURAL_ZERO;STRUCTURAL_ZERO;STRUCTURAL_ZERO;STRUCTURAL_ZERO;STRUCTURAL_ZERO;STRUCTURAL_ZERO,12,0,0,,OK
red2_6800:149,,infeasible;infeasible;infeasible;infeasible;infeasible;infeasible;infeasible;infeasible;infeasible;infeasible;infeasible;infeasible,0;0;0;0;0;0;0;0;0;0;0;0,infeasible;infeasible;infeasible;infeasible;infeasible;infeasible;infeasible;infeasible;infeasible;infeasible;infeasible;infeasible,infeasible;infeasible;infeasible;infeasible;infeasible;infeasible;infeasible;infeasible;infeasible;infeasible;infeasible;infeasible,0;1;2;3;4;5;6;7;8;9;10;11,STRUCTURAL_ZERO;STRUCTURAL_ZERO;STRUCTURAL_ZERO;STRUCTURAL_ZERO;STRUCTURAL_ZERO;STRUCTURAL_ZERO;STRUCTURAL_ZERO;STRUCTURAL_ZERO;STRUCTURAL_ZERO;STRUCTURAL_ZERO;STRUCTURAL_ZERO;STRUCTURAL_ZERO,12,0,0,,OK
red2_6800:150,,infeasible;infeasible;infeasible;infeasible;infeasible;infeasible;infeasible;infeasible;infeasible;infeasible;infeasible;infeasible,0;0;0;0;0;0;0;0;0;0;0;0,infeasible;infeasible;infeasible;infeasible;infeasible;infeasible;infeasible;infeasible;infeasible;infeasible;infeasible;infeasible,infeasible;infeasible;infeasible;infeasible;infeasible;infeasible;infeasible;infeasible;infeasible;infeasible;infeasible;infeasible,0;1;2;3;4;5;6;7;8;9;10;11,STRUCTURAL_ZERO;STRUCTURAL_ZERO;STRUCTURAL_ZERO;STRUCTURAL_ZERO;STRUCTURAL_ZERO;STRUCTURAL_ZERO;STRUCTURAL_ZERO;STRUCTURAL_ZERO;STRUCTURAL_ZERO;STRUCTURAL_ZERO;STRUCTURAL_ZERO;STRUCTURAL_ZERO,12,0,0,,OK
red2_6800:151,,infeasible;infeasible;infeasible;infeasible;infeasible;infeasible;infeasible;infeasible;infeasible;infeasible;infeasible;infeasible,0;0;0;0;0;0;0;0;0;0;0;0,infeasible;infeasible;infeasible;infeasible;infeasible;infeasible;infeasible;infeasible;infeasible;infeasible;infeasible;infeasible,infeasible;infeasible;infeasible;infeasible;infeasible;infeasible;infeasible;infeasible;infeasible;infeasible;infeasible;infeasible,0;1;2;3;4;5;6;7;8;9;10;11,STRUCTURAL_ZERO;STRUCTURAL_ZERO;STRUCTURAL_ZERO;STRUCTURAL_ZERO;STRUCTURAL_ZERO;STRUCTURAL_ZERO;STRUCTURAL_ZERO;STRUCTURAL_ZERO;STRUCTURAL_ZERO;STRUCTURAL_ZERO;STRUCTURAL_ZERO;STRUCTURAL_ZERO,12,0,0,,OK
red2_6800:152,,infeasible;infeasible;infeasible;infeasible;infeasible;infeasible;infeasible;infeasible;infeasible;infeasible;infeasible;infeasible,0;0;0;0;0;0;0;0;0;0;0;0,infeasible;infeasible;infeasible;infeasible;infeasible;infeasible;infeasible;infeasible;infeasible;infeasible;infeasible;infeasible,infeasible;infeasible;infeasible;infeasible;infeasible;infeasible;infeasible;infeasible;infeasible;infeasible;infeasible;infeasible,0;1;2;3;4;5;6;7;8;9;10;11,STRUCTURAL_ZERO;STRUCTURAL_ZERO;STRUCTURAL_ZERO;STRUCTURAL_ZERO;STRUCTURAL_ZERO;STRUCTURAL_ZERO;STRUCTURAL_ZERO;STRUCTURAL_ZERO;STRUCTURAL_ZERO;STRUCTURAL_ZERO;STRUCTURAL_ZERO;STRUCTURAL_ZERO,12,0,0,,OK
red2_6800:153,,infeasible;infeasible;infeasible;infeasible;infeasible;infeasible;infeasible;infeasible;infeasible;infeasible;infeasible;infeasible,0;0;0;0;0;0;0;0;0;0;0;0,infeasible;infeasible;infeasible;infeasible;infeasible;infeasible;infeasible;infeasible;infeasible;infeasible;infeasible;infeasible,infeasible;infeasible;infeasible;infeasible;infeasible;infeasible;infeasible;infeasible;infeasible;infeasible;infeasible;infeasible,0;1;2;3;4;5;6;7;8;9;10;11,STRUCTURAL_ZERO;STRUCTURAL_ZERO;STRUCTURAL_ZERO;STRUCTURAL_ZERO;STRUCTURAL_ZERO;STRUCTURAL_ZERO;STRUCTURAL_ZERO;STRUCTURAL_ZERO;STRUCTURAL_ZERO;STRUCTURAL_ZERO;STRUCTURAL_ZERO;STRUCTURAL_ZERO,12,0,0,,OK
red2_6800:154,,infeasible;infeasible;infeasible;infeasible;infeasible;infeasible;infeasible;infeasible;infeasible;infeasible;infeasible;infeasible,0;0;0;0;0;0;0;0;0;0;0;0,infeasible;infeasible;infeasible;infeasible;infeasible;infeasible;infeasible;infeasible;infeasible;infeasible;infeasible;infeasible,infeasible;infeasible;infeasible;infeasible;infeasible;infeasible;infeasible;infeasible;infeasible;infeasible;infeasible;infeasible,0;1;2;3;4;5;6;7;8;9;10;11,STRUCTURAL_ZERO;STRUCTURAL_ZERO;STRUCTURAL_ZERO;STRUCTURAL_ZERO;STRUCTURAL_ZERO;STRUCTURAL_ZERO;STRUCTURAL_ZERO;STRUCTURAL_ZERO;STRUCTURAL_ZERO;STRUCTURAL_ZERO;STRUCTURAL_ZERO;STRUCTURAL_ZERO,12,0,0,,OK
red2_6800:155,,infeasible;infeasible;infeasible;infeasible;infeasible;infeasible;infeasible;infeasible;infeasible;infeasible;infeasible;infeasible,0;0;0;0;0;0;0;0;0;0;0;0,infeasible;infeasible;infeasible;infeasible;infeasible;infeasible;infeasible;infeasible;infeasible;infeasible;infeasible;infeasible,infeasible;infeasible;infeasible;infeasible;infeasible;infeasible;infeasible;infeasible;infeasible;infeasible;infeasible;infeasible,0;1;2;3;4;5;6;7;8;9;10;11,STRUCTURAL_ZERO;STRUCTURAL_ZERO;STRUCTURAL_ZERO;STRUCTURAL_ZERO;STRUCTURAL_ZERO;STRUCTURAL_ZERO;STRUCTURAL_ZERO;STRUCTURAL_ZERO;STRUCTURAL_ZERO;STRUCTURAL_ZERO;STRUCTURAL_ZERO;STRUCTURAL_ZERO,12,0,0,,OK
red2_6800:156,,infeasible;infeasible;infeasible;infeasible;infeasible;infeasible;infeasible;infeasible;infeasible;infeasible;infeasible;infeasible,0;0;0;0;0;0;0;0;0;0;0;0,infeasible;infeasible;infeasible;infeasible;infeasible;infeasible;infeasible;infeasible;infeasible;infeasible;infeasible;infeasible,infeasible;infeasible;infeasible;infeasible;infeasible;infeasible;infeasible;infeasible;infeasible;infeasible;infeasible;infeasible,0;1;2;3;4;5;6;7;8;9;10;11,STRUCTURAL_ZERO;STRUCTURAL_ZERO;STRUCTURAL_ZERO;STRUCTURAL_ZERO;STRUCTURAL_ZERO;STRUCTURAL_ZERO;STRUCTURAL_ZERO;STRUCTURAL_ZERO;STRUCTURAL_ZERO;STRUCTURAL_ZERO;STRUCTURAL_ZERO;STRUCTURAL_ZERO,12,0,0,,OK
red2_6800:157,,infeasible;infeasible;infeasible;infeasible;infeasible;infeasible;infeasible;infeasible;infeasible;infeasible;infeasible;infeasible,0;0;0;0;0;0;0;0;0;0;0;0,infeasible;infeasible;infeasible;infeasible;infeasible;infeasible;infeasible;infeasible;infeasible;infeasible;infeasible;infeasible,infeasible;infeasible;infeasible;infeasible;infeasible;infeasible;infeasible;infeasible;infeasible;infeasible;infeasible;infeasible,0;1;2;3;4;5;6;7;8;9;10;11,STRUCTURAL_ZERO;STRUCTURAL_ZERO;STRUCTURAL_ZERO;STRUCTURAL_ZERO;STRUCTURAL_ZERO;STRUCTURAL_ZERO;STRUCTURAL_ZERO;STRUCTURAL_ZERO;STRUCTURAL_ZERO;STRUCTURAL_ZERO;STRUCTURAL_ZERO;STRUCTURAL_ZERO,12,0,0,,OK
red2_6800:158,,infeasible;infeasible;infeasible;infeasible;infeasible;infeasible;infeasible;infeasible;infeasible;infeasible;infeasible;infeasible,0;0;0;0;0;0;0;0;0;0;0;0,infeasible;infeasible;infeasible;infeasible;infeasible;infeasible;infeasible;infeasible;infeasible;infeasible;infeasible;infeasible,infeasible;infeasible;infeasible;infeasible;infeasible;infeasible;infeasible;infeasible;infeasible;infeasible;infeasible;infeasible,0;1;2;3;4;5;6;7;8;9;10;11,STRUCTURAL_ZERO;STRUCTURAL_ZERO;STRUCTURAL_ZERO;STRUCTURAL_ZERO;STRUCTURAL_ZERO;STRUCTURAL_ZERO;STRUCTURAL_ZERO;STRUCTURAL_ZERO;STRUCTURAL_ZERO;STRUCTURAL_ZERO;STRUCTURAL_ZERO;STRUCTURAL_ZERO,12,0,0,,OK
red2_6800:159,,infeasible;infeasible;infeasible;infeasible;infeasible;infeasible;infeasible;infeasible;infeasible;infeasible;infeasible;infeasible,0;0;0;0;0;0;0;0;0;0;0;0,infeasible;infeasible;infeasible;infeasible;infeasible;infeasible;infeasible;infeasible;infeasible;infeasible;infeasible;infeasible,infeasible;infeasible;infeasible;infeasible;infeasible;infeasible;infeasible;infeasible;infeasible;infeasible;infeasible;infeasible,0;1;2;3;4;5;6;7;8;9;10;11,STRUCTURAL_ZERO;STRUCTURAL_ZERO;STRUCTURAL_ZERO;STRUCTURAL_ZERO;STRUCTURAL_ZERO;STRUCTURAL_ZERO;STRUCTURAL_ZERO;STRUCTURAL_ZERO;STRUCTURAL_ZERO;STRUCTURAL_ZERO;STRUCTURAL_ZERO;STRUCTURAL_ZERO,12,0,0,,OK
red2_6800:160,,infeasible;infeasible;infeasible;infeasible;infeasible;infeasible;infeasible;infeasible;infeasible;infeasible;infeasible;infeasible,0;0;0;0;0;0;0;0;0;0;0;0,infeasible;infeasible;infeasible;infeasible;infeasible;infeasible;infeasible;infeasible;infeasible;infeasible;infeasible;infeasible,infeasible;infeasible;infeasible;infeasible;infeasible;infeasible;infeasible;infeasible;infeasible;infeasible;infeasible;infeasible,0;1;2;3;4;5;6;7;8;9;10;11,STRUCTURAL_ZERO;STRUCTURAL_ZERO;STRUCTURAL_ZERO;STRUCTURAL_ZERO;STRUCTURAL_ZERO;STRUCTURAL_ZERO;STRUCTURAL_ZERO;STRUCTURAL_ZERO;STRUCTURAL_ZERO;STRUCTURAL_ZERO;STRUCTURAL_ZERO;STRUCTURAL_ZERO,12,0,0,,OK
red2_6800:161,,infeasible;infeasible;infeasible;infeasible;infeasible;infeasible;infeasible;infeasible;infeasible;infeasible;infeasible;infeasible,0;0;0;0;0;0;0;0;0;0;0;0,infeasible;infeasible;infeasible;infeasible;infeasible;infeasible;infeasible;infeasible;infeasible;infeasible;infeasible;infeasible,infeasible;infeasible;infeasible;infeasible;infeasible;infeasible;infeasible;infeasible;infeasible;infeasible;infeasible;infeasible,0;1;2;3;4;5;6;7;8;9;10;11,STRUCTURAL_ZERO;STRUCTURAL_ZERO;STRUCTURAL_ZERO;STRUCTURAL_ZERO;STRUCTURAL_ZERO;STRUCTURAL_ZERO;STRUCTURAL_ZERO;STRUCTURAL_ZERO;STRUCTURAL_ZERO;STRUCTURAL_ZERO;STRUCTURAL_ZERO;STRUCTURAL_ZERO,12,0,0,,OK
red2_6800:162,,infeasible;infeasible;infeasible;infeasible;infeasible;infeasible;infeasible;infeasible;infeasible;infeasible;infeasible;infeasible,0;0;0;0;0;0;0;0;0;0;0;0,infeasible;infeasible;infeasible;infeasible;infeasible;infeasible;infeasible;infeasible;infeasible;infeasible;infeasible;infeasible,infeasible;infeasible;infeasible;infeasible;infeasible;infeasible;infeasible;infeasible;infeasible;infeasible;infeasible;infeasible,0;1;2;3;4;5;6;7;8;9;10;11,STRUCTURAL_ZERO;STRUCTURAL_ZERO;STRUCTURAL_ZERO;STRUCTURAL_ZERO;STRUCTURAL_ZERO;STRUCTURAL_ZERO;STRUCTURAL_ZERO;STRUCTURAL_ZERO;STRUCTURAL_ZERO;STRUCTURAL_ZERO;STRUCTURAL_ZERO;STRUCTURAL_ZERO,12,0,0,,OK
red2_6800:163,,infeasible;infeasible;infeasible;infeasible;infeasible;infeasible;infeasible;infeasible;infeasible;infeasible;infeasible;infeasible,0;0;0;0;0;0;0;0;0;0;0;0,infeasible;infeasible;infeasible;infeasible;infeasible;infeasible;infeasible;infeasible;infeasible;infeasible;infeasible;infeasible,infeasible;infeasible;infeasible;infeasible;infeasible;infeasible;infeasible;infeasible;infeasible;infeasible;infeasible;infeasible,0;1;2;3;4;5;6;7;8;9;10;11,STRUCTURAL_ZERO;STRUCTURAL_ZERO;STRUCTURAL_ZERO;STRUCTURAL_ZERO;STRUCTURAL_ZERO;STRUCTURAL_ZERO;STRUCTURAL_ZERO;STRUCTURAL_ZERO;STRUCTURAL_ZERO;STRUCTURAL_ZERO;STRUCTURAL_ZERO;STRUCTURAL_ZERO,12,0,0,,OK
red2_6800:164,,infeasible;infeasible;infeasible;infeasible;infeasible;infeasible;infeasible;infeasible;infeasible;infeasible;infeasible;infeasible,0;0;0;0;0;0;0;0;0;0;0;0,infeasible;infeasible;infeasible;infeasible;infeasible;infeasible;infeasible;infeasible;infeasible;infeasible;infeasible;infeasible,infeasible;infeasible;infeasible;infeasible;infeasible;infeasible;infeasible;infeasible;infeasible;infeasible;infeasible;infeasible,0;1;2;3;4;5;6;7;8;9;10;11,STRUCTURAL_ZERO;STRUCTURAL_ZERO;STRUCTURAL_ZERO;STRUCTURAL_ZERO;STRUCTURAL_ZERO;STRUCTURAL_ZERO;STRUCTURAL_ZERO;STRUCTURAL_ZERO;STRUCTURAL_ZERO;STRUCTURAL_ZERO;STRUCTURAL_ZERO;STRUCTURAL_ZERO,12,0,0,,OK
red2_6800:165,,infeasible;infeasible;infeasible;infeasible;infeasible;infeasible;infeasible;infeasible;infeasible;infeasible;infeasible;infeasible,0;0;0;0;0;0;0;0;0;0;0;0,infeasible;infeasible;infeasible;infeasible;infeasible;infeasible;infeasible;infeasible;infeasible;infeasible;infeasible;infeasible,infeasible;infeasible;infeasible;infeasible;infeasible;infeasible;infeasible;infeasible;infeasible;infeasible;infeasible;infeasible,0;1;2;3;4;5;6;7;8;9;10;11,STRUCTURAL_ZERO;STRUCTURAL_ZERO;STRUCTURAL_ZERO;STRUCTURAL_ZERO;STRUCTURAL_ZERO;STRUCTURAL_ZERO;STRUCTURAL_ZERO;STRUCTURAL_ZERO;STRUCTURAL_ZERO;STRUCTURAL_ZERO;STRUCTURAL_ZERO;STRUCTURAL_ZERO,12,0,0,,OK
red2_6800:166,,infeasible;infeasible;infeasible;infeasible;infeasible;infeasible;infeasible;infeasible;infeasible;infeasible;infeasible;infeasible,0;0;0;0;0;0;0;0;0;0;0;0,infeasible;infeasible;infeasible;infeasible;infeasible;infeasible;infeasible;infeasible;infeasible;infeasible;infeasible;infeasible,infeasible;infeasible;infeasible;infeasible;infeasible;infeasible;infeasible;infeasible;infeasible;infeasible;infeasible;infeasible,0;1;2;3;4;5;6;7;8;9;10;11,STRUCTURAL_ZERO;STRUCTURAL_ZERO;STRUCTURAL_ZERO;STRUCTURAL_ZERO;STRUCTURAL_ZERO;STRUCTURAL_ZERO;STRUCTURAL_ZERO;STRUCTURAL_ZERO;STRUCTURAL_ZERO;STRUCTURAL_ZERO;STRUCTURAL_ZERO;STRUCTURAL_ZERO,12,0,0,,OK
red2_6800:167,,infeasible;infeasible;infeasible;infeasible;infeasible;infeasible;infeasible;infeasible;infeasible;infeasible;infeasible;infeasible,0;0;0;0;0;0;0;0;0;0;0;0,infeasible;infeasible;infeasible;infeasible;infeasible;infeasible;infeasible;infeasible;infeasible;infeasible;infeasible;infeasible,infeasible;infeasible;infeasible;infeasible;infeasible;infeasible;infeasible;infeasible;infeasible;infeasible;infeasible;infeasible,0;1;2;3;4;5;6;7;8;9;10;11,STRUCTURAL_ZERO;STRUCTURAL_ZERO;STRUCTURAL_ZERO;STRUCTURAL_ZERO;STRUCTURAL_ZERO;STRUCTURAL_ZERO;STRUCTURAL_ZERO;STRUCTURAL_ZERO;STRUCTURAL_ZERO;STRUCTURAL_ZERO;STRUCTURAL_ZERO;STRUCTURAL_ZERO,12,0,0,,OK
red2_6800:168,,infeasible;infeasible;infeasible;infeasible;infeasible;infeasible;infeasible;infeasible;infeasible;infeasible;infeasible;infeasible,0;0;0;0;0;0;0;0;0;0;0;0,infeasible;infeasible;infeasible;infeasible;infeasible;infeasible;infeasible;infeasible;infeasible;infeasible;infeasible;infeasible,infeasible;infeasible;infeasible;infeasible;infeasible;infeasible;infeasible;infeasible;infeasible;infeasible;infeasible;infeasible,0;1;2;3;4;5;6;7;8;9;10;11,STRUCTURAL_ZERO;STRUCTURAL_ZERO;STRUCTURAL_ZERO;STRUCTURAL_ZERO;STRUCTURAL_ZERO;STRUCTURAL_ZERO;STRUCTURAL_ZERO;STRUCTURAL_ZERO;STRUCTURAL_ZERO;STRUCTURAL_ZERO;STRUCTURAL_ZERO;STRUCTURAL_ZERO,12,0,0,,OK
red2_6800:169,,infeasible;infeasible;infeasible;infeasible;infeasible;infeasible;infeasible;infeasible;infeasible;infeasible;infeasible;infeasible,0;0;0;0;0;0;0;0;0;0;0;0,infeasible;infeasible;infeasible;infeasible;infeasible;infeasible;infeasible;infeasible;infeasible;infeasible;infeasible;infeasible,infeasible;infeasible;infeasible;infeasible;infeasible;infeasible;infeasible;infeasible;infeasible;infeasible;infeasible;infeasible,0;1;2;3;4;5;6;7;8;9;10;11,STRUCTURAL_ZERO;STRUCTURAL_ZERO;STRUCTURAL_ZERO;STRUCTURAL_ZERO;STRUCTURAL_ZERO;STRUCTURAL_ZERO;STRUCTURAL_ZERO;STRUCTURAL_ZERO;STRUCTURAL_ZERO;STRUCTURAL_ZERO;STRUCTURAL_ZERO;STRUCTURAL_ZERO,12,0,0,,OK
red2_6800:170,,infeasible;infeasible;infeasible;infeasible;infeasible;infeasible;infeasible;infeasible;infeasible;infeasible;infeasible;infeasible,0;0;0;0;0;0;0;0;0;0;0;0,infeasible;infeasible;infeasible;infeasible;infeasible;infeasible;infeasible;infeasible;infeasible;infeasible;infeasible;infeasible,infeasible;infeasible;infeasible;infeasible;infeasible;infeasible;infeasible;infeasible;infeasible;infeasible;infeasible;infeasible,0;1;2;3;4;5;6;7;8;9;10;11,STRUCTURAL_ZERO;STRUCTURAL_ZERO;STRUCTURAL_ZERO;STRUCTURAL_ZERO;STRUCTURAL_ZERO;STRUCTURAL_ZERO;STRUCTURAL_ZERO;STRUCTURAL_ZERO;STRUCTURAL_ZERO;STRUCTURAL_ZERO;STRUCTURAL_ZERO;STRUCTURAL_ZERO,12,0,0,,OK
red2_6800:171,,infeasible;infeasible;infeasible;infeasible;infeasible;infeasible;infeasible;infeasible;infeasible;infeasible;infeasible;infeasible,0;0;0;0;0;0;0;0;0;0;0;0,infeasible;infeasible;infeasible;infeasible;infeasible;infeasible;infeasible;infeasible;infeasible;infeasible;infeasible;infeasible,infeasible;infeasible;infeasible;infeasible;infeasible;infeasible;infeasible;infeasible;infeasible;infeasible;infeasible;infeasible,0;1;2;3;4;5;6;7;8;9;10;11,STRUCTURAL_ZERO;STRUCTURAL_ZERO;STRUCTURAL_ZERO;STRUCTURAL_ZERO;STRUCTURAL_ZERO;STRUCTURAL_ZERO;STRUCTURAL_ZERO;STRUCTURAL_ZERO;STRUCTURAL_ZERO;STRUCTURAL_ZERO;STRUCTURAL_ZERO;STRUCTURAL_ZERO,12,0,0,,OK
red2_6800:172,,infeasible;infeasible;infeasible;infeasible;infeasible;infeasible;infeasible;infeasible;infeasible;infeasible;infeasible;infeasible,0;0;0;0;0;0;0;0;0;0;0;0,infeasible;infeasible;infeasible;infeasible;infeasible;infeasible;infeasible;infeasible;infeasible;infeasible;infeasible;infeasible,infeasible;infeasible;infeasible;infeasible;infeasible;infeasible;infeasible;infeasible;infeasible;infeasible;infeasible;infeasible,0;1;2;3;4;5;6;7;8;9;10;11,STRUCTURAL_ZERO;STRUCTURAL_ZERO;STRUCTURAL_ZERO;STRUCTURAL_ZERO;STRUCTURAL_ZERO;STRUCTURAL_ZERO;STRUCTURAL_ZERO;STRUCTURAL_ZERO;STRUCTURAL_ZERO;STRUCTURAL_ZERO;STRUCTURAL_ZERO;STRUCTURAL_ZERO,12,0,0,,OK
red2_6800:173,,infeasible;infeasible;infeasible;infeasible;infeasible;infeasible;infeasible;infeasible;infeasible;infeasible;infeasible;infeasible,0;0;0;0;0;0;0;0;0;0;0;0,infeasible;infeasible;infeasible;infeasible;infeasible;infeasible;infeasible;infeasible;infeasible;infeasible;infeasible;infeasible,infeasible;infeasible;infeasible;infeasible;infeasible;infeasible;infeasible;infeasible;infeasible;infeasible;infeasible;infeasible,0;1;2;3;4;5;6;7;8;9;10;11,STRUCTURAL_ZERO;STRUCTURAL_ZERO;STRUCTURAL_ZERO;STRUCTURAL_ZERO;STRUCTURAL_ZERO;STRUCTURAL_ZERO;STRUCTURAL_ZERO;STRUCTURAL_ZERO;STRUCTURAL_ZERO;STRUCTURAL_ZERO;STRUCTURAL_ZERO;STRUCTURAL_ZERO,12,0,0,,OK
red2_6800:174,,infeasible;infeasible;infeasible;infeasible;infeasible;infeasible;infeasible;infeasible;infeasible;infeasible;infeasible;infeasible,0;0;0;0;0;0;0;0;0;0;0;0,infeasible;infeasible;infeasible;infeasible;infeasible;infeasible;infeasible;infeasible;infeasible;infeasible;infeasible;infeasible,infeasible;infeasible;infeasible;infeasible;infeasible;infeasible;infeasible;infeasible;infeasible;infeasible;infeasible;infeasible,0;1;2;3;4;5;6;7;8;9;10;11,STRUCTURAL_ZERO;STRUCTURAL_ZERO;STRUCTURAL_ZERO;STRUCTURAL_ZERO;STRUCTURAL_ZERO;STRUCTURAL_ZERO;STRUCTURAL_ZERO;STRUCTURAL_ZERO;STRUCTURAL_ZERO;STRUCTURAL_ZERO;STRUCTURAL_ZERO;STRUCTURAL_ZERO,12,0,0,,OK
red2_6800:175,,infeasible;infeasible;infeasible;infeasible;infeasible;infeasible;infeasible;infeasible;infeasible;infeasible;infeasible;infeasible,0;0;0;0;0;0;0;0;0;0;0;0,infeasible;infeasible;infeasible;infeasible;infeasible;infeasible;infeasible;infeasible;infeasible;infeasible;infeasible;infeasible,infeasible;infeasible;infeasible;infeasible;infeasible;infeasible;infeasible;infeasible;infeasible;infeasible;infeasible;infeasible,0;1;2;3;4;5;6;7;8;9;10;11,STRUCTURAL_ZERO;STRUCTURAL_ZERO;STRUCTURAL_ZERO;STRUCTURAL_ZERO;STRUCTURAL_ZERO;STRUCTURAL_ZERO;STRUCTURAL_ZERO;STRUCTURAL_ZERO;STRUCTURAL_ZERO;STRUCTURAL_ZERO;STRUCTURAL_ZERO;STRUCTURAL_ZERO,12,0,0,,OK
red2_6800:176,,infeasible;infeasible;infeasible;infeasible;infeasible;infeasible;infeasible;infeasible;infeasible;infeasible;infeasible;infeasible,0;0;0;0;0;0;0;0;0;0;0;0,infeasible;infeasible;infeasible;infeasible;infeasible;infeasible;infeasible;infeasible;infeasible;infeasible;infeasible;infeasible,infeasible;infeasible;infeasible;infeasible;infeasible;infeasible;infeasible;infeasible;infeasible;infeasible;infeasible;infeasible,0;1;2;3;4;5;6;7;8;9;10;11,STRUCTURAL_ZERO;STRUCTURAL_ZERO;STRUCTURAL_ZERO;STRUCTURAL_ZERO;STRUCTURAL_ZERO;STRUCTURAL_ZERO;STRUCTURAL_ZERO;STRUCTURAL_ZERO;STRUCTURAL_ZERO;STRUCTURAL_ZERO;STRUCTURAL_ZERO;STRUCTURAL_ZERO,12,0,0,,OK
red2_6800:177,,infeasible;infeasible;infeasible;infeasible;infeasible;infeasible;infeasible;infeasible;infeasible;infeasible;infeasible;infeasible,0;0;0;0;0;0;0;0;0;0;0;0,infeasible;infeasible;infeasible;infeasible;infeasible;infeasible;infeasible;infeasible;infeasible;infeasible;infeasible;infeasible,infeasible;infeasible;infeasible;infeasible;infeasible;infeasible;infeasible;infeasible;infeasible;infeasible;infeasible;infeasible,0;1;2;3;4;5;6;7;8;9;10;11,STRUCTURAL_ZERO;STRUCTURAL_ZERO;STRUCTURAL_ZERO;STRUCTURAL_ZERO;STRUCTURAL_ZERO;STRUCTURAL_ZERO;STRUCTURAL_ZERO;STRUCTURAL_ZERO;STRUCTURAL_ZERO;STRUCTURAL_ZERO;STRUCTURAL_ZERO;STRUCTURAL_ZERO,12,0,0,,OK
red2_6800:178,,infeasible;infeasible;infeasible;infeasible;infeasible;infeasible;infeasible;infeasible;infeasible;infeasible;infeasible;infeasible,0;0;0;0;0;0;0;0;0;0;0;0,infeasible;infeasible;infeasible;infeasible;infeasible;infeasible;infeasible;infeasible;infeasible;infeasible;infeasible;infeasible,infeasible;infeasible;infeasible;infeasible;infeasible;infeasible;infeasible;infeasible;infeasible;infeasible;infeasible;infeasible,0;1;2;3;4;5;6;7;8;9;10;11,STRUCTURAL_ZERO;STRUCTURAL_ZERO;STRUCTURAL_ZERO;STRUCTURAL_ZERO;STRUCTURAL_ZERO;STRUCTURAL_ZERO;STRUCTURAL_ZERO;STRUCTURAL_ZERO;STRUCTURAL_ZERO;STRUCTURAL_ZERO;STRUCTURAL_ZERO;STRUCTURAL_ZERO,12,0,0,,OK
red2_6800:179,,infeasible;infeasible;infeasible;infeasible;infeasible;infeasible;infeasible;infeasible;infeasible;infeasible;infeasible;infeasible,0;0;0;0;0;0;0;0;0;0;0;0,infeasible;infeasible;infeasible;infeasible;infeasible;infeasible;infeasible;infeasible;infeasible;infeasible;infeasible;infeasible,infeasible;infeasible;infeasible;infeasible;infeasible;infeasible;infeasible;infeasible;infeasible;infeasible;infeasible;infeasible,0;1;2;3;4;5;6;7;8;9;10;11,STRUCTURAL_ZERO;STRUCTURAL_ZERO;STRUCTURAL_ZERO;STRUCTURAL_ZERO;STRUCTURAL_ZERO;STRUCTURAL_ZERO;STRUCTURAL_ZERO;STRUCTURAL_ZERO;STRUCTURAL_ZERO;STRUCTURAL_ZERO;STRUCTURAL_ZERO;STRUCTURAL_ZERO,12,0,0,,OK
red2_6800:180,,infeasible;infeasible;infeasible;infeasible;infeasible;infeasible;infeasible;infeasible;infeasible;infeasible;infeasible;infeasible,0;0;0;0;0;0;0;0;0;0;0;0,infeasible;infeasible;infeasible;infeasible;infeasible;infeasible;infeasible;infeasible;infeasible;infeasible;infeasible;infeasible,infeasible;infeasible;infeasible;infeasible;infeasible;infeasible;infeasible;infeasible;infeasible;infeasible;infeasible;infeasible,0;1;2;3;4;5;6;7;8;9;10;11,STRUCTURAL_ZERO;STRUCTURAL_ZERO;STRUCTURAL_ZERO;STRUCTURAL_ZERO;STRUCTURAL_ZERO;STRUCTURAL_ZERO;STRUCTURAL_ZERO;STRUCTURAL_ZERO;STRUCTURAL_ZERO;STRUCTURAL_ZERO;STRUCTURAL_ZERO;STRUCTURAL_ZERO,12,0,0,,OK
red2_6800:181,,infeasible;infeasible;infeasible;infeasible;infeasible;infeasible;infeasible;infeasible;infeasible;infeasible;infeasible;infeasible,0;0;0;0;0;0;0;0;0;0;0;0,infeasible;infeasible;infeasible;infeasible;infeasible;infeasible;infeasible;infeasible;infeasible;infeasible;infeasible;infeasible,infeasible;infeasible;infeasible;infeasible;infeasible;infeasible;infeasible;infeasible;infeasible;infeasible;infeasible;infeasible,0;1;2;3;4;5;6;7;8;9;10;11,STRUCTURAL_ZERO;STRUCTURAL_ZERO;STRUCTURAL_ZERO;STRUCTURAL_ZERO;STRUCTURAL_ZERO;STRUCTURAL_ZERO;STRUCTURAL_ZERO;STRUCTURAL_ZERO;STRUCTURAL_ZERO;STRUCTURAL_ZERO;STRUCTURAL_ZERO;STRUCTURAL_ZERO,12,0,0,,OK
red2_6800:182,,infeasible;infeasible;infeasible;infeasible;infeasible;infeasible;infeasible;infeasible;infeasible;infeasible;infeasible;infeasible,0;0;0;0;0;0;0;0;0;0;0;0,infeasible;infeasible;infeasible;infeasible;infeasible;infeasible;infeasible;infeasible;infeasible;infeasible;infeasible;infeasible,infeasible;infeasible;infeasible;infeasible;infeasible;infeasible;infeasible;infeasible;infeasible;infeasible;infeasible;infeasible,0;1;2;3;4;5;6;7;8;9;10;11,STRUCTURAL_ZERO;STRUCTURAL_ZERO;STRUCTURAL_ZERO;STRUCTURAL_ZERO;STRUCTURAL_ZERO;STRUCTURAL_ZERO;STRUCTURAL_ZERO;STRUCTURAL_ZERO;STRUCTURAL_ZERO;STRUCTURAL_ZERO;STRUCTURAL_ZERO;STRUCTURAL_ZERO,12,0,0,,OK
red2_6800:183,,infeasible;infeasible;infeasible;infeasible;infeasible;infeasible;infeasible;infeasible;infeasible;infeasible;infeasible;infeasible,0;0;0;0;0;0;0;0;0;0;0;0,infeasible;infeasible;infeasible;infeasible;infeasible;infeasible;infeasible;infeasible;infeasible;infeasible;infeasible;infeasible,infeasible;infeasible;infeasible;infeasible;infeasible;infeasible;infeasible;infeasible;infeasible;infeasible;infeasible;infeasible,0;1;2;3;4;5;6;7;8;9;10;11,STRUCTURAL_ZERO;STRUCTURAL_ZERO;STRUCTURAL_ZERO;STRUCTURAL_ZERO;STRUCTURAL_ZERO;STRUCTURAL_ZERO;STRUCTURAL_ZERO;STRUCTURAL_ZERO;STRUCTURAL_ZERO;STRUCTURAL_ZERO;STRUCTURAL_ZERO;STRUCTURAL_ZERO,12,0,0,,OK
red2_6800:184,,infeasible;infeasible;infeasible;infeasible;infeasible;infeasible;infeasible;infeasible;infeasible;infeasible;infeasible;infeasible,0;0;0;0;0;0;0;0;0;0;0;0,infeasible;infeasible;infeasible;infeasible;infeasible;infeasible;infeasible;infeasible;infeasible;infeasible;infeasible;infeasible,infeasible;infeasible;infeasible;infeasible;infeasible;infeasible;infeasible;infeasible;infeasible;infeasible;infeasible;infeasible,0;1;2;3;4;5;6;7;8;9;10;11,STRUCTURAL_ZERO;STRUCTURAL_ZERO;STRUCTURAL_ZERO;STRUCTURAL_ZERO;STRUCTURAL_ZERO;STRUCTURAL_ZERO;STRUCTURAL_ZERO;STRUCTURAL_ZERO;STRUCTURAL_ZERO;STRUCTURAL_ZERO;STRUCTURAL_ZERO;STRUCTURAL_ZERO,12,0,0,,OK
red2_6800:185,,infeasible;infeasible;infeasible;infeasible;infeasible;infeasible;infeasible;infeasible;infeasible;infeasible;infeasible;infeasible,0;0;0;0;0;0;0;0;0;0;0;0,infeasible;infeasible;infeasible;infeasible;infeasible;infeasible;infeasible;infeasible;infeasible;infeasible;infeasible;infeasible,infeasible;infeasible;infeasible;infeasible;infeasible;infeasible;infeasible;infeasible;infeasible;infeasible;infeasible;infeasible,0;1;2;3;4;5;6;7;8;9;10;11,STRUCTURAL_ZERO;STRUCTURAL_ZERO;STRUCTURAL_ZERO;STRUCTURAL_ZERO;STRUCTURAL_ZERO;STRUCTURAL_ZERO;STRUCTURAL_ZERO;STRUCTURAL_ZERO;STRUCTURAL_ZERO;STRUCTURAL_ZERO;STRUCTURAL_ZERO;STRUCTURAL_ZERO,12,0,0,,OK
red2_6800:186,,infeasible;infeasible;infeasible;infeasible;infeasible;infeasible;infeasible;infeasible;infeasible;infeasible;infeasible;infeasible,0;0;0;0;0;0;0;0;0;0;0;0,infeasible;infeasible;infeasible;infeasible;infeasible;infeasible;infeasible;infeasible;infeasible;infeasible;infeasible;infeasible,infeasible;infeasible;infeasible;infeasible;infeasible;infeasible;infeasible;infeasible;infeasible;infeasible;infeasible;infeasible,0;1;2;3;4;5;6;7;8;9;10;11,STRUCTURAL_ZERO;STRUCTURAL_ZERO;STRUCTURAL_ZERO;STRUCTURAL_ZERO;STRUCTURAL_ZERO;STRUCTURAL_ZERO;STRUCTURAL_ZERO;STRUCTURAL_ZERO;STRUCTURAL_ZERO;STRUCTURAL_ZERO;STRUCTURAL_ZERO;STRUCTURAL_ZERO,12,0,0,,OK
red2_6800:187,,infeasible;infeasible;infeasible;infeasible;infeasible;infeasible;infeasible;infeasible;infeasible;infeasible;infeasible;infeasible,0;0;0;0;0;0;0;0;0;0;0;0,infeasible;infeasible;infeasible;infeasible;infeasible;infeasible;infeasible;infeasible;infeasible;infeasible;infeasible;infeasible,infeasible;infeasible;infeasible;infeasible;infeasible;infeasible;infeasible;infeasible;infeasible;infeasible;infeasible;infeasible,0;1;2;3;4;5;6;7;8;9;10;11,STRUCTURAL_ZERO;STRUCTURAL_ZERO;STRUCTURAL_ZERO;STRUCTURAL_ZERO;STRUCTURAL_ZERO;STRUCTURAL_ZERO;STRUCTURAL_ZERO;STRUCTURAL_ZERO;STRUCTURAL_ZERO;STRUCTURAL_ZERO;STRUCTURAL_ZERO;STRUCTURAL_ZERO,12,0,0,,OK
red2_6800:188,,infeasible;infeasible;infeasible;infeasible;infeasible;infeasible;infeasible;infeasible;infeasible;infeasible;infeasible;infeasible,0;0;0;0;0;0;0;0;0;0;0;0,infeasible;infeasible;infeasible;infeasible;infeasible;infeasible;infeasible;infeasible;infeasible;infeasible;infeasible;infeasible,infeasible;infeasible;infeasible;infeasible;infeasible;infeasible;infeasible;infeasible;infeasible;infeasible;infeasible;infeasible,0;1;2;3;4;5;6;7;8;9;10;11,STRUCTURAL_ZERO;STRUCTURAL_ZERO;STRUCTURAL_ZERO;STRUCTURAL_ZERO;STRUCTURAL_ZERO;STRUCTURAL_ZERO;STRUCTURAL_ZERO;STRUCTURAL_ZERO;STRUCTURAL_ZERO;STRUCTURAL_ZERO;STRUCTURAL_ZERO;STRUCTURAL_ZERO,12,0,0,,OK
red2_6800:189,,infeasible;infeasible;infeasible;infeasible;infeasible;infeasible;infeasible;infeasible;infeasible;infeasible;infeasible;infeasible,0;0;0;0;0;0;0;0;0;0;0;0,infeasible;infeasible;infeasible;infeasible;infeasible;infeasible;infeasible;infeasible;infeasible;infeasible;infeasible;infeasible,infeasible;infeasible;infeasible;infeasible;infeasible;infeasible;infeasible;infeasible;infeasible;infeasible;infeasible;infeasible,0;1;2;3;4;5;6;7;8;9;10;11,STRUCTURAL_ZERO;STRUCTURAL_ZERO;STRUCTURAL_ZERO;STRUCTURAL_ZERO;STRUCTURAL_ZERO;STRUCTURAL_ZERO;STRUCTURAL_ZERO;STRUCTURAL_ZERO;STRUCTURAL_ZERO;STRUCTURAL_ZERO;STRUCTURAL_ZERO;STRUCTURAL_ZERO,12,0,0,,OK
red2_6800:190,,infeasible;infeasible;infeasible;infeasible;infeasible;infeasible;infeasible;infeasible;infeasible;infeasible;infeasible;infeasible,0;0;0;0;0;0;0;0;0;0;0;0,infeasible;infeasible;infeasible;infeasible;infeasible;infeasible;infeasible;infeasible;infeasible;infeasible;infeasible;infeasible,infeasible;infeasible;infeasible;infeasible;infeasible;infeasible;infeasible;infeasible;infeasible;infeasible;infeasible;infeasible,0;1;2;3;4;5;6;7;8;9;10;11,STRUCTURAL_ZERO;STRUCTURAL_ZERO;STRUCTURAL_ZERO;STRUCTURAL_ZERO;STRUCTURAL_ZERO;STRUCTURAL_ZERO;STRUCTURAL_ZERO;STRUCTURAL_ZERO;STRUCTURAL_ZERO;STRUCTURAL_ZERO;STRUCTURAL_ZERO;STRUCTURAL_ZERO,12,0,0,,OK
red2_6800:191,,infeasible;infeasible;infeasible;infeasible;infeasible;infeasible;infeasible;infeasible;infeasible;infeasible;infeasible;infeasible,0;0;0;0;0;0;0;0;0;0;0;0,infeasible;infeasible;infeasible;infeasible;infeasible;infeasible;infeasible;infeasible;infeasible;infeasible;infeasible;infeasible,infeasible;infeasible;infeasible;infeasible;infeasible;infeasible;infeasible;infeasible;infeasible;infeasible;infeasible;infeasible,0;1;2;3;4;5;6;7;8;9;10;11,STRUCTURAL_ZERO;STRUCTURAL_ZERO;STRUCTURAL_ZERO;STRUCTURAL_ZERO;STRUCTURAL_ZERO;STRUCTURAL_ZERO;STRUCTURAL_ZERO;STRUCTURAL_ZERO;STRUCTURAL_ZERO;STRUCTURAL_ZERO;STRUCTURAL_ZERO;STRUCTURAL_ZERO,12,0,0,,OK
red2_6800:192,,infeasible;infeasible;infeasible;infeasible;infeasible;infeasible;infeasible;infeasible;infeasible;infeasible;infeasible;infeasible,0;0;0;0;0;0;0;0;0;0;0;0,infeasible;infeasible;infeasible;infeasible;infeasible;infeasible;infeasible;infeasible;infeasible;infeasible;infeasible;infeasible,infeasible;infeasible;infeasible;infeasible;infeasible;infeasible;infeasible;infeasible;infeasible;infeasible;infeasible;infeasible,0;1;2;3;4;5;6;7;8;9;10;11,STRUCTURAL_ZERO;STRUCTURAL_ZERO;STRUCTURAL_ZERO;STRUCTURAL_ZERO;STRUCTURAL_ZERO;STRUCTURAL_ZERO;STRUCTURAL_ZERO;STRUCTURAL_ZERO;STRUCTURAL_ZERO;STRUCTURAL_ZERO;STRUCTURAL_ZERO;STRUCTURAL_ZERO,12,0,0,,OK
red2_6800:193,,infeasible;infeasible;infeasible;infeasible;infeasible;infeasible;infeasible;infeasible;infeasible;infeasible;infeasible;infeasible,0;0;0;0;0;0;0;0;0;0;0;0,infeasible;infeasible;infeasible;infeasible;infeasible;infeasible;infeasible;infeasible;infeasible;infeasible;infeasible;infeasible,infeasible;infeasible;infeasible;infeasible;infeasible;infeasible;infeasible;infeasible;infeasible;infeasible;infeasible;infeasible,0;1;2;3;4;5;6;7;8;9;10;11,STRUCTURAL_ZERO;STRUCTURAL_ZERO;STRUCTURAL_ZERO;STRUCTURAL_ZERO;STRUCTURAL_ZERO;STRUCTURAL_ZERO;STRUCTURAL_ZERO;STRUCTURAL_ZERO;STRUCTURAL_ZERO;STRUCTURAL_ZERO;STRUCTURAL_ZERO;STRUCTURAL_ZERO,12,0,0,,OK
red2_6800:194,,infeasible;infeasible;infeasible;infeasible;infeasible;infeasible;infeasible;infeasible;infeasible;infeasible;infeasible;infeasible,0;0;0;0;0;0;0;0;0;0;0;0,infeasible;infeasible;infeasible;infeasible;infeasible;infeasible;infeasible;infeasible;infeasible;infeasible;infeasible;infeasible,infeasible;infeasible;infeasible;infeasible;infeasible;infeasible;infeasible;infeasible;infeasible;infeasible;infeasible;infeasible,0;1;2;3;4;5;6;7;8;9;10;11,STRUCTURAL_ZERO;STRUCTURAL_ZERO;STRUCTURAL_ZERO;STRUCTURAL_ZERO;STRUCTURAL_ZERO;STRUCTURAL_ZERO;STRUCTURAL_ZERO;STRUCTURAL_ZERO;STRUCTURAL_ZERO;STRUCTURAL_ZERO;STRUCTURAL_ZERO;STRUCTURAL_ZERO,12,0,0,,OK
red2_6800:195,,infeasible;infeasible;infeasible;infeasible;infeasible;infeasible;infeasible;infeasible;infeasible;infeasible;infeasible;infeasible,0;0;0;0;0;0;0;0;0;0;0;0,infeasible;infeasible;infeasible;infeasible;infeasible;infeasible;infeasible;infeasible;infeasible;infeasible;infeasible;infeasible,infeasible;infeasible;infeasible;infeasible;infeasible;infeasible;infeasible;infeasible;infeasible;infeasible;infeasible;infeasible,0;1;2;3;4;5;6;7;8;9;10;11,STRUCTURAL_ZERO;STRUCTURAL_ZERO;STRUCTURAL_ZERO;STRUCTURAL_ZERO;STRUCTURAL_ZERO;STRUCTURAL_ZERO;STRUCTURAL_ZERO;STRUCTURAL_ZERO;STRUCTURAL_ZERO;STRUCTURAL_ZERO;STRUCTURAL_ZERO;STRUCTURAL_ZERO,12,0,0,,OK
red2_6800:196,,infeasible;infeasible;infeasible;infeasible;infeasible;infeasible;infeasible;infeasible;infeasible;infeasible;infeasible;infeasible,0;0;0;0;0;0;0;0;0;0;0;0,infeasible;infeasible;infeasible;infeasible;infeasible;infeasible;infeasible;infeasible;infeasible;infeasible;infeasible;infeasible,infeasible;infeasible;infeasible;infeasible;infeasible;infeasible;infeasible;infeasible;infeasible;infeasible;infeasible;infeasible,0;1;2;3;4;5;6;7;8;9;10;11,STRUCTURAL_ZERO;STRUCTURAL_ZERO;STRUCTURAL_ZERO;STRUCTURAL_ZERO;STRUCTURAL_ZERO;STRUCTURAL_ZERO;STRUCTURAL_ZERO;STRUCTURAL_ZERO;STRUCTURAL_ZERO;STRUCTURAL_ZERO;STRUCTURAL_ZERO;STRUCTURAL_ZERO,12,0,0,,OK
red2_6800:197,,infeasible;infeasible;infeasible;infeasible;infeasible;infeasible;infeasible;infeasible;infeasible;infeasible;infeasible;infeasible,0;0;0;0;0;0;0;0;0;0;0;0,infeasible;infeasible;infeasible;infeasible;infeasible;infeasible;infeasible;infeasible;infeasible;infeasible;infeasible;infeasible,infeasible;infeasible;infeasible;infeasible;infeasible;infeasible;infeasible;infeasible;infeasible;infeasible;infeasible;infeasible,0;1;2;3;4;5;6;7;8;9;10;11,STRUCTURAL_ZERO;STRUCTURAL_ZERO;STRUCTURAL_ZERO;STRUCTURAL_ZERO;STRUCTURAL_ZERO;STRUCTURAL_ZERO;STRUCTURAL_ZERO;STRUCTURAL_ZERO;STRUCTURAL_ZERO;STRUCTURAL_ZERO;STRUCTURAL_ZERO;STRUCTURAL_ZERO,12,0,0,,OK
red2_6800:198,,infeasible;infeasible;infeasible;infeasible;infeasible;infeasible;infeasible;infeasible;infeasible;infeasible;infeasible;infeasible,0;0;0;0;0;0;0;0;0;0;0;0,infeasible;infeasible;infeasible;infeasible;infeasible;infeasible;infeasible;infeasible;infeasible;infeasible;infeasible;infeasible,infeasible;infeasible;infeasible;infeasible;infeasible;infeasible;infeasible;infeasible;infeasible;infeasible;infeasible;infeasible,0;1;2;3;4;5;6;7;8;9;10;11,STRUCTURAL_ZERO;STRUCTURAL_ZERO;STRUCTURAL_ZERO;STRUCTURAL_ZERO;STRUCTURAL_ZERO;STRUCTURAL_ZERO;STRUCTURAL_ZERO;STRUCTURAL_ZERO;STRUCTURAL_ZERO;STRUCTURAL_ZERO;STRUCTURAL_ZERO;STRUCTURAL_ZERO,12,0,0,,OK
red2_6800:199,,infeasible;infeasible;infeasible;infeasible;infeasible;infeasible;infeasible;infeasible;infeasible;infeasible;infeasible;infeasible,0;0;0;0;0;0;0;0;0;0;0;0,infeasible;infeasible;infeasible;infeasible;infeasible;infeasible;infeasible;infeasible;infeasible;infeasible;infeasible;infeasible,infeasible;infeasible;infeasible;infeasible;infeasible;infeasible;infeasible;infeasible;infeasible;infeasible;infeasible;infeasible,0;1;2;3;4;5;6;7;8;9;10;11,STRUCTURAL_ZERO;STRUCTURAL_ZERO;STRUCTURAL_ZERO;STRUCTURAL_ZERO;STRUCTURAL_ZERO;STRUCTURAL_ZERO;STRUCTURAL_ZERO;STRUCTURAL_ZERO;STRUCTURAL_ZERO;STRUCTURAL_ZERO;STRUCTURAL_ZERO;STRUCTURAL_ZERO,12,0,0,,OK
red2_6800:200,,infeasible;infeasible;infeasible;infeasible;infeasible;infeasible;infeasible;infeasible;infeasible;infeasible;infeasible;infeasible,0;0;0;0;0;0;0;0;0;0;0;0,infeasible;infeasible;infeasible;infeasible;infeasible;infeasible;infeasible;infeasible;infeasible;infeasible;infeasible;infeasible,infeasible;infeasible;infeasible;infeasible;infeasible;infeasible;infeasible;infeasible;infeasible;infeasible;infeasible;infeasible,0;1;2;3;4;5;6;7;8;9;10;11,STRUCTURAL_ZERO;STRUCTURAL_ZERO;STRUCTURAL_ZERO;STRUCTURAL_ZERO;STRUCTURAL_ZERO;STRUCTURAL_ZERO;STRUCTURAL_ZERO;STRUCTURAL_ZERO;STRUCTURAL_ZERO;STRUCTURAL_ZERO;STRUCTURAL_ZERO;STRUCTURAL_ZERO,12,0,0,,OK
red2_6800:201,,infeasible;infeasible;infeasible;infeasible;infeasible;infeasible;infeasible;infeasible;infeasible;infeasible;infeasible;infeasible,0;0;0;0;0;0;0;0;0;0;0;0,infeasible;infeasible;infeasible;infeasible;infeasible;infeasible;infeasible;infeasible;infeasible;infeasible;infeasible;infeasible,infeasible;infeasible;infeasible;infeasible;infeasible;infeasible;infeasible;infeasible;infeasible;infeasible;infeasible;infeasible,0;1;2;3;4;5;6;7;8;9;10;11,STRUCTURAL_ZERO;STRUCTURAL_ZERO;STRUCTURAL_ZERO;STRUCTURAL_ZERO;STRUCTURAL_ZERO;STRUCTURAL_ZERO;STRUCTURAL_ZERO;STRUCTURAL_ZERO;STRUCTURAL_ZERO;STRUCTURAL_ZERO;STRUCTURAL_ZERO;STRUCTURAL_ZERO,12,0,0,,OK
red2_6800:202,,infeasible;infeasible;infeasible;infeasible;infeasible;infeasible;infeasible;infeasible;infeasible;infeasible;infeasible;infeasible,0;0;0;0;0;0;0;0;0;0;0;0,infeasible;infeasible;infeasible;infeasible;infeasible;infeasible;infeasible;infeasible;infeasible;infeasible;infeasible;infeasible,infeasible;infeasible;infeasible;infeasible;infeasible;infeasible;infeasible;infeasible;infeasible;infeasible;infeasible;infeasible,0;1;2;3;4;5;6;7;8;9;10;11,STRUCTURAL_ZERO;STRUCTURAL_ZERO;STRUCTURAL_ZERO;STRUCTURAL_ZERO;STRUCTURAL_ZERO;STRUCTURAL_ZERO;STRUCTURAL_ZERO;STRUCTURAL_ZERO;STRUCTURAL_ZERO;STRUCTURAL_ZERO;STRUCTURAL_ZERO;STRUCTURAL_ZERO,12,0,0,,OK
red2_6800:203,,infeasible;infeasible;infeasible;infeasible;infeasible;infeasible;infeasible;infeasible;infeasible;infeasible;infeasible;infeasible,0;0;0;0;0;0;0;0;0;0;0;0,infeasible;infeasible;infeasible;infeasible;infeasible;infeasible;infeasible;infeasible;infeasible;infeasible;infeasible;infeasible,infeasible;infeasible;infeasible;infeasible;infeasible;infeasible;infeasible;infeasible;infeasible;infeasible;infeasible;infeasible,0;1;2;3;4;5;6;7;8;9;10;11,STRUCTURAL_ZERO;STRUCTURAL_ZERO;STRUCTURAL_ZERO;STRUCTURAL_ZERO;STRUCTURAL_ZERO;STRUCTURAL_ZERO;STRUCTURAL_ZERO;STRUCTURAL_ZERO;STRUCTURAL_ZERO;STRUCTURAL_ZERO;STRUCTURAL_ZERO;STRUCTURAL_ZERO,12,0,0,,OK
red2_6800:204,,infeasible;infeasible;infeasible;infeasible;infeasible;infeasible;infeasible;infeasible;infeasible;infeasible;infeasible;infeasible,0;0;0;0;0;0;0;0;0;0;0;0,infeasible;infeasible;infeasible;infeasible;infeasible;infeasible;infeasible;infeasible;infeasible;infeasible;infeasible;infeasible,infeasible;infeasible;infeasible;infeasible;infeasible;infeasible;infeasible;infeasible;infeasible;infeasible;infeasible;infeasible,0;1;2;3;4;5;6;7;8;9;10;11,STRUCTURAL_ZERO;STRUCTURAL_ZERO;STRUCTURAL_ZERO;STRUCTURAL_ZERO;STRUCTURAL_ZERO;STRUCTURAL_ZERO;STRUCTURAL_ZERO;STRUCTURAL_ZERO;STRUCTURAL_ZERO;STRUCTURAL_ZERO;STRUCTURAL_ZERO;STRUCTURAL_ZERO,12,0,0,,OK
red2_6800:205,,infeasible;infeasible;infeasible;infeasible;infeasible;infeasible;infeasible;infeasible;infeasible;infeasible;infeasible;infeasible,0;0;0;0;0;0;0;0;0;0;0;0,infeasible;infeasible;infeasible;infeasible;infeasible;infeasible;infeasible;infeasible;infeasible;infeasible;infeasible;infeasible,infeasible;infeasible;infeasible;infeasible;infeasible;infeasible;infeasible;infeasible;infeasible;infeasible;infeasible;infeasible,0;1;2;3;4;5;6;7;8;9;10;11,STRUCTURAL_ZERO;STRUCTURAL_ZERO;STRUCTURAL_ZERO;STRUCTURAL_ZERO;STRUCTURAL_ZERO;STRUCTURAL_ZERO;STRUCTURAL_ZERO;STRUCTURAL_ZERO;STRUCTURAL_ZERO;STRUCTURAL_ZERO;STRUCTURAL_ZERO;STRUCTURAL_ZERO,12,0,0,,OK
red2_6800:206,,infeasible;infeasible;infeasible;infeasible;infeasible;infeasible;infeasible;infeasible;infeasible;infeasible;infeasible;infeasible,0;0;0;0;0;0;0;0;0;0;0;0,infeasible;infeasible;infeasible;infeasible;infeasible;infeasible;infeasible;infeasible;infeasible;infeasible;infeasible;infeasible,infeasible;infeasible;infeasible;infeasible;infeasible;infeasible;infeasible;infeasible;infeasible;infeasible;infeasible;infeasible,0;1;2;3;4;5;6;7;8;9;10;11,STRUCTURAL_ZERO;STRUCTURAL_ZERO;STRUCTURAL_ZERO;STRUCTURAL_ZERO;STRUCTURAL_ZERO;STRUCTURAL_ZERO;STRUCTURAL_ZERO;STRUCTURAL_ZERO;STRUCTURAL_ZERO;STRUCTURAL_ZERO;STRUCTURAL_ZERO;STRUCTURAL_ZERO,12,0,0,,OK
red2_6800:207,,infeasible;infeasible;infeasible;infeasible;infeasible;infeasible;infeasible;infeasible;infeasible;infeasible;infeasible;infeasible,0;0;0;0;0;0;0;0;0;0;0;0,infeasible;infeasible;infeasible;infeasible;infeasible;infeasible;infeasible;infeasible;infeasible;infeasible;infeasible;infeasible,infeasible;infeasible;infeasible;infeasible;infeasible;infeasible;infeasible;infeasible;infeasible;infeasible;infeasible;infeasible,0;1;2;3;4;5;6;7;8;9;10;11,STRUCTURAL_ZERO;STRUCTURAL_ZERO;STRUCTURAL_ZERO;STRUCTURAL_ZERO;STRUCTURAL_ZERO;STRUCTURAL_ZERO;STRUCTURAL_ZERO;STRUCTURAL_ZERO;STRUCTURAL_ZERO;STRUCTURAL_ZERO;STRUCTURAL_ZERO;STRUCTURAL_ZERO,12,0,0,,OK
red2_6800:208,,infeasible;infeasible;infeasible;infeasible;infeasible;infeasible;infeasible;infeasible;infeasible;infeasible;infeasible;infeasible,0;0;0;0;0;0;0;0;0;0;0;0,infeasible;infeasible;infeasible;infeasible;infeasible;infeasible;infeasible;infeasible;infeasible;infeasible;infeasible;infeasible,infeasible;infeasible;infeasible;infeasible;infeasible;infeasible;infeasible;infeasible;infeasible;infeasible;infeasible;infeasible,0;1;2;3;4;5;6;7;8;9;10;11,STRUCTURAL_ZERO;STRUCTURAL_ZERO;STRUCTURAL_ZERO;STRUCTURAL_ZERO;STRUCTURAL_ZERO;STRUCTURAL_ZERO;STRUCTURAL_ZERO;STRUCTURAL_ZERO;STRUCTURAL_ZERO;STRUCTURAL_ZERO;STRUCTURAL_ZERO;STRUCTURAL_ZERO,12,0,0,,OK
red2_6800:209,,infeasible;infeasible;infeasible;infeasible;infeasible;infeasible;infeasible;infeasible;infeasible;infeasible;infeasible;infeasible,0;0;0;0;0;0;0;0;0;0;0;0,infeasible;infeasible;infeasible;infeasible;infeasible;infeasible;infeasible;infeasible;infeasible;infeasible;infeasible;infeasible,infeasible;infeasible;infeasible;infeasible;infeasible;infeasible;infeasible;infeasible;infeasible;infeasible;infeasible;infeasible,0;1;2;3;4;5;6;7;8;9;10;11,STRUCTURAL_ZERO;STRUCTURAL_ZERO;STRUCTURAL_ZERO;STRUCTURAL_ZERO;STRUCTURAL_ZERO;STRUCTURAL_ZERO;STRUCTURAL_ZERO;STRUCTURAL_ZERO;STRUCTURAL_ZERO;STRUCTURAL_ZERO;STRUCTURAL_ZERO;STRUCTURAL_ZERO,12,0,0,,OK
red2_6800:210,,infeasible;infeasible;infeasible;infeasible;infeasible;infeasible;infeasible;infeasible;infeasible;infeasible;infeasible;infeasible,0;0;0;0;0;0;0;0;0;0;0;0,infeasible;infeasible;infeasible;infeasible;infeasible;infeasible;infeasible;infeasible;infeasible;infeasible;infeasible;infeasible,infeasible;infeasible;infeasible;infeasible;infeasible;infeasible;infeasible;infeasible;infeasible;infeasible;infeasible;infeasible,0;1;2;3;4;5;6;7;8;9;10;11,STRUCTURAL_ZERO;STRUCTURAL_ZERO;STRUCTURAL_ZERO;STRUCTURAL_ZERO;STRUCTURAL_ZERO;STRUCTURAL_ZERO;STRUCTURAL_ZERO;STRUCTURAL_ZERO;STRUCTURAL_ZERO;STRUCTURAL_ZERO;STRUCTURAL_ZERO;STRUCTURAL_ZERO,12,0,0,,OK
red2_6800:211,,infeasible;infeasible;infeasible;infeasible;infeasible;infeasible;infeasible;infeasible;infeasible;infeasible;infeasible;infeasible,0;0;0;0;0;0;0;0;0;0;0;0,infeasible;infeasible;infeasible;infeasible;infeasible;infeasible;infeasible;infeasible;infeasible;infeasible;infeasible;infeasible,infeasible;infeasible;infeasible;infeasible;infeasible;infeasible;infeasible;infeasible;infeasible;infeasible;infeasible;infeasible,0;1;2;3;4;5;6;7;8;9;10;11,STRUCTURAL_ZERO;STRUCTURAL_ZERO;STRUCTURAL_ZERO;STRUCTURAL_ZERO;STRUCTURAL_ZERO;STRUCTURAL_ZERO;STRUCTURAL_ZERO;STRUCTURAL_ZERO;STRUCTURAL_ZERO;STRUCTURAL_ZERO;STRUCTURAL_ZERO;STRUCTURAL_ZERO,12,0,0,,OK
red2_6800:212,,infeasible;infeasible;infeasible;infeasible;infeasible;infeasible;infeasible;infeasible;infeasible;infeasible;infeasible;infeasible,0;0;0;0;0;0;0;0;0;0;0;0,infeasible;infeasible;infeasible;infeasible;infeasible;infeasible;infeasible;infeasible;infeasible;infeasible;infeasible;infeasible,infeasible;infeasible;infeasible;infeasible;infeasible;infeasible;infeasible;infeasible;infeasible;infeasible;infeasible;infeasible,0;1;2;3;4;5;6;7;8;9;10;11,STRUCTURAL_ZERO;STRUCTURAL_ZERO;STRUCTURAL_ZERO;STRUCTURAL_ZERO;STRUCTURAL_ZERO;STRUCTURAL_ZERO;STRUCTURAL_ZERO;STRUCTURAL_ZERO;STRUCTURAL_ZERO;STRUCTURAL_ZERO;STRUCTURAL_ZERO;STRUCTURAL_ZERO,12,0,0,,OK
red2_6800:213,,infeasible;infeasible;infeasible;infeasible;infeasible;infeasible;infeasible;infeasible;infeasible;infeasible;infeasible;infeasible,0;0;0;0;0;0;0;0;0;0;0;0,infeasible;infeasible;infeasible;infeasible;infeasible;infeasible;infeasible;infeasible;infeasible;infeasible;infeasible;infeasible,infeasible;infeasible;infeasible;infeasible;infeasible;infeasible;infeasible;infeasible;infeasible;infeasible;infeasible;infeasible,0;1;2;3;4;5;6;7;8;9;10;11,STRUCTURAL_ZERO;STRUCTURAL_ZERO;STRUCTURAL_ZERO;STRUCTURAL_ZERO;STRUCTURAL_ZERO;STRUCTURAL_ZERO;STRUCTURAL_ZERO;STRUCTURAL_ZERO;STRUCTURAL_ZERO;STRUCTURAL_ZERO;STRUCTURAL_ZERO;STRUCTURAL_ZERO,12,0,0,,OK
red2_6800:214,,infeasible;infeasible;infeasible;infeasible;infeasible;infeasible;infeasible;infeasible;infeasible;infeasible;infeasible;infeasible,0;0;0;0;0;0;0;0;0;0;0;0,infeasible;infeasible;infeasible;infeasible;infeasible;infeasible;infeasible;infeasible;infeasible;infeasible;infeasible;infeasible,infeasible;infeasible;infeasible;infeasible;infeasible;infeasible;infeasible;infeasible;infeasible;infeasible;infeasible;infeasible,0;1;2;3;4;5;6;7;8;9;10;11,STRUCTURAL_ZERO;STRUCTURAL_ZERO;STRUCTURAL_ZERO;STRUCTURAL_ZERO;STRUCTURAL_ZERO;STRUCTURAL_ZERO;STRUCTURAL_ZERO;STRUCTURAL_ZERO;STRUCTURAL_ZERO;STRUCTURAL_ZERO;STRUCTURAL_ZERO;STRUCTURAL_ZERO,12,0,0,,OK
red2_6800:215,,infeasible;infeasible;infeasible;infeasible;infeasible;infeasible;infeasible;infeasible;infeasible;infeasible;infeasible;infeasible,0;0;0;0;0;0;0;0;0;0;0;0,infeasible;infeasible;infeasible;infeasible;infeasible;infeasible;infeasible;infeasible;infeasible;infeasible;infeasible;infeasible,infeasible;infeasible;infeasible;infeasible;infeasible;infeasible;infeasible;infeasible;infeasible;infeasible;infeasible;infeasible,0;1;2;3;4;5;6;7;8;9;10;11,STRUCTURAL_ZERO;STRUCTURAL_ZERO;STRUCTURAL_ZERO;STRUCTURAL_ZERO;STRUCTURAL_ZERO;STRUCTURAL_ZERO;STRUCTURAL_ZERO;STRUCTURAL_ZERO;STRUCTURAL_ZERO;STRUCTURAL_ZERO;STRUCTURAL_ZERO;STRUCTURAL_ZERO,12,0,0,,OK
red2_6800:216,,infeasible;infeasible;infeasible;infeasible;infeasible;infeasible;infeasible;infeasible;infeasible;infeasible;infeasible;infeasible,0;0;0;0;0;0;0;0;0;0;0;0,infeasible;infeasible;infeasible;infeasible;infeasible;infeasible;infeasible;infeasible;infeasible;infeasible;infeasible;infeasible,infeasible;infeasible;infeasible;infeasible;infeasible;infeasible;infeasible;infeasible;infeasible;infeasible;infeasible;infeasible,0;1;2;3;4;5;6;7;8;9;10;11,STRUCTURAL_ZERO;STRUCTURAL_ZERO;STRUCTURAL_ZERO;STRUCTURAL_ZERO;STRUCTURAL_ZERO;STRUCTURAL_ZERO;STRUCTURAL_ZERO;STRUCTURAL_ZERO;STRUCTURAL_ZERO;STRUCTURAL_ZERO;STRUCTURAL_ZERO;STRUCTURAL_ZERO,12,0,0,,OK
red2_6800:217,,infeasible;infeasible;infeasible;infeasible;infeasible;infeasible;infeasible;infeasible;infeasible;infeasible;infeasible;infeasible,0;0;0;0;0;0;0;0;0;0;0;0,infeasible;infeasible;infeasible;infeasible;infeasible;infeasible;infeasible;infeasible;infeasible;infeasible;infeasible;infeasible,infeasible;infeasible;infeasible;infeasible;infeasible;infeasible;infeasible;infeasible;infeasible;infeasible;infeasible;infeasible,0;1;2;3;4;5;6;7;8;9;10;11,STRUCTURAL_ZERO;STRUCTURAL_ZERO;STRUCTURAL_ZERO;STRUCTURAL_ZERO;STRUCTURAL_ZERO;STRUCTURAL_ZERO;STRUCTURAL_ZERO;STRUCTURAL_ZERO;STRUCTURAL_ZERO;STRUCTURAL_ZERO;STRUCTURAL_ZERO;STRUCTURAL_ZERO,12,0,0,,OK
red2_6800:218,,infeasible;infeasible;infeasible;infeasible;infeasible;infeasible;infeasible;infeasible;infeasible;infeasible;infeasible;infeasible,0;0;0;0;0;0;0;0;0;0;0;0,infeasible;infeasible;infeasible;infeasible;infeasible;infeasible;infeasible;infeasible;infeasible;infeasible;infeasible;infeasible,infeasible;infeasible;infeasible;infeasible;infeasible;infeasible;infeasible;infeasible;infeasible;infeasible;infeasible;infeasible,0;1;2;3;4;5;6;7;8;9;10;11,STRUCTURAL_ZERO;STRUCTURAL_ZERO;STRUCTURAL_ZERO;STRUCTURAL_ZERO;STRUCTURAL_ZERO;STRUCTURAL_ZERO;STRUCTURAL_ZERO;STRUCTURAL_ZERO;STRUCTURAL_ZERO;STRUCTURAL_ZERO;STRUCTURAL_ZERO;STRUCTURAL_ZERO,12,0,0,,OK
red2_6800:219,,infeasible;infeasible;infeasible;infeasible;infeasible;infeasible;infeasible;infeasible;infeasible;infeasible;infeasible;infeasible,0;0;0;0;0;0;0;0;0;0;0;0,infeasible;infeasible;infeasible;infeasible;infeasible;infeasible;infeasible;infeasible;infeasible;infeasible;infeasible;infeasible,infeasible;infeasible;infeasible;infeasible;infeasible;infeasible;infeasible;infeasible;infeasible;infeasible;infeasible;infeasible,0;1;2;3;4;5;6;7;8;9;10;11,STRUCTURAL_ZERO;STRUCTURAL_ZERO;STRUCTURAL_ZERO;STRUCTURAL_ZERO;STRUCTURAL_ZERO;STRUCTURAL_ZERO;STRUCTURAL_ZERO;STRUCTURAL_ZERO;STRUCTURAL_ZERO;STRUCTURAL_ZERO;STRUCTURAL_ZERO;STRUCTURAL_ZERO,12,0,0,,OK
red2_6800:220,,infeasible;infeasible;infeasible;infeasible;infeasible;infeasible;infeasible;infeasible;infeasible;infeasible;infeasible;infeasible,0;0;0;0;0;0;0;0;0;0;0;0,infeasible;infeasible;infeasible;infeasible;infeasible;infeasible;infeasible;infeasible;infeasible;infeasible;infeasible;infeasible,infeasible;infeasible;infeasible;infeasible;infeasible;infeasible;infeasible;infeasible;infeasible;infeasible;infeasible;infeasible,0;1;2;3;4;5;6;7;8;9;10;11,STRUCTURAL_ZERO;STRUCTURAL_ZERO;STRUCTURAL_ZERO;STRUCTURAL_ZERO;STRUCTURAL_ZERO;STRUCTURAL_ZERO;STRUCTURAL_ZERO;STRUCTURAL_ZERO;STRUCTURAL_ZERO;STRUCTURAL_ZERO;STRUCTURAL_ZERO;STRUCTURAL_ZERO,12,0,0,,OK
red2_6800:221,,infeasible;infeasible;infeasible;infeasible;infeasible;infeasible;infeasible;infeasible;infeasible;infeasible;infeasible;infeasible,0;0;0;0;0;0;0;0;0;0;0;0,infeasible;infeasible;infeasible;infeasible;infeasible;infeasible;infeasible;infeasible;infeasible;infeasible;infeasible;infeasible,infeasible;infeasible;infeasible;infeasible;infeasible;infeasible;infeasible;infeasible;infeasible;infeasible;infeasible;infeasible,0;1;2;3;4;5;6;7;8;9;10;11,STRUCTURAL_ZERO;STRUCTURAL_ZERO;STRUCTURAL_ZERO;STRUCTURAL_ZERO;STRUCTURAL_ZERO;STRUCTURAL_ZERO;STRUCTURAL_ZERO;STRUCTURAL_ZERO;STRUCTURAL_ZERO;STRUCTURAL_ZERO;STRUCTURAL_ZERO;STRUCTURAL_ZERO,12,0,0,,OK
red2_6800:222,,infeasible;infeasible;infeasible;infeasible;infeasible;infeasible;infeasible;infeasible;infeasible;infeasible;infeasible;infeasible,0;0;0;0;0;0;0;0;0;0;0;0,infeasible;infeasible;infeasible;infeasible;infeasible;infeasible;infeasible;infeasible;infeasible;infeasible;infeasible;infeasible,infeasible;infeasible;infeasible;infeasible;infeasible;infeasible;infeasible;infeasible;infeasible;infeasible;infeasible;infeasible,0;1;2;3;4;5;6;7;8;9;10;11,STRUCTURAL_ZERO;STRUCTURAL_ZERO;STRUCTURAL_ZERO;STRUCTURAL_ZERO;STRUCTURAL_ZERO;STRUCTURAL_ZERO;STRUCTURAL_ZERO;STRUCTURAL_ZERO;STRUCTURAL_ZERO;STRUCTURAL_ZERO;STRUCTURAL_ZERO;STRUCTURAL_ZERO,12,0,0,,OK
red2_6800:223,,infeasible;infeasible;infeasible;infeasible;infeasible;infeasible;infeasible;infeasible;infeasible;infeasible;infeasible;infeasible,0;0;0;0;0;0;0;0;0;0;0;0,infeasible;infeasible;infeasible;infeasible;infeasible;infeasible;infeasible;infeasible;infeasible;infeasible;infeasible;infeasible,infeasible;infeasible;infeasible;infeasible;infeasible;infeasible;infeasible;infeasible;infeasible;infeasible;infeasible;infeasible,0;1;2;3;4;5;6;7;8;9;10;11,STRUCTURAL_ZERO;STRUCTURAL_ZERO;STRUCTURAL_ZERO;STRUCTURAL_ZERO;STRUCTURAL_ZERO;STRUCTURAL_ZERO;STRUCTURAL_ZERO;STRUCTURAL_ZERO;STRUCTURAL_ZERO;STRUCTURAL_ZERO;STRUCTURAL_ZERO;STRUCTURAL_ZERO,12,0,0,,OK
red2_6800:224,,infeasible;infeasible;infeasible;infeasible;infeasible;infeasible;infeasible;infeasible;infeasible;infeasible;infeasible;infeasible,0;0;0;0;0;0;0;0;0;0;0;0,infeasible;infeasible;infeasible;infeasible;infeasible;infeasible;infeasible;infeasible;infeasible;infeasible;infeasible;infeasible,infeasible;infeasible;infeasible;infeasible;infeasible;infeasible;infeasible;infeasible;infeasible;infeasible;infeasible;infeasible,0;1;2;3;4;5;6;7;8;9;10;11,STRUCTURAL_ZERO;STRUCTURAL_ZERO;STRUCTURAL_ZERO;STRUCTURAL_ZERO;STRUCTURAL_ZERO;STRUCTURAL_ZERO;STRUCTURAL_ZERO;STRUCTURAL_ZERO;STRUCTURAL_ZERO;STRUCTURAL_ZERO;STRUCTURAL_ZERO;STRUCTURAL_ZERO,12,0,0,,OK
red2_6800:225,,infeasible;infeasible;infeasible;infeasible;infeasible;infeasible;infeasible;infeasible;infeasible;infeasible;infeasible;infeasible,0;0;0;0;0;0;0;0;0;0;0;0,infeasible;infeasible;infeasible;infeasible;infeasible;infeasible;infeasible;infeasible;infeasible;infeasible;infeasible;infeasible,infeasible;infeasible;infeasible;infeasible;infeasible;infeasible;infeasible;infeasible;infeasible;infeasible;infeasible;infeasible,0;1;2;3;4;5;6;7;8;9;10;11,STRUCTURAL_ZERO;STRUCTURAL_ZERO;STRUCTURAL_ZERO;STRUCTURAL_ZERO;STRUCTURAL_ZERO;STRUCTURAL_ZERO;STRUCTURAL_ZERO;STRUCTURAL_ZERO;STRUCTURAL_ZERO;STRUCTURAL_ZERO;STRUCTURAL_ZERO;STRUCTURAL_ZERO,12,0,0,,OK
red2_6800:226,,infeasible;infeasible;infeasible;infeasible;infeasible;infeasible;infeasible;infeasible;infeasible;infeasible;infeasible;infeasible,0;0;0;0;0;0;0;0;0;0;0;0,infeasible;infeasible;infeasible;infeasible;infeasible;infeasible;infeasible;infeasible;infeasible;infeasible;infeasible;infeasible,infeasible;infeasible;infeasible;infeasible;infeasible;infeasible;infeasible;infeasible;infeasible;infeasible;infeasible;infeasible,0;1;2;3;4;5;6;7;8;9;10;11,STRUCTURAL_ZERO;STRUCTURAL_ZERO;STRUCTURAL_ZERO;STRUCTURAL_ZERO;STRUCTURAL_ZERO;STRUCTURAL_ZERO;STRUCTURAL_ZERO;STRUCTURAL_ZERO;STRUCTURAL_ZERO;STRUCTURAL_ZERO;STRUCTURAL_ZERO;STRUCTURAL_ZERO,12,0,0,,OK
red2_6800:227,,infeasible;infeasible;infeasible;infeasible;infeasible;infeasible;infeasible;infeasible;infeasible;infeasible;infeasible;infeasible,0;0;0;0;0;0;0;0;0;0;0;0,infeasible;infeasible;infeasible;infeasible;infeasible;infeasible;infeasible;infeasible;infeasible;infeasible;infeasible;infeasible,infeasible;infeasible;infeasible;infeasible;infeasible;infeasible;infeasible;infeasible;infeasible;infeasible;infeasible;infeasible,0;1;2;3;4;5;6;7;8;9;10;11,STRUCTURAL_ZERO;STRUCTURAL_ZERO;STRUCTURAL_ZERO;STRUCTURAL_ZERO;STRUCTURAL_ZERO;STRUCTURAL_ZERO;STRUCTURAL_ZERO;STRUCTURAL_ZERO;STRUCTURAL_ZERO;STRUCTURAL_ZERO;STRUCTURAL_ZERO;STRUCTURAL_ZERO,12,0,0,,OK
red2_6800:228,,infeasible;infeasible;infeasible;infeasible;infeasible;infeasible;infeasible;infeasible;infeasible;infeasible;infeasible;infeasible,0;0;0;0;0;0;0;0;0;0;0;0,infeasible;infeasible;infeasible;infeasible;infeasible;infeasible;infeasible;infeasible;infeasible;infeasible;infeasible;infeasible,infeasible;infeasible;infeasible;infeasible;infeasible;infeasible;infeasible;infeasible;infeasible;infeasible;infeasible;infeasible,0;1;2;3;4;5;6;7;8;9;10;11,STRUCTURAL_ZERO;STRUCTURAL_ZERO;STRUCTURAL_ZERO;STRUCTURAL_ZERO;STRUCTURAL_ZERO;STRUCTURAL_ZERO;STRUCTURAL_ZERO;STRUCTURAL_ZERO;STRUCTURAL_ZERO;STRUCTURAL_ZERO;STRUCTURAL_ZERO;STRUCTURAL_ZERO,12,0,0,,OK
red2_6800:229,,infeasible;infeasible;infeasible;infeasible;infeasible;infeasible;infeasible;infeasible;infeasible;infeasible;infeasible;infeasible,0;0;0;0;0;0;0;0;0;0;0;0,infeasible;infeasible;infeasible;infeasible;infeasible;infeasible;infeasible;infeasible;infeasible;infeasible;infeasible;infeasible,infeasible;infeasible;infeasible;infeasible;infeasible;infeasible;infeasible;infeasible;infeasible;infeasible;infeasible;infeasible,0;1;2;3;4;5;6;7;8;9;10;11,STRUCTURAL_ZERO;STRUCTURAL_ZERO;STRUCTURAL_ZERO;STRUCTURAL_ZERO;STRUCTURAL_ZERO;STRUCTURAL_ZERO;STRUCTURAL_ZERO;STRUCTURAL_ZERO;STRUCTURAL_ZERO;STRUCTURAL_ZERO;STRUCTURAL_ZERO;STRUCTURAL_ZERO,12,0,0,,OK
red2_6800:230,,infeasible;infeasible;infeasible;infeasible;infeasible;infeasible;infeasible;infeasible;infeasible;infeasible;infeasible;infeasible,0;0;0;0;0;0;0;0;0;0;0;0,infeasible;infeasible;infeasible;infeasible;infeasible;infeasible;infeasible;infeasible;infeasible;infeasible;infeasible;infeasible,infeasible;infeasible;infeasible;infeasible;infeasible;infeasible;infeasible;infeasible;infeasible;infeasible;infeasible;infeasible,0;1;2;3;4;5;6;7;8;9;10;11,STRUCTURAL_ZERO;STRUCTURAL_ZERO;STRUCTURAL_ZERO;STRUCTURAL_ZERO;STRUCTURAL_ZERO;STRUCTURAL_ZERO;STRUCTURAL_ZERO;STRUCTURAL_ZERO;STRUCTURAL_ZERO;STRUCTURAL_ZERO;STRUCTURAL_ZERO;STRUCTURAL_ZERO,12,0,0,,OK
red2_6800:231,,infeasible;infeasible;infeasible;infeasible;infeasible;infeasible;infeasible;infeasible;infeasible;infeasible;infeasible;infeasible,0;0;0;0;0;0;0;0;0;0;0;0,infeasible;infeasible;infeasible;infeasible;infeasible;infeasible;infeasible;infeasible;infeasible;infeasible;infeasible;infeasible,infeasible;infeasible;infeasible;infeasible;infeasible;infeasible;infeasible;infeasible;infeasible;infeasible;infeasible;infeasible,0;1;2;3;4;5;6;7;8;9;10;11,STRUCTURAL_ZERO;STRUCTURAL_ZERO;STRUCTURAL_ZERO;STRUCTURAL_ZERO;STRUCTURAL_ZERO;STRUCTURAL_ZERO;STRUCTURAL_ZERO;STRUCTURAL_ZERO;STRUCTURAL_ZERO;STRUCTURAL_ZERO;STRUCTURAL_ZERO;STRUCTURAL_ZERO,12,0,0,,OK
red2_6800:232,,infeasible;infeasible;infeasible;infeasible;infeasible;infeasible;infeasible;infeasible;infeasible;infeasible;infeasible;infeasible,0;0;0;0;0;0;0;0;0;0;0;0,infeasible;infeasible;infeasible;infeasible;infeasible;infeasible;infeasible;infeasible;infeasible;infeasible;infeasible;infeasible,infeasible;infeasible;infeasible;infeasible;infeasible;infeasible;infeasible;infeasible;infeasible;infeasible;infeasible;infeasible,0;1;2;3;4;5;6;7;8;9;10;11,STRUCTURAL_ZERO;STRUCTURAL_ZERO;STRUCTURAL_ZERO;STRUCTURAL_ZERO;STRUCTURAL_ZERO;STRUCTURAL_ZERO;STRUCTURAL_ZERO;STRUCTURAL_ZERO;STRUCTURAL_ZERO;STRUCTURAL_ZERO;STRUCTURAL_ZERO;STRUCTURAL_ZERO,12,0,0,,OK
red2_6800:233,,infeasible;infeasible;infeasible;infeasible;infeasible;infeasible;infeasible;infeasible;infeasible;infeasible;infeasible;infeasible,0;0;0;0;0;0;0;0;0;0;0;0,infeasible;infeasible;infeasible;infeasible;infeasible;infeasible;infeasible;infeasible;infeasible;infeasible;infeasible;infeasible,infeasible;infeasible;infeasible;infeasible;infeasible;infeasible;infeasible;infeasible;infeasible;infeasible;infeasible;infeasible,0;1;2;3;4;5;6;7;8;9;10;11,STRUCTURAL_ZERO;STRUCTURAL_ZERO;STRUCTURAL_ZERO;STRUCTURAL_ZERO;STRUCTURAL_ZERO;STRUCTURAL_ZERO;STRUCTURAL_ZERO;STRUCTURAL_ZERO;STRUCTURAL_ZERO;STRUCTURAL_ZERO;STRUCTURAL_ZERO;STRUCTURAL_ZERO,12,0,0,,OK
red2_6800:234,,infeasible;infeasible;infeasible;infeasible;infeasible;infeasible;infeasible;infeasible;infeasible;infeasible;infeasible;infeasible,0;0;0;0;0;0;0;0;0;0;0;0,infeasible;infeasible;infeasible;infeasible;infeasible;infeasible;infeasible;infeasible;infeasible;infeasible;infeasible;infeasible,infeasible;infeasible;infeasible;infeasible;infeasible;infeasible;infeasible;infeasible;infeasible;infeasible;infeasible;infeasible,0;1;2;3;4;5;6;7;8;9;10;11,STRUCTURAL_ZERO;STRUCTURAL_ZERO;STRUCTURAL_ZERO;STRUCTURAL_ZERO;STRUCTURAL_ZERO;STRUCTURAL_ZERO;STRUCTURAL_ZERO;STRUCTURAL_ZERO;STRUCTURAL_ZERO;STRUCTURAL_ZERO;STRUCTURAL_ZERO;STRUCTURAL_ZERO,12,0,0,,OK
red2_6800:235,,infeasible;infeasible;infeasible;infeasible;infeasible;infeasible;infeasible;infeasible;infeasible;infeasible;infeasible;infeasible,0;0;0;0;0;0;0;0;0;0;0;0,infeasible;infeasible;infeasible;infeasible;infeasible;infeasible;infeasible;infeasible;infeasible;infeasible;infeasible;infeasible,infeasible;infeasible;infeasible;infeasible;infeasible;infeasible;infeasible;infeasible;infeasible;infeasible;infeasible;infeasible,0;1;2;3;4;5;6;7;8;9;10;11,STRUCTURAL_ZERO;STRUCTURAL_ZERO;STRUCTURAL_ZERO;STRUCTURAL_ZERO;STRUCTURAL_ZERO;STRUCTURAL_ZERO;STRUCTURAL_ZERO;STRUCTURAL_ZERO;STRUCTURAL_ZERO;STRUCTURAL_ZERO;STRUCTURAL_ZERO;STRUCTURAL_ZERO,12,0,0,,OK
red2_6800:236,,infeasible;infeasible;infeasible;infeasible;infeasible;infeasible;infeasible;infeasible;infeasible;infeasible;infeasible;infeasible,0;0;0;0;0;0;0;0;0;0;0;0,infeasible;infeasible;infeasible;infeasible;infeasible;infeasible;infeasible;infeasible;infeasible;infeasible;infeasible;infeasible,infeasible;infeasible;infeasible;infeasible;infeasible;infeasible;infeasible;infeasible;infeasible;infeasible;infeasible;infeasible,0;1;2;3;4;5;6;7;8;9;10;11,STRUCTURAL_ZERO;STRUCTURAL_ZERO;STRUCTURAL_ZERO;STRUCTURAL_ZERO;STRUCTURAL_ZERO;STRUCTURAL_ZERO;STRUCTURAL_ZERO;STRUCTURAL_ZERO;STRUCTURAL_ZERO;STRUCTURAL_ZERO;STRUCTURAL_ZERO;STRUCTURAL_ZERO,12,0,0,,OK
red2_6800:237,,infeasible;infeasible;infeasible;infeasible;infeasible;infeasible;infeasible;infeasible;infeasible;infeasible;infeasible;infeasible,0;0;0;0;0;0;0;0;0;0;0;0,infeasible;infeasible;infeasible;infeasible;infeasible;infeasible;infeasible;infeasible;infeasible;infeasible;infeasible;infeasible,infeasible;infeasible;infeasible;infeasible;infeasible;infeasible;infeasible;infeasible;infeasible;infeasible;infeasible;infeasible,0;1;2;3;4;5;6;7;8;9;10;11,STRUCTURAL_ZERO;STRUCTURAL_ZERO;STRUCTURAL_ZERO;STRUCTURAL_ZERO;STRUCTURAL_ZERO;STRUCTURAL_ZERO;STRUCTURAL_ZERO;STRUCTURAL_ZERO;STRUCTURAL_ZERO;STRUCTURAL_ZERO;STRUCTURAL_ZERO;STRUCTURAL_ZERO,12,0,0,,OK
red2_6800:238,,infeasible;infeasible;infeasible;infeasible;infeasible;infeasible;infeasible;infeasible;infeasible;infeasible;infeasible;infeasible,0;0;0;0;0;0;0;0;0;0;0;0,infeasible;infeasible;infeasible;infeasible;infeasible;infeasible;infeasible;infeasible;infeasible;infeasible;infeasible;infeasible,infeasible;infeasible;infeasible;infeasible;infeasible;infeasible;infeasible;infeasible;infeasible;infeasible;infeasible;infeasible,0;1;2;3;4;5;6;7;8;9;10;11,STRUCTURAL_ZERO;STRUCTURAL_ZERO;STRUCTURAL_ZERO;STRUCTURAL_ZERO;STRUCTURAL_ZERO;STRUCTURAL_ZERO;STRUCTURAL_ZERO;STRUCTURAL_ZERO;STRUCTURAL_ZERO;STRUCTURAL_ZERO;STRUCTURAL_ZERO;STRUCTURAL_ZERO,12,0,0,,OK
red2_6800:239,,infeasible;infeasible;infeasible;infeasible;infeasible;infeasible;infeasible;infeasible;infeasible;infeasible;infeasible;infeasible,0;0;0;0;0;0;0;0;0;0;0;0,infeasible;infeasible;infeasible;infeasible;infeasible;infeasible;infeasible;infeasible;infeasible;infeasible;infeasible;infeasible,infeasible;infeasible;infeasible;infeasible;infeasible;infeasible;infeasible;infeasible;infeasible;infeasible;infeasible;infeasible,0;1;2;3;4;5;6;7;8;9;10;11,STRUCTURAL_ZERO;STRUCTURAL_ZERO;STRUCTURAL_ZERO;STRUCTURAL_ZERO;STRUCTURAL_ZERO;STRUCTURAL_ZERO;STRUCTURAL_ZERO;STRUCTURAL_ZERO;STRUCTURAL_ZERO;STRUCTURAL_ZERO;STRUCTURAL_ZERO;STRUCTURAL_ZERO,12,0,0,,OK
red2_6800:240,,infeasible;infeasible;infeasible;infeasible;infeasible;infeasible;infeasible;infeasible;infeasible;infeasible;infeasible;infeasible,0;0;0;0;0;0;0;0;0;0;0;0,infeasible;infeasible;infeasible;infeasible;infeasible;infeasible;infeasible;infeasible;infeasible;infeasible;infeasible;infeasible,infeasible;infeasible;infeasible;infeasible;infeasible;infeasible;infeasible;infeasible;infeasible;infeasible;infeasible;infeasible,0;1;2;3;4;5;6;7;8;9;10;11,STRUCTURAL_ZERO;STRUCTURAL_ZERO;STRUCTURAL_ZERO;STRUCTURAL_ZERO;STRUCTURAL_ZERO;STRUCTURAL_ZERO;STRUCTURAL_ZERO;STRUCTURAL_ZERO;STRUCTURAL_ZERO;STRUCTURAL_ZERO;STRUCTURAL_ZERO;STRUCTURAL_ZERO,12,0,0,,OK
red2_6800:241,,infeasible;infeasible;infeasible;infeasible;infeasible;infeasible;infeasible;infeasible;infeasible;infeasible;infeasible;infeasible,0;0;0;0;0;0;0;0;0;0;0;0,infeasible;infeasible;infeasible;infeasible;infeasible;infeasible;infeasible;infeasible;infeasible;infeasible;infeasible;infeasible,infeasible;infeasible;infeasible;infeasible;infeasible;infeasible;infeasible;infeasible;infeasible;infeasible;infeasible;infeasible,0;1;2;3;4;5;6;7;8;9;10;11,STRUCTURAL_ZERO;STRUCTURAL_ZERO;STRUCTURAL_ZERO;STRUCTURAL_ZERO;STRUCTURAL_ZERO;STRUCTURAL_ZERO;STRUCTURAL_ZERO;STRUCTURAL_ZERO;STRUCTURAL_ZERO;STRUCTURAL_ZERO;STRUCTURAL_ZERO;STRUCTURAL_ZERO,12,0,0,,OK
red2_6800:242,,infeasible;infeasible;infeasible;infeasible;infeasible;infeasible;infeasible;infeasible;infeasible;infeasible;infeasible;infeasible,0;0;0;0;0;0;0;0;0;0;0;0,infeasible;infeasible;infeasible;infeasible;infeasible;infeasible;infeasible;infeasible;infeasible;infeasible;infeasible;infeasible,infeasible;infeasible;infeasible;infeasible;infeasible;infeasible;infeasible;infeasible;infeasible;infeasible;infeasible;infeasible,0;1;2;3;4;5;6;7;8;9;10;11,STRUCTURAL_ZERO;STRUCTURAL_ZERO;STRUCTURAL_ZERO;STRUCTURAL_ZERO;STRUCTURAL_ZERO;STRUCTURAL_ZERO;STRUCTURAL_ZERO;STRUCTURAL_ZERO;STRUCTURAL_ZERO;STRUCTURAL_ZERO;STRUCTURAL_ZERO;STRUCTURAL_ZERO,12,0,0,,OK
red2_6800:243,,infeasible;infeasible;infeasible;infeasible;infeasible;infeasible;infeasible;infeasible;infeasible;infeasible;infeasible;infeasible,0;0;0;0;0;0;0;0;0;0;0;0,infeasible;infeasible;infeasible;infeasible;infeasible;infeasible;infeasible;infeasible;infeasible;infeasible;infeasible;infeasible,infeasible;infeasible;infeasible;infeasible;infeasible;infeasible;infeasible;infeasible;infeasible;infeasible;infeasible;infeasible,0;1;2;3;4;5;6;7;8;9;10;11,STRUCTURAL_ZERO;STRUCTURAL_ZERO;STRUCTURAL_ZERO;STRUCTURAL_ZERO;STRUCTURAL_ZERO;STRUCTURAL_ZERO;STRUCTURAL_ZERO;STRUCTURAL_ZERO;STRUCTURAL_ZERO;STRUCTURAL_ZERO;STRUCTURAL_ZERO;STRUCTURAL_ZERO,12,0,0,,OK
red2_6800:244,,infeasible;infeasible;infeasible;infeasible;infeasible;infeasible;infeasible;infeasible;infeasible;infeasible;infeasible;infeasible,0;0;0;0;0;0;0;0;0;0;0;0,infeasible;infeasible;infeasible;infeasible;infeasible;infeasible;infeasible;infeasible;infeasible;infeasible;infeasible;infeasible,infeasible;infeasible;infeasible;infeasible;infeasible;infeasible;infeasible;infeasible;infeasible;infeasible;infeasible;infeasible,0;1;2;3;4;5;6;7;8;9;10;11,STRUCTURAL_ZERO;STRUCTURAL_ZERO;STRUCTURAL_ZERO;STRUCTURAL_ZERO;STRUCTURAL_ZERO;STRUCTURAL_ZERO;STRUCTURAL_ZERO;STRUCTURAL_ZERO;STRUCTURAL_ZERO;STRUCTURAL_ZERO;STRUCTURAL_ZERO;STRUCTURAL_ZERO,12,0,0,,OK
red2_6800:245,,infeasible;infeasible;infeasible;infeasible;infeasible;infeasible;infeasible;infeasible;infeasible;infeasible;infeasible;infeasible,0;0;0;0;0;0;0;0;0;0;0;0,infeasible;infeasible;infeasible;infeasible;infeasible;infeasible;infeasible;infeasible;infeasible;infeasible;infeasible;infeasible,infeasible;infeasible;infeasible;infeasible;infeasible;infeasible;infeasible;infeasible;infeasible;infeasible;infeasible;infeasible,0;1;2;3;4;5;6;7;8;9;10;11,STRUCTURAL_ZERO;STRUCTURAL_ZERO;STRUCTURAL_ZERO;STRUCTURAL_ZERO;STRUCTURAL_ZERO;STRUCTURAL_ZERO;STRUCTURAL_ZERO;STRUCTURAL_ZERO;STRUCTURAL_ZERO;STRUCTURAL_ZERO;STRUCTURAL_ZERO;STRUCTURAL_ZERO,12,0,0,,OK
red2_6800:246,,infeasible;infeasible;infeasible;infeasible;infeasible;infeasible;infeasible;infeasible;infeasible;infeasible;infeasible;infeasible,0;0;0;0;0;0;0;0;0;0;0;0,infeasible;infeasible;infeasible;infeasible;infeasible;infeasible;infeasible;infeasible;infeasible;infeasible;infeasible;infeasible,infeasible;infeasible;infeasible;infeasible;infeasible;infeasible;infeasible;infeasible;infeasible;infeasible;infeasible;infeasible,0;1;2;3;4;5;6;7;8;9;10;11,STRUCTURAL_ZERO;STRUCTURAL_ZERO;STRUCTURAL_ZERO;STRUCTURAL_ZERO;STRUCTURAL_ZERO;STRUCTURAL_ZERO;STRUCTURAL_ZERO;STRUCTURAL_ZERO;STRUCTURAL_ZERO;STRUCTURAL_ZERO;STRUCTURAL_ZERO;STRUCTURAL_ZERO,12,0,0,,OK
red2_6800:247,,infeasible;infeasible;infeasible;infeasible;infeasible;infeasible;infeasible;infeasible;infeasible;infeasible;infeasible;infeasible,0;0;0;0;0;0;0;0;0;0;0;0,infeasible;infeasible;infeasible;infeasible;infeasible;infeasible;infeasible;infeasible;infeasible;infeasible;infeasible;infeasible,infeasible;infeasible;infeasible;infeasible;infeasible;infeasible;infeasible;infeasible;infeasible;infeasible;infeasible;infeasible,0;1;2;3;4;5;6;7;8;9;10;11,STRUCTURAL_ZERO;STRUCTURAL_ZERO;STRUCTURAL_ZERO;STRUCTURAL_ZERO;STRUCTURAL_ZERO;STRUCTURAL_ZERO;STRUCTURAL_ZERO;STRUCTURAL_ZERO;STRUCTURAL_ZERO;STRUCTURAL_ZERO;STRUCTURAL_ZERO;STRUCTURAL_ZERO,12,0,0,,OK
red2_6800:248,,infeasible;infeasible;infeasible;infeasible;infeasible;infeasible;infeasible;infeasible;infeasible;infeasible;infeasible;infeasible,0;0;0;0;0;0;0;0;0;0;0;0,infeasible;infeasible;infeasible;infeasible;infeasible;infeasible;infeasible;infeasible;infeasible;infeasible;infeasible;infeasible,infeasible;infeasible;infeasible;infeasible;infeasible;infeasible;infeasible;infeasible;infeasible;infeasible;infeasible;infeasible,0;1;2;3;4;5;6;7;8;9;10;11,STRUCTURAL_ZERO;STRUCTURAL_ZERO;STRUCTURAL_ZERO;STRUCTURAL_ZERO;STRUCTURAL_ZERO;STRUCTURAL_ZERO;STRUCTURAL_ZERO;STRUCTURAL_ZERO;STRUCTURAL_ZERO;STRUCTURAL_ZERO;STRUCTURAL_ZERO;STRUCTURAL_ZERO,12,0,0,,OK
red2_6800:249,,infeasible;infeasible;infeasible;infeasible;infeasible;infeasible;infeasible;infeasible;infeasible;infeasible;infeasible;infeasible,0;0;0;0;0;0;0;0;0;0;0;0,infeasible;infeasible;infeasible;infeasible;infeasible;infeasible;infeasible;infeasible;infeasible;infeasible;infeasible;infeasible,infeasible;infeasible;infeasible;infeasible;infeasible;infeasible;infeasible;infeasible;infeasible;infeasible;infeasible;infeasible,0;1;2;3;4;5;6;7;8;9;10;11,STRUCTURAL_ZERO;STRUCTURAL_ZERO;STRUCTURAL_ZERO;STRUCTURAL_ZERO;STRUCTURAL_ZERO;STRUCTURAL_ZERO;STRUCTURAL_ZERO;STRUCTURAL_ZERO;STRUCTURAL_ZERO;STRUCTURAL_ZERO;STRUCTURAL_ZERO;STRUCTURAL_ZERO,12,0,0,,OK
red2_6800:250,,infeasible;infeasible;infeasible;infeasible;infeasible;infeasible;infeasible;infeasible;infeasible;infeasible;infeasible;infeasible,0;0;0;0;0;0;0;0;0;0;0;0,infeasible;infeasible;infeasible;infeasible;infeasible;infeasible;infeasible;infeasible;infeasible;infeasible;infeasible;infeasible,infeasible;infeasible;infeasible;infeasible;infeasible;infeasible;infeasible;infeasible;infeasible;infeasible;infeasible;infeasible,0;1;2;3;4;5;6;7;8;9;10;11,STRUCTURAL_ZERO;STRUCTURAL_ZERO;STRUCTURAL_ZERO;STRUCTURAL_ZERO;STRUCTURAL_ZERO;STRUCTURAL_ZERO;STRUCTURAL_ZERO;STRUCTURAL_ZERO;STRUCTURAL_ZERO;STRUCTURAL_ZERO;STRUCTURAL_ZERO;STRUCTURAL_ZERO,12,0,0,,OK
red2_6800:251,,infeasible;infeasible;infeasible;infeasible;infeasible;infeasible;infeasible;infeasible;infeasible;infeasible;infeasible;infeasible,0;0;0;0;0;0;0;0;0;0;0;0,infeasible;infeasible;infeasible;infeasible;infeasible;infeasible;infeasible;infeasible;infeasible;infeasible;infeasible;infeasible,infeasible;infeasible;infeasible;infeasible;infeasible;infeasible;infeasible;infeasible;infeasible;infeasible;infeasible;infeasible,0;1;2;3;4;5;6;7;8;9;10;11,STRUCTURAL_ZERO;STRUCTURAL_ZERO;STRUCTURAL_ZERO;STRUCTURAL_ZERO;STRUCTURAL_ZERO;STRUCTURAL_ZERO;STRUCTURAL_ZERO;STRUCTURAL_ZERO;STRUCTURAL_ZERO;STRUCTURAL_ZERO;STRUCTURAL_ZERO;STRUCTURAL_ZERO,12,0,0,,OK
red2_6800:252,,infeasible;infeasible;infeasible;infeasible;infeasible;infeasible;infeasible;infeasible;infeasible;infeasible;infeasible;infeasible,0;0;0;0;0;0;0;0;0;0;0;0,infeasible;infeasible;infeasible;infeasible;infeasible;infeasible;infeasible;infeasible;infeasible;infeasible;infeasible;infeasible,infeasible;infeasible;infeasible;infeasible;infeasible;infeasible;infeasible;infeasible;infeasible;infeasible;infeasible;infeasible,0;1;2;3;4;5;6;7;8;9;10;11,STRUCTURAL_ZERO;STRUCTURAL_ZERO;STRUCTURAL_ZERO;STRUCTURAL_ZERO;STRUCTURAL_ZERO;STRUCTURAL_ZERO;STRUCTURAL_ZERO;STRUCTURAL_ZERO;STRUCTURAL_ZERO;STRUCTURAL_ZERO;STRUCTURAL_ZERO;STRUCTURAL_ZERO,12,0,0,,OK
red2_6800:253,,infeasible;infeasible;infeasible;infeasible;infeasible;infeasible;infeasible;infeasible;infeasible;infeasible;infeasible;infeasible,0;0;0;0;0;0;0;0;0;0;0;0,infeasible;infeasible;infeasible;infeasible;infeasible;infeasible;infeasible;infeasible;infeasible;infeasible;infeasible;infeasible,infeasible;infeasible;infeasible;infeasible;infeasible;infeasible;infeasible;infeasible;infeasible;infeasible;infeasible;infeasible,0;1;2;3;4;5;6;7;8;9;10;11,STRUCTURAL_ZERO;STRUCTURAL_ZERO;STRUCTURAL_ZERO;STRUCTURAL_ZERO;STRUCTURAL_ZERO;STRUCTURAL_ZERO;STRUCTURAL_ZERO;STRUCTURAL_ZERO;STRUCTURAL_ZERO;STRUCTURAL_ZERO;STRUCTURAL_ZERO;STRUCTURAL_ZERO,12,0,0,,OK
red2_6800:254,,infeasible;infeasible;infeasible;infeasible;infeasible;infeasible;infeasible;infeasible;infeasible;infeasible;infeasible;infeasible,0;0;0;0;0;0;0;0;0;0;0;0,infeasible;infeasible;infeasible;infeasible;infeasible;infeasible;infeasible;infeasible;infeasible;infeasible;infeasible;infeasible,infeasible;infeasible;infeasible;infeasible;infeasible;infeasible;infeasible;infeasible;infeasible;infeasible;infeasible;infeasible,0;1;2;3;4;5;6;7;8;9;10;11,STRUCTURAL_ZERO;STRUCTURAL_ZERO;STRUCTURAL_ZERO;STRUCTURAL_ZERO;STRUCTURAL_ZERO;STRUCTURAL_ZERO;STRUCTURAL_ZERO;STRUCTURAL_ZERO;STRUCTURAL_ZERO;STRUCTURAL_ZERO;STRUCTURAL_ZERO;STRUCTURAL_ZERO,12,0,0,,OK
red2_6800:255,,infeasible;infeasible;infeasible;infeasible;infeasible;infeasible;infeasible;infeasible;infeasible;infeasible;infeasible;infeasible,0;0;0;0;0;0;0;0;0;0;0;0,infeasible;infeasible;infeasible;infeasible;infeasible;infeasible;infeasible;infeasible;infeasible;infeasible;infeasible;infeasible,infeasible;infeasible;infeasible;infeasible;infeasible;infeasible;infeasible;infeasible;infeasible;infeasible;infeasible;infeasible,0;1;2;3;4;5;6;7;8;9;10;11,STRUCTURAL_ZERO;STRUCTURAL_ZERO;STRUCTURAL_ZERO;STRUCTURAL_ZERO;STRUCTURAL_ZERO;STRUCTURAL_ZERO;STRUCTURAL_ZERO;STRUCTURAL_ZERO;STRUCTURAL_ZERO;STRUCTURAL_ZERO;STRUCTURAL_ZERO;STRUCTURAL_ZERO,12,0,0,,OK
red2_6800:256,,infeasible;infeasible;infeasible;infeasible;infeasible;infeasible;infeasible;infeasible;infeasible;infeasible;infeasible;infeasible,0;0;0;0;0;0;0;0;0;0;0;0,infeasible;infeasible;infeasible;infeasible;infeasible;infeasible;infeasible;infeasible;infeasible;infeasible;infeasible;infeasible,infeasible;infeasible;infeasible;infeasible;infeasible;infeasible;infeasible;infeasible;infeasible;infeasible;infeasible;infeasible,0;1;2;3;4;5;6;7;8;9;10;11,STRUCTURAL_ZERO;STRUCTURAL_ZERO;STRUCTURAL_ZERO;STRUCTURAL_ZERO;STRUCTURAL_ZERO;STRUCTURAL_ZERO;STRUCTURAL_ZERO;STRUCTURAL_ZERO;STRUCTURAL_ZERO;STRUCTURAL_ZERO;STRUCTURAL_ZERO;STRUCTURAL_ZERO,12,0,0,,OK
red2_6800:257,,infeasible;infeasible;infeasible;infeasible;infeasible;infeasible;infeasible;infeasible;infeasible;infeasible;infeasible;infeasible,0;0;0;0;0;0;0;0;0;0;0;0,infeasible;infeasible;infeasible;infeasible;infeasible;infeasible;infeasible;infeasible;infeasible;infeasible;infeasible;infeasible,infeasible;infeasible;infeasible;infeasible;infeasible;infeasible;infeasible;infeasible;infeasible;infeasible;infeasible;infeasible,0;1;2;3;4;5;6;7;8;9;10;11,STRUCTURAL_ZERO;STRUCTURAL_ZERO;STRUCTURAL_ZERO;STRUCTURAL_ZERO;STRUCTURAL_ZERO;STRUCTURAL_ZERO;STRUCTURAL_ZERO;STRUCTURAL_ZERO;STRUCTURAL_ZERO;STRUCTURAL_ZERO;STRUCTURAL_ZERO;STRUCTURAL_ZERO,12,0,0,,OK
red2_6800:258,,infeasible;infeasible;infeasible;infeasible;infeasible;infeasible;infeasible;infeasible;infeasible;infeasible;infeasible;infeasible,0;0;0;0;0;0;0;0;0;0;0;0,infeasible;infeasible;infeasible;infeasible;infeasible;infeasible;infeasible;infeasible;infeasible;infeasible;infeasible;infeasible,infeasible;infeasible;infeasible;infeasible;infeasible;infeasible;infeasible;infeasible;infeasible;infeasible;infeasible;infeasible,0;1;2;3;4;5;6;7;8;9;10;11,STRUCTURAL_ZERO;STRUCTURAL_ZERO;STRUCTURAL_ZERO;STRUCTURAL_ZERO;STRUCTURAL_ZERO;STRUCTURAL_ZERO;STRUCTURAL_ZERO;STRUCTURAL_ZERO;STRUCTURAL_ZERO;STRUCTURAL_ZERO;STRUCTURAL_ZERO;STRUCTURAL_ZERO,12,0,0,,OK
red2_6800:259,,infeasible;infeasible;infeasible;infeasible;infeasible;infeasible;infeasible;infeasible;infeasible;infeasible;infeasible;infeasible,0;0;0;0;0;0;0;0;0;0;0;0,infeasible;infeasible;infeasible;infeasible;infeasible;infeasible;infeasible;infeasible;infeasible;infeasible;infeasible;infeasible,infeasible;infeasible;infeasible;infeasible;infeasible;infeasible;infeasible;infeasible;infeasible;infeasible;infeasible;infeasible,0;1;2;3;4;5;6;7;8;9;10;11,STRUCTURAL_ZERO;STRUCTURAL_ZERO;STRUCTURAL_ZERO;STRUCTURAL_ZERO;STRUCTURAL_ZERO;STRUCTURAL_ZERO;STRUCTURAL_ZERO;STRUCTURAL_ZERO;STRUCTURAL_ZERO;STRUCTURAL_ZERO;STRUCTURAL_ZERO;STRUCTURAL_ZERO,12,0,0,,OK
red2_6800:260,,infeasible;infeasible;infeasible;infeasible;infeasible;infeasible;infeasible;infeasible;infeasible;infeasible;infeasible;infeasible,0;0;0;0;0;0;0;0;0;0;0;0,infeasible;infeasible;infeasible;infeasible;infeasible;infeasible;infeasible;infeasible;infeasible;infeasible;infeasible;infeasible,infeasible;infeasible;infeasible;infeasible;infeasible;infeasible;infeasible;infeasible;infeasible;infeasible;infeasible;infeasible,0;1;2;3;4;5;6;7;8;9;10;11,STRUCTURAL_ZERO;STRUCTURAL_ZERO;STRUCTURAL_ZERO;STRUCTURAL_ZERO;STRUCTURAL_ZERO;STRUCTURAL_ZERO;STRUCTURAL_ZERO;STRUCTURAL_ZERO;STRUCTURAL_ZERO;STRUCTURAL_ZERO;STRUCTURAL_ZERO;STRUCTURAL_ZERO,12,0,0,,OK
red2_6800:261,,infeasible;infeasible;infeasible;infeasible;infeasible;infeasible;infeasible;infeasible;infeasible;infeasible;infeasible;infeasible,0;0;0;0;0;0;0;0;0;0;0;0,infeasible;infeasible;infeasible;infeasible;infeasible;infeasible;infeasible;infeasible;infeasible;infeasible;infeasible;infeasible,infeasible;infeasible;infeasible;infeasible;infeasible;infeasible;infeasible;infeasible;infeasible;infeasible;infeasible;infeasible,0;1;2;3;4;5;6;7;8;9;10;11,STRUCTURAL_ZERO;STRUCTURAL_ZERO;STRUCTURAL_ZERO;STRUCTURAL_ZERO;STRUCTURAL_ZERO;STRUCTURAL_ZERO;STRUCTURAL_ZERO;STRUCTURAL_ZERO;STRUCTURAL_ZERO;STRUCTURAL_ZERO;STRUCTURAL_ZERO;STRUCTURAL_ZERO,12,0,0,,OK
red2_6800:262,,infeasible;infeasible;infeasible;infeasible;infeasible;infeasible;infeasible;infeasible;infeasible;infeasible;infeasible;infeasible,0;0;0;0;0;0;0;0;0;0;0;0,infeasible;infeasible;infeasible;infeasible;infeasible;infeasible;infeasible;infeasible;infeasible;infeasible;infeasible;infeasible,infeasible;infeasible;infeasible;infeasible;infeasible;infeasible;infeasible;infeasible;infeasible;infeasible;infeasible;infeasible,0;1;2;3;4;5;6;7;8;9;10;11,STRUCTURAL_ZERO;STRUCTURAL_ZERO;STRUCTURAL_ZERO;STRUCTURAL_ZERO;STRUCTURAL_ZERO;STRUCTURAL_ZERO;STRUCTURAL_ZERO;STRUCTURAL_ZERO;STRUCTURAL_ZERO;STRUCTURAL_ZERO;STRUCTURAL_ZERO;STRUCTURAL_ZERO,12,0,0,,OK
red2_6800:263,,infeasible;infeasible;infeasible;infeasible;infeasible;infeasible;infeasible;infeasible;infeasible;infeasible;infeasible;infeasible,0;0;0;0;0;0;0;0;0;0;0;0,infeasible;infeasible;infeasible;infeasible;infeasible;infeasible;infeasible;infeasible;infeasible;infeasible;infeasible;infeasible,infeasible;infeasible;infeasible;infeasible;infeasible;infeasible;infeasible;infeasible;infeasible;infeasible;infeasible;infeasible,0;1;2;3;4;5;6;7;8;9;10;11,STRUCTURAL_ZERO;STRUCTURAL_ZERO;STRUCTURAL_ZERO;STRUCTURAL_ZERO;STRUCTURAL_ZERO;STRUCTURAL_ZERO;STRUCTURAL_ZERO;STRUCTURAL_ZERO;STRUCTURAL_ZERO;STRUCTURAL_ZERO;STRUCTURAL_ZERO;STRUCTURAL_ZERO,12,0,0,,OK
red2_6800:264,,infeasible;infeasible;infeasible;infeasible;infeasible;infeasible;infeasible;infeasible;infeasible;infeasible;infeasible;infeasible,0;0;0;0;0;0;0;0;0;0;0;0,infeasible;infeasible;infeasible;infeasible;infeasible;infeasible;infeasible;infeasible;infeasible;infeasible;infeasible;infeasible,infeasible;infeasible;infeasible;infeasible;infeasible;infeasible;infeasible;infeasible;infeasible;infeasible;infeasible;infeasible,0;1;2;3;4;5;6;7;8;9;10;11,STRUCTURAL_ZERO;STRUCTURAL_ZERO;STRUCTURAL_ZERO;STRUCTURAL_ZERO;STRUCTURAL_ZERO;STRUCTURAL_ZERO;STRUCTURAL_ZERO;STRUCTURAL_ZERO;STRUCTURAL_ZERO;STRUCTURAL_ZERO;STRUCTURAL_ZERO;STRUCTURAL_ZERO,12,0,0,,OK
red2_6800:265,,infeasible;infeasible;infeasible;infeasible;infeasible;infeasible;infeasible;infeasible;infeasible;infeasible;infeasible;infeasible,0;0;0;0;0;0;0;0;0;0;0;0,infeasible;infeasible;infeasible;infeasible;infeasible;infeasible;infeasible;infeasible;infeasible;infeasible;infeasible;infeasible,infeasible;infeasible;infeasible;infeasible;infeasible;infeasible;infeasible;infeasible;infeasible;infeasible;infeasible;infeasible,0;1;2;3;4;5;6;7;8;9;10;11,STRUCTURAL_ZERO;STRUCTURAL_ZERO;STRUCTURAL_ZERO;STRUCTURAL_ZERO;STRUCTURAL_ZERO;STRUCTURAL_ZERO;STRUCTURAL_ZERO;STRUCTURAL_ZERO;STRUCTURAL_ZERO;STRUCTURAL_ZERO;STRUCTURAL_ZERO;STRUCTURAL_ZERO,12,0,0,,OK
red2_6800:266,,infeasible;infeasible;infeasible;infeasible;infeasible;infeasible;infeasible;infeasible;infeasible;infeasible;infeasible;infeasible,0;0;0;0;0;0;0;0;0;0;0;0,infeasible;infeasible;infeasible;infeasible;infeasible;infeasible;infeasible;infeasible;infeasible;infeasible;infeasible;infeasible,infeasible;infeasible;infeasible;infeasible;infeasible;infeasible;infeasible;infeasible;infeasible;infeasible;infeasible;infeasible,0;1;2;3;4;5;6;7;8;9;10;11,STRUCTURAL_ZERO;STRUCTURAL_ZERO;STRUCTURAL_ZERO;STRUCTURAL_ZERO;STRUCTURAL_ZERO;STRUCTURAL_ZERO;STRUCTURAL_ZERO;STRUCTURAL_ZERO;STRUCTURAL_ZERO;STRUCTURAL_ZERO;STRUCTURAL_ZERO;STRUCTURAL_ZERO,12,0,0,,OK
red2_6800:267,,infeasible;infeasible;infeasible;infeasible;infeasible;infeasible;infeasible;infeasible;infeasible;infeasible;infeasible;infeasible,0;0;0;0;0;0;0;0;0;0;0;0,infeasible;infeasible;infeasible;infeasible;infeasible;infeasible;infeasible;infeasible;infeasible;infeasible;infeasible;infeasible,infeasible;infeasible;infeasible;infeasible;infeasible;infeasible;infeasible;infeasible;infeasible;infeasible;infeasible;infeasible,0;1;2;3;4;5;6;7;8;9;10;11,STRUCTURAL_ZERO;STRUCTURAL_ZERO;STRUCTURAL_ZERO;STRUCTURAL_ZERO;STRUCTURAL_ZERO;STRUCTURAL_ZERO;STRUCTURAL_ZERO;STRUCTURAL_ZERO;STRUCTURAL_ZERO;STRUCTURAL_ZERO;STRUCTURAL_ZERO;STRUCTURAL_ZERO,12,0,0,,OK
red2_6800:268,,infeasible;infeasible;infeasible;infeasible;infeasible;infeasible;infeasible;infeasible;infeasible;infeasible;infeasible;infeasible,0;0;0;0;0;0;0;0;0;0;0;0,infeasible;infeasible;infeasible;infeasible;infeasible;infeasible;infeasible;infeasible;infeasible;infeasible;infeasible;infeasible,infeasible;infeasible;infeasible;infeasible;infeasible;infeasible;infeasible;infeasible;infeasible;infeasible;infeasible;infeasible,0;1;2;3;4;5;6;7;8;9;10;11,STRUCTURAL_ZERO;STRUCTURAL_ZERO;STRUCTURAL_ZERO;STRUCTURAL_ZERO;STRUCTURAL_ZERO;STRUCTURAL_ZERO;STRUCTURAL_ZERO;STRUCTURAL_ZERO;STRUCTURAL_ZERO;STRUCTURAL_ZERO;STRUCTURAL_ZERO;STRUCTURAL_ZERO,12,0,0,,OK
red2_6800:269,,infeasible;infeasible;infeasible;infeasible;infeasible;infeasible;infeasible;infeasible;infeasible;infeasible;infeasible;infeasible,0;0;0;0;0;0;0;0;0;0;0;0,infeasible;infeasible;infeasible;infeasible;infeasible;infeasible;infeasible;infeasible;infeasible;infeasible;infeasible;infeasible,infeasible;infeasible;infeasible;infeasible;infeasible;infeasible;infeasible;infeasible;infeasible;infeasible;infeasible;infeasible,0;1;2;3;4;5;6;7;8;9;10;11,STRUCTURAL_ZERO;STRUCTURAL_ZERO;STRUCTURAL_ZERO;STRUCTURAL_ZERO;STRUCTURAL_ZERO;STRUCTURAL_ZERO;STRUCTURAL_ZERO;STRUCTURAL_ZERO;STRUCTURAL_ZERO;STRUCTURAL_ZERO;STRUCTURAL_ZERO;STRUCTURAL_ZERO,12,0,0,,OK
red2_6800:270,,infeasible;infeasible;infeasible;infeasible;infeasible;infeasible;infeasible;infeasible;infeasible;infeasible;infeasible;infeasible,0;0;0;0;0;0;0;0;0;0;0;0,infeasible;infeasible;infeasible;infeasible;infeasible;infeasible;infeasible;infeasible;infeasible;infeasible;infeasible;infeasible,infeasible;infeasible;infeasible;infeasible;infeasible;infeasible;infeasible;infeasible;infeasible;infeasible;infeasible;infeasible,0;1;2;3;4;5;6;7;8;9;10;11,STRUCTURAL_ZERO;STRUCTURAL_ZERO;STRUCTURAL_ZERO;STRUCTURAL_ZERO;STRUCTURAL_ZERO;STRUCTURAL_ZERO;STRUCTURAL_ZERO;STRUCTURAL_ZERO;STRUCTURAL_ZERO;STRUCTURAL_ZERO;STRUCTURAL_ZERO;STRUCTURAL_ZERO,12,0,0,,OK
red2_6800:271,,infeasible;infeasible;infeasible;infeasible;infeasible;infeasible;infeasible;infeasible;infeasible;infeasible;infeasible;infeasible,0;0;0;0;0;0;0;0;0;0;0;0,infeasible;infeasible;infeasible;infeasible;infeasible;infeasible;infeasible;infeasible;infeasible;infeasible;infeasible;infeasible,infeasible;infeasible;infeasible;infeasible;infeasible;infeasible;infeasible;infeasible;infeasible;infeasible;infeasible;infeasible,0;1;2;3;4;5;6;7;8;9;10;11,STRUCTURAL_ZERO;STRUCTURAL_ZERO;STRUCTURAL_ZERO;STRUCTURAL_ZERO;STRUCTURAL_ZERO;STRUCTURAL_ZERO;STRUCTURAL_ZERO;STRUCTURAL_ZERO;STRUCTURAL_ZERO;STRUCTURAL_ZERO;STRUCTURAL_ZERO;STRUCTURAL_ZERO,12,0,0,,OK
red2_6800:272,,infeasible;infeasible;infeasible;infeasible;infeasible;infeasible;infeasible;infeasible;infeasible;infeasible;infeasible;infeasible,0;0;0;0;0;0;0;0;0;0;0;0,infeasible;infeasible;infeasible;infeasible;infeasible;infeasible;infeasible;infeasible;infeasible;infeasible;infeasible;infeasible,infeasible;infeasible;infeasible;infeasible;infeasible;infeasible;infeasible;infeasible;infeasible;infeasible;infeasible;infeasible,0;1;2;3;4;5;6;7;8;9;10;11,STRUCTURAL_ZERO;STRUCTURAL_ZERO;STRUCTURAL_ZERO;STRUCTURAL_ZERO;STRUCTURAL_ZERO;STRUCTURAL_ZERO;STRUCTURAL_ZERO;STRUCTURAL_ZERO;STRUCTURAL_ZERO;STRUCTURAL_ZERO;STRUCTURAL_ZERO;STRUCTURAL_ZERO,12,0,0,,OK
red2_6800:273,,infeasible;infeasible;infeasible;infeasible;infeasible;infeasible;infeasible;infeasible;infeasible;infeasible;infeasible;infeasible,0;0;0;0;0;0;0;0;0;0;0;0,infeasible;infeasible;infeasible;infeasible;infeasible;infeasible;infeasible;infeasible;infeasible;infeasible;infeasible;infeasible,infeasible;infeasible;infeasible;infeasible;infeasible;infeasible;infeasible;infeasible;infeasible;infeasible;infeasible;infeasible,0;1;2;3;4;5;6;7;8;9;10;11,STRUCTURAL_ZERO;STRUCTURAL_ZERO;STRUCTURAL_ZERO;STRUCTURAL_ZERO;STRUCTURAL_ZERO;STRUCTURAL_ZERO;STRUCTURAL_ZERO;STRUCTURAL_ZERO;STRUCTURAL_ZERO;STRUCTURAL_ZERO;STRUCTURAL_ZERO;STRUCTURAL_ZERO,12,0,0,,OK
red2_6800:274,,infeasible;infeasible;infeasible;infeasible;infeasible;infeasible;infeasible;infeasible;infeasible;infeasible;infeasible;infeasible,0;0;0;0;0;0;0;0;0;0;0;0,infeasible;infeasible;infeasible;infeasible;infeasible;infeasible;infeasible;infeasible;infeasible;infeasible;infeasible;infeasible,infeasible;infeasible;infeasible;infeasible;infeasible;infeasible;infeasible;infeasible;infeasible;infeasible;infeasible;infeasible,0;1;2;3;4;5;6;7;8;9;10;11,STRUCTURAL_ZERO;STRUCTURAL_ZERO;STRUCTURAL_ZERO;STRUCTURAL_ZERO;STRUCTURAL_ZERO;STRUCTURAL_ZERO;STRUCTURAL_ZERO;STRUCTURAL_ZERO;STRUCTURAL_ZERO;STRUCTURAL_ZERO;STRUCTURAL_ZERO;STRUCTURAL_ZERO,12,0,0,,OK
red2_6800:275,,infeasible;infeasible;infeasible;infeasible;infeasible;infeasible;infeasible;infeasible;infeasible;infeasible;infeasible;infeasible,0;0;0;0;0;0;0;0;0;0;0;0,infeasible;infeasible;infeasible;infeasible;infeasible;infeasible;infeasible;infeasible;infeasible;infeasible;infeasible;infeasible,infeasible;infeasible;infeasible;infeasible;infeasible;infeasible;infeasible;infeasible;infeasible;infeasible;infeasible;infeasible,0;1;2;3;4;5;6;7;8;9;10;11,STRUCTURAL_ZERO;STRUCTURAL_ZERO;STRUCTURAL_ZERO;STRUCTURAL_ZERO;STRUCTURAL_ZERO;STRUCTURAL_ZERO;STRUCTURAL_ZERO;STRUCTURAL_ZERO;STRUCTURAL_ZERO;STRUCTURAL_ZERO;STRUCTURAL_ZERO;STRUCTURAL_ZERO,12,0,0,,OK
red2_6800:276,,infeasible;infeasible;infeasible;infeasible;infeasible;infeasible;infeasible;infeasible;infeasible;infeasible;infeasible;infeasible,0;0;0;0;0;0;0;0;0;0;0;0,infeasible;infeasible;infeasible;infeasible;infeasible;infeasible;infeasible;infeasible;infeasible;infeasible;infeasible;infeasible,infeasible;infeasible;infeasible;infeasible;infeasible;infeasible;infeasible;infeasible;infeasible;infeasible;infeasible;infeasible,0;1;2;3;4;5;6;7;8;9;10;11,STRUCTURAL_ZERO;STRUCTURAL_ZERO;STRUCTURAL_ZERO;STRUCTURAL_ZERO;STRUCTURAL_ZERO;STRUCTURAL_ZERO;STRUCTURAL_ZERO;STRUCTURAL_ZERO;STRUCTURAL_ZERO;STRUCTURAL_ZERO;STRUCTURAL_ZERO;STRUCTURAL_ZERO,12,0,0,,OK
red2_6800:277,,infeasible;infeasible;infeasible;infeasible;infeasible;infeasible;infeasible;infeasible;infeasible;infeasible;infeasible;infeasible,0;0;0;0;0;0;0;0;0;0;0;0,infeasible;infeasible;infeasible;infeasible;infeasible;infeasible;infeasible;infeasible;infeasible;infeasible;infeasible;infeasible,infeasible;infeasible;infeasible;infeasible;infeasible;infeasible;infeasible;infeasible;infeasible;infeasible;infeasible;infeasible,0;1;2;3;4;5;6;7;8;9;10;11,STRUCTURAL_ZERO;STRUCTURAL_ZERO;STRUCTURAL_ZERO;STRUCTURAL_ZERO;STRUCTURAL_ZERO;STRUCTURAL_ZERO;STRUCTURAL_ZERO;STRUCTURAL_ZERO;STRUCTURAL_ZERO;STRUCTURAL_ZERO;STRUCTURAL_ZERO;STRUCTURAL_ZERO,12,0,0,,OK
red2_6800:278,,infeasible;optimal;optimal;optimal;optimal;optimal;optimal;optimal;optimal;optimal;optimal;optimal,0;0.1393;0.6337;0.8537;1.175;1.427;1.473;1.496;1.431;1.208;0.795;0.004518,infeasible;optimal;optimal;optimal;optimal;optimal;optimal;optimal;optimal;optimal;optimal;optimal,infeasible;optimal;optimal;optimal;optimal;optimal;optimal;optimal;optimal;optimal;optimal;optimal,0,STRUCTURAL_ZERO,1,0,0,,OK
red2_6800:279,,infeasible;optimal;optimal;optimal;optimal;optimal;optimal;optimal;optimal;optimal;optimal;optimal,0;0.09724;0.4563;0.6938;1.142;1.45;1.468;1.437;1.317;1.098;0.8177;0.2323,infeasible;optimal;optimal;optimal;optimal;optimal;optimal;optimal;optimal;optimal;optimal;optimal,infeasible;optimal;optimal;optimal;optimal;optimal;optimal;optimal;optimal;optimal;optimal;optimal,0,STRUCTURAL_ZERO,1,0,0,,OK
red2_6800:280,,infeasible;infeasible;infeasible;infeasible;infeasible;infeasible;infeasible;infeasible;infeasible;infeasible;infeasible;infeasible,0;0;0;0;0;0;0;0;0;0;0;0,infeasible;infeasible;infeasible;infeasible;infeasible;infeasible;infeasible;infeasible;infeasible;infeasible;infeasible;infeasible,infeasible;infeasible;infeasible;infeasible;infeasible;infeasible;infeasible;infeasible;infeasible;infeasible;infeasible;infeasible,0;1;2;3;4;5;6;7;8;9;10;11,STRUCTURAL_ZERO;STRUCTURAL_ZERO;STRUCTURAL_ZERO;STRUCTURAL_ZERO;STRUCTURAL_ZERO;STRUCTURAL_ZERO;STRUCTURAL_ZERO;STRUCTURAL_ZERO;STRUCTURAL_ZERO;STRUCTURAL_ZERO;STRUCTURAL_ZERO;STRUCTURAL_ZERO,12,0,0,,OK
red2_6800:281,,infeasible;infeasible;infeasible;infeasible;infeasible;infeasible;infeasible;infeasible;infeasible;infeasible;infeasible;infeasible,0;0;0;0;0;0;0;0;0;0;0;0,infeasible;infeasible;infeasible;infeasible;infeasible;infeasible;infeasible;infeasible;infeasible;infeasible;infeasible;infeasible,infeasible;infeasible;infeasible;infeasible;infeasible;infeasible;infeasible;infeasible;infeasible;infeasible;infeasible;infeasible,0;1;2;3;4;5;6;7;8;9;10;11,STRUCTURAL_ZERO;STRUCTURAL_ZERO;STRUCTURAL_ZERO;STRUCTURAL_ZERO;STRUCTURAL_ZERO;STRUCTURAL_ZERO;STRUCTURAL_ZERO;STRUCTURAL_ZERO;STRUCTURAL_ZERO;STRUCTURAL_ZERO;STRUCTURAL_ZERO;STRUCTURAL_ZERO,12,0,0,,OK
red2_6800:282,,infeasible;infeasible;infeasible;infeasible;infeasible;infeasible;infeasible;infeasible;infeasible;infeasible;infeasible;infeasible,0;0;0;0;0;0;0;0;0;0;0;0,infeasible;infeasible;infeasible;infeasible;infeasible;infeasible;infeasible;infeasible;infeasible;infeasible;infeasible;infeasible,infeasible;infeasible;infeasible;infeasible;infeasible;infeasible;infeasible;infeasible;infeasible;infeasible;infeasible;infeasible,0;1;2;3;4;5;6;7;8;9;10;11,STRUCTURAL_ZERO;STRUCTURAL_ZERO;STRUCTURAL_ZERO;STRUCTURAL_ZERO;STRUCTURAL_ZERO;STRUCTURAL_ZERO;STRUCTURAL_ZERO;STRUCTURAL_ZERO;STRUCTURAL_ZERO;STRUCTURAL_ZERO;STRUCTURAL_ZERO;STRUCTURAL_ZERO,12,0,0,,OK
red2_6800:283,,infeasible;infeasible;infeasible;infeasible;infeasible;infeasible;infeasible;infeasible;infeasible;infeasible;infeasible;infeasible,0;0;0;0;0;0;0;0;0;0;0;0,infeasible;infeasible;infeasible;infeasible;infeasible;infeasible;infeasible;infeasible;infeasible;infeasible;infeasible;infeasible,infeasible;infeasible;infeasible;infeasible;infeasible;infeasible;infeasible;infeasible;infeasible;infeasible;infeasible;infeasible,0;1;2;3;4;5;6;7;8;9;10;11,STRUCTURAL_ZERO;STRUCTURAL_ZERO;STRUCTURAL_ZERO;STRUCTURAL_ZERO;STRUCTURAL_ZERO;STRUCTURAL_ZERO;STRUCTURAL_ZERO;STRUCTURAL_ZERO;STRUCTURAL_ZERO;STRUCTURAL_ZERO;STRUCTURAL_ZERO;STRUCTURAL_ZERO,12,0,0,,OK
red2_6800:284,,infeasible;infeasible;infeasible;infeasible;infeasible;infeasible;infeasible;infeasible;infeasible;infeasible;infeasible;infeasible,0;0;0;0;0;0;0;0;0;0;0;0,infeasible;infeasible;infeasible;infeasible;infeasible;infeasible;infeasible;infeasible;infeasible;infeasible;infeasible;infeasible,infeasible;infeasible;infeasible;infeasible;infeasible;infeasible;infeasible;infeasible;infeasible;infeasible;infeasible;infeasible,0;1;2;3;4;5;6;7;8;9;10;11,STRUCTURAL_ZERO;STRUCTURAL_ZERO;STRUCTURAL_ZERO;STRUCTURAL_ZERO;STRUCTURAL_ZERO;STRUCTURAL_ZERO;STRUCTURAL_ZERO;STRUCTURAL_ZERO;STRUCTURAL_ZERO;STRUCTURAL_ZERO;STRUCTURAL_ZERO;STRUCTURAL_ZERO,12,0,0,,OK
red2_6800:285,,infeasible;infeasible;infeasible;infeasible;infeasible;infeasible;infeasible;infeasible;infeasible;infeasible;infeasible;infeasible,0;0;0;0;0;0;0;0;0;0;0;0,infeasible;infeasible;infeasible;infeasible;infeasible;infeasible;infeasible;infeasible;infeasible;infeasible;infeasible;infeasible,infeasible;infeasible;infeasible;infeasible;infeasible;infeasible;infeasible;infeasible;infeasible;infeasible;infeasible;infeasible,0;1;2;3;4;5;6;7;8;9;10;11,STRUCTURAL_ZERO;STRUCTURAL_ZERO;STRUCTURAL_ZERO;STRUCTURAL_ZERO;STRUCTURAL_ZERO;STRUCTURAL_ZERO;STRUCTURAL_ZERO;STRUCTURAL_ZERO;STRUCTURAL_ZERO;STRUCTURAL_ZERO;STRUCTURAL_ZERO;STRUCTURAL_ZERO,12,0,0,,OK
red2_6800:286,,infeasible;infeasible;infeasible;infeasible;infeasible;infeasible;infeasible;infeasible;infeasible;infeasible;infeasible;infeasible,0;0;0;0;0;0;0;0;0;0;0;0,infeasible;infeasible;infeasible;infeasible;infeasible;infeasible;infeasible;infeasible;infeasible;infeasible;infeasible;infeasible,infeasible;infeasible;infeasible;infeasible;infeasible;infeasible;infeasible;infeasible;infeasible;infeasible;infeasible;infeasible,0;1;2;3;4;5;6;7;8;9;10;11,STRUCTURAL_ZERO;STRUCTURAL_ZERO;STRUCTURAL_ZERO;STRUCTURAL_ZERO;STRUCTURAL_ZERO;STRUCTURAL_ZERO;STRUCTURAL_ZERO;STRUCTURAL_ZERO;STRUCTURAL_ZERO;STRUCTURAL_ZERO;STRUCTURAL_ZERO;STRUCTURAL_ZERO,12,0,0,,OK
red2_6800:287,,infeasible;infeasible;infeasible;infeasible;infeasible;infeasible;infeasible;infeasible;infeasible;infeasible;infeasible;infeasible,0;0;0;0;0;0;0;0;0;0;0;0,infeasible;infeasible;infeasible;infeasible;infeasible;infeasible;infeasible;infeasible;infeasible;infeasible;infeasible;infeasible,infeasible;infeasible;infeasible;infeasible;infeasible;infeasible;infeasible;infeasible;infeasible;infeasible;infeasible;infeasible,0;1;2;3;4;5;6;7;8;9;10;11,STRUCTURAL_ZERO;STRUCTURAL_ZERO;STRUCTURAL_ZERO;STRUCTURAL_ZERO;STRUCTURAL_ZERO;STRUCTURAL_ZERO;STRUCTURAL_ZERO;STRUCTURAL_ZERO;STRUCTURAL_ZERO;STRUCTURAL_ZERO;STRUCTURAL_ZERO;STRUCTURAL_ZERO,12,0,0,,OK
red2_6800:288,,infeasible;infeasible;infeasible;infeasible;infeasible;infeasible;infeasible;infeasible;infeasible;infeasible;infeasible;infeasible,0;0;0;0;0;0;0;0;0;0;0;0,infeasible;infeasible;infeasible;infeasible;infeasible;infeasible;infeasible;infeasible;infeasible;infeasible;infeasible;infeasible,infeasible;infeasible;infeasible;infeasible;infeasible;infeasible;infeasible;infeasible;infeasible;infeasible;infeasible;infeasible,0;1;2;3;4;5;6;7;8;9;10;11,STRUCTURAL_ZERO;STRUCTURAL_ZERO;STRUCTURAL_ZERO;STRUCTURAL_ZERO;STRUCTURAL_ZERO;STRUCTURAL_ZERO;STRUCTURAL_ZERO;STRUCTURAL_ZERO;STRUCTURAL_ZERO;STRUCTURAL_ZERO;STRUCTURAL_ZERO;STRUCTURAL_ZERO,12,0,0,,OK
red2_6800:289,,infeasible;infeasible;infeasible;infeasible;infeasible;infeasible;infeasible;infeasible;infeasible;infeasible;infeasible;infeasible,0;0;0;0;0;0;0;0;0;0;0;0,infeasible;infeasible;infeasible;infeasible;infeasible;infeasible;infeasible;infeasible;infeasible;infeasible;infeasible;infeasible,infeasible;infeasible;infeasible;infeasible;infeasible;infeasible;infeasible;infeasible;infeasible;infeasible;infeasible;infeasible,0;1;2;3;4;5;6;7;8;9;10;11,STRUCTURAL_ZERO;STRUCTURAL_ZERO;STRUCTURAL_ZERO;STRUCTURAL_ZERO;STRUCTURAL_ZERO;STRUCTURAL_ZERO;STRUCTURAL_ZERO;STRUCTURAL_ZERO;STRUCTURAL_ZERO;STRUCTURAL_ZERO;STRUCTURAL_ZERO;STRUCTURAL_ZERO,12,0,0,,OK
red2_6800:290,,infeasible;infeasible;infeasible;infeasible;infeasible;infeasible;infeasible;infeasible;infeasible;infeasible;infeasible;infeasible,0;0;0;0;0;0;0;0;0;0;0;0,infeasible;infeasible;infeasible;infeasible;infeasible;infeasible;infeasible;infeasible;infeasible;infeasible;infeasible;infeasible,infeasible;infeasible;infeasible;infeasible;infeasible;infeasible;infeasible;infeasible;infeasible;infeasible;infeasible;infeasible,0;1;2;3;4;5;6;7;8;9;10;11,STRUCTURAL_ZERO;STRUCTURAL_ZERO;STRUCTURAL_ZERO;STRUCTURAL_ZERO;STRUCTURAL_ZERO;STRUCTURAL_ZERO;STRUCTURAL_ZERO;STRUCTURAL_ZERO;STRUCTURAL_ZERO;STRUCTURAL_ZERO;STRUCTURAL_ZERO;STRUCTURAL_ZERO,12,0,0,,OK
red2_6800:291,,infeasible;infeasible;infeasible;infeasible;infeasible;infeasible;infeasible;infeasible;infeasible;infeasible;infeasible;infeasible,0;0;0;0;0;0;0;0;0;0;0;0,infeasible;infeasible;infeasible;infeasible;infeasible;infeasible;infeasible;infeasible;infeasible;infeasible;infeasible;infeasible,infeasible;infeasible;infeasible;infeasible;infeasible;infeasible;infeasible;infeasible;infeasible;infeasible;infeasible;infeasible,0;1;2;3;4;5;6;7;8;9;10;11,STRUCTURAL_ZERO;STRUCTURAL_ZERO;STRUCTURAL_ZERO;STRUCTURAL_ZERO;STRUCTURAL_ZERO;STRUCTURAL_ZERO;STRUCTURAL_ZERO;STRUCTURAL_ZERO;STRUCTURAL_ZERO;STRUCTURAL_ZERO;STRUCTURAL_ZERO;STRUCTURAL_ZERO,12,0,0,,OK
red2_6800:292,,infeasible;infeasible;infeasible;infeasible;infeasible;infeasible;infeasible;infeasible;infeasible;infeasible;infeasible;infeasible,0;0;0;0;0;0;0;0;0;0;0;0,infeasible;infeasible;infeasible;infeasible;infeasible;infeasible;infeasible;infeasible;infeasible;infeasible;infeasible;infeasible,infeasible;infeasible;infeasible;infeasible;infeasible;infeasible;infeasible;infeasible;infeasible;infeasible;infeasible;infeasible,0;1;2;3;4;5;6;7;8;9;10;11,STRUCTURAL_ZERO;STRUCTURAL_ZERO;STRUCTURAL_ZERO;STRUCTURAL_ZERO;STRUCTURAL_ZERO;STRUCTURAL_ZERO;STRUCTURAL_ZERO;STRUCTURAL_ZERO;STRUCTURAL_ZERO;STRUCTURAL_ZERO;STRUCTURAL_ZERO;STRUCTURAL_ZERO,12,0,0,,OK
red2_6800:293,,infeasible;infeasible;infeasible;infeasible;infeasible;infeasible;infeasible;infeasible;infeasible;infeasible;infeasible;infeasible,0;0;0;0;0;0;0;0;0;0;0;0,infeasible;infeasible;infeasible;infeasible;infeasible;infeasible;infeasible;infeasible;infeasible;infeasible;infeasible;infeasible,infeasible;infeasible;infeasible;infeasible;infeasible;infeasible;infeasible;infeasible;infeasible;infeasible;infeasible;infeasible,0;1;2;3;4;5;6;7;8;9;10;11,STRUCTURAL_ZERO;STRUCTURAL_ZERO;STRUCTURAL_ZERO;STRUCTURAL_ZERO;STRUCTURAL_ZERO;STRUCTURAL_ZERO;STRUCTURAL_ZERO;STRUCTURAL_ZERO;STRUCTURAL_ZERO;STRUCTURAL_ZERO;STRUCTURAL_ZERO;STRUCTURAL_ZERO,12,0,0,,OK
red2_6800:294,,infeasible;infeasible;infeasible;infeasible;infeasible;infeasible;infeasible;infeasible;infeasible;infeasible;infeasible;infeasible,0;0;0;0;0;0;0;0;0;0;0;0,infeasible;infeasible;infeasible;infeasible;infeasible;infeasible;infeasible;infeasible;infeasible;infeasible;infeasible;infeasible,infeasible;infeasible;infeasible;infeasible;infeasible;infeasible;infeasible;infeasible;infeasible;infeasible;infeasible;infeasible,0;1;2;3;4;5;6;7;8;9;10;11,STRUCTURAL_ZERO;STRUCTURAL_ZERO;STRUCTURAL_ZERO;STRUCTURAL_ZERO;STRUCTURAL_ZERO;STRUCTURAL_ZERO;STRUCTURAL_ZERO;STRUCTURAL_ZERO;STRUCTURAL_ZERO;STRUCTURAL_ZERO;STRUCTURAL_ZERO;STRUCTURAL_ZERO,12,0,0,,OK
red2_6800:295,,infeasible;infeasible;infeasible;infeasible;infeasible;infeasible;infeasible;infeasible;infeasible;infeasible;infeasible;infeasible,0;0;0;0;0;0;0;0;0;0;0;0,infeasible;infeasible;infeasible;infeasible;infeasible;infeasible;infeasible;infeasible;infeasible;infeasible;infeasible;infeasible,infeasible;infeasible;infeasible;infeasible;infeasible;infeasible;infeasible;infeasible;infeasible;infeasible;infeasible;infeasible,0;1;2;3;4;5;6;7;8;9;10;11,STRUCTURAL_ZERO;STRUCTURAL_ZERO;STRUCTURAL_ZERO;STRUCTURAL_ZERO;STRUCTURAL_ZERO;STRUCTURAL_ZERO;STRUCTURAL_ZERO;STRUCTURAL_ZERO;STRUCTURAL_ZERO;STRUCTURAL_ZERO;STRUCTURAL_ZERO;STRUCTURAL_ZERO,12,0,0,,OK
red2_6800:296,,infeasible;infeasible;infeasible;infeasible;infeasible;infeasible;infeasible;infeasible;infeasible;infeasible;infeasible;infeasible,0;0;0;0;0;0;0;0;0;0;0;0,infeasible;infeasible;infeasible;infeasible;infeasible;infeasible;infeasible;infeasible;infeasible;infeasible;infeasible;infeasible,infeasible;infeasible;infeasible;infeasible;infeasible;infeasible;infeasible;infeasible;infeasible;infeasible;infeasible;infeasible,0;1;2;3;4;5;6;7;8;9;10;11,STRUCTURAL_ZERO;STRUCTURAL_ZERO;STRUCTURAL_ZERO;STRUCTURAL_ZERO;STRUCTURAL_ZERO;STRUCTURAL_ZERO;STRUCTURAL_ZERO;STRUCTURAL_ZERO;STRUCTURAL_ZERO;STRUCTURAL_ZERO;STRUCTURAL_ZERO;STRUCTURAL_ZERO,12,0,0,,OK
red2_6800:297,,infeasible;infeasible;infeasible;infeasible;infeasible;infeasible;infeasible;infeasible;infeasible;infeasible;infeasible;infeasible,0;0;0;0;0;0;0;0;0;0;0;0,infeasible;infeasible;infeasible;infeasible;infeasible;infeasible;infeasible;infeasible;infeasible;infeasible;infeasible;infeasible,infeasible;infeasible;infeasible;infeasible;infeasible;infeasible;infeasible;infeasible;infeasible;infeasible;infeasible;infeasible,0;1;2;3;4;5;6;7;8;9;10;11,STRUCTURAL_ZERO;STRUCTURAL_ZERO;STRUCTURAL_ZERO;STRUCTURAL_ZERO;STRUCTURAL_ZERO;STRUCTURAL_ZERO;STRUCTURAL_ZERO;STRUCTURAL_ZERO;STRUCTURAL_ZERO;STRUCTURAL_ZERO;STRUCTURAL_ZERO;STRUCTURAL_ZERO,12,0,0,,OK
red2_6800:298,,infeasible;infeasible;infeasible;infeasible;infeasible;infeasible;infeasible;infeasible;infeasible;infeasible;infeasible;infeasible,0;0;0;0;0;0;0;0;0;0;0;0,infeasible;infeasible;infeasible;infeasible;infeasible;infeasible;infeasible;infeasible;infeasible;infeasible;infeasible;infeasible,infeasible;infeasible;infeasible;infeasible;infeasible;infeasible;infeasible;infeasible;infeasible;infeasible;infeasible;infeasible,0;1;2;3;4;5;6;7;8;9;10;11,STRUCTURAL_ZERO;STRUCTURAL_ZERO;STRUCTURAL_ZERO;STRUCTURAL_ZERO;STRUCTURAL_ZERO;STRUCTURAL_ZERO;STRUCTURAL_ZERO;STRUCTURAL_ZERO;STRUCTURAL_ZERO;STRUCTURAL_ZERO;STRUCTURAL_ZERO;STRUCTURAL_ZERO,12,0,0,,OK
red2_6800:299,,infeasible;infeasible;infeasible;infeasible;infeasible;infeasible;infeasible;infeasible;infeasible;infeasible;infeasible;infeasible,0;0;0;0;0;0;0;0;0;0;0;0,infeasible;infeasible;infeasible;infeasible;infeasible;infeasible;infeasible;infeasible;infeasible;infeasible;infeasible;infeasible,infeasible;infeasible;infeasible;infeasible;infeasible;infeasible;infeasible;infeasible;infeasible;infeasible;infeasible;infeasible,0;1;2;3;4;5;6;7;8;9;10;11,STRUCTURAL_ZERO;STRUCTURAL_ZERO;STRUCTURAL_ZERO;STRUCTURAL_ZERO;STRUCTURAL_ZERO;STRUCTURAL_ZERO;STRUCTURAL_ZERO;STRUCTURAL_ZERO;STRUCTURAL_ZERO;STRUCTURAL_ZERO;STRUCTURAL_ZERO;STRUCTURAL_ZERO,12,0,0,,OK
red2_6800:300,,infeasible;infeasible;infeasible;infeasible;infeasible;infeasible;infeasible;infeasible;infeasible;infeasible;infeasible;infeasible,0;0;0;0;0;0;0;0;0;0;0;0,infeasible;infeasible;infeasible;infeasible;infeasible;infeasible;infeasible;infeasible;infeasible;infeasible;infeasible;infeasible,infeasible;infeasible;infeasible;infeasible;infeasible;infeasible;infeasible;infeasible;infeasible;infeasible;infeasible;infeasible,0;1;2;3;4;5;6;7;8;9;10;11,STRUCTURAL_ZERO;STRUCTURAL_ZERO;STRUCTURAL_ZERO;STRUCTURAL_ZERO;STRUCTURAL_ZERO;STRUCTURAL_ZERO;STRUCTURAL_ZERO;STRUCTURAL_ZERO;STRUCTURAL_ZERO;STRUCTURAL_ZERO;STRUCTURAL_ZERO;STRUCTURAL_ZERO,12,0,0,,OK
red2_6800:301,,infeasible;infeasible;infeasible;infeasible;infeasible;infeasible;infeasible;infeasible;infeasible;infeasible;infeasible;infeasible,0;0;0;0;0;0;0;0;0;0;0;0,infeasible;infeasible;infeasible;infeasible;infeasible;infeasible;infeasible;infeasible;infeasible;infeasible;infeasible;infeasible,infeasible;infeasible;infeasible;infeasible;infeasible;infeasible;infeasible;infeasible;infeasible;infeasible;infeasible;infeasible,0;1;2;3;4;5;6;7;8;9;10;11,STRUCTURAL_ZERO;STRUCTURAL_ZERO;STRUCTURAL_ZERO;STRUCTURAL_ZERO;STRUCTURAL_ZERO;STRUCTURAL_ZERO;STRUCTURAL_ZERO;STRUCTURAL_ZERO;STRUCTURAL_ZERO;STRUCTURAL_ZERO;STRUCTURAL_ZERO;STRUCTURAL_ZERO,12,0,0,,OK
red2_6800:302,,infeasible;infeasible;infeasible;infeasible;infeasible;infeasible;infeasible;infeasible;infeasible;infeasible;infeasible;infeasible,0;0;0;0;0;0;0;0;0;0;0;0,infeasible;infeasible;infeasible;infeasible;infeasible;infeasible;infeasible;infeasible;infeasible;infeasible;infeasible;infeasible,infeasible;infeasible;infeasible;infeasible;infeasible;infeasible;infeasible;infeasible;infeasible;infeasible;infeasible;infeasible,0;1;2;3;4;5;6;7;8;9;10;11,STRUCTURAL_ZERO;STRUCTURAL_ZERO;STRUCTURAL_ZERO;STRUCTURAL_ZERO;STRUCTURAL_ZERO;STRUCTURAL_ZERO;STRUCTURAL_ZERO;STRUCTURAL_ZERO;STRUCTURAL_ZERO;STRUCTURAL_ZERO;STRUCTURAL_ZERO;STRUCTURAL_ZERO,12,0,0,,OK
red2_6800:303,,infeasible;infeasible;infeasible;infeasible;infeasible;infeasible;infeasible;infeasible;infeasible;infeasible;infeasible;infeasible,0;0;0;0;0;0;0;0;0;0;0;0,infeasible;infeasible;infeasible;infeasible;infeasible;infeasible;infeasible;infeasible;infeasible;infeasible;infeasible;infeasible,infeasible;infeasible;infeasible;infeasible;infeasible;infeasible;infeasible;infeasible;infeasible;infeasible;infeasible;infeasible,0;1;2;3;4;5;6;7;8;9;10;11,STRUCTURAL_ZERO;STRUCTURAL_ZERO;STRUCTURAL_ZERO;STRUCTURAL_ZERO;STRUCTURAL_ZERO;STRUCTURAL_ZERO;STRUCTURAL_ZERO;STRUCTURAL_ZERO;STRUCTURAL_ZERO;STRUCTURAL_ZERO;STRUCTURAL_ZERO;STRUCTURAL_ZERO,12,0,0,,OK
red2_6800:304,,infeasible;infeasible;infeasible;infeasible;infeasible;infeasible;infeasible;infeasible;infeasible;infeasible;infeasible;infeasible,0;0;0;0;0;0;0;0;0;0;0;0,infeasible;infeasible;infeasible;infeasible;infeasible;infeasible;infeasible;infeasible;infeasible;infeasible;infeasible;infeasible,infeasible;infeasible;infeasible;infeasible;infeasible;infeasible;infeasible;infeasible;infeasible;infeasible;infeasible;infeasible,0;1;2;3;4;5;6;7;8;9;10;11,STRUCTURAL_ZERO;STRUCTURAL_ZERO;STRUCTURAL_ZERO;STRUCTURAL_ZERO;STRUCTURAL_ZERO;STRUCTURAL_ZERO;STRUCTURAL_ZERO;STRUCTURAL_ZERO;STRUCTURAL_ZERO;STRUCTURAL_ZERO;STRUCTURAL_ZERO;STRUCTURAL_ZERO,12,0,0,,OK
red2_6800:305,,infeasible;infeasible;infeasible;infeasible;infeasible;infeasible;infeasible;infeasible;infeasible;infeasible;infeasible;infeasible,0;0;0;0;0;0;0;0;0;0;0;0,infeasible;infeasible;infeasible;infeasible;infeasible;infeasible;infeasible;infeasible;infeasible;infeasible;infeasible;infeasible,infeasible;infeasible;infeasible;infeasible;infeasible;infeasible;infeasible;infeasible;infeasible;infeasible;infeasible;infeasible,0;1;2;3;4;5;6;7;8;9;10;11,STRUCTURAL_ZERO;STRUCTURAL_ZERO;STRUCTURAL_ZERO;STRUCTURAL_ZERO;STRUCTURAL_ZERO;STRUCTURAL_ZERO;STRUCTURAL_ZERO;STRUCTURAL_ZERO;STRUCTURAL_ZERO;STRUCTURAL_ZERO;STRUCTURAL_ZERO;STRUCTURAL_ZERO,12,0,0,,OK
red2_6800:306,,infeasible;infeasible;infeasible;infeasible;infeasible;infeasible;infeasible;infeasible;infeasible;infeasible;infeasible;infeasible,0;0;0;0;0;0;0;0;0;0;0;0,infeasible;infeasible;infeasible;infeasible;infeasible;infeasible;infeasible;infeasible;infeasible;infeasible;infeasible;infeasible,infeasible;infeasible;infeasible;infeasible;infeasible;infeasible;infeasible;infeasible;infeasible;infeasible;infeasible;infeasible,0;1;2;3;4;5;6;7;8;9;10;11,STRUCTURAL_ZERO;STRUCTURAL_ZERO;STRUCTURAL_ZERO;STRUCTURAL_ZERO;STRUCTURAL_ZERO;STRUCTURAL_ZERO;STRUCTURAL_ZERO;STRUCTURAL_ZERO;STRUCTURAL_ZERO;STRUCTURAL_ZERO;STRUCTURAL_ZERO;STRUCTURAL_ZERO,12,0,0,,OK
red2_6800:307,,infeasible;infeasible;infeasible;infeasible;infeasible;infeasible;infeasible;infeasible;infeasible;infeasible;infeasible;infeasible,0;0;0;0;0;0;0;0;0;0;0;0,infeasible;infeasible;infeasible;infeasible;infeasible;infeasible;infeasible;infeasible;infeasible;infeasible;infeasible;infeasible,infeasible;infeasible;infeasible;infeasible;infeasible;infeasible;infeasible;infeasible;infeasible;infeasible;infeasible;infeasible,0;1;2;3;4;5;6;7;8;9;10;11,STRUCTURAL_ZERO;STRUCTURAL_ZERO;STRUCTURAL_ZERO;STRUCTURAL_ZERO;STRUCTURAL_ZERO;STRUCTURAL_ZERO;STRUCTURAL_ZERO;STRUCTURAL_ZERO;STRUCTURAL_ZERO;STRUCTURAL_ZERO;STRUCTURAL_ZERO;STRUCTURAL_ZERO,12,0,0,,OK
red2_6800:308,,infeasible;optimal;optimal;optimal;optimal;optimal;optimal;optimal;optimal;optimal;optimal;optimal,0;0.01033;0.4925;0.7208;1.075;1.369;1.423;1.448;1.401;1.31;1.044;0.07184,infeasible;optimal;optimal;optimal;optimal;optimal;optimal;optimal;optimal;optimal;optimal;optimal,infeasible;optimal;optimal;optimal;optimal;optimal;optimal;optimal;optimal;optimal;optimal;optimal,0,STRUCTURAL_ZERO,1,0,0,,OK
red2_6800:309,,infeasible;infeasible;infeasible;infeasible;infeasible;infeasible;infeasible;infeasible;infeasible;infeasible;infeasible;infeasible,0;0;0;0;0;0;0;0;0;0;0;0,infeasible;infeasible;infeasible;infeasible;infeasible;infeasible;infeasible;infeasible;infeasible;infeasible;infeasible;infeasible,infeasible;infeasible;infeasible;infeasible;infeasible;infeasible;infeasible;infeasible;infeasible;infeasible;infeasible;infeasible,0;1;2;3;4;5;6;7;8;9;10;11,STRUCTURAL_ZERO;STRUCTURAL_ZERO;STRUCTURAL_ZERO;STRUCTURAL_ZERO;STRUCTURAL_ZERO;STRUCTURAL_ZERO;STRUCTURAL_ZERO;STRUCTURAL_ZERO;STRUCTURAL_ZERO;STRUCTURAL_ZERO;STRUCTURAL_ZERO;STRUCTURAL_ZERO,12,0,0,,OK
red2_6800:310,,infeasible;infeasible;infeasible;infeasible;infeasible;infeasible;infeasible;infeasible;infeasible;infeasible;infeasible;infeasible,0;0;0;0;0;0;0;0;0;0;0;0,infeasible;infeasible;infeasible;infeasible;infeasible;infeasible;infeasible;infeasible;infeasible;infeasible;infeasible;infeasible,infeasible;infeasible;infeasible;infeasible;infeasible;infeasible;infeasible;infeasible;infeasible;infeasible;infeasible;infeasible,0;1;2;3;4;5;6;7;8;9;10;11,STRUCTURAL_ZERO;STRUCTURAL_ZERO;STRUCTURAL_ZERO;STRUCTURAL_ZERO;STRUCTURAL_ZERO;STRUCTURAL_ZERO;STRUCTURAL_ZERO;STRUCTURAL_ZERO;STRUCTURAL_ZERO;STRUCTURAL_ZERO;STRUCTURAL_ZERO;STRUCTURAL_ZERO,12,0,0,,OK
red2_6800:311,,infeasible;infeasible;infeasible;infeasible;infeasible;infeasible;infeasible;infeasible;infeasible;infeasible;infeasible;infeasible,0;0;0;0;0;0;0;0;0;0;0;0,infeasible;infeasible;infeasible;infeasible;infeasible;infeasible;infeasible;infeasible;infeasible;infeasible;infeasible;infeasible,infeasible;infeasible;infeasible;infeasible;infeasible;infeasible;infeasible;infeasible;infeasible;infeasible;infeasible;infeasible,0;1;2;3;4;5;6;7;8;9;10;11,STRUCTURAL_ZERO;STRUCTURAL_ZERO;STRUCTURAL_ZERO;STRUCTURAL_ZERO;STRUCTURAL_ZERO;STRUCTURAL_ZERO;STRUCTURAL_ZERO;STRUCTURAL_ZERO;STRUCTURAL_ZERO;STRUCTURAL_ZERO;STRUCTURAL_ZERO;STRUCTURAL_ZERO,12,0,0,,OK
red2_6800:312,,infeasible;infeasible;infeasible;infeasible;infeasible;infeasible;infeasible;infeasible;infeasible;infeasible;infeasible;infeasible,0;0;0;0;0;0;0;0;0;0;0;0,infeasible;infeasible;infeasible;infeasible;infeasible;infeasible;infeasible;infeasible;infeasible;infeasible;infeasible;infeasible,infeasible;infeasible;infeasible;infeasible;infeasible;infeasible;infeasible;infeasible;infeasible;infeasible;infeasible;infeasible,0;1;2;3;4;5;6;7;8;9;10;11,STRUCTURAL_ZERO;STRUCTURAL_ZERO;STRUCTURAL_ZERO;STRUCTURAL_ZERO;STRUCTURAL_ZERO;STRUCTURAL_ZERO;STRUCTURAL_ZERO;STRUCTURAL_ZERO;STRUCTURAL_ZERO;STRUCTURAL_ZERO;STRUCTURAL_ZERO;STRUCTURAL_ZERO,12,0,0,,OK
red2_6800:313,,infeasible;infeasible;infeasible;infeasible;infeasible;infeasible;infeasible;infeasible;infeasible;infeasible;infeasible;infeasible,0;0;0;0;0;0;0;0;0;0;0;0,infeasible;infeasible;infeasible;infeasible;infeasible;infeasible;infeasible;infeasible;infeasible;infeasible;infeasible;infeasible,infeasible;infeasible;infeasible;infeasible;infeasible;infeasible;infeasible;infeasible;infeasible;infeasible;infeasible;infeasible,0;1;2;3;4;5;6;7;8;9;10;11,STRUCTURAL_ZERO;STRUCTURAL_ZERO;STRUCTURAL_ZERO;STRUCTURAL_ZERO;STRUCTURAL_ZERO;STRUCTURAL_ZERO;STRUCTURAL_ZERO;STRUCTURAL_ZERO;STRUCTURAL_ZERO;STRUCTURAL_ZERO;STRUCTURAL_ZERO;STRUCTURAL_ZERO,12,0,0,,OK
red2_6800:314,,infeasible;infeasible;infeasible;infeasible;infeasible;infeasible;infeasible;infeasible;infeasible;infeasible;infeasible;infeasible,0;0;0;0;0;0;0;0;0;0;0;0,infeasible;infeasible;infeasible;infeasible;infeasible;infeasible;infeasible;infeasible;infeasible;infeasible;infeasible;infeasible,infeasible;infeasible;infeasible;infeasible;infeasible;infeasible;infeasible;infeasible;infeasible;infeasible;infeasible;infeasible,0;1;2;3;4;5;6;7;8;9;10;11,STRUCTURAL_ZERO;STRUCTURAL_ZERO;STRUCTURAL_ZERO;STRUCTURAL_ZERO;STRUCTURAL_ZERO;STRUCTURAL_ZERO;STRUCTURAL_ZERO;STRUCTURAL_ZERO;STRUCTURAL_ZERO;STRUCTURAL_ZERO;STRUCTURAL_ZERO;STRUCTURAL_ZERO,12,0,0,,OK
red2_6800:315,,infeasible;infeasible;infeasible;infeasible;infeasible;infeasible;infeasible;infeasible;infeasible;infeasible;infeasible;infeasible,0;0;0;0;0;0;0;0;0;0;0;0,infeasible;infeasible;infeasible;infeasible;infeasible;infeasible;infeasible;infeasible;infeasible;infeasible;infeasible;infeasible,infeasible;infeasible;infeasible;infeasible;infeasible;infeasible;infeasible;infeasible;infeasible;infeasible;infeasible;infeasible,0;1;2;3;4;5;6;7;8;9;10;11,STRUCTURAL_ZERO;STRUCTURAL_ZERO;STRUCTURAL_ZERO;STRUCTURAL_ZERO;STRUCTURAL_ZERO;STRUCTURAL_ZERO;STRUCTURAL_ZERO;STRUCTURAL_ZERO;STRUCTURAL_ZERO;STRUCTURAL_ZERO;STRUCTURAL_ZERO;STRUCTURAL_ZERO,12,0,0,,OK
red2_6800:316,,infeasible;infeasible;infeasible;infeasible;infeasible;infeasible;infeasible;infeasible;infeasible;infeasible;infeasible;infeasible,0;0;0;0;0;0;0;0;0;0;0;0,infeasible;infeasible;infeasible;infeasible;infeasible;infeasible;infeasible;infeasible;infeasible;infeasible;infeasible;infeasible,infeasible;infeasible;infeasible;infeasible;infeasible;infeasible;infeasible;infeasible;infeasible;infeasible;infeasible;infeasible,0;1;2;3;4;5;6;7;8;9;10;11,STRUCTURAL_ZERO;STRUCTURAL_ZERO;STRUCTURAL_ZERO;STRUCTURAL_ZERO;STRUCTURAL_ZERO;STRUCTURAL_ZERO;STRUCTURAL_ZERO;STRUCTURAL_ZERO;STRUCTURAL_ZERO;STRUCTURAL_ZERO;STRUCTURAL_ZERO;STRUCTURAL_ZERO,12,0,0,,OK
red2_6800:317,,infeasible;infeasible;infeasible;infeasible;infeasible;infeasible;infeasible;infeasible;infeasible;infeasible;infeasible;infeasible,0;0;0;0;0;0;0;0;0;0;0;0,infeasible;infeasible;infeasible;infeasible;infeasible;infeasible;infeasible;infeasible;infeasible;infeasible;infeasible;infeasible,infeasible;infeasible;infeasible;infeasible;infeasible;infeasible;infeasible;infeasible;infeasible;infeasible;infeasible;infeasible,0;1;2;3;4;5;6;7;8;9;10;11,STRUCTURAL_ZERO;STRUCTURAL_ZERO;STRUCTURAL_ZERO;STRUCTURAL_ZERO;STRUCTURAL_ZERO;STRUCTURAL_ZERO;STRUCTURAL_ZERO;STRUCTURAL_ZERO;STRUCTURAL_ZERO;STRUCTURAL_ZERO;STRUCTURAL_ZERO;STRUCTURAL_ZERO,12,0,0,,OK
red2_6800:318,,infeasible;infeasible;infeasible;infeasible;infeasible;infeasible;infeasible;infeasible;infeasible;infeasible;infeasible;infeasible,0;0;0;0;0;0;0;0;0;0;0;0,infeasible;infeasible;infeasible;infeasible;infeasible;infeasible;infeasible;infeasible;infeasible;infeasible;infeasible;infeasible,infeasible;infeasible;infeasible;infeasible;infeasible;infeasible;infeasible;infeasible;infeasible;infeasible;infeasible;infeasible,0;1;2;3;4;5;6;7;8;9;10;11,STRUCTURAL_ZERO;STRUCTURAL_ZERO;STRUCTURAL_ZERO;STRUCTURAL_ZERO;STRUCTURAL_ZERO;STRUCTURAL_ZERO;STRUCTURAL_ZERO;STRUCTURAL_ZERO;STRUCTURAL_ZERO;STRUCTURAL_ZERO;STRUCTURAL_ZERO;STRUCTURAL_ZERO,12,0,0,,OK
red2_6800:319,,infeasible;infeasible;infeasible;infeasible;infeasible;infeasible;infeasible;infeasible;infeasible;infeasible;infeasible;infeasible,0;0;0;0;0;0;0;0;0;0;0;0,infeasible;infeasible;infeasible;infeasible;infeasible;infeasible;infeasible;infeasible;infeasible;infeasible;infeasible;infeasible,infeasible;infeasible;infeasible;infeasible;infeasible;infeasible;infeasible;infeasible;infeasible;infeasible;infeasible;infeasible,0;1;2;3;4;5;6;7;8;9;10;11,STRUCTURAL_ZERO;STRUCTURAL_ZERO;STRUCTURAL_ZERO;STRUCTURAL_ZERO;STRUCTURAL_ZERO;STRUCTURAL_ZERO;STRUCTURAL_ZERO;STRUCTURAL_ZERO;STRUCTURAL_ZERO;STRUCTURAL_ZERO;STRUCTURAL_ZERO;STRUCTURAL_ZERO,12,0,0,,OK
red2_6800:320,,infeasible;infeasible;infeasible;infeasible;infeasible;infeasible;infeasible;infeasible;infeasible;infeasible;infeasible;infeasible,0;0;0;0;0;0;0;0;0;0;0;0,infeasible;infeasible;infeasible;infeasible;infeasible;infeasible;infeasible;infeasible;infeasible;infeasible;infeasible;infeasible,infeasible;infeasible;infeasible;infeasible;infeasible;infeasible;infeasible;infeasible;infeasible;infeasible;infeasible;infeasible,0;1;2;3;4;5;6;7;8;9;10;11,STRUCTURAL_ZERO;STRUCTURAL_ZERO;STRUCTURAL_ZERO;STRUCTURAL_ZERO;STRUCTURAL_ZERO;STRUCTURAL_ZERO;STRUCTURAL_ZERO;STRUCTURAL_ZERO;STRUCTURAL_ZERO;STRUCTURAL_ZERO;STRUCTURAL_ZERO;STRUCTURAL_ZERO,12,0,0,,OK
red2_6800:321,,infeasible;infeasible;infeasible;infeasible;infeasible;infeasible;infeasible;infeasible;infeasible;infeasible;infeasible;infeasible,0;0;0;0;0;0;0;0;0;0;0;0,infeasible;infeasible;infeasible;infeasible;infeasible;infeasible;infeasible;infeasible;infeasible;infeasible;infeasible;infeasible,infeasible;infeasible;infeasible;infeasible;infeasible;infeasible;infeasible;infeasible;infeasible;infeasible;infeasible;infeasible,0;1;2;3;4;5;6;7;8;9;10;11,STRUCTURAL_ZERO;STRUCTURAL_ZERO;STRUCTURAL_ZERO;STRUCTURAL_ZERO;STRUCTURAL_ZERO;STRUCTURAL_ZERO;STRUCTURAL_ZERO;STRUCTURAL_ZERO;STRUCTURAL_ZERO;STRUCTURAL_ZERO;STRUCTURAL_ZERO;STRUCTURAL_ZERO,12,0,0,,OK
red2_6800:322,,infeasible;infeasible;infeasible;infeasible;infeasible;infeasible;infeasible;infeasible;infeasible;infeasible;infeasible;infeasible,0;0;0;0;0;0;0;0;0;0;0;0,infeasible;infeasible;infeasible;infeasible;infeasible;infeasible;infeasible;infeasible;infeasible;infeasible;infeasible;infeasible,infeasible;infeasible;infeasible;infeasible;infeasible;infeasible;infeasible;infeasible;infeasible;infeasible;infeasible;infeasible,0;1;2;3;4;5;6;7;8;9;10;11,STRUCTURAL_ZERO;STRUCTURAL_ZERO;STRUCTURAL_ZERO;STRUCTURAL_ZERO;STRUCTURAL_ZERO;STRUCTURAL_ZERO;STRUCTURAL_ZERO;STRUCTURAL_ZERO;STRUCTURAL_ZERO;STRUCTURAL_ZERO;STRUCTURAL_ZERO;STRUCTURAL_ZERO,12,0,0,,OK
red2_6800:323,,infeasible;infeasible;infeasible;infeasible;infeasible;infeasible;infeasible;infeasible;infeasible;infeasible;infeasible;infeasible,0;0;0;0;0;0;0;0;0;0;0;0,infeasible;infeasible;infeasible;infeasible;infeasible;infeasible;infeasible;infeasible;infeasible;infeasible;infeasible;infeasible,infeasible;infeasible;infeasible;infeasible;infeasible;infeasible;infeasible;infeasible;infeasible;infeasible;infeasible;infeasible,0;1;2;3;4;5;6;7;8;9;10;11,STRUCTURAL_ZERO;STRUCTURAL_ZERO;STRUCTURAL_ZERO;STRUCTURAL_ZERO;STRUCTURAL_ZERO;STRUCTURAL_ZERO;STRUCTURAL_ZERO;STRUCTURAL_ZERO;STRUCTURAL_ZERO;STRUCTURAL_ZERO;STRUCTURAL_ZERO;STRUCTURAL_ZERO,12,0,0,,OK
red2_6800:324,,infeasible;infeasible;infeasible;infeasible;infeasible;infeasible;infeasible;infeasible;infeasible;infeasible;infeasible;infeasible,0;0;0;0;0;0;0;0;0;0;0;0,infeasible;infeasible;infeasible;infeasible;infeasible;infeasible;infeasible;infeasible;infeasible;infeasible;infeasible;infeasible,infeasible;infeasible;infeasible;infeasible;infeasible;infeasible;infeasible;infeasible;infeasible;infeasible;infeasible;infeasible,0;1;2;3;4;5;6;7;8;9;10;11,STRUCTURAL_ZERO;STRUCTURAL_ZERO;STRUCTURAL_ZERO;STRUCTURAL_ZERO;STRUCTURAL_ZERO;STRUCTURAL_ZERO;STRUCTURAL_ZERO;STRUCTURAL_ZERO;STRUCTURAL_ZERO;STRUCTURAL_ZERO;STRUCTURAL_ZERO;STRUCTURAL_ZERO,12,0,0,,OK
red2_6800:325,,infeasible;infeasible;infeasible;infeasible;infeasible;infeasible;infeasible;infeasible;infeasible;infeasible;infeasible;infeasible,0;0;0;0;0;0;0;0;0;0;0;0,infeasible;infeasible;infeasible;infeasible;infeasible;infeasible;infeasible;infeasible;infeasible;infeasible;infeasible;infeasible,infeasible;infeasible;infeasible;infeasible;infeasible;infeasible;infeasible;infeasible;infeasible;infeasible;infeasible;infeasible,0;1;2;3;4;5;6;7;8;9;10;11,STRUCTURAL_ZERO;STRUCTURAL_ZERO;STRUCTURAL_ZERO;STRUCTURAL_ZERO;STRUCTURAL_ZERO;STRUCTURAL_ZERO;STRUCTURAL_ZERO;STRUCTURAL_ZERO;STRUCTURAL_ZERO;STRUCTURAL_ZERO;STRUCTURAL_ZERO;STRUCTURAL_ZERO,12,0,0,,OK
red2_6800:326,,infeasible;infeasible;infeasible;infeasible;infeasible;infeasible;infeasible;infeasible;infeasible;infeasible;infeasible;infeasible,0;0;0;0;0;0;0;0;0;0;0;0,infeasible;infeasible;infeasible;infeasible;infeasible;infeasible;infeasible;infeasible;infeasible;infeasible;infeasible;infeasible,infeasible;infeasible;infeasible;infeasible;infeasible;infeasible;infeasible;infeasible;infeasible;infeasible;infeasible;infeasible,0;1;2;3;4;5;6;7;8;9;10;11,STRUCTURAL_ZERO;STRUCTURAL_ZERO;STRUCTURAL_ZERO;STRUCTURAL_ZERO;STRUCTURAL_ZERO;STRUCTURAL_ZERO;STRUCTURAL_ZERO;STRUCTURAL_ZERO;STRUCTURAL_ZERO;STRUCTURAL_ZERO;STRUCTURAL_ZERO;STRUCTURAL_ZERO,12,0,0,,OK
red2_6800:327,,infeasible;infeasible;infeasible;infeasible;infeasible;infeasible;infeasible;infeasible;infeasible;infeasible;infeasible;infeasible,0;0;0;0;0;0;0;0;0;0;0;0,infeasible;infeasible;infeasible;infeasible;infeasible;infeasible;infeasible;infeasible;infeasible;infeasible;infeasible;infeasible,infeasible;infeasible;infeasible;infeasible;infeasible;infeasible;infeasible;infeasible;infeasible;infeasible;infeasible;infeasible,0;1;2;3;4;5;6;7;8;9;10;11,STRUCTURAL_ZERO;STRUCTURAL_ZERO;STRUCTURAL_ZERO;STRUCTURAL_ZERO;STRUCTURAL_ZERO;STRUCTURAL_ZERO;STRUCTURAL_ZERO;STRUCTURAL_ZERO;STRUCTURAL_ZERO;STRUCTURAL_ZERO;STRUCTURAL_ZERO;STRUCTURAL_ZERO,12,0,0,,OK
red2_6800:328,,infeasible;infeasible;infeasible;infeasible;infeasible;infeasible;infeasible;infeasible;infeasible;infeasible;infeasible;infeasible,0;0;0;0;0;0;0;0;0;0;0;0,infeasible;infeasible;infeasible;infeasible;infeasible;infeasible;infeasible;infeasible;infeasible;infeasible;infeasible;infeasible,infeasible;infeasible;infeasible;infeasible;infeasible;infeasible;infeasible;infeasible;infeasible;infeasible;infeasible;infeasible,0;1;2;3;4;5;6;7;8;9;10;11,STRUCTURAL_ZERO;STRUCTURAL_ZERO;STRUCTURAL_ZERO;STRUCTURAL_ZERO;STRUCTURAL_ZERO;STRUCTURAL_ZERO;STRUCTURAL_ZERO;STRUCTURAL_ZERO;STRUCTURAL_ZERO;STRUCTURAL_ZERO;STRUCTURAL_ZERO;STRUCTURAL_ZERO,12,0,0,,OK
red2_6800:329,,infeasible;infeasible;infeasible;infeasible;infeasible;infeasible;infeasible;infeasible;infeasible;infeasible;infeasible;infeasible,0;0;0;0;0;0;0;0;0;0;0;0,infeasible;infeasible;infeasible;infeasible;infeasible;infeasible;infeasible;infeasible;infeasible;infeasible;infeasible;infeasible,infeasible;infeasible;infeasible;infeasible;infeasible;infeasible;infeasible;infeasible;infeasible;infeasible;infeasible;infeasible,0;1;2;3;4;5;6;7;8;9;10;11,STRUCTURAL_ZERO;STRUCTURAL_ZERO;STRUCTURAL_ZERO;STRUCTURAL_ZERO;STRUCTURAL_ZERO;STRUCTURAL_ZERO;STRUCTURAL_ZERO;STRUCTURAL_ZERO;STRUCTURAL_ZERO;STRUCTURAL_ZERO;STRUCTURAL_ZERO;STRUCTURAL_ZERO,12,0,0,,OK
red2_6800:330,,infeasible;infeasible;infeasible;infeasible;infeasible;infeasible;infeasible;infeasible;infeasible;infeasible;infeasible;infeasible,0;0;0;0;0;0;0;0;0;0;0;0,infeasible;infeasible;infeasible;infeasible;infeasible;infeasible;infeasible;infeasible;infeasible;infeasible;infeasible;infeasible,infeasible;infeasible;infeasible;infeasible;infeasible;infeasible;infeasible;infeasible;infeasible;infeasible;infeasible;infeasible,0;1;2;3;4;5;6;7;8;9;10;11,STRUCTURAL_ZERO;STRUCTURAL_ZERO;STRUCTURAL_ZERO;STRUCTURAL_ZERO;STRUCTURAL_ZERO;STRUCTURAL_ZERO;STRUCTURAL_ZERO;STRUCTURAL_ZERO;STRUCTURAL_ZERO;STRUCTURAL_ZERO;STRUCTURAL_ZERO;STRUCTURAL_ZERO,12,0,0,,OK
red2_6800:331,,infeasible;infeasible;infeasible;infeasible;infeasible;infeasible;infeasible;infeasible;infeasible;infeasible;infeasible;infeasible,0;0;0;0;0;0;0;0;0;0;0;0,infeasible;infeasible;infeasible;infeasible;infeasible;infeasible;infeasible;infeasible;infeasible;infeasible;infeasible;infeasible,infeasible;infeasible;infeasible;infeasible;infeasible;infeasible;infeasible;infeasible;infeasible;infeasible;infeasible;infeasible,0;1;2;3;4;5;6;7;8;9;10;11,STRUCTURAL_ZERO;STRUCTURAL_ZERO;STRUCTURAL_ZERO;STRUCTURAL_ZERO;STRUCTURAL_ZERO;STRUCTURAL_ZERO;STRUCTURAL_ZERO;STRUCTURAL_ZERO;STRUCTURAL_ZERO;STRUCTURAL_ZERO;STRUCTURAL_ZERO;STRUCTURAL_ZERO,12,0,0,,OK
red2_6800:332,,infeasible;infeasible;infeasible;infeasible;infeasible;infeasible;infeasible;infeasible;infeasible;infeasible;infeasible;infeasible,0;0;0;0;0;0;0;0;0;0;0;0,infeasible;infeasible;infeasible;infeasible;infeasible;infeasible;infeasible;infeasible;infeasible;infeasible;infeasible;infeasible,infeasible;infeasible;infeasible;infeasible;infeasible;infeasible;infeasible;infeasible;infeasible;infeasible;infeasible;infeasible,0;1;2;3;4;5;6;7;8;9;10;11,STRUCTURAL_ZERO;STRUCTURAL_ZERO;STRUCTURAL_ZERO;STRUCTURAL_ZERO;STRUCTURAL_ZERO;STRUCTURAL_ZERO;STRUCTURAL_ZERO;STRUCTURAL_ZERO;STRUCTURAL_ZERO;STRUCTURAL_ZERO;STRUCTURAL_ZERO;STRUCTURAL_ZERO,12,0,0,,OK
red2_6800:333,,infeasible;infeasible;infeasible;infeasible;infeasible;infeasible;infeasible;infeasible;infeasible;infeasible;infeasible;infeasible,0;0;0;0;0;0;0;0;0;0;0;0,infeasible;infeasible;infeasible;infeasible;infeasible;infeasible;infeasible;infeasible;infeasible;infeasible;infeasible;infeasible,infeasible;infeasible;infeasible;infeasible;infeasible;infeasible;infeasible;infeasible;infeasible;infeasible;infeasible;infeasible,0;1;2;3;4;5;6;7;8;9;10;11,STRUCTURAL_ZERO;STRUCTURAL_ZERO;STRUCTURAL_ZERO;STRUCTURAL_ZERO;STRUCTURAL_ZERO;STRUCTURAL_ZERO;STRUCTURAL_ZERO;STRUCTURAL_ZERO;STRUCTURAL_ZERO;STRUCTURAL_ZERO;STRUCTURAL_ZERO;STRUCTURAL_ZERO,12,0,0,,OK
red2_6800:334,,infeasible;infeasible;infeasible;infeasible;infeasible;infeasible;infeasible;infeasible;infeasible;infeasible;infeasible;infeasible,0;0;0;0;0;0;0;0;0;0;0;0,infeasible;infeasible;infeasible;infeasible;infeasible;infeasible;infeasible;infeasible;infeasible;infeasible;infeasible;infeasible,infeasible;infeasible;infeasible;infeasible;infeasible;infeasible;infeasible;infeasible;infeasible;infeasible;infeasible;infeasible,0;1;2;3;4;5;6;7;8;9;10;11,STRUCTURAL_ZERO;STRUCTURAL_ZERO;STRUCTURAL_ZERO;STRUCTURAL_ZERO;STRUCTURAL_ZERO;STRUCTURAL_ZERO;STRUCTURAL_ZERO;STRUCTURAL_ZERO;STRUCTURAL_ZERO;STRUCTURAL_ZERO;STRUCTURAL_ZERO;STRUCTURAL_ZERO,12,0,0,,OK
red2_6800:335,,infeasible;infeasible;infeasible;infeasible;infeasible;infeasible;infeasible;infeasible;infeasible;infeasible;infeasible;infeasible,0;0;0;0;0;0;0;0;0;0;0;0,infeasible;infeasible;infeasible;infeasible;infeasible;infeasible;infeasible;infeasible;infeasible;infeasible;infeasible;infeasible,infeasible;infeasible;infeasible;infeasible;infeasible;infeasible;infeasible;infeasible;infeasible;infeasible;infeasible;infeasible,0;1;2;3;4;5;6;7;8;9;10;11,STRUCTURAL_ZERO;STRUCTURAL_ZERO;STRUCTURAL_ZERO;STRUCTURAL_ZERO;STRUCTURAL_ZERO;STRUCTURAL_ZERO;STRUCTURAL_ZERO;STRUCTURAL_ZERO;STRUCTURAL_ZERO;STRUCTURAL_ZERO;STRUCTURAL_ZERO;STRUCTURAL_ZERO,12,0,0,,OK
red2_6800:336,,infeasible;infeasible;infeasible;infeasible;infeasible;infeasible;infeasible;infeasible;infeasible;infeasible;infeasible;infeasible,0;0;0;0;0;0;0;0;0;0;0;0,infeasible;infeasible;infeasible;infeasible;infeasible;infeasible;infeasible;infeasible;infeasible;infeasible;infeasible;infeasible,infeasible;infeasible;infeasible;infeasible;infeasible;infeasible;infeasible;infeasible;infeasible;infeasible;infeasible;infeasible,0;1;2;3;4;5;6;7;8;9;10;11,STRUCTURAL_ZERO;STRUCTURAL_ZERO;STRUCTURAL_ZERO;STRUCTURAL_ZERO;STRUCTURAL_ZERO;STRUCTURAL_ZERO;STRUCTURAL_ZERO;STRUCTURAL_ZERO;STRUCTURAL_ZERO;STRUCTURAL_ZERO;STRUCTURAL_ZERO;STRUCTURAL_ZERO,12,0,0,,OK
red2_6800:337,,infeasible;infeasible;infeasible;infeasible;infeasible;infeasible;infeasible;infeasible;infeasible;infeasible;infeasible;infeasible,0;0;0;0;0;0;0;0;0;0;0;0,infeasible;infeasible;infeasible;infeasible;infeasible;infeasible;infeasible;infeasible;infeasible;infeasible;infeasible;infeasible,infeasible;infeasible;infeasible;infeasible;infeasible;infeasible;infeasible;infeasible;infeasible;infeasible;infeasible;infeasible,0;1;2;3;4;5;6;7;8;9;10;11,STRUCTURAL_ZERO;STRUCTURAL_ZERO;STRUCTURAL_ZERO;STRUCTURAL_ZERO;STRUCTURAL_ZERO;STRUCTURAL_ZERO;STRUCTURAL_ZERO;STRUCTURAL_ZERO;STRUCTURAL_ZERO;STRUCTURAL_ZERO;STRUCTURAL_ZERO;STRUCTURAL_ZERO,12,0,0,,OK
red2_6800:338,,infeasible;infeasible;infeasible;infeasible;infeasible;infeasible;infeasible;infeasible;infeasible;infeasible;infeasible;infeasible,0;0;0;0;0;0;0;0;0;0;0;0,infeasible;infeasible;infeasible;infeasible;infeasible;infeasible;infeasible;infeasible;infeasible;infeasible;infeasible;infeasible,infeasible;infeasible;infeasible;infeasible;infeasible;infeasible;infeasible;infeasible;infeasible;infeasible;infeasible;infeasible,0;1;2;3;4;5;6;7;8;9;10;11,STRUCTURAL_ZERO;STRUCTURAL_ZERO;STRUCTURAL_ZERO;STRUCTURAL_ZERO;STRUCTURAL_ZERO;STRUCTURAL_ZERO;STRUCTURAL_ZERO;STRUCTURAL_ZERO;STRUCTURAL_ZERO;STRUCTURAL_ZERO;STRUCTURAL_ZERO;STRUCTURAL_ZERO,12,0,0,,OK
red2_6800:339,,infeasible;infeasible;infeasible;infeasible;infeasible;infeasible;infeasible;infeasible;infeasible;infeasible;infeasible;infeasible,0;0;0;0;0;0;0;0;0;0;0;0,infeasible;infeasible;infeasible;infeasible;infeasible;infeasible;infeasible;infeasible;infeasible;infeasible;infeasible;infeasible,infeasible;infeasible;infeasible;infeasible;infeasible;infeasible;infeasible;infeasible;infeasible;infeasible;infeasible;infeasible,0;1;2;3;4;5;6;7;8;9;10;11,STRUCTURAL_ZERO;STRUCTURAL_ZERO;STRUCTURAL_ZERO;STRUCTURAL_ZERO;STRUCTURAL_ZERO;STRUCTURAL_ZERO;STRUCTURAL_ZERO;STRUCTURAL_ZERO;STRUCTURAL_ZERO;STRUCTURAL_ZERO;STRUCTURAL_ZERO;STRUCTURAL_ZERO,12,0,0,,OK
red2_6800:340,,infeasible;infeasible;infeasible;infeasible;infeasible;infeasible;infeasible;infeasible;infeasible;infeasible;infeasible;infeasible,0;0;0;0;0;0;0;0;0;0;0;0,infeasible;infeasible;infeasible;infeasible;infeasible;infeasible;infeasible;infeasible;infeasible;infeasible;infeasible;infeasible,infeasible;infeasible;infeasible;infeasible;infeasible;infeasible;infeasible;infeasible;infeasible;infeasible;infeasible;infeasible,0;1;2;3;4;5;6;7;8;9;10;11,STRUCTURAL_ZERO;STRUCTURAL_ZERO;STRUCTURAL_ZERO;STRUCTURAL_ZERO;STRUCTURAL_ZERO;STRUCTURAL_ZERO;STRUCTURAL_ZERO;STRUCTURAL_ZERO;STRUCTURAL_ZERO;STRUCTURAL_ZERO;STRUCTURAL_ZERO;STRUCTURAL_ZERO,12,0,0,,OK
red2_6800:341,,infeasible;infeasible;infeasible;infeasible;infeasible;infeasible;infeasible;infeasible;infeasible;infeasible;infeasible;infeasible,0;0;0;0;0;0;0;0;0;0;0;0,infeasible;infeasible;infeasible;infeasible;infeasible;infeasible;infeasible;infeasible;infeasible;infeasible;infeasible;infeasible,infeasible;infeasible;infeasible;infeasible;infeasible;infeasible;infeasible;infeasible;infeasible;infeasible;infeasible;infeasible,0;1;2;3;4;5;6;7;8;9;10;11,STRUCTURAL_ZERO;STRUCTURAL_ZERO;STRUCTURAL_ZERO;STRUCTURAL_ZERO;STRUCTURAL_ZERO;STRUCTURAL_ZERO;STRUCTURAL_ZERO;STRUCTURAL_ZERO;STRUCTURAL_ZERO;STRUCTURAL_ZERO;STRUCTURAL_ZERO;STRUCTURAL_ZERO,12,0,0,,OK
red2_6800:342,,infeasible;infeasible;infeasible;infeasible;infeasible;infeasible;infeasible;infeasible;infeasible;infeasible;infeasible;infeasible,0;0;0;0;0;0;0;0;0;0;0;0,infeasible;infeasible;infeasible;infeasible;infeasible;infeasible;infeasible;infeasible;infeasible;infeasible;infeasible;infeasible,infeasible;infeasible;infeasible;infeasible;infeasible;infeasible;infeasible;infeasible;infeasible;infeasible;infeasible;infeasible,0;1;2;3;4;5;6;7;8;9;10;11,STRUCTURAL_ZERO;STRUCTURAL_ZERO;STRUCTURAL_ZERO;STRUCTURAL_ZERO;STRUCTURAL_ZERO;STRUCTURAL_ZERO;STRUCTURAL_ZERO;STRUCTURAL_ZERO;STRUCTURAL_ZERO;STRUCTURAL_ZERO;STRUCTURAL_ZERO;STRUCTURAL_ZERO,12,0,0,,OK
red2_6800:343,,infeasible;infeasible;infeasible;infeasible;infeasible;infeasible;infeasible;infeasible;infeasible;infeasible;infeasible;infeasible,0;0;0;0;0;0;0;0;0;0;0;0,infeasible;infeasible;infeasible;infeasible;infeasible;infeasible;infeasible;infeasible;infeasible;infeasible;infeasible;infeasible,infeasible;infeasible;infeasible;infeasible;infeasible;infeasible;infeasible;infeasible;infeasible;infeasible;infeasible;infeasible,0;1;2;3;4;5;6;7;8;9;10;11,STRUCTURAL_ZERO;STRUCTURAL_ZERO;STRUCTURAL_ZERO;STRUCTURAL_ZERO;STRUCTURAL_ZERO;STRUCTURAL_ZERO;STRUCTURAL_ZERO;STRUCTURAL_ZERO;STRUCTURAL_ZERO;STRUCTURAL_ZERO;STRUCTURAL_ZERO;STRUCTURAL_ZERO,12,0,0,,OK
red2_6800:344,,infeasible;infeasible;infeasible;infeasible;infeasible;infeasible;infeasible;infeasible;infeasible;infeasible;infeasible;infeasible,0;0;0;0;0;0;0;0;0;0;0;0,infeasible;infeasible;infeasible;infeasible;infeasible;infeasible;infeasible;infeasible;infeasible;infeasible;infeasible;infeasible,infeasible;infeasible;infeasible;infeasible;infeasible;infeasible;infeasible;infeasible;infeasible;infeasible;infeasible;infeasible,0;1;2;3;4;5;6;7;8;9;10;11,STRUCTURAL_ZERO;STRUCTURAL_ZERO;STRUCTURAL_ZERO;STRUCTURAL_ZERO;STRUCTURAL_ZERO;STRUCTURAL_ZERO;STRUCTURAL_ZERO;STRUCTURAL_ZERO;STRUCTURAL_ZERO;STRUCTURAL_ZERO;STRUCTURAL_ZERO;STRUCTURAL_ZERO,12,0,0,,OK
red2_6800:345,,infeasible;infeasible;infeasible;infeasible;infeasible;infeasible;infeasible;infeasible;infeasible;infeasible;infeasible;infeasible,0;0;0;0;0;0;0;0;0;0;0;0,infeasible;infeasible;infeasible;infeasible;infeasible;infeasible;infeasible;infeasible;infeasible;infeasible;infeasible;infeasible,infeasible;infeasible;infeasible;infeasible;infeasible;infeasible;infeasible;infeasible;infeasible;infeasible;infeasible;infeasible,0;1;2;3;4;5;6;7;8;9;10;11,STRUCTURAL_ZERO;STRUCTURAL_ZERO;STRUCTURAL_ZERO;STRUCTURAL_ZERO;STRUCTURAL_ZERO;STRUCTURAL_ZERO;STRUCTURAL_ZERO;STRUCTURAL_ZERO;STRUCTURAL_ZERO;STRUCTURAL_ZERO;STRUCTURAL_ZERO;STRUCTURAL_ZERO,12,0,0,,OK
red2_6800:346,,infeasible;infeasible;infeasible;infeasible;infeasible;infeasible;infeasible;infeasible;infeasible;infeasible;infeasible;infeasible,0;0;0;0;0;0;0;0;0;0;0;0,infeasible;infeasible;infeasible;infeasible;infeasible;infeasible;infeasible;infeasible;infeasible;infeasible;infeasible;infeasible,infeasible;infeasible;infeasible;infeasible;infeasible;infeasible;infeasible;infeasible;infeasible;infeasible;infeasible;infeasible,0;1;2;3;4;5;6;7;8;9;10;11,STRUCTURAL_ZERO;STRUCTURAL_ZERO;STRUCTURAL_ZERO;STRUCTURAL_ZERO;STRUCTURAL_ZERO;STRUCTURAL_ZERO;STRUCTURAL_ZERO;STRUCTURAL_ZERO;STRUCTURAL_ZERO;STRUCTURAL_ZERO;STRUCTURAL_ZERO;STRUCTURAL_ZERO,12,0,0,,OK
red2_6800:347,,infeasible;infeasible;infeasible;infeasible;infeasible;infeasible;infeasible;infeasible;infeasible;infeasible;infeasible;infeasible,0;0;0;0;0;0;0;0;0;0;0;0,infeasible;infeasible;infeasible;infeasible;infeasible;infeasible;infeasible;infeasible;infeasible;infeasible;infeasible;infeasible,infeasible;infeasible;infeasible;infeasible;infeasible;infeasible;infeasible;infeasible;infeasible;infeasible;infeasible;infeasible,0;1;2;3;4;5;6;7;8;9;10;11,STRUCTURAL_ZERO;STRUCTURAL_ZERO;STRUCTURAL_ZERO;STRUCTURAL_ZERO;STRUCTURAL_ZERO;STRUCTURAL_ZERO;STRUCTURAL_ZERO;STRUCTURAL_ZERO;STRUCTURAL_ZERO;STRUCTURAL_ZERO;STRUCTURAL_ZERO;STRUCTURAL_ZERO,12,0,0,,OK
red2_6800:348,,infeasible;infeasible;infeasible;infeasible;infeasible;infeasible;infeasible;infeasible;infeasible;infeasible;infeasible;infeasible,0;0;0;0;0;0;0;0;0;0;0;0,infeasible;infeasible;infeasible;infeasible;infeasible;infeasible;infeasible;infeasible;infeasible;infeasible;infeasible;infeasible,infeasible;infeasible;infeasible;infeasible;infeasible;infeasible;infeasible;infeasible;infeasible;infeasible;infeasible;infeasible,0;1;2;3;4;5;6;7;8;9;10;11,STRUCTURAL_ZERO;STRUCTURAL_ZERO;STRUCTURAL_ZERO;STRUCTURAL_ZERO;STRUCTURAL_ZERO;STRUCTURAL_ZERO;STRUCTURAL_ZERO;STRUCTURAL_ZERO;STRUCTURAL_ZERO;STRUCTURAL_ZERO;STRUCTURAL_ZERO;STRUCTURAL_ZERO,12,0,0,,OK
red2_6800:349,,infeasible;infeasible;infeasible;infeasible;infeasible;infeasible;infeasible;infeasible;infeasible;infeasible;infeasible;infeasible,0;0;0;0;0;0;0;0;0;0;0;0,infeasible;infeasible;infeasible;infeasible;infeasible;infeasible;infeasible;infeasible;infeasible;infeasible;infeasible;infeasible,infeasible;infeasible;infeasible;infeasible;infeasible;infeasible;infeasible;infeasible;infeasible;infeasible;infeasible;infeasible,0;1;2;3;4;5;6;7;8;9;10;11,STRUCTURAL_ZERO;STRUCTURAL_ZERO;STRUCTURAL_ZERO;STRUCTURAL_ZERO;STRUCTURAL_ZERO;STRUCTURAL_ZERO;STRUCTURAL_ZERO;STRUCTURAL_ZERO;STRUCTURAL_ZERO;STRUCTURAL_ZERO;STRUCTURAL_ZERO;STRUCTURAL_ZERO,12,0,0,,OK
red2_6800:350,,infeasible;infeasible;infeasible;infeasible;infeasible;infeasible;infeasible;infeasible;infeasible;infeasible;infeasible;infeasible,0;0;0;0;0;0;0;0;0;0;0;0,infeasible;infeasible;infeasible;infeasible;infeasible;infeasible;infeasible;infeasible;infeasible;infeasible;infeasible;infeasible,infeasible;infeasible;infeasible;infeasible;infeasible;infeasible;infeasible;infeasible;infeasible;infeasible;infeasible;infeasible,0;1;2;3;4;5;6;7;8;9;10;11,STRUCTURAL_ZERO;STRUCTURAL_ZERO;STRUCTURAL_ZERO;STRUCTURAL_ZERO;STRUCTURAL_ZERO;STRUCTURAL_ZERO;STRUCTURAL_ZERO;STRUCTURAL_ZERO;STRUCTURAL_ZERO;STRUCTURAL_ZERO;STRUCTURAL_ZERO;STRUCTURAL_ZERO,12,0,0,,OK
red2_6800:351,,infeasible;infeasible;infeasible;infeasible;infeasible;infeasible;infeasible;infeasible;infeasible;infeasible;infeasible;infeasible,0;0;0;0;0;0;0;0;0;0;0;0,infeasible;infeasible;infeasible;infeasible;infeasible;infeasible;infeasible;infeasible;infeasible;infeasible;infeasible;infeasible,infeasible;infeasible;infeasible;infeasible;infeasible;infeasible;infeasible;infeasible;infeasible;infeasible;infeasible;infeasible,0;1;2;3;4;5;6;7;8;9;10;11,STRUCTURAL_ZERO;STRUCTURAL_ZERO;STRUCTURAL_ZERO;STRUCTURAL_ZERO;STRUCTURAL_ZERO;STRUCTURAL_ZERO;STRUCTURAL_ZERO;STRUCTURAL_ZERO;STRUCTURAL_ZERO;STRUCTURAL_ZERO;STRUCTURAL_ZERO;STRUCTURAL_ZERO,12,0,0,,OK
red2_6800:352,,infeasible;infeasible;infeasible;infeasible;infeasible;infeasible;infeasible;infeasible;infeasible;infeasible;infeasible;infeasible,0;0;0;0;0;0;0;0;0;0;0;0,infeasible;infeasible;infeasible;infeasible;infeasible;infeasible;infeasible;infeasible;infeasible;infeasible;infeasible;infeasible,infeasible;infeasible;infeasible;infeasible;infeasible;infeasible;infeasible;infeasible;infeasible;infeasible;infeasible;infeasible,0;1;2;3;4;5;6;7;8;9;10;11,STRUCTURAL_ZERO;STRUCTURAL_ZERO;STRUCTURAL_ZERO;STRUCTURAL_ZERO;STRUCTURAL_ZERO;STRUCTURAL_ZERO;STRUCTURAL_ZERO;STRUCTURAL_ZERO;STRUCTURAL_ZERO;STRUCTURAL_ZERO;STRUCTURAL_ZERO;STRUCTURAL_ZERO,12,0,0,,OK
red2_6800:353,,infeasible;infeasible;infeasible;infeasible;infeasible;infeasible;infeasible;infeasible;infeasible;infeasible;infeasible;infeasible,0;0;0;0;0;0;0;0;0;0;0;0,infeasible;infeasible;infeasible;infeasible;infeasible;infeasible;infeasible;infeasible;infeasible;infeasible;infeasible;infeasible,infeasible;infeasible;infeasible;infeasible;infeasible;infeasible;infeasible;infeasible;infeasible;infeasible;infeasible;infeasible,0;1;2;3;4;5;6;7;8;9;10;11,STRUCTURAL_ZERO;STRUCTURAL_ZERO;STRUCTURAL_ZERO;STRUCTURAL_ZERO;STRUCTURAL_ZERO;STRUCTURAL_ZERO;STRUCTURAL_ZERO;STRUCTURAL_ZERO;STRUCTURAL_ZERO;STRUCTURAL_ZERO;STRUCTURAL_ZERO;STRUCTURAL_ZERO,12,0,0,,OK
red2_6800:354,,infeasible;infeasible;infeasible;infeasible;infeasible;infeasible;infeasible;infeasible;infeasible;infeasible;infeasible;infeasible,0;0;0;0;0;0;0;0;0;0;0;0,infeasible;infeasible;infeasible;infeasible;infeasible;infeasible;infeasible;infeasible;infeasible;infeasible;infeasible;infeasible,infeasible;infeasible;infeasible;infeasible;infeasible;infeasible;infeasible;infeasible;infeasible;infeasible;infeasible;infeasible,0;1;2;3;4;5;6;7;8;9;10;11,STRUCTURAL_ZERO;STRUCTURAL_ZERO;STRUCTURAL_ZERO;STRUCTURAL_ZERO;STRUCTURAL_ZERO;STRUCTURAL_ZERO;STRUCTURAL_ZERO;STRUCTURAL_ZERO;STRUCTURAL_ZERO;STRUCTURAL_ZERO;STRUCTURAL_ZERO;STRUCTURAL_ZERO,12,0,0,,OK
red2_6800:355,,infeasible;infeasible;infeasible;infeasible;infeasible;infeasible;infeasible;infeasible;infeasible;infeasible;infeasible;infeasible,0;0;0;0;0;0;0;0;0;0;0;0,infeasible;infeasible;infeasible;infeasible;infeasible;infeasible;infeasible;infeasible;infeasible;infeasible;infeasible;infeasible,infeasible;infeasible;infeasible;infeasible;infeasible;infeasible;infeasible;infeasible;infeasible;infeasible;infeasible;infeasible,0;1;2;3;4;5;6;7;8;9;10;11,STRUCTURAL_ZERO;STRUCTURAL_ZERO;STRUCTURAL_ZERO;STRUCTURAL_ZERO;STRUCTURAL_ZERO;STRUCTURAL_ZERO;STRUCTURAL_ZERO;STRUCTURAL_ZERO;STRUCTURAL_ZERO;STRUCTURAL_ZERO;STRUCTURAL_ZERO;STRUCTURAL_ZERO,12,0,0,,OK
red2_6800:356,,infeasible;infeasible;infeasible;infeasible;infeasible;infeasible;infeasible;infeasible;infeasible;infeasible;infeasible;infeasible,0;0;0;0;0;0;0;0;0;0;0;0,infeasible;infeasible;infeasible;infeasible;infeasible;infeasible;infeasible;infeasible;infeasible;infeasible;infeasible;infeasible,infeasible;infeasible;infeasible;infeasible;infeasible;infeasible;infeasible;infeasible;infeasible;infeasible;infeasible;infeasible,0;1;2;3;4;5;6;7;8;9;10;11,STRUCTURAL_ZERO;STRUCTURAL_ZERO;STRUCTURAL_ZERO;STRUCTURAL_ZERO;STRUCTURAL_ZERO;STRUCTURAL_ZERO;STRUCTURAL_ZERO;STRUCTURAL_ZERO;STRUCTURAL_ZERO;STRUCTURAL_ZERO;STRUCTURAL_ZERO;STRUCTURAL_ZERO,12,0,0,,OK
red2_6800:357,,infeasible;infeasible;infeasible;infeasible;infeasible;infeasible;infeasible;infeasible;infeasible;infeasible;infeasible;infeasible,0;0;0;0;0;0;0;0;0;0;0;0,infeasible;infeasible;infeasible;infeasible;infeasible;infeasible;infeasible;infeasible;infeasible;infeasible;infeasible;infeasible,infeasible;infeasible;infeasible;infeasible;infeasible;infeasible;infeasible;infeasible;infeasible;infeasible;infeasible;infeasible,0;1;2;3;4;5;6;7;8;9;10;11,STRUCTURAL_ZERO;STRUCTURAL_ZERO;STRUCTURAL_ZERO;STRUCTURAL_ZERO;STRUCTURAL_ZERO;STRUCTURAL_ZERO;STRUCTURAL_ZERO;STRUCTURAL_ZERO;STRUCTURAL_ZERO;STRUCTURAL_ZERO;STRUCTURAL_ZERO;STRUCTURAL_ZERO,12,0,0,,OK
red2_6800:358,,infeasible;infeasible;infeasible;infeasible;infeasible;infeasible;infeasible;infeasible;infeasible;infeasible;infeasible;infeasible,0;0;0;0;0;0;0;0;0;0;0;0,infeasible;infeasible;infeasible;infeasible;infeasible;infeasible;infeasible;infeasible;infeasible;infeasible;infeasible;infeasible,infeasible;infeasible;infeasible;infeasible;infeasible;infeasible;infeasible;infeasible;infeasible;infeasible;infeasible;infeasible,0;1;2;3;4;5;6;7;8;9;10;11,STRUCTURAL_ZERO;STRUCTURAL_ZERO;STRUCTURAL_ZERO;STRUCTURAL_ZERO;STRUCTURAL_ZERO;STRUCTURAL_ZERO;STRUCTURAL_ZERO;STRUCTURAL_ZERO;STRUCTURAL_ZERO;STRUCTURAL_ZERO;STRUCTURAL_ZERO;STRUCTURAL_ZERO,12,0,0,,OK
red2_6800:359,,infeasible;infeasible;infeasible;infeasible;infeasible;infeasible;infeasible;infeasible;infeasible;infeasible;infeasible;infeasible,0;0;0;0;0;0;0;0;0;0;0;0,infeasible;infeasible;infeasible;infeasible;infeasible;infeasible;infeasible;infeasible;infeasible;infeasible;infeasible;infeasible,infeasible;infeasible;infeasible;infeasible;infeasible;infeasible;infeasible;infeasible;infeasible;infeasible;infeasible;infeasible,0;1;2;3;4;5;6;7;8;9;10;11,STRUCTURAL_ZERO;STRUCTURAL_ZERO;STRUCTURAL_ZERO;STRUCTURAL_ZERO;STRUCTURAL_ZERO;STRUCTURAL_ZERO;STRUCTURAL_ZERO;STRUCTURAL_ZERO;STRUCTURAL_ZERO;STRUCTURAL_ZERO;STRUCTURAL_ZERO;STRUCTURAL_ZERO,12,0,0,,OK
red2_6800:360,,infeasible;infeasible;infeasible;infeasible;infeasible;infeasible;infeasible;infeasible;infeasible;infeasible;infeasible;infeasible,0;0;0;0;0;0;0;0;0;0;0;0,infeasible;infeasible;infeasible;infeasible;infeasible;infeasible;infeasible;infeasible;infeasible;infeasible;infeasible;infeasible,infeasible;infeasible;infeasible;infeasible;infeasible;infeasible;infeasible;infeasible;infeasible;infeasible;infeasible;infeasible,0;1;2;3;4;5;6;7;8;9;10;11,STRUCTURAL_ZERO;STRUCTURAL_ZERO;STRUCTURAL_ZERO;STRUCTURAL_ZERO;STRUCTURAL_ZERO;STRUCTURAL_ZERO;STRUCTURAL_ZERO;STRUCTURAL_ZERO;STRUCTURAL_ZERO;STRUCTURAL_ZERO;STRUCTURAL_ZERO;STRUCTURAL_ZERO,12,0,0,,OK
red2_6800:361,,infeasible;infeasible;infeasible;infeasible;infeasible;infeasible;infeasible;infeasible;infeasible;infeasible;infeasible;infeasible,0;0;0;0;0;0;0;0;0;0;0;0,infeasible;infeasible;infeasible;infeasible;infeasible;infeasible;infeasible;infeasible;infeasible;infeasible;infeasible;infeasible,infeasible;infeasible;infeasible;infeasible;infeasible;infeasible;infeasible;infeasible;infeasible;infeasible;infeasible;infeasible,0;1;2;3;4;5;6;7;8;9;10;11,STRUCTURAL_ZERO;STRUCTURAL_ZERO;STRUCTURAL_ZERO;STRUCTURAL_ZERO;STRUCTURAL_ZERO;STRUCTURAL_ZERO;STRUCTURAL_ZERO;STRUCTURAL_ZERO;STRUCTURAL_ZERO;STRUCTURAL_ZERO;STRUCTURAL_ZERO;STRUCTURAL_ZERO,12,0,0,,OK
red2_6800:362,,infeasible;optimal;optimal;optimal;optimal;optimal;optimal;optimal;optimal;optimal;optimal;optimal,0;0.12;0.5035;0.7474;1.171;1.428;1.443;1.408;1.291;1.075;0.8106;0.2188,infeasible;optimal;optimal;optimal;optimal;optimal;optimal;optimal;optimal;optimal;optimal;optimal,infeasible;optimal;optimal;optimal;optimal;optimal;optimal;optimal;optimal;optimal;optimal;optimal,0,STRUCTURAL_ZERO,1,0,0,,OK
red2_6800:363,,infeasible;infeasible;infeasible;infeasible;infeasible;infeasible;infeasible;infeasible;infeasible;infeasible;infeasible;infeasible,0;0;0;0;0;0;0;0;0;0;0;0,infeasible;infeasible;infeasible;infeasible;infeasible;infeasible;infeasible;infeasible;infeasible;infeasible;infeasible;infeasible,infeasible;infeasible;infeasible;infeasible;infeasible;infeasible;infeasible;infeasible;infeasible;infeasible;infeasible;infeasible,0;1;2;3;4;5;6;7;8;9;10;11,STRUCTURAL_ZERO;STRUCTURAL_ZERO;STRUCTURAL_ZERO;STRUCTURAL_ZERO;STRUCTURAL_ZERO;STRUCTURAL_ZERO;STRUCTURAL_ZERO;STRUCTURAL_ZERO;STRUCTURAL_ZERO;STRUCTURAL_ZERO;STRUCTURAL_ZERO;STRUCTURAL_ZERO,12,0,0,,OK
red2_6800:364,,infeasible;infeasible;infeasible;infeasible;infeasible;infeasible;infeasible;infeasible;infeasible;infeasible;infeasible;infeasible,0;0;0;0;0;0;0;0;0;0;0;0,infeasible;infeasible;infeasible;infeasible;infeasible;infeasible;infeasible;infeasible;infeasible;infeasible;infeasible;infeasible,infeasible;infeasible;infeasible;infeasible;infeasible;infeasible;infeasible;infeasible;infeasible;infeasible;infeasible;infeasible,0;1;2;3;4;5;6;7;8;9;10;11,STRUCTURAL_ZERO;STRUCTURAL_ZERO;STRUCTURAL_ZERO;STRUCTURAL_ZERO;STRUCTURAL_ZERO;STRUCTURAL_ZERO;STRUCTURAL_ZERO;STRUCTURAL_ZERO;STRUCTURAL_ZERO;STRUCTURAL_ZERO;STRUCTURAL_ZERO;STRUCTURAL_ZERO,12,0,0,,OK
red2_6800:365,,infeasible;infeasible;infeasible;infeasible;infeasible;infeasible;infeasible;infeasible;infeasible;infeasible;infeasible;infeasible,0;0;0;0;0;0;0;0;0;0;0;0,infeasible;infeasible;infeasible;infeasible;infeasible;infeasible;infeasible;infeasible;infeasible;infeasible;infeasible;infeasible,infeasible;infeasible;infeasible;infeasible;infeasible;infeasible;infeasible;infeasible;infeasible;infeasible;infeasible;infeasible,0;1;2;3;4;5;6;7;8;9;10;11,STRUCTURAL_ZERO;STRUCTURAL_ZERO;STRUCTURAL_ZERO;STRUCTURAL_ZERO;STRUCTURAL_ZERO;STRUCTURAL_ZERO;STRUCTURAL_ZERO;STRUCTURAL_ZERO;STRUCTURAL_ZERO;STRUCTURAL_ZERO;STRUCTURAL_ZERO;STRUCTURAL_ZERO,12,0,0,,OK
red2_6800:366,,infeasible;infeasible;infeasible;infeasible;infeasible;infeasible;infeasible;infeasible;infeasible;infeasible;infeasible;infeasible,0;0;0;0;0;0;0;0;0;0;0;0,infeasible;infeasible;infeasible;infeasible;infeasible;infeasible;infeasible;infeasible;infeasible;infeasible;infeasible;infeasible,infeasible;infeasible;infeasible;infeasible;infeasible;infeasible;infeasible;infeasible;infeasible;infeasible;infeasible;infeasible,0;1;2;3;4;5;6;7;8;9;10;11,STRUCTURAL_ZERO;STRUCTURAL_ZERO;STRUCTURAL_ZERO;STRUCTURAL_ZERO;STRUCTURAL_ZERO;STRUCTURAL_ZERO;STRUCTURAL_ZERO;STRUCTURAL_ZERO;STRUCTURAL_ZERO;STRUCTURAL_ZERO;STRUCTURAL_ZERO;STRUCTURAL_ZERO,12,0,0,,OK
red2_6800:367,,infeasible;infeasible;infeasible;infeasible;infeasible;infeasible;infeasible;infeasible;infeasible;infeasible;infeasible;infeasible,0;0;0;0;0;0;0;0;0;0;0;0,infeasible;infeasible;infeasible;infeasible;infeasible;infeasible;infeasible;infeasible;infeasible;infeasible;infeasible;infeasible,infeasible;infeasible;infeasible;infeasible;infeasible;infeasible;infeasible;infeasible;infeasible;infeasible;infeasible;infeasible,0;1;2;3;4;5;6;7;8;9;10;11,STRUCTURAL_ZERO;STRUCTURAL_ZERO;STRUCTURAL_ZERO;STRUCTURAL_ZERO;STRUCTURAL_ZERO;STRUCTURAL_ZERO;STRUCTURAL_ZERO;STRUCTURAL_ZERO;STRUCTURAL_ZERO;STRUCTURAL_ZERO;STRUCTURAL_ZERO;STRUCTURAL_ZERO,12,0,0,,OK
red2_6800:368,,infeasible;infeasible;infeasible;infeasible;infeasible;infeasible;infeasible;infeasible;infeasible;infeasible;infeasible;infeasible,0;0;0;0;0;0;0;0;0;0;0;0,infeasible;infeasible;infeasible;infeasible;infeasible;infeasible;infeasible;infeasible;infeasible;infeasible;infeasible;infeasible,infeasible;infeasible;infeasible;infeasible;infeasible;infeasible;infeasible;infeasible;infeasible;infeasible;infeasible;infeasible,0;1;2;3;4;5;6;7;8;9;10;11,STRUCTURAL_ZERO;STRUCTURAL_ZERO;STRUCTURAL_ZERO;STRUCTURAL_ZERO;STRUCTURAL_ZERO;STRUCTURAL_ZERO;STRUCTURAL_ZERO;STRUCTURAL_ZERO;STRUCTURAL_ZERO;STRUCTURAL_ZERO;STRUCTURAL_ZERO;STRUCTURAL_ZERO,12,0,0,,OK
red2_6800:369,,infeasible;infeasible;infeasible;infeasible;infeasible;infeasible;infeasible;infeasible;infeasible;infeasible;infeasible;infeasible,0;0;0;0;0;0;0;0;0;0;0;0,infeasible;infeasible;infeasible;infeasible;infeasible;infeasible;infeasible;infeasible;infeasible;infeasible;infeasible;infeasible,infeasible;infeasible;infeasible;infeasible;infeasible;infeasible;infeasible;infeasible;infeasible;infeasible;infeasible;infeasible,0;1;2;3;4;5;6;7;8;9;10;11,STRUCTURAL_ZERO;STRUCTURAL_ZERO;STRUCTURAL_ZERO;STRUCTURAL_ZERO;STRUCTURAL_ZERO;STRUCTURAL_ZERO;STRUCTURAL_ZERO;STRUCTURAL_ZERO;STRUCTURAL_ZERO;STRUCTURAL_ZERO;STRUCTURAL_ZERO;STRUCTURAL_ZERO,12,0,0,,OK
red2_6800:370,,infeasible;infeasible;infeasible;infeasible;infeasible;infeasible;infeasible;infeasible;infeasible;infeasible;infeasible;infeasible,0;0;0;0;0;0;0;0;0;0;0;0,infeasible;infeasible;infeasible;infeasible;infeasible;infeasible;infeasible;infeasible;infeasible;infeasible;infeasible;infeasible,infeasible;infeasible;infeasible;infeasible;infeasible;infeasible;infeasible;infeasible;infeasible;infeasible;infeasible;infeasible,0;1;2;3;4;5;6;7;8;9;10;11,STRUCTURAL_ZERO;STRUCTURAL_ZERO;STRUCTURAL_ZERO;STRUCTURAL_ZERO;STRUCTURAL_ZERO;STRUCTURAL_ZERO;STRUCTURAL_ZERO;STRUCTURAL_ZERO;STRUCTURAL_ZERO;STRUCTURAL_ZERO;STRUCTURAL_ZERO;STRUCTURAL_ZERO,12,0,0,,OK
red2_6800:371,,infeasible;infeasible;infeasible;infeasible;infeasible;infeasible;infeasible;infeasible;infeasible;infeasible;infeasible;infeasible,0;0;0;0;0;0;0;0;0;0;0;0,infeasible;infeasible;infeasible;infeasible;infeasible;infeasible;infeasible;infeasible;infeasible;infeasible;infeasible;infeasible,infeasible;infeasible;infeasible;infeasible;infeasible;infeasible;infeasible;infeasible;infeasible;infeasible;infeasible;infeasible,0;1;2;3;4;5;6;7;8;9;10;11,STRUCTURAL_ZERO;STRUCTURAL_ZERO;STRUCTURAL_ZERO;STRUCTURAL_ZERO;STRUCTURAL_ZERO;STRUCTURAL_ZERO;STRUCTURAL_ZERO;STRUCTURAL_ZERO;STRUCTURAL_ZERO;STRUCTURAL_ZERO;STRUCTURAL_ZERO;STRUCTURAL_ZERO,12,0,0,,OK
red2_6800:372,,infeasible;infeasible;infeasible;infeasible;infeasible;infeasible;infeasible;infeasible;infeasible;infeasible;infeasible;infeasible,0;0;0;0;0;0;0;0;0;0;0;0,infeasible;infeasible;infeasible;infeasible;infeasible;infeasible;infeasible;infeasible;infeasible;infeasible;infeasible;infeasible,infeasible;infeasible;infeasible;infeasible;infeasible;infeasible;infeasible;infeasible;infeasible;infeasible;infeasible;infeasible,0;1;2;3;4;5;6;7;8;9;10;11,STRUCTURAL_ZERO;STRUCTURAL_ZERO;STRUCTURAL_ZERO;STRUCTURAL_ZERO;STRUCTURAL_ZERO;STRUCTURAL_ZERO;STRUCTURAL_ZERO;STRUCTURAL_ZERO;STRUCTURAL_ZERO;STRUCTURAL_ZERO;STRUCTURAL_ZERO;STRUCTURAL_ZERO,12,0,0,,OK
red2_6800:373,,infeasible;infeasible;infeasible;infeasible;infeasible;infeasible;infeasible;infeasible;infeasible;infeasible;infeasible;infeasible,0;0;0;0;0;0;0;0;0;0;0;0,infeasible;infeasible;infeasible;infeasible;infeasible;infeasible;infeasible;infeasible;infeasible;infeasible;infeasible;infeasible,infeasible;infeasible;infeasible;infeasible;infeasible;infeasible;infeasible;infeasible;infeasible;infeasible;infeasible;infeasible,0;1;2;3;4;5;6;7;8;9;10;11,STRUCTURAL_ZERO;STRUCTURAL_ZERO;STRUCTURAL_ZERO;STRUCTURAL_ZERO;STRUCTURAL_ZERO;STRUCTURAL_ZERO;STRUCTURAL_ZERO;STRUCTURAL_ZERO;STRUCTURAL_ZERO;STRUCTURAL_ZERO;STRUCTURAL_ZERO;STRUCTURAL_ZERO,12,0,0,,OK
red2_6800:374,,infeasible;infeasible;infeasible;infeasible;infeasible;infeasible;infeasible;infeasible;infeasible;infeasible;infeasible;infeasible,0;0;0;0;0;0;0;0;0;0;0;0,infeasible;infeasible;infeasible;infeasible;infeasible;infeasible;infeasible;infeasible;infeasible;infeasible;infeasible;infeasible,infeasible;infeasible;infeasible;infeasible;infeasible;infeasible;infeasible;infeasible;infeasible;infeasible;infeasible;infeasible,0;1;2;3;4;5;6;7;8;9;10;11,STRUCTURAL_ZERO;STRUCTURAL_ZERO;STRUCTURAL_ZERO;STRUCTURAL_ZERO;STRUCTURAL_ZERO;STRUCTURAL_ZERO;STRUCTURAL_ZERO;STRUCTURAL_ZERO;STRUCTURAL_ZERO;STRUCTURAL_ZERO;STRUCTURAL_ZERO;STRUCTURAL_ZERO,12,0,0,,OK
red2_6800:375,,infeasible;infeasible;infeasible;infeasible;infeasible;infeasible;infeasible;infeasible;infeasible;infeasible;infeasible;infeasible,0;0;0;0;0;0;0;0;0;0;0;0,infeasible;infeasible;infeasible;infeasible;infeasible;infeasible;infeasible;infeasible;infeasible;infeasible;infeasible;infeasible,infeasible;infeasible;infeasible;infeasible;infeasible;infeasible;infeasible;infeasible;infeasible;infeasible;infeasible;infeasible,0;1;2;3;4;5;6;7;8;9;10;11,STRUCTURAL_ZERO;STRUCTURAL_ZERO;STRUCTURAL_ZERO;STRUCTURAL_ZERO;STRUCTURAL_ZERO;STRUCTURAL_ZERO;STRUCTURAL_ZERO;STRUCTURAL_ZERO;STRUCTURAL_ZERO;STRUCTURAL_ZERO;STRUCTURAL_ZERO;STRUCTURAL_ZERO,12,0,0,,OK
red2_6800:376,,infeasible;infeasible;infeasible;infeasible;infeasible;infeasible;infeasible;infeasible;infeasible;infeasible;infeasible;infeasible,0;0;0;0;0;0;0;0;0;0;0;0,infeasible;infeasible;infeasible;infeasible;infeasible;infeasible;infeasible;infeasible;infeasible;infeasible;infeasible;infeasible,infeasible;infeasible;infeasible;infeasible;infeasible;infeasible;infeasible;infeasible;infeasible;infeasible;infeasible;infeasible,0;1;2;3;4;5;6;7;8;9;10;11,STRUCTURAL_ZERO;STRUCTURAL_ZERO;STRUCTURAL_ZERO;STRUCTURAL_ZERO;STRUCTURAL_ZERO;STRUCTURAL_ZERO;STRUCTURAL_ZERO;STRUCTURAL_ZERO;STRUCTURAL_ZERO;STRUCTURAL_ZERO;STRUCTURAL_ZERO;STRUCTURAL_ZERO,12,0,0,,OK
red2_6800:377,,infeasible;infeasible;infeasible;infeasible;infeasible;infeasible;infeasible;infeasible;infeasible;infeasible;infeasible;infeasible,0;0;0;0;0;0;0;0;0;0;0;0,infeasible;infeasible;infeasible;infeasible;infeasible;infeasible;infeasible;infeasible;infeasible;infeasible;infeasible;infeasible,infeasible;infeasible;infeasible;infeasible;infeasible;infeasible;infeasible;infeasible;infeasible;infeasible;infeasible;infeasible,0;1;2;3;4;5;6;7;8;9;10;11,STRUCTURAL_ZERO;STRUCTURAL_ZERO;STRUCTURAL_ZERO;STRUCTURAL_ZERO;STRUCTURAL_ZERO;STRUCTURAL_ZERO;STRUCTURAL_ZERO;STRUCTURAL_ZERO;STRUCTURAL_ZERO;STRUCTURAL_ZERO;STRUCTURAL_ZERO;STRUCTURAL_ZERO,12,0,0,,OK
red2_6800:378,,infeasible;infeasible;infeasible;infeasible;infeasible;infeasible;infeasible;infeasible;infeasible;infeasible;infeasible;infeasible,0;0;0;0;0;0;0;0;0;0;0;0,infeasible;infeasible;infeasible;infeasible;infeasible;infeasible;infeasible;infeasible;infeasible;infeasible;infeasible;infeasible,infeasible;infeasible;infeasible;infeasible;infeasible;infeasible;infeasible;infeasible;infeasible;infeasible;infeasible;infeasible,0;1;2;3;4;5;6;7;8;9;10;11,STRUCTURAL_ZERO;STRUCTURAL_ZERO;STRUCTURAL_ZERO;STRUCTURAL_ZERO;STRUCTURAL_ZERO;STRUCTURAL_ZERO;STRUCTURAL_ZERO;STRUCTURAL_ZERO;STRUCTURAL_ZERO;STRUCTURAL_ZERO;STRUCTURAL_ZERO;STRUCTURAL_ZERO,12,0,0,,OK
red2_6800:379,,infeasible;infeasible;infeasible;infeasible;infeasible;infeasible;infeasible;infeasible;infeasible;infeasible;infeasible;infeasible,0;0;0;0;0;0;0;0;0;0;0;0,infeasible;infeasible;infeasible;infeasible;infeasible;infeasible;infeasible;infeasible;infeasible;infeasible;infeasible;infeasible,infeasible;infeasible;infeasible;infeasible;infeasible;infeasible;infeasible;infeasible;infeasible;infeasible;infeasible;infeasible,0;1;2;3;4;5;6;7;8;9;10;11,STRUCTURAL_ZERO;STRUCTURAL_ZERO;STRUCTURAL_ZERO;STRUCTURAL_ZERO;STRUCTURAL_ZERO;STRUCTURAL_ZERO;STRUCTURAL_ZERO;STRUCTURAL_ZERO;STRUCTURAL_ZERO;STRUCTURAL_ZERO;STRUCTURAL_ZERO;STRUCTURAL_ZERO,12,0,0,,OK
red2_6800:380,,infeasible;infeasible;infeasible;infeasible;infeasible;infeasible;infeasible;infeasible;infeasible;infeasible;infeasible;infeasible,0;0;0;0;0;0;0;0;0;0;0;0,infeasible;infeasible;infeasible;infeasible;infeasible;infeasible;infeasible;infeasible;infeasible;infeasible;infeasible;infeasible,infeasible;infeasible;infeasible;infeasible;infeasible;infeasible;infeasible;infeasible;infeasible;infeasible;infeasible;infeasible,0;1;2;3;4;5;6;7;8;9;10;11,STRUCTURAL_ZERO;STRUCTURAL_ZERO;STRUCTURAL_ZERO;STRUCTURAL_ZERO;STRUCTURAL_ZERO;STRUCTURAL_ZERO;STRUCTURAL_ZERO;STRUCTURAL_ZERO;STRUCTURAL_ZERO;STRUCTURAL_ZERO;STRUCTURAL_ZERO;STRUCTURAL_ZERO,12,0,0,,OK
red2_6800:381,,infeasible;infeasible;infeasible;infeasible;infeasible;infeasible;infeasible;infeasible;infeasible;infeasible;infeasible;infeasible,0;0;0;0;0;0;0;0;0;0;0;0,infeasible;infeasible;infeasible;infeasible;infeasible;infeasible;infeasible;infeasible;infeasible;infeasible;infeasible;infeasible,infeasible;infeasible;infeasible;infeasible;infeasible;infeasible;infeasible;infeasible;infeasible;infeasible;infeasible;infeasible,0;1;2;3;4;5;6;7;8;9;10;11,STRUCTURAL_ZERO;STRUCTURAL_ZERO;STRUCTURAL_ZERO;STRUCTURAL_ZERO;STRUCTURAL_ZERO;STRUCTURAL_ZERO;STRUCTURAL_ZERO;STRUCTURAL_ZERO;STRUCTURAL_ZERO;STRUCTURAL_ZERO;STRUCTURAL_ZERO;STRUCTURAL_ZERO,12,0,0,,OK
red2_6800:382,,infeasible;infeasible;infeasible;infeasible;infeasible;infeasible;infeasible;infeasible;infeasible;infeasible;infeasible;infeasible,0;0;0;0;0;0;0;0;0;0;0;0,infeasible;infeasible;infeasible;infeasible;infeasible;infeasible;infeasible;infeasible;infeasible;infeasible;infeasible;infeasible,infeasible;infeasible;infeasible;infeasible;infeasible;infeasible;infeasible;infeasible;infeasible;infeasible;infeasible;infeasible,0;1;2;3;4;5;6;7;8;9;10;11,STRUCTURAL_ZERO;STRUCTURAL_ZERO;STRUCTURAL_ZERO;STRUCTURAL_ZERO;STRUCTURAL_ZERO;STRUCTURAL_ZERO;STRUCTURAL_ZERO;STRUCTURAL_ZERO;STRUCTURAL_ZERO;STRUCTURAL_ZERO;STRUCTURAL_ZERO;STRUCTURAL_ZERO,12,0,0,,OK
red2_6800:383,,infeasible;infeasible;infeasible;infeasible;infeasible;infeasible;infeasible;infeasible;infeasible;infeasible;infeasible;infeasible,0;0;0;0;0;0;0;0;0;0;0;0,infeasible;infeasible;infeasible;infeasible;infeasible;infeasible;infeasible;infeasible;infeasible;infeasible;infeasible;infeasible,infeasible;infeasible;infeasible;infeasible;infeasible;infeasible;infeasible;infeasible;infeasible;infeasible;infeasible;infeasible,0;1;2;3;4;5;6;7;8;9;10;11,STRUCTURAL_ZERO;STRUCTURAL_ZERO;STRUCTURAL_ZERO;STRUCTURAL_ZERO;STRUCTURAL_ZERO;STRUCTURAL_ZERO;STRUCTURAL_ZERO;STRUCTURAL_ZERO;STRUCTURAL_ZERO;STRUCTURAL_ZERO;STRUCTURAL_ZERO;STRUCTURAL_ZERO,12,0,0,,OK
red2_6800:384,,infeasible;infeasible;infeasible;infeasible;infeasible;infeasible;infeasible;infeasible;infeasible;infeasible;infeasible;infeasible,0;0;0;0;0;0;0;0;0;0;0;0,infeasible;infeasible;infeasible;infeasible;infeasible;infeasible;infeasible;infeasible;infeasible;infeasible;infeasible;infeasible,infeasible;infeasible;infeasible;infeasible;infeasible;infeasible;infeasible;infeasible;infeasible;infeasible;infeasible;infeasible,0;1;2;3;4;5;6;7;8;9;10;11,STRUCTURAL_ZERO;STRUCTURAL_ZERO;STRUCTURAL_ZERO;STRUCTURAL_ZERO;STRUCTURAL_ZERO;STRUCTURAL_ZERO;STRUCTURAL_ZERO;STRUCTURAL_ZERO;STRUCTURAL_ZERO;STRUCTURAL_ZERO;STRUCTURAL_ZERO;STRUCTURAL_ZERO,12,0,0,,OK
red2_6800:385,,infeasible;infeasible;infeasible;infeasible;infeasible;infeasible;infeasible;infeasible;infeasible;infeasible;infeasible;infeasible,0;0;0;0;0;0;0;0;0;0;0;0,infeasible;infeasible;infeasible;infeasible;infeasible;infeasible;infeasible;infeasible;infeasible;infeasible;infeasible;infeasible,infeasible;infeasible;infeasible;infeasible;infeasible;infeasible;infeasible;infeasible;infeasible;infeasible;infeasible;infeasible,0;1;2;3;4;5;6;7;8;9;10;11,STRUCTURAL_ZERO;STRUCTURAL_ZERO;STRUCTURAL_ZERO;STRUCTURAL_ZERO;STRUCTURAL_ZERO;STRUCTURAL_ZERO;STRUCTURAL_ZERO;STRUCTURAL_ZERO;STRUCTURAL_ZERO;STRUCTURAL_ZERO;STRUCTURAL_ZERO;STRUCTURAL_ZERO,12,0,0,,OK
red2_6800:386,,infeasible;infeasible;infeasible;infeasible;infeasible;infeasible;infeasible;infeasible;infeasible;infeasible;infeasible;infeasible,0;0;0;0;0;0;0;0;0;0;0;0,infeasible;infeasible;infeasible;infeasible;infeasible;infeasible;infeasible;infeasible;infeasible;infeasible;infeasible;infeasible,infeasible;infeasible;infeasible;infeasible;infeasible;infeasible;infeasible;infeasible;infeasible;infeasible;infeasible;infeasible,0;1;2;3;4;5;6;7;8;9;10;11,STRUCTURAL_ZERO;STRUCTURAL_ZERO;STRUCTURAL_ZERO;STRUCTURAL_ZERO;STRUCTURAL_ZERO;STRUCTURAL_ZERO;STRUCTURAL_ZERO;STRUCTURAL_ZERO;STRUCTURAL_ZERO;STRUCTURAL_ZERO;STRUCTURAL_ZERO;STRUCTURAL_ZERO,12,0,0,,OK
red2_6800:387,,infeasible;infeasible;infeasible;infeasible;infeasible;infeasible;infeasible;infeasible;infeasible;infeasible;infeasible;infeasible,0;0;0;0;0;0;0;0;0;0;0;0,infeasible;infeasible;infeasible;infeasible;infeasible;infeasible;infeasible;infeasible;infeasible;infeasible;infeasible;infeasible,infeasible;infeasible;infeasible;infeasible;infeasible;infeasible;infeasible;infeasible;infeasible;infeasible;infeasible;infeasible,0;1;2;3;4;5;6;7;8;9;10;11,STRUCTURAL_ZERO;STRUCTURAL_ZERO;STRUCTURAL_ZERO;STRUCTURAL_ZERO;STRUCTURAL_ZERO;STRUCTURAL_ZERO;STRUCTURAL_ZERO;STRUCTURAL_ZERO;STRUCTURAL_ZERO;STRUCTURAL_ZERO;STRUCTURAL_ZERO;STRUCTURAL_ZERO,12,0,0,,OK
red2_6800:388,,infeasible;infeasible;infeasible;infeasible;infeasible;infeasible;infeasible;infeasible;infeasible;infeasible;infeasible;infeasible,0;0;0;0;0;0;0;0;0;0;0;0,infeasible;infeasible;infeasible;infeasible;infeasible;infeasible;infeasible;infeasible;infeasible;infeasible;infeasible;infeasible,infeasible;infeasible;infeasible;infeasible;infeasible;infeasible;infeasible;infeasible;infeasible;infeasible;infeasible;infeasible,0;1;2;3;4;5;6;7;8;9;10;11,STRUCTURAL_ZERO;STRUCTURAL_ZERO;STRUCTURAL_ZERO;STRUCTURAL_ZERO;STRUCTURAL_ZERO;STRUCTURAL_ZERO;STRUCTURAL_ZERO;STRUCTURAL_ZERO;STRUCTURAL_ZERO;STRUCTURAL_ZERO;STRUCTURAL_ZERO;STRUCTURAL_ZERO,12,0,0,,OK
red2_6800:389,,infeasible;infeasible;infeasible;infeasible;infeasible;infeasible;infeasible;infeasible;infeasible;infeasible;infeasible;infeasible,0;0;0;0;0;0;0;0;0;0;0;0,infeasible;infeasible;infeasible;infeasible;infeasible;infeasible;infeasible;infeasible;infeasible;infeasible;infeasible;infeasible,infeasible;infeasible;infeasible;infeasible;infeasible;infeasible;infeasible;infeasible;infeasible;infeasible;infeasible;infeasible,0;1;2;3;4;5;6;7;8;9;10;11,STRUCTURAL_ZERO;STRUCTURAL_ZERO;STRUCTURAL_ZERO;STRUCTURAL_ZERO;STRUCTURAL_ZERO;STRUCTURAL_ZERO;STRUCTURAL_ZERO;STRUCTURAL_ZERO;STRUCTURAL_ZERO;STRUCTURAL_ZERO;STRUCTURAL_ZERO;STRUCTURAL_ZERO,12,0,0,,OK
red2_6800:390,,infeasible;infeasible;infeasible;infeasible;infeasible;infeasible;infeasible;infeasible;infeasible;infeasible;infeasible;infeasible,0;0;0;0;0;0;0;0;0;0;0;0,infeasible;infeasible;infeasible;infeasible;infeasible;infeasible;infeasible;infeasible;infeasible;infeasible;infeasible;infeasible,infeasible;infeasible;infeasible;infeasible;infeasible;infeasible;infeasible;infeasible;infeasible;infeasible;infeasible;infeasible,0;1;2;3;4;5;6;7;8;9;10;11,STRUCTURAL_ZERO;STRUCTURAL_ZERO;STRUCTURAL_ZERO;STRUCTURAL_ZERO;STRUCTURAL_ZERO;STRUCTURAL_ZERO;STRUCTURAL_ZERO;STRUCTURAL_ZERO;STRUCTURAL_ZERO;STRUCTURAL_ZERO;STRUCTURAL_ZERO;STRUCTURAL_ZERO,12,0,0,,OK
red2_6800:391,,infeasible;infeasible;infeasible;infeasible;infeasible;infeasible;infeasible;infeasible;infeasible;infeasible;infeasible;infeasible,0;0;0;0;0;0;0;0;0;0;0;0,infeasible;infeasible;infeasible;infeasible;infeasible;infeasible;infeasible;infeasible;infeasible;infeasible;infeasible;infeasible,infeasible;infeasible;infeasible;infeasible;infeasible;infeasible;infeasible;infeasible;infeasible;infeasible;infeasible;infeasible,0;1;2;3;4;5;6;7;8;9;10;11,STRUCTURAL_ZERO;STRUCTURAL_ZERO;STRUCTURAL_ZERO;STRUCTURAL_ZERO;STRUCTURAL_ZERO;STRUCTURAL_ZERO;STRUCTURAL_ZERO;STRUCTURAL_ZERO;STRUCTURAL_ZERO;STRUCTURAL_ZERO;STRUCTURAL_ZERO;STRUCTURAL_ZERO,12,0,0,,OK
red2_6800:392,,infeasible;infeasible;infeasible;infeasible;infeasible;infeasible;infeasible;infeasible;infeasible;infeasible;infeasible;infeasible,0;0;0;0;0;0;0;0;0;0;0;0,infeasible;infeasible;infeasible;infeasible;infeasible;infeasible;infeasible;infeasible;infeasible;infeasible;infeasible;infeasible,infeasible;infeasible;infeasible;infeasible;infeasible;infeasible;infeasible;infeasible;infeasible;infeasible;infeasible;infeasible,0;1;2;3;4;5;6;7;8;9;10;11,STRUCTURAL_ZERO;STRUCTURAL_ZERO;STRUCTURAL_ZERO;STRUCTURAL_ZERO;STRUCTURAL_ZERO;STRUCTURAL_ZERO;STRUCTURAL_ZERO;STRUCTURAL_ZERO;STRUCTURAL_ZERO;STRUCTURAL_ZERO;STRUCTURAL_ZERO;STRUCTURAL_ZERO,12,0,0,,OK
red2_6800:393,,infeasible;infeasible;infeasible;infeasible;infeasible;infeasible;infeasible;infeasible;infeasible;infeasible;infeasible;infeasible,0;0;0;0;0;0;0;0;0;0;0;0,infeasible;infeasible;infeasible;infeasible;infeasible;infeasible;infeasible;infeasible;infeasible;infeasible;infeasible;infeasible,infeasible;infeasible;infeasible;infeasible;infeasible;infeasible;infeasible;infeasible;infeasible;infeasible;infeasible;infeasible,0;1;2;3;4;5;6;7;8;9;10;11,STRUCTURAL_ZERO;STRUCTURAL_ZERO;STRUCTURAL_ZERO;STRUCTURAL_ZERO;STRUCTURAL_ZERO;STRUCTURAL_ZERO;STRUCTURAL_ZERO;STRUCTURAL_ZERO;STRUCTURAL_ZERO;STRUCTURAL_ZERO;STRUCTURAL_ZERO;STRUCTURAL_ZERO,12,0,0,,OK
red2_6800:394,,infeasible;infeasible;infeasible;infeasible;infeasible;infeasible;infeasible;infeasible;infeasible;infeasible;infeasible;infeasible,0;0;0;0;0;0;0;0;0;0;0;0,infeasible;infeasible;infeasible;infeasible;infeasible;infeasible;infeasible;infeasible;infeasible;infeasible;infeasible;infeasible,infeasible;infeasible;infeasible;infeasible;infeasible;infeasible;infeasible;infeasible;infeasible;infeasible;infeasible;infeasible,0;1;2;3;4;5;6;7;8;9;10;11,STRUCTURAL_ZERO;STRUCTURAL_ZERO;STRUCTURAL_ZERO;STRUCTURAL_ZERO;STRUCTURAL_ZERO;STRUCTURAL_ZERO;STRUCTURAL_ZERO;STRUCTURAL_ZERO;STRUCTURAL_ZERO;STRUCTURAL_ZERO;STRUCTURAL_ZERO;STRUCTURAL_ZERO,12,0,0,,OK
red2_6800:395,,infeasible;infeasible;infeasible;infeasible;infeasible;infeasible;infeasible;infeasible;infeasible;infeasible;infeasible;infeasible,0;0;0;0;0;0;0;0;0;0;0;0,infeasible;infeasible;infeasible;infeasible;infeasible;infeasible;infeasible;infeasible;infeasible;infeasible;infeasible;infeasible,infeasible;infeasible;infeasible;infeasible;infeasible;infeasible;infeasible;infeasible;infeasible;infeasible;infeasible;infeasible,0;1;2;3;4;5;6;7;8;9;10;11,STRUCTURAL_ZERO;STRUCTURAL_ZERO;STRUCTURAL_ZERO;STRUCTURAL_ZERO;STRUCTURAL_ZERO;STRUCTURAL_ZERO;STRUCTURAL_ZERO;STRUCTURAL_ZERO;STRUCTURAL_ZERO;STRUCTURAL_ZERO;STRUCTURAL_ZERO;STRUCTURAL_ZERO,12,0,0,,OK
red2_6800:396,,infeasible;infeasible;infeasible;infeasible;infeasible;infeasible;infeasible;infeasible;infeasible;infeasible;infeasible;infeasible,0;0;0;0;0;0;0;0;0;0;0;0,infeasible;infeasible;infeasible;infeasible;infeasible;infeasible;infeasible;infeasible;infeasible;infeasible;infeasible;infeasible,infeasible;infeasible;infeasible;infeasible;infeasible;infeasible;infeasible;infeasible;infeasible;infeasible;infeasible;infeasible,0;1;2;3;4;5;6;7;8;9;10;11,STRUCTURAL_ZERO;STRUCTURAL_ZERO;STRUCTURAL_ZERO;STRUCTURAL_ZERO;STRUCTURAL_ZERO;STRUCTURAL_ZERO;STRUCTURAL_ZERO;STRUCTURAL_ZERO;STRUCTURAL_ZERO;STRUCTURAL_ZERO;STRUCTURAL_ZERO;STRUCTURAL_ZERO,12,0,0,,OK
red2_6800:397,,infeasible;infeasible;infeasible;infeasible;infeasible;infeasible;infeasible;infeasible;infeasible;infeasible;infeasible;infeasible,0;0;0;0;0;0;0;0;0;0;0;0,infeasible;infeasible;infeasible;infeasible;infeasible;infeasible;infeasible;infeasible;infeasible;infeasible;infeasible;infeasible,infeasible;infeasible;infeasible;infeasible;infeasible;infeasible;infeasible;infeasible;infeasible;infeasible;infeasible;infeasible,0;1;2;3;4;5;6;7;8;9;10;11,STRUCTURAL_ZERO;STRUCTURAL_ZERO;STRUCTURAL_ZERO;STRUCTURAL_ZERO;STRUCTURAL_ZERO;STRUCTURAL_ZERO;STRUCTURAL_ZERO;STRUCTURAL_ZERO;STRUCTURAL_ZERO;STRUCTURAL_ZERO;STRUCTURAL_ZERO;STRUCTURAL_ZERO,12,0,0,,OK
red2_6800:398,,infeasible;infeasible;infeasible;infeasible;infeasible;infeasible;infeasible;infeasible;infeasible;infeasible;infeasible;infeasible,0;0;0;0;0;0;0;0;0;0;0;0,infeasible;infeasible;infeasible;infeasible;infeasible;infeasible;infeasible;infeasible;infeasible;infeasible;infeasible;infeasible,infeasible;infeasible;infeasible;infeasible;infeasible;infeasible;infeasible;infeasible;infeasible;infeasible;infeasible;infeasible,0;1;2;3;4;5;6;7;8;9;10;11,STRUCTURAL_ZERO;STRUCTURAL_ZERO;STRUCTURAL_ZERO;STRUCTURAL_ZERO;STRUCTURAL_ZERO;STRUCTURAL_ZERO;STRUCTURAL_ZERO;STRUCTURAL_ZERO;STRUCTURAL_ZERO;STRUCTURAL_ZERO;STRUCTURAL_ZERO;STRUCTURAL_ZERO,12,0,0,,OK
red2_6800:399,,infeasible;infeasible;infeasible;infeasible;infeasible;infeasible;infeasible;infeasible;infeasible;infeasible;infeasible;infeasible,0;0;0;0;0;0;0;0;0;0;0;0,infeasible;infeasible;infeasible;infeasible;infeasible;infeasible;infeasible;infeasible;infeasible;infeasible;infeasible;infeasible,infeasible;infeasible;infeasible;infeasible;infeasible;infeasible;infeasible;infeasible;infeasible;infeasible;infeasible;infeasible,0;1;2;3;4;5;6;7;8;9;10;11,STRUCTURAL_ZERO;STRUCTURAL_ZERO;STRUCTURAL_ZERO;STRUCTURAL_ZERO;STRUCTURAL_ZERO;STRUCTURAL_ZERO;STRUCTURAL_ZERO;STRUCTURAL_ZERO;STRUCTURAL_ZERO;STRUCTURAL_ZERO;STRUCTURAL_ZERO;STRUCTURAL_ZERO,12,0,0,,OK
red2_6800:400,,infeasible;infeasible;infeasible;infeasible;infeasible;infeasible;infeasible;infeasible;infeasible;infeasible;infeasible;infeasible,0;0;0;0;0;0;0;0;0;0;0;0,infeasible;infeasible;infeasible;infeasible;infeasible;infeasible;infeasible;infeasible;infeasible;infeasible;infeasible;infeasible,infeasible;infeasible;infeasible;infeasible;infeasible;infeasible;infeasible;infeasible;infeasible;infeasible;infeasible;infeasible,0;1;2;3;4;5;6;7;8;9;10;11,STRUCTURAL_ZERO;STRUCTURAL_ZERO;STRUCTURAL_ZERO;STRUCTURAL_ZERO;STRUCTURAL_ZERO;STRUCTURAL_ZERO;STRUCTURAL_ZERO;STRUCTURAL_ZERO;STRUCTURAL_ZERO;STRUCTURAL_ZERO;STRUCTURAL_ZERO;STRUCTURAL_ZERO,12,0,0,,OK
red2_6800:401,,infeasible;infeasible;infeasible;infeasible;infeasible;infeasible;infeasible;infeasible;infeasible;infeasible;infeasible;infeasible,0;0;0;0;0;0;0;0;0;0;0;0,infeasible;infeasible;infeasible;infeasible;infeasible;infeasible;infeasible;infeasible;infeasible;infeasible;infeasible;infeasible,infeasible;infeasible;infeasible;infeasible;infeasible;infeasible;infeasible;infeasible;infeasible;infeasible;infeasible;infeasible,0;1;2;3;4;5;6;7;8;9;10;11,STRUCTURAL_ZERO;STRUCTURAL_ZERO;STRUCTURAL_ZERO;STRUCTURAL_ZERO;STRUCTURAL_ZERO;STRUCTURAL_ZERO;STRUCTURAL_ZERO;STRUCTURAL_ZERO;STRUCTURAL_ZERO;STRUCTURAL_ZERO;STRUCTURAL_ZERO;STRUCTURAL_ZERO,12,0,0,,OK
red2_6800:402,,infeasible;optimal;optimal;optimal;optimal;optimal;optimal;optimal;optimal;optimal;optimal;optimal,0;0.09821;0.4688;0.7109;1.144;1.459;1.476;1.418;1.244;1.008;0.7363;0.2253,infeasible;optimal;optimal;optimal;optimal;optimal;optimal;optimal;optimal;optimal;optimal;optimal,infeasible;optimal;optimal;optimal;optimal;optimal;optimal;optimal;optimal;optimal;optimal;optimal,0,STRUCTURAL_ZERO,1,0,0,,OK
red2_6800:403,,infeasible;infeasible;infeasible;infeasible;infeasible;infeasible;infeasible;infeasible;infeasible;infeasible;infeasible;infeasible,0;0;0;0;0;0;0;0;0;0;0;0,infeasible;infeasible;infeasible;infeasible;infeasible;infeasible;infeasible;infeasible;infeasible;infeasible;infeasible;infeasible,infeasible;infeasible;infeasible;infeasible;infeasible;infeasible;infeasible;infeasible;infeasible;infeasible;infeasible;infeasible,0;1;2;3;4;5;6;7;8;9;10;11,STRUCTURAL_ZERO;STRUCTURAL_ZERO;STRUCTURAL_ZERO;STRUCTURAL_ZERO;STRUCTURAL_ZERO;STRUCTURAL_ZERO;STRUCTURAL_ZERO;STRUCTURAL_ZERO;STRUCTURAL_ZERO;STRUCTURAL_ZERO;STRUCTURAL_ZERO;STRUCTURAL_ZERO,12,0,0,,OK
red2_6800:404,,infeasible;infeasible;infeasible;infeasible;infeasible;infeasible;infeasible;infeasible;infeasible;infeasible;infeasible;infeasible,0;0;0;0;0;0;0;0;0;0;0;0,infeasible;infeasible;infeasible;infeasible;infeasible;infeasible;infeasible;infeasible;infeasible;infeasible;infeasible;infeasible,infeasible;infeasible;infeasible;infeasible;infeasible;infeasible;infeasible;infeasible;infeasible;infeasible;infeasible;infeasible,0;1;2;3;4;5;6;7;8;9;10;11,STRUCTURAL_ZERO;STRUCTURAL_ZERO;STRUCTURAL_ZERO;STRUCTURAL_ZERO;STRUCTURAL_ZERO;STRUCTURAL_ZERO;STRUCTURAL_ZERO;STRUCTURAL_ZERO;STRUCTURAL_ZERO;STRUCTURAL_ZERO;STRUCTURAL_ZERO;STRUCTURAL_ZERO,12,0,0,,OK
red2_6800:405,,infeasible;infeasible;infeasible;infeasible;infeasible;infeasible;infeasible;infeasible;infeasible;infeasible;infeasible;infeasible,0;0;0;0;0;0;0;0;0;0;0;0,infeasible;infeasible;infeasible;infeasible;infeasible;infeasible;infeasible;infeasible;infeasible;infeasible;infeasible;infeasible,infeasible;infeasible;infeasible;infeasible;infeasible;infeasible;infeasible;infeasible;infeasible;infeasible;infeasible;infeasible,0;1;2;3;4;5;6;7;8;9;10;11,STRUCTURAL_ZERO;STRUCTURAL_ZERO;STRUCTURAL_ZERO;STRUCTURAL_ZERO;STRUCTURAL_ZERO;STRUCTURAL_ZERO;STRUCTURAL_ZERO;STRUCTURAL_ZERO;STRUCTURAL_ZERO;STRUCTURAL_ZERO;STRUCTURAL_ZERO;STRUCTURAL_ZERO,12,0,0,,OK
red2_6800:406,,infeasible;infeasible;infeasible;infeasible;infeasible;infeasible;infeasible;infeasible;infeasible;infeasible;infeasible;infeasible,0;0;0;0;0;0;0;0;0;0;0;0,infeasible;infeasible;infeasible;infeasible;infeasible;infeasible;infeasible;infeasible;infeasible;infeasible;infeasible;infeasible,infeasible;infeasible;infeasible;infeasible;infeasible;infeasible;infeasible;infeasible;infeasible;infeasible;infeasible;infeasible,0;1;2;3;4;5;6;7;8;9;10;11,STRUCTURAL_ZERO;STRUCTURAL_ZERO;STRUCTURAL_ZERO;STRUCTURAL_ZERO;STRUCTURAL_ZERO;STRUCTURAL_ZERO;STRUCTURAL_ZERO;STRUCTURAL_ZERO;STRUCTURAL_ZERO;STRUCTURAL_ZERO;STRUCTURAL_ZERO;STRUCTURAL_ZERO,12,0,0,,OK
red2_6800:407,,infeasible;infeasible;infeasible;infeasible;infeasible;infeasible;infeasible;infeasible;infeasible;infeasible;infeasible;infeasible,0;0;0;0;0;0;0;0;0;0;0;0,infeasible;infeasible;infeasible;infeasible;infeasible;infeasible;infeasible;infeasible;infeasible;infeasible;infeasible;infeasible,infeasible;infeasible;infeasible;infeasible;infeasible;infeasible;infeasible;infeasible;infeasible;infeasible;infeasible;infeasible,0;1;2;3;4;5;6;7;8;9;10;11,STRUCTURAL_ZERO;STRUCTURAL_ZERO;STRUCTURAL_ZERO;STRUCTURAL_ZERO;STRUCTURAL_ZERO;STRUCTURAL_ZERO;STRUCTURAL_ZERO;STRUCTURAL_ZERO;STRUCTURAL_ZERO;STRUCTURAL_ZERO;STRUCTURAL_ZERO;STRUCTURAL_ZERO,12,0,0,,OK
red2_6800:408,,infeasible;infeasible;infeasible;infeasible;infeasible;infeasible;infeasible;infeasible;infeasible;infeasible;infeasible;infeasible,0;0;0;0;0;0;0;0;0;0;0;0,infeasible;infeasible;infeasible;infeasible;infeasible;infeasible;infeasible;infeasible;infeasible;infeasible;infeasible;infeasible,infeasible;infeasible;infeasible;infeasible;infeasible;infeasible;infeasible;infeasible;infeasible;infeasible;infeasible;infeasible,0;1;2;3;4;5;6;7;8;9;10;11,STRUCTURAL_ZERO;STRUCTURAL_ZERO;STRUCTURAL_ZERO;STRUCTURAL_ZERO;STRUCTURAL_ZERO;STRUCTURAL_ZERO;STRUCTURAL_ZERO;STRUCTURAL_ZERO;STRUCTURAL_ZERO;STRUCTURAL_ZERO;STRUCTURAL_ZERO;STRUCTURAL_ZERO,12,0,0,,OK
red2_6800:409,,infeasible;infeasible;infeasible;infeasible;infeasible;infeasible;infeasible;infeasible;infeasible;infeasible;infeasible;infeasible,0;0;0;0;0;0;0;0;0;0;0;0,infeasible;infeasible;infeasible;infeasible;infeasible;infeasible;infeasible;infeasible;infeasible;infeasible;infeasible;infeasible,infeasible;infeasible;infeasible;infeasible;infeasible;infeasible;infeasible;infeasible;infeasible;infeasible;infeasible;infeasible,0;1;2;3;4;5;6;7;8;9;10;11,STRUCTURAL_ZERO;STRUCTURAL_ZERO;STRUCTURAL_ZERO;STRUCTURAL_ZERO;STRUCTURAL_ZERO;STRUCTURAL_ZERO;STRUCTURAL_ZERO;STRUCTURAL_ZERO;STRUCTURAL_ZERO;STRUCTURAL_ZERO;STRUCTURAL_ZERO;STRUCTURAL_ZERO,12,0,0,,OK
red2_6800:410,,infeasible;infeasible;infeasible;infeasible;infeasible;infeasible;infeasible;infeasible;infeasible;infeasible;infeasible;infeasible,0;0;0;0;0;0;0;0;0;0;0;0,infeasible;infeasible;infeasible;infeasible;infeasible;infeasible;infeasible;infeasible;infeasible;infeasible;infeasible;infeasible,infeasible;infeasible;infeasible;infeasible;infeasible;infeasible;infeasible;infeasible;infeasible;infeasible;infeasible;infeasible,0;1;2;3;4;5;6;7;8;9;10;11,STRUCTURAL_ZERO;STRUCTURAL_ZERO;STRUCTURAL_ZERO;STRUCTURAL_ZERO;STRUCTURAL_ZERO;STRUCTURAL_ZERO;STRUCTURAL_ZERO;STRUCTURAL_ZERO;STRUCTURAL_ZERO;STRUCTURAL_ZERO;STRUCTURAL_ZERO;STRUCTURAL_ZERO,12,0,0,,OK
red2_6800:411,,infeasible;infeasible;infeasible;infeasible;infeasible;infeasible;infeasible;infeasible;infeasible;infeasible;infeasible;infeasible,0;0;0;0;0;0;0;0;0;0;0;0,infeasible;infeasible;infeasible;infeasible;infeasible;infeasible;infeasible;infeasible;infeasible;infeasible;infeasible;infeasible,infeasible;infeasible;infeasible;infeasible;infeasible;infeasible;infeasible;infeasible;infeasible;infeasible;infeasible;infeasible,0;1;2;3;4;5;6;7;8;9;10;11,STRUCTURAL_ZERO;STRUCTURAL_ZERO;STRUCTURAL_ZERO;STRUCTURAL_ZERO;STRUCTURAL_ZERO;STRUCTURAL_ZERO;STRUCTURAL_ZERO;STRUCTURAL_ZERO;STRUCTURAL_ZERO;STRUCTURAL_ZERO;STRUCTURAL_ZERO;STRUCTURAL_ZERO,12,0,0,,OK
red2_6800:412,,infeasible;infeasible;infeasible;infeasible;infeasible;infeasible;infeasible;infeasible;infeasible;infeasible;infeasible;infeasible,0;0;0;0;0;0;0;0;0;0;0;0,infeasible;infeasible;infeasible;infeasible;infeasible;infeasible;infeasible;infeasible;infeasible;infeasible;infeasible;infeasible,infeasible;infeasible;infeasible;infeasible;infeasible;infeasible;infeasible;infeasible;infeasible;infeasible;infeasible;infeasible,0;1;2;3;4;5;6;7;8;9;10;11,STRUCTURAL_ZERO;STRUCTURAL_ZERO;STRUCTURAL_ZERO;STRUCTURAL_ZERO;STRUCTURAL_ZERO;STRUCTURAL_ZERO;STRUCTURAL_ZERO;STRUCTURAL_ZERO;STRUCTURAL_ZERO;STRUCTURAL_ZERO;STRUCTURAL_ZERO;STRUCTURAL_ZERO,12,0,0,,OK
red2_6800:413,,infeasible;infeasible;infeasible;infeasible;infeasible;infeasible;infeasible;infeasible;infeasible;infeasible;infeasible;infeasible,0;0;0;0;0;0;0;0;0;0;0;0,infeasible;infeasible;infeasible;infeasible;infeasible;infeasible;infeasible;infeasible;infeasible;infeasible;infeasible;infeasible,infeasible;infeasible;infeasible;infeasible;infeasible;infeasible;infeasible;infeasible;infeasible;infeasible;infeasible;infeasible,0;1;2;3;4;5;6;7;8;9;10;11,STRUCTURAL_ZERO;STRUCTURAL_ZERO;STRUCTURAL_ZERO;STRUCTURAL_ZERO;STRUCTURAL_ZERO;STRUCTURAL_ZERO;STRUCTURAL_ZERO;STRUCTURAL_ZERO;STRUCTURAL_ZERO;STRUCTURAL_ZERO;STRUCTURAL_ZERO;STRUCTURAL_ZERO,12,0,0,,OK
red2_6800:414,,infeasible;infeasible;infeasible;infeasible;infeasible;infeasible;infeasible;infeasible;infeasible;infeasible;infeasible;infeasible,0;0;0;0;0;0;0;0;0;0;0;0,infeasible;infeasible;infeasible;infeasible;infeasible;infeasible;infeasible;infeasible;infeasible;infeasible;infeasible;infeasible,infeasible;infeasible;infeasible;infeasible;infeasible;infeasible;infeasible;infeasible;infeasible;infeasible;infeasible;infeasible,0;1;2;3;4;5;6;7;8;9;10;11,STRUCTURAL_ZERO;STRUCTURAL_ZERO;STRUCTURAL_ZERO;STRUCTURAL_ZERO;STRUCTURAL_ZERO;STRUCTURAL_ZERO;STRUCTURAL_ZERO;STRUCTURAL_ZERO;STRUCTURAL_ZERO;STRUCTURAL_ZERO;STRUCTURAL_ZERO;STRUCTURAL_ZERO,12,0,0,,OK
red2_6800:415,,optimal;optimal;optimal;optimal;optimal;optimal;optimal;optimal;optimal;optimal;optimal;optimal,0.01147;0.1651;0.5784;0.826;1.216;1.454;1.46;1.398;1.22;0.9823;0.7388;0.2715,,,,,0,0,0,,OK
red2_6800:416,,infeasible;infeasible;infeasible;infeasible;infeasible;infeasible;infeasible;infeasible;infeasible;infeasible;infeasible;infeasible,0;0;0;0;0;0;0;0;0;0;0;0,infeasible;infeasible;infeasible;infeasible;infeasible;infeasible;infeasible;infeasible;infeasible;infeasible;infeasible;infeasible,infeasible;infeasible;infeasible;infeasible;infeasible;infeasible;infeasible;infeasible;infeasible;infeasible;infeasible;infeasible,0;1;2;3;4;5;6;7;8;9;10;11,STRUCTURAL_ZERO;STRUCTURAL_ZERO;STRUCTURAL_ZERO;STRUCTURAL_ZERO;STRUCTURAL_ZERO;STRUCTURAL_ZERO;STRUCTURAL_ZERO;STRUCTURAL_ZERO;STRUCTURAL_ZERO;STRUCTURAL_ZERO;STRUCTURAL_ZERO;STRUCTURAL_ZERO,12,0,0,,OK
red2_6800:417,,infeasible;infeasible;infeasible;infeasible;infeasible;infeasible;infeasible;infeasible;infeasible;infeasible;infeasible;infeasible,0;0;0;0;0;0;0;0;0;0;0;0,infeasible;infeasible;infeasible;infeasible;infeasible;infeasible;infeasible;infeasible;infeasible;infeasible;infeasible;infeasible,infeasible;infeasible;infeasible;infeasible;infeasible;infeasible;infeasible;infeasible;infeasible;infeasible;infeasible;infeasible,0;1;2;3;4;5;6;7;8;9;10;11,STRUCTURAL_ZERO;STRUCTURAL_ZERO;STRUCTURAL_ZERO;STRUCTURAL_ZERO;STRUCTURAL_ZERO;STRUCTURAL_ZERO;STRUCTURAL_ZERO;STRUCTURAL_ZERO;STRUCTURAL_ZERO;STRUCTURAL_ZERO;STRUCTURAL_ZERO;STRUCTURAL_ZERO,12,0,0,,OK
red2_6800:418,,infeasible;infeasible;infeasible;infeasible;infeasible;infeasible;infeasible;infeasible;infeasible;infeasible;infeasible;infeasible,0;0;0;0;0;0;0;0;0;0;0;0,infeasible;infeasible;infeasible;infeasible;infeasible;infeasible;infeasible;infeasible;infeasible;infeasible;infeasible;infeasible,infeasible;infeasible;infeasible;infeasible;infeasible;infeasible;infeasible;infeasible;infeasible;infeasible;infeasible;infeasible,0;1;2;3;4;5;6;7;8;9;10;11,STRUCTURAL_ZERO;STRUCTURAL_ZERO;STRUCTURAL_ZERO;STRUCTURAL_ZERO;STRUCTURAL_ZERO;STRUCTURAL_ZERO;STRUCTURAL_ZERO;STRUCTURAL_ZERO;STRUCTURAL_ZERO;STRUCTURAL_ZERO;STRUCTURAL_ZERO;STRUCTURAL_ZERO,12,0,0,,OK
red2_6800:419,,infeasible;optimal;optimal;optimal;optimal;optimal;optimal;optimal;optimal;optimal;optimal;optimal,0;0.1387;0.5484;0.8024;1.201;1.434;1.443;1.402;1.262;1.047;0.7951;0.2694,infeasible;optimal;optimal;optimal;optimal;optimal;optimal;optimal;optimal;optimal;optimal;optimal,infeasible;optimal;optimal;optimal;optimal;optimal;optimal;optimal;optimal;optimal;optimal;optimal,0,STRUCTURAL_ZERO,1,0,0,,OK
red2_6800:420,,infeasible;infeasible;infeasible;infeasible;infeasible;infeasible;infeasible;infeasible;infeasible;infeasible;infeasible;infeasible,0;0;0;0;0;0;0;0;0;0;0;0,infeasible;infeasible;infeasible;infeasible;infeasible;infeasible;infeasible;infeasible;infeasible;infeasible;infeasible;infeasible,infeasible;infeasible;infeasible;infeasible;infeasible;infeasible;infeasible;infeasible;infeasible;infeasible;infeasible;infeasible,0;1;2;3;4;5;6;7;8;9;10;11,STRUCTURAL_ZERO;STRUCTURAL_ZERO;STRUCTURAL_ZERO;STRUCTURAL_ZERO;STRUCTURAL_ZERO;STRUCTURAL_ZERO;STRUCTURAL_ZERO;STRUCTURAL_ZERO;STRUCTURAL_ZERO;STRUCTURAL_ZERO;STRUCTURAL_ZERO;STRUCTURAL_ZERO,12,0,0,,OK
red2_6800:421,,infeasible;infeasible;infeasible;infeasible;infeasible;infeasible;infeasible;infeasible;infeasible;infeasible;infeasible;infeasible,0;0;0;0;0;0;0;0;0;0;0;0,infeasible;infeasible;infeasible;infeasible;infeasible;infeasible;infeasible;infeasible;infeasible;infeasible;infeasible;infeasible,infeasible;infeasible;infeasible;infeasible;infeasible;infeasible;infeasible;infeasible;infeasible;infeasible;infeasible;infeasible,0;1;2;3;4;5;6;7;8;9;10;11,STRUCTURAL_ZERO;STRUCTURAL_ZERO;STRUCTURAL_ZERO;STRUCTURAL_ZERO;STRUCTURAL_ZERO;STRUCTURAL_ZERO;STRUCTURAL_ZERO;STRUCTURAL_ZERO;STRUCTURAL_ZERO;STRUCTURAL_ZERO;STRUCTURAL_ZERO;STRUCTURAL_ZERO,12,0,0,,OK
red2_6800:422,,infeasible;infeasible;infeasible;infeasible;infeasible;infeasible;infeasible;infeasible;infeasible;infeasible;infeasible;infeasible,0;0;0;0;0;0;0;0;0;0;0;0,infeasible;infeasible;infeasible;infeasible;infeasible;infeasible;infeasible;infeasible;infeasible;infeasible;infeasible;infeasible,infeasible;infeasible;infeasible;infeasible;infeasible;infeasible;infeasible;infeasible;infeasible;infeasible;infeasible;infeasible,0;1;2;3;4;5;6;7;8;9;10;11,STRUCTURAL_ZERO;STRUCTURAL_ZERO;STRUCTURAL_ZERO;STRUCTURAL_ZERO;STRUCTURAL_ZERO;STRUCTURAL_ZERO;STRUCTURAL_ZERO;STRUCTURAL_ZERO;STRUCTURAL_ZERO;STRUCTURAL_ZERO;STRUCTURAL_ZERO;STRUCTURAL_ZERO,12,0,0,,OK
red2_6800:423,,infeasible;infeasible;infeasible;infeasible;infeasible;infeasible;infeasible;infeasible;infeasible;infeasible;infeasible;infeasible,0;0;0;0;0;0;0;0;0;0;0;0,infeasible;infeasible;infeasible;infeasible;infeasible;infeasible;infeasible;infeasible;infeasible;infeasible;infeasible;infeasible,infeasible;infeasible;infeasible;infeasible;infeasible;infeasible;infeasible;infeasible;infeasible;infeasible;infeasible;infeasible,0;1;2;3;4;5;6;7;8;9;10;11,STRUCTURAL_ZERO;STRUCTURAL_ZERO;STRUCTURAL_ZERO;STRUCTURAL_ZERO;STRUCTURAL_ZERO;STRUCTURAL_ZERO;STRUCTURAL_ZERO;STRUCTURAL_ZERO;STRUCTURAL_ZERO;STRUCTURAL_ZERO;STRUCTURAL_ZERO;STRUCTURAL_ZERO,12,0,0,,OK
red2_6800:424,,infeasible;infeasible;infeasible;infeasible;infeasible;infeasible;infeasible;infeasible;infeasible;infeasible;infeasible;infeasible,0;0;0;0;0;0;0;0;0;0;0;0,infeasible;infeasible;infeasible;infeasible;infeasible;infeasible;infeasible;infeasible;infeasible;infeasible;infeasible;infeasible,infeasible;infeasible;infeasible;infeasible;infeasible;infeasible;infeasible;infeasible;infeasible;infeasible;infeasible;infeasible,0;1;2;3;4;5;6;7;8;9;10;11,STRUCTURAL_ZERO;STRUCTURAL_ZERO;STRUCTURAL_ZERO;STRUCTURAL_ZERO;STRUCTURAL_ZERO;STRUCTURAL_ZERO;STRUCTURAL_ZERO;STRUCTURAL_ZERO;STRUCTURAL_ZERO;STRUCTURAL_ZERO;STRUCTURAL_ZERO;STRUCTURAL_ZERO,12,0,0,,OK
red2_6800:425,,infeasible;infeasible;infeasible;infeasible;infeasible;infeasible;infeasible;infeasible;infeasible;infeasible;infeasible;infeasible,0;0;0;0;0;0;0;0;0;0;0;0,infeasible;infeasible;infeasible;infeasible;infeasible;infeasible;infeasible;infeasible;infeasible;infeasible;infeasible;infeasible,infeasible;infeasible;infeasible;infeasible;infeasible;infeasible;infeasible;infeasible;infeasible;infeasible;infeasible;infeasible,0;1;2;3;4;5;6;7;8;9;10;11,STRUCTURAL_ZERO;STRUCTURAL_ZERO;STRUCTURAL_ZERO;STRUCTURAL_ZERO;STRUCTURAL_ZERO;STRUCTURAL_ZERO;STRUCTURAL_ZERO;STRUCTURAL_ZERO;STRUCTURAL_ZERO;STRUCTURAL_ZERO;STRUCTURAL_ZERO;STRUCTURAL_ZERO,12,0,0,,OK
red2_6800:426,,infeasible;infeasible;infeasible;infeasible;infeasible;infeasible;infeasible;infeasible;infeasible;infeasible;infeasible;infeasible,0;0;0;0;0;0;0;0;0;0;0;0,infeasible;infeasible;infeasible;infeasible;infeasible;infeasible;infeasible;infeasible;infeasible;infeasible;infeasible;infeasible,infeasible;infeasible;infeasible;infeasible;infeasible;infeasible;infeasible;infeasible;infeasible;infeasible;infeasible;infeasible,0;1;2;3;4;5;6;7;8;9;10;11,STRUCTURAL_ZERO;STRUCTURAL_ZERO;STRUCTURAL_ZERO;STRUCTURAL_ZERO;STRUCTURAL_ZERO;STRUCTURAL_ZERO;STRUCTURAL_ZERO;STRUCTURAL_ZERO;STRUCTURAL_ZERO;STRUCTURAL_ZERO;STRUCTURAL_ZERO;STRUCTURAL_ZERO,12,0,0,,OK
red2_6800:427,,infeasible;infeasible;infeasible;infeasible;infeasible;infeasible;infeasible;infeasible;infeasible;infeasible;infeasible;infeasible,0;0;0;0;0;0;0;0;0;0;0;0,infeasible;infeasible;infeasible;infeasible;infeasible;infeasible;infeasible;infeasible;infeasible;infeasible;infeasible;infeasible,infeasible;infeasible;infeasible;infeasible;infeasible;infeasible;infeasible;infeasible;infeasible;infeasible;infeasible;infeasible,0;1;2;3;4;5;6;7;8;9;10;11,STRUCTURAL_ZERO;STRUCTURAL_ZERO;STRUCTURAL_ZERO;STRUCTURAL_ZERO;STRUCTURAL_ZERO;STRUCTURAL_ZERO;STRUCTURAL_ZERO;STRUCTURAL_ZERO;STRUCTURAL_ZERO;STRUCTURAL_ZERO;STRUCTURAL_ZERO;STRUCTURAL_ZERO,12,0,0,,OK
red2_6800:428,,infeasible;infeasible;infeasible;infeasible;infeasible;infeasible;infeasible;infeasible;infeasible;infeasible;infeasible;infeasible,0;0;0;0;0;0;0;0;0;0;0;0,infeasible;infeasible;infeasible;infeasible;infeasible;infeasible;infeasible;infeasible;infeasible;infeasible;infeasible;infeasible,infeasible;infeasible;infeasible;infeasible;infeasible;infeasible;infeasible;infeasible;infeasible;infeasible;infeasible;infeasible,0;1;2;3;4;5;6;7;8;9;10;11,STRUCTURAL_ZERO;STRUCTURAL_ZERO;STRUCTURAL_ZERO;STRUCTURAL_ZERO;STRUCTURAL_ZERO;STRUCTURAL_ZERO;STRUCTURAL_ZERO;STRUCTURAL_ZERO;STRUCTURAL_ZERO;STRUCTURAL_ZERO;STRUCTURAL_ZERO;STRUCTURAL_ZERO,12,0,0,,OK
red2_6800:429,,infeasible;infeasible;infeasible;infeasible;infeasible;infeasible;infeasible;infeasible;infeasible;infeasible;infeasible;infeasible,0;0;0;0;0;0;0;0;0;0;0;0,infeasible;infeasible;infeasible;infeasible;infeasible;infeasible;infeasible;infeasible;infeasible;infeasible;infeasible;infeasible,infeasible;infeasible;infeasible;infeasible;infeasible;infeasible;infeasible;infeasible;infeasible;infeasible;infeasible;infeasible,0;1;2;3;4;5;6;7;8;9;10;11,STRUCTURAL_ZERO;STRUCTURAL_ZERO;STRUCTURAL_ZERO;STRUCTURAL_ZERO;STRUCTURAL_ZERO;STRUCTURAL_ZERO;STRUCTURAL_ZERO;STRUCTURAL_ZERO;STRUCTURAL_ZERO;STRUCTURAL_ZERO;STRUCTURAL_ZERO;STRUCTURAL_ZERO,12,0,0,,OK
red2_6800:430,,infeasible;infeasible;infeasible;infeasible;infeasible;infeasible;infeasible;infeasible;infeasible;infeasible;infeasible;infeasible,0;0;0;0;0;0;0;0;0;0;0;0,infeasible;infeasible;infeasible;infeasible;infeasible;infeasible;infeasible;infeasible;infeasible;infeasible;infeasible;infeasible,infeasible;infeasible;infeasible;infeasible;infeasible;infeasible;infeasible;infeasible;infeasible;infeasible;infeasible;infeasible,0;1;2;3;4;5;6;7;8;9;10;11,STRUCTURAL_ZERO;STRUCTURAL_ZERO;STRUCTURAL_ZERO;STRUCTURAL_ZERO;STRUCTURAL_ZERO;STRUCTURAL_ZERO;STRUCTURAL_ZERO;STRUCTURAL_ZERO;STRUCTURAL_ZERO;STRUCTURAL_ZERO;STRUCTURAL_ZERO;STRUCTURAL_ZERO,12,0,0,,OK
red2_6800:431,,infeasible;infeasible;infeasible;infeasible;infeasible;infeasible;infeasible;infeasible;infeasible;infeasible;infeasible;infeasible,0;0;0;0;0;0;0;0;0;0;0;0,infeasible;infeasible;infeasible;infeasible;infeasible;infeasible;infeasible;infeasible;infeasible;infeasible;infeasible;infeasible,infeasible;infeasible;infeasible;infeasible;infeasible;infeasible;infeasible;infeasible;infeasible;infeasible;infeasible;infeasible,0;1;2;3;4;5;6;7;8;9;10;11,STRUCTURAL_ZERO;STRUCTURAL_ZERO;STRUCTURAL_ZERO;STRUCTURAL_ZERO;STRUCTURAL_ZERO;STRUCTURAL_ZERO;STRUCTURAL_ZERO;STRUCTURAL_ZERO;STRUCTURAL_ZERO;STRUCTURAL_ZERO;STRUCTURAL_ZERO;STRUCTURAL_ZERO,12,0,0,,OK
red2_6800:432,,infeasible;infeasible;infeasible;infeasible;infeasible;infeasible;infeasible;infeasible;infeasible;infeasible;infeasible;infeasible,0;0;0;0;0;0;0;0;0;0;0;0,infeasible;infeasible;infeasible;infeasible;infeasible;infeasible;infeasible;infeasible;infeasible;infeasible;infeasible;infeasible,infeasible;infeasible;infeasible;infeasible;infeasible;infeasible;infeasible;infeasible;infeasible;infeasible;infeasible;infeasible,0;1;2;3;4;5;6;7;8;9;10;11,STRUCTURAL_ZERO;STRUCTURAL_ZERO;STRUCTURAL_ZERO;STRUCTURAL_ZERO;STRUCTURAL_ZERO;STRUCTURAL_ZERO;STRUCTURAL_ZERO;STRUCTURAL_ZERO;STRUCTURAL_ZERO;STRUCTURAL_ZERO;STRUCTURAL_ZERO;STRUCTURAL_ZERO,12,0,0,,OK
red2_6800:433,,infeasible;infeasible;infeasible;infeasible;infeasible;infeasible;infeasible;infeasible;infeasible;infeasible;infeasible;infeasible,0;0;0;0;0;0;0;0;0;0;0;0,infeasible;infeasible;infeasible;infeasible;infeasible;infeasible;infeasible;infeasible;infeasible;infeasible;infeasible;infeasible,infeasible;infeasible;infeasible;infeasible;infeasible;infeasible;infeasible;infeasible;infeasible;infeasible;infeasible;infeasible,0;1;2;3;4;5;6;7;8;9;10;11,STRUCTURAL_ZERO;STRUCTURAL_ZERO;STRUCTURAL_ZERO;STRUCTURAL_ZERO;STRUCTURAL_ZERO;STRUCTURAL_ZERO;STRUCTURAL_ZERO;STRUCTURAL_ZERO;STRUCTURAL_ZERO;STRUCTURAL_ZERO;STRUCTURAL_ZERO;STRUCTURAL_ZERO,12,0,0,,OK
red2_6800:434,,infeasible;infeasible;infeasible;infeasible;infeasible;infeasible;infeasible;infeasible;infeasible;infeasible;infeasible;infeasible,0;0;0;0;0;0;0;0;0;0;0;0,infeasible;infeasible;infeasible;infeasible;infeasible;infeasible;infeasible;infeasible;infeasible;infeasible;infeasible;infeasible,infeasible;infeasible;infeasible;infeasible;infeasible;infeasible;infeasible;infeasible;infeasible;infeasible;infeasible;infeasible,0;1;2;3;4;5;6;7;8;9;10;11,STRUCTURAL_ZERO;STRUCTURAL_ZERO;STRUCTURAL_ZERO;STRUCTURAL_ZERO;STRUCTURAL_ZERO;STRUCTURAL_ZERO;STRUCTURAL_ZERO;STRUCTURAL_ZERO;STRUCTURAL_ZERO;STRUCTURAL_ZERO;STRUCTURAL_ZERO;STRUCTURAL_ZERO,12,0,0,,OK
red2_6800:435,,infeasible;infeasible;infeasible;infeasible;infeasible;infeasible;infeasible;infeasible;infeasible;infeasible;infeasible;infeasible,0;0;0;0;0;0;0;0;0;0;0;0,infeasible;infeasible;infeasible;infeasible;infeasible;infeasible;infeasible;infeasible;infeasible;infeasible;infeasible;infeasible,infeasible;infeasible;infeasible;infeasible;infeasible;infeasible;infeasible;infeasible;infeasible;infeasible;infeasible;infeasible,0;1;2;3;4;5;6;7;8;9;10;11,STRUCTURAL_ZERO;STRUCTURAL_ZERO;STRUCTURAL_ZERO;STRUCTURAL_ZERO;STRUCTURAL_ZERO;STRUCTURAL_ZERO;STRUCTURAL_ZERO;STRUCTURAL_ZERO;STRUCTURAL_ZERO;STRUCTURAL_ZERO;STRUCTURAL_ZERO;STRUCTURAL_ZERO,12,0,0,,OK
red2_6800:436,,infeasible;infeasible;infeasible;infeasible;infeasible;infeasible;infeasible;infeasible;infeasible;infeasible;infeasible;infeasible,0;0;0;0;0;0;0;0;0;0;0;0,infeasible;infeasible;infeasible;infeasible;infeasible;infeasible;infeasible;infeasible;infeasible;infeasible;infeasible;infeasible,infeasible;infeasible;infeasible;infeasible;infeasible;infeasible;infeasible;infeasible;infeasible;infeasible;infeasible;infeasible,0;1;2;3;4;5;6;7;8;9;10;11,STRUCTURAL_ZERO;STRUCTURAL_ZERO;STRUCTURAL_ZERO;STRUCTURAL_ZERO;STRUCTURAL_ZERO;STRUCTURAL_ZERO;STRUCTURAL_ZERO;STRUCTURAL_ZERO;STRUCTURAL_ZERO;STRUCTURAL_ZERO;STRUCTURAL_ZERO;STRUCTURAL_ZERO,12,0,0,,OK
red2_6800:437,,infeasible;infeasible;infeasible;infeasible;infeasible;infeasible;infeasible;infeasible;infeasible;infeasible;infeasible;infeasible,0;0;0;0;0;0;0;0;0;0;0;0,infeasible;infeasible;infeasible;infeasible;infeasible;infeasible;infeasible;infeasible;infeasible;infeasible;infeasible;infeasible,infeasible;infeasible;infeasible;infeasible;infeasible;infeasible;infeasible;infeasible;infeasible;infeasible;infeasible;infeasible,0;1;2;3;4;5;6;7;8;9;10;11,STRUCTURAL_ZERO;STRUCTURAL_ZERO;STRUCTURAL_ZERO;STRUCTURAL_ZERO;STRUCTURAL_ZERO;STRUCTURAL_ZERO;STRUCTURAL_ZERO;STRUCTURAL_ZERO;STRUCTURAL_ZERO;STRUCTURAL_ZERO;STRUCTURAL_ZERO;STRUCTURAL_ZERO,12,0,0,,OK
red2_6800:438,,infeasible;infeasible;infeasible;infeasible;infeasible;infeasible;infeasible;infeasible;infeasible;infeasible;infeasible;infeasible,0;0;0;0;0;0;0;0;0;0;0;0,infeasible;infeasible;infeasible;infeasible;infeasible;infeasible;infeasible;infeasible;infeasible;infeasible;infeasible;infeasible,infeasible;infeasible;infeasible;infeasible;infeasible;infeasible;infeasible;infeasible;infeasible;infeasible;infeasible;infeasible,0;1;2;3;4;5;6;7;8;9;10;11,STRUCTURAL_ZERO;STRUCTURAL_ZERO;STRUCTURAL_ZERO;STRUCTURAL_ZERO;STRUCTURAL_ZERO;STRUCTURAL_ZERO;STRUCTURAL_ZERO;STRUCTURAL_ZERO;STRUCTURAL_ZERO;STRUCTURAL_ZERO;STRUCTURAL_ZERO;STRUCTURAL_ZERO,12,0,0,,OK
red2_6800:439,,infeasible;infeasible;infeasible;infeasible;infeasible;infeasible;infeasible;infeasible;infeasible;infeasible;infeasible;infeasible,0;0;0;0;0;0;0;0;0;0;0;0,infeasible;infeasible;infeasible;infeasible;infeasible;infeasible;infeasible;infeasible;infeasible;infeasible;infeasible;infeasible,infeasible;infeasible;infeasible;infeasible;infeasible;infeasible;infeasible;infeasible;infeasible;infeasible;infeasible;infeasible,0;1;2;3;4;5;6;7;8;9;10;11,STRUCTURAL_ZERO;STRUCTURAL_ZERO;STRUCTURAL_ZERO;STRUCTURAL_ZERO;STRUCTURAL_ZERO;STRUCTURAL_ZERO;STRUCTURAL_ZERO;STRUCTURAL_ZERO;STRUCTURAL_ZERO;STRUCTURAL_ZERO;STRUCTURAL_ZERO;STRUCTURAL_ZERO,12,0,0,,OK
red2_6800:440,,infeasible;infeasible;infeasible;infeasible;infeasible;infeasible;infeasible;infeasible;infeasible;infeasible;infeasible;infeasible,0;0;0;0;0;0;0;0;0;0;0;0,infeasible;infeasible;infeasible;infeasible;infeasible;infeasible;infeasible;infeasible;infeasible;infeasible;infeasible;infeasible,infeasible;infeasible;infeasible;infeasible;infeasible;infeasible;infeasible;infeasible;infeasible;infeasible;infeasible;infeasible,0;1;2;3;4;5;6;7;8;9;10;11,STRUCTURAL_ZERO;STRUCTURAL_ZERO;STRUCTURAL_ZERO;STRUCTURAL_ZERO;STRUCTURAL_ZERO;STRUCTURAL_ZERO;STRUCTURAL_ZERO;STRUCTURAL_ZERO;STRUCTURAL_ZERO;STRUCTURAL_ZERO;STRUCTURAL_ZERO;STRUCTURAL_ZERO,12,0,0,,OK
red2_6800:441,,infeasible;infeasible;infeasible;infeasible;infeasible;infeasible;infeasible;infeasible;infeasible;infeasible;infeasible;infeasible,0;0;0;0;0;0;0;0;0;0;0;0,infeasible;infeasible;infeasible;infeasible;infeasible;infeasible;infeasible;infeasible;infeasible;infeasible;infeasible;infeasible,infeasible;infeasible;infeasible;infeasible;infeasible;infeasible;infeasible;infeasible;infeasible;infeasible;infeasible;infeasible,0;1;2;3;4;5;6;7;8;9;10;11,STRUCTURAL_ZERO;STRUCTURAL_ZERO;STRUCTURAL_ZERO;STRUCTURAL_ZERO;STRUCTURAL_ZERO;STRUCTURAL_ZERO;STRUCTURAL_ZERO;STRUCTURAL_ZERO;STRUCTURAL_ZERO;STRUCTURAL_ZERO;STRUCTURAL_ZERO;STRUCTURAL_ZERO,12,0,0,,OK
red2_6800:442,,infeasible;optimal;optimal;optimal;optimal;optimal;optimal;optimal;optimal;optimal;optimal;optimal,0;0.07766;0.4112;0.632;1.042;1.392;1.407;1.334;1.121;0.8901;0.6344;0.2272,infeasible;optimal;optimal;optimal;optimal;optimal;optimal;optimal;optimal;optimal;optimal;optimal,infeasible;optimal;optimal;optimal;optimal;optimal;optimal;optimal;optimal;optimal;optimal;optimal,0,STRUCTURAL_ZERO,1,0,0,,OK
red2_6800:443,,infeasible;infeasible;infeasible;infeasible;infeasible;infeasible;infeasible;infeasible;infeasible;infeasible;infeasible;infeasible,0;0;0;0;0;0;0;0;0;0;0;0,infeasible;infeasible;infeasible;infeasible;infeasible;infeasible;infeasible;infeasible;infeasible;infeasible;infeasible;infeasible,infeasible;infeasible;infeasible;infeasible;infeasible;infeasible;infeasible;infeasible;infeasible;infeasible;infeasible;infeasible,0;1;2;3;4;5;6;7;8;9;10;11,STRUCTURAL_ZERO;STRUCTURAL_ZERO;STRUCTURAL_ZERO;STRUCTURAL_ZERO;STRUCTURAL_ZERO;STRUCTURAL_ZERO;STRUCTURAL_ZERO;STRUCTURAL_ZERO;STRUCTURAL_ZERO;STRUCTURAL_ZERO;STRUCTURAL_ZERO;STRUCTURAL_ZERO,12,0,0,,OK
red2_6800:444,,infeasible;infeasible;infeasible;infeasible;infeasible;infeasible;infeasible;infeasible;infeasible;infeasible;infeasible;infeasible,0;0;0;0;0;0;0;0;0;0;0;0,infeasible;infeasible;infeasible;infeasible;infeasible;infeasible;infeasible;infeasible;infeasible;infeasible;infeasible;infeasible,infeasible;infeasible;infeasible;infeasible;infeasible;infeasible;infeasible;infeasible;infeasible;infeasible;infeasible;infeasible,0;1;2;3;4;5;6;7;8;9;10;11,STRUCTURAL_ZERO;STRUCTURAL_ZERO;STRUCTURAL_ZERO;STRUCTURAL_ZERO;STRUCTURAL_ZERO;STRUCTURAL_ZERO;STRUCTURAL_ZERO;STRUCTURAL_ZERO;STRUCTURAL_ZERO;STRUCTURAL_ZERO;STRUCTURAL_ZERO;STRUCTURAL_ZERO,12,0,0,,OK
red2_6800:445,,infeasible;infeasible;infeasible;infeasible;infeasible;infeasible;infeasible;infeasible;infeasible;infeasible;infeasible;infeasible,0;0;0;0;0;0;0;0;0;0;0;0,infeasible;infeasible;infeasible;infeasible;infeasible;infeasible;infeasible;infeasible;infeasible;infeasible;infeasible;infeasible,infeasible;infeasible;infeasible;infeasible;infeasible;infeasible;infeasible;infeasible;infeasible;infeasible;infeasible;infeasible,0;1;2;3;4;5;6;7;8;9;10;11,STRUCTURAL_ZERO;STRUCTURAL_ZERO;STRUCTURAL_ZERO;STRUCTURAL_ZERO;STRUCTURAL_ZERO;STRUCTURAL_ZERO;STRUCTURAL_ZERO;STRUCTURAL_ZERO;STRUCTURAL_ZERO;STRUCTURAL_ZERO;STRUCTURAL_ZERO;STRUCTURAL_ZERO,12,0,0,,OK
red2_6800:446,,infeasible;infeasible;infeasible;infeasible;infeasible;infeasible;infeasible;infeasible;infeasible;infeasible;infeasible;infeasible,0;0;0;0;0;0;0;0;0;0;0;0,infeasible;infeasible;infeasible;infeasible;infeasible;infeasible;infeasible;infeasible;infeasible;infeasible;infeasible;infeasible,infeasible;infeasible;infeasible;infeasible;infeasible;infeasible;infeasible;infeasible;infeasible;infeasible;infeasible;infeasible,0;1;2;3;4;5;6;7;8;9;10;11,STRUCTURAL_ZERO;STRUCTURAL_ZERO;STRUCTURAL_ZERO;STRUCTURAL_ZERO;STRUCTURAL_ZERO;STRUCTURAL_ZERO;STRUCTURAL_ZERO;STRUCTURAL_ZERO;STRUCTURAL_ZERO;STRUCTURAL_ZERO;STRUCTURAL_ZERO;STRUCTURAL_ZERO,12,0,0,,OK
red2_6800:447,,infeasible;infeasible;infeasible;infeasible;infeasible;infeasible;infeasible;infeasible;infeasible;infeasible;infeasible;infeasible,0;0;0;0;0;0;0;0;0;0;0;0,infeasible;infeasible;infeasible;infeasible;infeasible;infeasible;infeasible;infeasible;infeasible;infeasible;infeasible;infeasible,infeasible;infeasible;infeasible;infeasible;infeasible;infeasible;infeasible;infeasible;infeasible;infeasible;infeasible;infeasible,0;1;2;3;4;5;6;7;8;9;10;11,STRUCTURAL_ZERO;STRUCTURAL_ZERO;STRUCTURAL_ZERO;STRUCTURAL_ZERO;STRUCTURAL_ZERO;STRUCTURAL_ZERO;STRUCTURAL_ZERO;STRUCTURAL_ZERO;STRUCTURAL_ZERO;STRUCTURAL_ZERO;STRUCTURAL_ZERO;STRUCTURAL_ZERO,12,0,0,,OK
red2_6800:448,,infeasible;infeasible;infeasible;infeasible;infeasible;infeasible;infeasible;infeasible;infeasible;infeasible;infeasible;infeasible,0;0;0;0;0;0;0;0;0;0;0;0,infeasible;infeasible;infeasible;infeasible;infeasible;infeasible;infeasible;infeasible;infeasible;infeasible;infeasible;infeasible,infeasible;infeasible;infeasible;infeasible;infeasible;infeasible;infeasible;infeasible;infeasible;infeasible;infeasible;infeasible,0;1;2;3;4;5;6;7;8;9;10;11,STRUCTURAL_ZERO;STRUCTURAL_ZERO;STRUCTURAL_ZERO;STRUCTURAL_ZERO;STRUCTURAL_ZERO;STRUCTURAL_ZERO;STRUCTURAL_ZERO;STRUCTURAL_ZERO;STRUCTURAL_ZERO;STRUCTURAL_ZERO;STRUCTURAL_ZERO;STRUCTURAL_ZERO,12,0,0,,OK
red2_6800:449,,infeasible;infeasible;infeasible;infeasible;infeasible;infeasible;infeasible;infeasible;infeasible;infeasible;infeasible;infeasible,0;0;0;0;0;0;0;0;0;0;0;0,infeasible;infeasible;infeasible;infeasible;infeasible;infeasible;infeasible;infeasible;infeasible;infeasible;infeasible;infeasible,infeasible;infeasible;infeasible;infeasible;infeasible;infeasible;infeasible;infeasible;infeasible;infeasible;infeasible;infeasible,0;1;2;3;4;5;6;7;8;9;10;11,STRUCTURAL_ZERO;STRUCTURAL_ZERO;STRUCTURAL_ZERO;STRUCTURAL_ZERO;STRUCTURAL_ZERO;STRUCTURAL_ZERO;STRUCTURAL_ZERO;STRUCTURAL_ZERO;STRUCTURAL_ZERO;STRUCTURAL_ZERO;STRUCTURAL_ZERO;STRUCTURAL_ZERO,12,0,0,,OK
red2_6800:450,,infeasible;infeasible;infeasible;infeasible;infeasible;infeasible;infeasible;infeasible;infeasible;infeasible;infeasible;infeasible,0;0;0;0;0;0;0;0;0;0;0;0,infeasible;infeasible;infeasible;infeasible;infeasible;infeasible;infeasible;infeasible;infeasible;infeasible;infeasible;infeasible,infeasible;infeasible;infeasible;infeasible;infeasible;infeasible;infeasible;infeasible;infeasible;infeasible;infeasible;infeasible,0;1;2;3;4;5;6;7;8;9;10;11,STRUCTURAL_ZERO;STRUCTURAL_ZERO;STRUCTURAL_ZERO;STRUCTURAL_ZERO;STRUCTURAL_ZERO;STRUCTURAL_ZERO;STRUCTURAL_ZERO;STRUCTURAL_ZERO;STRUCTURAL_ZERO;STRUCTURAL_ZERO;STRUCTURAL_ZERO;STRUCTURAL_ZERO,12,0,0,,OK
red2_6800:451,,infeasible;infeasible;infeasible;infeasible;infeasible;infeasible;infeasible;infeasible;infeasible;infeasible;infeasible;infeasible,0;0;0;0;0;0;0;0;0;0;0;0,infeasible;infeasible;infeasible;infeasible;infeasible;infeasible;infeasible;infeasible;infeasible;infeasible;infeasible;infeasible,infeasible;infeasible;infeasible;infeasible;infeasible;infeasible;infeasible;infeasible;infeasible;infeasible;infeasible;infeasible,0;1;2;3;4;5;6;7;8;9;10;11,STRUCTURAL_ZERO;STRUCTURAL_ZERO;STRUCTURAL_ZERO;STRUCTURAL_ZERO;STRUCTURAL_ZERO;STRUCTURAL_ZERO;STRUCTURAL_ZERO;STRUCTURAL_ZERO;STRUCTURAL_ZERO;STRUCTURAL_ZERO;STRUCTURAL_ZERO;STRUCTURAL_ZERO,12,0,0,,OK
red2_6800:452,,infeasible;infeasible;infeasible;infeasible;infeasible;infeasible;infeasible;infeasible;infeasible;infeasible;infeasible;infeasible,0;0;0;0;0;0;0;0;0;0;0;0,infeasible;infeasible;infeasible;infeasible;infeasible;infeasible;infeasible;infeasible;infeasible;infeasible;infeasible;infeasible,infeasible;infeasible;infeasible;infeasible;infeasible;infeasible;infeasible;infeasible;infeasible;infeasible;infeasible;infeasible,0;1;2;3;4;5;6;7;8;9;10;11,STRUCTURAL_ZERO;STRUCTURAL_ZERO;STRUCTURAL_ZERO;STRUCTURAL_ZERO;STRUCTURAL_ZERO;STRUCTURAL_ZERO;STRUCTURAL_ZERO;STRUCTURAL_ZERO;STRUCTURAL_ZERO;STRUCTURAL_ZERO;STRUCTURAL_ZERO;STRUCTURAL_ZERO,12,0,0,,OK
red2_6800:453,,infeasible;infeasible;infeasible;infeasible;infeasible;infeasible;infeasible;infeasible;infeasible;infeasible;infeasible;infeasible,0;0;0;0;0;0;0;0;0;0;0;0,infeasible;infeasible;infeasible;infeasible;infeasible;infeasible;infeasible;infeasible;infeasible;infeasible;infeasible;infeasible,infeasible;infeasible;infeasible;infeasible;infeasible;infeasible;infeasible;infeasible;infeasible;infeasible;infeasible;infeasible,0;1;2;3;4;5;6;7;8;9;10;11,STRUCTURAL_ZERO;STRUCTURAL_ZERO;STRUCTURAL_ZERO;STRUCTURAL_ZERO;STRUCTURAL_ZERO;STRUCTURAL_ZERO;STRUCTURAL_ZERO;STRUCTURAL_ZERO;STRUCTURAL_ZERO;STRUCTURAL_ZERO;STRUCTURAL_ZERO;STRUCTURAL_ZERO,12,0,0,,OK
red2_6800:454,,infeasible;infeasible;infeasible;infeasible;infeasible;infeasible;infeasible;infeasible;infeasible;infeasible;infeasible;infeasible,0;0;0;0;0;0;0;0;0;0;0;0,infeasible;infeasible;infeasible;infeasible;infeasible;infeasible;infeasible;infeasible;infeasible;infeasible;infeasible;infeasible,infeasible;infeasible;infeasible;infeasible;infeasible;infeasible;infeasible;infeasible;infeasible;infeasible;infeasible;infeasible,0;1;2;3;4;5;6;7;8;9;10;11,STRUCTURAL_ZERO;STRUCTURAL_ZERO;STRUCTURAL_ZERO;STRUCTURAL_ZERO;STRUCTURAL_ZERO;STRUCTURAL_ZERO;STRUCTURAL_ZERO;STRUCTURAL_ZERO;STRUCTURAL_ZERO;STRUCTURAL_ZERO;STRUCTURAL_ZERO;STRUCTURAL_ZERO,12,0,0,,OK
red2_6800:455,,infeasible;infeasible;infeasible;infeasible;infeasible;infeasible;infeasible;infeasible;infeasible;infeasible;infeasible;infeasible,0;0;0;0;0;0;0;0;0;0;0;0,infeasible;infeasible;infeasible;infeasible;infeasible;infeasible;infeasible;infeasible;infeasible;infeasible;infeasible;infeasible,infeasible;infeasible;infeasible;infeasible;infeasible;infeasible;infeasible;infeasible;infeasible;infeasible;infeasible;infeasible,0;1;2;3;4;5;6;7;8;9;10;11,STRUCTURAL_ZERO;STRUCTURAL_ZERO;STRUCTURAL_ZERO;STRUCTURAL_ZERO;STRUCTURAL_ZERO;STRUCTURAL_ZERO;STRUCTURAL_ZERO;STRUCTURAL_ZERO;STRUCTURAL_ZERO;STRUCTURAL_ZERO;STRUCTURAL_ZERO;STRUCTURAL_ZERO,12,0,0,,OK
red2_6800:456,,infeasible;infeasible;infeasible;infeasible;infeasible;infeasible;infeasible;infeasible;infeasible;infeasible;infeasible;infeasible,0;0;0;0;0;0;0;0;0;0;0;0,infeasible;infeasible;infeasible;infeasible;infeasible;infeasible;infeasible;infeasible;infeasible;infeasible;infeasible;infeasible,infeasible;infeasible;infeasible;infeasible;infeasible;infeasible;infeasible;infeasible;infeasible;infeasible;infeasible;infeasible,0;1;2;3;4;5;6;7;8;9;10;11,STRUCTURAL_ZERO;STRUCTURAL_ZERO;STRUCTURAL_ZERO;STRUCTURAL_ZERO;STRUCTURAL_ZERO;STRUCTURAL_ZERO;STRUCTURAL_ZERO;STRUCTURAL_ZERO;STRUCTURAL_ZERO;STRUCTURAL_ZERO;STRUCTURAL_ZERO;STRUCTURAL_ZERO,12,0,0,,OK
red2_6800:457,,infeasible;infeasible;infeasible;infeasible;infeasible;infeasible;infeasible;infeasible;infeasible;infeasible;infeasible;infeasible,0;0;0;0;0;0;0;0;0;0;0;0,infeasible;infeasible;infeasible;infeasible;infeasible;infeasible;infeasible;infeasible;infeasible;infeasible;infeasible;infeasible,infeasible;infeasible;infeasible;infeasible;infeasible;infeasible;infeasible;infeasible;infeasible;infeasible;infeasible;infeasible,0;1;2;3;4;5;6;7;8;9;10;11,STRUCTURAL_ZERO;STRUCTURAL_ZERO;STRUCTURAL_ZERO;STRUCTURAL_ZERO;STRUCTURAL_ZERO;STRUCTURAL_ZERO;STRUCTURAL_ZERO;STRUCTURAL_ZERO;STRUCTURAL_ZERO;STRUCTURAL_ZERO;STRUCTURAL_ZERO;STRUCTURAL_ZERO,12,0,0,,OK
red2_6800:458,,infeasible;infeasible;infeasible;infeasible;infeasible;infeasible;infeasible;infeasible;infeasible;infeasible;infeasible;infeasible,0;0;0;0;0;0;0;0;0;0;0;0,infeasible;infeasible;infeasible;infeasible;infeasible;infeasible;infeasible;infeasible;infeasible;infeasible;infeasible;infeasible,infeasible;infeasible;infeasible;infeasible;infeasible;infeasible;infeasible;infeasible;infeasible;infeasible;infeasible;infeasible,0;1;2;3;4;5;6;7;8;9;10;11,STRUCTURAL_ZERO;STRUCTURAL_ZERO;STRUCTURAL_ZERO;STRUCTURAL_ZERO;STRUCTURAL_ZERO;STRUCTURAL_ZERO;STRUCTURAL_ZERO;STRUCTURAL_ZERO;STRUCTURAL_ZERO;STRUCTURAL_ZERO;STRUCTURAL_ZERO;STRUCTURAL_ZERO,12,0,0,,OK
red2_6800:459,,infeasible;infeasible;infeasible;infeasible;infeasible;infeasible;infeasible;infeasible;infeasible;infeasible;infeasible;infeasible,0;0;0;0;0;0;0;0;0;0;0;0,infeasible;infeasible;infeasible;infeasible;infeasible;infeasible;infeasible;infeasible;infeasible;infeasible;infeasible;infeasible,infeasible;infeasible;infeasible;infeasible;infeasible;infeasible;infeasible;infeasible;infeasible;infeasible;infeasible;infeasible,0;1;2;3;4;5;6;7;8;9;10;11,STRUCTURAL_ZERO;STRUCTURAL_ZERO;STRUCTURAL_ZERO;STRUCTURAL_ZERO;STRUCTURAL_ZERO;STRUCTURAL_ZERO;STRUCTURAL_ZERO;STRUCTURAL_ZERO;STRUCTURAL_ZERO;STRUCTURAL_ZERO;STRUCTURAL_ZERO;STRUCTURAL_ZERO,12,0,0,,OK
red2_6800:460,,infeasible;optimal;optimal;optimal;optimal;optimal;optimal;optimal;optimal;optimal;optimal;optimal,0;0.1285;0.5254;0.7763;1.188;1.423;1.44;1.409;1.299;1.141;0.8762;0.2795,infeasible;optimal;optimal;optimal;optimal;optimal;optimal;optimal;optimal;optimal;optimal;optimal,infeasible;optimal;optimal;optimal;optimal;optimal;optimal;optimal;optimal;optimal;optimal;optimal,0,STRUCTURAL_ZERO,1,0,0,,OK
red2_6800:461,,infeasible;infeasible;infeasible;infeasible;infeasible;infeasible;infeasible;infeasible;infeasible;infeasible;infeasible;infeasible,0;0;0;0;0;0;0;0;0;0;0;0,infeasible;infeasible;infeasible;infeasible;infeasible;infeasible;infeasible;infeasible;infeasible;infeasible;infeasible;infeasible,infeasible;infeasible;infeasible;infeasible;infeasible;infeasible;infeasible;infeasible;infeasible;infeasible;infeasible;infeasible,0;1;2;3;4;5;6;7;8;9;10;11,STRUCTURAL_ZERO;STRUCTURAL_ZERO;STRUCTURAL_ZERO;STRUCTURAL_ZERO;STRUCTURAL_ZERO;STRUCTURAL_ZERO;STRUCTURAL_ZERO;STRUCTURAL_ZERO;STRUCTURAL_ZERO;STRUCTURAL_ZERO;STRUCTURAL_ZERO;STRUCTURAL_ZERO,12,0,0,,OK
red2_6800:462,,infeasible;infeasible;infeasible;infeasible;infeasible;infeasible;infeasible;infeasible;infeasible;infeasible;infeasible;infeasible,0;0;0;0;0;0;0;0;0;0;0;0,infeasible;infeasible;infeasible;infeasible;infeasible;infeasible;infeasible;infeasible;infeasible;infeasible;infeasible;infeasible,infeasible;infeasible;infeasible;infeasible;infeasible;infeasible;infeasible;infeasible;infeasible;infeasible;infeasible;infeasible,0;1;2;3;4;5;6;7;8;9;10;11,STRUCTURAL_ZERO;STRUCTURAL_ZERO;STRUCTURAL_ZERO;STRUCTURAL_ZERO;STRUCTURAL_ZERO;STRUCTURAL_ZERO;STRUCTURAL_ZERO;STRUCTURAL_ZERO;STRUCTURAL_ZERO;STRUCTURAL_ZERO;STRUCTURAL_ZERO;STRUCTURAL_ZERO,12,0,0,,OK
red2_6800:463,,infeasible;infeasible;infeasible;infeasible;infeasible;infeasible;infeasible;infeasible;infeasible;infeasible;infeasible;infeasible,0;0;0;0;0;0;0;0;0;0;0;0,infeasible;infeasible;infeasible;infeasible;infeasible;infeasible;infeasible;infeasible;infeasible;infeasible;infeasible;infeasible,infeasible;infeasible;infeasible;infeasible;infeasible;infeasible;infeasible;infeasible;infeasible;infeasible;infeasible;infeasible,0;1;2;3;4;5;6;7;8;9;10;11,STRUCTURAL_ZERO;STRUCTURAL_ZERO;STRUCTURAL_ZERO;STRUCTURAL_ZERO;STRUCTURAL_ZERO;STRUCTURAL_ZERO;STRUCTURAL_ZERO;STRUCTURAL_ZERO;STRUCTURAL_ZERO;STRUCTURAL_ZERO;STRUCTURAL_ZERO;STRUCTURAL_ZERO,12,0,0,,OK
red2_6800:464,,infeasible;infeasible;infeasible;infeasible;infeasible;infeasible;infeasible;infeasible;infeasible;infeasible;infeasible;infeasible,0;0;0;0;0;0;0;0;0;0;0;0,infeasible;infeasible;infeasible;infeasible;infeasible;infeasible;infeasible;infeasible;infeasible;infeasible;infeasible;infeasible,infeasible;infeasible;infeasible;infeasible;infeasible;infeasible;infeasible;infeasible;infeasible;infeasible;infeasible;infeasible,0;1;2;3;4;5;6;7;8;9;10;11,STRUCTURAL_ZERO;STRUCTURAL_ZERO;STRUCTURAL_ZERO;STRUCTURAL_ZERO;STRUCTURAL_ZERO;STRUCTURAL_ZERO;STRUCTURAL_ZERO;STRUCTURAL_ZERO;STRUCTURAL_ZERO;STRUCTURAL_ZERO;STRUCTURAL_ZERO;STRUCTURAL_ZERO,12,0,0,,OK
red2_6800:465,,infeasible;infeasible;infeasible;infeasible;infeasible;infeasible;infeasible;infeasible;infeasible;infeasible;infeasible;infeasible,0;0;0;0;0;0;0;0;0;0;0;0,infeasible;infeasible;infeasible;infeasible;infeasible;infeasible;infeasible;infeasible;infeasible;infeasible;infeasible;infeasible,infeasible;infeasible;infeasible;infeasible;infeasible;infeasible;infeasible;infeasible;infeasible;infeasible;infeasible;infeasible,0;1;2;3;4;5;6;7;8;9;10;11,STRUCTURAL_ZERO;STRUCTURAL_ZERO;STRUCTURAL_ZERO;STRUCTURAL_ZERO;STRUCTURAL_ZERO;STRUCTURAL_ZERO;STRUCTURAL_ZERO;STRUCTURAL_ZERO;STRUCTURAL_ZERO;STRUCTURAL_ZERO;STRUCTURAL_ZERO;STRUCTURAL_ZERO,12,0,0,,OK
red2_6800:466,,infeasible;infeasible;infeasible;infeasible;infeasible;infeasible;infeasible;infeasible;infeasible;infeasible;infeasible;infeasible,0;0;0;0;0;0;0;0;0;0;0;0,infeasible;infeasible;infeasible;infeasible;infeasible;infeasible;infeasible;infeasible;infeasible;infeasible;infeasible;infeasible,infeasible;infeasible;infeasible;infeasible;infeasible;infeasible;infeasible;infeasible;infeasible;infeasible;infeasible;infeasible,0;1;2;3;4;5;6;7;8;9;10;11,STRUCTURAL_ZERO;STRUCTURAL_ZERO;STRUCTURAL_ZERO;STRUCTURAL_ZERO;STRUCTURAL_ZERO;STRUCTURAL_ZERO;STRUCTURAL_ZERO;STRUCTURAL_ZERO;STRUCTURAL_ZERO;STRUCTURAL_ZERO;STRUCTURAL_ZERO;STRUCTURAL_ZERO,12,0,0,,OK
red2_6800:467,,infeasible;infeasible;infeasible;infeasible;infeasible;infeasible;infeasible;infeasible;infeasible;infeasible;infeasible;infeasible,0;0;0;0;0;0;0;0;0;0;0;0,infeasible;infeasible;infeasible;infeasible;infeasible;infeasible;infeasible;infeasible;infeasible;infeasible;infeasible;infeasible,infeasible;infeasible;infeasible;infeasible;infeasible;infeasible;infeasible;infeasible;infeasible;infeasible;infeasible;infeasible,0;1;2;3;4;5;6;7;8;9;10;11,STRUCTURAL_ZERO;STRUCTURAL_ZERO;STRUCTURAL_ZERO;STRUCTURAL_ZERO;STRUCTURAL_ZERO;STRUCTURAL_ZERO;STRUCTURAL_ZERO;STRUCTURAL_ZERO;STRUCTURAL_ZERO;STRUCTURAL_ZERO;STRUCTURAL_ZERO;STRUCTURAL_ZERO,12,0,0,,OK
red2_6800:468,,infeasible;infeasible;infeasible;infeasible;infeasible;infeasible;infeasible;infeasible;infeasible;infeasible;infeasible;infeasible,0;0;0;0;0;0;0;0;0;0;0;0,infeasible;infeasible;infeasible;infeasible;infeasible;infeasible;infeasible;infeasible;infeasible;infeasible;infeasible;infeasible,infeasible;infeasible;infeasible;infeasible;infeasible;infeasible;infeasible;infeasible;infeasible;infeasible;infeasible;infeasible,0;1;2;3;4;5;6;7;8;9;10;11,STRUCTURAL_ZERO;STRUCTURAL_ZERO;STRUCTURAL_ZERO;STRUCTURAL_ZERO;STRUCTURAL_ZERO;STRUCTURAL_ZERO;STRUCTURAL_ZERO;STRUCTURAL_ZERO;STRUCTURAL_ZERO;STRUCTURAL_ZERO;STRUCTURAL_ZERO;STRUCTURAL_ZERO,12,0,0,,OK
red2_6800:469,,infeasible;infeasible;infeasible;infeasible;infeasible;infeasible;infeasible;infeasible;infeasible;infeasible;infeasible;infeasible,0;0;0;0;0;0;0;0;0;0;0;0,infeasible;infeasible;infeasible;infeasible;infeasible;infeasible;infeasible;infeasible;infeasible;infeasible;infeasible;infeasible,infeasible;infeasible;infeasible;infeasible;infeasible;infeasible;infeasible;infeasible;infeasible;infeasible;infeasible;infeasible,0;1;2;3;4;5;6;7;8;9;10;11,STRUCTURAL_ZERO;STRUCTURAL_ZERO;STRUCTURAL_ZERO;STRUCTURAL_ZERO;STRUCTURAL_ZERO;STRUCTURAL_ZERO;STRUCTURAL_ZERO;STRUCTURAL_ZERO;STRUCTURAL_ZERO;STRUCTURAL_ZERO;STRUCTURAL_ZERO;STRUCTURAL_ZERO,12,0,0,,OK
red2_6800:470,,infeasible;infeasible;infeasible;infeasible;infeasible;infeasible;infeasible;infeasible;infeasible;infeasible;infeasible;infeasible,0;0;0;0;0;0;0;0;0;0;0;0,infeasible;infeasible;infeasible;infeasible;infeasible;infeasible;infeasible;infeasible;infeasible;infeasible;infeasible;infeasible,infeasible;infeasible;infeasible;infeasible;infeasible;infeasible;infeasible;infeasible;infeasible;infeasible;infeasible;infeasible,0;1;2;3;4;5;6;7;8;9;10;11,STRUCTURAL_ZERO;STRUCTURAL_ZERO;STRUCTURAL_ZERO;STRUCTURAL_ZERO;STRUCTURAL_ZERO;STRUCTURAL_ZERO;STRUCTURAL_ZERO;STRUCTURAL_ZERO;STRUCTURAL_ZERO;STRUCTURAL_ZERO;STRUCTURAL_ZERO;STRUCTURAL_ZERO,12,0,0,,OK
red2_6800:471,,infeasible;infeasible;infeasible;infeasible;infeasible;infeasible;infeasible;infeasible;infeasible;infeasible;infeasible;infeasible,0;0;0;0;0;0;0;0;0;0;0;0,infeasible;infeasible;infeasible;infeasible;infeasible;infeasible;infeasible;infeasible;infeasible;infeasible;infeasible;infeasible,infeasible;infeasible;infeasible;infeasible;infeasible;infeasible;infeasible;infeasible;infeasible;infeasible;infeasible;infeasible,0;1;2;3;4;5;6;7;8;9;10;11,STRUCTURAL_ZERO;STRUCTURAL_ZERO;STRUCTURAL_ZERO;STRUCTURAL_ZERO;STRUCTURAL_ZERO;STRUCTURAL_ZERO;STRUCTURAL_ZERO;STRUCTURAL_ZERO;STRUCTURAL_ZERO;STRUCTURAL_ZERO;STRUCTURAL_ZERO;STRUCTURAL_ZERO,12,0,0,,OK
red2_6800:472,,infeasible;infeasible;infeasible;infeasible;infeasible;infeasible;infeasible;infeasible;infeasible;infeasible;infeasible;infeasible,0;0;0;0;0;0;0;0;0;0;0;0,infeasible;infeasible;infeasible;infeasible;infeasible;infeasible;infeasible;infeasible;infeasible;infeasible;infeasible;infeasible,infeasible;infeasible;infeasible;infeasible;infeasible;infeasible;infeasible;infeasible;infeasible;infeasible;infeasible;infeasible,0;1;2;3;4;5;6;7;8;9;10;11,STRUCTURAL_ZERO;STRUCTURAL_ZERO;STRUCTURAL_ZERO;STRUCTURAL_ZERO;STRUCTURAL_ZERO;STRUCTURAL_ZERO;STRUCTURAL_ZERO;STRUCTURAL_ZERO;STRUCTURAL_ZERO;STRUCTURAL_ZERO;STRUCTURAL_ZERO;STRUCTURAL_ZERO,12,0,0,,OK
red2_6800:473,,infeasible;infeasible;infeasible;infeasible;infeasible;infeasible;infeasible;infeasible;infeasible;infeasible;infeasible;infeasible,0;0;0;0;0;0;0;0;0;0;0;0,infeasible;infeasible;infeasible;infeasible;infeasible;infeasible;infeasible;infeasible;infeasible;infeasible;infeasible;infeasible,infeasible;infeasible;infeasible;infeasible;infeasible;infeasible;infeasible;infeasible;infeasible;infeasible;infeasible;infeasible,0;1;2;3;4;5;6;7;8;9;10;11,STRUCTURAL_ZERO;STRUCTURAL_ZERO;STRUCTURAL_ZERO;STRUCTURAL_ZERO;STRUCTURAL_ZERO;STRUCTURAL_ZERO;STRUCTURAL_ZERO;STRUCTURAL_ZERO;STRUCTURAL_ZERO;STRUCTURAL_ZERO;STRUCTURAL_ZERO;STRUCTURAL_ZERO,12,0,0,,OK
red2_6800:474,,infeasible;infeasible;infeasible;infeasible;infeasible;infeasible;infeasible;infeasible;infeasible;infeasible;infeasible;infeasible,0;0;0;0;0;0;0;0;0;0;0;0,infeasible;infeasible;infeasible;infeasible;infeasible;infeasible;infeasible;infeasible;infeasible;infeasible;infeasible;infeasible,infeasible;infeasible;infeasible;infeasible;infeasible;infeasible;infeasible;infeasible;infeasible;infeasible;infeasible;infeasible,0;1;2;3;4;5;6;7;8;9;10;11,STRUCTURAL_ZERO;STRUCTURAL_ZERO;STRUCTURAL_ZERO;STRUCTURAL_ZERO;STRUCTURAL_ZERO;STRUCTURAL_ZERO;STRUCTURAL_ZERO;STRUCTURAL_ZERO;STRUCTURAL_ZERO;STRUCTURAL_ZERO;STRUCTURAL_ZERO;STRUCTURAL_ZERO,12,0,0,,OK
red2_6800:475,,infeasible;infeasible;infeasible;infeasible;infeasible;infeasible;infeasible;infeasible;infeasible;infeasible;infeasible;infeasible,0;0;0;0;0;0;0;0;0;0;0;0,infeasible;infeasible;infeasible;infeasible;infeasible;infeasible;infeasible;infeasible;infeasible;infeasible;infeasible;infeasible,infeasible;infeasible;infeasible;infeasible;infeasible;infeasible;infeasible;infeasible;infeasible;infeasible;infeasible;infeasible,0;1;2;3;4;5;6;7;8;9;10;11,STRUCTURAL_ZERO;STRUCTURAL_ZERO;STRUCTURAL_ZERO;STRUCTURAL_ZERO;STRUCTURAL_ZERO;STRUCTURAL_ZERO;STRUCTURAL_ZERO;STRUCTURAL_ZERO;STRUCTURAL_ZERO;STRUCTURAL_ZERO;STRUCTURAL_ZERO;STRUCTURAL_ZERO,12,0,0,,OK
red2_6800:476,,infeasible;infeasible;infeasible;infeasible;infeasible;infeasible;infeasible;infeasible;infeasible;infeasible;infeasible;infeasible,0;0;0;0;0;0;0;0;0;0;0;0,infeasible;infeasible;infeasible;infeasible;infeasible;infeasible;infeasible;infeasible;infeasible;infeasible;infeasible;infeasible,infeasible;infeasible;infeasible;infeasible;infeasible;infeasible;infeasible;infeasible;infeasible;infeasible;infeasible;infeasible,0;1;2;3;4;5;6;7;8;9;10;11,STRUCTURAL_ZERO;STRUCTURAL_ZERO;STRUCTURAL_ZERO;STRUCTURAL_ZERO;STRUCTURAL_ZERO;STRUCTURAL_ZERO;STRUCTURAL_ZERO;STRUCTURAL_ZERO;STRUCTURAL_ZERO;STRUCTURAL_ZERO;STRUCTURAL_ZERO;STRUCTURAL_ZERO,12,0,0,,OK
red2_6800:477,,infeasible;infeasible;infeasible;infeasible;infeasible;infeasible;infeasible;infeasible;infeasible;infeasible;infeasible;infeasible,0;0;0;0;0;0;0;0;0;0;0;0,infeasible;infeasible;infeasible;infeasible;infeasible;infeasible;infeasible;infeasible;infeasible;infeasible;infeasible;infeasible,infeasible;infeasible;infeasible;infeasible;infeasible;infeasible;infeasible;infeasible;infeasible;infeasible;infeasible;infeasible,0;1;2;3;4;5;6;7;8;9;10;11,STRUCTURAL_ZERO;STRUCTURAL_ZERO;STRUCTURAL_ZERO;STRUCTURAL_ZERO;STRUCTURAL_ZERO;STRUCTURAL_ZERO;STRUCTURAL_ZERO;STRUCTURAL_ZERO;STRUCTURAL_ZERO;STRUCTURAL_ZERO;STRUCTURAL_ZERO;STRUCTURAL_ZERO,12,0,0,,OK
red2_6800:478,,infeasible;infeasible;infeasible;infeasible;infeasible;infeasible;infeasible;infeasible;infeasible;infeasible;infeasible;infeasible,0;0;0;0;0;0;0;0;0;0;0;0,infeasible;infeasible;infeasible;infeasible;infeasible;infeasible;infeasible;infeasible;infeasible;infeasible;infeasible;infeasible,infeasible;infeasible;infeasible;infeasible;infeasible;infeasible;infeasible;infeasible;infeasible;infeasible;infeasible;infeasible,0;1;2;3;4;5;6;7;8;9;10;11,STRUCTURAL_ZERO;STRUCTURAL_ZERO;STRUCTURAL_ZERO;STRUCTURAL_ZERO;STRUCTURAL_ZERO;STRUCTURAL_ZERO;STRUCTURAL_ZERO;STRUCTURAL_ZERO;STRUCTURAL_ZERO;STRUCTURAL_ZERO;STRUCTURAL_ZERO;STRUCTURAL_ZERO,12,0,0,,OK
red2_6800:479,,infeasible;infeasible;infeasible;infeasible;infeasible;infeasible;infeasible;infeasible;infeasible;infeasible;infeasible;infeasible,0;0;0;0;0;0;0;0;0;0;0;0,infeasible;infeasible;infeasible;infeasible;infeasible;infeasible;infeasible;infeasible;infeasible;infeasible;infeasible;infeasible,infeasible;infeasible;infeasible;infeasible;infeasible;infeasible;infeasible;infeasible;infeasible;infeasible;infeasible;infeasible,0;1;2;3;4;5;6;7;8;9;10;11,STRUCTURAL_ZERO;STRUCTURAL_ZERO;STRUCTURAL_ZERO;STRUCTURAL_ZERO;STRUCTURAL_ZERO;STRUCTURAL_ZERO;STRUCTURAL_ZERO;STRUCTURAL_ZERO;STRUCTURAL_ZERO;STRUCTURAL_ZERO;STRUCTURAL_ZERO;STRUCTURAL_ZERO,12,0,0,,OK
red2_6800:480,,infeasible;infeasible;infeasible;infeasible;infeasible;infeasible;infeasible;infeasible;infeasible;infeasible;infeasible;infeasible,0;0;0;0;0;0;0;0;0;0;0;0,infeasible;infeasible;infeasible;infeasible;infeasible;infeasible;infeasible;infeasible;infeasible;infeasible;infeasible;infeasible,infeasible;infeasible;infeasible;infeasible;infeasible;infeasible;infeasible;infeasible;infeasible;infeasible;infeasible;infeasible,0;1;2;3;4;5;6;7;8;9;10;11,STRUCTURAL_ZERO;STRUCTURAL_ZERO;STRUCTURAL_ZERO;STRUCTURAL_ZERO;STRUCTURAL_ZERO;STRUCTURAL_ZERO;STRUCTURAL_ZERO;STRUCTURAL_ZERO;STRUCTURAL_ZERO;STRUCTURAL_ZERO;STRUCTURAL_ZERO;STRUCTURAL_ZERO,12,0,0,,OK
red2_6800:481,,infeasible;infeasible;infeasible;infeasible;infeasible;infeasible;infeasible;infeasible;infeasible;infeasible;infeasible;infeasible,0;0;0;0;0;0;0;0;0;0;0;0,infeasible;infeasible;infeasible;infeasible;infeasible;infeasible;infeasible;infeasible;infeasible;infeasible;infeasible;infeasible,infeasible;infeasible;infeasible;infeasible;infeasible;infeasible;infeasible;infeasible;infeasible;infeasible;infeasible;infeasible,0;1;2;3;4;5;6;7;8;9;10;11,STRUCTURAL_ZERO;STRUCTURAL_ZERO;STRUCTURAL_ZERO;STRUCTURAL_ZERO;STRUCTURAL_ZERO;STRUCTURAL_ZERO;STRUCTURAL_ZERO;STRUCTURAL_ZERO;STRUCTURAL_ZERO;STRUCTURAL_ZERO;STRUCTURAL_ZERO;STRUCTURAL_ZERO,12,0,0,,OK
red2_6800:482,,infeasible;infeasible;infeasible;infeasible;infeasible;infeasible;infeasible;infeasible;infeasible;infeasible;infeasible;infeasible,0;0;0;0;0;0;0;0;0;0;0;0,infeasible;infeasible;infeasible;infeasible;infeasible;infeasible;infeasible;infeasible;infeasible;infeasible;infeasible;infeasible,infeasible;infeasible;infeasible;infeasible;infeasible;infeasible;infeasible;infeasible;infeasible;infeasible;infeasible;infeasible,0;1;2;3;4;5;6;7;8;9;10;11,STRUCTURAL_ZERO;STRUCTURAL_ZERO;STRUCTURAL_ZERO;STRUCTURAL_ZERO;STRUCTURAL_ZERO;STRUCTURAL_ZERO;STRUCTURAL_ZERO;STRUCTURAL_ZERO;STRUCTURAL_ZERO;STRUCTURAL_ZERO;STRUCTURAL_ZERO;STRUCTURAL_ZERO,12,0,0,,OK
red2_6800:483,,infeasible;infeasible;infeasible;infeasible;infeasible;infeasible;infeasible;infeasible;infeasible;infeasible;infeasible;infeasible,0;0;0;0;0;0;0;0;0;0;0;0,infeasible;infeasible;infeasible;infeasible;infeasible;infeasible;infeasible;infeasible;infeasible;infeasible;infeasible;infeasible,infeasible;infeasible;infeasible;infeasible;infeasible;infeasible;infeasible;infeasible;infeasible;infeasible;infeasible;infeasible,0;1;2;3;4;5;6;7;8;9;10;11,STRUCTURAL_ZERO;STRUCTURAL_ZERO;STRUCTURAL_ZERO;STRUCTURAL_ZERO;STRUCTURAL_ZERO;STRUCTURAL_ZERO;STRUCTURAL_ZERO;STRUCTURAL_ZERO;STRUCTURAL_ZERO;STRUCTURAL_ZERO;STRUCTURAL_ZERO;STRUCTURAL_ZERO,12,0,0,,OK
red2_6800:484,,infeasible;infeasible;infeasible;infeasible;infeasible;infeasible;infeasible;infeasible;infeasible;infeasible;infeasible;infeasible,0;0;0;0;0;0;0;0;0;0;0;0,infeasible;infeasible;infeasible;infeasible;infeasible;infeasible;infeasible;infeasible;infeasible;infeasible;infeasible;infeasible,infeasible;infeasible;infeasible;infeasible;infeasible;infeasible;infeasible;infeasible;infeasible;infeasible;infeasible;infeasible,0;1;2;3;4;5;6;7;8;9;10;11,STRUCTURAL_ZERO;STRUCTURAL_ZERO;STRUCTURAL_ZERO;STRUCTURAL_ZERO;STRUCTURAL_ZERO;STRUCTURAL_ZERO;STRUCTURAL_ZERO;STRUCTURAL_ZERO;STRUCTURAL_ZERO;STRUCTURAL_ZERO;STRUCTURAL_ZERO;STRUCTURAL_ZERO,12,0,0,,OK
red2_6800:485,,infeasible;infeasible;infeasible;infeasible;infeasible;infeasible;infeasible;infeasible;infeasible;infeasible;infeasible;infeasible,0;0;0;0;0;0;0;0;0;0;0;0,infeasible;infeasible;infeasible;infeasible;infeasible;infeasible;infeasible;infeasible;infeasible;infeasible;infeasible;infeasible,infeasible;infeasible;infeasible;infeasible;infeasible;infeasible;infeasible;infeasible;infeasible;infeasible;infeasible;infeasible,0;1;2;3;4;5;6;7;8;9;10;11,STRUCTURAL_ZERO;STRUCTURAL_ZERO;STRUCTURAL_ZERO;STRUCTURAL_ZERO;STRUCTURAL_ZERO;STRUCTURAL_ZERO;STRUCTURAL_ZERO;STRUCTURAL_ZERO;STRUCTURAL_ZERO;STRUCTURAL_ZERO;STRUCTURAL_ZERO;STRUCTURAL_ZERO,12,0,0,,OK
red2_6800:486,,infeasible;infeasible;infeasible;infeasible;infeasible;infeasible;infeasible;infeasible;infeasible;infeasible;infeasible;infeasible,0;0;0;0;0;0;0;0;0;0;0;0,infeasible;infeasible;infeasible;infeasible;infeasible;infeasible;infeasible;infeasible;infeasible;infeasible;infeasible;infeasible,infeasible;infeasible;infeasible;infeasible;infeasible;infeasible;infeasible;infeasible;infeasible;infeasible;infeasible;infeasible,0;1;2;3;4;5;6;7;8;9;10;11,STRUCTURAL_ZERO;STRUCTURAL_ZERO;STRUCTURAL_ZERO;STRUCTURAL_ZERO;STRUCTURAL_ZERO;STRUCTURAL_ZERO;STRUCTURAL_ZERO;STRUCTURAL_ZERO;STRUCTURAL_ZERO;STRUCTURAL_ZERO;STRUCTURAL_ZERO;STRUCTURAL_ZERO,12,0,0,,OK
red2_6800:487,,infeasible;infeasible;infeasible;infeasible;infeasible;infeasible;infeasible;infeasible;infeasible;infeasible;infeasible;infeasible,0;0;0;0;0;0;0;0;0;0;0;0,infeasible;infeasible;infeasible;infeasible;infeasible;infeasible;infeasible;infeasible;infeasible;infeasible;infeasible;infeasible,infeasible;infeasible;infeasible;infeasible;infeasible;infeasible;infeasible;infeasible;infeasible;infeasible;infeasible;infeasible,0;1;2;3;4;5;6;7;8;9;10;11,STRUCTURAL_ZERO;STRUCTURAL_ZERO;STRUCTURAL_ZERO;STRUCTURAL_ZERO;STRUCTURAL_ZERO;STRUCTURAL_ZERO;STRUCTURAL_ZERO;STRUCTURAL_ZERO;STRUCTURAL_ZERO;STRUCTURAL_ZERO;STRUCTURAL_ZERO;STRUCTURAL_ZERO,12,0,0,,OK
red2_6800:488,,infeasible;infeasible;infeasible;infeasible;infeasible;infeasible;infeasible;infeasible;infeasible;infeasible;infeasible;infeasible,0;0;0;0;0;0;0;0;0;0;0;0,infeasible;infeasible;infeasible;infeasible;infeasible;infeasible;infeasible;infeasible;infeasible;infeasible;infeasible;infeasible,infeasible;infeasible;infeasible;infeasible;infeasible;infeasible;infeasible;infeasible;infeasible;infeasible;infeasible;infeasible,0;1;2;3;4;5;6;7;8;9;10;11,STRUCTURAL_ZERO;STRUCTURAL_ZERO;STRUCTURAL_ZERO;STRUCTURAL_ZERO;STRUCTURAL_ZERO;STRUCTURAL_ZERO;STRUCTURAL_ZERO;STRUCTURAL_ZERO;STRUCTURAL_ZERO;STRUCTURAL_ZERO;STRUCTURAL_ZERO;STRUCTURAL_ZERO,12,0,0,,OK
red2_6800:489,,infeasible;infeasible;infeasible;infeasible;infeasible;infeasible;infeasible;infeasible;infeasible;infeasible;infeasible;infeasible,0;0;0;0;0;0;0;0;0;0;0;0,infeasible;infeasible;infeasible;infeasible;infeasible;infeasible;infeasible;infeasible;infeasible;infeasible;infeasible;infeasible,infeasible;infeasible;infeasible;infeasible;infeasible;infeasible;infeasible;infeasible;infeasible;infeasible;infeasible;infeasible,0;1;2;3;4;5;6;7;8;9;10;11,STRUCTURAL_ZERO;STRUCTURAL_ZERO;STRUCTURAL_ZERO;STRUCTURAL_ZERO;STRUCTURAL_ZERO;STRUCTURAL_ZERO;STRUCTURAL_ZERO;STRUCTURAL_ZERO;STRUCTURAL_ZERO;STRUCTURAL_ZERO;STRUCTURAL_ZERO;STRUCTURAL_ZERO,12,0,0,,OK
red2_6800:490,,infeasible;infeasible;infeasible;infeasible;infeasible;infeasible;infeasible;infeasible;infeasible;infeasible;infeasible;infeasible,0;0;0;0;0;0;0;0;0;0;0;0,infeasible;infeasible;infeasible;infeasible;infeasible;infeasible;infeasible;infeasible;infeasible;infeasible;infeasible;infeasible,infeasible;infeasible;infeasible;infeasible;infeasible;infeasible;infeasible;infeasible;infeasible;infeasible;infeasible;infeasible,0;1;2;3;4;5;6;7;8;9;10;11,STRUCTURAL_ZERO;STRUCTURAL_ZERO;STRUCTURAL_ZERO;STRUCTURAL_ZERO;STRUCTURAL_ZERO;STRUCTURAL_ZERO;STRUCTURAL_ZERO;STRUCTURAL_ZERO;STRUCTURAL_ZERO;STRUCTURAL_ZERO;STRUCTURAL_ZERO;STRUCTURAL_ZERO,12,0,0,,OK
red2_6800:491,,infeasible;infeasible;infeasible;infeasible;infeasible;infeasible;infeasible;infeasible;infeasible;infeasible;infeasible;infeasible,0;0;0;0;0;0;0;0;0;0;0;0,infeasible;infeasible;infeasible;infeasible;infeasible;infeasible;infeasible;infeasible;infeasible;infeasible;infeasible;infeasible,infeasible;infeasible;infeasible;infeasible;infeasible;infeasible;infeasible;infeasible;infeasible;infeasible;infeasible;infeasible,0;1;2;3;4;5;6;7;8;9;10;11,STRUCTURAL_ZERO;STRUCTURAL_ZERO;STRUCTURAL_ZERO;STRUCTURAL_ZERO;STRUCTURAL_ZERO;STRUCTURAL_ZERO;STRUCTURAL_ZERO;STRUCTURAL_ZERO;STRUCTURAL_ZERO;STRUCTURAL_ZERO;STRUCTURAL_ZERO;STRUCTURAL_ZERO,12,0,0,,OK
red2_6800:492,,infeasible;infeasible;infeasible;infeasible;infeasible;infeasible;infeasible;infeasible;infeasible;infeasible;infeasible;infeasible,0;0;0;0;0;0;0;0;0;0;0;0,infeasible;infeasible;infeasible;infeasible;infeasible;infeasible;infeasible;infeasible;infeasible;infeasible;infeasible;infeasible,infeasible;infeasible;infeasible;infeasible;infeasible;infeasible;infeasible;infeasible;infeasible;infeasible;infeasible;infeasible,0;1;2;3;4;5;6;7;8;9;10;11,STRUCTURAL_ZERO;STRUCTURAL_ZERO;STRUCTURAL_ZERO;STRUCTURAL_ZERO;STRUCTURAL_ZERO;STRUCTURAL_ZERO;STRUCTURAL_ZERO;STRUCTURAL_ZERO;STRUCTURAL_ZERO;STRUCTURAL_ZERO;STRUCTURAL_ZERO;STRUCTURAL_ZERO,12,0,0,,OK
red2_6800:493,,infeasible;infeasible;infeasible;infeasible;infeasible;infeasible;infeasible;infeasible;infeasible;infeasible;infeasible;infeasible,0;0;0;0;0;0;0;0;0;0;0;0,infeasible;infeasible;infeasible;infeasible;infeasible;infeasible;infeasible;infeasible;infeasible;infeasible;infeasible;infeasible,infeasible;infeasible;infeasible;infeasible;infeasible;infeasible;infeasible;infeasible;infeasible;infeasible;infeasible;infeasible,0;1;2;3;4;5;6;7;8;9;10;11,STRUCTURAL_ZERO;STRUCTURAL_ZERO;STRUCTURAL_ZERO;STRUCTURAL_ZERO;STRUCTURAL_ZERO;STRUCTURAL_ZERO;STRUCTURAL_ZERO;STRUCTURAL_ZERO;STRUCTURAL_ZERO;STRUCTURAL_ZERO;STRUCTURAL_ZERO;STRUCTURAL_ZERO,12,0,0,,OK
red2_6800:494,,infeasible;infeasible;infeasible;infeasible;infeasible;infeasible;infeasible;infeasible;infeasible;infeasible;infeasible;infeasible,0;0;0;0;0;0;0;0;0;0;0;0,infeasible;infeasible;infeasible;infeasible;infeasible;infeasible;infeasible;infeasible;infeasible;infeasible;infeasible;infeasible,infeasible;infeasible;infeasible;infeasible;infeasible;infeasible;infeasible;infeasible;infeasible;infeasible;infeasible;infeasible,0;1;2;3;4;5;6;7;8;9;10;11,STRUCTURAL_ZERO;STRUCTURAL_ZERO;STRUCTURAL_ZERO;STRUCTURAL_ZERO;STRUCTURAL_ZERO;STRUCTURAL_ZERO;STRUCTURAL_ZERO;STRUCTURAL_ZERO;STRUCTURAL_ZERO;STRUCTURAL_ZERO;STRUCTURAL_ZERO;STRUCTURAL_ZERO,12,0,0,,OK
red2_6800:495,,infeasible;infeasible;infeasible;infeasible;infeasible;infeasible;infeasible;infeasible;infeasible;infeasible;infeasible;infeasible,0;0;0;0;0;0;0;0;0;0;0;0,infeasible;infeasible;infeasible;infeasible;infeasible;infeasible;infeasible;infeasible;infeasible;infeasible;infeasible;infeasible,infeasible;infeasible;infeasible;infeasible;infeasible;infeasible;infeasible;infeasible;infeasible;infeasible;infeasible;infeasible,0;1;2;3;4;5;6;7;8;9;10;11,STRUCTURAL_ZERO;STRUCTURAL_ZERO;STRUCTURAL_ZERO;STRUCTURAL_ZERO;STRUCTURAL_ZERO;STRUCTURAL_ZERO;STRUCTURAL_ZERO;STRUCTURAL_ZERO;STRUCTURAL_ZERO;STRUCTURAL_ZERO;STRUCTURAL_ZERO;STRUCTURAL_ZERO,12,0,0,,OK
red2_6800:496,,infeasible;infeasible;infeasible;infeasible;infeasible;infeasible;infeasible;infeasible;infeasible;infeasible;infeasible;infeasible,0;0;0;0;0;0;0;0;0;0;0;0,infeasible;infeasible;infeasible;infeasible;infeasible;infeasible;infeasible;infeasible;infeasible;infeasible;infeasible;infeasible,infeasible;infeasible;infeasible;infeasible;infeasible;infeasible;infeasible;infeasible;infeasible;infeasible;infeasible;infeasible,0;1;2;3;4;5;6;7;8;9;10;11,STRUCTURAL_ZERO;STRUCTURAL_ZERO;STRUCTURAL_ZERO;STRUCTURAL_ZERO;STRUCTURAL_ZERO;STRUCTURAL_ZERO;STRUCTURAL_ZERO;STRUCTURAL_ZERO;STRUCTURAL_ZERO;STRUCTURAL_ZERO;STRUCTURAL_ZERO;STRUCTURAL_ZERO,12,0,0,,OK
red2_6800:497,,infeasible;infeasible;infeasible;infeasible;infeasible;infeasible;infeasible;infeasible;infeasible;infeasible;infeasible;infeasible,0;0;0;0;0;0;0;0;0;0;0;0,infeasible;infeasible;infeasible;infeasible;infeasible;infeasible;infeasible;infeasible;infeasible;infeasible;infeasible;infeasible,infeasible;infeasible;infeasible;infeasible;infeasible;infeasible;infeasible;infeasible;infeasible;infeasible;infeasible;infeasible,0;1;2;3;4;5;6;7;8;9;10;11,STRUCTURAL_ZERO;STRUCTURAL_ZERO;STRUCTURAL_ZERO;STRUCTURAL_ZERO;STRUCTURAL_ZERO;STRUCTURAL_ZERO;STRUCTURAL_ZERO;STRUCTURAL_ZERO;STRUCTURAL_ZERO;STRUCTURAL_ZERO;STRUCTURAL_ZERO;STRUCTURAL_ZERO,12,0,0,,OK
red2_6800:498,,infeasible;infeasible;infeasible;infeasible;infeasible;infeasible;infeasible;infeasible;infeasible;infeasible;infeasible;infeasible,0;0;0;0;0;0;0;0;0;0;0;0,infeasible;infeasible;infeasible;infeasible;infeasible;infeasible;infeasible;infeasible;infeasible;infeasible;infeasible;infeasible,infeasible;infeasible;infeasible;infeasible;infeasible;infeasible;infeasible;infeasible;infeasible;infeasible;infeasible;infeasible,0;1;2;3;4;5;6;7;8;9;10;11,STRUCTURAL_ZERO;STRUCTURAL_ZERO;STRUCTURAL_ZERO;STRUCTURAL_ZERO;STRUCTURAL_ZERO;STRUCTURAL_ZERO;STRUCTURAL_ZERO;STRUCTURAL_ZERO;STRUCTURAL_ZERO;STRUCTURAL_ZERO;STRUCTURAL_ZERO;STRUCTURAL_ZERO,12,0,0,,OK
red2_6800:499,,infeasible;infeasible;infeasible;infeasible;infeasible;infeasible;infeasible;infeasible;infeasible;infeasible;infeasible;infeasible,0;0;0;0;0;0;0;0;0;0;0;0,infeasible;infeasible;infeasible;infeasible;infeasible;infeasible;infeasible;infeasible;infeasible;infeasible;infeasible;infeasible,infeasible;infeasible;infeasible;infeasible;infeasible;infeasible;infeasible;infeasible;infeasible;infeasible;infeasible;infeasible,0;1;2;3;4;5;6;7;8;9;10;11,STRUCTURAL_ZERO;STRUCTURAL_ZERO;STRUCTURAL_ZERO;STRUCTURAL_ZERO;STRUCTURAL_ZERO;STRUCTURAL_ZERO;STRUCTURAL_ZERO;STRUCTURAL_ZERO;STRUCTURAL_ZERO;STRUCTURAL_ZERO;STRUCTURAL_ZERO;STRUCTURAL_ZERO,12,0,0,,OK
red2_6800:500,,infeasible;infeasible;infeasible;infeasible;infeasible;infeasible;infeasible;infeasible;infeasible;infeasible;infeasible;infeasible,0;0;0;0;0;0;0;0;0;0;0;0,infeasible;infeasible;infeasible;infeasible;infeasible;infeasible;infeasible;infeasible;infeasible;infeasible;infeasible;infeasible,infeasible;infeasible;infeasible;infeasible;infeasible;infeasible;infeasible;infeasible;infeasible;infeasible;infeasible;infeasible,0;1;2;3;4;5;6;7;8;9;10;11,STRUCTURAL_ZERO;STRUCTURAL_ZERO;STRUCTURAL_ZERO;STRUCTURAL_ZERO;STRUCTURAL_ZERO;STRUCTURAL_ZERO;STRUCTURAL_ZERO;STRUCTURAL_ZERO;STRUCTURAL_ZERO;STRUCTURAL_ZERO;STRUCTURAL_ZERO;STRUCTURAL_ZERO,12,0,0,,OK
red2_6800:501,,infeasible;infeasible;infeasible;infeasible;infeasible;infeasible;infeasible;infeasible;infeasible;infeasible;infeasible;infeasible,0;0;0;0;0;0;0;0;0;0;0;0,infeasible;infeasible;infeasible;infeasible;infeasible;infeasible;infeasible;infeasible;infeasible;infeasible;infeasible;infeasible,infeasible;infeasible;infeasible;infeasible;infeasible;infeasible;infeasible;infeasible;infeasible;infeasible;infeasible;infeasible,0;1;2;3;4;5;6;7;8;9;10;11,STRUCTURAL_ZERO;STRUCTURAL_ZERO;STRUCTURAL_ZERO;STRUCTURAL_ZERO;STRUCTURAL_ZERO;STRUCTURAL_ZERO;STRUCTURAL_ZERO;STRUCTURAL_ZERO;STRUCTURAL_ZERO;STRUCTURAL_ZERO;STRUCTURAL_ZERO;STRUCTURAL_ZERO,12,0,0,,OK
red2_6800:502,,infeasible;infeasible;infeasible;infeasible;infeasible;infeasible;infeasible;infeasible;infeasible;infeasible;infeasible;infeasible,0;0;0;0;0;0;0;0;0;0;0;0,infeasible;infeasible;infeasible;infeasible;infeasible;infeasible;infeasible;infeasible;infeasible;infeasible;infeasible;infeasible,infeasible;infeasible;infeasible;infeasible;infeasible;infeasible;infeasible;infeasible;infeasible;infeasible;infeasible;infeasible,0;1;2;3;4;5;6;7;8;9;10;11,STRUCTURAL_ZERO;STRUCTURAL_ZERO;STRUCTURAL_ZERO;STRUCTURAL_ZERO;STRUCTURAL_ZERO;STRUCTURAL_ZERO;STRUCTURAL_ZERO;STRUCTURAL_ZERO;STRUCTURAL_ZERO;STRUCTURAL_ZERO;STRUCTURAL_ZERO;STRUCTURAL_ZERO,12,0,0,,OK
red2_6800:503,,infeasible;infeasible;infeasible;infeasible;infeasible;infeasible;infeasible;infeasible;infeasible;infeasible;infeasible;infeasible,0;0;0;0;0;0;0;0;0;0;0;0,infeasible;infeasible;infeasible;infeasible;infeasible;infeasible;infeasible;infeasible;infeasible;infeasible;infeasible;infeasible,infeasible;infeasible;infeasible;infeasible;infeasible;infeasible;infeasible;infeasible;infeasible;infeasible;infeasible;infeasible,0;1;2;3;4;5;6;7;8;9;10;11,STRUCTURAL_ZERO;STRUCTURAL_ZERO;STRUCTURAL_ZERO;STRUCTURAL_ZERO;STRUCTURAL_ZERO;STRUCTURAL_ZERO;STRUCTURAL_ZERO;STRUCTURAL_ZERO;STRUCTURAL_ZERO;STRUCTURAL_ZERO;STRUCTURAL_ZERO;STRUCTURAL_ZERO,12,0,0,,OK
red2_6800:504,,infeasible;infeasible;infeasible;infeasible;infeasible;infeasible;infeasible;infeasible;infeasible;infeasible;infeasible;infeasible,0;0;0;0;0;0;0;0;0;0;0;0,infeasible;infeasible;infeasible;infeasible;infeasible;infeasible;infeasible;infeasible;infeasible;infeasible;infeasible;infeasible,infeasible;infeasible;infeasible;infeasible;infeasible;infeasible;infeasible;infeasible;infeasible;infeasible;infeasible;infeasible,0;1;2;3;4;5;6;7;8;9;10;11,STRUCTURAL_ZERO;STRUCTURAL_ZERO;STRUCTURAL_ZERO;STRUCTURAL_ZERO;STRUCTURAL_ZERO;STRUCTURAL_ZERO;STRUCTURAL_ZERO;STRUCTURAL_ZERO;STRUCTURAL_ZERO;STRUCTURAL_ZERO;STRUCTURAL_ZERO;STRUCTURAL_ZERO,12,0,0,,OK
red2_6800:505,,infeasible;infeasible;infeasible;infeasible;infeasible;infeasible;infeasible;infeasible;infeasible;infeasible;infeasible;infeasible,0;0;0;0;0;0;0;0;0;0;0;0,infeasible;infeasible;infeasible;infeasible;infeasible;infeasible;infeasible;infeasible;infeasible;infeasible;infeasible;infeasible,infeasible;infeasible;infeasible;infeasible;infeasible;infeasible;infeasible;infeasible;infeasible;infeasible;infeasible;infeasible,0;1;2;3;4;5;6;7;8;9;10;11,STRUCTURAL_ZERO;STRUCTURAL_ZERO;STRUCTURAL_ZERO;STRUCTURAL_ZERO;STRUCTURAL_ZERO;STRUCTURAL_ZERO;STRUCTURAL_ZERO;STRUCTURAL_ZERO;STRUCTURAL_ZERO;STRUCTURAL_ZERO;STRUCTURAL_ZERO;STRUCTURAL_ZERO,12,0,0,,OK
red2_6800:506,,infeasible;infeasible;infeasible;infeasible;infeasible;infeasible;infeasible;infeasible;infeasible;infeasible;infeasible;infeasible,0;0;0;0;0;0;0;0;0;0;0;0,infeasible;infeasible;infeasible;infeasible;infeasible;infeasible;infeasible;infeasible;infeasible;infeasible;infeasible;infeasible,infeasible;infeasible;infeasible;infeasible;infeasible;infeasible;infeasible;infeasible;infeasible;infeasible;infeasible;infeasible,0;1;2;3;4;5;6;7;8;9;10;11,STRUCTURAL_ZERO;STRUCTURAL_ZERO;STRUCTURAL_ZERO;STRUCTURAL_ZERO;STRUCTURAL_ZERO;STRUCTURAL_ZERO;STRUCTURAL_ZERO;STRUCTURAL_ZERO;STRUCTURAL_ZERO;STRUCTURAL_ZERO;STRUCTURAL_ZERO;STRUCTURAL_ZERO,12,0,0,,OK
red2_6800:507,,infeasible;infeasible;infeasible;infeasible;infeasible;infeasible;infeasible;infeasible;infeasible;infeasible;infeasible;infeasible,0;0;0;0;0;0;0;0;0;0;0;0,infeasible;infeasible;infeasible;infeasible;infeasible;infeasible;infeasible;infeasible;infeasible;infeasible;infeasible;infeasible,infeasible;infeasible;infeasible;infeasible;infeasible;infeasible;infeasible;infeasible;infeasible;infeasible;infeasible;infeasible,0;1;2;3;4;5;6;7;8;9;10;11,STRUCTURAL_ZERO;STRUCTURAL_ZERO;STRUCTURAL_ZERO;STRUCTURAL_ZERO;STRUCTURAL_ZERO;STRUCTURAL_ZERO;STRUCTURAL_ZERO;STRUCTURAL_ZERO;STRUCTURAL_ZERO;STRUCTURAL_ZERO;STRUCTURAL_ZERO;STRUCTURAL_ZERO,12,0,0,,OK
red2_6800:508,,infeasible;infeasible;infeasible;infeasible;infeasible;infeasible;infeasible;infeasible;infeasible;infeasible;infeasible;infeasible,0;0;0;0;0;0;0;0;0;0;0;0,infeasible;infeasible;infeasible;infeasible;infeasible;infeasible;infeasible;infeasible;infeasible;infeasible;infeasible;infeasible,infeasible;infeasible;infeasible;infeasible;infeasible;infeasible;infeasible;infeasible;infeasible;infeasible;infeasible;infeasible,0;1;2;3;4;5;6;7;8;9;10;11,STRUCTURAL_ZERO;STRUCTURAL_ZERO;STRUCTURAL_ZERO;STRUCTURAL_ZERO;STRUCTURAL_ZERO;STRUCTURAL_ZERO;STRUCTURAL_ZERO;STRUCTURAL_ZERO;STRUCTURAL_ZERO;STRUCTURAL_ZERO;STRUCTURAL_ZERO;STRUCTURAL_ZERO,12,0,0,,OK
red2_6800:509,,infeasible;infeasible;infeasible;infeasible;infeasible;infeasible;infeasible;infeasible;infeasible;infeasible;infeasible;infeasible,0;0;0;0;0;0;0;0;0;0;0;0,infeasible;infeasible;infeasible;infeasible;infeasible;infeasible;infeasible;infeasible;infeasible;infeasible;infeasible;infeasible,infeasible;infeasible;infeasible;infeasible;infeasible;infeasible;infeasible;infeasible;infeasible;infeasible;infeasible;infeasible,0;1;2;3;4;5;6;7;8;9;10;11,STRUCTURAL_ZERO;STRUCTURAL_ZERO;STRUCTURAL_ZERO;STRUCTURAL_ZERO;STRUCTURAL_ZERO;STRUCTURAL_ZERO;STRUCTURAL_ZERO;STRUCTURAL_ZERO;STRUCTURAL_ZERO;STRUCTURAL_ZERO;STRUCTURAL_ZERO;STRUCTURAL_ZERO,12,0,0,,OK
red2_6800:510,,infeasible;infeasible;infeasible;infeasible;infeasible;infeasible;infeasible;infeasible;infeasible;infeasible;infeasible;infeasible,0;0;0;0;0;0;0;0;0;0;0;0,infeasible;infeasible;infeasible;infeasible;infeasible;infeasible;infeasible;infeasible;infeasible;infeasible;infeasible;infeasible,infeasible;infeasible;infeasible;infeasible;infeasible;infeasible;infeasible;infeasible;infeasible;infeasible;infeasible;infeasible,0;1;2;3;4;5;6;7;8;9;10;11,STRUCTURAL_ZERO;STRUCTURAL_ZERO;STRUCTURAL_ZERO;STRUCTURAL_ZERO;STRUCTURAL_ZERO;STRUCTURAL_ZERO;STRUCTURAL_ZERO;STRUCTURAL_ZERO;STRUCTURAL_ZERO;STRUCTURAL_ZERO;STRUCTURAL_ZERO;STRUCTURAL_ZERO,12,0,0,,OK
red2_6800:511,,infeasible;infeasible;infeasible;infeasible;infeasible;infeasible;infeasible;infeasible;infeasible;infeasible;infeasible;infeasible,0;0;0;0;0;0;0;0;0;0;0;0,infeasible;infeasible;infeasible;infeasible;infeasible;infeasible;infeasible;infeasible;infeasible;infeasible;infeasible;infeasible,infeasible;infeasible;infeasible;infeasible;infeasible;infeasible;infeasible;infeasible;infeasible;infeasible;infeasible;infeasible,0;1;2;3;4;5;6;7;8;9;10;11,STRUCTURAL_ZERO;STRUCTURAL_ZERO;STRUCTURAL_ZERO;STRUCTURAL_ZERO;STRUCTURAL_ZERO;STRUCTURAL_ZERO;STRUCTURAL_ZERO;STRUCTURAL_ZERO;STRUCTURAL_ZERO;STRUCTURAL_ZERO;STRUCTURAL_ZERO;STRUCTURAL_ZERO,12,0,0,,OK
red2_6800:512,,infeasible;infeasible;infeasible;infeasible;infeasible;infeasible;infeasible;infeasible;infeasible;infeasible;infeasible;infeasible,0;0;0;0;0;0;0;0;0;0;0;0,infeasible;infeasible;infeasible;infeasible;infeasible;infeasible;infeasible;infeasible;infeasible;infeasible;infeasible;infeasible,infeasible;infeasible;infeasible;infeasible;infeasible;infeasible;infeasible;infeasible;infeasible;infeasible;infeasible;infeasible,0;1;2;3;4;5;6;7;8;9;10;11,STRUCTURAL_ZERO;STRUCTURAL_ZERO;STRUCTURAL_ZERO;STRUCTURAL_ZERO;STRUCTURAL_ZERO;STRUCTURAL_ZERO;STRUCTURAL_ZERO;STRUCTURAL_ZERO;STRUCTURAL_ZERO;STRUCTURAL_ZERO;STRUCTURAL_ZERO;STRUCTURAL_ZERO,12,0,0,,OK
red2_6800:513,,infeasible;infeasible;infeasible;infeasible;infeasible;infeasible;infeasible;infeasible;infeasible;infeasible;infeasible;infeasible,0;0;0;0;0;0;0;0;0;0;0;0,infeasible;infeasible;infeasible;infeasible;infeasible;infeasible;infeasible;infeasible;infeasible;infeasible;infeasible;infeasible,infeasible;infeasible;infeasible;infeasible;infeasible;infeasible;infeasible;infeasible;infeasible;infeasible;infeasible;infeasible,0;1;2;3;4;5;6;7;8;9;10;11,STRUCTURAL_ZERO;STRUCTURAL_ZERO;STRUCTURAL_ZERO;STRUCTURAL_ZERO;STRUCTURAL_ZERO;STRUCTURAL_ZERO;STRUCTURAL_ZERO;STRUCTURAL_ZERO;STRUCTURAL_ZERO;STRUCTURAL_ZERO;STRUCTURAL_ZERO;STRUCTURAL_ZERO,12,0,0,,OK
red2_6800:514,,infeasible;infeasible;infeasible;infeasible;infeasible;infeasible;infeasible;infeasible;infeasible;infeasible;infeasible;infeasible,0;0;0;0;0;0;0;0;0;0;0;0,infeasible;infeasible;infeasible;infeasible;infeasible;infeasible;infeasible;infeasible;infeasible;infeasible;infeasible;infeasible,infeasible;infeasible;infeasible;infeasible;infeasible;infeasible;infeasible;infeasible;infeasible;infeasible;infeasible;infeasible,0;1;2;3;4;5;6;7;8;9;10;11,STRUCTURAL_ZERO;STRUCTURAL_ZERO;STRUCTURAL_ZERO;STRUCTURAL_ZERO;STRUCTURAL_ZERO;STRUCTURAL_ZERO;STRUCTURAL_ZERO;STRUCTURAL_ZERO;STRUCTURAL_ZERO;STRUCTURAL_ZERO;STRUCTURAL_ZERO;STRUCTURAL_ZERO,12,0,0,,OK
red2_6800:515,,infeasible;infeasible;infeasible;infeasible;infeasible;infeasible;infeasible;infeasible;infeasible;infeasible;infeasible;infeasible,0;0;0;0;0;0;0;0;0;0;0;0,infeasible;infeasible;infeasible;infeasible;infeasible;infeasible;infeasible;infeasible;infeasible;infeasible;infeasible;infeasible,infeasible;infeasible;infeasible;infeasible;infeasible;infeasible;infeasible;infeasible;infeasible;infeasible;infeasible;infeasible,0;1;2;3;4;5;6;7;8;9;10;11,STRUCTURAL_ZERO;STRUCTURAL_ZERO;STRUCTURAL_ZERO;STRUCTURAL_ZERO;STRUCTURAL_ZERO;STRUCTURAL_ZERO;STRUCTURAL_ZERO;STRUCTURAL_ZERO;STRUCTURAL_ZERO;STRUCTURAL_ZERO;STRUCTURAL_ZERO;STRUCTURAL_ZERO,12,0,0,,OK
red2_6800:516,,infeasible;infeasible;infeasible;infeasible;infeasible;infeasible;infeasible;infeasible;infeasible;infeasible;infeasible;infeasible,0;0;0;0;0;0;0;0;0;0;0;0,infeasible;infeasible;infeasible;infeasible;infeasible;infeasible;infeasible;infeasible;infeasible;infeasible;infeasible;infeasible,infeasible;infeasible;infeasible;infeasible;infeasible;infeasible;infeasible;infeasible;infeasible;infeasible;infeasible;infeasible,0;1;2;3;4;5;6;7;8;9;10;11,STRUCTURAL_ZERO;STRUCTURAL_ZERO;STRUCTURAL_ZERO;STRUCTURAL_ZERO;STRUCTURAL_ZERO;STRUCTURAL_ZERO;STRUCTURAL_ZERO;STRUCTURAL_ZERO;STRUCTURAL_ZERO;STRUCTURAL_ZERO;STRUCTURAL_ZERO;STRUCTURAL_ZERO,12,0,0,,OK
red2_6800:517,,infeasible;infeasible;infeasible;infeasible;infeasible;infeasible;infeasible;infeasible;infeasible;infeasible;infeasible;infeasible,0;0;0;0;0;0;0;0;0;0;0;0,infeasible;infeasible;infeasible;infeasible;infeasible;infeasible;infeasible;infeasible;infeasible;infeasible;infeasible;infeasible,infeasible;infeasible;infeasible;infeasible;infeasible;infeasible;infeasible;infeasible;infeasible;infeasible;infeasible;infeasible,0;1;2;3;4;5;6;7;8;9;10;11,STRUCTURAL_ZERO;STRUCTURAL_ZERO;STRUCTURAL_ZERO;STRUCTURAL_ZERO;STRUCTURAL_ZERO;STRUCTURAL_ZERO;STRUCTURAL_ZERO;STRUCTURAL_ZERO;STRUCTURAL_ZERO;STRUCTURAL_ZERO;STRUCTURAL_ZERO;STRUCTURAL_ZERO,12,0,0,,OK
red2_6800:518,,infeasible;infeasible;infeasible;infeasible;infeasible;infeasible;infeasible;infeasible;infeasible;infeasible;infeasible;infeasible,0;0;0;0;0;0;0;0;0;0;0;0,infeasible;infeasible;infeasible;infeasible;infeasible;infeasible;infeasible;infeasible;infeasible;infeasible;infeasible;infeasible,infeasible;infeasible;infeasible;infeasible;infeasible;infeasible;infeasible;infeasible;infeasible;infeasible;infeasible;infeasible,0;1;2;3;4;5;6;7;8;9;10;11,STRUCTURAL_ZERO;STRUCTURAL_ZERO;STRUCTURAL_ZERO;STRUCTURAL_ZERO;STRUCTURAL_ZERO;STRUCTURAL_ZERO;STRUCTURAL_ZERO;STRUCTURAL_ZERO;STRUCTURAL_ZERO;STRUCTURAL_ZERO;STRUCTURAL_ZERO;STRUCTURAL_ZERO,12,0,0,,OK
red2_6800:519,,infeasible;infeasible;infeasible;infeasible;infeasible;infeasible;infeasible;infeasible;infeasible;infeasible;infeasible;infeasible,0;0;0;0;0;0;0;0;0;0;0;0,infeasible;infeasible;infeasible;infeasible;infeasible;infeasible;infeasible;infeasible;infeasible;infeasible;infeasible;infeasible,infeasible;infeasible;infeasible;infeasible;infeasible;infeasible;infeasible;infeasible;infeasible;infeasible;infeasible;infeasible,0;1;2;3;4;5;6;7;8;9;10;11,STRUCTURAL_ZERO;STRUCTURAL_ZERO;STRUCTURAL_ZERO;STRUCTURAL_ZERO;STRUCTURAL_ZERO;STRUCTURAL_ZERO;STRUCTURAL_ZERO;STRUCTURAL_ZERO;STRUCTURAL_ZERO;STRUCTURAL_ZERO;STRUCTURAL_ZERO;STRUCTURAL_ZERO,12,0,0,,OK
red2_6800:520,,infeasible;infeasible;optimal;optimal;optimal;optimal;optimal;optimal;optimal;optimal;optimal;optimal,0;0;0.4032;0.6076;0.9753;1.336;1.393;1.419;1.361;1.262;0.9925;0.05263,infeasible;infeasible;optimal;optimal;optimal;optimal;optimal;optimal;optimal;optimal;optimal;optimal,infeasible;infeasible;optimal;optimal;optimal;optimal;optimal;optimal;optimal;optimal;optimal;optimal,0;1,STRUCTURAL_ZERO;STRUCTURAL_ZERO,2,0,0,,OK
red2_6800:521,,infeasible;infeasible;infeasible;infeasible;infeasible;infeasible;infeasible;infeasible;infeasible;infeasible;infeasible;infeasible,0;0;0;0;0;0;0;0;0;0;0;0,infeasible;infeasible;infeasible;infeasible;infeasible;infeasible;infeasible;infeasible;infeasible;infeasible;infeasible;infeasible,infeasible;infeasible;infeasible;infeasible;infeasible;infeasible;infeasible;infeasible;infeasible;infeasible;infeasible;infeasible,0;1;2;3;4;5;6;7;8;9;10;11,STRUCTURAL_ZERO;STRUCTURAL_ZERO;STRUCTURAL_ZERO;STRUCTURAL_ZERO;STRUCTURAL_ZERO;STRUCTURAL_ZERO;STRUCTURAL_ZERO;STRUCTURAL_ZERO;STRUCTURAL_ZERO;STRUCTURAL_ZERO;STRUCTURAL_ZERO;STRUCTURAL_ZERO,12,0,0,,OK
red2_6800:522,,infeasible;infeasible;infeasible;infeasible;infeasible;infeasible;infeasible;infeasible;infeasible;infeasible;infeasible;infeasible,0;0;0;0;0;0;0;0;0;0;0;0,infeasible;infeasible;infeasible;infeasible;infeasible;infeasible;infeasible;infeasible;infeasible;infeasible;infeasible;infeasible,infeasible;infeasible;infeasible;infeasible;infeasible;infeasible;infeasible;infeasible;infeasible;infeasible;infeasible;infeasible,0;1;2;3;4;5;6;7;8;9;10;11,STRUCTURAL_ZERO;STRUCTURAL_ZERO;STRUCTURAL_ZERO;STRUCTURAL_ZERO;STRUCTURAL_ZERO;STRUCTURAL_ZERO;STRUCTURAL_ZERO;STRUCTURAL_ZERO;STRUCTURAL_ZERO;STRUCTURAL_ZERO;STRUCTURAL_ZERO;STRUCTURAL_ZERO,12,0,0,,OK
red2_6800:523,,infeasible;infeasible;infeasible;infeasible;infeasible;infeasible;infeasible;infeasible;infeasible;infeasible;infeasible;infeasible,0;0;0;0;0;0;0;0;0;0;0;0,infeasible;infeasible;infeasible;infeasible;infeasible;infeasible;infeasible;infeasible;infeasible;infeasible;infeasible;infeasible,infeasible;infeasible;infeasible;infeasible;infeasible;infeasible;infeasible;infeasible;infeasible;infeasible;infeasible;infeasible,0;1;2;3;4;5;6;7;8;9;10;11,STRUCTURAL_ZERO;STRUCTURAL_ZERO;STRUCTURAL_ZERO;STRUCTURAL_ZERO;STRUCTURAL_ZERO;STRUCTURAL_ZERO;STRUCTURAL_ZERO;STRUCTURAL_ZERO;STRUCTURAL_ZERO;STRUCTURAL_ZERO;STRUCTURAL_ZERO;STRUCTURAL_ZERO,12,0,0,,OK
red2_6800:524,,infeasible;infeasible;infeasible;infeasible;infeasible;infeasible;infeasible;infeasible;infeasible;infeasible;infeasible;infeasible,0;0;0;0;0;0;0;0;0;0;0;0,infeasible;infeasible;infeasible;infeasible;infeasible;infeasible;infeasible;infeasible;infeasible;infeasible;infeasible;infeasible,infeasible;infeasible;infeasible;infeasible;infeasible;infeasible;infeasible;infeasible;infeasible;infeasible;infeasible;infeasible,0;1;2;3;4;5;6;7;8;9;10;11,STRUCTURAL_ZERO;STRUCTURAL_ZERO;STRUCTURAL_ZERO;STRUCTURAL_ZERO;STRUCTURAL_ZERO;STRUCTURAL_ZERO;STRUCTURAL_ZERO;STRUCTURAL_ZERO;STRUCTURAL_ZERO;STRUCTURAL_ZERO;STRUCTURAL_ZERO;STRUCTURAL_ZERO,12,0,0,,OK
red2_6800:525,,infeasible;infeasible;infeasible;infeasible;infeasible;infeasible;infeasible;infeasible;infeasible;infeasible;infeasible;infeasible,0;0;0;0;0;0;0;0;0;0;0;0,infeasible;infeasible;infeasible;infeasible;infeasible;infeasible;infeasible;infeasible;infeasible;infeasible;infeasible;infeasible,infeasible;infeasible;infeasible;infeasible;infeasible;infeasible;infeasible;infeasible;infeasible;infeasible;infeasible;infeasible,0;1;2;3;4;5;6;7;8;9;10;11,STRUCTURAL_ZERO;STRUCTURAL_ZERO;STRUCTURAL_ZERO;STRUCTURAL_ZERO;STRUCTURAL_ZERO;STRUCTURAL_ZERO;STRUCTURAL_ZERO;STRUCTURAL_ZERO;STRUCTURAL_ZERO;STRUCTURAL_ZERO;STRUCTURAL_ZERO;STRUCTURAL_ZERO,12,0,0,,OK
red2_6800:526,,infeasible;infeasible;infeasible;infeasible;infeasible;infeasible;infeasible;infeasible;infeasible;infeasible;infeasible;infeasible,0;0;0;0;0;0;0;0;0;0;0;0,infeasible;infeasible;infeasible;infeasible;infeasible;infeasible;infeasible;infeasible;infeasible;infeasible;infeasible;infeasible,infeasible;infeasible;infeasible;infeasible;infeasible;infeasible;infeasible;infeasible;infeasible;infeasible;infeasible;infeasible,0;1;2;3;4;5;6;7;8;9;10;11,STRUCTURAL_ZERO;STRUCTURAL_ZERO;STRUCTURAL_ZERO;STRUCTURAL_ZERO;STRUCTURAL_ZERO;STRUCTURAL_ZERO;STRUCTURAL_ZERO;STRUCTURAL_ZERO;STRUCTURAL_ZERO;STRUCTURAL_ZERO;STRUCTURAL_ZERO;STRUCTURAL_ZERO,12,0,0,,OK
red2_6800:527,,infeasible;optimal;optimal;optimal;optimal;optimal;optimal;optimal;optimal;optimal;optimal;optimal,0;0.1351;0.5193;0.7555;1.126;1.403;1.414;1.355;1.192;0.9803;0.7401;0.3079,infeasible;optimal;optimal;optimal;optimal;optimal;optimal;optimal;optimal;optimal;optimal;optimal,infeasible;optimal;optimal;optimal;optimal;optimal;optimal;optimal;optimal;optimal;optimal;optimal,0,STRUCTURAL_ZERO,1,0,0,,OK
red2_6800:528,,infeasible;infeasible;infeasible;infeasible;infeasible;infeasible;infeasible;infeasible;infeasible;infeasible;infeasible;infeasible,0;0;0;0;0;0;0;0;0;0;0;0,infeasible;infeasible;infeasible;infeasible;infeasible;infeasible;infeasible;infeasible;infeasible;infeasible;infeasible;infeasible,infeasible;infeasible;infeasible;infeasible;infeasible;infeasible;infeasible;infeasible;infeasible;infeasible;infeasible;infeasible,0;1;2;3;4;5;6;7;8;9;10;11,STRUCTURAL_ZERO;STRUCTURAL_ZERO;STRUCTURAL_ZERO;STRUCTURAL_ZERO;STRUCTURAL_ZERO;STRUCTURAL_ZERO;STRUCTURAL_ZERO;STRUCTURAL_ZERO;STRUCTURAL_ZERO;STRUCTURAL_ZERO;STRUCTURAL_ZERO;STRUCTURAL_ZERO,12,0,0,,OK
red2_6800:529,,infeasible;infeasible;infeasible;infeasible;infeasible;infeasible;infeasible;infeasible;infeasible;infeasible;infeasible;infeasible,0;0;0;0;0;0;0;0;0;0;0;0,infeasible;infeasible;infeasible;infeasible;infeasible;infeasible;infeasible;infeasible;infeasible;infeasible;infeasible;infeasible,infeasible;infeasible;infeasible;infeasible;infeasible;infeasible;infeasible;infeasible;infeasible;infeasible;infeasible;infeasible,0;1;2;3;4;5;6;7;8;9;10;11,STRUCTURAL_ZERO;STRUCTURAL_ZERO;STRUCTURAL_ZERO;STRUCTURAL_ZERO;STRUCTURAL_ZERO;STRUCTURAL_ZERO;STRUCTURAL_ZERO;STRUCTURAL_ZERO;STRUCTURAL_ZERO;STRUCTURAL_ZERO;STRUCTURAL_ZERO;STRUCTURAL_ZERO,12,0,0,,OK
red2_6800:530,,infeasible;infeasible;infeasible;infeasible;infeasible;infeasible;infeasible;infeasible;infeasible;infeasible;infeasible;infeasible,0;0;0;0;0;0;0;0;0;0;0;0,infeasible;infeasible;infeasible;infeasible;infeasible;infeasible;infeasible;infeasible;infeasible;infeasible;infeasible;infeasible,infeasible;infeasible;infeasible;infeasible;infeasible;infeasible;infeasible;infeasible;infeasible;infeasible;infeasible;infeasible,0;1;2;3;4;5;6;7;8;9;10;11,STRUCTURAL_ZERO;STRUCTURAL_ZERO;STRUCTURAL_ZERO;STRUCTURAL_ZERO;STRUCTURAL_ZERO;STRUCTURAL_ZERO;STRUCTURAL_ZERO;STRUCTURAL_ZERO;STRUCTURAL_ZERO;STRUCTURAL_ZERO;STRUCTURAL_ZERO;STRUCTURAL_ZERO,12,0,0,,OK
red2_6800:531,,infeasible;infeasible;infeasible;infeasible;infeasible;infeasible;infeasible;infeasible;infeasible;infeasible;infeasible;infeasible,0;0;0;0;0;0;0;0;0;0;0;0,infeasible;infeasible;infeasible;infeasible;infeasible;infeasible;infeasible;infeasible;infeasible;infeasible;infeasible;infeasible,infeasible;infeasible;infeasible;infeasible;infeasible;infeasible;infeasible;infeasible;infeasible;infeasible;infeasible;infeasible,0;1;2;3;4;5;6;7;8;9;10;11,STRUCTURAL_ZERO;STRUCTURAL_ZERO;STRUCTURAL_ZERO;STRUCTURAL_ZERO;STRUCTURAL_ZERO;STRUCTURAL_ZERO;STRUCTURAL_ZERO;STRUCTURAL_ZERO;STRUCTURAL_ZERO;STRUCTURAL_ZERO;STRUCTURAL_ZERO;STRUCTURAL_ZERO,12,0,0,,OK
red2_6800:532,,infeasible;infeasible;infeasible;infeasible;infeasible;infeasible;infeasible;infeasible;infeasible;infeasible;infeasible;infeasible,0;0;0;0;0;0;0;0;0;0;0;0,infeasible;infeasible;infeasible;infeasible;infeasible;infeasible;infeasible;infeasible;infeasible;infeasible;infeasible;infeasible,infeasible;infeasible;infeasible;infeasible;infeasible;infeasible;infeasible;infeasible;infeasible;infeasible;infeasible;infeasible,0;1;2;3;4;5;6;7;8;9;10;11,STRUCTURAL_ZERO;STRUCTURAL_ZERO;STRUCTURAL_ZERO;STRUCTURAL_ZERO;STRUCTURAL_ZERO;STRUCTURAL_ZERO;STRUCTURAL_ZERO;STRUCTURAL_ZERO;STRUCTURAL_ZERO;STRUCTURAL_ZERO;STRUCTURAL_ZERO;STRUCTURAL_ZERO,12,0,0,,OK
red2_6800:533,,infeasible;infeasible;infeasible;infeasible;infeasible;infeasible;infeasible;infeasible;infeasible;infeasible;infeasible;infeasible,0;0;0;0;0;0;0;0;0;0;0;0,infeasible;infeasible;infeasible;infeasible;infeasible;infeasible;infeasible;infeasible;infeasible;infeasible;infeasible;infeasible,infeasible;infeasible;infeasible;infeasible;infeasible;infeasible;infeasible;infeasible;infeasible;infeasible;infeasible;infeasible,0;1;2;3;4;5;6;7;8;9;10;11,STRUCTURAL_ZERO;STRUCTURAL_ZERO;STRUCTURAL_ZERO;STRUCTURAL_ZERO;STRUCTURAL_ZERO;STRUCTURAL_ZERO;STRUCTURAL_ZERO;STRUCTURAL_ZERO;STRUCTURAL_ZERO;STRUCTURAL_ZERO;STRUCTURAL_ZERO;STRUCTURAL_ZERO,12,0,0,,OK
red2_6800:534,,infeasible;optimal;optimal;optimal;optimal;optimal;optimal;optimal;optimal;optimal;optimal;optimal,0;0.1332;0.6621;0.8931;1.208;1.442;1.487;1.503;1.456;1.36;1.041;0.07632,infeasible;optimal;optimal;optimal;optimal;optimal;optimal;optimal;optimal;optimal;optimal;optimal,infeasible;optimal;optimal;optimal;optimal;optimal;optimal;optimal;optimal;optimal;optimal;optimal,0,STRUCTURAL_ZERO,1,0,0,,OK
red2_6800:535,,infeasible;infeasible;infeasible;infeasible;infeasible;infeasible;infeasible;infeasible;infeasible;infeasible;infeasible;infeasible,0;0;0;0;0;0;0;0;0;0;0;0,infeasible;infeasible;infeasible;infeasible;infeasible;infeasible;infeasible;infeasible;infeasible;infeasible;infeasible;infeasible,infeasible;infeasible;infeasible;infeasible;infeasible;infeasible;infeasible;infeasible;infeasible;infeasible;infeasible;infeasible,0;1;2;3;4;5;6;7;8;9;10;11,STRUCTURAL_ZERO;STRUCTURAL_ZERO;STRUCTURAL_ZERO;STRUCTURAL_ZERO;STRUCTURAL_ZERO;STRUCTURAL_ZERO;STRUCTURAL_ZERO;STRUCTURAL_ZERO;STRUCTURAL_ZERO;STRUCTURAL_ZERO;STRUCTURAL_ZERO;STRUCTURAL_ZERO,12,0,0,,OK
red2_6800:536,,infeasible;infeasible;infeasible;infeasible;infeasible;infeasible;infeasible;infeasible;infeasible;infeasible;infeasible;infeasible,0;0;0;0;0;0;0;0;0;0;0;0,infeasible;infeasible;infeasible;infeasible;infeasible;infeasible;infeasible;infeasible;infeasible;infeasible;infeasible;infeasible,infeasible;infeasible;infeasible;infeasible;infeasible;infeasible;infeasible;infeasible;infeasible;infeasible;infeasible;infeasible,0;1;2;3;4;5;6;7;8;9;10;11,STRUCTURAL_ZERO;STRUCTURAL_ZERO;STRUCTURAL_ZERO;STRUCTURAL_ZERO;STRUCTURAL_ZERO;STRUCTURAL_ZERO;STRUCTURAL_ZERO;STRUCTURAL_ZERO;STRUCTURAL_ZERO;STRUCTURAL_ZERO;STRUCTURAL_ZERO;STRUCTURAL_ZERO,12,0,0,,OK
red2_6800:537,,infeasible;infeasible;infeasible;infeasible;infeasible;infeasible;infeasible;infeasible;infeasible;infeasible;infeasible;infeasible,0;0;0;0;0;0;0;0;0;0;0;0,infeasible;infeasible;infeasible;infeasible;infeasible;infeasible;infeasible;infeasible;infeasible;infeasible;infeasible;infeasible,infeasible;infeasible;infeasible;infeasible;infeasible;infeasible;infeasible;infeasible;infeasible;infeasible;infeasible;infeasible,0;1;2;3;4;5;6;7;8;9;10;11,STRUCTURAL_ZERO;STRUCTURAL_ZERO;STRUCTURAL_ZERO;STRUCTURAL_ZERO;STRUCTURAL_ZERO;STRUCTURAL_ZERO;STRUCTURAL_ZERO;STRUCTURAL_ZERO;STRUCTURAL_ZERO;STRUCTURAL_ZERO;STRUCTURAL_ZERO;STRUCTURAL_ZERO,12,0,0,,OK
red2_6800:538,,infeasible;infeasible;infeasible;infeasible;infeasible;infeasible;infeasible;infeasible;infeasible;infeasible;infeasible;infeasible,0;0;0;0;0;0;0;0;0;0;0;0,infeasible;infeasible;infeasible;infeasible;infeasible;infeasible;infeasible;infeasible;infeasible;infeasible;infeasible;infeasible,infeasible;infeasible;infeasible;infeasible;infeasible;infeasible;infeasible;infeasible;infeasible;infeasible;infeasible;infeasible,0;1;2;3;4;5;6;7;8;9;10;11,STRUCTURAL_ZERO;STRUCTURAL_ZERO;STRUCTURAL_ZERO;STRUCTURAL_ZERO;STRUCTURAL_ZERO;STRUCTURAL_ZERO;STRUCTURAL_ZERO;STRUCTURAL_ZERO;STRUCTURAL_ZERO;STRUCTURAL_ZERO;STRUCTURAL_ZERO;STRUCTURAL_ZERO,12,0,0,,OK
red2_6800:539,,infeasible;infeasible;infeasible;infeasible;infeasible;infeasible;infeasible;infeasible;infeasible;infeasible;infeasible;infeasible,0;0;0;0;0;0;0;0;0;0;0;0,infeasible;infeasible;infeasible;infeasible;infeasible;infeasible;infeasible;infeasible;infeasible;infeasible;infeasible;infeasible,infeasible;infeasible;infeasible;infeasible;infeasible;infeasible;infeasible;infeasible;infeasible;infeasible;infeasible;infeasible,0;1;2;3;4;5;6;7;8;9;10;11,STRUCTURAL_ZERO;STRUCTURAL_ZERO;STRUCTURAL_ZERO;STRUCTURAL_ZERO;STRUCTURAL_ZERO;STRUCTURAL_ZERO;STRUCTURAL_ZERO;STRUCTURAL_ZERO;STRUCTURAL_ZERO;STRUCTURAL_ZERO;STRUCTURAL_ZERO;STRUCTURAL_ZERO,12,0,0,,OK
red2_6800:540,,infeasible;infeasible;infeasible;infeasible;infeasible;infeasible;infeasible;infeasible;infeasible;infeasible;infeasible;infeasible,0;0;0;0;0;0;0;0;0;0;0;0,infeasible;infeasible;infeasible;infeasible;infeasible;infeasible;infeasible;infeasible;infeasible;infeasible;infeasible;infeasible,infeasible;infeasible;infeasible;infeasible;infeasible;infeasible;infeasible;infeasible;infeasible;infeasible;infeasible;infeasible,0;1;2;3;4;5;6;7;8;9;10;11,STRUCTURAL_ZERO;STRUCTURAL_ZERO;STRUCTURAL_ZERO;STRUCTURAL_ZERO;STRUCTURAL_ZERO;STRUCTURAL_ZERO;STRUCTURAL_ZERO;STRUCTURAL_ZERO;STRUCTURAL_ZERO;STRUCTURAL_ZERO;STRUCTURAL_ZERO;STRUCTURAL_ZERO,12,0,0,,OK
red2_6800:541,,infeasible;infeasible;infeasible;infeasible;infeasible;infeasible;infeasible;infeasible;infeasible;infeasible;infeasible;infeasible,0;0;0;0;0;0;0;0;0;0;0;0,infeasible;infeasible;infeasible;infeasible;infeasible;infeasible;infeasible;infeasible;infeasible;infeasible;infeasible;infeasible,infeasible;infeasible;infeasible;infeasible;infeasible;infeasible;infeasible;infeasible;infeasible;infeasible;infeasible;infeasible,0;1;2;3;4;5;6;7;8;9;10;11,STRUCTURAL_ZERO;STRUCTURAL_ZERO;STRUCTURAL_ZERO;STRUCTURAL_ZERO;STRUCTURAL_ZERO;STRUCTURAL_ZERO;STRUCTURAL_ZERO;STRUCTURAL_ZERO;STRUCTURAL_ZERO;STRUCTURAL_ZERO;STRUCTURAL_ZERO;STRUCTURAL_ZERO,12,0,0,,OK
red2_6800:542,,infeasible;infeasible;infeasible;infeasible;infeasible;infeasible;infeasible;infeasible;infeasible;infeasible;infeasible;infeasible,0;0;0;0;0;0;0;0;0;0;0;0,infeasible;infeasible;infeasible;infeasible;infeasible;infeasible;infeasible;infeasible;infeasible;infeasible;infeasible;infeasible,infeasible;infeasible;infeasible;infeasible;infeasible;infeasible;infeasible;infeasible;infeasible;infeasible;infeasible;infeasible,0;1;2;3;4;5;6;7;8;9;10;11,STRUCTURAL_ZERO;STRUCTURAL_ZERO;STRUCTURAL_ZERO;STRUCTURAL_ZERO;STRUCTURAL_ZERO;STRUCTURAL_ZERO;STRUCTURAL_ZERO;STRUCTURAL_ZERO;STRUCTURAL_ZERO;STRUCTURAL_ZERO;STRUCTURAL_ZERO;STRUCTURAL_ZERO,12,0,0,,OK
red2_6800:543,,infeasible;infeasible;infeasible;infeasible;infeasible;infeasible;infeasible;infeasible;infeasible;infeasible;infeasible;infeasible,0;0;0;0;0;0;0;0;0;0;0;0,infeasible;infeasible;infeasible;infeasible;infeasible;infeasible;infeasible;infeasible;infeasible;infeasible;infeasible;infeasible,infeasible;infeasible;infeasible;infeasible;infeasible;infeasible;infeasible;infeasible;infeasible;infeasible;infeasible;infeasible,0;1;2;3;4;5;6;7;8;9;10;11,STRUCTURAL_ZERO;STRUCTURAL_ZERO;STRUCTURAL_ZERO;STRUCTURAL_ZERO;STRUCTURAL_ZERO;STRUCTURAL_ZERO;STRUCTURAL_ZERO;STRUCTURAL_ZERO;STRUCTURAL_ZERO;STRUCTURAL_ZERO;STRUCTURAL_ZERO;STRUCTURAL_ZERO,12,0,0,,OK
red2_6800:544,,infeasible;infeasible;infeasible;infeasible;infeasible;infeasible;infeasible;infeasible;infeasible;infeasible;infeasible;infeasible,0;0;0;0;0;0;0;0;0;0;0;0,infeasible;infeasible;infeasible;infeasible;infeasible;infeasible;infeasible;infeasible;infeasible;infeasible;infeasible;infeasible,infeasible;infeasible;infeasible;infeasible;infeasible;infeasible;infeasible;infeasible;infeasible;infeasible;infeasible;infeasible,0;1;2;3;4;5;6;7;8;9;10;11,STRUCTURAL_ZERO;STRUCTURAL_ZERO;STRUCTURAL_ZERO;STRUCTURAL_ZERO;STRUCTURAL_ZERO;STRUCTURAL_ZERO;STRUCTURAL_ZERO;STRUCTURAL_ZERO;STRUCTURAL_ZERO;STRUCTURAL_ZERO;STRUCTURAL_ZERO;STRUCTURAL_ZERO,12,0,0,,OK
red2_6800:545,,infeasible;infeasible;infeasible;infeasible;infeasible;infeasible;infeasible;infeasible;infeasible;infeasible;infeasible;infeasible,0;0;0;0;0;0;0;0;0;0;0;0,infeasible;infeasible;infeasible;infeasible;infeasible;infeasible;infeasible;infeasible;infeasible;infeasible;infeasible;infeasible,infeasible;infeasible;infeasible;infeasible;infeasible;infeasible;infeasible;infeasible;infeasible;infeasible;infeasible;infeasible,0;1;2;3;4;5;6;7;8;9;10;11,STRUCTURAL_ZERO;STRUCTURAL_ZERO;STRUCTURAL_ZERO;STRUCTURAL_ZERO;STRUCTURAL_ZERO;STRUCTURAL_ZERO;STRUCTURAL_ZERO;STRUCTURAL_ZERO;STRUCTURAL_ZERO;STRUCTURAL_ZERO;STRUCTURAL_ZERO;STRUCTURAL_ZERO,12,0,0,,OK
red2_6800:546,,infeasible;infeasible;infeasible;infeasible;infeasible;infeasible;infeasible;infeasible;infeasible;infeasible;infeasible;infeasible,0;0;0;0;0;0;0;0;0;0;0;0,infeasible;infeasible;infeasible;infeasible;infeasible;infeasible;infeasible;infeasible;infeasible;infeasible;infeasible;infeasible,infeasible;infeasible;infeasible;infeasible;infeasible;infeasible;infeasible;infeasible;infeasible;infeasible;infeasible;infeasible,0;1;2;3;4;5;6;7;8;9;10;11,STRUCTURAL_ZERO;STRUCTURAL_ZERO;STRUCTURAL_ZERO;STRUCTURAL_ZERO;STRUCTURAL_ZERO;STRUCTURAL_ZERO;STRUCTURAL_ZERO;STRUCTURAL_ZERO;STRUCTURAL_ZERO;STRUCTURAL_ZERO;STRUCTURAL_ZERO;STRUCTURAL_ZERO,12,0,0,,OK
red2_6800:547,,infeasible;infeasible;infeasible;infeasible;infeasible;infeasible;infeasible;infeasible;infeasible;infeasible;infeasible;infeasible,0;0;0;0;0;0;0;0;0;0;0;0,infeasible;infeasible;infeasible;infeasible;infeasible;infeasible;infeasible;infeasible;infeasible;infeasible;infeasible;infeasible,infeasible;infeasible;infeasible;infeasible;infeasible;infeasible;infeasible;infeasible;infeasible;infeasible;infeasible;infeasible,0;1;2;3;4;5;6;7;8;9;10;11,STRUCTURAL_ZERO;STRUCTURAL_ZERO;STRUCTURAL_ZERO;STRUCTURAL_ZERO;STRUCTURAL_ZERO;STRUCTURAL_ZERO;STRUCTURAL_ZERO;STRUCTURAL_ZERO;STRUCTURAL_ZERO;STRUCTURAL_ZERO;STRUCTURAL_ZERO;STRUCTURAL_ZERO,12,0,0,,OK
red2_6800:548,,infeasible;infeasible;infeasible;infeasible;infeasible;infeasible;infeasible;infeasible;infeasible;infeasible;infeasible;infeasible,0;0;0;0;0;0;0;0;0;0;0;0,infeasible;infeasible;infeasible;infeasible;infeasible;infeasible;infeasible;infeasible;infeasible;infeasible;infeasible;infeasible,infeasible;infeasible;infeasible;infeasible;infeasible;infeasible;infeasible;infeasible;infeasible;infeasible;infeasible;infeasible,0;1;2;3;4;5;6;7;8;9;10;11,STRUCTURAL_ZERO;STRUCTURAL_ZERO;STRUCTURAL_ZERO;STRUCTURAL_ZERO;STRUCTURAL_ZERO;STRUCTURAL_ZERO;STRUCTURAL_ZERO;STRUCTURAL_ZERO;STRUCTURAL_ZERO;STRUCTURAL_ZERO;STRUCTURAL_ZERO;STRUCTURAL_ZERO,12,0,0,,OK
red2_6800:549,,infeasible;infeasible;infeasible;infeasible;infeasible;infeasible;infeasible;infeasible;infeasible;infeasible;infeasible;infeasible,0;0;0;0;0;0;0;0;0;0;0;0,infeasible;infeasible;infeasible;infeasible;infeasible;infeasible;infeasible;infeasible;infeasible;infeasible;infeasible;infeasible,infeasible;infeasible;infeasible;infeasible;infeasible;infeasible;infeasible;infeasible;infeasible;infeasible;infeasible;infeasible,0;1;2;3;4;5;6;7;8;9;10;11,STRUCTURAL_ZERO;STRUCTURAL_ZERO;STRUCTURAL_ZERO;STRUCTURAL_ZERO;STRUCTURAL_ZERO;STRUCTURAL_ZERO;STRUCTURAL_ZERO;STRUCTURAL_ZERO;STRUCTURAL_ZERO;STRUCTURAL_ZERO;STRUCTURAL_ZERO;STRUCTURAL_ZERO,12,0,0,,OK
red2_6800:550,,infeasible;infeasible;infeasible;infeasible;infeasible;infeasible;infeasible;infeasible;infeasible;infeasible;infeasible;infeasible,0;0;0;0;0;0;0;0;0;0;0;0,infeasible;infeasible;infeasible;infeasible;infeasible;infeasible;infeasible;infeasible;infeasible;infeasible;infeasible;infeasible,infeasible;infeasible;infeasible;infeasible;infeasible;infeasible;infeasible;infeasible;infeasible;infeasible;infeasible;infeasible,0;1;2;3;4;5;6;7;8;9;10;11,STRUCTURAL_ZERO;STRUCTURAL_ZERO;STRUCTURAL_ZERO;STRUCTURAL_ZERO;STRUCTURAL_ZERO;STRUCTURAL_ZERO;STRUCTURAL_ZERO;STRUCTURAL_ZERO;STRUCTURAL_ZERO;STRUCTURAL_ZERO;STRUCTURAL_ZERO;STRUCTURAL_ZERO,12,0,0,,OK
red2_6800:551,,infeasible;infeasible;infeasible;infeasible;infeasible;infeasible;infeasible;infeasible;infeasible;infeasible;infeasible;infeasible,0;0;0;0;0;0;0;0;0;0;0;0,infeasible;infeasible;infeasible;infeasible;infeasible;infeasible;infeasible;infeasible;infeasible;infeasible;infeasible;infeasible,infeasible;infeasible;infeasible;infeasible;infeasible;infeasible;infeasible;infeasible;infeasible;infeasible;infeasible;infeasible,0;1;2;3;4;5;6;7;8;9;10;11,STRUCTURAL_ZERO;STRUCTURAL_ZERO;STRUCTURAL_ZERO;STRUCTURAL_ZERO;STRUCTURAL_ZERO;STRUCTURAL_ZERO;STRUCTURAL_ZERO;STRUCTURAL_ZERO;STRUCTURAL_ZERO;STRUCTURAL_ZERO;STRUCTURAL_ZERO;STRUCTURAL_ZERO,12,0,0,,OK
red2_6800:552,,infeasible;infeasible;infeasible;infeasible;infeasible;infeasible;infeasible;infeasible;infeasible;infeasible;infeasible;infeasible,0;0;0;0;0;0;0;0;0;0;0;0,infeasible;infeasible;infeasible;infeasible;infeasible;infeasible;infeasible;infeasible;infeasible;infeasible;infeasible;infeasible,infeasible;infeasible;infeasible;infeasible;infeasible;infeasible;infeasible;infeasible;infeasible;infeasible;infeasible;infeasible,0;1;2;3;4;5;6;7;8;9;10;11,STRUCTURAL_ZERO;STRUCTURAL_ZERO;STRUCTURAL_ZERO;STRUCTURAL_ZERO;STRUCTURAL_ZERO;STRUCTURAL_ZERO;STRUCTURAL_ZERO;STRUCTURAL_ZERO;STRUCTURAL_ZERO;STRUCTURAL_ZERO;STRUCTURAL_ZERO;STRUCTURAL_ZERO,12,0,0,,OK
red2_6800:553,,infeasible;infeasible;infeasible;infeasible;infeasible;infeasible;infeasible;infeasible;infeasible;infeasible;infeasible;infeasible,0;0;0;0;0;0;0;0;0;0;0;0,infeasible;infeasible;infeasible;infeasible;infeasible;infeasible;infeasible;infeasible;infeasible;infeasible;infeasible;infeasible,infeasible;infeasible;infeasible;infeasible;infeasible;infeasible;infeasible;infeasible;infeasible;infeasible;infeasible;infeasible,0;1;2;3;4;5;6;7;8;9;10;11,STRUCTURAL_ZERO;STRUCTURAL_ZERO;STRUCTURAL_ZERO;STRUCTURAL_ZERO;STRUCTURAL_ZERO;STRUCTURAL_ZERO;STRUCTURAL_ZERO;STRUCTURAL_ZERO;STRUCTURAL_ZERO;STRUCTURAL_ZERO;STRUCTURAL_ZERO;STRUCTURAL_ZERO,12,0,0,,OK
red2_6800:554,,infeasible;infeasible;infeasible;infeasible;infeasible;infeasible;infeasible;infeasible;infeasible;infeasible;infeasible;infeasible,0;0;0;0;0;0;0;0;0;0;0;0,infeasible;infeasible;infeasible;infeasible;infeasible;infeasible;infeasible;infeasible;infeasible;infeasible;infeasible;infeasible,infeasible;infeasible;infeasible;infeasible;infeasible;infeasible;infeasible;infeasible;infeasible;infeasible;infeasible;infeasible,0;1;2;3;4;5;6;7;8;9;10;11,STRUCTURAL_ZERO;STRUCTURAL_ZERO;STRUCTURAL_ZERO;STRUCTURAL_ZERO;STRUCTURAL_ZERO;STRUCTURAL_ZERO;STRUCTURAL_ZERO;STRUCTURAL_ZERO;STRUCTURAL_ZERO;STRUCTURAL_ZERO;STRUCTURAL_ZERO;STRUCTURAL_ZERO,12,0,0,,OK
red2_6800:555,,infeasible;infeasible;infeasible;infeasible;infeasible;infeasible;infeasible;infeasible;infeasible;infeasible;infeasible;infeasible,0;0;0;0;0;0;0;0;0;0;0;0,infeasible;infeasible;infeasible;infeasible;infeasible;infeasible;infeasible;infeasible;infeasible;infeasible;infeasible;infeasible,infeasible;infeasible;infeasible;infeasible;infeasible;infeasible;infeasible;infeasible;infeasible;infeasible;infeasible;infeasible,0;1;2;3;4;5;6;7;8;9;10;11,STRUCTURAL_ZERO;STRUCTURAL_ZERO;STRUCTURAL_ZERO;STRUCTURAL_ZERO;STRUCTURAL_ZERO;STRUCTURAL_ZERO;STRUCTURAL_ZERO;STRUCTURAL_ZERO;STRUCTURAL_ZERO;STRUCTURAL_ZERO;STRUCTURAL_ZERO;STRUCTURAL_ZERO,12,0,0,,OK
red2_6800:556,,infeasible;infeasible;infeasible;infeasible;infeasible;infeasible;infeasible;infeasible;infeasible;infeasible;infeasible;infeasible,0;0;0;0;0;0;0;0;0;0;0;0,infeasible;infeasible;infeasible;infeasible;infeasible;infeasible;infeasible;infeasible;infeasible;infeasible;infeasible;infeasible,infeasible;infeasible;infeasible;infeasible;infeasible;infeasible;infeasible;infeasible;infeasible;infeasible;infeasible;infeasible,0;1;2;3;4;5;6;7;8;9;10;11,STRUCTURAL_ZERO;STRUCTURAL_ZERO;STRUCTURAL_ZERO;STRUCTURAL_ZERO;STRUCTURAL_ZERO;STRUCTURAL_ZERO;STRUCTURAL_ZERO;STRUCTURAL_ZERO;STRUCTURAL_ZERO;STRUCTURAL_ZERO;STRUCTURAL_ZERO;STRUCTURAL_ZERO,12,0,0,,OK
red2_6800:557,,infeasible;infeasible;infeasible;infeasible;infeasible;infeasible;infeasible;infeasible;infeasible;infeasible;infeasible;infeasible,0;0;0;0;0;0;0;0;0;0;0;0,infeasible;infeasible;infeasible;infeasible;infeasible;infeasible;infeasible;infeasible;infeasible;infeasible;infeasible;infeasible,infeasible;infeasible;infeasible;infeasible;infeasible;infeasible;infeasible;infeasible;infeasible;infeasible;infeasible;infeasible,0;1;2;3;4;5;6;7;8;9;10;11,STRUCTURAL_ZERO;STRUCTURAL_ZERO;STRUCTURAL_ZERO;STRUCTURAL_ZERO;STRUCTURAL_ZERO;STRUCTURAL_ZERO;STRUCTURAL_ZERO;STRUCTURAL_ZERO;STRUCTURAL_ZERO;STRUCTURAL_ZERO;STRUCTURAL_ZERO;STRUCTURAL_ZERO,12,0,0,,OK
red2_6800:558,,infeasible;optimal;optimal;optimal;optimal;optimal;optimal;optimal;optimal;optimal;optimal;optimal,0;0.1056;0.4657;0.6925;1.077;1.386;1.4;1.335;1.158;0.9425;0.6991;0.2782,infeasible;optimal;optimal;optimal;optimal;optimal;optimal;optimal;optimal;optimal;optimal;optimal,infeasible;optimal;optimal;optimal;optimal;optimal;optimal;optimal;optimal;optimal;optimal;optimal,0,STRUCTURAL_ZERO,1,0,0,,OK
red2_6800:559,,infeasible;infeasible;infeasible;infeasible;infeasible;infeasible;infeasible;infeasible;infeasible;infeasible;infeasible;infeasible,0;0;0;0;0;0;0;0;0;0;0;0,infeasible;infeasible;infeasible;infeasible;infeasible;infeasible;infeasible;infeasible;infeasible;infeasible;infeasible;infeasible,infeasible;infeasible;infeasible;infeasible;infeasible;infeasible;infeasible;infeasible;infeasible;infeasible;infeasible;infeasible,0;1;2;3;4;5;6;7;8;9;10;11,STRUCTURAL_ZERO;STRUCTURAL_ZERO;STRUCTURAL_ZERO;STRUCTURAL_ZERO;STRUCTURAL_ZERO;STRUCTURAL_ZERO;STRUCTURAL_ZERO;STRUCTURAL_ZERO;STRUCTURAL_ZERO;STRUCTURAL_ZERO;STRUCTURAL_ZERO;STRUCTURAL_ZERO,12,0,0,,OK
red2_6800:560,,infeasible;infeasible;infeasible;infeasible;infeasible;infeasible;infeasible;infeasible;infeasible;infeasible;infeasible;infeasible,0;0;0;0;0;0;0;0;0;0;0;0,infeasible;infeasible;infeasible;infeasible;infeasible;infeasible;infeasible;infeasible;infeasible;infeasible;infeasible;infeasible,infeasible;infeasible;infeasible;infeasible;infeasible;infeasible;infeasible;infeasible;infeasible;infeasible;infeasible;infeasible,0;1;2;3;4;5;6;7;8;9;10;11,STRUCTURAL_ZERO;STRUCTURAL_ZERO;STRUCTURAL_ZERO;STRUCTURAL_ZERO;STRUCTURAL_ZERO;STRUCTURAL_ZERO;STRUCTURAL_ZERO;STRUCTURAL_ZERO;STRUCTURAL_ZERO;STRUCTURAL_ZERO;STRUCTURAL_ZERO;STRUCTURAL_ZERO,12,0,0,,OK
red2_6800:561,,infeasible;infeasible;infeasible;infeasible;infeasible;infeasible;infeasible;infeasible;infeasible;infeasible;infeasible;infeasible,0;0;0;0;0;0;0;0;0;0;0;0,infeasible;infeasible;infeasible;infeasible;infeasible;infeasible;infeasible;infeasible;infeasible;infeasible;infeasible;infeasible,infeasible;infeasible;infeasible;infeasible;infeasible;infeasible;infeasible;infeasible;infeasible;infeasible;infeasible;infeasible,0;1;2;3;4;5;6;7;8;9;10;11,STRUCTURAL_ZERO;STRUCTURAL_ZERO;STRUCTURAL_ZERO;STRUCTURAL_ZERO;STRUCTURAL_ZERO;STRUCTURAL_ZERO;STRUCTURAL_ZERO;STRUCTURAL_ZERO;STRUCTURAL_ZERO;STRUCTURAL_ZERO;STRUCTURAL_ZERO;STRUCTURAL_ZERO,12,0,0,,OK
red2_6800:562,,infeasible;infeasible;infeasible;infeasible;infeasible;infeasible;infeasible;infeasible;infeasible;infeasible;infeasible;infeasible,0;0;0;0;0;0;0;0;0;0;0;0,infeasible;infeasible;infeasible;infeasible;infeasible;infeasible;infeasible;infeasible;infeasible;infeasible;infeasible;infeasible,infeasible;infeasible;infeasible;infeasible;infeasible;infeasible;infeasible;infeasible;infeasible;infeasible;infeasible;infeasible,0;1;2;3;4;5;6;7;8;9;10;11,STRUCTURAL_ZERO;STRUCTURAL_ZERO;STRUCTURAL_ZERO;STRUCTURAL_ZERO;STRUCTURAL_ZERO;STRUCTURAL_ZERO;STRUCTURAL_ZERO;STRUCTURAL_ZERO;STRUCTURAL_ZERO;STRUCTURAL_ZERO;STRUCTURAL_ZERO;STRUCTURAL_ZERO,12,0,0,,OK
red2_6800:563,,infeasible;infeasible;infeasible;infeasible;infeasible;infeasible;infeasible;infeasible;infeasible;infeasible;infeasible;infeasible,0;0;0;0;0;0;0;0;0;0;0;0,infeasible;infeasible;infeasible;infeasible;infeasible;infeasible;infeasible;infeasible;infeasible;infeasible;infeasible;infeasible,infeasible;infeasible;infeasible;infeasible;infeasible;infeasible;infeasible;infeasible;infeasible;infeasible;infeasible;infeasible,0;1;2;3;4;5;6;7;8;9;10;11,STRUCTURAL_ZERO;STRUCTURAL_ZERO;STRUCTURAL_ZERO;STRUCTURAL_ZERO;STRUCTURAL_ZERO;STRUCTURAL_ZERO;STRUCTURAL_ZERO;STRUCTURAL_ZERO;STRUCTURAL_ZERO;STRUCTURAL_ZERO;STRUCTURAL_ZERO;STRUCTURAL_ZERO,12,0,0,,OK
red2_6800:564,,infeasible;optimal;optimal;optimal;optimal;optimal;optimal;optimal;optimal;optimal;optimal;optimal,0;0.0931;0.4428;0.6754;1.119;1.433;1.454;1.424;1.305;1.092;0.8147;0.2337,infeasible;optimal;optimal;optimal;optimal;optimal;optimal;optimal;optimal;optimal;optimal;optimal,infeasible;optimal;optimal;optimal;optimal;optimal;optimal;optimal;optimal;optimal;optimal;optimal,0,STRUCTURAL_ZERO,1,0,0,,OK
red2_6800:565,,infeasible;infeasible;infeasible;infeasible;infeasible;infeasible;infeasible;infeasible;infeasible;infeasible;infeasible;infeasible,0;0;0;0;0;0;0;0;0;0;0;0,infeasible;infeasible;infeasible;infeasible;infeasible;infeasible;infeasible;infeasible;infeasible;infeasible;infeasible;infeasible,infeasible;infeasible;infeasible;infeasible;infeasible;infeasible;infeasible;infeasible;infeasible;infeasible;infeasible;infeasible,0;1;2;3;4;5;6;7;8;9;10;11,STRUCTURAL_ZERO;STRUCTURAL_ZERO;STRUCTURAL_ZERO;STRUCTURAL_ZERO;STRUCTURAL_ZERO;STRUCTURAL_ZERO;STRUCTURAL_ZERO;STRUCTURAL_ZERO;STRUCTURAL_ZERO;STRUCTURAL_ZERO;STRUCTURAL_ZERO;STRUCTURAL_ZERO,12,0,0,,OK
red2_6800:566,,infeasible;infeasible;infeasible;infeasible;infeasible;infeasible;infeasible;infeasible;infeasible;infeasible;infeasible;infeasible,0;0;0;0;0;0;0;0;0;0;0;0,infeasible;infeasible;infeasible;infeasible;infeasible;infeasible;infeasible;infeasible;infeasible;infeasible;infeasible;infeasible,infeasible;infeasible;infeasible;infeasible;infeasible;infeasible;infeasible;infeasible;infeasible;infeasible;infeasible;infeasible,0;1;2;3;4;5;6;7;8;9;10;11,STRUCTURAL_ZERO;STRUCTURAL_ZERO;STRUCTURAL_ZERO;STRUCTURAL_ZERO;STRUCTURAL_ZERO;STRUCTURAL_ZERO;STRUCTURAL_ZERO;STRUCTURAL_ZERO;STRUCTURAL_ZERO;STRUCTURAL_ZERO;STRUCTURAL_ZERO;STRUCTURAL_ZERO,12,0,0,,OK
red2_6800:567,,infeasible;infeasible;infeasible;infeasible;infeasible;infeasible;infeasible;infeasible;infeasible;infeasible;infeasible;infeasible,0;0;0;0;0;0;0;0;0;0;0;0,infeasible;infeasible;infeasible;infeasible;infeasible;infeasible;infeasible;infeasible;infeasible;infeasible;infeasible;infeasible,infeasible;infeasible;infeasible;infeasible;infeasible;infeasible;infeasible;infeasible;infeasible;infeasible;infeasible;infeasible,0;1;2;3;4;5;6;7;8;9;10;11,STRUCTURAL_ZERO;STRUCTURAL_ZERO;STRUCTURAL_ZERO;STRUCTURAL_ZERO;STRUCTURAL_ZERO;STRUCTURAL_ZERO;STRUCTURAL_ZERO;STRUCTURAL_ZERO;STRUCTURAL_ZERO;STRUCTURAL_ZERO;STRUCTURAL_ZERO;STRUCTURAL_ZERO,12,0,0,,OK
red2_6800:568,,infeasible;infeasible;infeasible;infeasible;infeasible;infeasible;infeasible;infeasible;infeasible;infeasible;infeasible;infeasible,0;0;0;0;0;0;0;0;0;0;0;0,infeasible;infeasible;infeasible;infeasible;infeasible;infeasible;infeasible;infeasible;infeasible;infeasible;infeasible;infeasible,infeasible;infeasible;infeasible;infeasible;infeasible;infeasible;infeasible;infeasible;infeasible;infeasible;infeasible;infeasible,0;1;2;3;4;5;6;7;8;9;10;11,STRUCTURAL_ZERO;STRUCTURAL_ZERO;STRUCTURAL_ZERO;STRUCTURAL_ZERO;STRUCTURAL_ZERO;STRUCTURAL_ZERO;STRUCTURAL_ZERO;STRUCTURAL_ZERO;STRUCTURAL_ZERO;STRUCTURAL_ZERO;STRUCTURAL_ZERO;STRUCTURAL_ZERO,12,0,0,,OK
red2_6800:569,,infeasible;infeasible;infeasible;infeasible;infeasible;infeasible;infeasible;infeasible;infeasible;infeasible;infeasible;infeasible,0;0;0;0;0;0;0;0;0;0;0;0,infeasible;infeasible;infeasible;infeasible;infeasible;infeasible;infeasible;infeasible;infeasible;infeasible;infeasible;infeasible,infeasible;infeasible;infeasible;infeasible;infeasible;infeasible;infeasible;infeasible;infeasible;infeasible;infeasible;infeasible,0;1;2;3;4;5;6;7;8;9;10;11,STRUCTURAL_ZERO;STRUCTURAL_ZERO;STRUCTURAL_ZERO;STRUCTURAL_ZERO;STRUCTURAL_ZERO;STRUCTURAL_ZERO;STRUCTURAL_ZERO;STRUCTURAL_ZERO;STRUCTURAL_ZERO;STRUCTURAL_ZERO;STRUCTURAL_ZERO;STRUCTURAL_ZERO,12,0,0,,OK
red2_6800:570,,infeasible;infeasible;infeasible;infeasible;infeasible;infeasible;infeasible;infeasible;infeasible;infeasible;infeasible;infeasible,0;0;0;0;0;0;0;0;0;0;0;0,infeasible;infeasible;infeasible;infeasible;infeasible;infeasible;infeasible;infeasible;infeasible;infeasible;infeasible;infeasible,infeasible;infeasible;infeasible;infeasible;infeasible;infeasible;infeasible;infeasible;infeasible;infeasible;infeasible;infeasible,0;1;2;3;4;5;6;7;8;9;10;11,STRUCTURAL_ZERO;STRUCTURAL_ZERO;STRUCTURAL_ZERO;STRUCTURAL_ZERO;STRUCTURAL_ZERO;STRUCTURAL_ZERO;STRUCTURAL_ZERO;STRUCTURAL_ZERO;STRUCTURAL_ZERO;STRUCTURAL_ZERO;STRUCTURAL_ZERO;STRUCTURAL_ZERO,12,0,0,,OK
red2_6800:571,,infeasible;infeasible;infeasible;infeasible;infeasible;infeasible;infeasible;infeasible;infeasible;infeasible;infeasible;infeasible,0;0;0;0;0;0;0;0;0;0;0;0,infeasible;infeasible;infeasible;infeasible;infeasible;infeasible;infeasible;infeasible;infeasible;infeasible;infeasible;infeasible,infeasible;infeasible;infeasible;infeasible;infeasible;infeasible;infeasible;infeasible;infeasible;infeasible;infeasible;infeasible,0;1;2;3;4;5;6;7;8;9;10;11,STRUCTURAL_ZERO;STRUCTURAL_ZERO;STRUCTURAL_ZERO;STRUCTURAL_ZERO;STRUCTURAL_ZERO;STRUCTURAL_ZERO;STRUCTURAL_ZERO;STRUCTURAL_ZERO;STRUCTURAL_ZERO;STRUCTURAL_ZERO;STRUCTURAL_ZERO;STRUCTURAL_ZERO,12,0,0,,OK
red2_6800:572,,infeasible;infeasible;infeasible;infeasible;infeasible;infeasible;infeasible;infeasible;infeasible;infeasible;infeasible;infeasible,0;0;0;0;0;0;0;0;0;0;0;0,infeasible;infeasible;infeasible;infeasible;infeasible;infeasible;infeasible;infeasible;infeasible;infeasible;infeasible;infeasible,infeasible;infeasible;infeasible;infeasible;infeasible;infeasible;infeasible;infeasible;infeasible;infeasible;infeasible;infeasible,0;1;2;3;4;5;6;7;8;9;10;11,STRUCTURAL_ZERO;STRUCTURAL_ZERO;STRUCTURAL_ZERO;STRUCTURAL_ZERO;STRUCTURAL_ZERO;STRUCTURAL_ZERO;STRUCTURAL_ZERO;STRUCTURAL_ZERO;STRUCTURAL_ZERO;STRUCTURAL_ZERO;STRUCTURAL_ZERO;STRUCTURAL_ZERO,12,0,0,,OK
red2_6800:573,,infeasible;infeasible;infeasible;infeasible;infeasible;infeasible;infeasible;infeasible;infeasible;infeasible;infeasible;infeasible,0;0;0;0;0;0;0;0;0;0;0;0,infeasible;infeasible;infeasible;infeasible;infeasible;infeasible;infeasible;infeasible;infeasible;infeasible;infeasible;infeasible,infeasible;infeasible;infeasible;infeasible;infeasible;infeasible;infeasible;infeasible;infeasible;infeasible;infeasible;infeasible,0;1;2;3;4;5;6;7;8;9;10;11,STRUCTURAL_ZERO;STRUCTURAL_ZERO;STRUCTURAL_ZERO;STRUCTURAL_ZERO;STRUCTURAL_ZERO;STRUCTURAL_ZERO;STRUCTURAL_ZERO;STRUCTURAL_ZERO;STRUCTURAL_ZERO;STRUCTURAL_ZERO;STRUCTURAL_ZERO;STRUCTURAL_ZERO,12,0,0,,OK
red2_6800:574,,infeasible;infeasible;infeasible;infeasible;infeasible;infeasible;infeasible;infeasible;infeasible;infeasible;infeasible;infeasible,0;0;0;0;0;0;0;0;0;0;0;0,infeasible;infeasible;infeasible;infeasible;infeasible;infeasible;infeasible;infeasible;infeasible;infeasible;infeasible;infeasible,infeasible;infeasible;infeasible;infeasible;infeasible;infeasible;infeasible;infeasible;infeasible;infeasible;infeasible;infeasible,0;1;2;3;4;5;6;7;8;9;10;11,STRUCTURAL_ZERO;STRUCTURAL_ZERO;STRUCTURAL_ZERO;STRUCTURAL_ZERO;STRUCTURAL_ZERO;STRUCTURAL_ZERO;STRUCTURAL_ZERO;STRUCTURAL_ZERO;STRUCTURAL_ZERO;STRUCTURAL_ZERO;STRUCTURAL_ZERO;STRUCTURAL_ZERO,12,0,0,,OK
red2_6800:575,,infeasible;infeasible;infeasible;infeasible;infeasible;infeasible;infeasible;infeasible;infeasible;infeasible;infeasible;infeasible,0;0;0;0;0;0;0;0;0;0;0;0,infeasible;infeasible;infeasible;infeasible;infeasible;infeasible;infeasible;infeasible;infeasible;infeasible;infeasible;infeasible,infeasible;infeasible;infeasible;infeasible;infeasible;infeasible;infeasible;infeasible;infeasible;infeasible;infeasible;infeasible,0;1;2;3;4;5;6;7;8;9;10;11,STRUCTURAL_ZERO;STRUCTURAL_ZERO;STRUCTURAL_ZERO;STRUCTURAL_ZERO;STRUCTURAL_ZERO;STRUCTURAL_ZERO;STRUCTURAL_ZERO;STRUCTURAL_ZERO;STRUCTURAL_ZERO;STRUCTURAL_ZERO;STRUCTURAL_ZERO;STRUCTURAL_ZERO,12,0,0,,OK
red2_6800:576,,infeasible;infeasible;infeasible;infeasible;infeasible;infeasible;infeasible;infeasible;infeasible;infeasible;infeasible;infeasible,0;0;0;0;0;0;0;0;0;0;0;0,infeasible;infeasible;infeasible;infeasible;infeasible;infeasible;infeasible;infeasible;infeasible;infeasible;infeasible;infeasible,infeasible;infeasible;infeasible;infeasible;infeasible;infeasible;infeasible;infeasible;infeasible;infeasible;infeasible;infeasible,0;1;2;3;4;5;6;7;8;9;10;11,STRUCTURAL_ZERO;STRUCTURAL_ZERO;STRUCTURAL_ZERO;STRUCTURAL_ZERO;STRUCTURAL_ZERO;STRUCTURAL_ZERO;STRUCTURAL_ZERO;STRUCTURAL_ZERO;STRUCTURAL_ZERO;STRUCTURAL_ZERO;STRUCTURAL_ZERO;STRUCTURAL_ZERO,12,0,0,,OK
red2_6800:577,,infeasible;infeasible;infeasible;infeasible;infeasible;infeasible;infeasible;infeasible;infeasible;infeasible;infeasible;infeasible,0;0;0;0;0;0;0;0;0;0;0;0,infeasible;infeasible;infeasible;infeasible;infeasible;infeasible;infeasible;infeasible;infeasible;infeasible;infeasible;infeasible,infeasible;infeasible;infeasible;infeasible;infeasible;infeasible;infeasible;infeasible;infeasible;infeasible;infeasible;infeasible,0;1;2;3;4;5;6;7;8;9;10;11,STRUCTURAL_ZERO;STRUCTURAL_ZERO;STRUCTURAL_ZERO;STRUCTURAL_ZERO;STRUCTURAL_ZERO;STRUCTURAL_ZERO;STRUCTURAL_ZERO;STRUCTURAL_ZERO;STRUCTURAL_ZERO;STRUCTURAL_ZERO;STRUCTURAL_ZERO;STRUCTURAL_ZERO,12,0,0,,OK
red2_6800:578,,infeasible;infeasible;infeasible;infeasible;infeasible;infeasible;infeasible;infeasible;infeasible;infeasible;infeasible;infeasible,0;0;0;0;0;0;0;0;0;0;0;0,infeasible;infeasible;infeasible;infeasible;infeasible;infeasible;infeasible;infeasible;infeasible;infeasible;infeasible;infeasible,infeasible;infeasible;infeasible;infeasible;infeasible;infeasible;infeasible;infeasible;infeasible;infeasible;infeasible;infeasible,0;1;2;3;4;5;6;7;8;9;10;11,STRUCTURAL_ZERO;STRUCTURAL_ZERO;STRUCTURAL_ZERO;STRUCTURAL_ZERO;STRUCTURAL_ZERO;STRUCTURAL_ZERO;STRUCTURAL_ZERO;STRUCTURAL_ZERO;STRUCTURAL_ZERO;STRUCTURAL_ZERO;STRUCTURAL_ZERO;STRUCTURAL_ZERO,12,0,0,,OK
red2_6800:579,,infeasible;infeasible;infeasible;infeasible;infeasible;infeasible;infeasible;infeasible;infeasible;infeasible;infeasible;infeasible,0;0;0;0;0;0;0;0;0;0;0;0,infeasible;infeasible;infeasible;infeasible;infeasible;infeasible;infeasible;infeasible;infeasible;infeasible;infeasible;infeasible,infeasible;infeasible;infeasible;infeasible;infeasible;infeasible;infeasible;infeasible;infeasible;infeasible;infeasible;infeasible,0;1;2;3;4;5;6;7;8;9;10;11,STRUCTURAL_ZERO;STRUCTURAL_ZERO;STRUCTURAL_ZERO;STRUCTURAL_ZERO;STRUCTURAL_ZERO;STRUCTURAL_ZERO;STRUCTURAL_ZERO;STRUCTURAL_ZERO;STRUCTURAL_ZERO;STRUCTURAL_ZERO;STRUCTURAL_ZERO;STRUCTURAL_ZERO,12,0,0,,OK
red2_6800:580,,infeasible;optimal;optimal;optimal;optimal;optimal;optimal;optimal;optimal;optimal;optimal;optimal,0;0.125;0.5022;0.7351;1.107;1.393;1.405;1.343;1.177;0.964;0.7257;0.2967,infeasible;optimal;optimal;optimal;optimal;optimal;optimal;optimal;optimal;optimal;optimal;optimal,infeasible;optimal;optimal;optimal;optimal;optimal;optimal;optimal;optimal;optimal;optimal;optimal,0,STRUCTURAL_ZERO,1,0,0,,OK
red2_6800:581,,infeasible;infeasible;infeasible;infeasible;infeasible;infeasible;infeasible;infeasible;infeasible;infeasible;infeasible;infeasible,0;0;0;0;0;0;0;0;0;0;0;0,infeasible;infeasible;infeasible;infeasible;infeasible;infeasible;infeasible;infeasible;infeasible;infeasible;infeasible;infeasible,infeasible;infeasible;infeasible;infeasible;infeasible;infeasible;infeasible;infeasible;infeasible;infeasible;infeasible;infeasible,0;1;2;3;4;5;6;7;8;9;10;11,STRUCTURAL_ZERO;STRUCTURAL_ZERO;STRUCTURAL_ZERO;STRUCTURAL_ZERO;STRUCTURAL_ZERO;STRUCTURAL_ZERO;STRUCTURAL_ZERO;STRUCTURAL_ZERO;STRUCTURAL_ZERO;STRUCTURAL_ZERO;STRUCTURAL_ZERO;STRUCTURAL_ZERO,12,0,0,,OK
red2_6800:582,,infeasible;infeasible;infeasible;infeasible;infeasible;infeasible;infeasible;infeasible;infeasible;infeasible;infeasible;infeasible,0;0;0;0;0;0;0;0;0;0;0;0,infeasible;infeasible;infeasible;infeasible;infeasible;infeasible;infeasible;infeasible;infeasible;infeasible;infeasible;infeasible,infeasible;infeasible;infeasible;infeasible;infeasible;infeasible;infeasible;infeasible;infeasible;infeasible;infeasible;infeasible,0;1;2;3;4;5;6;7;8;9;10;11,STRUCTURAL_ZERO;STRUCTURAL_ZERO;STRUCTURAL_ZERO;STRUCTURAL_ZERO;STRUCTURAL_ZERO;STRUCTURAL_ZERO;STRUCTURAL_ZERO;STRUCTURAL_ZERO;STRUCTURAL_ZERO;STRUCTURAL_ZERO;STRUCTURAL_ZERO;STRUCTURAL_ZERO,12,0,0,,OK
red2_6800:583,,infeasible;infeasible;infeasible;infeasible;infeasible;infeasible;infeasible;infeasible;infeasible;infeasible;infeasible;infeasible,0;0;0;0;0;0;0;0;0;0;0;0,infeasible;infeasible;infeasible;infeasible;infeasible;infeasible;infeasible;infeasible;infeasible;infeasible;infeasible;infeasible,infeasible;infeasible;infeasible;infeasible;infeasible;infeasible;infeasible;infeasible;infeasible;infeasible;infeasible;infeasible,0;1;2;3;4;5;6;7;8;9;10;11,STRUCTURAL_ZERO;STRUCTURAL_ZERO;STRUCTURAL_ZERO;STRUCTURAL_ZERO;STRUCTURAL_ZERO;STRUCTURAL_ZERO;STRUCTURAL_ZERO;STRUCTURAL_ZERO;STRUCTURAL_ZERO;STRUCTURAL_ZERO;STRUCTURAL_ZERO;STRUCTURAL_ZERO,12,0,0,,OK
red2_6800:584,,infeasible;infeasible;infeasible;infeasible;infeasible;infeasible;infeasible;infeasible;infeasible;infeasible;infeasible;infeasible,0;0;0;0;0;0;0;0;0;0;0;0,infeasible;infeasible;infeasible;infeasible;infeasible;infeasible;infeasible;infeasible;infeasible;infeasible;infeasible;infeasible,infeasible;infeasible;infeasible;infeasible;infeasible;infeasible;infeasible;infeasible;infeasible;infeasible;infeasible;infeasible,0;1;2;3;4;5;6;7;8;9;10;11,STRUCTURAL_ZERO;STRUCTURAL_ZERO;STRUCTURAL_ZERO;STRUCTURAL_ZERO;STRUCTURAL_ZERO;STRUCTURAL_ZERO;STRUCTURAL_ZERO;STRUCTURAL_ZERO;STRUCTURAL_ZERO;STRUCTURAL_ZERO;STRUCTURAL_ZERO;STRUCTURAL_ZERO,12,0,0,,OK
red2_6800:585,,infeasible;infeasible;infeasible;infeasible;infeasible;infeasible;infeasible;infeasible;infeasible;infeasible;infeasible;infeasible,0;0;0;0;0;0;0;0;0;0;0;0,infeasible;infeasible;infeasible;infeasible;infeasible;infeasible;infeasible;infeasible;infeasible;infeasible;infeasible;infeasible,infeasible;infeasible;infeasible;infeasible;infeasible;infeasible;infeasible;infeasible;infeasible;infeasible;infeasible;infeasible,0;1;2;3;4;5;6;7;8;9;10;11,STRUCTURAL_ZERO;STRUCTURAL_ZERO;STRUCTURAL_ZERO;STRUCTURAL_ZERO;STRUCTURAL_ZERO;STRUCTURAL_ZERO;STRUCTURAL_ZERO;STRUCTURAL_ZERO;STRUCTURAL_ZERO;STRUCTURAL_ZERO;STRUCTURAL_ZERO;STRUCTURAL_ZERO,12,0,0,,OK
red2_6800:586,,infeasible;infeasible;infeasible;infeasible;infeasible;infeasible;infeasible;infeasible;infeasible;infeasible;infeasible;infeasible,0;0;0;0;0;0;0;0;0;0;0;0,infeasible;infeasible;infeasible;infeasible;infeasible;infeasible;infeasible;infeasible;infeasible;infeasible;infeasible;infeasible,infeasible;infeasible;infeasible;infeasible;infeasible;infeasible;infeasible;infeasible;infeasible;infeasible;infeasible;infeasible,0;1;2;3;4;5;6;7;8;9;10;11,STRUCTURAL_ZERO;STRUCTURAL_ZERO;STRUCTURAL_ZERO;STRUCTURAL_ZERO;STRUCTURAL_ZERO;STRUCTURAL_ZERO;STRUCTURAL_ZERO;STRUCTURAL_ZERO;STRUCTURAL_ZERO;STRUCTURAL_ZERO;STRUCTURAL_ZERO;STRUCTURAL_ZERO,12,0,0,,OK
red2_6800:587,,infeasible;infeasible;infeasible;infeasible;infeasible;infeasible;infeasible;infeasible;infeasible;infeasible;infeasible;infeasible,0;0;0;0;0;0;0;0;0;0;0;0,infeasible;infeasible;infeasible;infeasible;infeasible;infeasible;infeasible;infeasible;infeasible;infeasible;infeasible;infeasible,infeasible;infeasible;infeasible;infeasible;infeasible;infeasible;infeasible;infeasible;infeasible;infeasible;infeasible;infeasible,0;1;2;3;4;5;6;7;8;9;10;11,STRUCTURAL_ZERO;STRUCTURAL_ZERO;STRUCTURAL_ZERO;STRUCTURAL_ZERO;STRUCTURAL_ZERO;STRUCTURAL_ZERO;STRUCTURAL_ZERO;STRUCTURAL_ZERO;STRUCTURAL_ZERO;STRUCTURAL_ZERO;STRUCTURAL_ZERO;STRUCTURAL_ZERO,12,0,0,,OK
red2_6800:588,,infeasible;infeasible;infeasible;infeasible;infeasible;infeasible;infeasible;infeasible;infeasible;infeasible;infeasible;infeasible,0;0;0;0;0;0;0;0;0;0;0;0,infeasible;infeasible;infeasible;infeasible;infeasible;infeasible;infeasible;infeasible;infeasible;infeasible;infeasible;infeasible,infeasible;infeasible;infeasible;infeasible;infeasible;infeasible;infeasible;infeasible;infeasible;infeasible;infeasible;infeasible,0;1;2;3;4;5;6;7;8;9;10;11,STRUCTURAL_ZERO;STRUCTURAL_ZERO;STRUCTURAL_ZERO;STRUCTURAL_ZERO;STRUCTURAL_ZERO;STRUCTURAL_ZERO;STRUCTURAL_ZERO;STRUCTURAL_ZERO;STRUCTURAL_ZERO;STRUCTURAL_ZERO;STRUCTURAL_ZERO;STRUCTURAL_ZERO,12,0,0,,OK
red2_6800:589,,infeasible;infeasible;infeasible;infeasible;infeasible;infeasible;infeasible;infeasible;infeasible;infeasible;infeasible;infeasible,0;0;0;0;0;0;0;0;0;0;0;0,infeasible;infeasible;infeasible;infeasible;infeasible;infeasible;infeasible;infeasible;infeasible;infeasible;infeasible;infeasible,infeasible;infeasible;infeasible;infeasible;infeasible;infeasible;infeasible;infeasible;infeasible;infeasible;infeasible;infeasible,0;1;2;3;4;5;6;7;8;9;10;11,STRUCTURAL_ZERO;STRUCTURAL_ZERO;STRUCTURAL_ZERO;STRUCTURAL_ZERO;STRUCTURAL_ZERO;STRUCTURAL_ZERO;STRUCTURAL_ZERO;STRUCTURAL_ZERO;STRUCTURAL_ZERO;STRUCTURAL_ZERO;STRUCTURAL_ZERO;STRUCTURAL_ZERO,12,0,0,,OK
red2_6800:590,,infeasible;infeasible;infeasible;infeasible;infeasible;infeasible;infeasible;infeasible;infeasible;infeasible;infeasible;infeasible,0;0;0;0;0;0;0;0;0;0;0;0,infeasible;infeasible;infeasible;infeasible;infeasible;infeasible;infeasible;infeasible;infeasible;infeasible;infeasible;infeasible,infeasible;infeasible;infeasible;infeasible;infeasible;infeasible;infeasible;infeasible;infeasible;infeasible;infeasible;infeasible,0;1;2;3;4;5;6;7;8;9;10;11,STRUCTURAL_ZERO;STRUCTURAL_ZERO;STRUCTURAL_ZERO;STRUCTURAL_ZERO;STRUCTURAL_ZERO;STRUCTURAL_ZERO;STRUCTURAL_ZERO;STRUCTURAL_ZERO;STRUCTURAL_ZERO;STRUCTURAL_ZERO;STRUCTURAL_ZERO;STRUCTURAL_ZERO,12,0,0,,OK
red2_6800:591,,infeasible;infeasible;infeasible;infeasible;infeasible;infeasible;infeasible;infeasible;infeasible;infeasible;infeasible;infeasible,0;0;0;0;0;0;0;0;0;0;0;0,infeasible;infeasible;infeasible;infeasible;infeasible;infeasible;infeasible;infeasible;infeasible;infeasible;infeasible;infeasible,infeasible;infeasible;infeasible;infeasible;infeasible;infeasible;infeasible;infeasible;infeasible;infeasible;infeasible;infeasible,0;1;2;3;4;5;6;7;8;9;10;11,STRUCTURAL_ZERO;STRUCTURAL_ZERO;STRUCTURAL_ZERO;STRUCTURAL_ZERO;STRUCTURAL_ZERO;STRUCTURAL_ZERO;STRUCTURAL_ZERO;STRUCTURAL_ZERO;STRUCTURAL_ZERO;STRUCTURAL_ZERO;STRUCTURAL_ZERO;STRUCTURAL_ZERO,12,0,0,,OK
red2_6800:592,,infeasible;infeasible;infeasible;infeasible;infeasible;infeasible;infeasible;infeasible;infeasible;infeasible;infeasible;infeasible,0;0;0;0;0;0;0;0;0;0;0;0,infeasible;infeasible;infeasible;infeasible;infeasible;infeasible;infeasible;infeasible;infeasible;infeasible;infeasible;infeasible,infeasible;infeasible;infeasible;infeasible;infeasible;infeasible;infeasible;infeasible;infeasible;infeasible;infeasible;infeasible,0;1;2;3;4;5;6;7;8;9;10;11,STRUCTURAL_ZERO;STRUCTURAL_ZERO;STRUCTURAL_ZERO;STRUCTURAL_ZERO;STRUCTURAL_ZERO;STRUCTURAL_ZERO;STRUCTURAL_ZERO;STRUCTURAL_ZERO;STRUCTURAL_ZERO;STRUCTURAL_ZERO;STRUCTURAL_ZERO;STRUCTURAL_ZERO,12,0,0,,OK
red2_6800:593,,infeasible;optimal;optimal;optimal;optimal;optimal;optimal;optimal;optimal;optimal;optimal;optimal,0;0.07544;0.4601;0.7199;1.08;1.444;1.496;1.515;1.442;1.31;0.6496;0.00269,infeasible;optimal;optimal;optimal;optimal;optimal;optimal;optimal;optimal;optimal;optimal;optimal,infeasible;optimal;optimal;optimal;optimal;optimal;optimal;optimal;optimal;optimal;optimal;optimal,0,STRUCTURAL_ZERO,1,0,0,,OK
red2_6800:594,,infeasible;infeasible;infeasible;infeasible;infeasible;infeasible;infeasible;infeasible;infeasible;infeasible;infeasible;infeasible,0;0;0;0;0;0;0;0;0;0;0;0,infeasible;infeasible;infeasible;infeasible;infeasible;infeasible;infeasible;infeasible;infeasible;infeasible;infeasible;infeasible,infeasible;infeasible;infeasible;infeasible;infeasible;infeasible;infeasible;infeasible;infeasible;infeasible;infeasible;infeasible,0;1;2;3;4;5;6;7;8;9;10;11,STRUCTURAL_ZERO;STRUCTURAL_ZERO;STRUCTURAL_ZERO;STRUCTURAL_ZERO;STRUCTURAL_ZERO;STRUCTURAL_ZERO;STRUCTURAL_ZERO;STRUCTURAL_ZERO;STRUCTURAL_ZERO;STRUCTURAL_ZERO;STRUCTURAL_ZERO;STRUCTURAL_ZERO,12,0,0,,OK
red2_6800:595,,infeasible;infeasible;infeasible;infeasible;infeasible;infeasible;infeasible;infeasible;infeasible;infeasible;infeasible;infeasible,0;0;0;0;0;0;0;0;0;0;0;0,infeasible;infeasible;infeasible;infeasible;infeasible;infeasible;infeasible;infeasible;infeasible;infeasible;infeasible;infeasible,infeasible;infeasible;infeasible;infeasible;infeasible;infeasible;infeasible;infeasible;infeasible;infeasible;infeasible;infeasible,0;1;2;3;4;5;6;7;8;9;10;11,STRUCTURAL_ZERO;STRUCTURAL_ZERO;STRUCTURAL_ZERO;STRUCTURAL_ZERO;STRUCTURAL_ZERO;STRUCTURAL_ZERO;STRUCTURAL_ZERO;STRUCTURAL_ZERO;STRUCTURAL_ZERO;STRUCTURAL_ZERO;STRUCTURAL_ZERO;STRUCTURAL_ZERO,12,0,0,,OK
red2_6800:596,,infeasible;infeasible;infeasible;infeasible;infeasible;infeasible;infeasible;infeasible;infeasible;infeasible;infeasible;infeasible,0;0;0;0;0;0;0;0;0;0;0;0,infeasible;infeasible;infeasible;infeasible;infeasible;infeasible;infeasible;infeasible;infeasible;infeasible;infeasible;infeasible,infeasible;infeasible;infeasible;infeasible;infeasible;infeasible;infeasible;infeasible;infeasible;infeasible;infeasible;infeasible,0;1;2;3;4;5;6;7;8;9;10;11,STRUCTURAL_ZERO;STRUCTURAL_ZERO;STRUCTURAL_ZERO;STRUCTURAL_ZERO;STRUCTURAL_ZERO;STRUCTURAL_ZERO;STRUCTURAL_ZERO;STRUCTURAL_ZERO;STRUCTURAL_ZERO;STRUCTURAL_ZERO;STRUCTURAL_ZERO;STRUCTURAL_ZERO,12,0,0,,OK
red2_6800:597,,infeasible;infeasible;infeasible;infeasible;infeasible;infeasible;infeasible;infeasible;infeasible;infeasible;infeasible;infeasible,0;0;0;0;0;0;0;0;0;0;0;0,infeasible;infeasible;infeasible;infeasible;infeasible;infeasible;infeasible;infeasible;infeasible;infeasible;infeasible;infeasible,infeasible;infeasible;infeasible;infeasible;infeasible;infeasible;infeasible;infeasible;infeasible;infeasible;infeasible;infeasible,0;1;2;3;4;5;6;7;8;9;10;11,STRUCTURAL_ZERO;STRUCTURAL_ZERO;STRUCTURAL_ZERO;STRUCTURAL_ZERO;STRUCTURAL_ZERO;STRUCTURAL_ZERO;STRUCTURAL_ZERO;STRUCTURAL_ZERO;STRUCTURAL_ZERO;STRUCTURAL_ZERO;STRUCTURAL_ZERO;STRUCTURAL_ZERO,12,0,0,,OK
red2_6800:598,,infeasible;infeasible;infeasible;infeasible;infeasible;infeasible;infeasible;infeasible;infeasible;infeasible;infeasible;infeasible,0;0;0;0;0;0;0;0;0;0;0;0,infeasible;infeasible;infeasible;infeasible;infeasible;infeasible;infeasible;infeasible;infeasible;infeasible;infeasible;infeasible,infeasible;infeasible;infeasible;infeasible;infeasible;infeasible;infeasible;infeasible;infeasible;infeasible;infeasible;infeasible,0;1;2;3;4;5;6;7;8;9;10;11,STRUCTURAL_ZERO;STRUCTURAL_ZERO;STRUCTURAL_ZERO;STRUCTURAL_ZERO;STRUCTURAL_ZERO;STRUCTURAL_ZERO;STRUCTURAL_ZERO;STRUCTURAL_ZERO;STRUCTURAL_ZERO;STRUCTURAL_ZERO;STRUCTURAL_ZERO;STRUCTURAL_ZERO,12,0,0,,OK
red2_6800:599,,infeasible;infeasible;infeasible;infeasible;infeasible;infeasible;infeasible;infeasible;infeasible;infeasible;infeasible;infeasible,0;0;0;0;0;0;0;0;0;0;0;0,infeasible;infeasible;infeasible;infeasible;infeasible;infeasible;infeasible;infeasible;infeasible;infeasible;infeasible;infeasible,infeasible;infeasible;infeasible;infeasible;infeasible;infeasible;infeasible;infeasible;infeasible;infeasible;infeasible;infeasible,0;1;2;3;4;5;6;7;8;9;10;11,STRUCTURAL_ZERO;STRUCTURAL_ZERO;STRUCTURAL_ZERO;STRUCTURAL_ZERO;STRUCTURAL_ZERO;STRUCTURAL_ZERO;STRUCTURAL_ZERO;STRUCTURAL_ZERO;STRUCTURAL_ZERO;STRUCTURAL_ZERO;STRUCTURAL_ZERO;STRUCTURAL_ZERO,12,0,0,,OK
red2_6800:600,,infeasible;infeasible;infeasible;infeasible;infeasible;infeasible;infeasible;infeasible;infeasible;infeasible;infeasible;infeasible,0;0;0;0;0;0;0;0;0;0;0;0,infeasible;infeasible;infeasible;infeasible;infeasible;infeasible;infeasible;infeasible;infeasible;infeasible;infeasible;infeasible,infeasible;infeasible;infeasible;infeasible;infeasible;infeasible;infeasible;infeasible;infeasible;infeasible;infeasible;infeasible,0;1;2;3;4;5;6;7;8;9;10;11,STRUCTURAL_ZERO;STRUCTURAL_ZERO;STRUCTURAL_ZERO;STRUCTURAL_ZERO;STRUCTURAL_ZERO;STRUCTURAL_ZERO;STRUCTURAL_ZERO;STRUCTURAL_ZERO;STRUCTURAL_ZERO;STRUCTURAL_ZERO;STRUCTURAL_ZERO;STRUCTURAL_ZERO,12,0,0,,OK
red2_6800:601,,infeasible;infeasible;infeasible;infeasible;infeasible;infeasible;infeasible;infeasible;infeasible;infeasible;infeasible;infeasible,0;0;0;0;0;0;0;0;0;0;0;0,infeasible;infeasible;infeasible;infeasible;infeasible;infeasible;infeasible;infeasible;infeasible;infeasible;infeasible;infeasible,infeasible;infeasible;infeasible;infeasible;infeasible;infeasible;infeasible;infeasible;infeasible;infeasible;infeasible;infeasible,0;1;2;3;4;5;6;7;8;9;10;11,STRUCTURAL_ZERO;STRUCTURAL_ZERO;STRUCTURAL_ZERO;STRUCTURAL_ZERO;STRUCTURAL_ZERO;STRUCTURAL_ZERO;STRUCTURAL_ZERO;STRUCTURAL_ZERO;STRUCTURAL_ZERO;STRUCTURAL_ZERO;STRUCTURAL_ZERO;STRUCTURAL_ZERO,12,0,0,,OK
red2_6800:602,,infeasible;infeasible;infeasible;infeasible;infeasible;infeasible;infeasible;infeasible;infeasible;infeasible;infeasible;infeasible,0;0;0;0;0;0;0;0;0;0;0;0,infeasible;infeasible;infeasible;infeasible;infeasible;infeasible;infeasible;infeasible;infeasible;infeasible;infeasible;infeasible,infeasible;infeasible;infeasible;infeasible;infeasible;infeasible;infeasible;infeasible;infeasible;infeasible;infeasible;infeasible,0;1;2;3;4;5;6;7;8;9;10;11,STRUCTURAL_ZERO;STRUCTURAL_ZERO;STRUCTURAL_ZERO;STRUCTURAL_ZERO;STRUCTURAL_ZERO;STRUCTURAL_ZERO;STRUCTURAL_ZERO;STRUCTURAL_ZERO;STRUCTURAL_ZERO;STRUCTURAL_ZERO;STRUCTURAL_ZERO;STRUCTURAL_ZERO,12,0,0,,OK
red2_6800:603,,infeasible;infeasible;infeasible;infeasible;infeasible;infeasible;infeasible;infeasible;infeasible;infeasible;infeasible;infeasible,0;0;0;0;0;0;0;0;0;0;0;0,infeasible;infeasible;infeasible;infeasible;infeasible;infeasible;infeasible;infeasible;infeasible;infeasible;infeasible;infeasible,infeasible;infeasible;infeasible;infeasible;infeasible;infeasible;infeasible;infeasible;infeasible;infeasible;infeasible;infeasible,0;1;2;3;4;5;6;7;8;9;10;11,STRUCTURAL_ZERO;STRUCTURAL_ZERO;STRUCTURAL_ZERO;STRUCTURAL_ZERO;STRUCTURAL_ZERO;STRUCTURAL_ZERO;STRUCTURAL_ZERO;STRUCTURAL_ZERO;STRUCTURAL_ZERO;STRUCTURAL_ZERO;STRUCTURAL_ZERO;STRUCTURAL_ZERO,12,0,0,,OK
red2_6800:604,,infeasible;infeasible;infeasible;infeasible;infeasible;infeasible;infeasible;infeasible;infeasible;infeasible;infeasible;infeasible,0;0;0;0;0;0;0;0;0;0;0;0,infeasible;infeasible;infeasible;infeasible;infeasible;infeasible;infeasible;infeasible;infeasible;infeasible;infeasible;infeasible,infeasible;infeasible;infeasible;infeasible;infeasible;infeasible;infeasible;infeasible;infeasible;infeasible;infeasible;infeasible,0;1;2;3;4;5;6;7;8;9;10;11,STRUCTURAL_ZERO;STRUCTURAL_ZERO;STRUCTURAL_ZERO;STRUCTURAL_ZERO;STRUCTURAL_ZERO;STRUCTURAL_ZERO;STRUCTURAL_ZERO;STRUCTURAL_ZERO;STRUCTURAL_ZERO;STRUCTURAL_ZERO;STRUCTURAL_ZERO;STRUCTURAL_ZERO,12,0,0,,OK
red2_6800:605,,infeasible;infeasible;infeasible;infeasible;infeasible;infeasible;infeasible;infeasible;infeasible;infeasible;infeasible;infeasible,0;0;0;0;0;0;0;0;0;0;0;0,infeasible;infeasible;infeasible;infeasible;infeasible;infeasible;infeasible;infeasible;infeasible;infeasible;infeasible;infeasible,infeasible;infeasible;infeasible;infeasible;infeasible;infeasible;infeasible;infeasible;infeasible;infeasible;infeasible;infeasible,0;1;2;3;4;5;6;7;8;9;10;11,STRUCTURAL_ZERO;STRUCTURAL_ZERO;STRUCTURAL_ZERO;STRUCTURAL_ZERO;STRUCTURAL_ZERO;STRUCTURAL_ZERO;STRUCTURAL_ZERO;STRUCTURAL_ZERO;STRUCTURAL_ZERO;STRUCTURAL_ZERO;STRUCTURAL_ZERO;STRUCTURAL_ZERO,12,0,0,,OK
red2_6800:606,,infeasible;infeasible;infeasible;infeasible;infeasible;infeasible;infeasible;infeasible;infeasible;infeasible;infeasible;infeasible,0;0;0;0;0;0;0;0;0;0;0;0,infeasible;infeasible;infeasible;infeasible;infeasible;infeasible;infeasible;infeasible;infeasible;infeasible;infeasible;infeasible,infeasible;infeasible;infeasible;infeasible;infeasible;infeasible;infeasible;infeasible;infeasible;infeasible;infeasible;infeasible,0;1;2;3;4;5;6;7;8;9;10;11,STRUCTURAL_ZERO;STRUCTURAL_ZERO;STRUCTURAL_ZERO;STRUCTURAL_ZERO;STRUCTURAL_ZERO;STRUCTURAL_ZERO;STRUCTURAL_ZERO;STRUCTURAL_ZERO;STRUCTURAL_ZERO;STRUCTURAL_ZERO;STRUCTURAL_ZERO;STRUCTURAL_ZERO,12,0,0,,OK
red2_6800:607,,infeasible;infeasible;infeasible;infeasible;infeasible;infeasible;infeasible;infeasible;infeasible;infeasible;infeasible;infeasible,0;0;0;0;0;0;0;0;0;0;0;0,infeasible;infeasible;infeasible;infeasible;infeasible;infeasible;infeasible;infeasible;infeasible;infeasible;infeasible;infeasible,infeasible;infeasible;infeasible;infeasible;infeasible;infeasible;infeasible;infeasible;infeasible;infeasible;infeasible;infeasible,0;1;2;3;4;5;6;7;8;9;10;11,STRUCTURAL_ZERO;STRUCTURAL_ZERO;STRUCTURAL_ZERO;STRUCTURAL_ZERO;STRUCTURAL_ZERO;STRUCTURAL_ZERO;STRUCTURAL_ZERO;STRUCTURAL_ZERO;STRUCTURAL_ZERO;STRUCTURAL_ZERO;STRUCTURAL_ZERO;STRUCTURAL_ZERO,12,0,0,,OK
red2_6800:608,,infeasible;infeasible;infeasible;infeasible;infeasible;infeasible;infeasible;infeasible;infeasible;infeasible;infeasible;infeasible,0;0;0;0;0;0;0;0;0;0;0;0,infeasible;infeasible;infeasible;infeasible;infeasible;infeasible;infeasible;infeasible;infeasible;infeasible;infeasible;infeasible,infeasible;infeasible;infeasible;infeasible;infeasible;infeasible;infeasible;infeasible;infeasible;infeasible;infeasible;infeasible,0;1;2;3;4;5;6;7;8;9;10;11,STRUCTURAL_ZERO;STRUCTURAL_ZERO;STRUCTURAL_ZERO;STRUCTURAL_ZERO;STRUCTURAL_ZERO;STRUCTURAL_ZERO;STRUCTURAL_ZERO;STRUCTURAL_ZERO;STRUCTURAL_ZERO;STRUCTURAL_ZERO;STRUCTURAL_ZERO;STRUCTURAL_ZERO,12,0,0,,OK
red2_6800:609,,infeasible;infeasible;infeasible;infeasible;infeasible;infeasible;infeasible;infeasible;infeasible;infeasible;infeasible;infeasible,0;0;0;0;0;0;0;0;0;0;0;0,infeasible;infeasible;infeasible;infeasible;infeasible;infeasible;infeasible;infeasible;infeasible;infeasible;infeasible;infeasible,infeasible;infeasible;infeasible;infeasible;infeasible;infeasible;infeasible;infeasible;infeasible;infeasible;infeasible;infeasible,0;1;2;3;4;5;6;7;8;9;10;11,STRUCTURAL_ZERO;STRUCTURAL_ZERO;STRUCTURAL_ZERO;STRUCTURAL_ZERO;STRUCTURAL_ZERO;STRUCTURAL_ZERO;STRUCTURAL_ZERO;STRUCTURAL_ZERO;STRUCTURAL_ZERO;STRUCTURAL_ZERO;STRUCTURAL_ZERO;STRUCTURAL_ZERO,12,0,0,,OK
red2_6800:610,,infeasible;infeasible;infeasible;infeasible;infeasible;infeasible;infeasible;infeasible;infeasible;infeasible;infeasible;infeasible,0;0;0;0;0;0;0;0;0;0;0;0,infeasible;infeasible;infeasible;infeasible;infeasible;infeasible;infeasible;infeasible;infeasible;infeasible;infeasible;infeasible,infeasible;infeasible;infeasible;infeasible;infeasible;infeasible;infeasible;infeasible;infeasible;infeasible;infeasible;infeasible,0;1;2;3;4;5;6;7;8;9;10;11,STRUCTURAL_ZERO;STRUCTURAL_ZERO;STRUCTURAL_ZERO;STRUCTURAL_ZERO;STRUCTURAL_ZERO;STRUCTURAL_ZERO;STRUCTURAL_ZERO;STRUCTURAL_ZERO;STRUCTURAL_ZERO;STRUCTURAL_ZERO;STRUCTURAL_ZERO;STRUCTURAL_ZERO,12,0,0,,OK
red2_6800:611,,infeasible;infeasible;infeasible;infeasible;infeasible;infeasible;infeasible;infeasible;infeasible;infeasible;infeasible;infeasible,0;0;0;0;0;0;0;0;0;0;0;0,infeasible;infeasible;infeasible;infeasible;infeasible;infeasible;infeasible;infeasible;infeasible;infeasible;infeasible;infeasible,infeasible;infeasible;infeasible;infeasible;infeasible;infeasible;infeasible;infeasible;infeasible;infeasible;infeasible;infeasible,0;1;2;3;4;5;6;7;8;9;10;11,STRUCTURAL_ZERO;STRUCTURAL_ZERO;STRUCTURAL_ZERO;STRUCTURAL_ZERO;STRUCTURAL_ZERO;STRUCTURAL_ZERO;STRUCTURAL_ZERO;STRUCTURAL_ZERO;STRUCTURAL_ZERO;STRUCTURAL_ZERO;STRUCTURAL_ZERO;STRUCTURAL_ZERO,12,0,0,,OK
red2_6800:612,,infeasible;infeasible;infeasible;infeasible;infeasible;infeasible;infeasible;infeasible;infeasible;infeasible;infeasible;infeasible,0;0;0;0;0;0;0;0;0;0;0;0,infeasible;infeasible;infeasible;infeasible;infeasible;infeasible;infeasible;infeasible;infeasible;infeasible;infeasible;infeasible,infeasible;infeasible;infeasible;infeasible;infeasible;infeasible;infeasible;infeasible;infeasible;infeasible;infeasible;infeasible,0;1;2;3;4;5;6;7;8;9;10;11,STRUCTURAL_ZERO;STRUCTURAL_ZERO;STRUCTURAL_ZERO;STRUCTURAL_ZERO;STRUCTURAL_ZERO;STRUCTURAL_ZERO;STRUCTURAL_ZERO;STRUCTURAL_ZERO;STRUCTURAL_ZERO;STRUCTURAL_ZERO;STRUCTURAL_ZERO;STRUCTURAL_ZERO,12,0,0,,OK
red2_6800:613,,infeasible;infeasible;infeasible;infeasible;infeasible;infeasible;infeasible;infeasible;infeasible;infeasible;infeasible;infeasible,0;0;0;0;0;0;0;0;0;0;0;0,infeasible;infeasible;infeasible;infeasible;infeasible;infeasible;infeasible;infeasible;infeasible;infeasible;infeasible;infeasible,infeasible;infeasible;infeasible;infeasible;infeasible;infeasible;infeasible;infeasible;infeasible;infeasible;infeasible;infeasible,0;1;2;3;4;5;6;7;8;9;10;11,STRUCTURAL_ZERO;STRUCTURAL_ZERO;STRUCTURAL_ZERO;STRUCTURAL_ZERO;STRUCTURAL_ZERO;STRUCTURAL_ZERO;STRUCTURAL_ZERO;STRUCTURAL_ZERO;STRUCTURAL_ZERO;STRUCTURAL_ZERO;STRUCTURAL_ZERO;STRUCTURAL_ZERO,12,0,0,,OK
red2_6800:614,,infeasible;infeasible;infeasible;infeasible;infeasible;infeasible;infeasible;infeasible;infeasible;infeasible;infeasible;infeasible,0;0;0;0;0;0;0;0;0;0;0;0,infeasible;infeasible;infeasible;infeasible;infeasible;infeasible;infeasible;infeasible;infeasible;infeasible;infeasible;infeasible,infeasible;infeasible;infeasible;infeasible;infeasible;infeasible;infeasible;infeasible;infeasible;infeasible;infeasible;infeasible,0;1;2;3;4;5;6;7;8;9;10;11,STRUCTURAL_ZERO;STRUCTURAL_ZERO;STRUCTURAL_ZERO;STRUCTURAL_ZERO;STRUCTURAL_ZERO;STRUCTURAL_ZERO;STRUCTURAL_ZERO;STRUCTURAL_ZERO;STRUCTURAL_ZERO;STRUCTURAL_ZERO;STRUCTURAL_ZERO;STRUCTURAL_ZERO,12,0,0,,OK
red2_6800:615,,infeasible;infeasible;infeasible;infeasible;infeasible;infeasible;infeasible;infeasible;infeasible;infeasible;infeasible;infeasible,0;0;0;0;0;0;0;0;0;0;0;0,infeasible;infeasible;infeasible;infeasible;infeasible;infeasible;infeasible;infeasible;infeasible;infeasible;infeasible;infeasible,infeasible;infeasible;infeasible;infeasible;infeasible;infeasible;infeasible;infeasible;infeasible;infeasible;infeasible;infeasible,0;1;2;3;4;5;6;7;8;9;10;11,STRUCTURAL_ZERO;STRUCTURAL_ZERO;STRUCTURAL_ZERO;STRUCTURAL_ZERO;STRUCTURAL_ZERO;STRUCTURAL_ZERO;STRUCTURAL_ZERO;STRUCTURAL_ZERO;STRUCTURAL_ZERO;STRUCTURAL_ZERO;STRUCTURAL_ZERO;STRUCTURAL_ZERO,12,0,0,,OK
red2_6800:616,,infeasible;infeasible;infeasible;infeasible;infeasible;infeasible;infeasible;infeasible;infeasible;infeasible;infeasible;infeasible,0;0;0;0;0;0;0;0;0;0;0;0,infeasible;infeasible;infeasible;infeasible;infeasible;infeasible;infeasible;infeasible;infeasible;infeasible;infeasible;infeasible,infeasible;infeasible;infeasible;infeasible;infeasible;infeasible;infeasible;infeasible;infeasible;infeasible;infeasible;infeasible,0;1;2;3;4;5;6;7;8;9;10;11,STRUCTURAL_ZERO;STRUCTURAL_ZERO;STRUCTURAL_ZERO;STRUCTURAL_ZERO;STRUCTURAL_ZERO;STRUCTURAL_ZERO;STRUCTURAL_ZERO;STRUCTURAL_ZERO;STRUCTURAL_ZERO;STRUCTURAL_ZERO;STRUCTURAL_ZERO;STRUCTURAL_ZERO,12,0,0,,OK
red2_6800:617,,infeasible;infeasible;infeasible;infeasible;infeasible;infeasible;infeasible;infeasible;infeasible;infeasible;infeasible;infeasible,0;0;0;0;0;0;0;0;0;0;0;0,infeasible;infeasible;infeasible;infeasible;infeasible;infeasible;infeasible;infeasible;infeasible;infeasible;infeasible;infeasible,infeasible;infeasible;infeasible;infeasible;infeasible;infeasible;infeasible;infeasible;infeasible;infeasible;infeasible;infeasible,0;1;2;3;4;5;6;7;8;9;10;11,STRUCTURAL_ZERO;STRUCTURAL_ZERO;STRUCTURAL_ZERO;STRUCTURAL_ZERO;STRUCTURAL_ZERO;STRUCTURAL_ZERO;STRUCTURAL_ZERO;STRUCTURAL_ZERO;STRUCTURAL_ZERO;STRUCTURAL_ZERO;STRUCTURAL_ZERO;STRUCTURAL_ZERO,12,0,0,,OK
red2_6800:618,,infeasible;infeasible;infeasible;infeasible;infeasible;infeasible;infeasible;infeasible;infeasible;infeasible;infeasible;infeasible,0;0;0;0;0;0;0;0;0;0;0;0,infeasible;infeasible;infeasible;infeasible;infeasible;infeasible;infeasible;infeasible;infeasible;infeasible;infeasible;infeasible,infeasible;infeasible;infeasible;infeasible;infeasible;infeasible;infeasible;infeasible;infeasible;infeasible;infeasible;infeasible,0;1;2;3;4;5;6;7;8;9;10;11,STRUCTURAL_ZERO;STRUCTURAL_ZERO;STRUCTURAL_ZERO;STRUCTURAL_ZERO;STRUCTURAL_ZERO;STRUCTURAL_ZERO;STRUCTURAL_ZERO;STRUCTURAL_ZERO;STRUCTURAL_ZERO;STRUCTURAL_ZERO;STRUCTURAL_ZERO;STRUCTURAL_ZERO,12,0,0,,OK
red2_6800:619,,infeasible;infeasible;infeasible;infeasible;infeasible;infeasible;infeasible;infeasible;infeasible;infeasible;infeasible;infeasible,0;0;0;0;0;0;0;0;0;0;0;0,infeasible;infeasible;infeasible;infeasible;infeasible;infeasible;infeasible;infeasible;infeasible;infeasible;infeasible;infeasible,infeasible;infeasible;infeasible;infeasible;infeasible;infeasible;infeasible;infeasible;infeasible;infeasible;infeasible;infeasible,0;1;2;3;4;5;6;7;8;9;10;11,STRUCTURAL_ZERO;STRUCTURAL_ZERO;STRUCTURAL_ZERO;STRUCTURAL_ZERO;STRUCTURAL_ZERO;STRUCTURAL_ZERO;STRUCTURAL_ZERO;STRUCTURAL_ZERO;STRUCTURAL_ZERO;STRUCTURAL_ZERO;STRUCTURAL_ZERO;STRUCTURAL_ZERO,12,0,0,,OK
red2_6800:620,,infeasible;infeasible;infeasible;infeasible;infeasible;infeasible;infeasible;infeasible;infeasible;infeasible;infeasible;infeasible,0;0;0;0;0;0;0;0;0;0;0;0,infeasible;infeasible;infeasible;infeasible;infeasible;infeasible;infeasible;infeasible;infeasible;infeasible;infeasible;infeasible,infeasible;infeasible;infeasible;infeasible;infeasible;infeasible;infeasible;infeasible;infeasible;infeasible;infeasible;infeasible,0;1;2;3;4;5;6;7;8;9;10;11,STRUCTURAL_ZERO;STRUCTURAL_ZERO;STRUCTURAL_ZERO;STRUCTURAL_ZERO;STRUCTURAL_ZERO;STRUCTURAL_ZERO;STRUCTURAL_ZERO;STRUCTURAL_ZERO;STRUCTURAL_ZERO;STRUCTURAL_ZERO;STRUCTURAL_ZERO;STRUCTURAL_ZERO,12,0,0,,OK
red2_6800:621,,infeasible;infeasible;infeasible;infeasible;infeasible;infeasible;infeasible;infeasible;infeasible;infeasible;infeasible;infeasible,0;0;0;0;0;0;0;0;0;0;0;0,infeasible;infeasible;infeasible;infeasible;infeasible;infeasible;infeasible;infeasible;infeasible;infeasible;infeasible;infeasible,infeasible;infeasible;infeasible;infeasible;infeasible;infeasible;infeasible;infeasible;infeasible;infeasible;infeasible;infeasible,0;1;2;3;4;5;6;7;8;9;10;11,STRUCTURAL_ZERO;STRUCTURAL_ZERO;STRUCTURAL_ZERO;STRUCTURAL_ZERO;STRUCTURAL_ZERO;STRUCTURAL_ZERO;STRUCTURAL_ZERO;STRUCTURAL_ZERO;STRUCTURAL_ZERO;STRUCTURAL_ZERO;STRUCTURAL_ZERO;STRUCTURAL_ZERO,12,0,0,,OK
red2_6800:622,,infeasible;infeasible;infeasible;infeasible;infeasible;infeasible;infeasible;infeasible;infeasible;infeasible;infeasible;infeasible,0;0;0;0;0;0;0;0;0;0;0;0,infeasible;infeasible;infeasible;infeasible;infeasible;infeasible;infeasible;infeasible;infeasible;infeasible;infeasible;infeasible,infeasible;infeasible;infeasible;infeasible;infeasible;infeasible;infeasible;infeasible;infeasible;infeasible;infeasible;infeasible,0;1;2;3;4;5;6;7;8;9;10;11,STRUCTURAL_ZERO;STRUCTURAL_ZERO;STRUCTURAL_ZERO;STRUCTURAL_ZERO;STRUCTURAL_ZERO;STRUCTURAL_ZERO;STRUCTURAL_ZERO;STRUCTURAL_ZERO;STRUCTURAL_ZERO;STRUCTURAL_ZERO;STRUCTURAL_ZERO;STRUCTURAL_ZERO,12,0,0,,OK
red2_6800:623,,infeasible;optimal;optimal;optimal;optimal;optimal;optimal;optimal;optimal;optimal;optimal;optimal,0;0.2555;0.8184;1.033;1.282;1.481;1.516;1.527;1.477;1.308;0.9051;0.01734,infeasible;optimal;optimal;optimal;optimal;optimal;optimal;optimal;optimal;optimal;optimal;optimal,infeasible;optimal;optimal;optimal;optimal;optimal;optimal;optimal;optimal;optimal;optimal;optimal,0,STRUCTURAL_ZERO,1,0,0,,OK
red2_6800:624,,infeasible;infeasible;infeasible;infeasible;infeasible;infeasible;infeasible;infeasible;infeasible;infeasible;infeasible;infeasible,0;0;0;0;0;0;0;0;0;0;0;0,infeasible;infeasible;infeasible;infeasible;infeasible;infeasible;infeasible;infeasible;infeasible;infeasible;infeasible;infeasible,infeasible;infeasible;infeasible;infeasible;infeasible;infeasible;infeasible;infeasible;infeasible;infeasible;infeasible;infeasible,0;1;2;3;4;5;6;7;8;9;10;11,STRUCTURAL_ZERO;STRUCTURAL_ZERO;STRUCTURAL_ZERO;STRUCTURAL_ZERO;STRUCTURAL_ZERO;STRUCTURAL_ZERO;STRUCTURAL_ZERO;STRUCTURAL_ZERO;STRUCTURAL_ZERO;STRUCTURAL_ZERO;STRUCTURAL_ZERO;STRUCTURAL_ZERO,12,0,0,,OK
red2_6800:625,,infeasible;infeasible;infeasible;infeasible;infeasible;infeasible;infeasible;infeasible;infeasible;infeasible;infeasible;infeasible,0;0;0;0;0;0;0;0;0;0;0;0,infeasible;infeasible;infeasible;infeasible;infeasible;infeasible;infeasible;infeasible;infeasible;infeasible;infeasible;infeasible,infeasible;infeasible;infeasible;infeasible;infeasible;infeasible;infeasible;infeasible;infeasible;infeasible;infeasible;infeasible,0;1;2;3;4;5;6;7;8;9;10;11,STRUCTURAL_ZERO;STRUCTURAL_ZERO;STRUCTURAL_ZERO;STRUCTURAL_ZERO;STRUCTURAL_ZERO;STRUCTURAL_ZERO;STRUCTURAL_ZERO;STRUCTURAL_ZERO;STRUCTURAL_ZERO;STRUCTURAL_ZERO;STRUCTURAL_ZERO;STRUCTURAL_ZERO,12,0,0,,OK
red2_6800:626,,infeasible;infeasible;infeasible;infeasible;infeasible;infeasible;infeasible;infeasible;infeasible;infeasible;infeasible;infeasible,0;0;0;0;0;0;0;0;0;0;0;0,infeasible;infeasible;infeasible;infeasible;infeasible;infeasible;infeasible;infeasible;infeasible;infeasible;infeasible;infeasible,infeasible;infeasible;infeasible;infeasible;infeasible;infeasible;infeasible;infeasible;infeasible;infeasible;infeasible;infeasible,0;1;2;3;4;5;6;7;8;9;10;11,STRUCTURAL_ZERO;STRUCTURAL_ZERO;STRUCTURAL_ZERO;STRUCTURAL_ZERO;STRUCTURAL_ZERO;STRUCTURAL_ZERO;STRUCTURAL_ZERO;STRUCTURAL_ZERO;STRUCTURAL_ZERO;STRUCTURAL_ZERO;STRUCTURAL_ZERO;STRUCTURAL_ZERO,12,0,0,,OK
red2_6800:627,,infeasible;infeasible;infeasible;infeasible;infeasible;infeasible;infeasible;infeasible;infeasible;infeasible;infeasible;infeasible,0;0;0;0;0;0;0;0;0;0;0;0,infeasible;infeasible;infeasible;infeasible;infeasible;infeasible;infeasible;infeasible;infeasible;infeasible;infeasible;infeasible,infeasible;infeasible;infeasible;infeasible;infeasible;infeasible;infeasible;infeasible;infeasible;infeasible;infeasible;infeasible,0;1;2;3;4;5;6;7;8;9;10;11,STRUCTURAL_ZERO;STRUCTURAL_ZERO;STRUCTURAL_ZERO;STRUCTURAL_ZERO;STRUCTURAL_ZERO;STRUCTURAL_ZERO;STRUCTURAL_ZERO;STRUCTURAL_ZERO;STRUCTURAL_ZERO;STRUCTURAL_ZERO;STRUCTURAL_ZERO;STRUCTURAL_ZERO,12,0,0,,OK
red2_6800:628,,infeasible;infeasible;infeasible;infeasible;infeasible;infeasible;infeasible;infeasible;infeasible;infeasible;infeasible;infeasible,0;0;0;0;0;0;0;0;0;0;0;0,infeasible;infeasible;infeasible;infeasible;infeasible;infeasible;infeasible;infeasible;infeasible;infeasible;infeasible;infeasible,infeasible;infeasible;infeasible;infeasible;infeasible;infeasible;infeasible;infeasible;infeasible;infeasible;infeasible;infeasible,0;1;2;3;4;5;6;7;8;9;10;11,STRUCTURAL_ZERO;STRUCTURAL_ZERO;STRUCTURAL_ZERO;STRUCTURAL_ZERO;STRUCTURAL_ZERO;STRUCTURAL_ZERO;STRUCTURAL_ZERO;STRUCTURAL_ZERO;STRUCTURAL_ZERO;STRUCTURAL_ZERO;STRUCTURAL_ZERO;STRUCTURAL_ZERO,12,0,0,,OK
red2_6800:629,,infeasible;infeasible;infeasible;infeasible;infeasible;infeasible;infeasible;infeasible;infeasible;infeasible;infeasible;infeasible,0;0;0;0;0;0;0;0;0;0;0;0,infeasible;infeasible;infeasible;infeasible;infeasible;infeasible;infeasible;infeasible;infeasible;infeasible;infeasible;infeasible,infeasible;infeasible;infeasible;infeasible;infeasible;infeasible;infeasible;infeasible;infeasible;infeasible;infeasible;infeasible,0;1;2;3;4;5;6;7;8;9;10;11,STRUCTURAL_ZERO;STRUCTURAL_ZERO;STRUCTURAL_ZERO;STRUCTURAL_ZERO;STRUCTURAL_ZERO;STRUCTURAL_ZERO;STRUCTURAL_ZERO;STRUCTURAL_ZERO;STRUCTURAL_ZERO;STRUCTURAL_ZERO;STRUCTURAL_ZERO;STRUCTURAL_ZERO,12,0,0,,OK
red2_6800:630,,infeasible;infeasible;infeasible;infeasible;infeasible;infeasible;infeasible;infeasible;infeasible;infeasible;infeasible;infeasible,0;0;0;0;0;0;0;0;0;0;0;0,infeasible;infeasible;infeasible;infeasible;infeasible;infeasible;infeasible;infeasible;infeasible;infeasible;infeasible;infeasible,infeasible;infeasible;infeasible;infeasible;infeasible;infeasible;infeasible;infeasible;infeasible;infeasible;infeasible;infeasible,0;1;2;3;4;5;6;7;8;9;10;11,STRUCTURAL_ZERO;STRUCTURAL_ZERO;STRUCTURAL_ZERO;STRUCTURAL_ZERO;STRUCTURAL_ZERO;STRUCTURAL_ZERO;STRUCTURAL_ZERO;STRUCTURAL_ZERO;STRUCTURAL_ZERO;STRUCTURAL_ZERO;STRUCTURAL_ZERO;STRUCTURAL_ZERO,12,0,0,,OK
red2_6800:631,,infeasible;infeasible;infeasible;infeasible;infeasible;infeasible;infeasible;infeasible;infeasible;infeasible;infeasible;infeasible,0;0;0;0;0;0;0;0;0;0;0;0,infeasible;infeasible;infeasible;infeasible;infeasible;infeasible;infeasible;infeasible;infeasible;infeasible;infeasible;infeasible,infeasible;infeasible;infeasible;infeasible;infeasible;infeasible;infeasible;infeasible;infeasible;infeasible;infeasible;infeasible,0;1;2;3;4;5;6;7;8;9;10;11,STRUCTURAL_ZERO;STRUCTURAL_ZERO;STRUCTURAL_ZERO;STRUCTURAL_ZERO;STRUCTURAL_ZERO;STRUCTURAL_ZERO;STRUCTURAL_ZERO;STRUCTURAL_ZERO;STRUCTURAL_ZERO;STRUCTURAL_ZERO;STRUCTURAL_ZERO;STRUCTURAL_ZERO,12,0,0,,OK
red2_6800:632,,infeasible;optimal;optimal;optimal;optimal;optimal;optimal;optimal;optimal;optimal;optimal;optimal,0;0.07625;0.4085;0.6298;1.043;1.4;1.415;1.346;1.14;0.9076;0.6489;0.2327,infeasible;optimal;optimal;optimal;optimal;optimal;optimal;optimal;optimal;optimal;optimal;optimal,infeasible;optimal;optimal;optimal;optimal;optimal;optimal;optimal;optimal;optimal;optimal;optimal,0,STRUCTURAL_ZERO,1,0,0,,OK
red2_6800:633,,infeasible;infeasible;infeasible;infeasible;infeasible;infeasible;infeasible;infeasible;infeasible;infeasible;infeasible;infeasible,0;0;0;0;0;0;0;0;0;0;0;0,infeasible;infeasible;infeasible;infeasible;infeasible;infeasible;infeasible;infeasible;infeasible;infeasible;infeasible;infeasible,infeasible;infeasible;infeasible;infeasible;infeasible;infeasible;infeasible;infeasible;infeasible;infeasible;infeasible;infeasible,0;1;2;3;4;5;6;7;8;9;10;11,STRUCTURAL_ZERO;STRUCTURAL_ZERO;STRUCTURAL_ZERO;STRUCTURAL_ZERO;STRUCTURAL_ZERO;STRUCTURAL_ZERO;STRUCTURAL_ZERO;STRUCTURAL_ZERO;STRUCTURAL_ZERO;STRUCTURAL_ZERO;STRUCTURAL_ZERO;STRUCTURAL_ZERO,12,0,0,,OK
red2_6800:634,,infeasible;infeasible;infeasible;infeasible;infeasible;infeasible;infeasible;infeasible;infeasible;infeasible;infeasible;infeasible,0;0;0;0;0;0;0;0;0;0;0;0,infeasible;infeasible;infeasible;infeasible;infeasible;infeasible;infeasible;infeasible;infeasible;infeasible;infeasible;infeasible,infeasible;infeasible;infeasible;infeasible;infeasible;infeasible;infeasible;infeasible;infeasible;infeasible;infeasible;infeasible,0;1;2;3;4;5;6;7;8;9;10;11,STRUCTURAL_ZERO;STRUCTURAL_ZERO;STRUCTURAL_ZERO;STRUCTURAL_ZERO;STRUCTURAL_ZERO;STRUCTURAL_ZERO;STRUCTURAL_ZERO;STRUCTURAL_ZERO;STRUCTURAL_ZERO;STRUCTURAL_ZERO;STRUCTURAL_ZERO;STRUCTURAL_ZERO,12,0,0,,OK
red2_6800:635,,infeasible;infeasible;infeasible;infeasible;infeasible;infeasible;infeasible;infeasible;infeasible;infeasible;infeasible;infeasible,0;0;0;0;0;0;0;0;0;0;0;0,infeasible;infeasible;infeasible;infeasible;infeasible;infeasible;infeasible;infeasible;infeasible;infeasible;infeasible;infeasible,infeasible;infeasible;infeasible;infeasible;infeasible;infeasible;infeasible;infeasible;infeasible;infeasible;infeasible;infeasible,0;1;2;3;4;5;6;7;8;9;10;11,STRUCTURAL_ZERO;STRUCTURAL_ZERO;STRUCTURAL_ZERO;STRUCTURAL_ZERO;STRUCTURAL_ZERO;STRUCTURAL_ZERO;STRUCTURAL_ZERO;STRUCTURAL_ZERO;STRUCTURAL_ZERO;STRUCTURAL_ZERO;STRUCTURAL_ZERO;STRUCTURAL_ZERO,12,0,0,,OK
red2_6800:636,,infeasible;infeasible;infeasible;infeasible;infeasible;infeasible;infeasible;infeasible;infeasible;infeasible;infeasible;infeasible,0;0;0;0;0;0;0;0;0;0;0;0,infeasible;infeasible;infeasible;infeasible;infeasible;infeasible;infeasible;infeasible;infeasible;infeasible;infeasible;infeasible,infeasible;infeasible;infeasible;infeasible;infeasible;infeasible;infeasible;infeasible;infeasible;infeasible;infeasible;infeasible,0;1;2;3;4;5;6;7;8;9;10;11,STRUCTURAL_ZERO;STRUCTURAL_ZERO;STRUCTURAL_ZERO;STRUCTURAL_ZERO;STRUCTURAL_ZERO;STRUCTURAL_ZERO;STRUCTURAL_ZERO;STRUCTURAL_ZERO;STRUCTURAL_ZERO;STRUCTURAL_ZERO;STRUCTURAL_ZERO;STRUCTURAL_ZERO,12,0,0,,OK
red2_6800:637,,infeasible;infeasible;infeasible;infeasible;infeasible;infeasible;infeasible;infeasible;infeasible;infeasible;infeasible;infeasible,0;0;0;0;0;0;0;0;0;0;0;0,infeasible;infeasible;infeasible;infeasible;infeasible;infeasible;infeasible;infeasible;infeasible;infeasible;infeasible;infeasible,infeasible;infeasible;infeasible;infeasible;infeasible;infeasible;infeasible;infeasible;infeasible;infeasible;infeasible;infeasible,0;1;2;3;4;5;6;7;8;9;10;11,STRUCTURAL_ZERO;STRUCTURAL_ZERO;STRUCTURAL_ZERO;STRUCTURAL_ZERO;STRUCTURAL_ZERO;STRUCTURAL_ZERO;STRUCTURAL_ZERO;STRUCTURAL_ZERO;STRUCTURAL_ZERO;STRUCTURAL_ZERO;STRUCTURAL_ZERO;STRUCTURAL_ZERO,12,0,0,,OK
red2_6800:638,,infeasible;infeasible;infeasible;infeasible;infeasible;infeasible;infeasible;infeasible;infeasible;infeasible;infeasible;infeasible,0;0;0;0;0;0;0;0;0;0;0;0,infeasible;infeasible;infeasible;infeasible;infeasible;infeasible;infeasible;infeasible;infeasible;infeasible;infeasible;infeasible,infeasible;infeasible;infeasible;infeasible;infeasible;infeasible;infeasible;infeasible;infeasible;infeasible;infeasible;infeasible,0;1;2;3;4;5;6;7;8;9;10;11,STRUCTURAL_ZERO;STRUCTURAL_ZERO;STRUCTURAL_ZERO;STRUCTURAL_ZERO;STRUCTURAL_ZERO;STRUCTURAL_ZERO;STRUCTURAL_ZERO;STRUCTURAL_ZERO;STRUCTURAL_ZERO;STRUCTURAL_ZERO;STRUCTURAL_ZERO;STRUCTURAL_ZERO,12,0,0,,OK
red2_6800:639,,infeasible;infeasible;infeasible;infeasible;infeasible;infeasible;infeasible;infeasible;infeasible;infeasible;infeasible;infeasible,0;0;0;0;0;0;0;0;0;0;0;0,infeasible;infeasible;infeasible;infeasible;infeasible;infeasible;infeasible;infeasible;infeasible;infeasible;infeasible;infeasible,infeasible;infeasible;infeasible;infeasible;infeasible;infeasible;infeasible;infeasible;infeasible;infeasible;infeasible;infeasible,0;1;2;3;4;5;6;7;8;9;10;11,STRUCTURAL_ZERO;STRUCTURAL_ZERO;STRUCTURAL_ZERO;STRUCTURAL_ZERO;STRUCTURAL_ZERO;STRUCTURAL_ZERO;STRUCTURAL_ZERO;STRUCTURAL_ZERO;STRUCTURAL_ZERO;STRUCTURAL_ZERO;STRUCTURAL_ZERO;STRUCTURAL_ZERO,12,0,0,,OK
red2_6800:640,,infeasible;infeasible;infeasible;infeasible;infeasible;infeasible;infeasible;infeasible;infeasible;infeasible;infeasible;infeasible,0;0;0;0;0;0;0;0;0;0;0;0,infeasible;infeasible;infeasible;infeasible;infeasible;infeasible;infeasible;infeasible;infeasible;infeasible;infeasible;infeasible,infeasible;infeasible;infeasible;infeasible;infeasible;infeasible;infeasible;infeasible;infeasible;infeasible;infeasible;infeasible,0;1;2;3;4;5;6;7;8;9;10;11,STRUCTURAL_ZERO;STRUCTURAL_ZERO;STRUCTURAL_ZERO;STRUCTURAL_ZERO;STRUCTURAL_ZERO;STRUCTURAL_ZERO;STRUCTURAL_ZERO;STRUCTURAL_ZERO;STRUCTURAL_ZERO;STRUCTURAL_ZERO;STRUCTURAL_ZERO;STRUCTURAL_ZERO,12,0,0,,OK
red2_6800:641,,infeasible;infeasible;infeasible;infeasible;infeasible;infeasible;infeasible;infeasible;infeasible;infeasible;infeasible;infeasible,0;0;0;0;0;0;0;0;0;0;0;0,infeasible;infeasible;infeasible;infeasible;infeasible;infeasible;infeasible;infeasible;infeasible;infeasible;infeasible;infeasible,infeasible;infeasible;infeasible;infeasible;infeasible;infeasible;infeasible;infeasible;infeasible;infeasible;infeasible;infeasible,0;1;2;3;4;5;6;7;8;9;10;11,STRUCTURAL_ZERO;STRUCTURAL_ZERO;STRUCTURAL_ZERO;STRUCTURAL_ZERO;STRUCTURAL_ZERO;STRUCTURAL_ZERO;STRUCTURAL_ZERO;STRUCTURAL_ZERO;STRUCTURAL_ZERO;STRUCTURAL_ZERO;STRUCTURAL_ZERO;STRUCTURAL_ZERO,12,0,0,,OK
red2_6800:642,,infeasible;infeasible;infeasible;infeasible;infeasible;infeasible;infeasible;infeasible;infeasible;infeasible;infeasible;infeasible,0;0;0;0;0;0;0;0;0;0;0;0,infeasible;infeasible;infeasible;infeasible;infeasible;infeasible;infeasible;infeasible;infeasible;infeasible;infeasible;infeasible,infeasible;infeasible;infeasible;infeasible;infeasible;infeasible;infeasible;infeasible;infeasible;infeasible;infeasible;infeasible,0;1;2;3;4;5;6;7;8;9;10;11,STRUCTURAL_ZERO;STRUCTURAL_ZERO;STRUCTURAL_ZERO;STRUCTURAL_ZERO;STRUCTURAL_ZERO;STRUCTURAL_ZERO;STRUCTURAL_ZERO;STRUCTURAL_ZERO;STRUCTURAL_ZERO;STRUCTURAL_ZERO;STRUCTURAL_ZERO;STRUCTURAL_ZERO,12,0,0,,OK
red2_6800:643,,infeasible;infeasible;infeasible;infeasible;infeasible;infeasible;infeasible;infeasible;infeasible;infeasible;infeasible;infeasible,0;0;0;0;0;0;0;0;0;0;0;0,infeasible;infeasible;infeasible;infeasible;infeasible;infeasible;infeasible;infeasible;infeasible;infeasible;infeasible;infeasible,infeasible;infeasible;infeasible;infeasible;infeasible;infeasible;infeasible;infeasible;infeasible;infeasible;infeasible;infeasible,0;1;2;3;4;5;6;7;8;9;10;11,STRUCTURAL_ZERO;STRUCTURAL_ZERO;STRUCTURAL_ZERO;STRUCTURAL_ZERO;STRUCTURAL_ZERO;STRUCTURAL_ZERO;STRUCTURAL_ZERO;STRUCTURAL_ZERO;STRUCTURAL_ZERO;STRUCTURAL_ZERO;STRUCTURAL_ZERO;STRUCTURAL_ZERO,12,0,0,,OK
red2_6800:644,,infeasible;infeasible;infeasible;infeasible;infeasible;infeasible;infeasible;infeasible;infeasible;infeasible;infeasible;infeasible,0;0;0;0;0;0;0;0;0;0;0;0,infeasible;infeasible;infeasible;infeasible;infeasible;infeasible;infeasible;infeasible;infeasible;infeasible;infeasible;infeasible,infeasible;infeasible;infeasible;infeasible;infeasible;infeasible;infeasible;infeasible;infeasible;infeasible;infeasible;infeasible,0;1;2;3;4;5;6;7;8;9;10;11,STRUCTURAL_ZERO;STRUCTURAL_ZERO;STRUCTURAL_ZERO;STRUCTURAL_ZERO;STRUCTURAL_ZERO;STRUCTURAL_ZERO;STRUCTURAL_ZERO;STRUCTURAL_ZERO;STRUCTURAL_ZERO;STRUCTURAL_ZERO;STRUCTURAL_ZERO;STRUCTURAL_ZERO,12,0,0,,OK
red2_6800:645,,infeasible;infeasible;infeasible;infeasible;infeasible;infeasible;infeasible;infeasible;infeasible;infeasible;infeasible;infeasible,0;0;0;0;0;0;0;0;0;0;0;0,infeasible;infeasible;infeasible;infeasible;infeasible;infeasible;infeasible;infeasible;infeasible;infeasible;infeasible;infeasible,infeasible;infeasible;infeasible;infeasible;infeasible;infeasible;infeasible;infeasible;infeasible;infeasible;infeasible;infeasible,0;1;2;3;4;5;6;7;8;9;10;11,STRUCTURAL_ZERO;STRUCTURAL_ZERO;STRUCTURAL_ZERO;STRUCTURAL_ZERO;STRUCTURAL_ZERO;STRUCTURAL_ZERO;STRUCTURAL_ZERO;STRUCTURAL_ZERO;STRUCTURAL_ZERO;STRUCTURAL_ZERO;STRUCTURAL_ZERO;STRUCTURAL_ZERO,12,0,0,,OK
red2_6800:646,,infeasible;infeasible;infeasible;infeasible;infeasible;infeasible;infeasible;infeasible;infeasible;infeasible;infeasible;infeasible,0;0;0;0;0;0;0;0;0;0;0;0,infeasible;infeasible;infeasible;infeasible;infeasible;infeasible;infeasible;infeasible;infeasible;infeasible;infeasible;infeasible,infeasible;infeasible;infeasible;infeasible;infeasible;infeasible;infeasible;infeasible;infeasible;infeasible;infeasible;infeasible,0;1;2;3;4;5;6;7;8;9;10;11,STRUCTURAL_ZERO;STRUCTURAL_ZERO;STRUCTURAL_ZERO;STRUCTURAL_ZERO;STRUCTURAL_ZERO;STRUCTURAL_ZERO;STRUCTURAL_ZERO;STRUCTURAL_ZERO;STRUCTURAL_ZERO;STRUCTURAL_ZERO;STRUCTURAL_ZERO;STRUCTURAL_ZERO,12,0,0,,OK
red2_6800:647,,infeasible;infeasible;infeasible;infeasible;infeasible;infeasible;infeasible;infeasible;infeasible;infeasible;infeasible;infeasible,0;0;0;0;0;0;0;0;0;0;0;0,infeasible;infeasible;infeasible;infeasible;infeasible;infeasible;infeasible;infeasible;infeasible;infeasible;infeasible;infeasible,infeasible;infeasible;infeasible;infeasible;infeasible;infeasible;infeasible;infeasible;infeasible;infeasible;infeasible;infeasible,0;1;2;3;4;5;6;7;8;9;10;11,STRUCTURAL_ZERO;STRUCTURAL_ZERO;STRUCTURAL_ZERO;STRUCTURAL_ZERO;STRUCTURAL_ZERO;STRUCTURAL_ZERO;STRUCTURAL_ZERO;STRUCTURAL_ZERO;STRUCTURAL_ZERO;STRUCTURAL_ZERO;STRUCTURAL_ZERO;STRUCTURAL_ZERO,12,0,0,,OK
red2_6800:648,,infeasible;infeasible;infeasible;infeasible;infeasible;infeasible;infeasible;infeasible;infeasible;infeasible;infeasible;infeasible,0;0;0;0;0;0;0;0;0;0;0;0,infeasible;infeasible;infeasible;infeasible;infeasible;infeasible;infeasible;infeasible;infeasible;infeasible;infeasible;infeasible,infeasible;infeasible;infeasible;infeasible;infeasible;infeasible;infeasible;infeasible;infeasible;infeasible;infeasible;infeasible,0;1;2;3;4;5;6;7;8;9;10;11,STRUCTURAL_ZERO;STRUCTURAL_ZERO;STRUCTURAL_ZERO;STRUCTURAL_ZERO;STRUCTURAL_ZERO;STRUCTURAL_ZERO;STRUCTURAL_ZERO;STRUCTURAL_ZERO;STRUCTURAL_ZERO;STRUCTURAL_ZERO;STRUCTURAL_ZERO;STRUCTURAL_ZERO,12,0,0,,OK
red2_6800:649,,infeasible;infeasible;infeasible;infeasible;infeasible;infeasible;infeasible;infeasible;infeasible;infeasible;infeasible;infeasible,0;0;0;0;0;0;0;0;0;0;0;0,infeasible;infeasible;infeasible;infeasible;infeasible;infeasible;infeasible;infeasible;infeasible;infeasible;infeasible;infeasible,infeasible;infeasible;infeasible;infeasible;infeasible;infeasible;infeasible;infeasible;infeasible;infeasible;infeasible;infeasible,0;1;2;3;4;5;6;7;8;9;10;11,STRUCTURAL_ZERO;STRUCTURAL_ZERO;STRUCTURAL_ZERO;STRUCTURAL_ZERO;STRUCTURAL_ZERO;STRUCTURAL_ZERO;STRUCTURAL_ZERO;STRUCTURAL_ZERO;STRUCTURAL_ZERO;STRUCTURAL_ZERO;STRUCTURAL_ZERO;STRUCTURAL_ZERO,12,0,0,,OK
red2_6800:650,,infeasible;infeasible;infeasible;infeasible;infeasible;infeasible;infeasible;infeasible;infeasible;infeasible;infeasible;infeasible,0;0;0;0;0;0;0;0;0;0;0;0,infeasible;infeasible;infeasible;infeasible;infeasible;infeasible;infeasible;infeasible;infeasible;infeasible;infeasible;infeasible,infeasible;infeasible;infeasible;infeasible;infeasible;infeasible;infeasible;infeasible;infeasible;infeasible;infeasible;infeasible,0;1;2;3;4;5;6;7;8;9;10;11,STRUCTURAL_ZERO;STRUCTURAL_ZERO;STRUCTURAL_ZERO;STRUCTURAL_ZERO;STRUCTURAL_ZERO;STRUCTURAL_ZERO;STRUCTURAL_ZERO;STRUCTURAL_ZERO;STRUCTURAL_ZERO;STRUCTURAL_ZERO;STRUCTURAL_ZERO;STRUCTURAL_ZERO,12,0,0,,OK
red2_6800:651,,infeasible;optimal;optimal;optimal;optimal;optimal;optimal;optimal;optimal;optimal;optimal;optimal,0;0.1141;0.4911;0.7338;1.175;1.436;1.453;1.421;1.304;1.108;0.8334;0.2489,infeasible;optimal;optimal;optimal;optimal;optimal;optimal;optimal;optimal;optimal;optimal;optimal,infeasible;optimal;optimal;optimal;optimal;optimal;optimal;optimal;optimal;optimal;optimal;optimal,0,STRUCTURAL_ZERO,1,0,0,,OK
red2_6800:652,,infeasible;infeasible;infeasible;infeasible;infeasible;infeasible;infeasible;infeasible;infeasible;infeasible;infeasible;infeasible,0;0;0;0;0;0;0;0;0;0;0;0,infeasible;infeasible;infeasible;infeasible;infeasible;infeasible;infeasible;infeasible;infeasible;infeasible;infeasible;infeasible,infeasible;infeasible;infeasible;infeasible;infeasible;infeasible;infeasible;infeasible;infeasible;infeasible;infeasible;infeasible,0;1;2;3;4;5;6;7;8;9;10;11,STRUCTURAL_ZERO;STRUCTURAL_ZERO;STRUCTURAL_ZERO;STRUCTURAL_ZERO;STRUCTURAL_ZERO;STRUCTURAL_ZERO;STRUCTURAL_ZERO;STRUCTURAL_ZERO;STRUCTURAL_ZERO;STRUCTURAL_ZERO;STRUCTURAL_ZERO;STRUCTURAL_ZERO,12,0,0,,OK
red2_6800:653,,infeasible;infeasible;infeasible;infeasible;infeasible;infeasible;infeasible;infeasible;infeasible;infeasible;infeasible;infeasible,0;0;0;0;0;0;0;0;0;0;0;0,infeasible;infeasible;infeasible;infeasible;infeasible;infeasible;infeasible;infeasible;infeasible;infeasible;infeasible;infeasible,infeasible;infeasible;infeasible;infeasible;infeasible;infeasible;infeasible;infeasible;infeasible;infeasible;infeasible;infeasible,0;1;2;3;4;5;6;7;8;9;10;11,STRUCTURAL_ZERO;STRUCTURAL_ZERO;STRUCTURAL_ZERO;STRUCTURAL_ZERO;STRUCTURAL_ZERO;STRUCTURAL_ZERO;STRUCTURAL_ZERO;STRUCTURAL_ZERO;STRUCTURAL_ZERO;STRUCTURAL_ZERO;STRUCTURAL_ZERO;STRUCTURAL_ZERO,12,0,0,,OK
red2_6800:654,,infeasible;infeasible;infeasible;infeasible;infeasible;infeasible;infeasible;infeasible;infeasible;infeasible;infeasible;infeasible,0;0;0;0;0;0;0;0;0;0;0;0,infeasible;infeasible;infeasible;infeasible;infeasible;infeasible;infeasible;infeasible;infeasible;infeasible;infeasible;infeasible,infeasible;infeasible;infeasible;infeasible;infeasible;infeasible;infeasible;infeasible;infeasible;infeasible;infeasible;infeasible,0;1;2;3;4;5;6;7;8;9;10;11,STRUCTURAL_ZERO;STRUCTURAL_ZERO;STRUCTURAL_ZERO;STRUCTURAL_ZERO;STRUCTURAL_ZERO;STRUCTURAL_ZERO;STRUCTURAL_ZERO;STRUCTURAL_ZERO;STRUCTURAL_ZERO;STRUCTURAL_ZERO;STRUCTURAL_ZERO;STRUCTURAL_ZERO,12,0,0,,OK
red2_6800:655,,infeasible;optimal;optimal;optimal;optimal;optimal;optimal;optimal;optimal;optimal;optimal;optimal,0;0.1022;0.4685;0.7065;1.141;1.404;1.425;1.393;1.283;1.117;0.8519;0.294,infeasible;optimal;optimal;optimal;optimal;optimal;optimal;optimal;optimal;optimal;optimal;optimal,infeasible;optimal;optimal;optimal;optimal;optimal;optimal;optimal;optimal;optimal;optimal;optimal,0,STRUCTURAL_ZERO,1,0,0,,OK
red2_6800:656,,infeasible;infeasible;infeasible;infeasible;infeasible;infeasible;infeasible;infeasible;infeasible;infeasible;infeasible;infeasible,0;0;0;0;0;0;0;0;0;0;0;0,infeasible;infeasible;infeasible;infeasible;infeasible;infeasible;infeasible;infeasible;infeasible;infeasible;infeasible;infeasible,infeasible;infeasible;infeasible;infeasible;infeasible;infeasible;infeasible;infeasible;infeasible;infeasible;infeasible;infeasible,0;1;2;3;4;5;6;7;8;9;10;11,STRUCTURAL_ZERO;STRUCTURAL_ZERO;STRUCTURAL_ZERO;STRUCTURAL_ZERO;STRUCTURAL_ZERO;STRUCTURAL_ZERO;STRUCTURAL_ZERO;STRUCTURAL_ZERO;STRUCTURAL_ZERO;STRUCTURAL_ZERO;STRUCTURAL_ZERO;STRUCTURAL_ZERO,12,0,0,,OK
red2_6800:657,,infeasible;infeasible;infeasible;infeasible;infeasible;infeasible;infeasible;infeasible;infeasible;infeasible;infeasible;infeasible,0;0;0;0;0;0;0;0;0;0;0;0,infeasible;infeasible;infeasible;infeasible;infeasible;infeasible;infeasible;infeasible;infeasible;infeasible;infeasible;infeasible,infeasible;infeasible;infeasible;infeasible;infeasible;infeasible;infeasible;infeasible;infeasible;infeasible;infeasible;infeasible,0;1;2;3;4;5;6;7;8;9;10;11,STRUCTURAL_ZERO;STRUCTURAL_ZERO;STRUCTURAL_ZERO;STRUCTURAL_ZERO;STRUCTURAL_ZERO;STRUCTURAL_ZERO;STRUCTURAL_ZERO;STRUCTURAL_ZERO;STRUCTURAL_ZERO;STRUCTURAL_ZERO;STRUCTURAL_ZERO;STRUCTURAL_ZERO,12,0,0,,OK
red2_6800:658,,infeasible;infeasible;infeasible;infeasible;infeasible;infeasible;infeasible;infeasible;infeasible;infeasible;infeasible;infeasible,0;0;0;0;0;0;0;0;0;0;0;0,infeasible;infeasible;infeasible;infeasible;infeasible;infeasible;infeasible;infeasible;infeasible;infeasible;infeasible;infeasible,infeasible;infeasible;infeasible;infeasible;infeasible;infeasible;infeasible;infeasible;infeasible;infeasible;infeasible;infeasible,0;1;2;3;4;5;6;7;8;9;10;11,STRUCTURAL_ZERO;STRUCTURAL_ZERO;STRUCTURAL_ZERO;STRUCTURAL_ZERO;STRUCTURAL_ZERO;STRUCTURAL_ZERO;STRUCTURAL_ZERO;STRUCTURAL_ZERO;STRUCTURAL_ZERO;STRUCTURAL_ZERO;STRUCTURAL_ZERO;STRUCTURAL_ZERO,12,0,0,,OK
red2_6800:659,,infeasible;infeasible;infeasible;infeasible;infeasible;infeasible;infeasible;infeasible;infeasible;infeasible;infeasible;infeasible,0;0;0;0;0;0;0;0;0;0;0;0,infeasible;infeasible;infeasible;infeasible;infeasible;infeasible;infeasible;infeasible;infeasible;infeasible;infeasible;infeasible,infeasible;infeasible;infeasible;infeasible;infeasible;infeasible;infeasible;infeasible;infeasible;infeasible;infeasible;infeasible,0;1;2;3;4;5;6;7;8;9;10;11,STRUCTURAL_ZERO;STRUCTURAL_ZERO;STRUCTURAL_ZERO;STRUCTURAL_ZERO;STRUCTURAL_ZERO;STRUCTURAL_ZERO;STRUCTURAL_ZERO;STRUCTURAL_ZERO;STRUCTURAL_ZERO;STRUCTURAL_ZERO;STRUCTURAL_ZERO;STRUCTURAL_ZERO,12,0,0,,OK
red2_6800:660,,infeasible;infeasible;infeasible;infeasible;infeasible;infeasible;infeasible;infeasible;infeasible;infeasible;infeasible;infeasible,0;0;0;0;0;0;0;0;0;0;0;0,infeasible;infeasible;infeasible;infeasible;infeasible;infeasible;infeasible;infeasible;infeasible;infeasible;infeasible;infeasible,infeasible;infeasible;infeasible;infeasible;infeasible;infeasible;infeasible;infeasible;infeasible;infeasible;infeasible;infeasible,0;1;2;3;4;5;6;7;8;9;10;11,STRUCTURAL_ZERO;STRUCTURAL_ZERO;STRUCTURAL_ZERO;STRUCTURAL_ZERO;STRUCTURAL_ZERO;STRUCTURAL_ZERO;STRUCTURAL_ZERO;STRUCTURAL_ZERO;STRUCTURAL_ZERO;STRUCTURAL_ZERO;STRUCTURAL_ZERO;STRUCTURAL_ZERO,12,0,0,,OK
red2_6800:661,,infeasible;infeasible;infeasible;infeasible;infeasible;infeasible;infeasible;infeasible;infeasible;infeasible;infeasible;infeasible,0;0;0;0;0;0;0;0;0;0;0;0,infeasible;infeasible;infeasible;infeasible;infeasible;infeasible;infeasible;infeasible;infeasible;infeasible;infeasible;infeasible,infeasible;infeasible;infeasible;infeasible;infeasible;infeasible;infeasible;infeasible;infeasible;infeasible;infeasible;infeasible,0;1;2;3;4;5;6;7;8;9;10;11,STRUCTURAL_ZERO;STRUCTURAL_ZERO;STRUCTURAL_ZERO;STRUCTURAL_ZERO;STRUCTURAL_ZERO;STRUCTURAL_ZERO;STRUCTURAL_ZERO;STRUCTURAL_ZERO;STRUCTURAL_ZERO;STRUCTURAL_ZERO;STRUCTURAL_ZERO;STRUCTURAL_ZERO,12,0,0,,OK
red2_6800:662,,infeasible;infeasible;infeasible;infeasible;infeasible;infeasible;infeasible;infeasible;infeasible;infeasible;infeasible;infeasible,0;0;0;0;0;0;0;0;0;0;0;0,infeasible;infeasible;infeasible;infeasible;infeasible;infeasible;infeasible;infeasible;infeasible;infeasible;infeasible;infeasible,infeasible;infeasible;infeasible;infeasible;infeasible;infeasible;infeasible;infeasible;infeasible;infeasible;infeasible;infeasible,0;1;2;3;4;5;6;7;8;9;10;11,STRUCTURAL_ZERO;STRUCTURAL_ZERO;STRUCTURAL_ZERO;STRUCTURAL_ZERO;STRUCTURAL_ZERO;STRUCTURAL_ZERO;STRUCTURAL_ZERO;STRUCTURAL_ZERO;STRUCTURAL_ZERO;STRUCTURAL_ZERO;STRUCTURAL_ZERO;STRUCTURAL_ZERO,12,0,0,,OK
red2_6800:663,,infeasible;infeasible;infeasible;infeasible;infeasible;infeasible;infeasible;infeasible;infeasible;infeasible;infeasible;infeasible,0;0;0;0;0;0;0;0;0;0;0;0,infeasible;infeasible;infeasible;infeasible;infeasible;infeasible;infeasible;infeasible;infeasible;infeasible;infeasible;infeasible,infeasible;infeasible;infeasible;infeasible;infeasible;infeasible;infeasible;infeasible;infeasible;infeasible;infeasible;infeasible,0;1;2;3;4;5;6;7;8;9;10;11,STRUCTURAL_ZERO;STRUCTURAL_ZERO;STRUCTURAL_ZERO;STRUCTURAL_ZERO;STRUCTURAL_ZERO;STRUCTURAL_ZERO;STRUCTURAL_ZERO;STRUCTURAL_ZERO;STRUCTURAL_ZERO;STRUCTURAL_ZERO;STRUCTURAL_ZERO;STRUCTURAL_ZERO,12,0,0,,OK
red2_6800:664,,infeasible;infeasible;infeasible;infeasible;infeasible;infeasible;infeasible;infeasible;infeasible;infeasible;infeasible;infeasible,0;0;0;0;0;0;0;0;0;0;0;0,infeasible;infeasible;infeasible;infeasible;infeasible;infeasible;infeasible;infeasible;infeasible;infeasible;infeasible;infeasible,infeasible;infeasible;infeasible;infeasible;infeasible;infeasible;infeasible;infeasible;infeasible;infeasible;infeasible;infeasible,0;1;2;3;4;5;6;7;8;9;10;11,STRUCTURAL_ZERO;STRUCTURAL_ZERO;STRUCTURAL_ZERO;STRUCTURAL_ZERO;STRUCTURAL_ZERO;STRUCTURAL_ZERO;STRUCTURAL_ZERO;STRUCTURAL_ZERO;STRUCTURAL_ZERO;STRUCTURAL_ZERO;STRUCTURAL_ZERO;STRUCTURAL_ZERO,12,0,0,,OK
red2_6800:665,,infeasible;infeasible;infeasible;infeasible;infeasible;infeasible;infeasible;infeasible;infeasible;infeasible;infeasible;infeasible,0;0;0;0;0;0;0;0;0;0;0;0,infeasible;infeasible;infeasible;infeasible;infeasible;infeasible;infeasible;infeasible;infeasible;infeasible;infeasible;infeasible,infeasible;infeasible;infeasible;infeasible;infeasible;infeasible;infeasible;infeasible;infeasible;infeasible;infeasible;infeasible,0;1;2;3;4;5;6;7;8;9;10;11,STRUCTURAL_ZERO;STRUCTURAL_ZERO;STRUCTURAL_ZERO;STRUCTURAL_ZERO;STRUCTURAL_ZERO;STRUCTURAL_ZERO;STRUCTURAL_ZERO;STRUCTURAL_ZERO;STRUCTURAL_ZERO;STRUCTURAL_ZERO;STRUCTURAL_ZERO;STRUCTURAL_ZERO,12,0,0,,OK
red2_6800:666,,infeasible;infeasible;infeasible;infeasible;infeasible;infeasible;infeasible;infeasible;infeasible;infeasible;infeasible;infeasible,0;0;0;0;0;0;0;0;0;0;0;0,infeasible;infeasible;infeasible;infeasible;infeasible;infeasible;infeasible;infeasible;infeasible;infeasible;infeasible;infeasible,infeasible;infeasible;infeasible;infeasible;infeasible;infeasible;infeasible;infeasible;infeasible;infeasible;infeasible;infeasible,0;1;2;3;4;5;6;7;8;9;10;11,STRUCTURAL_ZERO;STRUCTURAL_ZERO;STRUCTURAL_ZERO;STRUCTURAL_ZERO;STRUCTURAL_ZERO;STRUCTURAL_ZERO;STRUCTURAL_ZERO;STRUCTURAL_ZERO;STRUCTURAL_ZERO;STRUCTURAL_ZERO;STRUCTURAL_ZERO;STRUCTURAL_ZERO,12,0,0,,OK
red2_6800:667,,infeasible;infeasible;infeasible;infeasible;infeasible;infeasible;infeasible;infeasible;infeasible;infeasible;infeasible;infeasible,0;0;0;0;0;0;0;0;0;0;0;0,infeasible;infeasible;infeasible;infeasible;infeasible;infeasible;infeasible;infeasible;infeasible;infeasible;infeasible;infeasible,infeasible;infeasible;infeasible;infeasible;infeasible;infeasible;infeasible;infeasible;infeasible;infeasible;infeasible;infeasible,0;1;2;3;4;5;6;7;8;9;10;11,STRUCTURAL_ZERO;STRUCTURAL_ZERO;STRUCTURAL_ZERO;STRUCTURAL_ZERO;STRUCTURAL_ZERO;STRUCTURAL_ZERO;STRUCTURAL_ZERO;STRUCTURAL_ZERO;STRUCTURAL_ZERO;STRUCTURAL_ZERO;STRUCTURAL_ZERO;STRUCTURAL_ZERO,12,0,0,,OK
red2_6800:668,,infeasible;infeasible;infeasible;infeasible;infeasible;infeasible;infeasible;infeasible;infeasible;infeasible;infeasible;infeasible,0;0;0;0;0;0;0;0;0;0;0;0,infeasible;infeasible;infeasible;infeasible;infeasible;infeasible;infeasible;infeasible;infeasible;infeasible;infeasible;infeasible,infeasible;infeasible;infeasible;infeasible;infeasible;infeasible;infeasible;infeasible;infeasible;infeasible;infeasible;infeasible,0;1;2;3;4;5;6;7;8;9;10;11,STRUCTURAL_ZERO;STRUCTURAL_ZERO;STRUCTURAL_ZERO;STRUCTURAL_ZERO;STRUCTURAL_ZERO;STRUCTURAL_ZERO;STRUCTURAL_ZERO;STRUCTURAL_ZERO;STRUCTURAL_ZERO;STRUCTURAL_ZERO;STRUCTURAL_ZERO;STRUCTURAL_ZERO,12,0,0,,OK
red2_6800:669,,infeasible;infeasible;infeasible;infeasible;infeasible;infeasible;infeasible;infeasible;infeasible;infeasible;infeasible;infeasible,0;0;0;0;0;0;0;0;0;0;0;0,infeasible;infeasible;infeasible;infeasible;infeasible;infeasible;infeasible;infeasible;infeasible;infeasible;infeasible;infeasible,infeasible;infeasible;infeasible;infeasible;infeasible;infeasible;infeasible;infeasible;infeasible;infeasible;infeasible;infeasible,0;1;2;3;4;5;6;7;8;9;10;11,STRUCTURAL_ZERO;STRUCTURAL_ZERO;STRUCTURAL_ZERO;STRUCTURAL_ZERO;STRUCTURAL_ZERO;STRUCTURAL_ZERO;STRUCTURAL_ZERO;STRUCTURAL_ZERO;STRUCTURAL_ZERO;STRUCTURAL_ZERO;STRUCTURAL_ZERO;STRUCTURAL_ZERO,12,0,0,,OK
red2_6800:670,,infeasible;infeasible;infeasible;infeasible;infeasible;infeasible;infeasible;infeasible;infeasible;infeasible;infeasible;infeasible,0;0;0;0;0;0;0;0;0;0;0;0,infeasible;infeasible;infeasible;infeasible;infeasible;infeasible;infeasible;infeasible;infeasible;infeasible;infeasible;infeasible,infeasible;infeasible;infeasible;infeasible;infeasible;infeasible;infeasible;infeasible;infeasible;infeasible;infeasible;infeasible,0;1;2;3;4;5;6;7;8;9;10;11,STRUCTURAL_ZERO;STRUCTURAL_ZERO;STRUCTURAL_ZERO;STRUCTURAL_ZERO;STRUCTURAL_ZERO;STRUCTURAL_ZERO;STRUCTURAL_ZERO;STRUCTURAL_ZERO;STRUCTURAL_ZERO;STRUCTURAL_ZERO;STRUCTURAL_ZERO;STRUCTURAL_ZERO,12,0,0,,OK
red2_6800:671,,infeasible;infeasible;infeasible;infeasible;infeasible;infeasible;infeasible;infeasible;infeasible;infeasible;infeasible;infeasible,0;0;0;0;0;0;0;0;0;0;0;0,infeasible;infeasible;infeasible;infeasible;infeasible;infeasible;infeasible;infeasible;infeasible;infeasible;infeasible;infeasible,infeasible;infeasible;infeasible;infeasible;infeasible;infeasible;infeasible;infeasible;infeasible;infeasible;infeasible;infeasible,0;1;2;3;4;5;6;7;8;9;10;11,STRUCTURAL_ZERO;STRUCTURAL_ZERO;STRUCTURAL_ZERO;STRUCTURAL_ZERO;STRUCTURAL_ZERO;STRUCTURAL_ZERO;STRUCTURAL_ZERO;STRUCTURAL_ZERO;STRUCTURAL_ZERO;STRUCTURAL_ZERO;STRUCTURAL_ZERO;STRUCTURAL_ZERO,12,0,0,,OK
red2_6800:672,,infeasible;infeasible;infeasible;infeasible;infeasible;infeasible;infeasible;infeasible;infeasible;infeasible;infeasible;infeasible,0;0;0;0;0;0;0;0;0;0;0;0,infeasible;infeasible;infeasible;infeasible;infeasible;infeasible;infeasible;infeasible;infeasible;infeasible;infeasible;infeasible,infeasible;infeasible;infeasible;infeasible;infeasible;infeasible;infeasible;infeasible;infeasible;infeasible;infeasible;infeasible,0;1;2;3;4;5;6;7;8;9;10;11,STRUCTURAL_ZERO;STRUCTURAL_ZERO;STRUCTURAL_ZERO;STRUCTURAL_ZERO;STRUCTURAL_ZERO;STRUCTURAL_ZERO;STRUCTURAL_ZERO;STRUCTURAL_ZERO;STRUCTURAL_ZERO;STRUCTURAL_ZERO;STRUCTURAL_ZERO;STRUCTURAL_ZERO,12,0,0,,OK
red2_6800:673,,infeasible;infeasible;infeasible;infeasible;infeasible;infeasible;infeasible;infeasible;infeasible;infeasible;infeasible;infeasible,0;0;0;0;0;0;0;0;0;0;0;0,infeasible;infeasible;infeasible;infeasible;infeasible;infeasible;infeasible;infeasible;infeasible;infeasible;infeasible;infeasible,infeasible;infeasible;infeasible;infeasible;infeasible;infeasible;infeasible;infeasible;infeasible;infeasible;infeasible;infeasible,0;1;2;3;4;5;6;7;8;9;10;11,STRUCTURAL_ZERO;STRUCTURAL_ZERO;STRUCTURAL_ZERO;STRUCTURAL_ZERO;STRUCTURAL_ZERO;STRUCTURAL_ZERO;STRUCTURAL_ZERO;STRUCTURAL_ZERO;STRUCTURAL_ZERO;STRUCTURAL_ZERO;STRUCTURAL_ZERO;STRUCTURAL_ZERO,12,0,0,,OK
red2_6800:674,,infeasible;infeasible;infeasible;infeasible;infeasible;infeasible;infeasible;infeasible;infeasible;infeasible;infeasible;infeasible,0;0;0;0;0;0;0;0;0;0;0;0,infeasible;infeasible;infeasible;infeasible;infeasible;infeasible;infeasible;infeasible;infeasible;infeasible;infeasible;infeasible,infeasible;infeasible;infeasible;infeasible;infeasible;infeasible;infeasible;infeasible;infeasible;infeasible;infeasible;infeasible,0;1;2;3;4;5;6;7;8;9;10;11,STRUCTURAL_ZERO;STRUCTURAL_ZERO;STRUCTURAL_ZERO;STRUCTURAL_ZERO;STRUCTURAL_ZERO;STRUCTURAL_ZERO;STRUCTURAL_ZERO;STRUCTURAL_ZERO;STRUCTURAL_ZERO;STRUCTURAL_ZERO;STRUCTURAL_ZERO;STRUCTURAL_ZERO,12,0,0,,OK
red2_6800:675,,infeasible;infeasible;infeasible;infeasible;infeasible;infeasible;infeasible;infeasible;infeasible;infeasible;infeasible;infeasible,0;0;0;0;0;0;0;0;0;0;0;0,infeasible;infeasible;infeasible;infeasible;infeasible;infeasible;infeasible;infeasible;infeasible;infeasible;infeasible;infeasible,infeasible;infeasible;infeasible;infeasible;infeasible;infeasible;infeasible;infeasible;infeasible;infeasible;infeasible;infeasible,0;1;2;3;4;5;6;7;8;9;10;11,STRUCTURAL_ZERO;STRUCTURAL_ZERO;STRUCTURAL_ZERO;STRUCTURAL_ZERO;STRUCTURAL_ZERO;STRUCTURAL_ZERO;STRUCTURAL_ZERO;STRUCTURAL_ZERO;STRUCTURAL_ZERO;STRUCTURAL_ZERO;STRUCTURAL_ZERO;STRUCTURAL_ZERO,12,0,0,,OK
red2_6800:676,,infeasible;infeasible;infeasible;infeasible;infeasible;infeasible;infeasible;infeasible;infeasible;infeasible;infeasible;infeasible,0;0;0;0;0;0;0;0;0;0;0;0,infeasible;infeasible;infeasible;infeasible;infeasible;infeasible;infeasible;infeasible;infeasible;infeasible;infeasible;infeasible,infeasible;infeasible;infeasible;infeasible;infeasible;infeasible;infeasible;infeasible;infeasible;infeasible;infeasible;infeasible,0;1;2;3;4;5;6;7;8;9;10;11,STRUCTURAL_ZERO;STRUCTURAL_ZERO;STRUCTURAL_ZERO;STRUCTURAL_ZERO;STRUCTURAL_ZERO;STRUCTURAL_ZERO;STRUCTURAL_ZERO;STRUCTURAL_ZERO;STRUCTURAL_ZERO;STRUCTURAL_ZERO;STRUCTURAL_ZERO;STRUCTURAL_ZERO,12,0,0,,OK
red2_6800:677,,infeasible;infeasible;infeasible;infeasible;infeasible;infeasible;infeasible;infeasible;infeasible;infeasible;infeasible;infeasible,0;0;0;0;0;0;0;0;0;0;0;0,infeasible;infeasible;infeasible;infeasible;infeasible;infeasible;infeasible;infeasible;infeasible;infeasible;infeasible;infeasible,infeasible;infeasible;infeasible;infeasible;infeasible;infeasible;infeasible;infeasible;infeasible;infeasible;infeasible;infeasible,0;1;2;3;4;5;6;7;8;9;10;11,STRUCTURAL_ZERO;STRUCTURAL_ZERO;STRUCTURAL_ZERO;STRUCTURAL_ZERO;STRUCTURAL_ZERO;STRUCTURAL_ZERO;STRUCTURAL_ZERO;STRUCTURAL_ZERO;STRUCTURAL_ZERO;STRUCTURAL_ZERO;STRUCTURAL_ZERO;STRUCTURAL_ZERO,12,0,0,,OK
red2_6800:678,,infeasible;infeasible;infeasible;infeasible;infeasible;infeasible;infeasible;infeasible;infeasible;infeasible;infeasible;infeasible,0;0;0;0;0;0;0;0;0;0;0;0,infeasible;infeasible;infeasible;infeasible;infeasible;infeasible;infeasible;infeasible;infeasible;infeasible;infeasible;infeasible,infeasible;infeasible;infeasible;infeasible;infeasible;infeasible;infeasible;infeasible;infeasible;infeasible;infeasible;infeasible,0;1;2;3;4;5;6;7;8;9;10;11,STRUCTURAL_ZERO;STRUCTURAL_ZERO;STRUCTURAL_ZERO;STRUCTURAL_ZERO;STRUCTURAL_ZERO;STRUCTURAL_ZERO;STRUCTURAL_ZERO;STRUCTURAL_ZERO;STRUCTURAL_ZERO;STRUCTURAL_ZERO;STRUCTURAL_ZERO;STRUCTURAL_ZERO,12,0,0,,OK
red2_6800:679,,infeasible;infeasible;infeasible;infeasible;infeasible;infeasible;infeasible;infeasible;infeasible;infeasible;infeasible;infeasible,0;0;0;0;0;0;0;0;0;0;0;0,infeasible;infeasible;infeasible;infeasible;infeasible;infeasible;infeasible;infeasible;infeasible;infeasible;infeasible;infeasible,infeasible;infeasible;infeasible;infeasible;infeasible;infeasible;infeasible;infeasible;infeasible;infeasible;infeasible;infeasible,0;1;2;3;4;5;6;7;8;9;10;11,STRUCTURAL_ZERO;STRUCTURAL_ZERO;STRUCTURAL_ZERO;STRUCTURAL_ZERO;STRUCTURAL_ZERO;STRUCTURAL_ZERO;STRUCTURAL_ZERO;STRUCTURAL_ZERO;STRUCTURAL_ZERO;STRUCTURAL_ZERO;STRUCTURAL_ZERO;STRUCTURAL_ZERO,12,0,0,,OK
red2_6800:680,,infeasible;infeasible;infeasible;infeasible;infeasible;infeasible;infeasible;infeasible;infeasible;infeasible;infeasible;infeasible,0;0;0;0;0;0;0;0;0;0;0;0,infeasible;infeasible;infeasible;infeasible;infeasible;infeasible;infeasible;infeasible;infeasible;infeasible;infeasible;infeasible,infeasible;infeasible;infeasible;infeasible;infeasible;infeasible;infeasible;infeasible;infeasible;infeasible;infeasible;infeasible,0;1;2;3;4;5;6;7;8;9;10;11,STRUCTURAL_ZERO;STRUCTURAL_ZERO;STRUCTURAL_ZERO;STRUCTURAL_ZERO;STRUCTURAL_ZERO;STRUCTURAL_ZERO;STRUCTURAL_ZERO;STRUCTURAL_ZERO;STRUCTURAL_ZERO;STRUCTURAL_ZERO;STRUCTURAL_ZERO;STRUCTURAL_ZERO,12,0,0,,OK
red2_6800:681,,infeasible;infeasible;infeasible;infeasible;infeasible;infeasible;infeasible;infeasible;infeasible;infeasible;infeasible;infeasible,0;0;0;0;0;0;0;0;0;0;0;0,infeasible;infeasible;infeasible;infeasible;infeasible;infeasible;infeasible;infeasible;infeasible;infeasible;infeasible;infeasible,infeasible;infeasible;infeasible;infeasible;infeasible;infeasible;infeasible;infeasible;infeasible;infeasible;infeasible;infeasible,0;1;2;3;4;5;6;7;8;9;10;11,STRUCTURAL_ZERO;STRUCTURAL_ZERO;STRUCTURAL_ZERO;STRUCTURAL_ZERO;STRUCTURAL_ZERO;STRUCTURAL_ZERO;STRUCTURAL_ZERO;STRUCTURAL_ZERO;STRUCTURAL_ZERO;STRUCTURAL_ZERO;STRUCTURAL_ZERO;STRUCTURAL_ZERO,12,0,0,,OK
red2_6800:682,,infeasible;infeasible;infeasible;infeasible;infeasible;infeasible;infeasible;infeasible;infeasible;infeasible;infeasible;infeasible,0;0;0;0;0;0;0;0;0;0;0;0,infeasible;infeasible;infeasible;infeasible;infeasible;infeasible;infeasible;infeasible;infeasible;infeasible;infeasible;infeasible,infeasible;infeasible;infeasible;infeasible;infeasible;infeasible;infeasible;infeasible;infeasible;infeasible;infeasible;infeasible,0;1;2;3;4;5;6;7;8;9;10;11,STRUCTURAL_ZERO;STRUCTURAL_ZERO;STRUCTURAL_ZERO;STRUCTURAL_ZERO;STRUCTURAL_ZERO;STRUCTURAL_ZERO;STRUCTURAL_ZERO;STRUCTURAL_ZERO;STRUCTURAL_ZERO;STRUCTURAL_ZERO;STRUCTURAL_ZERO;STRUCTURAL_ZERO,12,0,0,,OK
red2_6800:683,,infeasible;infeasible;infeasible;infeasible;infeasible;infeasible;infeasible;infeasible;infeasible;infeasible;infeasible;infeasible,0;0;0;0;0;0;0;0;0;0;0;0,infeasible;infeasible;infeasible;infeasible;infeasible;infeasible;infeasible;infeasible;infeasible;infeasible;infeasible;infeasible,infeasible;infeasible;infeasible;infeasible;infeasible;infeasible;infeasible;infeasible;infeasible;infeasible;infeasible;infeasible,0;1;2;3;4;5;6;7;8;9;10;11,STRUCTURAL_ZERO;STRUCTURAL_ZERO;STRUCTURAL_ZERO;STRUCTURAL_ZERO;STRUCTURAL_ZERO;STRUCTURAL_ZERO;STRUCTURAL_ZERO;STRUCTURAL_ZERO;STRUCTURAL_ZERO;STRUCTURAL_ZERO;STRUCTURAL_ZERO;STRUCTURAL_ZERO,12,0,0,,OK
red2_6800:684,,infeasible;infeasible;infeasible;infeasible;infeasible;infeasible;infeasible;infeasible;infeasible;infeasible;infeasible;infeasible,0;0;0;0;0;0;0;0;0;0;0;0,infeasible;infeasible;infeasible;infeasible;infeasible;infeasible;infeasible;infeasible;infeasible;infeasible;infeasible;infeasible,infeasible;infeasible;infeasible;infeasible;infeasible;infeasible;infeasible;infeasible;infeasible;infeasible;infeasible;infeasible,0;1;2;3;4;5;6;7;8;9;10;11,STRUCTURAL_ZERO;STRUCTURAL_ZERO;STRUCTURAL_ZERO;STRUCTURAL_ZERO;STRUCTURAL_ZERO;STRUCTURAL_ZERO;STRUCTURAL_ZERO;STRUCTURAL_ZERO;STRUCTURAL_ZERO;STRUCTURAL_ZERO;STRUCTURAL_ZERO;STRUCTURAL_ZERO,12,0,0,,OK
red2_6800:685,,infeasible;infeasible;infeasible;infeasible;infeasible;infeasible;infeasible;infeasible;infeasible;infeasible;infeasible;infeasible,0;0;0;0;0;0;0;0;0;0;0;0,infeasible;infeasible;infeasible;infeasible;infeasible;infeasible;infeasible;infeasible;infeasible;infeasible;infeasible;infeasible,infeasible;infeasible;infeasible;infeasible;infeasible;infeasible;infeasible;infeasible;infeasible;infeasible;infeasible;infeasible,0;1;2;3;4;5;6;7;8;9;10;11,STRUCTURAL_ZERO;STRUCTURAL_ZERO;STRUCTURAL_ZERO;STRUCTURAL_ZERO;STRUCTURAL_ZERO;STRUCTURAL_ZERO;STRUCTURAL_ZERO;STRUCTURAL_ZERO;STRUCTURAL_ZERO;STRUCTURAL_ZERO;STRUCTURAL_ZERO;STRUCTURAL_ZERO,12,0,0,,OK
red2_6800:686,,infeasible;infeasible;infeasible;infeasible;infeasible;infeasible;infeasible;infeasible;infeasible;infeasible;infeasible;infeasible,0;0;0;0;0;0;0;0;0;0;0;0,infeasible;infeasible;infeasible;infeasible;infeasible;infeasible;infeasible;infeasible;infeasible;infeasible;infeasible;infeasible,infeasible;infeasible;infeasible;infeasible;infeasible;infeasible;infeasible;infeasible;infeasible;infeasible;infeasible;infeasible,0;1;2;3;4;5;6;7;8;9;10;11,STRUCTURAL_ZERO;STRUCTURAL_ZERO;STRUCTURAL_ZERO;STRUCTURAL_ZERO;STRUCTURAL_ZERO;STRUCTURAL_ZERO;STRUCTURAL_ZERO;STRUCTURAL_ZERO;STRUCTURAL_ZERO;STRUCTURAL_ZERO;STRUCTURAL_ZERO;STRUCTURAL_ZERO,12,0,0,,OK
red2_6800:687,,infeasible;infeasible;infeasible;infeasible;infeasible;infeasible;infeasible;infeasible;infeasible;infeasible;infeasible;infeasible,0;0;0;0;0;0;0;0;0;0;0;0,infeasible;infeasible;infeasible;infeasible;infeasible;infeasible;infeasible;infeasible;infeasible;infeasible;infeasible;infeasible,infeasible;infeasible;infeasible;infeasible;infeasible;infeasible;infeasible;infeasible;infeasible;infeasible;infeasible;infeasible,0;1;2;3;4;5;6;7;8;9;10;11,STRUCTURAL_ZERO;STRUCTURAL_ZERO;STRUCTURAL_ZERO;STRUCTURAL_ZERO;STRUCTURAL_ZERO;STRUCTURAL_ZERO;STRUCTURAL_ZERO;STRUCTURAL_ZERO;STRUCTURAL_ZERO;STRUCTURAL_ZERO;STRUCTURAL_ZERO;STRUCTURAL_ZERO,12,0,0,,OK
red2_6800:688,,infeasible;infeasible;infeasible;infeasible;infeasible;infeasible;infeasible;infeasible;infeasible;infeasible;infeasible;infeasible,0;0;0;0;0;0;0;0;0;0;0;0,infeasible;infeasible;infeasible;infeasible;infeasible;infeasible;infeasible;infeasible;infeasible;infeasible;infeasible;infeasible,infeasible;infeasible;infeasible;infeasible;infeasible;infeasible;infeasible;infeasible;infeasible;infeasible;infeasible;infeasible,0;1;2;3;4;5;6;7;8;9;10;11,STRUCTURAL_ZERO;STRUCTURAL_ZERO;STRUCTURAL_ZERO;STRUCTURAL_ZERO;STRUCTURAL_ZERO;STRUCTURAL_ZERO;STRUCTURAL_ZERO;STRUCTURAL_ZERO;STRUCTURAL_ZERO;STRUCTURAL_ZERO;STRUCTURAL_ZERO;STRUCTURAL_ZERO,12,0,0,,OK
red2_6800:689,,infeasible;infeasible;infeasible;infeasible;infeasible;infeasible;infeasible;infeasible;infeasible;infeasible;infeasible;infeasible,0;0;0;0;0;0;0;0;0;0;0;0,infeasible;infeasible;infeasible;infeasible;infeasible;infeasible;infeasible;infeasible;infeasible;infeasible;infeasible;infeasible,infeasible;infeasible;infeasible;infeasible;infeasible;infeasible;infeasible;infeasible;infeasible;infeasible;infeasible;infeasible,0;1;2;3;4;5;6;7;8;9;10;11,STRUCTURAL_ZERO;STRUCTURAL_ZERO;STRUCTURAL_ZERO;STRUCTURAL_ZERO;STRUCTURAL_ZERO;STRUCTURAL_ZERO;STRUCTURAL_ZERO;STRUCTURAL_ZERO;STRUCTURAL_ZERO;STRUCTURAL_ZERO;STRUCTURAL_ZERO;STRUCTURAL_ZERO,12,0,0,,OK
red2_6800:690,,infeasible;optimal;optimal;optimal;optimal;optimal;optimal;optimal;optimal;optimal;optimal;optimal,0;0.06393;0.3846;0.6081;1.052;1.429;1.448;1.406;1.241;0.9834;0.7045;0.161,infeasible;optimal;optimal;optimal;optimal;optimal;optimal;optimal;optimal;optimal;optimal;optimal,infeasible;optimal;optimal;optimal;optimal;optimal;optimal;optimal;optimal;optimal;optimal;optimal,0,STRUCTURAL_ZERO,1,0,0,,OK
red2_6800:691,,infeasible;infeasible;infeasible;infeasible;infeasible;infeasible;infeasible;infeasible;infeasible;infeasible;infeasible;infeasible,0;0;0;0;0;0;0;0;0;0;0;0,infeasible;infeasible;infeasible;infeasible;infeasible;infeasible;infeasible;infeasible;infeasible;infeasible;infeasible;infeasible,infeasible;infeasible;infeasible;infeasible;infeasible;infeasible;infeasible;infeasible;infeasible;infeasible;infeasible;infeasible,0;1;2;3;4;5;6;7;8;9;10;11,STRUCTURAL_ZERO;STRUCTURAL_ZERO;STRUCTURAL_ZERO;STRUCTURAL_ZERO;STRUCTURAL_ZERO;STRUCTURAL_ZERO;STRUCTURAL_ZERO;STRUCTURAL_ZERO;STRUCTURAL_ZERO;STRUCTURAL_ZERO;STRUCTURAL_ZERO;STRUCTURAL_ZERO,12,0,0,,OK
red2_6800:692,,infeasible;infeasible;infeasible;infeasible;infeasible;infeasible;infeasible;infeasible;infeasible;infeasible;infeasible;infeasible,0;0;0;0;0;0;0;0;0;0;0;0,infeasible;infeasible;infeasible;infeasible;infeasible;infeasible;infeasible;infeasible;infeasible;infeasible;infeasible;infeasible,infeasible;infeasible;infeasible;infeasible;infeasible;infeasible;infeasible;infeasible;infeasible;infeasible;infeasible;infeasible,0;1;2;3;4;5;6;7;8;9;10;11,STRUCTURAL_ZERO;STRUCTURAL_ZERO;STRUCTURAL_ZERO;STRUCTURAL_ZERO;STRUCTURAL_ZERO;STRUCTURAL_ZERO;STRUCTURAL_ZERO;STRUCTURAL_ZERO;STRUCTURAL_ZERO;STRUCTURAL_ZERO;STRUCTURAL_ZERO;STRUCTURAL_ZERO,12,0,0,,OK
red2_6800:693,,infeasible;infeasible;infeasible;infeasible;infeasible;infeasible;infeasible;infeasible;infeasible;infeasible;infeasible;infeasible,0;0;0;0;0;0;0;0;0;0;0;0,infeasible;infeasible;infeasible;infeasible;infeasible;infeasible;infeasible;infeasible;infeasible;infeasible;infeasible;infeasible,infeasible;infeasible;infeasible;infeasible;infeasible;infeasible;infeasible;infeasible;infeasible;infeasible;infeasible;infeasible,0;1;2;3;4;5;6;7;8;9;10;11,STRUCTURAL_ZERO;STRUCTURAL_ZERO;STRUCTURAL_ZERO;STRUCTURAL_ZERO;STRUCTURAL_ZERO;STRUCTURAL_ZERO;STRUCTURAL_ZERO;STRUCTURAL_ZERO;STRUCTURAL_ZERO;STRUCTURAL_ZERO;STRUCTURAL_ZERO;STRUCTURAL_ZERO,12,0,0,,OK
red2_6800:694,,infeasible;infeasible;infeasible;infeasible;infeasible;infeasible;infeasible;infeasible;infeasible;infeasible;infeasible;infeasible,0;0;0;0;0;0;0;0;0;0;0;0,infeasible;infeasible;infeasible;infeasible;infeasible;infeasible;infeasible;infeasible;infeasible;infeasible;infeasible;infeasible,infeasible;infeasible;infeasible;infeasible;infeasible;infeasible;infeasible;infeasible;infeasible;infeasible;infeasible;infeasible,0;1;2;3;4;5;6;7;8;9;10;11,STRUCTURAL_ZERO;STRUCTURAL_ZERO;STRUCTURAL_ZERO;STRUCTURAL_ZERO;STRUCTURAL_ZERO;STRUCTURAL_ZERO;STRUCTURAL_ZERO;STRUCTURAL_ZERO;STRUCTURAL_ZERO;STRUCTURAL_ZERO;STRUCTURAL_ZERO;STRUCTURAL_ZERO,12,0,0,,OK
red2_6800:695,,infeasible;infeasible;infeasible;infeasible;infeasible;infeasible;infeasible;infeasible;infeasible;infeasible;infeasible;infeasible,0;0;0;0;0;0;0;0;0;0;0;0,infeasible;infeasible;infeasible;infeasible;infeasible;infeasible;infeasible;infeasible;infeasible;infeasible;infeasible;infeasible,infeasible;infeasible;infeasible;infeasible;infeasible;infeasible;infeasible;infeasible;infeasible;infeasible;infeasible;infeasible,0;1;2;3;4;5;6;7;8;9;10;11,STRUCTURAL_ZERO;STRUCTURAL_ZERO;STRUCTURAL_ZERO;STRUCTURAL_ZERO;STRUCTURAL_ZERO;STRUCTURAL_ZERO;STRUCTURAL_ZERO;STRUCTURAL_ZERO;STRUCTURAL_ZERO;STRUCTURAL_ZERO;STRUCTURAL_ZERO;STRUCTURAL_ZERO,12,0,0,,OK
red2_6800:696,,infeasible;infeasible;infeasible;infeasible;infeasible;infeasible;infeasible;infeasible;infeasible;infeasible;infeasible;infeasible,0;0;0;0;0;0;0;0;0;0;0;0,infeasible;infeasible;infeasible;infeasible;infeasible;infeasible;infeasible;infeasible;infeasible;infeasible;infeasible;infeasible,infeasible;infeasible;infeasible;infeasible;infeasible;infeasible;infeasible;infeasible;infeasible;infeasible;infeasible;infeasible,0;1;2;3;4;5;6;7;8;9;10;11,STRUCTURAL_ZERO;STRUCTURAL_ZERO;STRUCTURAL_ZERO;STRUCTURAL_ZERO;STRUCTURAL_ZERO;STRUCTURAL_ZERO;STRUCTURAL_ZERO;STRUCTURAL_ZERO;STRUCTURAL_ZERO;STRUCTURAL_ZERO;STRUCTURAL_ZERO;STRUCTURAL_ZERO,12,0,0,,OK
red2_6800:697,,infeasible;infeasible;infeasible;infeasible;infeasible;infeasible;infeasible;infeasible;infeasible;infeasible;infeasible;infeasible,0;0;0;0;0;0;0;0;0;0;0;0,infeasible;infeasible;infeasible;infeasible;infeasible;infeasible;infeasible;infeasible;infeasible;infeasible;infeasible;infeasible,infeasible;infeasible;infeasible;infeasible;infeasible;infeasible;infeasible;infeasible;infeasible;infeasible;infeasible;infeasible,0;1;2;3;4;5;6;7;8;9;10;11,STRUCTURAL_ZERO;STRUCTURAL_ZERO;STRUCTURAL_ZERO;STRUCTURAL_ZERO;STRUCTURAL_ZERO;STRUCTURAL_ZERO;STRUCTURAL_ZERO;STRUCTURAL_ZERO;STRUCTURAL_ZERO;STRUCTURAL_ZERO;STRUCTURAL_ZERO;STRUCTURAL_ZERO,12,0,0,,OK
red2_6800:698,,infeasible;infeasible;infeasible;infeasible;infeasible;infeasible;infeasible;infeasible;infeasible;infeasible;infeasible;infeasible,0;0;0;0;0;0;0;0;0;0;0;0,infeasible;infeasible;infeasible;infeasible;infeasible;infeasible;infeasible;infeasible;infeasible;infeasible;infeasible;infeasible,infeasible;infeasible;infeasible;infeasible;infeasible;infeasible;infeasible;infeasible;infeasible;infeasible;infeasible;infeasible,0;1;2;3;4;5;6;7;8;9;10;11,STRUCTURAL_ZERO;STRUCTURAL_ZERO;STRUCTURAL_ZERO;STRUCTURAL_ZERO;STRUCTURAL_ZERO;STRUCTURAL_ZERO;STRUCTURAL_ZERO;STRUCTURAL_ZERO;STRUCTURAL_ZERO;STRUCTURAL_ZERO;STRUCTURAL_ZERO;STRUCTURAL_ZERO,12,0,0,,OK
red2_6800:699,,infeasible;infeasible;infeasible;infeasible;infeasible;infeasible;infeasible;infeasible;infeasible;infeasible;infeasible;infeasible,0;0;0;0;0;0;0;0;0;0;0;0,infeasible;infeasible;infeasible;infeasible;infeasible;infeasible;infeasible;infeasible;infeasible;infeasible;infeasible;infeasible,infeasible;infeasible;infeasible;infeasible;infeasible;infeasible;infeasible;infeasible;infeasible;infeasible;infeasible;infeasible,0;1;2;3;4;5;6;7;8;9;10;11,STRUCTURAL_ZERO;STRUCTURAL_ZERO;STRUCTURAL_ZERO;STRUCTURAL_ZERO;STRUCTURAL_ZERO;STRUCTURAL_ZERO;STRUCTURAL_ZERO;STRUCTURAL_ZERO;STRUCTURAL_ZERO;STRUCTURAL_ZERO;STRUCTURAL_ZERO;STRUCTURAL_ZERO,12,0,0,,OK
red2_6800:700,,infeasible;infeasible;infeasible;infeasible;infeasible;infeasible;infeasible;infeasible;infeasible;infeasible;infeasible;infeasible,0;0;0;0;0;0;0;0;0;0;0;0,infeasible;infeasible;infeasible;infeasible;infeasible;infeasible;infeasible;infeasible;infeasible;infeasible;infeasible;infeasible,infeasible;infeasible;infeasible;infeasible;infeasible;infeasible;infeasible;infeasible;infeasible;infeasible;infeasible;infeasible,0;1;2;3;4;5;6;7;8;9;10;11,STRUCTURAL_ZERO;STRUCTURAL_ZERO;STRUCTURAL_ZERO;STRUCTURAL_ZERO;STRUCTURAL_ZERO;STRUCTURAL_ZERO;STRUCTURAL_ZERO;STRUCTURAL_ZERO;STRUCTURAL_ZERO;STRUCTURAL_ZERO;STRUCTURAL_ZERO;STRUCTURAL_ZERO,12,0,0,,OK
red2_6800:701,,infeasible;infeasible;infeasible;infeasible;infeasible;infeasible;infeasible;infeasible;infeasible;infeasible;infeasible;infeasible,0;0;0;0;0;0;0;0;0;0;0;0,infeasible;infeasible;infeasible;infeasible;infeasible;infeasible;infeasible;infeasible;infeasible;infeasible;infeasible;infeasible,infeasible;infeasible;infeasible;infeasible;infeasible;infeasible;infeasible;infeasible;infeasible;infeasible;infeasible;infeasible,0;1;2;3;4;5;6;7;8;9;10;11,STRUCTURAL_ZERO;STRUCTURAL_ZERO;STRUCTURAL_ZERO;STRUCTURAL_ZERO;STRUCTURAL_ZERO;STRUCTURAL_ZERO;STRUCTURAL_ZERO;STRUCTURAL_ZERO;STRUCTURAL_ZERO;STRUCTURAL_ZERO;STRUCTURAL_ZERO;STRUCTURAL_ZERO,12,0,0,,OK
red2_6800:702,,infeasible;infeasible;infeasible;infeasible;infeasible;infeasible;infeasible;infeasible;infeasible;infeasible;infeasible;infeasible,0;0;0;0;0;0;0;0;0;0;0;0,infeasible;infeasible;infeasible;infeasible;infeasible;infeasible;infeasible;infeasible;infeasible;infeasible;infeasible;infeasible,infeasible;infeasible;infeasible;infeasible;infeasible;infeasible;infeasible;infeasible;infeasible;infeasible;infeasible;infeasible,0;1;2;3;4;5;6;7;8;9;10;11,STRUCTURAL_ZERO;STRUCTURAL_ZERO;STRUCTURAL_ZERO;STRUCTURAL_ZERO;STRUCTURAL_ZERO;STRUCTURAL_ZERO;STRUCTURAL_ZERO;STRUCTURAL_ZERO;STRUCTURAL_ZERO;STRUCTURAL_ZERO;STRUCTURAL_ZERO;STRUCTURAL_ZERO,12,0,0,,OK
red2_6800:703,,infeasible;infeasible;infeasible;infeasible;infeasible;infeasible;infeasible;infeasible;infeasible;infeasible;infeasible;infeasible,0;0;0;0;0;0;0;0;0;0;0;0,infeasible;infeasible;infeasible;infeasible;infeasible;infeasible;infeasible;infeasible;infeasible;infeasible;infeasible;infeasible,infeasible;infeasible;infeasible;infeasible;infeasible;infeasible;infeasible;infeasible;infeasible;infeasible;infeasible;infeasible,0;1;2;3;4;5;6;7;8;9;10;11,STRUCTURAL_ZERO;STRUCTURAL_ZERO;STRUCTURAL_ZERO;STRUCTURAL_ZERO;STRUCTURAL_ZERO;STRUCTURAL_ZERO;STRUCTURAL_ZERO;STRUCTURAL_ZERO;STRUCTURAL_ZERO;STRUCTURAL_ZERO;STRUCTURAL_ZERO;STRUCTURAL_ZERO,12,0,0,,OK
red2_6800:704,,infeasible;infeasible;infeasible;infeasible;infeasible;infeasible;infeasible;infeasible;infeasible;infeasible;infeasible;infeasible,0;0;0;0;0;0;0;0;0;0;0;0,infeasible;infeasible;infeasible;infeasible;infeasible;infeasible;infeasible;infeasible;infeasible;infeasible;infeasible;infeasible,infeasible;infeasible;infeasible;infeasible;infeasible;infeasible;infeasible;infeasible;infeasible;infeasible;infeasible;infeasible,0;1;2;3;4;5;6;7;8;9;10;11,STRUCTURAL_ZERO;STRUCTURAL_ZERO;STRUCTURAL_ZERO;STRUCTURAL_ZERO;STRUCTURAL_ZERO;STRUCTURAL_ZERO;STRUCTURAL_ZERO;STRUCTURAL_ZERO;STRUCTURAL_ZERO;STRUCTURAL_ZERO;STRUCTURAL_ZERO;STRUCTURAL_ZERO,12,0,0,,OK
red2_6800:705,,infeasible;infeasible;infeasible;infeasible;infeasible;infeasible;infeasible;infeasible;infeasible;infeasible;infeasible;infeasible,0;0;0;0;0;0;0;0;0;0;0;0,infeasible;infeasible;infeasible;infeasible;infeasible;infeasible;infeasible;infeasible;infeasible;infeasible;infeasible;infeasible,infeasible;infeasible;infeasible;infeasible;infeasible;infeasible;infeasible;infeasible;infeasible;infeasible;infeasible;infeasible,0;1;2;3;4;5;6;7;8;9;10;11,STRUCTURAL_ZERO;STRUCTURAL_ZERO;STRUCTURAL_ZERO;STRUCTURAL_ZERO;STRUCTURAL_ZERO;STRUCTURAL_ZERO;STRUCTURAL_ZERO;STRUCTURAL_ZERO;STRUCTURAL_ZERO;STRUCTURAL_ZERO;STRUCTURAL_ZERO;STRUCTURAL_ZERO,12,0,0,,OK
red2_6800:706,,infeasible;infeasible;infeasible;infeasible;infeasible;infeasible;infeasible;infeasible;infeasible;infeasible;infeasible;infeasible,0;0;0;0;0;0;0;0;0;0;0;0,infeasible;infeasible;infeasible;infeasible;infeasible;infeasible;infeasible;infeasible;infeasible;infeasible;infeasible;infeasible,infeasible;infeasible;infeasible;infeasible;infeasible;infeasible;infeasible;infeasible;infeasible;infeasible;infeasible;infeasible,0;1;2;3;4;5;6;7;8;9;10;11,STRUCTURAL_ZERO;STRUCTURAL_ZERO;STRUCTURAL_ZERO;STRUCTURAL_ZERO;STRUCTURAL_ZERO;STRUCTURAL_ZERO;STRUCTURAL_ZERO;STRUCTURAL_ZERO;STRUCTURAL_ZERO;STRUCTURAL_ZERO;STRUCTURAL_ZERO;STRUCTURAL_ZERO,12,0,0,,OK
red2_6800:707,,infeasible;infeasible;infeasible;infeasible;infeasible;infeasible;infeasible;infeasible;infeasible;infeasible;infeasible;infeasible,0;0;0;0;0;0;0;0;0;0;0;0,infeasible;infeasible;infeasible;infeasible;infeasible;infeasible;infeasible;infeasible;infeasible;infeasible;infeasible;infeasible,infeasible;infeasible;infeasible;infeasible;infeasible;infeasible;infeasible;infeasible;infeasible;infeasible;infeasible;infeasible,0;1;2;3;4;5;6;7;8;9;10;11,STRUCTURAL_ZERO;STRUCTURAL_ZERO;STRUCTURAL_ZERO;STRUCTURAL_ZERO;STRUCTURAL_ZERO;STRUCTURAL_ZERO;STRUCTURAL_ZERO;STRUCTURAL_ZERO;STRUCTURAL_ZERO;STRUCTURAL_ZERO;STRUCTURAL_ZERO;STRUCTURAL_ZERO,12,0,0,,OK
red2_6800:708,,infeasible;infeasible;infeasible;infeasible;infeasible;infeasible;infeasible;infeasible;infeasible;infeasible;infeasible;infeasible,0;0;0;0;0;0;0;0;0;0;0;0,infeasible;infeasible;infeasible;infeasible;infeasible;infeasible;infeasible;infeasible;infeasible;infeasible;infeasible;infeasible,infeasible;infeasible;infeasible;infeasible;infeasible;infeasible;infeasible;infeasible;infeasible;infeasible;infeasible;infeasible,0;1;2;3;4;5;6;7;8;9;10;11,STRUCTURAL_ZERO;STRUCTURAL_ZERO;STRUCTURAL_ZERO;STRUCTURAL_ZERO;STRUCTURAL_ZERO;STRUCTURAL_ZERO;STRUCTURAL_ZERO;STRUCTURAL_ZERO;STRUCTURAL_ZERO;STRUCTURAL_ZERO;STRUCTURAL_ZERO;STRUCTURAL_ZERO,12,0,0,,OK
red2_6800:709,,infeasible;infeasible;infeasible;infeasible;infeasible;infeasible;infeasible;infeasible;infeasible;infeasible;infeasible;infeasible,0;0;0;0;0;0;0;0;0;0;0;0,infeasible;infeasible;infeasible;infeasible;infeasible;infeasible;infeasible;infeasible;infeasible;infeasible;infeasible;infeasible,infeasible;infeasible;infeasible;infeasible;infeasible;infeasible;infeasible;infeasible;infeasible;infeasible;infeasible;infeasible,0;1;2;3;4;5;6;7;8;9;10;11,STRUCTURAL_ZERO;STRUCTURAL_ZERO;STRUCTURAL_ZERO;STRUCTURAL_ZERO;STRUCTURAL_ZERO;STRUCTURAL_ZERO;STRUCTURAL_ZERO;STRUCTURAL_ZERO;STRUCTURAL_ZERO;STRUCTURAL_ZERO;STRUCTURAL_ZERO;STRUCTURAL_ZERO,12,0,0,,OK
red2_6800:710,,infeasible;infeasible;infeasible;infeasible;infeasible;infeasible;infeasible;infeasible;infeasible;infeasible;infeasible;infeasible,0;0;0;0;0;0;0;0;0;0;0;0,infeasible;infeasible;infeasible;infeasible;infeasible;infeasible;infeasible;infeasible;infeasible;infeasible;infeasible;infeasible,infeasible;infeasible;infeasible;infeasible;infeasible;infeasible;infeasible;infeasible;infeasible;infeasible;infeasible;infeasible,0;1;2;3;4;5;6;7;8;9;10;11,STRUCTURAL_ZERO;STRUCTURAL_ZERO;STRUCTURAL_ZERO;STRUCTURAL_ZERO;STRUCTURAL_ZERO;STRUCTURAL_ZERO;STRUCTURAL_ZERO;STRUCTURAL_ZERO;STRUCTURAL_ZERO;STRUCTURAL_ZERO;STRUCTURAL_ZERO;STRUCTURAL_ZERO,12,0,0,,OK
red2_6800:711,,infeasible;infeasible;infeasible;infeasible;infeasible;infeasible;infeasible;infeasible;infeasible;infeasible;infeasible;infeasible,0;0;0;0;0;0;0;0;0;0;0;0,infeasible;infeasible;infeasible;infeasible;infeasible;infeasible;infeasible;infeasible;infeasible;infeasible;infeasible;infeasible,infeasible;infeasible;infeasible;infeasible;infeasible;infeasible;infeasible;infeasible;infeasible;infeasible;infeasible;infeasible,0;1;2;3;4;5;6;7;8;9;10;11,STRUCTURAL_ZERO;STRUCTURAL_ZERO;STRUCTURAL_ZERO;STRUCTURAL_ZERO;STRUCTURAL_ZERO;STRUCTURAL_ZERO;STRUCTURAL_ZERO;STRUCTURAL_ZERO;STRUCTURAL_ZERO;STRUCTURAL_ZERO;STRUCTURAL_ZERO;STRUCTURAL_ZERO,12,0,0,,OK
red2_6800:712,,infeasible;infeasible;infeasible;infeasible;infeasible;infeasible;infeasible;infeasible;infeasible;infeasible;infeasible;infeasible,0;0;0;0;0;0;0;0;0;0;0;0,infeasible;infeasible;infeasible;infeasible;infeasible;infeasible;infeasible;infeasible;infeasible;infeasible;infeasible;infeasible,infeasible;infeasible;infeasible;infeasible;infeasible;infeasible;infeasible;infeasible;infeasible;infeasible;infeasible;infeasible,0;1;2;3;4;5;6;7;8;9;10;11,STRUCTURAL_ZERO;STRUCTURAL_ZERO;STRUCTURAL_ZERO;STRUCTURAL_ZERO;STRUCTURAL_ZERO;STRUCTURAL_ZERO;STRUCTURAL_ZERO;STRUCTURAL_ZERO;STRUCTURAL_ZERO;STRUCTURAL_ZERO;STRUCTURAL_ZERO;STRUCTURAL_ZERO,12,0,0,,OK
red2_6800:713,,infeasible;infeasible;infeasible;infeasible;infeasible;infeasible;infeasible;infeasible;infeasible;infeasible;infeasible;infeasible,0;0;0;0;0;0;0;0;0;0;0;0,infeasible;infeasible;infeasible;infeasible;infeasible;infeasible;infeasible;infeasible;infeasible;infeasible;infeasible;infeasible,infeasible;infeasible;infeasible;infeasible;infeasible;infeasible;infeasible;infeasible;infeasible;infeasible;infeasible;infeasible,0;1;2;3;4;5;6;7;8;9;10;11,STRUCTURAL_ZERO;STRUCTURAL_ZERO;STRUCTURAL_ZERO;STRUCTURAL_ZERO;STRUCTURAL_ZERO;STRUCTURAL_ZERO;STRUCTURAL_ZERO;STRUCTURAL_ZERO;STRUCTURAL_ZERO;STRUCTURAL_ZERO;STRUCTURAL_ZERO;STRUCTURAL_ZERO,12,0,0,,OK
red2_6800:714,,infeasible;optimal;optimal;optimal;optimal;optimal;optimal;optimal;optimal;optimal;optimal;optimal,0;0.1056;0.4843;0.7289;1.159;1.464;1.482;1.427;1.263;1.036;0.7693;0.2486,infeasible;optimal;optimal;optimal;optimal;optimal;optimal;optimal;optimal;optimal;optimal;optimal,infeasible;optimal;optimal;optimal;optimal;optimal;optimal;optimal;optimal;optimal;optimal;optimal,0,STRUCTURAL_ZERO,1,0,0,,OK
red2_6800:715,,infeasible;infeasible;infeasible;infeasible;infeasible;infeasible;infeasible;infeasible;infeasible;infeasible;infeasible;infeasible,0;0;0;0;0;0;0;0;0;0;0;0,infeasible;infeasible;infeasible;infeasible;infeasible;infeasible;infeasible;infeasible;infeasible;infeasible;infeasible;infeasible,infeasible;infeasible;infeasible;infeasible;infeasible;infeasible;infeasible;infeasible;infeasible;infeasible;infeasible;infeasible,0;1;2;3;4;5;6;7;8;9;10;11,STRUCTURAL_ZERO;STRUCTURAL_ZERO;STRUCTURAL_ZERO;STRUCTURAL_ZERO;STRUCTURAL_ZERO;STRUCTURAL_ZERO;STRUCTURAL_ZERO;STRUCTURAL_ZERO;STRUCTURAL_ZERO;STRUCTURAL_ZERO;STRUCTURAL_ZERO;STRUCTURAL_ZERO,12,0,0,,OK
red2_6800:716,,infeasible;infeasible;infeasible;infeasible;infeasible;infeasible;infeasible;infeasible;infeasible;infeasible;infeasible;infeasible,0;0;0;0;0;0;0;0;0;0;0;0,infeasible;infeasible;infeasible;infeasible;infeasible;infeasible;infeasible;infeasible;infeasible;infeasible;infeasible;infeasible,infeasible;infeasible;infeasible;infeasible;infeasible;infeasible;infeasible;infeasible;infeasible;infeasible;infeasible;infeasible,0;1;2;3;4;5;6;7;8;9;10;11,STRUCTURAL_ZERO;STRUCTURAL_ZERO;STRUCTURAL_ZERO;STRUCTURAL_ZERO;STRUCTURAL_ZERO;STRUCTURAL_ZERO;STRUCTURAL_ZERO;STRUCTURAL_ZERO;STRUCTURAL_ZERO;STRUCTURAL_ZERO;STRUCTURAL_ZERO;STRUCTURAL_ZERO,12,0,0,,OK
red2_6800:717,,infeasible;infeasible;infeasible;infeasible;infeasible;infeasible;infeasible;infeasible;infeasible;infeasible;infeasible;infeasible,0;0;0;0;0;0;0;0;0;0;0;0,infeasible;infeasible;infeasible;infeasible;infeasible;infeasible;infeasible;infeasible;infeasible;infeasible;infeasible;infeasible,infeasible;infeasible;infeasible;infeasible;infeasible;infeasible;infeasible;infeasible;infeasible;infeasible;infeasible;infeasible,0;1;2;3;4;5;6;7;8;9;10;11,STRUCTURAL_ZERO;STRUCTURAL_ZERO;STRUCTURAL_ZERO;STRUCTURAL_ZERO;STRUCTURAL_ZERO;STRUCTURAL_ZERO;STRUCTURAL_ZERO;STRUCTURAL_ZERO;STRUCTURAL_ZERO;STRUCTURAL_ZERO;STRUCTURAL_ZERO;STRUCTURAL_ZERO,12,0,0,,OK
red2_6800:718,,infeasible;infeasible;infeasible;infeasible;infeasible;infeasible;infeasible;infeasible;infeasible;infeasible;infeasible;infeasible,0;0;0;0;0;0;0;0;0;0;0;0,infeasible;infeasible;infeasible;infeasible;infeasible;infeasible;infeasible;infeasible;infeasible;infeasible;infeasible;infeasible,infeasible;infeasible;infeasible;infeasible;infeasible;infeasible;infeasible;infeasible;infeasible;infeasible;infeasible;infeasible,0;1;2;3;4;5;6;7;8;9;10;11,STRUCTURAL_ZERO;STRUCTURAL_ZERO;STRUCTURAL_ZERO;STRUCTURAL_ZERO;STRUCTURAL_ZERO;STRUCTURAL_ZERO;STRUCTURAL_ZERO;STRUCTURAL_ZERO;STRUCTURAL_ZERO;STRUCTURAL_ZERO;STRUCTURAL_ZERO;STRUCTURAL_ZERO,12,0,0,,OK
red2_6800:719,,infeasible;infeasible;infeasible;infeasible;infeasible;infeasible;infeasible;infeasible;infeasible;infeasible;infeasible;infeasible,0;0;0;0;0;0;0;0;0;0;0;0,infeasible;infeasible;infeasible;infeasible;infeasible;infeasible;infeasible;infeasible;infeasible;infeasible;infeasible;infeasible,infeasible;infeasible;infeasible;infeasible;infeasible;infeasible;infeasible;infeasible;infeasible;infeasible;infeasible;infeasible,0;1;2;3;4;5;6;7;8;9;10;11,STRUCTURAL_ZERO;STRUCTURAL_ZERO;STRUCTURAL_ZERO;STRUCTURAL_ZERO;STRUCTURAL_ZERO;STRUCTURAL_ZERO;STRUCTURAL_ZERO;STRUCTURAL_ZERO;STRUCTURAL_ZERO;STRUCTURAL_ZERO;STRUCTURAL_ZERO;STRUCTURAL_ZERO,12,0,0,,OK
red2_6800:720,,infeasible;infeasible;infeasible;infeasible;infeasible;infeasible;infeasible;infeasible;infeasible;infeasible;infeasible;infeasible,0;0;0;0;0;0;0;0;0;0;0;0,infeasible;infeasible;infeasible;infeasible;infeasible;infeasible;infeasible;infeasible;infeasible;infeasible;infeasible;infeasible,infeasible;infeasible;infeasible;infeasible;infeasible;infeasible;infeasible;infeasible;infeasible;infeasible;infeasible;infeasible,0;1;2;3;4;5;6;7;8;9;10;11,STRUCTURAL_ZERO;STRUCTURAL_ZERO;STRUCTURAL_ZERO;STRUCTURAL_ZERO;STRUCTURAL_ZERO;STRUCTURAL_ZERO;STRUCTURAL_ZERO;STRUCTURAL_ZERO;STRUCTURAL_ZERO;STRUCTURAL_ZERO;STRUCTURAL_ZERO;STRUCTURAL_ZERO,12,0,0,,OK
red2_6800:721,,infeasible;infeasible;infeasible;infeasible;infeasible;infeasible;infeasible;infeasible;infeasible;infeasible;infeasible;infeasible,0;0;0;0;0;0;0;0;0;0;0;0,infeasible;infeasible;infeasible;infeasible;infeasible;infeasible;infeasible;infeasible;infeasible;infeasible;infeasible;infeasible,infeasible;infeasible;infeasible;infeasible;infeasible;infeasible;infeasible;infeasible;infeasible;infeasible;infeasible;infeasible,0;1;2;3;4;5;6;7;8;9;10;11,STRUCTURAL_ZERO;STRUCTURAL_ZERO;STRUCTURAL_ZERO;STRUCTURAL_ZERO;STRUCTURAL_ZERO;STRUCTURAL_ZERO;STRUCTURAL_ZERO;STRUCTURAL_ZERO;STRUCTURAL_ZERO;STRUCTURAL_ZERO;STRUCTURAL_ZERO;STRUCTURAL_ZERO,12,0,0,,OK
red2_6800:722,,infeasible;infeasible;infeasible;infeasible;infeasible;infeasible;infeasible;infeasible;infeasible;infeasible;infeasible;infeasible,0;0;0;0;0;0;0;0;0;0;0;0,infeasible;infeasible;infeasible;infeasible;infeasible;infeasible;infeasible;infeasible;infeasible;infeasible;infeasible;infeasible,infeasible;infeasible;infeasible;infeasible;infeasible;infeasible;infeasible;infeasible;infeasible;infeasible;infeasible;infeasible,0;1;2;3;4;5;6;7;8;9;10;11,STRUCTURAL_ZERO;STRUCTURAL_ZERO;STRUCTURAL_ZERO;STRUCTURAL_ZERO;STRUCTURAL_ZERO;STRUCTURAL_ZERO;STRUCTURAL_ZERO;STRUCTURAL_ZERO;STRUCTURAL_ZERO;STRUCTURAL_ZERO;STRUCTURAL_ZERO;STRUCTURAL_ZERO,12,0,0,,OK
red2_6800:723,,infeasible;infeasible;infeasible;infeasible;infeasible;infeasible;infeasible;infeasible;infeasible;infeasible;infeasible;infeasible,0;0;0;0;0;0;0;0;0;0;0;0,infeasible;infeasible;infeasible;infeasible;infeasible;infeasible;infeasible;infeasible;infeasible;infeasible;infeasible;infeasible,infeasible;infeasible;infeasible;infeasible;infeasible;infeasible;infeasible;infeasible;infeasible;infeasible;infeasible;infeasible,0;1;2;3;4;5;6;7;8;9;10;11,STRUCTURAL_ZERO;STRUCTURAL_ZERO;STRUCTURAL_ZERO;STRUCTURAL_ZERO;STRUCTURAL_ZERO;STRUCTURAL_ZERO;STRUCTURAL_ZERO;STRUCTURAL_ZERO;STRUCTURAL_ZERO;STRUCTURAL_ZERO;STRUCTURAL_ZERO;STRUCTURAL_ZERO,12,0,0,,OK
red2_6800:724,,infeasible;infeasible;infeasible;infeasible;infeasible;infeasible;infeasible;infeasible;infeasible;infeasible;infeasible;infeasible,0;0;0;0;0;0;0;0;0;0;0;0,infeasible;infeasible;infeasible;infeasible;infeasible;infeasible;infeasible;infeasible;infeasible;infeasible;infeasible;infeasible,infeasible;infeasible;infeasible;infeasible;infeasible;infeasible;infeasible;infeasible;infeasible;infeasible;infeasible;infeasible,0;1;2;3;4;5;6;7;8;9;10;11,STRUCTURAL_ZERO;STRUCTURAL_ZERO;STRUCTURAL_ZERO;STRUCTURAL_ZERO;STRUCTURAL_ZERO;STRUCTURAL_ZERO;STRUCTURAL_ZERO;STRUCTURAL_ZERO;STRUCTURAL_ZERO;STRUCTURAL_ZERO;STRUCTURAL_ZERO;STRUCTURAL_ZERO,12,0,0,,OK
red2_6800:725,,infeasible;infeasible;infeasible;infeasible;infeasible;infeasible;infeasible;infeasible;infeasible;infeasible;infeasible;infeasible,0;0;0;0;0;0;0;0;0;0;0;0,infeasible;infeasible;infeasible;infeasible;infeasible;infeasible;infeasible;infeasible;infeasible;infeasible;infeasible;infeasible,infeasible;infeasible;infeasible;infeasible;infeasible;infeasible;infeasible;infeasible;infeasible;infeasible;infeasible;infeasible,0;1;2;3;4;5;6;7;8;9;10;11,STRUCTURAL_ZERO;STRUCTURAL_ZERO;STRUCTURAL_ZERO;STRUCTURAL_ZERO;STRUCTURAL_ZERO;STRUCTURAL_ZERO;STRUCTURAL_ZERO;STRUCTURAL_ZERO;STRUCTURAL_ZERO;STRUCTURAL_ZERO;STRUCTURAL_ZERO;STRUCTURAL_ZERO,12,0,0,,OK
red2_6800:726,,infeasible;infeasible;infeasible;infeasible;infeasible;infeasible;infeasible;infeasible;infeasible;infeasible;infeasible;infeasible,0;0;0;0;0;0;0;0;0;0;0;0,infeasible;infeasible;infeasible;infeasible;infeasible;infeasible;infeasible;infeasible;infeasible;infeasible;infeasible;infeasible,infeasible;infeasible;infeasible;infeasible;infeasible;infeasible;infeasible;infeasible;infeasible;infeasible;infeasible;infeasible,0;1;2;3;4;5;6;7;8;9;10;11,STRUCTURAL_ZERO;STRUCTURAL_ZERO;STRUCTURAL_ZERO;STRUCTURAL_ZERO;STRUCTURAL_ZERO;STRUCTURAL_ZERO;STRUCTURAL_ZERO;STRUCTURAL_ZERO;STRUCTURAL_ZERO;STRUCTURAL_ZERO;STRUCTURAL_ZERO;STRUCTURAL_ZERO,12,0,0,,OK
red2_6800:727,,infeasible;infeasible;infeasible;infeasible;infeasible;infeasible;infeasible;infeasible;infeasible;infeasible;infeasible;infeasible,0;0;0;0;0;0;0;0;0;0;0;0,infeasible;infeasible;infeasible;infeasible;infeasible;infeasible;infeasible;infeasible;infeasible;infeasible;infeasible;infeasible,infeasible;infeasible;infeasible;infeasible;infeasible;infeasible;infeasible;infeasible;infeasible;infeasible;infeasible;infeasible,0;1;2;3;4;5;6;7;8;9;10;11,STRUCTURAL_ZERO;STRUCTURAL_ZERO;STRUCTURAL_ZERO;STRUCTURAL_ZERO;STRUCTURAL_ZERO;STRUCTURAL_ZERO;STRUCTURAL_ZERO;STRUCTURAL_ZERO;STRUCTURAL_ZERO;STRUCTURAL_ZERO;STRUCTURAL_ZERO;STRUCTURAL_ZERO,12,0,0,,OK
red2_6800:728,,infeasible;infeasible;infeasible;infeasible;infeasible;infeasible;infeasible;infeasible;infeasible;infeasible;infeasible;infeasible,0;0;0;0;0;0;0;0;0;0;0;0,infeasible;infeasible;infeasible;infeasible;infeasible;infeasible;infeasible;infeasible;infeasible;infeasible;infeasible;infeasible,infeasible;infeasible;infeasible;infeasible;infeasible;infeasible;infeasible;infeasible;infeasible;infeasible;infeasible;infeasible,0;1;2;3;4;5;6;7;8;9;10;11,STRUCTURAL_ZERO;STRUCTURAL_ZERO;STRUCTURAL_ZERO;STRUCTURAL_ZERO;STRUCTURAL_ZERO;STRUCTURAL_ZERO;STRUCTURAL_ZERO;STRUCTURAL_ZERO;STRUCTURAL_ZERO;STRUCTURAL_ZERO;STRUCTURAL_ZERO;STRUCTURAL_ZERO,12,0,0,,OK
red2_6800:729,,infeasible;infeasible;infeasible;infeasible;infeasible;infeasible;infeasible;infeasible;infeasible;infeasible;infeasible;infeasible,0;0;0;0;0;0;0;0;0;0;0;0,infeasible;infeasible;infeasible;infeasible;infeasible;infeasible;infeasible;infeasible;infeasible;infeasible;infeasible;infeasible,infeasible;infeasible;infeasible;infeasible;infeasible;infeasible;infeasible;infeasible;infeasible;infeasible;infeasible;infeasible,0;1;2;3;4;5;6;7;8;9;10;11,STRUCTURAL_ZERO;STRUCTURAL_ZERO;STRUCTURAL_ZERO;STRUCTURAL_ZERO;STRUCTURAL_ZERO;STRUCTURAL_ZERO;STRUCTURAL_ZERO;STRUCTURAL_ZERO;STRUCTURAL_ZERO;STRUCTURAL_ZERO;STRUCTURAL_ZERO;STRUCTURAL_ZERO,12,0,0,,OK
red2_6800:730,,infeasible;infeasible;infeasible;infeasible;infeasible;infeasible;infeasible;infeasible;infeasible;infeasible;infeasible;infeasible,0;0;0;0;0;0;0;0;0;0;0;0,infeasible;infeasible;infeasible;infeasible;infeasible;infeasible;infeasible;infeasible;infeasible;infeasible;infeasible;infeasible,infeasible;infeasible;infeasible;infeasible;infeasible;infeasible;infeasible;infeasible;infeasible;infeasible;infeasible;infeasible,0;1;2;3;4;5;6;7;8;9;10;11,STRUCTURAL_ZERO;STRUCTURAL_ZERO;STRUCTURAL_ZERO;STRUCTURAL_ZERO;STRUCTURAL_ZERO;STRUCTURAL_ZERO;STRUCTURAL_ZERO;STRUCTURAL_ZERO;STRUCTURAL_ZERO;STRUCTURAL_ZERO;STRUCTURAL_ZERO;STRUCTURAL_ZERO,12,0,0,,OK
red2_6800:731,,infeasible;infeasible;infeasible;infeasible;infeasible;infeasible;infeasible;infeasible;infeasible;infeasible;infeasible;infeasible,0;0;0;0;0;0;0;0;0;0;0;0,infeasible;infeasible;infeasible;infeasible;infeasible;infeasible;infeasible;infeasible;infeasible;infeasible;infeasible;infeasible,infeasible;infeasible;infeasible;infeasible;infeasible;infeasible;infeasible;infeasible;infeasible;infeasible;infeasible;infeasible,0;1;2;3;4;5;6;7;8;9;10;11,STRUCTURAL_ZERO;STRUCTURAL_ZERO;STRUCTURAL_ZERO;STRUCTURAL_ZERO;STRUCTURAL_ZERO;STRUCTURAL_ZERO;STRUCTURAL_ZERO;STRUCTURAL_ZERO;STRUCTURAL_ZERO;STRUCTURAL_ZERO;STRUCTURAL_ZERO;STRUCTURAL_ZERO,12,0,0,,OK
red2_6800:732,,infeasible;infeasible;infeasible;infeasible;infeasible;infeasible;infeasible;infeasible;infeasible;infeasible;infeasible;infeasible,0;0;0;0;0;0;0;0;0;0;0;0,infeasible;infeasible;infeasible;infeasible;infeasible;infeasible;infeasible;infeasible;infeasible;infeasible;infeasible;infeasible,infeasible;infeasible;infeasible;infeasible;infeasible;infeasible;infeasible;infeasible;infeasible;infeasible;infeasible;infeasible,0;1;2;3;4;5;6;7;8;9;10;11,STRUCTURAL_ZERO;STRUCTURAL_ZERO;STRUCTURAL_ZERO;STRUCTURAL_ZERO;STRUCTURAL_ZERO;STRUCTURAL_ZERO;STRUCTURAL_ZERO;STRUCTURAL_ZERO;STRUCTURAL_ZERO;STRUCTURAL_ZERO;STRUCTURAL_ZERO;STRUCTURAL_ZERO,12,0,0,,OK
red2_6800:733,,infeasible;infeasible;infeasible;infeasible;infeasible;infeasible;infeasible;infeasible;infeasible;infeasible;infeasible;infeasible,0;0;0;0;0;0;0;0;0;0;0;0,infeasible;infeasible;infeasible;infeasible;infeasible;infeasible;infeasible;infeasible;infeasible;infeasible;infeasible;infeasible,infeasible;infeasible;infeasible;infeasible;infeasible;infeasible;infeasible;infeasible;infeasible;infeasible;infeasible;infeasible,0;1;2;3;4;5;6;7;8;9;10;11,STRUCTURAL_ZERO;STRUCTURAL_ZERO;STRUCTURAL_ZERO;STRUCTURAL_ZERO;STRUCTURAL_ZERO;STRUCTURAL_ZERO;STRUCTURAL_ZERO;STRUCTURAL_ZERO;STRUCTURAL_ZERO;STRUCTURAL_ZERO;STRUCTURAL_ZERO;STRUCTURAL_ZERO,12,0,0,,OK
red2_6800:734,,infeasible;infeasible;infeasible;infeasible;infeasible;infeasible;infeasible;infeasible;infeasible;infeasible;infeasible;infeasible,0;0;0;0;0;0;0;0;0;0;0;0,infeasible;infeasible;infeasible;infeasible;infeasible;infeasible;infeasible;infeasible;infeasible;infeasible;infeasible;infeasible,infeasible;infeasible;infeasible;infeasible;infeasible;infeasible;infeasible;infeasible;infeasible;infeasible;infeasible;infeasible,0;1;2;3;4;5;6;7;8;9;10;11,STRUCTURAL_ZERO;STRUCTURAL_ZERO;STRUCTURAL_ZERO;STRUCTURAL_ZERO;STRUCTURAL_ZERO;STRUCTURAL_ZERO;STRUCTURAL_ZERO;STRUCTURAL_ZERO;STRUCTURAL_ZERO;STRUCTURAL_ZERO;STRUCTURAL_ZERO;STRUCTURAL_ZERO,12,0,0,,OK
red2_6800:735,,infeasible;infeasible;infeasible;infeasible;infeasible;infeasible;infeasible;infeasible;infeasible;infeasible;infeasible;infeasible,0;0;0;0;0;0;0;0;0;0;0;0,infeasible;infeasible;infeasible;infeasible;infeasible;infeasible;infeasible;infeasible;infeasible;infeasible;infeasible;infeasible,infeasible;infeasible;infeasible;infeasible;infeasible;infeasible;infeasible;infeasible;infeasible;infeasible;infeasible;infeasible,0;1;2;3;4;5;6;7;8;9;10;11,STRUCTURAL_ZERO;STRUCTURAL_ZERO;STRUCTURAL_ZERO;STRUCTURAL_ZERO;STRUCTURAL_ZERO;STRUCTURAL_ZERO;STRUCTURAL_ZERO;STRUCTURAL_ZERO;STRUCTURAL_ZERO;STRUCTURAL_ZERO;STRUCTURAL_ZERO;STRUCTURAL_ZERO,12,0,0,,OK
red2_6800:736,,infeasible;infeasible;infeasible;infeasible;infeasible;infeasible;infeasible;infeasible;infeasible;infeasible;infeasible;infeasible,0;0;0;0;0;0;0;0;0;0;0;0,infeasible;infeasible;infeasible;infeasible;infeasible;infeasible;infeasible;infeasible;infeasible;infeasible;infeasible;infeasible,infeasible;infeasible;infeasible;infeasible;infeasible;infeasible;infeasible;infeasible;infeasible;infeasible;infeasible;infeasible,0;1;2;3;4;5;6;7;8;9;10;11,STRUCTURAL_ZERO;STRUCTURAL_ZERO;STRUCTURAL_ZERO;STRUCTURAL_ZERO;STRUCTURAL_ZERO;STRUCTURAL_ZERO;STRUCTURAL_ZERO;STRUCTURAL_ZERO;STRUCTURAL_ZERO;STRUCTURAL_ZERO;STRUCTURAL_ZERO;STRUCTURAL_ZERO,12,0,0,,OK
red2_6800:737,,infeasible;infeasible;infeasible;infeasible;infeasible;infeasible;infeasible;infeasible;infeasible;infeasible;infeasible;infeasible,0;0;0;0;0;0;0;0;0;0;0;0,infeasible;infeasible;infeasible;infeasible;infeasible;infeasible;infeasible;infeasible;infeasible;infeasible;infeasible;infeasible,infeasible;infeasible;infeasible;infeasible;infeasible;infeasible;infeasible;infeasible;infeasible;infeasible;infeasible;infeasible,0;1;2;3;4;5;6;7;8;9;10;11,STRUCTURAL_ZERO;STRUCTURAL_ZERO;STRUCTURAL_ZERO;STRUCTURAL_ZERO;STRUCTURAL_ZERO;STRUCTURAL_ZERO;STRUCTURAL_ZERO;STRUCTURAL_ZERO;STRUCTURAL_ZERO;STRUCTURAL_ZERO;STRUCTURAL_ZERO;STRUCTURAL_ZERO,12,0,0,,OK
red2_6800:738,,infeasible;infeasible;infeasible;infeasible;infeasible;infeasible;infeasible;infeasible;infeasible;infeasible;infeasible;infeasible,0;0;0;0;0;0;0;0;0;0;0;0,infeasible;infeasible;infeasible;infeasible;infeasible;infeasible;infeasible;infeasible;infeasible;infeasible;infeasible;infeasible,infeasible;infeasible;infeasible;infeasible;infeasible;infeasible;infeasible;infeasible;infeasible;infeasible;infeasible;infeasible,0;1;2;3;4;5;6;7;8;9;10;11,STRUCTURAL_ZERO;STRUCTURAL_ZERO;STRUCTURAL_ZERO;STRUCTURAL_ZERO;STRUCTURAL_ZERO;STRUCTURAL_ZERO;STRUCTURAL_ZERO;STRUCTURAL_ZERO;STRUCTURAL_ZERO;STRUCTURAL_ZERO;STRUCTURAL_ZERO;STRUCTURAL_ZERO,12,0,0,,OK
red2_6800:739,,infeasible;infeasible;infeasible;infeasible;infeasible;infeasible;infeasible;infeasible;infeasible;infeasible;infeasible;infeasible,0;0;0;0;0;0;0;0;0;0;0;0,infeasible;infeasible;infeasible;infeasible;infeasible;infeasible;infeasible;infeasible;infeasible;infeasible;infeasible;infeasible,infeasible;infeasible;infeasible;infeasible;infeasible;infeasible;infeasible;infeasible;infeasible;infeasible;infeasible;infeasible,0;1;2;3;4;5;6;7;8;9;10;11,STRUCTURAL_ZERO;STRUCTURAL_ZERO;STRUCTURAL_ZERO;STRUCTURAL_ZERO;STRUCTURAL_ZERO;STRUCTURAL_ZERO;STRUCTURAL_ZERO;STRUCTURAL_ZERO;STRUCTURAL_ZERO;STRUCTURAL_ZERO;STRUCTURAL_ZERO;STRUCTURAL_ZERO,12,0,0,,OK
red2_6800:740,,infeasible;infeasible;infeasible;infeasible;infeasible;infeasible;infeasible;infeasible;infeasible;infeasible;infeasible;infeasible,0;0;0;0;0;0;0;0;0;0;0;0,infeasible;infeasible;infeasible;infeasible;infeasible;infeasible;infeasible;infeasible;infeasible;infeasible;infeasible;infeasible,infeasible;infeasible;infeasible;infeasible;infeasible;infeasible;infeasible;infeasible;infeasible;infeasible;infeasible;infeasible,0;1;2;3;4;5;6;7;8;9;10;11,STRUCTURAL_ZERO;STRUCTURAL_ZERO;STRUCTURAL_ZERO;STRUCTURAL_ZERO;STRUCTURAL_ZERO;STRUCTURAL_ZERO;STRUCTURAL_ZERO;STRUCTURAL_ZERO;STRUCTURAL_ZERO;STRUCTURAL_ZERO;STRUCTURAL_ZERO;STRUCTURAL_ZERO,12,0,0,,OK
red2_6800:741,,infeasible;infeasible;infeasible;infeasible;infeasible;infeasible;infeasible;infeasible;infeasible;infeasible;infeasible;infeasible,0;0;0;0;0;0;0;0;0;0;0;0,infeasible;infeasible;infeasible;infeasible;infeasible;infeasible;infeasible;infeasible;infeasible;infeasible;infeasible;infeasible,infeasible;infeasible;infeasible;infeasible;infeasible;infeasible;infeasible;infeasible;infeasible;infeasible;infeasible;infeasible,0;1;2;3;4;5;6;7;8;9;10;11,STRUCTURAL_ZERO;STRUCTURAL_ZERO;STRUCTURAL_ZERO;STRUCTURAL_ZERO;STRUCTURAL_ZERO;STRUCTURAL_ZERO;STRUCTURAL_ZERO;STRUCTURAL_ZERO;STRUCTURAL_ZERO;STRUCTURAL_ZERO;STRUCTURAL_ZERO;STRUCTURAL_ZERO,12,0,0,,OK
red2_6800:742,,optimal;optimal;optimal;optimal;optimal;optimal;optimal;optimal;optimal;optimal;optimal;optimal,0.0005381;0.142;0.5582;0.8164;1.232;1.434;1.442;1.397;1.27;1.052;0.7837;0.2303,,,,,0,0,0,,OK
red2_6800:743,,infeasible;infeasible;infeasible;infeasible;infeasible;infeasible;infeasible;infeasible;infeasible;infeasible;infeasible;infeasible,0;0;0;0;0;0;0;0;0;0;0;0,infeasible;infeasible;infeasible;infeasible;infeasible;infeasible;infeasible;infeasible;infeasible;infeasible;infeasible;infeasible,infeasible;infeasible;infeasible;infeasible;infeasible;infeasible;infeasible;infeasible;infeasible;infeasible;infeasible;infeasible,0;1;2;3;4;5;6;7;8;9;10;11,STRUCTURAL_ZERO;STRUCTURAL_ZERO;STRUCTURAL_ZERO;STRUCTURAL_ZERO;STRUCTURAL_ZERO;STRUCTURAL_ZERO;STRUCTURAL_ZERO;STRUCTURAL_ZERO;STRUCTURAL_ZERO;STRUCTURAL_ZERO;STRUCTURAL_ZERO;STRUCTURAL_ZERO,12,0,0,,OK
red2_6800:744,,infeasible;infeasible;infeasible;infeasible;infeasible;infeasible;infeasible;infeasible;infeasible;infeasible;infeasible;infeasible,0;0;0;0;0;0;0;0;0;0;0;0,infeasible;infeasible;infeasible;infeasible;infeasible;infeasible;infeasible;infeasible;infeasible;infeasible;infeasible;infeasible,infeasible;infeasible;infeasible;infeasible;infeasible;infeasible;infeasible;infeasible;infeasible;infeasible;infeasible;infeasible,0;1;2;3;4;5;6;7;8;9;10;11,STRUCTURAL_ZERO;STRUCTURAL_ZERO;STRUCTURAL_ZERO;STRUCTURAL_ZERO;STRUCTURAL_ZERO;STRUCTURAL_ZERO;STRUCTURAL_ZERO;STRUCTURAL_ZERO;STRUCTURAL_ZERO;STRUCTURAL_ZERO;STRUCTURAL_ZERO;STRUCTURAL_ZERO,12,0,0,,OK
red2_6800:745,,infeasible;infeasible;infeasible;infeasible;infeasible;infeasible;infeasible;infeasible;infeasible;infeasible;infeasible;infeasible,0;0;0;0;0;0;0;0;0;0;0;0,infeasible;infeasible;infeasible;infeasible;infeasible;infeasible;infeasible;infeasible;infeasible;infeasible;infeasible;infeasible,infeasible;infeasible;infeasible;infeasible;infeasible;infeasible;infeasible;infeasible;infeasible;infeasible;infeasible;infeasible,0;1;2;3;4;5;6;7;8;9;10;11,STRUCTURAL_ZERO;STRUCTURAL_ZERO;STRUCTURAL_ZERO;STRUCTURAL_ZERO;STRUCTURAL_ZERO;STRUCTURAL_ZERO;STRUCTURAL_ZERO;STRUCTURAL_ZERO;STRUCTURAL_ZERO;STRUCTURAL_ZERO;STRUCTURAL_ZERO;STRUCTURAL_ZERO,12,0,0,,OK
red2_6800:746,,infeasible;infeasible;infeasible;infeasible;infeasible;infeasible;infeasible;infeasible;infeasible;infeasible;infeasible;infeasible,0;0;0;0;0;0;0;0;0;0;0;0,infeasible;infeasible;infeasible;infeasible;infeasible;infeasible;infeasible;infeasible;infeasible;infeasible;infeasible;infeasible,infeasible;infeasible;infeasible;infeasible;infeasible;infeasible;infeasible;infeasible;infeasible;infeasible;infeasible;infeasible,0;1;2;3;4;5;6;7;8;9;10;11,STRUCTURAL_ZERO;STRUCTURAL_ZERO;STRUCTURAL_ZERO;STRUCTURAL_ZERO;STRUCTURAL_ZERO;STRUCTURAL_ZERO;STRUCTURAL_ZERO;STRUCTURAL_ZERO;STRUCTURAL_ZERO;STRUCTURAL_ZERO;STRUCTURAL_ZERO;STRUCTURAL_ZERO,12,0,0,,OK
red2_6800:747,,infeasible;infeasible;infeasible;infeasible;infeasible;infeasible;infeasible;infeasible;infeasible;infeasible;infeasible;infeasible,0;0;0;0;0;0;0;0;0;0;0;0,infeasible;infeasible;infeasible;infeasible;infeasible;infeasible;infeasible;infeasible;infeasible;infeasible;infeasible;infeasible,infeasible;infeasible;infeasible;infeasible;infeasible;infeasible;infeasible;infeasible;infeasible;infeasible;infeasible;infeasible,0;1;2;3;4;5;6;7;8;9;10;11,STRUCTURAL_ZERO;STRUCTURAL_ZERO;STRUCTURAL_ZERO;STRUCTURAL_ZERO;STRUCTURAL_ZERO;STRUCTURAL_ZERO;STRUCTURAL_ZERO;STRUCTURAL_ZERO;STRUCTURAL_ZERO;STRUCTURAL_ZERO;STRUCTURAL_ZERO;STRUCTURAL_ZERO,12,0,0,,OK
red2_6800:748,,infeasible;infeasible;infeasible;infeasible;infeasible;infeasible;infeasible;infeasible;infeasible;infeasible;infeasible;infeasible,0;0;0;0;0;0;0;0;0;0;0;0,infeasible;infeasible;infeasible;infeasible;infeasible;infeasible;infeasible;infeasible;infeasible;infeasible;infeasible;infeasible,infeasible;infeasible;infeasible;infeasible;infeasible;infeasible;infeasible;infeasible;infeasible;infeasible;infeasible;infeasible,0;1;2;3;4;5;6;7;8;9;10;11,STRUCTURAL_ZERO;STRUCTURAL_ZERO;STRUCTURAL_ZERO;STRUCTURAL_ZERO;STRUCTURAL_ZERO;STRUCTURAL_ZERO;STRUCTURAL_ZERO;STRUCTURAL_ZERO;STRUCTURAL_ZERO;STRUCTURAL_ZERO;STRUCTURAL_ZERO;STRUCTURAL_ZERO,12,0,0,,OK
red2_6800:749,,infeasible;infeasible;infeasible;infeasible;infeasible;infeasible;infeasible;infeasible;infeasible;infeasible;infeasible;infeasible,0;0;0;0;0;0;0;0;0;0;0;0,infeasible;infeasible;infeasible;infeasible;infeasible;infeasible;infeasible;infeasible;infeasible;infeasible;infeasible;infeasible,infeasible;infeasible;infeasible;infeasible;infeasible;infeasible;infeasible;infeasible;infeasible;infeasible;infeasible;infeasible,0;1;2;3;4;5;6;7;8;9;10;11,STRUCTURAL_ZERO;STRUCTURAL_ZERO;STRUCTURAL_ZERO;STRUCTURAL_ZERO;STRUCTURAL_ZERO;STRUCTURAL_ZERO;STRUCTURAL_ZERO;STRUCTURAL_ZERO;STRUCTURAL_ZERO;STRUCTURAL_ZERO;STRUCTURAL_ZERO;STRUCTURAL_ZERO,12,0,0,,OK
red2_6800:750,,infeasible;infeasible;infeasible;infeasible;infeasible;infeasible;infeasible;infeasible;infeasible;infeasible;infeasible;infeasible,0;0;0;0;0;0;0;0;0;0;0;0,infeasible;infeasible;infeasible;infeasible;infeasible;infeasible;infeasible;infeasible;infeasible;infeasible;infeasible;infeasible,infeasible;infeasible;infeasible;infeasible;infeasible;infeasible;infeasible;infeasible;infeasible;infeasible;infeasible;infeasible,0;1;2;3;4;5;6;7;8;9;10;11,STRUCTURAL_ZERO;STRUCTURAL_ZERO;STRUCTURAL_ZERO;STRUCTURAL_ZERO;STRUCTURAL_ZERO;STRUCTURAL_ZERO;STRUCTURAL_ZERO;STRUCTURAL_ZERO;STRUCTURAL_ZERO;STRUCTURAL_ZERO;STRUCTURAL_ZERO;STRUCTURAL_ZERO,12,0,0,,OK
red2_6800:751,,infeasible;infeasible;infeasible;infeasible;infeasible;infeasible;infeasible;infeasible;infeasible;infeasible;infeasible;infeasible,0;0;0;0;0;0;0;0;0;0;0;0,infeasible;infeasible;infeasible;infeasible;infeasible;infeasible;infeasible;infeasible;infeasible;infeasible;infeasible;infeasible,infeasible;infeasible;infeasible;infeasible;infeasible;infeasible;infeasible;infeasible;infeasible;infeasible;infeasible;infeasible,0;1;2;3;4;5;6;7;8;9;10;11,STRUCTURAL_ZERO;STRUCTURAL_ZERO;STRUCTURAL_ZERO;STRUCTURAL_ZERO;STRUCTURAL_ZERO;STRUCTURAL_ZERO;STRUCTURAL_ZERO;STRUCTURAL_ZERO;STRUCTURAL_ZERO;STRUCTURAL_ZERO;STRUCTURAL_ZERO;STRUCTURAL_ZERO,12,0,0,,OK
red2_6800:752,,infeasible;infeasible;infeasible;infeasible;infeasible;infeasible;infeasible;infeasible;infeasible;infeasible;infeasible;infeasible,0;0;0;0;0;0;0;0;0;0;0;0,infeasible;infeasible;infeasible;infeasible;infeasible;infeasible;infeasible;infeasible;infeasible;infeasible;infeasible;infeasible,infeasible;infeasible;infeasible;infeasible;infeasible;infeasible;infeasible;infeasible;infeasible;infeasible;infeasible;infeasible,0;1;2;3;4;5;6;7;8;9;10;11,STRUCTURAL_ZERO;STRUCTURAL_ZERO;STRUCTURAL_ZERO;STRUCTURAL_ZERO;STRUCTURAL_ZERO;STRUCTURAL_ZERO;STRUCTURAL_ZERO;STRUCTURAL_ZERO;STRUCTURAL_ZERO;STRUCTURAL_ZERO;STRUCTURAL_ZERO;STRUCTURAL_ZERO,12,0,0,,OK
red2_6800:753,,infeasible;infeasible;infeasible;infeasible;infeasible;infeasible;infeasible;infeasible;infeasible;infeasible;infeasible;infeasible,0;0;0;0;0;0;0;0;0;0;0;0,infeasible;infeasible;infeasible;infeasible;infeasible;infeasible;infeasible;infeasible;infeasible;infeasible;infeasible;infeasible,infeasible;infeasible;infeasible;infeasible;infeasible;infeasible;infeasible;infeasible;infeasible;infeasible;infeasible;infeasible,0;1;2;3;4;5;6;7;8;9;10;11,STRUCTURAL_ZERO;STRUCTURAL_ZERO;STRUCTURAL_ZERO;STRUCTURAL_ZERO;STRUCTURAL_ZERO;STRUCTURAL_ZERO;STRUCTURAL_ZERO;STRUCTURAL_ZERO;STRUCTURAL_ZERO;STRUCTURAL_ZERO;STRUCTURAL_ZERO;STRUCTURAL_ZERO,12,0,0,,OK
red2_6800:754,,infeasible;infeasible;infeasible;infeasible;infeasible;infeasible;infeasible;infeasible;infeasible;infeasible;infeasible;infeasible,0;0;0;0;0;0;0;0;0;0;0;0,infeasible;infeasible;infeasible;infeasible;infeasible;infeasible;infeasible;infeasible;infeasible;infeasible;infeasible;infeasible,infeasible;infeasible;infeasible;infeasible;infeasible;infeasible;infeasible;infeasible;infeasible;infeasible;infeasible;infeasible,0;1;2;3;4;5;6;7;8;9;10;11,STRUCTURAL_ZERO;STRUCTURAL_ZERO;STRUCTURAL_ZERO;STRUCTURAL_ZERO;STRUCTURAL_ZERO;STRUCTURAL_ZERO;STRUCTURAL_ZERO;STRUCTURAL_ZERO;STRUCTURAL_ZERO;STRUCTURAL_ZERO;STRUCTURAL_ZERO;STRUCTURAL_ZERO,12,0,0,,OK
red2_6800:755,,infeasible;infeasible;infeasible;infeasible;infeasible;infeasible;infeasible;infeasible;infeasible;infeasible;infeasible;infeasible,0;0;0;0;0;0;0;0;0;0;0;0,infeasible;infeasible;infeasible;infeasible;infeasible;infeasible;infeasible;infeasible;infeasible;infeasible;infeasible;infeasible,infeasible;infeasible;infeasible;infeasible;infeasible;infeasible;infeasible;infeasible;infeasible;infeasible;infeasible;infeasible,0;1;2;3;4;5;6;7;8;9;10;11,STRUCTURAL_ZERO;STRUCTURAL_ZERO;STRUCTURAL_ZERO;STRUCTURAL_ZERO;STRUCTURAL_ZERO;STRUCTURAL_ZERO;STRUCTURAL_ZERO;STRUCTURAL_ZERO;STRUCTURAL_ZERO;STRUCTURAL_ZERO;STRUCTURAL_ZERO;STRUCTURAL_ZERO,12,0,0,,OK
red2_6800:756,,infeasible;infeasible;infeasible;infeasible;infeasible;infeasible;infeasible;infeasible;infeasible;infeasible;infeasible;infeasible,0;0;0;0;0;0;0;0;0;0;0;0,infeasible;infeasible;infeasible;infeasible;infeasible;infeasible;infeasible;infeasible;infeasible;infeasible;infeasible;infeasible,infeasible;infeasible;infeasible;infeasible;infeasible;infeasible;infeasible;infeasible;infeasible;infeasible;infeasible;infeasible,0;1;2;3;4;5;6;7;8;9;10;11,STRUCTURAL_ZERO;STRUCTURAL_ZERO;STRUCTURAL_ZERO;STRUCTURAL_ZERO;STRUCTURAL_ZERO;STRUCTURAL_ZERO;STRUCTURAL_ZERO;STRUCTURAL_ZERO;STRUCTURAL_ZERO;STRUCTURAL_ZERO;STRUCTURAL_ZERO;STRUCTURAL_ZERO,12,0,0,,OK
red2_6800:757,,infeasible;optimal;optimal;optimal;optimal;optimal;optimal;optimal;optimal;optimal;optimal;optimal,0;0.09851;0.4585;0.696;1.14;1.453;1.47;1.436;1.307;1.075;0.797;0.2222,infeasible;optimal;optimal;optimal;optimal;optimal;optimal;optimal;optimal;optimal;optimal;optimal,infeasible;optimal;optimal;optimal;optimal;optimal;optimal;optimal;optimal;optimal;optimal;optimal,0,STRUCTURAL_ZERO,1,0,0,,OK
red2_6800:758,,infeasible;infeasible;infeasible;infeasible;infeasible;infeasible;infeasible;infeasible;infeasible;infeasible;infeasible;infeasible,0;0;0;0;0;0;0;0;0;0;0;0,infeasible;infeasible;infeasible;infeasible;infeasible;infeasible;infeasible;infeasible;infeasible;infeasible;infeasible;infeasible,infeasible;infeasible;infeasible;infeasible;infeasible;infeasible;infeasible;infeasible;infeasible;infeasible;infeasible;infeasible,0;1;2;3;4;5;6;7;8;9;10;11,STRUCTURAL_ZERO;STRUCTURAL_ZERO;STRUCTURAL_ZERO;STRUCTURAL_ZERO;STRUCTURAL_ZERO;STRUCTURAL_ZERO;STRUCTURAL_ZERO;STRUCTURAL_ZERO;STRUCTURAL_ZERO;STRUCTURAL_ZERO;STRUCTURAL_ZERO;STRUCTURAL_ZERO,12,0,0,,OK
red2_6800:759,,infeasible;infeasible;infeasible;infeasible;infeasible;infeasible;infeasible;infeasible;infeasible;infeasible;infeasible;infeasible,0;0;0;0;0;0;0;0;0;0;0;0,infeasible;infeasible;infeasible;infeasible;infeasible;infeasible;infeasible;infeasible;infeasible;infeasible;infeasible;infeasible,infeasible;infeasible;infeasible;infeasible;infeasible;infeasible;infeasible;infeasible;infeasible;infeasible;infeasible;infeasible,0;1;2;3;4;5;6;7;8;9;10;11,STRUCTURAL_ZERO;STRUCTURAL_ZERO;STRUCTURAL_ZERO;STRUCTURAL_ZERO;STRUCTURAL_ZERO;STRUCTURAL_ZERO;STRUCTURAL_ZERO;STRUCTURAL_ZERO;STRUCTURAL_ZERO;STRUCTURAL_ZERO;STRUCTURAL_ZERO;STRUCTURAL_ZERO,12,0,0,,OK
red2_6800:760,,infeasible;infeasible;infeasible;infeasible;infeasible;infeasible;infeasible;infeasible;infeasible;infeasible;infeasible;infeasible,0;0;0;0;0;0;0;0;0;0;0;0,infeasible;infeasible;infeasible;infeasible;infeasible;infeasible;infeasible;infeasible;infeasible;infeasible;infeasible;infeasible,infeasible;infeasible;infeasible;infeasible;infeasible;infeasible;infeasible;infeasible;infeasible;infeasible;infeasible;infeasible,0;1;2;3;4;5;6;7;8;9;10;11,STRUCTURAL_ZERO;STRUCTURAL_ZERO;STRUCTURAL_ZERO;STRUCTURAL_ZERO;STRUCTURAL_ZERO;STRUCTURAL_ZERO;STRUCTURAL_ZERO;STRUCTURAL_ZERO;STRUCTURAL_ZERO;STRUCTURAL_ZERO;STRUCTURAL_ZERO;STRUCTURAL_ZERO,12,0,0,,OK
red2_6800:761,,infeasible;infeasible;infeasible;infeasible;infeasible;infeasible;infeasible;infeasible;infeasible;infeasible;infeasible;infeasible,0;0;0;0;0;0;0;0;0;0;0;0,infeasible;infeasible;infeasible;infeasible;infeasible;infeasible;infeasible;infeasible;infeasible;infeasible;infeasible;infeasible,infeasible;infeasible;infeasible;infeasible;infeasible;infeasible;infeasible;infeasible;infeasible;infeasible;infeasible;infeasible,0;1;2;3;4;5;6;7;8;9;10;11,STRUCTURAL_ZERO;STRUCTURAL_ZERO;STRUCTURAL_ZERO;STRUCTURAL_ZERO;STRUCTURAL_ZERO;STRUCTURAL_ZERO;STRUCTURAL_ZERO;STRUCTURAL_ZERO;STRUCTURAL_ZERO;STRUCTURAL_ZERO;STRUCTURAL_ZERO;STRUCTURAL_ZERO,12,0,0,,OK
red2_6800:762,,infeasible;infeasible;infeasible;infeasible;infeasible;infeasible;infeasible;infeasible;infeasible;infeasible;infeasible;infeasible,0;0;0;0;0;0;0;0;0;0;0;0,infeasible;infeasible;infeasible;infeasible;infeasible;infeasible;infeasible;infeasible;infeasible;infeasible;infeasible;infeasible,infeasible;infeasible;infeasible;infeasible;infeasible;infeasible;infeasible;infeasible;infeasible;infeasible;infeasible;infeasible,0;1;2;3;4;5;6;7;8;9;10;11,STRUCTURAL_ZERO;STRUCTURAL_ZERO;STRUCTURAL_ZERO;STRUCTURAL_ZERO;STRUCTURAL_ZERO;STRUCTURAL_ZERO;STRUCTURAL_ZERO;STRUCTURAL_ZERO;STRUCTURAL_ZERO;STRUCTURAL_ZERO;STRUCTURAL_ZERO;STRUCTURAL_ZERO,12,0,0,,OK
red2_6800:763,,infeasible;infeasible;infeasible;infeasible;infeasible;infeasible;infeasible;infeasible;infeasible;infeasible;infeasible;infeasible,0;0;0;0;0;0;0;0;0;0;0;0,infeasible;infeasible;infeasible;infeasible;infeasible;infeasible;infeasible;infeasible;infeasible;infeasible;infeasible;infeasible,infeasible;infeasible;infeasible;infeasible;infeasible;infeasible;infeasible;infeasible;infeasible;infeasible;infeasible;infeasible,0;1;2;3;4;5;6;7;8;9;10;11,STRUCTURAL_ZERO;STRUCTURAL_ZERO;STRUCTURAL_ZERO;STRUCTURAL_ZERO;STRUCTURAL_ZERO;STRUCTURAL_ZERO;STRUCTURAL_ZERO;STRUCTURAL_ZERO;STRUCTURAL_ZERO;STRUCTURAL_ZERO;STRUCTURAL_ZERO;STRUCTURAL_ZERO,12,0,0,,OK
red2_6800:764,,infeasible;infeasible;infeasible;infeasible;infeasible;infeasible;infeasible;infeasible;infeasible;infeasible;infeasible;infeasible,0;0;0;0;0;0;0;0;0;0;0;0,infeasible;infeasible;infeasible;infeasible;infeasible;infeasible;infeasible;infeasible;infeasible;infeasible;infeasible;infeasible,infeasible;infeasible;infeasible;infeasible;infeasible;infeasible;infeasible;infeasible;infeasible;infeasible;infeasible;infeasible,0;1;2;3;4;5;6;7;8;9;10;11,STRUCTURAL_ZERO;STRUCTURAL_ZERO;STRUCTURAL_ZERO;STRUCTURAL_ZERO;STRUCTURAL_ZERO;STRUCTURAL_ZERO;STRUCTURAL_ZERO;STRUCTURAL_ZERO;STRUCTURAL_ZERO;STRUCTURAL_ZERO;STRUCTURAL_ZERO;STRUCTURAL_ZERO,12,0,0,,OK
red2_6800:765,,infeasible;infeasible;infeasible;infeasible;infeasible;infeasible;infeasible;infeasible;infeasible;infeasible;infeasible;infeasible,0;0;0;0;0;0;0;0;0;0;0;0,infeasible;infeasible;infeasible;infeasible;infeasible;infeasible;infeasible;infeasible;infeasible;infeasible;infeasible;infeasible,infeasible;infeasible;infeasible;infeasible;infeasible;infeasible;infeasible;infeasible;infeasible;infeasible;infeasible;infeasible,0;1;2;3;4;5;6;7;8;9;10;11,STRUCTURAL_ZERO;STRUCTURAL_ZERO;STRUCTURAL_ZERO;STRUCTURAL_ZERO;STRUCTURAL_ZERO;STRUCTURAL_ZERO;STRUCTURAL_ZERO;STRUCTURAL_ZERO;STRUCTURAL_ZERO;STRUCTURAL_ZERO;STRUCTURAL_ZERO;STRUCTURAL_ZERO,12,0,0,,OK
red2_6800:766,,infeasible;infeasible;infeasible;infeasible;infeasible;infeasible;infeasible;infeasible;infeasible;infeasible;infeasible;infeasible,0;0;0;0;0;0;0;0;0;0;0;0,infeasible;infeasible;infeasible;infeasible;infeasible;infeasible;infeasible;infeasible;infeasible;infeasible;infeasible;infeasible,infeasible;infeasible;infeasible;infeasible;infeasible;infeasible;infeasible;infeasible;infeasible;infeasible;infeasible;infeasible,0;1;2;3;4;5;6;7;8;9;10;11,STRUCTURAL_ZERO;STRUCTURAL_ZERO;STRUCTURAL_ZERO;STRUCTURAL_ZERO;STRUCTURAL_ZERO;STRUCTURAL_ZERO;STRUCTURAL_ZERO;STRUCTURAL_ZERO;STRUCTURAL_ZERO;STRUCTURAL_ZERO;STRUCTURAL_ZERO;STRUCTURAL_ZERO,12,0,0,,OK
red2_6800:767,,infeasible;infeasible;infeasible;infeasible;infeasible;infeasible;infeasible;infeasible;infeasible;infeasible;infeasible;infeasible,0;0;0;0;0;0;0;0;0;0;0;0,infeasible;infeasible;infeasible;infeasible;infeasible;infeasible;infeasible;infeasible;infeasible;infeasible;infeasible;infeasible,infeasible;infeasible;infeasible;infeasible;infeasible;infeasible;infeasible;infeasible;infeasible;infeasible;infeasible;infeasible,0;1;2;3;4;5;6;7;8;9;10;11,STRUCTURAL_ZERO;STRUCTURAL_ZERO;STRUCTURAL_ZERO;STRUCTURAL_ZERO;STRUCTURAL_ZERO;STRUCTURAL_ZERO;STRUCTURAL_ZERO;STRUCTURAL_ZERO;STRUCTURAL_ZERO;STRUCTURAL_ZERO;STRUCTURAL_ZERO;STRUCTURAL_ZERO,12,0,0,,OK
red2_6800:768,,infeasible;infeasible;infeasible;infeasible;infeasible;infeasible;infeasible;infeasible;infeasible;infeasible;infeasible;infeasible,0;0;0;0;0;0;0;0;0;0;0;0,infeasible;infeasible;infeasible;infeasible;infeasible;infeasible;infeasible;infeasible;infeasible;infeasible;infeasible;infeasible,infeasible;infeasible;infeasible;infeasible;infeasible;infeasible;infeasible;infeasible;infeasible;infeasible;infeasible;infeasible,0;1;2;3;4;5;6;7;8;9;10;11,STRUCTURAL_ZERO;STRUCTURAL_ZERO;STRUCTURAL_ZERO;STRUCTURAL_ZERO;STRUCTURAL_ZERO;STRUCTURAL_ZERO;STRUCTURAL_ZERO;STRUCTURAL_ZERO;STRUCTURAL_ZERO;STRUCTURAL_ZERO;STRUCTURAL_ZERO;STRUCTURAL_ZERO,12,0,0,,OK
red2_6800:769,,infeasible;infeasible;infeasible;infeasible;infeasible;infeasible;infeasible;infeasible;infeasible;infeasible;infeasible;infeasible,0;0;0;0;0;0;0;0;0;0;0;0,infeasible;infeasible;infeasible;infeasible;infeasible;infeasible;infeasible;infeasible;infeasible;infeasible;infeasible;infeasible,infeasible;infeasible;infeasible;infeasible;infeasible;infeasible;infeasible;infeasible;infeasible;infeasible;infeasible;infeasible,0;1;2;3;4;5;6;7;8;9;10;11,STRUCTURAL_ZERO;STRUCTURAL_ZERO;STRUCTURAL_ZERO;STRUCTURAL_ZERO;STRUCTURAL_ZERO;STRUCTURAL_ZERO;STRUCTURAL_ZERO;STRUCTURAL_ZERO;STRUCTURAL_ZERO;STRUCTURAL_ZERO;STRUCTURAL_ZERO;STRUCTURAL_ZERO,12,0,0,,OK
red2_6800:770,,infeasible;infeasible;infeasible;infeasible;infeasible;infeasible;infeasible;infeasible;infeasible;infeasible;infeasible;infeasible,0;0;0;0;0;0;0;0;0;0;0;0,infeasible;infeasible;infeasible;infeasible;infeasible;infeasible;infeasible;infeasible;infeasible;infeasible;infeasible;infeasible,infeasible;infeasible;infeasible;infeasible;infeasible;infeasible;infeasible;infeasible;infeasible;infeasible;infeasible;infeasible,0;1;2;3;4;5;6;7;8;9;10;11,STRUCTURAL_ZERO;STRUCTURAL_ZERO;STRUCTURAL_ZERO;STRUCTURAL_ZERO;STRUCTURAL_ZERO;STRUCTURAL_ZERO;STRUCTURAL_ZERO;STRUCTURAL_ZERO;STRUCTURAL_ZERO;STRUCTURAL_ZERO;STRUCTURAL_ZERO;STRUCTURAL_ZERO,12,0,0,,OK
red2_6800:771,,infeasible;infeasible;infeasible;infeasible;infeasible;infeasible;infeasible;infeasible;infeasible;infeasible;infeasible;infeasible,0;0;0;0;0;0;0;0;0;0;0;0,infeasible;infeasible;infeasible;infeasible;infeasible;infeasible;infeasible;infeasible;infeasible;infeasible;infeasible;infeasible,infeasible;infeasible;infeasible;infeasible;infeasible;infeasible;infeasible;infeasible;infeasible;infeasible;infeasible;infeasible,0;1;2;3;4;5;6;7;8;9;10;11,STRUCTURAL_ZERO;STRUCTURAL_ZERO;STRUCTURAL_ZERO;STRUCTURAL_ZERO;STRUCTURAL_ZERO;STRUCTURAL_ZERO;STRUCTURAL_ZERO;STRUCTURAL_ZERO;STRUCTURAL_ZERO;STRUCTURAL_ZERO;STRUCTURAL_ZERO;STRUCTURAL_ZERO,12,0,0,,OK
red2_6800:772,,infeasible;infeasible;infeasible;infeasible;infeasible;infeasible;infeasible;infeasible;infeasible;infeasible;infeasible;infeasible,0;0;0;0;0;0;0;0;0;0;0;0,infeasible;infeasible;infeasible;infeasible;infeasible;infeasible;infeasible;infeasible;infeasible;infeasible;infeasible;infeasible,infeasible;infeasible;infeasible;infeasible;infeasible;infeasible;infeasible;infeasible;infeasible;infeasible;infeasible;infeasible,0;1;2;3;4;5;6;7;8;9;10;11,STRUCTURAL_ZERO;STRUCTURAL_ZERO;STRUCTURAL_ZERO;STRUCTURAL_ZERO;STRUCTURAL_ZERO;STRUCTURAL_ZERO;STRUCTURAL_ZERO;STRUCTURAL_ZERO;STRUCTURAL_ZERO;STRUCTURAL_ZERO;STRUCTURAL_ZERO;STRUCTURAL_ZERO,12,0,0,,OK
red2_6800:773,,infeasible;infeasible;infeasible;infeasible;infeasible;infeasible;infeasible;infeasible;infeasible;infeasible;infeasible;infeasible,0;0;0;0;0;0;0;0;0;0;0;0,infeasible;infeasible;infeasible;infeasible;infeasible;infeasible;infeasible;infeasible;infeasible;infeasible;infeasible;infeasible,infeasible;infeasible;infeasible;infeasible;infeasible;infeasible;infeasible;infeasible;infeasible;infeasible;infeasible;infeasible,0;1;2;3;4;5;6;7;8;9;10;11,STRUCTURAL_ZERO;STRUCTURAL_ZERO;STRUCTURAL_ZERO;STRUCTURAL_ZERO;STRUCTURAL_ZERO;STRUCTURAL_ZERO;STRUCTURAL_ZERO;STRUCTURAL_ZERO;STRUCTURAL_ZERO;STRUCTURAL_ZERO;STRUCTURAL_ZERO;STRUCTURAL_ZERO,12,0,0,,OK
red2_6800:774,,infeasible;infeasible;infeasible;infeasible;infeasible;infeasible;infeasible;infeasible;infeasible;infeasible;infeasible;infeasible,0;0;0;0;0;0;0;0;0;0;0;0,infeasible;infeasible;infeasible;infeasible;infeasible;infeasible;infeasible;infeasible;infeasible;infeasible;infeasible;infeasible,infeasible;infeasible;infeasible;infeasible;infeasible;infeasible;infeasible;infeasible;infeasible;infeasible;infeasible;infeasible,0;1;2;3;4;5;6;7;8;9;10;11,STRUCTURAL_ZERO;STRUCTURAL_ZERO;STRUCTURAL_ZERO;STRUCTURAL_ZERO;STRUCTURAL_ZERO;STRUCTURAL_ZERO;STRUCTURAL_ZERO;STRUCTURAL_ZERO;STRUCTURAL_ZERO;STRUCTURAL_ZERO;STRUCTURAL_ZERO;STRUCTURAL_ZERO,12,0,0,,OK
red2_6800:775,,infeasible;infeasible;infeasible;infeasible;infeasible;infeasible;infeasible;infeasible;infeasible;infeasible;infeasible;infeasible,0;0;0;0;0;0;0;0;0;0;0;0,infeasible;infeasible;infeasible;infeasible;infeasible;infeasible;infeasible;infeasible;infeasible;infeasible;infeasible;infeasible,infeasible;infeasible;infeasible;infeasible;infeasible;infeasible;infeasible;infeasible;infeasible;infeasible;infeasible;infeasible,0;1;2;3;4;5;6;7;8;9;10;11,STRUCTURAL_ZERO;STRUCTURAL_ZERO;STRUCTURAL_ZERO;STRUCTURAL_ZERO;STRUCTURAL_ZERO;STRUCTURAL_ZERO;STRUCTURAL_ZERO;STRUCTURAL_ZERO;STRUCTURAL_ZERO;STRUCTURAL_ZERO;STRUCTURAL_ZERO;STRUCTURAL_ZERO,12,0,0,,OK
red2_6800:776,,infeasible;infeasible;infeasible;infeasible;infeasible;infeasible;infeasible;infeasible;infeasible;infeasible;infeasible;infeasible,0;0;0;0;0;0;0;0;0;0;0;0,infeasible;infeasible;infeasible;infeasible;infeasible;infeasible;infeasible;infeasible;infeasible;infeasible;infeasible;infeasible,infeasible;infeasible;infeasible;infeasible;infeasible;infeasible;infeasible;infeasible;infeasible;infeasible;infeasible;infeasible,0;1;2;3;4;5;6;7;8;9;10;11,STRUCTURAL_ZERO;STRUCTURAL_ZERO;STRUCTURAL_ZERO;STRUCTURAL_ZERO;STRUCTURAL_ZERO;STRUCTURAL_ZERO;STRUCTURAL_ZERO;STRUCTURAL_ZERO;STRUCTURAL_ZERO;STRUCTURAL_ZERO;STRUCTURAL_ZERO;STRUCTURAL_ZERO,12,0,0,,OK
red2_6800:777,,infeasible;optimal;optimal;optimal;optimal;optimal;optimal;optimal;optimal;optimal;optimal;optimal,0;0.1078;0.5974;0.8161;1.13;1.371;1.414;1.434;1.389;1.303;1.042;0.08804,infeasible;optimal;optimal;optimal;optimal;optimal;optimal;optimal;optimal;optimal;optimal;optimal,infeasible;optimal;optimal;optimal;optimal;optimal;optimal;optimal;optimal;optimal;optimal;optimal,0,STRUCTURAL_ZERO,1,0,0,,OK
red2_6800:778,,infeasible;infeasible;infeasible;infeasible;infeasible;infeasible;infeasible;infeasible;infeasible;infeasible;infeasible;infeasible,0;0;0;0;0;0;0;0;0;0;0;0,infeasible;infeasible;infeasible;infeasible;infeasible;infeasible;infeasible;infeasible;infeasible;infeasible;infeasible;infeasible,infeasible;infeasible;infeasible;infeasible;infeasible;infeasible;infeasible;infeasible;infeasible;infeasible;infeasible;infeasible,0;1;2;3;4;5;6;7;8;9;10;11,STRUCTURAL_ZERO;STRUCTURAL_ZERO;STRUCTURAL_ZERO;STRUCTURAL_ZERO;STRUCTURAL_ZERO;STRUCTURAL_ZERO;STRUCTURAL_ZERO;STRUCTURAL_ZERO;STRUCTURAL_ZERO;STRUCTURAL_ZERO;STRUCTURAL_ZERO;STRUCTURAL_ZERO,12,0,0,,OK
red2_6800:779,,infeasible;infeasible;infeasible;infeasible;infeasible;infeasible;infeasible;infeasible;infeasible;infeasible;infeasible;infeasible,0;0;0;0;0;0;0;0;0;0;0;0,infeasible;infeasible;infeasible;infeasible;infeasible;infeasible;infeasible;infeasible;infeasible;infeasible;infeasible;infeasible,infeasible;infeasible;infeasible;infeasible;infeasible;infeasible;infeasible;infeasible;infeasible;infeasible;infeasible;infeasible,0;1;2;3;4;5;6;7;8;9;10;11,STRUCTURAL_ZERO;STRUCTURAL_ZERO;STRUCTURAL_ZERO;STRUCTURAL_ZERO;STRUCTURAL_ZERO;STRUCTURAL_ZERO;STRUCTURAL_ZERO;STRUCTURAL_ZERO;STRUCTURAL_ZERO;STRUCTURAL_ZERO;STRUCTURAL_ZERO;STRUCTURAL_ZERO,12,0,0,,OK
red2_6800:780,,infeasible;optimal;optimal;optimal;optimal;optimal;optimal;optimal;optimal;optimal;optimal;optimal,0;0.09893;0.4692;0.7129;1.161;1.482;1.5;1.445;1.272;1.021;0.7435;0.1706,infeasible;optimal;optimal;optimal;optimal;optimal;optimal;optimal;optimal;optimal;optimal;optimal,infeasible;optimal;optimal;optimal;optimal;optimal;optimal;optimal;optimal;optimal;optimal;optimal,0,STRUCTURAL_ZERO,1,0,0,,OK
red2_6800:781,,infeasible;infeasible;infeasible;infeasible;infeasible;infeasible;infeasible;infeasible;infeasible;infeasible;infeasible;infeasible,0;0;0;0;0;0;0;0;0;0;0;0,infeasible;infeasible;infeasible;infeasible;infeasible;infeasible;infeasible;infeasible;infeasible;infeasible;infeasible;infeasible,infeasible;infeasible;infeasible;infeasible;infeasible;infeasible;infeasible;infeasible;infeasible;infeasible;infeasible;infeasible,0;1;2;3;4;5;6;7;8;9;10;11,STRUCTURAL_ZERO;STRUCTURAL_ZERO;STRUCTURAL_ZERO;STRUCTURAL_ZERO;STRUCTURAL_ZERO;STRUCTURAL_ZERO;STRUCTURAL_ZERO;STRUCTURAL_ZERO;STRUCTURAL_ZERO;STRUCTURAL_ZERO;STRUCTURAL_ZERO;STRUCTURAL_ZERO,12,0,0,,OK
red2_6800:782,,infeasible;infeasible;infeasible;infeasible;infeasible;infeasible;infeasible;infeasible;infeasible;infeasible;infeasible;infeasible,0;0;0;0;0;0;0;0;0;0;0;0,infeasible;infeasible;infeasible;infeasible;infeasible;infeasible;infeasible;infeasible;infeasible;infeasible;infeasible;infeasible,infeasible;infeasible;infeasible;infeasible;infeasible;infeasible;infeasible;infeasible;infeasible;infeasible;infeasible;infeasible,0;1;2;3;4;5;6;7;8;9;10;11,STRUCTURAL_ZERO;STRUCTURAL_ZERO;STRUCTURAL_ZERO;STRUCTURAL_ZERO;STRUCTURAL_ZERO;STRUCTURAL_ZERO;STRUCTURAL_ZERO;STRUCTURAL_ZERO;STRUCTURAL_ZERO;STRUCTURAL_ZERO;STRUCTURAL_ZERO;STRUCTURAL_ZERO,12,0,0,,OK
red2_6800:783,,infeasible;infeasible;infeasible;infeasible;infeasible;infeasible;infeasible;infeasible;infeasible;infeasible;infeasible;infeasible,0;0;0;0;0;0;0;0;0;0;0;0,infeasible;infeasible;infeasible;infeasible;infeasible;infeasible;infeasible;infeasible;infeasible;infeasible;infeasible;infeasible,infeasible;infeasible;infeasible;infeasible;infeasible;infeasible;infeasible;infeasible;infeasible;infeasible;infeasible;infeasible,0;1;2;3;4;5;6;7;8;9;10;11,STRUCTURAL_ZERO;STRUCTURAL_ZERO;STRUCTURAL_ZERO;STRUCTURAL_ZERO;STRUCTURAL_ZERO;STRUCTURAL_ZERO;STRUCTURAL_ZERO;STRUCTURAL_ZERO;STRUCTURAL_ZERO;STRUCTURAL_ZERO;STRUCTURAL_ZERO;STRUCTURAL_ZERO,12,0,0,,OK
red2_6800:784,,infeasible;infeasible;infeasible;infeasible;infeasible;infeasible;infeasible;infeasible;infeasible;infeasible;infeasible;infeasible,0;0;0;0;0;0;0;0;0;0;0;0,infeasible;infeasible;infeasible;infeasible;infeasible;infeasible;infeasible;infeasible;infeasible;infeasible;infeasible;infeasible,infeasible;infeasible;infeasible;infeasible;infeasible;infeasible;infeasible;infeasible;infeasible;infeasible;infeasible;infeasible,0;1;2;3;4;5;6;7;8;9;10;11,STRUCTURAL_ZERO;STRUCTURAL_ZERO;STRUCTURAL_ZERO;STRUCTURAL_ZERO;STRUCTURAL_ZERO;STRUCTURAL_ZERO;STRUCTURAL_ZERO;STRUCTURAL_ZERO;STRUCTURAL_ZERO;STRUCTURAL_ZERO;STRUCTURAL_ZERO;STRUCTURAL_ZERO,12,0,0,,OK
red2_6800:785,,infeasible;infeasible;infeasible;infeasible;infeasible;infeasible;infeasible;infeasible;infeasible;infeasible;infeasible;infeasible,0;0;0;0;0;0;0;0;0;0;0;0,infeasible;infeasible;infeasible;infeasible;infeasible;infeasible;infeasible;infeasible;infeasible;infeasible;infeasible;infeasible,infeasible;infeasible;infeasible;infeasible;infeasible;infeasible;infeasible;infeasible;infeasible;infeasible;infeasible;infeasible,0;1;2;3;4;5;6;7;8;9;10;11,STRUCTURAL_ZERO;STRUCTURAL_ZERO;STRUCTURAL_ZERO;STRUCTURAL_ZERO;STRUCTURAL_ZERO;STRUCTURAL_ZERO;STRUCTURAL_ZERO;STRUCTURAL_ZERO;STRUCTURAL_ZERO;STRUCTURAL_ZERO;STRUCTURAL_ZERO;STRUCTURAL_ZERO,12,0,0,,OK
red2_6800:786,,infeasible;infeasible;infeasible;infeasible;infeasible;infeasible;infeasible;infeasible;infeasible;infeasible;infeasible;infeasible,0;0;0;0;0;0;0;0;0;0;0;0,infeasible;infeasible;infeasible;infeasible;infeasible;infeasible;infeasible;infeasible;infeasible;infeasible;infeasible;infeasible,infeasible;infeasible;infeasible;infeasible;infeasible;infeasible;infeasible;infeasible;infeasible;infeasible;infeasible;infeasible,0;1;2;3;4;5;6;7;8;9;10;11,STRUCTURAL_ZERO;STRUCTURAL_ZERO;STRUCTURAL_ZERO;STRUCTURAL_ZERO;STRUCTURAL_ZERO;STRUCTURAL_ZERO;STRUCTURAL_ZERO;STRUCTURAL_ZERO;STRUCTURAL_ZERO;STRUCTURAL_ZERO;STRUCTURAL_ZERO;STRUCTURAL_ZERO,12,0,0,,OK
red2_6800:787,,infeasible;infeasible;infeasible;infeasible;infeasible;infeasible;infeasible;infeasible;infeasible;infeasible;infeasible;infeasible,0;0;0;0;0;0;0;0;0;0;0;0,infeasible;infeasible;infeasible;infeasible;infeasible;infeasible;infeasible;infeasible;infeasible;infeasible;infeasible;infeasible,infeasible;infeasible;infeasible;infeasible;infeasible;infeasible;infeasible;infeasible;infeasible;infeasible;infeasible;infeasible,0;1;2;3;4;5;6;7;8;9;10;11,STRUCTURAL_ZERO;STRUCTURAL_ZERO;STRUCTURAL_ZERO;STRUCTURAL_ZERO;STRUCTURAL_ZERO;STRUCTURAL_ZERO;STRUCTURAL_ZERO;STRUCTURAL_ZERO;STRUCTURAL_ZERO;STRUCTURAL_ZERO;STRUCTURAL_ZERO;STRUCTURAL_ZERO,12,0,0,,OK
red2_6800:788,,infeasible;infeasible;infeasible;infeasible;infeasible;infeasible;infeasible;infeasible;infeasible;infeasible;infeasible;infeasible,0;0;0;0;0;0;0;0;0;0;0;0,infeasible;infeasible;infeasible;infeasible;infeasible;infeasible;infeasible;infeasible;infeasible;infeasible;infeasible;infeasible,infeasible;infeasible;infeasible;infeasible;infeasible;infeasible;infeasible;infeasible;infeasible;infeasible;infeasible;infeasible,0;1;2;3;4;5;6;7;8;9;10;11,STRUCTURAL_ZERO;STRUCTURAL_ZERO;STRUCTURAL_ZERO;STRUCTURAL_ZERO;STRUCTURAL_ZERO;STRUCTURAL_ZERO;STRUCTURAL_ZERO;STRUCTURAL_ZERO;STRUCTURAL_ZERO;STRUCTURAL_ZERO;STRUCTURAL_ZERO;STRUCTURAL_ZERO,12,0,0,,OK
red2_6800:789,,infeasible;infeasible;infeasible;infeasible;infeasible;infeasible;infeasible;infeasible;infeasible;infeasible;infeasible;infeasible,0;0;0;0;0;0;0;0;0;0;0;0,infeasible;infeasible;infeasible;infeasible;infeasible;infeasible;infeasible;infeasible;infeasible;infeasible;infeasible;infeasible,infeasible;infeasible;infeasible;infeasible;infeasible;infeasible;infeasible;infeasible;infeasible;infeasible;infeasible;infeasible,0;1;2;3;4;5;6;7;8;9;10;11,STRUCTURAL_ZERO;STRUCTURAL_ZERO;STRUCTURAL_ZERO;STRUCTURAL_ZERO;STRUCTURAL_ZERO;STRUCTURAL_ZERO;STRUCTURAL_ZERO;STRUCTURAL_ZERO;STRUCTURAL_ZERO;STRUCTURAL_ZERO;STRUCTURAL_ZERO;STRUCTURAL_ZERO,12,0,0,,OK
red2_6800:790,,infeasible;infeasible;infeasible;infeasible;infeasible;infeasible;infeasible;infeasible;infeasible;infeasible;infeasible;infeasible,0;0;0;0;0;0;0;0;0;0;0;0,infeasible;infeasible;infeasible;infeasible;infeasible;infeasible;infeasible;infeasible;infeasible;infeasible;infeasible;infeasible,infeasible;infeasible;infeasible;infeasible;infeasible;infeasible;infeasible;infeasible;infeasible;infeasible;infeasible;infeasible,0;1;2;3;4;5;6;7;8;9;10;11,STRUCTURAL_ZERO;STRUCTURAL_ZERO;STRUCTURAL_ZERO;STRUCTURAL_ZERO;STRUCTURAL_ZERO;STRUCTURAL_ZERO;STRUCTURAL_ZERO;STRUCTURAL_ZERO;STRUCTURAL_ZERO;STRUCTURAL_ZERO;STRUCTURAL_ZERO;STRUCTURAL_ZERO,12,0,0,,OK
red2_6800:791,,infeasible;infeasible;infeasible;infeasible;infeasible;infeasible;infeasible;infeasible;infeasible;infeasible;infeasible;infeasible,0;0;0;0;0;0;0;0;0;0;0;0,infeasible;infeasible;infeasible;infeasible;infeasible;infeasible;infeasible;infeasible;infeasible;infeasible;infeasible;infeasible,infeasible;infeasible;infeasible;infeasible;infeasible;infeasible;infeasible;infeasible;infeasible;infeasible;infeasible;infeasible,0;1;2;3;4;5;6;7;8;9;10;11,STRUCTURAL_ZERO;STRUCTURAL_ZERO;STRUCTURAL_ZERO;STRUCTURAL_ZERO;STRUCTURAL_ZERO;STRUCTURAL_ZERO;STRUCTURAL_ZERO;STRUCTURAL_ZERO;STRUCTURAL_ZERO;STRUCTURAL_ZERO;STRUCTURAL_ZERO;STRUCTURAL_ZERO,12,0,0,,OK
red2_6800:792,,infeasible;infeasible;infeasible;infeasible;infeasible;infeasible;infeasible;infeasible;infeasible;infeasible;infeasible;infeasible,0;0;0;0;0;0;0;0;0;0;0;0,infeasible;infeasible;infeasible;infeasible;infeasible;infeasible;infeasible;infeasible;infeasible;infeasible;infeasible;infeasible,infeasible;infeasible;infeasible;infeasible;infeasible;infeasible;infeasible;infeasible;infeasible;infeasible;infeasible;infeasible,0;1;2;3;4;5;6;7;8;9;10;11,STRUCTURAL_ZERO;STRUCTURAL_ZERO;STRUCTURAL_ZERO;STRUCTURAL_ZERO;STRUCTURAL_ZERO;STRUCTURAL_ZERO;STRUCTURAL_ZERO;STRUCTURAL_ZERO;STRUCTURAL_ZERO;STRUCTURAL_ZERO;STRUCTURAL_ZERO;STRUCTURAL_ZERO,12,0,0,,OK
red2_6800:793,,infeasible;infeasible;infeasible;infeasible;infeasible;infeasible;infeasible;infeasible;infeasible;infeasible;infeasible;infeasible,0;0;0;0;0;0;0;0;0;0;0;0,infeasible;infeasible;infeasible;infeasible;infeasible;infeasible;infeasible;infeasible;infeasible;infeasible;infeasible;infeasible,infeasible;infeasible;infeasible;infeasible;infeasible;infeasible;infeasible;infeasible;infeasible;infeasible;infeasible;infeasible,0;1;2;3;4;5;6;7;8;9;10;11,STRUCTURAL_ZERO;STRUCTURAL_ZERO;STRUCTURAL_ZERO;STRUCTURAL_ZERO;STRUCTURAL_ZERO;STRUCTURAL_ZERO;STRUCTURAL_ZERO;STRUCTURAL_ZERO;STRUCTURAL_ZERO;STRUCTURAL_ZERO;STRUCTURAL_ZERO;STRUCTURAL_ZERO,12,0,0,,OK
red2_6800:794,,infeasible;infeasible;infeasible;infeasible;infeasible;infeasible;infeasible;infeasible;infeasible;infeasible;infeasible;infeasible,0;0;0;0;0;0;0;0;0;0;0;0,infeasible;infeasible;infeasible;infeasible;infeasible;infeasible;infeasible;infeasible;infeasible;infeasible;infeasible;infeasible,infeasible;infeasible;infeasible;infeasible;infeasible;infeasible;infeasible;infeasible;infeasible;infeasible;infeasible;infeasible,0;1;2;3;4;5;6;7;8;9;10;11,STRUCTURAL_ZERO;STRUCTURAL_ZERO;STRUCTURAL_ZERO;STRUCTURAL_ZERO;STRUCTURAL_ZERO;STRUCTURAL_ZERO;STRUCTURAL_ZERO;STRUCTURAL_ZERO;STRUCTURAL_ZERO;STRUCTURAL_ZERO;STRUCTURAL_ZERO;STRUCTURAL_ZERO,12,0,0,,OK
red2_6800:795,,infeasible;infeasible;infeasible;infeasible;infeasible;infeasible;infeasible;infeasible;infeasible;infeasible;infeasible;infeasible,0;0;0;0;0;0;0;0;0;0;0;0,infeasible;infeasible;infeasible;infeasible;infeasible;infeasible;infeasible;infeasible;infeasible;infeasible;infeasible;infeasible,infeasible;infeasible;infeasible;infeasible;infeasible;infeasible;infeasible;infeasible;infeasible;infeasible;infeasible;infeasible,0;1;2;3;4;5;6;7;8;9;10;11,STRUCTURAL_ZERO;STRUCTURAL_ZERO;STRUCTURAL_ZERO;STRUCTURAL_ZERO;STRUCTURAL_ZERO;STRUCTURAL_ZERO;STRUCTURAL_ZERO;STRUCTURAL_ZERO;STRUCTURAL_ZERO;STRUCTURAL_ZERO;STRUCTURAL_ZERO;STRUCTURAL_ZERO,12,0,0,,OK
red2_6800:796,,infeasible;infeasible;infeasible;infeasible;infeasible;infeasible;infeasible;infeasible;infeasible;infeasible;infeasible;infeasible,0;0;0;0;0;0;0;0;0;0;0;0,infeasible;infeasible;infeasible;infeasible;infeasible;infeasible;infeasible;infeasible;infeasible;infeasible;infeasible;infeasible,infeasible;infeasible;infeasible;infeasible;infeasible;infeasible;infeasible;infeasible;infeasible;infeasible;infeasible;infeasible,0;1;2;3;4;5;6;7;8;9;10;11,STRUCTURAL_ZERO;STRUCTURAL_ZERO;STRUCTURAL_ZERO;STRUCTURAL_ZERO;STRUCTURAL_ZERO;STRUCTURAL_ZERO;STRUCTURAL_ZERO;STRUCTURAL_ZERO;STRUCTURAL_ZERO;STRUCTURAL_ZERO;STRUCTURAL_ZERO;STRUCTURAL_ZERO,12,0,0,,OK
red2_6800:797,,infeasible;infeasible;infeasible;infeasible;infeasible;infeasible;infeasible;infeasible;infeasible;infeasible;infeasible;infeasible,0;0;0;0;0;0;0;0;0;0;0;0,infeasible;infeasible;infeasible;infeasible;infeasible;infeasible;infeasible;infeasible;infeasible;infeasible;infeasible;infeasible,infeasible;infeasible;infeasible;infeasible;infeasible;infeasible;infeasible;infeasible;infeasible;infeasible;infeasible;infeasible,0;1;2;3;4;5;6;7;8;9;10;11,STRUCTURAL_ZERO;STRUCTURAL_ZERO;STRUCTURAL_ZERO;STRUCTURAL_ZERO;STRUCTURAL_ZERO;STRUCTURAL_ZERO;STRUCTURAL_ZERO;STRUCTURAL_ZERO;STRUCTURAL_ZERO;STRUCTURAL_ZERO;STRUCTURAL_ZERO;STRUCTURAL_ZERO,12,0,0,,OK
red2_6800:798,,infeasible;infeasible;infeasible;infeasible;infeasible;infeasible;infeasible;infeasible;infeasible;infeasible;infeasible;infeasible,0;0;0;0;0;0;0;0;0;0;0;0,infeasible;infeasible;infeasible;infeasible;infeasible;infeasible;infeasible;infeasible;infeasible;infeasible;infeasible;infeasible,infeasible;infeasible;infeasible;infeasible;infeasible;infeasible;infeasible;infeasible;infeasible;infeasible;infeasible;infeasible,0;1;2;3;4;5;6;7;8;9;10;11,STRUCTURAL_ZERO;STRUCTURAL_ZERO;STRUCTURAL_ZERO;STRUCTURAL_ZERO;STRUCTURAL_ZERO;STRUCTURAL_ZERO;STRUCTURAL_ZERO;STRUCTURAL_ZERO;STRUCTURAL_ZERO;STRUCTURAL_ZERO;STRUCTURAL_ZERO;STRUCTURAL_ZERO,12,0,0,,OK
red2_6800:799,,infeasible;infeasible;infeasible;infeasible;infeasible;infeasible;infeasible;infeasible;infeasible;infeasible;infeasible;infeasible,0;0;0;0;0;0;0;0;0;0;0;0,infeasible;infeasible;infeasible;infeasible;infeasible;infeasible;infeasible;infeasible;infeasible;infeasible;infeasible;infeasible,infeasible;infeasible;infeasible;infeasible;infeasible;infeasible;infeasible;infeasible;infeasible;infeasible;infeasible;infeasible,0;1;2;3;4;5;6;7;8;9;10;11,STRUCTURAL_ZERO;STRUCTURAL_ZERO;STRUCTURAL_ZERO;STRUCTURAL_ZERO;STRUCTURAL_ZERO;STRUCTURAL_ZERO;STRUCTURAL_ZERO;STRUCTURAL_ZERO;STRUCTURAL_ZERO;STRUCTURAL_ZERO;STRUCTURAL_ZERO;STRUCTURAL_ZERO,12,0,0,,OK
P12:worst(b5),,optimal;optimal;optimal;optimal;optimal;optimal;optimal;optimal;optimal;optimal;optimal;optimal,0.2307;0.4808;0.7668;0.86;0.9701;0.9427;0.6991;0.001336;0.0006723;0.0005955;0.0002535;4.707e-05,,,,,0,0,0,,OK
P12:B(b3),,infeasible;infeasible;infeasible;infeasible;infeasible;infeasible;infeasible;infeasible;infeasible;infeasible;infeasible;optimal,0;0;0;0;0;0;0;0;0;0;0;0.0001,infeasible;infeasible;infeasible;infeasible;infeasible;infeasible;infeasible;infeasible;infeasible;infeasible;infeasible;optimal,infeasible;infeasible;infeasible;infeasible;infeasible;infeasible;infeasible;infeasible;infeasible;infeasible;infeasible;optimal,0;1;2;3;4;5;6;7;8;9;10,STRUCTURAL_ZERO;STRUCTURAL_ZERO;STRUCTURAL_ZERO;STRUCTURAL_ZERO;STRUCTURAL_ZERO;STRUCTURAL_ZERO;STRUCTURAL_ZERO;STRUCTURAL_ZERO;STRUCTURAL_ZERO;STRUCTURAL_ZERO;STRUCTURAL_ZERO,11,0,0,,OK
"P12:big(b6,n=2)",,optimal;optimal;optimal;optimal;optimal;optimal;optimal;optimal;optimal;optimal;optimal;optimal,0.1411;0.4215;0.7833;0.9204;1.108;1.282;1.257;0.9548;0.001835;0.0007773;0.0006984;0.0002377,,,,,0,0,0,,OK
P12:Bstar(b8),,optimal;optimal;optimal;optimal;optimal;optimal;optimal;optimal;optimal;optimal;optimal;optimal,0.0001;0.0942;0.5339;0.7989;1.182;1.542;1.633;1.714;1.668;1.265;0.4355;0.001829,,,,,0,0,0,,OK
P12:P4(b13),,optimal;optimal;optimal;optimal;optimal;optimal;optimal;optimal;optimal;optimal;optimal;optimal,0.01583;0.1331;0.5455;0.8191;1.197;1.518;1.592;1.669;1.645;1.446;0.412;0.001069,,,,,0,0,0,,OK
P12:p81(b7),,optimal;optimal;optimal;optimal;optimal;optimal;optimal;optimal;optimal;optimal;optimal;optimal,9.957e-05;0.08638;0.5065;0.7698;1.19;1.583;1.672;1.746;1.696;1.313;0.4309;0.002046,,,,,0,0,0,,OK
P12:A(b20),,optimal;optimal;optimal;optimal;optimal;optimal;optimal;optimal;optimal;optimal;optimal;optimal,0.0001;0.1241;0.5043;0.7448;1.19;1.592;1.689;1.745;1.695;1.271;0.4017;0.0009035,,,,,0,0,0,,OK
"P12:big(b9,n=3)",,optimal;optimal;optimal;optimal;optimal;optimal;optimal;optimal;optimal;optimal;optimal;optimal,0.09326;0.1107;0.4419;0.7974;1.281;1.564;1.608;1.638;1.594;1.405;0.4442;0.001438,,,,,0,0,0,,OK
P12:p50(b19),,optimal;optimal;optimal;optimal;optimal;optimal;optimal;optimal;optimal;optimal;optimal;optimal,0.04082;0.1937;0.5689;0.7858;1.15;1.541;1.629;1.714;1.669;1.421;0.4219;0.0007292,,,,,0,0,0,,OK
P12:p38(b22),,optimal;optimal;optimal;optimal;optimal;optimal;optimal;optimal;optimal;optimal;optimal;optimal,0.0001;0.1243;0.4995;0.7368;1.169;1.564;1.661;1.713;1.663;1.211;0.4334;0.0008725,,,,,0,0,0,,OK
"P12:big(b10,n=64)",,optimal;optimal;optimal;optimal;optimal;optimal;optimal;optimal;optimal;optimal;optimal;optimal,0.01444;0.1075;0.5537;0.8327;1.178;1.508;1.581;1.65;1.631;1.447;0.4419;0.001359,,,,,0,0,0,,OK
P12:p83(b21),,optimal;optimal;optimal;optimal;optimal;optimal;optimal;optimal;optimal;optimal;optimal;optimal,0.02585;0.16;0.5511;0.7843;1.172;1.55;1.638;1.734;1.69;1.36;0.4061;0.000841,,,,,0,0,0,,OK
