label,saved_status,rung1,growth,rung2,rung3,nonoptimal_T,classes,n_structural_zero,n_unresolved,n_resolved_on_retry,agrees_with_saved,status
red2_6800:490,,infeasible;infeasible;infeasible;infeasible;infeasible;infeasible;infeasible;infeasible;infeasible;infeasible;infeasible;infeasible,0;0;0;0;0;0;0;0;0;0;0;0,infeasible;infeasible;infeasible;infeasible;infeasible;infeasible;infeasible;infeasible;infeasible;infeasible;infeasible;infeasible,infeasible;infeasible;infeasible;infeasible;infeasible;infeasible;infeasible;infeasible;infeasible;infeasible;infeasible;infeasible,0;1;2;3;4;5;6;7;8;9;10;11,STRUCTURAL_ZERO;STRUCTURAL_ZERO;STRUCTURAL_ZERO;STRUCTURAL_ZERO;STRUCTURAL_ZERO;STRUCTURAL_ZERO;STRUCTURAL_ZERO;STRUCTURAL_ZERO;STRUCTURAL_ZERO;STRUCTURAL_ZERO;STRUCTURAL_ZERO;STRUCTURAL_ZERO,12,0,0,,OK
red2_6800:491,,infeasible;infeasible;infeasible;infeasible;infeasible;infeasible;infeasible;infeasible;infeasible;infeasible;infeasible;infeasible,0;0;0;0;0;0;0;0;0;0;0;0,infeasible;infeasible;infeasible;infeasible;infeasible;infeasible;infeasible;infeasible;infeasible;infeasible;infeasible;infeasible,infeasible;infeasible;infeasible;infeasible;infeasible;infeasible;infeasible;infeasible;infeasible;infeasible;infeasible;infeasible,0;1;2;3;4;5;6;7;8;9;10;11,STRUCTURAL_ZERO;STRUCTURAL_ZERO;STRUCTURAL_ZERO;STRUCTURAL_ZERO;STRUCTURAL_ZERO;STRUCTURAL_ZERO;STRUCTURAL_ZERO;STRUCTURAL_ZERO;STRUCTURAL_ZERO;STRUCTURAL_ZERO;STRUCTURAL_ZERO;STRUCTURAL_ZERO,12,0,0,,OK
red2_6800:492,,infeasible;infeasible;infeasible;infeasible;infeasible;infeasible;infeasible;infeasible;infeasible;infeasible;infeasible;infeasible,0;0;0;0;0;0;0;0;0;0;0;0,infeasible;infeasible;infeasible;infeasible;infeasible;infeasible;infeasible;infeasible;infeasible;infeasible;infeasible;infeasible,infeasible;infeasible;infeasible;infeasible;infeasible;infeasible;infeasible;infeasible;infeasible;infeasible;infeasible;infeasible,0;1;2;3;4;5;6;7;8;9;10;11,STRUCTURAL_ZERO;STRUCTURAL_ZERO;STRUCTURAL_ZERO;STRUCTURAL_ZERO;STRUCTURAL_ZERO;STRUCTURAL_ZERO;STRUCTURAL_ZERO;STRUCTURAL_ZERO;STRUCTURAL_ZERO;STRUCTURAL_ZERO;STRUCTURAL_ZERO;STRUCTURAL_ZERO,12,0,0,,OK
red2_6800:493,,infeasible;infeasible;infeasible;infeasible;infeasible;infeasible;infeasible;infeasible;infeasible;infeasible;infeasible;infeasible,0;0;0;0;0;0;0;0;0;0;0;0,infeasible;infeasible;infeasible;infeasible;infeasible;infeasible;infeasible;infeasible;infeasible;infeasible;infeasible;infeasible,infeasible;infeasible;infeasible;infeasible;infeasible;infeasible;infeasible;infeasible;infeasible;infeasible;infeasible;infeasible,0;1;2;3;4;5;6;7;8;9;10;11,STRUCTURAL_ZERO;STRUCTURAL_ZERO;STRUCTURAL_ZERO;STRUCTURAL_ZERO;STRUCTURAL_ZERO;STRUCTURAL_ZERO;STRUCTURAL_ZERO;STRUCTURAL_ZERO;STRUCTURAL_ZERO;STRUCTURAL_ZERO;STRUCTURAL_ZERO;STRUCTURAL_ZERO,12,0,0,,OK
red2_6800:494,,infeasible;infeasible;infeasible;infeasible;infeasible;infeasible;infeasible;infeasible;infeasible;infeasible;infeasible;infeasible,0;0;0;0;0;0;0;0;0;0;0;0,infeasible;infeasible;infeasible;infeasible;infeasible;infeasible;infeasible;infeasible;infeasible;infeasible;infeasible;infeasible,infeasible;infeasible;infeasible;infeasible;infeasible;infeasible;infeasible;infeasible;infeasible;infeasible;infeasible;infeasible,0;1;2;3;4;5;6;7;8;9;10;11,STRUCTURAL_ZERO;STRUCTURAL_ZERO;STRUCTURAL_ZERO;STRUCTURAL_ZERO;STRUCTURAL_ZERO;STRUCTURAL_ZERO;STRUCTURAL_ZERO;STRUCTURAL_ZERO;STRUCTURAL_ZERO;STRUCTURAL_ZERO;STRUCTURAL_ZERO;STRUCTURAL_ZERO,12,0,0,,OK
red2_6800:495,,infeasible;infeasible;infeasible;infeasible;infeasible;infeasible;infeasible;infeasible;infeasible;infeasible;infeasible;infeasible,0;0;0;0;0;0;0;0;0;0;0;0,infeasible;infeasible;infeasible;infeasible;infeasible;infeasible;infeasible;infeasible;infeasible;infeasible;infeasible;infeasible,infeasible;infeasible;infeasible;infeasible;infeasible;infeasible;infeasible;infeasible;infeasible;infeasible;infeasible;infeasible,0;1;2;3;4;5;6;7;8;9;10;11,STRUCTURAL_ZERO;STRUCTURAL_ZERO;STRUCTURAL_ZERO;STRUCTURAL_ZERO;STRUCTURAL_ZERO;STRUCTURAL_ZERO;STRUCTURAL_ZERO;STRUCTURAL_ZERO;STRUCTURAL_ZERO;STRUCTURAL_ZERO;STRUCTURAL_ZERO;STRUCTURAL_ZERO,12,0,0,,OK
red2_6800:496,,infeasible;infeasible;infeasible;infeasible;infeasible;infeasible;infeasible;infeasible;infeasible;infeasible;infeasible;infeasible,0;0;0;0;0;0;0;0;0;0;0;0,infeasible;infeasible;infeasible;infeasible;infeasible;infeasible;infeasible;infeasible;infeasible;infeasible;infeasible;infeasible,infeasible;infeasible;infeasible;infeasible;infeasible;infeasible;infeasible;infeasible;infeasible;infeasible;infeasible;infeasible,0;1;2;3;4;5;6;7;8;9;10;11,STRUCTURAL_ZERO;STRUCTURAL_ZERO;STRUCTURAL_ZERO;STRUCTURAL_ZERO;STRUCTURAL_ZERO;STRUCTURAL_ZERO;STRUCTURAL_ZERO;STRUCTURAL_ZERO;STRUCTURAL_ZERO;STRUCTURAL_ZERO;STRUCTURAL_ZERO;STRUCTURAL_ZERO,12,0,0,,OK
red2_6800:497,,infeasible;infeasible;infeasible;infeasible;infeasible;infeasible;infeasible;infeasible;infeasible;infeasible;infeasible;infeasible,0;0;0;0;0;0;0;0;0;0;0;0,infeasible;infeasible;infeasible;infeasible;infeasible;infeasible;infeasible;infeasible;infeasible;infeasible;infeasible;infeasible,infeasible;infeasible;infeasible;infeasible;infeasible;infeasible;infeasible;infeasible;infeasible;infeasible;infeasible;infeasible,0;1;2;3;4;5;6;7;8;9;10;11,STRUCTURAL_ZERO;STRUCTURAL_ZERO;STRUCTURAL_ZERO;STRUCTURAL_ZERO;STRUCTURAL_ZERO;STRUCTURAL_ZERO;STRUCTURAL_ZERO;STRUCTURAL_ZERO;STRUCTURAL_ZERO;STRUCTURAL_ZERO;STRUCTURAL_ZERO;STRUCTURAL_ZERO,12,0,0,,OK
red2_6800:498,,infeasible;infeasible;infeasible;infeasible;infeasible;infeasible;infeasible;infeasible;infeasible;infeasible;infeasible;infeasible,0;0;0;0;0;0;0;0;0;0;0;0,infeasible;infeasible;infeasible;infeasible;infeasible;infeasible;infeasible;infeasible;infeasible;infeasible;infeasible;infeasible,infeasible;infeasible;infeasible;infeasible;infeasible;infeasible;infeasible;infeasible;infeasible;infeasible;infeasible;infeasible,0;1;2;3;4;5;6;7;8;9;10;11,STRUCTURAL_ZERO;STRUCTURAL_ZERO;STRUCTURAL_ZERO;STRUCTURAL_ZERO;STRUCTURAL_ZERO;STRUCTURAL_ZERO;STRUCTURAL_ZERO;STRUCTURAL_ZERO;STRUCTURAL_ZERO;STRUCTURAL_ZERO;STRUCTURAL_ZERO;STRUCTURAL_ZERO,12,0,0,,OK
red2_6800:499,,infeasible;infeasible;infeasible;infeasible;infeasible;infeasible;infeasible;infeasible;infeasible;infeasible;infeasible;infeasible,0;0;0;0;0;0;0;0;0;0;0;0,infeasible;infeasible;infeasible;infeasible;infeasible;infeasible;infeasible;infeasible;infeasible;infeasible;infeasible;infeasible,infeasible;infeasible;infeasible;infeasible;infeasible;infeasible;infeasible;infeasible;infeasible;infeasible;infeasible;infeasible,0;1;2;3;4;5;6;7;8;9;10;11,STRUCTURAL_ZERO;STRUCTURAL_ZERO;STRUCTURAL_ZERO;STRUCTURAL_ZERO;STRUCTURAL_ZERO;STRUCTURAL_ZERO;STRUCTURAL_ZERO;STRUCTURAL_ZERO;STRUCTURAL_ZERO;STRUCTURAL_ZERO;STRUCTURAL_ZERO;STRUCTURAL_ZERO,12,0,0,,OK
red2_6800:500,,infeasible;infeasible;infeasible;infeasible;infeasible;infeasible;infeasible;infeasible;infeasible;infeasible;infeasible;infeasible,0;0;0;0;0;0;0;0;0;0;0;0,infeasible;infeasible;infeasible;infeasible;infeasible;infeasible;infeasible;infeasible;infeasible;infeasible;infeasible;infeasible,infeasible;infeasible;infeasible;infeasible;infeasible;infeasible;infeasible;infeasible;infeasible;infeasible;infeasible;infeasible,0;1;2;3;4;5;6;7;8;9;10;11,STRUCTURAL_ZERO;STRUCTURAL_ZERO;STRUCTURAL_ZERO;STRUCTURAL_ZERO;STRUCTURAL_ZERO;STRUCTURAL_ZERO;STRUCTURAL_ZERO;STRUCTURAL_ZERO;STRUCTURAL_ZERO;STRUCTURAL_ZERO;STRUCTURAL_ZERO;STRUCTURAL_ZERO,12,0,0,,OK
red2_6800:501,,infeasible;infeasible;infeasible;infeasible;infeasible;infeasible;infeasible;infeasible;infeasible;infeasible;infeasible;infeasible,0;0;0;0;0;0;0;0;0;0;0;0,infeasible;infeasible;infeasible;infeasible;infeasible;infeasible;infeasible;infeasible;infeasible;infeasible;infeasible;infeasible,infeasible;infeasible;infeasible;infeasible;infeasible;infeasible;infeasible;infeasible;infeasible;infeasible;infeasible;infeasible,0;1;2;3;4;5;6;7;8;9;10;11,STRUCTURAL_ZERO;STRUCTURAL_ZERO;STRUCTURAL_ZERO;STRUCTURAL_ZERO;STRUCTURAL_ZERO;STRUCTURAL_ZERO;STRUCTURAL_ZERO;STRUCTURAL_ZERO;STRUCTURAL_ZERO;STRUCTURAL_ZERO;STRUCTURAL_ZERO;STRUCTURAL_ZERO,12,0,0,,OK
red2_6800:502,,infeasible;infeasible;infeasible;infeasible;infeasible;infeasible;infeasible;infeasible;infeasible;infeasible;infeasible;infeasible,0;0;0;0;0;0;0;0;0;0;0;0,infeasible;infeasible;infeasible;infeasible;infeasible;infeasible;infeasible;infeasible;infeasible;infeasible;infeasible;infeasible,infeasible;infeasible;infeasible;infeasible;infeasible;infeasible;infeasible;infeasible;infeasible;infeasible;infeasible;infeasible,0;1;2;3;4;5;6;7;8;9;10;11,STRUCTURAL_ZERO;STRUCTURAL_ZERO;STRUCTURAL_ZERO;STRUCTURAL_ZERO;STRUCTURAL_ZERO;STRUCTURAL_ZERO;STRUCTURAL_ZERO;STRUCTURAL_ZERO;STRUCTURAL_ZERO;STRUCTURAL_ZERO;STRUCTURAL_ZERO;STRUCTURAL_ZERO,12,0,0,,OK
red2_6800:503,,infeasible;infeasible;infeasible;infeasible;infeasible;infeasible;infeasible;infeasible;infeasible;infeasible;infeasible;infeasible,0;0;0;0;0;0;0;0;0;0;0;0,infeasible;infeasible;infeasible;infeasible;infeasible;infeasible;infeasible;infeasible;infeasible;infeasible;infeasible;infeasible,infeasible;infeasible;infeasible;infeasible;infeasible;infeasible;infeasible;infeasible;infeasible;infeasible;infeasible;infeasible,0;1;2;3;4;5;6;7;8;9;10;11,STRUCTURAL_ZERO;STRUCTURAL_ZERO;STRUCTURAL_ZERO;STRUCTURAL_ZERO;STRUCTURAL_ZERO;STRUCTURAL_ZERO;STRUCTURAL_ZERO;STRUCTURAL_ZERO;STRUCTURAL_ZERO;STRUCTURAL_ZERO;STRUCTURAL_ZERO;STRUCTURAL_ZERO,12,0,0,,OK
red2_6800:504,,infeasible;infeasible;infeasible;infeasible;infeasible;infeasible;infeasible;infeasible;infeasible;infeasible;infeasible;infeasible,0;0;0;0;0;0;0;0;0;0;0;0,infeasible;infeasible;infeasible;infeasible;infeasible;infeasible;infeasible;infeasible;infeasible;infeasible;infeasible;infeasible,infeasible;infeasible;infeasible;infeasible;infeasible;infeasible;infeasible;infeasible;infeasible;infeasible;infeasible;infeasible,0;1;2;3;4;5;6;7;8;9;10;11,STRUCTURAL_ZERO;STRUCTURAL_ZERO;STRUCTURAL_ZERO;STRUCTURAL_ZERO;STRUCTURAL_ZERO;STRUCTURAL_ZERO;STRUCTURAL_ZERO;STRUCTURAL_ZERO;STRUCTURAL_ZERO;STRUCTURAL_ZERO;STRUCTURAL_ZERO;STRUCTURAL_ZERO,12,0,0,,OK
red2_6800:505,,infeasible;infeasible;infeasible;infeasible;infeasible;infeasible;infeasible;infeasible;infeasible;infeasible;infeasible;infeasible,0;0;0;0;0;0;0;0;0;0;0;0,infeasible;infeasible;infeasible;infeasible;infeasible;infeasible;infeasible;infeasible;infeasible;infeasible;infeasible;infeasible,infeasible;infeasible;infeasible;infeasible;infeasible;infeasible;infeasible;infeasible;infeasible;infeasible;infeasible;infeasible,0;1;2;3;4;5;6;7;8;9;10;11,STRUCTURAL_ZERO;STRUCTURAL_ZERO;STRUCTURAL_ZERO;STRUCTURAL_ZERO;STRUCTURAL_ZERO;STRUCTURAL_ZERO;STRUCTURAL_ZERO;STRUCTURAL_ZERO;STRUCTURAL_ZERO;STRUCTURAL_ZERO;STRUCTURAL_ZERO;STRUCTURAL_ZERO,12,0,0,,OK
red2_6800:506,,infeasible;infeasible;infeasible;infeasible;infeasible;infeasible;infeasible;infeasible;infeasible;infeasible;infeasible;infeasible,0;0;0;0;0;0;0;0;0;0;0;0,infeasible;infeasible;infeasible;infeasible;infeasible;infeasible;infeasible;infeasible;infeasible;infeasible;infeasible;infeasible,infeasible;infeasible;infeasible;infeasible;infeasible;infeasible;infeasible;infeasible;infeasible;infeasible;infeasible;infeasible,0;1;2;3;4;5;6;7;8;9;10;11,STRUCTURAL_ZERO;STRUCTURAL_ZERO;STRUCTURAL_ZERO;STRUCTURAL_ZERO;STRUCTURAL_ZERO;STRUCTURAL_ZERO;STRUCTURAL_ZERO;STRUCTURAL_ZERO;STRUCTURAL_ZERO;STRUCTURAL_ZERO;STRUCTURAL_ZERO;STRUCTURAL_ZERO,12,0,0,,OK
red2_6800:507,,infeasible;infeasible;infeasible;infeasible;infeasible;infeasible;infeasible;infeasible;infeasible;infeasible;infeasible;infeasible,0;0;0;0;0;0;0;0;0;0;0;0,infeasible;infeasible;infeasible;infeasible;infeasible;infeasible;infeasible;infeasible;infeasible;infeasible;infeasible;infeasible,infeasible;infeasible;infeasible;infeasible;infeasible;infeasible;infeasible;infeasible;infeasible;infeasible;infeasible;infeasible,0;1;2;3;4;5;6;7;8;9;10;11,STRUCTURAL_ZERO;STRUCTURAL_ZERO;STRUCTURAL_ZERO;STRUCTURAL_ZERO;STRUCTURAL_ZERO;STRUCTURAL_ZERO;STRUCTURAL_ZERO;STRUCTURAL_ZERO;STRUCTURAL_ZERO;STRUCTURAL_ZERO;STRUCTURAL_ZERO;STRUCTURAL_ZERO,12,0,0,,OK
red2_6800:508,,infeasible;infeasible;infeasible;infeasible;infeasible;infeasible;infeasible;infeasible;infeasible;infeasible;infeasible;infeasible,0;0;0;0;0;0;0;0;0;0;0;0,infeasible;infeasible;infeasible;infeasible;infeasible;infeasible;infeasible;infeasible;infeasible;infeasible;infeasible;infeasible,infeasible;infeasible;infeasible;infeasible;infeasible;infeasible;infeasible;infeasible;infeasible;infeasible;infeasible;infeasible,0;1;2;3;4;5;6;7;8;9;10;11,STRUCTURAL_ZERO;STRUCTURAL_ZERO;STRUCTURAL_ZERO;STRUCTURAL_ZERO;STRUCTURAL_ZERO;STRUCTURAL_ZERO;STRUCTURAL_ZERO;STRUCTURAL_ZERO;STRUCTURAL_ZERO;STRUCTURAL_ZERO;STRUCTURAL_ZERO;STRUCTURAL_ZERO,12,0,0,,OK
red2_6800:509,,infeasible;infeasible;infeasible;infeasible;infeasible;infeasible;infeasible;infeasible;infeasible;infeasible;infeasible;infeasible,0;0;0;0;0;0;0;0;0;0;0;0,infeasible;infeasible;infeasible;infeasible;infeasible;infeasible;infeasible;infeasible;infeasible;infeasible;infeasible;infeasible,infeasible;infeasible;infeasible;infeasible;infeasible;infeasible;infeasible;infeasible;infeasible;infeasible;infeasible;infeasible,0;1;2;3;4;5;6;7;8;9;10;11,STRUCTURAL_ZERO;STRUCTURAL_ZERO;STRUCTURAL_ZERO;STRUCTURAL_ZERO;STRUCTURAL_ZERO;STRUCTURAL_ZERO;STRUCTURAL_ZERO;STRUCTURAL_ZERO;STRUCTURAL_ZERO;STRUCTURAL_ZERO;STRUCTURAL_ZERO;STRUCTURAL_ZERO,12,0,0,,OK
red2_6800:510,,infeasible;infeasible;infeasible;infeasible;infeasible;infeasible;infeasible;infeasible;infeasible;infeasible;infeasible;infeasible,0;0;0;0;0;0;0;0;0;0;0;0,infeasible;infeasible;infeasible;infeasible;infeasible;infeasible;infeasible;infeasible;infeasible;infeasible;infeasible;infeasible,infeasible;infeasible;infeasible;infeasible;infeasible;infeasible;infeasible;infeasible;infeasible;infeasible;infeasible;infeasible,0;1;2;3;4;5;6;7;8;9;10;11,STRUCTURAL_ZERO;STRUCTURAL_ZERO;STRUCTURAL_ZERO;STRUCTURAL_ZERO;STRUCTURAL_ZERO;STRUCTURAL_ZERO;STRUCTURAL_ZERO;STRUCTURAL_ZERO;STRUCTURAL_ZERO;STRUCTURAL_ZERO;STRUCTURAL_ZERO;STRUCTURAL_ZERO,12,0,0,,OK
red2_6800:511,,infeasible;infeasible;infeasible;infeasible;infeasible;infeasible;infeasible;infeasible;infeasible;infeasible;infeasible;infeasible,0;0;0;0;0;0;0;0;0;0;0;0,infeasible;infeasible;infeasible;infeasible;infeasible;infeasible;infeasible;infeasible;infeasible;infeasible;infeasible;infeasible,infeasible;infeasible;infeasible;infeasible;infeasible;infeasible;infeasible;infeasible;infeasible;infeasible;infeasible;infeasible,0;1;2;3;4;5;6;7;8;9;10;11,STRUCTURAL_ZERO;STRUCTURAL_ZERO;STRUCTURAL_ZERO;STRUCTURAL_ZERO;STRUCTURAL_ZERO;STRUCTURAL_ZERO;STRUCTURAL_ZERO;STRUCTURAL_ZERO;STRUCTURAL_ZERO;STRUCTURAL_ZERO;STRUCTURAL_ZERO;STRUCTURAL_ZERO,12,0,0,,OK
red2_6800:512,,infeasible;infeasible;infeasible;infeasible;infeasible;infeasible;infeasible;infeasible;infeasible;infeasible;infeasible;infeasible,0;0;0;0;0;0;0;0;0;0;0;0,infeasible;infeasible;infeasible;infeasible;infeasible;infeasible;infeasible;infeasible;infeasible;infeasible;infeasible;infeasible,infeasible;infeasible;infeasible;infeasible;infeasible;infeasible;infeasible;infeasible;infeasible;infeasible;infeasible;infeasible,0;1;2;3;4;5;6;7;8;9;10;11,STRUCTURAL_ZERO;STRUCTURAL_ZERO;STRUCTURAL_ZERO;STRUCTURAL_ZERO;STRUCTURAL_ZERO;STRUCTURAL_ZERO;STRUCTURAL_ZERO;STRUCTURAL_ZERO;STRUCTURAL_ZERO;STRUCTURAL_ZERO;STRUCTURAL_ZERO;STRUCTURAL_ZERO,12,0,0,,OK
red2_6800:513,,infeasible;infeasible;infeasible;infeasible;infeasible;infeasible;infeasible;infeasible;infeasible;infeasible;infeasible;infeasible,0;0;0;0;0;0;0;0;0;0;0;0,infeasible;infeasible;infeasible;infeasible;infeasible;infeasible;infeasible;infeasible;infeasible;infeasible;infeasible;infeasible,infeasible;infeasible;infeasible;infeasible;infeasible;infeasible;infeasible;infeasible;infeasible;infeasible;infeasible;infeasible,0;1;2;3;4;5;6;7;8;9;10;11,STRUCTURAL_ZERO;STRUCTURAL_ZERO;STRUCTURAL_ZERO;STRUCTURAL_ZERO;STRUCTURAL_ZERO;STRUCTURAL_ZERO;STRUCTURAL_ZERO;STRUCTURAL_ZERO;STRUCTURAL_ZERO;STRUCTURAL_ZERO;STRUCTURAL_ZERO;STRUCTURAL_ZERO,12,0,0,,OK
red2_6800:514,,infeasible;infeasible;infeasible;infeasible;infeasible;infeasible;infeasible;infeasible;infeasible;infeasible;infeasible;infeasible,0;0;0;0;0;0;0;0;0;0;0;0,infeasible;infeasible;infeasible;infeasible;infeasible;infeasible;infeasible;infeasible;infeasible;infeasible;infeasible;infeasible,infeasible;infeasible;infeasible;infeasible;infeasible;infeasible;infeasible;infeasible;infeasible;infeasible;infeasible;infeasible,0;1;2;3;4;5;6;7;8;9;10;11,STRUCTURAL_ZERO;STRUCTURAL_ZERO;STRUCTURAL_ZERO;STRUCTURAL_ZERO;STRUCTURAL_ZERO;STRUCTURAL_ZERO;STRUCTURAL_ZERO;STRUCTURAL_ZERO;STRUCTURAL_ZERO;STRUCTURAL_ZERO;STRUCTURAL_ZERO;STRUCTURAL_ZERO,12,0,0,,OK
red2_6800:515,,infeasible;infeasible;infeasible;infeasible;infeasible;infeasible;infeasible;infeasible;infeasible;infeasible;infeasible;infeasible,0;0;0;0;0;0;0;0;0;0;0;0,infeasible;infeasible;infeasible;infeasible;infeasible;infeasible;infeasible;infeasible;infeasible;infeasible;infeasible;infeasible,infeasible;infeasible;infeasible;infeasible;infeasible;infeasible;infeasible;infeasible;infeasible;infeasible;infeasible;infeasible,0;1;2;3;4;5;6;7;8;9;10;11,STRUCTURAL_ZERO;STRUCTURAL_ZERO;STRUCTURAL_ZERO;STRUCTURAL_ZERO;STRUCTURAL_ZERO;STRUCTURAL_ZERO;STRUCTURAL_ZERO;STRUCTURAL_ZERO;STRUCTURAL_ZERO;STRUCTURAL_ZERO;STRUCTURAL_ZERO;STRUCTURAL_ZERO,12,0,0,,OK
red2_6800:516,,infeasible;infeasible;infeasible;infeasible;infeasible;infeasible;infeasible;infeasible;infeasible;infeasible;infeasible;infeasible,0;0;0;0;0;0;0;0;0;0;0;0,infeasible;infeasible;infeasible;infeasible;infeasible;infeasible;infeasible;infeasible;infeasible;infeasible;infeasible;infeasible,infeasible;infeasible;infeasible;infeasible;infeasible;infeasible;infeasible;infeasible;infeasible;infeasible;infeasible;infeasible,0;1;2;3;4;5;6;7;8;9;10;11,STRUCTURAL_ZERO;STRUCTURAL_ZERO;STRUCTURAL_ZERO;STRUCTURAL_ZERO;STRUCTURAL_ZERO;STRUCTURAL_ZERO;STRUCTURAL_ZERO;STRUCTURAL_ZERO;STRUCTURAL_ZERO;STRUCTURAL_ZERO;STRUCTURAL_ZERO;STRUCTURAL_ZERO,12,0,0,,OK
red2_6800:517,,infeasible;infeasible;infeasible;infeasible;infeasible;infeasible;infeasible;infeasible;infeasible;infeasible;infeasible;infeasible,0;0;0;0;0;0;0;0;0;0;0;0,infeasible;infeasible;infeasible;infeasible;infeasible;infeasible;infeasible;infeasible;infeasible;infeasible;infeasible;infeasible,infeasible;infeasible;infeasible;infeasible;infeasible;infeasible;infeasible;infeasible;infeasible;infeasible;infeasible;infeasible,0;1;2;3;4;5;6;7;8;9;10;11,STRUCTURAL_ZERO;STRUCTURAL_ZERO;STRUCTURAL_ZERO;STRUCTURAL_ZERO;STRUCTURAL_ZERO;STRUCTURAL_ZERO;STRUCTURAL_ZERO;STRUCTURAL_ZERO;STRUCTURAL_ZERO;STRUCTURAL_ZERO;STRUCTURAL_ZERO;STRUCTURAL_ZERO,12,0,0,,OK
red2_6800:518,,infeasible;infeasible;infeasible;infeasible;infeasible;infeasible;infeasible;infeasible;infeasible;infeasible;infeasible;infeasible,0;0;0;0;0;0;0;0;0;0;0;0,infeasible;infeasible;infeasible;infeasible;infeasible;infeasible;infeasible;infeasible;infeasible;infeasible;infeasible;infeasible,infeasible;infeasible;infeasible;infeasible;infeasible;infeasible;infeasible;infeasible;infeasible;infeasible;infeasible;infeasible,0;1;2;3;4;5;6;7;8;9;10;11,STRUCTURAL_ZERO;STRUCTURAL_ZERO;STRUCTURAL_ZERO;STRUCTURAL_ZERO;STRUCTURAL_ZERO;STRUCTURAL_ZERO;STRUCTURAL_ZERO;STRUCTURAL_ZERO;STRUCTURAL_ZERO;STRUCTURAL_ZERO;STRUCTURAL_ZERO;STRUCTURAL_ZERO,12,0,0,,OK
red2_6800:519,,infeasible;infeasible;infeasible;infeasible;infeasible;infeasible;infeasible;infeasible;infeasible;infeasible;infeasible;infeasible,0;0;0;0;0;0;0;0;0;0;0;0,infeasible;infeasible;infeasible;infeasible;infeasible;infeasible;infeasible;infeasible;infeasible;infeasible;infeasible;infeasible,infeasible;infeasible;infeasible;infeasible;infeasible;infeasible;infeasible;infeasible;infeasible;infeasible;infeasible;infeasible,0;1;2;3;4;5;6;7;8;9;10;11,STRUCTURAL_ZERO;STRUCTURAL_ZERO;STRUCTURAL_ZERO;STRUCTURAL_ZERO;STRUCTURAL_ZERO;STRUCTURAL_ZERO;STRUCTURAL_ZERO;STRUCTURAL_ZERO;STRUCTURAL_ZERO;STRUCTURAL_ZERO;STRUCTURAL_ZERO;STRUCTURAL_ZERO,12,0,0,,OK
red2_6800:520,,infeasible;infeasible;optimal;optimal;optimal;optimal;optimal;optimal;optimal;optimal;optimal;optimal,0;0;0.4032;0.6076;0.9753;1.336;1.393;1.419;1.361;1.262;0.9925;0.05263,infeasible;infeasible;optimal;optimal;optimal;optimal;optimal;optimal;optimal;optimal;optimal;optimal,infeasible;infeasible;optimal;optimal;optimal;optimal;optimal;optimal;optimal;optimal;optimal;optimal,0;1,STRUCTURAL_ZERO;STRUCTURAL_ZERO,2,0,0,,OK
red2_6800:521,,infeasible;infeasible;infeasible;infeasible;infeasible;infeasible;infeasible;infeasible;infeasible;infeasible;infeasible;infeasible,0;0;0;0;0;0;0;0;0;0;0;0,infeasible;infeasible;infeasible;infeasible;infeasible;infeasible;infeasible;infeasible;infeasible;infeasible;infeasible;infeasible,infeasible;infeasible;infeasible;infeasible;infeasible;infeasible;infeasible;infeasible;infeasible;infeasible;infeasible;infeasible,0;1;2;3;4;5;6;7;8;9;10;11,STRUCTURAL_ZERO;STRUCTURAL_ZERO;STRUCTURAL_ZERO;STRUCTURAL_ZERO;STRUCTURAL_ZERO;STRUCTURAL_ZERO;STRUCTURAL_ZERO;STRUCTURAL_ZERO;STRUCTURAL_ZERO;STRUCTURAL_ZERO;STRUCTURAL_ZERO;STRUCTURAL_ZERO,12,0,0,,OK
red2_6800:522,,infeasible;infeasible;infeasible;infeasible;infeasible;infeasible;infeasible;infeasible;infeasible;infeasible;infeasible;infeasible,0;0;0;0;0;0;0;0;0;0;0;0,infeasible;infeasible;infeasible;infeasible;infeasible;infeasible;infeasible;infeasible;infeasible;infeasible;infeasible;infeasible,infeasible;infeasible;infeasible;infeasible;infeasible;infeasible;infeasible;infeasible;infeasible;infeasible;infeasible;infeasible,0;1;2;3;4;5;6;7;8;9;10;11,STRUCTURAL_ZERO;STRUCTURAL_ZERO;STRUCTURAL_ZERO;STRUCTURAL_ZERO;STRUCTURAL_ZERO;STRUCTURAL_ZERO;STRUCTURAL_ZERO;STRUCTURAL_ZERO;STRUCTURAL_ZERO;STRUCTURAL_ZERO;STRUCTURAL_ZERO;STRUCTURAL_ZERO,12,0,0,,OK
red2_6800:523,,infeasible;infeasible;infeasible;infeasible;infeasible;infeasible;infeasible;infeasible;infeasible;infeasible;infeasible;infeasible,0;0;0;0;0;0;0;0;0;0;0;0,infeasible;infeasible;infeasible;infeasible;infeasible;infeasible;infeasible;infeasible;infeasible;infeasible;infeasible;infeasible,infeasible;infeasible;infeasible;infeasible;infeasible;infeasible;infeasible;infeasible;infeasible;infeasible;infeasible;infeasible,0;1;2;3;4;5;6;7;8;9;10;11,STRUCTURAL_ZERO;STRUCTURAL_ZERO;STRUCTURAL_ZERO;STRUCTURAL_ZERO;STRUCTURAL_ZERO;STRUCTURAL_ZERO;STRUCTURAL_ZERO;STRUCTURAL_ZERO;STRUCTURAL_ZERO;STRUCTURAL_ZERO;STRUCTURAL_ZERO;STRUCTURAL_ZERO,12,0,0,,OK
red2_6800:524,,infeasible;infeasible;infeasible;infeasible;infeasible;infeasible;infeasible;infeasible;infeasible;infeasible;infeasible;infeasible,0;0;0;0;0;0;0;0;0;0;0;0,infeasible;infeasible;infeasible;infeasible;infeasible;infeasible;infeasible;infeasible;infeasible;infeasible;infeasible;infeasible,infeasible;infeasible;infeasible;infeasible;infeasible;infeasible;infeasible;infeasible;infeasible;infeasible;infeasible;infeasible,0;1;2;3;4;5;6;7;8;9;10;11,STRUCTURAL_ZERO;STRUCTURAL_ZERO;STRUCTURAL_ZERO;STRUCTURAL_ZERO;STRUCTURAL_ZERO;STRUCTURAL_ZERO;STRUCTURAL_ZERO;STRUCTURAL_ZERO;STRUCTURAL_ZERO;STRUCTURAL_ZERO;STRUCTURAL_ZERO;STRUCTURAL_ZERO,12,0,0,,OK
red2_6800:525,,infeasible;infeasible;infeasible;infeasible;infeasible;infeasible;infeasible;infeasible;infeasible;infeasible;infeasible;infeasible,0;0;0;0;0;0;0;0;0;0;0;0,infeasible;infeasible;infeasible;infeasible;infeasible;infeasible;infeasible;infeasible;infeasible;infeasible;infeasible;infeasible,infeasible;infeasible;infeasible;infeasible;infeasible;infeasible;infeasible;infeasible;infeasible;infeasible;infeasible;infeasible,0;1;2;3;4;5;6;7;8;9;10;11,STRUCTURAL_ZERO;STRUCTURAL_ZERO;STRUCTURAL_ZERO;STRUCTURAL_ZERO;STRUCTURAL_ZERO;STRUCTURAL_ZERO;STRUCTURAL_ZERO;STRUCTURAL_ZERO;STRUCTURAL_ZERO;STRUCTURAL_ZERO;STRUCTURAL_ZERO;STRUCTURAL_ZERO,12,0,0,,OK
red2_6800:526,,infeasible;infeasible;infeasible;infeasible;infeasible;infeasible;infeasible;infeasible;infeasible;infeasible;infeasible;infeasible,0;0;0;0;0;0;0;0;0;0;0;0,infeasible;infeasible;infeasible;infeasible;infeasible;infeasible;infeasible;infeasible;infeasible;infeasible;infeasible;infeasible,infeasible;infeasible;infeasible;infeasible;infeasible;infeasible;infeasible;infeasible;infeasible;infeasible;infeasible;infeasible,0;1;2;3;4;5;6;7;8;9;10;11,STRUCTURAL_ZERO;STRUCTURAL_ZERO;STRUCTURAL_ZERO;STRUCTURAL_ZERO;STRUCTURAL_ZERO;STRUCTURAL_ZERO;STRUCTURAL_ZERO;STRUCTURAL_ZERO;STRUCTURAL_ZERO;STRUCTURAL_ZERO;STRUCTURAL_ZERO;STRUCTURAL_ZERO,12,0,0,,OK
red2_6800:527,,infeasible;optimal;optimal;optimal;optimal;optimal;optimal;optimal;optimal;optimal;optimal;optimal,0;0.1351;0.5193;0.7555;1.126;1.403;1.414;1.355;1.192;0.9803;0.7401;0.3079,infeasible;optimal;optimal;optimal;optimal;optimal;optimal;optimal;optimal;optimal;optimal;optimal,infeasible;optimal;optimal;optimal;optimal;optimal;optimal;optimal;optimal;optimal;optimal;optimal,0,STRUCTURAL_ZERO,1,0,0,,OK
red2_6800:528,,infeasible;infeasible;infeasible;infeasible;infeasible;infeasible;infeasible;infeasible;infeasible;infeasible;infeasible;infeasible,0;0;0;0;0;0;0;0;0;0;0;0,infeasible;infeasible;infeasible;infeasible;infeasible;infeasible;infeasible;infeasible;infeasible;infeasible;infeasible;infeasible,infeasible;infeasible;infeasible;infeasible;infeasible;infeasible;infeasible;infeasible;infeasible;infeasible;infeasible;infeasible,0;1;2;3;4;5;6;7;8;9;10;11,STRUCTURAL_ZERO;STRUCTURAL_ZERO;STRUCTURAL_ZERO;STRUCTURAL_ZERO;STRUCTURAL_ZERO;STRUCTURAL_ZERO;STRUCTURAL_ZERO;STRUCTURAL_ZERO;STRUCTURAL_ZERO;STRUCTURAL_ZERO;STRUCTURAL_ZERO;STRUCTURAL_ZERO,12,0,0,,OK
red2_6800:529,,infeasible;infeasible;infeasible;infeasible;infeasible;infeasible;infeasible;infeasible;infeasible;infeasible;infeasible;infeasible,0;0;0;0;0;0;0;0;0;0;0;0,infeasible;infeasible;infeasible;infeasible;infeasible;infeasible;infeasible;infeasible;infeasible;infeasible;infeasible;infeasible,infeasible;infeasible;infeasible;infeasible;infeasible;infeasible;infeasible;infeasible;infeasible;infeasible;infeasible;infeasible,0;1;2;3;4;5;6;7;8;9;10;11,STRUCTURAL_ZERO;STRUCTURAL_ZERO;STRUCTURAL_ZERO;STRUCTURAL_ZERO;STRUCTURAL_ZERO;STRUCTURAL_ZERO;STRUCTURAL_ZERO;STRUCTURAL_ZERO;STRUCTURAL_ZERO;STRUCTURAL_ZERO;STRUCTURAL_ZERO;STRUCTURAL_ZERO,12,0,0,,OK
red2_6800:530,,infeasible;infeasible;infeasible;infeasible;infeasible;infeasible;infeasible;infeasible;infeasible;infeasible;infeasible;infeasible,0;0;0;0;0;0;0;0;0;0;0;0,infeasible;infeasible;infeasible;infeasible;infeasible;infeasible;infeasible;infeasible;infeasible;infeasible;infeasible;infeasible,infeasible;infeasible;infeasible;infeasible;infeasible;infeasible;infeasible;infeasible;infeasible;infeasible;infeasible;infeasible,0;1;2;3;4;5;6;7;8;9;10;11,STRUCTURAL_ZERO;STRUCTURAL_ZERO;STRUCTURAL_ZERO;STRUCTURAL_ZERO;STRUCTURAL_ZERO;STRUCTURAL_ZERO;STRUCTURAL_ZERO;STRUCTURAL_ZERO;STRUCTURAL_ZERO;STRUCTURAL_ZERO;STRUCTURAL_ZERO;STRUCTURAL_ZERO,12,0,0,,OK
red2_6800:531,,infeasible;infeasible;infeasible;infeasible;infeasible;infeasible;infeasible;infeasible;infeasible;infeasible;infeasible;infeasible,0;0;0;0;0;0;0;0;0;0;0;0,infeasible;infeasible;infeasible;infeasible;infeasible;infeasible;infeasible;infeasible;infeasible;infeasible;infeasible;infeasible,infeasible;infeasible;infeasible;infeasible;infeasible;infeasible;infeasible;infeasible;infeasible;infeasible;infeasible;infeasible,0;1;2;3;4;5;6;7;8;9;10;11,STRUCTURAL_ZERO;STRUCTURAL_ZERO;STRUCTURAL_ZERO;STRUCTURAL_ZERO;STRUCTURAL_ZERO;STRUCTURAL_ZERO;STRUCTURAL_ZERO;STRUCTURAL_ZERO;STRUCTURAL_ZERO;STRUCTURAL_ZERO;STRUCTURAL_ZERO;STRUCTURAL_ZERO,12,0,0,,OK
red2_6800:532,,infeasible;infeasible;infeasible;infeasible;infeasible;infeasible;infeasible;infeasible;infeasible;infeasible;infeasible;infeasible,0;0;0;0;0;0;0;0;0;0;0;0,infeasible;infeasible;infeasible;infeasible;infeasible;infeasible;infeasible;infeasible;infeasible;infeasible;infeasible;infeasible,infeasible;infeasible;infeasible;infeasible;infeasible;infeasible;infeasible;infeasible;infeasible;infeasible;infeasible;infeasible,0;1;2;3;4;5;6;7;8;9;10;11,STRUCTURAL_ZERO;STRUCTURAL_ZERO;STRUCTURAL_ZERO;STRUCTURAL_ZERO;STRUCTURAL_ZERO;STRUCTURAL_ZERO;STRUCTURAL_ZERO;STRUCTURAL_ZERO;STRUCTURAL_ZERO;STRUCTURAL_ZERO;STRUCTURAL_ZERO;STRUCTURAL_ZERO,12,0,0,,OK
red2_6800:533,,infeasible;infeasible;infeasible;infeasible;infeasible;infeasible;infeasible;infeasible;infeasible;infeasible;infeasible;infeasible,0;0;0;0;0;0;0;0;0;0;0;0,infeasible;infeasible;infeasible;infeasible;infeasible;infeasible;infeasible;infeasible;infeasible;infeasible;infeasible;infeasible,infeasible;infeasible;infeasible;infeasible;infeasible;infeasible;infeasible;infeasible;infeasible;infeasible;infeasible;infeasible,0;1;2;3;4;5;6;7;8;9;10;11,STRUCTURAL_ZERO;STRUCTURAL_ZERO;STRUCTURAL_ZERO;STRUCTURAL_ZERO;STRUCTURAL_ZERO;STRUCTURAL_ZERO;STRUCTURAL_ZERO;STRUCTURAL_ZERO;STRUCTURAL_ZERO;STRUCTURAL_ZERO;STRUCTURAL_ZERO;STRUCTURAL_ZERO,12,0,0,,OK
red2_6800:534,,infeasible;optimal;optimal;optimal;optimal;optimal;optimal;optimal;optimal;optimal;optimal;optimal,0;0.1332;0.6621;0.8931;1.208;1.442;1.487;1.503;1.456;1.36;1.041;0.07632,infeasible;optimal;optimal;optimal;optimal;optimal;optimal;optimal;optimal;optimal;optimal;optimal,infeasible;optimal;optimal;optimal;optimal;optimal;optimal;optimal;optimal;optimal;optimal;optimal,0,STRUCTURAL_ZERO,1,0,0,,OK
red2_6800:535,,infeasible;infeasible;infeasible;infeasible;infeasible;infeasible;infeasible;infeasible;infeasible;infeasible;infeasible;infeasible,0;0;0;0;0;0;0;0;0;0;0;0,infeasible;infeasible;infeasible;infeasible;infeasible;infeasible;infeasible;infeasible;infeasible;infeasible;infeasible;infeasible,infeasible;infeasible;infeasible;infeasible;infeasible;infeasible;infeasible;infeasible;infeasible;infeasible;infeasible;infeasible,0;1;2;3;4;5;6;7;8;9;10;11,STRUCTURAL_ZERO;STRUCTURAL_ZERO;STRUCTURAL_ZERO;STRUCTURAL_ZERO;STRUCTURAL_ZERO;STRUCTURAL_ZERO;STRUCTURAL_ZERO;STRUCTURAL_ZERO;STRUCTURAL_ZERO;STRUCTURAL_ZERO;STRUCTURAL_ZERO;STRUCTURAL_ZERO,12,0,0,,OK
red2_6800:536,,infeasible;infeasible;infeasible;infeasible;infeasible;infeasible;infeasible;infeasible;infeasible;infeasible;infeasible;infeasible,0;0;0;0;0;0;0;0;0;0;0;0,infeasible;infeasible;infeasible;infeasible;infeasible;infeasible;infeasible;infeasible;infeasible;infeasible;infeasible;infeasible,infeasible;infeasible;infeasible;infeasible;infeasible;infeasible;infeasible;infeasible;infeasible;infeasible;infeasible;infeasible,0;1;2;3;4;5;6;7;8;9;10;11,STRUCTURAL_ZERO;STRUCTURAL_ZERO;STRUCTURAL_ZERO;STRUCTURAL_ZERO;STRUCTURAL_ZERO;STRUCTURAL_ZERO;STRUCTURAL_ZERO;STRUCTURAL_ZERO;STRUCTURAL_ZERO;STRUCTURAL_ZERO;STRUCTURAL_ZERO;STRUCTURAL_ZERO,12,0,0,,OK
red2_6800:537,,infeasible;infeasible;infeasible;infeasible;infeasible;infeasible;infeasible;infeasible;infeasible;infeasible;infeasible;infeasible,0;0;0;0;0;0;0;0;0;0;0;0,infeasible;infeasible;infeasible;infeasible;infeasible;infeasible;infeasible;infeasible;infeasible;infeasible;infeasible;infeasible,infeasible;infeasible;infeasible;infeasible;infeasible;infeasible;infeasible;infeasible;infeasible;infeasible;infeasible;infeasible,0;1;2;3;4;5;6;7;8;9;10;11,STRUCTURAL_ZERO;STRUCTURAL_ZERO;STRUCTURAL_ZERO;STRUCTURAL_ZERO;STRUCTURAL_ZERO;STRUCTURAL_ZERO;STRUCTURAL_ZERO;STRUCTURAL_ZERO;STRUCTURAL_ZERO;STRUCTURAL_ZERO;STRUCTURAL_ZERO;STRUCTURAL_ZERO,12,0,0,,OK
red2_6800:538,,infeasible;infeasible;infeasible;infeasible;infeasible;infeasible;infeasible;infeasible;infeasible;infeasible;infeasible;infeasible,0;0;0;0;0;0;0;0;0;0;0;0,infeasible;infeasible;infeasible;infeasible;infeasible;infeasible;infeasible;infeasible;infeasible;infeasible;infeasible;infeasible,infeasible;infeasible;infeasible;infeasible;infeasible;infeasible;infeasible;infeasible;infeasible;infeasible;infeasible;infeasible,0;1;2;3;4;5;6;7;8;9;10;11,STRUCTURAL_ZERO;STRUCTURAL_ZERO;STRUCTURAL_ZERO;STRUCTURAL_ZERO;STRUCTURAL_ZERO;STRUCTURAL_ZERO;STRUCTURAL_ZERO;STRUCTURAL_ZERO;STRUCTURAL_ZERO;STRUCTURAL_ZERO;STRUCTURAL_ZERO;STRUCTURAL_ZERO,12,0,0,,OK
red2_6800:539,,infeasible;infeasible;infeasible;infeasible;infeasible;infeasible;infeasible;infeasible;infeasible;infeasible;infeasible;infeasible,0;0;0;0;0;0;0;0;0;0;0;0,infeasible;infeasible;infeasible;infeasible;infeasible;infeasible;infeasible;infeasible;infeasible;infeasible;infeasible;infeasible,infeasible;infeasible;infeasible;infeasible;infeasible;infeasible;infeasible;infeasible;infeasible;infeasible;infeasible;infeasible,0;1;2;3;4;5;6;7;8;9;10;11,STRUCTURAL_ZERO;STRUCTURAL_ZERO;STRUCTURAL_ZERO;STRUCTURAL_ZERO;STRUCTURAL_ZERO;STRUCTURAL_ZERO;STRUCTURAL_ZERO;STRUCTURAL_ZERO;STRUCTURAL_ZERO;STRUCTURAL_ZERO;STRUCTURAL_ZERO;STRUCTURAL_ZERO,12,0,0,,OK
red2_6800:540,,infeasible;infeasible;infeasible;infeasible;infeasible;infeasible;infeasible;infeasible;infeasible;infeasible;infeasible;infeasible,0;0;0;0;0;0;0;0;0;0;0;0,infeasible;infeasible;infeasible;infeasible;infeasible;infeasible;infeasible;infeasible;infeasible;infeasible;infeasible;infeasible,infeasible;infeasible;infeasible;infeasible;infeasible;infeasible;infeasible;infeasible;infeasible;infeasible;infeasible;infeasible,0;1;2;3;4;5;6;7;8;9;10;11,STRUCTURAL_ZERO;STRUCTURAL_ZERO;STRUCTURAL_ZERO;STRUCTURAL_ZERO;STRUCTURAL_ZERO;STRUCTURAL_ZERO;STRUCTURAL_ZERO;STRUCTURAL_ZERO;STRUCTURAL_ZERO;STRUCTURAL_ZERO;STRUCTURAL_ZERO;STRUCTURAL_ZERO,12,0,0,,OK
red2_6800:541,,infeasible;infeasible;infeasible;infeasible;infeasible;infeasible;infeasible;infeasible;infeasible;infeasible;infeasible;infeasible,0;0;0;0;0;0;0;0;0;0;0;0,infeasible;infeasible;infeasible;infeasible;infeasible;infeasible;infeasible;infeasible;infeasible;infeasible;infeasible;infeasible,infeasible;infeasible;infeasible;infeasible;infeasible;infeasible;infeasible;infeasible;infeasible;infeasible;infeasible;infeasible,0;1;2;3;4;5;6;7;8;9;10;11,STRUCTURAL_ZERO;STRUCTURAL_ZERO;STRUCTURAL_ZERO;STRUCTURAL_ZERO;STRUCTURAL_ZERO;STRUCTURAL_ZERO;STRUCTURAL_ZERO;STRUCTURAL_ZERO;STRUCTURAL_ZERO;STRUCTURAL_ZERO;STRUCTURAL_ZERO;STRUCTURAL_ZERO,12,0,0,,OK
red2_6800:542,,infeasible;infeasible;infeasible;infeasible;infeasible;infeasible;infeasible;infeasible;infeasible;infeasible;infeasible;infeasible,0;0;0;0;0;0;0;0;0;0;0;0,infeasible;infeasible;infeasible;infeasible;infeasible;infeasible;infeasible;infeasible;infeasible;infeasible;infeasible;infeasible,infeasible;infeasible;infeasible;infeasible;infeasible;infeasible;infeasible;infeasible;infeasible;infeasible;infeasible;infeasible,0;1;2;3;4;5;6;7;8;9;10;11,STRUCTURAL_ZERO;STRUCTURAL_ZERO;STRUCTURAL_ZERO;STRUCTURAL_ZERO;STRUCTURAL_ZERO;STRUCTURAL_ZERO;STRUCTURAL_ZERO;STRUCTURAL_ZERO;STRUCTURAL_ZERO;STRUCTURAL_ZERO;STRUCTURAL_ZERO;STRUCTURAL_ZERO,12,0,0,,OK
red2_6800:543,,infeasible;infeasible;infeasible;infeasible;infeasible;infeasible;infeasible;infeasible;infeasible;infeasible;infeasible;infeasible,0;0;0;0;0;0;0;0;0;0;0;0,infeasible;infeasible;infeasible;infeasible;infeasible;infeasible;infeasible;infeasible;infeasible;infeasible;infeasible;infeasible,infeasible;infeasible;infeasible;infeasible;infeasible;infeasible;infeasible;infeasible;infeasible;infeasible;infeasible;infeasible,0;1;2;3;4;5;6;7;8;9;10;11,STRUCTURAL_ZERO;STRUCTURAL_ZERO;STRUCTURAL_ZERO;STRUCTURAL_ZERO;STRUCTURAL_ZERO;STRUCTURAL_ZERO;STRUCTURAL_ZERO;STRUCTURAL_ZERO;STRUCTURAL_ZERO;STRUCTURAL_ZERO;STRUCTURAL_ZERO;STRUCTURAL_ZERO,12,0,0,,OK
red2_6800:544,,infeasible;infeasible;infeasible;infeasible;infeasible;infeasible;infeasible;infeasible;infeasible;infeasible;infeasible;infeasible,0;0;0;0;0;0;0;0;0;0;0;0,infeasible;infeasible;infeasible;infeasible;infeasible;infeasible;infeasible;infeasible;infeasible;infeasible;infeasible;infeasible,infeasible;infeasible;infeasible;infeasible;infeasible;infeasible;infeasible;infeasible;infeasible;infeasible;infeasible;infeasible,0;1;2;3;4;5;6;7;8;9;10;11,STRUCTURAL_ZERO;STRUCTURAL_ZERO;STRUCTURAL_ZERO;STRUCTURAL_ZERO;STRUCTURAL_ZERO;STRUCTURAL_ZERO;STRUCTURAL_ZERO;STRUCTURAL_ZERO;STRUCTURAL_ZERO;STRUCTURAL_ZERO;STRUCTURAL_ZERO;STRUCTURAL_ZERO,12,0,0,,OK
red2_6800:545,,infeasible;infeasible;infeasible;infeasible;infeasible;infeasible;infeasible;infeasible;infeasible;infeasible;infeasible;infeasible,0;0;0;0;0;0;0;0;0;0;0;0,infeasible;infeasible;infeasible;infeasible;infeasible;infeasible;infeasible;infeasible;infeasible;infeasible;infeasible;infeasible,infeasible;infeasible;infeasible;infeasible;infeasible;infeasible;infeasible;infeasible;infeasible;infeasible;infeasible;infeasible,0;1;2;3;4;5;6;7;8;9;10;11,STRUCTURAL_ZERO;STRUCTURAL_ZERO;STRUCTURAL_ZERO;STRUCTURAL_ZERO;STRUCTURAL_ZERO;STRUCTURAL_ZERO;STRUCTURAL_ZERO;STRUCTURAL_ZERO;STRUCTURAL_ZERO;STRUCTURAL_ZERO;STRUCTURAL_ZERO;STRUCTURAL_ZERO,12,0,0,,OK
red2_6800:546,,infeasible;infeasible;infeasible;infeasible;infeasible;infeasible;infeasible;infeasible;infeasible;infeasible;infeasible;infeasible,0;0;0;0;0;0;0;0;0;0;0;0,infeasible;infeasible;infeasible;infeasible;infeasible;infeasible;infeasible;infeasible;infeasible;infeasible;infeasible;infeasible,infeasible;infeasible;infeasible;infeasible;infeasible;infeasible;infeasible;infeasible;infeasible;infeasible;infeasible;infeasible,0;1;2;3;4;5;6;7;8;9;10;11,STRUCTURAL_ZERO;STRUCTURAL_ZERO;STRUCTURAL_ZERO;STRUCTURAL_ZERO;STRUCTURAL_ZERO;STRUCTURAL_ZERO;STRUCTURAL_ZERO;STRUCTURAL_ZERO;STRUCTURAL_ZERO;STRUCTURAL_ZERO;STRUCTURAL_ZERO;STRUCTURAL_ZERO,12,0,0,,OK
red2_6800:547,,infeasible;infeasible;infeasible;infeasible;infeasible;infeasible;infeasible;infeasible;infeasible;infeasible;infeasible;infeasible,0;0;0;0;0;0;0;0;0;0;0;0,infeasible;infeasible;infeasible;infeasible;infeasible;infeasible;infeasible;infeasible;infeasible;infeasible;infeasible;infeasible,infeasible;infeasible;infeasible;infeasible;infeasible;infeasible;infeasible;infeasible;infeasible;infeasible;infeasible;infeasible,0;1;2;3;4;5;6;7;8;9;10;11,STRUCTURAL_ZERO;STRUCTURAL_ZERO;STRUCTURAL_ZERO;STRUCTURAL_ZERO;STRUCTURAL_ZERO;STRUCTURAL_ZERO;STRUCTURAL_ZERO;STRUCTURAL_ZERO;STRUCTURAL_ZERO;STRUCTURAL_ZERO;STRUCTURAL_ZERO;STRUCTURAL_ZERO,12,0,0,,OK
red2_6800:548,,infeasible;infeasible;infeasible;infeasible;infeasible;infeasible;infeasible;infeasible;infeasible;infeasible;infeasible;infeasible,0;0;0;0;0;0;0;0;0;0;0;0,infeasible;infeasible;infeasible;infeasible;infeasible;infeasible;infeasible;infeasible;infeasible;infeasible;infeasible;infeasible,infeasible;infeasible;infeasible;infeasible;infeasible;infeasible;infeasible;infeasible;infeasible;infeasible;infeasible;infeasible,0;1;2;3;4;5;6;7;8;9;10;11,STRUCTURAL_ZERO;STRUCTURAL_ZERO;STRUCTURAL_ZERO;STRUCTURAL_ZERO;STRUCTURAL_ZERO;STRUCTURAL_ZERO;STRUCTURAL_ZERO;STRUCTURAL_ZERO;STRUCTURAL_ZERO;STRUCTURAL_ZERO;STRUCTURAL_ZERO;STRUCTURAL_ZERO,12,0,0,,OK
red2_6800:549,,infeasible;infeasible;infeasible;infeasible;infeasible;infeasible;infeasible;infeasible;infeasible;infeasible;infeasible;infeasible,0;0;0;0;0;0;0;0;0;0;0;0,infeasible;infeasible;infeasible;infeasible;infeasible;infeasible;infeasible;infeasible;infeasible;infeasible;infeasible;infeasible,infeasible;infeasible;infeasible;infeasible;infeasible;infeasible;infeasible;infeasible;infeasible;infeasible;infeasible;infeasible,0;1;2;3;4;5;6;7;8;9;10;11,STRUCTURAL_ZERO;STRUCTURAL_ZERO;STRUCTURAL_ZERO;STRUCTURAL_ZERO;STRUCTURAL_ZERO;STRUCTURAL_ZERO;STRUCTURAL_ZERO;STRUCTURAL_ZERO;STRUCTURAL_ZERO;STRUCTURAL_ZERO;STRUCTURAL_ZERO;STRUCTURAL_ZERO,12,0,0,,OK
red2_6800:550,,infeasible;infeasible;infeasible;infeasible;infeasible;infeasible;infeasible;infeasible;infeasible;infeasible;infeasible;infeasible,0;0;0;0;0;0;0;0;0;0;0;0,infeasible;infeasible;infeasible;infeasible;infeasible;infeasible;infeasible;infeasible;infeasible;infeasible;infeasible;infeasible,infeasible;infeasible;infeasible;infeasible;infeasible;infeasible;infeasible;infeasible;infeasible;infeasible;infeasible;infeasible,0;1;2;3;4;5;6;7;8;9;10;11,STRUCTURAL_ZERO;STRUCTURAL_ZERO;STRUCTURAL_ZERO;STRUCTURAL_ZERO;STRUCTURAL_ZERO;STRUCTURAL_ZERO;STRUCTURAL_ZERO;STRUCTURAL_ZERO;STRUCTURAL_ZERO;STRUCTURAL_ZERO;STRUCTURAL_ZERO;STRUCTURAL_ZERO,12,0,0,,OK
red2_6800:551,,infeasible;infeasible;infeasible;infeasible;infeasible;infeasible;infeasible;infeasible;infeasible;infeasible;infeasible;infeasible,0;0;0;0;0;0;0;0;0;0;0;0,infeasible;infeasible;infeasible;infeasible;infeasible;infeasible;infeasible;infeasible;infeasible;infeasible;infeasible;infeasible,infeasible;infeasible;infeasible;infeasible;infeasible;infeasible;infeasible;infeasible;infeasible;infeasible;infeasible;infeasible,0;1;2;3;4;5;6;7;8;9;10;11,STRUCTURAL_ZERO;STRUCTURAL_ZERO;STRUCTURAL_ZERO;STRUCTURAL_ZERO;STRUCTURAL_ZERO;STRUCTURAL_ZERO;STRUCTURAL_ZERO;STRUCTURAL_ZERO;STRUCTURAL_ZERO;STRUCTURAL_ZERO;STRUCTURAL_ZERO;STRUCTURAL_ZERO,12,0,0,,OK
red2_6800:552,,infeasible;infeasible;infeasible;infeasible;infeasible;infeasible;infeasible;infeasible;infeasible;infeasible;infeasible;infeasible,0;0;0;0;0;0;0;0;0;0;0;0,infeasible;infeasible;infeasible;infeasible;infeasible;infeasible;infeasible;infeasible;infeasible;infeasible;infeasible;infeasible,infeasible;infeasible;infeasible;infeasible;infeasible;infeasible;infeasible;infeasible;infeasible;infeasible;infeasible;infeasible,0;1;2;3;4;5;6;7;8;9;10;11,STRUCTURAL_ZERO;STRUCTURAL_ZERO;STRUCTURAL_ZERO;STRUCTURAL_ZERO;STRUCTURAL_ZERO;STRUCTURAL_ZERO;STRUCTURAL_ZERO;STRUCTURAL_ZERO;STRUCTURAL_ZERO;STRUCTURAL_ZERO;STRUCTURAL_ZERO;STRUCTURAL_ZERO,12,0,0,,OK
red2_6800:553,,infeasible;infeasible;infeasible;infeasible;infeasible;infeasible;infeasible;infeasible;infeasible;infeasible;infeasible;infeasible,0;0;0;0;0;0;0;0;0;0;0;0,infeasible;infeasible;infeasible;infeasible;infeasible;infeasible;infeasible;infeasible;infeasible;infeasible;infeasible;infeasible,infeasible;infeasible;infeasible;infeasible;infeasible;infeasible;infeasible;infeasible;infeasible;infeasible;infeasible;infeasible,0;1;2;3;4;5;6;7;8;9;10;11,STRUCTURAL_ZERO;STRUCTURAL_ZERO;STRUCTURAL_ZERO;STRUCTURAL_ZERO;STRUCTURAL_ZERO;STRUCTURAL_ZERO;STRUCTURAL_ZERO;STRUCTURAL_ZERO;STRUCTURAL_ZERO;STRUCTURAL_ZERO;STRUCTURAL_ZERO;STRUCTURAL_ZERO,12,0,0,,OK
red2_6800:554,,infeasible;infeasible;infeasible;infeasible;infeasible;infeasible;infeasible;infeasible;infeasible;infeasible;infeasible;infeasible,0;0;0;0;0;0;0;0;0;0;0;0,infeasible;infeasible;infeasible;infeasible;infeasible;infeasible;infeasible;infeasible;infeasible;infeasible;infeasible;infeasible,infeasible;infeasible;infeasible;infeasible;infeasible;infeasible;infeasible;infeasible;infeasible;infeasible;infeasible;infeasible,0;1;2;3;4;5;6;7;8;9;10;11,STRUCTURAL_ZERO;STRUCTURAL_ZERO;STRUCTURAL_ZERO;STRUCTURAL_ZERO;STRUCTURAL_ZERO;STRUCTURAL_ZERO;STRUCTURAL_ZERO;STRUCTURAL_ZERO;STRUCTURAL_ZERO;STRUCTURAL_ZERO;STRUCTURAL_ZERO;STRUCTURAL_ZERO,12,0,0,,OK
red2_6800:555,,infeasible;infeasible;infeasible;infeasible;infeasible;infeasible;infeasible;infeasible;infeasible;infeasible;infeasible;infeasible,0;0;0;0;0;0;0;0;0;0;0;0,infeasible;infeasible;infeasible;infeasible;infeasible;infeasible;infeasible;infeasible;infeasible;infeasible;infeasible;infeasible,infeasible;infeasible;infeasible;infeasible;infeasible;infeasible;infeasible;infeasible;infeasible;infeasible;infeasible;infeasible,0;1;2;3;4;5;6;7;8;9;10;11,STRUCTURAL_ZERO;STRUCTURAL_ZERO;STRUCTURAL_ZERO;STRUCTURAL_ZERO;STRUCTURAL_ZERO;STRUCTURAL_ZERO;STRUCTURAL_ZERO;STRUCTURAL_ZERO;STRUCTURAL_ZERO;STRUCTURAL_ZERO;STRUCTURAL_ZERO;STRUCTURAL_ZERO,12,0,0,,OK
red2_6800:556,,infeasible;infeasible;infeasible;infeasible;infeasible;infeasible;infeasible;infeasible;infeasible;infeasible;infeasible;infeasible,0;0;0;0;0;0;0;0;0;0;0;0,infeasible;infeasible;infeasible;infeasible;infeasible;infeasible;infeasible;infeasible;infeasible;infeasible;infeasible;infeasible,infeasible;infeasible;infeasible;infeasible;infeasible;infeasible;infeasible;infeasible;infeasible;infeasible;infeasible;infeasible,0;1;2;3;4;5;6;7;8;9;10;11,STRUCTURAL_ZERO;STRUCTURAL_ZERO;STRUCTURAL_ZERO;STRUCTURAL_ZERO;STRUCTURAL_ZERO;STRUCTURAL_ZERO;STRUCTURAL_ZERO;STRUCTURAL_ZERO;STRUCTURAL_ZERO;STRUCTURAL_ZERO;STRUCTURAL_ZERO;STRUCTURAL_ZERO,12,0,0,,OK
red2_6800:557,,infeasible;infeasible;infeasible;infeasible;infeasible;infeasible;infeasible;infeasible;infeasible;infeasible;infeasible;infeasible,0;0;0;0;0;0;0;0;0;0;0;0,infeasible;infeasible;infeasible;infeasible;infeasible;infeasible;infeasible;infeasible;infeasible;infeasible;infeasible;infeasible,infeasible;infeasible;infeasible;infeasible;infeasible;infeasible;infeasible;infeasible;infeasible;infeasible;infeasible;infeasible,0;1;2;3;4;5;6;7;8;9;10;11,STRUCTURAL_ZERO;STRUCTURAL_ZERO;STRUCTURAL_ZERO;STRUCTURAL_ZERO;STRUCTURAL_ZERO;STRUCTURAL_ZERO;STRUCTURAL_ZERO;STRUCTURAL_ZERO;STRUCTURAL_ZERO;STRUCTURAL_ZERO;STRUCTURAL_ZERO;STRUCTURAL_ZERO,12,0,0,,OK
red2_6800:558,,infeasible;optimal;optimal;optimal;optimal;optimal;optimal;optimal;optimal;optimal;optimal;optimal,0;0.1056;0.4657;0.6925;1.077;1.386;1.4;1.335;1.158;0.9425;0.6991;0.2782,infeasible;optimal;optimal;optimal;optimal;optimal;optimal;optimal;optimal;optimal;optimal;optimal,infeasible;optimal;optimal;optimal;optimal;optimal;optimal;optimal;optimal;optimal;optimal;optimal,0,STRUCTURAL_ZERO,1,0,0,,OK
red2_6800:559,,infeasible;infeasible;infeasible;infeasible;infeasible;infeasible;infeasible;infeasible;infeasible;infeasible;infeasible;infeasible,0;0;0;0;0;0;0;0;0;0;0;0,infeasible;infeasible;infeasible;infeasible;infeasible;infeasible;infeasible;infeasible;infeasible;infeasible;infeasible;infeasible,infeasible;infeasible;infeasible;infeasible;infeasible;infeasible;infeasible;infeasible;infeasible;infeasible;infeasible;infeasible,0;1;2;3;4;5;6;7;8;9;10;11,STRUCTURAL_ZERO;STRUCTURAL_ZERO;STRUCTURAL_ZERO;STRUCTURAL_ZERO;STRUCTURAL_ZERO;STRUCTURAL_ZERO;STRUCTURAL_ZERO;STRUCTURAL_ZERO;STRUCTURAL_ZERO;STRUCTURAL_ZERO;STRUCTURAL_ZERO;STRUCTURAL_ZERO,12,0,0,,OK
red2_6800:560,,infeasible;infeasible;infeasible;infeasible;infeasible;infeasible;infeasible;infeasible;infeasible;infeasible;infeasible;infeasible,0;0;0;0;0;0;0;0;0;0;0;0,infeasible;infeasible;infeasible;infeasible;infeasible;infeasible;infeasible;infeasible;infeasible;infeasible;infeasible;infeasible,infeasible;infeasible;infeasible;infeasible;infeasible;infeasible;infeasible;infeasible;infeasible;infeasible;infeasible;infeasible,0;1;2;3;4;5;6;7;8;9;10;11,STRUCTURAL_ZERO;STRUCTURAL_ZERO;STRUCTURAL_ZERO;STRUCTURAL_ZERO;STRUCTURAL_ZERO;STRUCTURAL_ZERO;STRUCTURAL_ZERO;STRUCTURAL_ZERO;STRUCTURAL_ZERO;STRUCTURAL_ZERO;STRUCTURAL_ZERO;STRUCTURAL_ZERO,12,0,0,,OK
red2_6800:561,,infeasible;infeasible;infeasible;infeasible;infeasible;infeasible;infeasible;infeasible;infeasible;infeasible;infeasible;infeasible,0;0;0;0;0;0;0;0;0;0;0;0,infeasible;infeasible;infeasible;infeasible;infeasible;infeasible;infeasible;infeasible;infeasible;infeasible;infeasible;infeasible,infeasible;infeasible;infeasible;infeasible;infeasible;infeasible;infeasible;infeasible;infeasible;infeasible;infeasible;infeasible,0;1;2;3;4;5;6;7;8;9;10;11,STRUCTURAL_ZERO;STRUCTURAL_ZERO;STRUCTURAL_ZERO;STRUCTURAL_ZERO;STRUCTURAL_ZERO;STRUCTURAL_ZERO;STRUCTURAL_ZERO;STRUCTURAL_ZERO;STRUCTURAL_ZERO;STRUCTURAL_ZERO;STRUCTURAL_ZERO;STRUCTURAL_ZERO,12,0,0,,OK
red2_6800:562,,infeasible;infeasible;infeasible;infeasible;infeasible;infeasible;infeasible;infeasible;infeasible;infeasible;infeasible;infeasible,0;0;0;0;0;0;0;0;0;0;0;0,infeasible;infeasible;infeasible;infeasible;infeasible;infeasible;infeasible;infeasible;infeasible;infeasible;infeasible;infeasible,infeasible;infeasible;infeasible;infeasible;infeasible;infeasible;infeasible;infeasible;infeasible;infeasible;infeasible;infeasible,0;1;2;3;4;5;6;7;8;9;10;11,STRUCTURAL_ZERO;STRUCTURAL_ZERO;STRUCTURAL_ZERO;STRUCTURAL_ZERO;STRUCTURAL_ZERO;STRUCTURAL_ZERO;STRUCTURAL_ZERO;STRUCTURAL_ZERO;STRUCTURAL_ZERO;STRUCTURAL_ZERO;STRUCTURAL_ZERO;STRUCTURAL_ZERO,12,0,0,,OK
red2_6800:563,,infeasible;infeasible;infeasible;infeasible;infeasible;infeasible;infeasible;infeasible;infeasible;infeasible;infeasible;infeasible,0;0;0;0;0;0;0;0;0;0;0;0,infeasible;infeasible;infeasible;infeasible;infeasible;infeasible;infeasible;infeasible;infeasible;infeasible;infeasible;infeasible,infeasible;infeasible;infeasible;infeasible;infeasible;infeasible;infeasible;infeasible;infeasible;infeasible;infeasible;infeasible,0;1;2;3;4;5;6;7;8;9;10;11,STRUCTURAL_ZERO;STRUCTURAL_ZERO;STRUCTURAL_ZERO;STRUCTURAL_ZERO;STRUCTURAL_ZERO;STRUCTURAL_ZERO;STRUCTURAL_ZERO;STRUCTURAL_ZERO;STRUCTURAL_ZERO;STRUCTURAL_ZERO;STRUCTURAL_ZERO;STRUCTURAL_ZERO,12,0,0,,OK
red2_6800:564,,infeasible;optimal;optimal;optimal;optimal;optimal;optimal;optimal;optimal;optimal;optimal;optimal,0;0.0931;0.4428;0.6754;1.119;1.433;1.454;1.424;1.305;1.092;0.8147;0.2337,infeasible;optimal;optimal;optimal;optimal;optimal;optimal;optimal;optimal;optimal;optimal;optimal,infeasible;optimal;optimal;optimal;optimal;optimal;optimal;optimal;optimal;optimal;optimal;optimal,0,STRUCTURAL_ZERO,1,0,0,,OK
red2_6800:565,,infeasible;infeasible;infeasible;infeasible;infeasible;infeasible;infeasible;infeasible;infeasible;infeasible;infeasible;infeasible,0;0;0;0;0;0;0;0;0;0;0;0,infeasible;infeasible;infeasible;infeasible;infeasible;infeasible;infeasible;infeasible;infeasible;infeasible;infeasible;infeasible,infeasible;infeasible;infeasible;infeasible;infeasible;infeasible;infeasible;infeasible;infeasible;infeasible;infeasible;infeasible,0;1;2;3;4;5;6;7;8;9;10;11,STRUCTURAL_ZERO;STRUCTURAL_ZERO;STRUCTURAL_ZERO;STRUCTURAL_ZERO;STRUCTURAL_ZERO;STRUCTURAL_ZERO;STRUCTURAL_ZERO;STRUCTURAL_ZERO;STRUCTURAL_ZERO;STRUCTURAL_ZERO;STRUCTURAL_ZERO;STRUCTURAL_ZERO,12,0,0,,OK
red2_6800:566,,infeasible;infeasible;infeasible;infeasible;infeasible;infeasible;infeasible;infeasible;infeasible;infeasible;infeasible;infeasible,0;0;0;0;0;0;0;0;0;0;0;0,infeasible;infeasible;infeasible;infeasible;infeasible;infeasible;infeasible;infeasible;infeasible;infeasible;infeasible;infeasible,infeasible;infeasible;infeasible;infeasible;infeasible;infeasible;infeasible;infeasible;infeasible;infeasible;infeasible;infeasible,0;1;2;3;4;5;6;7;8;9;10;11,STRUCTURAL_ZERO;STRUCTURAL_ZERO;STRUCTURAL_ZERO;STRUCTURAL_ZERO;STRUCTURAL_ZERO;STRUCTURAL_ZERO;STRUCTURAL_ZERO;STRUCTURAL_ZERO;STRUCTURAL_ZERO;STRUCTURAL_ZERO;STRUCTURAL_ZERO;STRUCTURAL_ZERO,12,0,0,,OK
red2_6800:567,,infeasible;infeasible;infeasible;infeasible;infeasible;infeasible;infeasible;infeasible;infeasible;infeasible;infeasible;infeasible,0;0;0;0;0;0;0;0;0;0;0;0,infeasible;infeasible;infeasible;infeasible;infeasible;infeasible;infeasible;infeasible;infeasible;infeasible;infeasible;infeasible,infeasible;infeasible;infeasible;infeasible;infeasible;infeasible;infeasible;infeasible;infeasible;infeasible;infeasible;infeasible,0;1;2;3;4;5;6;7;8;9;10;11,STRUCTURAL_ZERO;STRUCTURAL_ZERO;STRUCTURAL_ZERO;STRUCTURAL_ZERO;STRUCTURAL_ZERO;STRUCTURAL_ZERO;STRUCTURAL_ZERO;STRUCTURAL_ZERO;STRUCTURAL_ZERO;STRUCTURAL_ZERO;STRUCTURAL_ZERO;STRUCTURAL_ZERO,12,0,0,,OK
red2_6800:568,,infeasible;infeasible;infeasible;infeasible;infeasible;infeasible;infeasible;infeasible;infeasible;infeasible;infeasible;infeasible,0;0;0;0;0;0;0;0;0;0;0;0,infeasible;infeasible;infeasible;infeasible;infeasible;infeasible;infeasible;infeasible;infeasible;infeasible;infeasible;infeasible,infeasible;infeasible;infeasible;infeasible;infeasible;infeasible;infeasible;infeasible;infeasible;infeasible;infeasible;infeasible,0;1;2;3;4;5;6;7;8;9;10;11,STRUCTURAL_ZERO;STRUCTURAL_ZERO;STRUCTURAL_ZERO;STRUCTURAL_ZERO;STRUCTURAL_ZERO;STRUCTURAL_ZERO;STRUCTURAL_ZERO;STRUCTURAL_ZERO;STRUCTURAL_ZERO;STRUCTURAL_ZERO;STRUCTURAL_ZERO;STRUCTURAL_ZERO,12,0,0,,OK
red2_6800:569,,infeasible;infeasible;infeasible;infeasible;infeasible;infeasible;infeasible;infeasible;infeasible;infeasible;infeasible;infeasible,0;0;0;0;0;0;0;0;0;0;0;0,infeasible;infeasible;infeasible;infeasible;infeasible;infeasible;infeasible;infeasible;infeasible;infeasible;infeasible;infeasible,infeasible;infeasible;infeasible;infeasible;infeasible;infeasible;infeasible;infeasible;infeasible;infeasible;infeasible;infeasible,0;1;2;3;4;5;6;7;8;9;10;11,STRUCTURAL_ZERO;STRUCTURAL_ZERO;STRUCTURAL_ZERO;STRUCTURAL_ZERO;STRUCTURAL_ZERO;STRUCTURAL_ZERO;STRUCTURAL_ZERO;STRUCTURAL_ZERO;STRUCTURAL_ZERO;STRUCTURAL_ZERO;STRUCTURAL_ZERO;STRUCTURAL_ZERO,12,0,0,,OK
red2_6800:570,,infeasible;infeasible;infeasible;infeasible;infeasible;infeasible;infeasible;infeasible;infeasible;infeasible;infeasible;infeasible,0;0;0;0;0;0;0;0;0;0;0;0,infeasible;infeasible;infeasible;infeasible;infeasible;infeasible;infeasible;infeasible;infeasible;infeasible;infeasible;infeasible,infeasible;infeasible;infeasible;infeasible;infeasible;infeasible;infeasible;infeasible;infeasible;infeasible;infeasible;infeasible,0;1;2;3;4;5;6;7;8;9;10;11,STRUCTURAL_ZERO;STRUCTURAL_ZERO;STRUCTURAL_ZERO;STRUCTURAL_ZERO;STRUCTURAL_ZERO;STRUCTURAL_ZERO;STRUCTURAL_ZERO;STRUCTURAL_ZERO;STRUCTURAL_ZERO;STRUCTURAL_ZERO;STRUCTURAL_ZERO;STRUCTURAL_ZERO,12,0,0,,OK
red2_6800:571,,infeasible;infeasible;infeasible;infeasible;infeasible;infeasible;infeasible;infeasible;infeasible;infeasible;infeasible;infeasible,0;0;0;0;0;0;0;0;0;0;0;0,infeasible;infeasible;infeasible;infeasible;infeasible;infeasible;infeasible;infeasible;infeasible;infeasible;infeasible;infeasible,infeasible;infeasible;infeasible;infeasible;infeasible;infeasible;infeasible;infeasible;infeasible;infeasible;infeasible;infeasible,0;1;2;3;4;5;6;7;8;9;10;11,STRUCTURAL_ZERO;STRUCTURAL_ZERO;STRUCTURAL_ZERO;STRUCTURAL_ZERO;STRUCTURAL_ZERO;STRUCTURAL_ZERO;STRUCTURAL_ZERO;STRUCTURAL_ZERO;STRUCTURAL_ZERO;STRUCTURAL_ZERO;STRUCTURAL_ZERO;STRUCTURAL_ZERO,12,0,0,,OK
red2_6800:572,,infeasible;infeasible;infeasible;infeasible;infeasible;infeasible;infeasible;infeasible;infeasible;infeasible;infeasible;infeasible,0;0;0;0;0;0;0;0;0;0;0;0,infeasible;infeasible;infeasible;infeasible;infeasible;infeasible;infeasible;infeasible;infeasible;infeasible;infeasible;infeasible,infeasible;infeasible;infeasible;infeasible;infeasible;infeasible;infeasible;infeasible;infeasible;infeasible;infeasible;infeasible,0;1;2;3;4;5;6;7;8;9;10;11,STRUCTURAL_ZERO;STRUCTURAL_ZERO;STRUCTURAL_ZERO;STRUCTURAL_ZERO;STRUCTURAL_ZERO;STRUCTURAL_ZERO;STRUCTURAL_ZERO;STRUCTURAL_ZERO;STRUCTURAL_ZERO;STRUCTURAL_ZERO;STRUCTURAL_ZERO;STRUCTURAL_ZERO,12,0,0,,OK
red2_6800:573,,infeasible;infeasible;infeasible;infeasible;infeasible;infeasible;infeasible;infeasible;infeasible;infeasible;infeasible;infeasible,0;0;0;0;0;0;0;0;0;0;0;0,infeasible;infeasible;infeasible;infeasible;infeasible;infeasible;infeasible;infeasible;infeasible;infeasible;infeasible;infeasible,infeasible;infeasible;infeasible;infeasible;infeasible;infeasible;infeasible;infeasible;infeasible;infeasible;infeasible;infeasible,0;1;2;3;4;5;6;7;8;9;10;11,STRUCTURAL_ZERO;STRUCTURAL_ZERO;STRUCTURAL_ZERO;STRUCTURAL_ZERO;STRUCTURAL_ZERO;STRUCTURAL_ZERO;STRUCTURAL_ZERO;STRUCTURAL_ZERO;STRUCTURAL_ZERO;STRUCTURAL_ZERO;STRUCTURAL_ZERO;STRUCTURAL_ZERO,12,0,0,,OK
red2_6800:574,,infeasible;infeasible;infeasible;infeasible;infeasible;infeasible;infeasible;infeasible;infeasible;infeasible;infeasible;infeasible,0;0;0;0;0;0;0;0;0;0;0;0,infeasible;infeasible;infeasible;infeasible;infeasible;infeasible;infeasible;infeasible;infeasible;infeasible;infeasible;infeasible,infeasible;infeasible;infeasible;infeasible;infeasible;infeasible;infeasible;infeasible;infeasible;infeasible;infeasible;infeasible,0;1;2;3;4;5;6;7;8;9;10;11,STRUCTURAL_ZERO;STRUCTURAL_ZERO;STRUCTURAL_ZERO;STRUCTURAL_ZERO;STRUCTURAL_ZERO;STRUCTURAL_ZERO;STRUCTURAL_ZERO;STRUCTURAL_ZERO;STRUCTURAL_ZERO;STRUCTURAL_ZERO;STRUCTURAL_ZERO;STRUCTURAL_ZERO,12,0,0,,OK
red2_6800:575,,infeasible;infeasible;infeasible;infeasible;infeasible;infeasible;infeasible;infeasible;infeasible;infeasible;infeasible;infeasible,0;0;0;0;0;0;0;0;0;0;0;0,infeasible;infeasible;infeasible;infeasible;infeasible;infeasible;infeasible;infeasible;infeasible;infeasible;infeasible;infeasible,infeasible;infeasible;infeasible;infeasible;infeasible;infeasible;infeasible;infeasible;infeasible;infeasible;infeasible;infeasible,0;1;2;3;4;5;6;7;8;9;10;11,STRUCTURAL_ZERO;STRUCTURAL_ZERO;STRUCTURAL_ZERO;STRUCTURAL_ZERO;STRUCTURAL_ZERO;STRUCTURAL_ZERO;STRUCTURAL_ZERO;STRUCTURAL_ZERO;STRUCTURAL_ZERO;STRUCTURAL_ZERO;STRUCTURAL_ZERO;STRUCTURAL_ZERO,12,0,0,,OK
red2_6800:576,,infeasible;infeasible;infeasible;infeasible;infeasible;infeasible;infeasible;infeasible;infeasible;infeasible;infeasible;infeasible,0;0;0;0;0;0;0;0;0;0;0;0,infeasible;infeasible;infeasible;infeasible;infeasible;infeasible;infeasible;infeasible;infeasible;infeasible;infeasible;infeasible,infeasible;infeasible;infeasible;infeasible;infeasible;infeasible;infeasible;infeasible;infeasible;infeasible;infeasible;infeasible,0;1;2;3;4;5;6;7;8;9;10;11,STRUCTURAL_ZERO;STRUCTURAL_ZERO;STRUCTURAL_ZERO;STRUCTURAL_ZERO;STRUCTURAL_ZERO;STRUCTURAL_ZERO;STRUCTURAL_ZERO;STRUCTURAL_ZERO;STRUCTURAL_ZERO;STRUCTURAL_ZERO;STRUCTURAL_ZERO;STRUCTURAL_ZERO,12,0,0,,OK
red2_6800:577,,infeasible;infeasible;infeasible;infeasible;infeasible;infeasible;infeasible;infeasible;infeasible;infeasible;infeasible;infeasible,0;0;0;0;0;0;0;0;0;0;0;0,infeasible;infeasible;infeasible;infeasible;infeasible;infeasible;infeasible;infeasible;infeasible;infeasible;infeasible;infeasible,infeasible;infeasible;infeasible;infeasible;infeasible;infeasible;infeasible;infeasible;infeasible;infeasible;infeasible;infeasible,0;1;2;3;4;5;6;7;8;9;10;11,STRUCTURAL_ZERO;STRUCTURAL_ZERO;STRUCTURAL_ZERO;STRUCTURAL_ZERO;STRUCTURAL_ZERO;STRUCTURAL_ZERO;STRUCTURAL_ZERO;STRUCTURAL_ZERO;STRUCTURAL_ZERO;STRUCTURAL_ZERO;STRUCTURAL_ZERO;STRUCTURAL_ZERO,12,0,0,,OK
red2_6800:578,,infeasible;infeasible;infeasible;infeasible;infeasible;infeasible;infeasible;infeasible;infeasible;infeasible;infeasible;infeasible,0;0;0;0;0;0;0;0;0;0;0;0,infeasible;infeasible;infeasible;infeasible;infeasible;infeasible;infeasible;infeasible;infeasible;infeasible;infeasible;infeasible,infeasible;infeasible;infeasible;infeasible;infeasible;infeasible;infeasible;infeasible;infeasible;infeasible;infeasible;infeasible,0;1;2;3;4;5;6;7;8;9;10;11,STRUCTURAL_ZERO;STRUCTURAL_ZERO;STRUCTURAL_ZERO;STRUCTURAL_ZERO;STRUCTURAL_ZERO;STRUCTURAL_ZERO;STRUCTURAL_ZERO;STRUCTURAL_ZERO;STRUCTURAL_ZERO;STRUCTURAL_ZERO;STRUCTURAL_ZERO;STRUCTURAL_ZERO,12,0,0,,OK
red2_6800:579,,infeasible;infeasible;infeasible;infeasible;infeasible;infeasible;infeasible;infeasible;infeasible;infeasible;infeasible;infeasible,0;0;0;0;0;0;0;0;0;0;0;0,infeasible;infeasible;infeasible;infeasible;infeasible;infeasible;infeasible;infeasible;infeasible;infeasible;infeasible;infeasible,infeasible;infeasible;infeasible;infeasible;infeasible;infeasible;infeasible;infeasible;infeasible;infeasible;infeasible;infeasible,0;1;2;3;4;5;6;7;8;9;10;11,STRUCTURAL_ZERO;STRUCTURAL_ZERO;STRUCTURAL_ZERO;STRUCTURAL_ZERO;STRUCTURAL_ZERO;STRUCTURAL_ZERO;STRUCTURAL_ZERO;STRUCTURAL_ZERO;STRUCTURAL_ZERO;STRUCTURAL_ZERO;STRUCTURAL_ZERO;STRUCTURAL_ZERO,12,0,0,,OK
red2_6800:580,,infeasible;optimal;optimal;optimal;optimal;optimal;optimal;optimal;optimal;optimal;optimal;optimal,0;0.125;0.5022;0.7351;1.107;1.393;1.405;1.343;1.177;0.964;0.7257;0.2967,infeasible;optimal;optimal;optimal;optimal;optimal;optimal;optimal;optimal;optimal;optimal;optimal,infeasible;optimal;optimal;optimal;optimal;optimal;optimal;optimal;optimal;optimal;optimal;optimal,0,STRUCTURAL_ZERO,1,0,0,,OK
red2_6800:581,,infeasible;infeasible;infeasible;infeasible;infeasible;infeasible;infeasible;infeasible;infeasible;infeasible;infeasible;infeasible,0;0;0;0;0;0;0;0;0;0;0;0,infeasible;infeasible;infeasible;infeasible;infeasible;infeasible;infeasible;infeasible;infeasible;infeasible;infeasible;infeasible,infeasible;infeasible;infeasible;infeasible;infeasible;infeasible;infeasible;infeasible;infeasible;infeasible;infeasible;infeasible,0;1;2;3;4;5;6;7;8;9;10;11,STRUCTURAL_ZERO;STRUCTURAL_ZERO;STRUCTURAL_ZERO;STRUCTURAL_ZERO;STRUCTURAL_ZERO;STRUCTURAL_ZERO;STRUCTURAL_ZERO;STRUCTURAL_ZERO;STRUCTURAL_ZERO;STRUCTURAL_ZERO;STRUCTURAL_ZERO;STRUCTURAL_ZERO,12,0,0,,OK
red2_6800:582,,infeasible;infeasible;infeasible;infeasible;infeasible;infeasible;infeasible;infeasible;infeasible;infeasible;infeasible;infeasible,0;0;0;0;0;0;0;0;0;0;0;0,infeasible;infeasible;infeasible;infeasible;infeasible;infeasible;infeasible;infeasible;infeasible;infeasible;infeasible;infeasible,infeasible;infeasible;infeasible;infeasible;infeasible;infeasible;infeasible;infeasible;infeasible;infeasible;infeasible;infeasible,0;1;2;3;4;5;6;7;8;9;10;11,STRUCTURAL_ZERO;STRUCTURAL_ZERO;STRUCTURAL_ZERO;STRUCTURAL_ZERO;STRUCTURAL_ZERO;STRUCTURAL_ZERO;STRUCTURAL_ZERO;STRUCTURAL_ZERO;STRUCTURAL_ZERO;STRUCTURAL_ZERO;STRUCTURAL_ZERO;STRUCTURAL_ZERO,12,0,0,,OK
red2_6800:583,,infeasible;infeasible;infeasible;infeasible;infeasible;infeasible;infeasible;infeasible;infeasible;infeasible;infeasible;infeasible,0;0;0;0;0;0;0;0;0;0;0;0,infeasible;infeasible;infeasible;infeasible;infeasible;infeasible;infeasible;infeasible;infeasible;infeasible;infeasible;infeasible,infeasible;infeasible;infeasible;infeasible;infeasible;infeasible;infeasible;infeasible;infeasible;infeasible;infeasible;infeasible,0;1;2;3;4;5;6;7;8;9;10;11,STRUCTURAL_ZERO;STRUCTURAL_ZERO;STRUCTURAL_ZERO;STRUCTURAL_ZERO;STRUCTURAL_ZERO;STRUCTURAL_ZERO;STRUCTURAL_ZERO;STRUCTURAL_ZERO;STRUCTURAL_ZERO;STRUCTURAL_ZERO;STRUCTURAL_ZERO;STRUCTURAL_ZERO,12,0,0,,OK
red2_6800:584,,infeasible;infeasible;infeasible;infeasible;infeasible;infeasible;infeasible;infeasible;infeasible;infeasible;infeasible;infeasible,0;0;0;0;0;0;0;0;0;0;0;0,infeasible;infeasible;infeasible;infeasible;infeasible;infeasible;infeasible;infeasible;infeasible;infeasible;infeasible;infeasible,infeasible;infeasible;infeasible;infeasible;infeasible;infeasible;infeasible;infeasible;infeasible;infeasible;infeasible;infeasible,0;1;2;3;4;5;6;7;8;9;10;11,STRUCTURAL_ZERO;STRUCTURAL_ZERO;STRUCTURAL_ZERO;STRUCTURAL_ZERO;STRUCTURAL_ZERO;STRUCTURAL_ZERO;STRUCTURAL_ZERO;STRUCTURAL_ZERO;STRUCTURAL_ZERO;STRUCTURAL_ZERO;STRUCTURAL_ZERO;STRUCTURAL_ZERO,12,0,0,,OK
red2_6800:585,,infeasible;infeasible;infeasible;infeasible;infeasible;infeasible;infeasible;infeasible;infeasible;infeasible;infeasible;infeasible,0;0;0;0;0;0;0;0;0;0;0;0,infeasible;infeasible;infeasible;infeasible;infeasible;infeasible;infeasible;infeasible;infeasible;infeasible;infeasible;infeasible,infeasible;infeasible;infeasible;infeasible;infeasible;infeasible;infeasible;infeasible;infeasible;infeasible;infeasible;infeasible,0;1;2;3;4;5;6;7;8;9;10;11,STRUCTURAL_ZERO;STRUCTURAL_ZERO;STRUCTURAL_ZERO;STRUCTURAL_ZERO;STRUCTURAL_ZERO;STRUCTURAL_ZERO;STRUCTURAL_ZERO;STRUCTURAL_ZERO;STRUCTURAL_ZERO;STRUCTURAL_ZERO;STRUCTURAL_ZERO;STRUCTURAL_ZERO,12,0,0,,OK
red2_6800:586,,infeasible;infeasible;infeasible;infeasible;infeasible;infeasible;infeasible;infeasible;infeasible;infeasible;infeasible;infeasible,0;0;0;0;0;0;0;0;0;0;0;0,infeasible;infeasible;infeasible;infeasible;infeasible;infeasible;infeasible;infeasible;infeasible;infeasible;infeasible;infeasible,infeasible;infeasible;infeasible;infeasible;infeasible;infeasible;infeasible;infeasible;infeasible;infeasible;infeasible;infeasible,0;1;2;3;4;5;6;7;8;9;10;11,STRUCTURAL_ZERO;STRUCTURAL_ZERO;STRUCTURAL_ZERO;STRUCTURAL_ZERO;STRUCTURAL_ZERO;STRUCTURAL_ZERO;STRUCTURAL_ZERO;STRUCTURAL_ZERO;STRUCTURAL_ZERO;STRUCTURAL_ZERO;STRUCTURAL_ZERO;STRUCTURAL_ZERO,12,0,0,,OK
red2_6800:587,,infeasible;infeasible;infeasible;infeasible;infeasible;infeasible;infeasible;infeasible;infeasible;infeasible;infeasible;infeasible,0;0;0;0;0;0;0;0;0;0;0;0,infeasible;infeasible;infeasible;infeasible;infeasible;infeasible;infeasible;infeasible;infeasible;infeasible;infeasible;infeasible,infeasible;infeasible;infeasible;infeasible;infeasible;infeasible;infeasible;infeasible;infeasible;infeasible;infeasible;infeasible,0;1;2;3;4;5;6;7;8;9;10;11,STRUCTURAL_ZERO;STRUCTURAL_ZERO;STRUCTURAL_ZERO;STRUCTURAL_ZERO;STRUCTURAL_ZERO;STRUCTURAL_ZERO;STRUCTURAL_ZERO;STRUCTURAL_ZERO;STRUCTURAL_ZERO;STRUCTURAL_ZERO;STRUCTURAL_ZERO;STRUCTURAL_ZERO,12,0,0,,OK
red2_6800:588,,infeasible;infeasible;infeasible;infeasible;infeasible;infeasible;infeasible;infeasible;infeasible;infeasible;infeasible;infeasible,0;0;0;0;0;0;0;0;0;0;0;0,infeasible;infeasible;infeasible;infeasible;infeasible;infeasible;infeasible;infeasible;infeasible;infeasible;infeasible;infeasible,infeasible;infeasible;infeasible;infeasible;infeasible;infeasible;infeasible;infeasible;infeasible;infeasible;infeasible;infeasible,0;1;2;3;4;5;6;7;8;9;10;11,STRUCTURAL_ZERO;STRUCTURAL_ZERO;STRUCTURAL_ZERO;STRUCTURAL_ZERO;STRUCTURAL_ZERO;STRUCTURAL_ZERO;STRUCTURAL_ZERO;STRUCTURAL_ZERO;STRUCTURAL_ZERO;STRUCTURAL_ZERO;STRUCTURAL_ZERO;STRUCTURAL_ZERO,12,0,0,,OK
red2_6800:589,,infeasible;infeasible;infeasible;infeasible;infeasible;infeasible;infeasible;infeasible;infeasible;infeasible;infeasible;infeasible,0;0;0;0;0;0;0;0;0;0;0;0,infeasible;infeasible;infeasible;infeasible;infeasible;infeasible;infeasible;infeasible;infeasible;infeasible;infeasible;infeasible,infeasible;infeasible;infeasible;infeasible;infeasible;infeasible;infeasible;infeasible;infeasible;infeasible;infeasible;infeasible,0;1;2;3;4;5;6;7;8;9;10;11,STRUCTURAL_ZERO;STRUCTURAL_ZERO;STRUCTURAL_ZERO;STRUCTURAL_ZERO;STRUCTURAL_ZERO;STRUCTURAL_ZERO;STRUCTURAL_ZERO;STRUCTURAL_ZERO;STRUCTURAL_ZERO;STRUCTURAL_ZERO;STRUCTURAL_ZERO;STRUCTURAL_ZERO,12,0,0,,OK
red2_6800:590,,infeasible;infeasible;infeasible;infeasible;infeasible;infeasible;infeasible;infeasible;infeasible;infeasible;infeasible;infeasible,0;0;0;0;0;0;0;0;0;0;0;0,infeasible;infeasible;infeasible;infeasible;infeasible;infeasible;infeasible;infeasible;infeasible;infeasible;infeasible;infeasible,infeasible;infeasible;infeasible;infeasible;infeasible;infeasible;infeasible;infeasible;infeasible;infeasible;infeasible;infeasible,0;1;2;3;4;5;6;7;8;9;10;11,STRUCTURAL_ZERO;STRUCTURAL_ZERO;STRUCTURAL_ZERO;STRUCTURAL_ZERO;STRUCTURAL_ZERO;STRUCTURAL_ZERO;STRUCTURAL_ZERO;STRUCTURAL_ZERO;STRUCTURAL_ZERO;STRUCTURAL_ZERO;STRUCTURAL_ZERO;STRUCTURAL_ZERO,12,0,0,,OK
red2_6800:591,,infeasible;infeasible;infeasible;infeasible;infeasible;infeasible;infeasible;infeasible;infeasible;infeasible;infeasible;infeasible,0;0;0;0;0;0;0;0;0;0;0;0,infeasible;infeasible;infeasible;infeasible;infeasible;infeasible;infeasible;infeasible;infeasible;infeasible;infeasible;infeasible,infeasible;infeasible;infeasible;infeasible;infeasible;infeasible;infeasible;infeasible;infeasible;infeasible;infeasible;infeasible,0;1;2;3;4;5;6;7;8;9;10;11,STRUCTURAL_ZERO;STRUCTURAL_ZERO;STRUCTURAL_ZERO;STRUCTURAL_ZERO;STRUCTURAL_ZERO;STRUCTURAL_ZERO;STRUCTURAL_ZERO;STRUCTURAL_ZERO;STRUCTURAL_ZERO;STRUCTURAL_ZERO;STRUCTURAL_ZERO;STRUCTURAL_ZERO,12,0,0,,OK
red2_6800:592,,infeasible;infeasible;infeasible;infeasible;infeasible;infeasible;infeasible;infeasible;infeasible;infeasible;infeasible;infeasible,0;0;0;0;0;0;0;0;0;0;0;0,infeasible;infeasible;infeasible;infeasible;infeasible;infeasible;infeasible;infeasible;infeasible;infeasible;infeasible;infeasible,infeasible;infeasible;infeasible;infeasible;infeasible;infeasible;infeasible;infeasible;infeasible;infeasible;infeasible;infeasible,0;1;2;3;4;5;6;7;8;9;10;11,STRUCTURAL_ZERO;STRUCTURAL_ZERO;STRUCTURAL_ZERO;STRUCTURAL_ZERO;STRUCTURAL_ZERO;STRUCTURAL_ZERO;STRUCTURAL_ZERO;STRUCTURAL_ZERO;STRUCTURAL_ZERO;STRUCTURAL_ZERO;STRUCTURAL_ZERO;STRUCTURAL_ZERO,12,0,0,,OK
red2_6800:593,,infeasible;optimal;optimal;optimal;optimal;optimal;optimal;optimal;optimal;optimal;optimal;optimal,0;0.07544;0.4601;0.7199;1.08;1.444;1.496;1.515;1.442;1.31;0.6496;0.00269,infeasible;optimal;optimal;optimal;optimal;optimal;optimal;optimal;optimal;optimal;optimal;optimal,infeasible;optimal;optimal;optimal;optimal;optimal;optimal;optimal;optimal;optimal;optimal;optimal,0,STRUCTURAL_ZERO,1,0,0,,OK
red2_6800:594,,infeasible;infeasible;infeasible;infeasible;infeasible;infeasible;infeasible;infeasible;infeasible;infeasible;infeasible;infeasible,0;0;0;0;0;0;0;0;0;0;0;0,infeasible;infeasible;infeasible;infeasible;infeasible;infeasible;infeasible;infeasible;infeasible;infeasible;infeasible;infeasible,infeasible;infeasible;infeasible;infeasible;infeasible;infeasible;infeasible;infeasible;infeasible;infeasible;infeasible;infeasible,0;1;2;3;4;5;6;7;8;9;10;11,STRUCTURAL_ZERO;STRUCTURAL_ZERO;STRUCTURAL_ZERO;STRUCTURAL_ZERO;STRUCTURAL_ZERO;STRUCTURAL_ZERO;STRUCTURAL_ZERO;STRUCTURAL_ZERO;STRUCTURAL_ZERO;STRUCTURAL_ZERO;STRUCTURAL_ZERO;STRUCTURAL_ZERO,12,0,0,,OK
red2_6800:595,,infeasible;infeasible;infeasible;infeasible;infeasible;infeasible;infeasible;infeasible;infeasible;infeasible;infeasible;infeasible,0;0;0;0;0;0;0;0;0;0;0;0,infeasible;infeasible;infeasible;infeasible;infeasible;infeasible;infeasible;infeasible;infeasible;infeasible;infeasible;infeasible,infeasible;infeasible;infeasible;infeasible;infeasible;infeasible;infeasible;infeasible;infeasible;infeasible;infeasible;infeasible,0;1;2;3;4;5;6;7;8;9;10;11,STRUCTURAL_ZERO;STRUCTURAL_ZERO;STRUCTURAL_ZERO;STRUCTURAL_ZERO;STRUCTURAL_ZERO;STRUCTURAL_ZERO;STRUCTURAL_ZERO;STRUCTURAL_ZERO;STRUCTURAL_ZERO;STRUCTURAL_ZERO;STRUCTURAL_ZERO;STRUCTURAL_ZERO,12,0,0,,OK
red2_6800:596,,infeasible;infeasible;infeasible;infeasible;infeasible;infeasible;infeasible;infeasible;infeasible;infeasible;infeasible;infeasible,0;0;0;0;0;0;0;0;0;0;0;0,infeasible;infeasible;infeasible;infeasible;infeasible;infeasible;infeasible;infeasible;infeasible;infeasible;infeasible;infeasible,infeasible;infeasible;infeasible;infeasible;infeasible;infeasible;infeasible;infeasible;infeasible;infeasible;infeasible;infeasible,0;1;2;3;4;5;6;7;8;9;10;11,STRUCTURAL_ZERO;STRUCTURAL_ZERO;STRUCTURAL_ZERO;STRUCTURAL_ZERO;STRUCTURAL_ZERO;STRUCTURAL_ZERO;STRUCTURAL_ZERO;STRUCTURAL_ZERO;STRUCTURAL_ZERO;STRUCTURAL_ZERO;STRUCTURAL_ZERO;STRUCTURAL_ZERO,12,0,0,,OK
red2_6800:597,,infeasible;infeasible;infeasible;infeasible;infeasible;infeasible;infeasible;infeasible;infeasible;infeasible;infeasible;infeasible,0;0;0;0;0;0;0;0;0;0;0;0,infeasible;infeasible;infeasible;infeasible;infeasible;infeasible;infeasible;infeasible;infeasible;infeasible;infeasible;infeasible,infeasible;infeasible;infeasible;infeasible;infeasible;infeasible;infeasible;infeasible;infeasible;infeasible;infeasible;infeasible,0;1;2;3;4;5;6;7;8;9;10;11,STRUCTURAL_ZERO;STRUCTURAL_ZERO;STRUCTURAL_ZERO;STRUCTURAL_ZERO;STRUCTURAL_ZERO;STRUCTURAL_ZERO;STRUCTURAL_ZERO;STRUCTURAL_ZERO;STRUCTURAL_ZERO;STRUCTURAL_ZERO;STRUCTURAL_ZERO;STRUCTURAL_ZERO,12,0,0,,OK
red2_6800:598,,infeasible;infeasible;infeasible;infeasible;infeasible;infeasible;infeasible;infeasible;infeasible;infeasible;infeasible;infeasible,0;0;0;0;0;0;0;0;0;0;0;0,infeasible;infeasible;infeasible;infeasible;infeasible;infeasible;infeasible;infeasible;infeasible;infeasible;infeasible;infeasible,infeasible;infeasible;infeasible;infeasible;infeasible;infeasible;infeasible;infeasible;infeasible;infeasible;infeasible;infeasible,0;1;2;3;4;5;6;7;8;9;10;11,STRUCTURAL_ZERO;STRUCTURAL_ZERO;STRUCTURAL_ZERO;STRUCTURAL_ZERO;STRUCTURAL_ZERO;STRUCTURAL_ZERO;STRUCTURAL_ZERO;STRUCTURAL_ZERO;STRUCTURAL_ZERO;STRUCTURAL_ZERO;STRUCTURAL_ZERO;STRUCTURAL_ZERO,12,0,0,,OK
red2_6800:599,,infeasible;infeasible;infeasible;infeasible;infeasible;infeasible;infeasible;infeasible;infeasible;infeasible;infeasible;infeasible,0;0;0;0;0;0;0;0;0;0;0;0,infeasible;infeasible;infeasible;infeasible;infeasible;infeasible;infeasible;infeasible;infeasible;infeasible;infeasible;infeasible,infeasible;infeasible;infeasible;infeasible;infeasible;infeasible;infeasible;infeasible;infeasible;infeasible;infeasible;infeasible,0;1;2;3;4;5;6;7;8;9;10;11,STRUCTURAL_ZERO;STRUCTURAL_ZERO;STRUCTURAL_ZERO;STRUCTURAL_ZERO;STRUCTURAL_ZERO;STRUCTURAL_ZERO;STRUCTURAL_ZERO;STRUCTURAL_ZERO;STRUCTURAL_ZERO;STRUCTURAL_ZERO;STRUCTURAL_ZERO;STRUCTURAL_ZERO,12,0,0,,OK
red2_6800:600,,infeasible;infeasible;infeasible;infeasible;infeasible;infeasible;infeasible;infeasible;infeasible;infeasible;infeasible;infeasible,0;0;0;0;0;0;0;0;0;0;0;0,infeasible;infeasible;infeasible;infeasible;infeasible;infeasible;infeasible;infeasible;infeasible;infeasible;infeasible;infeasible,infeasible;infeasible;infeasible;infeasible;infeasible;infeasible;infeasible;infeasible;infeasible;infeasible;infeasible;infeasible,0;1;2;3;4;5;6;7;8;9;10;11,STRUCTURAL_ZERO;STRUCTURAL_ZERO;STRUCTURAL_ZERO;STRUCTURAL_ZERO;STRUCTURAL_ZERO;STRUCTURAL_ZERO;STRUCTURAL_ZERO;STRUCTURAL_ZERO;STRUCTURAL_ZERO;STRUCTURAL_ZERO;STRUCTURAL_ZERO;STRUCTURAL_ZERO,12,0,0,,OK
red2_6800:601,,infeasible;infeasible;infeasible;infeasible;infeasible;infeasible;infeasible;infeasible;infeasible;infeasible;infeasible;infeasible,0;0;0;0;0;0;0;0;0;0;0;0,infeasible;infeasible;infeasible;infeasible;infeasible;infeasible;infeasible;infeasible;infeasible;infeasible;infeasible;infeasible,infeasible;infeasible;infeasible;infeasible;infeasible;infeasible;infeasible;infeasible;infeasible;infeasible;infeasible;infeasible,0;1;2;3;4;5;6;7;8;9;10;11,STRUCTURAL_ZERO;STRUCTURAL_ZERO;STRUCTURAL_ZERO;STRUCTURAL_ZERO;STRUCTURAL_ZERO;STRUCTURAL_ZERO;STRUCTURAL_ZERO;STRUCTURAL_ZERO;STRUCTURAL_ZERO;STRUCTURAL_ZERO;STRUCTURAL_ZERO;STRUCTURAL_ZERO,12,0,0,,OK
red2_6800:602,,infeasible;infeasible;infeasible;infeasible;infeasible;infeasible;infeasible;infeasible;infeasible;infeasible;infeasible;infeasible,0;0;0;0;0;0;0;0;0;0;0;0,infeasible;infeasible;infeasible;infeasible;infeasible;infeasible;infeasible;infeasible;infeasible;infeasible;infeasible;infeasible,infeasible;infeasible;infeasible;infeasible;infeasible;infeasible;infeasible;infeasible;infeasible;infeasible;infeasible;infeasible,0;1;2;3;4;5;6;7;8;9;10;11,STRUCTURAL_ZERO;STRUCTURAL_ZERO;STRUCTURAL_ZERO;STRUCTURAL_ZERO;STRUCTURAL_ZERO;STRUCTURAL_ZERO;STRUCTURAL_ZERO;STRUCTURAL_ZERO;STRUCTURAL_ZERO;STRUCTURAL_ZERO;STRUCTURAL_ZERO;STRUCTURAL_ZERO,12,0,0,,OK
red2_6800:603,,infeasible;infeasible;infeasible;infeasible;infeasible;infeasible;infeasible;infeasible;infeasible;infeasible;infeasible;infeasible,0;0;0;0;0;0;0;0;0;0;0;0,infeasible;infeasible;infeasible;infeasible;infeasible;infeasible;infeasible;infeasible;infeasible;infeasible;infeasible;infeasible,infeasible;infeasible;infeasible;infeasible;infeasible;infeasible;infeasible;infeasible;infeasible;infeasible;infeasible;infeasible,0;1;2;3;4;5;6;7;8;9;10;11,STRUCTURAL_ZERO;STRUCTURAL_ZERO;STRUCTURAL_ZERO;STRUCTURAL_ZERO;STRUCTURAL_ZERO;STRUCTURAL_ZERO;STRUCTURAL_ZERO;STRUCTURAL_ZERO;STRUCTURAL_ZERO;STRUCTURAL_ZERO;STRUCTURAL_ZERO;STRUCTURAL_ZERO,12,0,0,,OK
red2_6800:604,,infeasible;infeasible;infeasible;infeasible;infeasible;infeasible;infeasible;infeasible;infeasible;infeasible;infeasible;infeasible,0;0;0;0;0;0;0;0;0;0;0;0,infeasible;infeasible;infeasible;infeasible;infeasible;infeasible;infeasible;infeasible;infeasible;infeasible;infeasible;infeasible,infeasible;infeasible;infeasible;infeasible;infeasible;infeasible;infeasible;infeasible;infeasible;infeasible;infeasible;infeasible,0;1;2;3;4;5;6;7;8;9;10;11,STRUCTURAL_ZERO;STRUCTURAL_ZERO;STRUCTURAL_ZERO;STRUCTURAL_ZERO;STRUCTURAL_ZERO;STRUCTURAL_ZERO;STRUCTURAL_ZERO;STRUCTURAL_ZERO;STRUCTURAL_ZERO;STRUCTURAL_ZERO;STRUCTURAL_ZERO;STRUCTURAL_ZERO,12,0,0,,OK
red2_6800:605,,infeasible;infeasible;infeasible;infeasible;infeasible;infeasible;infeasible;infeasible;infeasible;infeasible;infeasible;infeasible,0;0;0;0;0;0;0;0;0;0;0;0,infeasible;infeasible;infeasible;infeasible;infeasible;infeasible;infeasible;infeasible;infeasible;infeasible;infeasible;infeasible,infeasible;infeasible;infeasible;infeasible;infeasible;infeasible;infeasible;infeasible;infeasible;infeasible;infeasible;infeasible,0;1;2;3;4;5;6;7;8;9;10;11,STRUCTURAL_ZERO;STRUCTURAL_ZERO;STRUCTURAL_ZERO;STRUCTURAL_ZERO;STRUCTURAL_ZERO;STRUCTURAL_ZERO;STRUCTURAL_ZERO;STRUCTURAL_ZERO;STRUCTURAL_ZERO;STRUCTURAL_ZERO;STRUCTURAL_ZERO;STRUCTURAL_ZERO,12,0,0,,OK
red2_6800:606,,infeasible;infeasible;infeasible;infeasible;infeasible;infeasible;infeasible;infeasible;infeasible;infeasible;infeasible;infeasible,0;0;0;0;0;0;0;0;0;0;0;0,infeasible;infeasible;infeasible;infeasible;infeasible;infeasible;infeasible;infeasible;infeasible;infeasible;infeasible;infeasible,infeasible;infeasible;infeasible;infeasible;infeasible;infeasible;infeasible;infeasible;infeasible;infeasible;infeasible;infeasible,0;1;2;3;4;5;6;7;8;9;10;11,STRUCTURAL_ZERO;STRUCTURAL_ZERO;STRUCTURAL_ZERO;STRUCTURAL_ZERO;STRUCTURAL_ZERO;STRUCTURAL_ZERO;STRUCTURAL_ZERO;STRUCTURAL_ZERO;STRUCTURAL_ZERO;STRUCTURAL_ZERO;STRUCTURAL_ZERO;STRUCTURAL_ZERO,12,0,0,,OK
red2_6800:607,,infeasible;infeasible;infeasible;infeasible;infeasible;infeasible;infeasible;infeasible;infeasible;infeasible;infeasible;infeasible,0;0;0;0;0;0;0;0;0;0;0;0,infeasible;infeasible;infeasible;infeasible;infeasible;infeasible;infeasible;infeasible;infeasible;infeasible;infeasible;infeasible,infeasible;infeasible;infeasible;infeasible;infeasible;infeasible;infeasible;infeasible;infeasible;infeasible;infeasible;infeasible,0;1;2;3;4;5;6;7;8;9;10;11,STRUCTURAL_ZERO;STRUCTURAL_ZERO;STRUCTURAL_ZERO;STRUCTURAL_ZERO;STRUCTURAL_ZERO;STRUCTURAL_ZERO;STRUCTURAL_ZERO;STRUCTURAL_ZERO;STRUCTURAL_ZERO;STRUCTURAL_ZERO;STRUCTURAL_ZERO;STRUCTURAL_ZERO,12,0,0,,OK
red2_6800:608,,infeasible;infeasible;infeasible;infeasible;infeasible;infeasible;infeasible;infeasible;infeasible;infeasible;infeasible;infeasible,0;0;0;0;0;0;0;0;0;0;0;0,infeasible;infeasible;infeasible;infeasible;infeasible;infeasible;infeasible;infeasible;infeasible;infeasible;infeasible;infeasible,infeasible;infeasible;infeasible;infeasible;infeasible;infeasible;infeasible;infeasible;infeasible;infeasible;infeasible;infeasible,0;1;2;3;4;5;6;7;8;9;10;11,STRUCTURAL_ZERO;STRUCTURAL_ZERO;STRUCTURAL_ZERO;STRUCTURAL_ZERO;STRUCTURAL_ZERO;STRUCTURAL_ZERO;STRUCTURAL_ZERO;STRUCTURAL_ZERO;STRUCTURAL_ZERO;STRUCTURAL_ZERO;STRUCTURAL_ZERO;STRUCTURAL_ZERO,12,0,0,,OK
red2_6800:609,,infeasible;infeasible;infeasible;infeasible;infeasible;infeasible;infeasible;infeasible;infeasible;infeasible;infeasible;infeasible,0;0;0;0;0;0;0;0;0;0;0;0,infeasible;infeasible;infeasible;infeasible;infeasible;infeasible;infeasible;infeasible;infeasible;infeasible;infeasible;infeasible,infeasible;infeasible;infeasible;infeasible;infeasible;infeasible;infeasible;infeasible;infeasible;infeasible;infeasible;infeasible,0;1;2;3;4;5;6;7;8;9;10;11,STRUCTURAL_ZERO;STRUCTURAL_ZERO;STRUCTURAL_ZERO;STRUCTURAL_ZERO;STRUCTURAL_ZERO;STRUCTURAL_ZERO;STRUCTURAL_ZERO;STRUCTURAL_ZERO;STRUCTURAL_ZERO;STRUCTURAL_ZERO;STRUCTURAL_ZERO;STRUCTURAL_ZERO,12,0,0,,OK
red2_6800:610,,infeasible;infeasible;infeasible;infeasible;infeasible;infeasible;infeasible;infeasible;infeasible;infeasible;infeasible;infeasible,0;0;0;0;0;0;0;0;0;0;0;0,infeasible;infeasible;infeasible;infeasible;infeasible;infeasible;infeasible;infeasible;infeasible;infeasible;infeasible;infeasible,infeasible;infeasible;infeasible;infeasible;infeasible;infeasible;infeasible;infeasible;infeasible;infeasible;infeasible;infeasible,0;1;2;3;4;5;6;7;8;9;10;11,STRUCTURAL_ZERO;STRUCTURAL_ZERO;STRUCTURAL_ZERO;STRUCTURAL_ZERO;STRUCTURAL_ZERO;STRUCTURAL_ZERO;STRUCTURAL_ZERO;STRUCTURAL_ZERO;STRUCTURAL_ZERO;STRUCTURAL_ZERO;STRUCTURAL_ZERO;STRUCTURAL_ZERO,12,0,0,,OK
red2_6800:611,,infeasible;infeasible;infeasible;infeasible;infeasible;infeasible;infeasible;infeasible;infeasible;infeasible;infeasible;infeasible,0;0;0;0;0;0;0;0;0;0;0;0,infeasible;infeasible;infeasible;infeasible;infeasible;infeasible;infeasible;infeasible;infeasible;infeasible;infeasible;infeasible,infeasible;infeasible;infeasible;infeasible;infeasible;infeasible;infeasible;infeasible;infeasible;infeasible;infeasible;infeasible,0;1;2;3;4;5;6;7;8;9;10;11,STRUCTURAL_ZERO;STRUCTURAL_ZERO;STRUCTURAL_ZERO;STRUCTURAL_ZERO;STRUCTURAL_ZERO;STRUCTURAL_ZERO;STRUCTURAL_ZERO;STRUCTURAL_ZERO;STRUCTURAL_ZERO;STRUCTURAL_ZERO;STRUCTURAL_ZERO;STRUCTURAL_ZERO,12,0,0,,OK
red2_6800:612,,infeasible;infeasible;infeasible;infeasible;infeasible;infeasible;infeasible;infeasible;infeasible;infeasible;infeasible;infeasible,0;0;0;0;0;0;0;0;0;0;0;0,infeasible;infeasible;infeasible;infeasible;infeasible;infeasible;infeasible;infeasible;infeasible;infeasible;infeasible;infeasible,infeasible;infeasible;infeasible;infeasible;infeasible;infeasible;infeasible;infeasible;infeasible;infeasible;infeasible;infeasible,0;1;2;3;4;5;6;7;8;9;10;11,STRUCTURAL_ZERO;STRUCTURAL_ZERO;STRUCTURAL_ZERO;STRUCTURAL_ZERO;STRUCTURAL_ZERO;STRUCTURAL_ZERO;STRUCTURAL_ZERO;STRUCTURAL_ZERO;STRUCTURAL_ZERO;STRUCTURAL_ZERO;STRUCTURAL_ZERO;STRUCTURAL_ZERO,12,0,0,,OK
red2_6800:613,,infeasible;infeasible;infeasible;infeasible;infeasible;infeasible;infeasible;infeasible;infeasible;infeasible;infeasible;infeasible,0;0;0;0;0;0;0;0;0;0;0;0,infeasible;infeasible;infeasible;infeasible;infeasible;infeasible;infeasible;infeasible;infeasible;infeasible;infeasible;infeasible,infeasible;infeasible;infeasible;infeasible;infeasible;infeasible;infeasible;infeasible;infeasible;infeasible;infeasible;infeasible,0;1;2;3;4;5;6;7;8;9;10;11,STRUCTURAL_ZERO;STRUCTURAL_ZERO;STRUCTURAL_ZERO;STRUCTURAL_ZERO;STRUCTURAL_ZERO;STRUCTURAL_ZERO;STRUCTURAL_ZERO;STRUCTURAL_ZERO;STRUCTURAL_ZERO;STRUCTURAL_ZERO;STRUCTURAL_ZERO;STRUCTURAL_ZERO,12,0,0,,OK
red2_6800:614,,infeasible;infeasible;infeasible;infeasible;infeasible;infeasible;infeasible;infeasible;infeasible;infeasible;infeasible;infeasible,0;0;0;0;0;0;0;0;0;0;0;0,infeasible;infeasible;infeasible;infeasible;infeasible;infeasible;infeasible;infeasible;infeasible;infeasible;infeasible;infeasible,infeasible;infeasible;infeasible;infeasible;infeasible;infeasible;infeasible;infeasible;infeasible;infeasible;infeasible;infeasible,0;1;2;3;4;5;6;7;8;9;10;11,STRUCTURAL_ZERO;STRUCTURAL_ZERO;STRUCTURAL_ZERO;STRUCTURAL_ZERO;STRUCTURAL_ZERO;STRUCTURAL_ZERO;STRUCTURAL_ZERO;STRUCTURAL_ZERO;STRUCTURAL_ZERO;STRUCTURAL_ZERO;STRUCTURAL_ZERO;STRUCTURAL_ZERO,12,0,0,,OK
red2_6800:615,,infeasible;infeasible;infeasible;infeasible;infeasible;infeasible;infeasible;infeasible;infeasible;infeasible;infeasible;infeasible,0;0;0;0;0;0;0;0;0;0;0;0,infeasible;infeasible;infeasible;infeasible;infeasible;infeasible;infeasible;infeasible;infeasible;infeasible;infeasible;infeasible,infeasible;infeasible;infeasible;infeasible;infeasible;infeasible;infeasible;infeasible;infeasible;infeasible;infeasible;infeasible,0;1;2;3;4;5;6;7;8;9;10;11,STRUCTURAL_ZERO;STRUCTURAL_ZERO;STRUCTURAL_ZERO;STRUCTURAL_ZERO;STRUCTURAL_ZERO;STRUCTURAL_ZERO;STRUCTURAL_ZERO;STRUCTURAL_ZERO;STRUCTURAL_ZERO;STRUCTURAL_ZERO;STRUCTURAL_ZERO;STRUCTURAL_ZERO,12,0,0,,OK
red2_6800:616,,infeasible;infeasible;infeasible;infeasible;infeasible;infeasible;infeasible;infeasible;infeasible;infeasible;infeasible;infeasible,0;0;0;0;0;0;0;0;0;0;0;0,infeasible;infeasible;infeasible;infeasible;infeasible;infeasible;infeasible;infeasible;infeasible;infeasible;infeasible;infeasible,infeasible;infeasible;infeasible;infeasible;infeasible;infeasible;infeasible;infeasible;infeasible;infeasible;infeasible;infeasible,0;1;2;3;4;5;6;7;8;9;10;11,STRUCTURAL_ZERO;STRUCTURAL_ZERO;STRUCTURAL_ZERO;STRUCTURAL_ZERO;STRUCTURAL_ZERO;STRUCTURAL_ZERO;STRUCTURAL_ZERO;STRUCTURAL_ZERO;STRUCTURAL_ZERO;STRUCTURAL_ZERO;STRUCTURAL_ZERO;STRUCTURAL_ZERO,12,0,0,,OK
red2_6800:617,,infeasible;infeasible;infeasible;infeasible;infeasible;infeasible;infeasible;infeasible;infeasible;infeasible;infeasible;infeasible,0;0;0;0;0;0;0;0;0;0;0;0,infeasible;infeasible;infeasible;infeasible;infeasible;infeasible;infeasible;infeasible;infeasible;infeasible;infeasible;infeasible,infeasible;infeasible;infeasible;infeasible;infeasible;infeasible;infeasible;infeasible;infeasible;infeasible;infeasible;infeasible,0;1;2;3;4;5;6;7;8;9;10;11,STRUCTURAL_ZERO;STRUCTURAL_ZERO;STRUCTURAL_ZERO;STRUCTURAL_ZERO;STRUCTURAL_ZERO;STRUCTURAL_ZERO;STRUCTURAL_ZERO;STRUCTURAL_ZERO;STRUCTURAL_ZERO;STRUCTURAL_ZERO;STRUCTURAL_ZERO;STRUCTURAL_ZERO,12,0,0,,OK
red2_6800:618,,infeasible;infeasible;infeasible;infeasible;infeasible;infeasible;infeasible;infeasible;infeasible;infeasible;infeasible;infeasible,0;0;0;0;0;0;0;0;0;0;0;0,infeasible;infeasible;infeasible;infeasible;infeasible;infeasible;infeasible;infeasible;infeasible;infeasible;infeasible;infeasible,infeasible;infeasible;infeasible;infeasible;infeasible;infeasible;infeasible;infeasible;infeasible;infeasible;infeasible;infeasible,0;1;2;3;4;5;6;7;8;9;10;11,STRUCTURAL_ZERO;STRUCTURAL_ZERO;STRUCTURAL_ZERO;STRUCTURAL_ZERO;STRUCTURAL_ZERO;STRUCTURAL_ZERO;STRUCTURAL_ZERO;STRUCTURAL_ZERO;STRUCTURAL_ZERO;STRUCTURAL_ZERO;STRUCTURAL_ZERO;STRUCTURAL_ZERO,12,0,0,,OK
red2_6800:619,,infeasible;infeasible;infeasible;infeasible;infeasible;infeasible;infeasible;infeasible;infeasible;infeasible;infeasible;infeasible,0;0;0;0;0;0;0;0;0;0;0;0,infeasible;infeasible;infeasible;infeasible;infeasible;infeasible;infeasible;infeasible;infeasible;infeasible;infeasible;infeasible,infeasible;infeasible;infeasible;infeasible;infeasible;infeasible;infeasible;infeasible;infeasible;infeasible;infeasible;infeasible,0;1;2;3;4;5;6;7;8;9;10;11,STRUCTURAL_ZERO;STRUCTURAL_ZERO;STRUCTURAL_ZERO;STRUCTURAL_ZERO;STRUCTURAL_ZERO;STRUCTURAL_ZERO;STRUCTURAL_ZERO;STRUCTURAL_ZERO;STRUCTURAL_ZERO;STRUCTURAL_ZERO;STRUCTURAL_ZERO;STRUCTURAL_ZERO,12,0,0,,OK
red2_6800:620,,infeasible;infeasible;infeasible;infeasible;infeasible;infeasible;infeasible;infeasible;infeasible;infeasible;infeasible;infeasible,0;0;0;0;0;0;0;0;0;0;0;0,infeasible;infeasible;infeasible;infeasible;infeasible;infeasible;infeasible;infeasible;infeasible;infeasible;infeasible;infeasible,infeasible;infeasible;infeasible;infeasible;infeasible;infeasible;infeasible;infeasible;infeasible;infeasible;infeasible;infeasible,0;1;2;3;4;5;6;7;8;9;10;11,STRUCTURAL_ZERO;STRUCTURAL_ZERO;STRUCTURAL_ZERO;STRUCTURAL_ZERO;STRUCTURAL_ZERO;STRUCTURAL_ZERO;STRUCTURAL_ZERO;STRUCTURAL_ZERO;STRUCTURAL_ZERO;STRUCTURAL_ZERO;STRUCTURAL_ZERO;STRUCTURAL_ZERO,12,0,0,,OK
red2_6800:621,,infeasible;infeasible;infeasible;infeasible;infeasible;infeasible;infeasible;infeasible;infeasible;infeasible;infeasible;infeasible,0;0;0;0;0;0;0;0;0;0;0;0,infeasible;infeasible;infeasible;infeasible;infeasible;infeasible;infeasible;infeasible;infeasible;infeasible;infeasible;infeasible,infeasible;infeasible;infeasible;infeasible;infeasible;infeasible;infeasible;infeasible;infeasible;infeasible;infeasible;infeasible,0;1;2;3;4;5;6;7;8;9;10;11,STRUCTURAL_ZERO;STRUCTURAL_ZERO;STRUCTURAL_ZERO;STRUCTURAL_ZERO;STRUCTURAL_ZERO;STRUCTURAL_ZERO;STRUCTURAL_ZERO;STRUCTURAL_ZERO;STRUCTURAL_ZERO;STRUCTURAL_ZERO;STRUCTURAL_ZERO;STRUCTURAL_ZERO,12,0,0,,OK
red2_6800:622,,infeasible;infeasible;infeasible;infeasible;infeasible;infeasible;infeasible;infeasible;infeasible;infeasible;infeasible;infeasible,0;0;0;0;0;0;0;0;0;0;0;0,infeasible;infeasible;infeasible;infeasible;infeasible;infeasible;infeasible;infeasible;infeasible;infeasible;infeasible;infeasible,infeasible;infeasible;infeasible;infeasible;infeasible;infeasible;infeasible;infeasible;infeasible;infeasible;infeasible;infeasible,0;1;2;3;4;5;6;7;8;9;10;11,STRUCTURAL_ZERO;STRUCTURAL_ZERO;STRUCTURAL_ZERO;STRUCTURAL_ZERO;STRUCTURAL_ZERO;STRUCTURAL_ZERO;STRUCTURAL_ZERO;STRUCTURAL_ZERO;STRUCTURAL_ZERO;STRUCTURAL_ZERO;STRUCTURAL_ZERO;STRUCTURAL_ZERO,12,0,0,,OK
red2_6800:623,,infeasible;optimal;optimal;optimal;optimal;optimal;optimal;optimal;optimal;optimal;optimal;optimal,0;0.2555;0.8184;1.033;1.282;1.481;1.516;1.527;1.477;1.308;0.9051;0.01734,infeasible;optimal;optimal;optimal;optimal;optimal;optimal;optimal;optimal;optimal;optimal;optimal,infeasible;optimal;optimal;optimal;optimal;optimal;optimal;optimal;optimal;optimal;optimal;optimal,0,STRUCTURAL_ZERO,1,0,0,,OK
red2_6800:624,,infeasible;infeasible;infeasible;infeasible;infeasible;infeasible;infeasible;infeasible;infeasible;infeasible;infeasible;infeasible,0;0;0;0;0;0;0;0;0;0;0;0,infeasible;infeasible;infeasible;infeasible;infeasible;infeasible;infeasible;infeasible;infeasible;infeasible;infeasible;infeasible,infeasible;infeasible;infeasible;infeasible;infeasible;infeasible;infeasible;infeasible;infeasible;infeasible;infeasible;infeasible,0;1;2;3;4;5;6;7;8;9;10;11,STRUCTURAL_ZERO;STRUCTURAL_ZERO;STRUCTURAL_ZERO;STRUCTURAL_ZERO;STRUCTURAL_ZERO;STRUCTURAL_ZERO;STRUCTURAL_ZERO;STRUCTURAL_ZERO;STRUCTURAL_ZERO;STRUCTURAL_ZERO;STRUCTURAL_ZERO;STRUCTURAL_ZERO,12,0,0,,OK
red2_6800:625,,infeasible;infeasible;infeasible;infeasible;infeasible;infeasible;infeasible;infeasible;infeasible;infeasible;infeasible;infeasible,0;0;0;0;0;0;0;0;0;0;0;0,infeasible;infeasible;infeasible;infeasible;infeasible;infeasible;infeasible;infeasible;infeasible;infeasible;infeasible;infeasible,infeasible;infeasible;infeasible;infeasible;infeasible;infeasible;infeasible;infeasible;infeasible;infeasible;infeasible;infeasible,0;1;2;3;4;5;6;7;8;9;10;11,STRUCTURAL_ZERO;STRUCTURAL_ZERO;STRUCTURAL_ZERO;STRUCTURAL_ZERO;STRUCTURAL_ZERO;STRUCTURAL_ZERO;STRUCTURAL_ZERO;STRUCTURAL_ZERO;STRUCTURAL_ZERO;STRUCTURAL_ZERO;STRUCTURAL_ZERO;STRUCTURAL_ZERO,12,0,0,,OK
red2_6800:626,,infeasible;infeasible;infeasible;infeasible;infeasible;infeasible;infeasible;infeasible;infeasible;infeasible;infeasible;infeasible,0;0;0;0;0;0;0;0;0;0;0;0,infeasible;infeasible;infeasible;infeasible;infeasible;infeasible;infeasible;infeasible;infeasible;infeasible;infeasible;infeasible,infeasible;infeasible;infeasible;infeasible;infeasible;infeasible;infeasible;infeasible;infeasible;infeasible;infeasible;infeasible,0;1;2;3;4;5;6;7;8;9;10;11,STRUCTURAL_ZERO;STRUCTURAL_ZERO;STRUCTURAL_ZERO;STRUCTURAL_ZERO;STRUCTURAL_ZERO;STRUCTURAL_ZERO;STRUCTURAL_ZERO;STRUCTURAL_ZERO;STRUCTURAL_ZERO;STRUCTURAL_ZERO;STRUCTURAL_ZERO;STRUCTURAL_ZERO,12,0,0,,OK
red2_6800:627,,infeasible;infeasible;infeasible;infeasible;infeasible;infeasible;infeasible;infeasible;infeasible;infeasible;infeasible;infeasible,0;0;0;0;0;0;0;0;0;0;0;0,infeasible;infeasible;infeasible;infeasible;infeasible;infeasible;infeasible;infeasible;infeasible;infeasible;infeasible;infeasible,infeasible;infeasible;infeasible;infeasible;infeasible;infeasible;infeasible;infeasible;infeasible;infeasible;infeasible;infeasible,0;1;2;3;4;5;6;7;8;9;10;11,STRUCTURAL_ZERO;STRUCTURAL_ZERO;STRUCTURAL_ZERO;STRUCTURAL_ZERO;STRUCTURAL_ZERO;STRUCTURAL_ZERO;STRUCTURAL_ZERO;STRUCTURAL_ZERO;STRUCTURAL_ZERO;STRUCTURAL_ZERO;STRUCTURAL_ZERO;STRUCTURAL_ZERO,12,0,0,,OK
red2_6800:628,,infeasible;infeasible;infeasible;infeasible;infeasible;infeasible;infeasible;infeasible;infeasible;infeasible;infeasible;infeasible,0;0;0;0;0;0;0;0;0;0;0;0,infeasible;infeasible;infeasible;infeasible;infeasible;infeasible;infeasible;infeasible;infeasible;infeasible;infeasible;infeasible,infeasible;infeasible;infeasible;infeasible;infeasible;infeasible;infeasible;infeasible;infeasible;infeasible;infeasible;infeasible,0;1;2;3;4;5;6;7;8;9;10;11,STRUCTURAL_ZERO;STRUCTURAL_ZERO;STRUCTURAL_ZERO;STRUCTURAL_ZERO;STRUCTURAL_ZERO;STRUCTURAL_ZERO;STRUCTURAL_ZERO;STRUCTURAL_ZERO;STRUCTURAL_ZERO;STRUCTURAL_ZERO;STRUCTURAL_ZERO;STRUCTURAL_ZERO,12,0,0,,OK
red2_6800:629,,infeasible;infeasible;infeasible;infeasible;infeasible;infeasible;infeasible;infeasible;infeasible;infeasible;infeasible;infeasible,0;0;0;0;0;0;0;0;0;0;0;0,infeasible;infeasible;infeasible;infeasible;infeasible;infeasible;infeasible;infeasible;infeasible;infeasible;infeasible;infeasible,infeasible;infeasible;infeasible;infeasible;infeasible;infeasible;infeasible;infeasible;infeasible;infeasible;infeasible;infeasible,0;1;2;3;4;5;6;7;8;9;10;11,STRUCTURAL_ZERO;STRUCTURAL_ZERO;STRUCTURAL_ZERO;STRUCTURAL_ZERO;STRUCTURAL_ZERO;STRUCTURAL_ZERO;STRUCTURAL_ZERO;STRUCTURAL_ZERO;STRUCTURAL_ZERO;STRUCTURAL_ZERO;STRUCTURAL_ZERO;STRUCTURAL_ZERO,12,0,0,,OK
red2_6800:630,,infeasible;infeasible;infeasible;infeasible;infeasible;infeasible;infeasible;infeasible;infeasible;infeasible;infeasible;infeasible,0;0;0;0;0;0;0;0;0;0;0;0,infeasible;infeasible;infeasible;infeasible;infeasible;infeasible;infeasible;infeasible;infeasible;infeasible;infeasible;infeasible,infeasible;infeasible;infeasible;infeasible;infeasible;infeasible;infeasible;infeasible;infeasible;infeasible;infeasible;infeasible,0;1;2;3;4;5;6;7;8;9;10;11,STRUCTURAL_ZERO;STRUCTURAL_ZERO;STRUCTURAL_ZERO;STRUCTURAL_ZERO;STRUCTURAL_ZERO;STRUCTURAL_ZERO;STRUCTURAL_ZERO;STRUCTURAL_ZERO;STRUCTURAL_ZERO;STRUCTURAL_ZERO;STRUCTURAL_ZERO;STRUCTURAL_ZERO,12,0,0,,OK
red2_6800:631,,infeasible;infeasible;infeasible;infeasible;infeasible;infeasible;infeasible;infeasible;infeasible;infeasible;infeasible;infeasible,0;0;0;0;0;0;0;0;0;0;0;0,infeasible;infeasible;infeasible;infeasible;infeasible;infeasible;infeasible;infeasible;infeasible;infeasible;infeasible;infeasible,infeasible;infeasible;infeasible;infeasible;infeasible;infeasible;infeasible;infeasible;infeasible;infeasible;infeasible;infeasible,0;1;2;3;4;5;6;7;8;9;10;11,STRUCTURAL_ZERO;STRUCTURAL_ZERO;STRUCTURAL_ZERO;STRUCTURAL_ZERO;STRUCTURAL_ZERO;STRUCTURAL_ZERO;STRUCTURAL_ZERO;STRUCTURAL_ZERO;STRUCTURAL_ZERO;STRUCTURAL_ZERO;STRUCTURAL_ZERO;STRUCTURAL_ZERO,12,0,0,,OK
red2_6800:632,,infeasible;optimal;optimal;optimal;optimal;optimal;optimal;optimal;optimal;optimal;optimal;optimal,0;0.07625;0.4085;0.6298;1.043;1.4;1.415;1.346;1.14;0.9076;0.6489;0.2327,infeasible;optimal;optimal;optimal;optimal;optimal;optimal;optimal;optimal;optimal;optimal;optimal,infeasible;optimal;optimal;optimal;optimal;optimal;optimal;optimal;optimal;optimal;optimal;optimal,0,STRUCTURAL_ZERO,1,0,0,,OK
red2_6800:633,,infeasible;infeasible;infeasible;infeasible;infeasible;infeasible;infeasible;infeasible;infeasible;infeasible;infeasible;infeasible,0;0;0;0;0;0;0;0;0;0;0;0,infeasible;infeasible;infeasible;infeasible;infeasible;infeasible;infeasible;infeasible;infeasible;infeasible;infeasible;infeasible,infeasible;infeasible;infeasible;infeasible;infeasible;infeasible;infeasible;infeasible;infeasible;infeasible;infeasible;infeasible,0;1;2;3;4;5;6;7;8;9;10;11,STRUCTURAL_ZERO;STRUCTURAL_ZERO;STRUCTURAL_ZERO;STRUCTURAL_ZERO;STRUCTURAL_ZERO;STRUCTURAL_ZERO;STRUCTURAL_ZERO;STRUCTURAL_ZERO;STRUCTURAL_ZERO;STRUCTURAL_ZERO;STRUCTURAL_ZERO;STRUCTURAL_ZERO,12,0,0,,OK
red2_6800:634,,infeasible;infeasible;infeasible;infeasible;infeasible;infeasible;infeasible;infeasible;infeasible;infeasible;infeasible;infeasible,0;0;0;0;0;0;0;0;0;0;0;0,infeasible;infeasible;infeasible;infeasible;infeasible;infeasible;infeasible;infeasible;infeasible;infeasible;infeasible;infeasible,infeasible;infeasible;infeasible;infeasible;infeasible;infeasible;infeasible;infeasible;infeasible;infeasible;infeasible;infeasible,0;1;2;3;4;5;6;7;8;9;10;11,STRUCTURAL_ZERO;STRUCTURAL_ZERO;STRUCTURAL_ZERO;STRUCTURAL_ZERO;STRUCTURAL_ZERO;STRUCTURAL_ZERO;STRUCTURAL_ZERO;STRUCTURAL_ZERO;STRUCTURAL_ZERO;STRUCTURAL_ZERO;STRUCTURAL_ZERO;STRUCTURAL_ZERO,12,0,0,,OK
red2_6800:635,,infeasible;infeasible;infeasible;infeasible;infeasible;infeasible;infeasible;infeasible;infeasible;infeasible;infeasible;infeasible,0;0;0;0;0;0;0;0;0;0;0;0,infeasible;infeasible;infeasible;infeasible;infeasible;infeasible;infeasible;infeasible;infeasible;infeasible;infeasible;infeasible,infeasible;infeasible;infeasible;infeasible;infeasible;infeasible;infeasible;infeasible;infeasible;infeasible;infeasible;infeasible,0;1;2;3;4;5;6;7;8;9;10;11,STRUCTURAL_ZERO;STRUCTURAL_ZERO;STRUCTURAL_ZERO;STRUCTURAL_ZERO;STRUCTURAL_ZERO;STRUCTURAL_ZERO;STRUCTURAL_ZERO;STRUCTURAL_ZERO;STRUCTURAL_ZERO;STRUCTURAL_ZERO;STRUCTURAL_ZERO;STRUCTURAL_ZERO,12,0,0,,OK
red2_6800:636,,infeasible;infeasible;infeasible;infeasible;infeasible;infeasible;infeasible;infeasible;infeasible;infeasible;infeasible;infeasible,0;0;0;0;0;0;0;0;0;0;0;0,infeasible;infeasible;infeasible;infeasible;infeasible;infeasible;infeasible;infeasible;infeasible;infeasible;infeasible;infeasible,infeasible;infeasible;infeasible;infeasible;infeasible;infeasible;infeasible;infeasible;infeasible;infeasible;infeasible;infeasible,0;1;2;3;4;5;6;7;8;9;10;11,STRUCTURAL_ZERO;STRUCTURAL_ZERO;STRUCTURAL_ZERO;STRUCTURAL_ZERO;STRUCTURAL_ZERO;STRUCTURAL_ZERO;STRUCTURAL_ZERO;STRUCTURAL_ZERO;STRUCTURAL_ZERO;STRUCTURAL_ZERO;STRUCTURAL_ZERO;STRUCTURAL_ZERO,12,0,0,,OK
red2_6800:637,,infeasible;infeasible;infeasible;infeasible;infeasible;infeasible;infeasible;infeasible;infeasible;infeasible;infeasible;infeasible,0;0;0;0;0;0;0;0;0;0;0;0,infeasible;infeasible;infeasible;infeasible;infeasible;infeasible;infeasible;infeasible;infeasible;infeasible;infeasible;infeasible,infeasible;infeasible;infeasible;infeasible;infeasible;infeasible;infeasible;infeasible;infeasible;infeasible;infeasible;infeasible,0;1;2;3;4;5;6;7;8;9;10;11,STRUCTURAL_ZERO;STRUCTURAL_ZERO;STRUCTURAL_ZERO;STRUCTURAL_ZERO;STRUCTURAL_ZERO;STRUCTURAL_ZERO;STRUCTURAL_ZERO;STRUCTURAL_ZERO;STRUCTURAL_ZERO;STRUCTURAL_ZERO;STRUCTURAL_ZERO;STRUCTURAL_ZERO,12,0,0,,OK
red2_6800:638,,infeasible;infeasible;infeasible;infeasible;infeasible;infeasible;infeasible;infeasible;infeasible;infeasible;infeasible;infeasible,0;0;0;0;0;0;0;0;0;0;0;0,infeasible;infeasible;infeasible;infeasible;infeasible;infeasible;infeasible;infeasible;infeasible;infeasible;infeasible;infeasible,infeasible;infeasible;infeasible;infeasible;infeasible;infeasible;infeasible;infeasible;infeasible;infeasible;infeasible;infeasible,0;1;2;3;4;5;6;7;8;9;10;11,STRUCTURAL_ZERO;STRUCTURAL_ZERO;STRUCTURAL_ZERO;STRUCTURAL_ZERO;STRUCTURAL_ZERO;STRUCTURAL_ZERO;STRUCTURAL_ZERO;STRUCTURAL_ZERO;STRUCTURAL_ZERO;STRUCTURAL_ZERO;STRUCTURAL_ZERO;STRUCTURAL_ZERO,12,0,0,,OK
red2_6800:639,,infeasible;infeasible;infeasible;infeasible;infeasible;infeasible;infeasible;infeasible;infeasible;infeasible;infeasible;infeasible,0;0;0;0;0;0;0;0;0;0;0;0,infeasible;infeasible;infeasible;infeasible;infeasible;infeasible;infeasible;infeasible;infeasible;infeasible;infeasible;infeasible,infeasible;infeasible;infeasible;infeasible;infeasible;infeasible;infeasible;infeasible;infeasible;infeasible;infeasible;infeasible,0;1;2;3;4;5;6;7;8;9;10;11,STRUCTURAL_ZERO;STRUCTURAL_ZERO;STRUCTURAL_ZERO;STRUCTURAL_ZERO;STRUCTURAL_ZERO;STRUCTURAL_ZERO;STRUCTURAL_ZERO;STRUCTURAL_ZERO;STRUCTURAL_ZERO;STRUCTURAL_ZERO;STRUCTURAL_ZERO;STRUCTURAL_ZERO,12,0,0,,OK
red2_6800:640,,infeasible;infeasible;infeasible;infeasible;infeasible;infeasible;infeasible;infeasible;infeasible;infeasible;infeasible;infeasible,0;0;0;0;0;0;0;0;0;0;0;0,infeasible;infeasible;infeasible;infeasible;infeasible;infeasible;infeasible;infeasible;infeasible;infeasible;infeasible;infeasible,infeasible;infeasible;infeasible;infeasible;infeasible;infeasible;infeasible;infeasible;infeasible;infeasible;infeasible;infeasible,0;1;2;3;4;5;6;7;8;9;10;11,STRUCTURAL_ZERO;STRUCTURAL_ZERO;STRUCTURAL_ZERO;STRUCTURAL_ZERO;STRUCTURAL_ZERO;STRUCTURAL_ZERO;STRUCTURAL_ZERO;STRUCTURAL_ZERO;STRUCTURAL_ZERO;STRUCTURAL_ZERO;STRUCTURAL_ZERO;STRUCTURAL_ZERO,12,0,0,,OK
red2_6800:641,,infeasible;infeasible;infeasible;infeasible;infeasible;infeasible;infeasible;infeasible;infeasible;infeasible;infeasible;infeasible,0;0;0;0;0;0;0;0;0;0;0;0,infeasible;infeasible;infeasible;infeasible;infeasible;infeasible;infeasible;infeasible;infeasible;infeasible;infeasible;infeasible,infeasible;infeasible;infeasible;infeasible;infeasible;infeasible;infeasible;infeasible;infeasible;infeasible;infeasible;infeasible,0;1;2;3;4;5;6;7;8;9;10;11,STRUCTURAL_ZERO;STRUCTURAL_ZERO;STRUCTURAL_ZERO;STRUCTURAL_ZERO;STRUCTURAL_ZERO;STRUCTURAL_ZERO;STRUCTURAL_ZERO;STRUCTURAL_ZERO;STRUCTURAL_ZERO;STRUCTURAL_ZERO;STRUCTURAL_ZERO;STRUCTURAL_ZERO,12,0,0,,OK
red2_6800:642,,infeasible;infeasible;infeasible;infeasible;infeasible;infeasible;infeasible;infeasible;infeasible;infeasible;infeasible;infeasible,0;0;0;0;0;0;0;0;0;0;0;0,infeasible;infeasible;infeasible;infeasible;infeasible;infeasible;infeasible;infeasible;infeasible;infeasible;infeasible;infeasible,infeasible;infeasible;infeasible;infeasible;infeasible;infeasible;infeasible;infeasible;infeasible;infeasible;infeasible;infeasible,0;1;2;3;4;5;6;7;8;9;10;11,STRUCTURAL_ZERO;STRUCTURAL_ZERO;STRUCTURAL_ZERO;STRUCTURAL_ZERO;STRUCTURAL_ZERO;STRUCTURAL_ZERO;STRUCTURAL_ZERO;STRUCTURAL_ZERO;STRUCTURAL_ZERO;STRUCTURAL_ZERO;STRUCTURAL_ZERO;STRUCTURAL_ZERO,12,0,0,,OK
red2_6800:643,,infeasible;infeasible;infeasible;infeasible;infeasible;infeasible;infeasible;infeasible;infeasible;infeasible;infeasible;infeasible,0;0;0;0;0;0;0;0;0;0;0;0,infeasible;infeasible;infeasible;infeasible;infeasible;infeasible;infeasible;infeasible;infeasible;infeasible;infeasible;infeasible,infeasible;infeasible;infeasible;infeasible;infeasible;infeasible;infeasible;infeasible;infeasible;infeasible;infeasible;infeasible,0;1;2;3;4;5;6;7;8;9;10;11,STRUCTURAL_ZERO;STRUCTURAL_ZERO;STRUCTURAL_ZERO;STRUCTURAL_ZERO;STRUCTURAL_ZERO;STRUCTURAL_ZERO;STRUCTURAL_ZERO;STRUCTURAL_ZERO;STRUCTURAL_ZERO;STRUCTURAL_ZERO;STRUCTURAL_ZERO;STRUCTURAL_ZERO,12,0,0,,OK
red2_6800:644,,infeasible;infeasible;infeasible;infeasible;infeasible;infeasible;infeasible;infeasible;infeasible;infeasible;infeasible;infeasible,0;0;0;0;0;0;0;0;0;0;0;0,infeasible;infeasible;infeasible;infeasible;infeasible;infeasible;infeasible;infeasible;infeasible;infeasible;infeasible;infeasible,infeasible;infeasible;infeasible;infeasible;infeasible;infeasible;infeasible;infeasible;infeasible;infeasible;infeasible;infeasible,0;1;2;3;4;5;6;7;8;9;10;11,STRUCTURAL_ZERO;STRUCTURAL_ZERO;STRUCTURAL_ZERO;STRUCTURAL_ZERO;STRUCTURAL_ZERO;STRUCTURAL_ZERO;STRUCTURAL_ZERO;STRUCTURAL_ZERO;STRUCTURAL_ZERO;STRUCTURAL_ZERO;STRUCTURAL_ZERO;STRUCTURAL_ZERO,12,0,0,,OK
red2_6800:645,,infeasible;infeasible;infeasible;infeasible;infeasible;infeasible;infeasible;infeasible;infeasible;infeasible;infeasible;infeasible,0;0;0;0;0;0;0;0;0;0;0;0,infeasible;infeasible;infeasible;infeasible;infeasible;infeasible;infeasible;infeasible;infeasible;infeasible;infeasible;infeasible,infeasible;infeasible;infeasible;infeasible;infeasible;infeasible;infeasible;infeasible;infeasible;infeasible;infeasible;infeasible,0;1;2;3;4;5;6;7;8;9;10;11,STRUCTURAL_ZERO;STRUCTURAL_ZERO;STRUCTURAL_ZERO;STRUCTURAL_ZERO;STRUCTURAL_ZERO;STRUCTURAL_ZERO;STRUCTURAL_ZERO;STRUCTURAL_ZERO;STRUCTURAL_ZERO;STRUCTURAL_ZERO;STRUCTURAL_ZERO;STRUCTURAL_ZERO,12,0,0,,OK
red2_6800:646,,infeasible;infeasible;infeasible;infeasible;infeasible;infeasible;infeasible;infeasible;infeasible;infeasible;infeasible;infeasible,0;0;0;0;0;0;0;0;0;0;0;0,infeasible;infeasible;infeasible;infeasible;infeasible;infeasible;infeasible;infeasible;infeasible;infeasible;infeasible;infeasible,infeasible;infeasible;infeasible;infeasible;infeasible;infeasible;infeasible;infeasible;infeasible;infeasible;infeasible;infeasible,0;1;2;3;4;5;6;7;8;9;10;11,STRUCTURAL_ZERO;STRUCTURAL_ZERO;STRUCTURAL_ZERO;STRUCTURAL_ZERO;STRUCTURAL_ZERO;STRUCTURAL_ZERO;STRUCTURAL_ZERO;STRUCTURAL_ZERO;STRUCTURAL_ZERO;STRUCTURAL_ZERO;STRUCTURAL_ZERO;STRUCTURAL_ZERO,12,0,0,,OK
red2_6800:647,,infeasible;infeasible;infeasible;infeasible;infeasible;infeasible;infeasible;infeasible;infeasible;infeasible;infeasible;infeasible,0;0;0;0;0;0;0;0;0;0;0;0,infeasible;infeasible;infeasible;infeasible;infeasible;infeasible;infeasible;infeasible;infeasible;infeasible;infeasible;infeasible,infeasible;infeasible;infeasible;infeasible;infeasible;infeasible;infeasible;infeasible;infeasible;infeasible;infeasible;infeasible,0;1;2;3;4;5;6;7;8;9;10;11,STRUCTURAL_ZERO;STRUCTURAL_ZERO;STRUCTURAL_ZERO;STRUCTURAL_ZERO;STRUCTURAL_ZERO;STRUCTURAL_ZERO;STRUCTURAL_ZERO;STRUCTURAL_ZERO;STRUCTURAL_ZERO;STRUCTURAL_ZERO;STRUCTURAL_ZERO;STRUCTURAL_ZERO,12,0,0,,OK
red2_6800:648,,infeasible;infeasible;infeasible;infeasible;infeasible;infeasible;infeasible;infeasible;infeasible;infeasible;infeasible;infeasible,0;0;0;0;0;0;0;0;0;0;0;0,infeasible;infeasible;infeasible;infeasible;infeasible;infeasible;infeasible;infeasible;infeasible;infeasible;infeasible;infeasible,infeasible;infeasible;infeasible;infeasible;infeasible;infeasible;infeasible;infeasible;infeasible;infeasible;infeasible;infeasible,0;1;2;3;4;5;6;7;8;9;10;11,STRUCTURAL_ZERO;STRUCTURAL_ZERO;STRUCTURAL_ZERO;STRUCTURAL_ZERO;STRUCTURAL_ZERO;STRUCTURAL_ZERO;STRUCTURAL_ZERO;STRUCTURAL_ZERO;STRUCTURAL_ZERO;STRUCTURAL_ZERO;STRUCTURAL_ZERO;STRUCTURAL_ZERO,12,0,0,,OK
red2_6800:649,,infeasible;infeasible;infeasible;infeasible;infeasible;infeasible;infeasible;infeasible;infeasible;infeasible;infeasible;infeasible,0;0;0;0;0;0;0;0;0;0;0;0,infeasible;infeasible;infeasible;infeasible;infeasible;infeasible;infeasible;infeasible;infeasible;infeasible;infeasible;infeasible,infeasible;infeasible;infeasible;infeasible;infeasible;infeasible;infeasible;infeasible;infeasible;infeasible;infeasible;infeasible,0;1;2;3;4;5;6;7;8;9;10;11,STRUCTURAL_ZERO;STRUCTURAL_ZERO;STRUCTURAL_ZERO;STRUCTURAL_ZERO;STRUCTURAL_ZERO;STRUCTURAL_ZERO;STRUCTURAL_ZERO;STRUCTURAL_ZERO;STRUCTURAL_ZERO;STRUCTURAL_ZERO;STRUCTURAL_ZERO;STRUCTURAL_ZERO,12,0,0,,OK
red2_6800:650,,infeasible;infeasible;infeasible;infeasible;infeasible;infeasible;infeasible;infeasible;infeasible;infeasible;infeasible;infeasible,0;0;0;0;0;0;0;0;0;0;0;0,infeasible;infeasible;infeasible;infeasible;infeasible;infeasible;infeasible;infeasible;infeasible;infeasible;infeasible;infeasible,infeasible;infeasible;infeasible;infeasible;infeasible;infeasible;infeasible;infeasible;infeasible;infeasible;infeasible;infeasible,0;1;2;3;4;5;6;7;8;9;10;11,STRUCTURAL_ZERO;STRUCTURAL_ZERO;STRUCTURAL_ZERO;STRUCTURAL_ZERO;STRUCTURAL_ZERO;STRUCTURAL_ZERO;STRUCTURAL_ZERO;STRUCTURAL_ZERO;STRUCTURAL_ZERO;STRUCTURAL_ZERO;STRUCTURAL_ZERO;STRUCTURAL_ZERO,12,0,0,,OK
red2_6800:651,,infeasible;optimal;optimal;optimal;optimal;optimal;optimal;optimal;optimal;optimal;optimal;optimal,0;0.1141;0.4911;0.7338;1.175;1.436;1.453;1.421;1.304;1.108;0.8334;0.2489,infeasible;optimal;optimal;optimal;optimal;optimal;optimal;optimal;optimal;optimal;optimal;optimal,infeasible;optimal;optimal;optimal;optimal;optimal;optimal;optimal;optimal;optimal;optimal;optimal,0,STRUCTURAL_ZERO,1,0,0,,OK
red2_6800:652,,infeasible;infeasible;infeasible;infeasible;infeasible;infeasible;infeasible;infeasible;infeasible;infeasible;infeasible;infeasible,0;0;0;0;0;0;0;0;0;0;0;0,infeasible;infeasible;infeasible;infeasible;infeasible;infeasible;infeasible;infeasible;infeasible;infeasible;infeasible;infeasible,infeasible;infeasible;infeasible;infeasible;infeasible;infeasible;infeasible;infeasible;infeasible;infeasible;infeasible;infeasible,0;1;2;3;4;5;6;7;8;9;10;11,STRUCTURAL_ZERO;STRUCTURAL_ZERO;STRUCTURAL_ZERO;STRUCTURAL_ZERO;STRUCTURAL_ZERO;STRUCTURAL_ZERO;STRUCTURAL_ZERO;STRUCTURAL_ZERO;STRUCTURAL_ZERO;STRUCTURAL_ZERO;STRUCTURAL_ZERO;STRUCTURAL_ZERO,12,0,0,,OK
red2_6800:653,,infeasible;infeasible;infeasible;infeasible;infeasible;infeasible;infeasible;infeasible;infeasible;infeasible;infeasible;infeasible,0;0;0;0;0;0;0;0;0;0;0;0,infeasible;infeasible;infeasible;infeasible;infeasible;infeasible;infeasible;infeasible;infeasible;infeasible;infeasible;infeasible,infeasible;infeasible;infeasible;infeasible;infeasible;infeasible;infeasible;infeasible;infeasible;infeasible;infeasible;infeasible,0;1;2;3;4;5;6;7;8;9;10;11,STRUCTURAL_ZERO;STRUCTURAL_ZERO;STRUCTURAL_ZERO;STRUCTURAL_ZERO;STRUCTURAL_ZERO;STRUCTURAL_ZERO;STRUCTURAL_ZERO;STRUCTURAL_ZERO;STRUCTURAL_ZERO;STRUCTURAL_ZERO;STRUCTURAL_ZERO;STRUCTURAL_ZERO,12,0,0,,OK
red2_6800:654,,infeasible;infeasible;infeasible;infeasible;infeasible;infeasible;infeasible;infeasible;infeasible;infeasible;infeasible;infeasible,0;0;0;0;0;0;0;0;0;0;0;0,infeasible;infeasible;infeasible;infeasible;infeasible;infeasible;infeasible;infeasible;infeasible;infeasible;infeasible;infeasible,infeasible;infeasible;infeasible;infeasible;infeasible;infeasible;infeasible;infeasible;infeasible;infeasible;infeasible;infeasible,0;1;2;3;4;5;6;7;8;9;10;11,STRUCTURAL_ZERO;STRUCTURAL_ZERO;STRUCTURAL_ZERO;STRUCTURAL_ZERO;STRUCTURAL_ZERO;STRUCTURAL_ZERO;STRUCTURAL_ZERO;STRUCTURAL_ZERO;STRUCTURAL_ZERO;STRUCTURAL_ZERO;STRUCTURAL_ZERO;STRUCTURAL_ZERO,12,0,0,,OK
red2_6800:655,,infeasible;optimal;optimal;optimal;optimal;optimal;optimal;optimal;optimal;optimal;optimal;optimal,0;0.1022;0.4685;0.7065;1.141;1.404;1.425;1.393;1.283;1.117;0.8519;0.294,infeasible;optimal;optimal;optimal;optimal;optimal;optimal;optimal;optimal;optimal;optimal;optimal,infeasible;optimal;optimal;optimal;optimal;optimal;optimal;optimal;optimal;optimal;optimal;optimal,0,STRUCTURAL_ZERO,1,0,0,,OK
red2_6800:656,,infeasible;infeasible;infeasible;infeasible;infeasible;infeasible;infeasible;infeasible;infeasible;infeasible;infeasible;infeasible,0;0;0;0;0;0;0;0;0;0;0;0,infeasible;infeasible;infeasible;infeasible;infeasible;infeasible;infeasible;infeasible;infeasible;infeasible;infeasible;infeasible,infeasible;infeasible;infeasible;infeasible;infeasible;infeasible;infeasible;infeasible;infeasible;infeasible;infeasible;infeasible,0;1;2;3;4;5;6;7;8;9;10;11,STRUCTURAL_ZERO;STRUCTURAL_ZERO;STRUCTURAL_ZERO;STRUCTURAL_ZERO;STRUCTURAL_ZERO;STRUCTURAL_ZERO;STRUCTURAL_ZERO;STRUCTURAL_ZERO;STRUCTURAL_ZERO;STRUCTURAL_ZERO;STRUCTURAL_ZERO;STRUCTURAL_ZERO,12,0,0,,OK
red2_6800:657,,infeasible;infeasible;infeasible;infeasible;infeasible;infeasible;infeasible;infeasible;infeasible;infeasible;infeasible;infeasible,0;0;0;0;0;0;0;0;0;0;0;0,infeasible;infeasible;infeasible;infeasible;infeasible;infeasible;infeasible;infeasible;infeasible;infeasible;infeasible;infeasible,infeasible;infeasible;infeasible;infeasible;infeasible;infeasible;infeasible;infeasible;infeasible;infeasible;infeasible;infeasible,0;1;2;3;4;5;6;7;8;9;10;11,STRUCTURAL_ZERO;STRUCTURAL_ZERO;STRUCTURAL_ZERO;STRUCTURAL_ZERO;STRUCTURAL_ZERO;STRUCTURAL_ZERO;STRUCTURAL_ZERO;STRUCTURAL_ZERO;STRUCTURAL_ZERO;STRUCTURAL_ZERO;STRUCTURAL_ZERO;STRUCTURAL_ZERO,12,0,0,,OK
red2_6800:658,,infeasible;infeasible;infeasible;infeasible;infeasible;infeasible;infeasible;infeasible;infeasible;infeasible;infeasible;infeasible,0;0;0;0;0;0;0;0;0;0;0;0,infeasible;infeasible;infeasible;infeasible;infeasible;infeasible;infeasible;infeasible;infeasible;infeasible;infeasible;infeasible,infeasible;infeasible;infeasible;infeasible;infeasible;infeasible;infeasible;infeasible;infeasible;infeasible;infeasible;infeasible,0;1;2;3;4;5;6;7;8;9;10;11,STRUCTURAL_ZERO;STRUCTURAL_ZERO;STRUCTURAL_ZERO;STRUCTURAL_ZERO;STRUCTURAL_ZERO;STRUCTURAL_ZERO;STRUCTURAL_ZERO;STRUCTURAL_ZERO;STRUCTURAL_ZERO;STRUCTURAL_ZERO;STRUCTURAL_ZERO;STRUCTURAL_ZERO,12,0,0,,OK
red2_6800:659,,infeasible;infeasible;infeasible;infeasible;infeasible;infeasible;infeasible;infeasible;infeasible;infeasible;infeasible;infeasible,0;0;0;0;0;0;0;0;0;0;0;0,infeasible;infeasible;infeasible;infeasible;infeasible;infeasible;infeasible;infeasible;infeasible;infeasible;infeasible;infeasible,infeasible;infeasible;infeasible;infeasible;infeasible;infeasible;infeasible;infeasible;infeasible;infeasible;infeasible;infeasible,0;1;2;3;4;5;6;7;8;9;10;11,STRUCTURAL_ZERO;STRUCTURAL_ZERO;STRUCTURAL_ZERO;STRUCTURAL_ZERO;STRUCTURAL_ZERO;STRUCTURAL_ZERO;STRUCTURAL_ZERO;STRUCTURAL_ZERO;STRUCTURAL_ZERO;STRUCTURAL_ZERO;STRUCTURAL_ZERO;STRUCTURAL_ZERO,12,0,0,,OK
red2_6800:660,,infeasible;infeasible;infeasible;infeasible;infeasible;infeasible;infeasible;infeasible;infeasible;infeasible;infeasible;infeasible,0;0;0;0;0;0;0;0;0;0;0;0,infeasible;infeasible;infeasible;infeasible;infeasible;infeasible;infeasible;infeasible;infeasible;infeasible;infeasible;infeasible,infeasible;infeasible;infeasible;infeasible;infeasible;infeasible;infeasible;infeasible;infeasible;infeasible;infeasible;infeasible,0;1;2;3;4;5;6;7;8;9;10;11,STRUCTURAL_ZERO;STRUCTURAL_ZERO;STRUCTURAL_ZERO;STRUCTURAL_ZERO;STRUCTURAL_ZERO;STRUCTURAL_ZERO;STRUCTURAL_ZERO;STRUCTURAL_ZERO;STRUCTURAL_ZERO;STRUCTURAL_ZERO;STRUCTURAL_ZERO;STRUCTURAL_ZERO,12,0,0,,OK
red2_6800:661,,infeasible;infeasible;infeasible;infeasible;infeasible;infeasible;infeasible;infeasible;infeasible;infeasible;infeasible;infeasible,0;0;0;0;0;0;0;0;0;0;0;0,infeasible;infeasible;infeasible;infeasible;infeasible;infeasible;infeasible;infeasible;infeasible;infeasible;infeasible;infeasible,infeasible;infeasible;infeasible;infeasible;infeasible;infeasible;infeasible;infeasible;infeasible;infeasible;infeasible;infeasible,0;1;2;3;4;5;6;7;8;9;10;11,STRUCTURAL_ZERO;STRUCTURAL_ZERO;STRUCTURAL_ZERO;STRUCTURAL_ZERO;STRUCTURAL_ZERO;STRUCTURAL_ZERO;STRUCTURAL_ZERO;STRUCTURAL_ZERO;STRUCTURAL_ZERO;STRUCTURAL_ZERO;STRUCTURAL_ZERO;STRUCTURAL_ZERO,12,0,0,,OK
red2_6800:662,,infeasible;infeasible;infeasible;infeasible;infeasible;infeasible;infeasible;infeasible;infeasible;infeasible;infeasible;infeasible,0;0;0;0;0;0;0;0;0;0;0;0,infeasible;infeasible;infeasible;infeasible;infeasible;infeasible;infeasible;infeasible;infeasible;infeasible;infeasible;infeasible,infeasible;infeasible;infeasible;infeasible;infeasible;infeasible;infeasible;infeasible;infeasible;infeasible;infeasible;infeasible,0;1;2;3;4;5;6;7;8;9;10;11,STRUCTURAL_ZERO;STRUCTURAL_ZERO;STRUCTURAL_ZERO;STRUCTURAL_ZERO;STRUCTURAL_ZERO;STRUCTURAL_ZERO;STRUCTURAL_ZERO;STRUCTURAL_ZERO;STRUCTURAL_ZERO;STRUCTURAL_ZERO;STRUCTURAL_ZERO;STRUCTURAL_ZERO,12,0,0,,OK
red2_6800:663,,infeasible;infeasible;infeasible;infeasible;infeasible;infeasible;infeasible;infeasible;infeasible;infeasible;infeasible;infeasible,0;0;0;0;0;0;0;0;0;0;0;0,infeasible;infeasible;infeasible;infeasible;infeasible;infeasible;infeasible;infeasible;infeasible;infeasible;infeasible;infeasible,infeasible;infeasible;infeasible;infeasible;infeasible;infeasible;infeasible;infeasible;infeasible;infeasible;infeasible;infeasible,0;1;2;3;4;5;6;7;8;9;10;11,STRUCTURAL_ZERO;STRUCTURAL_ZERO;STRUCTURAL_ZERO;STRUCTURAL_ZERO;STRUCTURAL_ZERO;STRUCTURAL_ZERO;STRUCTURAL_ZERO;STRUCTURAL_ZERO;STRUCTURAL_ZERO;STRUCTURAL_ZERO;STRUCTURAL_ZERO;STRUCTURAL_ZERO,12,0,0,,OK
red2_6800:664,,infeasible;infeasible;infeasible;infeasible;infeasible;infeasible;infeasible;infeasible;infeasible;infeasible;infeasible;infeasible,0;0;0;0;0;0;0;0;0;0;0;0,infeasible;infeasible;infeasible;infeasible;infeasible;infeasible;infeasible;infeasible;infeasible;infeasible;infeasible;infeasible,infeasible;infeasible;infeasible;infeasible;infeasible;infeasible;infeasible;infeasible;infeasible;infeasible;infeasible;infeasible,0;1;2;3;4;5;6;7;8;9;10;11,STRUCTURAL_ZERO;STRUCTURAL_ZERO;STRUCTURAL_ZERO;STRUCTURAL_ZERO;STRUCTURAL_ZERO;STRUCTURAL_ZERO;STRUCTURAL_ZERO;STRUCTURAL_ZERO;STRUCTURAL_ZERO;STRUCTURAL_ZERO;STRUCTURAL_ZERO;STRUCTURAL_ZERO,12,0,0,,OK
red2_6800:665,,infeasible;infeasible;infeasible;infeasible;infeasible;infeasible;infeasible;infeasible;infeasible;infeasible;infeasible;infeasible,0;0;0;0;0;0;0;0;0;0;0;0,infeasible;infeasible;infeasible;infeasible;infeasible;infeasible;infeasible;infeasible;infeasible;infeasible;infeasible;infeasible,infeasible;infeasible;infeasible;infeasible;infeasible;infeasible;infeasible;infeasible;infeasible;infeasible;infeasible;infeasible,0;1;2;3;4;5;6;7;8;9;10;11,STRUCTURAL_ZERO;STRUCTURAL_ZERO;STRUCTURAL_ZERO;STRUCTURAL_ZERO;STRUCTURAL_ZERO;STRUCTURAL_ZERO;STRUCTURAL_ZERO;STRUCTURAL_ZERO;STRUCTURAL_ZERO;STRUCTURAL_ZERO;STRUCTURAL_ZERO;STRUCTURAL_ZERO,12,0,0,,OK
red2_6800:666,,infeasible;infeasible;infeasible;infeasible;infeasible;infeasible;infeasible;infeasible;infeasible;infeasible;infeasible;infeasible,0;0;0;0;0;0;0;0;0;0;0;0,infeasible;infeasible;infeasible;infeasible;infeasible;infeasible;infeasible;infeasible;infeasible;infeasible;infeasible;infeasible,infeasible;infeasible;infeasible;infeasible;infeasible;infeasible;infeasible;infeasible;infeasible;infeasible;infeasible;infeasible,0;1;2;3;4;5;6;7;8;9;10;11,STRUCTURAL_ZERO;STRUCTURAL_ZERO;STRUCTURAL_ZERO;STRUCTURAL_ZERO;STRUCTURAL_ZERO;STRUCTURAL_ZERO;STRUCTURAL_ZERO;STRUCTURAL_ZERO;STRUCTURAL_ZERO;STRUCTURAL_ZERO;STRUCTURAL_ZERO;STRUCTURAL_ZERO,12,0,0,,OK
red2_6800:667,,infeasible;infeasible;infeasible;infeasible;infeasible;infeasible;infeasible;infeasible;infeasible;infeasible;infeasible;infeasible,0;0;0;0;0;0;0;0;0;0;0;0,infeasible;infeasible;infeasible;infeasible;infeasible;infeasible;infeasible;infeasible;infeasible;infeasible;infeasible;infeasible,infeasible;infeasible;infeasible;infeasible;infeasible;infeasible;infeasible;infeasible;infeasible;infeasible;infeasible;infeasible,0;1;2;3;4;5;6;7;8;9;10;11,STRUCTURAL_ZERO;STRUCTURAL_ZERO;STRUCTURAL_ZERO;STRUCTURAL_ZERO;STRUCTURAL_ZERO;STRUCTURAL_ZERO;STRUCTURAL_ZERO;STRUCTURAL_ZERO;STRUCTURAL_ZERO;STRUCTURAL_ZERO;STRUCTURAL_ZERO;STRUCTURAL_ZERO,12,0,0,,OK
red2_6800:668,,infeasible;infeasible;infeasible;infeasible;infeasible;infeasible;infeasible;infeasible;infeasible;infeasible;infeasible;infeasible,0;0;0;0;0;0;0;0;0;0;0;0,infeasible;infeasible;infeasible;infeasible;infeasible;infeasible;infeasible;infeasible;infeasible;infeasible;infeasible;infeasible,infeasible;infeasible;infeasible;infeasible;infeasible;infeasible;infeasible;infeasible;infeasible;infeasible;infeasible;infeasible,0;1;2;3;4;5;6;7;8;9;10;11,STRUCTURAL_ZERO;STRUCTURAL_ZERO;STRUCTURAL_ZERO;STRUCTURAL_ZERO;STRUCTURAL_ZERO;STRUCTURAL_ZERO;STRUCTURAL_ZERO;STRUCTURAL_ZERO;STRUCTURAL_ZERO;STRUCTURAL_ZERO;STRUCTURAL_ZERO;STRUCTURAL_ZERO,12,0,0,,OK
red2_6800:669,,infeasible;infeasible;infeasible;infeasible;infeasible;infeasible;infeasible;infeasible;infeasible;infeasible;infeasible;infeasible,0;0;0;0;0;0;0;0;0;0;0;0,infeasible;infeasible;infeasible;infeasible;infeasible;infeasible;infeasible;infeasible;infeasible;infeasible;infeasible;infeasible,infeasible;infeasible;infeasible;infeasible;infeasible;infeasible;infeasible;infeasible;infeasible;infeasible;infeasible;infeasible,0;1;2;3;4;5;6;7;8;9;10;11,STRUCTURAL_ZERO;STRUCTURAL_ZERO;STRUCTURAL_ZERO;STRUCTURAL_ZERO;STRUCTURAL_ZERO;STRUCTURAL_ZERO;STRUCTURAL_ZERO;STRUCTURAL_ZERO;STRUCTURAL_ZERO;STRUCTURAL_ZERO;STRUCTURAL_ZERO;STRUCTURAL_ZERO,12,0,0,,OK
red2_6800:670,,infeasible;infeasible;infeasible;infeasible;infeasible;infeasible;infeasible;infeasible;infeasible;infeasible;infeasible;infeasible,0;0;0;0;0;0;0;0;0;0;0;0,infeasible;infeasible;infeasible;infeasible;infeasible;infeasible;infeasible;infeasible;infeasible;infeasible;infeasible;infeasible,infeasible;infeasible;infeasible;infeasible;infeasible;infeasible;infeasible;infeasible;infeasible;infeasible;infeasible;infeasible,0;1;2;3;4;5;6;7;8;9;10;11,STRUCTURAL_ZERO;STRUCTURAL_ZERO;STRUCTURAL_ZERO;STRUCTURAL_ZERO;STRUCTURAL_ZERO;STRUCTURAL_ZERO;STRUCTURAL_ZERO;STRUCTURAL_ZERO;STRUCTURAL_ZERO;STRUCTURAL_ZERO;STRUCTURAL_ZERO;STRUCTURAL_ZERO,12,0,0,,OK
red2_6800:671,,infeasible;infeasible;infeasible;infeasible;infeasible;infeasible;infeasible;infeasible;infeasible;infeasible;infeasible;infeasible,0;0;0;0;0;0;0;0;0;0;0;0,infeasible;infeasible;infeasible;infeasible;infeasible;infeasible;infeasible;infeasible;infeasible;infeasible;infeasible;infeasible,infeasible;infeasible;infeasible;infeasible;infeasible;infeasible;infeasible;infeasible;infeasible;infeasible;infeasible;infeasible,0;1;2;3;4;5;6;7;8;9;10;11,STRUCTURAL_ZERO;STRUCTURAL_ZERO;STRUCTURAL_ZERO;STRUCTURAL_ZERO;STRUCTURAL_ZERO;STRUCTURAL_ZERO;STRUCTURAL_ZERO;STRUCTURAL_ZERO;STRUCTURAL_ZERO;STRUCTURAL_ZERO;STRUCTURAL_ZERO;STRUCTURAL_ZERO,12,0,0,,OK
red2_6800:672,,infeasible;infeasible;infeasible;infeasible;infeasible;infeasible;infeasible;infeasible;infeasible;infeasible;infeasible;infeasible,0;0;0;0;0;0;0;0;0;0;0;0,infeasible;infeasible;infeasible;infeasible;infeasible;infeasible;infeasible;infeasible;infeasible;infeasible;infeasible;infeasible,infeasible;infeasible;infeasible;infeasible;infeasible;infeasible;infeasible;infeasible;infeasible;infeasible;infeasible;infeasible,0;1;2;3;4;5;6;7;8;9;10;11,STRUCTURAL_ZERO;STRUCTURAL_ZERO;STRUCTURAL_ZERO;STRUCTURAL_ZERO;STRUCTURAL_ZERO;STRUCTURAL_ZERO;STRUCTURAL_ZERO;STRUCTURAL_ZERO;STRUCTURAL_ZERO;STRUCTURAL_ZERO;STRUCTURAL_ZERO;STRUCTURAL_ZERO,12,0,0,,OK
red2_6800:673,,infeasible;infeasible;infeasible;infeasible;infeasible;infeasible;infeasible;infeasible;infeasible;infeasible;infeasible;infeasible,0;0;0;0;0;0;0;0;0;0;0;0,infeasible;infeasible;infeasible;infeasible;infeasible;infeasible;infeasible;infeasible;infeasible;infeasible;infeasible;infeasible,infeasible;infeasible;infeasible;infeasible;infeasible;infeasible;infeasible;infeasible;infeasible;infeasible;infeasible;infeasible,0;1;2;3;4;5;6;7;8;9;10;11,STRUCTURAL_ZERO;STRUCTURAL_ZERO;STRUCTURAL_ZERO;STRUCTURAL_ZERO;STRUCTURAL_ZERO;STRUCTURAL_ZERO;STRUCTURAL_ZERO;STRUCTURAL_ZERO;STRUCTURAL_ZERO;STRUCTURAL_ZERO;STRUCTURAL_ZERO;STRUCTURAL_ZERO,12,0,0,,OK
red2_6800:674,,infeasible;infeasible;infeasible;infeasible;infeasible;infeasible;infeasible;infeasible;infeasible;infeasible;infeasible;infeasible,0;0;0;0;0;0;0;0;0;0;0;0,infeasible;infeasible;infeasible;infeasible;infeasible;infeasible;infeasible;infeasible;infeasible;infeasible;infeasible;infeasible,infeasible;infeasible;infeasible;infeasible;infeasible;infeasible;infeasible;infeasible;infeasible;infeasible;infeasible;infeasible,0;1;2;3;4;5;6;7;8;9;10;11,STRUCTURAL_ZERO;STRUCTURAL_ZERO;STRUCTURAL_ZERO;STRUCTURAL_ZERO;STRUCTURAL_ZERO;STRUCTURAL_ZERO;STRUCTURAL_ZERO;STRUCTURAL_ZERO;STRUCTURAL_ZERO;STRUCTURAL_ZERO;STRUCTURAL_ZERO;STRUCTURAL_ZERO,12,0,0,,OK
red2_6800:675,,infeasible;infeasible;infeasible;infeasible;infeasible;infeasible;infeasible;infeasible;infeasible;infeasible;infeasible;infeasible,0;0;0;0;0;0;0;0;0;0;0;0,infeasible;infeasible;infeasible;infeasible;infeasible;infeasible;infeasible;infeasible;infeasible;infeasible;infeasible;infeasible,infeasible;infeasible;infeasible;infeasible;infeasible;infeasible;infeasible;infeasible;infeasible;infeasible;infeasible;infeasible,0;1;2;3;4;5;6;7;8;9;10;11,STRUCTURAL_ZERO;STRUCTURAL_ZERO;STRUCTURAL_ZERO;STRUCTURAL_ZERO;STRUCTURAL_ZERO;STRUCTURAL_ZERO;STRUCTURAL_ZERO;STRUCTURAL_ZERO;STRUCTURAL_ZERO;STRUCTURAL_ZERO;STRUCTURAL_ZERO;STRUCTURAL_ZERO,12,0,0,,OK
red2_6800:676,,infeasible;infeasible;infeasible;infeasible;infeasible;infeasible;infeasible;infeasible;infeasible;infeasible;infeasible;infeasible,0;0;0;0;0;0;0;0;0;0;0;0,infeasible;infeasible;infeasible;infeasible;infeasible;infeasible;infeasible;infeasible;infeasible;infeasible;infeasible;infeasible,infeasible;infeasible;infeasible;infeasible;infeasible;infeasible;infeasible;infeasible;infeasible;infeasible;infeasible;infeasible,0;1;2;3;4;5;6;7;8;9;10;11,STRUCTURAL_ZERO;STRUCTURAL_ZERO;STRUCTURAL_ZERO;STRUCTURAL_ZERO;STRUCTURAL_ZERO;STRUCTURAL_ZERO;STRUCTURAL_ZERO;STRUCTURAL_ZERO;STRUCTURAL_ZERO;STRUCTURAL_ZERO;STRUCTURAL_ZERO;STRUCTURAL_ZERO,12,0,0,,OK
red2_6800:677,,infeasible;infeasible;infeasible;infeasible;infeasible;infeasible;infeasible;infeasible;infeasible;infeasible;infeasible;infeasible,0;0;0;0;0;0;0;0;0;0;0;0,infeasible;infeasible;infeasible;infeasible;infeasible;infeasible;infeasible;infeasible;infeasible;infeasible;infeasible;infeasible,infeasible;infeasible;infeasible;infeasible;infeasible;infeasible;infeasible;infeasible;infeasible;infeasible;infeasible;infeasible,0;1;2;3;4;5;6;7;8;9;10;11,STRUCTURAL_ZERO;STRUCTURAL_ZERO;STRUCTURAL_ZERO;STRUCTURAL_ZERO;STRUCTURAL_ZERO;STRUCTURAL_ZERO;STRUCTURAL_ZERO;STRUCTURAL_ZERO;STRUCTURAL_ZERO;STRUCTURAL_ZERO;STRUCTURAL_ZERO;STRUCTURAL_ZERO,12,0,0,,OK
red2_6800:678,,infeasible;infeasible;infeasible;infeasible;infeasible;infeasible;infeasible;infeasible;infeasible;infeasible;infeasible;infeasible,0;0;0;0;0;0;0;0;0;0;0;0,infeasible;infeasible;infeasible;infeasible;infeasible;infeasible;infeasible;infeasible;infeasible;infeasible;infeasible;infeasible,infeasible;infeasible;infeasible;infeasible;infeasible;infeasible;infeasible;infeasible;infeasible;infeasible;infeasible;infeasible,0;1;2;3;4;5;6;7;8;9;10;11,STRUCTURAL_ZERO;STRUCTURAL_ZERO;STRUCTURAL_ZERO;STRUCTURAL_ZERO;STRUCTURAL_ZERO;STRUCTURAL_ZERO;STRUCTURAL_ZERO;STRUCTURAL_ZERO;STRUCTURAL_ZERO;STRUCTURAL_ZERO;STRUCTURAL_ZERO;STRUCTURAL_ZERO,12,0,0,,OK
red2_6800:679,,infeasible;infeasible;infeasible;infeasible;infeasible;infeasible;infeasible;infeasible;infeasible;infeasible;infeasible;infeasible,0;0;0;0;0;0;0;0;0;0;0;0,infeasible;infeasible;infeasible;infeasible;infeasible;infeasible;infeasible;infeasible;infeasible;infeasible;infeasible;infeasible,infeasible;infeasible;infeasible;infeasible;infeasible;infeasible;infeasible;infeasible;infeasible;infeasible;infeasible;infeasible,0;1;2;3;4;5;6;7;8;9;10;11,STRUCTURAL_ZERO;STRUCTURAL_ZERO;STRUCTURAL_ZERO;STRUCTURAL_ZERO;STRUCTURAL_ZERO;STRUCTURAL_ZERO;STRUCTURAL_ZERO;STRUCTURAL_ZERO;STRUCTURAL_ZERO;STRUCTURAL_ZERO;STRUCTURAL_ZERO;STRUCTURAL_ZERO,12,0,0,,OK
red2_6800:680,,infeasible;infeasible;infeasible;infeasible;infeasible;infeasible;infeasible;infeasible;infeasible;infeasible;infeasible;infeasible,0;0;0;0;0;0;0;0;0;0;0;0,infeasible;infeasible;infeasible;infeasible;infeasible;infeasible;infeasible;infeasible;infeasible;infeasible;infeasible;infeasible,infeasible;infeasible;infeasible;infeasible;infeasible;infeasible;infeasible;infeasible;infeasible;infeasible;infeasible;infeasible,0;1;2;3;4;5;6;7;8;9;10;11,STRUCTURAL_ZERO;STRUCTURAL_ZERO;STRUCTURAL_ZERO;STRUCTURAL_ZERO;STRUCTURAL_ZERO;STRUCTURAL_ZERO;STRUCTURAL_ZERO;STRUCTURAL_ZERO;STRUCTURAL_ZERO;STRUCTURAL_ZERO;STRUCTURAL_ZERO;STRUCTURAL_ZERO,12,0,0,,OK
red2_6800:681,,infeasible;infeasible;infeasible;infeasible;infeasible;infeasible;infeasible;infeasible;infeasible;infeasible;infeasible;infeasible,0;0;0;0;0;0;0;0;0;0;0;0,infeasible;infeasible;infeasible;infeasible;infeasible;infeasible;infeasible;infeasible;infeasible;infeasible;infeasible;infeasible,infeasible;infeasible;infeasible;infeasible;infeasible;infeasible;infeasible;infeasible;infeasible;infeasible;infeasible;infeasible,0;1;2;3;4;5;6;7;8;9;10;11,STRUCTURAL_ZERO;STRUCTURAL_ZERO;STRUCTURAL_ZERO;STRUCTURAL_ZERO;STRUCTURAL_ZERO;STRUCTURAL_ZERO;STRUCTURAL_ZERO;STRUCTURAL_ZERO;STRUCTURAL_ZERO;STRUCTURAL_ZERO;STRUCTURAL_ZERO;STRUCTURAL_ZERO,12,0,0,,OK
red2_6800:682,,infeasible;infeasible;infeasible;infeasible;infeasible;infeasible;infeasible;infeasible;infeasible;infeasible;infeasible;infeasible,0;0;0;0;0;0;0;0;0;0;0;0,infeasible;infeasible;infeasible;infeasible;infeasible;infeasible;infeasible;infeasible;infeasible;infeasible;infeasible;infeasible,infeasible;infeasible;infeasible;infeasible;infeasible;infeasible;infeasible;infeasible;infeasible;infeasible;infeasible;infeasible,0;1;2;3;4;5;6;7;8;9;10;11,STRUCTURAL_ZERO;STRUCTURAL_ZERO;STRUCTURAL_ZERO;STRUCTURAL_ZERO;STRUCTURAL_ZERO;STRUCTURAL_ZERO;STRUCTURAL_ZERO;STRUCTURAL_ZERO;STRUCTURAL_ZERO;STRUCTURAL_ZERO;STRUCTURAL_ZERO;STRUCTURAL_ZERO,12,0,0,,OK
red2_6800:683,,infeasible;infeasible;infeasible;infeasible;infeasible;infeasible;infeasible;infeasible;infeasible;infeasible;infeasible;infeasible,0;0;0;0;0;0;0;0;0;0;0;0,infeasible;infeasible;infeasible;infeasible;infeasible;infeasible;infeasible;infeasible;infeasible;infeasible;infeasible;infeasible,infeasible;infeasible;infeasible;infeasible;infeasible;infeasible;infeasible;infeasible;infeasible;infeasible;infeasible;infeasible,0;1;2;3;4;5;6;7;8;9;10;11,STRUCTURAL_ZERO;STRUCTURAL_ZERO;STRUCTURAL_ZERO;STRUCTURAL_ZERO;STRUCTURAL_ZERO;STRUCTURAL_ZERO;STRUCTURAL_ZERO;STRUCTURAL_ZERO;STRUCTURAL_ZERO;STRUCTURAL_ZERO;STRUCTURAL_ZERO;STRUCTURAL_ZERO,12,0,0,,OK
red2_6800:684,,infeasible;infeasible;infeasible;infeasible;infeasible;infeasible;infeasible;infeasible;infeasible;infeasible;infeasible;infeasible,0;0;0;0;0;0;0;0;0;0;0;0,infeasible;infeasible;infeasible;infeasible;infeasible;infeasible;infeasible;infeasible;infeasible;infeasible;infeasible;infeasible,infeasible;infeasible;infeasible;infeasible;infeasible;infeasible;infeasible;infeasible;infeasible;infeasible;infeasible;infeasible,0;1;2;3;4;5;6;7;8;9;10;11,STRUCTURAL_ZERO;STRUCTURAL_ZERO;STRUCTURAL_ZERO;STRUCTURAL_ZERO;STRUCTURAL_ZERO;STRUCTURAL_ZERO;STRUCTURAL_ZERO;STRUCTURAL_ZERO;STRUCTURAL_ZERO;STRUCTURAL_ZERO;STRUCTURAL_ZERO;STRUCTURAL_ZERO,12,0,0,,OK
red2_6800:685,,infeasible;infeasible;infeasible;infeasible;infeasible;infeasible;infeasible;infeasible;infeasible;infeasible;infeasible;infeasible,0;0;0;0;0;0;0;0;0;0;0;0,infeasible;infeasible;infeasible;infeasible;infeasible;infeasible;infeasible;infeasible;infeasible;infeasible;infeasible;infeasible,infeasible;infeasible;infeasible;infeasible;infeasible;infeasible;infeasible;infeasible;infeasible;infeasible;infeasible;infeasible,0;1;2;3;4;5;6;7;8;9;10;11,STRUCTURAL_ZERO;STRUCTURAL_ZERO;STRUCTURAL_ZERO;STRUCTURAL_ZERO;STRUCTURAL_ZERO;STRUCTURAL_ZERO;STRUCTURAL_ZERO;STRUCTURAL_ZERO;STRUCTURAL_ZERO;STRUCTURAL_ZERO;STRUCTURAL_ZERO;STRUCTURAL_ZERO,12,0,0,,OK
red2_6800:686,,infeasible;infeasible;infeasible;infeasible;infeasible;infeasible;infeasible;infeasible;infeasible;infeasible;infeasible;infeasible,0;0;0;0;0;0;0;0;0;0;0;0,infeasible;infeasible;infeasible;infeasible;infeasible;infeasible;infeasible;infeasible;infeasible;infeasible;infeasible;infeasible,infeasible;infeasible;infeasible;infeasible;infeasible;infeasible;infeasible;infeasible;infeasible;infeasible;infeasible;infeasible,0;1;2;3;4;5;6;7;8;9;10;11,STRUCTURAL_ZERO;STRUCTURAL_ZERO;STRUCTURAL_ZERO;STRUCTURAL_ZERO;STRUCTURAL_ZERO;STRUCTURAL_ZERO;STRUCTURAL_ZERO;STRUCTURAL_ZERO;STRUCTURAL_ZERO;STRUCTURAL_ZERO;STRUCTURAL_ZERO;STRUCTURAL_ZERO,12,0,0,,OK
red2_6800:687,,infeasible;infeasible;infeasible;infeasible;infeasible;infeasible;infeasible;infeasible;infeasible;infeasible;infeasible;infeasible,0;0;0;0;0;0;0;0;0;0;0;0,infeasible;infeasible;infeasible;infeasible;infeasible;infeasible;infeasible;infeasible;infeasible;infeasible;infeasible;infeasible,infeasible;infeasible;infeasible;infeasible;infeasible;infeasible;infeasible;infeasible;infeasible;infeasible;infeasible;infeasible,0;1;2;3;4;5;6;7;8;9;10;11,STRUCTURAL_ZERO;STRUCTURAL_ZERO;STRUCTURAL_ZERO;STRUCTURAL_ZERO;STRUCTURAL_ZERO;STRUCTURAL_ZERO;STRUCTURAL_ZERO;STRUCTURAL_ZERO;STRUCTURAL_ZERO;STRUCTURAL_ZERO;STRUCTURAL_ZERO;STRUCTURAL_ZERO,12,0,0,,OK
red2_6800:688,,infeasible;infeasible;infeasible;infeasible;infeasible;infeasible;infeasible;infeasible;infeasible;infeasible;infeasible;infeasible,0;0;0;0;0;0;0;0;0;0;0;0,infeasible;infeasible;infeasible;infeasible;infeasible;infeasible;infeasible;infeasible;infeasible;infeasible;infeasible;infeasible,infeasible;infeasible;infeasible;infeasible;infeasible;infeasible;infeasible;infeasible;infeasible;infeasible;infeasible;infeasible,0;1;2;3;4;5;6;7;8;9;10;11,STRUCTURAL_ZERO;STRUCTURAL_ZERO;STRUCTURAL_ZERO;STRUCTURAL_ZERO;STRUCTURAL_ZERO;STRUCTURAL_ZERO;STRUCTURAL_ZERO;STRUCTURAL_ZERO;STRUCTURAL_ZERO;STRUCTURAL_ZERO;STRUCTURAL_ZERO;STRUCTURAL_ZERO,12,0,0,,OK
red2_6800:689,,infeasible;infeasible;infeasible;infeasible;infeasible;infeasible;infeasible;infeasible;infeasible;infeasible;infeasible;infeasible,0;0;0;0;0;0;0;0;0;0;0;0,infeasible;infeasible;infeasible;infeasible;infeasible;infeasible;infeasible;infeasible;infeasible;infeasible;infeasible;infeasible,infeasible;infeasible;infeasible;infeasible;infeasible;infeasible;infeasible;infeasible;infeasible;infeasible;infeasible;infeasible,0;1;2;3;4;5;6;7;8;9;10;11,STRUCTURAL_ZERO;STRUCTURAL_ZERO;STRUCTURAL_ZERO;STRUCTURAL_ZERO;STRUCTURAL_ZERO;STRUCTURAL_ZERO;STRUCTURAL_ZERO;STRUCTURAL_ZERO;STRUCTURAL_ZERO;STRUCTURAL_ZERO;STRUCTURAL_ZERO;STRUCTURAL_ZERO,12,0,0,,OK
red2_6800:690,,infeasible;optimal;optimal;optimal;optimal;optimal;optimal;optimal;optimal;optimal;optimal;optimal,0;0.06393;0.3846;0.6081;1.052;1.429;1.448;1.406;1.241;0.9834;0.7045;0.161,infeasible;optimal;optimal;optimal;optimal;optimal;optimal;optimal;optimal;optimal;optimal;optimal,infeasible;optimal;optimal;optimal;optimal;optimal;optimal;optimal;optimal;optimal;optimal;optimal,0,STRUCTURAL_ZERO,1,0,0,,OK
red2_6800:691,,infeasible;infeasible;infeasible;infeasible;infeasible;infeasible;infeasible;infeasible;infeasible;infeasible;infeasible;infeasible,0;0;0;0;0;0;0;0;0;0;0;0,infeasible;infeasible;infeasible;infeasible;infeasible;infeasible;infeasible;infeasible;infeasible;infeasible;infeasible;infeasible,infeasible;infeasible;infeasible;infeasible;infeasible;infeasible;infeasible;infeasible;infeasible;infeasible;infeasible;infeasible,0;1;2;3;4;5;6;7;8;9;10;11,STRUCTURAL_ZERO;STRUCTURAL_ZERO;STRUCTURAL_ZERO;STRUCTURAL_ZERO;STRUCTURAL_ZERO;STRUCTURAL_ZERO;STRUCTURAL_ZERO;STRUCTURAL_ZERO;STRUCTURAL_ZERO;STRUCTURAL_ZERO;STRUCTURAL_ZERO;STRUCTURAL_ZERO,12,0,0,,OK
red2_6800:692,,infeasible;infeasible;infeasible;infeasible;infeasible;infeasible;infeasible;infeasible;infeasible;infeasible;infeasible;infeasible,0;0;0;0;0;0;0;0;0;0;0;0,infeasible;infeasible;infeasible;infeasible;infeasible;infeasible;infeasible;infeasible;infeasible;infeasible;infeasible;infeasible,infeasible;infeasible;infeasible;infeasible;infeasible;infeasible;infeasible;infeasible;infeasible;infeasible;infeasible;infeasible,0;1;2;3;4;5;6;7;8;9;10;11,STRUCTURAL_ZERO;STRUCTURAL_ZERO;STRUCTURAL_ZERO;STRUCTURAL_ZERO;STRUCTURAL_ZERO;STRUCTURAL_ZERO;STRUCTURAL_ZERO;STRUCTURAL_ZERO;STRUCTURAL_ZERO;STRUCTURAL_ZERO;STRUCTURAL_ZERO;STRUCTURAL_ZERO,12,0,0,,OK
red2_6800:693,,infeasible;infeasible;infeasible;infeasible;infeasible;infeasible;infeasible;infeasible;infeasible;infeasible;infeasible;infeasible,0;0;0;0;0;0;0;0;0;0;0;0,infeasible;infeasible;infeasible;infeasible;infeasible;infeasible;infeasible;infeasible;infeasible;infeasible;infeasible;infeasible,infeasible;infeasible;infeasible;infeasible;infeasible;infeasible;infeasible;infeasible;infeasible;infeasible;infeasible;infeasible,0;1;2;3;4;5;6;7;8;9;10;11,STRUCTURAL_ZERO;STRUCTURAL_ZERO;STRUCTURAL_ZERO;STRUCTURAL_ZERO;STRUCTURAL_ZERO;STRUCTURAL_ZERO;STRUCTURAL_ZERO;STRUCTURAL_ZERO;STRUCTURAL_ZERO;STRUCTURAL_ZERO;STRUCTURAL_ZERO;STRUCTURAL_ZERO,12,0,0,,OK
red2_6800:694,,infeasible;infeasible;infeasible;infeasible;infeasible;infeasible;infeasible;infeasible;infeasible;infeasible;infeasible;infeasible,0;0;0;0;0;0;0;0;0;0;0;0,infeasible;infeasible;infeasible;infeasible;infeasible;infeasible;infeasible;infeasible;infeasible;infeasible;infeasible;infeasible,infeasible;infeasible;infeasible;infeasible;infeasible;infeasible;infeasible;infeasible;infeasible;infeasible;infeasible;infeasible,0;1;2;3;4;5;6;7;8;9;10;11,STRUCTURAL_ZERO;STRUCTURAL_ZERO;STRUCTURAL_ZERO;STRUCTURAL_ZERO;STRUCTURAL_ZERO;STRUCTURAL_ZERO;STRUCTURAL_ZERO;STRUCTURAL_ZERO;STRUCTURAL_ZERO;STRUCTURAL_ZERO;STRUCTURAL_ZERO;STRUCTURAL_ZERO,12,0,0,,OK
red2_6800:695,,infeasible;infeasible;infeasible;infeasible;infeasible;infeasible;infeasible;infeasible;infeasible;infeasible;infeasible;infeasible,0;0;0;0;0;0;0;0;0;0;0;0,infeasible;infeasible;infeasible;infeasible;infeasible;infeasible;infeasible;infeasible;infeasible;infeasible;infeasible;infeasible,infeasible;infeasible;infeasible;infeasible;infeasible;infeasible;infeasible;infeasible;infeasible;infeasible;infeasible;infeasible,0;1;2;3;4;5;6;7;8;9;10;11,STRUCTURAL_ZERO;STRUCTURAL_ZERO;STRUCTURAL_ZERO;STRUCTURAL_ZERO;STRUCTURAL_ZERO;STRUCTURAL_ZERO;STRUCTURAL_ZERO;STRUCTURAL_ZERO;STRUCTURAL_ZERO;STRUCTURAL_ZERO;STRUCTURAL_ZERO;STRUCTURAL_ZERO,12,0,0,,OK
red2_6800:696,,infeasible;infeasible;infeasible;infeasible;infeasible;infeasible;infeasible;infeasible;infeasible;infeasible;infeasible;infeasible,0;0;0;0;0;0;0;0;0;0;0;0,infeasible;infeasible;infeasible;infeasible;infeasible;infeasible;infeasible;infeasible;infeasible;infeasible;infeasible;infeasible,infeasible;infeasible;infeasible;infeasible;infeasible;infeasible;infeasible;infeasible;infeasible;infeasible;infeasible;infeasible,0;1;2;3;4;5;6;7;8;9;10;11,STRUCTURAL_ZERO;STRUCTURAL_ZERO;STRUCTURAL_ZERO;STRUCTURAL_ZERO;STRUCTURAL_ZERO;STRUCTURAL_ZERO;STRUCTURAL_ZERO;STRUCTURAL_ZERO;STRUCTURAL_ZERO;STRUCTURAL_ZERO;STRUCTURAL_ZERO;STRUCTURAL_ZERO,12,0,0,,OK
red2_6800:697,,infeasible;infeasible;infeasible;infeasible;infeasible;infeasible;infeasible;infeasible;infeasible;infeasible;infeasible;infeasible,0;0;0;0;0;0;0;0;0;0;0;0,infeasible;infeasible;infeasible;infeasible;infeasible;infeasible;infeasible;infeasible;infeasible;infeasible;infeasible;infeasible,infeasible;infeasible;infeasible;infeasible;infeasible;infeasible;infeasible;infeasible;infeasible;infeasible;infeasible;infeasible,0;1;2;3;4;5;6;7;8;9;10;11,STRUCTURAL_ZERO;STRUCTURAL_ZERO;STRUCTURAL_ZERO;STRUCTURAL_ZERO;STRUCTURAL_ZERO;STRUCTURAL_ZERO;STRUCTURAL_ZERO;STRUCTURAL_ZERO;STRUCTURAL_ZERO;STRUCTURAL_ZERO;STRUCTURAL_ZERO;STRUCTURAL_ZERO,12,0,0,,OK
red2_6800:698,,infeasible;infeasible;infeasible;infeasible;infeasible;infeasible;infeasible;infeasible;infeasible;infeasible;infeasible;infeasible,0;0;0;0;0;0;0;0;0;0;0;0,infeasible;infeasible;infeasible;infeasible;infeasible;infeasible;infeasible;infeasible;infeasible;infeasible;infeasible;infeasible,infeasible;infeasible;infeasible;infeasible;infeasible;infeasible;infeasible;infeasible;infeasible;infeasible;infeasible;infeasible,0;1;2;3;4;5;6;7;8;9;10;11,STRUCTURAL_ZERO;STRUCTURAL_ZERO;STRUCTURAL_ZERO;STRUCTURAL_ZERO;STRUCTURAL_ZERO;STRUCTURAL_ZERO;STRUCTURAL_ZERO;STRUCTURAL_ZERO;STRUCTURAL_ZERO;STRUCTURAL_ZERO;STRUCTURAL_ZERO;STRUCTURAL_ZERO,12,0,0,,OK
red2_6800:699,,infeasible;infeasible;infeasible;infeasible;infeasible;infeasible;infeasible;infeasible;infeasible;infeasible;infeasible;infeasible,0;0;0;0;0;0;0;0;0;0;0;0,infeasible;infeasible;infeasible;infeasible;infeasible;infeasible;infeasible;infeasible;infeasible;infeasible;infeasible;infeasible,infeasible;infeasible;infeasible;infeasible;infeasible;infeasible;infeasible;infeasible;infeasible;infeasible;infeasible;infeasible,0;1;2;3;4;5;6;7;8;9;10;11,STRUCTURAL_ZERO;STRUCTURAL_ZERO;STRUCTURAL_ZERO;STRUCTURAL_ZERO;STRUCTURAL_ZERO;STRUCTURAL_ZERO;STRUCTURAL_ZERO;STRUCTURAL_ZERO;STRUCTURAL_ZERO;STRUCTURAL_ZERO;STRUCTURAL_ZERO;STRUCTURAL_ZERO,12,0,0,,OK
red2_6800:700,,infeasible;infeasible;infeasible;infeasible;infeasible;infeasible;infeasible;infeasible;infeasible;infeasible;infeasible;infeasible,0;0;0;0;0;0;0;0;0;0;0;0,infeasible;infeasible;infeasible;infeasible;infeasible;infeasible;infeasible;infeasible;infeasible;infeasible;infeasible;infeasible,infeasible;infeasible;infeasible;infeasible;infeasible;infeasible;infeasible;infeasible;infeasible;infeasible;infeasible;infeasible,0;1;2;3;4;5;6;7;8;9;10;11,STRUCTURAL_ZERO;STRUCTURAL_ZERO;STRUCTURAL_ZERO;STRUCTURAL_ZERO;STRUCTURAL_ZERO;STRUCTURAL_ZERO;STRUCTURAL_ZERO;STRUCTURAL_ZERO;STRUCTURAL_ZERO;STRUCTURAL_ZERO;STRUCTURAL_ZERO;STRUCTURAL_ZERO,12,0,0,,OK
red2_6800:701,,infeasible;infeasible;infeasible;infeasible;infeasible;infeasible;infeasible;infeasible;infeasible;infeasible;infeasible;infeasible,0;0;0;0;0;0;0;0;0;0;0;0,infeasible;infeasible;infeasible;infeasible;infeasible;infeasible;infeasible;infeasible;infeasible;infeasible;infeasible;infeasible,infeasible;infeasible;infeasible;infeasible;infeasible;infeasible;infeasible;infeasible;infeasible;infeasible;infeasible;infeasible,0;1;2;3;4;5;6;7;8;9;10;11,STRUCTURAL_ZERO;STRUCTURAL_ZERO;STRUCTURAL_ZERO;STRUCTURAL_ZERO;STRUCTURAL_ZERO;STRUCTURAL_ZERO;STRUCTURAL_ZERO;STRUCTURAL_ZERO;STRUCTURAL_ZERO;STRUCTURAL_ZERO;STRUCTURAL_ZERO;STRUCTURAL_ZERO,12,0,0,,OK
red2_6800:702,,infeasible;infeasible;infeasible;infeasible;infeasible;infeasible;infeasible;infeasible;infeasible;infeasible;infeasible;infeasible,0;0;0;0;0;0;0;0;0;0;0;0,infeasible;infeasible;infeasible;infeasible;infeasible;infeasible;infeasible;infeasible;infeasible;infeasible;infeasible;infeasible,infeasible;infeasible;infeasible;infeasible;infeasible;infeasible;infeasible;infeasible;infeasible;infeasible;infeasible;infeasible,0;1;2;3;4;5;6;7;8;9;10;11,STRUCTURAL_ZERO;STRUCTURAL_ZERO;STRUCTURAL_ZERO;STRUCTURAL_ZERO;STRUCTURAL_ZERO;STRUCTURAL_ZERO;STRUCTURAL_ZERO;STRUCTURAL_ZERO;STRUCTURAL_ZERO;STRUCTURAL_ZERO;STRUCTURAL_ZERO;STRUCTURAL_ZERO,12,0,0,,OK
red2_6800:703,,infeasible;infeasible;infeasible;infeasible;infeasible;infeasible;infeasible;infeasible;infeasible;infeasible;infeasible;infeasible,0;0;0;0;0;0;0;0;0;0;0;0,infeasible;infeasible;infeasible;infeasible;infeasible;infeasible;infeasible;infeasible;infeasible;infeasible;infeasible;infeasible,infeasible;infeasible;infeasible;infeasible;infeasible;infeasible;infeasible;infeasible;infeasible;infeasible;infeasible;infeasible,0;1;2;3;4;5;6;7;8;9;10;11,STRUCTURAL_ZERO;STRUCTURAL_ZERO;STRUCTURAL_ZERO;STRUCTURAL_ZERO;STRUCTURAL_ZERO;STRUCTURAL_ZERO;STRUCTURAL_ZERO;STRUCTURAL_ZERO;STRUCTURAL_ZERO;STRUCTURAL_ZERO;STRUCTURAL_ZERO;STRUCTURAL_ZERO,12,0,0,,OK
red2_6800:704,,infeasible;infeasible;infeasible;infeasible;infeasible;infeasible;infeasible;infeasible;infeasible;infeasible;infeasible;infeasible,0;0;0;0;0;0;0;0;0;0;0;0,infeasible;infeasible;infeasible;infeasible;infeasible;infeasible;infeasible;infeasible;infeasible;infeasible;infeasible;infeasible,infeasible;infeasible;infeasible;infeasible;infeasible;infeasible;infeasible;infeasible;infeasible;infeasible;infeasible;infeasible,0;1;2;3;4;5;6;7;8;9;10;11,STRUCTURAL_ZERO;STRUCTURAL_ZERO;STRUCTURAL_ZERO;STRUCTURAL_ZERO;STRUCTURAL_ZERO;STRUCTURAL_ZERO;STRUCTURAL_ZERO;STRUCTURAL_ZERO;STRUCTURAL_ZERO;STRUCTURAL_ZERO;STRUCTURAL_ZERO;STRUCTURAL_ZERO,12,0,0,,OK
red2_6800:705,,infeasible;infeasible;infeasible;infeasible;infeasible;infeasible;infeasible;infeasible;infeasible;infeasible;infeasible;infeasible,0;0;0;0;0;0;0;0;0;0;0;0,infeasible;infeasible;infeasible;infeasible;infeasible;infeasible;infeasible;infeasible;infeasible;infeasible;infeasible;infeasible,infeasible;infeasible;infeasible;infeasible;infeasible;infeasible;infeasible;infeasible;infeasible;infeasible;infeasible;infeasible,0;1;2;3;4;5;6;7;8;9;10;11,STRUCTURAL_ZERO;STRUCTURAL_ZERO;STRUCTURAL_ZERO;STRUCTURAL_ZERO;STRUCTURAL_ZERO;STRUCTURAL_ZERO;STRUCTURAL_ZERO;STRUCTURAL_ZERO;STRUCTURAL_ZERO;STRUCTURAL_ZERO;STRUCTURAL_ZERO;STRUCTURAL_ZERO,12,0,0,,OK
red2_6800:706,,infeasible;infeasible;infeasible;infeasible;infeasible;infeasible;infeasible;infeasible;infeasible;infeasible;infeasible;infeasible,0;0;0;0;0;0;0;0;0;0;0;0,infeasible;infeasible;infeasible;infeasible;infeasible;infeasible;infeasible;infeasible;infeasible;infeasible;infeasible;infeasible,infeasible;infeasible;infeasible;infeasible;infeasible;infeasible;infeasible;infeasible;infeasible;infeasible;infeasible;infeasible,0;1;2;3;4;5;6;7;8;9;10;11,STRUCTURAL_ZERO;STRUCTURAL_ZERO;STRUCTURAL_ZERO;STRUCTURAL_ZERO;STRUCTURAL_ZERO;STRUCTURAL_ZERO;STRUCTURAL_ZERO;STRUCTURAL_ZERO;STRUCTURAL_ZERO;STRUCTURAL_ZERO;STRUCTURAL_ZERO;STRUCTURAL_ZERO,12,0,0,,OK
red2_6800:707,,infeasible;infeasible;infeasible;infeasible;infeasible;infeasible;infeasible;infeasible;infeasible;infeasible;infeasible;infeasible,0;0;0;0;0;0;0;0;0;0;0;0,infeasible;infeasible;infeasible;infeasible;infeasible;infeasible;infeasible;infeasible;infeasible;infeasible;infeasible;infeasible,infeasible;infeasible;infeasible;infeasible;infeasible;infeasible;infeasible;infeasible;infeasible;infeasible;infeasible;infeasible,0;1;2;3;4;5;6;7;8;9;10;11,STRUCTURAL_ZERO;STRUCTURAL_ZERO;STRUCTURAL_ZERO;STRUCTURAL_ZERO;STRUCTURAL_ZERO;STRUCTURAL_ZERO;STRUCTURAL_ZERO;STRUCTURAL_ZERO;STRUCTURAL_ZERO;STRUCTURAL_ZERO;STRUCTURAL_ZERO;STRUCTURAL_ZERO,12,0,0,,OK
red2_6800:708,,infeasible;infeasible;infeasible;infeasible;infeasible;infeasible;infeasible;infeasible;infeasible;infeasible;infeasible;infeasible,0;0;0;0;0;0;0;0;0;0;0;0,infeasible;infeasible;infeasible;infeasible;infeasible;infeasible;infeasible;infeasible;infeasible;infeasible;infeasible;infeasible,infeasible;infeasible;infeasible;infeasible;infeasible;infeasible;infeasible;infeasible;infeasible;infeasible;infeasible;infeasible,0;1;2;3;4;5;6;7;8;9;10;11,STRUCTURAL_ZERO;STRUCTURAL_ZERO;STRUCTURAL_ZERO;STRUCTURAL_ZERO;STRUCTURAL_ZERO;STRUCTURAL_ZERO;STRUCTURAL_ZERO;STRUCTURAL_ZERO;STRUCTURAL_ZERO;STRUCTURAL_ZERO;STRUCTURAL_ZERO;STRUCTURAL_ZERO,12,0,0,,OK
red2_6800:709,,infeasible;infeasible;infeasible;infeasible;infeasible;infeasible;infeasible;infeasible;infeasible;infeasible;infeasible;infeasible,0;0;0;0;0;0;0;0;0;0;0;0,infeasible;infeasible;infeasible;infeasible;infeasible;infeasible;infeasible;infeasible;infeasible;infeasible;infeasible;infeasible,infeasible;infeasible;infeasible;infeasible;infeasible;infeasible;infeasible;infeasible;infeasible;infeasible;infeasible;infeasible,0;1;2;3;4;5;6;7;8;9;10;11,STRUCTURAL_ZERO;STRUCTURAL_ZERO;STRUCTURAL_ZERO;STRUCTURAL_ZERO;STRUCTURAL_ZERO;STRUCTURAL_ZERO;STRUCTURAL_ZERO;STRUCTURAL_ZERO;STRUCTURAL_ZERO;STRUCTURAL_ZERO;STRUCTURAL_ZERO;STRUCTURAL_ZERO,12,0,0,,OK
red2_6800:710,,infeasible;infeasible;infeasible;infeasible;infeasible;infeasible;infeasible;infeasible;infeasible;infeasible;infeasible;infeasible,0;0;0;0;0;0;0;0;0;0;0;0,infeasible;infeasible;infeasible;infeasible;infeasible;infeasible;infeasible;infeasible;infeasible;infeasible;infeasible;infeasible,infeasible;infeasible;infeasible;infeasible;infeasible;infeasible;infeasible;infeasible;infeasible;infeasible;infeasible;infeasible,0;1;2;3;4;5;6;7;8;9;10;11,STRUCTURAL_ZERO;STRUCTURAL_ZERO;STRUCTURAL_ZERO;STRUCTURAL_ZERO;STRUCTURAL_ZERO;STRUCTURAL_ZERO;STRUCTURAL_ZERO;STRUCTURAL_ZERO;STRUCTURAL_ZERO;STRUCTURAL_ZERO;STRUCTURAL_ZERO;STRUCTURAL_ZERO,12,0,0,,OK
red2_6800:711,,infeasible;infeasible;infeasible;infeasible;infeasible;infeasible;infeasible;infeasible;infeasible;infeasible;infeasible;infeasible,0;0;0;0;0;0;0;0;0;0;0;0,infeasible;infeasible;infeasible;infeasible;infeasible;infeasible;infeasible;infeasible;infeasible;infeasible;infeasible;infeasible,infeasible;infeasible;infeasible;infeasible;infeasible;infeasible;infeasible;infeasible;infeasible;infeasible;infeasible;infeasible,0;1;2;3;4;5;6;7;8;9;10;11,STRUCTURAL_ZERO;STRUCTURAL_ZERO;STRUCTURAL_ZERO;STRUCTURAL_ZERO;STRUCTURAL_ZERO;STRUCTURAL_ZERO;STRUCTURAL_ZERO;STRUCTURAL_ZERO;STRUCTURAL_ZERO;STRUCTURAL_ZERO;STRUCTURAL_ZERO;STRUCTURAL_ZERO,12,0,0,,OK
red2_6800:712,,infeasible;infeasible;infeasible;infeasible;infeasible;infeasible;infeasible;infeasible;infeasible;infeasible;infeasible;infeasible,0;0;0;0;0;0;0;0;0;0;0;0,infeasible;infeasible;infeasible;infeasible;infeasible;infeasible;infeasible;infeasible;infeasible;infeasible;infeasible;infeasible,infeasible;infeasible;infeasible;infeasible;infeasible;infeasible;infeasible;infeasible;infeasible;infeasible;infeasible;infeasible,0;1;2;3;4;5;6;7;8;9;10;11,STRUCTURAL_ZERO;STRUCTURAL_ZERO;STRUCTURAL_ZERO;STRUCTURAL_ZERO;STRUCTURAL_ZERO;STRUCTURAL_ZERO;STRUCTURAL_ZERO;STRUCTURAL_ZERO;STRUCTURAL_ZERO;STRUCTURAL_ZERO;STRUCTURAL_ZERO;STRUCTURAL_ZERO,12,0,0,,OK
red2_6800:713,,infeasible;infeasible;infeasible;infeasible;infeasible;infeasible;infeasible;infeasible;infeasible;infeasible;infeasible;infeasible,0;0;0;0;0;0;0;0;0;0;0;0,infeasible;infeasible;infeasible;infeasible;infeasible;infeasible;infeasible;infeasible;infeasible;infeasible;infeasible;infeasible,infeasible;infeasible;infeasible;infeasible;infeasible;infeasible;infeasible;infeasible;infeasible;infeasible;infeasible;infeasible,0;1;2;3;4;5;6;7;8;9;10;11,STRUCTURAL_ZERO;STRUCTURAL_ZERO;STRUCTURAL_ZERO;STRUCTURAL_ZERO;STRUCTURAL_ZERO;STRUCTURAL_ZERO;STRUCTURAL_ZERO;STRUCTURAL_ZERO;STRUCTURAL_ZERO;STRUCTURAL_ZERO;STRUCTURAL_ZERO;STRUCTURAL_ZERO,12,0,0,,OK
red2_6800:714,,infeasible;optimal;optimal;optimal;optimal;optimal;optimal;optimal;optimal;optimal;optimal;optimal,0;0.1056;0.4843;0.7289;1.159;1.464;1.482;1.427;1.263;1.036;0.7693;0.2486,infeasible;optimal;optimal;optimal;optimal;optimal;optimal;optimal;optimal;optimal;optimal;optimal,infeasible;optimal;optimal;optimal;optimal;optimal;optimal;optimal;optimal;optimal;optimal;optimal,0,STRUCTURAL_ZERO,1,0,0,,OK
red2_6800:715,,infeasible;infeasible;infeasible;infeasible;infeasible;infeasible;infeasible;infeasible;infeasible;infeasible;infeasible;infeasible,0;0;0;0;0;0;0;0;0;0;0;0,infeasible;infeasible;infeasible;infeasible;infeasible;infeasible;infeasible;infeasible;infeasible;infeasible;infeasible;infeasible,infeasible;infeasible;infeasible;infeasible;infeasible;infeasible;infeasible;infeasible;infeasible;infeasible;infeasible;infeasible,0;1;2;3;4;5;6;7;8;9;10;11,STRUCTURAL_ZERO;STRUCTURAL_ZERO;STRUCTURAL_ZERO;STRUCTURAL_ZERO;STRUCTURAL_ZERO;STRUCTURAL_ZERO;STRUCTURAL_ZERO;STRUCTURAL_ZERO;STRUCTURAL_ZERO;STRUCTURAL_ZERO;STRUCTURAL_ZERO;STRUCTURAL_ZERO,12,0,0,,OK
red2_6800:716,,infeasible;infeasible;infeasible;infeasible;infeasible;infeasible;infeasible;infeasible;infeasible;infeasible;infeasible;infeasible,0;0;0;0;0;0;0;0;0;0;0;0,infeasible;infeasible;infeasible;infeasible;infeasible;infeasible;infeasible;infeasible;infeasible;infeasible;infeasible;infeasible,infeasible;infeasible;infeasible;infeasible;infeasible;infeasible;infeasible;infeasible;infeasible;infeasible;infeasible;infeasible,0;1;2;3;4;5;6;7;8;9;10;11,STRUCTURAL_ZERO;STRUCTURAL_ZERO;STRUCTURAL_ZERO;STRUCTURAL_ZERO;STRUCTURAL_ZERO;STRUCTURAL_ZERO;STRUCTURAL_ZERO;STRUCTURAL_ZERO;STRUCTURAL_ZERO;STRUCTURAL_ZERO;STRUCTURAL_ZERO;STRUCTURAL_ZERO,12,0,0,,OK
red2_6800:717,,infeasible;infeasible;infeasible;infeasible;infeasible;infeasible;infeasible;infeasible;infeasible;infeasible;infeasible;infeasible,0;0;0;0;0;0;0;0;0;0;0;0,infeasible;infeasible;infeasible;infeasible;infeasible;infeasible;infeasible;infeasible;infeasible;infeasible;infeasible;infeasible,infeasible;infeasible;infeasible;infeasible;infeasible;infeasible;infeasible;infeasible;infeasible;infeasible;infeasible;infeasible,0;1;2;3;4;5;6;7;8;9;10;11,STRUCTURAL_ZERO;STRUCTURAL_ZERO;STRUCTURAL_ZERO;STRUCTURAL_ZERO;STRUCTURAL_ZERO;STRUCTURAL_ZERO;STRUCTURAL_ZERO;STRUCTURAL_ZERO;STRUCTURAL_ZERO;STRUCTURAL_ZERO;STRUCTURAL_ZERO;STRUCTURAL_ZERO,12,0,0,,OK
red2_6800:718,,infeasible;infeasible;infeasible;infeasible;infeasible;infeasible;infeasible;infeasible;infeasible;infeasible;infeasible;infeasible,0;0;0;0;0;0;0;0;0;0;0;0,infeasible;infeasible;infeasible;infeasible;infeasible;infeasible;infeasible;infeasible;infeasible;infeasible;infeasible;infeasible,infeasible;infeasible;infeasible;infeasible;infeasible;infeasible;infeasible;infeasible;infeasible;infeasible;infeasible;infeasible,0;1;2;3;4;5;6;7;8;9;10;11,STRUCTURAL_ZERO;STRUCTURAL_ZERO;STRUCTURAL_ZERO;STRUCTURAL_ZERO;STRUCTURAL_ZERO;STRUCTURAL_ZERO;STRUCTURAL_ZERO;STRUCTURAL_ZERO;STRUCTURAL_ZERO;STRUCTURAL_ZERO;STRUCTURAL_ZERO;STRUCTURAL_ZERO,12,0,0,,OK
red2_6800:719,,infeasible;infeasible;infeasible;infeasible;infeasible;infeasible;infeasible;infeasible;infeasible;infeasible;infeasible;infeasible,0;0;0;0;0;0;0;0;0;0;0;0,infeasible;infeasible;infeasible;infeasible;infeasible;infeasible;infeasible;infeasible;infeasible;infeasible;infeasible;infeasible,infeasible;infeasible;infeasible;infeasible;infeasible;infeasible;infeasible;infeasible;infeasible;infeasible;infeasible;infeasible,0;1;2;3;4;5;6;7;8;9;10;11,STRUCTURAL_ZERO;STRUCTURAL_ZERO;STRUCTURAL_ZERO;STRUCTURAL_ZERO;STRUCTURAL_ZERO;STRUCTURAL_ZERO;STRUCTURAL_ZERO;STRUCTURAL_ZERO;STRUCTURAL_ZERO;STRUCTURAL_ZERO;STRUCTURAL_ZERO;STRUCTURAL_ZERO,12,0,0,,OK
red2_6800:720,,infeasible;infeasible;infeasible;infeasible;infeasible;infeasible;infeasible;infeasible;infeasible;infeasible;infeasible;infeasible,0;0;0;0;0;0;0;0;0;0;0;0,infeasible;infeasible;infeasible;infeasible;infeasible;infeasible;infeasible;infeasible;infeasible;infeasible;infeasible;infeasible,infeasible;infeasible;infeasible;infeasible;infeasible;infeasible;infeasible;infeasible;infeasible;infeasible;infeasible;infeasible,0;1;2;3;4;5;6;7;8;9;10;11,STRUCTURAL_ZERO;STRUCTURAL_ZERO;STRUCTURAL_ZERO;STRUCTURAL_ZERO;STRUCTURAL_ZERO;STRUCTURAL_ZERO;STRUCTURAL_ZERO;STRUCTURAL_ZERO;STRUCTURAL_ZERO;STRUCTURAL_ZERO;STRUCTURAL_ZERO;STRUCTURAL_ZERO,12,0,0,,OK
red2_6800:721,,infeasible;infeasible;infeasible;infeasible;infeasible;infeasible;infeasible;infeasible;infeasible;infeasible;infeasible;infeasible,0;0;0;0;0;0;0;0;0;0;0;0,infeasible;infeasible;infeasible;infeasible;infeasible;infeasible;infeasible;infeasible;infeasible;infeasible;infeasible;infeasible,infeasible;infeasible;infeasible;infeasible;infeasible;infeasible;infeasible;infeasible;infeasible;infeasible;infeasible;infeasible,0;1;2;3;4;5;6;7;8;9;10;11,STRUCTURAL_ZERO;STRUCTURAL_ZERO;STRUCTURAL_ZERO;STRUCTURAL_ZERO;STRUCTURAL_ZERO;STRUCTURAL_ZERO;STRUCTURAL_ZERO;STRUCTURAL_ZERO;STRUCTURAL_ZERO;STRUCTURAL_ZERO;STRUCTURAL_ZERO;STRUCTURAL_ZERO,12,0,0,,OK
red2_6800:722,,infeasible;infeasible;infeasible;infeasible;infeasible;infeasible;infeasible;infeasible;infeasible;infeasible;infeasible;infeasible,0;0;0;0;0;0;0;0;0;0;0;0,infeasible;infeasible;infeasible;infeasible;infeasible;infeasible;infeasible;infeasible;infeasible;infeasible;infeasible;infeasible,infeasible;infeasible;infeasible;infeasible;infeasible;infeasible;infeasible;infeasible;infeasible;infeasible;infeasible;infeasible,0;1;2;3;4;5;6;7;8;9;10;11,STRUCTURAL_ZERO;STRUCTURAL_ZERO;STRUCTURAL_ZERO;STRUCTURAL_ZERO;STRUCTURAL_ZERO;STRUCTURAL_ZERO;STRUCTURAL_ZERO;STRUCTURAL_ZERO;STRUCTURAL_ZERO;STRUCTURAL_ZERO;STRUCTURAL_ZERO;STRUCTURAL_ZERO,12,0,0,,OK
red2_6800:723,,infeasible;infeasible;infeasible;infeasible;infeasible;infeasible;infeasible;infeasible;infeasible;infeasible;infeasible;infeasible,0;0;0;0;0;0;0;0;0;0;0;0,infeasible;infeasible;infeasible;infeasible;infeasible;infeasible;infeasible;infeasible;infeasible;infeasible;infeasible;infeasible,infeasible;infeasible;infeasible;infeasible;infeasible;infeasible;infeasible;infeasible;infeasible;infeasible;infeasible;infeasible,0;1;2;3;4;5;6;7;8;9;10;11,STRUCTURAL_ZERO;STRUCTURAL_ZERO;STRUCTURAL_ZERO;STRUCTURAL_ZERO;STRUCTURAL_ZERO;STRUCTURAL_ZERO;STRUCTURAL_ZERO;STRUCTURAL_ZERO;STRUCTURAL_ZERO;STRUCTURAL_ZERO;STRUCTURAL_ZERO;STRUCTURAL_ZERO,12,0,0,,OK
red2_6800:724,,infeasible;infeasible;infeasible;infeasible;infeasible;infeasible;infeasible;infeasible;infeasible;infeasible;infeasible;infeasible,0;0;0;0;0;0;0;0;0;0;0;0,infeasible;infeasible;infeasible;infeasible;infeasible;infeasible;infeasible;infeasible;infeasible;infeasible;infeasible;infeasible,infeasible;infeasible;infeasible;infeasible;infeasible;infeasible;infeasible;infeasible;infeasible;infeasible;infeasible;infeasible,0;1;2;3;4;5;6;7;8;9;10;11,STRUCTURAL_ZERO;STRUCTURAL_ZERO;STRUCTURAL_ZERO;STRUCTURAL_ZERO;STRUCTURAL_ZERO;STRUCTURAL_ZERO;STRUCTURAL_ZERO;STRUCTURAL_ZERO;STRUCTURAL_ZERO;STRUCTURAL_ZERO;STRUCTURAL_ZERO;STRUCTURAL_ZERO,12,0,0,,OK
red2_6800:725,,infeasible;infeasible;infeasible;infeasible;infeasible;infeasible;infeasible;infeasible;infeasible;infeasible;infeasible;infeasible,0;0;0;0;0;0;0;0;0;0;0;0,infeasible;infeasible;infeasible;infeasible;infeasible;infeasible;infeasible;infeasible;infeasible;infeasible;infeasible;infeasible,infeasible;infeasible;infeasible;infeasible;infeasible;infeasible;infeasible;infeasible;infeasible;infeasible;infeasible;infeasible,0;1;2;3;4;5;6;7;8;9;10;11,STRUCTURAL_ZERO;STRUCTURAL_ZERO;STRUCTURAL_ZERO;STRUCTURAL_ZERO;STRUCTURAL_ZERO;STRUCTURAL_ZERO;STRUCTURAL_ZERO;STRUCTURAL_ZERO;STRUCTURAL_ZERO;STRUCTURAL_ZERO;STRUCTURAL_ZERO;STRUCTURAL_ZERO,12,0,0,,OK
red2_6800:726,,infeasible;infeasible;infeasible;infeasible;infeasible;infeasible;infeasible;infeasible;infeasible;infeasible;infeasible;infeasible,0;0;0;0;0;0;0;0;0;0;0;0,infeasible;infeasible;infeasible;infeasible;infeasible;infeasible;infeasible;infeasible;infeasible;infeasible;infeasible;infeasible,infeasible;infeasible;infeasible;infeasible;infeasible;infeasible;infeasible;infeasible;infeasible;infeasible;infeasible;infeasible,0;1;2;3;4;5;6;7;8;9;10;11,STRUCTURAL_ZERO;STRUCTURAL_ZERO;STRUCTURAL_ZERO;STRUCTURAL_ZERO;STRUCTURAL_ZERO;STRUCTURAL_ZERO;STRUCTURAL_ZERO;STRUCTURAL_ZERO;STRUCTURAL_ZERO;STRUCTURAL_ZERO;STRUCTURAL_ZERO;STRUCTURAL_ZERO,12,0,0,,OK
red2_6800:727,,infeasible;infeasible;infeasible;infeasible;infeasible;infeasible;infeasible;infeasible;infeasible;infeasible;infeasible;infeasible,0;0;0;0;0;0;0;0;0;0;0;0,infeasible;infeasible;infeasible;infeasible;infeasible;infeasible;infeasible;infeasible;infeasible;infeasible;infeasible;infeasible,infeasible;infeasible;infeasible;infeasible;infeasible;infeasible;infeasible;infeasible;infeasible;infeasible;infeasible;infeasible,0;1;2;3;4;5;6;7;8;9;10;11,STRUCTURAL_ZERO;STRUCTURAL_ZERO;STRUCTURAL_ZERO;STRUCTURAL_ZERO;STRUCTURAL_ZERO;STRUCTURAL_ZERO;STRUCTURAL_ZERO;STRUCTURAL_ZERO;STRUCTURAL_ZERO;STRUCTURAL_ZERO;STRUCTURAL_ZERO;STRUCTURAL_ZERO,12,0,0,,OK
red2_6800:728,,infeasible;infeasible;infeasible;infeasible;infeasible;infeasible;infeasible;infeasible;infeasible;infeasible;infeasible;infeasible,0;0;0;0;0;0;0;0;0;0;0;0,infeasible;infeasible;infeasible;infeasible;infeasible;infeasible;infeasible;infeasible;infeasible;infeasible;infeasible;infeasible,infeasible;infeasible;infeasible;infeasible;infeasible;infeasible;infeasible;infeasible;infeasible;infeasible;infeasible;infeasible,0;1;2;3;4;5;6;7;8;9;10;11,STRUCTURAL_ZERO;STRUCTURAL_ZERO;STRUCTURAL_ZERO;STRUCTURAL_ZERO;STRUCTURAL_ZERO;STRUCTURAL_ZERO;STRUCTURAL_ZERO;STRUCTURAL_ZERO;STRUCTURAL_ZERO;STRUCTURAL_ZERO;STRUCTURAL_ZERO;STRUCTURAL_ZERO,12,0,0,,OK
red2_6800:729,,infeasible;infeasible;infeasible;infeasible;infeasible;infeasible;infeasible;infeasible;infeasible;infeasible;infeasible;infeasible,0;0;0;0;0;0;0;0;0;0;0;0,infeasible;infeasible;infeasible;infeasible;infeasible;infeasible;infeasible;infeasible;infeasible;infeasible;infeasible;infeasible,infeasible;infeasible;infeasible;infeasible;infeasible;infeasible;infeasible;infeasible;infeasible;infeasible;infeasible;infeasible,0;1;2;3;4;5;6;7;8;9;10;11,STRUCTURAL_ZERO;STRUCTURAL_ZERO;STRUCTURAL_ZERO;STRUCTURAL_ZERO;STRUCTURAL_ZERO;STRUCTURAL_ZERO;STRUCTURAL_ZERO;STRUCTURAL_ZERO;STRUCTURAL_ZERO;STRUCTURAL_ZERO;STRUCTURAL_ZERO;STRUCTURAL_ZERO,12,0,0,,OK
red2_6800:730,,infeasible;infeasible;infeasible;infeasible;infeasible;infeasible;infeasible;infeasible;infeasible;infeasible;infeasible;infeasible,0;0;0;0;0;0;0;0;0;0;0;0,infeasible;infeasible;infeasible;infeasible;infeasible;infeasible;infeasible;infeasible;infeasible;infeasible;infeasible;infeasible,infeasible;infeasible;infeasible;infeasible;infeasible;infeasible;infeasible;infeasible;infeasible;infeasible;infeasible;infeasible,0;1;2;3;4;5;6;7;8;9;10;11,STRUCTURAL_ZERO;STRUCTURAL_ZERO;STRUCTURAL_ZERO;STRUCTURAL_ZERO;STRUCTURAL_ZERO;STRUCTURAL_ZERO;STRUCTURAL_ZERO;STRUCTURAL_ZERO;STRUCTURAL_ZERO;STRUCTURAL_ZERO;STRUCTURAL_ZERO;STRUCTURAL_ZERO,12,0,0,,OK
red2_6800:731,,infeasible;infeasible;infeasible;infeasible;infeasible;infeasible;infeasible;infeasible;infeasible;infeasible;infeasible;infeasible,0;0;0;0;0;0;0;0;0;0;0;0,infeasible;infeasible;infeasible;infeasible;infeasible;infeasible;infeasible;infeasible;infeasible;infeasible;infeasible;infeasible,infeasible;infeasible;infeasible;infeasible;infeasible;infeasible;infeasible;infeasible;infeasible;infeasible;infeasible;infeasible,0;1;2;3;4;5;6;7;8;9;10;11,STRUCTURAL_ZERO;STRUCTURAL_ZERO;STRUCTURAL_ZERO;STRUCTURAL_ZERO;STRUCTURAL_ZERO;STRUCTURAL_ZERO;STRUCTURAL_ZERO;STRUCTURAL_ZERO;STRUCTURAL_ZERO;STRUCTURAL_ZERO;STRUCTURAL_ZERO;STRUCTURAL_ZERO,12,0,0,,OK
red2_6800:732,,infeasible;infeasible;infeasible;infeasible;infeasible;infeasible;infeasible;infeasible;infeasible;infeasible;infeasible;infeasible,0;0;0;0;0;0;0;0;0;0;0;0,infeasible;infeasible;infeasible;infeasible;infeasible;infeasible;infeasible;infeasible;infeasible;infeasible;infeasible;infeasible,infeasible;infeasible;infeasible;infeasible;infeasible;infeasible;infeasible;infeasible;infeasible;infeasible;infeasible;infeasible,0;1;2;3;4;5;6;7;8;9;10;11,STRUCTURAL_ZERO;STRUCTURAL_ZERO;STRUCTURAL_ZERO;STRUCTURAL_ZERO;STRUCTURAL_ZERO;STRUCTURAL_ZERO;STRUCTURAL_ZERO;STRUCTURAL_ZERO;STRUCTURAL_ZERO;STRUCTURAL_ZERO;STRUCTURAL_ZERO;STRUCTURAL_ZERO,12,0,0,,OK
red2_6800:733,,infeasible;infeasible;infeasible;infeasible;infeasible;infeasible;infeasible;infeasible;infeasible;infeasible;infeasible;infeasible,0;0;0;0;0;0;0;0;0;0;0;0,infeasible;infeasible;infeasible;infeasible;infeasible;infeasible;infeasible;infeasible;infeasible;infeasible;infeasible;infeasible,infeasible;infeasible;infeasible;infeasible;infeasible;infeasible;infeasible;infeasible;infeasible;infeasible;infeasible;infeasible,0;1;2;3;4;5;6;7;8;9;10;11,STRUCTURAL_ZERO;STRUCTURAL_ZERO;STRUCTURAL_ZERO;STRUCTURAL_ZERO;STRUCTURAL_ZERO;STRUCTURAL_ZERO;STRUCTURAL_ZERO;STRUCTURAL_ZERO;STRUCTURAL_ZERO;STRUCTURAL_ZERO;STRUCTURAL_ZERO;STRUCTURAL_ZERO,12,0,0,,OK
red2_6800:734,,infeasible;infeasible;infeasible;infeasible;infeasible;infeasible;infeasible;infeasible;infeasible;infeasible;infeasible;infeasible,0;0;0;0;0;0;0;0;0;0;0;0,infeasible;infeasible;infeasible;infeasible;infeasible;infeasible;infeasible;infeasible;infeasible;infeasible;infeasible;infeasible,infeasible;infeasible;infeasible;infeasible;infeasible;infeasible;infeasible;infeasible;infeasible;infeasible;infeasible;infeasible,0;1;2;3;4;5;6;7;8;9;10;11,STRUCTURAL_ZERO;STRUCTURAL_ZERO;STRUCTURAL_ZERO;STRUCTURAL_ZERO;STRUCTURAL_ZERO;STRUCTURAL_ZERO;STRUCTURAL_ZERO;STRUCTURAL_ZERO;STRUCTURAL_ZERO;STRUCTURAL_ZERO;STRUCTURAL_ZERO;STRUCTURAL_ZERO,12,0,0,,OK
red2_6800:735,,infeasible;infeasible;infeasible;infeasible;infeasible;infeasible;infeasible;infeasible;infeasible;infeasible;infeasible;infeasible,0;0;0;0;0;0;0;0;0;0;0;0,infeasible;infeasible;infeasible;infeasible;infeasible;infeasible;infeasible;infeasible;infeasible;infeasible;infeasible;infeasible,infeasible;infeasible;infeasible;infeasible;infeasible;infeasible;infeasible;infeasible;infeasible;infeasible;infeasible;infeasible,0;1;2;3;4;5;6;7;8;9;10;11,STRUCTURAL_ZERO;STRUCTURAL_ZERO;STRUCTURAL_ZERO;STRUCTURAL_ZERO;STRUCTURAL_ZERO;STRUCTURAL_ZERO;STRUCTURAL_ZERO;STRUCTURAL_ZERO;STRUCTURAL_ZERO;STRUCTURAL_ZERO;STRUCTURAL_ZERO;STRUCTURAL_ZERO,12,0,0,,OK
red2_6800:736,,infeasible;infeasible;infeasible;infeasible;infeasible;infeasible;infeasible;infeasible;infeasible;infeasible;infeasible;infeasible,0;0;0;0;0;0;0;0;0;0;0;0,infeasible;infeasible;infeasible;infeasible;infeasible;infeasible;infeasible;infeasible;infeasible;infeasible;infeasible;infeasible,infeasible;infeasible;infeasible;infeasible;infeasible;infeasible;infeasible;infeasible;infeasible;infeasible;infeasible;infeasible,0;1;2;3;4;5;6;7;8;9;10;11,STRUCTURAL_ZERO;STRUCTURAL_ZERO;STRUCTURAL_ZERO;STRUCTURAL_ZERO;STRUCTURAL_ZERO;STRUCTURAL_ZERO;STRUCTURAL_ZERO;STRUCTURAL_ZERO;STRUCTURAL_ZERO;STRUCTURAL_ZERO;STRUCTURAL_ZERO;STRUCTURAL_ZERO,12,0,0,,OK
red2_6800:737,,infeasible;infeasible;infeasible;infeasible;infeasible;infeasible;infeasible;infeasible;infeasible;infeasible;infeasible;infeasible,0;0;0;0;0;0;0;0;0;0;0;0,infeasible;infeasible;infeasible;infeasible;infeasible;infeasible;infeasible;infeasible;infeasible;infeasible;infeasible;infeasible,infeasible;infeasible;infeasible;infeasible;infeasible;infeasible;infeasible;infeasible;infeasible;infeasible;infeasible;infeasible,0;1;2;3;4;5;6;7;8;9;10;11,STRUCTURAL_ZERO;STRUCTURAL_ZERO;STRUCTURAL_ZERO;STRUCTURAL_ZERO;STRUCTURAL_ZERO;STRUCTURAL_ZERO;STRUCTURAL_ZERO;STRUCTURAL_ZERO;STRUCTURAL_ZERO;STRUCTURAL_ZERO;STRUCTURAL_ZERO;STRUCTURAL_ZERO,12,0,0,,OK
red2_6800:738,,infeasible;infeasible;infeasible;infeasible;infeasible;infeasible;infeasible;infeasible;infeasible;infeasible;infeasible;infeasible,0;0;0;0;0;0;0;0;0;0;0;0,infeasible;infeasible;infeasible;infeasible;infeasible;infeasible;infeasible;infeasible;infeasible;infeasible;infeasible;infeasible,infeasible;infeasible;infeasible;infeasible;infeasible;infeasible;infeasible;infeasible;infeasible;infeasible;infeasible;infeasible,0;1;2;3;4;5;6;7;8;9;10;11,STRUCTURAL_ZERO;STRUCTURAL_ZERO;STRUCTURAL_ZERO;STRUCTURAL_ZERO;STRUCTURAL_ZERO;STRUCTURAL_ZERO;STRUCTURAL_ZERO;STRUCTURAL_ZERO;STRUCTURAL_ZERO;STRUCTURAL_ZERO;STRUCTURAL_ZERO;STRUCTURAL_ZERO,12,0,0,,OK
red2_6800:739,,infeasible;infeasible;infeasible;infeasible;infeasible;infeasible;infeasible;infeasible;infeasible;infeasible;infeasible;infeasible,0;0;0;0;0;0;0;0;0;0;0;0,infeasible;infeasible;infeasible;infeasible;infeasible;infeasible;infeasible;infeasible;infeasible;infeasible;infeasible;infeasible,infeasible;infeasible;infeasible;infeasible;infeasible;infeasible;infeasible;infeasible;infeasible;infeasible;infeasible;infeasible,0;1;2;3;4;5;6;7;8;9;10;11,STRUCTURAL_ZERO;STRUCTURAL_ZERO;STRUCTURAL_ZERO;STRUCTURAL_ZERO;STRUCTURAL_ZERO;STRUCTURAL_ZERO;STRUCTURAL_ZERO;STRUCTURAL_ZERO;STRUCTURAL_ZERO;STRUCTURAL_ZERO;STRUCTURAL_ZERO;STRUCTURAL_ZERO,12,0,0,,OK
red2_6800:740,,infeasible;infeasible;infeasible;infeasible;infeasible;infeasible;infeasible;infeasible;infeasible;infeasible;infeasible;infeasible,0;0;0;0;0;0;0;0;0;0;0;0,infeasible;infeasible;infeasible;infeasible;infeasible;infeasible;infeasible;infeasible;infeasible;infeasible;infeasible;infeasible,infeasible;infeasible;infeasible;infeasible;infeasible;infeasible;infeasible;infeasible;infeasible;infeasible;infeasible;infeasible,0;1;2;3;4;5;6;7;8;9;10;11,STRUCTURAL_ZERO;STRUCTURAL_ZERO;STRUCTURAL_ZERO;STRUCTURAL_ZERO;STRUCTURAL_ZERO;STRUCTURAL_ZERO;STRUCTURAL_ZERO;STRUCTURAL_ZERO;STRUCTURAL_ZERO;STRUCTURAL_ZERO;STRUCTURAL_ZERO;STRUCTURAL_ZERO,12,0,0,,OK
red2_6800:741,,infeasible;infeasible;infeasible;infeasible;infeasible;infeasible;infeasible;infeasible;infeasible;infeasible;infeasible;infeasible,0;0;0;0;0;0;0;0;0;0;0;0,infeasible;infeasible;infeasible;infeasible;infeasible;infeasible;infeasible;infeasible;infeasible;infeasible;infeasible;infeasible,infeasible;infeasible;infeasible;infeasible;infeasible;infeasible;infeasible;infeasible;infeasible;infeasible;infeasible;infeasible,0;1;2;3;4;5;6;7;8;9;10;11,STRUCTURAL_ZERO;STRUCTURAL_ZERO;STRUCTURAL_ZERO;STRUCTURAL_ZERO;STRUCTURAL_ZERO;STRUCTURAL_ZERO;STRUCTURAL_ZERO;STRUCTURAL_ZERO;STRUCTURAL_ZERO;STRUCTURAL_ZERO;STRUCTURAL_ZERO;STRUCTURAL_ZERO,12,0,0,,OK
red2_6800:742,,optimal;optimal;optimal;optimal;optimal;optimal;optimal;optimal;optimal;optimal;optimal;optimal,0.0005381;0.142;0.5582;0.8164;1.232;1.434;1.442;1.397;1.27;1.052;0.7837;0.2303,,,,,0,0,0,,OK
red2_6800:743,,infeasible;infeasible;infeasible;infeasible;infeasible;infeasible;infeasible;infeasible;infeasible;infeasible;infeasible;infeasible,0;0;0;0;0;0;0;0;0;0;0;0,infeasible;infeasible;infeasible;infeasible;infeasible;infeasible;infeasible;infeasible;infeasible;infeasible;infeasible;infeasible,infeasible;infeasible;infeasible;infeasible;infeasible;infeasible;infeasible;infeasible;infeasible;infeasible;infeasible;infeasible,0;1;2;3;4;5;6;7;8;9;10;11,STRUCTURAL_ZERO;STRUCTURAL_ZERO;STRUCTURAL_ZERO;STRUCTURAL_ZERO;STRUCTURAL_ZERO;STRUCTURAL_ZERO;STRUCTURAL_ZERO;STRUCTURAL_ZERO;STRUCTURAL_ZERO;STRUCTURAL_ZERO;STRUCTURAL_ZERO;STRUCTURAL_ZERO,12,0,0,,OK
red2_6800:744,,infeasible;infeasible;infeasible;infeasible;infeasible;infeasible;infeasible;infeasible;infeasible;infeasible;infeasible;infeasible,0;0;0;0;0;0;0;0;0;0;0;0,infeasible;infeasible;infeasible;infeasible;infeasible;infeasible;infeasible;infeasible;infeasible;infeasible;infeasible;infeasible,infeasible;infeasible;infeasible;infeasible;infeasible;infeasible;infeasible;infeasible;infeasible;infeasible;infeasible;infeasible,0;1;2;3;4;5;6;7;8;9;10;11,STRUCTURAL_ZERO;STRUCTURAL_ZERO;STRUCTURAL_ZERO;STRUCTURAL_ZERO;STRUCTURAL_ZERO;STRUCTURAL_ZERO;STRUCTURAL_ZERO;STRUCTURAL_ZERO;STRUCTURAL_ZERO;STRUCTURAL_ZERO;STRUCTURAL_ZERO;STRUCTURAL_ZERO,12,0,0,,OK
red2_6800:745,,infeasible;infeasible;infeasible;infeasible;infeasible;infeasible;infeasible;infeasible;infeasible;infeasible;infeasible;infeasible,0;0;0;0;0;0;0;0;0;0;0;0,infeasible;infeasible;infeasible;infeasible;infeasible;infeasible;infeasible;infeasible;infeasible;infeasible;infeasible;infeasible,infeasible;infeasible;infeasible;infeasible;infeasible;infeasible;infeasible;infeasible;infeasible;infeasible;infeasible;infeasible,0;1;2;3;4;5;6;7;8;9;10;11,STRUCTURAL_ZERO;STRUCTURAL_ZERO;STRUCTURAL_ZERO;STRUCTURAL_ZERO;STRUCTURAL_ZERO;STRUCTURAL_ZERO;STRUCTURAL_ZERO;STRUCTURAL_ZERO;STRUCTURAL_ZERO;STRUCTURAL_ZERO;STRUCTURAL_ZERO;STRUCTURAL_ZERO,12,0,0,,OK
red2_6800:746,,infeasible;infeasible;infeasible;infeasible;infeasible;infeasible;infeasible;infeasible;infeasible;infeasible;infeasible;infeasible,0;0;0;0;0;0;0;0;0;0;0;0,infeasible;infeasible;infeasible;infeasible;infeasible;infeasible;infeasible;infeasible;infeasible;infeasible;infeasible;infeasible,infeasible;infeasible;infeasible;infeasible;infeasible;infeasible;infeasible;infeasible;infeasible;infeasible;infeasible;infeasible,0;1;2;3;4;5;6;7;8;9;10;11,STRUCTURAL_ZERO;STRUCTURAL_ZERO;STRUCTURAL_ZERO;STRUCTURAL_ZERO;STRUCTURAL_ZERO;STRUCTURAL_ZERO;STRUCTURAL_ZERO;STRUCTURAL_ZERO;STRUCTURAL_ZERO;STRUCTURAL_ZERO;STRUCTURAL_ZERO;STRUCTURAL_ZERO,12,0,0,,OK
red2_6800:747,,infeasible;infeasible;infeasible;infeasible;infeasible;infeasible;infeasible;infeasible;infeasible;infeasible;infeasible;infeasible,0;0;0;0;0;0;0;0;0;0;0;0,infeasible;infeasible;infeasible;infeasible;infeasible;infeasible;infeasible;infeasible;infeasible;infeasible;infeasible;infeasible,infeasible;infeasible;infeasible;infeasible;infeasible;infeasible;infeasible;infeasible;infeasible;infeasible;infeasible;infeasible,0;1;2;3;4;5;6;7;8;9;10;11,STRUCTURAL_ZERO;STRUCTURAL_ZERO;STRUCTURAL_ZERO;STRUCTURAL_ZERO;STRUCTURAL_ZERO;STRUCTURAL_ZERO;STRUCTURAL_ZERO;STRUCTURAL_ZERO;STRUCTURAL_ZERO;STRUCTURAL_ZERO;STRUCTURAL_ZERO;STRUCTURAL_ZERO,12,0,0,,OK
red2_6800:748,,infeasible;infeasible;infeasible;infeasible;infeasible;infeasible;infeasible;infeasible;infeasible;infeasible;infeasible;infeasible,0;0;0;0;0;0;0;0;0;0;0;0,infeasible;infeasible;infeasible;infeasible;infeasible;infeasible;infeasible;infeasible;infeasible;infeasible;infeasible;infeasible,infeasible;infeasible;infeasible;infeasible;infeasible;infeasible;infeasible;infeasible;infeasible;infeasible;infeasible;infeasible,0;1;2;3;4;5;6;7;8;9;10;11,STRUCTURAL_ZERO;STRUCTURAL_ZERO;STRUCTURAL_ZERO;STRUCTURAL_ZERO;STRUCTURAL_ZERO;STRUCTURAL_ZERO;STRUCTURAL_ZERO;STRUCTURAL_ZERO;STRUCTURAL_ZERO;STRUCTURAL_ZERO;STRUCTURAL_ZERO;STRUCTURAL_ZERO,12,0,0,,OK
red2_6800:749,,infeasible;infeasible;infeasible;infeasible;infeasible;infeasible;infeasible;infeasible;infeasible;infeasible;infeasible;infeasible,0;0;0;0;0;0;0;0;0;0;0;0,infeasible;infeasible;infeasible;infeasible;infeasible;infeasible;infeasible;infeasible;infeasible;infeasible;infeasible;infeasible,infeasible;infeasible;infeasible;infeasible;infeasible;infeasible;infeasible;infeasible;infeasible;infeasible;infeasible;infeasible,0;1;2;3;4;5;6;7;8;9;10;11,STRUCTURAL_ZERO;STRUCTURAL_ZERO;STRUCTURAL_ZERO;STRUCTURAL_ZERO;STRUCTURAL_ZERO;STRUCTURAL_ZERO;STRUCTURAL_ZERO;STRUCTURAL_ZERO;STRUCTURAL_ZERO;STRUCTURAL_ZERO;STRUCTURAL_ZERO;STRUCTURAL_ZERO,12,0,0,,OK
red2_6800:750,,infeasible;infeasible;infeasible;infeasible;infeasible;infeasible;infeasible;infeasible;infeasible;infeasible;infeasible;infeasible,0;0;0;0;0;0;0;0;0;0;0;0,infeasible;infeasible;infeasible;infeasible;infeasible;infeasible;infeasible;infeasible;infeasible;infeasible;infeasible;infeasible,infeasible;infeasible;infeasible;infeasible;infeasible;infeasible;infeasible;infeasible;infeasible;infeasible;infeasible;infeasible,0;1;2;3;4;5;6;7;8;9;10;11,STRUCTURAL_ZERO;STRUCTURAL_ZERO;STRUCTURAL_ZERO;STRUCTURAL_ZERO;STRUCTURAL_ZERO;STRUCTURAL_ZERO;STRUCTURAL_ZERO;STRUCTURAL_ZERO;STRUCTURAL_ZERO;STRUCTURAL_ZERO;STRUCTURAL_ZERO;STRUCTURAL_ZERO,12,0,0,,OK
red2_6800:751,,infeasible;infeasible;infeasible;infeasible;infeasible;infeasible;infeasible;infeasible;infeasible;infeasible;infeasible;infeasible,0;0;0;0;0;0;0;0;0;0;0;0,infeasible;infeasible;infeasible;infeasible;infeasible;infeasible;infeasible;infeasible;infeasible;infeasible;infeasible;infeasible,infeasible;infeasible;infeasible;infeasible;infeasible;infeasible;infeasible;infeasible;infeasible;infeasible;infeasible;infeasible,0;1;2;3;4;5;6;7;8;9;10;11,STRUCTURAL_ZERO;STRUCTURAL_ZERO;STRUCTURAL_ZERO;STRUCTURAL_ZERO;STRUCTURAL_ZERO;STRUCTURAL_ZERO;STRUCTURAL_ZERO;STRUCTURAL_ZERO;STRUCTURAL_ZERO;STRUCTURAL_ZERO;STRUCTURAL_ZERO;STRUCTURAL_ZERO,12,0,0,,OK
red2_6800:752,,infeasible;infeasible;infeasible;infeasible;infeasible;infeasible;infeasible;infeasible;infeasible;infeasible;infeasible;infeasible,0;0;0;0;0;0;0;0;0;0;0;0,infeasible;infeasible;infeasible;infeasible;infeasible;infeasible;infeasible;infeasible;infeasible;infeasible;infeasible;infeasible,infeasible;infeasible;infeasible;infeasible;infeasible;infeasible;infeasible;infeasible;infeasible;infeasible;infeasible;infeasible,0;1;2;3;4;5;6;7;8;9;10;11,STRUCTURAL_ZERO;STRUCTURAL_ZERO;STRUCTURAL_ZERO;STRUCTURAL_ZERO;STRUCTURAL_ZERO;STRUCTURAL_ZERO;STRUCTURAL_ZERO;STRUCTURAL_ZERO;STRUCTURAL_ZERO;STRUCTURAL_ZERO;STRUCTURAL_ZERO;STRUCTURAL_ZERO,12,0,0,,OK
red2_6800:753,,infeasible;infeasible;infeasible;infeasible;infeasible;infeasible;infeasible;infeasible;infeasible;infeasible;infeasible;infeasible,0;0;0;0;0;0;0;0;0;0;0;0,infeasible;infeasible;infeasible;infeasible;infeasible;infeasible;infeasible;infeasible;infeasible;infeasible;infeasible;infeasible,infeasible;infeasible;infeasible;infeasible;infeasible;infeasible;infeasible;infeasible;infeasible;infeasible;infeasible;infeasible,0;1;2;3;4;5;6;7;8;9;10;11,STRUCTURAL_ZERO;STRUCTURAL_ZERO;STRUCTURAL_ZERO;STRUCTURAL_ZERO;STRUCTURAL_ZERO;STRUCTURAL_ZERO;STRUCTURAL_ZERO;STRUCTURAL_ZERO;STRUCTURAL_ZERO;STRUCTURAL_ZERO;STRUCTURAL_ZERO;STRUCTURAL_ZERO,12,0,0,,OK
red2_6800:754,,infeasible;infeasible;infeasible;infeasible;infeasible;infeasible;infeasible;infeasible;infeasible;infeasible;infeasible;infeasible,0;0;0;0;0;0;0;0;0;0;0;0,infeasible;infeasible;infeasible;infeasible;infeasible;infeasible;infeasible;infeasible;infeasible;infeasible;infeasible;infeasible,infeasible;infeasible;infeasible;infeasible;infeasible;infeasible;infeasible;infeasible;infeasible;infeasible;infeasible;infeasible,0;1;2;3;4;5;6;7;8;9;10;11,STRUCTURAL_ZERO;STRUCTURAL_ZERO;STRUCTURAL_ZERO;STRUCTURAL_ZERO;STRUCTURAL_ZERO;STRUCTURAL_ZERO;STRUCTURAL_ZERO;STRUCTURAL_ZERO;STRUCTURAL_ZERO;STRUCTURAL_ZERO;STRUCTURAL_ZERO;STRUCTURAL_ZERO,12,0,0,,OK
red2_6800:755,,infeasible;infeasible;infeasible;infeasible;infeasible;infeasible;infeasible;infeasible;infeasible;infeasible;infeasible;infeasible,0;0;0;0;0;0;0;0;0;0;0;0,infeasible;infeasible;infeasible;infeasible;infeasible;infeasible;infeasible;infeasible;infeasible;infeasible;infeasible;infeasible,infeasible;infeasible;infeasible;infeasible;infeasible;infeasible;infeasible;infeasible;infeasible;infeasible;infeasible;infeasible,0;1;2;3;4;5;6;7;8;9;10;11,STRUCTURAL_ZERO;STRUCTURAL_ZERO;STRUCTURAL_ZERO;STRUCTURAL_ZERO;STRUCTURAL_ZERO;STRUCTURAL_ZERO;STRUCTURAL_ZERO;STRUCTURAL_ZERO;STRUCTURAL_ZERO;STRUCTURAL_ZERO;STRUCTURAL_ZERO;STRUCTURAL_ZERO,12,0,0,,OK
red2_6800:756,,infeasible;infeasible;infeasible;infeasible;infeasible;infeasible;infeasible;infeasible;infeasible;infeasible;infeasible;infeasible,0;0;0;0;0;0;0;0;0;0;0;0,infeasible;infeasible;infeasible;infeasible;infeasible;infeasible;infeasible;infeasible;infeasible;infeasible;infeasible;infeasible,infeasible;infeasible;infeasible;infeasible;infeasible;infeasible;infeasible;infeasible;infeasible;infeasible;infeasible;infeasible,0;1;2;3;4;5;6;7;8;9;10;11,STRUCTURAL_ZERO;STRUCTURAL_ZERO;STRUCTURAL_ZERO;STRUCTURAL_ZERO;STRUCTURAL_ZERO;STRUCTURAL_ZERO;STRUCTURAL_ZERO;STRUCTURAL_ZERO;STRUCTURAL_ZERO;STRUCTURAL_ZERO;STRUCTURAL_ZERO;STRUCTURAL_ZERO,12,0,0,,OK
red2_6800:757,,infeasible;optimal;optimal;optimal;optimal;optimal;optimal;optimal;optimal;optimal;optimal;optimal,0;0.09851;0.4585;0.696;1.14;1.453;1.47;1.436;1.307;1.075;0.797;0.2222,infeasible;optimal;optimal;optimal;optimal;optimal;optimal;optimal;optimal;optimal;optimal;optimal,infeasible;optimal;optimal;optimal;optimal;optimal;optimal;optimal;optimal;optimal;optimal;optimal,0,STRUCTURAL_ZERO,1,0,0,,OK
red2_6800:758,,infeasible;infeasible;infeasible;infeasible;infeasible;infeasible;infeasible;infeasible;infeasible;infeasible;infeasible;infeasible,0;0;0;0;0;0;0;0;0;0;0;0,infeasible;infeasible;infeasible;infeasible;infeasible;infeasible;infeasible;infeasible;infeasible;infeasible;infeasible;infeasible,infeasible;infeasible;infeasible;infeasible;infeasible;infeasible;infeasible;infeasible;infeasible;infeasible;infeasible;infeasible,0;1;2;3;4;5;6;7;8;9;10;11,STRUCTURAL_ZERO;STRUCTURAL_ZERO;STRUCTURAL_ZERO;STRUCTURAL_ZERO;STRUCTURAL_ZERO;STRUCTURAL_ZERO;STRUCTURAL_ZERO;STRUCTURAL_ZERO;STRUCTURAL_ZERO;STRUCTURAL_ZERO;STRUCTURAL_ZERO;STRUCTURAL_ZERO,12,0,0,,OK
red2_6800:759,,infeasible;infeasible;infeasible;infeasible;infeasible;infeasible;infeasible;infeasible;infeasible;infeasible;infeasible;infeasible,0;0;0;0;0;0;0;0;0;0;0;0,infeasible;infeasible;infeasible;infeasible;infeasible;infeasible;infeasible;infeasible;infeasible;infeasible;infeasible;infeasible,infeasible;infeasible;infeasible;infeasible;infeasible;infeasible;infeasible;infeasible;infeasible;infeasible;infeasible;infeasible,0;1;2;3;4;5;6;7;8;9;10;11,STRUCTURAL_ZERO;STRUCTURAL_ZERO;STRUCTURAL_ZERO;STRUCTURAL_ZERO;STRUCTURAL_ZERO;STRUCTURAL_ZERO;STRUCTURAL_ZERO;STRUCTURAL_ZERO;STRUCTURAL_ZERO;STRUCTURAL_ZERO;STRUCTURAL_ZERO;STRUCTURAL_ZERO,12,0,0,,OK
red2_6800:760,,infeasible;infeasible;infeasible;infeasible;infeasible;infeasible;infeasible;infeasible;infeasible;infeasible;infeasible;infeasible,0;0;0;0;0;0;0;0;0;0;0;0,infeasible;infeasible;infeasible;infeasible;infeasible;infeasible;infeasible;infeasible;infeasible;infeasible;infeasible;infeasible,infeasible;infeasible;infeasible;infeasible;infeasible;infeasible;infeasible;infeasible;infeasible;infeasible;infeasible;infeasible,0;1;2;3;4;5;6;7;8;9;10;11,STRUCTURAL_ZERO;STRUCTURAL_ZERO;STRUCTURAL_ZERO;STRUCTURAL_ZERO;STRUCTURAL_ZERO;STRUCTURAL_ZERO;STRUCTURAL_ZERO;STRUCTURAL_ZERO;STRUCTURAL_ZERO;STRUCTURAL_ZERO;STRUCTURAL_ZERO;STRUCTURAL_ZERO,12,0,0,,OK
red2_6800:761,,infeasible;infeasible;infeasible;infeasible;infeasible;infeasible;infeasible;infeasible;infeasible;infeasible;infeasible;infeasible,0;0;0;0;0;0;0;0;0;0;0;0,infeasible;infeasible;infeasible;infeasible;infeasible;infeasible;infeasible;infeasible;infeasible;infeasible;infeasible;infeasible,infeasible;infeasible;infeasible;infeasible;infeasible;infeasible;infeasible;infeasible;infeasible;infeasible;infeasible;infeasible,0;1;2;3;4;5;6;7;8;9;10;11,STRUCTURAL_ZERO;STRUCTURAL_ZERO;STRUCTURAL_ZERO;STRUCTURAL_ZERO;STRUCTURAL_ZERO;STRUCTURAL_ZERO;STRUCTURAL_ZERO;STRUCTURAL_ZERO;STRUCTURAL_ZERO;STRUCTURAL_ZERO;STRUCTURAL_ZERO;STRUCTURAL_ZERO,12,0,0,,OK
red2_6800:762,,infeasible;infeasible;infeasible;infeasible;infeasible;infeasible;infeasible;infeasible;infeasible;infeasible;infeasible;infeasible,0;0;0;0;0;0;0;0;0;0;0;0,infeasible;infeasible;infeasible;infeasible;infeasible;infeasible;infeasible;infeasible;infeasible;infeasible;infeasible;infeasible,infeasible;infeasible;infeasible;infeasible;infeasible;infeasible;infeasible;infeasible;infeasible;infeasible;infeasible;infeasible,0;1;2;3;4;5;6;7;8;9;10;11,STRUCTURAL_ZERO;STRUCTURAL_ZERO;STRUCTURAL_ZERO;STRUCTURAL_ZERO;STRUCTURAL_ZERO;STRUCTURAL_ZERO;STRUCTURAL_ZERO;STRUCTURAL_ZERO;STRUCTURAL_ZERO;STRUCTURAL_ZERO;STRUCTURAL_ZERO;STRUCTURAL_ZERO,12,0,0,,OK
red2_6800:763,,infeasible;infeasible;infeasible;infeasible;infeasible;infeasible;infeasible;infeasible;infeasible;infeasible;infeasible;infeasible,0;0;0;0;0;0;0;0;0;0;0;0,infeasible;infeasible;infeasible;infeasible;infeasible;infeasible;infeasible;infeasible;infeasible;infeasible;infeasible;infeasible,infeasible;infeasible;infeasible;infeasible;infeasible;infeasible;infeasible;infeasible;infeasible;infeasible;infeasible;infeasible,0;1;2;3;4;5;6;7;8;9;10;11,STRUCTURAL_ZERO;STRUCTURAL_ZERO;STRUCTURAL_ZERO;STRUCTURAL_ZERO;STRUCTURAL_ZERO;STRUCTURAL_ZERO;STRUCTURAL_ZERO;STRUCTURAL_ZERO;STRUCTURAL_ZERO;STRUCTURAL_ZERO;STRUCTURAL_ZERO;STRUCTURAL_ZERO,12,0,0,,OK
red2_6800:764,,infeasible;infeasible;infeasible;infeasible;infeasible;infeasible;infeasible;infeasible;infeasible;infeasible;infeasible;infeasible,0;0;0;0;0;0;0;0;0;0;0;0,infeasible;infeasible;infeasible;infeasible;infeasible;infeasible;infeasible;infeasible;infeasible;infeasible;infeasible;infeasible,infeasible;infeasible;infeasible;infeasible;infeasible;infeasible;infeasible;infeasible;infeasible;infeasible;infeasible;infeasible,0;1;2;3;4;5;6;7;8;9;10;11,STRUCTURAL_ZERO;STRUCTURAL_ZERO;STRUCTURAL_ZERO;STRUCTURAL_ZERO;STRUCTURAL_ZERO;STRUCTURAL_ZERO;STRUCTURAL_ZERO;STRUCTURAL_ZERO;STRUCTURAL_ZERO;STRUCTURAL_ZERO;STRUCTURAL_ZERO;STRUCTURAL_ZERO,12,0,0,,OK
red2_6800:765,,infeasible;infeasible;infeasible;infeasible;infeasible;infeasible;infeasible;infeasible;infeasible;infeasible;infeasible;infeasible,0;0;0;0;0;0;0;0;0;0;0;0,infeasible;infeasible;infeasible;infeasible;infeasible;infeasible;infeasible;infeasible;infeasible;infeasible;infeasible;infeasible,infeasible;infeasible;infeasible;infeasible;infeasible;infeasible;infeasible;infeasible;infeasible;infeasible;infeasible;infeasible,0;1;2;3;4;5;6;7;8;9;10;11,STRUCTURAL_ZERO;STRUCTURAL_ZERO;STRUCTURAL_ZERO;STRUCTURAL_ZERO;STRUCTURAL_ZERO;STRUCTURAL_ZERO;STRUCTURAL_ZERO;STRUCTURAL_ZERO;STRUCTURAL_ZERO;STRUCTURAL_ZERO;STRUCTURAL_ZERO;STRUCTURAL_ZERO,12,0,0,,OK
red2_6800:766,,infeasible;infeasible;infeasible;infeasible;infeasible;infeasible;infeasible;infeasible;infeasible;infeasible;infeasible;infeasible,0;0;0;0;0;0;0;0;0;0;0;0,infeasible;infeasible;infeasible;infeasible;infeasible;infeasible;infeasible;infeasible;infeasible;infeasible;infeasible;infeasible,infeasible;infeasible;infeasible;infeasible;infeasible;infeasible;infeasible;infeasible;infeasible;infeasible;infeasible;infeasible,0;1;2;3;4;5;6;7;8;9;10;11,STRUCTURAL_ZERO;STRUCTURAL_ZERO;STRUCTURAL_ZERO;STRUCTURAL_ZERO;STRUCTURAL_ZERO;STRUCTURAL_ZERO;STRUCTURAL_ZERO;STRUCTURAL_ZERO;STRUCTURAL_ZERO;STRUCTURAL_ZERO;STRUCTURAL_ZERO;STRUCTURAL_ZERO,12,0,0,,OK
red2_6800:767,,infeasible;infeasible;infeasible;infeasible;infeasible;infeasible;infeasible;infeasible;infeasible;infeasible;infeasible;infeasible,0;0;0;0;0;0;0;0;0;0;0;0,infeasible;infeasible;infeasible;infeasible;infeasible;infeasible;infeasible;infeasible;infeasible;infeasible;infeasible;infeasible,infeasible;infeasible;infeasible;infeasible;infeasible;infeasible;infeasible;infeasible;infeasible;infeasible;infeasible;infeasible,0;1;2;3;4;5;6;7;8;9;10;11,STRUCTURAL_ZERO;STRUCTURAL_ZERO;STRUCTURAL_ZERO;STRUCTURAL_ZERO;STRUCTURAL_ZERO;STRUCTURAL_ZERO;STRUCTURAL_ZERO;STRUCTURAL_ZERO;STRUCTURAL_ZERO;STRUCTURAL_ZERO;STRUCTURAL_ZERO;STRUCTURAL_ZERO,12,0,0,,OK
red2_6800:768,,infeasible;infeasible;infeasible;infeasible;infeasible;infeasible;infeasible;infeasible;infeasible;infeasible;infeasible;infeasible,0;0;0;0;0;0;0;0;0;0;0;0,infeasible;infeasible;infeasible;infeasible;infeasible;infeasible;infeasible;infeasible;infeasible;infeasible;infeasible;infeasible,infeasible;infeasible;infeasible;infeasible;infeasible;infeasible;infeasible;infeasible;infeasible;infeasible;infeasible;infeasible,0;1;2;3;4;5;6;7;8;9;10;11,STRUCTURAL_ZERO;STRUCTURAL_ZERO;STRUCTURAL_ZERO;STRUCTURAL_ZERO;STRUCTURAL_ZERO;STRUCTURAL_ZERO;STRUCTURAL_ZERO;STRUCTURAL_ZERO;STRUCTURAL_ZERO;STRUCTURAL_ZERO;STRUCTURAL_ZERO;STRUCTURAL_ZERO,12,0,0,,OK
red2_6800:769,,infeasible;infeasible;infeasible;infeasible;infeasible;infeasible;infeasible;infeasible;infeasible;infeasible;infeasible;infeasible,0;0;0;0;0;0;0;0;0;0;0;0,infeasible;infeasible;infeasible;infeasible;infeasible;infeasible;infeasible;infeasible;infeasible;infeasible;infeasible;infeasible,infeasible;infeasible;infeasible;infeasible;infeasible;infeasible;infeasible;infeasible;infeasible;infeasible;infeasible;infeasible,0;1;2;3;4;5;6;7;8;9;10;11,STRUCTURAL_ZERO;STRUCTURAL_ZERO;STRUCTURAL_ZERO;STRUCTURAL_ZERO;STRUCTURAL_ZERO;STRUCTURAL_ZERO;STRUCTURAL_ZERO;STRUCTURAL_ZERO;STRUCTURAL_ZERO;STRUCTURAL_ZERO;STRUCTURAL_ZERO;STRUCTURAL_ZERO,12,0,0,,OK
red2_6800:770,,infeasible;infeasible;infeasible;infeasible;infeasible;infeasible;infeasible;infeasible;infeasible;infeasible;infeasible;infeasible,0;0;0;0;0;0;0;0;0;0;0;0,infeasible;infeasible;infeasible;infeasible;infeasible;infeasible;infeasible;infeasible;infeasible;infeasible;infeasible;infeasible,infeasible;infeasible;infeasible;infeasible;infeasible;infeasible;infeasible;infeasible;infeasible;infeasible;infeasible;infeasible,0;1;2;3;4;5;6;7;8;9;10;11,STRUCTURAL_ZERO;STRUCTURAL_ZERO;STRUCTURAL_ZERO;STRUCTURAL_ZERO;STRUCTURAL_ZERO;STRUCTURAL_ZERO;STRUCTURAL_ZERO;STRUCTURAL_ZERO;STRUCTURAL_ZERO;STRUCTURAL_ZERO;STRUCTURAL_ZERO;STRUCTURAL_ZERO,12,0,0,,OK
red2_6800:771,,infeasible;infeasible;infeasible;infeasible;infeasible;infeasible;infeasible;infeasible;infeasible;infeasible;infeasible;infeasible,0;0;0;0;0;0;0;0;0;0;0;0,infeasible;infeasible;infeasible;infeasible;infeasible;infeasible;infeasible;infeasible;infeasible;infeasible;infeasible;infeasible,infeasible;infeasible;infeasible;infeasible;infeasible;infeasible;infeasible;infeasible;infeasible;infeasible;infeasible;infeasible,0;1;2;3;4;5;6;7;8;9;10;11,STRUCTURAL_ZERO;STRUCTURAL_ZERO;STRUCTURAL_ZERO;STRUCTURAL_ZERO;STRUCTURAL_ZERO;STRUCTURAL_ZERO;STRUCTURAL_ZERO;STRUCTURAL_ZERO;STRUCTURAL_ZERO;STRUCTURAL_ZERO;STRUCTURAL_ZERO;STRUCTURAL_ZERO,12,0,0,,OK
red2_6800:772,,infeasible;infeasible;infeasible;infeasible;infeasible;infeasible;infeasible;infeasible;infeasible;infeasible;infeasible;infeasible,0;0;0;0;0;0;0;0;0;0;0;0,infeasible;infeasible;infeasible;infeasible;infeasible;infeasible;infeasible;infeasible;infeasible;infeasible;infeasible;infeasible,infeasible;infeasible;infeasible;infeasible;infeasible;infeasible;infeasible;infeasible;infeasible;infeasible;infeasible;infeasible,0;1;2;3;4;5;6;7;8;9;10;11,STRUCTURAL_ZERO;STRUCTURAL_ZERO;STRUCTURAL_ZERO;STRUCTURAL_ZERO;STRUCTURAL_ZERO;STRUCTURAL_ZERO;STRUCTURAL_ZERO;STRUCTURAL_ZERO;STRUCTURAL_ZERO;STRUCTURAL_ZERO;STRUCTURAL_ZERO;STRUCTURAL_ZERO,12,0,0,,OK
red2_6800:773,,infeasible;infeasible;infeasible;infeasible;infeasible;infeasible;infeasible;infeasible;infeasible;infeasible;infeasible;infeasible,0;0;0;0;0;0;0;0;0;0;0;0,infeasible;infeasible;infeasible;infeasible;infeasible;infeasible;infeasible;infeasible;infeasible;infeasible;infeasible;infeasible,infeasible;infeasible;infeasible;infeasible;infeasible;infeasible;infeasible;infeasible;infeasible;infeasible;infeasible;infeasible,0;1;2;3;4;5;6;7;8;9;10;11,STRUCTURAL_ZERO;STRUCTURAL_ZERO;STRUCTURAL_ZERO;STRUCTURAL_ZERO;STRUCTURAL_ZERO;STRUCTURAL_ZERO;STRUCTURAL_ZERO;STRUCTURAL_ZERO;STRUCTURAL_ZERO;STRUCTURAL_ZERO;STRUCTURAL_ZERO;STRUCTURAL_ZERO,12,0,0,,OK
red2_6800:774,,infeasible;infeasible;infeasible;infeasible;infeasible;infeasible;infeasible;infeasible;infeasible;infeasible;infeasible;infeasible,0;0;0;0;0;0;0;0;0;0;0;0,infeasible;infeasible;infeasible;infeasible;infeasible;infeasible;infeasible;infeasible;infeasible;infeasible;infeasible;infeasible,infeasible;infeasible;infeasible;infeasible;infeasible;infeasible;infeasible;infeasible;infeasible;infeasible;infeasible;infeasible,0;1;2;3;4;5;6;7;8;9;10;11,STRUCTURAL_ZERO;STRUCTURAL_ZERO;STRUCTURAL_ZERO;STRUCTURAL_ZERO;STRUCTURAL_ZERO;STRUCTURAL_ZERO;STRUCTURAL_ZERO;STRUCTURAL_ZERO;STRUCTURAL_ZERO;STRUCTURAL_ZERO;STRUCTURAL_ZERO;STRUCTURAL_ZERO,12,0,0,,OK
red2_6800:775,,infeasible;infeasible;infeasible;infeasible;infeasible;infeasible;infeasible;infeasible;infeasible;infeasible;infeasible;infeasible,0;0;0;0;0;0;0;0;0;0;0;0,infeasible;infeasible;infeasible;infeasible;infeasible;infeasible;infeasible;infeasible;infeasible;infeasible;infeasible;infeasible,infeasible;infeasible;infeasible;infeasible;infeasible;infeasible;infeasible;infeasible;infeasible;infeasible;infeasible;infeasible,0;1;2;3;4;5;6;7;8;9;10;11,STRUCTURAL_ZERO;STRUCTURAL_ZERO;STRUCTURAL_ZERO;STRUCTURAL_ZERO;STRUCTURAL_ZERO;STRUCTURAL_ZERO;STRUCTURAL_ZERO;STRUCTURAL_ZERO;STRUCTURAL_ZERO;STRUCTURAL_ZERO;STRUCTURAL_ZERO;STRUCTURAL_ZERO,12,0,0,,OK
red2_6800:776,,infeasible;infeasible;infeasible;infeasible;infeasible;infeasible;infeasible;infeasible;infeasible;infeasible;infeasible;infeasible,0;0;0;0;0;0;0;0;0;0;0;0,infeasible;infeasible;infeasible;infeasible;infeasible;infeasible;infeasible;infeasible;infeasible;infeasible;infeasible;infeasible,infeasible;infeasible;infeasible;infeasible;infeasible;infeasible;infeasible;infeasible;infeasible;infeasible;infeasible;infeasible,0;1;2;3;4;5;6;7;8;9;10;11,STRUCTURAL_ZERO;STRUCTURAL_ZERO;STRUCTURAL_ZERO;STRUCTURAL_ZERO;STRUCTURAL_ZERO;STRUCTURAL_ZERO;STRUCTURAL_ZERO;STRUCTURAL_ZERO;STRUCTURAL_ZERO;STRUCTURAL_ZERO;STRUCTURAL_ZERO;STRUCTURAL_ZERO,12,0,0,,OK
red2_6800:777,,infeasible;optimal;optimal;optimal;optimal;optimal;optimal;optimal;optimal;optimal;optimal;optimal,0;0.1078;0.5974;0.8161;1.13;1.371;1.414;1.434;1.389;1.303;1.042;0.08804,infeasible;optimal;optimal;optimal;optimal;optimal;optimal;optimal;optimal;optimal;optimal;optimal,infeasible;optimal;optimal;optimal;optimal;optimal;optimal;optimal;optimal;optimal;optimal;optimal,0,STRUCTURAL_ZERO,1,0,0,,OK
red2_6800:778,,infeasible;infeasible;infeasible;infeasible;infeasible;infeasible;infeasible;infeasible;infeasible;infeasible;infeasible;infeasible,0;0;0;0;0;0;0;0;0;0;0;0,infeasible;infeasible;infeasible;infeasible;infeasible;infeasible;infeasible;infeasible;infeasible;infeasible;infeasible;infeasible,infeasible;infeasible;infeasible;infeasible;infeasible;infeasible;infeasible;infeasible;infeasible;infeasible;infeasible;infeasible,0;1;2;3;4;5;6;7;8;9;10;11,STRUCTURAL_ZERO;STRUCTURAL_ZERO;STRUCTURAL_ZERO;STRUCTURAL_ZERO;STRUCTURAL_ZERO;STRUCTURAL_ZERO;STRUCTURAL_ZERO;STRUCTURAL_ZERO;STRUCTURAL_ZERO;STRUCTURAL_ZERO;STRUCTURAL_ZERO;STRUCTURAL_ZERO,12,0,0,,OK
red2_6800:779,,infeasible;infeasible;infeasible;infeasible;infeasible;infeasible;infeasible;infeasible;infeasible;infeasible;infeasible;infeasible,0;0;0;0;0;0;0;0;0;0;0;0,infeasible;infeasible;infeasible;infeasible;infeasible;infeasible;infeasible;infeasible;infeasible;infeasible;infeasible;infeasible,infeasible;infeasible;infeasible;infeasible;infeasible;infeasible;infeasible;infeasible;infeasible;infeasible;infeasible;infeasible,0;1;2;3;4;5;6;7;8;9;10;11,STRUCTURAL_ZERO;STRUCTURAL_ZERO;STRUCTURAL_ZERO;STRUCTURAL_ZERO;STRUCTURAL_ZERO;STRUCTURAL_ZERO;STRUCTURAL_ZERO;STRUCTURAL_ZERO;STRUCTURAL_ZERO;STRUCTURAL_ZERO;STRUCTURAL_ZERO;STRUCTURAL_ZERO,12,0,0,,OK
red2_6800:780,,infeasible;optimal;optimal;optimal;optimal;optimal;optimal;optimal;optimal;optimal;optimal;optimal,0;0.09893;0.4692;0.7129;1.161;1.482;1.5;1.445;1.272;1.021;0.7435;0.1706,infeasible;optimal;optimal;optimal;optimal;optimal;optimal;optimal;optimal;optimal;optimal;optimal,infeasible;optimal;optimal;optimal;optimal;optimal;optimal;optimal;optimal;optimal;optimal;optimal,0,STRUCTURAL_ZERO,1,0,0,,OK
red2_6800:781,,infeasible;infeasible;infeasible;infeasible;infeasible;infeasible;infeasible;infeasible;infeasible;infeasible;infeasible;infeasible,0;0;0;0;0;0;0;0;0;0;0;0,infeasible;infeasible;infeasible;infeasible;infeasible;infeasible;infeasible;infeasible;infeasible;infeasible;infeasible;infeasible,infeasible;infeasible;infeasible;infeasible;infeasible;infeasible;infeasible;infeasible;infeasible;infeasible;infeasible;infeasible,0;1;2;3;4;5;6;7;8;9;10;11,STRUCTURAL_ZERO;STRUCTURAL_ZERO;STRUCTURAL_ZERO;STRUCTURAL_ZERO;STRUCTURAL_ZERO;STRUCTURAL_ZERO;STRUCTURAL_ZERO;STRUCTURAL_ZERO;STRUCTURAL_ZERO;STRUCTURAL_ZERO;STRUCTURAL_ZERO;STRUCTURAL_ZERO,12,0,0,,OK
red2_6800:782,,infeasible;infeasible;infeasible;infeasible;infeasible;infeasible;infeasible;infeasible;infeasible;infeasible;infeasible;infeasible,0;0;0;0;0;0;0;0;0;0;0;0,infeasible;infeasible;infeasible;infeasible;infeasible;infeasible;infeasible;infeasible;infeasible;infeasible;infeasible;infeasible,infeasible;infeasible;infeasible;infeasible;infeasible;infeasible;infeasible;infeasible;infeasible;infeasible;infeasible;infeasible,0;1;2;3;4;5;6;7;8;9;10;11,STRUCTURAL_ZERO;STRUCTURAL_ZERO;STRUCTURAL_ZERO;STRUCTURAL_ZERO;STRUCTURAL_ZERO;STRUCTURAL_ZERO;STRUCTURAL_ZERO;STRUCTURAL_ZERO;STRUCTURAL_ZERO;STRUCTURAL_ZERO;STRUCTURAL_ZERO;STRUCTURAL_ZERO,12,0,0,,OK
red2_6800:783,,infeasible;infeasible;infeasible;infeasible;infeasible;infeasible;infeasible;infeasible;infeasible;infeasible;infeasible;infeasible,0;0;0;0;0;0;0;0;0;0;0;0,infeasible;infeasible;infeasible;infeasible;infeasible;infeasible;infeasible;infeasible;infeasible;infeasible;infeasible;infeasible,infeasible;infeasible;infeasible;infeasible;infeasible;infeasible;infeasible;infeasible;infeasible;infeasible;infeasible;infeasible,0;1;2;3;4;5;6;7;8;9;10;11,STRUCTURAL_ZERO;STRUCTURAL_ZERO;STRUCTURAL_ZERO;STRUCTURAL_ZERO;STRUCTURAL_ZERO;STRUCTURAL_ZERO;STRUCTURAL_ZERO;STRUCTURAL_ZERO;STRUCTURAL_ZERO;STRUCTURAL_ZERO;STRUCTURAL_ZERO;STRUCTURAL_ZERO,12,0,0,,OK
red2_6800:784,,infeasible;infeasible;infeasible;infeasible;infeasible;infeasible;infeasible;infeasible;infeasible;infeasible;infeasible;infeasible,0;0;0;0;0;0;0;0;0;0;0;0,infeasible;infeasible;infeasible;infeasible;infeasible;infeasible;infeasible;infeasible;infeasible;infeasible;infeasible;infeasible,infeasible;infeasible;infeasible;infeasible;infeasible;infeasible;infeasible;infeasible;infeasible;infeasible;infeasible;infeasible,0;1;2;3;4;5;6;7;8;9;10;11,STRUCTURAL_ZERO;STRUCTURAL_ZERO;STRUCTURAL_ZERO;STRUCTURAL_ZERO;STRUCTURAL_ZERO;STRUCTURAL_ZERO;STRUCTURAL_ZERO;STRUCTURAL_ZERO;STRUCTURAL_ZERO;STRUCTURAL_ZERO;STRUCTURAL_ZERO;STRUCTURAL_ZERO,12,0,0,,OK
red2_6800:785,,infeasible;infeasible;infeasible;infeasible;infeasible;infeasible;infeasible;infeasible;infeasible;infeasible;infeasible;infeasible,0;0;0;0;0;0;0;0;0;0;0;0,infeasible;infeasible;infeasible;infeasible;infeasible;infeasible;infeasible;infeasible;infeasible;infeasible;infeasible;infeasible,infeasible;infeasible;infeasible;infeasible;infeasible;infeasible;infeasible;infeasible;infeasible;infeasible;infeasible;infeasible,0;1;2;3;4;5;6;7;8;9;10;11,STRUCTURAL_ZERO;STRUCTURAL_ZERO;STRUCTURAL_ZERO;STRUCTURAL_ZERO;STRUCTURAL_ZERO;STRUCTURAL_ZERO;STRUCTURAL_ZERO;STRUCTURAL_ZERO;STRUCTURAL_ZERO;STRUCTURAL_ZERO;STRUCTURAL_ZERO;STRUCTURAL_ZERO,12,0,0,,OK
red2_6800:786,,infeasible;infeasible;infeasible;infeasible;infeasible;infeasible;infeasible;infeasible;infeasible;infeasible;infeasible;infeasible,0;0;0;0;0;0;0;0;0;0;0;0,infeasible;infeasible;infeasible;infeasible;infeasible;infeasible;infeasible;infeasible;infeasible;infeasible;infeasible;infeasible,infeasible;infeasible;infeasible;infeasible;infeasible;infeasible;infeasible;infeasible;infeasible;infeasible;infeasible;infeasible,0;1;2;3;4;5;6;7;8;9;10;11,STRUCTURAL_ZERO;STRUCTURAL_ZERO;STRUCTURAL_ZERO;STRUCTURAL_ZERO;STRUCTURAL_ZERO;STRUCTURAL_ZERO;STRUCTURAL_ZERO;STRUCTURAL_ZERO;STRUCTURAL_ZERO;STRUCTURAL_ZERO;STRUCTURAL_ZERO;STRUCTURAL_ZERO,12,0,0,,OK
red2_6800:787,,infeasible;infeasible;infeasible;infeasible;infeasible;infeasible;infeasible;infeasible;infeasible;infeasible;infeasible;infeasible,0;0;0;0;0;0;0;0;0;0;0;0,infeasible;infeasible;infeasible;infeasible;infeasible;infeasible;infeasible;infeasible;infeasible;infeasible;infeasible;infeasible,infeasible;infeasible;infeasible;infeasible;infeasible;infeasible;infeasible;infeasible;infeasible;infeasible;infeasible;infeasible,0;1;2;3;4;5;6;7;8;9;10;11,STRUCTURAL_ZERO;STRUCTURAL_ZERO;STRUCTURAL_ZERO;STRUCTURAL_ZERO;STRUCTURAL_ZERO;STRUCTURAL_ZERO;STRUCTURAL_ZERO;STRUCTURAL_ZERO;STRUCTURAL_ZERO;STRUCTURAL_ZERO;STRUCTURAL_ZERO;STRUCTURAL_ZERO,12,0,0,,OK
red2_6800:788,,infeasible;infeasible;infeasible;infeasible;infeasible;infeasible;infeasible;infeasible;infeasible;infeasible;infeasible;infeasible,0;0;0;0;0;0;0;0;0;0;0;0,infeasible;infeasible;infeasible;infeasible;infeasible;infeasible;infeasible;infeasible;infeasible;infeasible;infeasible;infeasible,infeasible;infeasible;infeasible;infeasible;infeasible;infeasible;infeasible;infeasible;infeasible;infeasible;infeasible;infeasible,0;1;2;3;4;5;6;7;8;9;10;11,STRUCTURAL_ZERO;STRUCTURAL_ZERO;STRUCTURAL_ZERO;STRUCTURAL_ZERO;STRUCTURAL_ZERO;STRUCTURAL_ZERO;STRUCTURAL_ZERO;STRUCTURAL_ZERO;STRUCTURAL_ZERO;STRUCTURAL_ZERO;STRUCTURAL_ZERO;STRUCTURAL_ZERO,12,0,0,,OK
red2_6800:789,,infeasible;infeasible;infeasible;infeasible;infeasible;infeasible;infeasible;infeasible;infeasible;infeasible;infeasible;infeasible,0;0;0;0;0;0;0;0;0;0;0;0,infeasible;infeasible;infeasible;infeasible;infeasible;infeasible;infeasible;infeasible;infeasible;infeasible;infeasible;infeasible,infeasible;infeasible;infeasible;infeasible;infeasible;infeasible;infeasible;infeasible;infeasible;infeasible;infeasible;infeasible,0;1;2;3;4;5;6;7;8;9;10;11,STRUCTURAL_ZERO;STRUCTURAL_ZERO;STRUCTURAL_ZERO;STRUCTURAL_ZERO;STRUCTURAL_ZERO;STRUCTURAL_ZERO;STRUCTURAL_ZERO;STRUCTURAL_ZERO;STRUCTURAL_ZERO;STRUCTURAL_ZERO;STRUCTURAL_ZERO;STRUCTURAL_ZERO,12,0,0,,OK
red2_6800:790,,infeasible;infeasible;infeasible;infeasible;infeasible;infeasible;infeasible;infeasible;infeasible;infeasible;infeasible;infeasible,0;0;0;0;0;0;0;0;0;0;0;0,infeasible;infeasible;infeasible;infeasible;infeasible;infeasible;infeasible;infeasible;infeasible;infeasible;infeasible;infeasible,infeasible;infeasible;infeasible;infeasible;infeasible;infeasible;infeasible;infeasible;infeasible;infeasible;infeasible;infeasible,0;1;2;3;4;5;6;7;8;9;10;11,STRUCTURAL_ZERO;STRUCTURAL_ZERO;STRUCTURAL_ZERO;STRUCTURAL_ZERO;STRUCTURAL_ZERO;STRUCTURAL_ZERO;STRUCTURAL_ZERO;STRUCTURAL_ZERO;STRUCTURAL_ZERO;STRUCTURAL_ZERO;STRUCTURAL_ZERO;STRUCTURAL_ZERO,12,0,0,,OK
red2_6800:791,,infeasible;infeasible;infeasible;infeasible;infeasible;infeasible;infeasible;infeasible;infeasible;infeasible;infeasible;infeasible,0;0;0;0;0;0;0;0;0;0;0;0,infeasible;infeasible;infeasible;infeasible;infeasible;infeasible;infeasible;infeasible;infeasible;infeasible;infeasible;infeasible,infeasible;infeasible;infeasible;infeasible;infeasible;infeasible;infeasible;infeasible;infeasible;infeasible;infeasible;infeasible,0;1;2;3;4;5;6;7;8;9;10;11,STRUCTURAL_ZERO;STRUCTURAL_ZERO;STRUCTURAL_ZERO;STRUCTURAL_ZERO;STRUCTURAL_ZERO;STRUCTURAL_ZERO;STRUCTURAL_ZERO;STRUCTURAL_ZERO;STRUCTURAL_ZERO;STRUCTURAL_ZERO;STRUCTURAL_ZERO;STRUCTURAL_ZERO,12,0,0,,OK
red2_6800:792,,infeasible;infeasible;infeasible;infeasible;infeasible;infeasible;infeasible;infeasible;infeasible;infeasible;infeasible;infeasible,0;0;0;0;0;0;0;0;0;0;0;0,infeasible;infeasible;infeasible;infeasible;infeasible;infeasible;infeasible;infeasible;infeasible;infeasible;infeasible;infeasible,infeasible;infeasible;infeasible;infeasible;infeasible;infeasible;infeasible;infeasible;infeasible;infeasible;infeasible;infeasible,0;1;2;3;4;5;6;7;8;9;10;11,STRUCTURAL_ZERO;STRUCTURAL_ZERO;STRUCTURAL_ZERO;STRUCTURAL_ZERO;STRUCTURAL_ZERO;STRUCTURAL_ZERO;STRUCTURAL_ZERO;STRUCTURAL_ZERO;STRUCTURAL_ZERO;STRUCTURAL_ZERO;STRUCTURAL_ZERO;STRUCTURAL_ZERO,12,0,0,,OK
red2_6800:793,,infeasible;infeasible;infeasible;infeasible;infeasible;infeasible;infeasible;infeasible;infeasible;infeasible;infeasible;infeasible,0;0;0;0;0;0;0;0;0;0;0;0,infeasible;infeasible;infeasible;infeasible;infeasible;infeasible;infeasible;infeasible;infeasible;infeasible;infeasible;infeasible,infeasible;infeasible;infeasible;infeasible;infeasible;infeasible;infeasible;infeasible;infeasible;infeasible;infeasible;infeasible,0;1;2;3;4;5;6;7;8;9;10;11,STRUCTURAL_ZERO;STRUCTURAL_ZERO;STRUCTURAL_ZERO;STRUCTURAL_ZERO;STRUCTURAL_ZERO;STRUCTURAL_ZERO;STRUCTURAL_ZERO;STRUCTURAL_ZERO;STRUCTURAL_ZERO;STRUCTURAL_ZERO;STRUCTURAL_ZERO;STRUCTURAL_ZERO,12,0,0,,OK
red2_6800:794,,infeasible;infeasible;infeasible;infeasible;infeasible;infeasible;infeasible;infeasible;infeasible;infeasible;infeasible;infeasible,0;0;0;0;0;0;0;0;0;0;0;0,infeasible;infeasible;infeasible;infeasible;infeasible;infeasible;infeasible;infeasible;infeasible;infeasible;infeasible;infeasible,infeasible;infeasible;infeasible;infeasible;infeasible;infeasible;infeasible;infeasible;infeasible;infeasible;infeasible;infeasible,0;1;2;3;4;5;6;7;8;9;10;11,STRUCTURAL_ZERO;STRUCTURAL_ZERO;STRUCTURAL_ZERO;STRUCTURAL_ZERO;STRUCTURAL_ZERO;STRUCTURAL_ZERO;STRUCTURAL_ZERO;STRUCTURAL_ZERO;STRUCTURAL_ZERO;STRUCTURAL_ZERO;STRUCTURAL_ZERO;STRUCTURAL_ZERO,12,0,0,,OK
red2_6800:795,,infeasible;infeasible;infeasible;infeasible;infeasible;infeasible;infeasible;infeasible;infeasible;infeasible;infeasible;infeasible,0;0;0;0;0;0;0;0;0;0;0;0,infeasible;infeasible;infeasible;infeasible;infeasible;infeasible;infeasible;infeasible;infeasible;infeasible;infeasible;infeasible,infeasible;infeasible;infeasible;infeasible;infeasible;infeasible;infeasible;infeasible;infeasible;infeasible;infeasible;infeasible,0;1;2;3;4;5;6;7;8;9;10;11,STRUCTURAL_ZERO;STRUCTURAL_ZERO;STRUCTURAL_ZERO;STRUCTURAL_ZERO;STRUCTURAL_ZERO;STRUCTURAL_ZERO;STRUCTURAL_ZERO;STRUCTURAL_ZERO;STRUCTURAL_ZERO;STRUCTURAL_ZERO;STRUCTURAL_ZERO;STRUCTURAL_ZERO,12,0,0,,OK
red2_6800:796,,infeasible;infeasible;infeasible;infeasible;infeasible;infeasible;infeasible;infeasible;infeasible;infeasible;infeasible;infeasible,0;0;0;0;0;0;0;0;0;0;0;0,infeasible;infeasible;infeasible;infeasible;infeasible;infeasible;infeasible;infeasible;infeasible;infeasible;infeasible;infeasible,infeasible;infeasible;infeasible;infeasible;infeasible;infeasible;infeasible;infeasible;infeasible;infeasible;infeasible;infeasible,0;1;2;3;4;5;6;7;8;9;10;11,STRUCTURAL_ZERO;STRUCTURAL_ZERO;STRUCTURAL_ZERO;STRUCTURAL_ZERO;STRUCTURAL_ZERO;STRUCTURAL_ZERO;STRUCTURAL_ZERO;STRUCTURAL_ZERO;STRUCTURAL_ZERO;STRUCTURAL_ZERO;STRUCTURAL_ZERO;STRUCTURAL_ZERO,12,0,0,,OK
red2_6800:797,,infeasible;infeasible;infeasible;infeasible;infeasible;infeasible;infeasible;infeasible;infeasible;infeasible;infeasible;infeasible,0;0;0;0;0;0;0;0;0;0;0;0,infeasible;infeasible;infeasible;infeasible;infeasible;infeasible;infeasible;infeasible;infeasible;infeasible;infeasible;infeasible,infeasible;infeasible;infeasible;infeasible;infeasible;infeasible;infeasible;infeasible;infeasible;infeasible;infeasible;infeasible,0;1;2;3;4;5;6;7;8;9;10;11,STRUCTURAL_ZERO;STRUCTURAL_ZERO;STRUCTURAL_ZERO;STRUCTURAL_ZERO;STRUCTURAL_ZERO;STRUCTURAL_ZERO;STRUCTURAL_ZERO;STRUCTURAL_ZERO;STRUCTURAL_ZERO;STRUCTURAL_ZERO;STRUCTURAL_ZERO;STRUCTURAL_ZERO,12,0,0,,OK
red2_6800:798,,infeasible;infeasible;infeasible;infeasible;infeasible;infeasible;infeasible;infeasible;infeasible;infeasible;infeasible;infeasible,0;0;0;0;0;0;0;0;0;0;0;0,infeasible;infeasible;infeasible;infeasible;infeasible;infeasible;infeasible;infeasible;infeasible;infeasible;infeasible;infeasible,infeasible;infeasible;infeasible;infeasible;infeasible;infeasible;infeasible;infeasible;infeasible;infeasible;infeasible;infeasible,0;1;2;3;4;5;6;7;8;9;10;11,STRUCTURAL_ZERO;STRUCTURAL_ZERO;STRUCTURAL_ZERO;STRUCTURAL_ZERO;STRUCTURAL_ZERO;STRUCTURAL_ZERO;STRUCTURAL_ZERO;STRUCTURAL_ZERO;STRUCTURAL_ZERO;STRUCTURAL_ZERO;STRUCTURAL_ZERO;STRUCTURAL_ZERO,12,0,0,,OK
red2_6800:799,,infeasible;infeasible;infeasible;infeasible;infeasible;infeasible;infeasible;infeasible;infeasible;infeasible;infeasible;infeasible,0;0;0;0;0;0;0;0;0;0;0;0,infeasible;infeasible;infeasible;infeasible;infeasible;infeasible;infeasible;infeasible;infeasible;infeasible;infeasible;infeasible,infeasible;infeasible;infeasible;infeasible;infeasible;infeasible;infeasible;infeasible;infeasible;infeasible;infeasible;infeasible,0;1;2;3;4;5;6;7;8;9;10;11,STRUCTURAL_ZERO;STRUCTURAL_ZERO;STRUCTURAL_ZERO;STRUCTURAL_ZERO;STRUCTURAL_ZERO;STRUCTURAL_ZERO;STRUCTURAL_ZERO;STRUCTURAL_ZERO;STRUCTURAL_ZERO;STRUCTURAL_ZERO;STRUCTURAL_ZERO;STRUCTURAL_ZERO,12,0,0,,OK
P12:worst(b5),,optimal;optimal;optimal;optimal;optimal;optimal;optimal;optimal;optimal;optimal;optimal;optimal,0.2307;0.4808;0.7668;0.86;0.9701;0.9427;0.6991;0.001336;0.0006723;0.0005955;0.0002535;4.707e-05,,,,,0,0,0,,OK
P12:B(b3),,infeasible;infeasible;infeasible;infeasible;infeasible;infeasible;infeasible;infeasible;infeasible;infeasible;infeasible;optimal,0;0;0;0;0;0;0;0;0;0;0;0.0001,infeasible;infeasible;infeasible;infeasible;infeasible;infeasible;infeasible;infeasible;infeasible;infeasible;infeasible;optimal,infeasible;infeasible;infeasible;infeasible;infeasible;infeasible;infeasible;infeasible;infeasible;infeasible;infeasible;optimal,0;1;2;3;4;5;6;7;8;9;10,STRUCTURAL_ZERO;STRUCTURAL_ZERO;STRUCTURAL_ZERO;STRUCTURAL_ZERO;STRUCTURAL_ZERO;STRUCTURAL_ZERO;STRUCTURAL_ZERO;STRUCTURAL_ZERO;STRUCTURAL_ZERO;STRUCTURAL_ZERO;STRUCTURAL_ZERO,11,0,0,,OK
"P12:big(b6,n=2)",,optimal;optimal;optimal;optimal;optimal;optimal;optimal;optimal;optimal;optimal;optimal;optimal,0.1411;0.4215;0.7833;0.9204;1.108;1.282;1.257;0.9548;0.001835;0.0007773;0.0006984;0.0002377,,,,,0,0,0,,OK
P12:Bstar(b8),,optimal;optimal;optimal;optimal;optimal;optimal;optimal;optimal;optimal;optimal;optimal;optimal,0.0001;0.0942;0.5339;0.7989;1.182;1.542;1.633;1.714;1.668;1.265;0.4355;0.001829,,,,,0,0,0,,OK
P12:P4(b13),,optimal;optimal;optimal;optimal;optimal;optimal;optimal;optimal;optimal;optimal;optimal;optimal,0.01583;0.1331;0.5455;0.8191;1.197;1.518;1.592;1.669;1.645;1.446;0.412;0.001069,,,,,0,0,0,,OK
P12:p81(b7),,optimal;optimal;optimal;optimal;optimal;optimal;optimal;optimal;optimal;optimal;optimal;optimal,9.957e-05;0.08638;0.5065;0.7698;1.19;1.583;1.672;1.746;1.696;1.313;0.4309;0.002046,,,,,0,0,0,,OK
P12:A(b20),,optimal;optimal;optimal;optimal;optimal;optimal;optimal;optimal;optimal;optimal;optimal;optimal,0.0001;0.1241;0.5043;0.7448;1.19;1.592;1.689;1.745;1.695;1.271;0.4017;0.0009035,,,,,0,0,0,,OK
"P12:big(b9,n=3)",,optimal;optimal;optimal;optimal;optimal;optimal;optimal;optimal;optimal;optimal;optimal;optimal,0.09326;0.1107;0.4419;0.7974;1.281;1.564;1.608;1.638;1.594;1.405;0.4442;0.001438,,,,,0,0,0,,OK
P12:p50(b19),,optimal;optimal;optimal;optimal;optimal;optimal;optimal;optimal;optimal;optimal;optimal;optimal,0.04082;0.1937;0.5689;0.7858;1.15;1.541;1.629;1.714;1.669;1.421;0.4219;0.0007292,,,,,0,0,0,,OK
P12:p38(b22),,optimal;optimal;optimal;optimal;optimal;optimal;optimal;optimal;optimal;optimal;optimal;optimal,0.0001;0.1243;0.4995;0.7368;1.169;1.564;1.661;1.713;1.663;1.211;0.4334;0.0008725,,,,,0,0,0,,OK
"P12:big(b10,n=64)",,optimal;optimal;optimal;optimal;optimal;optimal;optimal;optimal;optimal;optimal;optimal;optimal,0.01444;0.1075;0.5537;0.8327;1.178;1.508;1.581;1.65;1.631;1.447;0.4419;0.001359,,,,,0,0,0,,OK
P12:p83(b21),,optimal;optimal;optimal;optimal;optimal;optimal;optimal;optimal;optimal;optimal;optimal;optimal,0.02585;0.16;0.5511;0.7843;1.172;1.55;1.638;1.734;1.69;1.36;0.4061;0.000841,,,,,0,0,0,,OK
