label,saved_logl,f_metab_saved,old,old_fm_0.15,old_fm_0.28,old_fm_0.45,removal,max_abs_diff,vs_saved,status
D44:baseline_start,-17.972547016139384,0.2994418428949389,-17.972547016139384,-17.972547016144528,-17.972547016147125,-17.97254701613435,-17.972547016139828,1.2775558388966601e-11,0.0,OK
D44:dTopt_minus_0.02,-17.954337363063953,0.2994418428949389,-17.954337363226422,-17.954337363483297,-17.9543373632784,-17.954337363049266,-17.95433736292127,5.620286458452028e-10,1.624691492452257e-10,OK
D44:dTopt_plus_0.02,-17.992567854144635,0.2994418428949389,-17.992567854138287,-17.992567854147126,-17.99256785414122,-17.99256785414316,-17.992567854142905,8.839151632855646e-12,6.348699344016495e-12,OK
D44:dTopt_minus_0.04,-17.9368971356722,0.2994418428949389,-17.93689713580249,-17.936897135620512,-17.936897135897897,-17.936897135764784,-17.93689713556864,3.292583983238728e-10,1.3028866874265077e-10,OK
D44:dTopt_plus_0.04,-18.01395872488564,0.2994418428949389,-18.013958724907457,-18.01395872490347,-18.013958724901855,-18.013958724905883,-18.013958724904,5.60262947146839e-12,2.1817214701513876e-11,OK
D44:topt_scale_minus_0.02,-17.953799276216955,0.2994418428949389,-17.95379927620617,-17.953799276205473,-17.953799276199813,-17.953799276208308,-17.953799276207164,8.494538406011998e-12,1.0786038728838321e-11,OK
D44:topt_scale_plus_0.02,-17.99274226463178,0.2994418428949389,-17.99274226462619,-17.992742264635012,-17.992742264633385,-17.992742264641095,-17.992742264639155,1.49036338825681e-11,5.588418616753188e-12,OK
D44:topt_scale_minus_0.04,-17.95836415884591,0.2994418428949389,-17.95836415882852,-17.958364158857112,-17.95836415885254,-17.95836415883681,-17.958364158849882,2.859223968698643e-11,1.7390533457728452e-11,OK
D44:topt_scale_plus_0.04,-18.080482867692645,0.2994418428949389,-18.080482867944404,-18.080482866973103,-18.080482866230636,-18.080482867754377,-18.08048286805392,1.8232846343835263e-09,2.517595021345187e-10,OK
D44:dCp_scale_minus_0.02,-18.008383917411866,0.2994418428949389,-18.00838391741726,-18.008383917405187,-18.008383917417703,-18.00838391740161,-18.008383917408732,1.609379296496627e-11,5.3930193644191604e-12,OK
D44:dCp_scale_plus_0.02,-17.969281099906055,0.2994418428949389,-17.96928109993136,-17.9692810998657,-17.969281100017746,-17.96928109983651,-17.96928109981728,2.0046542203999707e-10,2.5305979534095968e-11,OK
D44:dCp_scale_minus_0.04,-18.021659082487822,0.2994418428949389,-18.02165908248609,-18.021659082490746,-18.021659082487865,-18.021659082490196,-18.021659082490068,4.657607632907457e-12,1.7337242752546445e-12,OK
D44:dCp_scale_plus_0.04,-18.0146382923871,0.2994418428949389,-18.014638292360402,-18.014638292414624,-18.014638292363134,-18.01463829232792,-18.0146382923571,8.670397733112623e-11,2.6698643296185764e-11,OK
D44:tm_scale_minus_0.02,-17.987710712453566,0.2994418428949389,-17.98771071244297,-17.987710712443665,-17.987710712443253,-17.987710712451413,-17.987710712456895,1.3926637620897964e-11,1.0597744903861894e-11,OK
D44:tm_scale_plus_0.02,-17.958711722745377,0.2994418428949389,-17.958711723106475,-17.958711722408925,-17.95871172317838,-17.958711722810165,-17.95871172301867,7.694538339819701e-10,3.610978183132829e-10,OK
D44:tm_scale_minus_0.04,-18.00289366641997,0.2994418428949389,-18.002893666411246,-18.002893666408042,-18.002893666408987,-18.002893666416526,-18.002893666415524,8.483880264975596e-12,8.72191208145523e-12,OK
D44:tm_scale_plus_0.04,-17.9444623294775,0.2994418428949389,-17.94446232960269,-17.94446232937519,-17.944462329507253,-17.944462329304333,-17.944462329415288,2.9835689474566607e-10,1.2519052461357205e-10,OK
D44:kcat_scale_minus_0.02,-18.01316742110562,0.2994418428949389,-18.013167421120166,-18.01316742112415,-18.01316742110623,-18.013167421130696,-18.013167421120976,2.446753910589905e-11,1.454480980100925e-11,OK
D44:kcat_scale_plus_0.02,-17.93850133720593,0.2994418428949389,-17.938501337209367,-17.938501337209452,-17.93850133720159,-17.938501337214664,-17.93850133719547,1.9195312006559107e-11,3.4354741274000844e-12,OK
D44:kcat_scale_minus_0.04,-18.066982036631494,0.2994418428949389,-18.06698203666556,-18.066982036646372,-18.066982036676198,-18.06698203665756,-18.066982036659624,2.9825031333530205e-11,3.4066971466018003e-11,OK
D44:kcat_scale_plus_0.04,-17.914602962425498,0.2994418428949389,-17.914602962430568,-17.91460296242637,-17.914602962412435,-17.9146029624306,-17.914602962432056,1.9621637648015167e-11,5.069722419648315e-12,OK
D44:kappa_scale_minus_0.02,-17.972547016144894,0.2994418428949389,-17.972547016139877,-17.972547016140304,-17.972547016140172,-17.972547016154213,-17.972547016139675,1.453770437365165e-11,5.016431714466307e-12,OK
D44:kappa_scale_plus_0.02,-17.972547016145274,0.2994418428949389,-17.972547016156785,-17.97254701614633,-17.972547016148585,-17.972547016144844,-17.972547016120696,3.608846554925549e-11,1.1510792319313623e-11,OK
D44:kappa_scale_minus_0.04,-17.972547016141245,0.2994418428949389,-17.972547016148315,-17.972547016139995,-17.97254701615097,-17.9725470161391,-17.972547016135444,1.552535877635819e-11,7.069900220812997e-12,OK
D44:kappa_scale_plus_0.04,-17.972547016139124,0.2994418428949389,-17.972547016145107,-17.972547016142784,-17.97254701614515,-17.972547016144073,-17.972547016127262,1.7887913372760522e-11,5.9827698351000436e-12,OK
D44:sigma_minus_0.02,-18.15648515137415,0.2994418428949389,-18.156485151379126,-18.15648515137619,-18.15648515137614,-18.15648515137489,-18.156485151372323,6.803446694902959e-12,4.977351863999502e-12,OK
D44:sigma_plus_0.02,-17.78764167166316,0.2994418428949389,-17.787641671656832,-17.78764167165299,-17.787641671662026,-17.787641671654363,-17.787641671668307,1.531574866930896e-11,6.327383061943692e-12,OK
D44:sigma_minus_0.04,-18.31565720622207,0.2994418428949389,-18.315657206211668,-18.31565720621418,-18.315657206206016,-18.31565720620749,-18.315657206214134,8.164136033883551e-12,1.0402345651527867e-11,OK
D44:sigma_plus_0.04,-17.59854985505098,0.2994418428949389,-17.598549855060266,-17.598549855074076,-17.598549855063872,-17.598549855060796,-17.5985498550642,1.3809398069497547e-11,9.28679355638451e-12,OK
D44:f_maint_minus_0.02,-17.95823185776294,0.2994418428949389,-17.95823185776679,-17.95823185777263,-17.958231857776564,-17.958231857768418,-17.958231857772883,9.773515330380178e-12,3.851141627819743e-12,OK
D44:f_maint_plus_0.02,-17.98686019070633,0.2994418428949389,-17.986860190701123,-17.986860190726087,-17.986860190712346,-17.986860190707862,-17.98686019070847,2.496491902093112e-11,5.208278253121534e-12,OK
D44:f_maint_minus_0.04,-17.943912825429006,0.2994418428949389,-17.94391282541722,-17.94391282541982,-17.94391282542238,-17.94391282541438,-17.943912825420814,8.000711204658728e-12,1.1784351272581262e-11,OK
D44:f_maint_plus_0.04,-18.001173261954058,0.2994418428949389,-18.001173261969416,-18.00117326195813,-18.001173261957018,-18.001173261961732,-18.001173261964635,1.2398970739013748e-11,1.5358381233454566e-11,OK
D44:ngam_scale_minus_0.02,-17.970505522878273,0.2994418428949389,-17.97050552287878,-17.970505522869434,-17.97050552286889,-17.97050552287498,-17.97050552288224,1.3351098004932282e-11,5.080380560684716e-13,OK
D44:ngam_scale_plus_0.02,-17.974603620678245,0.2994418428949389,-17.974603620678003,-17.974603620674152,-17.974603620679954,-17.974603620681783,-17.97460362067511,7.631228982063476e-12,2.4158453015843406e-13,OK
D44:ngam_scale_minus_0.04,-17.968478921869313,0.2994418428949389,-17.96847892187107,-17.968478921882358,-17.968478921876287,-17.968478921862896,-17.968478921864037,1.9461765532469144e-11,1.758593271006248e-12,OK
D44:ngam_scale_plus_0.04,-17.976675559976414,0.2994418428949389,-17.97667555997682,-17.976675559970893,-17.976675559975593,-17.976675559965194,-17.976675559973533,1.1624479157035239e-11,4.050093593832571e-13,OK
D44:ngam_steepness_minus_0.02,-17.971617087712023,0.2994418428949389,-17.97161708771656,-17.971617087715522,-17.971617087724077,-17.971617087715163,-17.971617087717753,8.913758620110457e-12,4.53681536782824e-12,OK
D44:ngam_steepness_plus_0.02,-17.97347309063084,0.2994418428949389,-17.97347309062256,-17.973473090620313,-17.97347309062271,-17.973473090617954,-17.973473090630307,1.2352785461189342e-11,8.281375585283968e-12,OK
D44:ngam_steepness_minus_0.04,-17.970683106730945,0.2994418428949389,-17.970683106734242,-17.97068310672689,-17.97068310672643,-17.970683106731876,-17.970683106720497,1.3745449223279138e-11,3.296918293926865e-12,OK
D44:ngam_steepness_plus_0.04,-17.974395501983928,0.2994418428949389,-17.97439550198605,-17.974395501980933,-17.974395501971678,-17.974395501973845,-17.974395501963215,2.283329081365082e-11,2.120970066243899e-12,OK
D44:clearance_mult_minus_0.02,-17.990984406845058,0.2994418428949389,-17.99098440684604,-17.99098440682998,-17.990984406832528,-17.99098440682639,-17.990984406839083,1.965005935744557e-11,9.805489753489383e-13,OK
D44:clearance_mult_plus_0.02,-17.955091276528595,0.2994418428949389,-17.955091276499488,-17.955091276498553,-17.95509127649818,-17.955091276497473,-17.955091276502344,4.870770453635487e-12,2.9107383170412504e-11,OK
D44:clearance_mult_minus_0.04,-18.0112188942791,0.2994418428949389,-18.011218894272563,-18.011218894277654,-18.01121889427615,-18.01121889427273,-18.011218894268687,8.967049325292464e-12,6.536993168992922e-12,OK
D44:clearance_mult_plus_0.04,-17.93824832708206,0.2994418428949389,-17.938248327101427,-17.938248327114955,-17.93824832711539,-17.93824832710624,-17.938248327106564,1.3962164757685969e-11,1.936584226314153e-11,OK
D44:resp_scale_minus_0.02,-17.98982188085161,0.2994418428949389,-17.989821880881248,-17.989821880863246,-17.989821880890872,-17.989821880854933,-17.989821880855143,3.593925157474587e-11,2.963673750855378e-11,OK
D44:resp_scale_plus_0.02,-17.955374771020285,0.2994418428949389,-17.955374771009826,-17.95537477100929,-17.95537477101875,-17.955374771015858,-17.95537477099063,2.8119728767705965e-11,1.0459189070388675e-11,OK
D44:resp_scale_minus_0.04,-18.007197691920087,0.2994418428949389,-18.00719769192136,-18.007197691921863,-18.007197691921032,-18.00719769191678,-18.00719769191424,7.624123554705875e-12,1.2718714970105793e-12,OK
D44:resp_scale_plus_0.04,-17.938306877693414,0.2994418428949389,-17.938306877703212,-17.93830687769087,-17.938306877689488,-17.93830687769226,-17.93830687769839,1.3724132941206335e-11,9.798384326131782e-12,OK
D44:disc_resp_minus_0.02,-17.971655148917833,0.2994418428949389,-17.971655148913992,-17.971655148904745,-17.97165514890809,-17.971655148897803,-17.97165514890537,1.6189716234293883e-11,3.8404834867833415e-12,OK
D44:disc_resp_plus_0.02,-17.973446091510244,0.2994418428949389,-17.97344609152078,-17.97344609152256,-17.97344609151172,-17.973446091522998,-17.973446091522764,1.127986593019159e-11,1.0537348771322286e-11,OK
D44:disc_resp_minus_0.04,-17.97077046712101,0.2994418428949389,-17.97077046712041,-17.97077046711475,-17.970770467123607,-17.970770467117013,-17.970770467110157,1.3450573987938697e-11,6.004086117172847e-13,OK
D44:disc_resp_plus_0.04,-17.974352397978503,0.2994418428949389,-17.974352397976403,-17.9743523979806,-17.97435239797696,-17.974352397975206,-17.974352397985683,1.0476952638782677e-11,2.099653784171096e-12,OK
D44:disc_growth_minus_0.02,-17.98645200632964,0.2994418428949389,-17.986452006333543,-17.98645200634915,-17.986452006334265,-17.986452006330286,-17.98645200632904,2.0111912135689636e-11,3.9044323330017505e-12,OK
D44:disc_growth_plus_0.02,-17.958826287442527,0.2994418428949389,-17.958826287431116,-17.958826287429222,-17.95882628743938,-17.95882628743052,-17.958826287437745,1.0157208407690632e-11,1.1411316336307209e-11,OK
D44:disc_growth_minus_0.04,-18.00054254424868,0.2994418428949389,-18.00054254424515,-18.000542544247473,-18.000542544247935,-18.000542544243746,-18.00054254425045,6.703970711896545e-12,3.531397396727698e-12,OK
D44:disc_growth_plus_0.04,-17.94528854302311,0.2994418428949389,-17.945288543026514,-17.945288543025892,-17.945288543022826,-17.945288543019327,-17.94528854302586,7.187139772213413e-12,3.40349970429088e-12,OK
D44:baseline_end,-17.97254701613864,0.2994418428949389,-17.972547016133706,-17.97254701614321,-17.972547016148795,-17.97254701614825,-17.97254701614826,1.5088374993865727e-11,4.934719299853896e-12,OK
red2_6800:0,-18.454261591456717,0.28255794464499023,-18.454261591444922,-18.454261591442442,-18.454261591443355,-18.454261591473138,-18.4542615914345,3.863931397063425e-11,1.1795009413617663e-11,OK
red2_6800:1,-18.68327155350355,0.26459075026669754,-18.68327155350355,-18.68327155350355,-18.68327155350355,-18.68327155350355,-18.68327155350355,0.0,0.0,OK
red2_6800:2,-18.754764364916205,0.29265816983216825,-18.75476435751183,-18.75476436310077,-18.75476436487249,-18.754764360912315,-18.754764355709654,9.162835823417481e-09,7.404374002817349e-09,OK
red2_6800:3,-18.733816618600454,0.28498142423951867,-18.733816618600454,-18.733816618600454,-18.733816618600454,-18.733816618600454,-18.733816618600454,0.0,0.0,OK
red2_6800:4,-18.71706220448176,0.2460906841530232,-18.71706220448176,-18.71706220448176,-18.71706220448176,-18.71706220448176,-18.71706220448176,0.0,0.0,OK
red2_6800:5,-18.69656176383454,0.25913952764336506,-18.69656176383454,-18.69656176383454,-18.69656176383454,-18.69656176383454,-18.69656176383454,0.0,0.0,OK
red2_6800:6,-18.690446954168795,0.28980442259915656,-18.690446954168795,-18.690446954168795,-18.690446954168795,-18.690446954168795,-18.690446954168795,0.0,0.0,OK
red2_6800:7,-18.6999961844217,0.28026573427516277,-18.6999961844217,-18.6999961844217,-18.6999961844217,-18.6999961844217,-18.6999961844217,0.0,0.0,OK
red2_6800:8,-18.702760506635258,0.28697722314607343,-18.702760506635258,-18.702760506635258,-18.702760506635258,-18.702760506635258,-18.702760506635258,0.0,0.0,OK
red2_6800:9,-18.733848618855216,0.24227718590352237,-18.733848618855216,-18.733848618855216,-18.733848618855216,-18.733848618855216,-18.733848618855216,0.0,0.0,OK
red2_6800:10,-18.68584986109803,0.3071778567121903,-18.68584986109803,-18.68584986109803,-18.68584986109803,-18.68584986109803,-18.68584986109803,0.0,0.0,OK
red2_6800:11,-18.713952234922427,0.20399189635969378,-18.713952234922427,-18.713952234922427,-18.713952234922427,-18.713952234922427,-18.713952234922427,0.0,0.0,OK
red2_6800:12,-18.74796065265794,0.3321196032700243,-18.74796065265794,-18.74796065265794,-18.74796065265794,-18.74796065265794,-18.74796065265794,0.0,0.0,OK
red2_6800:13,-18.683030813590545,0.27545587850385855,-18.683030813590545,-18.683030813590545,-18.683030813590545,-18.683030813590545,-18.683030813590545,0.0,0.0,OK
red2_6800:14,-18.7720566452104,0.22255013604079024,-18.7720566452104,-18.7720566452104,-18.7720566452104,-18.7720566452104,-18.7720566452104,0.0,0.0,OK
red2_6800:15,-18.761400086883455,0.2604760579963103,-18.761400086883455,-18.761400086883455,-18.761400086883455,-18.761400086883455,-18.761400086883455,0.0,0.0,OK
red2_6800:16,-18.766302251263944,0.2722935536268392,-18.766302251263944,-18.766302251263944,-18.766302251263944,-18.766302251263944,-18.766302251263944,0.0,0.0,OK
red2_6800:17,-18.69299295303418,0.24595139925390466,-18.69299295303418,-18.69299295303418,-18.69299295303418,-18.69299295303418,-18.69299295303418,0.0,0.0,OK
red2_6800:18,-18.71585967770825,0.2676397394440624,-18.71585967770825,-18.71585967770825,-18.71585967770825,-18.71585967770825,-18.71585967770825,0.0,0.0,OK
red2_6800:19,-18.68684222598915,0.2832554807567625,-18.68684222598915,-18.68684222598915,-18.68684222598915,-18.68684222598915,-18.68684222598915,0.0,0.0,OK
red2_6800:20,-18.695911738434376,0.2775197407262759,-18.695911738434376,-18.695911738434376,-18.695911738434376,-18.695911738434376,-18.695911738434376,0.0,0.0,OK
red2_6800:21,-18.692965648485213,0.2805730075080701,-18.692965648485213,-18.692965648485213,-18.692965648485213,-18.692965648485213,-18.692965648485213,0.0,0.0,OK
red2_6800:22,-18.731196950270434,0.256318511406037,-18.731196950270434,-18.731196950270434,-18.731196950270434,-18.731196950270434,-18.731196950270434,0.0,0.0,OK
red2_6800:23,-18.68804502233789,0.27633284344243275,-18.68804502233789,-18.68804502233789,-18.68804502233789,-18.68804502233789,-18.68804502233789,0.0,0.0,OK
red2_6800:24,-18.696943378805774,0.2532385046436263,-18.696943378805774,-18.696943378805774,-18.696943378805774,-18.696943378805774,-18.696943378805774,0.0,0.0,OK
red2_6800:25,-18.720108678752098,0.2824448772227981,-18.720108678752098,-18.720108678752098,-18.720108678752098,-18.720108678752098,-18.720108678752098,0.0,0.0,OK
red2_6800:26,-18.68359786702798,0.3130920669837432,-18.68359786702798,-18.68359786702798,-18.68359786702798,-18.68359786702798,-18.68359786702798,0.0,0.0,OK
red2_6800:27,-18.706419307594903,0.28268683868697214,-18.706419307594903,-18.706419307594903,-18.706419307594903,-18.706419307594903,-18.706419307594903,0.0,0.0,OK
red2_6800:28,-18.68453859039058,0.22778385081250763,-18.68453859039058,-18.68453859039058,-18.68453859039058,-18.68453859039058,-18.68453859039058,0.0,0.0,OK
red2_6800:29,-18.733351945438603,0.3020599615223111,-18.733351945438603,-18.733351945438603,-18.733351945438603,-18.733351945438603,-18.733351945438603,0.0,0.0,OK
red2_6800:30,-18.744266204575705,0.3136944557558432,-18.744266204575705,-18.744266204575705,-18.744266204575705,-18.744266204575705,-18.744266204575705,0.0,0.0,OK
red2_6800:31,-18.737629561139155,0.26542981619530187,-18.737629561139155,-18.737629561139155,-18.737629561139155,-18.737629561139155,-18.737629561139155,0.0,0.0,OK
red2_6800:32,-18.683964527688644,0.3001400143667185,-18.683964527688644,-18.683964527688644,-18.683964527688644,-18.683964527688644,-18.683964527688644,0.0,0.0,OK
red2_6800:33,-18.76369848511453,0.2751036299621323,-18.76369848511453,-18.76369848511453,-18.76369848511453,-18.76369848511453,-18.76369848511453,0.0,0.0,OK
red2_6800:34,-18.733134779683006,0.279018660916213,-18.733134779683006,-18.733134779683006,-18.733134779683006,-18.733134779683006,-18.733134779683006,0.0,0.0,OK
red2_6800:35,-18.704783426948858,0.31944266922200937,-18.704783426948858,-18.704783426948858,-18.704783426948858,-18.704783426948858,-18.704783426948858,0.0,0.0,OK
red2_6800:36,-18.730805115578452,0.3195081564724477,-18.730805115578452,-18.730805115578452,-18.730805115578452,-18.730805115578452,-18.730805115578452,0.0,0.0,OK
red2_6800:37,-18.683048507129577,0.2862819849223289,-18.683048507129577,-18.683048507129577,-18.683048507129577,-18.683048507129577,-18.683048507129577,0.0,0.0,OK
red2_6800:38,-18.690157391321577,0.3175984191417325,-18.690157391321577,-18.690157391321577,-18.690157391321577,-18.690157391321577,-18.690157391321577,0.0,0.0,OK
red2_6800:39,-18.69340656087137,0.30730366783166757,-18.69340656087137,-18.69340656087137,-18.69340656087137,-18.69340656087137,-18.69340656087137,0.0,0.0,OK
red2_6800:40,-18.697725534980492,0.2347587249998523,-18.697725534980492,-18.697725534980492,-18.697725534980492,-18.697725534980492,-18.697725534980492,0.0,0.0,OK
red2_6800:41,-18.739805978607418,0.21461356151692562,-18.739805978607418,-18.739805978607418,-18.739805978607418,-18.739805978607418,-18.739805978607418,0.0,0.0,OK
red2_6800:42,-18.68322067325455,0.28208021060469307,-18.68322067325455,-18.68322067325455,-18.68322067325455,-18.68322067325455,-18.68322067325455,0.0,0.0,OK
red2_6800:43,-18.68251309259389,0.2920221830546074,-18.68251309259389,-18.68251309259389,-18.68251309259389,-18.68251309259389,-18.68251309259389,0.0,0.0,OK
red2_6800:44,-18.74705363560152,0.2852441794814559,-18.74705363560152,-18.74705363560152,-18.74705363560152,-18.74705363560152,-18.74705363560152,0.0,0.0,OK
red2_6800:45,-18.705078200896786,0.2942876374304064,-18.705078200896786,-18.705078200896786,-18.705078200896786,-18.705078200896786,-18.705078200896786,0.0,0.0,OK
red2_6800:46,-18.690490601889117,0.2508224982429014,-18.690490601889117,-18.690490601889117,-18.690490601889117,-18.690490601889117,-18.690490601889117,0.0,0.0,OK
red2_6800:47,-18.68724324460628,0.26969947491664953,-18.68724324460628,-18.68724324460628,-18.68724324460628,-18.68724324460628,-18.68724324460628,0.0,0.0,OK
red2_6800:48,-18.713929623771776,0.3186832309923725,-18.713929623771776,-18.713929623771776,-18.713929623771776,-18.713929623771776,-18.713929623771776,0.0,0.0,OK
red2_6800:49,-18.68479419994514,0.3136752299118945,-18.68479419994514,-18.68479419994514,-18.68479419994514,-18.68479419994514,-18.68479419994514,0.0,0.0,OK
red2_6800:50,-18.699133324369832,0.27972661497529533,-18.699133324369832,-18.699133324369832,-18.699133324369832,-18.699133324369832,-18.699133324369832,0.0,0.0,OK
red2_6800:51,-18.690849156633856,0.28071108096094977,-18.690849156633856,-18.690849156633856,-18.690849156633856,-18.690849156633856,-18.690849156633856,0.0,0.0,OK
red2_6800:52,-18.737772087483187,0.2541995765840734,-18.737772087483187,-18.737772087483187,-18.737772087483187,-18.737772087483187,-18.737772087483187,0.0,0.0,OK
red2_6800:53,-18.684992596230593,0.25948903987717176,-18.684992596230593,-18.684992596230593,-18.684992596230593,-18.684992596230593,-18.684992596230593,0.0,0.0,OK
red2_6800:54,-18.68253996087885,0.2527355823848887,-18.68253996087885,-18.68253996087885,-18.68253996087885,-18.68253996087885,-18.68253996087885,0.0,0.0,OK
red2_6800:55,-18.68250587546225,0.3108025608889059,-18.68250587546225,-18.68250587546225,-18.68250587546225,-18.68250587546225,-18.68250587546225,0.0,0.0,OK
red2_6800:56,-18.68525498202948,0.3108525285740816,-18.68525498202948,-18.68525498202948,-18.68525498202948,-18.68525498202948,-18.68525498202948,0.0,0.0,OK
red2_6800:57,-18.697222736530637,0.2931643702295666,-18.697222736530637,-18.697222736530637,-18.697222736530637,-18.697222736530637,-18.697222736530637,0.0,0.0,OK
red2_6800:58,-18.755396916725598,0.31900103728517687,-18.755396916725598,-18.755396916725598,-18.755396916725598,-18.755396916725598,-18.755396916725598,0.0,0.0,OK
red2_6800:59,-18.756018383699136,0.2921014653375318,-18.756018383699136,-18.756018383699136,-18.756018383699136,-18.756018383699136,-18.756018383699136,0.0,0.0,OK
red2_6800:60,-18.698388127651477,0.25102018596032855,-18.698388127651477,-18.698388127651477,-18.698388127651477,-18.698388127651477,-18.698388127651477,0.0,0.0,OK
red2_6800:61,-18.689323798409482,0.29904945167966973,-18.689323798409482,-18.689323798409482,-18.689323798409482,-18.689323798409482,-18.689323798409482,0.0,0.0,OK
red2_6800:62,-18.70909631251796,0.271370686577966,-18.70909631251796,-18.70909631251796,-18.70909631251796,-18.70909631251796,-18.70909631251796,0.0,0.0,OK
red2_6800:63,-18.766746653302867,0.2562887837439089,-18.766746653302867,-18.766746653302867,-18.766746653302867,-18.766746653302867,-18.766746653302867,0.0,0.0,OK
red2_6800:64,-18.69207717750181,0.261940130016375,-18.69207717750181,-18.69207717750181,-18.69207717750181,-18.69207717750181,-18.69207717750181,0.0,0.0,OK
red2_6800:65,-18.737424844937514,0.2921978451750959,-18.737424844937514,-18.737424844937514,-18.737424844937514,-18.737424844937514,-18.737424844937514,0.0,0.0,OK
red2_6800:66,-18.685667626040193,0.25714075378854584,-18.685667626040193,-18.685667626040193,-18.685667626040193,-18.685667626040193,-18.685667626040193,0.0,0.0,OK
red2_6800:67,-18.683065994257024,0.24994556234692655,-18.683065994257024,-18.683065994257024,-18.683065994257024,-18.683065994257024,-18.683065994257024,0.0,0.0,OK
red2_6800:68,-18.68318567898634,0.21095633141440012,-18.68318567898634,-18.68318567898634,-18.68318567898634,-18.68318567898634,-18.68318567898634,0.0,0.0,OK
red2_6800:69,-18.694439093147494,0.3127869654616139,-18.694439093147494,-18.694439093147494,-18.694439093147494,-18.694439093147494,-18.694439093147494,0.0,0.0,OK
red2_6800:70,-18.698305632886893,0.2803767171612732,-18.698305632886893,-18.698305632886893,-18.698305632886893,-18.698305632886893,-18.698305632886893,0.0,0.0,OK
red2_6800:71,-18.743518319481336,0.33849680209191146,-18.743518319481336,-18.743518319481336,-18.743518319481336,-18.743518319481336,-18.743518319481336,0.0,0.0,OK
red2_6800:72,-18.68561178381884,0.3142453183732766,-18.68561178381884,-18.68561178381884,-18.68561178381884,-18.68561178381884,-18.68561178381884,0.0,0.0,OK
red2_6800:73,-18.716288937939613,0.3038590134708067,-18.716288937939613,-18.716288937939613,-18.716288937939613,-18.716288937939613,-18.716288937939613,0.0,0.0,OK
red2_6800:74,-18.706869622989995,0.28022187223652867,-18.706869622989995,-18.706869622989995,-18.706869622989995,-18.706869622989995,-18.706869622989995,0.0,0.0,OK
red2_6800:75,-18.719668143829242,0.27151841577754904,-18.719668143829242,-18.719668143829242,-18.719668143829242,-18.719668143829242,-18.719668143829242,0.0,0.0,OK
red2_6800:76,-18.77067259239997,0.3230142956808527,-18.77067259239997,-18.77067259239997,-18.77067259239997,-18.77067259239997,-18.77067259239997,0.0,0.0,OK
red2_6800:77,-18.68255889608805,0.26944375686566735,-18.68255889608805,-18.68255889608805,-18.68255889608805,-18.68255889608805,-18.68255889608805,0.0,0.0,OK
red2_6800:78,-18.70545485986567,0.23983928343220387,-18.70545485986567,-18.70545485986567,-18.70545485986567,-18.70545485986567,-18.70545485986567,0.0,0.0,OK
red2_6800:79,-18.686818571383697,0.26221383787954583,-18.686818571383697,-18.686818571383697,-18.686818571383697,-18.686818571383697,-18.686818571383697,0.0,0.0,OK
red2_6800:80,-18.724510584886566,0.25399010200198346,-18.724510584886566,-18.724510584886566,-18.724510584886566,-18.724510584886566,-18.724510584886566,0.0,0.0,OK
red2_6800:81,-18.686688433722157,0.2753518768653512,-18.686688433722157,-18.686688433722157,-18.686688433722157,-18.686688433722157,-18.686688433722157,0.0,0.0,OK
red2_6800:82,-18.716974812669836,0.28401268934842233,-18.716974812669836,-18.716974812669836,-18.716974812669836,-18.716974812669836,-18.716974812669836,0.0,0.0,OK
red2_6800:83,-17.77741655849534,0.31990585615245987,-17.77741655849372,-17.777416558586896,-17.777416558578032,-17.77741655848421,-17.777416558484195,1.0270184702676488e-10,1.6200374375330284e-12,OK
red2_6800:84,-16.600197829963637,0.22039439543090045,-16.6001978301005,-16.60019783006311,-16.600197830243456,-16.600197830165335,-16.600197830236688,1.8034640447694983e-10,1.368647417621105e-10,OK
red2_6800:85,-18.750295240885123,0.30164598840340856,-18.750295240885123,-18.750295240885123,-18.750295240885123,-18.750295240885123,-18.750295240885123,0.0,0.0,OK
red2_6800:86,-18.756547678567603,0.2819522663092702,-18.756547678567603,-18.756547678567603,-18.756547678567603,-18.756547678567603,-18.756547678567603,0.0,0.0,OK
red2_6800:87,-18.726088906869094,0.2927828675531492,-18.726088906869094,-18.726088906869094,-18.726088906869094,-18.726088906869094,-18.726088906869094,0.0,0.0,OK
red2_6800:88,-18.694615757711844,0.3061144147331555,-18.694615757711844,-18.694615757711844,-18.694615757711844,-18.694615757711844,-18.694615757711844,0.0,0.0,OK
red2_6800:89,-18.685460966995265,0.2555089060816235,-18.685460966995265,-18.685460966995265,-18.685460966995265,-18.685460966995265,-18.685460966995265,0.0,0.0,OK
red2_6800:90,-18.691022188468658,0.3198380502210788,-18.691022188468658,-18.691022188468658,-18.691022188468658,-18.691022188468658,-18.691022188468658,0.0,0.0,OK
red2_6800:91,-18.71107696757608,0.2308743129271062,-18.71107696757608,-18.71107696757608,-18.71107696757608,-18.71107696757608,-18.71107696757608,0.0,0.0,OK
red2_6800:92,-18.161675483176012,0.2610748230142893,-18.161675483175944,-18.161675483176182,-18.16167548317659,-18.1616754831765,-18.161675483175642,9.485745522397337e-13,6.750155989720952e-14,OK
red2_6800:93,-18.68298551092281,0.2645661905960399,-18.68298551092281,-18.68298551092281,-18.68298551092281,-18.68298551092281,-18.68298551092281,0.0,0.0,OK
red2_6800:94,-18.708492342138143,0.3030836376539467,-18.708492342138143,-18.708492342138143,-18.708492342138143,-18.708492342138143,-18.708492342138143,0.0,0.0,OK
red2_6800:95,-18.74564682906527,0.23974475236072434,-18.74564682906527,-18.74564682906527,-18.74564682906527,-18.74564682906527,-18.74564682906527,0.0,0.0,OK
red2_6800:96,-18.777974024148353,0.2272670292175999,-18.777974024148353,-18.777974024148353,-18.777974024148353,-18.777974024148353,-18.777974024148353,0.0,0.0,OK
red2_6800:97,-18.69250891540778,0.31245164932376135,-18.69250891540778,-18.69250891540778,-18.69250891540778,-18.69250891540778,-18.69250891540778,0.0,0.0,OK
red2_6800:98,-18.754701342274494,0.29866224259633634,-18.754701342274494,-18.754701342274494,-18.754701342274494,-18.754701342274494,-18.754701342274494,0.0,0.0,OK
red2_6800:99,-18.71804557457237,0.29574901840183837,-18.71804557457237,-18.71804557457237,-18.71804557457237,-18.71804557457237,-18.71804557457237,0.0,0.0,OK
red2_6800:100,-18.725781096859645,0.27911930062415335,-18.725781096859645,-18.725781096859645,-18.725781096859645,-18.725781096859645,-18.725781096859645,0.0,0.0,OK
red2_6800:101,-18.709521371490244,0.27714999324747563,-18.709521371490244,-18.709521371490244,-18.709521371490244,-18.709521371490244,-18.709521371490244,0.0,0.0,OK
red2_6800:102,-18.700078739535456,0.34162071247759523,-18.700078739535456,-18.700078739535456,-18.700078739535456,-18.700078739535456,-18.700078739535456,0.0,0.0,OK
red2_6800:103,-18.682775842910992,0.2778355457813499,-18.682775842910992,-18.682775842910992,-18.682775842910992,-18.682775842910992,-18.682775842910992,0.0,0.0,OK
red2_6800:104,-18.700847491425062,0.23477676126803293,-18.700847491425062,-18.700847491425062,-18.700847491425062,-18.700847491425062,-18.700847491425062,0.0,0.0,OK
red2_6800:105,-18.68298073549827,0.22670140451082285,-18.68298073549827,-18.68298073549827,-18.68298073549827,-18.68298073549827,-18.68298073549827,0.0,0.0,OK
red2_6800:106,-18.68714495190528,0.26665164877561487,-18.68714495190528,-18.68714495190528,-18.68714495190528,-18.68714495190528,-18.68714495190528,0.0,0.0,OK
red2_6800:107,-18.757520829823964,0.2752213701668812,-18.757520829823964,-18.757520829823964,-18.757520829823964,-18.757520829823964,-18.757520829823964,0.0,0.0,OK
red2_6800:108,-18.684766029356826,0.2510240976551506,-18.684766029356826,-18.684766029356826,-18.684766029356826,-18.684766029356826,-18.684766029356826,0.0,0.0,OK
red2_6800:109,-18.724554267391706,0.25068801178819083,-18.724554267391706,-18.724554267391706,-18.724554267391706,-18.724554267391706,-18.724554267391706,0.0,0.0,OK
red2_6800:110,-18.71604880000042,0.294381273283525,-18.71604880000042,-18.71604880000042,-18.71604880000042,-18.71604880000042,-18.71604880000042,0.0,0.0,OK
red2_6800:111,-18.77400770964782,0.24999286577397742,-18.77400770964782,-18.77400770964782,-18.77400770964782,-18.77400770964782,-18.77400770964782,0.0,0.0,OK
red2_6800:112,-18.68456462058915,0.2642021226412304,-18.68456462058915,-18.68456462058915,-18.68456462058915,-18.68456462058915,-18.68456462058915,0.0,0.0,OK
red2_6800:113,-18.742974823621292,0.34904741405567463,-18.742974823621292,-18.742974823621292,-18.742974823621292,-18.742974823621292,-18.742974823621292,0.0,0.0,OK
red2_6800:114,-18.719314728414666,0.3167990521403122,-18.719314728414666,-18.719314728414666,-18.719314728414666,-18.719314728414666,-18.719314728414666,0.0,0.0,OK
red2_6800:115,-18.70509448900392,0.27337964714029384,-18.70509448900392,-18.70509448900392,-18.70509448900392,-18.70509448900392,-18.70509448900392,0.0,0.0,OK
red2_6800:116,-18.68487549994239,0.27788275395749196,-18.68487549994239,-18.68487549994239,-18.68487549994239,-18.68487549994239,-18.68487549994239,0.0,0.0,OK
red2_6800:117,-18.73283337840296,0.27385571806067227,-18.73283337840296,-18.73283337840296,-18.73283337840296,-18.73283337840296,-18.73283337840296,0.0,0.0,OK
red2_6800:118,-18.71166210083622,0.28751527270021604,-18.71166210083622,-18.71166210083622,-18.71166210083622,-18.71166210083622,-18.71166210083622,0.0,0.0,OK
red2_6800:119,-17.207652369521032,0.2723954592840539,-17.207652369618152,-17.20765236964209,-17.207652369660906,-17.20765236949918,-17.207652369813562,3.1438318615073513e-10,9.71205338373693e-11,OK
red2_6800:120,-18.696269286979422,0.2863171227401447,-18.696269286979422,-18.696269286979422,-18.696269286979422,-18.696269286979422,-18.696269286979422,0.0,0.0,OK
red2_6800:121,-18.76961705600373,0.2151462046411992,-18.76961705600373,-18.76961705600373,-18.76961705600373,-18.76961705600373,-18.76961705600373,0.0,0.0,OK
red2_6800:122,-18.77983437126365,0.27619503058393946,-18.77983437126365,-18.77983437126365,-18.77983437126365,-18.77983437126365,-18.77983437126365,0.0,0.0,OK
red2_6800:123,-18.69484321616165,0.3176153371800585,-18.69484321616165,-18.69484321616165,-18.69484321616165,-18.69484321616165,-18.69484321616165,0.0,0.0,OK
red2_6800:124,-18.684386684007812,0.2781291055843169,-18.684386684007812,-18.684386684007812,-18.684386684007812,-18.684386684007812,-18.684386684007812,0.0,0.0,OK
red2_6800:125,-18.772460604012267,0.276518541125742,-18.772460604012267,-18.772460604012267,-18.772460604012267,-18.772460604012267,-18.772460604012267,0.0,0.0,OK
red2_6800:126,-18.728393195156784,0.32484502152478695,-18.728393195156784,-18.728393195156784,-18.728393195156784,-18.728393195156784,-18.728393195156784,0.0,0.0,OK
red2_6800:127,-18.731930237311015,0.2554256819807833,-18.731930237311015,-18.731930237311015,-18.731930237311015,-18.731930237311015,-18.731930237311015,0.0,0.0,OK
red2_6800:128,-18.697668995862553,0.2947080879740232,-18.697668995862553,-18.697668995862553,-18.697668995862553,-18.697668995862553,-18.697668995862553,0.0,0.0,OK
red2_6800:129,-17.591038810394192,0.3127022792663028,-17.5910388103933,-17.591038810402804,-17.591038810402704,-17.591038810417874,-17.591038810408225,2.4574120516263065e-11,8.917311333789257e-13,OK
red2_6800:130,-18.73924129952685,0.36763161987352355,-18.73924129952685,-18.73924129952685,-18.73924129952685,-18.73924129952685,-18.73924129952685,0.0,0.0,OK
red2_6800:131,-18.70923649531683,0.28363585294302657,-18.70923649531683,-18.70923649531683,-18.70923649531683,-18.70923649531683,-18.70923649531683,0.0,0.0,OK
red2_6800:132,-18.363598782020915,0.2176555052327972,-18.36359878218834,-18.363598781781178,-18.363598781461796,-18.363598781778755,-18.36359878211801,7.265441581694176e-10,1.674251848271524e-10,OK
red2_6800:133,-18.682685972037476,0.3286805737014855,-18.682685972037476,-18.682685972037476,-18.682685972037476,-18.682685972037476,-18.682685972037476,0.0,0.0,OK
red2_6800:134,-18.775057263622568,0.30643277400111335,-18.775057263622568,-18.775057263622568,-18.775057263622568,-18.775057263622568,-18.775057263622568,0.0,0.0,OK
red2_6800:135,-18.6978846458818,0.24769380318982284,-18.6978846458818,-18.6978846458818,-18.6978846458818,-18.6978846458818,-18.6978846458818,0.0,0.0,OK
red2_6800:136,-18.73598617386149,0.2945932765084503,-18.73598617386149,-18.73598617386149,-18.73598617386149,-18.73598617386149,-18.73598617386149,0.0,0.0,OK
red2_6800:137,-18.70459719274924,0.30500695088113017,-18.70459719274924,-18.70459719274924,-18.70459719274924,-18.70459719274924,-18.70459719274924,0.0,0.0,OK
red2_6800:138,-17.793849767860074,0.2640798877888528,-17.793849767868373,-17.793849767864298,-17.79384976787644,-17.79384976786496,-17.793849767847608,2.8833824217144866e-11,8.29913915367797e-12,OK
red2_6800:139,-18.698297688797965,0.3272607918469318,-18.698297688797965,-18.698297688797965,-18.698297688797965,-18.698297688797965,-18.698297688797965,0.0,0.0,OK
red2_6800:140,-18.73267018800936,0.29258488248170067,-18.73267018800936,-18.73267018800936,-18.73267018800936,-18.73267018800936,-18.73267018800936,0.0,0.0,OK
red2_6800:141,-18.694429108448535,0.2873612721405128,-18.694429108448535,-18.694429108448535,-18.694429108448535,-18.694429108448535,-18.694429108448535,0.0,0.0,OK
red2_6800:142,-18.77879408663198,0.25026357195433147,-18.77879408663198,-18.77879408663198,-18.77879408663198,-18.77879408663198,-18.77879408663198,0.0,0.0,OK
red2_6800:143,-18.68250237485646,0.3035480113690356,-18.68250237485646,-18.68250237485646,-18.68250237485646,-18.68250237485646,-18.68250237485646,0.0,0.0,OK
red2_6800:144,-18.72428797876267,0.27977537263740315,-18.72428797876267,-18.72428797876267,-18.72428797876267,-18.72428797876267,-18.72428797876267,0.0,0.0,OK
red2_6800:145,-18.743523843894636,0.25725080647611215,-18.743523843894636,-18.743523843894636,-18.743523843894636,-18.743523843894636,-18.743523843894636,0.0,0.0,OK
red2_6800:146,-18.7030358833854,0.28543079673153315,-18.7030358833854,-18.7030358833854,-18.7030358833854,-18.7030358833854,-18.7030358833854,0.0,0.0,OK
red2_6800:147,-18.748442011473884,0.22927547501865145,-18.748442011473884,-18.748442011473884,-18.748442011473884,-18.748442011473884,-18.748442011473884,0.0,0.0,OK
red2_6800:148,-18.707575803814816,0.28614631316414374,-18.707575803814816,-18.707575803814816,-18.707575803814816,-18.707575803814816,-18.707575803814816,0.0,0.0,OK
red2_6800:149,-18.683703632918665,0.2698579896325547,-18.683703632918665,-18.683703632918665,-18.683703632918665,-18.683703632918665,-18.683703632918665,0.0,0.0,OK
red2_6800:150,-18.687851887689305,0.3068764997787736,-18.687851887689305,-18.687851887689305,-18.687851887689305,-18.687851887689305,-18.687851887689305,0.0,0.0,OK
red2_6800:151,-18.689221901320188,0.2614341922417665,-18.689221901320188,-18.689221901320188,-18.689221901320188,-18.689221901320188,-18.689221901320188,0.0,0.0,OK
red2_6800:152,-18.700240168650154,0.2447697771862578,-18.700240168650154,-18.700240168650154,-18.700240168650154,-18.700240168650154,-18.700240168650154,0.0,0.0,OK
red2_6800:153,-18.711177310980684,0.3033832767399425,-18.711177310980684,-18.711177310980684,-18.711177310980684,-18.711177310980684,-18.711177310980684,0.0,0.0,OK
red2_6800:154,-18.73876351551859,0.26007367444252794,-18.73876351551859,-18.73876351551859,-18.73876351551859,-18.73876351551859,-18.73876351551859,0.0,0.0,OK
red2_6800:155,-18.704770972956123,0.288482089638132,-18.704770972956123,-18.704770972956123,-18.704770972956123,-18.704770972956123,-18.704770972956123,0.0,0.0,OK
red2_6800:156,-18.684757891565784,0.2685075075326767,-18.684757891565784,-18.684757891565784,-18.684757891565784,-18.684757891565784,-18.684757891565784,0.0,0.0,OK
red2_6800:157,-18.71084740151921,0.2820699023830488,-18.71084740151921,-18.71084740151921,-18.71084740151921,-18.71084740151921,-18.71084740151921,0.0,0.0,OK
red2_6800:158,-18.690622945732347,0.27596273958395673,-18.690622945732347,-18.690622945732347,-18.690622945732347,-18.690622945732347,-18.690622945732347,0.0,0.0,OK
red2_6800:159,-18.754978374115158,0.2594484476828753,-18.754978374115158,-18.754978374115158,-18.754978374115158,-18.754978374115158,-18.754978374115158,0.0,0.0,OK
red2_6800:160,-18.760857984869293,0.25961961137839606,-18.760857984869293,-18.760857984869293,-18.760857984869293,-18.760857984869293,-18.760857984869293,0.0,0.0,OK
red2_6800:161,-18.701220074293108,0.28391934677274555,-18.701220074293108,-18.701220074293108,-18.701220074293108,-18.701220074293108,-18.701220074293108,0.0,0.0,OK
red2_6800:162,-18.757938291739855,0.24735301560470097,-18.757938291739855,-18.757938291739855,-18.757938291739855,-18.757938291739855,-18.757938291739855,0.0,0.0,OK
red2_6800:163,-18.750680462238087,0.30454654332961734,-18.750680462238087,-18.750680462238087,-18.750680462238087,-18.750680462238087,-18.750680462238087,0.0,0.0,OK
red2_6800:164,-18.734489428043933,0.2786350978028434,-18.734489428043933,-18.734489428043933,-18.734489428043933,-18.734489428043933,-18.734489428043933,0.0,0.0,OK
red2_6800:165,-18.70071095113595,0.2660163945109724,-18.70071095113595,-18.70071095113595,-18.70071095113595,-18.70071095113595,-18.70071095113595,0.0,0.0,OK
red2_6800:166,-18.699228456611674,0.2707798755960761,-18.699228456611674,-18.699228456611674,-18.699228456611674,-18.699228456611674,-18.699228456611674,0.0,0.0,OK
red2_6800:167,-18.741774293574842,0.34444716265995867,-18.741774293574842,-18.741774293574842,-18.741774293574842,-18.741774293574842,-18.741774293574842,0.0,0.0,OK
red2_6800:168,-18.702969154537865,0.21311125219880764,-18.702969154537865,-18.702969154537865,-18.702969154537865,-18.702969154537865,-18.702969154537865,0.0,0.0,OK
red2_6800:169,-18.761008299570506,0.30114832192077945,-18.761008299570506,-18.761008299570506,-18.761008299570506,-18.761008299570506,-18.761008299570506,0.0,0.0,OK
red2_6800:170,-18.690142078380468,0.33402727955714034,-18.690142078380468,-18.690142078380468,-18.690142078380468,-18.690142078380468,-18.690142078380468,0.0,0.0,OK
red2_6800:171,-18.755032848240756,0.2953655878947622,-18.755032848240756,-18.755032848240756,-18.755032848240756,-18.755032848240756,-18.755032848240756,0.0,0.0,OK
red2_6800:172,-18.705139042768938,0.2844872354098522,-18.705139042768938,-18.705139042768938,-18.705139042768938,-18.705139042768938,-18.705139042768938,0.0,0.0,OK
red2_6800:173,-18.68279939230689,0.3600815950671412,-18.68279939230689,-18.68279939230689,-18.68279939230689,-18.68279939230689,-18.68279939230689,0.0,0.0,OK
red2_6800:174,-18.70696713644677,0.2434829447932547,-18.70696713644677,-18.70696713644677,-18.70696713644677,-18.70696713644677,-18.70696713644677,0.0,0.0,OK
red2_6800:175,-18.70252132912787,0.29210548446140855,-18.70252132912787,-18.70252132912787,-18.70252132912787,-18.70252132912787,-18.70252132912787,0.0,0.0,OK
red2_6800:176,-18.74501137334478,0.28936056938393917,-18.74501137334478,-18.74501137334478,-18.74501137334478,-18.74501137334478,-18.74501137334478,0.0,0.0,OK
red2_6800:177,-18.68473492803148,0.2844188989475096,-18.68473492803148,-18.68473492803148,-18.68473492803148,-18.68473492803148,-18.68473492803148,0.0,0.0,OK
red2_6800:178,-18.738946047917274,0.24650964946893775,-18.738946047917274,-18.738946047917274,-18.738946047917274,-18.738946047917274,-18.738946047917274,0.0,0.0,OK
red2_6800:179,-18.682687298341634,0.31304742661269486,-18.682687298341634,-18.682687298341634,-18.682687298341634,-18.682687298341634,-18.682687298341634,0.0,0.0,OK
red2_6800:180,-18.68301755273934,0.30126863181133834,-18.68301755273934,-18.68301755273934,-18.68301755273934,-18.68301755273934,-18.68301755273934,0.0,0.0,OK
red2_6800:181,-18.747508709210585,0.24238042415422806,-18.747508709210585,-18.747508709210585,-18.747508709210585,-18.747508709210585,-18.747508709210585,0.0,0.0,OK
red2_6800:182,-18.77499081611143,0.25538693574382687,-18.77499081611143,-18.77499081611143,-18.77499081611143,-18.77499081611143,-18.77499081611143,0.0,0.0,OK
red2_6800:183,-18.70787070511645,0.28205510837923664,-18.70787070511645,-18.70787070511645,-18.70787070511645,-18.70787070511645,-18.70787070511645,0.0,0.0,OK
red2_6800:184,-18.697595875805593,0.2879659748130808,-18.697595875805593,-18.697595875805593,-18.697595875805593,-18.697595875805593,-18.697595875805593,0.0,0.0,OK
red2_6800:185,-18.717138997508723,0.30070686761660653,-18.717138997508723,-18.717138997508723,-18.717138997508723,-18.717138997508723,-18.717138997508723,0.0,0.0,OK
red2_6800:186,-18.74676790807247,0.2811966359815817,-18.74676790807247,-18.74676790807247,-18.74676790807247,-18.74676790807247,-18.74676790807247,0.0,0.0,OK
red2_6800:187,-18.767942502963603,0.3039871841798806,-18.767942502963603,-18.767942502963603,-18.767942502963603,-18.767942502963603,-18.767942502963603,0.0,0.0,OK
red2_6800:188,-18.737286219279095,0.29468838958479043,-18.737286219279095,-18.737286219279095,-18.737286219279095,-18.737286219279095,-18.737286219279095,0.0,0.0,OK
red2_6800:189,-18.711223350064838,0.2829652859584343,-18.711223350064838,-18.711223350064838,-18.711223350064838,-18.711223350064838,-18.711223350064838,0.0,0.0,OK
red2_6800:190,-18.70025749129066,0.25054626850943956,-18.70025749129066,-18.70025749129066,-18.70025749129066,-18.70025749129066,-18.70025749129066,0.0,0.0,OK
red2_6800:191,-18.698214460270158,0.3042009394784455,-18.698214460270158,-18.698214460270158,-18.698214460270158,-18.698214460270158,-18.698214460270158,0.0,0.0,OK
red2_6800:192,-18.705695676762634,0.30069021503379284,-18.705695676762634,-18.705695676762634,-18.705695676762634,-18.705695676762634,-18.705695676762634,0.0,0.0,OK
red2_6800:193,-18.741547483762886,0.26691973304735156,-18.741547483762886,-18.741547483762886,-18.741547483762886,-18.741547483762886,-18.741547483762886,0.0,0.0,OK
red2_6800:194,-18.700107361398462,0.24659721340630317,-18.700107361398462,-18.700107361398462,-18.700107361398462,-18.700107361398462,-18.700107361398462,0.0,0.0,OK
red2_6800:195,-18.746264292551942,0.25099361754852617,-18.746264292551942,-18.746264292551942,-18.746264292551942,-18.746264292551942,-18.746264292551942,0.0,0.0,OK
red2_6800:196,-18.684732202500847,0.26154560837598845,-18.684732202500847,-18.684732202500847,-18.684732202500847,-18.684732202500847,-18.684732202500847,0.0,0.0,OK
red2_6800:197,-18.722973061761753,0.30117825201207904,-18.722973061761753,-18.722973061761753,-18.722973061761753,-18.722973061761753,-18.722973061761753,0.0,0.0,OK
red2_6800:198,-18.691928954684514,0.3143432442852853,-18.691928954684514,-18.691928954684514,-18.691928954684514,-18.691928954684514,-18.691928954684514,0.0,0.0,OK
red2_6800:199,-18.68289778590829,0.31233164127442,-18.68289778590829,-18.68289778590829,-18.68289778590829,-18.68289778590829,-18.68289778590829,0.0,0.0,OK
red2_6800:200,-18.742615321573208,0.30062279281163873,-18.742615321573208,-18.742615321573208,-18.742615321573208,-18.742615321573208,-18.742615321573208,0.0,0.0,OK
red2_6800:201,-18.75255094602935,0.2602122296039393,-18.75255094602935,-18.75255094602935,-18.75255094602935,-18.75255094602935,-18.75255094602935,0.0,0.0,OK
red2_6800:202,-18.68258848928799,0.23061544792273406,-18.68258848928799,-18.68258848928799,-18.68258848928799,-18.68258848928799,-18.68258848928799,0.0,0.0,OK
red2_6800:203,-18.706359625052748,0.295952965853429,-18.706359625052748,-18.706359625052748,-18.706359625052748,-18.706359625052748,-18.706359625052748,0.0,0.0,OK
red2_6800:204,-18.692953257210508,0.20828301306795574,-18.692953257210508,-18.692953257210508,-18.692953257210508,-18.692953257210508,-18.692953257210508,0.0,0.0,OK
red2_6800:205,-18.685985339297382,0.26650490974865637,-18.685985339297382,-18.685985339297382,-18.685985339297382,-18.685985339297382,-18.685985339297382,0.0,0.0,OK
red2_6800:206,-18.76654135273557,0.2958636083019297,-18.76654135273557,-18.76654135273557,-18.76654135273557,-18.76654135273557,-18.76654135273557,0.0,0.0,OK
red2_6800:207,-18.72389220639922,0.2695340982573687,-18.72389220639922,-18.72389220639922,-18.72389220639922,-18.72389220639922,-18.72389220639922,0.0,0.0,OK
red2_6800:208,-18.709367622747735,0.2662931617870074,-18.709367622747735,-18.709367622747735,-18.709367622747735,-18.709367622747735,-18.709367622747735,0.0,0.0,OK
red2_6800:209,-18.69193578791255,0.25151324980808704,-18.69193578791255,-18.69193578791255,-18.69193578791255,-18.69193578791255,-18.69193578791255,0.0,0.0,OK
red2_6800:210,-18.68250304666242,0.2712552282319083,-18.68250304666242,-18.68250304666242,-18.68250304666242,-18.68250304666242,-18.68250304666242,0.0,0.0,OK
red2_6800:211,-18.723021418696185,0.2576014273400517,-18.723021418696185,-18.723021418696185,-18.723021418696185,-18.723021418696185,-18.723021418696185,0.0,0.0,OK
red2_6800:212,-18.686457732119358,0.287248607794151,-18.686457732119358,-18.686457732119358,-18.686457732119358,-18.686457732119358,-18.686457732119358,0.0,0.0,OK
red2_6800:213,-18.693580861095835,0.2689790901093491,-18.693580861095835,-18.693580861095835,-18.693580861095835,-18.693580861095835,-18.693580861095835,0.0,0.0,OK
red2_6800:214,-18.683004543354947,0.27630427658469436,-18.683004543354947,-18.683004543354947,-18.683004543354947,-18.683004543354947,-18.683004543354947,0.0,0.0,OK
red2_6800:215,-18.759379278148305,0.28255327319701595,-18.759379278148305,-18.759379278148305,-18.759379278148305,-18.759379278148305,-18.759379278148305,0.0,0.0,OK
red2_6800:216,-18.76607027397356,0.26318464356678095,-18.76607027397356,-18.76607027397356,-18.76607027397356,-18.76607027397356,-18.76607027397356,0.0,0.0,OK
red2_6800:217,-18.688533484526175,0.2945507339023685,-18.688533484526175,-18.688533484526175,-18.688533484526175,-18.688533484526175,-18.688533484526175,0.0,0.0,OK
red2_6800:218,-18.682972309494794,0.3048913282761263,-18.682972309494794,-18.682972309494794,-18.682972309494794,-18.682972309494794,-18.682972309494794,0.0,0.0,OK
red2_6800:219,-18.685543532372296,0.2897840437829334,-18.685543532372296,-18.685543532372296,-18.685543532372296,-18.685543532372296,-18.685543532372296,0.0,0.0,OK
red2_6800:220,-18.682575362963803,0.2840551143647823,-18.682575362963803,-18.682575362963803,-18.682575362963803,-18.682575362963803,-18.682575362963803,0.0,0.0,OK
red2_6800:221,-18.682503155001594,0.23888367049333872,-18.682503155001594,-18.682503155001594,-18.682503155001594,-18.682503155001594,-18.682503155001594,0.0,0.0,OK
red2_6800:222,-18.77962909523635,0.24975544095503185,-18.77962909523635,-18.77962909523635,-18.77962909523635,-18.77962909523635,-18.77962909523635,0.0,0.0,OK
red2_6800:223,-18.749620464791462,0.24254224380274603,-18.749620464791462,-18.749620464791462,-18.749620464791462,-18.749620464791462,-18.749620464791462,0.0,0.0,OK
red2_6800:224,-18.68251401547477,0.19936526759788153,-18.68251401547477,-18.68251401547477,-18.68251401547477,-18.68251401547477,-18.68251401547477,0.0,0.0,OK
red2_6800:225,-18.76093511720437,0.26869227842208293,-18.76093511720437,-18.76093511720437,-18.76093511720437,-18.76093511720437,-18.76093511720437,0.0,0.0,OK
red2_6800:226,-18.69574256105892,0.2597155212789636,-18.69574256105892,-18.69574256105892,-18.69574256105892,-18.69574256105892,-18.69574256105892,0.0,0.0,OK
red2_6800:227,-18.756655698220378,0.25597530929936857,-18.756655698220378,-18.756655698220378,-18.756655698220378,-18.756655698220378,-18.756655698220378,0.0,0.0,OK
red2_6800:228,-18.765444654969528,0.2710569060098741,-18.765444654969528,-18.765444654969528,-18.765444654969528,-18.765444654969528,-18.765444654969528,0.0,0.0,OK
red2_6800:229,-18.690860403268616,0.23714391494965859,-18.690860403268616,-18.690860403268616,-18.690860403268616,-18.690860403268616,-18.690860403268616,0.0,0.0,OK
red2_6800:230,-18.751493899668247,0.2681514009679877,-18.751493899668247,-18.751493899668247,-18.751493899668247,-18.751493899668247,-18.751493899668247,0.0,0.0,OK
red2_6800:231,-18.737355471213945,0.24576681624165111,-18.737355471213945,-18.737355471213945,-18.737355471213945,-18.737355471213945,-18.737355471213945,0.0,0.0,OK
red2_6800:232,-18.77839300814755,0.27990493562286745,-18.77839300814755,-18.77839300814755,-18.77839300814755,-18.77839300814755,-18.77839300814755,0.0,0.0,OK
red2_6800:233,-18.702826140725136,0.273764052891607,-18.702826140725136,-18.702826140725136,-18.702826140725136,-18.702826140725136,-18.702826140725136,0.0,0.0,OK
red2_6800:234,-18.702735880187483,0.25875305790525077,-18.702735880187483,-18.702735880187483,-18.702735880187483,-18.702735880187483,-18.702735880187483,0.0,0.0,OK
red2_6800:235,-18.724874282618135,0.2899684102523545,-18.724874282618135,-18.724874282618135,-18.724874282618135,-18.724874282618135,-18.724874282618135,0.0,0.0,OK
red2_6800:236,-18.7183317632852,0.30515979611341465,-18.7183317632852,-18.7183317632852,-18.7183317632852,-18.7183317632852,-18.7183317632852,0.0,0.0,OK
red2_6800:237,-18.68644643923329,0.2798578507468715,-18.68644643923329,-18.68644643923329,-18.68644643923329,-18.68644643923329,-18.68644643923329,0.0,0.0,OK
red2_6800:238,-18.724218703172323,0.2649325479062313,-18.724218703172323,-18.724218703172323,-18.724218703172323,-18.724218703172323,-18.724218703172323,0.0,0.0,OK
red2_6800:239,-18.714966916296845,0.2750813854815485,-18.714966916296845,-18.714966916296845,-18.714966916296845,-18.714966916296845,-18.714966916296845,0.0,0.0,OK
red2_6800:240,-18.68256197627867,0.2867397261646131,-18.68256197627867,-18.68256197627867,-18.68256197627867,-18.68256197627867,-18.68256197627867,0.0,0.0,OK
red2_6800:241,-18.71042627218061,0.3265790841267676,-18.71042627218061,-18.71042627218061,-18.71042627218061,-18.71042627218061,-18.71042627218061,0.0,0.0,OK
red2_6800:242,-18.722588651685953,0.31089751776385577,-18.722588651685953,-18.722588651685953,-18.722588651685953,-18.722588651685953,-18.722588651685953,0.0,0.0,OK
red2_6800:243,-18.74442363754282,0.2861498980994913,-18.74442363754282,-18.74442363754282,-18.74442363754282,-18.74442363754282,-18.74442363754282,0.0,0.0,OK
red2_6800:244,-18.68359711392112,0.2762855897371155,-18.68359711392112,-18.68359711392112,-18.68359711392112,-18.68359711392112,-18.68359711392112,0.0,0.0,OK
red2_6800:245,-18.698244821493436,0.29310831608008187,-18.698244821493436,-18.698244821493436,-18.698244821493436,-18.698244821493436,-18.698244821493436,0.0,0.0,OK
red2_6800:246,-18.71968433232329,0.26283022837230285,-18.71968433232329,-18.71968433232329,-18.71968433232329,-18.71968433232329,-18.71968433232329,0.0,0.0,OK
red2_6800:247,-18.709228502980196,0.3318330421013682,-18.709228502980196,-18.709228502980196,-18.709228502980196,-18.709228502980196,-18.709228502980196,0.0,0.0,OK
red2_6800:248,-18.700630303751065,0.2733132993350019,-18.700630303751065,-18.700630303751065,-18.700630303751065,-18.700630303751065,-18.700630303751065,0.0,0.0,OK
red2_6800:249,-18.693344441924527,0.29880743065754606,-18.693344441924527,-18.693344441924527,-18.693344441924527,-18.693344441924527,-18.693344441924527,0.0,0.0,OK
red2_6800:250,-18.682881350353753,0.2687889000004494,-18.682881350353753,-18.682881350353753,-18.682881350353753,-18.682881350353753,-18.682881350353753,0.0,0.0,OK
red2_6800:251,-18.718087230797906,0.24195512984144882,-18.718087230797906,-18.718087230797906,-18.718087230797906,-18.718087230797906,-18.718087230797906,0.0,0.0,OK
red2_6800:252,-18.68286921775164,0.23287992952000774,-18.68286921775164,-18.68286921775164,-18.68286921775164,-18.68286921775164,-18.68286921775164,0.0,0.0,OK
red2_6800:253,-18.743068520361064,0.2865550737781731,-18.743068520361064,-18.743068520361064,-18.743068520361064,-18.743068520361064,-18.743068520361064,0.0,0.0,OK
red2_6800:254,-18.68360301531761,0.28495496299731105,-18.68360301531761,-18.68360301531761,-18.68360301531761,-18.68360301531761,-18.68360301531761,0.0,0.0,OK
red2_6800:255,-18.718701917502806,0.3007751631140129,-18.718701917502806,-18.718701917502806,-18.718701917502806,-18.718701917502806,-18.718701917502806,0.0,0.0,OK
red2_6800:256,-18.723876327251798,0.33037105533448796,-18.723876327251798,-18.723876327251798,-18.723876327251798,-18.723876327251798,-18.723876327251798,0.0,0.0,OK
red2_6800:257,-18.73853044322276,0.24494476186233416,-18.73853044322276,-18.73853044322276,-18.73853044322276,-18.73853044322276,-18.73853044322276,0.0,0.0,OK
red2_6800:258,-18.71171806858359,0.2817158528934617,-18.71171806858359,-18.71171806858359,-18.71171806858359,-18.71171806858359,-18.71171806858359,0.0,0.0,OK
red2_6800:259,-18.706617090749017,0.2703608106483071,-18.706617090749017,-18.706617090749017,-18.706617090749017,-18.706617090749017,-18.706617090749017,0.0,0.0,OK
red2_6800:260,-18.725019283048812,0.3014015792610286,-18.725019283048812,-18.725019283048812,-18.725019283048812,-18.725019283048812,-18.725019283048812,0.0,0.0,OK
red2_6800:261,-18.74023076590679,0.29402271146269493,-18.74023076590679,-18.74023076590679,-18.74023076590679,-18.74023076590679,-18.74023076590679,0.0,0.0,OK
red2_6800:262,-18.691017279607415,0.2770497090319165,-18.691017279607415,-18.691017279607415,-18.691017279607415,-18.691017279607415,-18.691017279607415,0.0,0.0,OK
red2_6800:263,-18.754908449809427,0.28271522389548015,-18.754908449809427,-18.754908449809427,-18.754908449809427,-18.754908449809427,-18.754908449809427,0.0,0.0,OK
red2_6800:264,-18.72522915883848,0.21900753188998434,-18.72522915883848,-18.72522915883848,-18.72522915883848,-18.72522915883848,-18.72522915883848,0.0,0.0,OK
red2_6800:265,-18.741973024995012,0.2915542923056912,-18.741973024995012,-18.741973024995012,-18.741973024995012,-18.741973024995012,-18.741973024995012,0.0,0.0,OK
red2_6800:266,-18.709007495299783,0.23513418504467867,-18.709007495299783,-18.709007495299783,-18.709007495299783,-18.709007495299783,-18.709007495299783,0.0,0.0,OK
red2_6800:267,-18.6988318678496,0.2832463047664017,-18.6988318678496,-18.6988318678496,-18.6988318678496,-18.6988318678496,-18.6988318678496,0.0,0.0,OK
red2_6800:268,-18.68314436639537,0.2333843313054939,-18.68314436639537,-18.68314436639537,-18.68314436639537,-18.68314436639537,-18.68314436639537,0.0,0.0,OK
red2_6800:269,-18.715812887005768,0.2702693169916592,-18.715812887005768,-18.715812887005768,-18.715812887005768,-18.715812887005768,-18.715812887005768,0.0,0.0,OK
red2_6800:270,-18.69214616967497,0.3005290338373161,-18.69214616967497,-18.69214616967497,-18.69214616967497,-18.69214616967497,-18.69214616967497,0.0,0.0,OK
red2_6800:271,-18.700715247737488,0.26285228926474125,-18.700715247737488,-18.700715247737488,-18.700715247737488,-18.700715247737488,-18.700715247737488,0.0,0.0,OK
red2_6800:272,-18.682824627555775,0.2843354576439973,-18.682824627555775,-18.682824627555775,-18.682824627555775,-18.682824627555775,-18.682824627555775,0.0,0.0,OK
red2_6800:273,-18.690303933071327,0.3606521237483388,-18.690303933071327,-18.690303933071327,-18.690303933071327,-18.690303933071327,-18.690303933071327,0.0,0.0,OK
red2_6800:274,-18.683129107118624,0.35606396703192855,-18.683129107118624,-18.683129107118624,-18.683129107118624,-18.683129107118624,-18.683129107118624,0.0,0.0,OK
red2_6800:275,-18.71605931018284,0.27060936047348977,-18.71605931018284,-18.71605931018284,-18.71605931018284,-18.71605931018284,-18.71605931018284,0.0,0.0,OK
red2_6800:276,-18.73909492851944,0.2665788346423513,-18.73909492851944,-18.73909492851944,-18.73909492851944,-18.73909492851944,-18.73909492851944,0.0,0.0,OK
red2_6800:277,-18.69720713240466,0.27345433322583695,-18.69720713240466,-18.69720713240466,-18.69720713240466,-18.69720713240466,-18.69720713240466,0.0,0.0,OK
red2_6800:278,-17.559564619240565,0.3036197795036182,-17.55956461882058,-17.559564618777003,-17.559564618797378,-17.55956461877713,-17.559564619258644,4.816413934349839e-10,4.199840475394012e-10,OK
red2_6800:279,-17.308618367322666,0.3398636479604523,-17.308618367344124,-17.308618367321916,-17.308618367329203,-17.308618367316274,-17.30861836730634,3.778310997404333e-11,2.1458390619955026e-11,OK
red2_6800:280,-18.71737218394802,0.255085935625971,-18.71737218394802,-18.71737218394802,-18.71737218394802,-18.71737218394802,-18.71737218394802,0.0,0.0,OK
red2_6800:281,-18.68799663053238,0.22519997162287708,-18.68799663053238,-18.68799663053238,-18.68799663053238,-18.68799663053238,-18.68799663053238,0.0,0.0,OK
red2_6800:282,-18.683512213175757,0.2789528936403679,-18.683512213175757,-18.683512213175757,-18.683512213175757,-18.683512213175757,-18.683512213175757,0.0,0.0,OK
red2_6800:283,-18.70273252059346,0.27989688161728704,-18.70273252059346,-18.70273252059346,-18.70273252059346,-18.70273252059346,-18.70273252059346,0.0,0.0,OK
red2_6800:284,-18.692785518445632,0.2819277588906985,-18.692785518445632,-18.692785518445632,-18.692785518445632,-18.692785518445632,-18.692785518445632,0.0,0.0,OK
red2_6800:285,-18.69346814772941,0.28092475391262545,-18.69346814772941,-18.69346814772941,-18.69346814772941,-18.69346814772941,-18.69346814772941,0.0,0.0,OK
red2_6800:286,-18.700000061972634,0.32715960403265193,-18.700000061972634,-18.700000061972634,-18.700000061972634,-18.700000061972634,-18.700000061972634,0.0,0.0,OK
red2_6800:287,-18.776960721152015,0.337606775820003,-18.776960721152015,-18.776960721152015,-18.776960721152015,-18.776960721152015,-18.776960721152015,0.0,0.0,OK
red2_6800:288,-18.6845151708613,0.27901516924247877,-18.6845151708613,-18.6845151708613,-18.6845151708613,-18.6845151708613,-18.6845151708613,0.0,0.0,OK
red2_6800:289,-18.69824081562606,0.3121426158722532,-18.69824081562606,-18.69824081562606,-18.69824081562606,-18.69824081562606,-18.69824081562606,0.0,0.0,OK
red2_6800:290,-18.69854929080848,0.3109109154181109,-18.69854929080848,-18.69854929080848,-18.69854929080848,-18.69854929080848,-18.69854929080848,0.0,0.0,OK
red2_6800:291,-18.735295450321455,0.2596498885625503,-18.735295450321455,-18.735295450321455,-18.735295450321455,-18.735295450321455,-18.735295450321455,0.0,0.0,OK
red2_6800:292,-18.70589490989905,0.28508989923623707,-18.70589490989905,-18.70589490989905,-18.70589490989905,-18.70589490989905,-18.70589490989905,0.0,0.0,OK
red2_6800:293,-18.753263880299652,0.28722156519239805,-18.753263880299652,-18.753263880299652,-18.753263880299652,-18.753263880299652,-18.753263880299652,0.0,0.0,OK
red2_6800:294,-18.725551184365724,0.2593013111983209,-18.725551184365724,-18.725551184365724,-18.725551184365724,-18.725551184365724,-18.725551184365724,0.0,0.0,OK
red2_6800:295,-18.707840648839486,0.3040856439214297,-18.707840648839486,-18.707840648839486,-18.707840648839486,-18.707840648839486,-18.707840648839486,0.0,0.0,OK
red2_6800:296,-18.723070801721054,0.22359865887355512,-18.723070801721054,-18.723070801721054,-18.723070801721054,-18.723070801721054,-18.723070801721054,0.0,0.0,OK
red2_6800:297,-18.682690989979402,0.28188408601580606,-18.682690989979402,-18.682690989979402,-18.682690989979402,-18.682690989979402,-18.682690989979402,0.0,0.0,OK
red2_6800:298,-18.776547794802415,0.27591420255103716,-18.776547794802415,-18.776547794802415,-18.776547794802415,-18.776547794802415,-18.776547794802415,0.0,0.0,OK
red2_6800:299,-18.715861641148646,0.2700463813190858,-18.715861641148646,-18.715861641148646,-18.715861641148646,-18.715861641148646,-18.715861641148646,0.0,0.0,OK
red2_6800:300,-18.682570819537208,0.3282390918844019,-18.682570819537208,-18.682570819537208,-18.682570819537208,-18.682570819537208,-18.682570819537208,0.0,0.0,OK
red2_6800:301,-18.756024478773725,0.2777932597815017,-18.756024478773725,-18.756024478773725,-18.756024478773725,-18.756024478773725,-18.756024478773725,0.0,0.0,OK
red2_6800:302,-18.74367352038515,0.3082600740495854,-18.74367352038515,-18.74367352038515,-18.74367352038515,-18.74367352038515,-18.74367352038515,0.0,0.0,OK
red2_6800:303,-18.736978943539075,0.29098303589086905,-18.736978943539075,-18.736978943539075,-18.736978943539075,-18.736978943539075,-18.736978943539075,0.0,0.0,OK
red2_6800:304,-18.766075645736016,0.29667579473417044,-18.766075645736016,-18.766075645736016,-18.766075645736016,-18.766075645736016,-18.766075645736016,0.0,0.0,OK
red2_6800:305,-18.68323744440385,0.22420980368631516,-18.68323744440385,-18.68323744440385,-18.68323744440385,-18.68323744440385,-18.68323744440385,0.0,0.0,OK
red2_6800:306,-18.7350621363757,0.2647749810008051,-18.7350621363757,-18.7350621363757,-18.7350621363757,-18.7350621363757,-18.7350621363757,0.0,0.0,OK
red2_6800:307,-18.72333959489687,0.3491057478925024,-18.72333959489687,-18.72333959489687,-18.72333959489687,-18.72333959489687,-18.72333959489687,0.0,0.0,OK
red2_6800:308,-18.77383681433129,0.28845576375362697,-18.773836814314016,-18.773836814324824,-18.773836814336832,-18.77383681431566,-18.77383681432941,2.2815527245256817e-11,1.7273293906328036e-11,OK
red2_6800:309,-18.68256376098513,0.31254297329744823,-18.68256376098513,-18.68256376098513,-18.68256376098513,-18.68256376098513,-18.68256376098513,0.0,0.0,OK
red2_6800:310,-18.73489240751287,0.29609485316921463,-18.73489240751287,-18.73489240751287,-18.73489240751287,-18.73489240751287,-18.73489240751287,0.0,0.0,OK
red2_6800:311,-18.75448516005042,0.2755446009255642,-18.75448516005042,-18.75448516005042,-18.75448516005042,-18.75448516005042,-18.75448516005042,0.0,0.0,OK
red2_6800:312,-18.693914558276514,0.2841482144755186,-18.693914558276514,-18.693914558276514,-18.693914558276514,-18.693914558276514,-18.693914558276514,0.0,0.0,OK
red2_6800:313,-18.689255257877363,0.2996274636792096,-18.689255257877363,-18.689255257877363,-18.689255257877363,-18.689255257877363,-18.689255257877363,0.0,0.0,OK
red2_6800:314,-18.706570997753477,0.21968432205741042,-18.706570997753477,-18.706570997753477,-18.706570997753477,-18.706570997753477,-18.706570997753477,0.0,0.0,OK
red2_6800:315,-18.68250316714205,0.23362927228807676,-18.68250316714205,-18.68250316714205,-18.68250316714205,-18.68250316714205,-18.68250316714205,0.0,0.0,OK
red2_6800:316,-18.761513780485256,0.2801413546468747,-18.761513780485256,-18.761513780485256,-18.761513780485256,-18.761513780485256,-18.761513780485256,0.0,0.0,OK
red2_6800:317,-18.706645969563287,0.2993392893941633,-18.706645969563287,-18.706645969563287,-18.706645969563287,-18.706645969563287,-18.706645969563287,0.0,0.0,OK
red2_6800:318,-18.68985967324795,0.2858083866691737,-18.68985967324795,-18.68985967324795,-18.68985967324795,-18.68985967324795,-18.68985967324795,0.0,0.0,OK
red2_6800:319,-18.695681347860344,0.2416515056201203,-18.695681347860344,-18.695681347860344,-18.695681347860344,-18.695681347860344,-18.695681347860344,0.0,0.0,OK
red2_6800:320,-18.695403833144145,0.2876492994093328,-18.695403833144145,-18.695403833144145,-18.695403833144145,-18.695403833144145,-18.695403833144145,0.0,0.0,OK
red2_6800:321,-18.748001611533656,0.26377295095892817,-18.748001611533656,-18.748001611533656,-18.748001611533656,-18.748001611533656,-18.748001611533656,0.0,0.0,OK
red2_6800:322,-18.6849968037333,0.2892775036247795,-18.6849968037333,-18.6849968037333,-18.6849968037333,-18.6849968037333,-18.6849968037333,0.0,0.0,OK
red2_6800:323,-18.686000886673074,0.25785463260995806,-18.686000886673074,-18.686000886673074,-18.686000886673074,-18.686000886673074,-18.686000886673074,0.0,0.0,OK
red2_6800:324,-18.714762332958223,0.28087509441846015,-18.714762332958223,-18.714762332958223,-18.714762332958223,-18.714762332958223,-18.714762332958223,0.0,0.0,OK
red2_6800:325,-18.746404478812206,0.21168273035302781,-18.746404478812206,-18.746404478812206,-18.746404478812206,-18.746404478812206,-18.746404478812206,0.0,0.0,OK
red2_6800:326,-18.689061206621073,0.33654122861933555,-18.689061206621073,-18.689061206621073,-18.689061206621073,-18.689061206621073,-18.689061206621073,0.0,0.0,OK
red2_6800:327,-18.72192093939847,0.2563669517942983,-18.72192093939847,-18.72192093939847,-18.72192093939847,-18.72192093939847,-18.72192093939847,0.0,0.0,OK
red2_6800:328,-18.682670061336182,0.2585169599750613,-18.682670061336182,-18.682670061336182,-18.682670061336182,-18.682670061336182,-18.682670061336182,0.0,0.0,OK
red2_6800:329,-18.715841829742345,0.2520271192662799,-18.715841829742345,-18.715841829742345,-18.715841829742345,-18.715841829742345,-18.715841829742345,0.0,0.0,OK
red2_6800:330,-18.726465126294684,0.28995431048872167,-18.726465126294684,-18.726465126294684,-18.726465126294684,-18.726465126294684,-18.726465126294684,0.0,0.0,OK
red2_6800:331,-18.683454918464808,0.30381016505840425,-18.683454918464808,-18.683454918464808,-18.683454918464808,-18.683454918464808,-18.683454918464808,0.0,0.0,OK
red2_6800:332,-18.770448219091126,0.24166396259155667,-18.770448219091126,-18.770448219091126,-18.770448219091126,-18.770448219091126,-18.770448219091126,0.0,0.0,OK
red2_6800:333,-18.743936749563275,0.27053093832720226,-18.743936749563275,-18.743936749563275,-18.743936749563275,-18.743936749563275,-18.743936749563275,0.0,0.0,OK
red2_6800:334,-18.75439866690484,0.28695035818279774,-18.75439866690484,-18.75439866690484,-18.75439866690484,-18.75439866690484,-18.75439866690484,0.0,0.0,OK
red2_6800:335,-18.683133274879847,0.2511967049188822,-18.683133274879847,-18.683133274879847,-18.683133274879847,-18.683133274879847,-18.683133274879847,0.0,0.0,OK
red2_6800:336,-18.75787244913516,0.3372682214477353,-18.75787244913516,-18.75787244913516,-18.75787244913516,-18.75787244913516,-18.75787244913516,0.0,0.0,OK
red2_6800:337,-18.688831661565487,0.26547488955538506,-18.688831661565487,-18.688831661565487,-18.688831661565487,-18.688831661565487,-18.688831661565487,0.0,0.0,OK
red2_6800:338,-18.688539574826734,0.23977832989675496,-18.688539574826734,-18.688539574826734,-18.688539574826734,-18.688539574826734,-18.688539574826734,0.0,0.0,OK
red2_6800:339,-18.700122611617427,0.2679195723842942,-18.700122611617427,-18.700122611617427,-18.700122611617427,-18.700122611617427,-18.700122611617427,0.0,0.0,OK
red2_6800:340,-18.687350160655917,0.21411754839211794,-18.687350160655917,-18.687350160655917,-18.687350160655917,-18.687350160655917,-18.687350160655917,0.0,0.0,OK
red2_6800:341,-18.72265140586095,0.29345926541222694,-18.72265140586095,-18.72265140586095,-18.72265140586095,-18.72265140586095,-18.72265140586095,0.0,0.0,OK
red2_6800:342,-18.69868384869937,0.3200693914531968,-18.69868384869937,-18.69868384869937,-18.69868384869937,-18.69868384869937,-18.69868384869937,0.0,0.0,OK
red2_6800:343,-18.75683544728219,0.3022091214759499,-18.75683544728219,-18.75683544728219,-18.75683544728219,-18.75683544728219,-18.75683544728219,0.0,0.0,OK
red2_6800:344,-18.694262159720317,0.2567181022498935,-18.694262159720317,-18.694262159720317,-18.694262159720317,-18.694262159720317,-18.694262159720317,0.0,0.0,OK
red2_6800:345,-18.716473596302702,0.24620564077849738,-18.716473596302702,-18.716473596302702,-18.716473596302702,-18.716473596302702,-18.716473596302702,0.0,0.0,OK
red2_6800:346,-18.747822092636916,0.25947019601822857,-18.747822092636916,-18.747822092636916,-18.747822092636916,-18.747822092636916,-18.747822092636916,0.0,0.0,OK
red2_6800:347,-18.733012280670156,0.3353140568137217,-18.733012280670156,-18.733012280670156,-18.733012280670156,-18.733012280670156,-18.733012280670156,0.0,0.0,OK
red2_6800:348,-18.763498899730667,0.29330348974568193,-18.763498899730667,-18.763498899730667,-18.763498899730667,-18.763498899730667,-18.763498899730667,0.0,0.0,OK
red2_6800:349,-18.69215068201308,0.33454210275858254,-18.69215068201308,-18.69215068201308,-18.69215068201308,-18.69215068201308,-18.69215068201308,0.0,0.0,OK
red2_6800:350,-18.70483959786728,0.3013313270603202,-18.70483959786728,-18.70483959786728,-18.70483959786728,-18.70483959786728,-18.70483959786728,0.0,0.0,OK
red2_6800:351,-18.689238242367026,0.25677358857259586,-18.689238242367026,-18.689238242367026,-18.689238242367026,-18.689238242367026,-18.689238242367026,0.0,0.0,OK
red2_6800:352,-18.695693671848904,0.2822011653539405,-18.695693671848904,-18.695693671848904,-18.695693671848904,-18.695693671848904,-18.695693671848904,0.0,0.0,OK
red2_6800:353,-18.70958954718087,0.2655638270967313,-18.70958954718087,-18.70958954718087,-18.70958954718087,-18.70958954718087,-18.70958954718087,0.0,0.0,OK
red2_6800:354,-18.73685065274643,0.2884173630956551,-18.73685065274643,-18.73685065274643,-18.73685065274643,-18.73685065274643,-18.73685065274643,0.0,0.0,OK
red2_6800:355,-18.726993234026462,0.3088387647026905,-18.726993234026462,-18.726993234026462,-18.726993234026462,-18.726993234026462,-18.726993234026462,0.0,0.0,OK
red2_6800:356,-18.756239245672514,0.3038304171917795,-18.756239245672514,-18.756239245672514,-18.756239245672514,-18.756239245672514,-18.756239245672514,0.0,0.0,OK
red2_6800:357,-18.698190664937954,0.25837369412156747,-18.698190664937954,-18.698190664937954,-18.698190664937954,-18.698190664937954,-18.698190664937954,0.0,0.0,OK
red2_6800:358,-18.69083326851126,0.312903756797703,-18.69083326851126,-18.69083326851126,-18.69083326851126,-18.69083326851126,-18.69083326851126,0.0,0.0,OK
red2_6800:359,-18.717657691431054,0.2951888931471399,-18.717657691431054,-18.717657691431054,-18.717657691431054,-18.717657691431054,-18.717657691431054,0.0,0.0,OK
red2_6800:360,-18.713170429377,0.28549165923996506,-18.713170429377,-18.713170429377,-18.713170429377,-18.713170429377,-18.713170429377,0.0,0.0,OK
red2_6800:361,-18.75089020594075,0.3023032566296239,-18.75089020594075,-18.75089020594075,-18.75089020594075,-18.75089020594075,-18.75089020594075,0.0,0.0,OK
red2_6800:362,-17.81376322971575,0.2991436158840433,-17.81376322972109,-17.81376322971725,-17.813763229714624,-17.8137632297193,-17.813763229718276,6.465938895416912e-12,5.339728659237153e-12,OK
red2_6800:363,-18.685395074933787,0.20432104523623734,-18.685395074933787,-18.685395074933787,-18.685395074933787,-18.685395074933787,-18.685395074933787,0.0,0.0,OK
red2_6800:364,-18.753385844070294,0.3039863945060313,-18.753385844070294,-18.753385844070294,-18.753385844070294,-18.753385844070294,-18.753385844070294,0.0,0.0,OK
red2_6800:365,-18.69551139213659,0.256229510447394,-18.69551139213659,-18.69551139213659,-18.69551139213659,-18.69551139213659,-18.69551139213659,0.0,0.0,OK
red2_6800:366,-18.69682991494676,0.31238456191640296,-18.69682991494676,-18.69682991494676,-18.69682991494676,-18.69682991494676,-18.69682991494676,0.0,0.0,OK
red2_6800:367,-18.7578053144035,0.3069617572815454,-18.7578053144035,-18.7578053144035,-18.7578053144035,-18.7578053144035,-18.7578053144035,0.0,0.0,OK
red2_6800:368,-18.682579883407804,0.25540572503248293,-18.682579883407804,-18.682579883407804,-18.682579883407804,-18.682579883407804,-18.682579883407804,0.0,0.0,OK
red2_6800:369,-18.698123583147236,0.28548206690770456,-18.698123583147236,-18.698123583147236,-18.698123583147236,-18.698123583147236,-18.698123583147236,0.0,0.0,OK
red2_6800:370,-18.716704593250537,0.23161948647361427,-18.716704593250537,-18.716704593250537,-18.716704593250537,-18.716704593250537,-18.716704593250537,0.0,0.0,OK
red2_6800:371,-18.710488037649338,0.2897545803895105,-18.710488037649338,-18.710488037649338,-18.710488037649338,-18.710488037649338,-18.710488037649338,0.0,0.0,OK
red2_6800:372,-18.69750286245979,0.24235368427998535,-18.69750286245979,-18.69750286245979,-18.69750286245979,-18.69750286245979,-18.69750286245979,0.0,0.0,OK
red2_6800:373,-18.779744501919687,0.29418382843659757,-18.779744501919687,-18.779744501919687,-18.779744501919687,-18.779744501919687,-18.779744501919687,0.0,0.0,OK
red2_6800:374,-18.742331603424233,0.3017920851845424,-18.742331603424233,-18.742331603424233,-18.742331603424233,-18.742331603424233,-18.742331603424233,0.0,0.0,OK
red2_6800:375,-18.711087251484663,0.3143521779449545,-18.711087251484663,-18.711087251484663,-18.711087251484663,-18.711087251484663,-18.711087251484663,0.0,0.0,OK
red2_6800:376,-18.763786712725526,0.2995459136471948,-18.763786712725526,-18.763786712725526,-18.763786712725526,-18.763786712725526,-18.763786712725526,0.0,0.0,OK
red2_6800:377,-18.693522011434244,0.2624946292155685,-18.693522011434244,-18.693522011434244,-18.693522011434244,-18.693522011434244,-18.693522011434244,0.0,0.0,OK
red2_6800:378,-18.686880225836234,0.2802971614697636,-18.686880225836234,-18.686880225836234,-18.686880225836234,-18.686880225836234,-18.686880225836234,0.0,0.0,OK
red2_6800:379,-18.71600455724601,0.3268087072616763,-18.71600455724601,-18.71600455724601,-18.71600455724601,-18.71600455724601,-18.71600455724601,0.0,0.0,OK
red2_6800:380,-18.775143807248977,0.3056686345267643,-18.775143807248977,-18.775143807248977,-18.775143807248977,-18.775143807248977,-18.775143807248977,0.0,0.0,OK
red2_6800:381,-18.765671700420643,0.26545689705768255,-18.765671700420643,-18.765671700420643,-18.765671700420643,-18.765671700420643,-18.765671700420643,0.0,0.0,OK
red2_6800:382,-18.70064150799121,0.2927203881190726,-18.70064150799121,-18.70064150799121,-18.70064150799121,-18.70064150799121,-18.70064150799121,0.0,0.0,OK
red2_6800:383,-18.70689410050956,0.3098030834474834,-18.70689410050956,-18.70689410050956,-18.70689410050956,-18.70689410050956,-18.70689410050956,0.0,0.0,OK
red2_6800:384,-18.732162032581087,0.3185418948316968,-18.732162032581087,-18.732162032581087,-18.732162032581087,-18.732162032581087,-18.732162032581087,0.0,0.0,OK
red2_6800:385,-18.696410597733077,0.2271479487819919,-18.696410597733077,-18.696410597733077,-18.696410597733077,-18.696410597733077,-18.696410597733077,0.0,0.0,OK
red2_6800:386,-18.72270370999391,0.2917186224850919,-18.72270370999391,-18.72270370999391,-18.72270370999391,-18.72270370999391,-18.72270370999391,0.0,0.0,OK
red2_6800:387,-18.735420293562274,0.26389490975481766,-18.735420293562274,-18.735420293562274,-18.735420293562274,-18.735420293562274,-18.735420293562274,0.0,0.0,OK
red2_6800:388,-18.715852515905908,0.24862545538877637,-18.715852515905908,-18.715852515905908,-18.715852515905908,-18.715852515905908,-18.715852515905908,0.0,0.0,OK
red2_6800:389,-18.698854495940576,0.2545408335048289,-18.698854495940576,-18.698854495940576,-18.698854495940576,-18.698854495940576,-18.698854495940576,0.0,0.0,OK
red2_6800:390,-18.73313968657105,0.30494094165660335,-18.73313968657105,-18.73313968657105,-18.73313968657105,-18.73313968657105,-18.73313968657105,0.0,0.0,OK
red2_6800:391,-18.68285894442069,0.3058429067671979,-18.68285894442069,-18.68285894442069,-18.68285894442069,-18.68285894442069,-18.68285894442069,0.0,0.0,OK
red2_6800:392,-18.713839359897335,0.2783323802122188,-18.713839359897335,-18.713839359897335,-18.713839359897335,-18.713839359897335,-18.713839359897335,0.0,0.0,OK
red2_6800:393,-18.76431370610552,0.26622357903816957,-18.76431370610552,-18.76431370610552,-18.76431370610552,-18.76431370610552,-18.76431370610552,0.0,0.0,OK
red2_6800:394,-18.70834652437489,0.25077154814936276,-18.70834652437489,-18.70834652437489,-18.70834652437489,-18.70834652437489,-18.70834652437489,0.0,0.0,OK
red2_6800:395,-18.682546831259597,0.346856131180896,-18.682546831259597,-18.682546831259597,-18.682546831259597,-18.682546831259597,-18.682546831259597,0.0,0.0,OK
red2_6800:396,-18.69380120969647,0.28143933054594245,-18.69380120969647,-18.69380120969647,-18.69380120969647,-18.69380120969647,-18.69380120969647,0.0,0.0,OK
red2_6800:397,-18.69187065434596,0.23456553705986735,-18.69187065434596,-18.69187065434596,-18.69187065434596,-18.69187065434596,-18.69187065434596,0.0,0.0,OK
red2_6800:398,-18.776536812397868,0.25069878126309375,-18.776536812397868,-18.776536812397868,-18.776536812397868,-18.776536812397868,-18.776536812397868,0.0,0.0,OK
red2_6800:399,-18.726900897812946,0.259814695545939,-18.726900897812946,-18.726900897812946,-18.726900897812946,-18.726900897812946,-18.726900897812946,0.0,0.0,OK
red2_6800:400,-18.702268903821036,0.2509289584605009,-18.702268903821036,-18.702268903821036,-18.702268903821036,-18.702268903821036,-18.702268903821036,0.0,0.0,OK
red2_6800:401,-18.69886666826949,0.28670146500122784,-18.69886666826949,-18.69886666826949,-18.69886666826949,-18.69886666826949,-18.69886666826949,0.0,0.0,OK
red2_6800:402,-16.87433363662156,0.27090730126208024,-16.874333636624925,-16.874333636635907,-16.87433363663628,-16.8743336366361,-16.874333636635583,1.1354472917446401e-11,3.3644198538240744e-12,OK
red2_6800:403,-18.74885295433748,0.28102255049408187,-18.74885295433748,-18.74885295433748,-18.74885295433748,-18.74885295433748,-18.74885295433748,0.0,0.0,OK
red2_6800:404,-18.682937272186603,0.34565977387712704,-18.682937272186603,-18.682937272186603,-18.682937272186603,-18.682937272186603,-18.682937272186603,0.0,0.0,OK
red2_6800:405,-18.683144217419844,0.26457473674556464,-18.683144217419844,-18.683144217419844,-18.683144217419844,-18.683144217419844,-18.683144217419844,0.0,0.0,OK
red2_6800:406,-18.707514027527804,0.30623503009658337,-18.707514027527804,-18.707514027527804,-18.707514027527804,-18.707514027527804,-18.707514027527804,0.0,0.0,OK
red2_6800:407,-18.68430306727612,0.21512831113324132,-18.68430306727612,-18.68430306727612,-18.68430306727612,-18.68430306727612,-18.68430306727612,0.0,0.0,OK
red2_6800:408,-18.758578573126226,0.2937389075150911,-18.758578573126226,-18.758578573126226,-18.758578573126226,-18.758578573126226,-18.758578573126226,0.0,0.0,OK
red2_6800:409,-18.71940398825278,0.2800986405718589,-18.71940398825278,-18.71940398825278,-18.71940398825278,-18.71940398825278,-18.71940398825278,0.0,0.0,OK
red2_6800:410,-18.687903801331903,0.2769174922852083,-18.687903801331903,-18.687903801331903,-18.687903801331903,-18.687903801331903,-18.687903801331903,0.0,0.0,OK
red2_6800:411,-18.698650014026736,0.24221954071384882,-18.698650014026736,-18.698650014026736,-18.698650014026736,-18.698650014026736,-18.698650014026736,0.0,0.0,OK
red2_6800:412,-18.69894429738538,0.28235281070674023,-18.69894429738538,-18.69894429738538,-18.69894429738538,-18.69894429738538,-18.69894429738538,0.0,0.0,OK
red2_6800:413,-18.731117062808668,0.3378424502586643,-18.731117062808668,-18.731117062808668,-18.731117062808668,-18.731117062808668,-18.731117062808668,0.0,0.0,OK
red2_6800:414,-18.74691250914446,0.2506746441257343,-18.74691250914446,-18.74691250914446,-18.74691250914446,-18.74691250914446,-18.74691250914446,0.0,0.0,OK
red2_6800:415,-18.136280925635102,0.29016223757867365,-18.136280925635262,-18.136280925786874,-18.136280925671848,-18.136280925621257,-18.136280925650542,1.6561685356464295e-10,1.5987211554602254e-13,OK
red2_6800:416,-18.690774863981456,0.26572065836927516,-18.690774863981456,-18.690774863981456,-18.690774863981456,-18.690774863981456,-18.690774863981456,0.0,0.0,OK
red2_6800:417,-18.682830653994117,0.20372778304819805,-18.682830653994117,-18.682830653994117,-18.682830653994117,-18.682830653994117,-18.682830653994117,0.0,0.0,OK
red2_6800:418,-18.6914656045356,0.2905000238993583,-18.6914656045356,-18.6914656045356,-18.6914656045356,-18.6914656045356,-18.6914656045356,0.0,0.0,OK
red2_6800:419,-17.789253757449853,0.3125614166215669,-17.789253757476725,-17.78925375748047,-17.789253756691505,-17.789253758103854,-17.78925375691501,1.41234934858403e-09,2.687272626644699e-11,OK
red2_6800:420,-18.69991496754866,0.29790447324590597,-18.69991496754866,-18.69991496754866,-18.69991496754866,-18.69991496754866,-18.69991496754866,0.0,0.0,OK
red2_6800:421,-18.74879349240308,0.23737876284700024,-18.74879349240308,-18.74879349240308,-18.74879349240308,-18.74879349240308,-18.74879349240308,0.0,0.0,OK
red2_6800:422,-18.743389427284185,0.26251153740192357,-18.743389427284185,-18.743389427284185,-18.743389427284185,-18.743389427284185,-18.743389427284185,0.0,0.0,OK
red2_6800:423,-18.693540220473896,0.28277427551963363,-18.693540220473896,-18.693540220473896,-18.693540220473896,-18.693540220473896,-18.693540220473896,0.0,0.0,OK
red2_6800:424,-18.710599056060868,0.2611097459147028,-18.710599056060868,-18.710599056060868,-18.710599056060868,-18.710599056060868,-18.710599056060868,0.0,0.0,OK
red2_6800:425,-18.729052887559003,0.30929054057006566,-18.729052887559003,-18.729052887559003,-18.729052887559003,-18.729052887559003,-18.729052887559003,0.0,0.0,OK
red2_6800:426,-18.68526165403202,0.23051116618156434,-18.68526165403202,-18.68526165403202,-18.68526165403202,-18.68526165403202,-18.68526165403202,0.0,0.0,OK
red2_6800:427,-18.69224998755053,0.32245169811937296,-18.69224998755053,-18.69224998755053,-18.69224998755053,-18.69224998755053,-18.69224998755053,0.0,0.0,OK
red2_6800:428,-18.698939009657455,0.2912297191135429,-18.698939009657455,-18.698939009657455,-18.698939009657455,-18.698939009657455,-18.698939009657455,0.0,0.0,OK
red2_6800:429,-18.701633113394212,0.20924383158905172,-18.701633113394212,-18.701633113394212,-18.701633113394212,-18.701633113394212,-18.701633113394212,0.0,0.0,OK
red2_6800:430,-18.756933763174818,0.24771004270414543,-18.756933763174818,-18.756933763174818,-18.756933763174818,-18.756933763174818,-18.756933763174818,0.0,0.0,OK
red2_6800:431,-18.78037512322301,0.24142407711095815,-18.78037512322301,-18.78037512322301,-18.78037512322301,-18.78037512322301,-18.78037512322301,0.0,0.0,OK
red2_6800:432,-18.760630121881974,0.30100182912379536,-18.760630121881974,-18.760630121881974,-18.760630121881974,-18.760630121881974,-18.760630121881974,0.0,0.0,OK
red2_6800:433,-18.72834206359483,0.2662221380033204,-18.72834206359483,-18.72834206359483,-18.72834206359483,-18.72834206359483,-18.72834206359483,0.0,0.0,OK
red2_6800:434,-18.752685596309245,0.2949093916139171,-18.752685596309245,-18.752685596309245,-18.752685596309245,-18.752685596309245,-18.752685596309245,0.0,0.0,OK
red2_6800:435,-18.683695343185875,0.25725303738877026,-18.683695343185875,-18.683695343185875,-18.683695343185875,-18.683695343185875,-18.683695343185875,0.0,0.0,OK
red2_6800:436,-18.70359107553409,0.27341419431253094,-18.70359107553409,-18.70359107553409,-18.70359107553409,-18.70359107553409,-18.70359107553409,0.0,0.0,OK
red2_6800:437,-18.690889754052684,0.22557767733714215,-18.690889754052684,-18.690889754052684,-18.690889754052684,-18.690889754052684,-18.690889754052684,0.0,0.0,OK
red2_6800:438,-18.688908832820537,0.28192256588504677,-18.688908832820537,-18.688908832820537,-18.688908832820537,-18.688908832820537,-18.688908832820537,0.0,0.0,OK
red2_6800:439,-18.68590878446446,0.26989383091044156,-18.68590878446446,-18.68590878446446,-18.68590878446446,-18.68590878446446,-18.68590878446446,0.0,0.0,OK
red2_6800:440,-18.699532195151647,0.26278950409307583,-18.699532195151647,-18.699532195151647,-18.699532195151647,-18.699532195151647,-18.699532195151647,0.0,0.0,OK
red2_6800:441,-18.754344578082225,0.21247429941547674,-18.754344578082225,-18.754344578082225,-18.754344578082225,-18.754344578082225,-18.754344578082225,0.0,0.0,OK
red2_6800:442,-18.75419406509837,0.3015174121125203,-18.754194065104397,-18.75419406510037,-18.754194065103984,-18.754194065107093,-18.754194065108592,8.220979452744359e-12,6.0254023992456496e-12,OK
red2_6800:443,-18.683861784801255,0.2654066213197295,-18.683861784801255,-18.683861784801255,-18.683861784801255,-18.683861784801255,-18.683861784801255,0.0,0.0,OK
red2_6800:444,-18.776012394870342,0.30833676275601796,-18.776012394870342,-18.776012394870342,-18.776012394870342,-18.776012394870342,-18.776012394870342,0.0,0.0,OK
red2_6800:445,-18.780704815152458,0.2982064456121655,-18.780704815152458,-18.780704815152458,-18.780704815152458,-18.780704815152458,-18.780704815152458,0.0,0.0,OK
red2_6800:446,-18.774722106184164,0.2745038867866496,-18.774722106184164,-18.774722106184164,-18.774722106184164,-18.774722106184164,-18.774722106184164,0.0,0.0,OK
red2_6800:447,-18.707555504355437,0.31525254000336056,-18.707555504355437,-18.707555504355437,-18.707555504355437,-18.707555504355437,-18.707555504355437,0.0,0.0,OK
red2_6800:448,-18.707964525783286,0.2687807862806381,-18.707964525783286,-18.707964525783286,-18.707964525783286,-18.707964525783286,-18.707964525783286,0.0,0.0,OK
red2_6800:449,-18.746240408019965,0.29097190705033543,-18.746240408019965,-18.746240408019965,-18.746240408019965,-18.746240408019965,-18.746240408019965,0.0,0.0,OK
red2_6800:450,-18.68783407898981,0.32043309458819813,-18.68783407898981,-18.68783407898981,-18.68783407898981,-18.68783407898981,-18.68783407898981,0.0,0.0,OK
red2_6800:451,-18.77350978477971,0.29273117709073715,-18.77350978477971,-18.77350978477971,-18.77350978477971,-18.77350978477971,-18.77350978477971,0.0,0.0,OK
red2_6800:452,-18.706522205122006,0.3162192894969821,-18.706522205122006,-18.706522205122006,-18.706522205122006,-18.706522205122006,-18.706522205122006,0.0,0.0,OK
red2_6800:453,-18.697680096396674,0.2376036595002883,-18.697680096396674,-18.697680096396674,-18.697680096396674,-18.697680096396674,-18.697680096396674,0.0,0.0,OK
red2_6800:454,-18.73966817059049,0.30552827277470224,-18.73966817059049,-18.73966817059049,-18.73966817059049,-18.73966817059049,-18.73966817059049,0.0,0.0,OK
red2_6800:455,-18.709571482036562,0.23321346554450048,-18.709571482036562,-18.709571482036562,-18.709571482036562,-18.709571482036562,-18.709571482036562,0.0,0.0,OK
red2_6800:456,-18.693529408769358,0.2511441202399491,-18.693529408769358,-18.693529408769358,-18.693529408769358,-18.693529408769358,-18.693529408769358,0.0,0.0,OK
red2_6800:457,-18.689783887745225,0.2698416056001812,-18.689783887745225,-18.689783887745225,-18.689783887745225,-18.689783887745225,-18.689783887745225,0.0,0.0,OK
red2_6800:458,-18.768427684424413,0.2643707008621828,-18.768427684424413,-18.768427684424413,-18.768427684424413,-18.768427684424413,-18.768427684424413,0.0,0.0,OK
red2_6800:459,-18.697077551836184,0.2774161858816708,-18.697077551836184,-18.697077551836184,-18.697077551836184,-18.697077551836184,-18.697077551836184,0.0,0.0,OK
red2_6800:460,-18.457306867672536,0.2987942707296377,-18.457306867675516,-18.45730686766995,-18.457306867675143,-18.45730686767195,-18.45730686768009,1.013944483929663e-11,2.9807267765136203e-12,OK
red2_6800:461,-18.699882308222328,0.2905354750757309,-18.699882308222328,-18.699882308222328,-18.699882308222328,-18.699882308222328,-18.699882308222328,0.0,0.0,OK
red2_6800:462,-18.686983222380007,0.25415329519850716,-18.686983222380007,-18.686983222380007,-18.686983222380007,-18.686983222380007,-18.686983222380007,0.0,0.0,OK
red2_6800:463,-18.71749564582015,0.19973375399637666,-18.71749564582015,-18.71749564582015,-18.71749564582015,-18.71749564582015,-18.71749564582015,0.0,0.0,OK
red2_6800:464,-18.696806743776044,0.2211301044512919,-18.696806743776044,-18.696806743776044,-18.696806743776044,-18.696806743776044,-18.696806743776044,0.0,0.0,OK
red2_6800:465,-18.77053766384474,0.3175762644454196,-18.77053766384474,-18.77053766384474,-18.77053766384474,-18.77053766384474,-18.77053766384474,0.0,0.0,OK
red2_6800:466,-18.68502529487974,0.31306504772851396,-18.68502529487974,-18.68502529487974,-18.68502529487974,-18.68502529487974,-18.68502529487974,0.0,0.0,OK
red2_6800:467,-18.70695206654125,0.26533282626809757,-18.70695206654125,-18.70695206654125,-18.70695206654125,-18.70695206654125,-18.70695206654125,0.0,0.0,OK
red2_6800:468,-18.682660892717305,0.260685189062078,-18.682660892717305,-18.682660892717305,-18.682660892717305,-18.682660892717305,-18.682660892717305,0.0,0.0,OK
red2_6800:469,-18.716519027436558,0.3234314586408586,-18.716519027436558,-18.716519027436558,-18.716519027436558,-18.716519027436558,-18.716519027436558,0.0,0.0,OK
red2_6800:470,-18.705910161489065,0.24008910358789357,-18.705910161489065,-18.705910161489065,-18.705910161489065,-18.705910161489065,-18.705910161489065,0.0,0.0,OK
red2_6800:471,-18.68859015797625,0.2791673629051595,-18.68859015797625,-18.68859015797625,-18.68859015797625,-18.68859015797625,-18.68859015797625,0.0,0.0,OK
red2_6800:472,-18.70352858886052,0.27744192790742117,-18.70352858886052,-18.70352858886052,-18.70352858886052,-18.70352858886052,-18.70352858886052,0.0,0.0,OK
red2_6800:473,-18.684262631060868,0.24174359302316645,-18.684262631060868,-18.684262631060868,-18.684262631060868,-18.684262631060868,-18.684262631060868,0.0,0.0,OK
red2_6800:474,-18.743428655135773,0.2329572371839486,-18.743428655135773,-18.743428655135773,-18.743428655135773,-18.743428655135773,-18.743428655135773,0.0,0.0,OK
red2_6800:475,-18.703049189714026,0.2731018483120497,-18.703049189714026,-18.703049189714026,-18.703049189714026,-18.703049189714026,-18.703049189714026,0.0,0.0,OK
red2_6800:476,-18.692201741022103,0.24840572127105467,-18.692201741022103,-18.692201741022103,-18.692201741022103,-18.692201741022103,-18.692201741022103,0.0,0.0,OK
red2_6800:477,-18.737399100116463,0.23582639267034666,-18.737399100116463,-18.737399100116463,-18.737399100116463,-18.737399100116463,-18.737399100116463,0.0,0.0,OK
red2_6800:478,-18.758349723967363,0.2703061679144485,-18.758349723967363,-18.758349723967363,-18.758349723967363,-18.758349723967363,-18.758349723967363,0.0,0.0,OK
red2_6800:479,-18.78019936776319,0.3122542864406326,-18.78019936776319,-18.78019936776319,-18.78019936776319,-18.78019936776319,-18.78019936776319,0.0,0.0,OK
red2_6800:480,-18.690700125727968,0.27490858509890587,-18.690700125727968,-18.690700125727968,-18.690700125727968,-18.690700125727968,-18.690700125727968,0.0,0.0,OK
red2_6800:481,-18.70410503807987,0.2543179020179403,-18.70410503807987,-18.70410503807987,-18.70410503807987,-18.70410503807987,-18.70410503807987,0.0,0.0,OK
red2_6800:482,-18.69250244007484,0.25873785458814935,-18.69250244007484,-18.69250244007484,-18.69250244007484,-18.69250244007484,-18.69250244007484,0.0,0.0,OK
red2_6800:483,-18.706493471054355,0.2678158520999863,-18.706493471054355,-18.706493471054355,-18.706493471054355,-18.706493471054355,-18.706493471054355,0.0,0.0,OK
red2_6800:484,-18.687236479651094,0.27989001192752644,-18.687236479651094,-18.687236479651094,-18.687236479651094,-18.687236479651094,-18.687236479651094,0.0,0.0,OK
red2_6800:485,-18.69149882704621,0.2983269480435461,-18.69149882704621,-18.69149882704621,-18.69149882704621,-18.69149882704621,-18.69149882704621,0.0,0.0,OK
red2_6800:486,-18.763434306276196,0.253574458046956,-18.763434306276196,-18.763434306276196,-18.763434306276196,-18.763434306276196,-18.763434306276196,0.0,0.0,OK
red2_6800:487,-18.740828053436356,0.3152107946262739,-18.740828053436356,-18.740828053436356,-18.740828053436356,-18.740828053436356,-18.740828053436356,0.0,0.0,OK
red2_6800:488,-18.755494815710705,0.27238258179818714,-18.755494815710705,-18.755494815710705,-18.755494815710705,-18.755494815710705,-18.755494815710705,0.0,0.0,OK
red2_6800:489,-18.725077087272524,0.293759373141055,-18.725077087272524,-18.725077087272524,-18.725077087272524,-18.725077087272524,-18.725077087272524,0.0,0.0,OK
red2_6800:490,-18.702189730154377,0.3105687860282965,-18.702189730154377,-18.702189730154377,-18.702189730154377,-18.702189730154377,-18.702189730154377,0.0,0.0,OK
red2_6800:491,-18.702397956032424,0.26063732286572805,-18.702397956032424,-18.702397956032424,-18.702397956032424,-18.702397956032424,-18.702397956032424,0.0,0.0,OK
red2_6800:492,-18.73684785619067,0.28454942305496406,-18.73684785619067,-18.73684785619067,-18.73684785619067,-18.73684785619067,-18.73684785619067,0.0,0.0,OK
red2_6800:493,-18.730643876460594,0.2891890012932911,-18.730643876460594,-18.730643876460594,-18.730643876460594,-18.730643876460594,-18.730643876460594,0.0,0.0,OK
red2_6800:494,-18.71962641235919,0.2637423923325169,-18.71962641235919,-18.71962641235919,-18.71962641235919,-18.71962641235919,-18.71962641235919,0.0,0.0,OK
red2_6800:495,-18.68300379818867,0.23063672309336677,-18.68300379818867,-18.68300379818867,-18.68300379818867,-18.68300379818867,-18.68300379818867,0.0,0.0,OK
red2_6800:496,-18.774633404575443,0.31954154307881005,-18.774633404575443,-18.774633404575443,-18.774633404575443,-18.774633404575443,-18.774633404575443,0.0,0.0,OK
red2_6800:497,-18.719225238078767,0.28145236635604554,-18.719225238078767,-18.719225238078767,-18.719225238078767,-18.719225238078767,-18.719225238078767,0.0,0.0,OK
red2_6800:498,-18.695814118041664,0.2284731840544853,-18.695814118041664,-18.695814118041664,-18.695814118041664,-18.695814118041664,-18.695814118041664,0.0,0.0,OK
red2_6800:499,-18.694142722142526,0.28752573234186307,-18.694142722142526,-18.694142722142526,-18.694142722142526,-18.694142722142526,-18.694142722142526,0.0,0.0,OK
red2_6800:500,-18.682502694189782,0.2687320982102727,-18.682502694189782,-18.682502694189782,-18.682502694189782,-18.682502694189782,-18.682502694189782,0.0,0.0,OK
red2_6800:501,-18.70602868728984,0.2636396535538732,-18.70602868728984,-18.70602868728984,-18.70602868728984,-18.70602868728984,-18.70602868728984,0.0,0.0,OK
red2_6800:502,-18.75749809099095,0.2679861033384307,-18.75749809099095,-18.75749809099095,-18.75749809099095,-18.75749809099095,-18.75749809099095,0.0,0.0,OK
red2_6800:503,-18.704729331724263,0.2937506276822262,-18.704729331724263,-18.704729331724263,-18.704729331724263,-18.704729331724263,-18.704729331724263,0.0,0.0,OK
red2_6800:504,-18.689678892137255,0.27570729583598685,-18.689678892137255,-18.689678892137255,-18.689678892137255,-18.689678892137255,-18.689678892137255,0.0,0.0,OK
red2_6800:505,-18.699193455714692,0.31828583716654324,-18.699193455714692,-18.699193455714692,-18.699193455714692,-18.699193455714692,-18.699193455714692,0.0,0.0,OK
red2_6800:506,-18.73601555488053,0.2875077779544124,-18.73601555488053,-18.73601555488053,-18.73601555488053,-18.73601555488053,-18.73601555488053,0.0,0.0,OK
red2_6800:507,-18.719805257945488,0.3036883371668307,-18.719805257945488,-18.719805257945488,-18.719805257945488,-18.719805257945488,-18.719805257945488,0.0,0.0,OK
red2_6800:508,-18.685884115690826,0.32408491492568847,-18.685884115690826,-18.685884115690826,-18.685884115690826,-18.685884115690826,-18.685884115690826,0.0,0.0,OK
red2_6800:509,-18.771069997705307,0.27370103631438436,-18.771069997705307,-18.771069997705307,-18.771069997705307,-18.771069997705307,-18.771069997705307,0.0,0.0,OK
red2_6800:510,-18.69924746720883,0.28593116537248287,-18.69924746720883,-18.69924746720883,-18.69924746720883,-18.69924746720883,-18.69924746720883,0.0,0.0,OK
red2_6800:511,-18.696824499763704,0.3174842685094385,-18.696824499763704,-18.696824499763704,-18.696824499763704,-18.696824499763704,-18.696824499763704,0.0,0.0,OK
red2_6800:512,-18.744373743559215,0.32041068447639376,-18.744373743559215,-18.744373743559215,-18.744373743559215,-18.744373743559215,-18.744373743559215,0.0,0.0,OK
red2_6800:513,-18.719941669898553,0.33621134906871614,-18.719941669898553,-18.719941669898553,-18.719941669898553,-18.719941669898553,-18.719941669898553,0.0,0.0,OK
red2_6800:514,-18.744017019665307,0.3060440399682582,-18.744017019665307,-18.744017019665307,-18.744017019665307,-18.744017019665307,-18.744017019665307,0.0,0.0,OK
red2_6800:515,-18.747405329852945,0.3034168263408208,-18.747405329852945,-18.747405329852945,-18.747405329852945,-18.747405329852945,-18.747405329852945,0.0,0.0,OK
red2_6800:516,-18.702168409971577,0.28955409526260045,-18.702168409971577,-18.702168409971577,-18.702168409971577,-18.702168409971577,-18.702168409971577,0.0,0.0,OK
red2_6800:517,-18.74245364606486,0.26355228642262674,-18.74245364606486,-18.74245364606486,-18.74245364606486,-18.74245364606486,-18.74245364606486,0.0,0.0,OK
red2_6800:518,-18.693593480922,0.251300584609509,-18.693593480922,-18.693593480922,-18.693593480922,-18.693593480922,-18.693593480922,0.0,0.0,OK
red2_6800:519,-18.70158812089416,0.28752442082527796,-18.70158812089416,-18.70158812089416,-18.70158812089416,-18.70158812089416,-18.70158812089416,0.0,0.0,OK
red2_6800:520,-18.215869049080872,0.275767185143482,-18.215869049133243,-18.21586904908086,-18.215869049081146,-18.21586904908447,-18.21586904943956,3.586997365800926e-10,5.2370552339198184e-11,OK
red2_6800:521,-18.701614129133617,0.25479178157320553,-18.701614129133617,-18.701614129133617,-18.701614129133617,-18.701614129133617,-18.701614129133617,0.0,0.0,OK
red2_6800:522,-18.70654439062056,0.2768309050860413,-18.70654439062056,-18.70654439062056,-18.70654439062056,-18.70654439062056,-18.70654439062056,0.0,0.0,OK
red2_6800:523,-18.68367643520573,0.30691508517886174,-18.68367643520573,-18.68367643520573,-18.68367643520573,-18.68367643520573,-18.68367643520573,0.0,0.0,OK
red2_6800:524,-18.682799661697604,0.3180908729693245,-18.682799661697604,-18.682799661697604,-18.682799661697604,-18.682799661697604,-18.682799661697604,0.0,0.0,OK
red2_6800:525,-18.69610945302124,0.2614093919091272,-18.69610945302124,-18.69610945302124,-18.69610945302124,-18.69610945302124,-18.69610945302124,0.0,0.0,OK
red2_6800:526,-18.684912231051847,0.24994561501184132,-18.684912231051847,-18.684912231051847,-18.684912231051847,-18.684912231051847,-18.684912231051847,0.0,0.0,OK
red2_6800:527,-17.86057601492826,0.3377294965559301,-17.860576014959246,-17.860576014687766,-17.86057601493276,-17.86057601520843,-17.86057601497433,5.206644004829286e-10,3.098676870649797e-11,OK
red2_6800:528,-18.72646976782589,0.30394154762331527,-18.72646976782589,-18.72646976782589,-18.72646976782589,-18.72646976782589,-18.72646976782589,0.0,0.0,OK
red2_6800:529,-18.683016462928403,0.24639514757004058,-18.683016462928403,-18.683016462928403,-18.683016462928403,-18.683016462928403,-18.683016462928403,0.0,0.0,OK
red2_6800:530,-18.699395118799057,0.21158417995011086,-18.699395118799057,-18.699395118799057,-18.699395118799057,-18.699395118799057,-18.699395118799057,0.0,0.0,OK
red2_6800:531,-18.707665920416787,0.23465624249204342,-18.707665920416787,-18.707665920416787,-18.707665920416787,-18.707665920416787,-18.707665920416787,0.0,0.0,OK
red2_6800:532,-18.684284182127097,0.2952777071362935,-18.684284182127097,-18.684284182127097,-18.684284182127097,-18.684284182127097,-18.684284182127097,0.0,0.0,OK
red2_6800:533,-18.768334500658742,0.30004369878685505,-18.768334500658742,-18.768334500658742,-18.768334500658742,-18.768334500658742,-18.768334500658742,0.0,0.0,OK
red2_6800:534,-18.01757090735176,0.3360300575330033,-18.01757090840092,-18.01757090735364,-18.01757090734851,-18.017570907670628,-18.017570907341888,1.0590319732273201e-09,1.0491589819139335e-09,OK
red2_6800:535,-18.717851711489672,0.29634532970160826,-18.717851711489672,-18.717851711489672,-18.717851711489672,-18.717851711489672,-18.717851711489672,0.0,0.0,OK
red2_6800:536,-18.69635242304412,0.2619143707942926,-18.69635242304412,-18.69635242304412,-18.69635242304412,-18.69635242304412,-18.69635242304412,0.0,0.0,OK
red2_6800:537,-18.68882783667605,0.29446466402734406,-18.68882783667605,-18.68882783667605,-18.68882783667605,-18.68882783667605,-18.68882783667605,0.0,0.0,OK
red2_6800:538,-18.74708376304296,0.3192774064610955,-18.74708376304296,-18.74708376304296,-18.74708376304296,-18.74708376304296,-18.74708376304296,0.0,0.0,OK
red2_6800:539,-18.753604433640536,0.34858747293008085,-18.753604433640536,-18.753604433640536,-18.753604433640536,-18.753604433640536,-18.753604433640536,0.0,0.0,OK
red2_6800:540,-18.682573291679663,0.2638483359049098,-18.682573291679663,-18.682573291679663,-18.682573291679663,-18.682573291679663,-18.682573291679663,0.0,0.0,OK
red2_6800:541,-18.700951558969013,0.2873176980475144,-18.700951558969013,-18.700951558969013,-18.700951558969013,-18.700951558969013,-18.700951558969013,0.0,0.0,OK
red2_6800:542,-18.752718518399774,0.30960448869487533,-18.752718518399774,-18.752718518399774,-18.752718518399774,-18.752718518399774,-18.752718518399774,0.0,0.0,OK
red2_6800:543,-18.715313919497614,0.29001606804339763,-18.715313919497614,-18.715313919497614,-18.715313919497614,-18.715313919497614,-18.715313919497614,0.0,0.0,OK
red2_6800:544,-18.7696719714163,0.2328823377647774,-18.7696719714163,-18.7696719714163,-18.7696719714163,-18.7696719714163,-18.7696719714163,0.0,0.0,OK
red2_6800:545,-18.708044423976677,0.24690398269777059,-18.708044423976677,-18.708044423976677,-18.708044423976677,-18.708044423976677,-18.708044423976677,0.0,0.0,OK
red2_6800:546,-18.692074351159324,0.27829559973414636,-18.692074351159324,-18.692074351159324,-18.692074351159324,-18.692074351159324,-18.692074351159324,0.0,0.0,OK
red2_6800:547,-18.716715519397216,0.24722976326049784,-18.716715519397216,-18.716715519397216,-18.716715519397216,-18.716715519397216,-18.716715519397216,0.0,0.0,OK
red2_6800:548,-18.682951551728816,0.30540288830515094,-18.682951551728816,-18.682951551728816,-18.682951551728816,-18.682951551728816,-18.682951551728816,0.0,0.0,OK
red2_6800:549,-18.727926748060298,0.2950930341519686,-18.727926748060298,-18.727926748060298,-18.727926748060298,-18.727926748060298,-18.727926748060298,0.0,0.0,OK
red2_6800:550,-18.73198770208939,0.2517828563865929,-18.73198770208939,-18.73198770208939,-18.73198770208939,-18.73198770208939,-18.73198770208939,0.0,0.0,OK
red2_6800:551,-18.712885380967442,0.3053653529993989,-18.712885380967442,-18.712885380967442,-18.712885380967442,-18.712885380967442,-18.712885380967442,0.0,0.0,OK
red2_6800:552,-18.707808366988143,0.26676023551209627,-18.707808366988143,-18.707808366988143,-18.707808366988143,-18.707808366988143,-18.707808366988143,0.0,0.0,OK
red2_6800:553,-18.714536176282454,0.26293802989529724,-18.714536176282454,-18.714536176282454,-18.714536176282454,-18.714536176282454,-18.714536176282454,0.0,0.0,OK
red2_6800:554,-18.774214285793214,0.34302350355210137,-18.774214285793214,-18.774214285793214,-18.774214285793214,-18.774214285793214,-18.774214285793214,0.0,0.0,OK
red2_6800:555,-18.703645011179958,0.34064333444456263,-18.703645011179958,-18.703645011179958,-18.703645011179958,-18.703645011179958,-18.703645011179958,0.0,0.0,OK
red2_6800:556,-18.70748957098904,0.2674321722911767,-18.70748957098904,-18.70748957098904,-18.70748957098904,-18.70748957098904,-18.70748957098904,0.0,0.0,OK
red2_6800:557,-18.683072788902827,0.31593102327686884,-18.683072788902827,-18.683072788902827,-18.683072788902827,-18.683072788902827,-18.683072788902827,0.0,0.0,OK
red2_6800:558,-18.342393059955384,0.24768235550129036,-18.342393059954457,-18.342393059953327,-18.34239305995747,-18.342393059951608,-18.342393059953274,5.8619775700208265e-12,9.272582701669307e-13,OK
red2_6800:559,-18.72117116271431,0.30329258695925204,-18.72117116271431,-18.72117116271431,-18.72117116271431,-18.72117116271431,-18.72117116271431,0.0,0.0,OK
red2_6800:560,-18.75769376154769,0.3094320633505097,-18.75769376154769,-18.75769376154769,-18.75769376154769,-18.75769376154769,-18.75769376154769,0.0,0.0,OK
red2_6800:561,-18.73091974902063,0.2490505489752971,-18.73091974902063,-18.73091974902063,-18.73091974902063,-18.73091974902063,-18.73091974902063,0.0,0.0,OK
red2_6800:562,-18.71065983199489,0.26439187332494685,-18.71065983199489,-18.71065983199489,-18.71065983199489,-18.71065983199489,-18.71065983199489,0.0,0.0,OK
red2_6800:563,-18.77602795393308,0.3473806314376547,-18.77602795393308,-18.77602795393308,-18.77602795393308,-18.77602795393308,-18.77602795393308,0.0,0.0,OK
red2_6800:564,-17.67549042060076,0.32075596546275953,-17.675490420572093,-17.67549042055235,-17.675490420599278,-17.675490420577077,-17.67549042057492,4.692779498327582e-11,2.8666846674241242e-11,OK
red2_6800:565,-18.744144079317792,0.3223154293354932,-18.744144079317792,-18.744144079317792,-18.744144079317792,-18.744144079317792,-18.744144079317792,0.0,0.0,OK
red2_6800:566,-18.705372628766757,0.29314339672077944,-18.705372628766757,-18.705372628766757,-18.705372628766757,-18.705372628766757,-18.705372628766757,0.0,0.0,OK
red2_6800:567,-18.704758346931488,0.31438173225210825,-18.704758346931488,-18.704758346931488,-18.704758346931488,-18.704758346931488,-18.704758346931488,0.0,0.0,OK
red2_6800:568,-18.68250332299639,0.2802399734553012,-18.68250332299639,-18.68250332299639,-18.68250332299639,-18.68250332299639,-18.68250332299639,0.0,0.0,OK
red2_6800:569,-18.73108122764071,0.270186977609558,-18.73108122764071,-18.73108122764071,-18.73108122764071,-18.73108122764071,-18.73108122764071,0.0,0.0,OK
red2_6800:570,-18.68982268649107,0.2413567670215741,-18.68982268649107,-18.68982268649107,-18.68982268649107,-18.68982268649107,-18.68982268649107,0.0,0.0,OK
red2_6800:571,-18.717925689090144,0.27630191670829524,-18.717925689090144,-18.717925689090144,-18.717925689090144,-18.717925689090144,-18.717925689090144,0.0,0.0,OK
red2_6800:572,-18.68412719250432,0.2205004564530581,-18.68412719250432,-18.68412719250432,-18.68412719250432,-18.68412719250432,-18.68412719250432,0.0,0.0,OK
red2_6800:573,-18.720329714716126,0.2795340264559612,-18.720329714716126,-18.720329714716126,-18.720329714716126,-18.720329714716126,-18.720329714716126,0.0,0.0,OK
red2_6800:574,-18.769867520206894,0.2512162834047253,-18.769867520206894,-18.769867520206894,-18.769867520206894,-18.769867520206894,-18.769867520206894,0.0,0.0,OK
red2_6800:575,-18.695829263276117,0.33820143239730527,-18.695829263276117,-18.695829263276117,-18.695829263276117,-18.695829263276117,-18.695829263276117,0.0,0.0,OK
red2_6800:576,-18.766375545556553,0.3012784934754788,-18.766375545556553,-18.766375545556553,-18.766375545556553,-18.766375545556553,-18.766375545556553,0.0,0.0,OK
red2_6800:577,-18.683319887498474,0.2804905328925106,-18.683319887498474,-18.683319887498474,-18.683319887498474,-18.683319887498474,-18.683319887498474,0.0,0.0,OK
red2_6800:578,-18.720757853072552,0.2563738780515218,-18.720757853072552,-18.720757853072552,-18.720757853072552,-18.720757853072552,-18.720757853072552,0.0,0.0,OK
red2_6800:579,-18.682608207229443,0.2882204691337981,-18.682608207229443,-18.682608207229443,-18.682608207229443,-18.682608207229443,-18.682608207229443,0.0,0.0,OK
red2_6800:580,-18.08084987965387,0.2811535288916336,-18.080849879651232,-18.080849879649723,-18.080849879651538,-18.080849879649634,-18.08084987965239,2.7569058147491887e-12,2.6361135496699717e-12,OK
red2_6800:581,-18.69253043722425,0.2951082249230367,-18.69253043722425,-18.69253043722425,-18.69253043722425,-18.69253043722425,-18.69253043722425,0.0,0.0,OK
red2_6800:582,-18.77832528683091,0.2981513279450085,-18.77832528683091,-18.77832528683091,-18.77832528683091,-18.77832528683091,-18.77832528683091,0.0,0.0,OK
red2_6800:583,-18.72218922395116,0.2872613661024753,-18.72218922395116,-18.72218922395116,-18.72218922395116,-18.72218922395116,-18.72218922395116,0.0,0.0,OK
red2_6800:584,-18.742279312160683,0.31112468368801033,-18.742279312160683,-18.742279312160683,-18.742279312160683,-18.742279312160683,-18.742279312160683,0.0,0.0,OK
red2_6800:585,-18.690073434324226,0.28773191272996984,-18.690073434324226,-18.690073434324226,-18.690073434324226,-18.690073434324226,-18.690073434324226,0.0,0.0,OK
red2_6800:586,-18.694741910398577,0.22432312448276778,-18.694741910398577,-18.694741910398577,-18.694741910398577,-18.694741910398577,-18.694741910398577,0.0,0.0,OK
red2_6800:587,-18.689418022632207,0.29560202118125584,-18.689418022632207,-18.689418022632207,-18.689418022632207,-18.689418022632207,-18.689418022632207,0.0,0.0,OK
red2_6800:588,-18.688138737712563,0.2773788747686658,-18.688138737712563,-18.688138737712563,-18.688138737712563,-18.688138737712563,-18.688138737712563,0.0,0.0,OK
red2_6800:589,-18.764051144181376,0.30404084468492637,-18.764051144181376,-18.764051144181376,-18.764051144181376,-18.764051144181376,-18.764051144181376,0.0,0.0,OK
red2_6800:590,-18.682616907153506,0.26585239999781785,-18.682616907153506,-18.682616907153506,-18.682616907153506,-18.682616907153506,-18.682616907153506,0.0,0.0,OK
red2_6800:591,-18.682549207689473,0.28517312178840803,-18.682549207689473,-18.682549207689473,-18.682549207689473,-18.682549207689473,-18.682549207689473,0.0,0.0,OK
red2_6800:592,-18.736904581305296,0.27040201602056313,-18.736904581305296,-18.736904581305296,-18.736904581305296,-18.736904581305296,-18.736904581305296,0.0,0.0,OK
red2_6800:593,-18.72692204730685,0.30936883789879793,-18.726922040948775,-18.72692205621073,-18.726922061152116,-18.726922054758145,-18.72692205192997,2.0203341222213567e-08,6.35807495541485e-09,OK
red2_6800:594,-18.770258790022346,0.3029580554238315,-18.770258790022346,-18.770258790022346,-18.770258790022346,-18.770258790022346,-18.770258790022346,0.0,0.0,OK
red2_6800:595,-18.682630884167246,0.298243520997677,-18.682630884167246,-18.682630884167246,-18.682630884167246,-18.682630884167246,-18.682630884167246,0.0,0.0,OK
red2_6800:596,-18.762470082917996,0.3104264611138243,-18.762470082917996,-18.762470082917996,-18.762470082917996,-18.762470082917996,-18.762470082917996,0.0,0.0,OK
red2_6800:597,-18.74210735974844,0.29799656442119904,-18.74210735974844,-18.74210735974844,-18.74210735974844,-18.74210735974844,-18.74210735974844,0.0,0.0,OK
red2_6800:598,-18.743873718311015,0.25845503382252627,-18.743873718311015,-18.743873718311015,-18.743873718311015,-18.743873718311015,-18.743873718311015,0.0,0.0,OK
red2_6800:599,-18.68752696682458,0.28838114341221316,-18.68752696682458,-18.68752696682458,-18.68752696682458,-18.68752696682458,-18.68752696682458,0.0,0.0,OK
red2_6800:600,-18.685235196212773,0.2535315484110432,-18.685235196212773,-18.685235196212773,-18.685235196212773,-18.685235196212773,-18.685235196212773,0.0,0.0,OK
red2_6800:601,-18.689064924761237,0.27234589942523385,-18.689064924761237,-18.689064924761237,-18.689064924761237,-18.689064924761237,-18.689064924761237,0.0,0.0,OK
red2_6800:602,-18.73966895644818,0.3225561173637341,-18.73966895644818,-18.73966895644818,-18.73966895644818,-18.73966895644818,-18.73966895644818,0.0,0.0,OK
red2_6800:603,-18.725003947510697,0.2990495880011539,-18.725003947510697,-18.725003947510697,-18.725003947510697,-18.725003947510697,-18.725003947510697,0.0,0.0,OK
red2_6800:604,-18.68769971582144,0.3231175831724427,-18.68769971582144,-18.68769971582144,-18.68769971582144,-18.68769971582144,-18.68769971582144,0.0,0.0,OK
red2_6800:605,-18.75800342945353,0.3141844496373785,-18.75800342945353,-18.75800342945353,-18.75800342945353,-18.75800342945353,-18.75800342945353,0.0,0.0,OK
red2_6800:606,-18.692850533933523,0.295507285521839,-18.692850533933523,-18.692850533933523,-18.692850533933523,-18.692850533933523,-18.692850533933523,0.0,0.0,OK
red2_6800:607,-18.70144011909309,0.3153156310751698,-18.70144011909309,-18.70144011909309,-18.70144011909309,-18.70144011909309,-18.70144011909309,0.0,0.0,OK
red2_6800:608,-18.732004609708973,0.24540789289318207,-18.732004609708973,-18.732004609708973,-18.732004609708973,-18.732004609708973,-18.732004609708973,0.0,0.0,OK
red2_6800:609,-18.69839013677904,0.29183317186871083,-18.69839013677904,-18.69839013677904,-18.69839013677904,-18.69839013677904,-18.69839013677904,0.0,0.0,OK
red2_6800:610,-18.682716905139785,0.29901954545374615,-18.682716905139785,-18.682716905139785,-18.682716905139785,-18.682716905139785,-18.682716905139785,0.0,0.0,OK
red2_6800:611,-18.72877695285896,0.34805154749432365,-18.72877695285896,-18.72877695285896,-18.72877695285896,-18.72877695285896,-18.72877695285896,0.0,0.0,OK
red2_6800:612,-18.704276042429647,0.29735280602507613,-18.704276042429647,-18.704276042429647,-18.704276042429647,-18.704276042429647,-18.704276042429647,0.0,0.0,OK
red2_6800:613,-18.695651414919695,0.28701856737331105,-18.695651414919695,-18.695651414919695,-18.695651414919695,-18.695651414919695,-18.695651414919695,0.0,0.0,OK
red2_6800:614,-18.690768864441345,0.31526690168665583,-18.690768864441345,-18.690768864441345,-18.690768864441345,-18.690768864441345,-18.690768864441345,0.0,0.0,OK
red2_6800:615,-18.68429488943892,0.2573060885441132,-18.68429488943892,-18.68429488943892,-18.68429488943892,-18.68429488943892,-18.68429488943892,0.0,0.0,OK
red2_6800:616,-18.68264851071619,0.3151077898002835,-18.68264851071619,-18.68264851071619,-18.68264851071619,-18.68264851071619,-18.68264851071619,0.0,0.0,OK
red2_6800:617,-18.684029725310264,0.2755106823859423,-18.684029725310264,-18.684029725310264,-18.684029725310264,-18.684029725310264,-18.684029725310264,0.0,0.0,OK
red2_6800:618,-18.72596598041553,0.3163746820332034,-18.72596598041553,-18.72596598041553,-18.72596598041553,-18.72596598041553,-18.72596598041553,0.0,0.0,OK
red2_6800:619,-18.709948020986573,0.29485242793667893,-18.709948020986573,-18.709948020986573,-18.709948020986573,-18.709948020986573,-18.709948020986573,0.0,0.0,OK
red2_6800:620,-18.69601939895437,0.2956871464530904,-18.69601939895437,-18.69601939895437,-18.69601939895437,-18.69601939895437,-18.69601939895437,0.0,0.0,OK
red2_6800:621,-18.692033041133698,0.27195175568983343,-18.692033041133698,-18.692033041133698,-18.692033041133698,-18.692033041133698,-18.692033041133698,0.0,0.0,OK
red2_6800:622,-18.695822232172468,0.3101745348834347,-18.695822232172468,-18.695822232172468,-18.695822232172468,-18.695822232172468,-18.695822232172468,0.0,0.0,OK
red2_6800:623,-17.537794192097,0.28002469171922456,-17.53779419182604,-17.537794192117254,-17.53779419191035,-17.537794191913154,-17.53779419190615,2.9121238753759826e-10,2.709583668547566e-10,OK
red2_6800:624,-18.710490795138682,0.2766710570192614,-18.710490795138682,-18.710490795138682,-18.710490795138682,-18.710490795138682,-18.710490795138682,0.0,0.0,OK
red2_6800:625,-18.689424071172034,0.22888601113175122,-18.689424071172034,-18.689424071172034,-18.689424071172034,-18.689424071172034,-18.689424071172034,0.0,0.0,OK
red2_6800:626,-18.68378889545526,0.2700509487492015,-18.68378889545526,-18.68378889545526,-18.68378889545526,-18.68378889545526,-18.68378889545526,0.0,0.0,OK
red2_6800:627,-18.68484857204527,0.3107205223576729,-18.68484857204527,-18.68484857204527,-18.68484857204527,-18.68484857204527,-18.68484857204527,0.0,0.0,OK
red2_6800:628,-18.747704123349774,0.28714336395353307,-18.747704123349774,-18.747704123349774,-18.747704123349774,-18.747704123349774,-18.747704123349774,0.0,0.0,OK
red2_6800:629,-18.736309034780472,0.26841243276315485,-18.736309034780472,-18.736309034780472,-18.736309034780472,-18.736309034780472,-18.736309034780472,0.0,0.0,OK
red2_6800:630,-18.709670460820963,0.2111133107401557,-18.709670460820963,-18.709670460820963,-18.709670460820963,-18.709670460820963,-18.709670460820963,0.0,0.0,OK
red2_6800:631,-18.70382567661343,0.29843743131712996,-18.70382567661343,-18.70382567661343,-18.70382567661343,-18.70382567661343,-18.70382567661343,0.0,0.0,OK
red2_6800:632,-18.494646481221853,0.2818626486518865,-18.494646481219785,-18.49464648121981,-18.49464648121818,-18.49464648122114,-18.49464648122027,2.9594104944408173e-12,2.0676793610618915e-12,OK
red2_6800:633,-18.683434279166487,0.3243190428075454,-18.683434279166487,-18.683434279166487,-18.683434279166487,-18.683434279166487,-18.683434279166487,0.0,0.0,OK
red2_6800:634,-18.734049952076465,0.2556421694167263,-18.734049952076465,-18.734049952076465,-18.734049952076465,-18.734049952076465,-18.734049952076465,0.0,0.0,OK
red2_6800:635,-18.691373574719528,0.27345318103327554,-18.691373574719528,-18.691373574719528,-18.691373574719528,-18.691373574719528,-18.691373574719528,0.0,0.0,OK
red2_6800:636,-18.723365053787447,0.3100690891956728,-18.723365053787447,-18.723365053787447,-18.723365053787447,-18.723365053787447,-18.723365053787447,0.0,0.0,OK
red2_6800:637,-18.771674349457857,0.2790148619989674,-18.771674349457857,-18.771674349457857,-18.771674349457857,-18.771674349457857,-18.771674349457857,0.0,0.0,OK
red2_6800:638,-18.72380398002214,0.2731140624238365,-18.72380398002214,-18.72380398002214,-18.72380398002214,-18.72380398002214,-18.72380398002214,0.0,0.0,OK
red2_6800:639,-18.70263795807169,0.32173272570726497,-18.70263795807169,-18.70263795807169,-18.70263795807169,-18.70263795807169,-18.70263795807169,0.0,0.0,OK
red2_6800:640,-18.68322270214386,0.2607885403111137,-18.68322270214386,-18.68322270214386,-18.68322270214386,-18.68322270214386,-18.68322270214386,0.0,0.0,OK
red2_6800:641,-18.685529871040806,0.23897026633945007,-18.685529871040806,-18.685529871040806,-18.685529871040806,-18.685529871040806,-18.685529871040806,0.0,0.0,OK
red2_6800:642,-18.688495425195804,0.3391343369626331,-18.688495425195804,-18.688495425195804,-18.688495425195804,-18.688495425195804,-18.688495425195804,0.0,0.0,OK
red2_6800:643,-18.71912340392043,0.2761726247391244,-18.71912340392043,-18.71912340392043,-18.71912340392043,-18.71912340392043,-18.71912340392043,0.0,0.0,OK
red2_6800:644,-18.683912460300675,0.2791472141403458,-18.683912460300675,-18.683912460300675,-18.683912460300675,-18.683912460300675,-18.683912460300675,0.0,0.0,OK
red2_6800:645,-18.708610600737945,0.26265685085432267,-18.708610600737945,-18.708610600737945,-18.708610600737945,-18.708610600737945,-18.708610600737945,0.0,0.0,OK
red2_6800:646,-18.684675261991963,0.24515257018975703,-18.684675261991963,-18.684675261991963,-18.684675261991963,-18.684675261991963,-18.684675261991963,0.0,0.0,OK
red2_6800:647,-18.68439852803009,0.24805999792350716,-18.68439852803009,-18.68439852803009,-18.68439852803009,-18.68439852803009,-18.68439852803009,0.0,0.0,OK
red2_6800:648,-18.699178823082732,0.32974045632802873,-18.699178823082732,-18.699178823082732,-18.699178823082732,-18.699178823082732,-18.699178823082732,0.0,0.0,OK
red2_6800:649,-18.68752626614765,0.31135846741888396,-18.68752626614765,-18.68752626614765,-18.68752626614765,-18.68752626614765,-18.68752626614765,0.0,0.0,OK
red2_6800:650,-18.69242100613576,0.2591188997469272,-18.69242100613576,-18.69242100613576,-18.69242100613576,-18.69242100613576,-18.69242100613576,0.0,0.0,OK
red2_6800:651,-17.670384641350665,0.2982113875157937,-17.67038464133681,-17.670384641341847,-17.67038464132497,-17.670384641340355,-17.67038464133386,1.687894268798118e-11,1.3855583347321954e-11,OK
red2_6800:652,-18.68510257829098,0.23428764577326242,-18.68510257829098,-18.68510257829098,-18.68510257829098,-18.68510257829098,-18.68510257829098,0.0,0.0,OK
red2_6800:653,-18.7584374754268,0.3138714612765238,-18.7584374754268,-18.7584374754268,-18.7584374754268,-18.7584374754268,-18.7584374754268,0.0,0.0,OK
red2_6800:654,-18.74635676390071,0.29985882517324514,-18.74635676390071,-18.74635676390071,-18.74635676390071,-18.74635676390071,-18.74635676390071,0.0,0.0,OK
red2_6800:655,-18.706057203324956,0.30091362695826324,-18.706057203656343,-18.706057203615043,-18.70605720364267,-18.706057203603812,-18.706057203629687,5.2530424454744207e-11,3.313864738174743e-10,OK
red2_6800:656,-18.713951594717738,0.29070368028342064,-18.713951594717738,-18.713951594717738,-18.713951594717738,-18.713951594717738,-18.713951594717738,0.0,0.0,OK
red2_6800:657,-18.706966694428203,0.2812755230590755,-18.706966694428203,-18.706966694428203,-18.706966694428203,-18.706966694428203,-18.706966694428203,0.0,0.0,OK
red2_6800:658,-18.7599567601786,0.28810625882100654,-18.7599567601786,-18.7599567601786,-18.7599567601786,-18.7599567601786,-18.7599567601786,0.0,0.0,OK
red2_6800:659,-18.686799704369612,0.3158964567206694,-18.686799704369612,-18.686799704369612,-18.686799704369612,-18.686799704369612,-18.686799704369612,0.0,0.0,OK
red2_6800:660,-18.70122989569616,0.26527923735731207,-18.70122989569616,-18.70122989569616,-18.70122989569616,-18.70122989569616,-18.70122989569616,0.0,0.0,OK
red2_6800:661,-18.682827120433366,0.2869405839514104,-18.682827120433366,-18.682827120433366,-18.682827120433366,-18.682827120433366,-18.682827120433366,0.0,0.0,OK
red2_6800:662,-18.694696421022773,0.27528019732365505,-18.694696421022773,-18.694696421022773,-18.694696421022773,-18.694696421022773,-18.694696421022773,0.0,0.0,OK
red2_6800:663,-18.76539428079839,0.3459583329412549,-18.76539428079839,-18.76539428079839,-18.76539428079839,-18.76539428079839,-18.76539428079839,0.0,0.0,OK
red2_6800:664,-18.7317108984448,0.3015267178761383,-18.7317108984448,-18.7317108984448,-18.7317108984448,-18.7317108984448,-18.7317108984448,0.0,0.0,OK
red2_6800:665,-18.715862815189244,0.33548538180007303,-18.715862815189244,-18.715862815189244,-18.715862815189244,-18.715862815189244,-18.715862815189244,0.0,0.0,OK
red2_6800:666,-18.7419527175622,0.30178576971770626,-18.7419527175622,-18.7419527175622,-18.7419527175622,-18.7419527175622,-18.7419527175622,0.0,0.0,OK
red2_6800:667,-18.705128846487998,0.2604941918713954,-18.705128846487998,-18.705128846487998,-18.705128846487998,-18.705128846487998,-18.705128846487998,0.0,0.0,OK
red2_6800:668,-18.68385556177113,0.28350645454543777,-18.68385556177113,-18.68385556177113,-18.68385556177113,-18.68385556177113,-18.68385556177113,0.0,0.0,OK
red2_6800:669,-18.698007974634145,0.25329636553862456,-18.698007974634145,-18.698007974634145,-18.698007974634145,-18.698007974634145,-18.698007974634145,0.0,0.0,OK
red2_6800:670,-18.741477429436294,0.26336287896063776,-18.741477429436294,-18.741477429436294,-18.741477429436294,-18.741477429436294,-18.741477429436294,0.0,0.0,OK
red2_6800:671,-18.682727316774557,0.2657373408805563,-18.682727316774557,-18.682727316774557,-18.682727316774557,-18.682727316774557,-18.682727316774557,0.0,0.0,OK
red2_6800:672,-18.772831146013726,0.29629262447814836,-18.772831146013726,-18.772831146013726,-18.772831146013726,-18.772831146013726,-18.772831146013726,0.0,0.0,OK
red2_6800:673,-18.692688510495994,0.2574892041185396,-18.692688510495994,-18.692688510495994,-18.692688510495994,-18.692688510495994,-18.692688510495994,0.0,0.0,OK
red2_6800:674,-18.684779147084374,0.3403266744485328,-18.684779147084374,-18.684779147084374,-18.684779147084374,-18.684779147084374,-18.684779147084374,0.0,0.0,OK
red2_6800:675,-18.70066358678436,0.3047954597338676,-18.70066358678436,-18.70066358678436,-18.70066358678436,-18.70066358678436,-18.70066358678436,0.0,0.0,OK
red2_6800:676,-18.766152412321027,0.2708665640047345,-18.766152412321027,-18.766152412321027,-18.766152412321027,-18.766152412321027,-18.766152412321027,0.0,0.0,OK
red2_6800:677,-18.684542525839888,0.2643427070122833,-18.684542525839888,-18.684542525839888,-18.684542525839888,-18.684542525839888,-18.684542525839888,0.0,0.0,OK
red2_6800:678,-18.699736409502197,0.2518860804950987,-18.699736409502197,-18.699736409502197,-18.699736409502197,-18.699736409502197,-18.699736409502197,0.0,0.0,OK
red2_6800:679,-18.699867130498163,0.28585958472148104,-18.699867130498163,-18.699867130498163,-18.699867130498163,-18.699867130498163,-18.699867130498163,0.0,0.0,OK
red2_6800:680,-18.68825059993201,0.2515466655698806,-18.68825059993201,-18.68825059993201,-18.68825059993201,-18.68825059993201,-18.68825059993201,0.0,0.0,OK
red2_6800:681,-18.736733027650324,0.24027756332935088,-18.736733027650324,-18.736733027650324,-18.736733027650324,-18.736733027650324,-18.736733027650324,0.0,0.0,OK
red2_6800:682,-18.68834370399775,0.2651517850912397,-18.68834370399775,-18.68834370399775,-18.68834370399775,-18.68834370399775,-18.68834370399775,0.0,0.0,OK
red2_6800:683,-18.760699454353933,0.29019906341142954,-18.760699454353933,-18.760699454353933,-18.760699454353933,-18.760699454353933,-18.760699454353933,0.0,0.0,OK
red2_6800:684,-18.751245575151238,0.2928308478819447,-18.751245575151238,-18.751245575151238,-18.751245575151238,-18.751245575151238,-18.751245575151238,0.0,0.0,OK
red2_6800:685,-18.695639835845274,0.3023824305716215,-18.695639835845274,-18.695639835845274,-18.695639835845274,-18.695639835845274,-18.695639835845274,0.0,0.0,OK
red2_6800:686,-18.69385973002522,0.26311303196133295,-18.69385973002522,-18.69385973002522,-18.69385973002522,-18.69385973002522,-18.69385973002522,0.0,0.0,OK
red2_6800:687,-18.711624282968703,0.2775187507061155,-18.711624282968703,-18.711624282968703,-18.711624282968703,-18.711624282968703,-18.711624282968703,0.0,0.0,OK
red2_6800:688,-18.69076413502147,0.2630482266181864,-18.69076413502147,-18.69076413502147,-18.69076413502147,-18.69076413502147,-18.69076413502147,0.0,0.0,OK
red2_6800:689,-18.69272851742907,0.23498836738521392,-18.69272851742907,-18.69272851742907,-18.69272851742907,-18.69272851742907,-18.69272851742907,0.0,0.0,OK
red2_6800:690,-18.074805099647026,0.256492463678853,-18.074805099647026,-18.074805099647026,-18.074805099647026,-18.074805099647026,-18.074805099647026,0.0,0.0,OK
red2_6800:691,-18.751570813744664,0.3299962950006326,-18.751570813744664,-18.751570813744664,-18.751570813744664,-18.751570813744664,-18.751570813744664,0.0,0.0,OK
red2_6800:692,-18.719588889542393,0.2506081831197694,-18.719588889542393,-18.719588889542393,-18.719588889542393,-18.719588889542393,-18.719588889542393,0.0,0.0,OK
red2_6800:693,-18.706241904652934,0.31842085813182325,-18.706241904652934,-18.706241904652934,-18.706241904652934,-18.706241904652934,-18.706241904652934,0.0,0.0,OK
red2_6800:694,-18.687642125831886,0.3158391982206401,-18.687642125831886,-18.687642125831886,-18.687642125831886,-18.687642125831886,-18.687642125831886,0.0,0.0,OK
red2_6800:695,-18.738166015789453,0.2822605184202744,-18.738166015789453,-18.738166015789453,-18.738166015789453,-18.738166015789453,-18.738166015789453,0.0,0.0,OK
red2_6800:696,-18.752296472555695,0.24691623291062775,-18.752296472555695,-18.752296472555695,-18.752296472555695,-18.752296472555695,-18.752296472555695,0.0,0.0,OK
red2_6800:697,-18.6829028904025,0.2804343810578345,-18.6829028904025,-18.6829028904025,-18.6829028904025,-18.6829028904025,-18.6829028904025,0.0,0.0,OK
red2_6800:698,-18.68477358438202,0.27320149105602676,-18.68477358438202,-18.68477358438202,-18.68477358438202,-18.68477358438202,-18.68477358438202,0.0,0.0,OK
red2_6800:699,-18.717346657676224,0.23357600863655337,-18.717346657676224,-18.717346657676224,-18.717346657676224,-18.717346657676224,-18.717346657676224,0.0,0.0,OK
red2_6800:700,-18.765438663937758,0.30741529721917954,-18.765438663937758,-18.765438663937758,-18.765438663937758,-18.765438663937758,-18.765438663937758,0.0,0.0,OK
red2_6800:701,-18.683266188451856,0.3137194388115559,-18.683266188451856,-18.683266188451856,-18.683266188451856,-18.683266188451856,-18.683266188451856,0.0,0.0,OK
red2_6800:702,-18.700844276531036,0.2895233688712063,-18.700844276531036,-18.700844276531036,-18.700844276531036,-18.700844276531036,-18.700844276531036,0.0,0.0,OK
red2_6800:703,-18.76149714779912,0.33969221001703465,-18.76149714779912,-18.76149714779912,-18.76149714779912,-18.76149714779912,-18.76149714779912,0.0,0.0,OK
red2_6800:704,-18.697852075810932,0.2494130618995404,-18.697852075810932,-18.697852075810932,-18.697852075810932,-18.697852075810932,-18.697852075810932,0.0,0.0,OK
red2_6800:705,-18.682908206545292,0.23441556280966627,-18.682908206545292,-18.682908206545292,-18.682908206545292,-18.682908206545292,-18.682908206545292,0.0,0.0,OK
red2_6800:706,-18.710010261320427,0.2919605379966086,-18.710010261320427,-18.710010261320427,-18.710010261320427,-18.710010261320427,-18.710010261320427,0.0,0.0,OK
red2_6800:707,-18.752093814384693,0.2331790432406119,-18.752093814384693,-18.752093814384693,-18.752093814384693,-18.752093814384693,-18.752093814384693,0.0,0.0,OK
red2_6800:708,-18.688271299053227,0.2944371867984567,-18.688271299053227,-18.688271299053227,-18.688271299053227,-18.688271299053227,-18.688271299053227,0.0,0.0,OK
red2_6800:709,-18.68293594589906,0.26186723084382096,-18.68293594589906,-18.68293594589906,-18.68293594589906,-18.68293594589906,-18.68293594589906,0.0,0.0,OK
red2_6800:710,-18.68250239908616,0.31917545304269446,-18.68250239908616,-18.68250239908616,-18.68250239908616,-18.68250239908616,-18.68250239908616,0.0,0.0,OK
red2_6800:711,-18.68929933415316,0.23287724538136928,-18.68929933415316,-18.68929933415316,-18.68929933415316,-18.68929933415316,-18.68929933415316,0.0,0.0,OK
red2_6800:712,-18.68620804172089,0.29005542072299073,-18.68620804172089,-18.68620804172089,-18.68620804172089,-18.68620804172089,-18.68620804172089,0.0,0.0,OK
red2_6800:713,-18.694525419558886,0.27823858443873495,-18.694525419558886,-18.694525419558886,-18.694525419558886,-18.694525419558886,-18.694525419558886,0.0,0.0,OK
red2_6800:714,-16.80773468273761,0.2610345955724838,-16.80773468274874,-16.80773468274874,-16.80773468274874,-16.80773468274874,-16.80773468274874,0.0,1.113065195568197e-11,OK
red2_6800:715,-18.685300238588482,0.26728121630923973,-18.685300238588482,-18.685300238588482,-18.685300238588482,-18.685300238588482,-18.685300238588482,0.0,0.0,OK
red2_6800:716,-18.694559069227726,0.2550432806967676,-18.694559069227726,-18.694559069227726,-18.694559069227726,-18.694559069227726,-18.694559069227726,0.0,0.0,OK
red2_6800:717,-18.714643313169198,0.28219511507022815,-18.714643313169198,-18.714643313169198,-18.714643313169198,-18.714643313169198,-18.714643313169198,0.0,0.0,OK
red2_6800:718,-18.733829640817174,0.33680264153806727,-18.733829640817174,-18.733829640817174,-18.733829640817174,-18.733829640817174,-18.733829640817174,0.0,0.0,OK
red2_6800:719,-18.71491086705252,0.3113708449037478,-18.71491086705252,-18.71491086705252,-18.71491086705252,-18.71491086705252,-18.71491086705252,0.0,0.0,OK
red2_6800:720,-18.689654567249463,0.2910486392852463,-18.689654567249463,-18.689654567249463,-18.689654567249463,-18.689654567249463,-18.689654567249463,0.0,0.0,OK
red2_6800:721,-18.690493345702087,0.25790794224208863,-18.690493345702087,-18.690493345702087,-18.690493345702087,-18.690493345702087,-18.690493345702087,0.0,0.0,OK
red2_6800:722,-18.690868668824717,0.21203994187585415,-18.690868668824717,-18.690868668824717,-18.690868668824717,-18.690868668824717,-18.690868668824717,0.0,0.0,OK
red2_6800:723,-18.694387819924575,0.33583467088641783,-18.694387819924575,-18.694387819924575,-18.694387819924575,-18.694387819924575,-18.694387819924575,0.0,0.0,OK
red2_6800:724,-18.702940921298307,0.26458853138139177,-18.702940921298307,-18.702940921298307,-18.702940921298307,-18.702940921298307,-18.702940921298307,0.0,0.0,OK
red2_6800:725,-18.701840466194824,0.3069117533093644,-18.701840466194824,-18.701840466194824,-18.701840466194824,-18.701840466194824,-18.701840466194824,0.0,0.0,OK
red2_6800:726,-18.683154589582102,0.2688506223539331,-18.683154589582102,-18.683154589582102,-18.683154589582102,-18.683154589582102,-18.683154589582102,0.0,0.0,OK
red2_6800:727,-18.69599270063066,0.2773569200334337,-18.69599270063066,-18.69599270063066,-18.69599270063066,-18.69599270063066,-18.69599270063066,0.0,0.0,OK
red2_6800:728,-18.69601632275256,0.2981341727611667,-18.69601632275256,-18.69601632275256,-18.69601632275256,-18.69601632275256,-18.69601632275256,0.0,0.0,OK
red2_6800:729,-18.73446896265082,0.29386000104944415,-18.73446896265082,-18.73446896265082,-18.73446896265082,-18.73446896265082,-18.73446896265082,0.0,0.0,OK
red2_6800:730,-18.724825796600147,0.26487198092883985,-18.724825796600147,-18.724825796600147,-18.724825796600147,-18.724825796600147,-18.724825796600147,0.0,0.0,OK
red2_6800:731,-18.78051811687848,0.2617167473471286,-18.78051811687848,-18.78051811687848,-18.78051811687848,-18.78051811687848,-18.78051811687848,0.0,0.0,OK
red2_6800:732,-18.755769046457345,0.31022466219278716,-18.755769046457345,-18.755769046457345,-18.755769046457345,-18.755769046457345,-18.755769046457345,0.0,0.0,OK
red2_6800:733,-18.768614801472644,0.29598195395398547,-18.768614801472644,-18.768614801472644,-18.768614801472644,-18.768614801472644,-18.768614801472644,0.0,0.0,OK
red2_6800:734,-18.683954898668652,0.241456174494574,-18.683954898668652,-18.683954898668652,-18.683954898668652,-18.683954898668652,-18.683954898668652,0.0,0.0,OK
red2_6800:735,-18.763630482237318,0.3057866751763855,-18.763630482237318,-18.763630482237318,-18.763630482237318,-18.763630482237318,-18.763630482237318,0.0,0.0,OK
red2_6800:736,-18.70314681062416,0.24784381695246657,-18.70314681062416,-18.70314681062416,-18.70314681062416,-18.70314681062416,-18.70314681062416,0.0,0.0,OK
red2_6800:737,-18.728937483580058,0.25155115962091273,-18.728937483580058,-18.728937483580058,-18.728937483580058,-18.728937483580058,-18.728937483580058,0.0,0.0,OK
red2_6800:738,-18.728519146683563,0.22540094057264753,-18.728519146683563,-18.728519146683563,-18.728519146683563,-18.728519146683563,-18.728519146683563,0.0,0.0,OK
red2_6800:739,-18.725266743108058,0.23104927353243968,-18.725266743108058,-18.725266743108058,-18.725266743108058,-18.725266743108058,-18.725266743108058,0.0,0.0,OK
red2_6800:740,-18.754639160351026,0.2638580830966901,-18.754639160351026,-18.754639160351026,-18.754639160351026,-18.754639160351026,-18.754639160351026,0.0,0.0,OK
red2_6800:741,-18.72887627113663,0.2606295664684329,-18.72887627113663,-18.72887627113663,-18.72887627113663,-18.72887627113663,-18.72887627113663,0.0,0.0,OK
red2_6800:742,-18.64168162474166,0.2680403889971428,-18.641681624741814,-18.641681624741814,-18.641681624741814,-18.641681624741814,-18.641681624741814,0.0,1.5276668818842154e-13,OK
red2_6800:743,-18.702433166623862,0.2835232554619606,-18.702433166623862,-18.702433166623862,-18.702433166623862,-18.702433166623862,-18.702433166623862,0.0,0.0,OK
red2_6800:744,-18.755641652849263,0.2552048792882216,-18.755641652849263,-18.755641652849263,-18.755641652849263,-18.755641652849263,-18.755641652849263,0.0,0.0,OK
red2_6800:745,-18.68462175663167,0.24242599934544318,-18.68462175663167,-18.68462175663167,-18.68462175663167,-18.68462175663167,-18.68462175663167,0.0,0.0,OK
red2_6800:746,-18.69897671383842,0.25969723875116235,-18.69897671383842,-18.69897671383842,-18.69897671383842,-18.69897671383842,-18.69897671383842,0.0,0.0,OK
red2_6800:747,-18.732027151927436,0.25322343475439685,-18.732027151927436,-18.732027151927436,-18.732027151927436,-18.732027151927436,-18.732027151927436,0.0,0.0,OK
red2_6800:748,-18.75710681890759,0.32332273993473654,-18.75710681890759,-18.75710681890759,-18.75710681890759,-18.75710681890759,-18.75710681890759,0.0,0.0,OK
red2_6800:749,-18.682610762028986,0.3073321375403609,-18.682610762028986,-18.682610762028986,-18.682610762028986,-18.682610762028986,-18.682610762028986,0.0,0.0,OK
red2_6800:750,-18.69226976635221,0.2878200858878974,-18.69226976635221,-18.69226976635221,-18.69226976635221,-18.69226976635221,-18.69226976635221,0.0,0.0,OK
red2_6800:751,-18.68348502901223,0.2558509658083341,-18.68348502901223,-18.68348502901223,-18.68348502901223,-18.68348502901223,-18.68348502901223,0.0,0.0,OK
red2_6800:752,-18.730533823335158,0.2788466773586501,-18.730533823335158,-18.730533823335158,-18.730533823335158,-18.730533823335158,-18.730533823335158,0.0,0.0,OK
red2_6800:753,-18.69399132881581,0.24756829580283785,-18.69399132881581,-18.69399132881581,-18.69399132881581,-18.69399132881581,-18.69399132881581,0.0,0.0,OK
red2_6800:754,-18.68779850538708,0.29140747846411913,-18.68779850538708,-18.68779850538708,-18.68779850538708,-18.68779850538708,-18.68779850538708,0.0,0.0,OK
red2_6800:755,-18.69463907121307,0.2753564728808013,-18.69463907121307,-18.69463907121307,-18.69463907121307,-18.69463907121307,-18.69463907121307,0.0,0.0,OK
red2_6800:756,-18.74429619852487,0.2848134307080594,-18.74429619852487,-18.74429619852487,-18.74429619852487,-18.74429619852487,-18.74429619852487,0.0,0.0,OK
red2_6800:757,-16.975014674847124,0.28817834351603466,-16.9750146748347,-16.9750146748347,-16.9750146748347,-16.9750146748347,-16.9750146748347,0.0,1.2423839734765352e-11,OK
red2_6800:758,-18.713865531370764,0.259216647399488,-18.713865531370764,-18.713865531370764,-18.713865531370764,-18.713865531370764,-18.713865531370764,0.0,0.0,OK
red2_6800:759,-18.68258032498128,0.2943926430568338,-18.68258032498128,-18.68258032498128,-18.68258032498128,-18.68258032498128,-18.68258032498128,0.0,0.0,OK
red2_6800:760,-18.695657723433683,0.2902639093336555,-18.695657723433683,-18.695657723433683,-18.695657723433683,-18.695657723433683,-18.695657723433683,0.0,0.0,OK
red2_6800:761,-18.75712027953697,0.3156435428419831,-18.75712027953697,-18.75712027953697,-18.75712027953697,-18.75712027953697,-18.75712027953697,0.0,0.0,OK
red2_6800:762,-18.725664541235485,0.29555754996503836,-18.725664541235485,-18.725664541235485,-18.725664541235485,-18.725664541235485,-18.725664541235485,0.0,0.0,OK
red2_6800:763,-18.765533111987814,0.3059168046584102,-18.765533111987814,-18.765533111987814,-18.765533111987814,-18.765533111987814,-18.765533111987814,0.0,0.0,OK
red2_6800:764,-18.701408009496227,0.2805296826509766,-18.701408009496227,-18.701408009496227,-18.701408009496227,-18.701408009496227,-18.701408009496227,0.0,0.0,OK
red2_6800:765,-18.70122976601635,0.3243865124320922,-18.70122976601635,-18.70122976601635,-18.70122976601635,-18.70122976601635,-18.70122976601635,0.0,0.0,OK
red2_6800:766,-18.738949731095293,0.3004324122054084,-18.738949731095293,-18.738949731095293,-18.738949731095293,-18.738949731095293,-18.738949731095293,0.0,0.0,OK
red2_6800:767,-18.685411400651073,0.33420810502147313,-18.685411400651073,-18.685411400651073,-18.685411400651073,-18.685411400651073,-18.685411400651073,0.0,0.0,OK
red2_6800:768,-18.722144244896835,0.3091340001026499,-18.722144244896835,-18.722144244896835,-18.722144244896835,-18.722144244896835,-18.722144244896835,0.0,0.0,OK
red2_6800:769,-18.68818064783377,0.292867053027494,-18.68818064783377,-18.68818064783377,-18.68818064783377,-18.68818064783377,-18.68818064783377,0.0,0.0,OK
red2_6800:770,-18.776916511776744,0.31394859066773306,-18.776916511776744,-18.776916511776744,-18.776916511776744,-18.776916511776744,-18.776916511776744,0.0,0.0,OK
red2_6800:771,-18.68875130594971,0.33959624062540567,-18.68875130594971,-18.68875130594971,-18.68875130594971,-18.68875130594971,-18.68875130594971,0.0,0.0,OK
red2_6800:772,-18.765878222835884,0.2609113887076454,-18.765878222835884,-18.765878222835884,-18.765878222835884,-18.765878222835884,-18.765878222835884,0.0,0.0,OK
red2_6800:773,-18.739190811949946,0.31978510842113633,-18.739190811949946,-18.739190811949946,-18.739190811949946,-18.739190811949946,-18.739190811949946,0.0,0.0,OK
red2_6800:774,-18.73253018178129,0.2802906521999579,-18.73253018178129,-18.73253018178129,-18.73253018178129,-18.73253018178129,-18.73253018178129,0.0,0.0,OK
red2_6800:775,-18.715260061363274,0.2361526069043029,-18.715260061363274,-18.715260061363274,-18.715260061363274,-18.715260061363274,-18.715260061363274,0.0,0.0,OK
red2_6800:776,-18.709945326955328,0.2914984809639552,-18.709945326955328,-18.709945326955328,-18.709945326955328,-18.709945326955328,-18.709945326955328,0.0,0.0,OK
red2_6800:777,-18.76556955858499,0.27598060646421096,-18.765569558805804,-18.765569558805804,-18.765569558805804,-18.765569558805804,-18.765569558805804,0.0,2.2081536599216633e-10,OK
red2_6800:778,-18.744845385723018,0.23532319881218888,-18.744845385723018,-18.744845385723018,-18.744845385723018,-18.744845385723018,-18.744845385723018,0.0,0.0,OK
red2_6800:779,-18.721081715462972,0.29306213048144286,-18.721081715462972,-18.721081715462972,-18.721081715462972,-18.721081715462972,-18.721081715462972,0.0,0.0,OK
red2_6800:780,-16.441153413242727,0.22372067005418417,-16.441153413272986,-16.441153413272986,-16.441153413272986,-16.441153413272986,-16.441153413272986,0.0,3.0258462402343866e-11,OK
red2_6800:781,-18.6918107914147,0.22825129213035544,-18.6918107914147,-18.6918107914147,-18.6918107914147,-18.6918107914147,-18.6918107914147,0.0,0.0,OK
red2_6800:782,-18.683779105241573,0.23255224221618703,-18.683779105241573,-18.683779105241573,-18.683779105241573,-18.683779105241573,-18.683779105241573,0.0,0.0,OK
red2_6800:783,-18.695111175702905,0.267334397844248,-18.695111175702905,-18.695111175702905,-18.695111175702905,-18.695111175702905,-18.695111175702905,0.0,0.0,OK
red2_6800:784,-18.682533729104215,0.2954724758092827,-18.682533729104215,-18.682533729104215,-18.682533729104215,-18.682533729104215,-18.682533729104215,0.0,0.0,OK
red2_6800:785,-18.687957125501956,0.27478930826827763,-18.687957125501956,-18.687957125501956,-18.687957125501956,-18.687957125501956,-18.687957125501956,0.0,0.0,OK
red2_6800:786,-18.740826084523558,0.35340285540349603,-18.740826084523558,-18.740826084523558,-18.740826084523558,-18.740826084523558,-18.740826084523558,0.0,0.0,OK
red2_6800:787,-18.741300425175616,0.2819569626678483,-18.741300425175616,-18.741300425175616,-18.741300425175616,-18.741300425175616,-18.741300425175616,0.0,0.0,OK
red2_6800:788,-18.700195769392046,0.29335611988471355,-18.700195769392046,-18.700195769392046,-18.700195769392046,-18.700195769392046,-18.700195769392046,0.0,0.0,OK
red2_6800:789,-18.70422862050489,0.26168180154047854,-18.70422862050489,-18.70422862050489,-18.70422862050489,-18.70422862050489,-18.70422862050489,0.0,0.0,OK
red2_6800:790,-18.682861264239495,0.25769860594582733,-18.682861264239495,-18.682861264239495,-18.682861264239495,-18.682861264239495,-18.682861264239495,0.0,0.0,OK
red2_6800:791,-18.682563586539704,0.31082663121016046,-18.682563586539704,-18.682563586539704,-18.682563586539704,-18.682563586539704,-18.682563586539704,0.0,0.0,OK
red2_6800:792,-18.687633378470338,0.259174014925528,-18.687633378470338,-18.687633378470338,-18.687633378470338,-18.687633378470338,-18.687633378470338,0.0,0.0,OK
red2_6800:793,-18.728206709729054,0.2997017083136593,-18.728206709729054,-18.728206709729054,-18.728206709729054,-18.728206709729054,-18.728206709729054,0.0,0.0,OK
red2_6800:794,-18.687747454214634,0.2341012282411243,-18.687747454214634,-18.687747454214634,-18.687747454214634,-18.687747454214634,-18.687747454214634,0.0,0.0,OK
red2_6800:795,-18.68390809142111,0.28075239306357885,-18.68390809142111,-18.68390809142111,-18.68390809142111,-18.68390809142111,-18.68390809142111,0.0,0.0,OK
red2_6800:796,-18.691848004270298,0.29299534493005086,-18.691848004270298,-18.691848004270298,-18.691848004270298,-18.691848004270298,-18.691848004270298,0.0,0.0,OK
red2_6800:797,-18.708147033662648,0.30903765303087366,-18.708147033662648,-18.708147033662648,-18.708147033662648,-18.708147033662648,-18.708147033662648,0.0,0.0,OK
red2_6800:798,-18.710128909924446,0.32081445261224634,-18.710128909924446,-18.710128909924446,-18.710128909924446,-18.710128909924446,-18.710128909924446,0.0,0.0,OK
red2_6800:799,-18.706693838712262,0.2678103506247597,-18.706693838712262,-18.706693838712262,-18.706693838712262,-18.706693838712262,-18.706693838712262,0.0,0.0,OK
P12:worst(b5),-25.9643389597738,0.28000020224912,-36.44265150804937,-36.44265150804937,-36.44265150804937,-36.44265150804937,-36.44265150804937,0.0,10.478312548275571,OK
P12:B(b3),-18.87686280902222,0.2799999987775389,-20.582856966260852,-20.582856966260852,-20.582856966260852,-20.582856966260852,-20.582856966260852,0.0,1.7059941572386315,OK
"P12:big(b6,n=2)",-23.79099837161176,0.2799999487124165,-31.89249193159294,-31.89249193159294,-31.89249193159294,-31.89249193159294,-31.89249193159294,0.0,8.10149355998118,OK
P12:Bstar(b8),-8.310937716074708,0.2799997588156694,-11.72853962340561,-11.72853962340561,-11.72853962340561,-11.72853962340561,-11.72853962340561,0.0,3.4176019073309014,OK
P12:P4(b13),-11.4470681657482,0.2799997287799443,-12.631094791391053,-12.631094791391053,-12.631094791391053,-12.631094791391053,-12.631094791391053,0.0,1.1840266256428524,OK
P12:p81(b7),-8.291822949692609,0.2799999935981829,-10.738061853264213,-10.738061853264213,-10.738061853264213,-10.738061853264213,-10.738061853264213,0.0,2.4462389035716043,OK
P12:A(b20),-7.213070075727422,0.2799999348214588,-10.002884962981359,-10.002884962981359,-10.002884962981359,-10.002884962981359,-10.002884962981359,0.0,2.789814887253937,OK
"P12:big(b9,n=3)",-12.359970906010306,0.2800000622074918,-13.490900243516029,-13.490900243516029,-13.490900243516029,-13.490900243516029,-13.490900243516029,0.0,1.130929337505723,OK
P12:p50(b19),-8.116550990900635,0.2799995723424376,-9.338188203452656,-9.338188203452656,-9.338188203452656,-9.338188203452656,-9.338188203452656,0.0,1.2216372125520216,OK
P12:p38(b22),-7.1859751439245985,0.2800003061663638,-9.989389797501458,-9.989389797501458,-9.989389797501458,-9.989389797501458,-9.989389797501458,0.0,2.8034146535768594,OK
"P12:big(b10,n=64)",-11.986465031130024,0.2800002985251597,-13.13037843462728,-13.13037843462728,-13.13037843462728,-13.13037843462728,-13.13037843462728,0.0,1.1439134034972565,OK
P12:p83(b21),-8.432798857691315,0.2799998564432172,-9.639062199886862,-9.639062199886862,-9.639062199886862,-9.639062199886862,-9.639062199886862,0.0,1.2062633421955464,OK
