temp_C,growth
8.0,0.0
9.0,0.0
10.0,0.0
11.0,0.0
12.0,0.0
13.0,0.0
14.0,0.0
15.0,0.0
16.0,0.004019472799655409
17.0,0.010748016471905143
18.0,0.019676972940489423
19.0,0.03130843702111708
20.0,0.04611538710357296
21.0,0.0645520470286126
22.0,0.08700354401337165
23.0,0.11373652533403872
24.0,0.14484894360460107
25.0,0.18022318058832693
26.0,0.21948884363532237
27.0,0.26199973123982834
28.0,0.3068316450826717
29.0,0.35174088078826804
30.0,0.3962130985538684
31.0,0.4389439045868103
32.0,0.4783830704207182
33.0,0.5130203961919811
34.0,0.5408726524908923
35.0,0.5590642232954376
36.0,0.5682047846761659
37.0,0.5712802626129242
38.0,0.5682310161829894
39.0,0.5592694157285598
40.0,0.5417618954022911
41.0,0.5151539978470496
42.0,0.48227865051217456
43.0,0.4451430242043223
44.0,0.4051433716307611
45.0,0.3636535680582682
46.0,0.32195366927955416
47.0,0.28025890441229856
48.0,0.24024866190341274
49.0,0.20290157474753032
50.0,0.16874789280499955
51.0,0.13810765876942602
52.0,0.11111231657616649
53.0,0.08773388483586113
54.0,0.0678180549827795
55.0,0.05111799879029495
56.0,0.037326310455177814
57.0,0.02610324740787855
58.0,0.017100170257882446
59.0,0.009977739766238083
60.0,0.004418959710097117
