{
  "model": "gecko:M_eciML1515_batch_v2021__45__02__45__28__45__17__45__52",
  "n_enzymes": 2560,
  "default_budget": 0.08182031716915461,
  "nominal": {
    "Topt_C": 37.0,
    "rmax": 0.5712802626129242,
    "CTmin_C": 18.76405172457681,
    "CTmax_C": 56.780740274522486,
    "niche_width_C": 38.01668854994568,
    "B80_C": 11.221624341682993,
    "Ea_eV": 1.2584500349008558,
    "Ea_kJmol": 121.42155161740908,
    "skewness": 0.07002968583621434
  },
  "descriptor_medians": {
    "Topt_C": 37.0,
    "rmax": 0.5209834580034729,
    "CTmin_C": 20.44051416244038,
    "CTmax_C": 56.068618720135966,
    "niche_width_C": 33.76866662363858,
    "B80_C": 9.95565176856464,
    "Ea_eV": 1.4310992332809105,
    "Ea_kJmol": 138.07960952310864,
    "skewness": 0.0542322136387693
  },
  "descriptor_iqr": {
    "Topt_C": 6.0,
    "rmax": 0.10737574803271999,
    "CTmin_C": 5.928910936805856,
    "CTmax_C": 6.685657366753318,
    "niche_width_C": 9.190226512946936,
    "B80_C": 3.4043658449938707,
    "Ea_eV": 0.4228369169553292,
    "Ea_kJmol": 40.79741993243496,
    "skewness": 0.013767903224943569
  }
}