{
  "model": "gecko:M_eciML1515_batch_v2021__45__02__45__28__45__17__45__52",
  "n_enzymes": 2560,
  "default_budget": 0.08182031716915461,
  "nominal": {
    "Topt_C": 37.0,
    "rmax": 0.5712802626129285,
    "CTmin_C": 18.76405172457682,
    "CTmax_C": 56.780740274522486,
    "niche_width_C": 38.01668854994567,
    "B80_C": 11.221624341690472,
    "Ea_eV": 1.258450034901976,
    "Ea_kJmol": 121.42155161751715,
    "skewness": 0.0700296858366359
  },
  "descriptor_medians": {
    "Topt_C": 38.0,
    "rmax": 0.5259604437854479,
    "CTmin_C": 20.649878534432162,
    "CTmax_C": 56.51204704679473,
    "niche_width_C": 33.97279832250943,
    "B80_C": 10.343878888766337,
    "Ea_eV": 1.5003431756659538,
    "Ea_kJmol": 144.76061130412955,
    "skewness": 0.05170362862270665
  },
  "descriptor_iqr": {
    "Topt_C": 5.5,
    "rmax": 0.11113710231054225,
    "CTmin_C": 4.6954300607307395,
    "CTmax_C": 3.907098787523701,
    "niche_width_C": 9.982748283186822,
    "B80_C": 3.329793959299259,
    "Ea_eV": 0.38844961063298933,
    "Ea_kJmol": 37.47956068192394,
    "skewness": 0.014658521826451158
  }
}