line,step_sd,logL,T_C,growth,o2
axis:topt_scale,-1.0,-8.558328448337777,15.0,0.025941113942553926,2.428717040818568
axis:topt_scale,-1.0,-8.558328448337777,20.0,0.2479652220245822,9.572471538103274
axis:topt_scale,-1.0,-8.558328448337777,25.0,0.8564204664859919,18.081444885501817
axis:topt_scale,-1.0,-8.558328448337777,27.0,1.0968798418581698,21.58092656255158
axis:topt_scale,-1.0,-8.558328448337777,30.0,1.3758788313209227,25.18128046492518
axis:topt_scale,-1.0,-8.558328448337777,35.0,1.6001081226051517,34.46882739010635
axis:topt_scale,-1.0,-8.558328448337777,37.0,1.649664510958672,38.0154240144921
axis:topt_scale,-1.0,-8.558328448337777,40.0,1.6800736567698964,39.856401562857044
axis:topt_scale,-1.0,-8.558328448337777,43.0,1.61450386712704,37.285947092853725
axis:topt_scale,-1.0,-8.558328448337777,45.0,1.386131756211414,44.47152756509881
axis:topt_scale,-1.0,-8.558328448337777,47.0,0.34532331279626594,19.821875166164556
axis:topt_scale,-1.0,-8.558328448337777,50.0,0.0010267307043383903,6.800832021364747
axis:topt_scale,-0.9500000000000001,-7.8337761231681515,15.0,0.024074126339386978,2.377472096657607
axis:topt_scale,-0.9500000000000001,-7.8337761231681515,20.0,0.24087463846170268,9.359511837402101
axis:topt_scale,-0.9500000000000001,-7.8337761231681515,25.0,0.8420399563985511,17.884065502213875
axis:topt_scale,-0.9500000000000001,-7.8337761231681515,27.0,1.086598523611045,21.43510386332471
axis:topt_scale,-0.9500000000000001,-7.8337761231681515,30.0,1.3699124019085511,24.99330425768564
axis:topt_scale,-0.9500000000000001,-7.8337761231681515,35.0,1.597298362021859,34.3246350279122
axis:topt_scale,-0.9500000000000001,-7.8337761231681515,37.0,1.6476896307893465,37.91570433022335
axis:topt_scale,-0.9500000000000001,-7.8337761231681515,40.0,1.6793994864543689,39.83570127464749
axis:topt_scale,-0.9500000000000001,-7.8337761231681515,43.0,1.6149320701904248,37.30923354750275
axis:topt_scale,-0.9500000000000001,-7.8337761231681515,45.0,1.3875400861912754,44.51323641654202
axis:topt_scale,-0.9500000000000001,-7.8337761231681515,47.0,0.34702300736665187,19.859693606665484
axis:topt_scale,-0.9500000000000001,-7.8337761231681515,50.0,0.0010274137537500977,6.800864013926428
axis:topt_scale,-0.9,-7.349242181374899,15.0,0.02222707902978726,2.235578436840124
axis:topt_scale,-0.9,-7.349242181374899,20.0,0.23382245021774625,9.14770530774162
axis:topt_scale,-0.9,-7.349242181374899,25.0,0.8276663466824055,17.686780829824382
axis:topt_scale,-0.9,-7.349242181374899,27.0,1.0761448609025834,21.287652303833223
axis:topt_scale,-0.9,-7.349242181374899,30.0,1.3638315087257467,24.80172179552469
axis:topt_scale,-0.9,-7.349242181374899,35.0,1.5944408619727786,34.14522094956552
axis:topt_scale,-0.9,-7.349242181374899,37.0,1.6456730154774961,37.813877269872116
axis:topt_scale,-0.9,-7.349242181374899,40.0,1.6786940260756862,39.8100955629255
axis:topt_scale,-0.9,-7.349242181374899,43.0,1.6153426614791189,37.331562242088275
axis:topt_scale,-0.9,-7.349242181374899,45.0,1.3889205960491426,44.56856730117806
axis:topt_scale,-0.9,-7.349242181374899,47.0,0.3487461778511256,19.901102973568566
axis:topt_scale,-0.9,-7.349242181374899,50.0,0.0010281723522853631,6.800899392289154
axis:topt_scale,-0.8500000000000001,-6.975316633664808,15.0,0.020412157272017027,2.08511589283588
axis:topt_scale,-0.8500000000000001,-6.975316633664808,20.0,0.2268082318194052,8.937039170389614
axis:topt_scale,-0.8500000000000001,-6.975316633664808,25.0,0.8132484274980735,17.488887988778057
axis:topt_scale,-0.8500000000000001,-6.975316633664808,27.0,1.0653079372423615,21.137680523222226
axis:topt_scale,-0.8500000000000001,-6.975316633664808,30.0,1.3576112576494253,24.60574877303666
axis:topt_scale,-0.8500000000000001,-6.975316633664808,35.0,1.5915063974535992,33.999953342898735
axis:topt_scale,-0.8500000000000001,-6.975316633664808,37.0,1.643586860243344,37.708538857690485
axis:topt_scale,-0.8500000000000001,-6.975316633664808,40.0,1.6779322238364984,39.78244484133249
axis:topt_scale,-0.8500000000000001,-6.975316633664808,43.0,1.6157072061063722,37.35138683620299
axis:topt_scale,-0.8500000000000001,-6.975316633664808,45.0,1.3902795851178145,44.62303563181086
axis:topt_scale,-0.8500000000000001,-6.975316633664808,47.0,0.3504734060716767,19.94756400848054
axis:topt_scale,-0.8500000000000001,-6.975316633664808,50.0,0.0010288887283490557,6.800932945692934
axis:topt_scale,-0.8,-6.353528832363744,15.0,0.018592453429501683,2.0437797243396805
axis:topt_scale,-0.8,-6.353528832363744,20.0,0.2198311000218807,8.727369867749259
axis:topt_scale,-0.8,-6.353528832363744,25.0,0.7987471804908233,17.28971894280035
axis:topt_scale,-0.8,-6.353528832363744,27.0,1.0542999453677235,20.98583995350135
axis:topt_scale,-0.8,-6.353528832363744,30.0,1.3512591028479901,24.40562003860529
axis:topt_scale,-0.8,-6.353528832363744,35.0,1.5884261426370176,33.84941097405443
axis:topt_scale,-0.8,-6.353528832363744,37.0,1.6414382797780371,37.60004834320008
axis:topt_scale,-0.8,-6.353528832363744,40.0,1.677121496330908,39.753018305951656
axis:topt_scale,-0.8,-6.353528832363744,43.0,1.616033493875953,37.36913095341934
axis:topt_scale,-0.8,-6.353528832363744,45.0,1.3916159029848199,44.67659529986772
axis:topt_scale,-0.8,-6.353528832363744,47.0,0.3522109886022387,19.994303565913874
axis:topt_scale,-0.8,-6.353528832363744,50.0,0.0010296019224447916,6.80096635006066
axis:topt_scale,-0.75,-5.268589184772766,15.0,0.016808681524128267,2.0032597813046746
axis:topt_scale,-0.75,-5.268589184772766,20.0,0.21290683106029062,6.623843932226841
axis:topt_scale,-0.75,-5.268589184772766,25.0,0.7840636963792161,17.048384352771784
axis:topt_scale,-0.75,-5.268589184772766,27.0,1.0431154339130604,20.815374448603308
axis:topt_scale,-0.75,-5.268589184772766,30.0,1.3447593489057497,24.200841098035212
axis:topt_scale,-0.75,-5.268589184772766,35.0,1.5852497195055029,33.69472573690142
axis:topt_scale,-0.75,-5.268589184772766,37.0,1.6392424241370562,36.873228640273496
axis:topt_scale,-0.75,-5.268589184772766,40.0,1.6762602964294733,39.72175980146645
axis:topt_scale,-0.75,-5.268589184772766,43.0,1.6163202139741164,37.3847233093219
axis:topt_scale,-0.75,-5.268589184772766,45.0,1.392927923059862,44.72919916270247
axis:topt_scale,-0.75,-5.268589184772766,47.0,0.3539586904328423,20.041315324291403
axis:topt_scale,-0.75,-5.268589184772766,50.0,0.0010302840517600106,6.981100283324907
axis:topt_scale,-0.7000000000000001,-5.238811764266782,15.0,0.01511050036541408,1.8282077878112815
axis:topt_scale,-0.7000000000000001,-5.238811764266782,20.0,0.2060869420948586,6.903406005657326
axis:topt_scale,-0.7000000000000001,-5.238811764266782,25.0,0.7689418660841977,16.649358512164365
axis:topt_scale,-0.7000000000000001,-5.238811764266782,27.0,1.0317505253304429,20.658610688812963
axis:topt_scale,-0.7000000000000001,-5.238811764266782,30.0,1.338100201654332,23.991040368443795
axis:topt_scale,-0.7000000000000001,-5.238811764266782,35.0,1.5819965851542965,33.53630482199969
axis:topt_scale,-0.7000000000000001,-5.238811764266782,37.0,1.636983834324138,36.756958091399845
axis:topt_scale,-0.7000000000000001,-5.238811764266782,40.0,1.675347013597779,39.68861087118511
axis:topt_scale,-0.7000000000000001,-5.238811764266782,43.0,1.6165660186135904,37.398090608809056
axis:topt_scale,-0.7000000000000001,-5.238811764266782,45.0,1.3942147677298111,44.7808033812193
axis:topt_scale,-0.7000000000000001,-5.238811764266782,47.0,0.3557162623255394,20.08859257931499
axis:topt_scale,-0.7000000000000001,-5.238811764266782,50.0,0.0010310186950742966,6.8010328616053
axis:topt_scale,-0.65,-4.740192320731877,15.0,0.013457933775250149,1.79314909407726
axis:topt_scale,-0.65,-4.740192320731877,20.0,0.1993011763057521,6.930303471358815
axis:topt_scale,-0.65,-4.740192320731877,25.0,0.7536809051222443,16.22160976274655
axis:topt_scale,-0.65,-4.740192320731877,27.0,1.0201907540368587,20.499159057757144
axis:topt_scale,-0.65,-4.740192320731877,30.0,1.330957370601239,23.856136336901915
axis:topt_scale,-0.65,-4.740192320731877,35.0,1.578665328319902,33.374079503736944
axis:topt_scale,-0.65,-4.740192320731877,37.0,1.6346482211361733,36.63974069746344
axis:topt_scale,-0.65,-4.740192320731877,40.0,1.6743799689360381,39.65351057699544
axis:topt_scale,-0.65,-4.740192320731877,43.0,1.6167695217381035,37.40915747564194
axis:topt_scale,-0.65,-4.740192320731877,45.0,1.3954767648067905,44.83141117752052
axis:topt_scale,-0.65,-4.740192320731877,47.0,0.35748344110633234,20.136128251818022
axis:topt_scale,-0.65,-4.740192320731877,50.0,0.0010317215313927612,6.801065627658689
axis:topt_scale,-0.6000000000000001,-4.483110491763351,15.0,0.011830122375527354,1.717124405154696
axis:topt_scale,-0.6000000000000001,-4.483110491763351,20.0,0.192550748655923,7.140272217647369
axis:topt_scale,-0.6000000000000001,-4.483110491763351,25.0,0.738322846709101,15.791139473484652
axis:topt_scale,-0.6000000000000001,-4.483110491763351,27.0,1.0084238617132109,20.3368504682693
axis:topt_scale,-0.6000000000000001,-4.483110491763351,30.0,1.323419792269321,23.740763199642718
axis:topt_scale,-0.6000000000000001,-4.483110491763351,35.0,1.5752525136041509,33.207882485326564
axis:topt_scale,-0.6000000000000001,-4.483110491763351,37.0,1.632242387809914,36.51917956263735
axis:topt_scale,-0.6000000000000001,-4.483110491763351,40.0,1.6733574098238466,39.616395304987684
axis:topt_scale,-0.6000000000000001,-4.483110491763351,43.0,1.6169292978196113,37.417846387035055
axis:topt_scale,-0.6000000000000001,-4.483110491763351,45.0,1.396711175308204,44.88091271468507
axis:topt_scale,-0.6000000000000001,-4.483110491763351,47.0,0.3592599500530739,20.183914898199745
axis:topt_scale,-0.6000000000000001,-4.483110491763351,50.0,0.0010324214042964621,6.801098561480817
axis:topt_scale,-0.55,-5.750840816063698,15.0,0.010269021787911885,1.4013445386092467
axis:topt_scale,-0.55,-5.750840816063698,20.0,0.18581792678084205,7.155777490112862
axis:topt_scale,-0.55,-5.750840816063698,25.0,0.7226241177247691,15.353807268221138
axis:topt_scale,-0.55,-5.750840816063698,27.0,0.9964340224942575,20.171466623640747
axis:topt_scale,-0.55,-5.750840816063698,30.0,1.3157371459525846,23.623279600508415
axis:topt_scale,-0.55,-5.750840816063698,35.0,1.5717557836087999,33.037598966350444
axis:topt_scale,-0.55,-5.750840816063698,37.0,1.6297650272642012,36.3950340553385
axis:topt_scale,-0.55,-5.750840816063698,40.0,1.6722775032367323,39.57719852286928
axis:topt_scale,-0.55,-5.750840816063698,43.0,1.6170438801167337,37.424077578947816
axis:topt_scale,-0.55,-5.750840816063698,45.0,1.39791665665916,44.929254153637025
axis:topt_scale,-0.55,-5.750840816063698,47.0,0.3610454993727778,20.231944723264423
axis:topt_scale,-0.55,-5.750840816063698,50.0,0.0010331173824434266,6.8011311559068925
axis:topt_scale,-0.5,-6.246187890329113,15.0,0.008772078513119164,1.2663342926837582
axis:topt_scale,-0.5,-6.246187890329113,20.0,0.1790839788450757,7.171285355826486
axis:topt_scale,-0.5,-6.246187890329113,25.0,0.7066116247129272,14.90948773191066
axis:topt_scale,-0.5,-6.246187890329113,27.0,0.9842004219144189,20.002720416073185
axis:topt_scale,-0.5,-6.246187890329113,30.0,1.3073592980704316,23.510683299659497
axis:topt_scale,-0.5,-6.246187890329113,35.0,1.5681733559742952,32.86314214958365
axis:topt_scale,-0.5,-6.246187890329113,37.0,1.6272138670312961,36.26719029764894
axis:topt_scale,-0.5,-6.246187890329113,40.0,1.6711383296855187,39.53585055998542
axis:topt_scale,-0.5,-6.246187890329113,43.0,1.6171117594105922,37.427768977336086
axis:topt_scale,-0.5,-6.246187890329113,45.0,1.3990918261217236,44.97638004470735
axis:topt_scale,-0.5,-6.246187890329113,47.0,0.3628398984939201,20.351559843814584
axis:topt_scale,-0.5,-6.246187890329113,50.0,0.0010338093892902228,6.801163418110698
axis:topt_scale,-0.45,-7.003438246220814,15.0,0.007321519709091597,1.135507491054778
axis:topt_scale,-0.45,-7.003438246220814,20.0,0.17232874113603236,7.186842250571552
axis:topt_scale,-0.45,-7.003438246220814,25.0,0.689988574496204,14.497962842422234
axis:topt_scale,-0.45,-7.003438246220814,27.0,0.9717156666773819,19.830509864902236
axis:topt_scale,-0.45,-7.003438246220814,30.0,1.2985969640411712,23.33129196145413
axis:topt_scale,-0.45,-7.003438246220814,35.0,1.56450262640048,32.684385210994776
axis:topt_scale,-0.45,-7.003438246220814,37.0,1.624586949125887,36.1355501709972
axis:topt_scale,-0.45,-7.003438246220814,40.0,1.669941439491828,39.39472236538215
axis:topt_scale,-0.45,-7.003438246220814,43.0,1.617131382170087,37.42883609837716
axis:topt_scale,-0.45,-7.003438246220814,45.0,1.4002352602313948,45.022233305037126
axis:topt_scale,-0.45,-7.003438246220814,47.0,0.36464285559058185,20.390329083843106
axis:topt_scale,-0.45,-7.003438246220814,50.0,0.0010344981944448684,6.801195803114138
axis:topt_scale,-0.4,-8.052371525573589,15.0,0.00591295138803141,1.008467837227196
axis:topt_scale,-0.4,-8.052371525573589,20.0,0.1655517770904194,7.096701955010167
axis:topt_scale,-0.4,-8.052371525573589,25.0,0.6729479357323558,14.055161939908484
axis:topt_scale,-0.4,-8.052371525573589,27.0,0.9589358314277611,19.6542290784209
axis:topt_scale,-0.4,-8.052371525573589,30.0,1.2893610434018774,23.45828780855632
axis:topt_scale,-0.4,-8.052371525573589,35.0,1.560740448442879,32.501174925245586
axis:topt_scale,-0.4,-8.052371525573589,37.0,1.6218896462815595,35.81989746536012
axis:topt_scale,-0.4,-8.052371525573589,40.0,1.6686873840484828,39.35799598305942
axis:topt_scale,-0.4,-8.052371525573589,43.0,1.6171011487433844,37.427191950122165
axis:topt_scale,-0.4,-8.052371525573589,45.0,1.4013436622411661,45.02190717507736
axis:topt_scale,-0.4,-8.052371525573589,47.0,0.3664538434813086,20.42927101116587
axis:topt_scale,-0.4,-8.052371525573589,50.0,0.001035182855286808,6.8012279018911315
axis:topt_scale,-0.35000000000000003,-8.71918231922309,15.0,0.0045446350334801145,0.9331648057156493
axis:topt_scale,-0.35000000000000003,-8.71918231922309,20.0,0.15903969273879137,6.879666689160127
axis:topt_scale,-0.35000000000000003,-8.71918231922309,25.0,0.655400460138688,13.772029256418644
axis:topt_scale,-0.35000000000000003,-8.71918231922309,27.0,0.9457927130542605,19.47293728565182
axis:topt_scale,-0.35000000000000003,-8.71918231922309,30.0,1.2799361286145623,23.587882364857343
axis:topt_scale,-0.35000000000000003,-8.71918231922309,35.0,1.5568829904706472,32.313324699838404
axis:topt_scale,-0.35000000000000003,-8.71918231922309,37.0,1.6191123045429352,35.677368785766966
axis:topt_scale,-0.35000000000000003,-8.71918231922309,40.0,1.6673663260670872,39.31930735828438
axis:topt_scale,-0.35000000000000003,-8.71918231922309,43.0,1.617019411346263,37.422746923091644
axis:topt_scale,-0.35000000000000003,-8.71918231922309,45.0,1.4024171571060287,44.99556707134313
axis:topt_scale,-0.35000000000000003,-8.71918231922309,47.0,0.36827251738139843,20.46837821182899
axis:topt_scale,-0.35000000000000003,-8.71918231922309,50.0,0.0010358636096044177,6.801259786955561
axis:topt_scale,-0.30000000000000004,-9.07168735137385,15.0,0.0032174620970097036,0.8877847636705625
axis:topt_scale,-0.30000000000000004,-9.07168735137385,20.0,0.1528365040641224,6.672926323030167
axis:topt_scale,-0.30000000000000004,-9.07168735137385,25.0,0.6371755450283777,13.424948269172637
axis:topt_scale,-0.30000000000000004,-9.07168735137385,27.0,0.9322108721717242,19.285593900868523
axis:topt_scale,-0.30000000000000004,-9.07168735137385,30.0,1.2702983980831954,23.72040318230202
axis:topt_scale,-0.30000000000000004,-9.07168735137385,35.0,1.5529267542499963,32.12066417802222
axis:topt_scale,-0.30000000000000004,-9.07168735137385,37.0,1.6162521321961305,35.53058937352151
axis:topt_scale,-0.30000000000000004,-9.07168735137385,40.0,1.6659755429892156,39.27857675796127
axis:topt_scale,-0.30000000000000004,-9.07168735137385,43.0,1.6168844718465072,37.41540866979458
axis:topt_scale,-0.30000000000000004,-9.07168735137385,45.0,1.4034554835353765,44.97008988765648
axis:topt_scale,-0.30000000000000004,-9.07168735137385,47.0,0.37009852227415735,20.50764305185855
axis:topt_scale,-0.30000000000000004,-9.07168735137385,50.0,0.0010365401052136855,6.801291318551036
axis:topt_scale,-0.25,-9.533942435149719,15.0,0.0019337888683567778,0.8438710767983852
axis:topt_scale,-0.25,-9.533942435149719,20.0,0.14687733408218842,6.471123902430084
axis:topt_scale,-0.25,-9.533942435149719,25.0,0.618308404045109,13.149935184082597
axis:topt_scale,-0.25,-9.533942435149719,27.0,0.9180814483840032,19.090697340061812
axis:topt_scale,-0.25,-9.533942435149719,30.0,1.2604249942161239,23.856164557572672
axis:topt_scale,-0.25,-9.533942435149719,35.0,1.5488675202633144,31.922987878015913
axis:topt_scale,-0.25,-9.533942435149719,37.0,1.6133077898675832,35.31248610459018
axis:topt_scale,-0.25,-9.533942435149719,40.0,1.6645120880790183,39.23571788371539
axis:topt_scale,-0.25,-9.533942435149719,43.0,1.6167489487106979,37.40803867731813
axis:topt_scale,-0.25,-9.533942435149719,45.0,1.4044570533081475,44.9455145938425
axis:topt_scale,-0.25,-9.533942435149719,47.0,0.37193149357661,20.54705769157556
axis:topt_scale,-0.25,-9.533942435149719,50.0,0.0010372128263565286,6.801322827258928
axis:topt_scale,-0.2,-10.121744936441734,15.0,0.0006947912182351303,0.8015194882228514
axis:topt_scale,-0.2,-10.121744936441734,20.0,0.14099352310658783,6.275155760460326
axis:topt_scale,-0.2,-10.121744936441734,25.0,0.598717643186894,13.215037561506367
axis:topt_scale,-0.2,-10.121744936441734,27.0,0.903244143455194,18.886036502811173
axis:topt_scale,-0.2,-10.121744936441734,30.0,1.2499598575908266,23.803837104801012
axis:topt_scale,-0.2,-10.121744936441734,35.0,1.544700456555864,31.720060493617392
axis:topt_scale,-0.2,-10.121744936441734,37.0,1.6102762006528495,35.162410441128394
axis:topt_scale,-0.2,-10.121744936441734,40.0,1.662977319340588,39.05907980739628
axis:topt_scale,-0.2,-10.121744936441734,43.0,1.616878525514823,37.41508529755638
axis:topt_scale,-0.2,-10.121744936441734,45.0,1.4054202283693624,44.92188138249084
axis:topt_scale,-0.2,-10.121744936441734,47.0,0.37377105776306524,20.58661409900453
axis:topt_scale,-0.2,-10.121744936441734,50.0,0.0010378817083323366,6.801354310348666
axis:topt_scale,-0.15000000000000002,2.1958225661375614,15.0,0.0,
axis:topt_scale,-0.15000000000000002,2.1958225661375614,20.0,0.13518617884020145,6.081734443837139
axis:topt_scale,-0.15000000000000002,2.1958225661375614,25.0,0.580896153012647,13.271316880412487
axis:topt_scale,-0.15000000000000002,2.1958225661375614,27.0,0.8851720072461756,18.675881515194874
axis:topt_scale,-0.15000000000000002,2.1958225661375614,30.0,1.2377545621670314,23.790123529521654
axis:topt_scale,-0.15000000000000002,2.1958225661375614,35.0,1.5404199425908551,31.511608316309495
axis:topt_scale,-0.15000000000000002,2.1958225661375614,37.0,1.6071520123225578,35.007750754991264
axis:topt_scale,-0.15000000000000002,2.1958225661375614,40.0,1.6613896017080712,38.42252669606977
axis:topt_scale,-0.15000000000000002,2.1958225661375614,43.0,1.6169599141364361,37.419511357546305
axis:topt_scale,-0.15000000000000002,2.1958225661375614,45.0,1.4063433188928223,44.89923171648888
axis:topt_scale,-0.15000000000000002,2.1958225661375614,47.0,0.37561683292747056,20.626304061965918
axis:topt_scale,-0.15000000000000002,2.1958225661375614,50.0,0.0010385461515606937,6.801385431436843
axis:topt_scale,-0.1,2.246178547337133,15.0,0.0,
axis:topt_scale,-0.1,2.246178547337133,20.0,0.12945635898250446,5.890895180646888
axis:topt_scale,-0.1,2.246178547337133,25.0,0.5643920495226998,12.954929520561858
axis:topt_scale,-0.1,2.246178547337133,27.0,0.8630123309534669,18.714708710089898
axis:topt_scale,-0.1,2.246178547337133,30.0,1.2247055440526593,23.60543646506971
axis:topt_scale,-0.1,2.246178547337133,35.0,1.5360193289994073,31.29730753557887
axis:topt_scale,-0.1,2.246178547337133,37.0,1.6039314231331139,34.84831884482553
axis:topt_scale,-0.1,2.246178547337133,40.0,1.6597396481500108,38.335692910886344
axis:topt_scale,-0.1,2.246178547337133,43.0,1.616991276827577,37.42121691723779
axis:topt_scale,-0.1,2.246178547337133,45.0,1.4072293823220667,43.98703601410055
axis:topt_scale,-0.1,2.246178547337133,47.0,0.37745965661023984,20.680532724896725
axis:topt_scale,-0.1,2.246178547337133,50.0,0.0010392063767439097,6.801416354960891
axis:topt_scale,-0.05,2.3517479201848523,15.0,0.0,
axis:topt_scale,-0.05,2.3517479201848523,20.0,0.12385228551148339,5.552935979232807
axis:topt_scale,-0.05,2.3517479201848523,25.0,0.5476290523944483,12.23570718722486
axis:topt_scale,-0.05,2.3517479201848523,27.0,0.8420931994204046,18.432860712048086
axis:topt_scale,-0.05,2.3517479201848523,30.0,1.2110387082877712,23.41200522329806
axis:topt_scale,-0.05,2.3517479201848523,35.0,1.531492068275252,31.076839301412097
axis:topt_scale,-0.05,2.3517479201848523,37.0,1.6006101841357636,34.68390437085263
axis:topt_scale,-0.05,2.3517479201848523,40.0,1.658012478722133,38.244795407531825
axis:topt_scale,-0.05,2.3517479201848523,43.0,1.616970749296514,37.420100593086254
axis:topt_scale,-0.05,2.3517479201848523,45.0,1.4080747488632603,43.96629344409198
axis:topt_scale,-0.05,2.3517479201848523,47.0,0.3792928697363673,20.73063857464677
axis:topt_scale,-0.05,2.3517479201848523,50.0,0.0010398623499220682,6.801447048431407
axis:topt_scale,0.0,2.3643166223999525,15.0,0.0,
axis:topt_scale,0.0,2.3643166223999525,20.0,0.11834294554443316,5.36300064612367
axis:topt_scale,0.0,2.3643166223999525,25.0,0.532543802270647,11.93249679200692
axis:topt_scale,0.0,2.3643166223999525,27.0,0.8216112608677082,18.187594921383248
axis:topt_scale,0.0,2.3643166223999525,30.0,1.1967040950746977,23.458782977987166
axis:topt_scale,0.0,2.3643166223999525,35.0,1.526831668346873,30.84988746335286
axis:topt_scale,0.0,2.3643166223999525,37.0,1.597183656240015,34.51427767973442
axis:topt_scale,0.0,2.3643166223999525,40.0,1.6562052344532008,38.149683724019475
axis:topt_scale,0.0,2.3643166223999525,43.0,1.6168964144917264,37.41605813237432
axis:topt_scale,0.0,2.3643166223999525,45.0,1.4088748931669046,43.94666048202531
axis:topt_scale,0.0,2.3643166223999525,47.0,0.3811249424975039,20.76296383852567
axis:topt_scale,0.0,2.3643166223999525,50.0,0.0010405139908218374,6.801477600784894
axis:topt_scale,0.05,2.312866285711724,15.0,0.0,
axis:topt_scale,0.05,2.312866285711724,20.0,0.11291748399018434,5.1772834824984
axis:topt_scale,0.05,2.312866285711724,25.0,0.5176483123468028,11.642669313671092
axis:topt_scale,0.05,2.312866285711724,27.0,0.8010579002373993,17.9098095038261
axis:topt_scale,0.05,2.312866285711724,30.0,1.1829475945302286,23.267436796046763
axis:topt_scale,0.05,2.312866285711724,35.0,1.522024025905329,30.615765219423142
axis:topt_scale,0.05,2.312866285711724,37.0,1.5936465835876397,34.33917858568882
axis:topt_scale,0.05,2.312866285711724,40.0,1.6543147103470532,38.050189187754505
axis:topt_scale,0.05,2.312866285711724,43.0,1.616766270624179,37.40898067420486
axis:topt_scale,0.05,2.312866285711724,45.0,1.4096278971989473,43.92818419027478
axis:topt_scale,0.05,2.312866285711724,47.0,0.3829746375056435,20.834375642810386
axis:topt_scale,0.05,2.312866285711724,50.0,0.0010411613041235142,6.801507919544242
axis:topt_scale,0.1,2.104806469497003,15.0,0.0,
axis:topt_scale,0.1,2.104806469497003,20.0,0.10757490078002924,4.994403299807777
axis:topt_scale,0.1,2.104806469497003,25.0,0.5028166292696755,11.354083350557614
axis:topt_scale,0.1,2.104806469497003,27.0,0.7808753619288346,17.585368137512884
axis:topt_scale,0.1,2.104806469497003,30.0,1.1686526215424957,23.068600726270045
axis:topt_scale,0.1,2.104806469497003,35.0,1.5171025352098901,30.37673744889294
axis:topt_scale,0.1,2.104806469497003,37.0,1.58996503723339,34.15762951771484
axis:topt_scale,0.1,2.104806469497003,40.0,1.6523375493569814,37.946135124022575
axis:topt_scale,0.1,2.104806469497003,43.0,1.6165782235210742,37.398754333683954
axis:topt_scale,0.1,2.104806469497003,45.0,1.4103317745150834,43.91091330977957
axis:topt_scale,0.1,2.104806469497003,47.0,0.38482731682235227,20.905902663311004
axis:topt_scale,0.1,2.104806469497003,50.0,0.0010417853088571362,6.964914590850787
axis:topt_scale,0.15000000000000002,1.844548532611201,15.0,0.0,
axis:topt_scale,0.15000000000000002,1.844548532611201,20.0,0.10231425145438337,4.814327768570984
axis:topt_scale,0.15000000000000002,1.844548532611201,25.0,0.48804817017458296,11.066727561636284
axis:topt_scale,0.15000000000000002,1.844548532611201,27.0,0.762336515980852,17.703961731961375
axis:topt_scale,0.15000000000000002,1.844548532611201,30.0,1.1537216538707729,22.860918282073964
axis:topt_scale,0.15000000000000002,1.844548532611201,35.0,1.512058242963396,30.13197694087014
axis:topt_scale,0.15000000000000002,1.844548532611201,37.0,1.5860641327811758,33.967663538586756
axis:topt_scale,0.15000000000000002,1.844548532611201,40.0,1.6502701050684527,37.83732962925215
axis:topt_scale,0.15000000000000002,1.844548532611201,43.0,1.6163300774740121,37.38525970423001
axis:topt_scale,0.15000000000000002,1.844548532611201,45.0,1.4109844647506329,43.89489839524816
axis:topt_scale,0.15000000000000002,1.844548532611201,47.0,0.38668269148975026,20.976427896366012
axis:topt_scale,0.15000000000000002,1.844548532611201,50.0,0.0010424425328903596,6.80156777465999
axis:topt_scale,0.2,1.508185176052367,15.0,0.0,
axis:topt_scale,0.2,1.508185176052367,20.0,0.09713361553576247,4.636991149564247
axis:topt_scale,0.2,1.508185176052367,25.0,0.47334040361927404,10.780552691627259
axis:topt_scale,0.2,1.508185176052367,27.0,0.7437657954515605,17.38694473941342
axis:topt_scale,0.2,1.508185176052367,30.0,1.1383044525250043,22.678465018217473
axis:topt_scale,0.2,1.508185176052367,35.0,1.5068402503647313,29.878788097539996
axis:topt_scale,0.2,1.508185176052367,37.0,1.5820248312984662,33.77095791030033
axis:topt_scale,0.2,1.508185176052367,40.0,1.648108391336368,37.72356292053248
axis:topt_scale,0.2,1.508185176052367,43.0,1.616019524705583,37.368371284747234
axis:topt_scale,0.2,1.508185176052367,45.0,1.4115838272754417,43.88019197084493
axis:topt_scale,0.2,1.508185176052367,47.0,0.388540281306955,21.025775120250874
axis:topt_scale,0.2,1.508185176052367,50.0,0.0010430766739632368,6.8015974763663385
axis:topt_scale,0.25,1.1076296777544945,15.0,0.0,
axis:topt_scale,0.25,1.1076296777544945,20.0,0.09202962497625851,4.462278152263789
axis:topt_scale,0.25,1.1076296777544945,25.0,0.45868791081773447,10.49545330505347
axis:topt_scale,0.25,1.1076296777544945,27.0,0.7247358247314227,16.86604382855017
axis:topt_scale,0.25,1.1076296777544945,30.0,1.1228522036831636,22.467900920833774
axis:topt_scale,0.25,1.1076296777544945,35.0,1.5014272044683965,29.616134825525478
axis:topt_scale,0.25,1.1076296777544945,37.0,1.5778357614486342,33.5669588722806
axis:topt_scale,0.25,1.1076296777544945,40.0,1.6458526176995023,37.60484602547095
axis:topt_scale,0.25,1.1076296777544945,43.0,1.615644711780268,37.347988282069856
axis:topt_scale,0.25,1.1076296777544945,45.0,1.4121276338662148,43.86684870998608
axis:topt_scale,0.25,1.1076296777544945,47.0,0.39039952898101854,21.0751663854159
axis:topt_scale,0.25,1.1076296777544945,50.0,0.0010437066579158357,6.801627138427738
axis:topt_scale,0.30000000000000004,0.5906034461045451,15.0,0.0,
axis:topt_scale,0.30000000000000004,0.5906034461045451,20.0,0.08699673606354857,4.289999011703364
axis:topt_scale,0.30000000000000004,0.5906034461045451,25.0,0.44408132569647707,10.211247162493873
axis:topt_scale,0.30000000000000004,0.5906034461045451,27.0,0.705382655792983,16.3400014533001
axis:topt_scale,0.30000000000000004,0.5906034461045451,30.0,1.106628037227529,22.240106792009126
axis:topt_scale,0.30000000000000004,0.5906034461045451,35.0,1.4957908210697444,29.342644711025617
axis:topt_scale,0.30000000000000004,0.5906034461045451,37.0,1.5735630797705455,33.358888111147316
axis:topt_scale,0.30000000000000004,0.5906034461045451,40.0,1.6434958439353626,37.48081369391676
axis:topt_scale,0.30000000000000004,0.5906034461045451,43.0,1.615202645407626,37.32394791566882
axis:topt_scale,0.30000000000000004,0.5906034461045451,45.0,1.4126135599551932,43.85492565007266
axis:topt_scale,0.30000000000000004,0.5906034461045451,47.0,0.39225997645264404,21.124589523429474
axis:topt_scale,0.30000000000000004,0.5906034461045451,50.0,0.0010442986788700636,6.801654867412741
axis:topt_scale,0.35000000000000003,-0.05701095107492149,15.0,0.0,
axis:topt_scale,0.35000000000000003,-0.05701095107492149,20.0,0.0820260977652896,4.1198507511490385
axis:topt_scale,0.35000000000000003,-0.05701095107492149,25.0,0.42950648914775585,9.927658764551301
axis:topt_scale,0.35000000000000003,-0.05701095107492149,27.0,0.6860006252450764,15.813174584841406
axis:topt_scale,0.35000000000000003,-0.05701095107492149,30.0,1.09150714162625,22.027803050552755
axis:topt_scale,0.35000000000000003,-0.05701095107492149,35.0,1.4898929744032778,29.056467805369603
axis:topt_scale,0.35000000000000003,-0.05701095107492149,37.0,1.5691553486383176,33.14424072090065
axis:topt_scale,0.35000000000000003,-0.05701095107492149,40.0,1.6410299191082598,37.35103695828009
axis:topt_scale,0.35000000000000003,-0.05701095107492149,43.0,1.6146904612325232,37.296094416743706
axis:topt_scale,0.35000000000000003,-0.05701095107492149,45.0,1.413039174474188,43.84448244168098
axis:topt_scale,0.35000000000000003,-0.05701095107492149,47.0,0.3941211607234292,21.174032234651722
axis:topt_scale,0.35000000000000003,-0.05701095107492149,50.0,0.0010449528852959707,6.80168550903117
axis:topt_scale,0.4,-5.195071913701689,15.0,0.0,
axis:topt_scale,0.4,-5.195071913701689,20.0,0.07710765446420044,2.8707514125882896
axis:topt_scale,0.4,-5.195071913701689,25.0,0.41494486853169876,9.644327514272744
axis:topt_scale,0.4,-5.195071913701689,27.0,0.6665138617305818,15.284881023436213
axis:topt_scale,0.4,-5.195071913701689,30.0,1.0768639554281585,21.824283794958568
axis:topt_scale,0.4,-5.195071913701689,35.0,1.483801076242945,28.760875080823663
axis:topt_scale,0.4,-5.195071913701689,37.0,1.5645780709594472,32.921336764481964
axis:topt_scale,0.4,-5.195071913701689,40.0,1.638499147262364,37.20668370017855
axis:topt_scale,0.4,-5.195071913701689,43.0,1.6141052527294073,37.26426972319753
axis:topt_scale,0.4,-5.195071913701689,45.0,1.413401927870015,43.835581642628746
axis:topt_scale,0.4,-5.195071913701689,47.0,0.3959826126978459,21.22348205747142
axis:topt_scale,0.4,-5.195071913701689,50.0,0.0010455694386942596,6.801714355994604
axis:topt_scale,0.45,-6.365963243079622,15.0,0.0,
axis:topt_scale,0.45,-6.365963243079622,20.0,0.07221911423036668,2.751390633833669
axis:topt_scale,0.45,-6.365963243079622,25.0,0.40035176764091057,9.360383739754328
axis:topt_scale,0.45,-6.365963243079622,27.0,0.6467310922551488,14.552193256978814
axis:topt_scale,0.45,-6.365963243079622,30.0,1.061540476649445,21.65238320932445
axis:topt_scale,0.45,-6.365963243079622,35.0,1.4774309976204847,28.691950270145306
axis:topt_scale,0.45,-6.365963243079622,37.0,1.5598136762736057,32.68932059681235
axis:topt_scale,0.45,-6.365963243079622,40.0,1.63585302571892,37.07170568307319
axis:topt_scale,0.45,-6.365963243079622,43.0,1.6134419355777547,37.228650265863756
axis:topt_scale,0.45,-6.365963243079622,45.0,1.4136991571097404,43.82686994805549
axis:topt_scale,0.45,-6.365963243079622,47.0,0.39784385600337613,21.27292633696279
axis:topt_scale,0.45,-6.365963243079622,50.0,0.0010461813847370376,6.801742893863512
axis:topt_scale,0.5,-7.733693650002507,15.0,0.0,
axis:topt_scale,0.5,-7.733693650002507,20.0,0.06732211027019253,2.6318232009616933
axis:topt_scale,0.5,-7.733693650002507,25.0,0.3856649220981848,9.074615938217185
axis:topt_scale,0.5,-7.733693650002507,27.0,0.6266665121832555,13.955848169257797
axis:topt_scale,0.5,-7.733693650002507,30.0,1.0458120912669422,21.43927434888391
axis:topt_scale,0.5,-7.733693650002507,35.0,1.4711942274139522,28.498083834439605
axis:topt_scale,0.5,-7.733693650002507,37.0,1.5548399422833419,32.44711003796388
axis:topt_scale,0.5,-7.733693650002507,40.0,1.6330685136265704,36.93154367026807
axis:topt_scale,0.5,-7.733693650002507,43.0,1.612687589298769,37.19066135237305
axis:topt_scale,0.5,-7.733693650002507,45.0,1.4139280394941465,43.82125368242662
axis:topt_scale,0.5,-7.733693650002507,47.0,0.3997044058234584,21.322352193882438
axis:topt_scale,0.5,-7.733693650002507,50.0,0.0010467895674729146,6.801771535264198
axis:topt_scale,0.55,-9.344183017419901,15.0,0.0,
axis:topt_scale,0.55,-9.344183017419901,20.0,0.06236409386136226,2.510766060930327
axis:topt_scale,0.55,-9.344183017419901,25.0,0.3707857925851534,8.78510679090873
axis:topt_scale,0.55,-9.344183017419901,27.0,0.6062557023776345,13.562227666396637
axis:topt_scale,0.55,-9.344183017419901,30.0,1.0296293375718477,21.50944470558058
axis:topt_scale,0.55,-9.344183017419901,35.0,1.4647103092648024,28.179341486087353
axis:topt_scale,0.55,-9.344183017419901,37.0,1.5496607862904213,32.47292306650461
axis:topt_scale,0.55,-9.344183017419901,40.0,1.630142359189398,36.78425190708452
axis:topt_scale,0.55,-9.344183017419901,43.0,1.6118480187249358,37.14838053945311
axis:topt_scale,0.55,-9.344183017419901,45.0,1.4140855457416022,43.8173888287543
axis:topt_scale,0.55,-9.344183017419901,47.0,0.4015637677602429,21.371746494458204
axis:topt_scale,0.55,-9.344183017419901,50.0,0.0010473803068305686,6.948182294165382
axis:topt_scale,0.6000000000000001,-11.11092912603927,15.0,0.0,
axis:topt_scale,0.6000000000000001,-11.11092912603927,20.0,0.05727351118549704,2.3864721237953264
axis:topt_scale,0.6000000000000001,-11.11092912603927,25.0,0.35555468978523247,8.488749159213238
axis:topt_scale,0.6000000000000001,-11.11092912603927,27.0,0.5854656107802881,13.161292750682396
axis:topt_scale,0.6000000000000001,-11.11092912603927,30.0,1.0128952981656838,21.28436482667046
axis:topt_scale,0.6000000000000001,-11.11092912603927,35.0,1.4578329808111323,27.882320733815625
axis:topt_scale,0.6000000000000001,-11.11092912603927,37.0,1.5442608207560888,32.20712536336176
axis:topt_scale,0.6000000000000001,-11.11092912603927,40.0,1.6271259045489685,36.761914458322195
axis:topt_scale,0.6000000000000001,-11.11092912603927,43.0,1.6109190440190362,37.1015973303084
axis:topt_scale,0.6000000000000001,-11.11092912603927,45.0,1.4141684778301162,43.81535385939894
axis:topt_scale,0.6000000000000001,-11.11092912603927,47.0,0.4034212631945501,21.339508420277507
axis:topt_scale,0.6000000000000001,-11.11092912603927,50.0,0.0010479929087135389,6.801827897173329
axis:topt_scale,0.65,-12.563088934893763,15.0,0.0,
axis:topt_scale,0.65,-12.563088934893763,20.0,0.051928433764210684,2.3326296130477564
axis:topt_scale,0.65,-12.563088934893763,25.0,0.33976406705252826,8.18150472540338
axis:topt_scale,0.65,-12.563088934893763,27.0,0.5640654005672612,12.74859175617968
axis:topt_scale,0.65,-12.563088934893763,30.0,0.9954744550505942,21.05004714857234
axis:topt_scale,0.65,-12.563088934893763,35.0,1.4500171339557726,27.780426872817863
axis:topt_scale,0.65,-12.563088934893763,37.0,1.5385860930060995,31.92780328392977
axis:topt_scale,0.65,-12.563088934893763,40.0,1.624062086608551,36.608292795116824
axis:topt_scale,0.65,-12.563088934893763,43.0,1.6098960479675304,37.0500792018512
axis:topt_scale,0.65,-12.563088934893763,45.0,1.414174220664948,43.7114682139231
axis:topt_scale,0.65,-12.563088934893763,47.0,0.4052765307176739,21.271760502509558
axis:topt_scale,0.65,-12.563088934893763,50.0,0.0010485885296430402,6.8018557947734255
axis:topt_scale,0.7000000000000001,-13.619924304545115,15.0,0.0,
axis:topt_scale,0.7000000000000001,-13.619924304545115,20.0,0.04615775308864083,2.3405860919522365
axis:topt_scale,0.7000000000000001,-13.619924304545115,25.0,0.3229891055740111,7.8551076206853905
axis:topt_scale,0.7000000000000001,-13.619924304545115,27.0,0.5417727696134271,12.31865668858116
axis:topt_scale,0.7000000000000001,-13.619924304545115,30.0,0.9771636935313631,20.80387855171554
axis:topt_scale,0.7000000000000001,-13.619924304545115,35.0,1.4415536189535298,27.81064880956507
axis:topt_scale,0.7000000000000001,-13.619924304545115,37.0,1.5328680358342632,31.765309343920862
axis:topt_scale,0.7000000000000001,-13.619924304545115,40.0,1.6208549687771563,36.44748598970783
axis:topt_scale,0.7000000000000001,-13.619924304545115,43.0,1.6087767451229187,36.99371105883982
axis:topt_scale,0.7000000000000001,-13.619924304545115,45.0,1.4140994802159934,43.713260600266985
axis:topt_scale,0.7000000000000001,-13.619924304545115,47.0,0.4071290996871311,21.22329970062245
axis:topt_scale,0.7000000000000001,-13.619924304545115,50.0,0.0010491803007695126,6.801883512057044
axis:topt_scale,0.75,-14.910404691781064,15.0,0.0,
axis:topt_scale,0.75,-14.910404691781064,20.0,0.03978009109435547,2.3493794624349
axis:topt_scale,0.75,-14.910404691781064,25.0,0.30456176906555565,7.4965595970892185
axis:topt_scale,0.75,-14.910404691781064,27.0,0.5178438960476773,11.853129233281896
axis:topt_scale,0.75,-14.910404691781064,30.0,0.9577189307782732,20.54233593675821
axis:topt_scale,0.75,-14.910404691781064,35.0,1.4325985410255482,27.806150746542688
axis:topt_scale,0.75,-14.910404691781064,37.0,1.5270030095441047,31.475960780719223
axis:topt_scale,0.75,-14.910404691781064,40.0,1.6174938048386431,36.278955220392525
axis:topt_scale,0.75,-14.910404691781064,43.0,1.6075733917381134,36.93311012673798
axis:topt_scale,0.75,-14.910404691781064,45.0,1.4139391047949044,43.71710663970991
axis:topt_scale,0.75,-14.910404691781064,47.0,0.4089783721238087,21.248481871201836
axis:topt_scale,0.75,-14.910404691781064,50.0,0.001049768407941859,6.801911026535841
axis:topt_scale,0.8,-16.5650636689589,15.0,0.0,
axis:topt_scale,0.8,-16.5650636689589,20.0,0.032680054528524106,2.3591688260010097
axis:topt_scale,0.8,-16.5650636689589,25.0,0.28355846497301623,7.082399604497561
axis:topt_scale,0.8,-16.5650636689589,27.0,0.491386115030377,11.338329653421777
axis:topt_scale,0.8,-16.5650636689589,30.0,0.9365352220676766,20.25740355465528
axis:topt_scale,0.8,-16.5650636689589,35.0,1.4232380814483778,27.82083938152479
axis:topt_scale,0.8,-16.5650636689589,37.0,1.5208327324891506,31.171552801610545
axis:topt_scale,0.8,-16.5650636689589,40.0,1.6139639360114162,36.101965487098305
axis:topt_scale,0.8,-16.5650636689589,43.0,1.606258769110627,36.86690567042961
axis:topt_scale,0.8,-16.5650636689589,45.0,1.4136887009505996,43.72311169369691
axis:topt_scale,0.8,-16.5650636689589,47.0,0.4108239101447438,21.27361318897427
axis:topt_scale,0.8,-16.5650636689589,50.0,0.0010503217115295914,6.801936451266097
axis:topt_scale,0.8500000000000001,-20.239618730422862,15.0,0.0,
axis:topt_scale,0.8500000000000001,-20.239618730422862,20.0,0.024945882990129734,2.1507906036609694
axis:topt_scale,0.8500000000000001,-20.239618730422862,25.0,0.2581292684493025,7.046169524515096
axis:topt_scale,0.8500000000000001,-20.239618730422862,27.0,0.4609553759990723,10.746226647583772
axis:topt_scale,0.8500000000000001,-20.239618730422862,30.0,0.9127537822001988,19.93753027826868
axis:topt_scale,0.8500000000000001,-20.239618730422862,35.0,1.413409656129343,27.658764792370143
axis:topt_scale,0.8500000000000001,-20.239618730422862,37.0,1.514287572321445,30.849783255257694
axis:topt_scale,0.8500000000000001,-20.239618730422862,40.0,1.610247121124857,35.915602166625646
axis:topt_scale,0.8500000000000001,-20.239618730422862,43.0,1.6048251120821524,36.79470663618354
axis:topt_scale,0.8500000000000001,-20.239618730422862,45.0,1.4133433988793307,43.73139254731367
axis:topt_scale,0.8500000000000001,-20.239618730422862,47.0,0.4126651367764841,21.29868579709638
axis:topt_scale,0.8500000000000001,-20.239618730422862,50.0,0.0010509344587968448,6.801965275633473
axis:topt_scale,0.9,-40.19252914341709,15.0,0.0,
axis:topt_scale,0.9,-40.19252914341709,20.0,0.021750338863778793,1.1457700150926036
axis:topt_scale,0.9,-40.19252914341709,25.0,0.22670905062930782,7.165794122626757
axis:topt_scale,0.9,-40.19252914341709,27.0,0.42449256101844185,10.03675513822814
axis:topt_scale,0.9,-40.19252914341709,30.0,0.8816431624963327,19.51907555430967
axis:topt_scale,0.9,-40.19252914341709,35.0,1.4019784528174393,27.146803934937214
axis:topt_scale,0.9,-40.19252914341709,37.0,1.5073183508194765,30.50718392309009
axis:topt_scale,0.9,-40.19252914341709,40.0,1.606319332300241,35.718660486770304
axis:topt_scale,0.9,-40.19252914341709,43.0,1.603262883735957,36.71603274443129
axis:topt_scale,0.9,-40.19252914341709,45.0,1.4128977310959907,43.74208031892764
axis:topt_scale,0.9,-40.19252914341709,47.0,0.414501451251989,21.323691514719386
axis:topt_scale,0.9,-40.19252914341709,50.0,0.0010515127234305653,6.801992235103625
axis:topt_scale,0.9500000000000001,-43.71403388911448,15.0,0.0,
axis:topt_scale,0.9500000000000001,-43.71403388911448,20.0,0.02022135583619064,1.1284764925738293
axis:topt_scale,0.9500000000000001,-43.71403388911448,25.0,0.18875463446767815,7.31029604192944
axis:topt_scale,0.9500000000000001,-43.71403388911448,27.0,0.37949160883996497,9.161153693812398
axis:topt_scale,0.9500000000000001,-43.71403388911448,30.0,0.8349016346396019,18.892422868764847
axis:topt_scale,0.9500000000000001,-43.71403388911448,35.0,1.3906450178515484,26.586327147142594
axis:topt_scale,0.9500000000000001,-43.71403388911448,37.0,1.499794004826604,30.137295276069175
axis:topt_scale,0.9500000000000001,-43.71403388911448,40.0,1.602147900438453,35.50950239937115
axis:topt_scale,0.9500000000000001,-43.71403388911448,43.0,1.6015605365472456,36.63030246129165
axis:topt_scale,0.9500000000000001,-43.71403388911448,45.0,1.4123454898083838,43.75532388056384
axis:topt_scale,0.9500000000000001,-43.71403388911448,47.0,0.41633222240304946,21.348621747011535
axis:topt_scale,0.9500000000000001,-43.71403388911448,50.0,0.0010520886745766435,6.802019211127228
axis:topt_scale,1.0,-46.81288974162299,15.0,0.0,
axis:topt_scale,1.0,-46.81288974162299,20.0,0.018710103464840845,1.2318792154232021
axis:topt_scale,1.0,-46.81288974162299,25.0,0.14564974887447268,6.297730716813542
axis:topt_scale,1.0,-46.81288974162299,27.0,0.3239282299789549,8.080034907828376
axis:topt_scale,1.0,-46.81288974162299,30.0,0.776680689432315,18.112193647726862
axis:topt_scale,1.0,-46.81288974162299,35.0,1.377814994257199,25.95183897712771
axis:topt_scale,1.0,-46.81288974162299,37.0,1.4915371699636832,29.731398274653575
axis:topt_scale,1.0,-46.81288974162299,40.0,1.5976872224225496,35.2858413368818
axis:topt_scale,1.0,-46.81288974162299,43.0,1.5997036264149962,36.53678838116804
axis:topt_scale,1.0,-46.81288974162299,45.0,1.411679544332772,43.77129423654851
axis:topt_scale,1.0,-46.81288974162299,47.0,0.4181571743961479,21.188149594181596
axis:topt_scale,1.0,-46.81288974162299,50.0,0.001052718972247755,6.802048857721038
axis:dCp_scale,-1.0,-27.23123371540008,15.0,0.17185229122119397,6.527158088990181
axis:dCp_scale,-1.0,-27.23123371540008,20.0,0.5417828618057068,12.451606772183341
axis:dCp_scale,-1.0,-27.23123371540008,25.0,1.0866721458488682,21.609710895640355
axis:dCp_scale,-1.0,-27.23123371540008,27.0,1.2625458388232573,23.940041821163742
axis:dCp_scale,-1.0,-27.23123371540008,30.0,1.4354461435874355,27.363421511682
axis:dCp_scale,-1.0,-27.23123371540008,35.0,1.5981515871276277,34.328916529702695
axis:dCp_scale,-1.0,-27.23123371540008,37.0,1.6390659710869673,37.805152438364324
axis:dCp_scale,-1.0,-27.23123371540008,40.0,1.6706476556847107,39.415404677348384
axis:dCp_scale,-1.0,-27.23123371540008,43.0,1.6229749591707021,37.74662035180466
axis:dCp_scale,-1.0,-27.23123371540008,45.0,1.4193247953877397,43.58937411804814
axis:dCp_scale,-1.0,-27.23123371540008,47.0,0.4258833346314012,21.70831140025883
axis:dCp_scale,-1.0,-27.23123371540008,50.0,0.001056132488276907,6.802208769543243
axis:dCp_scale,-0.9500000000000001,-24.78529510203358,15.0,0.15698368098628823,6.6295770870257735
axis:dCp_scale,-0.9500000000000001,-24.78529510203358,20.0,0.5137628516743615,11.907885932933596
axis:dCp_scale,-0.9500000000000001,-24.78529510203358,25.0,1.0661974483233605,21.328184156004273
axis:dCp_scale,-0.9500000000000001,-24.78529510203358,27.0,1.2473192709953778,23.839619698685162
axis:dCp_scale,-0.9500000000000001,-24.78529510203358,30.0,1.4280175631015244,27.368752806388454
axis:dCp_scale,-0.9500000000000001,-24.78529510203358,35.0,1.5954920852075989,34.197260659841845
axis:dCp_scale,-0.9500000000000001,-24.78529510203358,37.0,1.6374569038872722,37.39901257761365
axis:dCp_scale,-0.9500000000000001,-24.78529510203358,40.0,1.6700950974397462,39.26696805249133
axis:dCp_scale,-0.9500000000000001,-24.78529510203358,43.0,1.622740827977289,37.73388787536147
axis:dCp_scale,-0.9500000000000001,-24.78529510203358,45.0,1.418918705138093,43.599112354443825
axis:dCp_scale,-0.9500000000000001,-24.78529510203358,47.0,0.42406539558056855,21.683701934669386
axis:dCp_scale,-0.9500000000000001,-24.78529510203358,50.0,0.0010555301280185544,6.802180767452637
axis:dCp_scale,-0.9,-22.358213093003563,15.0,0.14280442636797705,6.526278177282405
axis:dCp_scale,-0.9,-22.358213093003563,20.0,0.48638805775980853,11.376620509032131
axis:dCp_scale,-0.9,-22.358213093003563,25.0,1.0451123410100231,21.03521036038807
axis:dCp_scale,-0.9,-22.358213093003563,27.0,1.230209886831397,23.7717295425328
axis:dCp_scale,-0.9,-22.358213093003563,30.0,1.4202900978365964,27.282650739435116
axis:dCp_scale,-0.9,-22.358213093003563,35.0,1.5927610365025426,34.06206294098008
axis:dCp_scale,-0.9,-22.358213093003563,37.0,1.6358040438202543,37.31659426474976
axis:dCp_scale,-0.9,-22.358213093003563,40.0,1.6695281821225623,39.2504102125638
axis:dCp_scale,-0.9,-22.358213093003563,43.0,1.622500490554208,37.72081789295949
axis:dCp_scale,-0.9,-22.358213093003563,45.0,1.4185020877047818,43.609103037686864
axis:dCp_scale,-0.9,-22.358213093003563,47.0,0.42220738222598403,21.658549982686495
axis:dCp_scale,-0.9,-22.358213093003563,50.0,0.0010549083121021276,6.802151230559065
axis:dCp_scale,-0.8500000000000001,-19.617678322242398,15.0,0.1292727923649855,6.034988037517416
axis:dCp_scale,-0.8500000000000001,-19.617678322242398,20.0,0.4596836393451473,10.858365130986549
axis:dCp_scale,-0.8500000000000001,-19.617678322242398,25.0,1.0236417162528153,20.74428829177556
axis:dCp_scale,-0.8500000000000001,-19.617678322242398,27.0,1.2122744413908466,23.521578113768346
axis:dCp_scale,-0.8500000000000001,-19.617678322242398,30.0,1.4119112886852616,26.86167432841053
axis:dCp_scale,-0.8500000000000001,-19.617678322242398,35.0,1.5899281385670336,33.92255506947893
axis:dCp_scale,-0.8500000000000001,-19.617678322242398,37.0,1.6341026454016119,37.232368309845256
axis:dCp_scale,-0.8500000000000001,-19.617678322242398,40.0,1.6689451834807094,39.23338262855366
axis:dCp_scale,-0.8500000000000001,-19.617678322242398,43.0,1.6222537790008027,37.70740127385682
axis:dCp_scale,-0.8500000000000001,-19.617678322242398,45.0,1.4180746701884615,43.61935271203206
axis:dCp_scale,-0.8500000000000001,-19.617678322242398,47.0,0.42030860784861107,21.63284624818523
axis:dCp_scale,-0.8500000000000001,-19.617678322242398,50.0,0.0010542655999994737,6.80212132917208
axis:dCp_scale,-0.8,-17.112696345563997,15.0,0.11641183364751158,5.60645787286938
axis:dCp_scale,-0.8,-17.112696345563997,20.0,0.4336793478704885,10.411314836161113
axis:dCp_scale,-0.8,-17.112696345563997,25.0,1.0017927424738664,20.448239680209348
axis:dCp_scale,-0.8,-17.112696345563997,27.0,1.1939509706762044,23.266014771648727
axis:dCp_scale,-0.8,-17.112696345563997,30.0,1.403336947259878,26.43087379160907
axis:dCp_scale,-0.8,-17.112696345563997,35.0,1.586955175687362,33.777777925801544
axis:dCp_scale,-0.8,-17.112696345563997,37.0,1.632354070574222,37.145806936009485
axis:dCp_scale,-0.8,-17.112696345563997,40.0,1.6683456091227518,39.21587091923327
axis:dCp_scale,-0.8,-17.112696345563997,43.0,1.622000520689461,37.69362863025462
axis:dCp_scale,-0.8,-17.112696345563997,45.0,1.4176367168668687,43.73167357085273
axis:dCp_scale,-0.8,-17.112696345563997,47.0,0.41836838477653326,21.60658142214154
axis:dCp_scale,-0.8,-17.112696345563997,50.0,0.0010536014146082854,6.802090587496698
axis:dCp_scale,-0.75,-14.767464267202376,15.0,0.10421194930062874,5.199832808456716
axis:dCp_scale,-0.75,-14.767464267202376,20.0,0.4084282746869307,9.942110191699431
axis:dCp_scale,-0.75,-14.767464267202376,25.0,0.9796061235802017,20.147616054346052
axis:dCp_scale,-0.75,-14.767464267202376,27.0,1.175222885397287,23.00480814000559
axis:dCp_scale,-0.75,-14.767464267202376,30.0,1.3945403225086743,25.993377221135123
axis:dCp_scale,-0.75,-14.767464267202376,35.0,1.5839020329328533,33.62909618804466
axis:dCp_scale,-0.75,-14.767464267202376,37.0,1.630556938473707,37.05684178499119
axis:dCp_scale,-0.75,-14.767464267202376,40.0,1.6677289496803502,39.19786020753133
axis:dCp_scale,-0.75,-14.767464267202376,43.0,1.6217405381226078,37.679490309513085
axis:dCp_scale,-0.75,-14.767464267202376,45.0,1.4171878510371272,43.74268729146302
axis:dCp_scale,-0.75,-14.767464267202376,47.0,0.4163860253214247,21.579746195309227
axis:dCp_scale,-0.75,-14.767464267202376,50.0,0.0010529149063401423,6.802058432929632
axis:dCp_scale,-0.7000000000000001,-12.54043165160397,15.0,0.09276758298345082,4.702049985507441
axis:dCp_scale,-0.7000000000000001,-12.54043165160397,20.0,0.38394742478668087,9.46858400727828
axis:dCp_scale,-0.7000000000000001,-12.54043165160397,25.0,0.9570607293364023,19.825941021370873
axis:dCp_scale,-0.7000000000000001,-12.54043165160397,27.0,1.1560799938862498,22.737816072368222
axis:dCp_scale,-0.7000000000000001,-12.54043165160397,30.0,1.3855339124714907,25.546112719479968
axis:dCp_scale,-0.7000000000000001,-12.54043165160397,35.0,1.5807665101569237,33.476402713619706
axis:dCp_scale,-0.7000000000000001,-12.54043165160397,37.0,1.628719995223632,36.342665403126986
axis:dCp_scale,-0.7000000000000001,-12.54043165160397,40.0,1.66710049884883,38.72307989231412
axis:dCp_scale,-0.7000000000000001,-12.54043165160397,43.0,1.6214736487842982,37.664976386086984
axis:dCp_scale,-0.7000000000000001,-12.54043165160397,45.0,1.4167273535607163,43.75398641518947
axis:dCp_scale,-0.7000000000000001,-12.54043165160397,47.0,0.4143608419041904,21.552331259920763
axis:dCp_scale,-0.7000000000000001,-12.54043165160397,50.0,0.0010522052097103809,6.802025161004176
axis:dCp_scale,-0.65,-10.53178536373225,15.0,0.08208845059854424,4.315029563226047
axis:dCp_scale,-0.65,-10.53178536373225,20.0,0.36022275015552013,9.00968430810517
axis:dCp_scale,-0.65,-10.53178536373225,25.0,0.9341695312137899,19.51534439895715
axis:dCp_scale,-0.65,-10.53178536373225,27.0,1.1365244351150474,22.455177297637753
axis:dCp_scale,-0.65,-10.53178536373225,30.0,1.3758112474061466,25.189076438188646
axis:dCp_scale,-0.65,-10.53178536373225,35.0,1.5775463473804618,33.31958744621819
axis:dCp_scale,-0.65,-10.53178536373225,37.0,1.6268427409080422,36.248592423019055
axis:dCp_scale,-0.65,-10.53178536373225,40.0,1.6664551329800497,38.68911556589971
axis:dCp_scale,-0.65,-10.53178536373225,43.0,1.6211996649870528,37.650076653192336
axis:dCp_scale,-0.65,-10.53178536373225,45.0,1.4162549229409946,43.76557833978847
axis:dCp_scale,-0.65,-10.53178536373225,47.0,0.41229214852389023,21.524327329572124
axis:dCp_scale,-0.65,-10.53178536373225,50.0,0.0010514713672481514,6.8019904543083625
axis:dCp_scale,-0.6000000000000001,-8.757223761268854,15.0,0.07207615427682519,3.9813389541032707
axis:dCp_scale,-0.6000000000000001,-8.757223761268854,20.0,0.33725984558587513,8.565519312674196
axis:dCp_scale,-0.6000000000000001,-8.757223761268854,25.0,0.9109390402053563,19.200587140288427
axis:dCp_scale,-0.6000000000000001,-8.757223761268854,27.0,1.1165539457253721,22.177385227574813
axis:dCp_scale,-0.6000000000000001,-8.757223761268854,30.0,1.3656892264916134,24.860250392045838
axis:dCp_scale,-0.6000000000000001,-8.757223761268854,35.0,1.5742386839689744,33.15851107885557
axis:dCp_scale,-0.6000000000000001,-8.757223761268854,37.0,1.6249132006842926,36.15189929115116
axis:dCp_scale,-0.6000000000000001,-8.757223761268854,40.0,1.6657916979330654,38.65420029445373
axis:dCp_scale,-0.6000000000000001,-8.757223761268854,43.0,1.6209183937131548,37.63478061417813
axis:dCp_scale,-0.6000000000000001,-8.757223761268854,45.0,1.4157702498037525,43.777470656305255
axis:dCp_scale,-0.6000000000000001,-8.757223761268854,47.0,0.4101792614131657,21.49572514809527
axis:dCp_scale,-0.6000000000000001,-8.757223761268854,50.0,0.001050712447006985,6.801954908385046
axis:dCp_scale,-0.55,-7.1280857273553,15.0,0.06270443288756308,3.668997477340534
axis:dCp_scale,-0.55,-7.1280857273553,20.0,0.3150240226741385,8.135418052964596
axis:dCp_scale,-0.55,-7.1280857273553,25.0,0.8850786884128434,18.85019706736806
axis:dCp_scale,-0.55,-7.1280857273553,27.0,1.0961674295582073,21.89373949082313
axis:dCp_scale,-0.55,-7.1280857273553,30.0,1.3552482798914036,24.53130163454812
axis:dCp_scale,-0.55,-7.1280857273553,35.0,1.5708414730048228,32.993073930877365
axis:dCp_scale,-0.55,-7.1280857273553,37.0,1.622933797043172,35.87348159124651
axis:dCp_scale,-0.55,-7.1280857273553,40.0,1.6651096534461096,38.61830564506961
axis:dCp_scale,-0.55,-7.1280857273553,43.0,1.6206296364505464,37.619077473599
axis:dCp_scale,-0.55,-7.1280857273553,45.0,1.415273016682423,43.789671154346294
axis:dCp_scale,-0.55,-7.1280857273553,47.0,0.40802149996345805,21.466515502082945
axis:dCp_scale,-0.55,-7.1280857273553,50.0,0.0010499397058181563,6.801918715123146
axis:dCp_scale,-0.5,-5.45114835334211,15.0,0.053955947232950656,3.3774272507725294
axis:dCp_scale,-0.5,-5.45114835334211,20.0,0.2936171506647717,7.2873495570676035
axis:dCp_scale,-0.5,-5.45114835334211,25.0,0.8524714299671203,18.409092909447388
axis:dCp_scale,-0.5,-5.45114835334211,27.0,1.0753326310342133,21.603885366969497
axis:dCp_scale,-0.5,-5.45114835334211,30.0,1.3445024459858603,24.192747205830724
axis:dCp_scale,-0.5,-5.45114835334211,35.0,1.5673529501488317,32.823190082613635
axis:dCp_scale,-0.5,-5.45114835334211,37.0,1.62090186647792,35.7692062057348
axis:dCp_scale,-0.5,-5.45114835334211,40.0,1.66440844131971,38.581402240816246
axis:dCp_scale,-0.5,-5.45114835334211,43.0,1.6203331890226524,37.602956127967346
axis:dCp_scale,-0.5,-5.45114835334211,45.0,1.4147628977963966,43.80218782751766
axis:dCp_scale,-0.5,-5.45114835334211,47.0,0.4058181877047768,21.43668923415169
axis:dCp_scale,-0.5,-5.45114835334211,50.0,0.0010492246807909905,6.801885586974327
axis:dCp_scale,-0.45,-4.211919198914897,15.0,0.045812028892159976,3.1050096343428604
axis:dCp_scale,-0.45,-4.211919198914897,20.0,0.2729432827248706,7.024404579393951
axis:dCp_scale,-0.45,-4.211919198914897,25.0,0.8200234274714021,17.970701815684475
axis:dCp_scale,-0.45,-4.211919198914897,27.0,1.0536445485848163,21.293836606002763
axis:dCp_scale,-0.45,-4.211919198914897,30.0,1.3334040708721289,23.893443530957942
axis:dCp_scale,-0.45,-4.211919198914897,35.0,1.563769876005957,32.64870178222682
axis:dCp_scale,-0.45,-4.211919198914897,37.0,1.6188131045243883,35.66201432542693
axis:dCp_scale,-0.45,-4.211919198914897,40.0,1.663687484732296,38.54345972471728
axis:dCp_scale,-0.45,-4.211919198914897,43.0,1.6200288414126254,37.58640515618665
axis:dCp_scale,-0.45,-4.211919198914897,45.0,1.4142395588221364,43.81502887904121
axis:dCp_scale,-0.45,-4.211919198914897,47.0,0.4035686649549498,21.334125820615764
axis:dCp_scale,-0.45,-4.211919198914897,50.0,0.0010484847348851004,6.8018509020957865
axis:dCp_scale,-0.4,-3.4836332455879333,15.0,0.038403434406775426,2.6266179215146686
axis:dCp_scale,-0.4,-3.4836332455879333,20.0,0.2527354809995251,7.131739534094199
axis:dCp_scale,-0.4,-3.4836332455879333,25.0,0.787837972450815,17.571314465460862
axis:dCp_scale,-0.4,-3.4836332455879333,27.0,1.0315411555794174,20.99435075410526
axis:dCp_scale,-0.4,-3.4836332455879333,30.0,1.3216486000550385,23.713677996509034
axis:dCp_scale,-0.4,-3.4836332455879333,35.0,1.560090373412714,32.469517615735725
axis:dCp_scale,-0.4,-3.4836332455879333,37.0,1.6166663184280963,35.551844740092825
axis:dCp_scale,-0.4,-3.4836332455879333,40.0,1.6629461874884355,38.504446720190245
axis:dCp_scale,-0.4,-3.4836332455879333,43.0,1.6197163775522394,37.569412808078525
axis:dCp_scale,-0.4,-3.4836332455879333,45.0,1.4137026566384678,43.82820272800465
axis:dCp_scale,-0.4,-3.4836332455879333,47.0,0.401271373275804,21.363978979825713
axis:dCp_scale,-0.4,-3.4836332455879333,50.0,0.0010477187981077973,6.801815058423582
axis:dCp_scale,-0.35000000000000003,-2.887775555593005,15.0,0.03158118170536762,2.3930876663333316
axis:dCp_scale,-0.35000000000000003,-2.887775555593005,20.0,0.23311470871810255,6.864769593808983
axis:dCp_scale,-0.35000000000000003,-2.887775555593005,25.0,0.7558190887241004,17.43760859216986
axis:dCp_scale,-0.35000000000000003,-2.887775555593005,27.0,1.0090219029879113,20.68923028935069
axis:dCp_scale,-0.35000000000000003,-2.887775555593005,30.0,1.309364913600085,23.5376245480577
axis:dCp_scale,-0.35000000000000003,-2.887775555593005,35.0,1.5563110917803495,32.28547441639862
axis:dCp_scale,-0.35000000000000003,-2.887775555593005,37.0,1.6144595660588825,35.36950358414482
axis:dCp_scale,-0.35000000000000003,-2.887775555593005,40.0,1.662183933457724,38.4643308015114
axis:dCp_scale,-0.35000000000000003,-2.887775555593005,43.0,1.6193955752760232,37.551967001882
axis:dCp_scale,-0.35000000000000003,-2.887775555593005,45.0,1.4131518391729971,43.841718013129835
axis:dCp_scale,-0.35000000000000003,-2.887775555593005,47.0,0.3989252305727179,21.301653256373356
axis:dCp_scale,-0.35000000000000003,-2.887775555593005,50.0,0.0010469258212016763,6.801777913356049
axis:dCp_scale,-0.30000000000000004,-2.24109564312226,15.0,0.025180419608223033,2.1739853153469975
axis:dCp_scale,-0.30000000000000004,-2.24109564312226,20.0,0.21418445098435265,7.090451138868929
axis:dCp_scale,-0.30000000000000004,-2.24109564312226,25.0,0.7232674076456708,16.555890158998363
axis:dCp_scale,-0.30000000000000004,-2.24109564312226,27.0,0.9860935124415467,20.378566285243327
axis:dCp_scale,-0.30000000000000004,-2.24109564312226,30.0,1.2960805103437385,23.455524664334362
axis:dCp_scale,-0.30000000000000004,-2.24109564312226,35.0,1.5524295484420965,32.0964512834782
axis:dCp_scale,-0.30000000000000004,-2.24109564312226,37.0,1.6121933795084715,35.25731838160218
axis:dCp_scale,-0.30000000000000004,-2.24109564312226,40.0,1.6614000854247881,38.42307843330039
axis:dCp_scale,-0.30000000000000004,-2.24109564312226,43.0,1.6190662058396186,37.534055298068495
axis:dCp_scale,-0.30000000000000004,-2.24109564312226,45.0,1.412586744967689,43.85558360343168
axis:dCp_scale,-0.30000000000000004,-2.24109564312226,47.0,0.3965311167924493,21.238053172207017
axis:dCp_scale,-0.30000000000000004,-2.24109564312226,50.0,0.00104610465124751,6.801739455264976
axis:dCp_scale,-0.25,-2.053467131214309,15.0,0.019243137002184295,1.9118965997514066
axis:dCp_scale,-0.25,-2.053467131214309,20.0,0.1961253900169676,7.13204003962488
axis:dCp_scale,-0.25,-2.053467131214309,25.0,0.6905673551771986,15.667063459555333
axis:dCp_scale,-0.25,-2.053467131214309,27.0,0.9627641921794621,20.062469957807377
axis:dCp_scale,-0.25,-2.053467131214309,30.0,1.2818804213188337,23.660691032428147
axis:dCp_scale,-0.25,-2.053467131214309,35.0,1.5484429563359676,31.90231249282038
axis:dCp_scale,-0.25,-2.053467131214309,37.0,1.6098632305960217,35.141966789010944
axis:dCp_scale,-0.25,-2.053467131214309,40.0,1.6605939846449267,38.380654947127574
axis:dCp_scale,-0.25,-2.053467131214309,43.0,1.618728034002721,37.51566490384398
axis:dCp_scale,-0.25,-2.053467131214309,45.0,1.4120070030988352,43.86980860018238
axis:dCp_scale,-0.25,-2.053467131214309,47.0,0.39408841242589526,21.173162269950527
axis:dCp_scale,-0.25,-2.053467131214309,50.0,0.0010452540904087287,6.801699616829216
axis:dCp_scale,-0.2,-2.0371538241704092,15.0,0.013773748710035286,1.7148166046284488
axis:dCp_scale,-0.2,-2.0371538241704092,20.0,0.17891134895148153,7.171682911797153
axis:dCp_scale,-0.2,-2.0371538241704092,25.0,0.6581702039222453,14.79389927102758
axis:dCp_scale,-0.2,-2.0371538241704092,27.0,0.9390437201216952,19.741073791169327
axis:dCp_scale,-0.2,-2.0371538241704092,30.0,1.2673503212625954,23.870625480821033
axis:dCp_scale,-0.2,-2.0371538241704092,35.0,1.5443484570441433,31.702918845388094
axis:dCp_scale,-0.2,-2.0371538241704092,37.0,1.6074671959923237,35.02335359396464
axis:dCp_scale,-0.2,-2.0371538241704092,40.0,1.659764949807625,38.33702448697254
axis:dCp_scale,-0.2,-2.0371538241704092,43.0,1.6183808176756476,37.4967826539376
axis:dCp_scale,-0.2,-2.0371538241704092,45.0,1.4114122328152416,43.88440234578912
axis:dCp_scale,-0.2,-2.0371538241704092,47.0,0.3915965103914938,21.10696442236769
axis:dCp_scale,-0.2,-2.0371538241704092,50.0,0.0010443726245042057,6.801658175702881
axis:dCp_scale,-0.15000000000000002,-4.3441128998435925,15.0,0.008745251326526675,1.262250324858795
axis:dCp_scale,-0.15000000000000002,-4.3441128998435925,20.0,0.16250710393408754,6.995228845598463
axis:dCp_scale,-0.15000000000000002,-4.3441128998435925,25.0,0.6258408267859004,14.132916341608944
axis:dCp_scale,-0.15000000000000002,-4.3441128998435925,27.0,0.9149491369483589,19.45036177472018
axis:dCp_scale,-0.15000000000000002,-4.3441128998435925,30.0,1.252338229278747,23.782212725198676
axis:dCp_scale,-0.15000000000000002,-4.3441128998435925,35.0,1.5401431197929627,31.49812761856598
axis:dCp_scale,-0.15000000000000002,-4.3441128998435925,37.0,1.60500328955887,34.90138047474678
axis:dCp_scale,-0.15000000000000002,-4.3441128998435925,40.0,1.6589122761837563,38.29214996433798
axis:dCp_scale,-0.15000000000000002,-4.3441128998435925,43.0,1.6180243077298198,37.477395000285185
axis:dCp_scale,-0.15000000000000002,-4.3441128998435925,45.0,1.4108020432757231,43.899374430234445
axis:dCp_scale,-0.15000000000000002,-4.3441128998435925,47.0,0.3890548175140873,21.039443871648547
axis:dCp_scale,-0.15000000000000002,-4.3441128998435925,50.0,0.001043459693854119,6.801615571163573
axis:dCp_scale,-0.1,-7.913177911139393,15.0,0.004163608396997133,0.920091075492809
axis:dCp_scale,-0.1,-7.913177911139393,20.0,0.14690732697444503,6.472122855556241
axis:dCp_scale,-0.1,-7.913177911139393,25.0,0.5940326834058013,13.523147109859337
axis:dCp_scale,-0.1,-7.913177911139393,27.0,0.8894026780252408,19.104224735412004
axis:dCp_scale,-0.1,-7.913177911139393,30.0,1.2349165966371203,24.002867247672246
axis:dCp_scale,-0.1,-7.913177911139393,35.0,1.5358239405176026,31.287792520609326
axis:dCp_scale,-0.1,-7.913177911139393,37.0,1.6024694601665614,34.775945892350094
axis:dCp_scale,-0.1,-7.913177911139393,40.0,1.6580352346951635,38.24599300928487
axis:dCp_scale,-0.1,-7.913177911139393,43.0,1.6176582477710584,37.457487999711844
axis:dCp_scale,-0.1,-7.913177911139393,45.0,1.410176033257909,43.9147346982221
axis:dCp_scale,-0.1,-7.913177911139393,47.0,0.3864627434053781,20.969042133631856
axis:dCp_scale,-0.1,-7.913177911139393,50.0,0.0010425128810579388,6.801571069606032
axis:dCp_scale,-0.05,2.4297078378471095,15.0,0.0,
axis:dCp_scale,-0.05,2.4297078378471095,20.0,0.13215326111906064,5.9807190894989635
axis:dCp_scale,-0.05,2.4297078378471095,25.0,0.5629047213105248,12.926417105660454
axis:dCp_scale,-0.05,2.4297078378471095,27.0,0.8554449244972455,18.64470709050731
axis:dCp_scale,-0.05,2.4297078378471095,30.0,1.2160421293617958,23.74395564230126
axis:dCp_scale,-0.05,2.4297078378471095,35.0,1.531387841035513,31.07176365039562
axis:dCp_scale,-0.05,2.4297078378471095,37.0,1.5998635894455482,34.646944979083074
axis:dCp_scale,-0.05,2.4297078378471095,40.0,1.6571331831354785,38.198519823766986
axis:dCp_scale,-0.05,2.4297078378471095,43.0,1.617282373904758,37.43704730115161
axis:dCp_scale,-0.05,2.4297078378471095,45.0,1.4095337908560064,43.93049325659299
axis:dCp_scale,-0.05,2.4297078378471095,47.0,0.3838195362031091,20.866994934184522
axis:dCp_scale,-0.05,2.4297078378471095,50.0,0.001041531491828571,6.801525103596367
axis:dCp_scale,0.0,2.3643166223999525,15.0,0.0,
axis:dCp_scale,0.0,2.3643166223999525,20.0,0.11834294554443316,5.36300064612367
axis:dCp_scale,0.0,2.3643166223999525,25.0,0.532543802270647,11.93249679200692
axis:dCp_scale,0.0,2.3643166223999525,27.0,0.8216112608677082,18.187594921383248
axis:dCp_scale,0.0,2.3643166223999525,30.0,1.1967040950746977,23.458782977987166
axis:dCp_scale,0.0,2.3643166223999525,35.0,1.526831668346873,30.84988746335286
axis:dCp_scale,0.0,2.3643166223999525,37.0,1.597183656240015,34.51427767973442
axis:dCp_scale,0.0,2.3643166223999525,40.0,1.6562052344532008,38.149683724019475
axis:dCp_scale,0.0,2.3643166223999525,43.0,1.6168964144917264,37.41605813237432
axis:dCp_scale,0.0,2.3643166223999525,45.0,1.4088748931669046,43.94666048202531
axis:dCp_scale,0.0,2.3643166223999525,47.0,0.3811249424975039,20.76296383852567
axis:dCp_scale,0.0,2.3643166223999525,50.0,0.0010405139908218374,6.801477600784894
axis:dCp_scale,0.05,1.9887139344996605,15.0,0.0,
axis:dCp_scale,0.05,1.9887139344996605,20.0,0.10538308897153902,4.919376121345074
axis:dCp_scale,0.05,1.9887139344996605,25.0,0.5028757734668432,11.355234142751156
axis:dCp_scale,0.05,1.9887139344996605,27.0,0.788027612233919,17.733566926440577
axis:dCp_scale,0.05,1.9887139344996605,30.0,1.176932686482589,22.913101345942398
axis:dCp_scale,0.05,1.9887139344996605,35.0,1.522152194082049,30.62200674455728
axis:dCp_scale,0.05,1.9887139344996605,37.0,1.594427574680888,34.37784073553014
axis:dCp_scale,0.05,1.9887139344996605,40.0,1.6552511014833704,38.09946959712275
axis:dCp_scale,0.05,1.9887139344996605,43.0,1.616500089894621,37.39450528619976
axis:dCp_scale,0.05,1.9887139344996605,45.0,1.4081989059639564,43.96324702904241
axis:dCp_scale,0.05,1.9887139344996605,47.0,0.37837391501614964,20.694340088616226
axis:dCp_scale,0.05,1.9887139344996605,50.0,0.0010394582262909743,6.801428151050642
axis:dCp_scale,0.1,1.172668465759291,15.0,0.0,
axis:dCp_scale,0.1,1.172668465759291,20.0,0.09324709350366857,4.503952911075149
axis:dCp_scale,0.1,1.172668465759291,25.0,0.47398825619777,10.793158217200352
axis:dCp_scale,0.1,1.172668465759291,27.0,0.7547212927480802,17.629626816050916
axis:dCp_scale,0.1,1.172668465759291,30.0,1.1568193950713357,22.628431287655022
axis:dCp_scale,0.1,1.172668465759291,35.0,1.517338823194452,30.388202678168952
axis:dCp_scale,0.1,1.172668465759291,37.0,1.59159268554333,34.23750250431752
axis:dCp_scale,0.1,1.172668465759291,40.0,1.6542738375530568,38.048038133625475
axis:dCp_scale,0.1,1.172668465759291,43.0,1.6160931122146829,37.37237310617318
axis:dCp_scale,0.1,1.172668465759291,45.0,1.4075053833571722,43.9802638383469
axis:dCp_scale,0.1,1.172668465759291,47.0,0.3755368248543679,20.62458363711717
axis:dCp_scale,0.1,1.172668465759291,50.0,0.0010383627462974506,6.801376841129764
axis:dCp_scale,0.15000000000000002,0.27899217336089777,15.0,0.0,
axis:dCp_scale,0.15000000000000002,0.27899217336089777,20.0,0.08191592046038777,4.116079308598443
axis:dCp_scale,0.15000000000000002,0.27899217336089777,25.0,0.44590796710469055,10.246788851681199
axis:dCp_scale,0.15000000000000002,0.27899217336089777,27.0,0.7208602642728972,16.760701440669763
axis:dCp_scale,0.15000000000000002,0.27899217336089777,30.0,1.1362441380903705,22.336685193538518
axis:dCp_scale,0.15000000000000002,0.27899217336089777,35.0,1.5123921701047778,30.148179843631006
axis:dCp_scale,0.15000000000000002,0.27899217336089777,37.0,1.5886071889636157,34.091505115224265
axis:dCp_scale,0.15000000000000002,0.27899217336089777,40.0,1.6532683208210481,37.99511978117881
axis:dCp_scale,0.15000000000000002,0.27899217336089777,43.0,1.615675185018043,37.34964547168534
axis:dCp_scale,0.15000000000000002,0.27899217336089777,45.0,1.4067995090356114,44.88803828084558
axis:dCp_scale,0.15000000000000002,0.27899217336089777,47.0,0.3726308555945296,20.543581386840255
axis:dCp_scale,0.15000000000000002,0.27899217336089777,50.0,0.0010372257463547125,6.801323586503983
axis:dCp_scale,0.2,-5.804982880153567,15.0,0.0,
axis:dCp_scale,0.2,-5.804982880153567,20.0,0.07137020428825262,2.7306632700529656
axis:dCp_scale,0.2,-5.804982880153567,25.0,0.41865977220229816,9.662238346281649
axis:dCp_scale,0.2,-5.804982880153567,27.0,0.6867826977053694,15.834432253595251
axis:dCp_scale,0.2,-5.804982880153567,30.0,1.1152059614890848,22.042612158577757
axis:dCp_scale,0.2,-5.804982880153567,35.0,1.5073118178600298,29.90166962265311
axis:dCp_scale,0.2,-5.804982880153567,37.0,1.5855109522696826,33.94072479174273
axis:dCp_scale,0.2,-5.804982880153567,40.0,1.6522336599237257,37.940667629081624
axis:dCp_scale,0.2,-5.804982880153567,43.0,1.6152460030508293,37.326305782480944
axis:dCp_scale,0.2,-5.804982880153567,45.0,1.4060786900113758,44.905724856247936
axis:dCp_scale,0.2,-5.804982880153567,47.0,0.36967114845384447,20.463967670970824
axis:dCp_scale,0.2,-5.804982880153567,50.0,0.0010360453229481042,6.8012682980167725
axis:dCp_scale,0.25,-8.176798876023607,15.0,0.0,
axis:dCp_scale,0.25,-8.176798876023607,20.0,0.061597019980871526,2.4920368429310567
axis:dCp_scale,0.25,-8.176798876023607,25.0,0.3923192908382809,9.149846431968701
axis:dCp_scale,0.25,-8.176798876023607,27.0,0.6531574771541399,14.72246269425423
axis:dCp_scale,0.25,-8.176798876023607,30.0,1.0937154915664957,21.735373846855104
axis:dCp_scale,0.25,-8.176798876023607,35.0,1.5020942313251735,29.648500482460662
axis:dCp_scale,0.25,-8.176798876023607,37.0,1.5823256280618365,33.78560609058059
axis:dCp_scale,0.25,-8.176798876023607,40.0,1.6511689315723792,37.8846330864795
axis:dCp_scale,0.25,-8.176798876023607,43.0,1.6148052519432696,37.30233694256452
axis:dCp_scale,0.25,-8.176798876023607,45.0,1.405339149825102,44.92387078862224
axis:dCp_scale,0.25,-8.176798876023607,47.0,0.36665728571700923,20.382897213592955
axis:dCp_scale,0.25,-8.176798876023607,50.0,0.00103478283836445,6.801209165960963
axis:dCp_scale,0.30000000000000004,-10.458775397972564,15.0,0.0,
axis:dCp_scale,0.30000000000000004,-10.458775397972564,20.0,0.052554416174340715,2.331766523211256
axis:dCp_scale,0.30000000000000004,-10.458775397972564,25.0,0.36686853692561167,8.654762065901116
axis:dCp_scale,0.30000000000000004,-10.458775397972564,27.0,0.6198390213900121,13.824180666355662
axis:dCp_scale,0.30000000000000004,-10.458775397972564,30.0,1.0717157341774286,21.425686535434068
axis:dCp_scale,0.30000000000000004,-10.458775397972564,35.0,1.4967358005793732,29.388497261501744
axis:dCp_scale,0.30000000000000004,-10.458775397972564,37.0,1.5790484723251668,33.62601538388758
axis:dCp_scale,0.30000000000000004,-10.458775397972564,40.0,1.6500731792115382,37.82696581175411
axis:dCp_scale,0.30000000000000004,-10.458775397972564,43.0,1.6143526079014074,37.27772134343878
axis:dCp_scale,0.30000000000000004,-10.458775397972564,45.0,1.4045803973691275,44.94248812816739
axis:dCp_scale,0.30000000000000004,-10.458775397972564,47.0,0.3635889084393199,20.300360359385948
axis:dCp_scale,0.30000000000000004,-10.458775397972564,50.0,0.0010335460626200341,6.801151234360534
axis:dCp_scale,0.35000000000000003,-11.525666410596688,15.0,0.0,
axis:dCp_scale,0.35000000000000003,-11.525666410596688,20.0,0.04420927428597149,2.3432726087361044
axis:dCp_scale,0.35000000000000003,-11.525666410596688,25.0,0.3423165998062003,8.177162059779288
axis:dCp_scale,0.35000000000000003,-11.525666410596688,27.0,0.5869955973029415,13.190798393533058
axis:dCp_scale,0.35000000000000003,-11.525666410596688,30.0,1.0488835944450763,21.110747612478118
axis:dCp_scale,0.35000000000000003,-11.525666410596688,35.0,1.4912328418556504,29.12148121504184
axis:dCp_scale,0.35000000000000003,-11.525666410596688,37.0,1.5756762836825013,33.46179677121547
axis:dCp_scale,0.35000000000000003,-11.525666410596688,40.0,1.6489454116475342,37.76761364034771
axis:dCp_scale,0.35000000000000003,-11.525666410596688,43.0,1.613887737386391,37.25244084665745
axis:dCp_scale,0.35000000000000003,-11.525666410596688,45.0,1.4038019280301877,44.96158925646559
axis:dCp_scale,0.35000000000000003,-11.525666410596688,47.0,0.360465692141427,20.216348380119104
axis:dCp_scale,0.35000000000000003,-11.525666410596688,50.0,0.0010322225822932208,6.8010890957281
axis:dCp_scale,0.4,-12.816465659203146,15.0,0.0,
axis:dCp_scale,0.4,-12.816465659203146,20.0,0.03653775524311866,2.353849918911693
axis:dCp_scale,0.4,-12.816465659203146,25.0,0.318632835265463,7.71921076996428
axis:dCp_scale,0.4,-12.816465659203146,27.0,0.5548569480384988,12.571007635340651
axis:dCp_scale,0.4,-12.816465659203146,30.0,1.025592792015215,20.82860808297813
axis:dCp_scale,0.4,-12.816465659203146,35.0,1.4855815988510723,28.847270078736994
axis:dCp_scale,0.4,-12.816465659203146,37.0,1.5722056509936115,33.29278413708998
axis:dCp_scale,0.4,-12.816465659203146,40.0,1.647784601588958,37.70652250794999
axis:dCp_scale,0.4,-12.816465659203146,43.0,1.6134081832128737,37.22695049520786
axis:dCp_scale,0.4,-12.816465659203146,45.0,1.4030205219704501,44.980762442426425
axis:dCp_scale,0.4,-12.816465659203146,47.0,0.35728734916395866,20.13085353798913
axis:dCp_scale,0.4,-12.816465659203146,50.0,0.001030847525524928,6.801024844392667
axis:dCp_scale,0.45,-26.693507560698908,15.0,0.0,
axis:dCp_scale,0.45,-26.693507560698908,20.0,0.029487030885840815,1.4481846858178278
axis:dCp_scale,0.45,-26.693507560698908,25.0,0.2957064150718587,7.300750902739362
axis:dCp_scale,0.45,-26.693507560698908,27.0,0.5234423236199779,11.90719001832322
axis:dCp_scale,0.45,-26.693507560698908,30.0,1.0018457204768298,20.501170756609472
axis:dCp_scale,0.45,-26.693507560698908,35.0,1.4797782444539407,28.565678152443624
axis:dCp_scale,0.45,-26.693507560698908,37.0,1.5686343565939025,33.11886948583252
axis:dCp_scale,0.45,-26.693507560698908,40.0,1.6465896841238317,37.643636370353434
axis:dCp_scale,0.45,-26.693507560698908,43.0,1.6129106756269138,37.20189599017398
axis:dCp_scale,0.45,-26.693507560698908,45.0,1.4022299382856658,45.000160817723106
axis:dCp_scale,0.45,-26.693507560698908,47.0,0.3540536310996972,20.04386915104391
axis:dCp_scale,0.45,-26.693507560698908,50.0,0.001029443509051594,6.800957368529548
axis:dCp_scale,0.5,-35.39464984113335,15.0,0.0,
axis:dCp_scale,0.5,-35.39464984113335,20.0,0.022688897552613503,1.163953404726479
axis:dCp_scale,0.5,-35.39464984113335,25.0,0.2735594726676766,6.98742289236319
axis:dCp_scale,0.5,-35.39464984113335,27.0,0.49283816040954975,11.311858233887467
axis:dCp_scale,0.5,-35.39464984113335,30.0,0.9776469516382951,20.16737806396336
axis:dCp_scale,0.5,-35.39464984113335,35.0,1.4738188829390755,28.276516406732984
axis:dCp_scale,0.5,-35.39464984113335,37.0,1.5649592754805548,32.93990063626809
axis:dCp_scale,0.5,-35.39464984113335,40.0,1.6453595551238265,37.57889711947422
axis:dCp_scale,0.5,-35.39464984113335,43.0,1.6123997929610447,37.17616791549763
axis:dCp_scale,0.5,-35.39464984113335,45.0,1.4014188621112373,45.020062012661164
axis:dCp_scale,0.5,-35.39464984113335,47.0,0.35076433130263873,19.95538966067387
axis:dCp_scale,0.5,-35.39464984113335,50.0,0.0010279299593540564,6.800888039162895
axis:dCp_scale,0.55,-44.928033279651615,15.0,0.0,
axis:dCp_scale,0.55,-44.928033279651615,20.0,0.016469677722398685,0.9295973722417942
axis:dCp_scale,0.55,-44.928033279651615,25.0,0.2520288892454239,7.069395188155411
axis:dCp_scale,0.55,-44.928033279651615,27.0,0.46308586547415637,10.733097536750977
axis:dCp_scale,0.55,-44.928033279651615,30.0,0.9530057439424631,19.827482463417482
axis:dCp_scale,0.55,-44.928033279651615,35.0,1.4676336441959466,28.05380782775585
axis:dCp_scale,0.55,-44.928033279651615,37.0,1.5611771803154877,32.755720423707665
axis:dCp_scale,0.55,-44.928033279651615,40.0,1.6440930695723004,37.51224449535393
axis:dCp_scale,0.55,-44.928033279651615,43.0,1.6118751251721575,37.14974562138882
axis:dCp_scale,0.55,-44.928033279651615,45.0,1.4005863350672685,45.036311882638046
axis:dCp_scale,0.55,-44.928033279651615,47.0,0.34741866839409563,19.87189121739235
axis:dCp_scale,0.55,-44.928033279651615,50.0,0.0010263812040542466,6.808269056341321
axis:dCp_scale,0.6000000000000001,-23.78367499585943,15.0,0.0,
axis:dCp_scale,0.6000000000000001,-23.78367499585943,20.0,0.011187177514989731,1.9000256652378056
axis:dCp_scale,0.6000000000000001,-23.78367499585943,25.0,0.23110307534244678,7.149064975699343
axis:dCp_scale,0.6000000000000001,-23.78367499585943,27.0,0.43421853622377027,10.171551758931086
axis:dCp_scale,0.6000000000000001,-23.78367499585943,30.0,0.9279332741859587,19.481638125337525
axis:dCp_scale,0.6000000000000001,-23.78367499585943,35.0,1.4612114546390087,27.88328015936692
axis:dCp_scale,0.6000000000000001,-23.78367499585943,37.0,1.5572847383865003,32.566166551958275
axis:dCp_scale,0.6000000000000001,-23.78367499585943,40.0,1.642789039811973,37.44361599394613
axis:dCp_scale,0.6000000000000001,-23.78367499585943,43.0,1.6113362756350473,37.122609133783335
axis:dCp_scale,0.6000000000000001,-23.78367499585943,45.0,1.3997262259367316,45.001820338664615
axis:dCp_scale,0.6000000000000001,-23.78367499585943,47.0,0.3440145348231296,19.815640169112637
axis:dCp_scale,0.6000000000000001,-23.78367499585943,50.0,0.0010255492487494197,6.800776532165034
axis:dCp_scale,0.65,-27.642538806827233,15.0,0.0,
axis:dCp_scale,0.65,-27.642538806827233,20.0,0.00712313170534945,1.7408905310044922
axis:dCp_scale,0.65,-27.642538806827233,25.0,0.21111927377389386,7.225148287568048
axis:dCp_scale,0.65,-27.642538806827233,27.0,0.4062593246156401,9.627671267128823
axis:dCp_scale,0.65,-27.642538806827233,30.0,0.9024427390223209,19.130027081567693
axis:dCp_scale,0.65,-27.642538806827233,35.0,1.4540808397087406,27.779410538545935
axis:dCp_scale,0.65,-27.642538806827233,37.0,1.5532785085613627,32.37107144499876
axis:dCp_scale,0.65,-27.642538806827233,40.0,1.6414462337084812,37.37294677046118
axis:dCp_scale,0.65,-27.642538806827233,43.0,1.6107828448039556,37.094738331538714
axis:dCp_scale,0.65,-27.642538806827233,45.0,1.3988421897602377,44.966369287660555
axis:dCp_scale,0.65,-27.642538806827233,47.0,0.3405547748191335,19.75846993094075
axis:dCp_scale,0.65,-27.642538806827233,50.0,0.0010248612221087714,6.800744306582893
axis:dCp_scale,0.7000000000000001,-32.36527644649904,15.0,0.0,
axis:dCp_scale,0.7000000000000001,-32.36527644649904,20.0,0.003244746320505165,1.5890205081586624
axis:dCp_scale,0.7000000000000001,-32.36527644649904,25.0,0.192129847378433,7.297445765387649
axis:dCp_scale,0.7000000000000001,-32.36527644649904,27.0,0.37938907952493445,8.720494254375193
axis:dCp_scale,0.7000000000000001,-32.36527644649904,30.0,0.8700793328980736,18.6337068759006
axis:dCp_scale,0.7000000000000001,-32.36527644649904,35.0,1.4463331278195521,27.561288351474403
axis:dCp_scale,0.7000000000000001,-32.36527644649904,37.0,1.54915493825086,32.17026209908024
axis:dCp_scale,0.7000000000000001,-32.36527644649904,40.0,1.640063372725178,37.30016953804898
axis:dCp_scale,0.7000000000000001,-32.36527644649904,43.0,1.6102144209091376,37.066112477911936
axis:dCp_scale,0.7000000000000001,-32.36527644649904,45.0,1.3979335096715275,44.92992998231564
axis:dCp_scale,0.7000000000000001,-32.36527644649904,47.0,0.33703939696069307,19.700380644632148
axis:dCp_scale,0.7000000000000001,-32.36527644649904,50.0,0.0010241440878381483,6.80530161880174
axis:dCp_scale,0.75,-14.432807237653368,15.0,0.0,
axis:dCp_scale,0.75,-14.432807237653368,20.0,0.0,
axis:dCp_scale,0.75,-14.432807237653368,25.0,0.17413191277687073,7.272694162959615
axis:dCp_scale,0.75,-14.432807237653368,27.0,0.3534829633533332,8.363032041757716
axis:dCp_scale,0.75,-14.432807237653368,30.0,0.83406528079623,18.130695421997036
axis:dCp_scale,0.75,-14.432807237653368,35.0,1.438352185117783,27.53660336250332
axis:dCp_scale,0.75,-14.432807237653368,37.0,1.5449103603977934,31.963559936102016
axis:dCp_scale,0.75,-14.432807237653368,40.0,1.6386397632258412,37.164802327372335
axis:dCp_scale,0.75,-14.432807237653368,43.0,1.6096305795208612,37.03671019860132
axis:dCp_scale,0.75,-14.432807237653368,45.0,1.3969994439652869,44.89247267923959
axis:dCp_scale,0.75,-14.432807237653368,47.0,0.33346846611316977,19.64137338204387
axis:dCp_scale,0.75,-14.432807237653368,50.0,0.0010233982949567318,6.800675786446712
axis:dCp_scale,0.8,-21.709045331201338,15.0,0.0,
axis:dCp_scale,0.8,-21.709045331201338,20.0,0.0,
axis:dCp_scale,0.8,-21.709045331201338,25.0,0.15715748140728988,4.825283691359536
axis:dCp_scale,0.8,-21.709045331201338,27.0,0.32841991406292664,7.817851185872396
axis:dCp_scale,0.8,-21.709045331201338,30.0,0.7983885000501962,17.640610422929782
axis:dCp_scale,0.8,-21.709045331201338,35.0,1.4301506093289944,27.5359721448586
axis:dCp_scale,0.8,-21.709045331201338,37.0,1.5405409905127194,31.750780659255017
axis:dCp_scale,0.8,-21.709045331201338,40.0,1.6371735769133957,37.09708088878415
axis:dCp_scale,0.8,-21.709045331201338,43.0,1.6090308830934688,37.006509458788116
axis:dCp_scale,0.8,-21.709045331201338,45.0,1.3960392249973095,44.85396659485759
axis:dCp_scale,0.8,-21.709045331201338,47.0,0.32984210637133354,19.58145019375964
axis:dCp_scale,0.8,-21.709045331201338,50.0,0.0010226203683159337,6.800639350155759
axis:dCp_scale,0.8500000000000001,-25.296680105522377,15.0,0.0,
axis:dCp_scale,0.8500000000000001,-25.296680105522377,20.0,0.0,
axis:dCp_scale,0.8500000000000001,-25.296680105522377,25.0,0.14117216226222218,4.434979009280615
axis:dCp_scale,0.8500000000000001,-25.296680105522377,27.0,0.3041393701956012,7.483246141597216
axis:dCp_scale,0.8500000000000001,-25.296680105522377,30.0,0.7629865221443968,17.153904849861163
axis:dCp_scale,0.8500000000000001,-25.296680105522377,35.0,1.4217423171219032,27.757832907332876
axis:dCp_scale,0.8500000000000001,-25.296680105522377,37.0,1.5360429237804585,31.531734112115835
axis:dCp_scale,0.8500000000000001,-25.296680105522377,40.0,1.6356580791359108,37.02691241217982
axis:dCp_scale,0.8500000000000001,-25.296680105522377,43.0,1.6084148804882572,36.97548753910621
axis:dCp_scale,0.8500000000000001,-25.296680105522377,45.0,1.395052058017852,44.814379858625855
axis:dCp_scale,0.8500000000000001,-25.296680105522377,47.0,0.32616050405794345,19.520614158639418
axis:dCp_scale,0.8500000000000001,-25.296680105522377,50.0,0.0010218092872577174,6.800601360988305
axis:dCp_scale,0.9,-57.00385832600661,15.0,0.0,
axis:dCp_scale,0.9,-57.00385832600661,20.0,0.0,
axis:dCp_scale,0.9,-57.00385832600661,25.0,0.1267093345478165,1.4962772852709998
axis:dCp_scale,0.9,-57.00385832600661,27.0,0.28058922674303605,7.159712409386749
axis:dCp_scale,0.9,-57.00385832600661,30.0,0.7275345611803873,16.32650388683734
axis:dCp_scale,0.9,-57.00385832600661,35.0,1.4130915555654588,27.52496593336674
axis:dCp_scale,0.9,-57.00385832600661,37.0,1.5314121322645935,31.306224142510555
axis:dCp_scale,0.9,-57.00385832600661,40.0,1.6340951019964445,36.95449924925505
axis:dCp_scale,0.9,-57.00385832600661,43.0,1.607782106473886,36.94362101048225
axis:dCp_scale,0.9,-57.00385832600661,45.0,1.3940371199323331,44.77367946333383
axis:dCp_scale,0.9,-57.00385832600661,47.0,0.32242389135875127,19.460092393994046
axis:dCp_scale,0.9,-57.00385832600661,50.0,0.0010209401560487244,6.895533148162516
axis:dCp_scale,0.9500000000000001,-128.77899075666525,15.0,0.0,
axis:dCp_scale,0.9500000000000001,-128.77899075666525,20.0,0.0,
axis:dCp_scale,0.9500000000000001,-128.77899075666525,25.0,0.11431487223114714,0.3610812600866059
axis:dCp_scale,0.9500000000000001,-128.77899075666525,27.0,0.2578485871542097,7.343978459840399
axis:dCp_scale,0.9500000000000001,-128.77899075666525,30.0,0.6918475050397869,15.343973321640414
axis:dCp_scale,0.9500000000000001,-128.77899075666525,35.0,1.4036885167816298,27.055998691118326
axis:dCp_scale,0.9500000000000001,-128.77899075666525,37.0,1.526644462241906,31.074048472710082
axis:dCp_scale,0.9500000000000001,-128.77899075666525,40.0,1.6324843439550125,36.879872383933886
axis:dCp_scale,0.9500000000000001,-128.77899075666525,43.0,1.6071320812026264,36.91088570776448
axis:dCp_scale,0.9500000000000001,-128.77899075666525,45.0,1.392993557983968,44.73183121227691
axis:dCp_scale,0.9500000000000001,-128.77899075666525,47.0,0.3186096207774726,19.401264725998075
axis:dCp_scale,0.9500000000000001,-128.77899075666525,50.0,0.0010200808312760066,6.800520555648576
axis:dCp_scale,1.0,-134.10755224888527,15.0,0.0,
axis:dCp_scale,1.0,-134.10755224888527,20.0,0.0,
axis:dCp_scale,1.0,-134.10755224888527,25.0,0.10256531860550684,0.34501807856976613
axis:dCp_scale,1.0,-134.10755224888527,27.0,0.23593574080139584,7.130665814157979
axis:dCp_scale,1.0,-134.10755224888527,30.0,0.6564881084278258,14.39794040190403
axis:dCp_scale,1.0,-134.10755224888527,35.0,1.3940022870528126,26.577277851512854
axis:dCp_scale,1.0,-134.10755224888527,37.0,1.5217356317032278,30.8349985777236
axis:dCp_scale,1.0,-134.10755224888527,40.0,1.6308241626223192,36.80295572386603
axis:dCp_scale,1.0,-134.10755224888527,43.0,1.6064643096612825,36.87725670206466
axis:dCp_scale,1.0,-134.10755224888527,45.0,1.3919204055142795,44.688799772174015
axis:dCp_scale,1.0,-134.10755224888527,47.0,0.3147355889630594,19.342242802869666
axis:dCp_scale,1.0,-134.10755224888527,50.0,0.0010192075352599295,6.800479652346135
axis:kcat_scale,-1.0,-32.86852797481709,15.0,0.0,
axis:kcat_scale,-1.0,-32.86852797481709,20.0,0.05290424118341992,3.122990198400049
axis:kcat_scale,-1.0,-32.86852797481709,25.0,0.29236795612992844,7.265033198523682
axis:kcat_scale,-1.0,-32.86852797481709,27.0,0.4583845719357845,11.039808366643191
axis:kcat_scale,-1.0,-32.86852797481709,30.0,0.8021788940632261,18.075061705491812
axis:kcat_scale,-1.0,-32.86852797481709,35.0,1.2398616885853202,23.963186248701984
axis:kcat_scale,-1.0,-32.86852797481709,37.0,1.3298947532500591,24.379349581166075
axis:kcat_scale,-1.0,-32.86852797481709,40.0,1.3911356315147,27.87774317801861
axis:kcat_scale,-1.0,-32.86852797481709,43.0,1.3352577012638667,25.6943111052963
axis:kcat_scale,-1.0,-32.86852797481709,45.0,1.1547605585578842,29.074237898726718
axis:kcat_scale,-1.0,-32.86852797481709,47.0,0.2131252228281314,14.751782119518815
axis:kcat_scale,-1.0,-32.86852797481709,50.0,0.0005785843589943577,6.779841726855268
axis:kcat_scale,-0.9500000000000001,-29.698786950763168,15.0,0.0,
axis:kcat_scale,-0.9500000000000001,-29.698786950763168,20.0,0.0553657583864183,3.2072495722035
axis:kcat_scale,-0.9500000000000001,-29.698786950763168,25.0,0.3014353911682612,7.435728417522093
axis:kcat_scale,-0.9500000000000001,-29.698786950763168,27.0,0.47244492271685473,11.312679031577684
axis:kcat_scale,-0.9500000000000001,-29.698786950763168,30.0,0.8244104145894415,18.37467269616092
axis:kcat_scale,-0.9500000000000001,-29.698786950763168,35.0,1.256905658491664,23.726412409585848
axis:kcat_scale,-0.9500000000000001,-29.698786950763168,37.0,1.343524762513329,24.80877181494566
axis:kcat_scale,-0.9500000000000001,-29.698786950763168,40.0,1.4053666937603173,28.46499383689344
axis:kcat_scale,-0.9500000000000001,-29.698786950763168,43.0,1.3501742596843025,26.43416466632759
axis:kcat_scale,-0.9500000000000001,-29.698786950763168,45.0,1.1661985070478014,29.785009391498303
axis:kcat_scale,-0.9500000000000001,-29.698786950763168,47.0,0.21946503189842165,15.049649692365202
axis:kcat_scale,-0.9500000000000001,-29.698786950763168,50.0,0.0005959602687950459,6.780655662966488
axis:kcat_scale,-0.9,-26.675662294816362,15.0,0.0,
axis:kcat_scale,-0.9,-26.675662294816362,20.0,0.05789853181924284,3.293948094227172
axis:kcat_scale,-0.9,-26.675662294816362,25.0,0.31076412718576596,7.617241348606409
axis:kcat_scale,-0.9,-26.675662294816362,27.0,0.48691229384513635,11.593448781998337
axis:kcat_scale,-0.9,-26.675662294816362,30.0,0.8472661541046304,18.682613033738505
axis:kcat_scale,-0.9,-26.675662294816362,35.0,1.27403193267059,23.48849520429956
axis:kcat_scale,-0.9,-26.675662294816362,37.0,1.3573216463138476,25.243451538662175
axis:kcat_scale,-0.9,-26.675662294816362,40.0,1.419103172456035,28.4660510371135
axis:kcat_scale,-0.9,-26.675662294816362,43.0,1.3652600411687708,27.1824116035659
axis:kcat_scale,-0.9,-26.675662294816362,45.0,1.1778272068512643,30.50763446063482
axis:kcat_scale,-0.9,-26.675662294816362,47.0,0.22598836635177413,15.3561399634352
axis:kcat_scale,-0.9,-26.675662294816362,50.0,0.000613839026312921,6.781493065419475
axis:kcat_scale,-0.8500000000000001,-23.703517631467424,15.0,0.0,
axis:kcat_scale,-0.8500000000000001,-23.703517631467424,20.0,0.06050462421388006,3.3831563731612224
axis:kcat_scale,-0.8500000000000001,-23.703517631467424,25.0,0.3203629123245184,7.804008732967403
axis:kcat_scale,-0.8500000000000001,-23.703517631467424,27.0,0.5017984677836406,11.88234628136933
axis:kcat_scale,-0.8500000000000001,-23.703517631467424,30.0,0.8707809405066246,18.99944752329416
axis:kcat_scale,-0.8500000000000001,-23.703517631467424,35.0,1.2912218694689654,23.57661079435897
axis:kcat_scale,-0.8500000000000001,-23.703517631467424,37.0,1.371267518911223,25.910775703490646
axis:kcat_scale,-0.8500000000000001,-23.703517631467424,40.0,1.433000572502667,28.415594406210914
axis:kcat_scale,-0.8500000000000001,-23.703517631467424,43.0,1.380511695780671,27.938885761892852
axis:kcat_scale,-0.8500000000000001,-23.703517631467424,45.0,1.1896466164175135,31.242110524107687
axis:kcat_scale,-0.8500000000000001,-23.703517631467424,47.0,0.23270053890370387,15.671502543664761
axis:kcat_scale,-0.8500000000000001,-23.703517631467424,50.0,0.0006322353473943899,6.782354690647413
axis:kcat_scale,-0.8,-21.106102598004814,15.0,0.0,
axis:kcat_scale,-0.8,-21.106102598004814,20.0,0.0631861580144865,3.4749470616831872
axis:kcat_scale,-0.8,-21.106102598004814,25.0,0.3302382325478508,7.996156770576115
axis:kcat_scale,-0.8,-21.106102598004814,27.0,0.5171155680752244,12.179606812526178
axis:kcat_scale,-0.8,-21.106102598004814,30.0,0.8943323043717316,19.31854857002395
axis:kcat_scale,-0.8,-21.106102598004814,35.0,1.3075282866943676,23.803437170345383
axis:kcat_scale,-0.8,-21.106102598004814,37.0,1.3853792333310424,26.635842167522064
axis:kcat_scale,-0.8,-21.106102598004814,40.0,1.4467805501738578,27.92975077103244
axis:kcat_scale,-0.8,-21.106102598004814,43.0,1.3946952677477273,27.94660696307877
axis:kcat_scale,-0.8,-21.106102598004814,45.0,1.2015342097812742,32.051349307950375
axis:kcat_scale,-0.8,-21.106102598004814,47.0,0.23960701604951798,15.995994269130643
axis:kcat_scale,-0.8,-21.106102598004814,50.0,0.0006511641914324638,6.783241295675281
axis:kcat_scale,-0.75,-18.64144310376928,15.0,0.0,
axis:kcat_scale,-0.75,-18.64144310376928,20.0,0.065945317105925,3.5693949156268863
axis:kcat_scale,-0.75,-18.64144310376928,25.0,0.34036166373719295,8.19313240203999
axis:kcat_scale,-0.75,-18.64144310376928,27.0,0.532876069216188,12.48547246929383
axis:kcat_scale,-0.75,-18.64144310376928,30.0,0.911903322566088,19.55662099462074
axis:kcat_scale,-0.75,-18.64144310376928,35.0,1.322933254010052,24.039012326009267
axis:kcat_scale,-0.75,-18.64144310376928,37.0,1.3996552077095001,27.369267639964544
axis:kcat_scale,-0.75,-18.64144310376928,40.0,1.4593301882550005,28.35389121069394
axis:kcat_scale,-0.75,-18.64144310376928,43.0,1.4089491617806873,27.949652876519735
axis:kcat_scale,-0.75,-18.64144310376928,45.0,1.2133316663500804,33.018549819308085
axis:kcat_scale,-0.75,-18.64144310376928,47.0,0.2467134225445731,16.32987941154944
axis:kcat_scale,-0.75,-18.64144310376928,50.0,0.0006706408235937887,6.784153439493247
axis:kcat_scale,-0.7000000000000001,-16.28600567925369,15.0,0.0,
axis:kcat_scale,-0.7000000000000001,-16.28600567925369,20.0,0.06878434859236238,3.666576854865049
axis:kcat_scale,-0.7000000000000001,-16.28600567925369,25.0,0.35077814895781617,8.395810102474858
axis:kcat_scale,-0.7000000000000001,-16.28600567925369,27.0,0.5490678776289876,12.79840784472459
axis:kcat_scale,-0.7000000000000001,-16.28600567925369,30.0,0.9296916897282791,19.797638313769607
axis:kcat_scale,-0.7000000000000001,-16.28600567925369,35.0,1.3370326096435157,24.437605522853183
axis:kcat_scale,-0.7000000000000001,-16.28600567925369,37.0,1.4138522716313793,27.81515969362854
axis:kcat_scale,-0.7000000000000001,-16.28600567925369,40.0,1.471559575056225,28.954438320606823
axis:kcat_scale,-0.7000000000000001,-16.28600567925369,43.0,1.423232201206949,28.16300993373797
axis:kcat_scale,-0.7000000000000001,-16.28600567925369,45.0,1.2253176719584964,34.00120830048034
axis:kcat_scale,-0.7000000000000001,-16.28600567925369,47.0,0.2540255459542724,16.67342989205322
axis:kcat_scale,-0.7000000000000001,-16.28600567925369,50.0,0.0006906814644929938,6.7850920889821875
axis:kcat_scale,-0.65,-14.097019760234344,15.0,0.0,
axis:kcat_scale,-0.65,-14.097019760234344,20.0,0.0717055646273462,3.7665720259540403
axis:kcat_scale,-0.65,-14.097019760234344,25.0,0.3614961715651822,8.604354935905722
axis:kcat_scale,-0.65,-14.097019760234344,27.0,0.5657004791633291,13.11832941232267
axis:kcat_scale,-0.65,-14.097019760234344,30.0,0.947694087437222,20.041555565673683
axis:kcat_scale,-0.65,-14.097019760234344,35.0,1.3511276743892304,24.8816796295877
axis:kcat_scale,-0.65,-14.097019760234344,37.0,1.4278111302962988,27.678651788804757
axis:kcat_scale,-0.65,-14.097019760234344,40.0,1.4839393701397285,29.561623305581744
axis:kcat_scale,-0.65,-14.097019760234344,43.0,1.4368252568036195,28.550883667873006
axis:kcat_scale,-0.65,-14.097019760234344,45.0,1.2374917857632581,34.999288609453686
axis:kcat_scale,-0.65,-14.097019760234344,47.0,0.2615493413972348,17.026925504040996
axis:kcat_scale,-0.65,-14.097019760234344,50.0,0.0007113023794972778,6.786058038737715
axis:kcat_scale,-0.6000000000000001,-12.012610895243759,15.0,0.0,
axis:kcat_scale,-0.6000000000000001,-12.012610895243759,20.0,0.07471134429686023,3.869461866592113
axis:kcat_scale,-0.6000000000000001,-12.012610895243759,25.0,0.3725221882486711,8.818892532708665
axis:kcat_scale,-0.6000000000000001,-12.012610895243759,27.0,0.5827831509203274,13.446907904146615
axis:kcat_scale,-0.6000000000000001,-12.012610895243759,30.0,0.965906940602542,20.2883243108842
axis:kcat_scale,-0.6000000000000001,-12.012610895243759,35.0,1.3653881980886378,25.330966627386488
axis:kcat_scale,-0.6000000000000001,-12.012610895243759,37.0,1.441919514728232,27.599925903844163
axis:kcat_scale,-0.6000000000000001,-12.012610895243759,40.0,1.4964812584319886,30.17675838681079
axis:kcat_scale,-0.6000000000000001,-12.012610895243759,43.0,1.450126349805075,29.095848919512054
axis:kcat_scale,-0.6000000000000001,-12.012610895243759,45.0,1.249853397497106,36.01274071418884
axis:kcat_scale,-0.6000000000000001,-12.012610895243759,47.0,0.269290848419807,17.319953197463235
axis:kcat_scale,-0.6000000000000001,-12.012610895243759,50.0,0.0007325198844891248,6.787051712092043
axis:kcat_scale,-0.55,-9.971018260654951,15.0,0.0,
axis:kcat_scale,-0.55,-9.971018260654951,20.0,0.07780413555689679,3.975330171943797
axis:kcat_scale,-0.55,-9.971018260654951,25.0,0.38386571245339485,9.03960799977321
axis:kcat_scale,-0.55,-9.971018260654951,27.0,0.6003510434514358,13.784819427268404
axis:kcat_scale,-0.55,-9.971018260654951,30.0,0.9843264167282756,20.53789262232473
axis:kcat_scale,-0.55,-9.971018260654951,35.0,1.3796879235638642,25.87099895855948
axis:kcat_scale,-0.55,-9.971018260654951,37.0,1.455618226806849,27.909600083185683
axis:kcat_scale,-0.55,-9.971018260654951,40.0,1.5091832379962609,30.79974537640646
axis:kcat_scale,-0.55,-9.971018260654951,43.0,1.4634003350183518,29.75587548270991
axis:kcat_scale,-0.55,-9.971018260654951,45.0,1.2624017229255675,37.04150032015176
axis:kcat_scale,-0.55,-9.971018260654951,47.0,0.27725610848583204,17.59812488585678
axis:kcat_scale,-0.55,-9.971018260654951,50.0,0.0007543519746232691,6.788074388952351
axis:kcat_scale,-0.5,-8.070177484262727,15.0,0.0,
axis:kcat_scale,-0.5,-8.070177484262727,20.0,0.08098645722709687,4.084263162883516
axis:kcat_scale,-0.5,-8.070177484262727,25.0,0.3955376100559308,9.266712758786309
axis:kcat_scale,-0.5,-8.070177484262727,27.0,0.6184274929758307,14.13251284471197
axis:kcat_scale,-0.5,-8.070177484262727,30.0,1.0029484257544317,20.7902050831441
axis:kcat_scale,-0.5,-8.070177484262727,35.0,1.3939915907999019,26.576750092267957
axis:kcat_scale,-0.5,-8.070177484262727,37.0,1.4679535966130857,28.22519696219126
axis:kcat_scale,-0.5,-8.070177484262727,40.0,1.52204014976282,31.430559945141265
axis:kcat_scale,-0.5,-8.070177484262727,43.0,1.4768048677458763,30.420582219468315
axis:kcat_scale,-0.5,-8.070177484262727,45.0,1.2751111893821796,38.08347088255442
axis:kcat_scale,-0.5,-8.070177484262727,47.0,0.2854519476464135,17.884349114344342
axis:kcat_scale,-0.5,-8.070177484262727,50.0,0.0007768156720372883,6.789126424691664
axis:kcat_scale,-0.45,-6.273243831718895,15.0,0.0,
axis:kcat_scale,-0.45,-6.273243831718895,20.0,0.08426090104213617,4.196349556215924
axis:kcat_scale,-0.45,-6.273243831718895,25.0,0.4075473868400566,9.50039176756783
axis:kcat_scale,-0.45,-6.273243831718895,27.0,0.6370271097207214,14.501003452889794
axis:kcat_scale,-0.45,-6.273243831718895,30.0,1.02176862049564,21.045202792659992
axis:kcat_scale,-0.45,-6.273243831718895,35.0,1.4084341343334525,27.292681664272617
axis:kcat_scale,-0.45,-6.273243831718895,37.0,1.4802078446282163,28.81980088739136
axis:kcat_scale,-0.45,-6.273243831718895,40.0,1.5350261815854012,32.06975984548109
axis:kcat_scale,-0.45,-6.273243831718895,43.0,1.4903661177488043,31.092913455188466
axis:kcat_scale,-0.45,-6.273243831718895,45.0,1.2879923555627597,39.13951804357379
axis:kcat_scale,-0.45,-6.273243831718895,47.0,0.2938850400126049,18.178259838549817
axis:kcat_scale,-0.45,-6.273243831718895,50.0,0.000799928357851051,6.8041490170384415
axis:kcat_scale,-0.4,-4.636730418188858,15.0,0.0,
axis:kcat_scale,-0.4,-4.636730418188858,20.0,0.08763013376246492,4.3116806369279255
axis:kcat_scale,-0.4,-4.636730418188858,25.0,0.41990482376386973,9.740835338113925
axis:kcat_scale,-0.4,-4.636730418188858,27.0,0.6559352796122233,15.001287808584566
axis:kcat_scale,-0.4,-4.636730418188858,30.0,1.0407823976944786,21.302823380630485
axis:kcat_scale,-0.4,-4.636730418188858,35.0,1.4225171004642188,27.535384647332457
axis:kcat_scale,-0.4,-4.636730418188858,37.0,1.4926249216572167,29.4223056458915
axis:kcat_scale,-0.4,-4.636730418188858,40.0,1.548165348030495,32.71649735521481
axis:kcat_scale,-0.4,-4.636730418188858,43.0,1.5040838272337342,31.77300154199841
axis:kcat_scale,-0.4,-4.636730418188858,45.0,1.301056816436095,40.210592403001435
axis:kcat_scale,-0.4,-4.636730418188858,47.0,0.30256225388030134,18.48030372378783
axis:kcat_scale,-0.4,-4.636730418188858,50.0,0.0008237131986746082,6.791323152788773
axis:kcat_scale,-0.35000000000000003,-3.1534796717218287,15.0,0.0,
axis:kcat_scale,-0.35000000000000003,-3.1534796717218287,20.0,0.0910968993461644,4.4303503325327585
axis:kcat_scale,-0.35000000000000003,-3.1534796717218287,25.0,0.43261995542528797,9.988238717591722
axis:kcat_scale,-0.35000000000000003,-3.1534796717218287,27.0,0.6752509694673997,15.520986030274653
axis:kcat_scale,-0.35000000000000003,-3.1534796717218287,30.0,1.059984899704791,21.56300103006164
axis:kcat_scale,-0.35000000000000003,-3.1534796717218287,35.0,1.4365152848991554,27.536461989203932
axis:kcat_scale,-0.35000000000000003,-3.1534796717218287,37.0,1.5052029386783572,30.03261957806979
axis:kcat_scale,-0.35000000000000003,-3.1534796717218287,40.0,1.5614549301447984,33.37063864171998
axis:kcat_scale,-0.35000000000000003,-3.1534796717218287,43.0,1.5179550383349318,32.46069983666791
axis:kcat_scale,-0.35000000000000003,-3.1534796717218287,45.0,1.3141776627462538,41.379747691901564
axis:kcat_scale,-0.35000000000000003,-3.1534796717218287,47.0,0.31149065654517033,18.791091203615423
axis:kcat_scale,-0.35000000000000003,-3.1534796717218287,50.0,0.000848185131342228,6.792469306492152
axis:kcat_scale,-0.30000000000000004,-1.873278110830662,15.0,0.0,
axis:kcat_scale,-0.30000000000000004,-1.873278110830662,20.0,0.09466402118366879,4.552455289565991
axis:kcat_scale,-0.30000000000000004,-1.873278110830662,25.0,0.445702240230048,10.242785941967695
axis:kcat_scale,-0.30000000000000004,-1.873278110830662,27.0,0.6949744861649229,16.057094902410906
axis:kcat_scale,-0.30000000000000004,-1.873278110830662,30.0,1.0793142837804746,21.82556747672434
axis:kcat_scale,-0.30000000000000004,-1.873278110830662,35.0,1.4505987452965277,27.681021612293367
axis:kcat_scale,-0.30000000000000004,-1.873278110830662,37.0,1.5179398246650382,30.650642193015766
axis:kcat_scale,-0.30000000000000004,-1.873278110830662,40.0,1.5748920225162673,34.032040694483165
axis:kcat_scale,-0.30000000000000004,-1.873278110830662,43.0,1.5319521744345475,33.15661103662514
axis:kcat_scale,-0.30000000000000004,-1.873278110830662,45.0,1.3273746062023757,42.23942322988335
axis:kcat_scale,-0.30000000000000004,-1.873278110830662,47.0,0.32067751944429096,19.110875388436448
axis:kcat_scale,-0.30000000000000004,-1.873278110830662,50.0,0.0008733650810510088,6.79364857649105
axis:kcat_scale,-0.25,-0.8022716435639627,15.0,0.0,
axis:kcat_scale,-0.25,-0.8022716435639627,20.0,0.09833440439718076,4.67809495229616
axis:kcat_scale,-0.25,-0.8022716435639627,25.0,0.45916323223681726,10.50470182316171
axis:kcat_scale,-0.25,-0.8022716435639627,27.0,0.7152689610653706,16.608723104233697
axis:kcat_scale,-0.25,-0.8022716435639627,30.0,1.098457367376186,22.09221913622526
axis:kcat_scale,-0.25,-0.8022716435639627,35.0,1.4638669942456737,27.95386615254356
axis:kcat_scale,-0.25,-0.8022716435639627,37.0,1.5308108687868023,31.276943854650966
axis:kcat_scale,-0.25,-0.8022716435639627,40.0,1.5884735334619695,34.700551334343594
axis:kcat_scale,-0.25,-0.8022716435639627,43.0,1.5460904511193616,33.86003330524254
axis:kcat_scale,-0.25,-0.8022716435639627,45.0,1.340706361637578,42.73169310038792
axis:kcat_scale,-0.25,-0.8022716435639627,47.0,0.3300639625472296,19.435801901363558
axis:kcat_scale,-0.25,-0.8022716435639627,50.0,0.0008992741824694056,6.794862099088421
axis:kcat_scale,-0.2,0.1199602106911275,15.0,0.0,
axis:kcat_scale,-0.2,0.1199602106911275,20.0,0.1021110382066616,4.807371643714009
axis:kcat_scale,-0.2,0.1199602106911275,25.0,0.4730138942970357,10.774199669739323
axis:kcat_scale,-0.2,0.1199602106911275,27.0,0.7360529276075262,17.174870567511906
axis:kcat_scale,-0.2,0.1199602106911275,30.0,1.1177750593154492,22.36091876550456
axis:kcat_scale,-0.2,0.1199602106911275,35.0,1.4762083050501866,28.392456590453097
axis:kcat_scale,-0.2,0.1199602106911275,37.0,1.5438299500811812,31.910946188144226
axis:kcat_scale,-0.2,0.1199602106911275,40.0,1.6018231600910693,35.36650404315492
axis:kcat_scale,-0.2,0.1199602106911275,43.0,1.5603724619279689,34.57060678370608
axis:kcat_scale,-0.2,0.1199602106911275,45.0,1.3542150338232644,43.230495552912586
axis:kcat_scale,-0.2,0.1199602106911275,47.0,0.3397136862344396,19.77058436044234
axis:kcat_scale,-0.2,0.1199602106911275,50.0,0.000925933535327961,6.796110899301387
axis:kcat_scale,-0.15000000000000002,0.98793924636181,15.0,0.0,
axis:kcat_scale,-0.15000000000000002,0.98793924636181,20.0,0.10599699836427459,4.940390648865301
axis:kcat_scale,-0.15000000000000002,0.98793924636181,25.0,0.4872655066157939,11.051498965142393
axis:kcat_scale,-0.15000000000000002,0.98793924636181,27.0,0.7568186816741093,17.266260022501953
axis:kcat_scale,-0.15000000000000002,0.98793924636181,30.0,1.1372644352873342,22.632006435553084
axis:kcat_scale,-0.15000000000000002,0.98793924636181,35.0,1.488627393277061,28.995058936838603
axis:kcat_scale,-0.15000000000000002,0.98793924636181,37.0,1.5570007424246701,32.55233653596636
axis:kcat_scale,-0.15000000000000002,0.98793924636181,40.0,1.615235838635563,36.037515358086935
axis:kcat_scale,-0.15000000000000002,0.98793924636181,43.0,1.5747945071485288,35.28814740009834
axis:kcat_scale,-0.15000000000000002,0.98793924636181,45.0,1.3678985586353611,43.73575437048079
axis:kcat_scale,-0.15000000000000002,0.98793924636181,47.0,0.3496426955107204,20.06777853193103
axis:kcat_scale,-0.15000000000000002,0.98793924636181,50.0,0.000953364389774814,6.797395701378839
axis:kcat_scale,-0.1,1.6478935328148032,15.0,0.0,
axis:kcat_scale,-0.1,1.6478935328148032,20.0,0.10999544965936077,5.077260300597636
axis:kcat_scale,-0.1,1.6478935328148032,25.0,0.5019296759386149,11.336825546439934
axis:kcat_scale,-0.1,1.6478935328148032,27.0,0.7778459824121282,17.595854185072273
axis:kcat_scale,-0.1,1.6478935328148032,30.0,1.1569197547127794,22.90540229772895
axis:kcat_scale,-0.1,1.6478935328148032,35.0,1.5012079042487714,29.605493881158853
axis:kcat_scale,-0.1,1.6478935328148032,37.0,1.570320457502533,33.20097911295633
axis:kcat_scale,-0.1,1.6478935328148032,40.0,1.6287859581372701,36.717695068458006
axis:kcat_scale,-0.1,1.6478935328148032,43.0,1.589352699052845,36.012461728116385
axis:kcat_scale,-0.1,1.6478935328148032,45.0,1.3817314038679867,44.28742140450506
axis:kcat_scale,-0.1,1.6478935328148032,47.0,0.3598590295617047,20.28746179991741
axis:kcat_scale,-0.1,1.6478935328148032,50.0,0.0009815891393101176,6.798717727895408
axis:kcat_scale,-0.05,2.098010838952326,15.0,0.0,
axis:kcat_scale,-0.05,2.098010838952326,20.0,0.1141096484958681,5.218092067787689
axis:kcat_scale,-0.05,2.098010838952326,25.0,0.5170183450041711,11.63041178825351
axis:kcat_scale,-0.05,2.098010838952326,27.0,0.7994387932388145,17.887910096044983
axis:kcat_scale,-0.05,2.098010838952326,30.0,1.1767350426109275,23.18102324297622
axis:kcat_scale,-0.05,2.098010838952326,35.0,1.5139477840824727,30.223661764357058
axis:kcat_scale,-0.05,2.098010838952326,37.0,1.5837836892086472,33.85661065292685
axis:kcat_scale,-0.05,2.098010838952326,40.0,1.6424454303166376,37.42553250731764
axis:kcat_scale,-0.05,2.098010838952326,43.0,1.603157497610018,36.71072549425617
axis:kcat_scale,-0.05,2.098010838952326,45.0,1.395269721140818,44.280487549314465
axis:kcat_scale,-0.05,2.098010838952326,47.0,0.37037110701040515,20.51350447978009
axis:kcat_scale,-0.05,2.098010838952326,50.0,0.0010106312983183437,6.800077959899384
axis:kcat_scale,0.0,2.3643166223999525,15.0,0.0,
axis:kcat_scale,0.0,2.3643166223999525,20.0,0.11834294554443316,5.36300064612367
axis:kcat_scale,0.0,2.3643166223999525,25.0,0.532543802270647,11.93249679200692
axis:kcat_scale,0.0,2.3643166223999525,27.0,0.8216112608677082,18.187594921383248
axis:kcat_scale,0.0,2.3643166223999525,30.0,1.1967040950746977,23.458782977987166
axis:kcat_scale,0.0,2.3643166223999525,35.0,1.526831668346873,30.84988746335286
axis:kcat_scale,0.0,2.3643166223999525,37.0,1.597183656240015,34.51427767973442
axis:kcat_scale,0.0,2.3643166223999525,40.0,1.6562052344532008,38.149683724019475
axis:kcat_scale,0.0,2.3643166223999525,43.0,1.6168964144917264,37.41605813237432
axis:kcat_scale,0.0,2.3643166223999525,45.0,1.4088748931669046,43.94666048202531
axis:kcat_scale,0.0,2.3643166223999525,47.0,0.3811249424975039,20.76296383852567
axis:kcat_scale,0.0,2.3643166223999525,50.0,0.0010405139908218374,6.801477600784894
axis:kcat_scale,0.05,2.514244467004255,15.0,0.0,
axis:kcat_scale,0.05,2.514244467004255,20.0,0.12269878847121782,5.512104051515267
axis:kcat_scale,0.05,2.514244467004255,25.0,0.548498602866173,12.241733190921613
axis:kcat_scale,0.05,2.514244467004255,27.0,0.8443986654451293,18.49546580551652
axis:kcat_scale,0.05,2.514244467004255,30.0,1.2168204854060982,23.738592110541877
axis:kcat_scale,0.05,2.514244467004255,35.0,1.5398556752586927,31.484129664228195
axis:kcat_scale,0.05,2.514244467004255,37.0,1.610504958280386,35.17373484898627
axis:kcat_scale,0.05,2.514244467004255,40.0,1.6700927498159495,38.88055612940442
axis:kcat_scale,0.05,2.514244467004255,43.0,1.6306153973447042,38.16212115563077
axis:kcat_scale,0.05,2.514244467004255,45.0,1.422647617202826,43.60872222849407
axis:kcat_scale,0.05,2.514244467004255,47.0,0.3920464701147066,21.11891768728921
axis:kcat_scale,0.05,2.514244467004255,50.0,0.001071261731703855,6.802917758671285
axis:kcat_scale,0.1,2.4697664178408285,15.0,0.0,
axis:kcat_scale,0.1,2.4697664178408285,20.0,0.127180724745748,5.665523716207768
axis:kcat_scale,0.1,2.4697664178408285,25.0,0.5648907851475324,12.557854848711157
axis:kcat_scale,0.1,2.4697664178408285,27.0,0.8678457219379021,18.81224896474933
axis:kcat_scale,0.1,2.4697664178408285,30.0,1.2370569083526342,23.97261413723551
axis:kcat_scale,0.1,2.4697664178408285,35.0,1.5530319352457707,32.12578627498513
axis:kcat_scale,0.1,2.4697664178408285,37.0,1.623965800184152,35.84009979369687
axis:kcat_scale,0.1,2.4697664178408285,40.0,1.6841040306078152,39.617942063992494
axis:kcat_scale,0.1,2.4697664178408285,43.0,1.6444622408747724,38.915137473043586
axis:kcat_scale,0.1,2.4697664178408285,45.0,1.4365852969085635,43.26673649453479
axis:kcat_scale,0.1,2.4697664178408285,47.0,0.40328338350143084,21.344543307157625
axis:kcat_scale,0.1,2.4697664178408285,50.0,0.001102899560345365,6.804399606349182
axis:kcat_scale,0.15000000000000002,2.2059942816581413,15.0,0.0,
axis:kcat_scale,0.15000000000000002,2.2059942816581413,20.0,0.13179240453002575,5.823384587678405
axis:kcat_scale,0.15000000000000002,2.2059942816581413,25.0,0.5817572443402529,12.883122891094088
axis:kcat_scale,0.15000000000000002,2.2059942816581413,27.0,0.8917942353614641,19.136628700994372
axis:kcat_scale,0.15000000000000002,2.2059942816581413,30.0,1.2562633474515241,24.0308127969694
axis:kcat_scale,0.15000000000000002,2.2059942816581413,35.0,1.5663576755513264,32.774722268102536
axis:kcat_scale,0.15000000000000002,2.2059942816581413,37.0,1.6375594434726362,36.513735653923014
axis:kcat_scale,0.15000000000000002,2.2059942816581413,40.0,1.6982069666253734,40.258730874955226
axis:kcat_scale,0.15000000000000002,2.2059942816581413,43.0,1.6583356680991257,39.45139862430761
axis:kcat_scale,0.15000000000000002,2.2059942816581413,45.0,1.4506851374841367,42.9207718555317
axis:kcat_scale,0.15000000000000002,2.2059942816581413,47.0,0.41484060641037807,21.328309905650887
axis:kcat_scale,0.15000000000000002,2.2059942816581413,50.0,0.001135453257502152,6.805924317594394
axis:kcat_scale,0.2,1.9788189685365707,15.0,0.0,
axis:kcat_scale,0.2,1.9788189685365707,20.0,0.13653758365128724,5.9858152303956835
axis:kcat_scale,0.2,1.9788189685365707,25.0,0.5991118597697898,13.217804979526191
axis:kcat_scale,0.2,1.9788189685365707,27.0,0.9098786242954023,19.381659797559603
axis:kcat_scale,0.2,1.9788189685365707,30.0,1.273399992505944,23.7832183473178
axis:kcat_scale,0.2,1.9788189685365707,35.0,1.579829249623489,33.43076006404639
axis:kcat_scale,0.2,1.9788189685365707,37.0,1.6512241835576604,37.20372362790683
axis:kcat_scale,0.2,1.9788189685365707,40.0,1.712404430402308,40.761728610942605
axis:kcat_scale,0.2,1.9788189685365707,43.0,1.6722660033803607,39.94043600048326
axis:kcat_scale,0.2,1.9788189685365707,45.0,1.4649432196595633,42.570991170066115
axis:kcat_scale,0.2,1.9788189685365707,47.0,0.42673177798155654,21.490236025867254
axis:kcat_scale,0.2,1.9788189685365707,50.0,0.0011689492943413743,6.807493233476885
axis:kcat_scale,0.25,-10.658186421237948,15.0,0.0004307690863533999,0.792494647293417
axis:kcat_scale,0.25,-10.658186421237948,20.0,0.14142012666080325,6.152947930524326
axis:kcat_scale,0.25,-10.658186421237948,25.0,0.6169688582271632,13.562175476303151
axis:kcat_scale,0.25,-10.658186421237948,27.0,0.9277083431266536,19.623240288480858
axis:kcat_scale,0.25,-10.658186421237948,30.0,1.290696811245982,23.53330966898181
axis:kcat_scale,0.25,-10.658186421237948,35.0,1.5933627226519576,34.091848786513225
axis:kcat_scale,0.25,-10.658186421237948,37.0,1.6650184812172166,37.90025348763521
axis:kcat_scale,0.25,-10.658186421237948,40.0,1.7263287239586653,41.24014545492883
axis:kcat_scale,0.25,-10.658186421237948,43.0,1.6860209045892636,40.34623081309314
axis:kcat_scale,0.25,-10.658186421237948,45.0,1.4793341382405916,42.219634552227255
axis:kcat_scale,0.25,-10.658186421237948,47.0,0.43896669245872694,21.659748584703607
axis:kcat_scale,0.25,-10.658186421237948,50.0,0.00120341500617705,6.809107497347652
axis:kcat_scale,0.30000000000000004,-10.544301444391328,15.0,0.0013489306999409857,0.8238793742141599
axis:kcat_scale,0.30000000000000004,-10.544301444391328,20.0,0.1464440099812385,6.324918803661333
axis:kcat_scale,0.30000000000000004,-10.544301444391328,25.0,0.6353427827431707,13.916514842374287
axis:kcat_scale,0.30000000000000004,-10.544301444391328,27.0,0.9457521733199731,19.867721841861332
axis:kcat_scale,0.30000000000000004,-10.544301444391328,30.0,1.3077303634639272,23.515605739228615
axis:kcat_scale,0.30000000000000004,-10.544301444391328,35.0,1.6067019940820015,34.7521955116666
axis:kcat_scale,0.30000000000000004,-10.544301444391328,37.0,1.6789384924202595,38.60313113243853
axis:kcat_scale,0.30000000000000004,-10.544301444391328,40.0,1.739555986522796,41.68413476871956
axis:kcat_scale,0.30000000000000004,-10.544301444391328,43.0,1.6998979310786781,40.75562854546023
axis:kcat_scale,0.30000000000000004,-10.544301444391328,45.0,1.49387782240562,41.864548137808015
axis:kcat_scale,0.30000000000000004,-10.544301444391328,47.0,0.45155491932204633,21.837468439216533
axis:kcat_scale,0.30000000000000004,-10.544301444391328,50.0,0.001238878089451002,6.810768363401468
axis:kcat_scale,0.35000000000000003,-10.652074752318445,15.0,0.0022936713416464413,0.8561726291401628
axis:kcat_scale,0.35000000000000003,-10.652074752318445,20.0,0.15161332514510403,6.501867905690545
axis:kcat_scale,0.35000000000000003,-10.652074752318445,25.0,0.6541386256654629,14.481155651127196
axis:kcat_scale,0.35000000000000003,-10.652074752318445,27.0,0.9640065167452313,20.115055705499735
axis:kcat_scale,0.35000000000000003,-10.652074752318445,30.0,1.3236679822991202,23.74469271184603
axis:kcat_scale,0.35000000000000003,-10.652074752318445,35.0,1.620180927858028,35.419456075651716
axis:kcat_scale,0.35000000000000003,-10.652074752318445,37.0,1.6929799461139028,39.312140899589984
axis:kcat_scale,0.35000000000000003,-10.652074752318445,40.0,1.7521170934440842,42.27712426399572
axis:kcat_scale,0.35000000000000003,-10.652074752318445,43.0,1.7138849737992208,41.168943960518156
axis:kcat_scale,0.35000000000000003,-10.652074752318445,45.0,1.5085707026533763,41.505819076761924
axis:kcat_scale,0.35000000000000003,-10.652074752318445,47.0,0.4645075513522834,22.02033294467607
axis:kcat_scale,0.35000000000000003,-10.652074752318445,50.0,0.0012753684323572852,6.812477638550024
axis:kcat_scale,0.4,-10.92495303247209,15.0,0.003265760423594084,0.8894007122227829
axis:kcat_scale,0.4,-10.92495303247209,20.0,0.1569322821269888,6.683939346846893
axis:kcat_scale,0.4,-10.92495303247209,25.0,0.6733083306506529,14.989064052486286
axis:kcat_scale,0.4,-10.92495303247209,27.0,0.9824675174536167,20.365189633927805
axis:kcat_scale,0.4,-10.92495303247209,30.0,1.3393931038092985,24.057372097596204
axis:kcat_scale,0.4,-10.92495303247209,35.0,1.633797249706431,36.09351789292392
axis:kcat_scale,0.4,-10.92495303247209,37.0,1.7071394142519318,40.02710969317461
axis:kcat_scale,0.4,-10.92495303247209,40.0,1.7641627707750822,43.10660766313898
axis:kcat_scale,0.4,-10.92495303247209,43.0,1.7273678029159845,41.61972694603815
axis:kcat_scale,0.4,-10.92495303247209,45.0,1.52340487413755,41.14220903667468
axis:kcat_scale,0.4,-10.92495303247209,47.0,0.477835137383713,22.208491028910796
axis:kcat_scale,0.4,-10.92495303247209,50.0,0.0013129147608429011,6.814236226505379
axis:kcat_scale,0.45,-11.443439479289257,15.0,0.004265989631177329,0.9235906849613424
axis:kcat_scale,0.45,-11.443439479289257,20.0,0.16240521277221018,6.871281409081652
axis:kcat_scale,0.45,-11.443439479289257,25.0,0.6929276581211634,15.731219328338533
axis:kcat_scale,0.45,-11.443439479289257,27.0,1.0011310615594198,20.618067886809055
axis:kcat_scale,0.45,-11.443439479289257,30.0,1.3550889503177435,24.55188169976281
axis:kcat_scale,0.45,-11.443439479289257,35.0,1.6474935453397503,36.78207106166843
axis:kcat_scale,0.45,-11.443439479289257,37.0,1.72141005037708,40.747691807886156
axis:kcat_scale,0.45,-11.443439479289257,40.0,1.7751706452532232,43.61302213816051
axis:kcat_scale,0.45,-11.443439479289257,43.0,1.7405539369697747,42.02260598525226
axis:kcat_scale,0.45,-11.443439479289257,45.0,1.5383617014440774,40.76900764927484
axis:kcat_scale,0.45,-11.443439479289257,47.0,0.4915485316200612,22.402095930937456
axis:kcat_scale,0.45,-11.443439479289257,50.0,0.0013515479676472983,6.816045761625705
axis:kcat_scale,0.5,-12.018822357592244,15.0,0.005295173567084224,0.9587703922172812
axis:kcat_scale,0.5,-12.018822357592244,20.0,0.16803657432475136,7.06404666682593
axis:kcat_scale,0.5,-12.018822357592244,25.0,0.7130961202927868,16.279422352848286
axis:kcat_scale,0.5,-12.018822357592244,27.0,1.019992777721198,20.87363123545773
axis:kcat_scale,0.5,-12.018822357592244,30.0,1.3709478769037986,25.05152926401742
axis:kcat_scale,0.5,-12.018822357592244,35.0,1.6613046713861765,37.479450654686474
axis:kcat_scale,0.5,-12.018822357592244,37.0,1.7350688160325556,41.2893965869995
axis:kcat_scale,0.5,-12.018822357592244,40.0,1.7833879480147738,43.3087798971112
axis:kcat_scale,0.5,-12.018822357592244,43.0,1.7522646005382598,42.89194873881558
axis:kcat_scale,0.5,-12.018822357592244,45.0,1.553456085623345,40.392373955363425
axis:kcat_scale,0.5,-12.018822357592244,47.0,0.5056589024733611,22.601305325747383
axis:kcat_scale,0.5,-12.018822357592244,50.0,0.0013912995484199314,6.81790763995901
axis:kcat_scale,0.55,-13.299103212002565,15.0,0.006349307730730345,0.96026179982582
axis:kcat_scale,0.55,-13.299103212002565,20.0,0.17383095305731158,7.262392111249704
axis:kcat_scale,0.55,-13.299103212002565,25.0,0.7338052991593453,16.84282910877748
axis:kcat_scale,0.55,-13.299103212002565,27.0,1.0390480382395533,21.131816977713438
axis:kcat_scale,0.55,-13.299103212002565,30.0,1.3866249864349969,25.600296995040207
axis:kcat_scale,0.55,-13.299103212002565,35.0,1.6752420363328795,38.18320456016954
axis:kcat_scale,0.55,-13.299103212002565,37.0,1.7484069475479598,41.72855617671544
axis:kcat_scale,0.55,-13.299103212002565,40.0,1.7913322177338742,43.63237687823549
axis:kcat_scale,0.55,-13.299103212002565,43.0,1.7639593436244276,43.770033948114765
axis:kcat_scale,0.55,-13.299103212002565,45.0,1.5686837036369032,40.012415823001135
axis:kcat_scale,0.55,-13.299103212002565,47.0,0.5201777416591685,22.806281452712263
axis:kcat_scale,0.55,-13.299103212002565,50.0,0.0014322018616646452,6.81982341612016
axis:kcat_scale,0.6000000000000001,-14.792966006590719,15.0,0.007433284664916268,0.9569773811505686
axis:kcat_scale,0.6000000000000001,-14.792966006590719,20.0,0.1797854405781868,7.344443997890879
axis:kcat_scale,0.6000000000000001,-14.792966006590719,25.0,0.7546006302639157,17.4146206541013
axis:kcat_scale,0.6000000000000001,-14.792966006590719,27.0,1.05829196078691,21.39255896137793
axis:kcat_scale,0.6000000000000001,-14.792966006590719,30.0,1.4012687139146933,26.327500718022755
axis:kcat_scale,0.6000000000000001,-14.792966006590719,35.0,1.6893016274675916,38.89313016005045
axis:kcat_scale,0.6000000000000001,-14.792966006590719,37.0,1.760545179458484,42.461553920433786
axis:kcat_scale,0.6000000000000001,-14.792966006590719,40.0,1.7989723968281182,43.93682779059899
axis:kcat_scale,0.6000000000000001,-14.792966006590719,43.0,1.7730118098398766,43.708022599802646
axis:kcat_scale,0.6000000000000001,-14.792966006590719,45.0,1.5840400463821744,39.62924576290274
axis:kcat_scale,0.6000000000000001,-14.792966006590719,47.0,0.535116873557588,23.017191247742485
axis:kcat_scale,0.6000000000000001,-14.792966006590719,50.0,0.001474288218891994,6.821794650348493
axis:kcat_scale,0.65,-16.262669241764097,15.0,0.008548640664602819,0.9535978848168403
axis:kcat_scale,0.65,-16.262669241764097,20.0,0.1859055659643091,7.32114315561467
axis:kcat_scale,0.65,-16.262669241764097,25.0,0.7755888839572808,17.773608201111916
axis:kcat_scale,0.65,-16.262669241764097,27.0,1.0776992925952324,21.655763772080174
axis:kcat_scale,0.65,-16.262669241764097,30.0,1.4160243436208761,27.068326499843
axis:kcat_scale,0.65,-16.262669241764097,35.0,1.703479261023428,39.60901619902491
axis:kcat_scale,0.65,-16.262669241764097,37.0,1.7726560103447175,43.29372391846735
axis:kcat_scale,0.65,-16.262669241764097,40.0,1.806009357412612,44.18439955617989
axis:kcat_scale,0.65,-16.262669241764097,43.0,1.7811295662203264,43.47492793090297
axis:kcat_scale,0.65,-16.262669241764097,45.0,1.5962766325448154,39.32472737521533
axis:kcat_scale,0.65,-16.262669241764097,47.0,0.5504867771160658,23.23441574586598
axis:kcat_scale,0.65,-16.262669241764097,50.0,0.0015175925146089725,6.823822715596278
axis:kcat_scale,0.7000000000000001,-17.694204346394002,15.0,0.009696284093907891,0.9501205585077064
axis:kcat_scale,0.7000000000000001,-17.694204346394002,20.0,0.19220285731153786,7.297167798380672
axis:kcat_scale,0.7000000000000001,-17.694204346394002,25.0,0.7971022581215024,18.061698243983425
axis:kcat_scale,0.7000000000000001,-17.694204346394002,27.0,1.0969042030236982,21.920982474195014
axis:kcat_scale,0.7000000000000001,-17.694204346394002,30.0,1.430335110147554,27.59986635203844
axis:kcat_scale,0.7000000000000001,-17.694204346394002,35.0,1.7177705857925911,40.33064296701746
axis:kcat_scale,0.7000000000000001,-17.694204346394002,37.0,1.7833968135078726,43.25780578600053
axis:kcat_scale,0.7000000000000001,-17.694204346394002,40.0,1.8127429609855146,44.422455224731706
axis:kcat_scale,0.7000000000000001,-17.694204346394002,43.0,1.7883075719773471,43.76624296240226
axis:kcat_scale,0.7000000000000001,-17.694204346394002,45.0,1.6060730617637589,39.09158657213768
axis:kcat_scale,0.7000000000000001,-17.694204346394002,47.0,0.5663002738334882,23.458221218018622
axis:kcat_scale,0.7000000000000001,-17.694204346394002,50.0,0.0015621511664428258,6.825909972563618
axis:kcat_scale,0.75,-19.170859646696996,15.0,0.010877149612358656,0.9465425702318999
axis:kcat_scale,0.75,-19.170859646696996,20.0,0.19868244323665835,7.272498400266917
axis:kcat_scale,0.75,-19.170859646696996,25.0,0.8192029342646112,18.357477884300167
axis:kcat_scale,0.75,-19.170859646696996,27.0,1.1162859371756748,22.18864310170331
axis:kcat_scale,0.75,-19.170859646696996,30.0,1.4442404284968717,27.607429370709802
axis:kcat_scale,0.75,-19.170859646696996,35.0,1.731969617907791,41.005924158180854
axis:kcat_scale,0.75,-19.170859646696996,37.0,1.7928067307622602,43.33082184144099
axis:kcat_scale,0.75,-19.170859646696996,40.0,1.817605775285754,44.33893603037528
axis:kcat_scale,0.75,-19.170859646696996,43.0,1.7952118491489095,44.147323748066135
axis:kcat_scale,0.75,-19.170859646696996,45.0,1.6160172035380367,38.854930424539155
axis:kcat_scale,0.75,-19.170859646696996,47.0,0.5825677773493456,23.688452163784085
axis:kcat_scale,0.75,-19.170859646696996,50.0,0.0016079993024490419,6.82805738920211
axis:kcat_scale,0.8,-20.755262987728976,15.0,0.012092198936093758,0.9428610060174134
axis:kcat_scale,0.8,-20.755262987728976,20.0,0.20534960082013062,7.247114870113204
axis:kcat_scale,0.8,-20.755262987728976,25.0,0.8419107094666365,18.661220961292877
axis:kcat_scale,0.8,-20.755262987728976,27.0,1.1358389494562147,22.458669070259493
axis:kcat_scale,0.8,-20.755262987728976,30.0,1.4582353490183322,27.60744734388844
axis:kcat_scale,0.8,-20.755262987728976,35.0,1.745424754203766,41.457561295023915
axis:kcat_scale,0.8,-20.755262987728976,37.0,1.80139829005862,43.6436186738097
axis:kcat_scale,0.8,-20.755262987728976,40.0,1.822456223522354,44.13358194323633
axis:kcat_scale,0.8,-20.755262987728976,43.0,1.8019212520676557,44.38397728433311
axis:kcat_scale,0.8,-20.755262987728976,45.0,1.6261104900727863,38.65121205536952
axis:kcat_scale,0.8,-20.755262987728976,47.0,0.5993052382019718,23.92533432815897
axis:kcat_scale,0.8,-20.755262987728976,50.0,0.001655174686008397,6.8302669392211515
axis:kcat_scale,0.8500000000000001,-22.361395042089626,15.0,0.01334242162110012,0.9390728675383018
axis:kcat_scale,0.8500000000000001,-22.361395042089626,20.0,0.21220975990382995,7.22099653515859
axis:kcat_scale,0.8500000000000001,-22.361395042089626,25.0,0.86527583146542,18.97375682123859
axis:kcat_scale,0.8500000000000001,-22.361395042089626,27.0,1.1555574551693906,22.730980493547463
axis:kcat_scale,0.8500000000000001,-22.361395042089626,30.0,1.4718739605195292,27.722325919331016
axis:kcat_scale,0.8500000000000001,-22.361395042089626,35.0,1.758172905276036,42.00695119381349
axis:kcat_scale,0.8500000000000001,-22.361395042089626,37.0,1.8095220314253266,43.92781691629891
axis:kcat_scale,0.8500000000000001,-22.361395042089626,40.0,1.827408600162806,43.92391249939179
axis:kcat_scale,0.8500000000000001,-22.361395042089626,43.0,1.8083949243263728,44.594975226381514
axis:kcat_scale,0.8500000000000001,-22.361395042089626,45.0,1.6363463127640139,38.95063264267211
axis:kcat_scale,0.8500000000000001,-22.361395042089626,47.0,0.6165233080595263,24.12379422085576
axis:kcat_scale,0.8500000000000001,-22.361395042089626,50.0,0.001703715220405678,6.832540257213904
axis:kcat_scale,0.9,-23.47378304668582,15.0,0.014628301359535315,0.9840376082274133
axis:kcat_scale,0.9,-23.47378304668582,20.0,0.21926850751321927,7.194122124205032
axis:kcat_scale,0.9,-23.47378304668582,25.0,0.8891748172411139,19.2941538563327
axis:kcat_scale,0.9,-23.47378304668582,27.0,1.1754354354313072,23.005494251128816
axis:kcat_scale,0.9,-23.47378304668582,30.0,1.4845699173360456,28.12590053448287
axis:kcat_scale,0.9,-23.47378304668582,35.0,1.770244574318484,42.83643026900477
axis:kcat_scale,0.9,-23.47378304668582,37.0,1.8168393894524926,44.32839815205959
axis:kcat_scale,0.9,-23.47378304668582,40.0,1.8324640717542633,43.709878310574496
axis:kcat_scale,0.9,-23.47378304668582,43.0,1.8134811406614681,44.38502297768482
axis:kcat_scale,0.9,-23.47378304668582,45.0,1.646552156866966,39.27891550159944
axis:kcat_scale,0.9,-23.47378304668582,47.0,0.6342190872429312,24.23233961704685
axis:kcat_scale,0.9,-23.47378304668582,50.0,0.0017536618117677794,6.834879907069429
axis:kcat_scale,0.9500000000000001,-24.255024320445038,15.0,0.01595126059875315,1.0434921881187222
axis:kcat_scale,0.9500000000000001,-24.255024320445038,20.0,0.22653159240076148,7.166469750319508
axis:kcat_scale,0.9500000000000001,-24.255024320445038,25.0,0.907967849136209,19.546260760513157
axis:kcat_scale,0.9500000000000001,-24.255024320445038,27.0,1.1954666427148106,23.282124065014834
axis:kcat_scale,0.9500000000000001,-24.255024320445038,30.0,1.497319302954548,28.744529659933086
axis:kcat_scale,0.9500000000000001,-24.255024320445038,35.0,1.782211865656573,43.308973333296535
axis:kcat_scale,0.9500000000000001,-24.255024320445038,37.0,1.8226566355548808,44.12509707173987
axis:kcat_scale,0.9500000000000001,-24.255024320445038,40.0,1.837623768205593,43.49143153967946
axis:kcat_scale,0.9500000000000001,-24.255024320445038,43.0,1.8186511365590714,44.29201797848147
axis:kcat_scale,0.9500000000000001,-24.255024320445038,45.0,1.6566726583707068,39.64424016362995
axis:kcat_scale,0.9500000000000001,-24.255024320445038,47.0,0.6522626005037653,24.49905558691212
axis:kcat_scale,0.9500000000000001,-24.255024320445038,50.0,0.0018050538285901078,6.8372869983288505
axis:kcat_scale,1.0,-25.330795098982982,15.0,0.017311878293869244,1.095568922974854
axis:kcat_scale,1.0,-25.330795098982982,20.0,0.23400492976138237,7.138016892881065
axis:kcat_scale,1.0,-25.330795098982982,25.0,0.9257776225246321,19.785177336517208
axis:kcat_scale,1.0,-25.330795098982982,27.0,1.215644607247149,23.56078058801822
axis:kcat_scale,1.0,-25.330795098982982,30.0,1.5102279608103724,29.37088703581344
axis:kcat_scale,1.0,-25.330795098982982,35.0,1.7931621244192526,43.1480782816873
axis:kcat_scale,1.0,-25.330795098982982,37.0,1.828579146078259,43.874354937657074
axis:kcat_scale,1.0,-25.330795098982982,40.0,1.8428887799334692,43.26852602158826
axis:kcat_scale,1.0,-25.330795098982982,43.0,1.8235744924932338,44.09365277202695
axis:kcat_scale,1.0,-25.330795098982982,45.0,1.6669151733199528,40.00566257021265
axis:kcat_scale,1.0,-25.330795098982982,47.0,0.6707767860516748,24.652954867074218
axis:kcat_scale,1.0,-25.330795098982982,50.0,0.0018579335397727256,6.839763769984431
axis:f_maint,-1.0,-15.91846189444555,15.0,0.0007422960566126886,0.5579160478262765
axis:f_maint,-1.0,-15.91846189444555,20.0,0.12285101994501914,5.27208777895067
axis:f_maint,-1.0,-15.91846189444555,25.0,0.5367935125616435,11.870933769387989
axis:f_maint,-1.0,-15.91846189444555,27.0,0.8261284962510294,18.12468893304391
axis:f_maint,-1.0,-15.91846189444555,30.0,1.2546921224197445,23.739710175270815
axis:f_maint,-1.0,-15.91846189444555,35.0,1.5739642552996562,32.782916509557104
axis:f_maint,-1.0,-15.91846189444555,37.0,1.6472205294811095,36.621116578362624
axis:f_maint,-1.0,-15.91846189444555,40.0,1.710217465668737,40.3643413539038
axis:f_maint,-1.0,-15.91846189444555,43.0,1.6686932071537455,39.48071471178794
axis:f_maint,-1.0,-15.91846189444555,45.0,1.4559112012411572,42.79254109636688
axis:f_maint,-1.0,-15.91846189444555,47.0,0.38170027578182625,20.40865584398509
axis:f_maint,-1.0,-15.91846189444555,50.0,0.0010423562963625098,6.130231394173922
axis:f_maint,-0.9500000000000001,-15.758792504201786,15.0,0.0005158411854568463,0.5624366990514783
axis:f_maint,-0.9500000000000001,-15.758792504201786,20.0,0.12262561622499063,5.276633422309338
axis:f_maint,-0.9500000000000001,-15.758792504201786,25.0,0.5365810270470944,11.874011920518942
axis:f_maint,-0.9500000000000001,-15.758792504201786,27.0,0.8259026344818597,18.127834232460867
axis:f_maint,-0.9500000000000001,-15.758792504201786,30.0,1.2519233351826826,23.777230016288584
axis:f_maint,-0.9500000000000001,-15.758792504201786,35.0,1.5716076259520142,32.68626505724687
axis:f_maint,-0.9500000000000001,-15.758792504201786,37.0,1.6447284205579729,36.5143022415518
axis:f_maint,-0.9500000000000001,-15.758792504201786,40.0,1.7075229518242054,40.28487351815249
axis:f_maint,-0.9500000000000001,-15.758792504201786,43.0,1.6661162317306817,39.404920695723945
axis:f_maint,-0.9500000000000001,-15.758792504201786,45.0,1.4535593858374447,42.85024706564982
axis:f_maint,-0.9500000000000001,-15.758792504201786,47.0,0.3816746364456028,20.425527584996733
axis:f_maint,-0.9500000000000001,-15.758792504201786,50.0,0.0010422639154618074,6.163793537212599
axis:f_maint,-0.9,-15.602858143439235,15.0,0.0002893914976334386,0.5669576005929383
axis:f_maint,-0.9,-15.602858143439235,20.0,0.12240021250132854,5.281179065543627
axis:f_maint,-0.9,-15.602858143439235,25.0,0.5363685415100707,11.877090071212608
axis:f_maint,-0.9,-15.602858143439235,27.0,0.8256767726759855,18.130979531381875
axis:f_maint,-0.9,-15.602858143439235,30.0,1.2491490910194882,23.80869360495858
axis:f_maint,-0.9,-15.602858143439235,35.0,1.569250996604372,32.589613604936716
axis:f_maint,-0.9,-15.602858143439235,37.0,1.6422363116348333,36.407487904741
axis:f_maint,-0.9,-15.602858143439235,40.0,1.7048284379796619,40.20540568240118
axis:f_maint,-0.9,-15.602858143439235,43.0,1.663539256307606,39.32912667965978
axis:f_maint,-0.9,-15.602858143439235,45.0,1.4512075704337504,42.9079530349328
axis:f_maint,-0.9,-15.602858143439235,47.0,0.38164899710913675,20.44239932600318
axis:f_maint,-0.9,-15.602858143439235,50.0,0.0010421718002429658,6.197355847559562
axis:f_maint,-0.8500000000000001,2.582718071842032,15.0,6.293457733933925e-05,0.5714780510942508
axis:f_maint,-0.8500000000000001,2.582718071842032,20.0,0.12217480878493198,5.285724709026638
axis:f_maint,-0.8500000000000001,2.582718071842032,25.0,0.5361560560179935,11.880168222780831
axis:f_maint,-0.8500000000000001,2.582718071842032,27.0,0.8254509109435291,18.134124831294795
axis:f_maint,-0.8500000000000001,2.582718071842032,30.0,1.2462613837286873,23.847839103270104
axis:f_maint,-0.8500000000000001,2.582718071842032,35.0,1.566894367256741,32.492962152626454
axis:f_maint,-0.8500000000000001,2.582718071842032,37.0,1.6397442027117044,36.30067356793016
axis:f_maint,-0.8500000000000001,2.582718071842032,40.0,1.7021339241351297,40.125937846649855
axis:f_maint,-0.8500000000000001,2.582718071842032,43.0,1.6609622808845372,39.253332663595735
axis:f_maint,-0.8500000000000001,2.582718071842032,45.0,1.4488557550300296,42.96565900421581
axis:f_maint,-0.8500000000000001,2.582718071842032,47.0,0.3816233577728032,20.459271067012487
axis:f_maint,-0.8500000000000001,2.582718071842032,50.0,0.0010420799506350746,6.2309183251704265
axis:f_maint,-0.8,2.581656413391387,15.0,0.0,
axis:f_maint,-0.8,2.581656413391387,20.0,0.12194940506490337,5.290270352385316
axis:f_maint,-0.8,2.581656413391387,25.0,0.5359435705034437,11.883246373911765
axis:f_maint,-0.8,2.581656413391387,27.0,0.8252250491743613,18.137270130711748
axis:f_maint,-0.8,2.581656413391387,30.0,1.2433736764378849,23.886984601581624
axis:f_maint,-0.8,2.581656413391387,35.0,1.5645377379090935,32.39631070031634
axis:f_maint,-0.8,2.581656413391387,37.0,1.6372520937885744,36.19385923111933
axis:f_maint,-0.8,2.581656413391387,40.0,1.6994394102905859,40.04647001089858
axis:f_maint,-0.8,2.581656413391387,43.0,1.658385305461473,39.177538647531705
axis:f_maint,-0.8,2.581656413391387,45.0,1.44650393962631,43.023364973498516
axis:f_maint,-0.8,2.581656413391387,47.0,0.3815977184364522,20.476142808021397
axis:f_maint,-0.8,2.581656413391387,50.0,0.0010419875697986606,6.264480468253171
axis:f_maint,-0.75,2.5791346812004816,15.0,0.0,
axis:f_maint,-0.75,2.5791346812004816,20.0,0.12172400134487388,5.294815995743958
axis:f_maint,-0.75,2.5791346812004816,25.0,0.5357310849888945,11.886324525042715
axis:f_maint,-0.75,2.5791346812004816,27.0,0.8249991874051986,18.140415430128748
axis:f_maint,-0.75,2.5791346812004816,30.0,1.240485969147086,23.926130099893165
axis:f_maint,-0.75,2.5791346812004816,35.0,1.5621811085614585,32.29965924800607
axis:f_maint,-0.75,2.5791346812004816,37.0,1.6347496489853117,36.08860820957471
axis:f_maint,-0.75,2.5791346812004816,40.0,1.6967448964460545,39.96700217514725
axis:f_maint,-0.75,2.5791346812004816,43.0,1.6558083300384137,39.10174463146773
axis:f_maint,-0.75,2.5791346812004816,45.0,1.444152124222598,43.08107094278156
axis:f_maint,-0.75,2.5791346812004816,47.0,0.38157207910047025,20.493014549038236
axis:f_maint,-0.75,2.5791346812004816,50.0,0.0010418954545859678,6.298042778600419
axis:f_maint,-0.7000000000000001,2.578418120071009,15.0,0.0,
axis:f_maint,-0.7000000000000001,2.578418120071009,20.0,0.12149859762484422,5.2993616391025995
axis:f_maint,-0.7000000000000001,2.578418120071009,25.0,0.5355185994743435,11.889402676173656
axis:f_maint,-0.7000000000000001,2.578418120071009,27.0,0.8247733256360293,18.143560729545687
axis:f_maint,-0.7000000000000001,2.578418120071009,30.0,1.2375821449954663,23.928824830300123
axis:f_maint,-0.7000000000000001,2.578418120071009,35.0,1.5598244792138174,32.20300779569591
axis:f_maint,-0.7000000000000001,2.578418120071009,37.0,1.6322452494689619,35.98365284091869
axis:f_maint,-0.7000000000000001,2.578418120071009,40.0,1.694046454417282,39.85754219485985
axis:f_maint,-0.7000000000000001,2.578418120071009,43.0,1.6532313546153263,39.025950615403495
axis:f_maint,-0.7000000000000001,2.578418120071009,45.0,1.441800308818886,43.13877691206447
axis:f_maint,-0.7000000000000001,2.578418120071009,47.0,0.3815464397641113,20.509886290046985
axis:f_maint,-0.7000000000000001,2.578418120071009,50.0,0.0010418036006713978,6.331605255968518
axis:f_maint,-0.65,2.578632505695742,15.0,0.0,
axis:f_maint,-0.65,2.578632505695742,20.0,0.12127319390481453,5.303907282461228
axis:f_maint,-0.65,2.578632505695742,25.0,0.535306113959795,11.892480827304613
axis:f_maint,-0.65,2.578632505695742,27.0,0.824547463866864,18.146706028962665
axis:f_maint,-0.65,2.578632505695742,30.0,1.234662284286837,23.89525041227776
axis:f_maint,-0.65,2.578632505695742,35.0,1.557467849866182,32.106356343385556
axis:f_maint,-0.65,2.578632505695742,37.0,1.6297408499526005,35.878697472262665
axis:f_maint,-0.65,2.578632505695742,40.0,1.6913463911574829,39.7357039266332
axis:f_maint,-0.65,2.578632505695742,43.0,1.6506543791922699,38.95015659933956
axis:f_maint,-0.65,2.578632505695742,45.0,1.4394484934151643,43.19648288134755
axis:f_maint,-0.65,2.578632505695742,47.0,0.38152080042776526,20.52675803105601
axis:f_maint,-0.65,2.578632505695742,50.0,0.0010417114896653194,6.365167566499101
axis:f_maint,-0.6000000000000001,2.5742318668226716,15.0,0.0,
axis:f_maint,-0.6000000000000001,2.5742318668226716,20.0,0.12104779018478541,5.308452925819884
axis:f_maint,-0.6000000000000001,2.5742318668226716,25.0,0.5350936284452448,11.895558978435563
axis:f_maint,-0.6000000000000001,2.5742318668226716,27.0,0.824321602097699,18.149851328379636
axis:f_maint,-0.6000000000000001,2.5742318668226716,30.0,1.2317424235782144,23.86167599425541
axis:f_maint,-0.6000000000000001,2.5742318668226716,35.0,1.5551112205185378,32.00970489107548
axis:f_maint,-0.6000000000000001,2.5742318668226716,37.0,1.6272364504362513,35.77374210360663
axis:f_maint,-0.6000000000000001,2.5742318668226716,40.0,1.6886451210834406,39.61380214616535
axis:f_maint,-0.6000000000000001,2.5742318668226716,43.0,1.648063575368452,38.84113597188139
axis:f_maint,-0.6000000000000001,2.5742318668226716,45.0,1.4370966780114607,43.25418885063033
axis:f_maint,-0.6000000000000001,2.5742318668226716,47.0,0.381495161091372,20.543629772064016
axis:f_maint,-0.6000000000000001,2.5742318668226716,50.0,0.001041619108916255,6.398729709640684
axis:f_maint,-0.55,2.5670738352710596,15.0,0.0,
axis:f_maint,-0.55,2.5670738352710596,20.0,0.12082238646475647,5.3129985691785455
axis:f_maint,-0.55,2.5670738352710596,25.0,0.5348811429306957,11.898637129566511
axis:f_maint,-0.55,2.5670738352710596,27.0,0.8240957403285333,18.152996627796607
axis:f_maint,-0.55,2.5670738352710596,30.0,1.228822562869585,23.828101576233063
axis:f_maint,-0.55,2.5670738352710596,35.0,1.5527545911709002,31.913053438765186
axis:f_maint,-0.55,2.5670738352710596,37.0,1.6247320509198973,35.668786734950636
axis:f_maint,-0.55,2.5670738352710596,40.0,1.6859417971975814,39.49179227765329
axis:f_maint,-0.55,2.5670738352710596,43.0,1.645468775385238,38.72251345064975
axis:f_maint,-0.55,2.5670738352710596,45.0,1.434744862607742,43.31189481991313
axis:f_maint,-0.55,2.5670738352710596,47.0,0.3814695217550201,20.56050151307291
axis:f_maint,-0.55,2.5670738352710596,50.0,0.0010415272591802031,6.432292187163424
axis:f_maint,-0.5,2.5579629743322037,15.0,0.0,
axis:f_maint,-0.5,2.5579629743322037,20.0,0.12059698274472659,5.317544212537183
axis:f_maint,-0.5,2.5579629743322037,25.0,0.5346686574161448,11.901715280697443
axis:f_maint,-0.5,2.5579629743322037,27.0,0.8238698785593686,18.156141927213582
axis:f_maint,-0.5,2.5579629743322037,30.0,1.2259027021609583,23.79452715821069
axis:f_maint,-0.5,2.5579629743322037,35.0,1.5503979618232624,31.816401986454938
axis:f_maint,-0.5,2.5579629743322037,37.0,1.622227651403548,35.563831366294615
axis:f_maint,-0.5,2.5579629743322037,40.0,1.6832384733117212,39.36978240914117
axis:f_maint,-0.5,2.5579629743322037,43.0,1.6428733700503309,38.6038580093023
axis:f_maint,-0.5,2.5579629743322037,45.0,1.4323930472040476,43.36960078919596
axis:f_maint,-0.5,2.5579629743322037,47.0,0.3814438824187332,20.577373254083213
axis:f_maint,-0.5,2.5579629743322037,50.0,0.0010414348784832845,6.465854330334822
axis:f_maint,-0.45,2.5477398052543223,15.0,0.0,
axis:f_maint,-0.45,2.5477398052543223,20.0,0.1203715790246975,5.322089855895848
axis:f_maint,-0.45,2.5477398052543223,25.0,0.5344561719015971,11.904793431828415
axis:f_maint,-0.45,2.5477398052543223,27.0,0.8236440167901994,18.15928722663053
axis:f_maint,-0.45,2.5477398052543223,30.0,1.2229828414523305,23.760952740188323
axis:f_maint,-0.45,2.5477398052543223,35.0,1.548041332475624,31.71975053414474
axis:f_maint,-0.45,2.5477398052543223,37.0,1.6197232518871956,35.45887599763858
axis:f_maint,-0.45,2.5477398052543223,40.0,1.6805351494258671,39.24777254062899
axis:f_maint,-0.45,2.5477398052543223,43.0,1.640275674494465,38.48507802160944
axis:f_maint,-0.45,2.5477398052543223,45.0,1.4300412318003175,43.42730675847896
axis:f_maint,-0.45,2.5477398052543223,47.0,0.38141804448295136,20.59680203080452
axis:f_maint,-0.45,2.5477398052543223,50.0,0.0010413430286952468,6.499416807827763
axis:f_maint,-0.4,2.534619502907644,15.0,0.0,
axis:f_maint,-0.4,2.534619502907644,20.0,0.12014617530466895,5.326635499254519
axis:f_maint,-0.4,2.534619502907644,25.0,0.5342436863870453,11.907871582959347
axis:f_maint,-0.4,2.534619502907644,27.0,0.823418155021037,18.16243252604752
axis:f_maint,-0.4,2.534619502907644,30.0,1.220062980743705,23.727378322165983
axis:f_maint,-0.4,2.534619502907644,35.0,1.545684703127985,31.623099081834564
axis:f_maint,-0.4,2.534619502907644,37.0,1.6172188523708446,35.353920628982586
axis:f_maint,-0.4,2.534619502907644,40.0,1.6778318255400204,39.125762672116835
axis:f_maint,-0.4,2.534619502907644,43.0,1.6376779789386071,38.36629803391665
axis:f_maint,-0.4,2.534619502907644,45.0,1.4276894163966136,43.48501272776194
axis:f_maint,-0.4,2.534619502907644,47.0,0.3813889515105728,20.61343085801107
axis:f_maint,-0.4,2.534619502907644,50.0,0.0010412506480391897,6.532978951028445
axis:f_maint,-0.35000000000000003,2.5185717462271073,15.0,0.0,
axis:f_maint,-0.35000000000000003,2.5185717462271073,20.0,0.11992077158463837,5.331181142613116
axis:f_maint,-0.35000000000000003,2.5185717462271073,25.0,0.534031200872496,11.910949734090298
axis:f_maint,-0.35000000000000003,2.5185717462271073,27.0,0.8231922932518699,18.165577825464478
axis:f_maint,-0.35000000000000003,2.5185717462271073,30.0,1.217143120035079,23.69380390414363
axis:f_maint,-0.35000000000000003,2.5185717462271073,35.0,1.5433280737803425,31.526447629524395
axis:f_maint,-0.35000000000000003,2.5185717462271073,37.0,1.6147144528544866,35.24896526032652
axis:f_maint,-0.35000000000000003,2.5185717462271073,40.0,1.675128501654165,39.00375280360466
axis:f_maint,-0.35000000000000003,2.5185717462271073,43.0,1.6350802833827367,38.24751804622368
axis:f_maint,-0.35000000000000003,2.5185717462271073,45.0,1.4253376009928982,43.54271869704494
axis:f_maint,-0.35000000000000003,2.5185717462271073,47.0,0.3813595883641689,20.627122284353966
axis:f_maint,-0.35000000000000003,2.5185717462271073,50.0,0.0010411587982108246,6.5665414284921235
axis:f_maint,-0.30000000000000004,2.5005706743323723,15.0,0.0,
axis:f_maint,-0.30000000000000004,2.5005706743323723,20.0,0.11969536786460884,5.335726785971769
axis:f_maint,-0.30000000000000004,2.5005706743323723,25.0,0.5338187153579455,11.914027885221238
axis:f_maint,-0.30000000000000004,2.5005706743323723,27.0,0.8229664314827018,18.16872312488143
axis:f_maint,-0.30000000000000004,2.5005706743323723,30.0,1.2142232593264541,23.66022948612128
axis:f_maint,-0.30000000000000004,2.5005706743323723,35.0,1.5409714444327118,31.42979617721403
axis:f_maint,-0.30000000000000004,2.5005706743323723,37.0,1.6122100533381396,35.14400989167052
axis:f_maint,-0.30000000000000004,2.5005706743323723,40.0,1.6724251777683081,38.88174293509253
axis:f_maint,-0.30000000000000004,2.5005706743323723,43.0,1.632482587826891,38.128738058531134
axis:f_maint,-0.30000000000000004,2.5005706743323723,45.0,1.4229857855891803,43.60042466632772
axis:f_maint,-0.30000000000000004,2.5005706743323723,47.0,0.3813302252177584,20.64081371069677
axis:f_maint,-0.30000000000000004,2.5005706743323723,50.0,0.001041066682967843,6.600103738824263
axis:f_maint,-0.25,2.4853479232230518,15.0,0.0,
axis:f_maint,-0.25,2.4853479232230518,20.0,0.11946996414457917,5.3402724293304145
axis:f_maint,-0.25,2.4853479232230518,25.0,0.5336062298433975,11.917106036352198
axis:f_maint,-0.25,2.4853479232230518,27.0,0.822740569713538,18.171868424298413
axis:f_maint,-0.25,2.4853479232230518,30.0,1.2113033986178285,23.62665506809893
axis:f_maint,-0.25,2.4853479232230518,35.0,1.5386148150850676,31.333144724903885
axis:f_maint,-0.25,2.4853479232230518,37.0,1.6097056538217842,35.03905452301453
axis:f_maint,-0.25,2.4853479232230518,40.0,1.6697218538824554,38.75973306658038
axis:f_maint,-0.25,2.4853479232230518,43.0,1.629884892271034,38.009958070838415
axis:f_maint,-0.25,2.4853479232230518,45.0,1.420633970185463,43.65813063561089
axis:f_maint,-0.25,2.4853479232230518,47.0,0.3813008453547899,20.668910999473695
axis:f_maint,-0.25,2.4853479232230518,50.0,0.0010409745677156658,6.633666049155987
axis:f_maint,-0.2,2.459326482987657,15.0,0.0,
axis:f_maint,-0.2,2.459326482987657,20.0,0.11924456042454999,5.344818072689066
axis:f_maint,-0.2,2.459326482987657,25.0,0.5333937443288465,11.920184187483134
axis:f_maint,-0.2,2.459326482987657,27.0,0.8225147079443702,18.17501372371537
axis:f_maint,-0.2,2.459326482987657,30.0,1.208383537909201,23.593080650076573
axis:f_maint,-0.2,2.459326482987657,35.0,1.536258185737428,31.236493272593634
axis:f_maint,-0.2,2.459326482987657,37.0,1.6072012543054306,34.93409915435851
axis:f_maint,-0.2,2.459326482987657,40.0,1.6670185299966105,38.63772319806814
axis:f_maint,-0.2,2.459326482987657,43.0,1.6272871967151674,37.89117808314548
axis:f_maint,-0.2,2.459326482987657,45.0,1.4182821547817608,43.7158366048937
axis:f_maint,-0.2,2.459326482987657,47.0,0.3812680333306699,20.670136919091973
axis:f_maint,-0.2,2.459326482987657,50.0,0.0010408821829446106,6.667228192218652
axis:f_maint,-0.15000000000000002,2.435435054278901,15.0,0.0,
axis:f_maint,-0.15000000000000002,2.435435054278901,20.0,0.11901915670452073,5.349363716047706
axis:f_maint,-0.15000000000000002,2.435435054278901,25.0,0.5331812588142961,11.923262338614082
axis:f_maint,-0.15000000000000002,2.435435054278901,27.0,0.8222888461752033,18.178159023132324
axis:f_maint,-0.15000000000000002,2.435435054278901,30.0,1.2054636772005751,23.55950623205421
axis:f_maint,-0.15000000000000002,2.435435054278901,35.0,1.5339015563897869,31.139841820283532
axis:f_maint,-0.15000000000000002,2.435435054278901,37.0,1.6046968547890788,34.82914378570244
axis:f_maint,-0.15000000000000002,2.435435054278901,40.0,1.6643152061107518,38.51571332955604
axis:f_maint,-0.15000000000000002,2.435435054278901,43.0,1.6246895011592941,37.772398095452495
axis:f_maint,-0.15000000000000002,2.435435054278901,45.0,1.4159303393780525,43.773542574176645
axis:f_maint,-0.15000000000000002,2.435435054278901,47.0,0.38123347124063806,20.68352312175407
axis:f_maint,-0.15000000000000002,2.435435054278901,50.0,0.0010353899962902379,6.700537729494564
axis:f_maint,-0.1,2.41365287049669,15.0,0.0,
axis:f_maint,-0.1,2.41365287049669,20.0,0.11879375298449141,5.353909359406359
axis:f_maint,-0.1,2.41365287049669,25.0,0.5329687732997463,11.926340489745018
axis:f_maint,-0.1,2.41365287049669,27.0,0.8220629844060394,18.181304322549313
axis:f_maint,-0.1,2.41365287049669,30.0,1.2025438164919477,23.525931814031853
axis:f_maint,-0.1,2.41365287049669,35.0,1.531544927042151,31.043190367973303
axis:f_maint,-0.1,2.41365287049669,37.0,1.6021924552727203,34.72418841704644
axis:f_maint,-0.1,2.41365287049669,40.0,1.6616118822249002,38.3937034610439
axis:f_maint,-0.1,2.41365287049669,43.0,1.6220918056034255,37.653618107759584
axis:f_maint,-0.1,2.41365287049669,45.0,1.4135785239743295,43.83124854345941
axis:f_maint,-0.1,2.41365287049669,47.0,0.38119729499291705,20.71000336067758
axis:f_maint,-0.1,2.41365287049669,50.0,0.0010406982215403636,6.734352987590834
axis:f_maint,-0.05,2.3899807380210993,15.0,0.0,
axis:f_maint,-0.05,2.3899807380210993,20.0,0.11856834926446264,5.358455002765024
axis:f_maint,-0.05,2.3899807380210993,25.0,0.5327562877851966,11.929418640875967
axis:f_maint,-0.05,2.3899807380210993,27.0,0.8218371226368737,18.184449621966284
axis:f_maint,-0.05,2.3899807380210993,30.0,1.1996239557833257,23.49235739600951
axis:f_maint,-0.05,2.3899807380210993,35.0,1.529188297694511,30.946538915663012
axis:f_maint,-0.05,2.3899807380210993,37.0,1.599688055756369,34.619233048390456
axis:f_maint,-0.05,2.3899807380210993,40.0,1.6589085583390448,38.27169359253171
axis:f_maint,-0.05,2.3899807380210993,43.0,1.61949411004758,37.534838120067015
axis:f_maint,-0.05,2.3899807380210993,45.0,1.4112267085706265,43.88895451274253
axis:f_maint,-0.05,2.3899807380210993,47.0,0.38116111874520386,20.736483599601353
axis:f_maint,-0.05,2.3899807380210993,50.0,0.001040605841519972,6.76791512345775
axis:f_maint,0.0,2.3643166223999525,15.0,0.0,
axis:f_maint,0.0,2.3643166223999525,20.0,0.11834294554443316,5.36300064612367
axis:f_maint,0.0,2.3643166223999525,25.0,0.532543802270647,11.93249679200692
axis:f_maint,0.0,2.3643166223999525,27.0,0.8216112608677082,18.187594921383248
axis:f_maint,0.0,2.3643166223999525,30.0,1.1967040950746977,23.458782977987166
axis:f_maint,0.0,2.3643166223999525,35.0,1.526831668346873,30.84988746335286
axis:f_maint,0.0,2.3643166223999525,37.0,1.597183656240015,34.51427767973442
axis:f_maint,0.0,2.3643166223999525,40.0,1.6562052344532008,38.149683724019475
axis:f_maint,0.0,2.3643166223999525,43.0,1.6168964144917264,37.41605813237432
axis:f_maint,0.0,2.3643166223999525,45.0,1.4088748931669046,43.94666048202531
axis:f_maint,0.0,2.3643166223999525,47.0,0.3811249424975039,20.76296383852567
axis:f_maint,0.0,2.3643166223999525,50.0,0.0010405139908218374,6.801477600784894
axis:f_maint,0.05,2.336658540905473,15.0,0.0,
axis:f_maint,0.05,2.336658540905473,20.0,0.11811754182440395,5.367546289482323
axis:f_maint,0.05,2.336658540905473,25.0,0.5323313167560971,11.935574943137876
axis:f_maint,0.05,2.336658540905473,27.0,0.8213853990985409,18.19074022080021
axis:f_maint,0.05,2.336658540905473,30.0,1.193784234366068,23.425208559964794
axis:f_maint,0.05,2.336658540905473,35.0,1.5244750389992285,30.75323601104267
axis:f_maint,0.05,2.336658540905473,37.0,1.5946792567236676,34.409322311078405
axis:f_maint,0.05,2.336658540905473,40.0,1.6535019105673336,38.027673855507516
axis:f_maint,0.05,2.336658540905473,43.0,1.6142987189358522,37.29727814468133
axis:f_maint,0.05,2.336658540905473,45.0,1.4065230777632045,44.00436645130797
axis:f_maint,0.05,2.336658540905473,47.0,0.38108876624978677,20.7894440774493
axis:f_maint,0.05,2.336658540905473,50.0,0.0010404216110819727,6.835039744151655
axis:f_maint,0.1,2.3074795872896257,15.0,0.0,
axis:f_maint,0.1,2.3074795872896257,20.0,0.11789213810437359,5.372091932840949
axis:f_maint,0.1,2.3074795872896257,25.0,0.5321188312415472,11.938653094268815
axis:f_maint,0.1,2.3074795872896257,27.0,0.8211595373293741,18.193885520217165
axis:f_maint,0.1,2.3074795872896257,30.0,1.1908643736574478,23.391634141942458
axis:f_maint,0.1,2.3074795872896257,35.0,1.522118409651593,30.656584558732373
axis:f_maint,0.1,2.3074795872896257,37.0,1.5921748572073122,34.30436694242237
axis:f_maint,0.1,2.3074795872896257,40.0,1.6507985866814772,37.90566398699532
axis:f_maint,0.1,2.3074795872896257,43.0,1.6116814524654142,37.182718277591945
axis:f_maint,0.1,2.3074795872896257,45.0,1.4041712623594838,44.06207242059115
axis:f_maint,0.1,2.3074795872896257,47.0,0.3810525900020857,20.81592431637358
axis:f_maint,0.1,2.3074795872896257,50.0,0.001040329761027534,6.868602221481578
axis:f_maint,0.15000000000000002,2.276372660933952,15.0,0.0,
axis:f_maint,0.15000000000000002,2.276372660933952,20.0,0.1176667343843443,5.376637576199598
axis:f_maint,0.15000000000000002,2.276372660933952,25.0,0.5319063457269999,11.94173124539977
axis:f_maint,0.15000000000000002,2.276372660933952,27.0,0.820933675560206,18.197030819634126
axis:f_maint,0.15000000000000002,2.276372660933952,30.0,1.1879445129488182,23.35805972392009
axis:f_maint,0.15000000000000002,2.276372660933952,35.0,1.519759676879892,30.5600025623107
axis:f_maint,0.15000000000000002,2.276372660933952,37.0,1.589633023859042,34.19852810828368
axis:f_maint,0.15000000000000002,2.276372660933952,40.0,1.6480952627956258,37.783654118483135
axis:f_maint,0.15000000000000002,2.276372660933952,43.0,1.6090487072844735,37.07149611987714
axis:f_maint,0.15000000000000002,2.276372660933952,45.0,1.401819446955771,44.11977838987411
axis:f_maint,0.15000000000000002,2.276372660933952,47.0,0.3810164137543702,20.842404555297264
axis:f_maint,0.15000000000000002,2.276372660933952,50.0,0.0010402373806297897,6.902164364844902
axis:f_maint,0.2,2.242902562704889,15.0,0.0,
axis:f_maint,0.2,2.242902562704889,20.0,0.11744133066431518,5.381183219558243
axis:f_maint,0.2,2.242902562704889,25.0,0.53169386021245,11.944809396530724
axis:f_maint,0.2,2.242902562704889,27.0,0.8207078137910409,18.200176119051093
axis:f_maint,0.2,2.242902562704889,30.0,1.1850246522401922,23.32448530589773
axis:f_maint,0.2,2.242902562704889,35.0,1.5173979707918064,30.46351874596347
axis:f_maint,0.2,2.242902562704889,37.0,1.5870481926858135,34.09167449440608
axis:f_maint,0.2,2.242902562704889,40.0,1.6453919389097837,37.66164424997083
axis:f_maint,0.2,2.242902562704889,43.0,1.6064159621035388,36.960273962162375
axis:f_maint,0.2,2.242902562704889,45.0,1.399467631552064,44.17748435915713
axis:f_maint,0.2,2.242902562704889,47.0,0.3809802375066549,20.86888479422097
axis:f_maint,0.2,2.242902562704889,50.0,0.0010401455305430547,6.935726842145932
axis:f_maint,0.25,2.207434047757348,15.0,0.0,
axis:f_maint,0.25,2.207434047757348,20.0,0.11721592694428624,5.385728862916908
axis:f_maint,0.25,2.207434047757348,25.0,0.5314813746978979,11.94788754766166
axis:f_maint,0.25,2.207434047757348,27.0,0.8204819520218783,18.20332141846809
axis:f_maint,0.25,2.207434047757348,30.0,1.1821047915315646,23.290910887875384
axis:f_maint,0.25,2.207434047757348,35.0,1.5150362647037172,30.367034929616366
axis:f_maint,0.25,2.207434047757348,37.0,1.5844633615125823,33.984820880528716
axis:f_maint,0.25,2.207434047757348,40.0,1.6426886150239253,37.53963438145878
axis:f_maint,0.25,2.207434047757348,43.0,1.603783216922604,36.84905180444771
axis:f_maint,0.25,2.207434047757348,45.0,1.397115816148351,44.235190328439955
axis:f_maint,0.25,2.207434047757348,47.0,0.3809440612589473,20.89536503314498
axis:f_maint,0.25,2.207434047757348,50.0,0.0010400534153005498,6.9692891524781
axis:f_maint,0.30000000000000004,2.1699646252422733,15.0,0.0,
axis:f_maint,0.30000000000000004,2.1699646252422733,20.0,0.11699052322425633,5.3902745062755395
axis:f_maint,0.30000000000000004,2.1699646252422733,25.0,0.5312688891833492,11.950965698792603
axis:f_maint,0.30000000000000004,2.1699646252422733,27.0,0.8202560902527084,18.206466717885014
axis:f_maint,0.30000000000000004,2.1699646252422733,30.0,1.1791849308229403,23.257336469853023
axis:f_maint,0.30000000000000004,2.1699646252422733,35.0,1.512674558615632,30.270551113269093
axis:f_maint,0.30000000000000004,2.1699646252422733,37.0,1.5818785303393565,33.87796726665109
axis:f_maint,0.30000000000000004,2.1699646252422733,40.0,1.6399852911380743,37.417624512946595
axis:f_maint,0.30000000000000004,2.1699646252422733,43.0,1.6011504717416694,36.737829646732976
axis:f_maint,0.30000000000000004,2.1699646252422733,45.0,1.3947640007446427,44.29289629772289
axis:f_maint,0.30000000000000004,2.1699646252422733,47.0,0.38090788501124945,20.921845272069366
axis:f_maint,0.30000000000000004,2.1699646252422733,50.0,0.0010399613000582411,7.002851462810276
axis:f_maint,0.35000000000000003,2.1304918691867547,15.0,0.0,
axis:f_maint,0.35000000000000003,2.1304918691867547,20.0,0.11676511950422719,5.394820149634192
axis:f_maint,0.35000000000000003,2.1304918691867547,25.0,0.531056403668799,11.95404384992355
axis:f_maint,0.35000000000000003,2.1304918691867547,27.0,0.8200302284835423,18.209612017301993
axis:f_maint,0.35000000000000003,2.1304918691867547,30.0,1.176265070114312,23.223762051830672
axis:f_maint,0.35000000000000003,2.1304918691867547,35.0,1.510312852527542,30.17406729692192
axis:f_maint,0.35000000000000003,2.1304918691867547,37.0,1.5792936991661237,33.77111365277364
axis:f_maint,0.35000000000000003,2.1304918691867547,40.0,1.6372819672522172,37.295614644434494
axis:f_maint,0.35000000000000003,2.1304918691867547,43.0,1.5985177265607338,36.62660748901825
axis:f_maint,0.35000000000000003,2.1304918691867547,45.0,1.3924121853409326,44.35060226700557
axis:f_maint,0.35000000000000003,2.1304918691867547,47.0,0.38087170876352283,20.948325510992625
axis:f_maint,0.35000000000000003,2.1304918691867547,50.0,0.0010398689197679736,7.036413606233369
axis:f_maint,0.4,2.0888123558277027,15.0,0.0,
axis:f_maint,0.4,2.0888123558277027,20.0,0.11653971578419903,5.3993657929928816
axis:f_maint,0.4,2.0888123558277027,25.0,0.5308439181542491,11.957122001054499
axis:f_maint,0.4,2.0888123558277027,27.0,0.8198043667143761,18.212757316718953
axis:f_maint,0.4,2.0888123558277027,30.0,1.1733452094056875,23.190187633808307
axis:f_maint,0.4,2.0888123558277027,35.0,1.5079511464394553,30.077583480574745
axis:f_maint,0.4,2.0888123558277027,37.0,1.576708861723011,33.66425973356575
axis:f_maint,0.4,2.0888123558277027,40.0,1.6345699857075937,37.17627437061334
axis:f_maint,0.4,2.0888123558277027,43.0,1.5958795645593846,36.51530143554789
axis:f_maint,0.4,2.0888123558277027,45.0,1.3900593340953522,44.40844143404725
axis:f_maint,0.4,2.0888123558277027,47.0,0.38083553251582103,20.97480574991686
axis:f_maint,0.4,2.0888123558277027,50.0,0.0010397768043228456,7.069975916569728
axis:f_maint,0.45,2.044593038509333,15.0,0.0,
axis:f_maint,0.45,2.044593038509333,20.0,0.11631431206416824,5.403911436351486
axis:f_maint,0.45,2.044593038509333,25.0,0.5306314326397001,11.960200152185449
axis:f_maint,0.45,2.044593038509333,27.0,0.8195785049452119,18.21590261613593
axis:f_maint,0.45,2.044593038509333,30.0,1.1704253486970593,23.156613215785963
axis:f_maint,0.45,2.044593038509333,35.0,1.5055894403513663,29.981099664227568
axis:f_maint,0.45,2.044593038509333,37.0,1.5741231478267126,33.55736313290022
axis:f_maint,0.45,2.044593038509333,40.0,1.631856383645194,37.057433784494286
axis:f_maint,0.45,2.044593038509333,43.0,1.5932277551352227,36.40138023294744
axis:f_maint,0.45,2.044593038509333,45.0,1.387706313265056,44.46630240779977
axis:f_maint,0.45,2.044593038509333,47.0,0.3807993533951774,21.000762392277345
axis:f_maint,0.45,2.044593038509333,50.0,0.001039684685102515,7.103538226729257
axis:f_maint,0.5,1.9973148400863145,15.0,0.0,
axis:f_maint,0.5,1.9973148400863145,20.0,0.11608890834413894,5.4084570797101374
axis:f_maint,0.5,1.9973148400863145,25.0,0.5304189471251495,11.963278303316388
axis:f_maint,0.5,1.9973148400863145,27.0,0.8192064834052055,18.21707321335633
axis:f_maint,0.5,1.9973148400863145,30.0,1.1675054879884348,23.123038797763602
axis:f_maint,0.5,1.9973148400863145,35.0,1.5032277342632787,29.884615847880397
axis:f_maint,0.5,1.9973148400863145,37.0,1.5715374339304111,33.45046653223481
axis:f_maint,0.5,1.9973148400863145,40.0,1.6291427815828317,36.93859319837511
axis:f_maint,0.5,1.9973148400863145,43.0,1.5905528021397526,36.285800620325126
axis:f_maint,0.5,1.9973148400863145,45.0,1.3853532924347773,44.5241633815526
axis:f_maint,0.5,1.9973148400863145,47.0,0.3807631366942501,21.01986989791329
axis:f_maint,0.5,1.9973148400863145,50.0,0.001039592574110975,7.137100537274225
axis:f_maint,0.55,1.9622294580043578,15.0,0.0,
axis:f_maint,0.55,1.9622294580043578,20.0,0.11586350462410967,5.41300272306878
axis:f_maint,0.55,1.9622294580043578,25.0,0.5302064616106006,11.966356454447345
axis:f_maint,0.55,1.9622294580043578,27.0,0.8170690990748656,18.19439274841519
axis:f_maint,0.55,1.9622294580043578,30.0,1.1645856272798083,23.089464379741255
axis:f_maint,0.55,1.9622294580043578,35.0,1.5008660281751949,29.788132031533163
axis:f_maint,0.55,1.9622294580043578,37.0,1.5689517200341103,33.34356993156932
axis:f_maint,0.55,1.9622294580043578,40.0,1.6264290219745592,36.82035726270131
axis:f_maint,0.55,1.9622294580043578,43.0,1.5877219776747655,36.166321504178526
axis:f_maint,0.55,1.9622294580043578,45.0,1.3829991197228446,44.57616363443969
axis:f_maint,0.55,1.9622294580043578,47.0,0.38072691999330915,21.038977403548866
axis:f_maint,0.55,1.9622294580043578,50.0,0.0010395004588920078,7.170662847621173
axis:f_maint,0.6000000000000001,1.9132853453227798,15.0,0.0,
axis:f_maint,0.6000000000000001,1.9132853453227798,20.0,0.1156381009040823,5.41754836642749
axis:f_maint,0.6000000000000001,1.9132853453227798,25.0,0.5299939760960513,11.969434605578286
axis:f_maint,0.6000000000000001,1.9132853453227798,27.0,0.814931714744527,18.17171228347407
axis:f_maint,0.6000000000000001,1.9132853453227798,30.0,1.1616657665711811,23.055889961718908
axis:f_maint,0.6000000000000001,1.9132853453227798,35.0,1.498504322087106,29.69164821518603
axis:f_maint,0.6000000000000001,1.9132853453227798,37.0,1.5663660061378135,33.236673330903734
axis:f_maint,0.6000000000000001,1.9132853453227798,40.0,1.6237145596049596,36.70481847737975
axis:f_maint,0.6000000000000001,1.9132853453227798,43.0,1.5848911532097831,36.04684238803199
axis:f_maint,0.6000000000000001,1.9132853453227798,45.0,1.380628265210705,44.54328765401385
axis:f_maint,0.6000000000000001,1.9132853453227798,47.0,0.38069070329238086,21.058084909184785
axis:f_maint,0.6000000000000001,1.9132853453227798,50.0,0.001039408343613206,7.20422515796537
axis:f_maint,0.65,1.8543204789730354,15.0,0.0,
axis:f_maint,0.65,1.8543204789730354,20.0,0.11541269718405099,5.422094009786086
axis:f_maint,0.65,1.8543204789730354,25.0,0.5297814905814999,11.972512756709238
axis:f_maint,0.65,1.8543204789730354,27.0,0.8127943304141863,18.149031818532926
axis:f_maint,0.65,1.8543204789730354,30.0,1.1587459058625575,23.02231554369655
axis:f_maint,0.65,1.8543204789730354,35.0,1.4961426159990199,29.595164398838783
axis:f_maint,0.65,1.8543204789730354,37.0,1.5637802922415105,33.12977673023837
axis:f_maint,0.65,1.8543204789730354,40.0,1.621000097235362,36.58927969205825
axis:f_maint,0.65,1.8543204789730354,43.0,1.5820603287448034,35.92736327188526
axis:f_maint,0.65,1.8543204789730354,45.0,1.3782264654582974,44.45273187889711
axis:f_maint,0.65,1.8543204789730354,47.0,0.3806544865884083,21.07719241473984
axis:f_maint,0.65,1.8543204789730354,50.0,0.0010393162284538502,7.237787468315073
axis:f_maint,0.7000000000000001,1.7898667151114847,15.0,0.0,
axis:f_maint,0.7000000000000001,1.7898667151114847,20.0,0.11518729346402179,5.426639653144729
axis:f_maint,0.7000000000000001,1.7898667151114847,25.0,0.5295690050669511,11.975590907840191
axis:f_maint,0.7000000000000001,1.7898667151114847,27.0,0.8106569460838468,18.12635135359179
axis:f_maint,0.7000000000000001,1.7898667151114847,30.0,1.1558260451539302,22.988741125674196
axis:f_maint,0.7000000000000001,1.7898667151114847,35.0,1.4937809099109305,29.498680582491616
axis:f_maint,0.7000000000000001,1.7898667151114847,37.0,1.5611945783452128,33.022880129572805
axis:f_maint,0.7000000000000001,1.7898667151114847,40.0,1.618285634865757,36.473740906736744
axis:f_maint,0.7000000000000001,1.7898667151114847,43.0,1.5792295042798172,35.8078841557387
axis:f_maint,0.7000000000000001,1.7898667151114847,45.0,1.3758122647472628,44.33943311574118
axis:f_maint,0.7000000000000001,1.7898667151114847,47.0,0.380618269887454,21.096299920375063
axis:f_maint,0.7000000000000001,1.7898667151114847,50.0,0.0010392241132348217,7.271349778662027
axis:f_maint,0.75,1.6262395703279298,15.0,0.0,
axis:f_maint,0.75,1.6262395703279298,20.0,0.11496188974399217,5.431185296503375
axis:f_maint,0.75,1.6262395703279298,25.0,0.5293565195524005,11.97866905897112
axis:f_maint,0.75,1.6262395703279298,27.0,0.8085195617535071,18.103670888650655
axis:f_maint,0.75,1.6262395703279298,30.0,1.1529061844453021,22.955166707651838
axis:f_maint,0.75,1.6262395703279298,35.0,1.4914192038228473,29.40219676614439
axis:f_maint,0.75,1.6262395703279298,37.0,1.558608864448912,32.9159835289074
axis:f_maint,0.75,1.6262395703279298,40.0,1.6155711724961725,36.3582021214152
axis:f_maint,0.75,1.6262395703279298,43.0,1.5763986798148302,35.68840503959213
axis:f_maint,0.75,1.6262395703279298,45.0,1.3733827237485634,44.25297988158089
axis:f_maint,0.75,1.6262395703279298,47.0,0.3805820531895342,21.11540742609091
axis:f_maint,0.75,1.6262395703279298,50.0,0.001039107052381798,7.510526409195721
axis:f_maint,0.8,1.6638232308368255,15.0,0.0,
axis:f_maint,0.8,1.6638232308368255,20.0,0.11473648602396372,5.4357309398620535
axis:f_maint,0.8,1.6638232308368255,25.0,0.529144034037852,11.981747210102075
axis:f_maint,0.8,1.6638232308368255,27.0,0.8063793811891492,18.08093491311507
axis:f_maint,0.8,1.6638232308368255,30.0,1.149986323736676,22.92159228962949
axis:f_maint,0.8,1.6638232308368255,35.0,1.4890574977347573,29.305712949797126
axis:f_maint,0.8,1.6638232308368255,37.0,1.556023150552611,32.80908692824195
axis:f_maint,0.8,1.6638232308368255,40.0,1.6128567101265816,36.242663336093734
axis:f_maint,0.8,1.6638232308368255,43.0,1.5735678553498498,35.568925923445526
axis:f_maint,0.8,1.6638232308368255,45.0,1.3709432634614522,44.18388541864996
axis:f_maint,0.8,1.6638232308368255,47.0,0.38054583648858636,21.134514931726315
axis:f_maint,0.8,1.6638232308368255,50.0,0.0010390399614943326,7.338474599865786
axis:f_maint,0.8500000000000001,1.598484084180103,15.0,0.0,
axis:f_maint,0.8500000000000001,1.598484084180103,20.0,0.11451108230393349,5.440276583220672
axis:f_maint,0.8500000000000001,1.598484084180103,25.0,0.5289315485233026,11.98482536123303
axis:f_maint,0.8500000000000001,1.598484084180103,27.0,0.8042369167992673,18.05815359927393
axis:f_maint,0.8500000000000001,1.598484084180103,30.0,1.1470664630280505,22.888017871607136
axis:f_maint,0.8500000000000001,1.598484084180103,35.0,1.4866957916466679,29.20922913345003
axis:f_maint,0.8500000000000001,1.598484084180103,37.0,1.5534374366563124,32.702190327576524
axis:f_maint,0.8500000000000001,1.598484084180103,40.0,1.6101422477570013,36.1271245507722
axis:f_maint,0.8500000000000001,1.598484084180103,43.0,1.5707370308848647,35.449446807298926
axis:f_maint,0.8500000000000001,1.598484084180103,45.0,1.368503803174329,44.11479095571881
axis:f_maint,0.8500000000000001,1.598484084180103,47.0,0.380509619787665,21.153622437362415
axis:f_maint,0.8500000000000001,1.598484084180103,50.0,0.0010389480449152044,7.37203684617912
axis:f_maint,0.9,1.4584477844699302,15.0,0.0,
axis:f_maint,0.9,1.4584477844699302,20.0,0.11428567858390418,5.44482222657932
axis:f_maint,0.9,1.4584477844699302,25.0,0.5287190630087516,11.98790351236396
axis:f_maint,0.9,1.4584477844699302,27.0,0.8020944524093886,18.0353722854328
axis:f_maint,0.9,1.4584477844699302,30.0,1.1441466023194224,22.85444345358477
axis:f_maint,0.9,1.4584477844699302,35.0,1.4843340855585827,29.112745317102842
axis:f_maint,0.9,1.4584477844699302,37.0,1.5508517227600125,32.595293726911024
axis:f_maint,0.9,1.4584477844699302,40.0,1.607427785387401,36.0115857654507
axis:f_maint,0.9,1.4584477844699302,43.0,1.56790620641988,35.3299676911524
axis:f_maint,0.9,1.4584477844699302,45.0,1.3660643428872161,44.045696492787734
axis:f_maint,0.9,1.4584477844699302,47.0,0.38047340308669997,21.172729942997357
axis:f_maint,0.9,1.4584477844699302,50.0,0.0010388381713386308,7.551971341043347
axis:f_maint,0.9500000000000001,1.460599980692458,15.0,0.0,
axis:f_maint,0.9500000000000001,1.460599980692458,20.0,0.1140602748638749,5.449367869937966
axis:f_maint,0.9500000000000001,1.460599980692458,25.0,0.5285065774942009,11.990981663494898
axis:f_maint,0.9500000000000001,1.460599980692458,27.0,0.7999519880195105,18.01259097159168
axis:f_maint,0.9500000000000001,1.460599980692458,30.0,1.1412267416107937,22.820869035562403
axis:f_maint,0.9500000000000001,1.460599980692458,35.0,1.4819723794704902,29.016261500755768
axis:f_maint,0.9500000000000001,1.460599980692458,37.0,1.5482660088637128,32.4883971262455
axis:f_maint,0.9500000000000001,1.460599980692458,40.0,1.604713323017805,35.8960469801292
axis:f_maint,0.9500000000000001,1.460599980692458,43.0,1.5650753819549033,35.21048857500564
axis:f_maint,0.9500000000000001,1.460599980692458,45.0,1.3636248826001043,43.9766020298568
axis:f_maint,0.9500000000000001,1.460599980692458,47.0,0.38043718638575225,21.191837448632764
axis:f_maint,0.9500000000000001,1.460599980692458,50.0,0.0010387635371322827,7.439161330396437
axis:f_maint,1.0,1.388045945351386,15.0,0.0,
axis:f_maint,1.0,1.388045945351386,20.0,0.11383487114384619,5.4539135132966345
axis:f_maint,1.0,1.388045945351386,25.0,0.5282940919796517,11.994059814625848
axis:f_maint,1.0,1.388045945351386,27.0,0.7978095236296283,17.989809657750527
axis:f_maint,1.0,1.388045945351386,30.0,1.1383068809021677,22.787294617540052
axis:f_maint,1.0,1.388045945351386,35.0,1.4796106733824006,28.919777684408547
axis:f_maint,1.0,1.388045945351386,37.0,1.5456802949674135,32.38150052558011
axis:f_maint,1.0,1.388045945351386,40.0,1.601998860648223,35.78050819480766
axis:f_maint,1.0,1.388045945351386,43.0,1.5622445574899115,35.09100945885918
axis:f_maint,1.0,1.388045945351386,45.0,1.3611854223129836,43.90750756692561
axis:f_maint,1.0,1.388045945351386,47.0,0.3804009696848374,21.21094495426903
axis:f_maint,1.0,1.388045945351386,50.0,0.0010386714219250898,7.472723637034396
axis:ngam_scale,-1.0,-18.98264214236477,15.0,0.015156176953024944,0.4910386966216552
axis:ngam_scale,-1.0,-18.98264214236477,20.0,0.13722410414292963,4.982230474381851
axis:ngam_scale,-1.0,-18.98264214236477,25.0,0.5503177553503634,11.672647836321028
axis:ngam_scale,-1.0,-18.98264214236477,27.0,0.8405307883910571,17.92412590177803
axis:ngam_scale,-1.0,-18.98264214236477,30.0,1.2090659929474505,23.041067684936632
axis:ngam_scale,-1.0,-18.98264214236477,35.0,1.5425355392675248,30.097504417055116
axis:ngam_scale,-1.0,-18.98264214236477,37.0,1.6122369070900722,33.666050439284135
axis:ngam_scale,-1.0,-18.98264214236477,40.0,1.6711189404273532,37.23740480247091
axis:ngam_scale,-1.0,-18.98264214236477,43.0,1.6310984014841168,36.32833759000955
axis:ngam_scale,-1.0,-18.98264214236477,45.0,1.4272457077716978,43.49589990718912
axis:ngam_scale,-1.0,-18.98264214236477,47.0,0.38333500833410344,19.175850880186164
axis:ngam_scale,-1.0,-18.98264214236477,50.0,0.001047908765894974,4.244426886918196
axis:ngam_scale,-0.9500000000000001,-18.826360769653345,15.0,0.014377062920980949,0.49326117315692786
axis:ngam_scale,-0.9500000000000001,-18.826360769653345,20.0,0.1364470306886457,4.997901461471918
axis:ngam_scale,-0.9500000000000001,-18.826360769653345,25.0,0.5495872292049157,11.683424844698122
axis:ngam_scale,-0.9500000000000001,-18.826360769653345,27.0,0.8397521358243072,17.934969239600406
axis:ngam_scale,-0.9500000000000001,-18.826360769653345,30.0,1.2085572263571287,23.05825918640007
axis:ngam_scale,-0.9500000000000001,-18.826360769653345,35.0,1.5418892303475442,30.12846951327413
axis:ngam_scale,-0.9500000000000001,-18.826360769653345,37.0,1.611617375106629,33.70096010165018
axis:ngam_scale,-0.9500000000000001,-18.826360769653345,40.0,1.6705051515564484,37.27495057748992
axis:ngam_scale,-0.9500000000000001,-18.826360769653345,43.0,1.630515983683644,36.37265542783653
axis:ngam_scale,-0.9500000000000001,-18.826360769653345,45.0,1.4264896380480885,43.51445142112932
axis:ngam_scale,-0.9500000000000001,-18.826360769653345,47.0,0.38324664736688113,19.2595467108574
axis:ngam_scale,-0.9500000000000001,-18.826360769653345,50.0,0.0010476129736391399,4.360133117829986
axis:ngam_scale,-0.9,-18.674266480622016,15.0,0.013582365292491096,0.4955281029763319
axis:ngam_scale,-0.9,-18.674266480622016,20.0,0.1356544144529193,5.013885894769757
axis:ngam_scale,-0.9,-18.674266480622016,25.0,0.5488420913028117,11.694417411443514
axis:ngam_scale,-0.9,-18.674266480622016,27.0,0.8389579088911923,17.946029462491946
axis:ngam_scale,-0.9,-18.674266480622016,30.0,1.208038283575772,23.075794546926602
axis:ngam_scale,-0.9,-18.674266480622016,35.0,1.541229994157638,30.160053963712883
axis:ngam_scale,-0.9,-18.674266480622016,37.0,1.6109854514372215,33.73656801622067
axis:ngam_scale,-0.9,-18.674266480622016,40.0,1.6698790858715404,37.3132473314183
axis:ngam_scale,-0.9,-18.674266480622016,43.0,1.6299219165435146,36.41785969726559
axis:ngam_scale,-0.9,-18.674266480622016,45.0,1.4257184456531182,43.53337399667877
axis:ngam_scale,-0.9,-18.674266480622016,47.0,0.3831565190311027,19.344916599492162
axis:ngam_scale,-0.9,-18.674266480622016,50.0,0.001047311265039019,4.478153668770245
axis:ngam_scale,-0.8500000000000001,-18.526275046217606,15.0,0.012771772369059083,0.49784037522133406
axis:ngam_scale,-0.8500000000000001,-18.526275046217606,20.0,0.1348459445498667,5.0301900435917934
axis:ngam_scale,-0.8500000000000001,-18.526275046217606,25.0,0.5480820493613396,11.705629847646907
axis:ngam_scale,-0.8500000000000001,-18.526275046217606,27.0,0.8381477960408314,17.957310908016954
axis:ngam_scale,-0.8500000000000001,-18.526275046217606,30.0,1.2075089610234218,23.093680643736455
axis:ngam_scale,-0.8500000000000001,-18.526275046217606,35.0,1.540557572103723,30.19227015519357
axis:ngam_scale,-0.8500000000000001,-18.526275046217606,37.0,1.6103408881974275,33.77288814774451
axis:ngam_scale,-0.8500000000000001,-18.526275046217606,40.0,1.6692404977781548,37.352310083132615
axis:ngam_scale,-0.8500000000000001,-18.526275046217606,43.0,1.6293159670270143,36.46396812690087
axis:ngam_scale,-0.8500000000000001,-18.526275046217606,45.0,1.4249318280891818,43.55267505615404
axis:ngam_scale,-0.8500000000000001,-18.526275046217606,47.0,0.383064587976423,19.431994030077362
axis:ngam_scale,-0.8500000000000001,-18.526275046217606,50.0,0.0010470035217571652,4.59853483004805
axis:ngam_scale,-0.8,-18.382309772257624,15.0,0.011944966218693117,0.5001988968148767
axis:ngam_scale,-0.8,-18.382309772257624,20.0,0.13402130389145586,5.046820303202258
axis:ngam_scale,-0.8,-18.382309772257624,25.0,0.5473068053437051,11.717066552402638
axis:ngam_scale,-0.8,-18.382309772257624,27.0,0.8373214796405651,17.968818002521992
axis:ngam_scale,-0.8,-18.382309772257624,30.0,1.2069690512047617,23.111924493783793
axis:ngam_scale,-0.8,-18.382309772257624,35.0,1.5398717005273717,30.22513072755474
axis:ngam_scale,-0.8,-18.382309772257624,37.0,1.6096834326644163,33.80993474621627
axis:ngam_scale,-0.8,-18.382309772257624,40.0,1.6685891369200607,37.392154159831875
axis:ngam_scale,-0.8,-18.382309772257624,43.0,1.6286978975580317,36.51099880608107
axis:ngam_scale,-0.8,-18.382309772257624,45.0,1.4241294768831436,43.572362168491416
axis:ngam_scale,-0.8,-18.382309772257624,47.0,0.38297081814540757,19.52081315633528
axis:ngam_scale,-0.8,-18.382309772257624,50.0,0.001046689635701762,4.721323787345071
axis:ngam_scale,-0.75,-18.24230123161876,15.0,0.01110162254871623,0.5026045928242
axis:ngam_scale,-0.75,-18.24230123161876,20.0,0.1331801690231012,5.063783195951146
axis:ngam_scale,-0.75,-18.24230123161876,25.0,0.546516055113085,11.72873201011781
axis:ngam_scale,-0.75,-18.24230123161876,27.0,0.8364786354787737,17.980555257837413
axis:ngam_scale,-0.75,-18.24230123161876,30.0,1.206418342238171,23.130533251090537
axis:ngam_scale,-0.75,-18.24230123161876,35.0,1.5391721103337637,30.258648565525277
axis:ngam_scale,-0.75,-18.24230123161876,37.0,1.6090128268800326,33.84772233771969
axis:ngam_scale,-0.75,-18.24230123161876,40.0,1.6679247477065389,37.432795183346435
axis:ngam_scale,-0.75,-18.24230123161876,43.0,1.6280674656249337,36.55897017671616
axis:ngam_scale,-0.75,-18.24230123161876,45.0,1.4233110772789388,43.5924430567903
axis:ngam_scale,-0.75,-18.24230123161876,47.0,0.3828751727594165,19.611408815120615
axis:ngam_scale,-0.75,-18.24230123161876,50.0,0.001046369445919219,4.846568792793775
axis:ngam_scale,-0.7000000000000001,-18.107745876264698,15.0,0.010241410580861206,0.5050584068171315
axis:ngam_scale,-0.7000000000000001,-18.107745876264698,20.0,0.13232221003290356,5.0810853750683265
axis:ngam_scale,-0.7000000000000001,-18.107745876264698,25.0,0.5457094885195981,11.740630796248752
axis:ngam_scale,-0.7000000000000001,-18.107745876264698,27.0,0.8356189329731579,17.992527277579654
axis:ngam_scale,-0.7000000000000001,-18.107745876264698,30.0,1.2058566181232895,23.149514214429743
axis:ngam_scale,-0.7000000000000001,-18.107745876264698,35.0,1.538458527127949,30.292836815555297
axis:ngam_scale,-0.7000000000000001,-18.107745876264698,37.0,1.6083288078178555,33.886265743407826
axis:ngam_scale,-0.7000000000000001,-18.107745876264698,40.0,1.667247069549526,37.47424909400971
axis:ngam_scale,-0.7000000000000001,-18.107745876264698,43.0,1.627424423958392,36.60790105426523
axis:ngam_scale,-0.7000000000000001,-18.107745876264698,45.0,1.422476308281859,43.61292559722593
axis:ngam_scale,-0.7000000000000001,-18.107745876264698,47.0,0.38277760949787054,19.699725812670426
axis:ngam_scale,-0.7000000000000001,-18.107745876264698,50.0,0.0010460426018147327,4.9743187185415065
axis:ngam_scale,-0.65,-17.986275023938934,15.0,0.009363992921102545,0.5075613012334121
axis:ngam_scale,-0.65,-17.986275023938934,20.0,0.1314470904179721,5.09873362712663
axis:ngam_scale,-0.65,-17.986275023938934,25.0,0.5448867892553633,11.752767578646736
axis:ngam_scale,-0.65,-17.986275023938934,27.0,0.8347420350034512,18.0047387584481
axis:ngam_scale,-0.65,-17.986275023938934,30.0,1.205283658617133,23.168874829643812
axis:ngam_scale,-0.65,-17.986275023938934,35.0,1.5377306710802623,30.32770888965787
axis:ngam_scale,-0.65,-17.986275023938934,37.0,1.6076311072494551,33.92558008379982
axis:ngam_scale,-0.65,-17.986275023938934,40.0,1.6665558367228868,37.51653215489696
axis:ngam_scale,-0.65,-17.986275023938934,43.0,1.626768520403268,36.65781063355104
axis:ngam_scale,-0.65,-17.986275023938934,45.0,1.4216248425140585,43.633817822595496
axis:ngam_scale,-0.65,-17.986275023938934,47.0,0.38267806594948056,19.765229574074155
axis:ngam_scale,-0.65,-17.986275023938934,50.0,0.0010457097512327309,5.104624182174019
axis:ngam_scale,-0.6000000000000001,-17.868539124924727,15.0,0.008469025426488924,0.5101142577645538
axis:ngam_scale,-0.6000000000000001,-17.868539124924727,20.0,0.1305544669366733,5.11673487416396
axis:ngam_scale,-0.6000000000000001,-17.868539124924727,25.0,0.5440476346391648,11.76514711762829
axis:ngam_scale,-0.6000000000000001,-17.868539124924727,27.0,0.8338475976304767,18.01719449005812
axis:ngam_scale,-0.6000000000000001,-17.868539124924727,30.0,1.2046992389920754,23.18862269039979
axis:ngam_scale,-0.6000000000000001,-17.868539124924727,35.0,1.5369882567091908,30.363278465441145
axis:ngam_scale,-0.6000000000000001,-17.868539124924727,37.0,1.6069194515207623,33.965680778850114
axis:ngam_scale,-0.6000000000000001,-17.868539124924727,40.0,1.6658507781093677,37.55966095036056
axis:ngam_scale,-0.6000000000000001,-17.868539124924727,43.0,1.626099497699262,36.70871849022007
axis:ngam_scale,-0.6000000000000001,-17.868539124924727,45.0,1.4207563460114931,43.65512792730026
axis:ngam_scale,-0.6000000000000001,-17.868539124924727,47.0,0.38257653136507197,19.832043521397708
axis:ngam_scale,-0.6000000000000001,-17.868539124924727,50.0,0.0010453699749702384,5.237535811733255
axis:ngam_scale,-0.55,-17.754488130788538,15.0,0.0075561570701858545,0.5127182777388247
axis:ngam_scale,-0.55,-17.754488130788538,20.0,0.1296439894704154,5.135096176275448
axis:ngam_scale,-0.55,-17.754488130788538,25.0,0.5431916954902141,11.77777426784875
axis:ngam_scale,-0.55,-17.754488130788538,27.0,0.8329352699616217,18.029899356824775
axis:ngam_scale,-0.55,-17.754488130788538,30.0,1.2041031299478666,23.208765541170443
axis:ngam_scale,-0.55,-17.754488130788538,35.0,1.536230992769525,30.39955949147985
axis:ngam_scale,-0.55,-17.754488130788538,37.0,1.606193561445558,34.00658355403756
axis:ngam_scale,-0.55,-17.754488130788538,40.0,1.6651316170949937,37.60365239257877
axis:ngam_scale,-0.55,-17.754488130788538,43.0,1.625417093380689,36.76064458845644
axis:ngam_scale,-0.55,-17.754488130788538,45.0,1.4198704780931415,43.676864270554226
axis:ngam_scale,-0.55,-17.754488130788538,47.0,0.3824729659143788,19.900193860439224
axis:ngam_scale,-0.55,-17.754488130788538,50.0,0.0010450234151999412,5.373105867887951
axis:ngam_scale,-0.5,-17.644078185590402,15.0,0.006625029805358219,0.5153743825095266
axis:ngam_scale,-0.5,-17.644078185590402,20.0,0.1287153009249477,5.153824735704685
axis:ngam_scale,-0.5,-17.644078185590402,25.0,0.5423186361127337,11.790653982398965
axis:ngam_scale,-0.5,-17.644078185590402,27.0,0.8320046941986066,18.042858342383337
axis:ngam_scale,-0.5,-17.644078185590402,30.0,1.2034950977160301,23.229311282974706
axis:ngam_scale,-0.5,-17.644078185590402,35.0,1.535458582272151,30.436566199312622
axis:ngam_scale,-0.5,-17.644078185590402,37.0,1.6054531523429378,34.048304453807276
axis:ngam_scale,-0.5,-17.644078185590402,40.0,1.66439807164576,37.64852373793647
axis:ngam_scale,-0.5,-17.644078185590402,43.0,1.6247210398232623,36.81360929635269
axis:ngam_scale,-0.5,-17.644078185590402,45.0,1.4189668913203264,43.699035377382955
axis:ngam_scale,-0.5,-17.644078185590402,47.0,0.3823673289797014,19.969707321355752
axis:ngam_scale,-0.5,-17.644078185590402,50.0,0.0010446698982139616,5.511387615658705
axis:ngam_scale,-0.45,-17.537271723889457,15.0,0.005675278422441182,0.5180836138621432
axis:ngam_scale,-0.45,-17.537271723889457,20.0,0.12776803703243944,5.172927897688012
axis:ngam_scale,-0.45,-17.537271723889457,25.0,0.5414270169258928,11.803693417055104
axis:ngam_scale,-0.45,-17.537271723889457,27.0,0.8310555053487292,18.056076529538817
axis:ngam_scale,-0.45,-17.537271723889457,30.0,1.2028749038126876,23.250267974313708
axis:ngam_scale,-0.45,-17.537271723889457,35.0,1.5346707222603515,30.47431310380056
axis:ngam_scale,-0.45,-17.537271723889457,37.0,1.6046979338078198,34.09085984203261
axis:ngam_scale,-0.45,-17.537271723889457,40.0,1.6636498540486981,37.694292585982126
axis:ngam_scale,-0.45,-17.537271723889457,43.0,1.6240110640191703,36.8676333878564
axis:ngam_scale,-0.45,-17.537271723889457,45.0,1.4180452312860263,43.72164994379155
axis:ngam_scale,-0.45,-17.537271723889457,47.0,0.382259579127975,20.040611168889342
axis:ngam_scale,-0.45,-17.537271723889457,50.0,0.00104430932313493,5.6524352008491645
axis:ngam_scale,-0.4,-17.431525764258975,15.0,0.004706530408103616,0.520847034416654
axis:ngam_scale,-0.4,-17.431525764258975,20.0,0.1268018262699569,5.192413155435568
axis:ngam_scale,-0.4,-17.431525764258975,25.0,0.5405166911354298,11.816915792154067
axis:ngam_scale,-0.4,-17.431525764258975,27.0,0.8300873311188215,18.069559102760927
axis:ngam_scale,-0.4,-17.431525764258975,30.0,1.2022423049838649,23.271643834872116
axis:ngam_scale,-0.4,-17.431525764258975,35.0,1.5338671037177414,30.512815010127127
axis:ngam_scale,-0.4,-17.431525764258975,37.0,1.6039276096265542,34.13426640989208
axis:ngam_scale,-0.4,-17.431525764258975,40.0,1.662886670836077,37.74097688828524
axis:ngam_scale,-0.4,-17.431525764258975,43.0,1.6232868874999422,36.922738052428464
axis:ngam_scale,-0.4,-17.431525764258975,45.0,1.4171051364945146,43.74471683972076
axis:ngam_scale,-0.4,-17.431525764258975,47.0,0.3821496740971894,20.112933213118268
axis:ngam_scale,-0.4,-17.431525764258975,50.0,0.001043940992506138,5.7881747768810605
axis:ngam_scale,-0.35000000000000003,-17.284651033834663,15.0,0.003718405797298546,0.5236657280495731
axis:ngam_scale,-0.35000000000000003,-17.284651033834663,20.0,0.12581628965657488,5.212288151113348
axis:ngam_scale,-0.35000000000000003,-17.284651033834663,25.0,0.5395881572917564,11.83040263708559
axis:ngam_scale,-0.35000000000000003,-17.284651033834663,27.0,0.8290997917692141,18.083311350217485
axis:ngam_scale,-0.35000000000000003,-17.284651033834663,30.0,1.2015970531101003,23.293447248742297
axis:ngam_scale,-0.35000000000000003,-17.284651033834663,35.0,1.5330474114470896,30.55208701960396
axis:ngam_scale,-0.35000000000000003,-17.284651033834663,37.0,1.6031418776607,34.1785411824158
axis:ngam_scale,-0.35000000000000003,-17.284651033834663,40.0,1.6621082226702946,37.788594955477166
axis:ngam_scale,-0.35000000000000003,-17.284651033834663,43.0,1.6225482262273285,36.97894490335566
axis:ngam_scale,-0.35000000000000003,-17.284651033834663,45.0,1.416146238219474,43.76824511252555
axis:ngam_scale,-0.35000000000000003,-17.284651033834663,47.0,0.38203757078022604,20.186701820373816
axis:ngam_scale,-0.35000000000000003,-17.284651033834663,50.0,0.0010435560389124578,5.788174695710131
axis:ngam_scale,-0.30000000000000004,-17.16399548410284,15.0,0.0027105170254324686,0.526540800315647
axis:ngam_scale,-0.30000000000000004,-17.16399548410284,20.0,0.12481104064650092,5.232560680270426
axis:ngam_scale,-0.30000000000000004,-17.16399548410284,25.0,0.5386410512030563,11.84415924169297
axis:ngam_scale,-0.30000000000000004,-17.16399548410284,27.0,0.8280924999648115,18.097338665848625
axis:ngam_scale,-0.30000000000000004,-17.16399548410284,30.0,1.20093889510913,23.315686767712528
axis:ngam_scale,-0.30000000000000004,-17.16399548410284,35.0,1.5322113239466861,30.59214453559493
axis:ngam_scale,-0.30000000000000004,-17.16399548410284,37.0,1.6023404297285457,34.22370152516333
axis:ngam_scale,-0.30000000000000004,-17.16399548410284,40.0,1.6613142042265143,37.83716546443257
axis:ngam_scale,-0.30000000000000004,-17.16399548410284,43.0,1.621791547015879,37.03697538211129
axis:ngam_scale,-0.30000000000000004,-17.16399548410284,45.0,1.415168160359512,43.79224399052175
axis:ngam_scale,-0.30000000000000004,-17.16399548410284,47.0,0.3819232252076548,20.26194592435963
axis:ngam_scale,-0.30000000000000004,-17.16399548410284,50.0,0.0010431572934773725,5.838386951524625
axis:ngam_scale,-0.25,-16.69228899886563,15.0,0.001681319801106526,0.539170596163549
axis:ngam_scale,-0.25,-16.69228899886563,20.0,0.12378568495851562,5.2532386942479405
axis:ngam_scale,-0.25,-16.69228899886563,25.0,0.5376746106034082,11.858169826681225
axis:ngam_scale,-0.25,-16.69228899886563,27.0,0.8270650606231599,18.111646551482412
axis:ngam_scale,-0.25,-16.69228899886563,30.0,1.2002675728366121,23.33837111462131
axis:ngam_scale,-0.25,-16.69228899886563,35.0,1.5313585132842493,30.633003269556685
axis:ngam_scale,-0.25,-16.69228899886563,37.0,1.6015229514842269,34.26976515103479
axis:ngam_scale,-0.25,-16.69228899886563,40.0,1.660504304072897,37.886707465595194
axis:ngam_scale,-0.25,-16.69228899886563,43.0,1.6210155454423265,37.09706952854325
axis:ngam_scale,-0.25,-16.69228899886563,45.0,1.4141705192905218,43.81672288660844
axis:ngam_scale,-0.25,-16.69228899886563,47.0,0.38180659253033344,20.338695037497004
axis:ngam_scale,-0.25,-16.69228899886563,50.0,0.0010427382764278525,5.991061002102768
axis:ngam_scale,-0.2,-15.9605443594957,15.0,0.0006305779671643218,0.5601462428111069
axis:ngam_scale,-0.2,-15.9605443594957,20.0,0.12273982042509947,5.274330303426994
axis:ngam_scale,-0.2,-15.9605443594957,25.0,0.5366886860432314,11.87245232874433
axis:ngam_scale,-0.2,-15.9605443594957,27.0,0.8260170707594875,18.126240618992693
axis:ngam_scale,-0.2,-15.9605443594957,30.0,1.1995828229848813,23.361509186778687
axis:ngam_scale,-0.2,-15.9605443594957,35.0,1.5304886449683097,30.674679247201766
axis:ngam_scale,-0.2,-15.9605443594957,37.0,1.6006891222944357,34.31675012721812
axis:ngam_scale,-0.2,-15.9605443594957,40.0,1.6596782045483973,37.937240390450086
axis:ngam_scale,-0.2,-15.9605443594957,43.0,1.6202240225267572,37.158365659393766
axis:ngam_scale,-0.2,-15.9605443594957,45.0,1.4131529237152876,43.84169140195785
axis:ngam_scale,-0.2,-15.9605443594957,47.0,0.3816876270024274,20.416979262513326
axis:ngam_scale,-0.2,-15.9605443594957,50.0,0.001042310852699451,6.146788852923424
axis:ngam_scale,-0.15000000000000002,2.4391843285833374,15.0,0.0,
axis:ngam_scale,-0.15000000000000002,2.4391843285833374,20.0,0.12167303683471004,5.295843780410166
axis:ngam_scale,-0.15000000000000002,2.4391843285833374,25.0,0.535683041326774,11.887020504969675
axis:ngam_scale,-0.15000000000000002,2.4391843285833374,27.0,0.8249481193286426,18.14112659250035
axis:ngam_scale,-0.15000000000000002,2.4391843285833374,30.0,1.1988843769796735,23.38511005945589
axis:ngam_scale,-0.15000000000000002,2.4391843285833374,35.0,1.5296013778169641,30.71718881478424
axis:ngam_scale,-0.15000000000000002,2.4391843285833374,37.0,1.5998386151126254,34.364674882275615
axis:ngam_scale,-0.15000000000000002,2.4391843285833374,40.0,1.6588355816382534,37.98878405914452
axis:ngam_scale,-0.15000000000000002,2.4391843285833374,43.0,1.6194166678161153,37.220887816381115
axis:ngam_scale,-0.15000000000000002,2.4391843285833374,45.0,1.4121149745099746,43.867159329782645
axis:ngam_scale,-0.15000000000000002,2.4391843285833374,47.0,0.38156628196340314,20.496829304247743
axis:ngam_scale,-0.15000000000000002,2.4391843285833374,50.0,0.0010418748925960096,6.3056314927576995
axis:ngam_scale,-0.1,2.4173534380390427,15.0,0.0,
axis:ngam_scale,-0.1,2.4173534380390427,20.0,0.12058491577087656,5.317787563265964
axis:ngam_scale,-0.1,2.4173534380390427,25.0,0.5346572820176064,11.90188006932295
axis:ngam_scale,-0.1,2.4173534380390427,27.0,0.8238577870638851,18.15631031061828
axis:ngam_scale,-0.1,2.4173534380390427,30.0,1.1981719608747963,23.409182989444904
axis:ngam_scale,-0.1,2.4173534380390427,35.0,1.5286963638241289,30.760548645510685
axis:ngam_scale,-0.1,2.4173534380390427,37.0,1.5989710963508044,34.41355821337186
axis:ngam_scale,-0.1,2.4173534380390427,40.0,1.6579761048468644,38.041358688261965
axis:ngam_scale,-0.1,2.4173534380390427,43.0,1.6185931646477547,37.284660522098505
axis:ngam_scale,-0.1,2.4173534380390427,45.0,1.4110562645676508,43.89313665917496
axis:ngam_scale,-0.1,2.4173534380390427,47.0,0.38144250981846717,20.57827648166715
axis:ngam_scale,-0.1,2.4173534380390427,50.0,0.0010414302125481855,6.467651253649428
axis:ngam_scale,-0.05,2.3928453215085645,15.0,0.0,
axis:ngam_scale,-0.05,2.3928453215085645,20.0,0.11947503044809586,5.340170258838595
axis:ngam_scale,-0.05,2.3928453215085645,25.0,0.5336110057899055,11.917036850058834
axis:ngam_scale,-0.05,2.3928453215085645,27.0,0.8227456463124284,18.17179772874158
axis:ngam_scale,-0.05,2.3928453215085645,30.0,1.1974452952446617,23.433737418689244
axis:ngam_scale,-0.05,2.3928453215085645,35.0,1.5277732480230097,30.80477574607971
axis:ngam_scale,-0.05,2.3928453215085645,37.0,1.5980862257486406,34.463419293646545
axis:ngam_scale,-0.05,2.3928453215085645,40.0,1.657099437068084,38.094984898752685
axis:ngam_scale,-0.05,2.3928453215085645,43.0,1.6177531900252566,37.349708789632665
axis:ngam_scale,-0.05,2.3928453215085645,45.0,1.409976378638451,43.91963357902698
axis:ngam_scale,-0.05,2.3928453215085645,47.0,0.38130150578910593,20.66821428298029
axis:ngam_scale,-0.05,2.3928453215085645,50.0,0.0010409763728346508,6.632911512581851
axis:ngam_scale,0.0,2.3643166223999525,15.0,0.0,
axis:ngam_scale,0.0,2.3643166223999525,20.0,0.11834294554443316,5.36300064612367
axis:ngam_scale,0.0,2.3643166223999525,25.0,0.532543802270647,11.93249679200692
axis:ngam_scale,0.0,2.3643166223999525,27.0,0.8216112608677082,18.187594921383248
axis:ngam_scale,0.0,2.3643166223999525,30.0,1.1967040950746977,23.458782977987166
axis:ngam_scale,0.0,2.3643166223999525,35.0,1.526831668346873,30.84988746335286
axis:ngam_scale,0.0,2.3643166223999525,37.0,1.597183656240015,34.51427767973442
axis:ngam_scale,0.0,2.3643166223999525,40.0,1.6562052344532008,38.149683724019475
axis:ngam_scale,0.0,2.3643166223999525,43.0,1.6168964144917264,37.41605813237432
axis:ngam_scale,0.0,2.3643166223999525,45.0,1.4088748931669046,43.94666048202531
axis:ngam_scale,0.0,2.3643166223999525,47.0,0.3811249424975039,20.76296383852567
axis:ngam_scale,0.0,2.3643166223999525,50.0,0.0010405139908218374,6.801477600784894
axis:ngam_scale,0.05,2.3432672462546993,15.0,0.0,
axis:ngam_scale,0.05,2.3432672462546993,20.0,0.11718821703077757,5.386287679711478
axis:ngam_scale,0.05,2.3432672462546993,25.0,0.5314552528786621,11.94826595890348
axis:ngam_scale,0.05,2.3432672462546993,27.0,0.8204541857982834,18.203708084556755
axis:ngam_scale,0.05,2.3432672462546993,30.0,1.1959480696495588,23.484329490769163
axis:ngam_scale,0.05,2.3432672462546993,35.0,1.5258712554870266,30.89590149115823
axis:ngam_scale,0.05,2.3432672462546993,37.0,1.596263033816919,34.56615331943615
axis:ngam_scale,0.05,2.3432672462546993,40.0,1.6552931462758222,38.20547661816982
axis:ngam_scale,0.05,2.3432672462546993,43.0,1.61602250200054,37.483734574024346
axis:ngam_scale,0.05,2.3432672462546993,45.0,1.4077513761257063,43.974227968728
axis:ngam_scale,0.05,2.3432672462546993,47.0,0.3809396139468252,20.898620370413294
axis:ngam_scale,0.05,2.3432672462546993,50.0,0.0010400421036859103,6.973415090962066
axis:ngam_scale,0.1,2.313865100653087,15.0,0.0,
axis:ngam_scale,0.1,2.313865100653087,20.0,0.11601039199668826,5.410040493299317
axis:ngam_scale,0.1,2.313865100653087,25.0,0.5303449306604413,11.96435053576968
axis:ngam_scale,0.1,2.313865100653087,27.0,0.8192739672733494,18.22014353820645
axis:ngam_scale,0.1,2.313865100653087,30.0,1.1951769224391007,23.51038697695097
axis:ngam_scale,0.1,2.313865100653087,35.0,1.5248916327479882,30.942835877230614
axis:ngam_scale,0.1,2.313865100653087,37.0,1.5953239973905677,34.61906655954205
axis:ngam_scale,0.1,2.313865100653087,40.0,1.6543628147945337,38.262385464428746
axis:ngam_scale,0.1,2.313865100653087,43.0,1.615131109783634,37.55276465880272
axis:ngam_scale,0.1,2.313865100653087,45.0,1.406605386846208,44.00234685172187
axis:ngam_scale,0.1,2.313865100653087,47.0,0.3807505210947187,21.026525739935256
axis:ngam_scale,0.1,2.313865100653087,50.0,0.0010395607519771758,7.148791682526048
axis:ngam_scale,0.15000000000000002,2.2706910616585367,15.0,0.0,
axis:ngam_scale,0.15000000000000002,2.2706910616585367,20.0,0.11480900847275036,5.434268403273794
axis:ngam_scale,0.15000000000000002,2.2706910616585367,25.0,0.5292124001226912,11.980756831337608
axis:ngam_scale,0.15000000000000002,2.2706910616585367,27.0,0.8180701423847119,18.23690772868614
axis:ngam_scale,0.15000000000000002,2.2706910616585367,30.0,1.1943903509820886,23.536965656863547
axis:ngam_scale,0.15000000000000002,2.2706910616585367,35.0,1.5238924158997287,30.990709030289437
axis:ngam_scale,0.15000000000000002,2.2706910616585367,37.0,1.5943661786498153,34.67303815381244
axis:ngam_scale,0.15000000000000002,2.2706910616585367,40.0,1.6534138751124332,38.320432583723196
axis:ngam_scale,0.15000000000000002,2.2706910616585367,43.0,1.6142218882169603,37.62317546185795
axis:ngam_scale,0.15000000000000002,2.2706910616585367,45.0,1.4054364758457405,44.031028159864306
axis:ngam_scale,0.15000000000000002,2.2706910616585367,47.0,0.380557489019716,21.128367193356983
axis:ngam_scale,0.15000000000000002,2.2706910616585367,50.0,0.0010390695203687048,7.327675904401793
axis:ngam_scale,0.2,2.2225997543185665,15.0,0.0,
axis:ngam_scale,0.2,2.2225997543185665,20.0,0.11358359524937871,5.4589809123649875
axis:ngam_scale,0.2,2.2225997543185665,25.0,0.5280572170615142,11.99749128052463
axis:ngam_scale,0.2,2.2225997543185665,27.0,0.8168422389652171,18.25400723128754
axis:ngam_scale,0.2,2.2225997543185665,30.0,1.1935880467675333,23.56407595526173
axis:ngam_scale,0.2,2.2225997543185665,35.0,1.522873213026989,31.039539727259857
axis:ngam_scale,0.2,2.2225997543185665,37.0,1.5933892019166265,34.72808927111806
axis:ngam_scale,0.2,2.2225997543185665,40.0,1.6524459550340789,38.37964074343623
axis:ngam_scale,0.2,2.2225997543185665,43.0,1.6132944806834266,37.69499459988752
axis:ngam_scale,0.2,2.2225997543185665,45.0,1.4042441846511375,44.06028314260806
axis:ngam_scale,0.2,2.2225997543185665,47.0,0.38036059597706595,21.232245647837985
axis:ngam_scale,0.2,2.2225997543185665,50.0,0.0010385689982886255,7.510138449720928
axis:ngam_scale,0.25,2.1695753951396974,15.0,0.0,
axis:ngam_scale,0.25,2.1695753951396974,20.0,0.11233367169200421,5.484187713373699
axis:ngam_scale,0.25,2.1695753951396974,25.0,0.5268789283881853,12.014560446957324
axis:ngam_scale,0.25,2.1695753951396974,27.0,0.8155897754035925,18.271448752819428
axis:ngam_scale,0.25,2.1695753951396974,30.0,1.1927696951137174,23.591728505413027
axis:ngam_scale,0.25,2.1695753951396974,35.0,1.5218336243755173,31.08934712063725
axis:ngam_scale,0.25,2.1695753951396974,37.0,1.5923926839988005,34.784241503742706
axis:ngam_scale,0.25,2.1695753951396974,40.0,1.651458674919468,38.44003316633731
axis:ngam_scale,0.25,2.1695753951396974,43.0,1.612348523432989,37.768250241969525
axis:ngam_scale,0.25,2.1695753951396974,45.0,1.403028045619055,44.09012327441374
axis:ngam_scale,0.25,2.1695753951396974,47.0,0.3801597647411004,21.33820184684511
axis:ngam_scale,0.25,2.1695753951396974,50.0,0.0010380581947716484,7.696250383980848
axis:ngam_scale,0.30000000000000004,2.111596732517076,15.0,0.0,
axis:ngam_scale,0.30000000000000004,2.111596732517076,20.0,0.1110587475525494,5.509898692972975
axis:ngam_scale,0.30000000000000004,2.111596732517076,25.0,0.5256770719514399,12.031971025545923
axis:ngam_scale,0.30000000000000004,2.111596732517076,27.0,0.8143122604555189,18.28923913423808
axis:ngam_scale,0.30000000000000004,2.111596732517076,30.0,1.1919349750447545,23.619934153268307
axis:ngam_scale,0.30000000000000004,2.111596732517076,35.0,1.5207732421953042,31.14015074599933
axis:ngam_scale,0.30000000000000004,2.111596732517076,37.0,1.5913762340396673,34.841516875852484
axis:ngam_scale,0.30000000000000004,2.111596732517076,40.0,1.6504516475352227,38.50163353968978
axis:ngam_scale,0.30000000000000004,2.111596732517076,43.0,1.6113836454399662,37.84297112061086
axis:ngam_scale,0.30000000000000004,2.111596732517076,45.0,1.4017875817524539,44.12056025925106
axis:ngam_scale,0.30000000000000004,2.111596732517076,47.0,0.3799549165412551,21.4462773487766
axis:ngam_scale,0.30000000000000004,2.111596732517076,50.0,0.001037537174341711,7.8860848712416205
axis:ngam_scale,0.35000000000000003,2.04850221455918,15.0,0.0,
axis:ngam_scale,0.35000000000000003,2.04850221455918,20.0,0.10975832277715367,5.536123935586197
axis:ngam_scale,0.35000000000000003,2.04850221455918,25.0,0.5244511763562061,12.049729845110074
axis:ngam_scale,0.35000000000000003,2.04850221455918,27.0,0.8130091930509538,18.307385353330325
axis:ngam_scale,0.35000000000000003,2.04850221455918,30.0,1.1910835591646993,23.64870396171575
axis:ngam_scale,0.35000000000000003,2.04850221455918,35.0,1.5196893960804894,31.192044974149372
axis:ngam_scale,0.35000000000000003,2.04850221455918,37.0,1.5903235050945523,34.899561461433926
axis:ngam_scale,0.35000000000000003,2.04850221455918,40.0,1.649424477902557,38.56446602454316
axis:ngam_scale,0.35000000000000003,2.04850221455918,43.0,1.6103994682575198,37.9191865430167
axis:ngam_scale,0.35000000000000003,2.04850221455918,45.0,1.4005223065135568,44.15160603518835
axis:ngam_scale,0.35000000000000003,2.04850221455918,47.0,0.3797459710314928,21.556514543270794
axis:ngam_scale,0.35000000000000003,2.04850221455918,50.0,0.0010370057326065398,8.079716368848409
axis:ngam_scale,0.4,1.9324024566181828,15.0,0.0,
axis:ngam_scale,0.4,1.9324024566181828,20.0,0.10843188731003117,5.56287372734214
axis:ngam_scale,0.4,1.9324024566181828,25.0,0.5232007607787177,12.067843871057473
axis:ngam_scale,0.4,1.9324024566181828,27.0,0.8116800620976138,18.325894527450615
axis:ngam_scale,0.4,1.9324024566181828,30.0,1.1902151135291317,23.678049214919973
axis:ngam_scale,0.4,1.9324024566181828,35.0,1.5185837941971285,31.244979717595747
axis:ngam_scale,0.4,1.9324024566181828,37.0,1.5892320236529134,34.958349395071075
axis:ngam_scale,0.4,1.9324024566181828,40.0,1.6483767631425121,38.62855526520805
axis:ngam_scale,0.4,1.9324024566181828,43.0,1.609395605869304,37.99692640258703
axis:ngam_scale,0.4,1.9324024566181828,45.0,1.3992317236330412,44.18327277907596
axis:ngam_scale,0.4,1.9324024566181828,47.0,0.37953192189631496,21.500488624550606
axis:ngam_scale,0.4,1.9324024566181828,50.0,0.001036463661144274,8.277220823421676
axis:ngam_scale,0.45,1.8194207913365616,15.0,0.0,
axis:ngam_scale,0.45,1.8194207913365616,20.0,0.10707892089341978,5.590158560109576
axis:ngam_scale,0.45,1.8194207913365616,25.0,0.5219253347779177,12.086320208115643
axis:ngam_scale,0.45,1.8194207913365616,27.0,0.8103243462805054,18.344773916312477
axis:ngam_scale,0.45,1.8194207913365616,30.0,1.189329297514176,23.70798142274792
axis:ngam_scale,0.45,1.8194207913365616,35.0,1.5174560784089033,31.298973245309785
axis:ngam_scale,0.45,1.8194207913365616,37.0,1.5881187107391028,35.018313186664756
axis:ngam_scale,0.45,1.8194207913365616,40.0,1.64730809231785,38.69392639892309
axis:ngam_scale,0.45,1.8194207913365616,43.0,1.6083716645379629,38.07622119063964
axis:ngam_scale,0.45,1.8194207913365616,45.0,1.3979153269152904,44.21557291132235
axis:ngam_scale,0.45,1.8194207913365616,47.0,0.3793132039297664,21.473343560903984
axis:ngam_scale,0.45,1.8194207913365616,50.0,0.0010359107473347424,8.478675700641277
axis:ngam_scale,0.5,1.7304005639351665,15.0,0.0,
axis:ngam_scale,0.5,1.7304005639351665,20.0,0.10569889286351886,5.617989135612188
axis:ngam_scale,0.5,1.7304005639351665,25.0,0.520624398103101,12.105166103118703
axis:ngam_scale,0.5,1.7304005639351665,27.0,0.8089415138574582,18.364030924835994
axis:ngam_scale,0.5,1.7304005639351665,30.0,1.1884257636829125,23.738512325283384
axis:ngam_scale,0.5,1.7304005639351665,35.0,1.5163058064003745,31.354046734764953
axis:ngam_scale,0.5,1.7304005639351665,37.0,1.5869831296867998,35.07947635536006
axis:ngam_scale,0.5,1.7304005639351665,40.0,1.6462180462718417,38.760605065714635
axis:ngam_scale,0.5,1.7304005639351665,43.0,1.6073272426507033,38.15710200837004
axis:ngam_scale,0.5,1.7304005639351665,45.0,1.3965726000400198,44.24851910076288
axis:ngam_scale,0.5,1.7304005639351665,47.0,0.3790897634709724,21.547341963259612
axis:ngam_scale,0.5,1.7304005639351665,50.0,0.001035346774315194,8.68416001563189
axis:ngam_scale,0.55,1.6363843067795039,15.0,0.0,
axis:ngam_scale,0.55,1.6363843067795039,20.0,0.10429126194236622,5.646376369626572
axis:ngam_scale,0.55,1.6363843067795039,25.0,0.5192974404977042,12.124388947849678
axis:ngam_scale,0.55,1.6363843067795039,27.0,0.8075309331179852,18.38367148213804
axis:ngam_scale,0.55,1.6363843067795039,30.0,1.1875041576490946,23.769653897431617
axis:ngam_scale,0.55,1.6363843067795039,35.0,1.5151325270090408,31.410221787019918
axis:ngam_scale,0.55,1.6363843067795039,37.0,1.585824835095624,35.14186289072457
axis:ngam_scale,0.55,1.6363843067795039,40.0,1.6451061974640233,38.82861741845178
axis:ngam_scale,0.55,1.6363843067795039,43.0,1.606261930561827,38.23960057905041
axis:ngam_scale,0.55,1.6363843067795039,45.0,1.3952030163595628,44.28212426963348
axis:ngam_scale,0.55,1.6363843067795039,47.0,0.37886185382566884,21.622820458634703
axis:ngam_scale,0.55,1.6363843067795039,50.0,0.0010347715208676765,8.893754363953352
axis:ngam_scale,0.6000000000000001,1.4635874479092834,15.0,0.0,
axis:ngam_scale,0.6000000000000001,1.4635874479092834,20.0,0.10285547602551241,5.675331396262869
axis:ngam_scale,0.6000000000000001,1.4635874479092834,25.0,0.5179439414991691,12.143996281939716
axis:ngam_scale,0.6000000000000001,1.4635874479092834,27.0,0.8060875800293062,18.403622020674526
axis:ngam_scale,0.6000000000000001,1.4635874479092834,30.0,1.1865641179381499,23.801418353616167
axis:ngam_scale,0.6000000000000001,1.4635874479092834,35.0,1.513935780048389,31.467520435191172
axis:ngam_scale,0.6000000000000001,1.4635874479092834,37.0,1.5846433726564355,35.20549726215786
axis:ngam_scale,0.6000000000000001,1.4635874479092834,40.0,1.6439721098022855,38.8979901331063
axis:ngam_scale,0.6000000000000001,1.4635874479092834,43.0,1.6051753104320527,38.323749260472304
axis:ngam_scale,0.6000000000000001,1.4635874479092834,45.0,1.393806038692494,44.31640159863564
axis:ngam_scale,0.6000000000000001,1.4635874479092834,47.0,0.3786293856025048,21.69980865138831
axis:ngam_scale,0.6000000000000001,1.4635874479092834,50.0,0.001034169019807719,9.237290251284229
axis:ngam_scale,0.65,1.4332769284067564,15.0,0.0,
axis:ngam_scale,0.65,1.4332769284067564,20.0,0.1013909719655,5.70486557233257
axis:ngam_scale,0.65,1.4332769284067564,25.0,0.5165633702348106,12.163995795825379
axis:ngam_scale,0.65,1.4332769284067564,27.0,0.804615357441245,18.423971603675135
axis:ngam_scale,0.65,1.4332769284067564,30.0,1.1856052758453974,23.833818152569734
axis:ngam_scale,0.65,1.4332769284067564,35.0,1.512715096127404,31.52596515309448
axis:ngam_scale,0.65,1.4332769284067564,37.0,1.5834382789731651,35.270404428488256
axis:ngam_scale,0.65,1.4332769284067564,40.0,1.6428153384720108,38.968750419213926
axis:ngam_scale,0.65,1.4332769284067564,43.0,1.6040669560645224,38.40958105763666
axis:ngam_scale,0.65,1.4332769284067564,45.0,1.392381119112792,44.351364532107
axis:ngam_scale,0.65,1.4332769284067564,47.0,0.37839226762232425,21.77833673801901
axis:ngam_scale,0.65,1.4332769284067564,50.0,0.0010335862657393,9.325603635314568
axis:ngam_scale,0.7000000000000001,1.3240598990218904,15.0,0.0,
axis:ngam_scale,0.7000000000000001,1.3240598990218904,20.0,0.09989717535096197,5.734990481802386
axis:ngam_scale,0.7000000000000001,1.3240598990218904,25.0,0.5151551852135903,12.184395333764883
axis:ngam_scale,0.7000000000000001,1.3240598990218904,27.0,0.8031136879150701,18.44472821270316
axis:ngam_scale,0.7000000000000001,1.3240598990218904,30.0,1.1846272552914563,23.866866002220732
axis:ngam_scale,0.7000000000000001,1.3240598990218904,35.0,1.5114699964664462,31.58557886406012
axis:ngam_scale,0.7000000000000001,1.3240598990218904,37.0,1.5822090813810097,35.3366098477637
axis:ngam_scale,0.7000000000000001,1.3240598990218904,40.0,1.6416354297615297,39.04092603054704
axis:ngam_scale,0.7000000000000001,1.3240598990218904,43.0,1.6029364327378102,38.49712963570121
axis:ngam_scale,0.7000000000000001,1.3240598990218904,45.0,1.39092710744386,44.38710281677069
axis:ngam_scale,0.7000000000000001,1.3240598990218904,47.0,0.37815040688208684,21.85843551900436
axis:ngam_scale,0.7000000000000001,1.3240598990218904,50.0,0.0010329757989485237,9.548027939321004
axis:ngam_scale,0.75,1.2096550485847382,15.0,0.0,
axis:ngam_scale,0.75,1.2096550485847382,20.0,0.09837350028133944,5.765717940338017
axis:ngam_scale,0.75,1.2096550485847382,25.0,0.5137188341137344,12.205202896914889
axis:ngam_scale,0.75,1.2096550485847382,27.0,0.8015819824622781,18.465899988966473
axis:ngam_scale,0.75,1.2096550485847382,30.0,1.1836296726747049,23.90057486467753
axis:ngam_scale,0.75,1.2096550485847382,35.0,1.510199992709486,31.646384949923558
axis:ngam_scale,0.75,1.2096550485847382,37.0,1.58095529776107,35.40413948723578
axis:ngam_scale,0.75,1.2096550485847382,40.0,1.6404319208841498,39.11454527600039
axis:ngam_scale,0.75,1.2096550485847382,43.0,1.6017832970352728,38.58642933318325
axis:ngam_scale,0.75,1.2096550485847382,45.0,1.3894438563507792,44.423576081886075
axis:ngam_scale,0.75,1.2096550485847382,47.0,0.3779037085185638,21.940136410883863
axis:ngam_scale,0.75,1.2096550485847382,50.0,0.0010323528591091665,9.774900939366793
axis:ngam_scale,0.8,1.0899970102780985,15.0,0.0,
axis:ngam_scale,0.8,1.0899970102780985,20.0,0.09681934913706725,5.797059999938297
axis:ngam_scale,0.8,1.0899970102780985,25.0,0.5122537535661025,12.226426646468683
axis:ngam_scale,0.8,1.0899970102780985,27.0,0.8000196403136095,18.487495236510945
axis:ngam_scale,0.8,1.0899970102780985,30.0,1.1826121367208544,23.934957961312563
axis:ngam_scale,0.8,1.0899970102780985,35.0,1.5089045867325415,31.708407260196573
axis:ngam_scale,0.8,1.0899970102780985,37.0,1.5796764363512903,35.47301983354432
axis:ngam_scale,0.8,1.0899970102780985,40.0,1.6392043397966833,39.189637030694435
axis:ngam_scale,0.8,1.0899970102780985,43.0,1.600607096671219,38.6775151754285
axis:ngam_scale,0.8,1.0899970102780985,45.0,1.387930937730858,44.46077887390154
axis:ngam_scale,0.8,1.0899970102780985,47.0,0.3776520757711192,22.02347145858111
axis:ngam_scale,0.8,1.0899970102780985,50.0,0.0010317179907114408,10.006312117276059
axis:ngam_scale,0.8500000000000001,0.9650197199988755,15.0,0.0,
axis:ngam_scale,0.8500000000000001,0.9650197199988755,20.0,0.09523411234518511,5.829028953662569
axis:ngam_scale,0.8500000000000001,0.9650197199988755,25.0,0.5107593689332217,12.248074906857259
axis:ngam_scale,0.8500000000000001,0.9650197199988755,27.0,0.798426048683409,18.50952242547736
axis:ngam_scale,0.8500000000000001,0.9650197199988755,30.0,1.1815742483294671,23.970028777948194
axis:ngam_scale,0.8500000000000001,0.9650197199988755,35.0,1.5075832704483245,31.771670121421117
axis:ngam_scale,0.8500000000000001,0.9650197199988755,37.0,1.5783719955535096,35.54327790310757
axis:ngam_scale,0.8500000000000001,0.9650197199988755,40.0,1.6379522050142565,39.26623074730118
axis:ngam_scale,0.8500000000000001,0.9650197199988755,43.0,1.5994073703134377,38.77042288834852
axis:ngam_scale,0.8500000000000001,0.9650197199988755,45.0,1.3863877581834443,44.49872578458723
axis:ngam_scale,0.8500000000000001,0.9650197199988755,47.0,0.37739540994377174,22.10847334797274
axis:ngam_scale,0.8500000000000001,0.9650197199988755,50.0,0.0010310701552488544,10.242351740534035
axis:ngam_scale,0.9,0.8346326208278212,15.0,0.0,
axis:ngam_scale,0.9,0.8346326208278212,20.0,0.09361716814024271,5.861637340452054
axis:ngam_scale,0.9,0.8346326208278212,25.0,0.5092350940838953,12.270156169014234
axis:ngam_scale,0.9,0.8346326208278212,27.0,0.7968005825292759,18.531990195423766
axis:ngam_scale,0.9,0.8346326208278212,30.0,1.1805156004174147,24.005801070145765
axis:ngam_scale,0.9,0.8346326208278212,35.0,1.5062355256069109,31.836198346711562
axis:ngam_scale,0.9,0.8346326208278212,37.0,1.5770414637367811,35.61494125271711
axis:ngam_scale,0.9,0.8346326208278212,40.0,1.636674338315209,39.344568337271475
axis:ngam_scale,0.9,0.8346326208278212,43.0,1.5981836474023752,38.865188912434306
axis:ngam_scale,0.9,0.8346326208278212,45.0,1.3848137124388746,44.5374316975733
axis:ngam_scale,0.9,0.8346326208278212,47.0,0.37713361036640775,22.195175418707446
axis:ngam_scale,0.9,0.8346326208278212,50.0,0.001030409095392542,10.483112389316275
axis:ngam_scale,0.9500000000000001,0.6560117225396422,15.0,0.0,
axis:ngam_scale,0.9500000000000001,0.6560117225396422,20.0,0.09196788232042816,5.8948979500479135
axis:ngam_scale,0.9500000000000001,0.6560117225396422,25.0,0.5076803311633111,12.29267909370621
axis:ngam_scale,0.9500000000000001,0.6560117225396422,27.0,0.7951426043068923,18.554907358713674
axis:ngam_scale,0.9500000000000001,0.6560117225396422,30.0,1.1794357777592235,24.042288868601233
axis:ngam_scale,0.9500000000000001,0.6560117225396422,35.0,1.504860823592539,31.902017245486196
axis:ngam_scale,0.9500000000000001,0.6560117225396422,37.0,1.5756839628820056,35.6880206463537
axis:ngam_scale,0.9500000000000001,0.6560117225396422,40.0,1.6353666599448806,39.42578397354992
axis:ngam_scale,0.9500000000000001,0.6560117225396422,43.0,1.5969327458626934,38.961803468707416
axis:ngam_scale,0.9500000000000001,0.6560117225396422,45.0,1.3832081831211243,44.57691179418746
axis:ngam_scale,0.9500000000000001,0.6560117225396422,47.0,0.37686657435535653,22.283611677283442
axis:ngam_scale,0.9500000000000001,0.6560117225396422,50.0,0.0010297264798696925,10.800299850267812
axis:ngam_scale,1.0,0.5571154385474126,15.0,0.0,
axis:ngam_scale,1.0,0.5571154385474126,20.0,0.09028560799882479,5.9288238280077925
axis:ngam_scale,1.0,0.5571154385474126,25.0,0.5060944703585604,12.315652514929845
axis:ngam_scale,1.0,0.5571154385474126,27.0,0.7934514637199898,18.57828290397302
axis:ngam_scale,1.0,0.5571154385474126,30.0,1.1783343568242175,24.07950648464815
axis:ngam_scale,1.0,0.5571154385474126,35.0,1.5034586252162114,31.96915263339452
axis:ngam_scale,1.0,0.5571154385474126,37.0,1.5742992002591383,35.762556420885005
axis:ngam_scale,1.0,0.5571154385474126,40.0,1.6340328257986687,39.50862405971482
axis:ngam_scale,1.0,0.5571154385474126,43.0,1.5956563433887323,39.06034212565816
axis:ngam_scale,1.0,0.5571154385474126,45.0,1.3815705405054937,44.61718155940943
axis:ngam_scale,1.0,0.5571154385474126,47.0,0.3765941971731011,22.373816810386344
axis:ngam_scale,1.0,0.5571154385474126,50.0,0.0010290475988021656,10.979177207757923
axis:clearance_mult,-1.0,1.253351009983434,15.0,0.0,
axis:clearance_mult,-1.0,1.253351009983434,20.0,0.11200024835216399,5.598827929459116
axis:clearance_mult,-1.0,1.253351009983434,25.0,0.5234137872732544,11.774175807188424
axis:clearance_mult,-1.0,1.253351009983434,27.0,0.805047316450223,18.380075501413543
axis:clearance_mult,-1.0,1.253351009983434,30.0,1.1805453927536866,23.219760480146437
axis:clearance_mult,-1.0,1.253351009983434,35.0,1.5003024369538212,30.17049476003045
axis:clearance_mult,-1.0,1.253351009983434,37.0,1.5654594987699502,33.8300786053316
axis:clearance_mult,-1.0,1.253351009983434,40.0,1.6206272793982393,37.484514981898755
axis:clearance_mult,-1.0,1.253351009983434,43.0,1.5719654228303768,35.477714755505765
axis:clearance_mult,-1.0,1.253351009983434,45.0,1.3114743107801266,40.47773290379737
axis:clearance_mult,-1.0,1.253351009983434,47.0,0.37922552972879847,20.247992035682472
axis:clearance_mult,-1.0,1.253351009983434,50.0,0.001040033661708762,7.258388741343232
axis:clearance_mult,-0.9500000000000001,1.4532117304675465,15.0,0.0,
axis:clearance_mult,-0.9500000000000001,1.4532117304675465,20.0,0.11227634493814151,5.5885624058442405
axis:clearance_mult,-0.9500000000000001,1.4532117304675465,25.0,0.5238416355515106,11.789718406198753
axis:clearance_mult,-0.9500000000000001,1.4532117304675465,27.0,0.8059015263852225,18.365669135948206
axis:clearance_mult,-0.9500000000000001,1.4532117304675465,30.0,1.1815010937819905,23.26590000875626
axis:clearance_mult,-0.9500000000000001,1.4532117304675465,35.0,1.5021247430762392,30.209713491595284
axis:clearance_mult,-0.9500000000000001,1.4532117304675465,37.0,1.5678266112109658,33.864847570449335
axis:clearance_mult,-0.9500000000000001,1.4532117304675465,40.0,1.6229959734053983,37.525128012909306
axis:clearance_mult,-0.9500000000000001,1.4532117304675465,43.0,1.5750384108528312,35.59946504313856
axis:clearance_mult,-0.9500000000000001,1.4532117304675465,45.0,1.319226312449065,41.09584967162969
axis:clearance_mult,-0.9500000000000001,1.4532117304675465,47.0,0.37938246134776205,20.405532255258933
axis:clearance_mult,-0.9500000000000001,1.4532117304675465,50.0,0.0010400543052805928,7.238499306136715
axis:clearance_mult,-0.9,1.6579415875331818,15.0,0.0,
axis:clearance_mult,-0.9,1.6579415875331818,20.0,0.11255639922882354,5.578149731148294
axis:clearance_mult,-0.9,1.6579415875331818,25.0,0.5242756168181107,11.805483800492874
axis:clearance_mult,-0.9,1.6579415875331818,27.0,0.806711526201309,18.307777211164936
axis:clearance_mult,-0.9,1.6579415875331818,30.0,1.1824653689482074,23.312519182909828
axis:clearance_mult,-0.9,1.6579415875331818,35.0,1.5039731710338837,30.249494403811354
axis:clearance_mult,-0.9,1.6579415875331818,37.0,1.5702276550097776,33.90011493107001
axis:clearance_mult,-0.9,1.6579415875331818,40.0,1.6253986214413167,37.56632321114721
axis:clearance_mult,-0.9,1.6579415875331818,43.0,1.5781554486019793,35.72296055947254
axis:clearance_mult,-0.9,1.6579415875331818,45.0,1.3270894351351985,41.72282683022552
axis:clearance_mult,-0.9,1.6579415875331818,47.0,0.3795416425018992,20.565330734080412
axis:clearance_mult,-0.9,1.6579415875331818,50.0,0.0010400755136815297,7.218324935280923
axis:clearance_mult,-0.8500000000000001,1.8440497679573076,15.0,0.0,
axis:clearance_mult,-0.8500000000000001,1.8440497679573076,20.0,0.11284046795590244,5.567587796035059
axis:clearance_mult,-0.8500000000000001,1.8440497679573076,25.0,0.5247158189863385,11.821475183728332
axis:clearance_mult,-0.8500000000000001,1.8440497679573076,27.0,0.8075331369544583,18.249055434964735
axis:clearance_mult,-0.8500000000000001,1.8440497679573076,30.0,1.1833974526441662,23.35478884627699
axis:clearance_mult,-0.8500000000000001,1.8440497679573076,35.0,1.5056578711593311,30.28723564527192
axis:clearance_mult,-0.8500000000000001,1.8440497679573076,37.0,1.572056293262633,33.93656719462888
axis:clearance_mult,-0.8500000000000001,1.8440497679573076,40.0,1.627835710219785,37.60810892168456
axis:clearance_mult,-0.8500000000000001,1.8440497679573076,43.0,1.5809278888560099,35.83472740789797
axis:clearance_mult,-0.8500000000000001,1.8440497679573076,45.0,1.3350193534799815,42.42010808870783
axis:clearance_mult,-0.8500000000000001,1.8440497679573076,47.0,0.37970162621410447,20.67965525916441
axis:clearance_mult,-0.8500000000000001,1.8440497679573076,50.0,0.0010400973037416328,7.197861511665491
axis:clearance_mult,-0.8,1.9640141946279686,15.0,0.0,
axis:clearance_mult,-0.8,1.9640141946279686,20.0,0.1131286086642904,5.556874460932059
axis:clearance_mult,-0.8,1.9640141946279686,25.0,0.5251305285448654,11.828418093064334
axis:clearance_mult,-0.8,1.9640141946279686,27.0,0.8083665250815689,18.189491911847878
axis:clearance_mult,-0.8,1.9640141946279686,30.0,1.1843418361556366,23.395856579923827
axis:clearance_mult,-0.8,1.9640141946279686,35.0,1.5072282839128524,30.325025492881597
axis:clearance_mult,-0.8,1.9640141946279686,37.0,1.573868147605299,33.97285948498374
axis:clearance_mult,-0.8,1.9640141946279686,40.0,1.6303077334313973,37.65049360921622
axis:clearance_mult,-0.8,1.9640141946279686,43.0,1.5833264242810354,35.943549333392745
axis:clearance_mult,-0.8,1.9640141946279686,45.0,1.342962550854161,43.06270201255998
axis:clearance_mult,-0.8,1.9640141946279686,47.0,0.37981750979683415,20.64712397462608
axis:clearance_mult,-0.8,1.9640141946279686,50.0,0.0010401191119630746,7.177104646973015
axis:clearance_mult,-0.75,2.0666935726221016,15.0,0.0,
axis:clearance_mult,-0.75,2.0666935726221016,20.0,0.11342087972377804,5.546007555597157
axis:clearance_mult,-0.75,2.0666935726221016,25.0,0.5255474282290397,11.834365228885767
axis:clearance_mult,-0.75,2.0666935726221016,27.0,0.8092118594053358,18.12907457579873
axis:clearance_mult,-0.75,2.0666935726221016,30.0,1.1852705705961346,23.356219706582056
axis:clearance_mult,-0.75,2.0666935726221016,35.0,1.508821207737715,30.363357038814506
axis:clearance_mult,-0.75,2.0666935726221016,37.0,1.5757012653517009,34.009429248803
axis:clearance_mult,-0.75,2.0666935726221016,40.0,1.6326577375058648,37.68633059476144
axis:clearance_mult,-0.75,2.0666935726221016,43.0,1.5854923284444176,36.03279740394364
axis:clearance_mult,-0.75,2.0666935726221016,45.0,1.350873210191657,43.3185816625459
axis:clearance_mult,-0.75,2.0666935726221016,47.0,0.37990063282672265,20.760507134622603
axis:clearance_mult,-0.75,2.0666935726221016,50.0,0.0010401412455281142,7.156050212387095
axis:clearance_mult,-0.7000000000000001,2.148439424099837,15.0,0.0,
axis:clearance_mult,-0.7000000000000001,2.148439424099837,20.0,0.11371734034085478,5.534984878678847
axis:clearance_mult,-0.7000000000000001,2.148439424099837,25.0,0.5259703039590091,11.840397613886697
axis:clearance_mult,-0.7000000000000001,2.148439424099837,27.0,0.8100693111684311,18.067791187841348
axis:clearance_mult,-0.7000000000000001,2.148439424099837,30.0,1.1860188430738436,23.22523613646034
axis:clearance_mult,-0.7000000000000001,2.148439424099837,35.0,1.5104369653187217,30.402238048041678
axis:clearance_mult,-0.7000000000000001,2.148439424099837,37.0,1.5774715227900715,34.04687176027734
axis:clearance_mult,-0.7000000000000001,2.148439424099837,40.0,1.6345427404490838,37.71954553351818
axis:clearance_mult,-0.7000000000000001,2.148439424099837,43.0,1.5876892797469122,36.12332480037857
axis:clearance_mult,-0.7000000000000001,2.148439424099837,45.0,1.3588972648233466,43.57812921769182
axis:clearance_mult,-0.7000000000000001,2.148439424099837,47.0,0.37998048598093276,20.823856706118963
axis:clearance_mult,-0.7000000000000001,2.148439424099837,50.0,0.0010401636963582842,7.134693973146009
axis:clearance_mult,-0.65,2.192820880639678,15.0,0.0,
axis:clearance_mult,-0.65,2.192820880639678,20.0,0.1140180505707064,5.523804197270383
axis:clearance_mult,-0.65,2.192820880639678,25.0,0.52639924139836,11.846516470070908
axis:clearance_mult,-0.65,2.192820880639678,27.0,0.8109313562369924,18.04101171248809
axis:clearance_mult,-0.65,2.192820880639678,30.0,1.1867208790515966,23.24074805684618
axis:clearance_mult,-0.65,2.192820880639678,35.0,1.5120758839661954,30.44167639684123
axis:clearance_mult,-0.65,2.192820880639678,37.0,1.5790529320949722,34.08171034096907
axis:clearance_mult,-0.65,2.192820880639678,40.0,1.6364162741328843,37.751232049686486
axis:clearance_mult,-0.65,2.192820880639678,43.0,1.5898358327328732,36.22495550525137
axis:clearance_mult,-0.65,2.192820880639678,45.0,1.3670363402140364,43.84139725557881
axis:clearance_mult,-0.65,2.192820880639678,47.0,0.3800560440103621,20.825126784082332
axis:clearance_mult,-0.65,2.192820880639678,50.0,0.0010401864690262829,7.1130316030340435
axis:clearance_mult,-0.6000000000000001,2.2186769268214226,15.0,0.0,
axis:clearance_mult,-0.6000000000000001,2.2186769268214226,20.0,0.11432307132938012,5.51246324645745
axis:clearance_mult,-0.6000000000000001,2.2186769268214226,25.0,0.526834327438632,11.852723036959103
axis:clearance_mult,-0.6000000000000001,2.2186769268214226,27.0,0.8117895711158494,18.08825121284914
axis:clearance_mult,-0.6000000000000001,2.2186769268214226,30.0,1.1874329783594801,23.256482332753293
axis:clearance_mult,-0.6000000000000001,2.2186769268214226,35.0,1.5136133333945792,30.486202190503686
axis:clearance_mult,-0.6000000000000001,2.2186769268214226,37.0,1.5806523310126994,34.11850890185585
axis:clearance_mult,-0.6000000000000001,2.2186769268214226,40.0,1.638316663972992,37.783372776013394
axis:clearance_mult,-0.6000000000000001,2.2186769268214226,43.0,1.5919760170774626,36.34340405689207
axis:clearance_mult,-0.6000000000000001,2.2186769268214226,45.0,1.3752920851273542,44.10843910742416
axis:clearance_mult,-0.6000000000000001,2.2186769268214226,47.0,0.38013268512571907,20.826415067967837
axis:clearance_mult,-0.6000000000000001,2.2186769268214226,50.0,0.0010402095678905988,7.0910587100933
axis:clearance_mult,-0.55,2.2393272194411136,15.0,0.0,
axis:clearance_mult,-0.55,2.2393272194411136,20.0,0.11463246440612229,5.5009597288592875
axis:clearance_mult,-0.55,2.2393272194411136,25.0,0.5272756502168984,11.859018571839691
axis:clearance_mult,-0.55,2.2393272194411136,27.0,0.8126600880702712,18.13616786751898
axis:clearance_mult,-0.55,2.2393272194411136,30.0,1.1881544257870595,23.272393123594785
axis:clearance_mult,-0.55,2.2393272194411136,35.0,1.5151200156116003,30.533277165978564
axis:clearance_mult,-0.55,2.2393272194411136,37.0,1.5822746565037416,34.155834951472876
axis:clearance_mult,-0.55,2.2393272194411136,40.0,1.6400408616871,37.81409826815341
axis:clearance_mult,-0.55,2.2393272194411136,43.0,1.5941468798805334,36.463550508521045
axis:clearance_mult,-0.55,2.2393272194411136,45.0,1.3836661719622625,44.37930886895139
axis:clearance_mult,-0.55,2.2393272194411136,47.0,0.38021042485301665,20.827721818755546
axis:clearance_mult,-0.55,2.2393272194411136,50.0,0.0010402327331902126,7.06877068740013
axis:clearance_mult,-0.5,2.2105055623073655,15.0,0.0,
axis:clearance_mult,-0.5,2.2105055623073655,20.0,0.11494629247589984,5.4892913141634505
axis:clearance_mult,-0.5,2.2105055623073655,25.0,0.5277232991336414,11.865404350023834
axis:clearance_mult,-0.5,2.2105055623073655,27.0,0.8135430834442803,18.184771383161582
axis:clearance_mult,-0.5,2.2105055623073655,30.0,1.1888806658263464,23.288215447350286
axis:clearance_mult,-0.5,2.2105055623073655,35.0,1.5165664274897457,30.575036302526787
axis:clearance_mult,-0.5,2.2105055623073655,37.0,1.5839202372089287,34.19369605110394
axis:clearance_mult,-0.5,2.2105055623073655,40.0,1.6416441303311184,37.8440989278235
axis:clearance_mult,-0.5,2.2105055623073655,43.0,1.5963488609022445,36.58541919867451
axis:clearance_mult,-0.5,2.2105055623073655,45.0,1.3921382563500682,44.316999116378874
axis:clearance_mult,-0.5,2.2105055623073655,47.0,0.3802892651947463,20.83306676856658
axis:clearance_mult,-0.5,2.2105055623073655,50.0,0.0010402564992550364,7.046163339054194
axis:clearance_mult,-0.45,2.2003398423209855,15.0,0.0,
axis:clearance_mult,-0.45,2.2003398423209855,20.0,0.11526461911208748,5.47745563865345
axis:clearance_mult,-0.45,2.2003398423209855,25.0,0.528177364870854,11.871881665103581
axis:clearance_mult,-0.45,2.2003398423209855,27.0,0.814438736109702,18.234071605581097
axis:clearance_mult,-0.45,2.2003398423209855,30.0,1.1896173161487293,23.304264576102163
axis:clearance_mult,-0.45,2.2003398423209855,35.0,1.5177722931770035,30.59806292448635
axis:clearance_mult,-0.45,2.2003398423209855,37.0,1.5855114209997025,34.23498685699383
axis:clearance_mult,-0.45,2.2003398423209855,40.0,1.6432703810190346,37.874529631753234
axis:clearance_mult,-0.45,2.2003398423209855,43.0,1.5985347483461034,36.687027012681455
axis:clearance_mult,-0.45,2.2003398423209855,45.0,1.4007089683820042,44.17240114171789
axis:clearance_mult,-0.45,2.2003398423209855,47.0,0.3803686400992668,20.953188451730913
axis:clearance_mult,-0.45,2.2003398423209855,50.0,0.0010402808711404686,7.023232100279849
axis:clearance_mult,-0.4,2.242384464703175,15.0,0.0,
axis:clearance_mult,-0.4,2.242384464703175,20.0,0.11558750879935895,5.465450304730331
axis:clearance_mult,-0.4,2.242384464703175,25.0,0.5286379394104027,11.878451829213962
axis:clearance_mult,-0.4,2.242384464703175,27.0,0.8153472275023875,18.284078521716207
axis:clearance_mult,-0.4,2.242384464703175,30.0,1.1903645259803344,23.320543760985064
axis:clearance_mult,-0.4,2.242384464703175,35.0,1.5189954443380769,30.62141962140767
axis:clearance_mult,-0.4,2.242384464703175,37.0,1.5870183268700537,34.28083384726072
axis:clearance_mult,-0.4,2.242384464703175,40.0,1.6449199431867956,37.90539654440943
axis:clearance_mult,-0.4,2.242384464703175,43.0,1.6007014003589004,36.76673918402016
axis:clearance_mult,-0.4,2.242384464703175,45.0,1.4024383903495943,44.1892551670818
axis:clearance_mult,-0.4,2.242384464703175,47.0,0.38044849731044345,21.029403862866488
axis:clearance_mult,-0.4,2.242384464703175,50.0,0.0010402703638002424,6.999970188691703
axis:clearance_mult,-0.35000000000000003,2.2602641370834027,15.0,0.0,
axis:clearance_mult,-0.35000000000000003,2.2602641370834027,20.0,0.11591502694674005,5.453272880426676
axis:clearance_mult,-0.35000000000000003,2.2602641370834027,25.0,0.5291051160526754,11.885116173298744
axis:clearance_mult,-0.35000000000000003,2.2602641370834027,27.0,0.8162687416590031,18.334802261663437
axis:clearance_mult,-0.35000000000000003,2.2602641370834027,30.0,1.1911224466863808,23.337056299737153
axis:clearance_mult,-0.35000000000000003,2.2602641370834027,35.0,1.5202361287514687,30.64511112474815
axis:clearance_mult,-0.35000000000000003,2.2602641370834027,37.0,1.5885436852645185,34.32718031176245
axis:clearance_mult,-0.35000000000000003,2.2602641370834027,40.0,1.6465931509926455,37.93670591862297
axis:clearance_mult,-0.35000000000000003,2.2602641370834027,43.0,1.6028991102307917,36.847593988957264
axis:clearance_mult,-0.35000000000000003,2.2602641370834027,45.0,1.4033396206985673,44.21828335514208
axis:clearance_mult,-0.35000000000000003,2.2602641370834027,47.0,0.3805289442219906,21.005558969630293
axis:clearance_mult,-0.35000000000000003,2.2602641370834027,50.0,0.001040293479194875,6.976376722579514
axis:clearance_mult,-0.30000000000000004,2.2950895775087883,15.0,0.0,
axis:clearance_mult,-0.30000000000000004,2.2950895775087883,20.0,0.11624723990086153,5.4409208989140385
axis:clearance_mult,-0.30000000000000004,2.2950895775087883,25.0,0.5295789894354683,11.8918760473802
axis:clearance_mult,-0.30000000000000004,2.2950895775087883,27.0,0.8171186691800658,18.268253838744105
axis:clearance_mult,-0.30000000000000004,2.2950895775087883,30.0,1.191888832073593,23.353761152532968
axis:clearance_mult,-0.30000000000000004,2.2950895775087883,35.0,1.5214945977474488,30.66914223378817
axis:clearance_mult,-0.30000000000000004,2.2950895775087883,37.0,1.5897668298336654,34.349760818683286
axis:clearance_mult,-0.30000000000000004,2.2950895775087883,40.0,1.6481547381287005,37.97364648288344
axis:clearance_mult,-0.30000000000000004,2.2950895775087883,43.0,1.6050395713394985,36.9279539850985
axis:clearance_mult,-0.30000000000000004,2.2950895775087883,45.0,1.4041356840561436,44.18744392208395
axis:clearance_mult,-0.30000000000000004,2.2950895775087883,47.0,0.38061054429928776,20.981372271928677
axis:clearance_mult,-0.30000000000000004,2.2950895775087883,50.0,0.0010403550194299652,6.952446528961862
axis:clearance_mult,-0.25,2.3497699336726487,15.0,0.0,
axis:clearance_mult,-0.25,2.3497699336726487,20.0,0.11658421495939851,5.428391858003228
axis:clearance_mult,-0.25,2.3497699336726487,25.0,0.530059648711913,11.89873268889954
axis:clearance_mult,-0.25,2.3497699336726487,27.0,0.8179177113585032,18.112987379715616
axis:clearance_mult,-0.25,2.3497699336726487,30.0,1.1926630932570066,23.370647939992217
axis:clearance_mult,-0.25,2.3497699336726487,35.0,1.5227623256087577,30.69471498138754
axis:clearance_mult,-0.25,2.3497699336726487,37.0,1.5909913710992443,34.37151236514311
axis:clearance_mult,-0.25,2.3497699336726487,40.0,1.6496853196918715,38.01315696638283
axis:clearance_mult,-0.25,2.3497699336726487,43.0,1.6069541948060206,37.00468584822179
axis:clearance_mult,-0.25,2.3497699336726487,45.0,1.4049242795544807,44.15053947438487
axis:clearance_mult,-0.25,2.3497699336726487,47.0,0.3806933140723744,20.956838870167548
axis:clearance_mult,-0.25,2.3497699336726487,50.0,0.0010403808161350194,6.928171869392498
axis:clearance_mult,-0.2,2.368269595154861,15.0,0.0,
axis:clearance_mult,-0.2,2.368269595154861,20.0,0.11692602038470784,5.4156832196374785
axis:clearance_mult,-0.2,2.368269595154861,25.0,0.5305470621641832,11.905684997405881
axis:clearance_mult,-0.2,2.368269595154861,27.0,0.8186861970828088,18.095250743563952
axis:clearance_mult,-0.2,2.368269595154861,30.0,1.193448453082281,23.3877767909958
axis:clearance_mult,-0.2,2.368269595154861,35.0,1.5239476154778147,30.73437162519369
axis:clearance_mult,-0.2,2.368269595154861,37.0,1.592233465543589,34.39357570900325
axis:clearance_mult,-0.2,2.368269595154861,40.0,1.6511512583541252,38.04654960654162
axis:clearance_mult,-0.2,2.368269595154861,43.0,1.6088962634301054,37.082517623734944
axis:clearance_mult,-0.2,2.368269595154861,45.0,1.4057108788709765,44.1091446461359
axis:clearance_mult,-0.2,2.368269595154861,47.0,0.38077727030806746,20.93195379451508
axis:clearance_mult,-0.2,2.368269595154861,50.0,0.0010404066883547406,6.903549144064907
axis:clearance_mult,-0.15000000000000002,2.3742137592987973,15.0,0.0,
axis:clearance_mult,-0.15000000000000002,2.3742137592987973,20.0,0.11727272541764894,5.402792409378253
axis:clearance_mult,-0.15000000000000002,2.3742137592987973,25.0,0.5310414624413938,11.912736963732957
axis:clearance_mult,-0.15000000000000002,2.3742137592987973,27.0,0.8194019260180567,18.117846285038386
axis:clearance_mult,-0.15000000000000002,2.3742137592987973,30.0,1.1942450706428336,23.40515117540198
axis:clearance_mult,-0.15000000000000002,2.3742137592987973,35.0,1.5251498958767429,30.77459672690093
axis:clearance_mult,-0.15000000000000002,2.3742137592987973,37.0,1.5934933647826188,34.415955319721576
axis:clearance_mult,-0.15000000000000002,2.3742137592987973,40.0,1.6523906278080625,38.061307536099164
axis:clearance_mult,-0.15000000000000002,2.3742137592987973,43.0,1.6108661706241705,37.16146507832486
axis:clearance_mult,-0.15000000000000002,2.3742137592987973,45.0,1.4065087536902239,44.06715644399228
axis:clearance_mult,-0.15000000000000002,2.3742137592987973,47.0,0.3808624300139667,20.906712003911053
axis:clearance_mult,-0.15000000000000002,2.3742137592987973,50.0,0.0010404326789992507,6.87857326291368
axis:clearance_mult,-0.1,2.3735970604374996,15.0,0.0,
axis:clearance_mult,-0.1,2.3735970604374996,20.0,0.11762440029161468,5.3897168158837045
axis:clearance_mult,-0.1,2.3735970604374996,25.0,0.5315429496961438,11.91989001642523
axis:clearance_mult,-0.1,2.3735970604374996,27.0,0.8201279145650457,18.140765722154242
axis:clearance_mult,-0.1,2.3735970604374996,30.0,1.1950531073125923,23.42277461280774
axis:clearance_mult,-0.1,2.3735970604374996,35.0,1.5257203342723147,30.799766165259186
axis:clearance_mult,-0.1,2.3735970604374996,37.0,1.5947708217119425,34.43863036629743
axis:clearance_mult,-0.1,2.3735970604374996,40.0,1.6536476041218067,38.07688889087289
axis:clearance_mult,-0.1,2.3735970604374996,43.0,1.6128643154400244,37.241544204686036
axis:clearance_mult,-0.1,2.3735970604374996,45.0,1.4072901657658328,44.027194302240865
axis:clearance_mult,-0.1,2.3735970604374996,47.0,0.3809487193177661,20.86450085808432
axis:clearance_mult,-0.1,2.3735970604374996,50.0,0.0010404593111835122,6.853239534546273
axis:clearance_mult,-0.05,2.369358673467884,15.0,0.0,
axis:clearance_mult,-0.05,2.369358673467884,20.0,0.11798111624676179,5.37645379037984
axis:clearance_mult,-0.05,2.369358673467884,25.0,0.5320467611188388,11.926711565462435
axis:clearance_mult,-0.05,2.369358673467884,27.0,0.8208643097901104,18.164013697791436
axis:clearance_mult,-0.05,2.369358673467884,30.0,1.1958727267787086,23.44065067326165
axis:clearance_mult,-0.05,2.369358673467884,35.0,1.5262720470480056,30.82464847664123
axis:clearance_mult,-0.05,2.369358673467884,37.0,1.5959782200809185,34.474737950984924
axis:clearance_mult,-0.05,2.369358673467884,40.0,1.6549173189282034,38.113027294590474
axis:clearance_mult,-0.05,2.369358673467884,43.0,1.6148690776347656,37.32752052856849
axis:clearance_mult,-0.05,2.369358673467884,45.0,1.4080768908138435,43.9872139412446
axis:clearance_mult,-0.05,2.369358673467884,47.0,0.3810362038841629,20.814093629350197
axis:clearance_mult,-0.05,2.369358673467884,50.0,0.0010404865903317882,6.827542827023554
axis:clearance_mult,0.0,2.3643166223999525,15.0,0.0,
axis:clearance_mult,0.0,2.3643166223999525,20.0,0.11834294554443316,5.36300064612367
axis:clearance_mult,0.0,2.3643166223999525,25.0,0.532543802270647,11.93249679200692
axis:clearance_mult,0.0,2.3643166223999525,27.0,0.8216112608677082,18.187594921383248
axis:clearance_mult,0.0,2.3643166223999525,30.0,1.1967040950746977,23.458782977987166
axis:clearance_mult,0.0,2.3643166223999525,35.0,1.526831668346873,30.84988746335286
axis:clearance_mult,0.0,2.3643166223999525,37.0,1.597183656240015,34.51427767973442
axis:clearance_mult,0.0,2.3643166223999525,40.0,1.6562052344532008,38.149683724019475
axis:clearance_mult,0.0,2.3643166223999525,43.0,1.6168964144917264,37.41605813237432
axis:clearance_mult,0.0,2.3643166223999525,45.0,1.4088748931669046,43.94666048202531
axis:clearance_mult,0.0,2.3643166223999525,47.0,0.3811249424975039,20.76296383852567
axis:clearance_mult,0.0,2.3643166223999525,50.0,0.0010405139908218374,6.801477600784894
axis:clearance_mult,0.05,2.358810386957016,15.0,0.0,
axis:clearance_mult,0.05,2.358810386957016,20.0,0.1187099614818033,5.349354657859183
axis:clearance_mult,0.05,2.358810386957016,25.0,0.533047239315527,11.938325449213872
axis:clearance_mult,0.05,2.358810386957016,27.0,0.822368919110638,18.211514169870306
axis:clearance_mult,0.05,2.358810386957016,30.0,1.1975473806140822,23.47717520011608
axis:clearance_mult,0.05,2.358810386957016,35.0,1.5273667009104932,30.87656505373353
axis:clearance_mult,0.05,2.358810386957016,37.0,1.5979171307019318,34.54283774901691
axis:clearance_mult,0.05,2.358810386957016,40.0,1.6575009368347018,38.19015717400321
axis:clearance_mult,0.05,2.358810386957016,43.0,1.6189478495330873,37.505778652929635
axis:clearance_mult,0.05,2.358810386957016,45.0,1.40968312907734,43.90568071083665
axis:clearance_mult,0.05,2.358810386957016,47.0,0.3812131262716078,20.725907699064592
axis:clearance_mult,0.05,2.358810386957016,50.0,0.0010405415202572508,6.7750385757794795
axis:clearance_mult,0.1,2.354068630746106,15.0,0.0,
axis:clearance_mult,0.1,2.354068630746106,20.0,0.11908223840672552,5.335513061265225
axis:clearance_mult,0.1,2.354068630746106,25.0,0.5335578928754314,11.944237657269426
axis:clearance_mult,0.1,2.354068630746106,27.0,0.8231124276391395,18.235321642876183
axis:clearance_mult,0.1,2.354068630746106,30.0,1.198402754224514,23.495831065432725
axis:clearance_mult,0.1,2.354068630746106,35.0,1.5278960879316223,30.90406471917452
axis:clearance_mult,0.1,2.354068630746106,37.0,1.5984543357638554,34.56692697512294
axis:clearance_mult,0.1,2.354068630746106,40.0,1.6587405901435335,38.254220628018444
axis:clearance_mult,0.1,2.354068630746106,43.0,1.6198288404417804,37.53590839757215
axis:clearance_mult,0.1,2.354068630746106,45.0,1.4104942196842365,43.86523621934769
axis:clearance_mult,0.1,2.354068630746106,47.0,0.38127956818683933,20.71956594352825
axis:clearance_mult,0.1,2.354068630746106,50.0,0.001040569712399353,6.74822073010633
axis:clearance_mult,0.15000000000000002,2.3433126008466516,15.0,0.0,
axis:clearance_mult,0.15000000000000002,2.3433126008466516,20.0,0.11945985173279161,5.321473052395474
axis:clearance_mult,0.15000000000000002,2.3433126008466516,25.0,0.5340758663954488,11.950234613832647
axis:clearance_mult,0.15000000000000002,2.3433126008466516,27.0,0.8238559918085078,18.259277654415843
axis:clearance_mult,0.15000000000000002,2.3433126008466516,30.0,1.1992703891823617,23.514754353128666
axis:clearance_mult,0.15000000000000002,2.3433126008466516,35.0,1.5284330634475376,30.931958578389814
axis:clearance_mult,0.15000000000000002,2.3433126008466516,37.0,1.5989992413882217,34.59136150808287
axis:clearance_mult,0.15000000000000002,2.3433126008466516,40.0,1.6599903472061925,38.31899403636793
axis:clearance_mult,0.15000000000000002,2.3433126008466516,43.0,1.6203677973593211,37.555342561516014
axis:clearance_mult,0.15000000000000002,2.3433126008466516,45.0,1.411316936864103,43.8242119765604
axis:clearance_mult,0.15000000000000002,2.3433126008466516,47.0,0.38133055760746193,20.699267264228087
axis:clearance_mult,0.15000000000000002,2.3433126008466516,50.0,0.0010405983088897478,6.721018464210561
axis:clearance_mult,0.2,2.324832482095222,15.0,0.0,
axis:clearance_mult,0.2,2.324832482095222,20.0,0.11984287795460964,5.307231787110501
axis:clearance_mult,0.2,2.324832482095222,25.0,0.5346012648034968,11.95631753373048
axis:clearance_mult,0.2,2.324832482095222,27.0,0.8246102145935985,18.283577063246167
axis:clearance_mult,0.2,2.324832482095222,30.0,1.2001504612478455,23.53394889656825
axis:clearance_mult,0.2,2.324832482095222,35.0,1.5289156285118939,30.954134985591487
axis:clearance_mult,0.2,2.324832482095222,37.0,1.5995299464636354,34.61688320277806
axis:clearance_mult,0.2,2.324832482095222,40.0,1.6605305465117592,38.36492327407081
axis:clearance_mult,0.2,2.324832482095222,43.0,1.6209144799512787,37.57505530435541
axis:clearance_mult,0.2,2.324832482095222,45.0,1.412151447278034,43.78259967203307
axis:clearance_mult,0.2,2.324832482095222,47.0,0.3813796208210184,20.683209881643805
axis:clearance_mult,0.2,2.324832482095222,50.0,0.0010406273155258133,6.693426267623094
axis:clearance_mult,0.25,2.305573466805793,15.0,0.0,
axis:clearance_mult,0.25,2.305573466805793,20.0,0.120231394663297,5.292786380501463
axis:clearance_mult,0.25,2.305573466805793,25.0,0.5351341945315883,11.962487649203775
axis:clearance_mult,0.25,2.305573466805793,27.0,0.8253752487802627,18.308224791793332
axis:clearance_mult,0.25,2.305573466805793,30.0,1.2010431487005808,23.553418584065138
axis:clearance_mult,0.25,2.305573466805793,35.0,1.5294046440344244,30.976583296264128
axis:clearance_mult,0.25,2.305573466805793,37.0,1.600042353171691,34.643638015934066
axis:clearance_mult,0.25,2.305573466805793,40.0,1.661078489300741,38.41151088413091
axis:clearance_mult,0.25,2.305573466805793,43.0,1.6214441556107446,37.59615609108633
axis:clearance_mult,0.25,2.305573466805793,45.0,1.412997919976015,43.7403908761991
axis:clearance_mult,0.25,2.305573466805793,47.0,0.3814293873309393,20.66692232461503
axis:clearance_mult,0.25,2.305573466805793,50.0,0.0010406567377162503,6.665438550862932
axis:clearance_mult,0.30000000000000004,2.285804113987048,15.0,0.0,
axis:clearance_mult,0.30000000000000004,2.285804113987048,20.0,0.12062548056220282,5.278133906305938
axis:clearance_mult,0.30000000000000004,2.285804113987048,25.0,0.5356747635373785,11.968746210156933
axis:clearance_mult,0.30000000000000004,2.285804113987048,27.0,0.8261512493444723,18.333225833044057
axis:clearance_mult,0.30000000000000004,2.285804113987048,30.0,1.2019486323757713,23.573167359670048
axis:clearance_mult,0.30000000000000004,2.285804113987048,35.0,1.5298988879726896,30.999266695818726
axis:clearance_mult,0.30000000000000004,2.285804113987048,37.0,1.600562104970348,34.670776345784304
axis:clearance_mult,0.30000000000000004,2.285804113987048,40.0,1.6616342865720373,38.458766303982614
axis:clearance_mult,0.30000000000000004,2.285804113987048,43.0,1.621956988631615,37.618646660012786
axis:clearance_mult,0.30000000000000004,2.285804113987048,45.0,1.4138502912220452,43.6983064796282
axis:clearance_mult,0.30000000000000004,2.285804113987048,47.0,0.38147986721851684,20.650401293705468
axis:clearance_mult,0.30000000000000004,2.285804113987048,50.0,0.0010406521647568898,6.637048156040596
axis:clearance_mult,0.35000000000000003,2.2640353869078034,15.0,0.0,
axis:clearance_mult,0.35000000000000003,2.2640353869078034,20.0,0.12102521548284724,5.2632713963149556
axis:clearance_mult,0.35000000000000003,2.2640353869078034,25.0,0.5362230813260467,11.975094484411132
axis:clearance_mult,0.35000000000000003,2.2640353869078034,27.0,0.8269383734836874,18.35858525155696
axis:clearance_mult,0.35000000000000003,2.2640353869078034,30.0,1.202866523426668,23.592862720811265
axis:clearance_mult,0.35000000000000003,2.2640353869078034,35.0,1.53032520043115,31.008614305296494
axis:clearance_mult,0.35000000000000003,2.2640353869078034,37.0,1.601044911675017,34.693703404339715
axis:clearance_mult,0.35000000000000003,2.2640353869078034,40.0,1.6621606085302296,38.50882421694973
axis:clearance_mult,0.35000000000000003,2.2640353869078034,43.0,1.6224771728540668,37.641459619852384
axis:clearance_mult,0.35000000000000003,2.2640353869078034,45.0,1.4147067914234028,43.65656517718932
axis:clearance_mult,0.35000000000000003,2.2640353869078034,47.0,0.38153107070973613,20.633643442186955
axis:clearance_mult,0.35000000000000003,2.2640353869078034,50.0,0.0010407168534293004,6.608253797264055
axis:clearance_mult,0.4,2.2409091650110726,15.0,0.0,
axis:clearance_mult,0.4,2.2409091650110726,20.0,0.12143068040109556,5.248195839771768
axis:clearance_mult,0.4,2.2409091650110726,25.0,0.5367792589724655,11.981533757961069
axis:clearance_mult,0.4,2.2409091650110726,27.0,0.827736780648725,18.38430818448856
axis:clearance_mult,0.4,2.2409091650110726,30.0,1.2037361825578325,23.61353983445606
axis:clearance_mult,0.4,2.2409091650110726,35.0,1.5307408176300226,31.015808030833185
axis:clearance_mult,0.4,2.2409091650110726,37.0,1.6015195044621744,34.71539084324538
axis:clearance_mult,0.4,2.2409091650110726,40.0,1.6626831493521725,38.56024249513299
axis:clearance_mult,0.4,2.2409091650110726,43.0,1.6229653823430181,37.659600396735215
axis:clearance_mult,0.4,2.2409091650110726,45.0,1.415575569121293,43.61422553432379
axis:clearance_mult,0.4,2.2409091650110726,47.0,0.38158300817707225,20.61664537535568
axis:clearance_mult,0.4,2.2409091650110726,50.0,0.0010407475548629141,6.579045176086477
axis:clearance_mult,0.45,2.2068582516069712,15.0,0.0,
axis:clearance_mult,0.45,2.2068582516069712,20.0,0.12184195745356109,5.2329041827619776
axis:clearance_mult,0.45,2.2068582516069712,25.0,0.5373434091437178,11.988065335235563
axis:clearance_mult,0.45,2.2068582516069712,27.0,0.8284544534169025,18.410197843369364
axis:clearance_mult,0.45,2.2068582516069712,30.0,1.2043368423103389,23.6353749930846
axis:clearance_mult,0.45,2.2068582516069712,35.0,1.531162392490915,31.02310487478139
axis:clearance_mult,0.45,2.2068582516069712,37.0,1.6020009002965303,34.737389160602234
axis:clearance_mult,0.45,2.2068582516069712,40.0,1.6632101167159208,38.61205268090395
axis:clearance_mult,0.45,2.2068582516069712,43.0,1.6234502068383596,37.67668480200421
axis:clearance_mult,0.45,2.2068582516069712,45.0,1.4164568003073983,43.57127897412461
axis:clearance_mult,0.45,2.2068582516069712,47.0,0.38163569014169024,20.599403649846586
axis:clearance_mult,0.45,2.2068582516069712,50.0,0.0010407750922601315,6.579158572084637
axis:clearance_mult,0.5,-14.507541909327633,15.0,0.00027686935645032467,0.6152020482041092
axis:clearance_mult,0.5,-14.507541909327633,20.0,0.1222591299542437,5.217393327594862
axis:clearance_mult,0.5,-14.507541909327633,25.0,0.53791564612191,11.994690539361782
axis:clearance_mult,0.5,-14.507541909327633,27.0,0.8290001478314843,18.436059204298743
axis:clearance_mult,0.5,-14.507541909327633,30.0,1.2049461122161376,23.657523147651577
axis:clearance_mult,0.5,-14.507541909327633,35.0,1.5315900104138982,31.03050631529143
axis:clearance_mult,0.5,-14.507541909327633,37.0,1.6024367568127318,34.74956018039636
axis:clearance_mult,0.5,-14.507541909327633,40.0,1.6636930533291459,38.65879439569531
axis:clearance_mult,0.5,-14.507541909327633,43.0,1.6239419810472604,37.69401410356859
axis:clearance_mult,0.5,-14.507541909327633,45.0,1.4173506634961797,43.52771679673919
axis:clearance_mult,0.5,-14.507541909327633,47.0,0.38168912727561266,20.581914772936596
axis:clearance_mult,0.5,-14.507541909327633,50.0,0.001040791601627234,6.673464335645588
axis:clearance_mult,0.55,-14.35680181725726,15.0,0.0007146356721850727,0.6227832205408398
axis:clearance_mult,0.55,-14.35680181725726,20.0,0.12268228240776535,5.201660132051214
axis:clearance_mult,0.55,-14.35680181725726,25.0,0.5384960858047534,12.001410711994126
axis:clearance_mult,0.55,-14.35680181725726,27.0,0.8295536644611621,18.462291274234655
axis:clearance_mult,0.55,-14.35680181725726,30.0,1.2055641156577057,23.679988784257265
axis:clearance_mult,0.55,-14.35680181725726,35.0,1.5320237579962304,31.038013850375695
axis:clearance_mult,0.55,-14.35680181725726,37.0,1.6028399793186177,34.755565831573584
axis:clearance_mult,0.55,-14.35680181725726,40.0,1.6641829125634835,38.70620612774929
axis:clearance_mult,0.55,-14.35680181725726,43.0,1.6244356876807469,37.711615574033424
axis:clearance_mult,0.55,-14.35680181725726,45.0,1.4182573397424014,43.48353017806563
axis:clearance_mult,0.55,-14.35680181725726,47.0,0.3817433304037508,20.564175201834335
axis:clearance_mult,0.55,-14.35680181725726,50.0,0.0010408083431182333,6.769121924556172
axis:clearance_mult,0.6000000000000001,-14.16228354990943,15.0,0.0011586771463342025,0.6304730651427406
axis:clearance_mult,0.6000000000000001,-14.16228354990943,20.0,0.12311150054469731,5.1857014093700835
axis:clearance_mult,0.6000000000000001,-14.16228354990943,25.0,0.5390848458418852,12.008227215781453
axis:clearance_mult,0.6000000000000001,-14.16228354990943,27.0,0.8301151155477221,18.488899368617474
axis:clearance_mult,0.6000000000000001,-14.16228354990943,30.0,1.2061909779455446,23.70277645546753
axis:clearance_mult,0.6000000000000001,-14.16228354990943,35.0,1.532457002198818,31.04631940178377
axis:clearance_mult,0.6000000000000001,-14.16228354990943,37.0,1.6032489818729958,34.76165757357841
axis:clearance_mult,0.6000000000000001,-14.16228354990943,40.0,1.6646797937434434,38.75429748607298
axis:clearance_mult,0.6000000000000001,-14.16228354990943,43.0,1.6249260676489699,37.72900425935586
axis:clearance_mult,0.6000000000000001,-14.16228354990943,45.0,1.4191770127707781,43.43871016567284
axis:clearance_mult,0.6000000000000001,-14.16228354990943,47.0,0.3817981998106175,20.54766448188857
axis:clearance_mult,0.6000000000000001,-14.16228354990943,50.0,0.001040818472860696,6.759688349199781
axis:clearance_mult,0.65,-13.96354716951037,15.0,0.0016090837300751178,0.638273139771798
axis:clearance_mult,0.65,-13.96354716951037,20.0,0.12354687130251124,5.169513926356691
axis:clearance_mult,0.65,-13.96354716951037,25.0,0.5396820454330283,12.015141430252392
axis:clearance_mult,0.65,-13.96354716951037,27.0,0.8306846147127485,18.515888876045455
axis:clearance_mult,0.65,-13.96354716951037,30.0,1.2068268259464712,23.725890775855948
axis:clearance_mult,0.65,-13.96354716951037,35.0,1.5328944809310705,31.054946964830943
axis:clearance_mult,0.65,-13.96354716951037,37.0,1.603663847242532,34.76783663617921
axis:clearance_mult,0.65,-13.96354716951037,40.0,1.6651007277905636,38.78419541354637
axis:clearance_mult,0.65,-13.96354716951037,43.0,1.6254234769369573,37.746642201132914
axis:clearance_mult,0.65,-13.96354716951037,45.0,1.4201098688273097,43.39324768157021
axis:clearance_mult,0.65,-13.96354716951037,47.0,0.38181232325497233,20.527798525705055
axis:clearance_mult,0.65,-13.96354716951037,50.0,0.0010408270455670493,6.732650230953986
axis:clearance_mult,0.7000000000000001,2.216712685159826,15.0,0.0020659466640430813,0.6461850245195793
axis:clearance_mult,0.7000000000000001,2.216712685159826,20.0,0.12398848287960336,5.153094403973965
axis:clearance_mult,0.7000000000000001,2.216712685159826,25.0,0.5402878055778014,12.022154756485406
axis:clearance_mult,0.7000000000000001,2.216712685159826,27.0,0.8312622773598334,18.543265264391056
axis:clearance_mult,0.7000000000000001,2.216712685159826,30.0,1.207471788506403,23.74933642831865
axis:clearance_mult,0.7000000000000001,2.216712685159826,35.0,1.5333382306993475,31.06369819962409
axis:clearance_mult,0.7000000000000001,2.216712685159826,37.0,1.6040846594969977,34.77410427251235
axis:clearance_mult,0.7000000000000001,2.216712685159826,40.0,1.6655168828320042,38.81293213119748
axis:clearance_mult,0.7000000000000001,2.216712685159826,43.0,1.6259280163351362,37.7645329738707
axis:clearance_mult,0.7000000000000001,2.216712685159826,45.0,1.4210560969028825,43.347133515787036
axis:clearance_mult,0.7000000000000001,2.216712685159826,47.0,0.3818252228888591,20.507521082198764
axis:clearance_mult,0.7000000000000001,2.216712685159826,50.0,0.001040836010271704,6.705224704417767
axis:clearance_mult,0.75,2.1485139717408313,15.0,0.0025293584966988667,0.6542103221276392
axis:clearance_mult,0.75,2.1485139717408313,20.0,0.12443642473126512,5.136439515928744
axis:clearance_mult,0.75,2.1485139717408313,25.0,0.5409022489874064,12.0292686151974
axis:clearance_mult,0.75,2.1485139717408313,27.0,0.8318482205083473,18.571034079396195
axis:clearance_mult,0.75,2.1485139717408313,30.0,1.2081259962779307,23.773118162333176
axis:clearance_mult,0.75,2.1485139717408313,35.0,1.5337883413957705,31.07257487893527
axis:clearance_mult,0.75,2.1485139717408313,37.0,1.6045072636455688,34.78099962224141
axis:clearance_mult,0.75,2.1485139717408313,40.0,1.6659390032451584,38.84208077513984
axis:clearance_mult,0.75,2.1485139717408313,43.0,1.6264397880500094,37.78268020177331
axis:clearance_mult,0.75,2.1485139717408313,45.0,1.4220158886786143,43.300358326796115
axis:clearance_mult,0.75,2.1485139717408313,47.0,0.3818383074325473,20.486952971813036
axis:clearance_mult,0.75,2.1485139717408313,50.0,0.0010408451072729823,6.677406054488626
axis:clearance_mult,0.8,-13.379895691368574,15.0,0.0029994131033360713,0.6623506583114579
axis:clearance_mult,0.8,-13.379895691368574,20.0,0.12489078760990549,5.1195458887544065
axis:clearance_mult,0.8,-13.379895691368574,25.0,0.5415254106119373,12.036482705642165
axis:clearance_mult,0.8,-13.379895691368574,27.0,0.8324425628550907,18.599200946298314
axis:clearance_mult,0.8,-13.379895691368574,30.0,1.2087895817864778,23.797240795458293
axis:clearance_mult,0.8,-13.379895691368574,35.0,1.5342449042010278,31.081578800947735
axis:clearance_mult,0.8,-13.379895691368574,37.0,1.6049322965496216,34.788454156284075
axis:clearance_mult,0.8,-13.379895691368574,40.0,1.6663671745406126,38.87164725012798
axis:clearance_mult,0.8,-13.379895691368574,43.0,1.6269496294897454,37.8016539573779
axis:clearance_mult,0.8,-13.379895691368574,45.0,1.4229894385832653,43.25291263916484
axis:clearance_mult,0.8,-13.379895691368574,47.0,0.38185157953655213,20.466090027983828
axis:clearance_mult,0.8,-13.379895691368574,50.0,0.0010408543270559432,6.649188622920084
axis:clearance_mult,0.8500000000000001,-13.192726277780292,15.0,0.003476205704605966,0.6706076820911704
axis:clearance_mult,0.8500000000000001,-13.192726277780292,20.0,0.12535166354651134,5.102410099863724
axis:clearance_mult,0.8500000000000001,-13.192726277780292,25.0,0.5421570733928992,12.043791809582991
axis:clearance_mult,0.8500000000000001,-13.192726277780292,27.0,0.8330454247983174,18.62777157096974
axis:clearance_mult,0.8500000000000001,-13.192726277780292,30.0,1.2094626794571555,23.821709214310076
axis:clearance_mult,0.8500000000000001,-13.192726277780292,35.0,1.534708011602821,31.09071178962158
axis:clearance_mult,0.8500000000000001,-13.192726277780292,37.0,1.6053634220850568,34.7960155472963
axis:clearance_mult,0.8500000000000001,-13.192726277780292,40.0,1.6668014834547011,38.901637545558316
axis:clearance_mult,0.8500000000000001,-13.192726277780292,43.0,1.627459654383162,37.82133519648405
axis:clearance_mult,0.8500000000000001,-13.192726277780292,45.0,1.4239769438326615,43.20478684163454
axis:clearance_mult,0.8500000000000001,-13.192726277780292,47.0,0.38186503068303884,20.43545901371478
axis:clearance_mult,0.8500000000000001,-13.192726277780292,50.0,0.0010408639607108227,6.620566853220127
axis:clearance_mult,0.9,-13.01559415124313,15.0,0.003959832886221346,0.6789830661244335
axis:clearance_mult,0.9,-13.01559415124313,20.0,0.12581914590247975,5.085028677991483
axis:clearance_mult,0.9,-13.01559415124313,25.0,0.5427977907171178,12.051205685383875
axis:clearance_mult,0.9,-13.01559415124313,27.0,0.8336569284240096,18.65675174056849
axis:clearance_mult,0.9,-13.01559415124313,30.0,1.2101454256021318,23.846528375011733
axis:clearance_mult,0.9,-13.01559415124313,35.0,1.5351777573876184,31.099975693733548
axis:clearance_mult,0.9,-13.01559415124313,37.0,1.6058007275577348,34.803685325597165
axis:clearance_mult,0.9,-13.01559415124313,40.0,1.6672352944011055,38.933891847908384
axis:clearance_mult,0.9,-13.01559415124313,43.0,1.6279769901967225,37.841298554661584
axis:clearance_mult,0.9,-13.01559415124313,45.0,1.424978604450916,43.15597118563501
axis:clearance_mult,0.9,-13.01559415124313,47.0,0.38187864840605446,20.382220513578115
axis:clearance_mult,0.9,-13.01559415124313,50.0,0.0010408734505927772,6.591534666280791
axis:clearance_mult,0.9500000000000001,-12.840741616028323,15.0,0.0044503926186618544,0.6874785070448691
axis:clearance_mult,0.9500000000000001,-12.840741616028323,20.0,0.12629332938874263,5.067398102498667
axis:clearance_mult,0.9500000000000001,-12.840741616028323,25.0,0.5434476924454458,12.058725836230376
axis:clearance_mult,0.9500000000000001,-12.840741616028323,27.0,0.8342771977211878,18.686147327235897
axis:clearance_mult,0.9500000000000001,-12.840741616028323,30.0,1.2108379586475366,23.8717033068978
axis:clearance_mult,0.9500000000000001,-12.840741616028323,35.0,1.5356542367947295,31.109372393893658
axis:clearance_mult,0.9500000000000001,-12.840741616028323,37.0,1.6062443016411048,34.81146504914777
axis:clearance_mult,0.9500000000000001,-12.840741616028323,40.0,1.6676741447802446,38.966930146250775
axis:clearance_mult,0.9500000000000001,-12.840741616028323,43.0,1.6285017418142322,37.86154808053151
axis:clearance_mult,0.9500000000000001,-12.840741616028323,45.0,1.4259835666844136,43.107810970110854
axis:clearance_mult,0.9500000000000001,-12.840741616028323,47.0,0.38189246133835875,20.32821886672295
axis:clearance_mult,0.9500000000000001,-12.840741616028323,50.0,0.0010408649079624453,6.650239465943973
axis:clearance_mult,1.0,-12.666550085270996,15.0,0.004947984276298281,0.6960957258078031
axis:clearance_mult,1.0,-12.666550085270996,20.0,0.12677431005129772,5.049514801507147
axis:clearance_mult,1.0,-12.666550085270996,25.0,0.5441069101627684,12.066353784181034
axis:clearance_mult,1.0,-12.666550085270996,27.0,0.8349063582258901,18.715964284235792
axis:clearance_mult,1.0,-12.666550085270996,30.0,1.2115404187629217,23.897239108132467
axis:clearance_mult,1.0,-12.666550085270996,35.0,1.5361375462653726,31.118903789643486
axis:clearance_mult,1.0,-12.666550085270996,37.0,1.6066942341049333,34.81935628965304
axis:clearance_mult,1.0,-12.666550085270996,40.0,1.6681192858260459,39.00044203027273
axis:clearance_mult,1.0,-12.666550085270996,43.0,1.6290340154516096,37.8820878715539
axis:clearance_mult,1.0,-12.666550085270996,45.0,1.4268754478539132,43.06579182671638
axis:clearance_mult,1.0,-12.666550085270996,47.0,0.3819064720274715,20.27323912819944
axis:clearance_mult,1.0,-12.666550085270996,50.0,0.0010408925625445173,6.532215705141261
PC1,-1.0,-45.852950046958085,15.0,0.0017975191969716218,0.6535150996049799
PC1,-1.0,-45.852950046958085,20.0,0.09432837468942601,3.2757545966614536
PC1,-1.0,-45.852950046958085,25.0,0.4292271971043339,10.194169801370963
PC1,-1.0,-45.852950046958085,27.0,0.6529514130073814,14.714363870551347
PC1,-1.0,-45.852950046958085,30.0,0.9511091535387229,19.973272986445938
PC1,-1.0,-45.852950046958085,35.0,1.342754257716433,24.46779123788692
PC1,-1.0,-45.852950046958085,37.0,1.429232385193664,27.531540882608205
PC1,-1.0,-45.852950046958085,40.0,1.4996957914660578,30.099487785152963
PC1,-1.0,-45.852950046958085,43.0,1.4873189583621786,30.566805586279724
PC1,-1.0,-45.852950046958085,45.0,1.342742512615335,26.202928969275206
PC1,-1.0,-45.852950046958085,47.0,0.6174027847986483,23.904446788471542
PC1,-1.0,-45.852950046958085,50.0,0.000982225262498081,6.2382747337865245
PC1,-0.9500000000000001,-43.527856042915865,15.0,0.0016553177314545446,0.6575368030712644
PC1,-0.9500000000000001,-43.527856042915865,20.0,0.09627423021965778,3.328990367215555
PC1,-0.9500000000000001,-43.527856042915865,25.0,0.4354696526920181,10.321632010096629
PC1,-0.9500000000000001,-43.527856042915865,27.0,0.6628246098563111,14.98904043014056
PC1,-0.9500000000000001,-43.527856042915865,30.0,0.962866027617968,20.139690095895237
PC1,-0.9500000000000001,-43.527856042915865,35.0,1.3533753482786754,24.816402989432458
PC1,-0.9500000000000001,-43.527856042915865,37.0,1.4383644641431166,27.537310457031097
PC1,-0.9500000000000001,-43.527856042915865,40.0,1.5073767362094086,30.495139592661893
PC1,-0.9500000000000001,-43.527856042915865,43.0,1.4939764005694525,30.915495564082235
PC1,-0.9500000000000001,-43.527856042915865,45.0,1.3468740803102222,26.389120777026005
PC1,-0.9500000000000001,-43.527856042915865,47.0,0.6058671723010094,23.796705413817584
PC1,-0.9500000000000001,-43.527856042915865,50.0,0.0009856135255413136,6.265457047642018
PC1,-0.9,-36.42243298110952,15.0,0.0015289241019540542,0.6621401920671421
PC1,-0.9,-36.42243298110952,20.0,0.09812531201181111,4.666763440274758
PC1,-0.9,-36.42243298110952,25.0,0.44153835333427677,10.445762729943922
PC1,-0.9,-36.42243298110952,27.0,0.6726050965706124,15.261267925593716
PC1,-0.9,-36.42243298110952,30.0,0.9745902163348515,20.30568852837145
PC1,-0.9,-36.42243298110952,35.0,1.3641799062483175,25.120565122230207
PC1,-0.9,-36.42243298110952,37.0,1.4474785838583148,27.627901939623936
PC1,-0.9,-36.42243298110952,40.0,1.5150741693981733,30.89166740736285
PC1,-0.9,-36.42243298110952,43.0,1.5006298511531537,31.264428212481114
PC1,-0.9,-36.42243298110952,45.0,1.35089256760886,26.57078344256396
PC1,-0.9,-36.42243298110952,47.0,0.5931072420980091,23.62758241058942
PC1,-0.9,-36.42243298110952,50.0,0.0009889646557323254,6.292739782162663
PC1,-0.8500000000000001,-34.491373293974,15.0,0.0013801857615412493,0.6660212986088044
PC1,-0.8500000000000001,-34.491373293974,20.0,0.09989625322416956,4.735568663330499
PC1,-0.8500000000000001,-34.491373293974,25.0,0.4474442304142069,10.566773289484324
PC1,-0.8500000000000001,-34.491373293974,27.0,0.6822575240821839,15.532678571624526
PC1,-0.8500000000000001,-34.491373293974,30.0,0.9862898946281626,20.471379137155083
PC1,-0.8500000000000001,-34.491373293974,35.0,1.3749708833233831,25.474463999485828
PC1,-0.8500000000000001,-34.491373293974,37.0,1.4563731606184982,27.84322485055023
PC1,-0.8500000000000001,-34.491373293974,40.0,1.522789307347435,31.28913146578256
PC1,-0.8500000000000001,-34.491373293974,43.0,1.507278442298519,31.613185206980464
PC1,-0.8500000000000001,-34.491373293974,45.0,1.354795105738923,26.747800720879322
PC1,-0.8500000000000001,-34.491373293974,47.0,0.5804205627014242,23.45953196161482
PC1,-0.8500000000000001,-34.491373293974,50.0,0.0009922759726851936,6.320123207703266
PC1,-0.8,-32.66977067952357,15.0,0.0012095637731457142,0.6691960511088937
PC1,-0.8,-32.66977067952357,20.0,0.1015663513225399,4.801055505277885
PC1,-0.8,-32.66977067952357,25.0,0.453197785840633,10.684866718903509
PC1,-0.8,-32.66977067952357,27.0,0.6918128329814978,15.802615424680564
PC1,-0.8,-32.66977067952357,30.0,0.9979727098816918,20.63686562784934
PC1,-0.8,-32.66977067952357,35.0,1.3851801692754842,25.967056369767125
PC1,-0.8,-32.66977067952357,37.0,1.4645691238698564,28.13886571917195
PC1,-0.8,-32.66977067952357,40.0,1.5305232197340513,31.687584770960132
PC1,-0.8,-32.66977067952357,43.0,1.5139217388294195,31.961745137668288
PC1,-0.8,-32.66977067952357,45.0,1.3585737339482258,26.91984965056032
PC1,-0.8,-32.66977067952357,47.0,0.5678131241261947,23.292638710533392
PC1,-0.8,-32.66977067952357,50.0,0.0009955447124603803,6.347753906301723
PC1,-0.75,-30.95322879731234,15.0,0.0010176493735198724,0.6716848282604525
PC1,-0.75,-30.95322879731234,20.0,0.10316157523885519,4.864089630589402
PC1,-0.75,-30.95322879731234,25.0,0.4588091311996847,10.80023850653311
PC1,-0.75,-30.95322879731234,27.0,0.7012992449366985,16.07071672286569
PC1,-0.75,-30.95322879731234,30.0,1.0096458343497705,20.802245268711562
PC1,-0.75,-30.95322879731234,35.0,1.395210569568868,26.484754712976514
PC1,-0.75,-30.95322879731234,37.0,1.4725422497714236,28.54703098227641
PC1,-0.75,-30.95322879731234,40.0,1.5383217060837415,31.96888641895409
PC1,-0.75,-30.95322879731234,43.0,1.5205592113070971,32.3100819056641
PC1,-0.75,-30.95322879731234,45.0,1.3622132965769005,27.086315182024148
PC1,-0.75,-30.95322879731234,47.0,0.5552884816081946,23.126952953688676
PC1,-0.75,-30.95322879731234,50.0,0.000998768460725728,6.375340101442173
PC1,-0.7000000000000001,-29.356769908677432,15.0,0.0008051557581456036,0.6735121782299635
PC1,-0.7000000000000001,-29.356769908677432,20.0,0.10469745535700915,4.92518880764147
PC1,-0.7000000000000001,-29.356769908677432,25.0,0.4642880167605641,10.913077159333316
PC1,-0.7000000000000001,-29.356769908677432,27.0,0.7107256275851692,16.337223639498276
PC1,-0.7000000000000001,-29.356769908677432,30.0,1.0213160106977266,20.967609507696682
PC1,-0.7000000000000001,-29.356769908677432,35.0,1.4051673647770777,26.99883264322237
PC1,-0.7000000000000001,-29.356769908677432,37.0,1.480521698668688,28.955567452737544
PC1,-0.7000000000000001,-29.356769908677432,40.0,1.546200475783902,32.37378156779241
PC1,-0.7000000000000001,-29.356769908677432,43.0,1.527180637602881,32.657687172170135
PC1,-0.7000000000000001,-29.356769908677432,45.0,1.3657196809268914,27.247436539679086
PC1,-0.7000000000000001,-29.356769908677432,47.0,0.5428428543019037,22.962421496689835
PC1,-0.7000000000000001,-29.356769908677432,50.0,0.0010019122017746955,6.403025730373344
PC1,-0.65,-27.9005715037399,15.0,0.0005729051923521979,0.6747063780904227
PC1,-0.65,-27.9005715037399,20.0,0.10613796144759349,4.983152389251339
PC1,-0.65,-27.9005715037399,25.0,0.4696438523786092,11.023564606806568
PC1,-0.65,-27.9005715037399,27.0,0.7201004017704837,16.602365204040705
PC1,-0.65,-27.9005715037399,30.0,1.0329895907265545,21.13304449715099
PC1,-0.65,-27.9005715037399,35.0,1.4150864795663476,27.507379404736998
PC1,-0.65,-27.9005715037399,37.0,1.4887663192006477,29.262481937249213
PC1,-0.65,-27.9005715037399,40.0,1.554103882548333,32.77995317781682
PC1,-0.65,-27.9005715037399,43.0,1.5338141161684031,33.005959164703995
PC1,-0.65,-27.9005715037399,45.0,1.3691192240489098,27.404283139478427
PC1,-0.65,-27.9005715037399,47.0,0.5305104590753078,22.79973622557643
PC1,-0.65,-27.9005715037399,50.0,0.001005066623062607,6.430816468950652
PC1,-0.6000000000000001,-26.556235924806188,15.0,0.00032181289630917525,0.6752988829785341
PC1,-0.6000000000000001,-26.556235924806188,20.0,0.1074869174112247,5.038107990524897
PC1,-0.6000000000000001,-26.556235924806188,25.0,0.47488572289158654,11.131876498502963
PC1,-0.6000000000000001,-26.556235924806188,27.0,0.7293088104392301,16.86497056949669
PC1,-0.6000000000000001,-26.556235924806188,30.0,1.044672569172505,21.298631551774946
PC1,-0.6000000000000001,-26.556235924806188,35.0,1.4242320774852812,27.721374025468574
PC1,-0.6000000000000001,-26.556235924806188,37.0,1.4970496011474457,29.685199190098814
PC1,-0.6000000000000001,-26.556235924806188,40.0,1.562006588170332,33.18615428347145
PC1,-0.6000000000000001,-26.556235924806188,43.0,1.5404300480333977,33.35342548944264
PC1,-0.6000000000000001,-26.556235924806188,45.0,1.3723794705350747,27.555537622868265
PC1,-0.6000000000000001,-26.556235924806188,47.0,0.5182690586707256,22.638611832326664
PC1,-0.6000000000000001,-26.556235924806188,50.0,0.001008135171138288,6.4587072244449315
PC1,-0.55,-8.094769137664684,15.0,5.2886599820157256e-05,0.6753241044099076
PC1,-0.55,-8.094769137664684,20.0,0.10874830904192027,5.090188622836193
PC1,-0.55,-8.094769137664684,25.0,0.4800223997420153,11.23818242860147
PC1,-0.55,-8.094769137664684,27.0,0.7382332414828512,17.120520479919985
PC1,-0.55,-8.094769137664684,30.0,1.0563724237256378,21.46447207961673
PC1,-0.55,-8.094769137664684,35.0,1.4333388690633238,27.724679706372342
PC1,-0.55,-8.094769137664684,37.0,1.5053255954538358,30.107949142008952
PC1,-0.55,-8.094769137664684,40.0,1.569919841999866,33.59293883684121
PC1,-0.55,-8.094769137664684,43.0,1.5470371604707431,33.70052060063064
PC1,-0.55,-8.094769137664684,45.0,1.3755071242830612,27.701472367678086
PC1,-0.55,-8.094769137664684,47.0,0.5061355736453008,22.47904612601888
PC1,-0.55,-8.094769137664684,50.0,0.00101114478943787,6.486700445095728
PC1,-0.5,-7.081362780242108,15.0,0.0,
PC1,-0.5,-7.081362780242108,20.0,0.10992623623164766,5.139531100899586
PC1,-0.5,-7.081362780242108,25.0,0.4850623495117883,11.34264610082652
PC1,-0.5,-7.081362780242108,27.0,0.7457157056791561,17.33645946086902
PC1,-0.5,-7.081362780242108,30.0,1.0681023351750158,21.63139360414918
PC1,-0.5,-7.081362780242108,35.0,1.4424511988553994,27.728001171712965
PC1,-0.5,-7.081362780242108,37.0,1.5136080006368133,30.53192612467447
PC1,-0.5,-7.081362780242108,40.0,1.577734989659727,33.99765589372376
PC1,-0.5,-7.081362780242108,43.0,1.5536381196415294,34.04737739466485
PC1,-0.5,-7.081362780242108,45.0,1.3785087061488575,27.986183628195356
PC1,-0.5,-7.081362780242108,47.0,0.4941152278010117,22.321112762175677
PC1,-0.5,-7.081362780242108,50.0,0.001014092727315375,6.51479593125422
PC1,-0.45,-6.357724040734853,15.0,0.0,
PC1,-0.45,-6.357724040734853,20.0,0.11102815848513352,5.186384209548225
PC1,-0.45,-6.357724040734853,25.0,0.490083161348303,11.446766881595869
PC1,-0.45,-6.357724040734853,27.0,0.7531498206284638,17.526525000600373
PC1,-0.45,-6.357724040734853,30.0,1.0796807569741396,21.7995205695539
PC1,-0.45,-6.357724040734853,35.0,1.4515739124007183,27.731377459077372
PC1,-0.45,-6.357724040734853,37.0,1.5218825706370167,30.68713838442876
PC1,-0.45,-6.357724040734853,40.0,1.5854733370696645,34.400878196410744
PC1,-0.45,-6.357724040734853,43.0,1.5602289875204303,34.393800190482295
PC1,-0.45,-6.357724040734853,45.0,1.3813232171415644,27.97569625306585
PC1,-0.45,-6.357724040734853,47.0,0.4822133505992324,22.164886883714125
PC1,-0.45,-6.357724040734853,50.0,0.001016974524053713,6.54299372871314
PC1,-0.4,-5.5080555790564745,15.0,0.0,
PC1,-0.4,-5.5080555790564745,20.0,0.11207953794031594,5.231596727488524
PC1,-0.4,-5.5080555790564745,25.0,0.49503254637628197,11.549534491618166
PC1,-0.4,-5.5080555790564745,27.0,0.7604106108286114,17.268692284471857
PC1,-0.4,-5.5080555790564745,30.0,1.0912874226164142,21.96821924376007
PC1,-0.4,-5.5080555790564745,35.0,1.4605828050808134,27.809655920225968
PC1,-0.4,-5.5080555790564745,37.0,1.5301634651567273,31.107373462244315
PC1,-0.4,-5.5080555790564745,40.0,1.593226632539502,34.80491190456888
PC1,-0.4,-5.5080555790564745,43.0,1.5668080257053163,34.73970274587173
PC1,-0.4,-5.5080555790564745,45.0,1.3839340074943989,28.100835939925613
PC1,-0.4,-5.5080555790564745,47.0,0.4704344422829276,22.01043196508079
PC1,-0.4,-5.5080555790564745,50.0,0.0010197864056975163,6.5712942570463575
PC1,-0.35000000000000003,-4.822269674042342,15.0,0.0,
PC1,-0.35000000000000003,-4.822269674042342,20.0,0.11305865288699465,5.274444887061268
PC1,-0.35000000000000003,-4.822269674042342,25.0,0.4999075713597297,11.250028547163677
PC1,-0.35000000000000003,-4.822269674042342,27.0,0.7676258776388503,17.40681333258734
PC1,-0.35000000000000003,-4.822269674042342,30.0,1.1039463141040016,22.15131596258509
PC1,-0.35000000000000003,-4.822269674042342,35.0,1.468963542036437,28.162956800815998
PC1,-0.35000000000000003,-4.822269674042342,37.0,1.538447297638626,31.527813909784054
PC1,-0.35000000000000003,-4.822269674042342,40.0,1.6009958013159558,35.209803543956475
PC1,-0.35000000000000003,-4.822269674042342,43.0,1.573374054165737,35.08502660022017
PC1,-0.35000000000000003,-4.822269674042342,45.0,1.386432957077885,28.221499507673744
PC1,-0.35000000000000003,-4.822269674042342,47.0,0.4587831018125765,21.857812870432383
PC1,-0.35000000000000003,-4.822269674042342,50.0,0.001022524215107015,6.5996977089513
PC1,-0.30000000000000004,-4.269487446054775,15.0,0.0,
PC1,-0.30000000000000004,-4.269487446054775,20.0,0.11398200576601217,5.1528816637465
PC1,-0.30000000000000004,-4.269487446054775,25.0,0.5047226863565644,11.35041602747349
PC1,-0.30000000000000004,-4.269487446054775,27.0,0.7747940441404279,17.513020507223697
PC1,-0.30000000000000004,-4.269487446054775,30.0,1.1174774375013865,22.34656999640335
PC1,-0.30000000000000004,-4.269487446054775,35.0,1.4772672640082263,28.342884762233
PC1,-0.30000000000000004,-4.269487446054775,37.0,1.546746290241418,31.949055150025245
PC1,-0.30000000000000004,-4.269487446054775,40.0,1.608788450212157,35.61593390752557
PC1,-0.30000000000000004,-4.269487446054775,43.0,1.5799258204374327,35.42970969002614
PC1,-0.30000000000000004,-4.269487446054775,45.0,1.3888210396933365,28.488269575002796
PC1,-0.30000000000000004,-4.269487446054775,47.0,0.4472637673275398,21.70709220133615
PC1,-0.30000000000000004,-4.269487446054775,50.0,0.001025183388140209,6.62820404621739
PC1,-0.25,-3.733581041375401,15.0,0.0,
PC1,-0.25,-3.733581041375401,20.0,0.11484580776723124,5.192478968159087
PC1,-0.25,-3.733581041375401,25.0,0.5094756872931601,11.449621754621568
PC1,-0.25,-3.733581041375401,27.0,0.7819324751789768,17.616438843633095
PC1,-0.25,-3.733581041375401,30.0,1.1307152129727884,22.53776860388192
PC1,-0.25,-3.733581041375401,35.0,1.485524455941775,28.760215538048776
PC1,-0.25,-3.733581041375401,37.0,1.5550925699122975,32.37266192882367
PC1,-0.25,-3.733581041375401,40.0,1.6166517143014085,36.02566131431201
PC1,-0.25,-3.733581041375401,43.0,1.5862350647538883,35.76826988777618
PC1,-0.25,-3.733581041375401,45.0,1.3910778727045092,28.448717112204516
PC1,-0.25,-3.733581041375401,47.0,0.4358806807089435,21.558329798090554
PC1,-0.25,-3.733581041375401,50.0,0.0010277600975846504,6.656813966803971
PC1,-0.2,0.40183563421935187,15.0,0.0,
PC1,-0.2,0.40183563421935187,20.0,0.11564969673184099,5.230069731123975
PC1,-0.2,0.40183563421935187,25.0,0.5141735487313405,11.547781540439802
PC1,-0.2,0.40183563421935187,27.0,0.7890494476774806,17.719590429658748
PC1,-0.2,0.40183563421935187,30.0,1.1439639652689588,22.696713563584353
PC1,-0.2,0.40183563421935187,35.0,1.4937537415969582,29.17625303301669
PC1,-0.2,0.40183563421935187,37.0,1.5635063037922485,32.79961657505995
PC1,-0.2,0.40183563421935187,40.0,1.6245355736059153,36.43648359806401
PC1,-0.2,0.40183563421935187,43.0,1.592438008037321,36.09877784575773
PC1,-0.2,0.40183563421935187,45.0,1.393504931124412,38.246770667510155
PC1,-0.2,0.40183563421935187,47.0,0.4246367222894461,21.414616643094522
PC1,-0.2,0.40183563421935187,50.0,0.0010302767120431396,6.685528452862903
PC1,-0.15000000000000002,1.8495058560228057,15.0,0.0,
PC1,-0.15000000000000002,1.8495058560228057,20.0,0.1163976102385489,5.26578891627022
PC1,-0.15000000000000002,1.8495058560228057,25.0,0.518822975051394,11.645025940138835
PC1,-0.15000000000000002,1.8495058560228057,27.0,0.7961523088619799,17.82257472808901
PC1,-0.15000000000000002,1.8495058560228057,30.0,1.1574712373769587,22.89167523341744
PC1,-0.15000000000000002,1.8495058560228057,35.0,1.5019756276316119,29.59199250081437
PC1,-0.15000000000000002,1.8495058560228057,37.0,1.5719386044963024,33.22753860586992
PC1,-0.15000000000000002,1.8495058560228057,40.0,1.6324383758357903,36.8498308137975
PC1,-0.15000000000000002,1.8495058560228057,43.0,1.598605339202396,36.42728989155249
PC1,-0.15000000000000002,1.8495058560228057,45.0,1.397320854927647,43.77719174658148
PC1,-0.15000000000000002,1.8495058560228057,47.0,0.4135366689125878,21.275173465927043
PC1,-0.15000000000000002,1.8495058560228057,50.0,0.0010329693385716528,6.714359108268185
PC1,-0.1,2.208535750052313,15.0,0.0,
PC1,-0.1,2.208535750052313,20.0,0.11709336192057536,5.299767245186038
PC1,-0.1,2.208535750052313,25.0,0.5234304082461011,11.741480403961223
PC1,-0.1,2.208535750052313,27.0,0.8032481253893435,17.925487407174863
PC1,-0.1,2.208535750052313,30.0,1.1707223173334877,23.083098586595145
PC1,-0.1,2.208535750052313,35.0,1.5102054150534008,30.00817660599104
PC1,-0.1,2.208535750052313,37.0,1.5803942008107346,33.65665853590033
PC1,-0.1,2.208535750052313,40.0,1.6403372529580076,37.28181806259896
PC1,-0.1,2.208535750052313,43.0,1.6047471044564774,36.75458323499885
PC1,-0.1,2.208535750052313,45.0,1.4013350546629297,44.0243007314773
PC1,-0.1,2.208535750052313,47.0,0.40258364288646925,21.36614622135509
PC1,-0.1,2.208535750052313,50.0,0.0010355423210593366,6.743292479367956
PC1,-0.05,2.320346315611062,15.0,0.0,
PC1,-0.05,2.320346315611062,20.0,0.11774062941414595,5.332130784890181
PC1,-0.05,2.320346315611062,25.0,0.5280020363906499,11.837265441985632
PC1,-0.05,2.320346315611062,27.0,0.8125584138514012,18.058288129428476
PC1,-0.05,2.320346315611062,30.0,1.1837823685223088,23.27189010730442
PC1,-0.05,2.320346315611062,35.0,1.5184908472078364,30.427122189794975
PC1,-0.05,2.320346315611062,37.0,1.5888751706303208,34.087077787724176
PC1,-0.05,2.320346315611062,40.0,1.6482595523609205,37.71510297943442
PC1,-0.05,2.320346315611062,43.0,1.6108615710902505,37.0805708707183
PC1,-0.05,2.320346315611062,45.0,1.4051867094375354,43.93087856975645
PC1,-0.05,2.320346315611062,47.0,0.39177609859887724,21.09535637260396
PC1,-0.05,2.320346315611062,50.0,0.0010380567457823064,6.772331788434611
PC1,0.0,2.3643166223999525,15.0,0.0,
PC1,0.0,2.3643166223999525,20.0,0.11834294554443316,5.36300064612367
PC1,0.0,2.3643166223999525,25.0,0.532543802270647,11.93249679200692
PC1,0.0,2.3643166223999525,27.0,0.8216112608677082,18.187594921383248
PC1,0.0,2.3643166223999525,30.0,1.1967040950746977,23.458782977987166
PC1,0.0,2.3643166223999525,35.0,1.526831668346873,30.84988746335286
PC1,0.0,2.3643166223999525,37.0,1.597183656240015,34.51427767973442
PC1,0.0,2.3643166223999525,40.0,1.6562052344532008,38.149683724019475
PC1,0.0,2.3643166223999525,43.0,1.6168964144917264,37.41605813237432
PC1,0.0,2.3643166223999525,45.0,1.4088748931669046,43.94666048202531
PC1,0.0,2.3643166223999525,47.0,0.3811249424975039,20.76296383852567
PC1,0.0,2.3643166223999525,50.0,0.0010405139908218374,6.801477600784894
PC1,0.05,2.4938659736618503,15.0,0.0,
PC1,0.05,2.4938659736618503,20.0,0.11890369248228555,5.3924927833334095
PC1,0.05,2.4938659736618503,25.0,0.5370614128545229,12.02728560384618
PC1,0.05,2.4938659736618503,27.0,0.8305443756629405,18.284282490081793
PC1,0.05,2.4938659736618503,30.0,1.210680116041107,23.39828876731892
PC1,0.05,2.4938659736618503,35.0,1.5351939221451991,31.27387539575182
PC1,0.05,2.4938659736618503,37.0,1.6055169283791897,34.94301599079159
PC1,0.05,2.4938659736618503,40.0,1.6641741518379176,38.585552783373494
PC1,0.05,2.4938659736618503,43.0,1.6228598032282284,37.759557427073396
PC1,0.05,2.4938659736618503,45.0,1.412522202663404,44.74700456960768
PC1,0.05,2.4938659736618503,47.0,0.3705293620305678,20.53182648103318
PC1,0.05,2.4938659736618503,50.0,0.0010428337536019247,6.830726419130851
PC1,0.1,2.392680796229104,15.0,0.0,
PC1,0.1,2.392680796229104,20.0,0.11942609837044198,5.420717879188034
PC1,0.1,2.392680796229104,25.0,0.5429599453308613,12.148903662081127
PC1,0.1,2.392680796229104,27.0,0.8400437573052385,18.41931533642693
PC1,0.1,2.392680796229104,30.0,1.2243080984402124,23.598744952606047
PC1,0.1,2.392680796229104,35.0,1.5435892165273273,31.699534199693638
PC1,0.1,2.392680796229104,37.0,1.6138872076944175,35.37364930714609
PC1,0.1,2.392680796229104,40.0,1.6721660575552206,39.022697405621635
PC1,0.1,2.392680796229104,43.0,1.628794497335887,38.101569791697266
PC1,0.1,2.392680796229104,45.0,1.416005343888161,44.66092161366413
PC1,0.1,2.392680796229104,47.0,0.3600438251708734,20.238927248706617
PC1,0.1,2.392680796229104,50.0,0.0010450113622304834,6.860078521117179
PC1,0.15000000000000002,2.3041663449741736,15.0,0.0,
PC1,0.15000000000000002,2.3041663449741736,20.0,0.11991323612647611,5.447781303604613
PC1,0.15000000000000002,2.3041663449741736,25.0,0.5486650103229535,12.265980432142333
PC1,0.15000000000000002,2.3041663449741736,27.0,0.8521042631968403,18.2432382012233
PC1,0.15000000000000002,2.3041663449741736,30.0,1.2376313137298856,23.794913710101728
PC1,0.15000000000000002,2.3041663449741736,35.0,1.5520207194099183,32.127018375010586
PC1,0.15000000000000002,2.3041663449741736,37.0,1.622296271590768,35.80626585280927
PC1,0.15000000000000002,2.3041663449741736,40.0,1.6801808685067854,39.46111346350152
PC1,0.15000000000000002,2.3041663449741736,43.0,1.6349380533728468,38.45501425149383
PC1,0.15000000000000002,2.3041663449741736,45.0,1.4193041414854264,44.57936121365295
PC1,0.15000000000000002,2.3041663449741736,47.0,0.3497366089098902,19.978734820507178
PC1,0.15000000000000002,2.3041663449741736,50.0,0.0010471466884796209,6.8895389861740775
PC1,0.2,2.134232963799835,15.0,0.0,
PC1,0.2,2.134232963799835,20.0,0.12036802405652378,5.4737831347597625
PC1,0.2,2.134232963799835,25.0,0.5566031401501371,12.070963236500349
PC1,0.2,2.134232963799835,27.0,0.8632459889219979,18.403620026184754
PC1,0.2,2.134232963799835,30.0,1.2503603386877804,23.80150128094012
PC1,0.2,2.134232963799835,35.0,1.5604927110829299,32.55653659266549
PC1,0.2,2.134232963799835,37.0,1.6307456600678794,36.24094210016022
PC1,0.2,2.134232963799835,40.0,1.688215425194047,39.900634925819624
PC1,0.2,2.134232963799835,43.0,1.6415940832198554,38.83640204025381
PC1,0.2,2.134232963799835,45.0,1.4224190753524508,44.502311593773925
PC1,0.2,2.134232963799835,47.0,0.3396068647075551,19.75297241325263
PC1,0.2,2.134232963799835,50.0,0.0010491274244567772,6.919102738919866
PC1,0.25,1.9053388633923007,15.0,0.0,
PC1,0.25,1.9053388633923007,20.0,0.12079322797006599,5.498818231482736
PC1,0.25,1.9053388633923007,25.0,0.5650364127472769,12.230665042480087
PC1,0.25,1.9053388633923007,27.0,0.8733980292472524,18.51111274945301
PC1,0.25,1.9053388633923007,30.0,1.2613807868459261,23.84920761654093
PC1,0.25,1.9053388633923007,35.0,1.5690095809658156,32.988302838857784
PC1,0.25,1.9053388633923007,37.0,1.639236585274594,36.67773829254582
PC1,0.25,1.9053388633923007,40.0,1.6962469166989538,40.254035114377444
PC1,0.25,1.9053388633923007,43.0,1.6481897251593043,39.157079745323486
PC1,0.25,1.9053388633923007,45.0,1.4253507459279555,44.429758020528006
PC1,0.25,1.9053388633923007,47.0,0.32965492171678984,19.546259372840204
PC1,0.25,1.9053388633923007,50.0,0.0010516605197013896,6.948803794390013
PC1,0.30000000000000004,1.2008556626916533,15.0,0.0,
PC1,0.30000000000000004,1.2008556626916533,20.0,0.12119146451197836,5.52297634731667
PC1,0.30000000000000004,1.2008556626916533,25.0,0.5727401435577578,14.19753633814049
PC1,0.30000000000000004,1.2008556626916533,27.0,0.8827913745267059,18.64796658539259
PC1,0.30000000000000004,1.2008556626916533,30.0,1.2721875756123244,23.701852946242443
PC1,0.30000000000000004,1.2008556626916533,35.0,1.577573259519843,33.42241135446583
PC1,0.30000000000000004,1.2008556626916533,37.0,1.6477667172844481,37.117205153965344
PC1,0.30000000000000004,1.2008556626916533,40.0,1.7042850490851797,40.55192170205479
PC1,0.30000000000000004,1.2008556626916533,43.0,1.6547171013268995,39.407255486527895
PC1,0.30000000000000004,1.2008556626916533,45.0,1.4281053379577586,44.36154873951903
PC1,0.30000000000000004,1.2008556626916533,47.0,0.3198555172770444,19.346190124820062
PC1,0.30000000000000004,1.2008556626916533,50.0,0.0010554956322891087,6.978677171827998
PC1,0.35000000000000003,0.8128345384200126,15.0,0.0,
PC1,0.35000000000000003,0.8128345384200126,20.0,0.12156520546014081,5.546342277631165
PC1,0.35000000000000003,0.8128345384200126,25.0,0.5799366593802253,14.347160656044155
PC1,0.35000000000000003,0.8128345384200126,27.0,0.8916957900056169,18.778218679242496
PC1,0.35000000000000003,0.8128345384200126,30.0,1.2830030497106157,23.554380141125407
PC1,0.35000000000000003,0.8128345384200126,35.0,1.5861865236439316,33.858997600992126
PC1,0.35000000000000003,0.8128345384200126,37.0,1.6563101878315727,37.56349380717741
PC1,0.35000000000000003,0.8128345384200126,40.0,1.7123391870474056,40.85042804588124
PC1,0.35000000000000003,0.8128345384200126,43.0,1.6612114139978498,39.656348422931536
PC1,0.35000000000000003,0.8128345384200126,45.0,1.4307027371108454,44.29719581985756
PC1,0.35000000000000003,0.8128345384200126,47.0,0.3101958414365835,19.09856877627855
PC1,0.35000000000000003,0.8128345384200126,50.0,0.001059293255864674,7.008660757453181
PC1,0.4,0.5041078118534257,15.0,0.0,
PC1,0.4,0.5041078118534257,20.0,0.12208563084172738,5.5747758142914785
PC1,0.4,0.5041078118534257,25.0,0.5864758012466599,14.298045188489152
PC1,0.4,0.5041078118534257,27.0,0.9002799472963751,18.90407807902628
PC1,0.4,0.5041078118534257,30.0,1.2938496537377575,23.40648058461255
PC1,0.4,0.5041078118534257,35.0,1.594853388060776,34.29825732026258
PC1,0.4,0.5041078118534257,37.0,1.6648974028962376,38.012053964211745
PC1,0.4,0.5041078118534257,40.0,1.720387080057561,41.13902603809552
PC1,0.4,0.5041078118534257,43.0,1.6676675238597243,39.903462707943085
PC1,0.4,0.5041078118534257,45.0,1.4331302592295476,45.12391352758286
PC1,0.4,0.5041078118534257,47.0,0.3007215216042272,18.77909151900929
PC1,0.4,0.5041078118534257,50.0,0.0010630500898339268,7.038754647877395
PC1,0.45,0.04481620167565481,15.0,0.0,
PC1,0.45,0.04481620167565481,20.0,0.12269843527470885,5.596334582218814
PC1,0.45,0.04481620167565481,25.0,0.5925648610210588,14.257160165151825
PC1,0.45,0.04481620167565481,27.0,0.9086475534039465,19.026975376032915
PC1,0.45,0.04481620167565481,30.0,1.30446568951131,23.54564497355922
PC1,0.45,0.04481620167565481,35.0,1.6035754256305554,34.740267341314464
PC1,0.45,0.04481620167565481,37.0,1.6735285640830282,38.462896043795425
PC1,0.45,0.04481620167565481,40.0,1.7277861939832857,41.399905171760224
PC1,0.45,0.04481620167565481,43.0,1.6738747783696577,40.09914876469525
PC1,0.45,0.04481620167565481,45.0,1.4355117265785227,45.06772744862685
PC1,0.45,0.04481620167565481,47.0,0.29143390055024493,18.539297289260524
PC1,0.45,0.04481620167565481,50.0,0.0010672740223753347,7.068983452529814
PC1,0.5,-0.2518468917440737,15.0,0.0,
PC1,0.5,-0.2518468917440737,20.0,0.12337661598906394,5.630206014804698
PC1,0.5,-0.2518468917440737,25.0,0.5983375066698676,14.21829166297153
PC1,0.5,-0.2518468917440737,27.0,0.9168728940302672,19.147935334253955
PC1,0.5,-0.2518468917440737,30.0,1.3146786437758116,23.693261246065664
PC1,0.5,-0.2518468917440737,35.0,1.6122028720930355,35.1815616231942
PC1,0.5,-0.2518468917440737,37.0,1.6822042889394995,38.91605146818599
PC1,0.5,-0.2518468917440737,40.0,1.7351727302676885,41.66041362759712
PC1,0.5,-0.2518468917440737,43.0,1.6800348129321068,40.29349223072902
PC1,0.5,-0.2518468917440737,45.0,1.4377375357523476,45.01501750683399
PC1,0.5,-0.2518468917440737,47.0,0.2823427277169026,18.867295332079536
PC1,0.5,-0.2518468917440737,50.0,0.001071544622543717,7.099327524392955
PC1,0.55,-0.8090952124735058,15.0,0.0,
PC1,0.55,-0.8090952124735058,20.0,0.1239499708401921,5.660544864393451
PC1,0.55,-0.8090952124735058,25.0,0.6038876424331552,14.180840594871627
PC1,0.55,-0.8090952124735058,27.0,0.9250103199874847,19.267707742806376
PC1,0.55,-0.8090952124735058,30.0,1.324370324415105,23.850074141223384
PC1,0.55,-0.8090952124735058,35.0,1.620819546522824,35.62416640868095
PC1,0.55,-0.8090952124735058,37.0,1.6909246955686734,39.371526441566964
PC1,0.55,-0.8090952124735058,40.0,1.742481682207619,41.90643802484818
PC1,0.55,-0.8090952124735058,43.0,1.6861453220487974,40.48642527824451
PC1,0.55,-0.8090952124735058,45.0,1.4398656636840192,44.96448782105912
PC1,0.55,-0.8090952124735058,47.0,0.27344007271554616,18.611364056886316
PC1,0.55,-0.8090952124735058,50.0,0.001075797086384341,7.129784172544753
PC1,0.6000000000000001,-1.6793487087730865,15.0,0.0,
PC1,0.6000000000000001,-1.6793487087730865,20.0,0.12489868790576635,5.130155966706643
PC1,0.6000000000000001,-1.6793487087730865,25.0,0.6092822259282707,14.144379786287772
PC1,0.6000000000000001,-1.6793487087730865,27.0,0.9331004297861689,19.38685269649419
PC1,0.6000000000000001,-1.6793487087730865,30.0,1.3340029442485475,24.01439453537143
PC1,0.6000000000000001,-1.6793487087730865,35.0,1.6294945441063533,36.06972121086695
PC1,0.6000000000000001,-1.6793487087730865,37.0,1.6996894374878446,39.829303710209885
PC1,0.6000000000000001,-1.6793487087730865,40.0,1.7492721119172179,42.28791340754357
PC1,0.6000000000000001,-1.6793487087730865,43.0,1.692203956714126,40.677878796590534
PC1,0.6000000000000001,-1.6793487087730865,45.0,1.4420507462612278,44.91268202663878
PC1,0.6000000000000001,-1.6793487087730865,47.0,0.2647255045413164,18.361756741135398
PC1,0.6000000000000001,-1.6793487087730865,50.0,0.0010800282937767618,7.160353732025258
PC1,0.65,-2.1865875497326805,15.0,0.0,
PC1,0.65,-2.1865875497326805,20.0,0.12575658942794563,5.163839346827701
PC1,0.65,-2.1865875497326805,25.0,0.6145699854633927,14.108598360952076
PC1,0.65,-2.1865875497326805,27.0,0.9411741759286941,19.50579723665165
PC1,0.65,-2.1865875497326805,30.0,1.343204181142481,24.317253267959092
PC1,0.65,-2.1865875497326805,35.0,1.638229085634513,36.51828669977728
PC1,0.65,-2.1865875497326805,37.0,1.7084986160987246,40.28938863678361
PC1,0.65,-2.1865875497326805,40.0,1.7559067056283457,42.767933948802884
PC1,0.65,-2.1865875497326805,43.0,1.6982083246923776,40.86778240044523
PC1,0.65,-2.1865875497326805,45.0,1.4443630857526648,47.11444482761218
PC1,0.65,-2.1865875497326805,47.0,0.2561989384826797,18.11795247658152
PC1,0.65,-2.1865875497326805,50.0,0.0010842369531316937,7.19103680330337
PC1,0.7000000000000001,-2.9174824184890515,15.0,0.0,
PC1,0.7000000000000001,-2.9174824184890515,20.0,0.12648464766881812,5.193897734380906
PC1,0.7000000000000001,-2.9174824184890515,25.0,0.6197870987436505,14.073265512210318
PC1,0.7000000000000001,-2.9174824184890515,27.0,0.949255640682571,19.624873639236508
PC1,0.7000000000000001,-2.9174824184890515,30.0,1.3524436660380497,24.621360269038302
PC1,0.7000000000000001,-2.9174824184890515,35.0,1.6470239140058947,36.96989988876253
PC1,0.7000000000000001,-2.9174824184890515,37.0,1.7173517490882633,40.751757110743824
PC1,0.7000000000000001,-2.9174824184890515,40.0,1.7625336860136123,43.247506352834286
PC1,0.7000000000000001,-2.9174824184890515,43.0,1.7041559908308934,41.05606443905884
PC1,0.7000000000000001,-2.9174824184890515,45.0,1.4465108530737947,47.208422246145325
PC1,0.7000000000000001,-2.9174824184890515,47.0,0.24785994969630246,17.880201546983237
PC1,0.7000000000000001,-2.9174824184890515,50.0,0.0010884207913102212,7.22183366724441
PC1,0.75,-3.518504150947373,15.0,0.0,
PC1,0.75,-3.518504150947373,20.0,0.1271357741991454,5.678716653669682
PC1,0.75,-3.518504150947373,25.0,0.62496096057971,14.038206466011097
PC1,0.75,-3.518504150947373,27.0,0.9573639434905251,19.74434572501002
PC1,0.75,-3.518504150947373,30.0,1.36175020173758,24.927623150083853
PC1,0.75,-3.518504150947373,35.0,1.6558796437542076,37.42459143748976
PC1,0.75,-3.518504150947373,37.0,1.726013269215837,41.15971066954725
PC1,0.75,-3.518504150947373,40.0,1.7691069613210113,43.72342074722946
PC1,0.75,-3.518504150947373,43.0,1.7100250712749507,41.244181534381795
PC1,0.75,-3.518504150947373,45.0,1.4486373807628483,48.17207297820791
PC1,0.75,-3.518504150947373,47.0,0.23970791875613182,17.648484509322433
PC1,0.75,-3.518504150947373,50.0,0.0010925763537396637,7.252744432693122
PC1,0.8,-4.482742564479528,15.0,0.0,
PC1,0.8,-4.482742564479528,20.0,0.12780269343105505,5.8280666071213085
PC1,0.8,-4.482742564479528,25.0,0.6301127257277308,14.00328625824187
PC1,0.8,-4.482742564479528,27.0,0.9655145718348079,19.864427217036837
PC1,0.8,-4.482742564479528,30.0,1.3711085738324493,25.235562727394058
PC1,0.8,-4.482742564479528,35.0,1.6647941997080618,37.88274729872582
PC1,0.8,-4.482742564479528,37.0,1.7342287070707896,41.447481083744805
PC1,0.8,-4.482742564479528,40.0,1.7738554156863904,43.9388741981952
PC1,0.8,-4.482742564479528,43.0,1.715643557633068,41.446086828856295
PC1,0.8,-4.482742564479528,45.0,1.4507445466068218,48.30516695778543
PC1,0.8,-4.482742564479528,47.0,0.23173680207489905,17.370507272958942
PC1,0.8,-4.482742564479528,50.0,0.0010966712273846023,7.4328950646207765
PC1,0.8500000000000001,-5.32816473881064,15.0,0.0,
PC1,0.8500000000000001,-5.32816473881064,20.0,0.12839818622870783,5.930060625095363
PC1,0.8500000000000001,-5.32816473881064,25.0,0.635259052573545,13.96839861047258
PC1,0.8500000000000001,-5.32816473881064,27.0,0.9737203231126956,19.985294732603027
PC1,0.8500000000000001,-5.32816473881064,30.0,1.3804941124331354,25.544401915729736
PC1,0.8500000000000001,-5.32816473881064,35.0,1.6737356040153444,38.34894718830827
PC1,0.8500000000000001,-5.32816473881064,37.0,1.742486541360397,41.73672458331346
PC1,0.8500000000000001,-5.32816473881064,40.0,1.777966632054871,43.846174018130135
PC1,0.8500000000000001,-5.32816473881064,43.0,1.721210888343459,41.64633774991004
PC1,0.8500000000000001,-5.32816473881064,45.0,1.4527048606045116,48.3372061122119
PC1,0.8500000000000001,-5.32816473881064,47.0,0.22394968160403725,17.11269454537381
PC1,0.8500000000000001,-5.32816473881064,50.0,0.0011007949278590608,7.314908753159452
PC1,0.9,-6.333672633439272,15.0,0.0,
PC1,0.9,-6.333672633439272,20.0,0.12893862108030063,6.026181813384284
PC1,0.9,-6.333672633439272,25.0,0.6404133166898477,13.933458187773628
PC1,0.9,-6.333672633439272,27.0,0.9819919801093022,20.107097100464177
PC1,0.9,-6.333672633439272,30.0,1.3894922609851938,25.978263621635428
PC1,0.9,-6.333672633439272,35.0,1.6827390828099016,38.818343907551295
PC1,0.9,-6.333672633439272,37.0,1.7502561865160733,42.043808373491736
PC1,0.9,-6.333672633439272,40.0,1.7820269608194979,43.672769432135716
PC1,0.9,-6.333672633439272,43.0,1.7267244863397788,41.84484834486636
PC1,0.9,-6.333672633439272,45.0,1.4545478190620924,48.451894727505255
PC1,0.9,-6.333672633439272,47.0,0.21634579195995926,16.861669932725064
PC1,0.9,-6.333672633439272,50.0,0.0011048517801936586,7.346163019686046
PC1,0.9500000000000001,-7.447636655309787,15.0,0.0,
PC1,0.9500000000000001,-7.447636655309787,20.0,0.12943639144863137,6.117787325154919
PC1,0.9500000000000001,-7.447636655309787,25.0,0.6455864672422894,13.898395135065124
PC1,0.9500000000000001,-7.447636655309787,27.0,0.9903388014642182,20.22996212618009
PC1,0.9500000000000001,-7.447636655309787,30.0,1.3984841439795077,26.438919981914502
PC1,0.9500000000000001,-7.447636655309787,35.0,1.6918048789141746,39.29094995708309
PC1,0.9500000000000001,-7.447636655309787,37.0,1.757647068356026,42.57556643181515
PC1,0.9500000000000001,-7.447636655309787,40.0,1.7859090921378955,43.66031640398612
PC1,0.9500000000000001,-7.447636655309787,43.0,1.732088703007804,42.02587491047632
PC1,0.9500000000000001,-7.447636655309787,45.0,1.456219483870404,48.44338336066454
PC1,0.9500000000000001,-7.447636655309787,47.0,0.20892405211822004,16.61739424790497
PC1,0.9500000000000001,-7.447636655309787,50.0,0.0011088696902625745,7.3775324327014165
PC1,1.0,-8.64980770319113,15.0,0.0,
PC1,1.0,-8.64980770319113,20.0,0.12990096795509226,6.205914391830397
PC1,1.0,-8.64980770319113,25.0,0.6507876392780946,13.863151170873333
PC1,1.0,-8.64980770319113,27.0,0.9987688819818583,20.35400156211687
PC1,1.0,-8.64980770319113,30.0,1.407558284643696,26.903695257452704
PC1,1.0,-8.64980770319113,35.0,1.700933159963934,39.766774041951784
PC1,1.0,-8.64980770319113,37.0,1.7650808707467889,43.11039312254766
PC1,1.0,-8.64980770319113,40.0,1.7895963135737194,43.82380517712362
PC1,1.0,-8.64980770319113,43.0,1.736951741912191,42.28077450811157
PC1,1.0,-8.64980770319113,45.0,1.457715509061958,48.410983937198644
PC1,1.0,-8.64980770319113,47.0,0.20168323904559265,16.379823114636917
PC1,1.0,-8.64980770319113,50.0,0.0011128454415989702,7.409017235837953
PC2,-1.0,-53.51151660683783,15.0,0.0,
PC2,-1.0,-53.51151660683783,20.0,0.07194823543301815,0.6702796390164616
PC2,-1.0,-53.51151660683783,25.0,0.45267287120452016,14.688460192375855
PC2,-1.0,-53.51151660683783,27.0,0.7509478800191597,16.31881755312444
PC2,-1.0,-53.51151660683783,30.0,1.1318147435813446,22.109622324981785
PC2,-1.0,-53.51151660683783,35.0,1.5152857342095265,29.979386073597365
PC2,-1.0,-53.51151660683783,37.0,1.586740601606702,33.75514813044721
PC2,-1.0,-53.51151660683783,40.0,1.6450012109447072,38.198966465477
PC2,-1.0,-53.51151660683783,43.0,1.6062613851887988,36.571039881344305
PC2,-1.0,-53.51151660683783,45.0,1.4587444959390843,29.881572221829522
PC2,-1.0,-53.51151660683783,47.0,0.7269489534484116,24.865663684774226
PC2,-1.0,-53.51151660683783,50.0,0.0011689429863389223,6.318637404731854
PC2,-0.9500000000000001,-30.71968778677323,15.0,0.0,
PC2,-0.9500000000000001,-30.71968778677323,20.0,0.07391140265556634,1.2094623982945099
PC2,-0.9500000000000001,-30.71968778677323,25.0,0.4584611386592225,14.710326472267516
PC2,-0.9500000000000001,-30.71968778677323,27.0,0.7572537940944055,16.506998671347183
PC2,-0.9500000000000001,-30.71968778677323,30.0,1.136264802923272,22.180559825142534
PC2,-0.9500000000000001,-30.71968778677323,35.0,1.5162024066624675,30.03890922984792
PC2,-0.9500000000000001,-30.71968778677323,37.0,1.5875515267422742,33.80531848691364
PC2,-0.9500000000000001,-30.71968778677323,40.0,1.6458398938057446,38.25262648783661
PC2,-0.9500000000000001,-30.71968778677323,43.0,1.6072085463278798,36.633029047162694
PC2,-0.9500000000000001,-30.71968778677323,45.0,1.4571682301906876,29.823101511996445
PC2,-0.9500000000000001,-30.71968778677323,47.0,0.7076603509717703,24.717389322999107
PC2,-0.9500000000000001,-30.71968778677323,50.0,0.0011624793372292043,6.3419717337838435
PC2,-0.9,-13.67703227845848,15.0,0.0,
PC2,-0.9,-13.67703227845848,20.0,0.0760170578346709,2.264344670282574
PC2,-0.9,-13.67703227845848,25.0,0.46411497841097704,14.732591628066789
PC2,-0.9,-13.67703227845848,27.0,0.7634308319510845,16.691591557875086
PC2,-0.9,-13.67703227845848,30.0,1.140620489374926,22.2501894293148
PC2,-0.9,-13.67703227845848,35.0,1.5170839269323106,30.096774938606767
PC2,-0.9,-13.67703227845848,37.0,1.5883329761705103,33.854041878213835
PC2,-0.9,-13.67703227845848,40.0,1.6466487672813228,38.304810543725125
PC2,-0.9,-13.67703227845848,43.0,1.6081119972106803,36.69286940991207
PC2,-0.9,-13.67703227845848,45.0,1.4554551132825744,29.758778503819975
PC2,-0.9,-13.67703227845848,47.0,0.6884504050438063,24.57057644886159
PC2,-0.9,-13.67703227845848,50.0,0.0011560168263522507,6.365503708418643
PC2,-0.8500000000000001,-6.750440201157662,15.0,0.0,
PC2,-0.8500000000000001,-6.750440201157662,20.0,0.0781975659312487,3.3487546084077473
PC2,-0.8500000000000001,-6.750440201157662,25.0,0.4696217403793415,14.755285817242424
PC2,-0.8500000000000001,-6.750440201157662,27.0,0.7694743863566752,16.872466633631838
PC2,-0.8500000000000001,-6.750440201157662,30.0,1.1448686165129016,22.318324613170947
PC2,-0.8500000000000001,-6.750440201157662,35.0,1.5179304531364217,30.152991108509188
PC2,-0.8500000000000001,-6.750440201157662,37.0,1.5890850812978818,33.901325117681566
PC2,-0.8500000000000001,-6.750440201157662,40.0,1.6474278373697204,38.35551912313905
PC2,-0.8500000000000001,-6.750440201157662,43.0,1.6089717836236181,36.75056347441019
PC2,-0.8500000000000001,-6.750440201157662,45.0,1.45360862126141,29.687995420614296
PC2,-0.8500000000000001,-6.750440201157662,47.0,0.6693833708214547,24.425312952072936
PC2,-0.8500000000000001,-6.750440201157662,50.0,0.0011495538704402615,6.389002644556199
PC2,-0.8,-6.24170098219917,15.0,0.0,
PC2,-0.8,-6.24170098219917,20.0,0.08036509275550699,3.4463203072750783
PC2,-0.8,-6.24170098219917,25.0,0.4749664252623294,14.778444764477548
PC2,-0.8,-6.24170098219917,27.0,0.7753397450322034,16.973551262979818
PC2,-0.8,-6.24170098219917,30.0,1.1490085199501192,22.384956076890667
PC2,-0.8,-6.24170098219917,35.0,1.5187421067689877,30.207563865540678
PC2,-0.8,-6.24170098219917,37.0,1.5898079561044114,33.94717413946701
PC2,-0.8,-6.24170098219917,40.0,1.6481770923410224,38.40475181237494
PC2,-0.8,-6.24170098219917,43.0,1.6097879500595689,36.806113681127975
PC2,-0.8,-6.24170098219917,45.0,1.4516268114883706,29.610619731732406
PC2,-0.8,-6.24170098219917,47.0,0.6505069427770362,24.281672227579875
PC2,-0.8,-6.24170098219917,50.0,0.0011430911127051889,6.412584952212043
PC2,-0.75,-5.797617462314967,15.0,0.0,
PC2,-0.75,-5.797617462314967,20.0,0.08243589593901983,3.5398964934466433
PC2,-0.75,-5.797617462314967,25.0,0.48013098291912465,14.80211142424982
PC2,-0.75,-5.797617462314967,27.0,0.7810505800889186,17.08022436759372
PC2,-0.75,-5.797617462314967,30.0,1.1530391415295933,22.449928696542482
PC2,-0.75,-5.797617462314967,35.0,1.5195189687264214,30.26049735948348
PC2,-0.75,-5.797617462314967,37.0,1.590501695552979,33.99159391822428
PC2,-0.75,-5.797617462314967,40.0,1.6488965006682794,38.45250718848973
PC2,-0.75,-5.797617462314967,43.0,1.6105605398126517,36.85952241096545
PC2,-0.75,-5.797617462314967,45.0,1.4495073734899637,29.52653797935806
PC2,-0.75,-5.797617462314967,47.0,0.6318248763690265,24.133641849355243
PC2,-0.75,-5.797617462314967,50.0,0.0011366272579139097,6.436250391684525
PC2,-0.7000000000000001,-7.155350464880021,15.0,0.0,
PC2,-0.7000000000000001,-7.155350464880021,20.0,0.08442099580032118,3.190206338922242
PC2,-0.7000000000000001,-7.155350464880021,25.0,0.48509337064346,14.826338212383646
PC2,-0.7000000000000001,-7.155350464880021,27.0,0.7865862837085638,17.190947090391262
PC2,-0.7000000000000001,-7.155350464880021,30.0,1.156958945070169,22.513500860799084
PC2,-0.7000000000000001,-7.155350464880021,35.0,1.5202610745013188,30.31179352987597
PC2,-0.7000000000000001,-7.155350464880021,37.0,1.5911663737246173,34.03458837495775
PC2,-0.7000000000000001,-7.155350464880021,40.0,1.6495860086677223,38.4987826989051
PC2,-0.7000000000000001,-7.155350464880021,43.0,1.6112895950574782,36.910791989245205
PC2,-0.7000000000000001,-7.155350464880021,45.0,1.4472479704558239,29.435635410642654
PC2,-0.7000000000000001,-7.155350464880021,47.0,0.6130942508373928,23.895587568649706
PC2,-0.7000000000000001,-7.155350464880021,50.0,0.0011301618316793343,6.459999232782924
PC2,-0.65,-4.732817847669535,15.0,0.0,
PC2,-0.65,-4.732817847669535,20.0,0.0864224919835429,3.8343992979400934
PC2,-0.65,-4.732817847669535,25.0,0.489826276215697,14.851190031955644
PC2,-0.65,-4.732817847669535,27.0,0.791943831336721,17.278904157272375
PC2,-0.65,-4.732817847669535,30.0,1.1607658254609396,22.575503119531596
PC2,-0.65,-4.732817847669535,35.0,1.5209684083523323,30.361451822101575
PC2,-0.65,-4.732817847669535,37.0,1.5918020416266128,34.07616026634255
PC2,-0.65,-4.732817847669535,40.0,1.650245537802669,38.54357452386753
PC2,-0.65,-4.732817847669535,43.0,1.6119751569124732,36.95992468890637
PC2,-0.65,-4.732817847669535,45.0,1.4448462422929254,29.337796127988632
PC2,-0.65,-4.732817847669535,47.0,0.5945350807530735,23.736913748599864
PC2,-0.65,-4.732817847669535,50.0,0.0011236949025054705,6.483832106016204
PC2,-0.6000000000000001,-7.151028897309946,15.0,0.0,
PC2,-0.6000000000000001,-7.151028897309946,20.0,0.08864007663145756,3.0768223437694835
PC2,-0.6000000000000001,-7.151028897309946,25.0,0.4943687096872347,12.361814697702902
PC2,-0.6000000000000001,-7.151028897309946,27.0,0.797117287841876,17.358689459798683
PC2,-0.6000000000000001,-7.151028897309946,30.0,1.1644569799749407,22.6358959109678
PC2,-0.6000000000000001,-7.151028897309946,35.0,1.521640896204632,30.409468841657997
PC2,-0.6000000000000001,-7.151028897309946,37.0,1.5924051001909159,34.11687073336232
PC2,-0.6000000000000001,-7.151028897309946,40.0,1.6508749816006847,38.58687741916425
PC2,-0.6000000000000001,-7.151028897309946,43.0,1.6126172654875066,37.00692273290416
PC2,-0.6000000000000001,-7.151028897309946,45.0,1.4422998089301655,29.232903251653415
PC2,-0.6000000000000001,-7.151028897309946,47.0,0.5762375740582348,23.48855975997459
PC2,-0.6000000000000001,-7.151028897309946,50.0,0.001117225971100629,6.507749288955398
PC2,-0.55,-6.816671660378153,15.0,0.0,
PC2,-0.55,-6.816671660378153,20.0,0.0911590480054365,3.1444495231181335
PC2,-0.55,-6.816671660378153,25.0,0.49874340638149495,12.464654086539133
PC2,-0.55,-6.816671660378153,27.0,0.8015934766425896,17.428934492746947
PC2,-0.55,-6.816671660378153,30.0,1.1680287447637008,22.69462748640603
PC2,-0.55,-6.816671660378153,35.0,1.5222783969688143,30.455837931409302
PC2,-0.55,-6.816671660378153,37.0,1.5929677575770667,34.1578451099869
PC2,-0.55,-6.816671660378153,40.0,1.6514742021211712,38.62868453591264
PC2,-0.55,-6.816671660378153,43.0,1.6132159599146645,37.05178829576303
PC2,-0.55,-6.816671660378153,45.0,1.439606273884179,29.120839095208936
PC2,-0.55,-6.816671660378153,47.0,0.5582222254993936,23.244234584254787
PC2,-0.55,-6.816671660378153,50.0,0.0011107537052935624,6.5317505182227
PC2,-0.5,-6.514251479937103,15.0,0.0,
PC2,-0.5,-6.514251479937103,20.0,0.09367925029521704,3.2121371448958693
PC2,-0.5,-6.514251479937103,25.0,0.5027874167233665,12.560306198793683
PC2,-0.5,-6.514251479937103,27.0,0.8051766560364264,17.48695269368994
PC2,-0.5,-6.514251479937103,30.0,1.1714763812855618,22.751630887567412
PC2,-0.5,-6.514251479937103,35.0,1.5228806918786466,30.500548652361378
PC2,-0.5,-6.514251479937103,37.0,1.5935009655099301,34.197412489967384
PC2,-0.5,-6.514251479937103,40.0,1.6520422114317566,38.66894566094461
PC2,-0.5,-6.514251479937103,43.0,1.6137712783612579,37.094523504237976
PC2,-0.5,-6.514251479937103,45.0,1.4367632280985871,29.001485354451784
PC2,-0.5,-6.514251479937103,47.0,0.540493512048272,23.0040017077953
PC2,-0.5,-6.514251479937103,50.0,0.0011042786876484852,6.5558367932108785
PC2,-0.45,-6.2460479736134635,15.0,0.0,
PC2,-0.45,-6.2460479736134635,20.0,0.09619778893322152,3.2798146692433976
PC2,-0.45,-6.2460479736134635,25.0,0.5064397811621405,12.647440345958175
PC2,-0.45,-6.2460479736134635,27.0,0.808423382694974,17.540383247345673
PC2,-0.45,-6.2460479736134635,30.0,1.174793797769083,22.807375931173677
PC2,-0.45,-6.2460479736134635,35.0,1.5234474713347919,30.543586142979013
PC2,-0.45,-6.2460479736134635,37.0,1.5940048798187818,34.2355807898094
PC2,-0.45,-6.2460479736134635,40.0,1.6525796044582775,38.70769133648702
PC2,-0.45,-6.2460479736134635,43.0,1.6142832580249191,37.13513043706668
PC2,-0.45,-6.2460479736134635,45.0,1.433765891151214,28.874548288013006
PC2,-0.45,-6.2460479736134635,47.0,0.5230657643499967,22.768406208923338
PC2,-0.45,-6.2460479736134635,50.0,0.0010977995697404874,6.580007858914503
PC2,-0.4,-1.8680455935551024,15.0,0.0,
PC2,-0.4,-1.8680455935551024,20.0,0.09871220087511871,4.621131006940696
PC2,-0.4,-1.8680455935551024,25.0,0.5096214859490912,12.72433169443584
PC2,-0.4,-1.8680455935551024,27.0,0.8112888384833018,17.588611108668626
PC2,-0.4,-1.8680455935551024,30.0,1.177973320146566,22.86064376493197
PC2,-0.4,-1.8680455935551024,35.0,1.523978318594098,30.58493032489277
PC2,-0.4,-1.8680455935551024,37.0,1.5944793894305318,34.27234471411076
PC2,-0.4,-1.8680455935551024,40.0,1.6530861617404502,38.74491055702488
PC2,-0.4,-1.8680455935551024,43.0,1.614751935109526,37.17361112376399
PC2,-0.4,-1.8680455935551024,45.0,1.4306203456578317,30.314296208773985
PC2,-0.4,-1.8680455935551024,47.0,0.5059487837029214,22.537541512570538
PC2,-0.4,-1.8680455935551024,50.0,0.001091316091851155,6.6042641648133955
PC2,-0.35000000000000003,-1.7735214734047462,15.0,0.0,
PC2,-0.35000000000000003,-1.7735214734047462,20.0,0.10122809252723229,4.715837008016565
PC2,-0.35000000000000003,-1.7735214734047462,25.0,0.5122286853592313,12.788713298199765
PC2,-0.35000000000000003,-1.7735214734047462,27.0,0.8137140073274438,17.630826357795307
PC2,-0.35000000000000003,-1.7735214734047462,30.0,1.1810047329379947,22.91184426944152
PC2,-0.35000000000000003,-1.7735214734047462,35.0,1.5244726894224334,30.62455491203832
PC2,-0.35000000000000003,-1.7735214734047462,37.0,1.5949243357567071,34.30769661609207
PC2,-0.35000000000000003,-1.7735214734047462,40.0,1.653561572818932,38.78058767522388
PC2,-0.35000000000000003,-1.7735214734047462,43.0,1.6151761541653349,37.21024678368524
PC2,-0.35000000000000003,-1.7735214734047462,45.0,1.4273756794806363,30.178621440730097
PC2,-0.35000000000000003,-1.7735214734047462,47.0,0.48915374084659075,22.311257992616525
PC2,-0.35000000000000003,-1.7735214734047462,50.0,0.0010848277100121715,6.628605995043412
PC2,-0.30000000000000004,-1.6350024862135255,15.0,0.0,
PC2,-0.30000000000000004,-1.6350024862135255,20.0,0.10373342100118327,4.810224372727427
PC2,-0.30000000000000004,-1.6350024862135255,25.0,0.5145743353260842,11.237883615547595
PC2,-0.30000000000000004,-1.6350024862135255,27.0,0.8156202614718278,17.66594989317954
PC2,-0.30000000000000004,-1.6350024862135255,30.0,1.1838804250102117,22.960869829067434
PC2,-0.30000000000000004,-1.6350024862135255,35.0,1.5249298867840324,30.66242617808133
PC2,-0.30000000000000004,-1.6350024862135255,37.0,1.59533950549338,34.34162614116626
PC2,-0.30000000000000004,-1.6350024862135255,40.0,1.6540054685016368,38.814704048105284
PC2,-0.30000000000000004,-1.6350024862135255,43.0,1.6155498802927213,37.24643221913597
PC2,-0.30000000000000004,-1.6350024862135255,45.0,1.42397345864176,30.03526223121196
PC2,-0.30000000000000004,-1.6350024862135255,47.0,0.4726883523360411,22.08966471767616
PC2,-0.30000000000000004,-1.6350024862135255,50.0,0.0010783559809648088,6.653034634095811
PC2,-0.25,-1.5730025742768166,15.0,0.0,
PC2,-0.25,-1.5730025742768166,20.0,0.10622478085269511,4.904176722113542
PC2,-0.25,-1.5730025742768166,25.0,0.5165053441324909,11.300108305645734
PC2,-0.25,-1.5730025742768166,27.0,0.8169015096940061,17.69252566112851
PC2,-0.25,-1.5730025742768166,30.0,1.1866103248237792,23.007861072249323
PC2,-0.25,-1.5730025742768166,35.0,1.525349028573194,30.698501385022386
PC2,-0.25,-1.5730025742768166,37.0,1.595724621433168,34.374119772099284
PC2,-0.25,-1.5730025742768166,40.0,1.6544205607456834,38.76604604192535
PC2,-0.25,-1.5730025742768166,43.0,1.6158808307840096,37.280349627824634
PC2,-0.25,-1.5730025742768166,45.0,1.4204113123959987,29.884102067508977
PC2,-0.25,-1.5730025742768166,47.0,0.4565592934231288,21.872856055791182
PC2,-0.25,-1.5730025742768166,50.0,0.0010720578155172674,6.677557676244655
PC2,-0.2,-1.4964702248353525,15.0,0.0,
PC2,-0.2,-1.4964702248353525,20.0,0.10869862836156437,4.9975729447443795
PC2,-0.2,-1.4964702248353525,25.0,0.5184623900208916,11.5761977394154
PC2,-0.2,-1.4964702248353525,27.0,0.8174126449195773,17.708462665283413
PC2,-0.2,-1.4964702248353525,30.0,1.189143097854382,23.052091552573124
PC2,-0.2,-1.4964702248353525,35.0,1.525729007410566,30.732726825363503
PC2,-0.2,-1.4964702248353525,37.0,1.5960793319784379,34.40516030987672
PC2,-0.2,-1.4964702248353525,40.0,1.6548271806627861,38.026051761340504
PC2,-0.2,-1.4964702248353525,43.0,1.6161690643005802,37.31200242092859
PC2,-0.2,-1.4964702248353525,45.0,1.4166868865174527,29.725025251474886
PC2,-0.2,-1.4964702248353525,47.0,0.4407726481048898,21.660918028188668
PC2,-0.2,-1.4964702248353525,50.0,0.001065757251637829,6.702167570772859
PC2,-0.15000000000000002,1.2666521560404207,15.0,0.0,
PC2,-0.15000000000000002,1.2666521560404207,20.0,0.11115127724591783,5.09028705001819
PC2,-0.15000000000000002,1.2666521560404207,25.0,0.5218990795805755,11.704381879251486
PC2,-0.15000000000000002,1.2666521560404207,27.0,0.8169522627439195,17.71119553236497
PC2,-0.15000000000000002,1.2666521560404207,30.0,1.191450855131244,23.093166656702703
PC2,-0.15000000000000002,1.2666521560404207,35.0,1.5260684391140102,30.765035312746093
PC2,-0.15000000000000002,1.2666521560404207,37.0,1.5964031978506783,34.43472621576626
PC2,-0.15000000000000002,1.2666521560404207,40.0,1.6552169589296644,38.05926622078368
PC2,-0.15000000000000002,1.2666521560404207,43.0,1.6164147159759281,37.34139816920125
PC2,-0.15000000000000002,1.2666521560404207,45.0,1.4132112208000218,37.754821009282935
PC2,-0.15000000000000002,1.2666521560404207,47.0,0.4253329394258823,21.45615810240873
PC2,-0.15000000000000002,1.2666521560404207,50.0,0.0010594529521185745,6.72686411972748
PC2,-0.1,2.3251354532527415,15.0,0.0,
PC2,-0.1,2.3251354532527415,20.0,0.11357889452106681,5.1821880264109685
PC2,-0.1,2.3251354532527415,25.0,0.5251141563499905,11.773907759029875
PC2,-0.1,2.3251354532527415,27.0,0.817962647647092,18.091048010284663
PC2,-0.1,2.3251354532527415,30.0,1.193496581943402,23.130562612100565
PC2,-0.1,2.3251354532527415,35.0,1.5263655971365535,30.795342989221417
PC2,-0.1,2.3251354532527415,37.0,1.596695676058879,34.46279081769612
PC2,-0.1,2.3251354532527415,40.0,1.655576079359513,38.09091757011081
PC2,-0.1,2.3251354532527415,43.0,1.6166178839229752,37.3685424310337
PC2,-0.1,2.3251354532527415,45.0,1.4115488362334299,43.447742094558905
PC2,-0.1,2.3251354532527415,47.0,0.41024355844054555,21.261443283637732
PC2,-0.1,2.3251354532527415,50.0,0.001053144662096342,6.751647782127733
PC2,-0.05,2.432818177819703,15.0,0.0,
PC2,-0.05,2.432818177819703,20.0,0.115977496572084,5.273139707041567
PC2,-0.05,2.432818177819703,25.0,0.528780579283538,11.852245536807189
PC2,-0.05,2.432818177819703,27.0,0.8196778031920635,18.153109721197946
PC2,-0.05,2.432818177819703,30.0,1.1952306531791297,23.163577167476877
PC2,-0.05,2.432818177819703,35.0,1.5266214374047395,30.82369662862441
PC2,-0.05,2.432818177819703,37.0,1.5969561002019044,34.48932133514283
PC2,-0.05,2.432818177819703,40.0,1.6559042137671434,38.12098873970496
PC2,-0.05,2.432818177819703,43.0,1.6167784346414669,37.39342817016633
PC2,-0.05,2.432818177819703,45.0,1.4102256014699368,43.81292580115981
PC2,-0.05,2.432818177819703,47.0,0.39550537672403724,21.19799062739764
PC2,-0.05,2.432818177819703,50.0,0.0010468318529615348,6.776518846110127
PC2,0.0,2.3643166223999525,15.0,0.0,
PC2,0.0,2.3643166223999525,20.0,0.11834294554443316,5.36300064612367
PC2,0.0,2.3643166223999525,25.0,0.532543802270647,11.93249679200692
PC2,0.0,2.3643166223999525,27.0,0.8216112608677082,18.187594921383248
PC2,0.0,2.3643166223999525,30.0,1.1967040950746977,23.458782977987166
PC2,0.0,2.3643166223999525,35.0,1.526831668346873,30.84988746335286
PC2,0.0,2.3643166223999525,37.0,1.597183656240015,34.51427767973442
PC2,0.0,2.3643166223999525,40.0,1.6562052344532008,38.149683724019475
PC2,0.0,2.3643166223999525,43.0,1.6168964144917264,37.41605813237432
PC2,0.0,2.3643166223999525,45.0,1.4088748931669046,43.94666048202531
PC2,0.0,2.3643166223999525,47.0,0.3811249424975039,20.76296383852567
PC2,0.0,2.3643166223999525,50.0,0.0010405139908218374,6.801477600784894
PC2,0.05,2.4226675198529533,15.0,0.0,
PC2,0.05,2.4226675198529533,20.0,0.12067136802726644,5.452950812240443
PC2,0.05,2.4226675198529533,25.0,0.5361666318010028,12.020564808573686
PC2,0.05,2.4226675198529533,27.0,0.8231776434232922,18.21715045480552
PC2,0.05,2.4226675198529533,30.0,1.1989549207651673,23.497828534396348
PC2,0.05,2.4226675198529533,35.0,1.5269920784247664,30.873710624149457
PC2,0.05,2.4226675198529533,37.0,1.597377352610701,34.53761097586366
PC2,0.05,2.4226675198529533,40.0,1.6564754915383715,38.17681064091747
PC2,0.05,2.4226675198529533,43.0,1.61697186629347,37.4364348717852
PC2,0.05,2.4226675198529533,45.0,1.4076794286321355,44.86510769488069
PC2,0.05,2.4226675198529533,47.0,0.3669070781912865,20.451717051688348
PC2,0.05,2.4226675198529533,50.0,0.0010341905409194197,6.826524336447578
PC2,0.1,2.411827869489651,15.0,0.0,
PC2,0.1,2.411827869489651,20.0,0.12297272092961885,5.694069746214015
PC2,0.1,2.411827869489651,25.0,0.5396473234897005,12.49652219681343
PC2,0.1,2.411827869489651,27.0,0.8243878505550388,18.24192369361532
PC2,0.1,2.411827869489651,30.0,1.2010326109153915,23.550757230754076
PC2,0.1,2.411827869489651,35.0,1.5271065938189883,30.895446382026417
PC2,0.1,2.411827869489651,37.0,1.597520248791368,34.55889134355828
PC2,0.1,2.411827869489651,40.0,1.656713511925791,38.202292168836664
PC2,0.1,2.411827869489651,43.0,1.6170048290605605,37.45456073645688
PC2,0.1,2.411827869489651,45.0,1.4064540802669256,44.893830573052576
PC2,0.1,2.411827869489651,47.0,0.3530132363910292,20.165701353231523
PC2,0.1,2.411827869489651,50.0,0.0010278609572990577,6.851659344100086
PC2,0.15000000000000002,2.2654310732100864,15.0,0.0,
PC2,0.15000000000000002,2.2654310732100864,20.0,0.12527200631660185,5.780279873700482
PC2,0.15000000000000002,2.2654310732100864,25.0,0.5430166515856951,12.569863465664458
PC2,0.15000000000000002,2.2654310732100864,27.0,0.8253210084003384,18.2629837886748
PC2,0.15000000000000002,2.2654310732100864,30.0,1.2029223464094094,23.584873229316766
PC2,0.15000000000000002,2.2654310732100864,35.0,1.5272270708062656,30.91802720827689
PC2,0.15000000000000002,2.2654310732100864,37.0,1.59752985528315,34.57611854005889
PC2,0.15000000000000002,2.2654310732100864,40.0,1.656918672654442,38.22609572802276
PC2,0.15000000000000002,2.2654310732100864,43.0,1.6169953377023667,37.47043785214033
PC2,0.15000000000000002,2.2654310732100864,45.0,1.405181092055344,44.92371934703442
PC2,0.15000000000000002,2.2654310732100864,47.0,0.33950524102430835,19.779074982715706
PC2,0.15000000000000002,2.2654310732100864,50.0,0.0010215244480848962,6.876882752692289
PC2,0.2,2.0652108255234,15.0,0.0,
PC2,0.2,2.0652108255234,20.0,0.12751834224191447,5.867546369773891
PC2,0.2,2.0652108255234,25.0,0.5462321407852522,12.640242488004304
PC2,0.2,2.0652108255234,27.0,0.8274152101137509,18.29976031383202
PC2,0.2,2.0652108255234,30.0,1.204606174494044,23.616153557360022
PC2,0.2,2.0652108255234,35.0,1.5272992432467285,30.938324732222924
PC2,0.2,2.0652108255234,37.0,1.5974991990632252,34.59144536684933
PC2,0.2,2.0652108255234,40.0,1.6570902454683718,38.248183198093635
PC2,0.2,2.0652108255234,43.0,1.6169434226902075,37.48406810414579
PC2,0.2,2.0652108255234,45.0,1.403862872174098,44.95475927879456
PC2,0.2,2.0652108255234,47.0,0.3263824287350164,19.341109995742425
PC2,0.2,2.0652108255234,50.0,0.001015181248380529,6.902195347593589
PC2,0.25,1.8415608906065288,15.0,0.0,
PC2,0.25,1.8415608906065288,20.0,0.12970666814359716,5.95020118401344
PC2,0.25,1.8415608906065288,25.0,0.5492873032490716,12.707370811307989
PC2,0.25,1.8415608906065288,27.0,0.8294784800581189,18.33614910798333
PC2,0.25,1.8415608906065288,30.0,1.2060648319654013,23.644330381122547
PC2,0.25,1.8415608906065288,35.0,1.5273193547029051,30.956156913570485
PC2,0.25,1.8415608906065288,37.0,1.5974260214621405,34.604762060305184
PC2,0.25,1.8415608906065288,40.0,1.6572273804716267,38.26851005783899
PC2,0.25,1.8415608906065288,43.0,1.616849109687911,37.49545311725316
PC2,0.25,1.8415608906065288,45.0,1.4025009834255724,44.987064937425835
PC2,0.25,1.8415608906065288,47.0,0.3135602349127273,18.91225848712035
PC2,0.25,1.8415608906065288,50.0,0.0010088300422189357,6.927596902177378
PC2,0.30000000000000004,-9.541302495261242,15.0,0.0007227337865810752,0.8494742536912421
PC2,0.30000000000000004,-9.541302495261242,20.0,0.13183168580436966,6.0307927322339845
PC2,0.30000000000000004,-9.541302495261242,25.0,0.5521796237426225,12.771318225013625
PC2,0.30000000000000004,-9.541302495261242,27.0,0.8313633657540211,18.370158116419592
PC2,0.30000000000000004,-9.541302495261242,30.0,1.207275783628008,23.669090355461833
PC2,0.30000000000000004,-9.541302495261242,35.0,1.5272826948167,30.97129542653318
PC2,0.30000000000000004,-9.541302495261242,37.0,1.5973075705133684,34.61593483515106
PC2,0.30000000000000004,-9.541302495261242,40.0,1.6573270880425606,38.289416341634464
PC2,0.30000000000000004,-9.541302495261242,43.0,1.6171256309180682,37.52731329427143
PC2,0.30000000000000004,-9.541302495261242,45.0,1.401108292125746,45.19122385390328
PC2,0.30000000000000004,-9.541302495261242,47.0,0.30110624870335145,18.495617826476664
PC2,0.30000000000000004,-9.541302495261242,50.0,0.001002436987385864,6.95308604531466
PC2,0.35000000000000003,-9.215404676091731,15.0,0.0014725586028040065,0.8830866300596958
PC2,0.35000000000000003,-9.215404676091731,20.0,0.13388820267980917,6.109148161564341
PC2,0.35000000000000003,-9.215404676091731,25.0,0.5549061852793096,12.832121798173082
PC2,0.35000000000000003,-9.215404676091731,27.0,0.8330677600958074,18.401758984088328
PC2,0.35000000000000003,-9.215404676091731,30.0,1.2083271539806981,23.70830300429166
PC2,0.35000000000000003,-9.215404676091731,35.0,1.5271833339060528,30.983452781864457
PC2,0.35000000000000003,-9.215404676091731,37.0,1.5971666060610903,34.62607227943416
PC2,0.35000000000000003,-9.215404676091731,40.0,1.657383692385446,38.310653194654996
PC2,0.35000000000000003,-9.215404676091731,43.0,1.6173731818086905,37.55402366786415
PC2,0.35000000000000003,-9.215404676091731,45.0,1.39968542581794,45.13834472790361
PC2,0.35000000000000003,-9.215404676091731,47.0,0.28904400003688296,18.092321688161448
PC2,0.35000000000000003,-9.215404676091731,50.0,0.000996102168810572,6.978668741914502
PC2,0.4,-8.911035160471595,15.0,0.002215998650616166,0.9165237074069997
PC2,0.4,-8.911035160471595,20.0,0.1358708791830764,6.185089719345243
PC2,0.4,-8.911035160471595,25.0,0.5574624589696557,12.889694845892674
PC2,0.4,-8.911035160471595,27.0,0.8345893580373297,18.430920682080256
PC2,0.4,-8.911035160471595,30.0,1.2095080038329553,23.749775672607583
PC2,0.4,-8.911035160471595,35.0,1.5270137776889863,30.992265573289277
PC2,0.4,-8.911035160471595,37.0,1.597026960382942,34.63633520739631
PC2,0.4,-8.911035160471595,40.0,1.6574365187398077,38.33176035700356
PC2,0.4,-8.911035160471595,43.0,1.6174317084857486,37.57387899092425
PC2,0.4,-8.911035160471595,45.0,1.3982321536041702,45.35559588030066
PC2,0.4,-8.911035160471595,47.0,0.2773536572128951,17.701467915515938
PC2,0.4,-8.911035160471595,50.0,0.000989724454140155,7.004339227185072
PC2,0.45,-8.601173798374058,15.0,0.0029506487930334485,0.9497034700349358
PC2,0.45,-8.601173798374058,20.0,0.13777423525304483,6.258434972036064
PC2,0.45,-8.601173798374058,25.0,0.5598437581154273,12.94394765858481
PC2,0.45,-8.601173798374058,27.0,0.8359314381701117,18.421201478638743
PC2,0.45,-8.601173798374058,30.0,1.2104688370936554,23.77121815447412
PC2,0.45,-8.601173798374058,35.0,1.5267871475110495,31.253453909965422
PC2,0.45,-8.601173798374058,37.0,1.5968498946612102,34.6448373512514
PC2,0.45,-8.601173798374058,40.0,1.657467232085822,38.29289243601086
PC2,0.45,-8.601173798374058,43.0,1.617365260133046,37.58916617361497
PC2,0.45,-8.601173798374058,45.0,1.3969814427002682,45.89888587272812
PC2,0.45,-8.601173798374058,47.0,0.2660355835534332,17.3234120699705
PC2,0.45,-8.601173798374058,50.0,0.0009839496824688304,7.030129420076853
PC2,0.5,-8.415124049860331,15.0,0.0036743220070375154,0.982551358686075
PC2,0.5,-8.415124049860331,20.0,0.13959265915052846,6.3289970983794905
PC2,0.5,-8.415124049860331,25.0,0.5620452328034095,12.9947873983322
PC2,0.5,-8.415124049860331,27.0,0.8370865751757817,18.445391079534293
PC2,0.5,-8.415124049860331,30.0,1.2111591105245012,23.78892633718445
PC2,0.5,-8.415124049860331,35.0,1.5265170932450092,31.256141492124584
PC2,0.5,-8.415124049860331,37.0,1.5966287088332187,34.65125266523273
PC2,0.5,-8.415124049860331,40.0,1.657468383904475,38.30803177581858
PC2,0.5,-8.415124049860331,43.0,1.6172595821112334,37.60240901118098
PC2,0.5,-8.415124049860331,45.0,1.3959575041650054,46.24725606591992
PC2,0.5,-8.415124049860331,47.0,0.25508453673783527,16.897825639458336
PC2,0.5,-8.415124049860331,50.0,0.000978645332708327,7.0560321268425765
PC2,0.55,-3.490199298664861,15.0,0.004385157655536306,1.5629082345251781
PC2,0.55,-3.490199298664861,20.0,0.14135190789679292,6.427271354075079
PC2,0.55,-3.490199298664861,25.0,0.5640669213360792,13.03020603729956
PC2,0.55,-3.490199298664861,27.0,0.8380506466888819,18.46702994798364
PC2,0.55,-3.490199298664861,30.0,1.211549190787643,23.802488128087347
PC2,0.55,-3.490199298664861,35.0,1.526155284433492,31.25438823782329
PC2,0.55,-3.490199298664861,37.0,1.5963650644505698,34.91209774283528
PC2,0.55,-3.490199298664861,40.0,1.6574287684945652,38.32117594816725
PC2,0.55,-3.490199298664861,43.0,1.6171143501900886,37.61359030428526
PC2,0.55,-3.490199298664861,45.0,1.3949513068109867,46.230710163383115
PC2,0.55,-3.490199298664861,47.0,0.24449488814136336,16.4222217757025
PC2,0.55,-3.490199298664861,50.0,0.0009733469254408082,7.082027258558216
PC2,0.6000000000000001,-3.68616947996613,15.0,0.005085513135580801,1.5963721164814755
PC2,0.6000000000000001,-3.68616947996613,20.0,0.14303364677723357,6.590961465629127
PC2,0.6000000000000001,-3.68616947996613,25.0,0.565976059079355,13.016326134337238
PC2,0.6000000000000001,-3.68616947996613,27.0,0.8388722711568929,18.486775061962792
PC2,0.6000000000000001,-3.68616947996613,30.0,1.2118710705983025,23.82693599919359
PC2,0.6000000000000001,-3.68616947996613,35.0,1.5257966519371071,31.36955052890495
PC2,0.6000000000000001,-3.68616947996613,37.0,1.596063726366603,34.90114045415701
PC2,0.6000000000000001,-3.68616947996613,40.0,1.6574421942379653,38.44547042433972
PC2,0.6000000000000001,-3.68616947996613,43.0,1.6169292174598613,37.622691634313504
PC2,0.6000000000000001,-3.68616947996613,45.0,1.3938962146757388,46.21276810886961
PC2,0.6000000000000001,-3.68616947996613,47.0,0.23426065626656056,15.963369572589535
PC2,0.6000000000000001,-3.68616947996613,50.0,0.0009680538083061972,7.108113975798583
PC2,0.65,-3.936607317346711,15.0,0.005767165900519199,1.6291946288826697
PC2,0.65,-3.936607317346711,20.0,0.14464413484348684,6.679032924622922
PC2,0.65,-3.936607317346711,25.0,0.5677056329619492,13.05809122219566
PC2,0.65,-3.936607317346711,27.0,0.8395302479274228,18.50434010386935
PC2,0.65,-3.936607317346711,30.0,1.213434222595047,23.856857402425973
PC2,0.65,-3.936607317346711,35.0,1.5255867572811068,31.3752200825959
PC2,0.65,-3.936607317346711,37.0,1.5957080566305077,34.88774655114372
PC2,0.65,-3.936607317346711,40.0,1.6574338596572384,38.45902469223444
PC2,0.65,-3.936607317346711,43.0,1.6167038127182838,37.629693276590444
PC2,0.65,-3.936607317346711,45.0,1.3927929708530047,46.19345204581691
PC2,0.65,-3.936607317346711,47.0,0.22437550524087105,15.520972140496365
PC2,0.65,-3.936607317346711,50.0,0.000962975169172214,7.134302573480309
PC2,0.7000000000000001,-3.767485765061588,15.0,0.006442068862388658,1.7549831681621495
PC2,0.7000000000000001,-3.767485765061588,20.0,0.1461659921881991,6.740234441753638
PC2,0.7000000000000001,-3.767485765061588,25.0,0.5692365857739583,13.096070114696953
PC2,0.7000000000000001,-3.767485765061588,27.0,0.8399894366103422,18.519250422703706
PC2,0.7000000000000001,-3.767485765061588,30.0,1.2148970003514508,23.885408353170224
PC2,0.7000000000000001,-3.767485765061588,35.0,1.52533300970161,31.37879368757108
PC2,0.7000000000000001,-3.767485765061588,37.0,1.595302892203589,34.872135745799504
PC2,0.7000000000000001,-3.767485765061588,40.0,1.6573934209532357,38.47102392102971
PC2,0.7000000000000001,-3.767485765061588,43.0,1.6164377393012297,37.634574137470636
PC2,0.7000000000000001,-3.767485765061588,45.0,1.3916423547550532,46.17278519161639
PC2,0.7000000000000001,-3.767485765061588,47.0,0.21483281399840723,15.094719213470269
PC2,0.7000000000000001,-3.767485765061588,50.0,0.0009580374252052083,7.160590845136045
PC2,0.75,-4.129099762016642,15.0,0.007097337601290613,1.7758738899021154
PC2,0.75,-4.129099762016642,20.0,0.14757164092420846,6.797613324817638
PC2,0.75,-4.129099762016642,25.0,0.5705632870554536,13.130154649639632
PC2,0.75,-4.129099762016642,27.0,0.8402460355108652,18.531454771628557
PC2,0.75,-4.129099762016642,30.0,1.2162470918285138,23.912417243681674
PC2,0.75,-4.129099762016642,35.0,1.5250395676091024,31.380475999571217
PC2,0.75,-4.129099762016642,37.0,1.5948338001455147,34.85365309172535
PC2,0.75,-4.129099762016642,40.0,1.6573204809424436,38.48144841370658
PC2,0.75,-4.129099762016642,43.0,1.616130573396896,37.63731166363942
PC2,0.75,-4.129099762016642,45.0,1.3904451811588534,46.15079180943045
PC2,0.75,-4.129099762016642,47.0,0.2056257119042328,14.539563521968818
PC2,0.75,-4.129099762016642,50.0,0.0009531107683436568,7.186972212395597
PC2,0.8,-3.764379764032392,15.0,0.007726840310188857,1.9947490313277072
PC2,0.8,-3.764379764032392,20.0,0.14885470126116843,6.851131558026562
PC2,0.8,-3.764379764032392,25.0,0.571679931946715,13.160233310858597
PC2,0.8,-3.764379764032392,27.0,0.8402959859111211,18.540898431722592
PC2,0.8,-3.764379764032392,30.0,1.2174815349437502,23.93784287350251
PC2,0.8,-3.764379764032392,35.0,1.5246929977120205,31.379606886359397
PC2,0.8,-3.764379764032392,37.0,1.594303404723747,34.93189528531894
PC2,0.8,-3.764379764032392,40.0,1.6572145979682136,38.490276244219864
PC2,0.8,-3.764379764032392,43.0,1.6157818624071398,37.63788175395145
PC2,0.8,-3.764379764032392,45.0,1.3892029610817018,46.117180342024724
PC2,0.8,-3.764379764032392,47.0,0.19674719699784057,14.193226960042185
PC2,0.8,-3.764379764032392,50.0,0.0009481949210786434,7.213447209268824
PC2,0.8500000000000001,-4.858132735387585,15.0,0.008366885493883184,2.026544499104081
PC2,0.8500000000000001,-4.858132735387585,20.0,0.15000942334364964,6.900250451854433
PC2,0.8500000000000001,-4.858132735387585,25.0,0.5725805434597245,13.186191271918117
PC2,0.8500000000000001,-4.858132735387585,27.0,0.8401349643716532,18.54752310797113
PC2,0.8500000000000001,-4.858132735387585,30.0,1.2185970878539378,23.96164014069884
PC2,0.8500000000000001,-4.858132735387585,35.0,1.5242905081274236,31.376049336675596
PC2,0.8500000000000001,-4.858132735387585,37.0,1.5936979658755683,34.919401227399675
PC2,0.8500000000000001,-4.858132735387585,40.0,1.6570752822456023,38.49748307423632
PC2,0.8500000000000001,-4.858132735387585,43.0,1.6153911231292282,37.63625866160254
PC2,0.8500000000000001,-4.858132735387585,45.0,1.3879241948085324,46.0977362852129
PC2,0.8500000000000001,-4.858132735387585,47.0,0.18818992323432304,13.168167400505556
PC2,0.8500000000000001,-4.858132735387585,50.0,0.0009432896134150289,7.240016158743867
PC2,0.9,-4.054269629145711,15.0,0.009039342075280489,2.05930129913208
PC2,0.9,-4.054269629145711,20.0,0.15103010113464888,6.944952931721133
PC2,0.9,-4.054269629145711,25.0,0.573258976581898,13.207910475048072
PC2,0.9,-4.054269629145711,27.0,0.8397542323562627,18.551191932876108
PC2,0.9,-4.054269629145711,30.0,1.2195902037512534,23.983759690335518
PC2,0.9,-4.054269629145711,35.0,1.5238253911212485,31.36929380646203
PC2,0.9,-4.054269629145711,37.0,1.5932721936826977,35.0298359928035
PC2,0.9,-4.054269629145711,40.0,1.6569019920778867,38.503041963426746
PC2,0.9,-4.054269629145711,43.0,1.6149578399630713,37.632414897681066
PC2,0.9,-4.054269629145711,45.0,1.3865839668361015,46.076852747030635
PC2,0.9,-4.054269629145711,47.0,0.17994709603954584,14.02629002607614
PC2,0.9,-4.054269629145711,50.0,0.0009383943086275241,7.266679053841427
PC2,0.9500000000000001,-4.533052909604553,15.0,0.009718842805741605,2.092342271364895
PC2,0.9500000000000001,-4.533052909604553,20.0,0.15191301066482413,6.940452820030197
PC2,0.9500000000000001,-4.533052909604553,25.0,0.5737089238059373,13.225269737510196
PC2,0.9500000000000001,-4.533052909604553,27.0,0.8391490140918442,18.552223463458706
PC2,0.9500000000000001,-4.533052909604553,30.0,1.2204570007162556,24.004147494008098
PC2,0.9500000000000001,-4.533052909604553,35.0,1.523289781743167,31.358733347041408
PC2,0.9500000000000001,-4.533052909604553,37.0,1.592816539206568,35.02372753223105
PC2,0.9500000000000001,-4.533052909604553,40.0,1.6565659160774877,38.50364807673519
PC2,0.9500000000000001,-4.533052909604553,43.0,1.6144814625707788,37.626321105245175
PC2,0.9500000000000001,-4.533052909604553,45.0,1.3850931103922741,46.01932929239358
PC2,0.9500000000000001,-4.533052909604553,47.0,0.1720109688296365,13.679128109331506
PC2,0.9500000000000001,-4.533052909604553,50.0,0.0009334447027557915,7.625208761651066
PC2,1.0,-6.921354811754494,15.0,0.010360375859883112,2.124167474129454
PC2,1.0,-6.921354811754494,20.0,0.15267575676892048,5.130432620743777
PC2,1.0,-6.921354811754494,25.0,0.5739239231168001,13.238144905226974
PC2,1.0,-6.921354811754494,27.0,0.8383174728211539,18.549842349426914
PC2,1.0,-6.921354811754494,30.0,1.2211934843028187,24.022747954307825
PC2,1.0,-6.921354811754494,35.0,1.522687632211407,31.344952225179597
PC2,1.0,-6.921354811754494,37.0,1.5923188379425013,35.01560570519434
PC2,1.0,-6.921354811754494,40.0,1.65618696965436,38.502334010108626
PC2,1.0,-6.921354811754494,43.0,1.6139614039148509,37.617945953773706
PC2,1.0,-6.921354811754494,45.0,1.3835445173265557,45.95702295498736
PC2,1.0,-6.921354811754494,47.0,0.16437357548865003,12.042409540130885
PC2,1.0,-6.921354811754494,50.0,0.0009286193173353548,7.383395760113126
PC3,-1.0,-23.126569116486905,15.0,0.007209318504451836,0.9681298031952674
PC3,-1.0,-23.126569116486905,20.0,0.17920669879559992,7.432500924041707
PC3,-1.0,-23.126569116486905,25.0,0.7303179264396498,16.877197032074186
PC3,-1.0,-23.126569116486905,27.0,0.9769861424108591,20.361778035681183
PC3,-1.0,-23.126569116486905,30.0,1.3179833150164395,23.723460930919227
PC3,-1.0,-23.126569116486905,35.0,1.5982663416616718,34.39981527782478
PC3,-1.0,-23.126569116486905,37.0,1.665375885574236,37.95073059842091
PC3,-1.0,-23.126569116486905,40.0,1.71903381712587,41.018383699674494
PC3,-1.0,-23.126569116486905,43.0,1.6607181291381254,39.56406269509336
PC3,-1.0,-23.126569116486905,45.0,1.3923095380207835,46.03810150938274
PC3,-1.0,-23.126569116486905,47.0,0.07158847919430024,10.127483670859919
PC3,-1.0,-23.126569116486905,50.0,0.0012881991739516316,6.875853590208042
PC3,-0.9500000000000001,-21.86104368769111,15.0,0.0065345474944184636,0.9696479992139521
PC3,-0.9500000000000001,-21.86104368769111,20.0,0.17564262138505063,7.441755857062861
PC3,-0.9500000000000001,-21.86104368769111,25.0,0.7190824320164299,16.56517522017692
PC3,-0.9500000000000001,-21.86104368769111,27.0,0.9701591878947118,20.265629396369363
PC3,-0.9500000000000001,-21.86104368769111,30.0,1.3130278124947787,23.646434899759853
PC3,-0.9500000000000001,-21.86104368769111,35.0,1.594866384055789,34.23045828558908
PC3,-0.9500000000000001,-21.86104368769111,37.0,1.6621911243592442,37.78810507580712
PC3,-0.9500000000000001,-21.86104368769111,40.0,1.7162094286782006,40.91639394041604
PC3,-0.9500000000000001,-21.86104368769111,43.0,1.6592944223605166,39.51126666164678
PC3,-0.9500000000000001,-21.86104368769111,45.0,1.3953953426183763,46.1022873250041
PC3,-0.9500000000000001,-21.86104368769111,47.0,0.07856057269799588,10.452531092573333
PC3,-0.9500000000000001,-21.86104368769111,50.0,0.0012754618364877188,6.872183985763366
PC3,-0.9,-20.555223525159402,15.0,0.005874671368139348,0.9711213440069366
PC3,-0.9,-20.555223525159402,20.0,0.17213142745322302,7.33004598027492
PC3,-0.9,-20.555223525159402,25.0,0.7080159569418151,16.257762964127757
PC3,-0.9,-20.555223525159402,27.0,0.9633279129115698,20.169433394620704
PC3,-0.9,-20.555223525159402,30.0,1.3078949753124418,23.574405828311043
PC3,-0.9,-20.555223525159402,35.0,1.59144468074996,34.0600668903484
PC3,-0.9,-20.555223525159402,37.0,1.6589795524867903,37.62414706908406
PC3,-0.9,-20.555223525159402,40.0,1.713346308936741,40.81303695856853
PC3,-0.9,-20.555223525159402,43.0,1.6577591858257246,39.45445374602989
PC3,-0.9,-20.555223525159402,45.0,1.398011476796543,46.21148810322158
PC3,-0.9,-20.555223525159402,47.0,0.08614951269742759,10.806612981999839
PC3,-0.9,-20.555223525159402,50.0,0.0012625993159332963,6.868629562894421
PC3,-0.8500000000000001,-19.27117677030387,15.0,0.00522942464106879,0.9725506418359141
PC3,-0.8500000000000001,-19.27117677030387,20.0,0.16867943199365223,7.204730422048749
PC3,-0.8500000000000001,-19.27117677030387,25.0,0.6971160832288357,15.954894503779341
PC3,-0.8500000000000001,-19.27117677030387,27.0,0.9564933554930061,20.073204077911363
PC3,-0.8500000000000001,-19.27117677030387,30.0,1.3027408650689973,23.502165412396234
PC3,-0.8500000000000001,-19.27117677030387,35.0,1.5880020678666271,33.8886816791272
PC3,-0.8500000000000001,-19.27117677030387,37.0,1.6557423985937039,37.458918450551565
PC3,-0.8500000000000001,-19.27117677030387,40.0,1.710445294883052,40.70834241020926
PC3,-0.8500000000000001,-19.27117677030387,43.0,1.6561166103914067,39.39377500803928
PC3,-0.8500000000000001,-19.27117677030387,45.0,1.4002746178200303,46.32621366871603
PC3,-0.8500000000000001,-19.27117677030387,47.0,0.09440020007511458,11.191841973973448
PC3,-0.8500000000000001,-19.27117677030387,50.0,0.0012496312728805042,6.864938670871725
PC3,-0.8,-18.026794552371925,15.0,0.004598546073329135,0.9739366841014316
PC3,-0.8,-18.026794552371925,20.0,0.1652867392441321,7.0814640124168555
PC3,-0.8,-18.026794552371925,25.0,0.6863804264061578,15.65650499006462
PC3,-0.8,-18.026794552371925,27.0,0.9496565453759536,19.976955381368356
PC3,-0.8,-18.026794552371925,30.0,1.297272972889593,23.538656048282135
PC3,-0.8,-18.026794552371925,35.0,1.5845391729129492,33.71633307893048
PC3,-0.8,-18.026794552371925,37.0,1.652480296672437,37.29245106542047
PC3,-0.8,-18.026794552371925,40.0,1.7075097289224739,40.60803603376618
PC3,-0.8,-18.026794552371925,43.0,1.6543705657146943,39.32936991190697
PC3,-0.8,-18.026794552371925,45.0,1.4022098206019817,46.42392217067083
PC3,-0.8,-18.026794552371925,47.0,0.1033592406252995,11.610410937617537
PC3,-0.8,-18.026794552371925,50.0,0.0012365791716163962,6.861238459542849
PC3,-0.75,-16.816022618764844,15.0,0.003981778613705827,0.9752802495125931
PC3,-0.75,-16.816022618764844,20.0,0.16195240936263794,6.960214533319763
PC3,-0.75,-16.816022618764844,25.0,0.6758066349432726,15.36253046937283
PC3,-0.75,-16.816022618764844,27.0,0.9428185035107896,19.88070112110357
PC3,-0.75,-16.816022618764844,30.0,1.2916765812217896,23.61799174655913
PC3,-0.75,-16.816022618764844,35.0,1.5810560243647052,33.543022344284836
PC3,-0.75,-16.816022618764844,37.0,1.649189933166345,37.125345280416084
PC3,-0.75,-16.816022618764844,40.0,1.7045409753972651,40.501537043925566
PC3,-0.75,-16.816022618764844,43.0,1.6525247260441929,39.26137086707867
PC3,-0.75,-16.816022618764844,45.0,1.403837961833997,46.54791008567333
PC3,-0.75,-16.816022618764844,47.0,0.11307476429530408,12.064584469590521
PC3,-0.75,-16.816022618764844,50.0,0.0012234630583011971,6.857529350766
PC3,-0.7000000000000001,-15.567763431469748,15.0,0.003378869344567327,0.9765821042539378
PC3,-0.7000000000000001,-15.567763431469748,20.0,0.15867551642079888,6.840950243081778
PC3,-0.7000000000000001,-15.567763431469748,25.0,0.6653368257325198,14.867019881557871
PC3,-0.7000000000000001,-15.567763431469748,27.0,0.9359802417537317,19.784454990045877
PC3,-0.7000000000000001,-15.567763431469748,30.0,1.286060852451347,23.697606235909323
PC3,-0.7000000000000001,-15.567763431469748,35.0,1.577553566665484,33.36879533455823
PC3,-0.7000000000000001,-15.567763431469748,37.0,1.645867973245189,36.95831731886891
PC3,-0.7000000000000001,-15.567763431469748,40.0,1.7015376734572862,40.39382654908986
PC3,-0.7000000000000001,-15.567763431469748,43.0,1.6505827939184496,39.189911303171336
PC3,-0.7000000000000001,-15.567763431469748,45.0,1.4051777751882715,46.61474600495574
PC3,-0.7000000000000001,-15.567763431469748,47.0,0.12359601609444056,12.556679641656277
PC3,-0.7000000000000001,-15.567763431469748,50.0,0.001210300899194946,6.853811899443133
PC3,-0.65,-14.71844131598463,15.0,0.0027869482639304513,0.9595911635044914
PC3,-0.65,-14.71844131598463,20.0,0.15545514822021747,6.723639870123199
PC3,-0.65,-14.71844131598463,25.0,0.6550183403505131,14.587162215164971
PC3,-0.65,-14.71844131598463,27.0,0.9291427625393223,19.68823055350281
PC3,-0.65,-14.71844131598463,30.0,1.2804266743590211,23.777486745051544
PC3,-0.65,-14.71844131598463,35.0,1.5740324352155755,33.19368285844876
PC3,-0.65,-14.71844131598463,37.0,1.642522549236821,36.790148704662855
PC3,-0.65,-14.71844131598463,40.0,1.6985006216071918,40.284932660353704
PC3,-0.65,-14.71844131598463,43.0,1.648548370180509,39.11506761272767
PC3,-0.65,-14.71844131598463,45.0,1.4062469630620993,46.667533424476666
PC3,-0.65,-14.71844131598463,47.0,0.13497313792519738,13.089055733350818
PC3,-0.65,-14.71844131598463,50.0,0.001197109119630763,6.850085890921356
PC3,-0.6000000000000001,-14.058299321211809,15.0,0.0022070327369500308,0.932998406532314
PC3,-0.6000000000000001,-14.058299321211809,20.0,0.15229040610574487,6.608252606568408
PC3,-0.6000000000000001,-14.058299321211809,25.0,0.6448390169980418,14.274838487133085
PC3,-0.6000000000000001,-14.058299321211809,27.0,0.9223070585334895,19.59204124445934
PC3,-0.6000000000000001,-14.058299321211809,30.0,1.2747749319541606,23.85762054257152
PC3,-0.6000000000000001,-14.058299321211809,35.0,1.5704926396557572,33.017685250551736
PC3,-0.6000000000000001,-14.058299321211809,37.0,1.63915429566279,36.620870676851354
PC3,-0.6000000000000001,-14.058299321211809,40.0,1.6954321155844103,40.174936532827346
PC3,-0.6000000000000001,-14.058299321211809,43.0,1.64642494865698,39.03707248830759
PC3,-0.6000000000000001,-14.058299321211809,45.0,1.4070623937607731,46.707148079410295
PC3,-0.6000000000000001,-14.058299321211809,47.0,0.1472567078228764,13.664092547918479
PC3,-0.6000000000000001,-14.058299321211809,50.0,0.0011839032297033202,6.846351941837758
PC3,-0.55,-13.459358211796026,15.0,0.001640331009185928,0.9068761186092065
PC3,-0.55,-13.459358211796026,20.0,0.14918040480337014,6.494758102696412
PC3,-0.55,-13.459358211796026,25.0,0.6346985694444562,13.95413214843414
PC3,-0.55,-13.459358211796026,27.0,0.915474112439415,19.495900360947214
PC3,-0.55,-13.459358211796026,30.0,1.2691065073124383,23.937994939256935
PC3,-0.55,-13.459358211796026,35.0,1.566935120937354,32.840848197451045
PC3,-0.55,-13.459358211796026,37.0,1.635763846204635,36.45051443179236
PC3,-0.55,-13.459358211796026,40.0,1.6923320241164674,40.063833334803384
PC3,-0.55,-13.459358211796026,43.0,1.644189066868315,38.92214104238785
PC3,-0.55,-13.459358211796026,45.0,1.407639891011388,46.73441145043867
PC3,-0.55,-13.459358211796026,47.0,0.16049723955006218,14.284166862485987
PC3,-0.55,-13.459358211796026,50.0,0.0011706956691115,6.84260958683055
PC3,-0.5,-12.991833617318793,15.0,0.0010866044925933792,0.8812160982738821
PC3,-0.5,-12.991833617318793,20.0,0.14612427221830193,6.383126460028785
PC3,-0.5,-12.991833617318793,25.0,0.6246908511407839,13.756528777622199
PC3,-0.5,-12.991833617318793,27.0,0.9086448965553905,19.399821060053537
PC3,-0.5,-12.991833617318793,30.0,1.2634222789342382,24.0185972973273
PC3,-0.5,-12.991833617318793,35.0,1.5633608254490001,32.66321764959738
PC3,-0.5,-12.991833617318793,37.0,1.632351833210859,36.279111098742
PC3,-0.5,-12.991833617318793,40.0,1.6891917926763835,39.901957968909485
PC3,-0.5,-12.991833617318793,43.0,1.641865587037341,38.7937565529173
PC3,-0.5,-12.991833617318793,45.0,1.407994287809484,46.750093560447475
PC3,-0.5,-12.991833617318793,47.0,0.1747445772940167,14.911544132430771
PC3,-0.5,-12.991833617318793,50.0,0.0011275995453788792,6.837459177326114
PC3,-0.45,-12.670092034692773,15.0,0.0005456184880378405,0.856010277105134
PC3,-0.45,-12.670092034692773,20.0,0.14312114925465025,6.273328225157054
PC3,-0.45,-12.670092034692773,25.0,0.6148341169496602,13.561848464653753
PC3,-0.45,-12.670092034692773,27.0,0.9018203724581406,19.30381635362982
PC3,-0.45,-12.670092034692773,30.0,1.2577226555501269,24.07201634961871
PC3,-0.45,-12.670092034692773,35.0,1.5597703804685992,32.484824016485405
PC3,-0.45,-12.670092034692773,37.0,1.6289188877833591,36.10669174412453
PC3,-0.45,-12.670092034692773,40.0,1.686020012786157,39.73334530279823
PC3,-0.45,-12.670092034692773,43.0,1.6394645131440075,38.66116171413017
PC3,-0.45,-12.670092034692773,45.0,1.4081394804836598,46.7549157825414
PC3,-0.45,-12.670092034692773,47.0,0.1900471051010641,15.467142556438631
PC3,-0.45,-12.670092034692773,50.0,0.001144328937297744,6.835101618574318
PC3,-0.4,-0.8598483069233653,15.0,1.7227733864709574e-05,0.8312534480884664
PC3,-0.4,-0.8598483069233653,20.0,0.14017018967904257,6.165334385073845
PC3,-0.4,-0.8598483069233653,25.0,0.6051261898994943,13.370049199720917
PC3,-0.4,-0.8598483069233653,27.0,0.8950014909790789,19.207899107969393
PC3,-0.4,-0.8598483069233653,30.0,1.2519039473910147,23.79855799798408
PC3,-0.4,-0.8598483069233653,35.0,1.5561644106104708,32.30569757697341
PC3,-0.4,-0.8598483069233653,37.0,1.6254656395600777,35.93328736077705
PC3,-0.4,-0.8598483069233653,40.0,1.6828151268844316,39.563004845728756
PC3,-0.4,-0.8598483069233653,43.0,1.636987590757308,38.52445115458201
PC3,-0.4,-0.8598483069233653,45.0,1.4080884819782638,46.749553607451254
PC3,-0.4,-0.8598483069233653,47.0,0.2064512791427373,16.062588462738432
PC3,-0.4,-0.8598483069233653,50.0,0.001131190543671869,6.8313354865347655
PC3,-0.35000000000000003,-0.1720073356728795,15.0,0.0,
PC3,-0.35000000000000003,-0.1720073356728795,20.0,0.13727055990774653,6.05911635988579
PC3,-0.35000000000000003,-0.1720073356728795,25.0,0.5955649230303544,13.181089551851484
PC3,-0.35000000000000003,-0.1720073356728795,27.0,0.8881891916796685,19.112082036698897
PC3,-0.35000000000000003,-0.1720073356728795,30.0,1.2454091726955372,23.868270996322405
PC3,-0.35000000000000003,-0.1720073356728795,35.0,1.5525435375427004,32.12586846551006
PC3,-0.35000000000000003,-0.1720073356728795,37.0,1.6219927164125143,35.758928852963464
PC3,-0.35000000000000003,-0.1720073356728795,40.0,1.679581520836758,39.391167182881766
PC3,-0.35000000000000003,-0.1720073356728795,43.0,1.6344399010051722,38.38390089525916
PC3,-0.35000000000000003,-0.1720073356728795,45.0,1.4078534739355864,46.734639348586995
PC3,-0.35000000000000003,-0.1720073356728795,47.0,0.2240007071234491,16.69989326416615
PC3,-0.35000000000000003,-0.1720073356728795,50.0,0.0011180960288217352,6.827561481794317
PC3,-0.30000000000000004,0.44831458593868856,15.0,0.0,
PC3,-0.30000000000000004,0.44831458593868856,20.0,0.13442143884010635,5.954645997111643
PC3,-0.30000000000000004,0.44831458593868856,25.0,0.5861481990314635,12.99492866191807
PC3,-0.30000000000000004,0.44831458593868856,27.0,0.8813844026214204,19.01637769766105
PC3,-0.30000000000000004,0.44831458593868856,30.0,1.238572891919082,23.80186545457632
PC3,-0.30000000000000004,0.44831458593868856,35.0,1.5489083798112477,31.945366663564442
PC3,-0.30000000000000004,0.44831458593868856,37.0,1.6185007442666466,35.58364702751055
PC3,-0.30000000000000004,0.44831458593868856,40.0,1.6763199535905138,39.21787202066475
PC3,-0.30000000000000004,0.44831458593868856,43.0,1.6318243481176846,38.2396685722543
PC3,-0.30000000000000004,0.44831458593868856,45.0,1.4076080820685275,46.471127742267576
PC3,-0.30000000000000004,0.44831458593868856,47.0,0.24273502641842906,17.38050530657057
PC3,-0.30000000000000004,0.44831458593868856,50.0,0.0011050540453155877,6.82377948149543
PC3,-0.25,0.9915383261090311,15.0,0.0,
PC3,-0.25,0.9915383261090311,20.0,0.13162201770906687,5.851895566565312
PC3,-0.25,0.9915383261090311,25.0,0.5768739299781149,12.811526237564342
PC3,-0.25,0.9915383261090311,27.0,0.8745880402580766,18.920798491453485
PC3,-0.25,0.9915383261090311,30.0,1.231633660161524,23.70089723687596
PC3,-0.25,0.9915383261090311,35.0,1.5452595528000281,31.76422199767882
PC3,-0.25,0.9915383261090311,37.0,1.61499034707304,35.407472592325085
PC3,-0.25,0.9915383261090311,40.0,1.673031179143183,39.04315880372042
PC3,-0.25,0.9915383261090311,43.0,1.6291437327445775,38.09190618751451
PC3,-0.25,0.9915383261090311,45.0,1.4073030907694737,46.460709120352746
PC3,-0.25,0.9915383261090311,47.0,0.2626879525171469,18.00179437249002
PC3,-0.25,0.9915383261090311,50.0,0.0010920717617272466,6.819989413730448
PC3,-0.2,1.0609453265040534,15.0,0.0,
PC3,-0.2,1.0609453265040534,20.0,0.12887149989632699,5.7508377540283675
PC3,-0.2,1.0609453265040534,25.0,0.5677399967487416,12.630841384868853
PC3,-0.2,1.0609453265040534,27.0,0.8677728961640773,18.825156629327548
PC3,-0.2,1.0609453265040534,30.0,1.224683494154234,23.858066263819698
PC3,-0.2,1.0609453265040534,35.0,1.541597668457907,31.582464126167746
PC3,-0.2,1.0609453265040534,37.0,1.6114621465126453,35.23043614182441
PC3,-0.2,1.0609453265040534,40.0,1.6697159464116005,38.86706670805042
PC3,-0.2,1.0609453265040534,43.0,1.626400755371564,37.94076029464095
PC3,-0.2,1.0609453265040534,45.0,1.4070112527784169,45.72525195710837
PC3,-0.2,1.0609453265040534,47.0,0.2839098905845866,17.983821143960075
PC3,-0.2,1.0609453265040534,50.0,0.0010799781725010968,6.816228981863784
PC3,-0.15000000000000002,1.5709889480914112,15.0,0.0,
PC3,-0.15000000000000002,1.5709889480914112,20.0,0.12616910077009177,5.651445655695742
PC3,-0.15000000000000002,1.5709889480914112,25.0,0.5587443146151102,12.452833873245552
PC3,-0.15000000000000002,1.5709889480914112,27.0,0.8576522488613424,18.684931635382437
PC3,-0.15000000000000002,1.5709889480914112,30.0,1.2177201245907368,23.75866552440226
PC3,-0.15000000000000002,1.5709889480914112,35.0,1.5379233351605788,31.400122532385907
PC3,-0.15000000000000002,1.5709889480914112,37.0,1.6079167618540147,35.05256814986735
PC3,-0.15000000000000002,1.5709889480914112,40.0,1.6663749992735832,38.68963464320587
PC3,-0.15000000000000002,1.5709889480914112,43.0,1.623598019853658,37.78637219105021
PC3,-0.15000000000000002,1.5709889480914112,45.0,1.4074304098123724,45.40095443042377
PC3,-0.15000000000000002,1.5709889480914112,47.0,0.3064117940190058,18.798572694059246
PC3,-0.15000000000000002,1.5709889480914112,50.0,0.00106834983560071,6.812477989791515
PC3,-0.1,1.9254637310322804,15.0,0.0,
PC3,-0.1,1.9254637310322804,20.0,0.12351404752036758,5.553692772537632
PC3,-0.1,1.9254637310322804,25.0,0.5498849983910435,12.277467320320676
PC3,-0.1,1.9254637310322804,27.0,0.8454633873405974,18.51677479952492
PC3,-0.1,1.9254637310322804,30.0,1.2107350546939555,23.658974823409192
PC3,-0.1,1.9254637310322804,35.0,1.534237157549717,31.217226516891902
PC3,-0.1,1.9254637310322804,37.0,1.6043548097832643,34.873898961331115
PC3,-0.1,1.9254637310322804,40.0,1.6630090765629537,38.51090125203227
PC3,-0.1,1.9254637310322804,43.0,1.6207380368853612,37.628878106695865
PC3,-0.1,1.9254637310322804,45.0,1.4080793568703627,44.85600319787703
PC3,-0.1,1.9254637310322804,47.0,0.33014502479292485,19.486650133250354
PC3,-0.1,1.9254637310322804,50.0,0.0010592181548053385,6.8088314102147125
PC3,-0.05,2.2684781339201407,15.0,0.0,
PC3,-0.05,2.2684781339201407,20.0,0.12090557899618139,5.457553004727095
PC3,-0.05,2.2684781339201407,25.0,0.5411577546545211,12.104496839506945
PC3,-0.05,2.2684781339201407,27.0,0.8334505410603965,18.351006930203408
PC3,-0.05,2.2684781339201407,30.0,1.2037293551639892,23.559009026850664
PC3,-0.05,2.2684781339201407,35.0,1.5305397363761974,31.033805189808277
PC3,-0.05,2.2684781339201407,37.0,1.6007769042373416,34.694458783859375
PC3,-0.05,2.2684781339201407,40.0,1.6596189120566147,38.33090490998599
PC3,-0.05,2.2684781339201407,43.0,1.6187252167949657,37.51746119855579
PC3,-0.05,2.2684781339201407,45.0,1.4085738282015123,44.84418642050721
PC3,-0.05,2.2684781339201407,47.0,0.3550379449740793,20.185289038901328
PC3,-0.05,2.2684781339201407,50.0,0.001049932924592094,6.805164427730578
PC3,0.0,2.3643166223999525,15.0,0.0,
PC3,0.0,2.3643166223999525,20.0,0.11834294554443316,5.36300064612367
PC3,0.0,2.3643166223999525,25.0,0.532543802270647,11.93249679200692
PC3,0.0,2.3643166223999525,27.0,0.8216112608677082,18.187594921383248
PC3,0.0,2.3643166223999525,30.0,1.1967040950746977,23.458782977987166
PC3,0.0,2.3643166223999525,35.0,1.526831668346873,30.84988746335286
PC3,0.0,2.3643166223999525,37.0,1.597183656240015,34.51427767973442
PC3,0.0,2.3643166223999525,40.0,1.6562052344532008,38.149683724019475
PC3,0.0,2.3643166223999525,43.0,1.6168964144917264,37.41605813237432
PC3,0.0,2.3643166223999525,45.0,1.4088748931669046,43.94666048202531
PC3,0.0,2.3643166223999525,47.0,0.3811249424975039,20.76296383852567
PC3,0.0,2.3643166223999525,50.0,0.0010405139908218374,6.801477600784894
PC3,0.05,2.399671453517424,15.0,0.0,
PC3,0.05,2.399671453517424,20.0,0.11582540885066667,5.2700103788225725
PC3,0.05,2.399671453517424,25.0,0.5240593602609456,11.762979103072468
PC3,0.05,2.399671453517424,27.0,0.8099431301385457,18.026506106545096
PC3,0.05,2.399671453517424,30.0,1.1896603414679214,23.35831149168343
PC3,0.05,2.399671453517424,35.0,1.523113545975131,30.6655020445607
PC3,0.05,2.399671453517424,37.0,1.5935756737407452,34.333385557902666
PC3,0.05,2.399671453517424,40.0,1.6527687673453508,37.96727553112592
PC3,0.05,2.399671453517424,43.0,1.6149913619922969,37.31051475620707
PC3,0.05,2.399671453517424,45.0,1.4094525075133595,43.483434892304906
PC3,0.05,2.399671453517424,47.0,0.4079578358304231,21.232939143088576
PC3,0.05,2.399671453517424,50.0,0.0010309102243689374,6.7977675449575665
PC3,0.1,-1.4023546185502602,15.0,0.0,
PC3,0.1,-1.4023546185502602,20.0,0.11335224178154579,5.17855726776231
PC3,0.1,-1.4023546185502602,25.0,0.515703929447271,11.595982658867284
PC3,0.1,-1.4023546185502602,27.0,0.7984170839976296,17.86722324027509
PC3,0.1,-1.4023546185502602,30.0,1.1825991589516895,23.257609348817994
PC3,0.1,-1.4023546185502602,35.0,1.5193859574355981,30.480677428199584
PC3,0.1,-1.4023546185502602,37.0,1.5899535614570801,34.15181216616912
PC3,0.1,-1.4023546185502602,40.0,1.6493102291857817,37.78371789655091
PC3,0.1,-1.4023546185502602,43.0,1.6130032204250289,37.202908851582905
PC3,0.1,-1.4023546185502602,45.0,1.413389477371211,29.652984409113692
PC3,0.1,-1.4023546185502602,47.0,0.43585987382651026,21.612690903317766
PC3,0.1,-1.4023546185502602,50.0,0.001021207354315379,6.794038365070338
PC3,0.15000000000000002,-1.374308277060262,15.0,0.0,
PC3,0.15000000000000002,-1.374308277060262,20.0,0.11092272822915876,5.088616755394882
PC3,0.15000000000000002,-1.374308277060262,25.0,0.5074756371321689,11.431470995158827
PC3,0.15000000000000002,-1.374308277060262,27.0,0.7870488967058326,17.71004403233338
PC3,0.15000000000000002,-1.374308277060262,30.0,1.1755216093029681,23.156691290755447
PC3,0.15000000000000002,-1.374308277060262,35.0,1.5156436800300395,30.2956281846881
PC3,0.15000000000000002,-1.374308277060262,37.0,1.5862534745426948,33.968046277037764
PC3,0.15000000000000002,-1.374308277060262,40.0,1.6458315682260616,37.59911310618254
PC3,0.15000000000000002,-1.374308277060262,43.0,1.6109202890965433,37.09619672543202
PC3,0.15000000000000002,-1.374308277060262,45.0,1.419218131992457,29.936141384444475
PC3,0.15000000000000002,-1.374308277060262,47.0,0.46477996631639656,22.01811806558775
PC3,0.15000000000000002,-1.374308277060262,50.0,0.001011941161895493,6.790314020003689
PC3,0.2,-2.1527012921059936,15.0,0.0,
PC3,0.2,-2.1527012921059936,20.0,0.10853616295706373,5.000164656415514
PC3,0.2,-2.1527012921059936,25.0,0.4993726367180598,11.269408155612458
PC3,0.2,-2.1527012921059936,27.0,0.7758453325388209,17.555102266201175
PC3,0.2,-2.1527012921059936,30.0,1.168428751074169,23.055572013871707
PC3,0.2,-2.1527012921059936,35.0,1.5118924578213842,30.110212925707422
PC3,0.2,-2.1527012921059936,37.0,1.582513097880232,33.78298837060709
PC3,0.2,-2.1527012921059936,40.0,1.6423328004043545,37.413461750851255
PC3,0.2,-2.1527012921059936,43.0,1.6087664932060506,36.98592095449138
PC3,0.2,-2.1527012921059936,45.0,1.4246788426201327,28.60176523306178
PC3,0.2,-2.1527012921059936,47.0,0.4946486901443577,22.436892525481777
PC3,0.2,-2.1527012921059936,50.0,0.0010025300117864641,6.786567341670199
PC3,0.25,-2.2735248708017903,15.0,0.0,
PC3,0.25,-2.2735248708017903,20.0,0.106191851448167,4.913177152555312
PC3,0.25,-2.2735248708017903,25.0,0.49139310736155145,11.109758685065133
PC3,0.25,-2.2735248708017903,27.0,0.7647942282156633,17.391177866621288
PC3,0.25,-2.2735248708017903,30.0,1.161321639205305,22.954266164157147
PC3,0.25,-2.2735248708017903,35.0,1.5081334406045377,29.92444084559301
PC3,0.25,-2.2735248708017903,37.0,1.5787592322990334,33.5972915827178
PC3,0.25,-2.2735248708017903,40.0,1.6388134949621973,37.22674091140685
PC3,0.25,-2.2735248708017903,43.0,1.606544150163517,36.87219794499578
PC3,0.25,-2.2735248708017903,45.0,1.4296903051260965,28.84552597991919
PC3,0.25,-2.2735248708017903,47.0,0.5253804826801542,22.867810028527995
PC3,0.25,-2.2735248708017903,50.0,0.000992991378014003,6.78279818206816
PC3,0.30000000000000004,-2.523361783838185,15.0,0.0,
PC3,0.30000000000000004,-2.523361783838185,20.0,0.10388910975435048,4.827630787433488
PC3,0.30000000000000004,-2.523361783838185,25.0,0.4835352536317234,10.95248762287619
PC3,0.30000000000000004,-2.523361783838185,27.0,0.7538682454881475,17.315451205919512
PC3,0.30000000000000004,-2.523361783838185,30.0,1.1542013246408047,22.852788331885048
PC3,0.30000000000000004,-2.523361783838185,35.0,1.504367199304924,29.738339494830566
PC3,0.30000000000000004,-2.523361783838185,37.0,1.5749912456098327,33.41092493414225
PC3,0.30000000000000004,-2.523361783838185,40.0,1.6352755012468592,37.039047664915955
PC3,0.30000000000000004,-2.523361783838185,43.0,1.6042556539625925,36.75514795887358
PC3,0.30000000000000004,-2.523361783838185,45.0,1.434239551274582,29.01037249528496
PC3,0.30000000000000004,-2.523361783838185,47.0,0.556870459704447,23.309910538922573
PC3,0.30000000000000004,-2.523361783838185,50.0,0.000983342570575859,6.779006965477524
PC3,0.35000000000000003,-2.9530335183424232,15.0,0.0,
PC3,0.35000000000000003,-2.9530335183424232,20.0,0.10162726434783344,4.743502461469262
PC3,0.35000000000000003,-2.9530335183424232,25.0,0.4757973051724629,10.797560496357267
PC3,0.35000000000000003,-2.9530335183424232,27.0,0.7429554212515086,17.328729760999227
PC3,0.35000000000000003,-2.9530335183424232,30.0,1.147068853951703,22.751153046354382
PC3,0.35000000000000003,-2.9530335183424232,35.0,1.500594299855279,29.55193618065019
PC3,0.35000000000000003,-2.9530335183424232,37.0,1.5712107975737764,33.223969057738195
PC3,0.35000000000000003,-2.9530335183424232,40.0,1.6317188560631286,36.85153106622131
PC3,0.35000000000000003,-2.9530335183424232,43.0,1.6019033540096876,36.634889011588
PC3,0.35000000000000003,-2.9530335183424232,45.0,1.4383372424204415,29.209568759142588
PC3,0.35000000000000003,-2.9530335183424232,47.0,0.5889976226802638,23.761589284623398
PC3,0.35000000000000003,-2.9530335183424232,50.0,0.0009735610267171002,7.028595306578219
PC3,0.4,-3.2257240213625336,15.0,0.0,
PC3,0.4,-3.2257240213625336,20.0,0.09940565197434899,4.66076942685572
PC3,0.4,-3.2257240213625336,25.0,0.46817751636911753,10.644943314286087
PC3,0.4,-3.2257240213625336,27.0,0.7320986162715337,17.02514779932635
PC3,0.4,-3.2257240213625336,30.0,1.1399252689634491,22.64937477071108
PC3,0.4,-3.2257240213625336,35.0,1.4968153030735538,29.365257961099896
PC3,0.4,-3.2257240213625336,37.0,1.5674186667692407,33.03646167342569
PC3,0.4,-3.2257240213625336,40.0,1.6281371571181693,36.66980633772191
PC3,0.4,-3.2257240213625336,43.0,1.599489126468129,36.511515285019954
PC3,0.4,-3.2257240213625336,45.0,1.4419977165738276,29.387193407007608
PC3,0.4,-3.2257240213625336,47.0,0.6216373815153325,24.10686465115213
PC3,0.4,-3.2257240213625336,50.0,0.0009637774711078606,6.771359220867249
PC3,0.45,-3.786585418410458,15.0,0.0,
PC3,0.45,-3.786585418410458,20.0,0.09722361950800512,4.5794092825912935
PC3,0.45,-3.786585418410458,25.0,0.46067416601891115,10.494602560493359
PC3,0.45,-3.786585418410458,27.0,0.7212150547229866,16.723205734997794
PC3,0.45,-3.786585418410458,30.0,1.1327716063896724,22.54746789685181
PC3,0.45,-3.786585418410458,35.0,1.493030764544819,29.17833163930676
PC3,0.45,-3.786585418410458,37.0,1.5636154521604229,32.848431753123215
PC3,0.45,-3.786585418410458,40.0,1.6245345642934457,36.48798267128533
PC3,0.45,-3.786585418410458,43.0,1.5970150502987854,36.38513117292419
PC3,0.45,-3.786585418410458,45.0,1.445240669965374,29.544217879530088
PC3,0.45,-3.786585418410458,47.0,0.6542436465270589,24.48565749031337
PC3,0.45,-3.786585418410458,50.0,0.0009538902289243427,7.020637947704774
PC3,0.5,-4.3710389112543355,15.0,0.0,
PC3,0.5,-4.3710389112543355,20.0,0.09508052380797642,4.499399969574136
PC3,0.5,-4.3710389112543355,25.0,0.4532855570057371,10.346505187535156
PC3,0.5,-4.3710389112543355,27.0,0.7104154087387199,16.424510369033825
PC3,0.5,-4.3710389112543355,30.0,1.1256088974719123,22.445446740411185
PC3,0.5,-4.3710389112543355,35.0,1.4892412345073358,28.991183757948995
PC3,0.5,-4.3710389112543355,37.0,1.5598017486024718,32.65990806748248
PC3,0.5,-4.3710389112543355,40.0,1.6209287295806751,37.19173857601397
PC3,0.5,-4.3710389112543355,43.0,1.594483182133767,36.25583994357003
PC3,0.5,-4.3710389112543355,45.0,1.4480853639988855,29.681592163183783
PC3,0.5,-4.3710389112543355,47.0,0.6867005279405761,24.75185910346423
PC3,0.5,-4.3710389112543355,50.0,0.0009439539235675374,7.016626648910045
PC3,0.55,-5.008872230344447,15.0,0.0,
PC3,0.55,-5.008872230344447,20.0,0.09297573157684842,4.420719765752759
PC3,0.55,-5.008872230344447,25.0,0.44601001597875045,10.200618610438791
PC3,0.55,-5.008872230344447,27.0,0.6997737800663111,16.130127939886805
PC3,0.55,-5.008872230344447,30.0,1.1184381676258937,22.34332553583947
PC3,0.55,-5.008872230344447,35.0,1.4854472577428872,28.803840593927838
PC3,0.55,-5.008872230344447,37.0,1.555978146701497,32.470919179074095
PC3,0.55,-5.008872230344447,40.0,1.6173142727514689,37.008870550017114
PC3,0.55,-5.008872230344447,43.0,1.591895529171122,36.12374237473424
PC3,0.55,-5.008872230344447,45.0,1.4505505743405762,29.80024227845804
PC3,0.55,-5.008872230344447,47.0,0.7191764261484175,25.01821623947014
PC3,0.55,-5.008872230344447,50.0,0.0009339774751543593,7.012593846916976
PC3,0.6000000000000001,-5.721367297810458,15.0,0.0,
PC3,0.6000000000000001,-5.721367297810458,20.0,0.09090861922072146,4.343347281337074
PC3,0.6000000000000001,-5.721367297810458,25.0,0.43884589303474797,10.056910700522762
PC3,0.6000000000000001,-5.721367297810458,27.0,0.689287967039617,15.839998576259775
PC3,0.6000000000000001,-5.721367297810458,30.0,1.1112604360940364,22.241118431567518
PC3,0.6000000000000001,-5.721367297810458,35.0,1.4816493734709948,28.6163281532318
PC3,0.6000000000000001,-5.721367297810458,37.0,1.5521452326778895,32.281493435726524
PC3,0.6000000000000001,-5.721367297810458,40.0,1.6136840570794224,36.82522404916366
PC3,0.6000000000000001,-5.721367297810458,43.0,1.5892540502391366,35.988936807314694
PC3,0.6000000000000001,-5.721367297810458,45.0,1.4526545500461339,29.90106826330201
PC3,0.6000000000000001,-5.721367297810458,47.0,0.7513770118522781,25.28354038176267
PC3,0.6000000000000001,-5.721367297810458,50.0,0.000923972400930975,7.008539757263202
PC3,0.65,-6.5045552042457455,15.0,0.0,
PC3,0.65,-6.5045552042457455,20.0,0.08887857271101329,4.267261454067696
PC3,0.65,-6.5045552042457455,25.0,0.4317915614048198,9.915349779299612
PC3,0.65,-6.5045552042457455,27.0,0.6789557979221419,15.554063220418348
PC3,0.65,-6.5045552042457455,30.0,1.1040767156049824,22.13883948526857
PC3,0.65,-6.5045552042457455,35.0,1.4778481152474368,28.428672166009893
PC3,0.65,-6.5045552042457455,37.0,1.5483035882336724,32.09165896406717
PC3,0.65,-6.5045552042457455,40.0,1.6100387559169318,36.640832501033096
PC3,0.65,-6.5045552042457455,43.0,1.5865594791735327,35.851498139784816
PC3,0.65,-6.5045552042457455,45.0,1.4544147376549053,29.984925249335376
PC3,0.65,-6.5045552042457455,47.0,0.7832302268118594,25.54642667537154
PC3,0.65,-6.5045552042457455,50.0,0.0009139491030760248,7.004464212311653
PC3,0.7000000000000001,-7.35395742641804,15.0,0.0,
PC3,0.7000000000000001,-7.35395742641804,20.0,0.08688498744800578,4.192441544544583
PC3,0.7000000000000001,-7.35395742641804,25.0,0.42484511343500453,9.775898703050343
PC3,0.7000000000000001,-7.35395742641804,27.0,0.668736708346361,15.272547375801203
PC3,0.7000000000000001,-7.35395742641804,30.0,1.0968880120399809,22.03650265921664
PC3,0.7000000000000001,-7.35395742641804,35.0,1.474044010867079,28.240898081849984
PC3,0.7000000000000001,-7.35395742641804,37.0,1.5444537904234907,31.90144366323868
PC3,0.7000000000000001,-7.35395742641804,40.0,1.6063790363074981,36.45572901640664
PC3,0.7000000000000001,-7.35395742641804,43.0,1.5838107798816499,35.71146722736969
PC3,0.7000000000000001,-7.35395742641804,45.0,1.4558437663064216,30.052339491676523
PC3,0.7000000000000001,-7.35395742641804,47.0,0.8146269763985495,25.805147998400766
PC3,0.7000000000000001,-7.35395742641804,50.0,0.0009039177095554818,7.000367380511132
PC3,0.75,-8.264962942124338,15.0,0.0,
PC3,0.75,-8.264962942124338,20.0,0.08492726812603105,4.11886713161233
PC3,0.75,-8.264962942124338,25.0,0.4180050931194624,9.638529116013935
PC3,0.75,-8.264962942124338,27.0,0.6585938833428456,14.995630989728014
PC3,0.75,-8.264962942124338,30.0,1.0896953241065905,21.93412181574503
PC3,0.75,-8.264962942124338,35.0,1.470215261651548,28.09292852528005
PC3,0.75,-8.264962942124338,37.0,1.5405964115292066,31.71087519879338
PC3,0.75,-8.264962942124338,40.0,1.6027055589471046,36.26994638734234
PC3,0.75,-8.264962942124338,43.0,1.5810106429245971,35.567376021662
PC3,0.75,-8.264962942124338,45.0,1.4569634899482453,30.10450576833221
PC3,0.75,-8.264962942124338,47.0,0.845413289680425,26.03869171700656
PC3,0.75,-8.264962942124338,50.0,0.0008938871305566093,6.996249039283123
PC3,0.8,-9.191527139643146,15.0,0.0,
PC3,0.8,-9.191527139643146,20.0,0.08300482860036586,4.04651810780332
PC3,0.8,-9.191527139643146,25.0,0.41127012734615404,9.503214275387503
PC3,0.8,-9.191527139643146,27.0,0.6485991509236905,14.722702213998575
PC3,0.8,-9.191527139643146,30.0,1.0824993106620753,21.831502758814903
PC3,0.8,-9.191527139643146,35.0,1.466359789286083,27.988809549814327
PC3,0.8,-9.191527139643146,37.0,1.5367320189384848,31.519980996777665
PC3,0.8,-9.191527139643146,40.0,1.599018978144148,36.0835170851776
PC3,0.8,-9.191527139643146,43.0,1.5781631285496531,35.4201856586432
PC3,0.8,-9.191527139643146,45.0,1.457789792342929,30.14220664348335
PC3,0.8,-9.191527139643146,47.0,0.8733009128680702,26.2690142595478
PC3,0.8,-9.191527139643146,50.0,0.000883865899405056,6.992109196807682
PC3,0.8500000000000001,-10.006081747056076,15.0,0.0,
PC3,0.8500000000000001,-10.006081747056076,20.0,0.0811170917557639,3.9753746748374827
PC3,0.8500000000000001,-10.006081747056076,25.0,0.40463867871055303,9.369924241724153
PC3,0.8500000000000001,-10.006081747056076,27.0,0.6386440949561067,14.514028125739113
PC3,0.8500000000000001,-10.006081747056076,30.0,1.075301105300556,21.72886054288825
PC3,0.8500000000000001,-10.006081747056076,35.0,1.4625025496682793,27.884656463821713
PC3,0.8500000000000001,-10.006081747056076,37.0,1.5328611750269558,31.32878823799483
PC3,0.8500000000000001,-10.006081747056076,40.0,1.595319941778057,35.89647325846804
PC3,0.8500000000000001,-10.006081747056076,43.0,1.5752033073959082,35.26934733276028
PC3,0.8500000000000001,-10.006081747056076,45.0,1.458337942238993,30.166194367169147
PC3,0.8500000000000001,-10.006081747056076,47.0,0.8972482461737729,26.469413822854982
PC3,0.8500000000000001,-10.006081747056076,50.0,0.0008738228995371082,6.7097458990315255
PC3,0.9,-11.056331982323652,15.0,0.0,
PC3,0.9,-11.056331982323652,20.0,0.07926348937672859,3.905417339181281
PC3,0.9,-11.056331982323652,25.0,0.39810923143372384,9.23862949641491
PC3,0.9,-11.056331982323652,27.0,0.6287741835028855,14.320484854681721
PC3,0.9,-11.056331982323652,30.0,1.068100489157263,21.62652988247387
PC3,0.9,-11.056331982323652,35.0,1.4584008777870552,27.816128276980898
PC3,0.9,-11.056331982323652,37.0,1.5289844370445274,31.137323852469258
PC3,0.9,-11.056331982323652,40.0,1.5916090912572716,35.708846730890606
PC3,0.9,-11.056331982323652,43.0,1.5721557562104094,35.115444728148944
PC3,0.9,-11.056331982323652,45.0,1.4586225933135968,30.177190872487728
PC3,0.9,-11.056331982323652,47.0,0.9205019352518187,26.663936054480956
PC3,0.9,-11.056331982323652,50.0,0.0008638829538180212,6.983763622279459
PC3,0.9500000000000001,-11.966784362417638,15.0,0.0,
PC3,0.9500000000000001,-11.966784362417638,20.0,0.07744346201928148,3.8366269076581307
PC3,0.9500000000000001,-11.966784362417638,25.0,0.3916802910710987,9.109300936022164
PC3,0.9500000000000001,-11.966784362417638,27.0,0.619048595528155,14.129730993700697
PC3,0.9500000000000001,-11.966784362417638,30.0,1.0607851330530402,21.5244994005293
PC3,0.9500000000000001,-11.966784362417638,35.0,1.454138226235007,27.744826522099242
PC3,0.9500000000000001,-11.966784362417638,37.0,1.5251023570052444,30.945614514080734
PC3,0.9500000000000001,-11.966784362417638,40.0,1.5878870614762626,35.52066899910449
PC3,0.9500000000000001,-11.966784362417638,43.0,1.5690664579563578,34.95946586261126
PC3,0.9500000000000001,-11.966784362417638,45.0,1.4586577881307172,30.175887970715618
PC3,0.9500000000000001,-11.966784362417638,47.0,0.9429913453517302,26.851982614152043
PC3,0.9500000000000001,-11.966784362417638,50.0,0.0008547995082220383,6.79359603956614
PC3,1.0,-12.93040606924147,15.0,0.0,
PC3,1.0,-12.93040606924147,20.0,0.07565645888450957,3.768984483119482
PC3,1.0,-12.93040606924147,25.0,0.3853503842254839,8.981909866695329
PC3,1.0,-12.93040606924147,27.0,0.6094653007126494,13.94172746972635
PC3,1.0,-12.93040606924147,30.0,1.0534326432522947,21.42239772518529
PC3,1.0,-12.93040606924147,35.0,1.4496885989767414,27.6179561741145
PC3,1.0,-12.93040606924147,37.0,1.521215481581098,30.75368663539755
PC3,1.0,-12.93040606924147,40.0,1.5841544807725378,35.33197123060684
PC3,1.0,-12.93040606924147,43.0,1.5659369978829865,34.80148929400062
PC3,1.0,-12.93040606924147,45.0,1.458456965500116,30.162947714054525
PC3,1.0,-12.93040606924147,47.0,0.964645525586848,27.12679126245965
PC3,1.0,-12.93040606924147,50.0,0.0008457043114515568,6.697961264974057
random1,-1.0,-15.53425088599095,15.0,0.06902431291672685,3.5534681960055794
random1,-1.0,-15.53425088599095,20.0,0.34539310150976604,7.9588570628092175
random1,-1.0,-15.53425088599095,25.0,0.9468294823197578,19.07344865049741
random1,-1.0,-15.53425088599095,27.0,1.1597342323049584,22.217932987576816
random1,-1.0,-15.53425088599095,30.0,1.4021431942672675,25.769441790186498
random1,-1.0,-15.53425088599095,35.0,1.6058720896958043,34.2548972385418
random1,-1.0,-15.53425088599095,37.0,1.6552269855602249,37.09454217492408
random1,-1.0,-15.53425088599095,40.0,1.6923033671077443,39.86524997749603
random1,-1.0,-15.53425088599095,43.0,1.6447148447105846,38.27906642962149
random1,-1.0,-15.53425088599095,45.0,1.4792349599330323,30.49675790237978
random1,-1.0,-15.53425088599095,47.0,0.642341835485224,23.98430515624992
random1,-1.0,-15.53425088599095,50.0,0.001168285199842418,5.812410842712479
random1,-0.9500000000000001,-14.208432018351074,15.0,0.0636298448940409,3.387481129930942
random1,-0.9500000000000001,-14.208432018351074,20.0,0.33040131183899735,7.7120283265050755
random1,-0.9500000000000001,-14.208432018351074,25.0,0.9310342012093064,18.867626264370845
random1,-0.9500000000000001,-14.208432018351074,27.0,1.145805876040895,22.03275115469378
random1,-0.9500000000000001,-14.208432018351074,30.0,1.394920878213629,25.436052581805498
random1,-0.9500000000000001,-14.208432018351074,35.0,1.602617688854296,34.110341445007414
random1,-0.9500000000000001,-14.208432018351074,37.0,1.6527873138531164,36.997245452113305
random1,-0.9500000000000001,-14.208432018351074,40.0,1.6908479960128386,39.83769115333301
random1,-0.9500000000000001,-14.208432018351074,43.0,1.6434510867918115,38.24081632760685
random1,-0.9500000000000001,-14.208432018351074,45.0,1.4757264957770895,30.35826792371827
random1,-0.9500000000000001,-14.208432018351074,47.0,0.6269659915118831,23.779761011594942
random1,-0.9500000000000001,-14.208432018351074,50.0,0.0011617184835039278,5.858815367001517
random1,-0.9,-12.892213826509574,15.0,0.05845426728396464,3.230400170238176
random1,-0.9,-12.892213826509574,20.0,0.31596892624964645,7.459717982101984
random1,-0.9,-12.892213826509574,25.0,0.9150746903795977,18.659605191504692
random1,-0.9,-12.892213826509574,27.0,1.131690598825644,21.844992692232506
random1,-0.9,-12.892213826509574,30.0,1.3875060399153234,25.135866162329037
random1,-0.9,-12.892213826509574,35.0,1.5993095102924915,33.96322343801056
random1,-0.9,-12.892213826509574,37.0,1.6503046015717673,36.89791487895722
random1,-0.9,-12.892213826509574,40.0,1.6893655659416733,39.80944863736616
random1,-0.9,-12.892213826509574,43.0,1.642175036568179,38.202103281002195
random1,-0.9,-12.892213826509574,45.0,1.47217157973732,30.217696288907174
random1,-0.9,-12.892213826509574,47.0,0.6116479495909254,23.68365773515141
random1,-0.9,-12.892213826509574,50.0,0.0011551648122667992,5.905530690687248
random1,-0.8500000000000001,-11.76661117374114,15.0,0.05349162034736286,3.0805261251397758
random1,-0.8500000000000001,-11.76661117374114,20.0,0.3019557702514907,7.215135938776361
random1,-0.8500000000000001,-11.76661117374114,25.0,0.8989472509380476,18.449334749291193
random1,-0.8500000000000001,-11.76661117374114,27.0,1.1173854482418257,21.65410648619106
random1,-0.8500000000000001,-11.76661117374114,30.0,1.3797657776641374,24.91191008191392
random1,-0.8500000000000001,-11.76661117374114,35.0,1.5959456606257405,33.81344846523034
random1,-0.8500000000000001,-11.76661117374114,37.0,1.6477779266257007,36.79650393661529
random1,-0.8500000000000001,-11.76661117374114,40.0,1.6878562046654295,39.78052690207156
random1,-0.8500000000000001,-11.76661117374114,43.0,1.6408865363582867,38.16291980116115
random1,-0.8500000000000001,-11.76661117374114,45.0,1.4685732915601253,30.12059648810477
random1,-0.8500000000000001,-11.76661117374114,47.0,0.5965815224206399,23.553038477992104
random1,-0.8500000000000001,-11.76661117374114,50.0,0.0011486139142451517,6.1948790262330355
random1,-0.8,-10.996128843156631,15.0,0.04874645799787759,2.7283541211417606
random1,-0.8,-10.996128843156631,20.0,0.2883774052970692,6.99983775814872
random1,-0.8,-10.996128843156631,25.0,0.8826769232128786,18.237160675333374
random1,-0.8,-10.996128843156631,27.0,1.1028869477298393,21.46106965864982
random1,-0.8,-10.996128843156631,30.0,1.3718658610737302,24.683011556566758
random1,-0.8,-10.996128843156631,35.0,1.592526472798867,33.661034192811606
random1,-0.8,-10.996128843156631,37.0,1.6452069287360813,36.69299503021074
random1,-0.8,-10.996128843156631,40.0,1.6863155183119456,39.74685474666692
random1,-0.8,-10.996128843156631,43.0,1.639585423155814,38.12325811242693
random1,-0.8,-10.996128843156631,45.0,1.4649287721044386,29.976820101666554
random1,-0.8,-10.996128843156631,47.0,0.5817859004465322,23.36342117096758
random1,-0.8,-10.996128843156631,50.0,0.0011420956021605483,5.999900040462167
random1,-0.75,-10.172234525850689,15.0,0.044280256439195614,2.590342495956227
random1,-0.75,-10.172234525850689,20.0,0.275548437991792,6.765129138615858
random1,-0.75,-10.172234525850689,25.0,0.8662214320252887,18.022500180545727
random1,-0.75,-10.172234525850689,27.0,1.088191943705623,21.24980821453642
random1,-0.75,-10.172234525850689,30.0,1.3638363452903228,24.450124740867466
random1,-0.75,-10.172234525850689,35.0,1.5890505466895775,33.50591077937854
random1,-0.75,-10.172234525850689,37.0,1.6425903576434389,36.587324751592774
random1,-0.75,-10.172234525850689,40.0,1.6847472701251827,39.70993633475701
random1,-0.75,-10.172234525850689,43.0,1.6382715284711997,38.08311014346583
random1,-0.75,-10.172234525850689,45.0,1.461236378074992,29.83090043826245
random1,-0.75,-10.172234525850689,47.0,0.567265922233124,23.17782855362514
random1,-0.75,-10.172234525850689,50.0,0.0011355799350901178,6.047557494935836
random1,-0.7000000000000001,-9.463086830246413,15.0,0.040013730223898925,2.4588477660997645
random1,-0.7000000000000001,-9.463086830246413,20.0,0.26300990493401305,6.746179018102347
random1,-0.7000000000000001,-9.463086830246413,25.0,0.8495689749943881,17.80519080841903
random1,-0.7000000000000001,-9.463086830246413,27.0,1.0732982055138558,21.05127375200947
random1,-0.7000000000000001,-9.463086830246413,30.0,1.3556746656229541,24.213168884612397
random1,-0.7000000000000001,-9.463086830246413,35.0,1.5855171778840131,33.348043514707335
random1,-0.7000000000000001,-9.463086830246413,37.0,1.6399275235176356,36.47945854534107
random1,-0.7000000000000001,-9.463086830246413,40.0,1.6831159351367737,39.67092301838723
random1,-0.7000000000000001,-9.463086830246413,43.0,1.636944678167305,38.04246751829853
random1,-0.7000000000000001,-9.463086830246413,45.0,1.457489954193944,29.683211071207616
random1,-0.7000000000000001,-9.463086830246413,47.0,0.553020049560887,22.996239485977036
random1,-0.7000000000000001,-9.463086830246413,50.0,0.0011290765668998757,6.095532249405514
random1,-0.65,-8.730344978614077,15.0,0.03594085323964392,2.3345788760323707
random1,-0.65,-8.730344978614077,20.0,0.25071356552950996,6.834698880400993
random1,-0.65,-8.730344978614077,25.0,0.827340997342709,17.511835741398727
random1,-0.65,-8.730344978614077,27.0,1.0581953809232107,20.849844469503083
random1,-0.65,-8.730344978614077,30.0,1.3473688554808096,23.972684526450916
random1,-0.65,-8.730344978614077,35.0,1.58192572356762,33.18740080094913
random1,-0.65,-8.730344978614077,37.0,1.637217570618915,36.36935331733557
random1,-0.65,-8.730344978614077,40.0,1.6813972818216147,39.62897193682705
random1,-0.65,-8.730344978614077,43.0,1.6356046922899083,38.001321547032234
random1,-0.65,-8.730344978614077,45.0,1.4536886835705358,29.53375928262694
random1,-0.65,-8.730344978614077,47.0,0.5390428101400188,22.818577151272756
random1,-0.65,-8.730344978614077,50.0,0.0011225855665500945,6.1438261169579835
random1,-0.6000000000000001,-8.10315967665882,15.0,0.03201200599595305,2.2030556437014854
random1,-0.6000000000000001,-8.10315967665882,20.0,0.2386924379665411,6.7074038151899185
random1,-0.6000000000000001,-8.10315967665882,25.0,0.8031260753727618,17.192163487726077
random1,-0.6000000000000001,-8.10315967665882,27.0,1.0428740121152849,20.64510540087806
random1,-0.6000000000000001,-8.10315967665882,30.0,1.3387520829602986,23.775069709818233
random1,-0.6000000000000001,-8.10315967665882,35.0,1.578256651883742,33.026605295551676
random1,-0.6000000000000001,-8.10315967665882,37.0,1.6344605011433289,36.16343940302831
random1,-0.6000000000000001,-8.10315967665882,40.0,1.679647712774612,39.58604561081898
random1,-0.6000000000000001,-8.10315967665882,43.0,1.6342513848916347,37.95966321624356
random1,-0.6000000000000001,-8.10315967665882,45.0,1.449837972267459,29.382101009525282
random1,-0.6000000000000001,-8.10315967665882,47.0,0.5253343015890561,22.644843564012007
random1,-0.6000000000000001,-8.10315967665882,50.0,0.0011161062566923728,6.192440377949827
random1,-0.55,-7.628293549747432,15.0,0.028188341062086206,2.1001577970901524
random1,-0.55,-7.628293549747432,20.0,0.22684768244629414,6.827564307070617
random1,-0.55,-7.628293549747432,25.0,0.7787247989403865,17.13426762670453
random1,-0.55,-7.628293549747432,27.0,1.026961871926611,20.438588540084066
random1,-0.55,-7.628293549747432,30.0,1.3294817198229991,23.64950499059207
random1,-0.55,-7.628293549747432,35.0,1.5745037312930423,32.86630638623467
random1,-0.55,-7.628293549747432,37.0,1.6316571932339068,36.03963662230756
random1,-0.55,-7.628293549747432,40.0,1.6778772685644823,39.41476367352083
random1,-0.55,-7.628293549747432,43.0,1.6328845638498986,37.91748317902945
random1,-0.55,-7.628293549747432,45.0,1.4459372825522896,29.2282109229479
random1,-0.55,-7.628293549747432,47.0,0.511891602585199,22.475526366275258
random1,-0.55,-7.628293549747432,50.0,0.0011096384576312131,6.241376676936081
random1,-0.5,-6.440690743312888,15.0,0.024534069406282468,1.9905288327566761
random1,-0.5,-6.440690743312888,20.0,0.21534705086172784,6.874996160585807
random1,-0.5,-6.440690743312888,25.0,0.7538728445724407,16.561223870855525
random1,-0.5,-6.440690743312888,27.0,1.0107518942118403,20.228609358063114
random1,-0.5,-6.440690743312888,30.0,1.3200798604598036,23.52201554409241
random1,-0.5,-6.440690743312888,35.0,1.5706886017881643,32.703100726154574
random1,-0.5,-6.440690743312888,37.0,1.6288048119315564,35.9134211112068
random1,-0.5,-6.440690743312888,40.0,1.6760755245492323,39.38063033235144
random1,-0.5,-6.440690743312888,43.0,1.6315040306784687,37.87477174471221
random1,-0.5,-6.440690743312888,45.0,1.4420060657104856,30.630894854365945
random1,-0.5,-6.440690743312888,47.0,0.4987156006414013,22.31009389810636
random1,-0.5,-6.440690743312888,50.0,0.001103182766525465,6.290637157171265
random1,-0.45,-6.500034487176912,15.0,0.021046719849451327,1.818484258477916
random1,-0.45,-6.500034487176912,20.0,0.20418244600991614,6.921713860774225
random1,-0.45,-6.500034487176912,25.0,0.7301175900913061,16.5371971328255
random1,-0.45,-6.500034487176912,27.0,0.9942798318932108,20.015090219117607
random1,-0.45,-6.500034487176912,30.0,1.3100211027988344,23.401848117990877
random1,-0.45,-6.500034487176912,35.0,1.5668101679672384,32.536934992848224
random1,-0.45,-6.500034487176912,37.0,1.6259024527638504,35.784746136377706
random1,-0.45,-6.500034487176912,40.0,1.6742390157274452,39.345611462175754
random1,-0.45,-6.500034487176912,43.0,1.630109580331502,37.83151886813817
random1,-0.45,-6.500034487176912,45.0,1.4380621643979563,30.47977635374781
random1,-0.45,-6.500034487176912,47.0,0.4858047223923246,22.148531936386643
random1,-0.45,-6.500034487176912,50.0,0.001096738227547809,6.34022300186757
random1,-0.4,-5.994322141078204,15.0,0.017720817847077044,1.7756026145225343
random1,-0.4,-5.994322141078204,20.0,0.19336806008804797,6.967684894008575
random1,-0.4,-5.994322141078204,25.0,0.7068444844534504,15.936578606721573
random1,-0.4,-5.994322141078204,27.0,0.9775277009714248,19.797783428715817
random1,-0.4,-5.994322141078204,30.0,1.2994139830733928,23.44010757030432
random1,-0.4,-5.994322141078204,35.0,1.562867298814219,32.36775410270346
random1,-0.4,-5.994322141078204,37.0,1.622949188445137,35.65356376440861
random1,-0.4,-5.994322141078204,40.0,1.672366827940383,39.30968098899964
random1,-0.4,-5.994322141078204,43.0,1.6287011565982297,37.78772260026301
random1,-0.4,-5.994322141078204,45.0,1.434067987341537,30.32642746609596
random1,-0.4,-5.994322141078204,47.0,0.4731567739272212,21.990810146197536
random1,-0.4,-5.994322141078204,50.0,0.0010903049277754331,6.390136039453452
random1,-0.35000000000000003,-6.514024278061584,15.0,0.014532342230729097,1.555205081156339
random1,-0.35000000000000003,-6.514024278061584,20.0,0.18288513629047212,7.012952626662592
random1,-0.35000000000000003,-6.514024278061584,25.0,0.6837756716641588,15.35420515051671
random1,-0.35000000000000003,-6.514024278061584,27.0,0.9604874765632625,19.576578665950052
random1,-0.35000000000000003,-6.514024278061584,30.0,1.2883708345156903,23.605043460544174
random1,-0.35000000000000003,-6.514024278061584,35.0,1.5588391846622616,32.19502824762385
random1,-0.35000000000000003,-6.514024278061584,37.0,1.6199452312266573,35.45752049068154
random1,-0.35000000000000003,-6.514024278061584,40.0,1.6704580065689583,39.272811655258536
random1,-0.35000000000000003,-6.514024278061584,43.0,1.6272783835487108,37.74336360728753
random1,-0.35000000000000003,-6.514024278061584,45.0,1.430012347732808,30.170031414606196
random1,-0.35000000000000003,-6.514024278061584,47.0,0.4607693767614106,21.83689558805805
random1,-0.35000000000000003,-6.514024278061584,50.0,0.001083882722524047,6.440377861407577
random1,-0.30000000000000004,-7.801984195306286,15.0,0.011498087447712529,1.311458283742359
random1,-0.30000000000000004,-7.801984195306286,20.0,0.1727272322657838,7.057532066169573
random1,-0.30000000000000004,-7.801984195306286,25.0,0.6611092313298356,14.763597029987174
random1,-0.30000000000000004,-7.801984195306286,27.0,0.9432498768611447,19.686335391155684
random1,-0.30000000000000004,-7.801984195306286,30.0,1.2771530526273105,23.77250881536924
random1,-0.30000000000000004,-7.801984195306286,35.0,1.5544881355642963,32.01308211582985
random1,-0.30000000000000004,-7.801984195306286,37.0,1.6168895035365303,35.32652919930554
random1,-0.30000000000000004,-7.801984195306286,40.0,1.6685158928977308,39.10297271809794
random1,-0.30000000000000004,-7.801984195306286,43.0,1.6258410093144513,37.698429304187975
random1,-0.30000000000000004,-7.801984195306286,45.0,1.4259001890308427,30.010968587617185
random1,-0.30000000000000004,-7.801984195306286,47.0,0.4486400538780865,21.68675393262926
random1,-0.30000000000000004,-7.801984195306286,50.0,0.0010775327092707153,6.49095302833437
random1,-0.25,-7.146746537012417,15.0,0.008615007358893924,1.0843628034244688
random1,-0.25,-7.146746537012417,20.0,0.16286959444517835,6.921217844798775
random1,-0.25,-7.146746537012417,25.0,0.6385302011219838,14.30848644466504
random1,-0.25,-7.146746537012417,27.0,0.9265064973932297,19.507737279361013
random1,-0.25,-7.146746537012417,30.0,1.2657531770180384,23.942611003741582
random1,-0.25,-7.146746537012417,35.0,1.5500651112012684,31.82781852289454
random1,-0.25,-7.146746537012417,37.0,1.6137794360528805,35.19296726075789
random1,-0.25,-7.146746537012417,40.0,1.666545669054302,38.55160627690568
random1,-0.25,-7.146746537012417,43.0,1.6243887986742347,37.652908013292965
random1,-0.25,-7.146746537012417,45.0,1.4220968762904345,37.56971714131181
random1,-0.25,-7.146746537012417,47.0,0.4367664114844907,21.54035202670794
random1,-0.25,-7.146746537012417,50.0,0.0010713329712044165,6.541866866844963
random1,-0.2,-8.311854892437223,15.0,0.005873911079379844,0.9185001929400107
random1,-0.2,-8.311854892437223,20.0,0.15331483553346162,6.616409776782239
random1,-0.2,-8.311854892437223,25.0,0.6161909729156512,13.893609626837003
random1,-0.2,-8.311854892437223,27.0,0.9095757142468104,19.291526706224456
random1,-0.2,-8.311854892437223,30.0,1.2541144318143058,23.7523985304194
random1,-0.2,-8.311854892437223,35.0,1.5455689869511136,31.63918364447188
random1,-0.2,-8.311854892437223,37.0,1.610576680498414,35.062574218596154
random1,-0.2,-8.311854892437223,40.0,1.6645513268855563,38.47471291301069
random1,-0.2,-8.311854892437223,43.0,1.6229215087472928,37.606787642373234
random1,-0.2,-8.311854892437223,45.0,1.4191673434135834,41.15003525072645
random1,-0.2,-8.311854892437223,47.0,0.42514556909018764,21.39907675627312
random1,-0.2,-8.311854892437223,50.0,0.001065145407463278,6.593114580896229
random1,-0.15000000000000002,-8.942054851277481,15.0,0.003265091241466349,0.8441598356985169
random1,-0.15000000000000002,-8.942054851277481,20.0,0.14407956280077727,6.325909504149722
random1,-0.15000000000000002,-8.942054851277481,25.0,0.5942065573756347,13.485617429539786
random1,-0.15000000000000002,-8.942054851277481,27.0,0.8924516135436189,19.07277170978261
random1,-0.15000000000000002,-8.942054851277481,30.0,1.2405363708177244,23.785634871587277
random1,-0.15000000000000002,-8.942054851277481,35.0,1.5409984352442438,31.44711377485769
random1,-0.15000000000000002,-8.942054851277481,37.0,1.607316716754891,34.92958651015461
random1,-0.15000000000000002,-8.942054851277481,40.0,1.6625208766123039,38.396113202068435
random1,-0.15000000000000002,-8.942054851277481,43.0,1.6214388887709927,37.56005567250393
random1,-0.15000000000000002,-8.942054851277481,45.0,1.4165141740295868,43.675539064978835
random1,-0.15000000000000002,-8.942054851277481,47.0,0.41377401841066824,21.265753515271438
random1,-0.15000000000000002,-8.942054851277481,50.0,0.0010589696117371866,6.644697669286757
random1,-0.1,-10.075008230539757,15.0,0.0007886974146981247,0.7744646335419809
random1,-0.1,-10.075008230539757,20.0,0.13515781839716823,6.045976695241069
random1,-0.1,-10.075008230539757,25.0,0.5727594261738388,13.088008302527925
random1,-0.1,-10.075008230539757,27.0,0.8708851220400704,18.81014075057343
random1,-0.1,-10.075008230539757,30.0,1.2261876888587475,23.59709037638354
random1,-0.1,-10.075008230539757,35.0,1.5363537784684893,31.25162555958738
random1,-0.1,-10.075008230539757,37.0,1.6039986502629016,34.79391144200837
random1,-0.1,-10.075008230539757,40.0,1.6604535538881953,38.315767913025645
random1,-0.1,-10.075008230539757,43.0,1.619940679568299,37.51269912904742
random1,-0.1,-10.075008230539757,45.0,1.4139540159509005,43.730225780372606
random1,-0.1,-10.075008230539757,47.0,0.40264929974538216,21.34190712464635
random1,-0.1,-10.075008230539757,50.0,0.0010528059584358,6.69661814307035
random1,-0.05,2.527272411295407,15.0,0.0,
random1,-0.05,2.527272411295407,20.0,0.12658403832277723,5.6297647944663085
random1,-0.05,2.527272411295407,25.0,0.5524603036037123,12.31660696292009
random1,-0.05,2.527272411295407,27.0,0.8460377451708735,18.503933954021512
random1,-0.05,2.527272411295407,30.0,1.2115418744915012,23.40442336454774
random1,-0.05,2.527272411295407,35.0,1.5316320441213829,31.05257519152914
random1,-0.05,2.527272411295407,37.0,1.600621310458571,34.65549202482721
random1,-0.05,2.527272411295407,40.0,1.6583486443210032,38.2336404454373
random1,-0.05,2.527272411295407,43.0,1.6184266135916496,37.46470458397745
random1,-0.05,2.527272411295407,45.0,1.4114006083918778,43.78614782708786
random1,-0.05,2.527272411295407,47.0,0.3917629088512125,21.110971777123368
random1,-0.05,2.527272411295407,50.0,0.0010466611163628895,6.748876212779384
random1,0.0,2.3643166223999525,15.0,0.0,
random1,0.0,2.3643166223999525,20.0,0.11834294554443316,5.36300064612367
random1,0.0,2.3643166223999525,25.0,0.532543802270647,11.93249679200692
random1,0.0,2.3643166223999525,27.0,0.8216112608677082,18.187594921383248
random1,0.0,2.3643166223999525,30.0,1.1967040950746977,23.458782977987166
random1,0.0,2.3643166223999525,35.0,1.526831668346873,30.84988746335286
random1,0.0,2.3643166223999525,37.0,1.597183656240015,34.51427767973442
random1,0.0,2.3643166223999525,40.0,1.6562052344532008,38.149683724019475
random1,0.0,2.3643166223999525,43.0,1.6168964144917264,37.41605813237432
random1,0.0,2.3643166223999525,45.0,1.4088748931669046,43.94666048202531
random1,0.0,2.3643166223999525,47.0,0.3811249424975039,20.76296383852567
random1,0.0,2.3643166223999525,50.0,0.0010405139908218374,6.801477600784894
random1,0.05,2.203787645433646,15.0,0.0,
random1,0.05,2.203787645433646,20.0,0.11040638866713283,5.10816249789974
random1,0.05,2.203787645433646,25.0,0.5129930066467465,11.564268862537862
random1,0.05,2.203787645433646,27.0,0.7973941115892451,17.873973565321023
random1,0.05,2.203787645433646,30.0,1.1820162273148098,23.268221212246612
random1,0.05,2.203787645433646,35.0,1.52194428282024,30.643705249474255
random1,0.05,2.203787645433646,37.0,1.5936303150323758,34.368930224749505
random1,0.05,2.203787645433646,40.0,1.6540224791967635,38.06385427315877
random1,0.05,2.203787645433646,43.0,1.61534979686152,37.36674537844673
random1,0.05,2.203787645433646,45.0,1.4064623043336812,44.894620401018784
random1,0.05,2.203787645433646,47.0,0.3706004456617275,20.545523606906176
random1,0.05,2.203787645433646,50.0,0.001034384864495023,6.854419606465686
random1,0.1,1.7739907153874617,15.0,0.0,
random1,0.1,1.7739907153874617,20.0,0.10276745825439411,4.863637849165593
random1,0.1,1.7739907153874617,25.0,0.49384273014527924,11.203914332127534
random1,0.1,1.7739907153874617,27.0,0.7733825974205795,17.562999408340257
random1,0.1,1.7739907153874617,30.0,1.1670948030486845,23.07449190941587
random1,0.1,1.7739907153874617,35.0,1.5169615418226194,30.4341629532784
random1,0.1,1.7739907153874617,37.0,1.5898067768462896,34.21574429404849
random1,0.1,1.7739907153874617,40.0,1.6517995086422674,37.97610731240096
random1,0.1,1.7739907153874617,43.0,1.6137864659375345,37.3167514192208
random1,0.1,1.7739907153874617,45.0,1.404079754673489,44.95138387217815
random1,0.1,1.7739907153874617,47.0,0.36026201497578,20.350479155892277
random1,0.1,1.7739907153874617,50.0,0.0010282676036565035,6.907705871427819
random1,0.15000000000000002,0.9308916694516904,15.0,0.0,
random1,0.15000000000000002,0.9308916694516904,20.0,0.09541986848377115,4.629212212092872
random1,0.15000000000000002,0.9308916694516904,25.0,0.4750935696464853,10.851445233037797
random1,0.15000000000000002,0.9308916694516904,27.0,0.7496108960678775,17.58767756738486
random1,0.15000000000000002,0.9308916694516904,30.0,1.151935911315073,22.877541065888977
random1,0.15000000000000002,0.9308916694516904,35.0,1.511894741832723,30.220739271570103
random1,0.15000000000000002,0.9308916694516904,37.0,1.5859155121981374,34.0594644312722
random1,0.15000000000000002,0.9308916694516904,40.0,1.6495303567005264,37.88798915627705
random1,0.15000000000000002,0.9308916694516904,43.0,1.6122061172890751,37.26606082757753
random1,0.15000000000000002,0.9308916694516904,45.0,1.4017057644672855,45.008055691596354
random1,0.15000000000000002,0.9308916694516904,47.0,0.3501727018210981,19.6448175941236
random1,0.15000000000000002,0.9308916694516904,50.0,0.00102216099741925,6.961337416538548
random1,0.2,0.35658432162600606,15.0,0.0,
random1,0.2,0.35658432162600606,20.0,0.088357244958243,4.40466806822074
random1,0.2,0.35658432162600606,25.0,0.4567456421704133,10.506864261537341
random1,0.2,0.35658432162600606,27.0,0.7253340978002777,16.964967374969103
random1,0.2,0.35658432162600606,30.0,1.136535404788713,22.67673995480712
random1,0.2,0.35658432162600606,35.0,1.506765396786095,30.004479070801786
random1,0.2,0.35658432162600606,37.0,1.5819550793123098,33.90002142027418
random1,0.2,0.35658432162600606,40.0,1.6471984345907618,37.804530287414
random1,0.2,0.35658432162600606,43.0,1.610557901349401,37.217028731969855
random1,0.2,0.35658432162600606,45.0,1.3993397271206225,45.06474372844822
random1,0.2,0.35658432162600606,47.0,0.34032642176369365,19.684934124156428
random1,0.2,0.35658432162600606,50.0,0.0010160659939754562,7.015316588200705
random1,0.25,-0.5558072912273841,15.0,0.0,
random1,0.25,-0.5558072912273841,20.0,0.08157313445410692,4.189785202098529
random1,0.25,-0.5558072912273841,25.0,0.43879884843900646,10.170169906114014
random1,0.25,-0.5558072912273841,27.0,0.7020685587454875,16.353557512720016
random1,0.25,-0.5558072912273841,30.0,1.1208888186595491,22.475234267306483
random1,0.25,-0.5558072912273841,35.0,1.5015671422597168,29.785074497599233
random1,0.25,-0.5558072912273841,37.0,1.5779239811171315,33.73734335350366
random1,0.25,-0.5558072912273841,40.0,1.64482298815772,37.719060614641364
random1,0.25,-0.5558072912273841,43.0,1.60854190497894,37.15493224850858
random1,0.25,-0.5558072912273841,45.0,1.396951369176125,45.07402944145868
random1,0.25,-0.5558072912273841,47.0,0.33071746918167383,19.30852366185289
random1,0.25,-0.5558072912273841,50.0,0.0010099816633014833,7.069644582118436
random1,0.30000000000000004,-1.6526134116095998,15.0,0.0,
random1,0.30000000000000004,-1.6526134116095998,20.0,0.07506101561373317,3.9843410672708233
random1,0.30000000000000004,-1.6526134116095998,25.0,0.4212516819973042,9.841333276051428
random1,0.30000000000000004,-1.6526134116095998,27.0,0.679171879631417,15.752298928509827
random1,0.30000000000000004,-1.6526134116095998,30.0,1.1049905096271933,22.266338988709002
random1,0.30000000000000004,-1.6526134116095998,35.0,1.496282909859368,29.561698318965533
random1,0.30000000000000004,-1.6526134116095998,37.0,1.5738206605755287,33.57135540456497
random1,0.30000000000000004,-1.6526134116095998,40.0,1.6424030186015184,37.63152999740446
random1,0.30000000000000004,-1.6526134116095998,43.0,1.606396712099955,37.08818953181289
random1,0.30000000000000004,-1.6526134116095998,45.0,1.3945014981729102,45.01325257924043
random1,0.30000000000000004,-1.6526134116095998,47.0,0.32129972812992974,18.928119534147548
random1,0.30000000000000004,-1.6526134116095998,50.0,0.001003907962561762,7.124323286060251
random1,0.35000000000000003,-7.665059686303523,15.0,0.0,
random1,0.35000000000000003,-7.665059686303523,20.0,0.0688157699692627,2.755394510655036
random1,0.35000000000000003,-7.665059686303523,25.0,0.40410492861277797,9.52037008209387
random1,0.35000000000000003,-7.665059686303523,27.0,0.6565478381696315,15.162122903218673
random1,0.35000000000000003,-7.665059686303523,30.0,1.0886255353653693,22.05675425545026
random1,0.35000000000000003,-7.665059686303523,35.0,1.4909018307648474,29.33339251778655
random1,0.35000000000000003,-7.665059686303523,37.0,1.5696434954133345,33.40197957143715
random1,0.35000000000000003,-7.665059686303523,40.0,1.6399374959839497,37.54188670029981
random1,0.35000000000000003,-7.665059686303523,43.0,1.6042231884746703,37.02028598090101
random1,0.35000000000000003,-7.665059686303523,45.0,1.3920275067487315,44.95174371676883
random1,0.35000000000000003,-7.665059686303523,47.0,0.3120839322364116,18.54473859392262
random1,0.35000000000000003,-7.665059686303523,50.0,0.0009978453464556864,7.179354297104341
random1,0.4,-9.427864587034746,15.0,0.0,
random1,0.4,-9.427864587034746,20.0,0.06283603426792185,2.6222018592693948
random1,0.4,-9.427864587034746,25.0,0.3873580370711758,9.207270021554777
random1,0.4,-9.427864587034746,27.0,0.6341584379856262,14.354532956207716
random1,0.4,-9.427864587034746,30.0,1.0717794408390908,21.84394706216443
random1,0.4,-9.427864587034746,35.0,1.485409988497961,29.098923244438627
random1,0.4,-9.427864587034746,37.0,1.5653907921602104,33.22913438622647
random1,0.4,-9.427864587034746,40.0,1.637425357829294,37.450077321282805
random1,0.4,-9.427864587034746,43.0,1.6020207572274687,36.95119428183982
random1,0.4,-9.427864587034746,45.0,1.3895290490737273,44.88949012133212
random1,0.4,-9.427864587034746,47.0,0.30309771373110106,18.17235225552841
random1,0.4,-9.427864587034746,50.0,0.0009917931301142008,7.234739406889776
random1,0.45,-11.345312969433836,15.0,0.0,
random1,0.45,-11.345312969433836,20.0,0.05710742146463011,2.4952342542530848
random1,0.45,-11.345312969433836,25.0,0.37101966931182634,8.902202056478131
random1,0.45,-11.345312969433836,27.0,0.6119142534942402,13.79837802471901
random1,0.45,-11.345312969433836,30.0,1.0547426592105844,21.645424505971313
random1,0.45,-11.345312969433836,35.0,1.4798256004657735,28.860151300449562
random1,0.45,-11.345312969433836,37.0,1.5610606295787033,33.05272729042348
random1,0.45,-11.345312969433836,40.0,1.6348661428491031,37.356079276826115
random1,0.45,-11.345312969433836,43.0,1.5997888244704468,36.880886283466175
random1,0.45,-11.345312969433836,45.0,1.3870893762993568,45.05563079916056
random1,0.45,-11.345312969433836,47.0,0.29433689116130696,17.810572091706998
random1,0.45,-11.345312969433836,50.0,0.0009857511202836695,7.290480121290574
random1,0.5,-13.144495039918667,15.0,0.0,
random1,0.5,-13.144495039918667,20.0,0.0516225920400239,2.402454466347409
random1,0.5,-13.144495039918667,25.0,0.3550769535824653,8.604916160007384
random1,0.5,-13.144495039918667,27.0,0.5900368316170227,13.391042383067756
random1,0.5,-13.144495039918667,30.0,1.0377090071304023,21.483737921163694
random1,0.5,-13.144495039918667,35.0,1.4741464413246448,28.61696934637745
random1,0.5,-13.144495039918667,37.0,1.5566340362449986,32.873241334212715
random1,0.5,-13.144495039918667,40.0,1.6321116647393183,37.25583519520839
random1,0.5,-13.144495039918667,43.0,1.5975267787335048,36.80933296922954
random1,0.5,-13.144495039918667,45.0,1.3847760781712057,45.41381717805171
random1,0.5,-13.144495039918667,47.0,0.28579724448267885,17.458768485867466
random1,0.5,-13.144495039918667,50.0,0.000979849891938023,7.346584553963509
random1,0.55,-14.178873452654717,15.0,0.0,
random1,0.55,-14.178873452654717,20.0,0.04637183512692236,2.4167436526779955
random1,0.55,-14.178873452654717,25.0,0.3395294296701431,8.315403802236235
random1,0.55,-14.178873452654717,27.0,0.5685556584424653,12.99144090354557
random1,0.55,-14.178873452654717,30.0,1.0205247376225195,21.21964401269029
random1,0.55,-14.178873452654717,35.0,1.4683701256207506,28.369262251568475
random1,0.55,-14.178873452654717,37.0,1.5521246082242368,32.690103210628635
random1,0.55,-14.178873452654717,40.0,1.6292131894823578,37.1506560070341
random1,0.55,-14.178873452654717,43.0,1.5952339903652766,36.73650442760042
random1,0.55,-14.178873452654717,45.0,1.3825484145651854,45.46707255305256
random1,0.55,-14.178873452654717,47.0,0.27747495488354373,17.11742761693276
random1,0.55,-14.178873452654717,50.0,0.0009747131939894166,7.403083478054275
random1,0.6000000000000001,-15.31067375768546,15.0,0.0,
random1,0.6000000000000001,-15.31067375768546,20.0,0.04135076693836732,2.4307362400560164
random1,0.6000000000000001,-15.31067375768546,25.0,0.32432480125113283,8.032647858076341
random1,0.6000000000000001,-15.31067375768546,27.0,0.5474413617053707,12.596782683413396
random1,0.6000000000000001,-15.31067375768546,30.0,1.0031101697985767,20.998824443059778
random1,0.6000000000000001,-15.31067375768546,35.0,1.4624735139356448,28.161413107941144
random1,0.6000000000000001,-15.31067375768546,37.0,1.5475322204072446,32.50315513200756
random1,0.6000000000000001,-15.31067375768546,40.0,1.6262607348245992,37.04298872739335
random1,0.6000000000000001,-15.31067375768546,43.0,1.5929098109033841,36.66236982096054
random1,0.6000000000000001,-15.31067375768546,45.0,1.3803779313658902,45.51891751666584
random1,0.6000000000000001,-15.31067375768546,47.0,0.2693658437304407,16.786751341575194
random1,0.6000000000000001,-15.31067375768546,50.0,0.000969590723195725,7.459943602082939
random1,0.65,-16.53628845822821,15.0,0.0,
random1,0.65,-16.53628845822821,20.0,0.03655310433697138,2.4444409487791887
random1,0.65,-16.53628845822821,25.0,0.30951666112849374,7.757691529981809
random1,0.65,-16.53628845822821,27.0,0.5267043094310758,12.207865483705945
random1,0.65,-16.53628845822821,30.0,0.9854593688902924,20.77488431207976
random1,0.65,-16.53628845822821,35.0,1.4564452099070735,28.022404493264855
random1,0.65,-16.53628845822821,37.0,1.5428893264938879,32.31397283775008
random1,0.65,-16.53628845822821,40.0,1.6232530087742678,36.932769206783234
random1,0.65,-16.53628845822821,43.0,1.5905535724107078,36.58689735282132
random1,0.65,-16.53628845822821,45.0,1.378261681153076,45.56942453382474
random1,0.65,-16.53628845822821,47.0,0.2614659815331018,16.466140565801915
random1,0.65,-16.53628845822821,50.0,0.0009644814957119573,7.517166156041426
random1,0.7000000000000001,-16.46002331777024,15.0,0.0,
random1,0.7000000000000001,-16.46002331777024,20.0,0.03197263698859294,2.457866398928994
random1,0.7000000000000001,-16.46002331777024,25.0,0.29508533526490904,7.484439536200978
random1,0.7000000000000001,-16.46002331777024,27.0,0.5063722877661924,11.826922260453191
random1,0.7000000000000001,-16.46002331777024,30.0,0.9675775450421242,20.90913706059324
random1,0.7000000000000001,-16.46002331777024,35.0,1.4499823404228318,27.924487111510178
random1,0.7000000000000001,-16.46002331777024,37.0,1.5381710377833444,32.12134968471521
random1,0.7000000000000001,-16.46002331777024,40.0,1.6201959188490296,36.76689934368521
random1,0.7000000000000001,-16.46002331777024,43.0,1.5881645867742422,36.51005423319434
random1,0.7000000000000001,-16.46002331777024,45.0,1.376237578815784,45.75601090662334
random1,0.7000000000000001,-16.46002331777024,47.0,0.2537727450330597,18.528813738152923
random1,0.7000000000000001,-16.46002331777024,50.0,0.0009593864926367365,7.574753107205557
random1,0.75,-18.56326100221349,15.0,0.0,
random1,0.75,-18.56326100221349,20.0,0.02760915705886417,2.370436112093778
random1,0.75,-18.56326100221349,25.0,0.2809421301682047,7.309470761172148
random1,0.75,-18.56326100221349,27.0,0.48644586003928003,11.453964432019156
random1,0.75,-18.56326100221349,30.0,0.9494588367313336,20.68297229981588
random1,0.75,-18.56326100221349,35.0,1.4429438329869146,27.91159260609617
random1,0.75,-18.56326100221349,37.0,1.5333676761194737,31.924817080727685
random1,0.75,-18.56326100221349,40.0,1.6170818656165864,36.65049677081731
random1,0.75,-18.56326100221349,43.0,1.5857394329173142,36.431904984266424
random1,0.75,-18.56326100221349,45.0,1.374197107919153,45.692311082556124
random1,0.75,-18.56326100221349,47.0,0.2462878305357922,18.298637143353623
random1,0.75,-18.56326100221349,50.0,0.0009543044096887604,7.63270628913966
random1,0.8,-32.22398099516813,15.0,0.0,
random1,0.8,-32.22398099516813,20.0,0.023369969589988507,1.482077579095705
random1,0.8,-32.22398099516813,25.0,0.26689670268936705,7.386824651352906
random1,0.8,-32.22398099516813,27.0,0.4669289577838269,11.089068953798051
random1,0.8,-32.22398099516813,30.0,0.9249186777795716,20.37041172755935
random1,0.8,-32.22398099516813,35.0,1.4357134267431737,27.91158432725757
random1,0.8,-32.22398099516813,37.0,1.5284652089650206,31.72308954837644
random1,0.8,-32.22398099516813,40.0,1.6139092503494712,36.531422985976064
random1,0.8,-32.22398099516813,43.0,1.583268446837424,36.352738988517814
random1,0.8,-32.22398099516813,45.0,1.3720219547337709,45.63789750846647
random1,0.8,-32.22398099516813,47.0,0.23900054487540764,18.17999054280054
random1,0.8,-32.22398099516813,50.0,0.000949218077014575,7.823225592056751
random1,0.8500000000000001,-37.07514949068921,15.0,0.0,
random1,0.8500000000000001,-37.07514949068921,20.0,0.019233918956850577,1.328557189884763
random1,0.8500000000000001,-37.07514949068921,25.0,0.25318846995378363,7.462962810844965
random1,0.8500000000000001,-37.07514949068921,27.0,0.44782294152684204,10.732262756584735
random1,0.8500000000000001,-37.07514949068921,30.0,0.8990810493030837,20.041334417692692
random1,0.8500000000000001,-37.07514949068921,35.0,1.4283749324644914,27.919389451116412
random1,0.8500000000000001,-37.07514949068921,37.0,1.5234582139280213,31.515748074838513
random1,0.8500000000000001,-37.07514949068921,40.0,1.6106766388799738,36.40960800247548
random1,0.8500000000000001,-37.07514949068921,43.0,1.5807624562363258,36.272102875066636
random1,0.8500000000000001,-37.07514949068921,45.0,1.3697859682328024,45.58415475184319
random1,0.8500000000000001,-37.07514949068921,47.0,0.23190565368414554,17.950723442366538
random1,0.8500000000000001,-37.07514949068921,50.0,0.0009442827207250228,7.887258541395564
random1,0.9,-41.972443358567865,15.0,0.0,
random1,0.9,-41.972443358567865,20.0,0.015294847644140916,1.1993733686691166
random1,0.9,-41.972443358567865,25.0,0.23964498082301214,7.538541998046786
random1,0.9,-41.972443358567865,27.0,0.42912454407170125,10.383482728180974
random1,0.9,-41.972443358567865,30.0,0.873361478173346,19.71472321451772
random1,0.9,-41.972443358567865,35.0,1.420959925207034,27.927245653379412
random1,0.9,-41.972443358567865,37.0,1.518359357630435,31.30415558975798
random1,0.9,-41.972443358567865,40.0,1.6073825449950772,36.28497925579291
random1,0.9,-41.972443358567865,43.0,1.5782208926030878,36.18996985770205
random1,0.9,-41.972443358567865,45.0,1.3675210769969364,45.53000791789448
random1,0.9,-41.972443358567865,47.0,0.2249995828887319,17.683496979277407
random1,0.9,-41.972443358567865,50.0,0.000939508823357033,7.808797508760996
random1,0.9500000000000001,-44.71102392204043,15.0,0.0,
random1,0.9500000000000001,-44.71102392204043,20.0,0.011546413504069408,1.158508502214394
random1,0.9500000000000001,-44.71102392204043,25.0,0.22648823516291194,7.612717198652181
random1,0.9500000000000001,-44.71102392204043,27.0,0.41083390547085746,10.042732053028896
random1,0.9500000000000001,-44.71102392204043,30.0,0.847861083245055,19.391074419114283
random1,0.9500000000000001,-44.71102392204043,35.0,1.413476459083683,27.9351531454339
random1,0.9500000000000001,-44.71102392204043,37.0,1.5131663747043176,31.088202853074044
random1,0.9500000000000001,-44.71102392204043,40.0,1.6040391899770354,36.15836687354284
random1,0.9500000000000001,-44.71102392204043,43.0,1.575642731377033,36.10629075408903
random1,0.9500000000000001,-44.71102392204043,45.0,1.3652306194112938,45.475029861442216
random1,0.9500000000000001,-44.71102392204043,47.0,0.2182784346045679,17.425286397949048
random1,0.9500000000000001,-44.71102392204043,50.0,0.0009347210153263796,7.868243780011273
random1,1.0,-80.44433963998009,15.0,0.0,
random1,1.0,-80.44433963998009,20.0,0.008058240131378512,0.5425771184349888
random1,1.0,-80.44433963998009,25.0,0.21371357248568157,7.685506351351826
random1,1.0,-80.44433963998009,27.0,0.3929497147192901,9.709985682175843
random1,1.0,-80.44433963998009,30.0,0.822524771345481,19.069370376807285
random1,1.0,-80.44433963998009,35.0,1.4058810576336687,27.865707705451907
random1,1.0,-80.44433963998009,37.0,1.5078768792858752,30.8677747608604
random1,1.0,-80.44433963998009,40.0,1.600626441413196,36.029827862236466
random1,1.0,-80.44433963998009,43.0,1.5730271467045838,36.02102614085414
random1,1.0,-80.44433963998009,45.0,1.3629140384769538,45.41919795914527
random1,1.0,-80.44433963998009,47.0,0.21173829950473214,17.17591027153615
random1,1.0,-80.44433963998009,50.0,0.0009299074252706597,8.108040883858422
random2,-1.0,-22.11826717630847,15.0,0.007842290521349628,0.9770359117723225
random2,-1.0,-22.11826717630847,20.0,0.18707723229098702,7.698038554724336
random2,-1.0,-22.11826717630847,25.0,0.7837366120218255,17.315269162257582
random2,-1.0,-22.11826717630847,27.0,1.0986548714669304,21.863518801151773
random2,-1.0,-22.11826717630847,30.0,1.4171365944605978,27.437146350843797
random2,-1.0,-22.11826717630847,35.0,1.6923711842904197,39.437732584210146
random2,-1.0,-22.11826717630847,37.0,1.7587803521790646,42.46623606616826
random2,-1.0,-22.11826717630847,40.0,1.7902731238951282,43.761008326933286
random2,-1.0,-22.11826717630847,43.0,1.746322010437005,42.90337841457725
random2,-1.0,-22.11826717630847,45.0,1.4545428594948517,53.68980691632248
random2,-1.0,-22.11826717630847,47.0,0.12455363481031442,13.380181477645563
random2,-1.0,-22.11826717630847,50.0,0.0012667904486398348,7.632174234017071
random2,-0.9500000000000001,-21.015356152157395,15.0,0.007113924099714377,0.9560391714349823
random2,-0.9500000000000001,-21.015356152157395,20.0,0.18285383333207375,7.569303007386762
random2,-0.9500000000000001,-21.015356152157395,25.0,0.7700059149488564,16.922333915678557
random2,-0.9500000000000001,-21.015356152157395,27.0,1.0854979759446755,21.667186869002435
random2,-0.9500000000000001,-21.015356152157395,30.0,1.4078296773101955,27.109279987136308
random2,-0.9500000000000001,-21.015356152157395,35.0,1.6836471966225472,38.98485894321643
random2,-0.9500000000000001,-21.015356152157395,37.0,1.7516242097727346,42.0084519246026
random2,-0.9500000000000001,-21.015356152157395,40.0,1.786295669895998,43.58902481817918
random2,-0.9500000000000001,-21.015356152157395,43.0,1.7410475052810246,42.48667428792463
random2,-0.9500000000000001,-21.015356152157395,45.0,1.452751121279619,53.271330447647294
random2,-0.9500000000000001,-21.015356152157395,47.0,0.13232017496006349,13.702602232853266
random2,-0.9500000000000001,-21.015356152157395,50.0,0.001254485437542432,7.588758478734466
random2,-0.9,-20.00901264269909,15.0,0.006401987077293063,0.9355533433632088
random2,-0.9,-20.00901264269909,20.0,0.17877022038353854,7.429948063401472
random2,-0.9,-20.00901264269909,25.0,0.75641152764054,16.53322380924096
random2,-0.9,-20.00901264269909,27.0,1.0723904750977684,21.47161799326477
random2,-0.9,-20.00901264269909,30.0,1.3983302795148984,26.61178560063097
random2,-0.9,-20.00901264269909,35.0,1.6749694490524292,38.53441822825569
random2,-0.9,-20.00901264269909,37.0,1.7441477387559363,41.79187649950926
random2,-0.9,-20.00901264269909,40.0,1.7821705698828059,43.339550350184496
random2,-0.9,-20.00901264269909,43.0,1.7356196479670916,42.131947878152616
random2,-0.9,-20.00901264269909,45.0,1.4508536685724533,52.83958187179641
random2,-0.9,-20.00901264269909,47.0,0.14051687759497283,14.045479839189975
random2,-0.9,-20.00901264269909,50.0,0.0012421829489600914,7.545532935742281
random2,-0.8500000000000001,-19.367246736200087,15.0,0.005706291009311021,0.9155723663852239
random2,-0.8500000000000001,-19.367246736200087,20.0,0.17473673232040324,7.292278314659137
random2,-0.8500000000000001,-19.367246736200087,25.0,0.7429379339319412,16.147508860129886
random2,-0.8500000000000001,-19.367246736200087,27.0,1.0593283158191493,21.27675574525468
random2,-0.8500000000000001,-19.367246736200087,30.0,1.3888895917253679,26.11736536592601
random2,-0.8500000000000001,-19.367246736200087,35.0,1.6663382555060668,38.086424616708975
random2,-0.8500000000000001,-19.367246736200087,37.0,1.736231428687782,41.5141514757198
random2,-0.8500000000000001,-19.367246736200087,40.0,1.7777570803376679,43.52845226181014
random2,-0.8500000000000001,-19.367246736200087,43.0,1.729726842588714,41.95693998780872
random2,-0.8500000000000001,-19.367246736200087,45.0,1.449305450819076,48.37145358006109
random2,-0.8500000000000001,-19.367246736200087,47.0,0.14916200597419818,14.409674027879856
random2,-0.8500000000000001,-19.367246736200087,50.0,0.001229890511133463,7.502498197992751
random2,-0.8,-18.353687254333337,15.0,0.005026654237223648,0.8960904088557936
random2,-0.8,-18.353687254333337,20.0,0.17082487811489144,7.158742607902598
random2,-0.8,-18.353687254333337,25.0,0.7295672677823747,15.76469399867448
random2,-0.8,-18.353687254333337,27.0,1.0463065413668262,21.082531235505485
random2,-0.8,-18.353687254333337,30.0,1.3792370433133474,25.696977554799673
random2,-0.8,-18.353687254333337,35.0,1.657753902174442,37.64089094011468
random2,-0.8,-18.353687254333337,37.0,1.7283569803808496,41.237917637239335
random2,-0.8,-18.353687254333337,40.0,1.7733847824835811,43.71558498050262
random2,-0.8,-18.353687254333337,43.0,1.7234819233119558,41.73044095614174
random2,-0.8,-18.353687254333337,45.0,1.447879748781382,48.33849321394882
random2,-0.8,-18.353687254333337,47.0,0.15827398164882375,14.796051954303868
random2,-0.8,-18.353687254333337,50.0,0.00121761639635268,7.4596555646000295
random2,-0.75,-17.447597828596447,15.0,0.0043629018141349675,0.8771018661215808
random2,-0.75,-17.447597828596447,20.0,0.16711054060948774,7.031939556124737
random2,-0.75,-17.447597828596447,25.0,0.7162787446986969,15.384203319670515
random2,-0.75,-17.447597828596447,27.0,1.0333191057378717,20.88886055327991
random2,-0.75,-17.447597828596447,30.0,1.369324373995664,25.35811162332135
random2,-0.75,-17.447597828596447,35.0,1.6492162559782788,37.197809686126504
random2,-0.75,-17.447597828596447,37.0,1.7203680709176237,40.92474712622729
random2,-0.75,-17.447597828596447,40.0,1.7672225546920264,43.38287780320755
random2,-0.75,-17.447597828596447,43.0,1.7172253448834987,41.50368623668098
random2,-0.75,-17.447597828596447,45.0,1.446260093643651,48.26725955382354
random2,-0.75,-17.447597828596447,47.0,0.16787130377705325,15.205484401126295
random2,-0.75,-17.447597828596447,50.0,0.0012053679250848585,7.417005874206493
random2,-0.7000000000000001,-16.698269909124456,15.0,0.0037148654254591036,0.8586013578237724
random2,-0.7000000000000001,-16.698269909124456,20.0,0.16345882210317061,6.907250319741435
random2,-0.7000000000000001,-16.698269909124456,25.0,0.7030479397027487,15.005360083220992
random2,-0.7000000000000001,-16.698269909124456,27.0,1.0203586425427056,20.69564157847435
random2,-0.7000000000000001,-16.698269909124456,30.0,1.3594243835005946,25.019807506759896
random2,-0.7000000000000001,-16.698269909124456,35.0,1.6407263306107558,36.757228986588444
random2,-0.7000000000000001,-16.698269909124456,37.0,1.7118831189302253,40.482505048594476
random2,-0.7000000000000001,-16.698269909124456,40.0,1.7606711656297238,42.918495431181
random2,-0.7000000000000001,-16.698269909124456,43.0,1.710959160580539,41.276742760613445
random2,-0.7000000000000001,-16.698269909124456,45.0,1.4444493196797263,48.222672202305596
random2,-0.7000000000000001,-16.698269909124456,47.0,0.17797245765036085,15.638841473675592
random2,-0.7000000000000001,-16.698269909124456,50.0,0.0011931518591635395,7.374550031953799
random2,-0.65,-15.887379575114906,15.0,0.0030823833040738474,0.8405837250123732
random2,-0.65,-15.887379575114906,20.0,0.15986864431419667,6.78463824060962
random2,-0.65,-15.887379575114906,25.0,0.6897565085530203,14.765797462072408
random2,-0.65,-15.887379575114906,27.0,1.0074161758152302,20.50274999260616
random2,-0.65,-15.887379575114906,30.0,1.3495562705141564,24.682668157437394
random2,-0.65,-15.887379575114906,35.0,1.6322839176067254,36.31913767177102
random2,-0.65,-15.887379575114906,37.0,1.7034331964709877,40.04215259344589
random2,-0.65,-15.887379575114906,40.0,1.7541367642888077,42.45539064595901
random2,-0.65,-15.887379575114906,43.0,1.704535744609278,41.058681296864904
random2,-0.65,-15.887379575114906,45.0,1.442446452919849,48.140236974762146
random2,-0.65,-15.887379575114906,47.0,0.18859572191700508,16.03550410970916
random2,-0.65,-15.887379575114906,50.0,0.0011809744355959799,7.33228887203909
random2,-0.6000000000000001,-15.272784833752896,15.0,0.0024653001392515427,0.8230440270476881
random2,-0.6000000000000001,-15.272784833752896,20.0,0.15633897415570108,6.662367941837127
random2,-0.6000000000000001,-15.272784833752896,25.0,0.676285458139679,14.48594186516398
random2,-0.6000000000000001,-15.272784833752896,27.0,0.9944807563654243,20.31003426275771
random2,-0.6000000000000001,-15.272784833752896,30.0,1.3397384043682457,24.347270441016082
random2,-0.6000000000000001,-15.272784833752896,35.0,1.6238891704577354,35.88354213535181
random2,-0.6000000000000001,-15.272784833752896,37.0,1.6950239145329515,39.603962095410516
random2,-0.6000000000000001,-15.272784833752896,40.0,1.7475210992653791,42.044731593198826
random2,-0.6000000000000001,-15.272784833752896,43.0,1.6979519965991803,40.849224991228354
random2,-0.6000000000000001,-15.272784833752896,45.0,1.440253473441096,48.01129023409267
random2,-0.6000000000000001,-15.272784833752896,47.0,0.19975913979655904,16.391544712193394
random2,-0.6000000000000001,-15.272784833752896,50.0,0.0011688043128672391,7.4707021086859795
random2,-0.55,-14.698278444755568,15.0,0.0018634669785203635,0.8059775382600703
random2,-0.55,-14.698278444755568,20.0,0.152868762957211,6.5438420449802
random2,-0.55,-14.698278444755568,25.0,0.6628202589846404,14.125591921091745
random2,-0.55,-14.698278444755568,27.0,0.9815390021838748,20.117309302045864
random2,-0.55,-14.698278444755568,30.0,1.3299060080538396,24.050784605290072
random2,-0.55,-14.698278444755568,35.0,1.6155425520127233,35.450463782305434
random2,-0.55,-14.698278444755568,37.0,1.686655834691302,39.16795999004278
random2,-0.55,-14.698278444755568,40.0,1.740511093482976,41.83238628451081
random2,-0.55,-14.698278444755568,43.0,1.691354644447502,40.63949359135373
random2,-0.55,-14.698278444755568,45.0,1.4378784909680256,47.94999453931252
random2,-0.55,-14.698278444755568,47.0,0.21148053048657878,16.767889555928992
random2,-0.55,-14.698278444755568,50.0,0.0011567582862902948,7.248353681894612
random2,-0.5,-14.193034421181524,15.0,0.0012767411216727646,0.7893797443411891
random2,-0.5,-14.193034421181524,20.0,0.14945698037692687,6.427286887896471
random2,-0.5,-14.193034421181524,25.0,0.6492763213126022,13.791794607877057
random2,-0.5,-14.193034421181524,27.0,0.9685745145788135,19.9243484159865
random2,-0.5,-14.193034421181524,30.0,1.3195805244762024,23.873379346072184
random2,-0.5,-14.193034421181524,35.0,1.6072434215428826,35.01987047020376
random2,-0.5,-14.193034421181524,37.0,1.6783288639812,38.73414083545173
random2,-0.5,-14.193034421181524,40.0,1.733197143601855,41.57537097485237
random2,-0.5,-14.193034421181524,43.0,1.6846868958573102,40.42869700164219
random2,-0.5,-14.193034421181524,45.0,1.4353741166989038,47.839066033067326
random2,-0.5,-14.193034421181524,47.0,0.22377726628591516,17.165542066617192
random2,-0.5,-14.193034421181524,50.0,0.001144700691961181,7.3597148557846435
random2,-0.45,-13.772618332380459,15.0,0.0007049860060462099,0.773246338436834
random2,-0.45,-13.772618332380459,20.0,0.14610262921799738,6.312668592712992
random2,-0.45,-13.772618332380459,25.0,0.635506310013526,13.53530654916383
random2,-0.45,-13.772618332380459,27.0,0.9555671325320411,19.730873017304905
random2,-0.45,-13.772618332380459,30.0,1.309076039908109,23.701275182448917
random2,-0.45,-13.772618332380459,35.0,1.5989921599158272,34.59177962761362
random2,-0.45,-13.772618332380459,37.0,1.6700435231758401,38.302529074983795
random2,-0.45,-13.772618332380459,40.0,1.7259038833716707,41.31977762588802
random2,-0.45,-13.772618332380459,43.0,1.677863492073379,40.215722560845144
random2,-0.45,-13.772618332380459,45.0,1.4327386471502552,47.361792329547434
random2,-0.45,-13.772618332380459,47.0,0.23666590914039878,17.63185453339537
random2,-0.45,-13.772618332380459,50.0,0.0011327602919152615,7.1652058130977565
random2,-0.4,-13.492897419153435,15.0,0.00014813434585691176,0.7575748539362805
random2,-0.4,-13.492897419153435,20.0,0.1428047319961324,6.199953954596317
random2,-0.4,-13.492897419153435,25.0,0.6217294713793274,13.286398595296406
random2,-0.4,-13.492897419153435,27.0,0.9424968482084177,19.577553830053
random2,-0.4,-13.492897419153435,30.0,1.2981021084818005,23.393359149658167
random2,-0.4,-13.492897419153435,35.0,1.590788734642064,34.16618862700932
random2,-0.4,-13.492897419153435,37.0,1.6618000988575259,37.87313774500089
random2,-0.4,-13.492897419153435,40.0,1.7184656561704412,41.06910203892831
random2,-0.4,-13.492897419153435,43.0,1.6710360191026383,40.001961025222776
random2,-0.4,-13.492897419153435,45.0,1.4301383602705933,47.281007288992505
random2,-0.4,-13.492897419153435,47.0,0.25016234343288035,18.129359171201262
random2,-0.4,-13.492897419153435,50.0,0.0011208548807640777,7.123929052970434
random2,-0.35000000000000003,0.0836849718979793,15.0,0.0,
random2,-0.35000000000000003,0.0836849718979793,20.0,0.13956233073177057,6.089110434648848
random2,-0.35000000000000003,0.0836849718979793,25.0,0.6083661789529328,13.44429830175984
random2,-0.35000000000000003,0.0836849718979793,27.0,0.9293315945452594,19.381821454121397
random2,-0.35000000000000003,0.0836849718979793,30.0,1.286527279917615,23.653574670941424
random2,-0.35000000000000003,0.0836849718979793,35.0,1.58263276799845,33.74310187785759
random2,-0.35000000000000003,0.0836849718979793,37.0,1.653598853670805,37.44597871393372
random2,-0.35000000000000003,0.0836849718979793,40.0,1.7105996276375295,40.78835958083233
random2,-0.35000000000000003,0.0836849718979793,43.0,1.664174899889097,39.77950831427095
random2,-0.35000000000000003,0.0836849718979793,45.0,1.4273644397353888,47.179542824474176
random2,-0.35000000000000003,0.0836849718979793,47.0,0.2642819013079161,17.60508191879279
random2,-0.35000000000000003,0.0836849718979793,50.0,0.0011090163900530506,7.0828507988111316
random2,-0.30000000000000004,0.6638551402707376,15.0,0.0,
random2,-0.30000000000000004,0.6638551402707376,20.0,0.13637448675013114,5.980106153075091
random2,-0.30000000000000004,0.6638551402707376,25.0,0.5969025151861944,13.217802088319706
random2,-0.30000000000000004,0.6638551402707376,27.0,0.9147989101158563,19.167304211826373
random2,-0.30000000000000004,0.6638551402707376,30.0,1.2749851738760989,23.804661841485537
random2,-0.30000000000000004,0.6638551402707376,35.0,1.5745225483341445,33.3225394316057
random2,-0.30000000000000004,0.6638551402707376,37.0,1.6454398208089105,37.02105267435417
random2,-0.30000000000000004,0.6638551402707376,40.0,1.702748376711387,40.49700480485868
random2,-0.30000000000000004,0.6638551402707376,43.0,1.657134967443284,39.50832240477359
random2,-0.30000000000000004,0.6638551402707376,45.0,1.4244074607450856,47.07277695028568
random2,-0.30000000000000004,0.6638551402707376,47.0,0.2790549571842949,18.049357747828775
random2,-0.30000000000000004,0.6638551402707376,50.0,0.0010972486628879484,7.04197175253827
random2,-0.25,1.0347470101172007,15.0,0.0,
random2,-0.25,1.0347470101172007,20.0,0.1332402804891361,5.872909882617133
random2,-0.25,1.0347470101172007,25.0,0.5855635379093992,12.993726247726313
random2,-0.25,1.0347470101172007,27.0,0.8977516708777487,18.918178569917384
random2,-0.25,1.0347470101172007,30.0,1.2634679414383383,23.955450201504604
random2,-0.25,1.0347470101172007,35.0,1.5664602668157397,32.90447810171481
random2,-0.25,1.0347470101172007,37.0,1.6373053976078136,36.59797337281228
random2,-0.25,1.0347470101172007,40.0,1.6949290640257362,40.20686739229991
random2,-0.25,1.0347470101172007,43.0,1.6501048956109918,39.23759308133476
random2,-0.25,1.0347470101172007,45.0,1.421787195579979,45.32021764591652
random2,-0.25,1.0347470101172007,47.0,0.29447776336507775,18.56286645698389
random2,-0.25,1.0347470101172007,50.0,0.0010858454641658956,7.00130584042624
random2,-0.2,1.4657589909648734,15.0,0.0,
random2,-0.2,1.4657589909648734,20.0,0.13015881131472332,5.767491042243325
random2,-0.2,1.4657589909648734,25.0,0.5743244756030932,12.771592554387121
random2,-0.2,1.4657589909648734,27.0,0.8813805467552126,19.01043186301477
random2,-0.2,1.4657589909648734,30.0,1.251911174616601,23.83494940888733
random2,-0.2,1.4657589909648734,35.0,1.5584428524105463,32.48876733974967
random2,-0.2,1.4657589909648734,37.0,1.6291949215389265,36.176707684720746
random2,-0.2,1.4657589909648734,40.0,1.6871306349235846,39.846780027635816
random2,-0.2,1.4657589909648734,43.0,1.64307052222556,38.938791831457436
random2,-0.2,1.4657589909648734,45.0,1.4195583271610888,45.38617379494615
random2,-0.2,1.4657589909648734,47.0,0.31056146314651406,19.097726416730072
random2,-0.2,1.4657589909648734,50.0,0.001075030102112016,6.960864308932436
random2,-0.15000000000000002,1.727587357975085,15.0,0.0,
random2,-0.15000000000000002,1.727587357975085,20.0,0.12712919734348985,5.663819691087596
random2,-0.15000000000000002,1.727587357975085,25.0,0.5632084572799754,12.551847479528856
random2,-0.15000000000000002,1.727587357975085,27.0,0.8659664578913177,18.790595446025524
random2,-0.15000000000000002,1.727587357975085,30.0,1.2385932496239922,23.826248732276433
random2,-0.15000000000000002,1.727587357975085,35.0,1.5504696981321326,32.075376592431574
random2,-0.15000000000000002,1.727587357975085,37.0,1.6211274041234873,35.75770075266103
random2,-0.15000000000000002,1.727587357975085,40.0,1.679347226299878,39.419595089515056
random2,-0.15000000000000002,1.727587357975085,43.0,1.6359898168432634,38.528672910187446
random2,-0.15000000000000002,1.727587357975085,45.0,1.4172728342103895,44.62084189234427
random2,-0.15000000000000002,1.727587357975085,47.0,0.32731422168914126,19.473781018628838
random2,-0.15000000000000002,1.727587357975085,50.0,0.0010647962950102383,6.920646500040708
random2,-0.1,2.0335875938264714,15.0,0.0,
random2,-0.1,2.0335875938264714,20.0,0.12415057527238167,5.561866522629872
random2,-0.1,2.0335875938264714,25.0,0.5524941672731789,12.339870867504729
random2,-0.1,2.0335875938264714,27.0,0.8507327699196808,18.58865961166159
random2,-0.1,2.0335875938264714,30.0,1.2246733370725806,23.61567216706874
random2,-0.1,2.0335875938264714,35.0,1.5425436076087393,31.664441397674036
random2,-0.1,2.0335875938264714,37.0,1.6131029523428433,35.34095718265232
random2,-0.1,2.0335875938264714,40.0,1.671597207563914,38.994281741786736
random2,-0.1,2.0335875938264714,43.0,1.6289240042819344,38.11951262899603
random2,-0.1,2.0335875938264714,45.0,1.4147644683341773,44.68581340325445
random2,-0.1,2.0335875938264714,47.0,0.3446056613980311,19.840058156956406
random2,-0.1,2.0335875938264714,50.0,0.0010568611942549982,6.88073369975442
random2,-0.05,2.3253354053192483,15.0,0.0,
random2,-0.05,2.3253354053192483,20.0,0.12122210021501288,5.461602859103571
random2,-0.05,2.3253354053192483,25.0,0.5424460571986268,12.129732519525849
random2,-0.05,2.3253354053192483,27.0,0.8359947165967082,18.39388710705394
random2,-0.05,2.3253354053192483,30.0,1.2106796575943142,23.40413349568408
random2,-0.05,2.3253354053192483,35.0,1.5346645176415286,31.25595768625371
random2,-0.05,2.3253354053192483,37.0,1.6051217091659928,34.92648335957726
random2,-0.05,2.3253354053192483,40.0,1.6638830803044675,38.57097124603828
random2,-0.05,2.3253354053192483,43.0,1.6228955557269336,37.76691446874867
random2,-0.05,2.3253354053192483,45.0,1.4119603681073718,44.758021863485986
random2,-0.05,2.3253354053192483,47.0,0.362563863564698,20.36499742950139
random2,-0.05,2.3253354053192483,50.0,0.0010487617545627246,6.841010393477704
random2,0.0,2.3643166223999525,15.0,0.0,
random2,0.0,2.3643166223999525,20.0,0.11834294554443316,5.36300064612367
random2,0.0,2.3643166223999525,25.0,0.532543802270647,11.93249679200692
random2,0.0,2.3643166223999525,27.0,0.8216112608677082,18.187594921383248
random2,0.0,2.3643166223999525,30.0,1.1967040950746977,23.458782977987166
random2,0.0,2.3643166223999525,35.0,1.526831668346873,30.84988746335286
random2,0.0,2.3643166223999525,37.0,1.597183656240015,34.51427767973442
random2,0.0,2.3643166223999525,40.0,1.6562052344532008,38.149683724019475
random2,0.0,2.3643166223999525,43.0,1.6168964144917264,37.41605813237432
random2,0.0,2.3643166223999525,45.0,1.4088748931669046,43.94666048202531
random2,0.0,2.3643166223999525,47.0,0.3811249424975039,20.76296383852567
random2,0.0,2.3643166223999525,50.0,0.0010405139908218374,6.801477600784894
random2,0.05,2.4924525476040666,15.0,0.0,
random2,0.05,2.4924525476040666,20.0,0.11551230274179031,5.266032447516357
random2,0.05,2.4924525476040666,25.0,0.5227970667005188,11.73827774422312
random2,0.05,2.4924525476040666,27.0,0.8073746900330919,17.983351600742324
random2,0.05,2.4924525476040666,30.0,1.1832920324233829,23.26090151561864
random2,0.05,2.4924525476040666,35.0,1.5190444055383499,30.44619788300382
random2,0.05,2.4924525476040666,37.0,1.5892887602559442,34.104337796672716
random2,0.05,2.4924525476040666,40.0,1.6485640476169758,37.73043864154632
random2,0.05,2.4924525476040666,43.0,1.6108531420123249,37.075243371682454
random2,0.05,2.4924525476040666,45.0,1.4058303925417617,43.92503102348843
random2,0.05,2.4924525476040666,47.0,0.4000485199171726,21.313345205362985
random2,0.05,2.4924525476040666,50.0,0.0010321328017278116,6.7621362326237175
random2,0.1,1.320987667319173,15.0,0.0,
random2,0.1,1.320987667319173,20.0,0.11272938125067225,5.170671440343287
random2,0.1,1.320987667319173,25.0,0.5132038145708837,11.547055277385098
random2,0.1,1.320987667319173,27.0,0.7932579430177479,17.78071342118629
random2,0.1,1.320987667319173,30.0,1.1699081631116885,23.063481186673364
random2,0.1,1.320987667319173,35.0,1.5113019430528982,30.044849673962386
random2,0.1,1.320987667319173,37.0,1.5814362908575637,33.69662685512681
random2,0.1,1.320987667319173,40.0,1.6409598850419773,37.31325480680174
random2,0.1,1.320987667319173,43.0,1.604759272571203,36.745459453062445
random2,0.1,1.320987667319173,45.0,1.4031308256249146,38.04128252205029
random2,0.1,1.320987667319173,47.0,0.4195645337867012,21.352890849870636
random2,0.1,1.320987667319173,50.0,0.0010236323507941947,6.722987110611992
random2,0.15000000000000002,-1.7692789722324536,15.0,0.0,
random2,0.15000000000000002,-1.7692789722324536,20.0,0.10999340833650742,5.07689141009877
random2,0.15000000000000002,-1.7692789722324536,25.0,0.5037614903715752,11.358779661491454
random2,0.15000000000000002,-1.7692789722324536,27.0,0.7792525981519512,17.579579091920348
random2,0.15000000000000002,-1.7692789722324536,30.0,1.1565499627955584,22.866486396038603
random2,0.15000000000000002,-1.7692789722324536,35.0,1.5036037251198227,29.64581478642147
random2,0.15000000000000002,-1.7692789722324536,37.0,1.5736237259981813,33.29101930198879
random2,0.15000000000000002,-1.7692789722324536,40.0,1.6333897228257366,36.91461011836877
random2,0.15000000000000002,-1.7692789722324536,43.0,1.5986662407886234,36.41585611478558
random2,0.15000000000000002,-1.7692789722324536,45.0,1.4040098669710435,29.061018837917462
random2,0.15000000000000002,-1.7692789722324536,47.0,0.4396637189259506,21.613182270988407
random2,0.15000000000000002,-1.7692789722324536,50.0,0.0010152524908572194,6.684041603951818
random2,0.2,-1.9261695015343197,15.0,0.0,
random2,0.2,-1.9261695015343197,20.0,0.10730362895065018,4.984666746067346
random2,0.2,-1.9261695015343197,25.0,0.4944675812945134,11.173401997290814
random2,0.2,-1.9261695015343197,27.0,0.7653632246014779,17.329808160421695
random2,0.2,-1.9261695015343197,30.0,1.1432145283912605,22.66987628365268
random2,0.2,-1.9261695015343197,35.0,1.495987639989989,29.25093731681816
random2,0.2,-1.9261695015343197,37.0,1.565853940014981,32.88765672457699
random2,0.2,-1.9261695015343197,40.0,1.6258565839748718,36.52119300362388
random2,0.2,-1.9261695015343197,43.0,1.5925749498034663,36.08647846628436
random2,0.2,-1.9261695015343197,45.0,1.4047164561871284,29.05039882305429
random2,0.2,-1.9261695015343197,47.0,0.4603322432520512,21.88553583512652
random2,0.2,-1.9261695015343197,50.0,0.0010069952419776464,6.645299769719995
random2,0.25,-2.4679771847728555,15.0,0.0,
random2,0.25,-2.4679771847728555,20.0,0.10465930559849701,4.893972436819183
random2,0.25,-2.4679771847728555,25.0,0.4853196166792648,10.990874205494944
random2,0.25,-2.4679771847728555,27.0,0.7525532024589229,17.269694686307385
random2,0.25,-2.4679771847728555,30.0,1.1298985439163407,22.473604249360434
random2,0.25,-2.4679771847728555,35.0,1.4884168660896933,28.858423149635033
random2,0.25,-2.4679771847728555,37.0,1.5581267009606488,32.48652693504067
random2,0.25,-2.4679771847728555,40.0,1.618362480602601,36.12983532176301
random2,0.25,-2.4679771847728555,43.0,1.5864863596876246,35.75737447458791
random2,0.25,-2.4679771847728555,45.0,1.4051738055221157,28.446498551778124
random2,0.25,-2.4679771847728555,47.0,0.4815508316832832,22.16573331754775
random2,0.25,-2.4679771847728555,50.0,0.000998630793226885,6.606749813034591
random2,0.30000000000000004,-2.7950728781855134,15.0,0.0,
random2,0.30000000000000004,-2.7950728781855134,20.0,0.10205971821121784,4.804784065829241
random2,0.30000000000000004,-2.7950728781855134,25.0,0.47631516747323926,10.811149016276886
random2,0.30000000000000004,-2.7950728781855134,27.0,0.739952734884105,17.203520726390366
random2,0.30000000000000004,-2.7950728781855134,30.0,1.1165982436976865,22.277617441147065
random2,0.30000000000000004,-2.7950728781855134,35.0,1.480888571690085,28.468133406584315
random2,0.30000000000000004,-2.7950728781855134,37.0,1.5504425564310653,32.08765633434856
random2,0.30000000000000004,-2.7950728781855134,40.0,1.6109070342957514,35.74051757322676
random2,0.30000000000000004,-2.7950728781855134,43.0,1.5804017640409973,35.428608893871136
random2,0.30000000000000004,-2.7950728781855134,45.0,1.4053822707718941,28.438790165338233
random2,0.30000000000000004,-2.7950728781855134,47.0,0.5032951024976187,22.45343138774953
random2,0.30000000000000004,-2.7950728781855134,50.0,0.0009901635212395158,6.568396235495734
random2,0.35000000000000003,-3.1347935785470935,15.0,0.0,
random2,0.35000000000000003,-3.1347935785470935,20.0,0.09950416402017423,4.717077807188368
random2,0.35000000000000003,-3.1347935785470935,25.0,0.4674518457049176,10.63417995902225
random2,0.35000000000000003,-3.1347935785470935,27.0,0.7274570141027598,16.847077005550723
random2,0.35000000000000003,-3.1347935785470935,30.0,1.1033093728698022,22.081856205678843
random2,0.35000000000000003,-3.1347935785470935,35.0,1.4733903835233306,28.106296510817106
random2,0.35000000000000003,-3.1347935785470935,37.0,1.542802268945978,31.69108196153108
random2,0.35000000000000003,-3.1347935785470935,40.0,1.603490429771018,35.35324898078916
random2,0.35000000000000003,-3.1347935785470935,43.0,1.5743215693309516,35.10020179314837
random2,0.35000000000000003,-3.1347935785470935,45.0,1.4053258558869457,28.430913101211818
random2,0.35000000000000003,-3.1347935785470935,47.0,0.5255352646181006,22.748313648278884
random2,0.35000000000000003,-3.1347935785470935,50.0,0.0009816132693633856,6.530235512335331
random2,0.4,-3.544703755843023,15.0,0.0,
random2,0.4,-3.544703755843023,20.0,0.09699195743363054,4.630830421392802
random2,0.4,-3.544703755843023,25.0,0.45872730397151973,10.459921352361924
random2,0.4,-3.544703755843023,27.0,0.7151497917863311,16.495882790757662
random2,0.4,-3.544703755843023,30.0,1.0900271451208663,21.886253500562834
random2,0.4,-3.544703755843023,35.0,1.4658778858316424,27.893044232305204
random2,0.4,-3.544703755843023,37.0,1.5352047383271996,31.296748643312444
random2,0.4,-3.544703755843023,40.0,1.5961128444281267,34.96803838657048
random2,0.4,-3.544703755843023,43.0,1.5682466543835898,34.77219702052282
random2,0.4,-3.544703755843023,45.0,1.4049996496481263,28.423296810143004
random2,0.4,-3.544703755843023,47.0,0.5482326891194507,23.050524982656015
random2,0.4,-3.544703755843023,50.0,0.0009729886312644868,6.492269489665708
random2,0.45,-4.264342830003095,15.0,0.0,
random2,0.45,-4.264342830003095,20.0,0.09452242991476204,4.546019251177934
random2,0.45,-4.264342830003095,25.0,0.4501392349397662,10.288328294459115
random2,0.45,-4.264342830003095,27.0,0.7030279347377247,16.149851484153757
random2,0.45,-4.264342830003095,30.0,1.0767461976840695,21.690734268288345
random2,0.45,-4.264342830003095,35.0,1.457979590051255,27.748783143531252
random2,0.45,-4.264342830003095,37.0,1.5276496114319842,30.904638186367638
random2,0.45,-4.264342830003095,40.0,1.5887744476020045,34.58489421407143
random2,0.45,-4.264342830003095,43.0,1.5621778890395184,34.44463796288128
random2,0.45,-4.264342830003095,45.0,1.4044499710748002,27.92173023845993
random2,0.45,-4.264342830003095,47.0,0.571348519093045,23.35874056762996
random2,0.45,-4.264342830003095,50.0,0.0009643007659028821,6.454498934494944
random2,0.5,-4.834430508573282,15.0,0.0,
random2,0.5,-4.834430508573282,20.0,0.09209492986021856,4.462622217371116
random2,0.5,-4.834430508573282,25.0,0.44168537086048415,10.119356653566172
random2,0.5,-4.834430508573282,27.0,0.6910134681288476,15.808755707255658
random2,0.5,-4.834430508573282,30.0,1.0636437459783084,21.528525649511348
random2,0.5,-4.834430508573282,35.0,1.4495444202706214,27.512670218479286
random2,0.5,-4.834430508573282,37.0,1.5201364585615502,30.514728606418625
random2,0.5,-4.834430508573282,40.0,1.581475399832048,34.20382443108457
random2,0.5,-4.834430508573282,43.0,1.5561176369209626,34.10521644674888
random2,0.5,-4.834430508573282,45.0,1.4036888748398602,27.913029652213343
random2,0.5,-4.834430508573282,47.0,0.5948525113698376,23.67253351209728
random2,0.5,-4.834430508573282,50.0,0.0009555597280471931,6.41692431299496
random2,0.55,-5.499646147889318,15.0,0.0,
random2,0.55,-5.499646147889318,20.0,0.08970882247834457,4.380617814732768
random2,0.55,-5.499646147889318,25.0,0.4333634830961794,9.952963058833289
random2,0.55,-5.499646147889318,27.0,0.6789408613197809,15.469759662205771
random2,0.55,-5.499646147889318,30.0,1.0507398151900371,21.33820492073854
random2,0.55,-5.499646147889318,35.0,1.4410049405698706,27.45397688921553
random2,0.55,-5.499646147889318,37.0,1.5126647653089635,30.126993724793486
random2,0.55,-5.499646147889318,40.0,1.5742158521373009,33.8248365128977
random2,0.55,-5.499646147889318,43.0,1.5500770774036414,33.778674467305606
random2,0.55,-5.499646147889318,45.0,1.4026928386128612,27.90429212149871
random2,0.55,-5.499646147889318,47.0,0.6186320147637997,23.84765431328239
random2,0.55,-5.499646147889318,50.0,0.000946774594605859,6.379545724565801
random2,0.6000000000000001,-6.225304273091119,15.0,0.0,
random2,0.6000000000000001,-6.225304273091119,20.0,0.08736348966608772,4.299985107752215
random2,0.6000000000000001,-6.225304273091119,25.0,0.42517138166219154,9.789104891381793
random2,0.6000000000000001,-6.225304273091119,27.0,0.6670514865747381,15.135787500898543
random2,0.6000000000000001,-6.225304273091119,30.0,1.0378581942485894,21.148259788930897
random2,0.6000000000000001,-6.225304273091119,35.0,1.4325306372260032,27.44562338861024
random2,0.6000000000000001,-6.225304273091119,37.0,1.5052430520920177,29.741854621518577
random2,0.6000000000000001,-6.225304273091119,40.0,1.566996604536975,33.447971039029184
random2,0.6000000000000001,-6.225304273091119,43.0,1.544046069244231,33.45275864037144
random2,0.6000000000000001,-6.225304273091119,45.0,1.4014697354687173,27.895520383234075
random2,0.6000000000000001,-6.225304273091119,47.0,0.6422280743769934,24.080686085898655
random2,0.6000000000000001,-6.225304273091119,50.0,0.0009379542979961349,6.342363537039485
random2,0.65,-7.036315201971375,15.0,0.0,
random2,0.65,-7.036315201971375,20.0,0.08505832988351424,4.220703726361798
random2,0.65,-7.036315201971375,25.0,0.41710691478056117,9.62774027562461
random2,0.65,-7.036315201971375,27.0,0.6553423444010604,14.806757576714602
random2,0.65,-7.036315201971375,30.0,1.024994999860493,20.958635781374518
random2,0.65,-7.036315201971375,35.0,1.4240809426105516,27.440877195937
random2,0.65,-7.036315201971375,37.0,1.4978802406267562,29.359752241714546
random2,0.65,-7.036315201971375,40.0,1.559838730450528,33.07430289540779
random2,0.65,-7.036315201971375,43.0,1.5380253565007052,33.127505712982575
random2,0.65,-7.036315201971375,45.0,1.4000274578918133,27.88671717917094
random2,0.65,-7.036315201971375,47.0,0.665970044022569,24.2509067721822
random2,0.65,-7.036315201971375,50.0,0.0009291077759175653,6.305378505383415
random2,0.7000000000000001,-8.018725794811221,15.0,0.0,
random2,0.7000000000000001,-8.018725794811221,20.0,0.0827927580248196,4.14275386153101
random2,0.7000000000000001,-8.018725794811221,25.0,0.4091679684469167,9.468828070840113
random2,0.7000000000000001,-8.018725794811221,27.0,0.6437328708689097,14.53234376695782
random2,0.7000000000000001,-8.018725794811221,30.0,1.0121458595124244,20.769205905214267
random2,0.7000000000000001,-8.018725794811221,35.0,1.4154973563688042,27.293888191639667
random2,0.7000000000000001,-8.018725794811221,37.0,1.4905578277901765,28.979769891795016
random2,0.7000000000000001,-8.018725794811221,40.0,1.5527190257193189,32.70264799839841
random2,0.7000000000000001,-8.018725794811221,43.0,1.5320156762778738,32.80295207659729
random2,0.7000000000000001,-8.018725794811221,45.0,1.398373894234503,27.87788524728659
random2,0.7000000000000001,-8.018725794811221,47.0,0.6897771427129765,24.422529758498584
random2,0.7000000000000001,-8.018725794811221,50.0,0.0009202331671518087,6.503471877256816
random2,0.75,-8.911343279453789,15.0,0.0,
random2,0.75,-8.911343279453789,20.0,0.08056620528465346,4.066116260699876
random2,0.75,-8.911343279453789,25.0,0.4013524660098091,9.312327862988134
random2,0.75,-8.911343279453789,27.0,0.6321612531296847,14.31565696059016
random2,0.75,-8.911343279453789,30.0,0.9993059483150722,20.579811991222428
random2,0.75,-8.911343279453789,35.0,1.4065514735766897,26.816578996307854
random2,0.75,-8.911343279453789,37.0,1.4832748717456965,28.601860230827
random2,0.75,-8.911343279453789,40.0,1.5456376067980198,32.33301203452768
random2,0.75,-8.911343279453789,43.0,1.5260195817468933,32.47922508703525
random2,0.75,-8.911343279453789,45.0,1.3965167071784308,27.869013998580737
random2,0.75,-8.911343279453789,47.0,0.7135818734121961,24.595017118430295
random2,0.75,-8.911343279453789,50.0,0.0009113654311465673,6.231999697192457
random2,0.8,-10.050716582698573,15.0,0.0,
random2,0.8,-10.050716582698573,20.0,0.07837811901842867,3.9907722230066667
random2,0.8,-10.050716582698573,25.0,0.39365829898296584,9.158198618497547
random2,0.8,-10.050716582698573,27.0,0.6207401618161592,14.087433200227494
random2,0.8,-10.050716582698573,30.0,0.9864691568051065,20.390584710746396
random2,0.8,-10.050716582698573,35.0,1.3976212626866207,26.34024182451523
random2,0.8,-10.050716582698573,37.0,1.4760302741090727,28.22596816773984
random2,0.8,-10.050716582698573,40.0,1.5385945773596075,31.965400032329644
random2,0.8,-10.050716582698573,43.0,1.5200368367114168,32.15631236663067
random2,0.8,-10.050716582698573,45.0,1.3944545984493906,27.859503668292813
random2,0.8,-10.050716582698573,47.0,0.7373977430936202,24.76774305598067
random2,0.8,-10.050716582698573,50.0,0.0009024772851335403,6.427832084848031
random2,0.8500000000000001,-11.148475437972012,15.0,0.0,
random2,0.8500000000000001,-11.148475437972012,20.0,0.07622796259524067,3.916703594262462
random2,0.8500000000000001,-11.148475437972012,25.0,0.38608322290280417,9.006396657925439
random2,0.8500000000000001,-11.148475437972012,27.0,0.6094938520153956,13.862607312268665
random2,0.8500000000000001,-11.148475437972012,30.0,0.9740889830347658,20.209508083401385
random2,0.8500000000000001,-11.148475437972012,35.0,1.3887001653628726,25.864493164171726
random2,0.8500000000000001,-11.148475437972012,37.0,1.4687989722565513,28.005241093030037
random2,0.8500000000000001,-11.148475437972012,40.0,1.5315900275898944,31.599816326523385
random2,0.8500000000000001,-11.148475437972012,43.0,1.5140672266194208,31.83420261524313
random2,0.8500000000000001,-11.148475437972012,45.0,1.3922048657277626,27.84999764913554
random2,0.8500000000000001,-11.148475437972012,47.0,0.7611350483369757,24.93919420396253
random2,0.8500000000000001,-11.148475437972012,50.0,0.0008943770348132647,6.390356367273808
random2,0.9,-12.309462555407851,15.0,0.0,
random2,0.9,-12.309462555407851,20.0,0.07411521524195613,3.843892761623367
random2,0.9,-12.309462555407851,25.0,0.37862558989415074,8.856889909781128
random2,0.9,-12.309462555407851,27.0,0.598419496492517,13.641124783234169
random2,0.9,-12.309462555407851,30.0,0.9621464923089807,20.035314725093333
random2,0.9,-12.309462555407851,35.0,1.3799533617452129,25.50151489314693
random2,0.9,-12.309462555407851,37.0,1.4614666807616272,27.823006844846727
random2,0.9,-12.309462555407851,40.0,1.524624033475678,31.23626452186819
random2,0.9,-12.309462555407851,43.0,1.5081114543953125,31.512930484986878
random2,0.9,-12.309462555407851,45.0,1.3897290341084594,27.817333620803915
random2,0.9,-12.309462555407851,47.0,0.7847592457391296,25.109853466795798
random2,0.9,-12.309462555407851,50.0,0.0008864837425181672,6.353095329207829
random2,0.9500000000000001,-13.521259336538053,15.0,0.0,
random2,0.9500000000000001,-13.521259336538053,20.0,0.07203937187676765,3.7723226479021266
random2,0.9500000000000001,-13.521259336538053,25.0,0.37128346863897,8.709640787408334
random2,0.9500000000000001,-13.521259336538053,27.0,0.5875143144410278,13.422931992183075
random2,0.9500000000000001,-13.521259336538053,30.0,0.9502790899832702,19.862212224054336
random2,0.9500000000000001,-13.521259336538053,35.0,1.3710831478285017,25.093852928531394
random2,0.9500000000000001,-13.521259336538053,37.0,1.4536250079689483,27.669817423836975
random2,0.9500000000000001,-13.521259336538053,40.0,1.5176966560841099,30.874747456563405
random2,0.9500000000000001,-13.521259336538053,43.0,1.5021581911456023,31.18599938758792
random2,0.9500000000000001,-13.521259336538053,45.0,1.386841065093719,27.665113089430346
random2,0.9500000000000001,-13.521259336538053,47.0,0.8033298814395795,25.24283825264475
random2,0.9500000000000001,-13.521259336538053,50.0,0.0008785339859792447,6.316036123096561
random2,1.0,-14.653880755265206,15.0,0.0,
random2,1.0,-14.653880755265206,20.0,0.06999994293076066,3.701976705469344
random2,1.0,-14.653880755265206,25.0,0.36405496325491543,8.564612393533109
random2,1.0,-14.653880755265206,27.0,0.5767755709227106,13.207976199956072
random2,1.0,-14.653880755265206,30.0,0.9384715728020835,19.78294995660569
random2,1.0,-14.653880755265206,35.0,1.361923413335492,24.778844296599075
random2,1.0,-14.653880755265206,37.0,1.4454826105223184,27.502510635295867
random2,1.0,-14.653880755265206,40.0,1.5108080831034014,30.51527442357259
random2,1.0,-14.653880755265206,43.0,1.4961910251785544,30.84385381427985
random2,1.0,-14.653880755265206,45.0,1.3837611755383583,27.50528815091649
random2,1.0,-14.653880755265206,47.0,0.818050635622538,25.343482845703015
random2,1.0,-14.653880755265206,50.0,0.0008705385384072836,6.052175222674954
random3,-1.0,-14.248695335224538,15.0,0.008826756752717609,0.5409147149850169
random3,-1.0,-14.248695335224538,20.0,0.12537087289748658,5.255241068948449
random3,-1.0,-14.248695335224538,25.0,0.4905376593210244,11.301146860642099
random3,-1.0,-14.248695335224538,27.0,0.7332249047627694,16.810989882649157
random3,-1.0,-14.248695335224538,30.0,1.1423996293602336,22.61118255150099
random3,-1.0,-14.248695335224538,35.0,1.4913464701659218,28.963185028494735
random3,-1.0,-14.248695335224538,37.0,1.5615035078195063,32.38778772222829
random3,-1.0,-14.248695335224538,40.0,1.626660160960339,36.258039442745165
random3,-1.0,-14.248695335224538,43.0,1.6058421830386715,36.38664977999019
random3,-1.0,-14.248695335224538,45.0,1.4556414235489508,29.6924631511442
random3,-1.0,-14.248695335224538,47.0,0.6257298400259171,24.04535470748105
random3,-1.0,-14.248695335224538,50.0,0.0008995319764141533,6.288426148812807
random3,-0.9500000000000001,-14.335142012078155,15.0,0.008343184576206971,0.5406589913823079
random3,-0.9500000000000001,-14.335142012078155,20.0,0.12530082867674494,5.276824180763113
random3,-0.9500000000000001,-14.335142012078155,25.0,0.49289694277853774,11.357444408383879
random3,-0.9500000000000001,-14.335142012078155,27.0,0.7377418136860414,16.946166837612797
random3,-0.9500000000000001,-14.335142012078155,30.0,1.1448648874255893,22.651188619956926
random3,-0.9500000000000001,-14.335142012078155,35.0,1.4933734375350427,29.0826034651509
random3,-0.9500000000000001,-14.335142012078155,37.0,1.563482782523171,32.50163000262516
random3,-0.9500000000000001,-14.335142012078155,40.0,1.6284447662598796,36.36333958395963
random3,-0.9500000000000001,-14.335142012078155,43.0,1.6068188729420778,36.455921048611536
random3,-0.9500000000000001,-14.335142012078155,45.0,1.4538840627806136,29.624606057851146
random3,-0.9500000000000001,-14.335142012078155,47.0,0.6125895669945725,23.871899386619443
random3,-0.9500000000000001,-14.335142012078155,50.0,0.0009065947299592836,6.115158258536297
random3,-0.9,-14.270427717014197,15.0,0.007841827366688195,0.5486341205168044
random3,-0.9,-14.270427717014197,20.0,0.1251990913044525,5.297471097146424
random3,-0.9,-14.270427717014197,25.0,0.49524355655374663,11.413577362979394
random3,-0.9,-14.270427717014197,27.0,0.7422462821145845,17.081113857093925
random3,-0.9,-14.270427717014197,30.0,1.1479781885009743,22.701196362920783
random3,-0.9,-14.270427717014197,35.0,1.4953627926657251,29.200274969947024
random3,-0.9,-14.270427717014197,37.0,1.5654414703755888,32.61457402143887
random3,-0.9,-14.270427717014197,40.0,1.6302081155722468,36.46766293041404
random3,-0.9,-14.270427717014197,43.0,1.607752701705927,36.524088420643075
random3,-0.9,-14.270427717014197,45.0,1.4520263985798352,29.5518700636006
random3,-0.9,-14.270427717014197,47.0,0.5994888094926999,23.69903334862426
random3,-0.9,-14.270427717014197,50.0,0.000913662290121857,6.097496827276753
random3,-0.8500000000000001,-14.223685885092355,15.0,0.007323894134655126,0.5575273053026057
random3,-0.8500000000000001,-14.223685885092355,20.0,0.12507674385802872,5.317552170538518
random3,-0.8500000000000001,-14.223685885092355,25.0,0.49756007371126676,11.469209185088337
random3,-0.8500000000000001,-14.223685885092355,27.0,0.7467385227282866,17.215837448240926
random3,-0.8500000000000001,-14.223685885092355,30.0,1.1512568275319348,22.753572185447798
random3,-0.8500000000000001,-14.223685885092355,35.0,1.4973172046326024,29.31633207476088
random3,-0.8500000000000001,-14.223685885092355,37.0,1.5673801459445171,32.7266489206001
random3,-0.8500000000000001,-14.223685885092355,40.0,1.631949942099389,36.57099727838565
random3,-0.8500000000000001,-14.223685885092355,43.0,1.6086558585296493,36.59079875645116
random3,-0.8500000000000001,-14.223685885092355,45.0,1.450066619120403,29.47416701679792
random3,-0.8500000000000001,-14.223685885092355,47.0,0.5864333746007677,23.526839182910223
random3,-0.8500000000000001,-14.223685885092355,50.0,0.0009207354263041037,6.134699064552775
random3,-0.8,-14.211204703806269,15.0,0.006790382612828265,0.5660029794464245
random3,-0.8,-14.211204703806269,20.0,0.12492132422067748,5.3366530436747714
random3,-0.8,-14.211204703806269,25.0,0.49984664295636544,11.524343299885864
random3,-0.8,-14.211204703806269,27.0,0.7512187419281395,17.35034395216524
random3,-0.8,-14.211204703806269,30.0,1.1544273196151256,22.804375322039995
random3,-0.8,-14.211204703806269,35.0,1.4992389859277628,29.43088977591191
random3,-0.8,-14.211204703806269,37.0,1.569301816345889,32.838001881249056
random3,-0.8,-14.211204703806269,40.0,1.6336699744243959,36.673330199411275
random3,-0.8,-14.211204703806269,43.0,1.609529380911068,36.656104988938445
random3,-0.8,-14.211204703806269,45.0,1.4480029014094582,29.3914082281647
random3,-0.8,-14.211204703806269,47.0,0.5734397387627529,23.355550001842836
random3,-0.8,-14.211204703806269,50.0,0.0009278138488786705,6.1734001170663335
random3,-0.75,-14.232825674380658,15.0,0.006240545885057871,0.5740366197082517
random3,-0.75,-14.232825674380658,20.0,0.12473318267870563,5.354786378530312
random3,-0.75,-14.232825674380658,25.0,0.5021034095101033,11.578983069028428
random3,-0.75,-14.232825674380658,27.0,0.7556871397096545,17.484639540533244
random3,-0.75,-14.232825674380658,30.0,1.1574963696712355,22.853756651564392
random3,-0.75,-14.232825674380658,35.0,1.501143366668348,29.544698524106074
random3,-0.75,-14.232825674380658,37.0,1.5712032893239463,32.94847928337253
random3,-0.75,-14.232825674380658,40.0,1.6353679367322975,36.774649051376585
random3,-0.75,-14.232825674380658,43.0,1.6103708659391343,36.719888891179636
random3,-0.75,-14.232825674380658,45.0,1.4458334123619911,29.303504523618077
random3,-0.75,-14.232825674380658,47.0,0.5605164512936791,23.185545179538057
random3,-0.75,-14.232825674380658,50.0,0.000934895040706383,6.2121577365578435
random3,-0.7000000000000001,-14.256801947568645,15.0,0.005674636175333406,0.581637862030182
random3,-0.7000000000000001,-14.256801947568645,20.0,0.12451267437403815,5.371965005403456
random3,-0.7000000000000001,-14.256801947568645,25.0,0.5043305147932794,11.633131784567022
random3,-0.7000000000000001,-14.256801947568645,27.0,0.7600715267128871,17.468720574632236
random3,-0.7000000000000001,-14.256801947568645,30.0,1.1604702171619168,22.90187855271093
random3,-0.7000000000000001,-14.256801947568645,35.0,1.5030327280431668,29.426371555226552
random3,-0.7000000000000001,-14.256801947568645,37.0,1.5730846515435108,33.0580866140439
random3,-0.7000000000000001,-14.256801947568645,40.0,1.6370435489970738,36.87494098789706
random3,-0.7000000000000001,-14.256801947568645,43.0,1.6111798912417374,36.782130784964316
random3,-0.7000000000000001,-14.256801947568645,45.0,1.443556309928425,29.21036629977393
random3,-0.7000000000000001,-14.256801947568645,47.0,0.5476734649600116,23.01684030378715
random3,-0.7000000000000001,-14.256801947568645,50.0,0.0009419762457181442,6.250973557934899
random3,-0.65,-14.270219393440751,15.0,0.0050929113167342424,0.5888165405675223
random3,-0.65,-14.270219393440751,20.0,0.12426015836197403,5.388201891558921
random3,-0.65,-14.270219393440751,25.0,0.5065280961109048,11.68679266287146
random3,-0.65,-14.270219393440751,27.0,0.7643020671655859,17.276749152410073
random3,-0.65,-14.270219393440751,30.0,1.1633543523157053,22.94881786500915
random3,-0.65,-14.270219393440751,35.0,1.5048960915470329,29.535796620172782
random3,-0.65,-14.270219393440751,37.0,1.574945958561445,33.166827857311404
random3,-0.65,-14.270219393440751,40.0,1.638696527135127,36.97419296601016
random3,-0.65,-14.270219393440751,43.0,1.6119560328154652,36.84281092168518
random3,-0.65,-14.270219393440751,45.0,1.4411697442783182,29.111903582216943
random3,-0.65,-14.270219393440751,47.0,0.5349222555023404,22.84946235964966
random3,-0.65,-14.270219393440751,50.0,0.0009490546279511623,6.289849081675858
random3,-0.6000000000000001,-14.354515727581754,15.0,0.004495633755311587,0.5955826536862534
random3,-0.6000000000000001,-14.354515727581754,20.0,0.12397599674805938,5.403510112508137
random3,-0.6000000000000001,-14.354515727581754,25.0,0.50869628648986,11.739968841517074
random3,-0.6000000000000001,-14.354515727581754,27.0,0.768450892047798,17.36082123865315
random3,-0.6000000000000001,-14.354515727581754,30.0,1.1661538289805953,22.994645360704016
random3,-0.6000000000000001,-14.354515727581754,35.0,1.5067317134802285,29.64398698472002
random3,-0.6000000000000001,-14.354515727581754,37.0,1.5768006749676036,33.27577009363269
random3,-0.6000000000000001,-14.354515727581754,40.0,1.640347055486863,37.07342559641115
random3,-0.6000000000000001,-14.354515727581754,43.0,1.6126988652327288,36.90190949255052
random3,-0.6000000000000001,-14.354515727581754,45.0,1.4386742387896256,29.070774996590927
random3,-0.6000000000000001,-14.354515727581754,47.0,0.5222722587621859,22.683544840517236
random3,-0.6000000000000001,-14.354515727581754,50.0,0.0009561271668794059,6.328785933204619
random3,-0.55,-14.492190546213356,15.0,0.0038830695919219015,0.6019463312579361
random3,-0.55,-14.492190546213356,20.0,0.12366055382296058,5.417902823223209
random3,-0.55,-14.492190546213356,25.0,0.5108352142108453,11.79266337025891
random3,-0.55,-14.492190546213356,27.0,0.772588758043264,17.444778348032813
random3,-0.55,-14.492190546213356,30.0,1.1688997605681644,23.02308077291724
random3,-0.55,-14.492190546213356,35.0,1.508540844274644,29.75100475916474
random3,-0.55,-14.492190546213356,37.0,1.5786409896831795,33.38483285100105
random3,-0.55,-14.492190546213356,40.0,1.6419838108265352,37.17206838134792
random3,-0.55,-14.492190546213356,43.0,1.6134079614064794,36.959406616773016
random3,-0.55,-14.492190546213356,45.0,1.4360729976927145,28.96156450671248
random3,-0.55,-14.492190546213356,47.0,0.5097324158252896,22.51921428558951
random3,-0.55,-14.492190546213356,50.0,0.0009631907018104758,6.367785729144487
random3,-0.5,-14.662369681847036,15.0,0.0032554876684015295,0.6079178034706993
random3,-0.5,-14.662369681847036,20.0,0.1233141953239492,5.431393233570925
random3,-0.5,-14.662369681847036,25.0,0.5129450027964295,11.844879210828235
random3,-0.5,-14.662369681847036,27.0,0.7767047377930593,17.51571676163263
random3,-0.5,-14.662369681847036,30.0,1.1717531291015102,23.052983826854863
random3,-0.5,-14.662369681847036,35.0,1.5103157460957892,29.856045206250283
random3,-0.5,-14.662369681847036,37.0,1.5804579528484903,33.49286706836133
random3,-0.5,-14.662369681847036,40.0,1.6434012197053334,37.264214212073384
random3,-0.5,-14.662369681847036,43.0,1.6140828929405073,37.01528235890254
random3,-0.5,-14.662369681847036,45.0,1.4333564897022386,28.846758427761415
random3,-0.5,-14.662369681847036,47.0,0.4973109780099447,22.356587535532732
random3,-0.5,-14.662369681847036,50.0,0.0009702419235834306,6.406850075638489
random3,-0.45,-14.863802460812924,15.0,0.0026131586975148224,0.6135073711368357
random3,-0.45,-14.863802460812924,20.0,0.1229372877108784,5.44399458423004
random3,-0.45,-14.863802460812924,25.0,0.5150257706701094,11.896619230365458
random3,-0.45,-14.863802460812924,27.0,0.7808052415246473,17.577311834844917
random3,-0.45,-14.863802460812924,30.0,1.1746233746511785,23.100091644811464
random3,-0.45,-14.863802460812924,35.0,1.5120475672941873,29.958649471979008
random3,-0.45,-14.863802460812924,37.0,1.582242702042333,33.599442484606215
random3,-0.45,-14.863802460812924,40.0,1.644779387394893,37.35466359044157
random3,-0.45,-14.863802460812924,43.0,1.6147134452291596,37.06902990017902
random3,-0.45,-14.863802460812924,45.0,1.4305132845845823,28.725795121892713
random3,-0.45,-14.863802460812924,47.0,0.4850075437449175,22.19565967307613
random3,-0.45,-14.863802460812924,50.0,0.000977244170145581,6.445979157035717
random3,-0.4,-15.096653333856683,15.0,0.0019563544396701783,0.6187253775992652
random3,-0.4,-15.096653333856683,20.0,0.12253019748231445,5.455720123947324
random3,-0.4,-15.096653333856683,25.0,0.5170776310968008,11.947886200297171
random3,-0.4,-15.096653333856683,27.0,0.7848993283337545,17.638893789086666
random3,-0.4,-15.096653333856683,30.0,1.1773964106494332,23.14591472889833
random3,-0.4,-15.096653333856683,35.0,1.5137743226094609,30.06113024739619
random3,-0.4,-15.096653333856683,37.0,1.5840230288818637,33.70591382083143
random3,-0.4,-15.096653333856683,40.0,1.6461543121445925,37.44504602533219
random3,-0.4,-15.096653333856683,43.0,1.6153285415827219,37.122089662485024
random3,-0.4,-15.096653333856683,45.0,1.427570005541858,28.59998721777374
random3,-0.4,-15.096653333856683,47.0,0.4728546684920985,22.03688956961943
random3,-0.4,-15.096653333856683,50.0,0.0009842933096551995,6.485179216957725
random3,-0.35000000000000003,-14.710848174037494,15.0,0.0012853469281146578,0.6235821822955688
random3,-0.35000000000000003,-14.710848174037494,20.0,0.12209333519684884,5.463928924597629
random3,-0.35000000000000003,-14.710848174037494,25.0,0.5191006917891743,11.998682788749662
random3,-0.35000000000000003,-14.710848174037494,27.0,0.7889872142364963,17.70046598585471
random3,-0.35000000000000003,-14.710848174037494,30.0,1.1800782135467713,23.190536697765758
random3,-0.35000000000000003,-14.710848174037494,35.0,1.5154690548037355,30.162180777793015
random3,-0.35000000000000003,-14.710848174037494,37.0,1.5857716183632682,33.81095222599551
random3,-0.35000000000000003,-14.710848174037494,40.0,1.6474986379674672,37.53396061014337
random3,-0.35000000000000003,-14.710848174037494,43.0,1.6158986710145584,37.1729947938858
random3,-0.35000000000000003,-14.710848174037494,45.0,1.4245155749073408,30.104394271565653
random3,-0.35000000000000003,-14.710848174037494,47.0,0.460834388660401,21.88002518588472
random3,-0.35000000000000003,-14.710848174037494,50.0,0.0009912860392355285,6.524447280732996
random3,-0.30000000000000004,-14.985243546347487,15.0,0.0006004077431490735,0.6280881359978434
random3,-0.30000000000000004,-14.985243546347487,20.0,0.12162730305017311,5.47396354489384
random3,-0.30000000000000004,-14.985243546347487,25.0,0.5210950549719128,12.04901156182037
random3,-0.30000000000000004,-14.985243546347487,27.0,0.7930691089756167,17.762031704925313
random3,-0.30000000000000004,-14.985243546347487,30.0,1.1826742370466072,23.23403390167072
random3,-0.30000000000000004,-14.985243546347487,35.0,1.5171415565795525,30.26227750477038
random3,-0.30000000000000004,-14.985243546347487,37.0,1.5874977845504332,33.9150126152334
random3,-0.30000000000000004,-14.985243546347487,40.0,1.648821070029507,37.62185496814086
random3,-0.30000000000000004,-14.985243546347487,43.0,1.616418801715036,37.22477293678705
random3,-0.30000000000000004,-14.985243546347487,45.0,1.4214090115353446,29.965992518598686
random3,-0.30000000000000004,-14.985243546347487,47.0,0.4489616890844085,21.72527814998021
random3,-0.30000000000000004,-14.985243546347487,50.0,0.0009919303105329084,6.563490590057773
random3,-0.25,-0.23169639701861566,15.0,0.0,
random3,-0.25,-0.23169639701861566,20.0,0.12113217793986661,5.483162446364099
random3,-0.25,-0.23169639701861566,25.0,0.523060817131558,12.098874978767613
random3,-0.25,-0.23169639701861566,27.0,0.7971452157538933,17.823594140770922
random3,-0.25,-0.23169639701861566,30.0,1.1851894552070168,23.276476022024834
random3,-0.25,-0.23169639701861566,35.0,1.5187923184174734,30.361445510830734
random3,-0.25,-0.23169639701861566,37.0,1.5892016372515216,34.01810168179342
random3,-0.25,-0.23169639701861566,40.0,1.6501218990297097,37.70874539848316
random3,-0.25,-0.23169639701861566,43.0,1.6167334535372735,37.2705705145842
random3,-0.25,-0.23169639701861566,45.0,1.4181793211878522,29.82162849968878
random3,-0.25,-0.23169639701861566,47.0,0.4372426733424484,21.5737386114524
random3,-0.25,-0.23169639701861566,50.0,0.001005185534607316,6.603199075814518
random3,-0.2,-0.544810650227245,15.0,0.0,
random3,-0.2,-0.544810650227245,20.0,0.12061172692043061,5.334204573039297
random3,-0.2,-0.544810650227245,25.0,0.5250073373079099,11.74205843859906
random3,-0.2,-0.544810650227245,27.0,0.8019789698798234,17.895479669885315
random3,-0.2,-0.544810650227245,30.0,1.187628402642459,23.317926630604838
random3,-0.2,-0.544810650227245,35.0,1.5204217519575565,30.459706058801547
random3,-0.2,-0.544810650227245,37.0,1.590883247201556,34.12022422247823
random3,-0.2,-0.544810650227245,40.0,1.6513996163243556,37.7945559724573
random3,-0.2,-0.544810650227245,43.0,1.6168615646300057,37.30589943223755
random3,-0.2,-0.544810650227245,45.0,1.4148246721363418,29.671213354938327
random3,-0.2,-0.544810650227245,47.0,0.42568232042695925,21.428152273587788
random3,-0.2,-0.544810650227245,50.0,0.001012083606727572,6.6426862320186935
random3,-0.15000000000000002,2.457767424765093,15.0,0.0,
random3,-0.15000000000000002,2.457767424765093,20.0,0.12008591293505307,5.342939902857159
random3,-0.15000000000000002,2.457767424765093,25.0,0.526933978492237,11.792978941866116
random3,-0.15000000000000002,2.457767424765093,27.0,0.8069752706739418,17.969639645721543
random3,-0.15000000000000002,2.457767424765093,30.0,1.1899961604331748,23.34212571187464
random3,-0.15000000000000002,2.457767424765093,35.0,1.522041614113883,30.55763091582406
random3,-0.15000000000000002,2.457767424765093,37.0,1.5925426500026651,34.22138332952439
random3,-0.15000000000000002,2.457767424765093,40.0,1.652648562010121,37.881085008654516
random3,-0.15000000000000002,2.457767424765093,43.0,1.6169309278247057,37.33660636214617
random3,-0.15000000000000002,2.457767424765093,45.0,1.4119804014453623,41.288060459572115
random3,-0.15000000000000002,2.457767424765093,47.0,0.414286910066446,21.284856556420905
random3,-0.15000000000000002,2.457767424765093,50.0,0.001019206961803492,6.682262080120488
random3,-0.1,2.754877848085079,15.0,0.0,
random3,-0.1,2.754877848085079,20.0,0.11953219345760356,5.350853917922211
random3,-0.1,2.754877848085079,25.0,0.5288321716152502,11.843431052306132
random3,-0.1,2.754877848085079,27.0,0.8119502038955252,18.043586971848352
random3,-0.1,2.754877848085079,30.0,1.1922960550539945,23.38182959332787
random3,-0.1,2.754877848085079,35.0,1.5236669025202088,30.655949102008364
random3,-0.1,2.754877848085079,37.0,1.594179849812333,34.32158057021902
random3,-0.1,2.754877848085079,40.0,1.6538572560653892,37.971744753931745
random3,-0.1,2.754877848085079,43.0,1.6169602541930892,37.365222329809434
random3,-0.1,2.754877848085079,45.0,1.410850702888717,43.77739378984205
random3,-0.1,2.754877848085079,47.0,0.403059593641433,21.35927124954719
random3,-0.1,2.754877848085079,50.0,0.0010263455852662258,6.721919345612678
random3,-0.05,2.571072624233919,15.0,0.0,
random3,-0.05,2.571072624233919,20.0,0.11895104550921082,5.356670389458944
random3,-0.05,2.571072624233919,25.0,0.5307019874387529,11.89341676948587
random3,-0.05,2.571072624233919,27.0,0.8168189588768703,18.116070927267426
random3,-0.05,2.571072624233919,30.0,1.1945309929642596,23.420700708788548
random3,-0.05,2.571072624233919,35.0,1.5252674828776738,30.75322151354965
random3,-0.05,2.571072624233919,37.0,1.5957838859261329,34.420557159268775
random3,-0.05,2.571072624233919,40.0,1.6550429217475142,38.06128285655588
random3,-0.05,2.571072624233919,43.0,1.6169489491100837,37.39171656823544
random3,-0.05,2.571072624233919,45.0,1.4098795558638033,43.808996751353774
random3,-0.05,2.571072624233919,47.0,0.39200184923482767,21.091598932886157
random3,-0.05,2.571072624233919,50.0,0.0010334494052963118,6.761657163866123
random3,0.0,2.3643166223999525,15.0,0.0,
random3,0.0,2.3643166223999525,20.0,0.11834294554443316,5.36300064612367
random3,0.0,2.3643166223999525,25.0,0.532543802270647,11.93249679200692
random3,0.0,2.3643166223999525,27.0,0.8216112608677082,18.187594921383248
random3,0.0,2.3643166223999525,30.0,1.1967040950746977,23.458782977987166
random3,0.0,2.3643166223999525,35.0,1.526831668346873,30.84988746335286
random3,0.0,2.3643166223999525,37.0,1.597183656240015,34.51427767973442
random3,0.0,2.3643166223999525,40.0,1.6562052344532008,38.149683724019475
random3,0.0,2.3643166223999525,43.0,1.6168964144917264,37.41605813237432
random3,0.0,2.3643166223999525,45.0,1.4088748931669046,43.94666048202531
random3,0.0,2.3643166223999525,47.0,0.3811249424975039,20.76296383852567
random3,0.0,2.3643166223999525,50.0,0.0010405139908218374,6.801477600784894
random3,0.05,2.2854566225510538,15.0,0.0,
random3,0.05,2.2854566225510538,20.0,0.11770801160564226,5.368549859956876
random3,0.05,2.2854566225510538,25.0,0.5343575581770491,11.98152955247708
random3,0.05,2.2854566225510538,27.0,0.8263352373682783,18.258273646794333
random3,0.05,2.2854566225510538,30.0,1.1993375566621127,23.237116948868078
random3,0.05,2.2854566225510538,35.0,1.528372740542185,30.945559582772066
random3,0.05,2.2854566225510538,37.0,1.5985633649356268,34.60711784749024
random3,0.05,2.2854566225510538,40.0,1.6573438671704088,38.236931644516154
random3,0.05,2.2854566225510538,43.0,1.6168020487325134,37.43821589563573
random3,0.05,2.2854566225510538,45.0,1.4080046379248983,44.86018300549903
random3,0.05,2.2854566225510538,47.0,0.3703287061210765,20.5335394277492
random3,0.05,2.2854566225510538,50.0,0.0010475345294972901,6.841382391445746
random3,0.1,2.0651093228035777,15.0,0.0,
random3,0.1,2.0651093228035777,20.0,0.11704659178324792,5.373331057323787
random3,0.1,2.0651093228035777,25.0,0.5361426383574023,12.030075516699817
random3,0.1,2.0651093228035777,27.0,0.8311221774721548,18.313784674037326
random3,0.1,2.0651093228035777,30.0,1.2019425654577418,23.2809737915804
random3,0.1,2.0651093228035777,35.0,1.5298911444389478,31.040260872394366
random3,0.1,2.0651093228035777,37.0,1.5999229135994453,34.69907421192046
random3,0.1,2.0651093228035777,40.0,1.6584584906339006,38.32301079508678
random3,0.1,2.0651093228035777,43.0,1.6166652468116551,37.45815855558445
random3,0.1,2.0651093228035777,45.0,1.4070998057010586,44.884094421851046
random3,0.1,2.0651093228035777,47.0,0.35966964619154884,20.32533780753531
random3,0.1,2.0651093228035777,50.0,0.0010545059539943376,6.88137337295841
random3,0.15000000000000002,1.7786428752386796,15.0,0.0,
random3,0.15000000000000002,1.7786428752386796,20.0,0.1163590297950363,5.377357122220764
random3,0.15000000000000002,1.7786428752386796,25.0,0.5381087327084283,12.08204905206308
random3,0.15000000000000002,1.7786428752386796,27.0,0.8361210173876572,18.373196921998957
random3,0.15000000000000002,1.7786428752386796,30.0,1.2044178439713868,23.3230702478945
random3,0.15000000000000002,1.7786428752386796,35.0,1.5313872463380338,31.134010507548233
random3,0.15000000000000002,1.7786428752386796,37.0,1.6012621856665799,34.79014243013514
random3,0.15000000000000002,1.7786428752386796,40.0,1.6595487734429404,38.40790524779619
random3,0.15000000000000002,1.7786428752386796,43.0,1.6164854003754212,37.47585463835249
random3,0.15000000000000002,1.7786428752386796,45.0,1.4061416197693677,44.909310027647784
random3,0.15000000000000002,1.7786428752386796,47.0,0.34921505601035935,19.994005883012917
random3,0.15000000000000002,1.7786428752386796,50.0,0.001061422939900878,6.921452487269329
random3,0.2,1.5132144996010002,15.0,0.0,
random3,0.2,1.5132144996010002,20.0,0.11564566478820663,5.38064078955099
random3,0.2,1.5132144996010002,25.0,0.5404283223777008,12.140522947805506
random3,0.2,1.5132144996010002,27.0,0.8411372751655074,18.44787351693077
random3,0.2,1.5132144996010002,30.0,1.206777608586203,23.36360803980673
random3,0.2,1.5132144996010002,35.0,1.5328634459997934,31.226926694890928
random3,0.2,1.5132144996010002,37.0,1.6025810481464668,34.88031735241316
random3,0.2,1.5132144996010002,40.0,1.6606143792819805,38.49159882343133
random3,0.2,1.5132144996010002,43.0,1.6168341486260893,37.5223925336854
random3,0.2,1.5132144996010002,45.0,1.4051318461301654,44.93578650519799
random3,0.2,1.5132144996010002,47.0,0.3389653765789234,19.76924222914123
random3,0.2,1.5132144996010002,50.0,0.0010682797267896596,6.961621331210214
random3,0.25,1.3260405781243367,15.0,0.0,
random3,0.25,1.3260405781243367,20.0,0.11490683116924075,5.38319463935335
random3,0.25,1.3260405781243367,25.0,0.5426980114383391,12.198125418222771
random3,0.25,1.3260405781243367,27.0,0.8465780335334498,18.175241118163154
random3,0.25,1.3260405781243367,30.0,1.209033786664254,23.402756495101062
random3,0.25,1.3260405781243367,35.0,1.5343176899651687,31.318910784597495
random3,0.25,1.3260405781243367,37.0,1.603879353170445,34.96959309882619
random3,0.25,1.3260405781243367,40.0,1.6616555417105046,38.57410534153455
random3,0.25,1.3260405781243367,43.0,1.617231821096664,37.57168852564942
random3,0.25,1.3260405781243367,45.0,1.4040722546308035,44.963480442376664
random3,0.25,1.3260405781243367,47.0,0.3289201416159908,19.568081835612723
random3,0.25,1.3260405781243367,50.0,0.001075463220571666,7.00190067526074
random3,0.30000000000000004,1.0585810403602558,15.0,0.0,
random3,0.30000000000000004,1.0585810403602558,20.0,0.11414285845971071,5.3850310919194015
random3,0.30000000000000004,1.0585810403602558,25.0,0.5448826407331453,12.254179071947169
random3,0.30000000000000004,1.0585810403602558,27.0,0.8497280974648459,18.224739602689336
random3,0.30000000000000004,1.0585810403602558,30.0,1.211196422503928,23.44065829302427
random3,0.30000000000000004,1.0585810403602558,35.0,1.5357501861166523,31.409974255626196
random3,0.30000000000000004,1.0585810403602558,37.0,1.6051569393813065,35.057963128046715
random3,0.30000000000000004,1.0585810403602558,40.0,1.662671606130563,38.655391887017636
random3,0.30000000000000004,1.0585810403602558,43.0,1.6175893992667814,37.6189032651311
random3,0.30000000000000004,1.0585810403602558,45.0,1.402964616906879,44.99234838313894
random3,0.30000000000000004,1.0585810403602558,47.0,0.31908067495260606,19.371738741340103
random3,0.30000000000000004,1.0585810403602558,50.0,0.001084297146036363,7.042354045337003
random3,0.35000000000000003,0.7707431517888557,15.0,0.0,
random3,0.35000000000000003,0.7707431517888557,20.0,0.11335407117637791,5.386162403742394
random3,0.35000000000000003,0.7707431517888557,25.0,0.5469876674734362,12.308789804853976
random3,0.35000000000000003,0.7707431517888557,27.0,0.851828707869846,18.2599174015175
random3,0.35000000000000003,0.7707431517888557,30.0,1.2132740054440363,23.477434108078135
random3,0.35000000000000003,0.7707431517888557,35.0,1.5371610928893926,31.500126185117136
random3,0.35000000000000003,0.7707431517888557,37.0,1.606402201570041,35.14718816392083
random3,0.35000000000000003,0.7707431517888557,40.0,1.663661936402832,38.73542652355472
random3,0.35000000000000003,0.7707431517888557,43.0,1.617906202181199,37.66400136862368
random3,0.35000000000000003,0.7707431517888557,45.0,1.401875556385,45.305922010575976
random3,0.35000000000000003,0.7707431517888557,47.0,0.30940914104605316,19.052971401041848
random3,0.35000000000000003,0.7707431517888557,50.0,0.0010931257582036163,7.082906683546563
random3,0.4,0.45999342073425487,15.0,0.0,
random3,0.4,0.45999342073425487,20.0,0.11254078873412658,5.3866006642481095
random3,0.4,0.45999342073425487,25.0,0.550032375021353,12.043987394457114
random3,0.4,0.45999342073425487,27.0,0.8536727973567622,18.29186295229565
random3,0.4,0.45999342073425487,30.0,1.2152737360244732,23.51318637710524
random3,0.4,0.45999342073425487,35.0,1.5385505250589704,31.58937353027768
random3,0.4,0.45999342073425487,37.0,1.6076096010702259,35.23811066518073
random3,0.4,0.45999342073425487,40.0,1.6646261929614068,38.81419293019086
random3,0.4,0.45999342073425487,43.0,1.6181815429253357,37.70694713802458
random3,0.4,0.45999342073425487,45.0,1.4008091594433614,45.55362486564546
random3,0.4,0.45999342073425487,47.0,0.299929054709939,18.73095128883477
random3,0.4,0.45999342073425487,50.0,0.0011019815718981748,7.123561899490287
random3,0.45,0.14981291157445709,15.0,0.0,
random3,0.45,0.14981291157445709,20.0,0.1117033253699213,5.386357793245908
random3,0.45,0.14981291157445709,25.0,0.5536291368019741,12.10222960543992
random3,0.45,0.14981291157445709,27.0,0.8553048970489721,18.3210576327053
random3,0.45,0.14981291157445709,30.0,1.2172017426731419,23.54800236615752
random3,0.45,0.14981291157445709,35.0,1.539918558778835,31.677721373739843
random3,0.45,0.14981291157445709,37.0,1.6087960533669983,35.32808653085098
random3,0.45,0.14981291157445709,40.0,1.665564034721358,38.891674713314686
random3,0.45,0.14981291157445709,43.0,1.6184147286354544,37.747704561120884
random3,0.45,0.14981291157445709,45.0,1.399921139899774,45.9621944581074
random3,0.45,0.14981291157445709,47.0,0.290659829016415,18.416715207745693
random3,0.45,0.14981291157445709,50.0,0.0011113473117230809,7.164344533887317
random3,0.5,0.1150235535314339,15.0,0.0,
random3,0.5,0.1150235535314339,20.0,0.11084199008655003,5.3854455390573035
random3,0.5,0.1150235535314339,25.0,0.5571371476623033,12.172075838078712
random3,0.5,0.1150235535314339,27.0,0.8567606818274395,18.347904818767113
random3,0.5,0.1150235535314339,30.0,1.2190632587377062,23.58195667611137
random3,0.5,0.1150235535314339,35.0,1.54126523597203,31.76517313746239
random3,0.5,0.1150235535314339,37.0,1.6099613589680193,35.41710719804722
random3,0.5,0.1150235535314339,40.0,1.6664751191730964,38.967855411608745
random3,0.5,0.1150235535314339,43.0,1.6186050605130156,37.7862373123186
random3,0.5,0.1150235535314339,45.0,1.3992246414535432,46.44821611636715
random3,0.5,0.1150235535314339,47.0,0.28160613835127124,18.60419010442051
random3,0.5,0.1150235535314339,50.0,0.0011208650206192537,7.205240473427981
random3,0.55,-0.3761174164175616,15.0,0.0,
random3,0.55,-0.3761174164175616,20.0,0.10995708661443827,5.383875477263548
random3,0.55,-0.3761174164175616,25.0,0.560435079728624,12.244211628926275
random3,0.55,-0.3761174164175616,27.0,0.8580616350667913,18.372701337666516
random3,0.55,-0.3761174164175616,30.0,1.220862767618699,23.61511329681229
random3,0.55,-0.3761174164175616,35.0,1.5425421893286755,31.850606756948252
random3,0.55,-0.3761174164175616,37.0,1.6111053096284331,35.505163668264416
random3,0.55,-0.3761174164175616,40.0,1.6673591024725094,39.04271850078625
random3,0.55,-0.3761174164175616,43.0,1.6187519625182083,37.822515751174876
random3,0.55,-0.3761174164175616,45.0,1.3985627762814805,46.4523735422956
random3,0.55,-0.3761174164175616,47.0,0.2727650263740332,18.326509448945817
random3,0.55,-0.3761174164175616,50.0,0.001130394774736482,7.484699610284279
random3,0.6000000000000001,-0.6760772921508456,15.0,0.0,
random3,0.6000000000000001,-0.6760772921508456,20.0,0.10904891339034592,5.381659010031475
random3,0.6000000000000001,-0.6760772921508456,25.0,0.5635173122607761,12.312538300950377
random3,0.6000000000000001,-0.6760772921508456,27.0,0.8592256919349699,18.3957995904869
random3,0.6000000000000001,-0.6760772921508456,30.0,1.2226041221590838,23.647527296861078
random3,0.6000000000000001,-0.6760772921508456,35.0,1.5436702810902514,31.932202940656232
random3,0.6000000000000001,-0.6760772921508456,37.0,1.61222768914095,35.592246547287516
random3,0.6000000000000001,-0.6760772921508456,40.0,1.6682156395283532,39.11624739817399
random3,0.6000000000000001,-0.6760772921508456,43.0,1.6188546768945695,37.856500364416924
random3,0.6000000000000001,-0.6760772921508456,45.0,1.3978503488262848,46.45511215651091
random3,0.6000000000000001,-0.6760772921508456,47.0,0.26413326779633306,18.05597289981119
random3,0.6000000000000001,-0.6760772921508456,50.0,0.0011400576072489856,7.315097084708402
random3,0.65,-1.3323417535026443,15.0,0.0,
random3,0.65,-1.3323417535026443,20.0,0.108117763551608,5.378807365971809
random3,0.65,-1.3323417535026443,25.0,0.5666192825686454,14.231322246031743
random3,0.65,-1.3323417535026443,27.0,0.8602678919066613,18.41719862720287
random3,0.65,-1.3323417535026443,30.0,1.2242906431875662,23.679246218357736
random3,0.65,-1.3323417535026443,35.0,1.5447791177244725,32.012983674405405
random3,0.65,-1.3323417535026443,37.0,1.6133282740512382,35.67834608134844
random3,0.65,-1.3323417535026443,40.0,1.669044384085577,39.188425467095435
random3,0.65,-1.3323417535026443,43.0,1.6189124303792843,37.88815080471711
random3,0.65,-1.3323417535026443,45.0,1.3970876724156418,46.456442598573496
random3,0.65,-1.3323417535026443,47.0,0.25570909067076125,17.811314027001384
random3,0.65,-1.3323417535026443,50.0,0.0011497248048441037,7.412957202528888
random3,0.7000000000000001,-1.718560452902386,15.0,0.0,
random3,0.7000000000000001,-1.718560452902386,20.0,0.10716392494440617,5.3753316004781775
random3,0.7000000000000001,-1.718560452902386,25.0,0.5695513363339466,14.31132687938234
random3,0.7000000000000001,-1.718560452902386,27.0,0.8612008993159624,18.437178011978343
random3,0.7000000000000001,-1.718560452902386,30.0,1.2259252011260784,23.71031123194656
random3,0.7000000000000001,-1.718560452902386,35.0,1.545868633202954,32.092947125385564
random3,0.7000000000000001,-1.718560452902386,37.0,1.6144068343071698,35.76345218993177
random3,0.7000000000000001,-1.718560452902386,40.0,1.6698449888051838,39.259236021063394
random3,0.7000000000000001,-1.718560452902386,43.0,1.6189245003240957,37.91742948641051
random3,0.7000000000000001,-1.718560452902386,45.0,1.3962781425922903,46.44007588863878
random3,0.7000000000000001,-1.718560452902386,47.0,0.24749097807295933,17.57943081732076
random3,0.7000000000000001,-1.718560452902386,50.0,0.0011594695936706237,7.369953139419487
random3,0.75,-2.1503030928008218,15.0,0.0,
random3,0.75,-2.1503030928008218,20.0,0.10618768014519754,5.3712425965167645
random3,0.75,-2.1503030928008218,25.0,0.5723084804117295,14.387673222853184
random3,0.75,-2.1503030928008218,27.0,0.8620354240189882,18.455885981492184
random3,0.75,-2.1503030928008218,30.0,1.227516204358355,23.740841892202912
random3,0.75,-2.1503030928008218,35.0,1.5469387428128902,32.17209054224149
random3,0.75,-2.1503030928008218,37.0,1.6154631338493821,35.8475544956253
random3,0.75,-2.1503030928008218,40.0,1.6706171053408487,39.32866232781311
random3,0.75,-2.1503030928008218,43.0,1.6188901582911048,37.944298518093966
random3,0.75,-2.1503030928008218,45.0,1.3954478882947643,46.47660563790964
random3,0.75,-2.1503030928008218,47.0,0.23947729405184331,17.35362039316181
random3,0.75,-2.1503030928008218,50.0,0.0011692490340946549,7.411425261928765
random3,0.8,-2.2710942950695916,15.0,0.0,
random3,0.8,-2.2710942950695916,20.0,0.1051893064939311,5.36655106582007
random3,0.8,-2.2710942950695916,25.0,0.5748933290201942,14.419583990465187
random3,0.8,-2.2710942950695916,27.0,0.8627805587841108,18.47344847035091
random3,0.8,-2.2710942950695916,30.0,1.229065896522053,23.770870505369764
random3,0.8,-2.2710942950695916,35.0,1.5479893450631477,32.250410349473356
random3,0.8,-2.2710942950695916,37.0,1.6164969311494704,35.93064235132633
random3,0.8,-2.2710942950695916,40.0,1.6713603844115112,39.39668761311531
random3,0.8,-2.2710942950695916,43.0,1.6188086701032287,37.9687197053233
random3,0.8,-2.2710942950695916,45.0,1.3945719790833697,46.459077762016086
random3,0.8,-2.2710942950695916,47.0,0.23166620829659876,17.57558616544015
random3,0.8,-2.2710942950695916,50.0,0.001179076467864275,7.453019340793175
random3,0.8500000000000001,-2.701884339135982,15.0,0.0,
random3,0.8500000000000001,-2.701884339135982,20.0,0.10416907613802553,5.361267550449163
random3,0.8500000000000001,-2.701884339135982,25.0,0.5772959253442933,14.371086959786055
random3,0.8500000000000001,-2.701884339135982,27.0,0.8634440532243088,18.489972889680296
random3,0.8500000000000001,-2.701884339135982,30.0,1.2305697510345495,23.800333559910218
random3,0.8500000000000001,-2.701884339135982,35.0,1.549020323366596,32.32790223076873
random3,0.8500000000000001,-2.701884339135982,37.0,1.6175079797018501,36.01270486510633
random3,0.8500000000000001,-2.701884339135982,40.0,1.6720431399725548,39.460015795628415
random3,0.8500000000000001,-2.701884339135982,43.0,1.6186792959030427,37.99065455377008
random3,0.8500000000000001,-2.701884339135982,45.0,1.3936344842718522,46.438880208845646
random3,0.8500000000000001,-2.701884339135982,47.0,0.22405612195454241,17.361495576224797
random3,0.8500000000000001,-2.701884339135982,50.0,0.0011889503660184166,7.494737582200537
random3,0.9,-3.275008502954984,15.0,0.0,
random3,0.9,-3.275008502954984,20.0,0.10312725608609061,5.355402424690108
random3,0.9,-3.275008502954984,25.0,0.5795601407637787,14.322951490229642
random3,0.9,-3.275008502954984,27.0,0.8640325367404671,18.50555120238443
random3,0.9,-3.275008502954984,30.0,1.2320294583134908,23.82925553895805
random3,0.9,-3.275008502954984,35.0,1.5500315475279687,32.40456120270286
random3,0.9,-3.275008502954984,37.0,1.6184960284743464,36.09373092300008
random3,0.9,-3.275008502954984,40.0,1.6726493503054494,39.51969756104561
random3,0.9,-3.275008502954984,43.0,1.6185012902194058,38.0100642728129
random3,0.9,-3.275008502954984,45.0,1.392626172862533,46.431870254865636
random3,0.9,-3.275008502954984,47.0,0.21664333090727061,16.99344877006339
random3,0.9,-3.275008502954984,50.0,0.001198869815425537,7.536582735508329
random3,0.9500000000000001,-5.632074057523665,15.0,0.0,
random3,0.9500000000000001,-5.632074057523665,20.0,0.10209067462817224,4.558480205543207
random3,0.9500000000000001,-5.632074057523665,25.0,0.5817010567214218,14.275151798657044
random3,0.9500000000000001,-5.632074057523665,27.0,0.8645517007269679,18.52026243647804
random3,0.9500000000000001,-5.632074057523665,30.0,1.2334464963611533,23.85765792270331
random3,0.9500000000000001,-5.632074057523665,35.0,1.5510141380469953,32.48162553227903
random3,0.9500000000000001,-5.632074057523665,37.0,1.6194608223216802,36.17370920991345
random3,0.9500000000000001,-5.632074057523665,40.0,1.673226372976427,39.580047219042704
random3,0.9500000000000001,-5.632074057523665,43.0,1.6182739020439518,38.026909779652186
random3,0.9500000000000001,-5.632074057523665,45.0,1.3915507478693252,46.42903515944091
random3,0.9500000000000001,-5.632074057523665,47.0,0.2094252909039525,16.59585200608428
random3,0.9500000000000001,-5.632074057523665,50.0,0.0012088326518611824,7.578556948716257
random3,1.0,-8.809537501059735,15.0,0.0,
random3,1.0,-8.809537501059735,20.0,0.10110012273121506,3.8632136795644243
random3,1.0,-8.809537501059735,25.0,0.5837313880009329,14.227666090830512
random3,1.0,-8.809537501059735,27.0,0.865006448094138,18.534174747594417
random3,1.0,-8.809537501059735,30.0,1.2348211431464347,23.88547253000221
random3,1.0,-8.809537501059735,35.0,1.5519575397058614,32.56058628394955
random3,1.0,-8.809537501059735,37.0,1.6204021023667516,36.252628228914965
random3,1.0,-8.809537501059735,40.0,1.67377430272113,39.639041861401346
random3,1.0,-8.809537501059735,43.0,1.6179963749167552,38.04115170394223
random3,1.0,-8.809537501059735,45.0,1.390409886260236,46.424591893653215
random3,1.0,-8.809537501059735,47.0,0.20239835225917957,16.29625804133953
random3,1.0,-8.809537501059735,50.0,0.001218837384488527,7.620662776421868
