line,step_sd,logL,T_C,growth,o2
axis:topt_scale,-1.0,-11.815877413574894,15.0,0.025941113942553905,2.4287385949402385
axis:topt_scale,-1.0,-11.815877413574894,20.0,0.24796522202458227,9.569964468773964
axis:topt_scale,-1.0,-11.815877413574894,25.0,0.8564204664859916,18.080505240300578
axis:topt_scale,-1.0,-11.815877413574894,27.0,1.0968798418180208,21.578877145642608
axis:topt_scale,-1.0,-11.815877413574894,30.0,1.3758788313209254,25.181237116974938
axis:topt_scale,-1.0,-11.815877413574894,35.0,1.600108122605163,34.43284375646716
axis:topt_scale,-1.0,-11.815877413574894,37.0,1.649664510958677,38.00212675425626
axis:topt_scale,-1.0,-11.815877413574894,40.0,1.6800736567699008,39.854294462509195
axis:topt_scale,-1.0,-11.815877413574894,43.0,1.6145038671270475,37.285432937167094
axis:topt_scale,-1.0,-11.815877413574894,45.0,1.3861317562113988,44.456124453723525
axis:topt_scale,-1.0,-11.815877413574894,47.0,0.3453233127962928,19.795620312769813
axis:topt_scale,-1.0,-11.815877413574894,50.0,0.00102673041299347,6.807040430945769
axis:topt_scale,-0.9500000000000001,-11.298679069538565,15.0,0.024074126340194513,2.3774937094318944
axis:topt_scale,-0.9500000000000001,-11.298679069538565,20.0,0.240874638472713,9.356726548489195
axis:topt_scale,-0.9500000000000001,-11.298679069538565,25.0,0.8420399564422135,17.884053945411747
axis:topt_scale,-0.9500000000000001,-11.298679069538565,27.0,1.0865985236506361,21.433397328207846
axis:topt_scale,-0.9500000000000001,-11.298679069538565,30.0,1.3699247607100813,24.993650469336576
axis:topt_scale,-0.9500000000000001,-11.298679069538565,35.0,1.5973071586099123,34.28703490327413
axis:topt_scale,-0.9500000000000001,-11.298679069538565,37.0,1.6476983753165795,37.89884633898415
axis:topt_scale,-0.9500000000000001,-11.298679069538565,40.0,1.6794083911560194,39.83376223063915
axis:topt_scale,-0.9500000000000001,-11.298679069538565,43.0,1.6149411350265235,37.30921221469443
axis:topt_scale,-0.9500000000000001,-11.298679069538565,45.0,1.387540086210048,44.499771340487214
axis:topt_scale,-0.9500000000000001,-11.298679069538565,47.0,0.34702940324056053,19.83436890863949
axis:topt_scale,-0.9500000000000001,-11.298679069538565,50.0,0.0010274528838313522,6.807147418246542
axis:topt_scale,-0.9,-10.83107752133926,15.0,0.022227079029787215,2.2386514055077216
axis:topt_scale,-0.9,-10.83107752133926,20.0,0.23382245021774628,9.14439357582623
axis:topt_scale,-0.9,-10.83107752133926,25.0,0.8276663466824071,17.686161086562972
axis:topt_scale,-0.9,-10.83107752133926,27.0,1.07614486090258,21.28626178673199
axis:topt_scale,-0.9,-10.83107752133926,30.0,1.3638315087257482,24.801678827133195
axis:topt_scale,-0.9,-10.83107752133926,35.0,1.5944408619727792,34.14514201843289
axis:topt_scale,-0.9,-10.83107752133926,37.0,1.645673015477507,37.78883294145843
axis:topt_scale,-0.9,-10.83107752133926,40.0,1.6786940260756809,39.80764311708177
axis:topt_scale,-0.9,-10.83107752133926,43.0,1.6153426614790918,37.33104781927863
axis:topt_scale,-0.9,-10.83107752133926,45.0,1.388920596049136,44.554461332603424
axis:topt_scale,-0.9,-10.83107752133926,47.0,0.34874617785113127,19.885024424664017
axis:topt_scale,-0.9,-10.83107752133926,50.0,0.001028172352308573,6.807257413809573
axis:topt_scale,-0.8500000000000001,-10.393842187488062,15.0,0.020412157272017,2.0864472691349043
axis:topt_scale,-0.8500000000000001,-10.393842187488062,20.0,0.22680823181940532,8.932531303699202
axis:topt_scale,-0.8500000000000001,-10.393842187488062,25.0,0.8132484274980745,17.488382185765992
axis:topt_scale,-0.8500000000000001,-10.393842187488062,27.0,1.0653079372423613,21.1365226982526
axis:topt_scale,-0.8500000000000001,-10.393842187488062,30.0,1.3576112576494248,24.605706000618234
axis:topt_scale,-0.8500000000000001,-10.393842187488062,35.0,1.5915063974535988,33.99987455703326
axis:topt_scale,-0.8500000000000001,-10.393842187488062,37.0,1.6435868602433488,37.6621607712496
axis:topt_scale,-0.8500000000000001,-10.393842187488062,40.0,1.6779322238365015,39.7797534407969
axis:topt_scale,-0.8500000000000001,-10.393842187488062,43.0,1.6157072061063695,37.35087229730073
axis:topt_scale,-0.8500000000000001,-10.393842187488062,45.0,1.39027958511781,44.60819491552274
axis:topt_scale,-0.8500000000000001,-10.393842187488062,47.0,0.35047340607168687,19.930484870593347
axis:topt_scale,-0.8500000000000001,-10.393842187488062,50.0,0.0010288887283636467,6.80737065393173
axis:topt_scale,-0.8,-9.936288421783877,15.0,0.018592453429501672,2.044584828862872
axis:topt_scale,-0.8,-9.936288421783877,20.0,0.21983110002188064,8.718328054142175
axis:topt_scale,-0.8,-9.936288421783877,25.0,0.7987471804908244,17.289307063057958
axis:topt_scale,-0.8,-9.936288421783877,27.0,1.054299945367719,20.98226135877519
axis:topt_scale,-0.8,-9.936288421783877,30.0,1.3512591028479934,24.405577466315506
axis:topt_scale,-0.8,-9.936288421783877,35.0,1.588425908911164,33.84932223903256
axis:topt_scale,-0.8,-9.936288421783877,37.0,1.6414382797780267,37.228118060543686
axis:topt_scale,-0.8,-9.936288421783877,40.0,1.6771214963309091,39.750017224181335
axis:topt_scale,-0.8,-9.936288421783877,43.0,1.6160334938759566,37.36861631060746
axis:topt_scale,-0.8,-9.936288421783877,45.0,1.3916159029848199,44.66090504970444
axis:topt_scale,-0.8,-9.936288421783877,47.0,0.3522109886022359,19.976025587826015
axis:topt_scale,-0.8,-9.936288421783877,50.0,0.001029601922459332,6.807487152082318
axis:topt_scale,-0.75,-9.458000853156452,15.0,0.01680868152465556,2.003559381951723
axis:topt_scale,-0.75,-9.458000853156452,20.0,0.21290683106933597,6.62331959751127
axis:topt_scale,-0.75,-9.458000853156452,25.0,0.7840636963792249,17.047944043010833
axis:topt_scale,-0.75,-9.458000853156452,27.0,1.0431154339130593,20.81457498321327
axis:topt_scale,-0.75,-9.458000853156452,30.0,1.3447593489057523,24.200798730524568
axis:topt_scale,-0.75,-9.458000853156452,35.0,1.5852497195055029,33.694648538519104
axis:topt_scale,-0.75,-9.458000853156452,37.0,1.6392424241370547,36.86621032890888
axis:topt_scale,-0.75,-9.458000853156452,40.0,1.6762602964294804,39.71834081761505
axis:topt_scale,-0.75,-9.458000853156452,43.0,1.6163202139741135,37.38420857520023
axis:topt_scale,-0.75,-9.458000853156452,45.0,1.3929279230598623,44.71250825083152
axis:topt_scale,-0.75,-9.458000853156452,47.0,0.3539586904328559,20.02157967490511
axis:topt_scale,-0.75,-9.458000853156452,50.0,0.0010303118458542375,6.807607198176073
axis:topt_scale,-0.7000000000000001,-9.02388391068363,15.0,0.015110500365414089,1.8283023952160027
axis:topt_scale,-0.7000000000000001,-9.02388391068363,20.0,0.2060869420948583,6.900377241408569
axis:topt_scale,-0.7000000000000001,-9.02388391068363,25.0,0.7689418660841971,16.6490645876565
axis:topt_scale,-0.7000000000000001,-9.02388391068363,27.0,1.0317505253304438,20.657948761691117
axis:topt_scale,-0.7000000000000001,-9.02388391068363,30.0,1.3381002016543377,23.990998210734055
axis:topt_scale,-0.7000000000000001,-9.02388391068363,35.0,1.5819968213139393,33.53623928251284
axis:topt_scale,-0.7000000000000001,-9.02388391068363,37.0,1.636983959337465,36.74871217692738
axis:topt_scale,-0.7000000000000001,-9.02388391068363,40.0,1.675347013597775,39.68459608436381
axis:topt_scale,-0.7000000000000001,-9.02388391068363,43.0,1.6165660186135975,37.397575796408454
axis:topt_scale,-0.7000000000000001,-9.02388391068363,45.0,1.3942147677298136,44.76293989093279
axis:topt_scale,-0.7000000000000001,-9.02388391068363,47.0,0.3557162623255333,20.06705201203512
axis:topt_scale,-0.7000000000000001,-9.02388391068363,50.0,0.0010310215177526821,
axis:topt_scale,-0.65,-8.713243911552171,15.0,0.01345793679365403,1.793148883168342
axis:topt_scale,-0.65,-8.713243911552171,20.0,0.19930117631389638,6.927790121963204
axis:topt_scale,-0.65,-8.713243911552171,25.0,0.753680905160012,16.22158863891895
axis:topt_scale,-0.65,-8.713243911552171,27.0,1.0201907540737087,20.498612901858454
axis:topt_scale,-0.65,-8.713243911552171,30.0,1.3309573706351427,23.855164163334624
axis:topt_scale,-0.65,-8.713243911552171,35.0,1.5786653283486747,33.3740026274016
axis:topt_scale,-0.65,-8.713243911552171,37.0,1.634648221170041,36.62969376376019
axis:topt_scale,-0.65,-8.713243911552171,40.0,1.6743799689751395,39.648576278269246
axis:topt_scale,-0.65,-8.713243911552171,43.0,1.6167695217675684,37.40864260003589
axis:topt_scale,-0.65,-8.713243911552171,45.0,1.3954767648254949,44.81214309306898
axis:topt_scale,-0.65,-8.713243911552171,47.0,0.3574834411063222,20.112301282163862
axis:topt_scale,-0.65,-8.713243911552171,50.0,0.0010317215314070757,6.80785871047971
axis:topt_scale,-0.6000000000000001,-8.363805984965145,15.0,0.011830123014644794,1.7172233148987237
axis:topt_scale,-0.6000000000000001,-8.363805984965145,20.0,0.19255074866363103,7.136909324581504
axis:topt_scale,-0.6000000000000001,-8.363805984965145,25.0,0.7383228467455927,15.791118780091422
axis:topt_scale,-0.6000000000000001,-8.363805984965145,27.0,1.0084238617132124,20.33640174977629
axis:topt_scale,-0.6000000000000001,-8.363805984965145,30.0,1.3234197922693156,23.73991938185232
axis:topt_scale,-0.6000000000000001,-8.363805984965145,35.0,1.5752525136041466,33.207805773786575
axis:topt_scale,-0.6000000000000001,-8.363805984965145,37.0,1.6322422515327515,36.50500227800302
axis:topt_scale,-0.6000000000000001,-8.363805984965145,40.0,1.6733574098238406,39.60985286233864
axis:topt_scale,-0.6000000000000001,-8.363805984965145,43.0,1.6169292978196277,37.41733145894335
axis:topt_scale,-0.6000000000000001,-8.363805984965145,45.0,1.3967111753082013,44.85993384517657
axis:topt_scale,-0.6000000000000001,-8.363805984965145,47.0,0.3592599500530991,20.157105875136917
axis:topt_scale,-0.6000000000000001,-8.363805984965145,50.0,0.0010324211226604215,6.807990811207887
axis:topt_scale,-0.55,-8.254666646375624,15.0,0.010269022341609067,1.4022287429874152
axis:topt_scale,-0.55,-8.254666646375624,20.0,0.1858179267808421,7.154422641959588
axis:topt_scale,-0.55,-8.254666646375624,25.0,0.7226241177247695,15.353787216626856
axis:topt_scale,-0.55,-8.254666646375624,27.0,0.996434022494258,20.17145287916207
axis:topt_scale,-0.55,-8.254666646375624,30.0,1.3157371459525806,23.62228890600071
axis:topt_scale,-0.55,-8.254666646375624,35.0,1.5717557836087952,33.03752242509363
axis:topt_scale,-0.55,-8.254666646375624,37.0,1.6297650272642106,36.37593592195112
axis:topt_scale,-0.55,-8.254666646375624,40.0,1.6722775032367345,39.56711621633211
axis:topt_scale,-0.55,-8.254666646375624,43.0,1.6170438801167477,37.42356261436785
axis:topt_scale,-0.55,-8.254666646375624,45.0,1.3979166566591619,44.906148648708786
axis:topt_scale,-0.55,-8.254666646375624,47.0,0.36104549937279323,20.20109405945637
axis:topt_scale,-0.55,-8.254666646375624,50.0,0.0010331171020853621,6.8081274791416995
axis:topt_scale,-0.5,-7.850217658486588,15.0,0.008772078986187357,1.2664606921974004
axis:topt_scale,-0.5,-7.850217658486588,20.0,0.1790839788450758,7.170848237236972
axis:topt_scale,-0.5,-7.850217658486588,25.0,0.7066116247129255,14.909468124635959
axis:topt_scale,-0.5,-7.850217658486588,27.0,0.9842004219144196,20.00270684034074
axis:topt_scale,-0.5,-7.850217658486588,30.0,1.3073592980704312,23.510347831882825
axis:topt_scale,-0.5,-7.850217658486588,35.0,1.5681735955118656,32.8630774477573
axis:topt_scale,-0.5,-7.850217658486588,37.0,1.6272140137782567,36.23050929462517
axis:topt_scale,-0.5,-7.850217658486588,40.0,1.6711383296855096,39.51154548403274
axis:topt_scale,-0.5,-7.850217658486588,43.0,1.6171117594106053,37.42725399113918
axis:topt_scale,-0.5,-7.850217658486588,45.0,1.399091826121724,44.9505627970521
axis:topt_scale,-0.5,-7.850217658486588,47.0,0.36283989849374765,20.306976151830586
axis:topt_scale,-0.5,-7.850217658486588,50.0,0.001033809471624129,6.807702967444842
axis:topt_scale,-0.45,-7.411879487033744,15.0,0.007321520103883966,1.1356038434559506
axis:topt_scale,-0.45,-7.411879487033744,20.0,0.17232874113603242,7.186421137165931
axis:topt_scale,-0.45,-7.411879487033744,25.0,0.6899885744962049,14.498075622427816
axis:topt_scale,-0.45,-7.411879487033744,27.0,0.9717156666773797,19.829850107671415
axis:topt_scale,-0.45,-7.411879487033744,30.0,1.2985969640411728,23.28039961617251
axis:topt_scale,-0.45,-7.411879487033744,35.0,1.564502865717356,32.68432067717828
axis:topt_scale,-0.45,-7.411879487033744,37.0,1.6245871009958557,35.949951828128604
axis:topt_scale,-0.45,-7.411879487033744,40.0,1.6699414394918357,39.38680509322905
axis:topt_scale,-0.45,-7.411879487033744,43.0,1.6171313821700701,37.42832110592976
axis:topt_scale,-0.45,-7.411879487033744,45.0,1.4002352602313912,44.992843518308966
axis:topt_scale,-0.45,-7.411879487033744,47.0,0.3646428555905785,20.34197883272268
axis:topt_scale,-0.45,-7.411879487033744,50.0,0.0010344979062846616,6.808417493866614
axis:topt_scale,-0.4,-6.974051644139825,15.0,0.005912951707037708,1.008539685262771
axis:topt_scale,-0.4,-6.974051644139825,20.0,0.16555177709041957,7.096696437487387
axis:topt_scale,-0.4,-6.974051644139825,25.0,0.672947935732356,14.056993066493547
axis:topt_scale,-0.4,-6.974051644139825,27.0,0.9589358314277576,19.653569712902105
axis:topt_scale,-0.4,-6.974051644139825,30.0,1.2893610434018778,23.433290908498805
axis:topt_scale,-0.4,-6.974051644139825,35.0,1.560740448442874,32.5010989204133
axis:topt_scale,-0.4,-6.974051644139825,37.0,1.621889646281557,35.80606724110309
axis:topt_scale,-0.4,-6.974051644139825,40.0,1.6686873840484748,39.348086567059156
axis:topt_scale,-0.4,-6.974051644139825,43.0,1.6171011487433853,37.42667696730329
axis:topt_scale,-0.4,-6.974051644139825,45.0,1.4013436622411644,44.98760271834781
axis:topt_scale,-0.4,-6.974051644139825,47.0,0.366453843481543,20.376353894058912
axis:topt_scale,-0.4,-6.974051644139825,50.0,0.0010351825788643782,6.808568092983851
axis:topt_scale,-0.35000000000000003,-6.482220330918774,15.0,0.004544635278177864,0.9331984020980576
axis:topt_scale,-0.35000000000000003,-6.482220330918774,20.0,0.15903969273879118,6.87966138867255
axis:topt_scale,-0.35000000000000003,-6.482220330918774,25.0,0.655400460138687,13.774651067544346
axis:topt_scale,-0.35000000000000003,-6.482220330918774,27.0,0.9457927130542585,19.472274713254492
axis:topt_scale,-0.35000000000000003,-6.482220330918774,30.0,1.2799361286145614,23.571198179920845
axis:topt_scale,-0.35000000000000003,-6.482220330918774,35.0,1.5568829904706443,32.31324888285662
axis:topt_scale,-0.35000000000000003,-6.482220330918774,37.0,1.619112304542946,35.65517881025639
axis:topt_scale,-0.35000000000000003,-6.482220330918774,40.0,1.6673663260670826,39.30574900583765
axis:topt_scale,-0.35000000000000003,-6.482220330918774,43.0,1.6170194113462781,37.42223196630451
axis:topt_scale,-0.35000000000000003,-6.482220330918774,45.0,1.4024171571060213,44.95408291558895
axis:topt_scale,-0.35000000000000003,-6.482220330918774,47.0,0.36827251738135675,20.409807897840047
axis:topt_scale,-0.35000000000000003,-6.482220330918774,50.0,0.0010358633345309294,6.808726557097702
axis:topt_scale,-0.30000000000000004,-5.967504192399955,15.0,0.003217462270081363,0.88780874783826
axis:topt_scale,-0.30000000000000004,-5.967504192399955,20.0,0.1528365040641224,6.67163433203359
axis:topt_scale,-0.30000000000000004,-5.967504192399955,25.0,0.637175545028378,13.428121496703188
axis:topt_scale,-0.30000000000000004,-5.967504192399955,27.0,0.9322108721717258,19.284923260353498
axis:topt_scale,-0.30000000000000004,-5.967504192399955,30.0,1.2702983980831928,23.707840908526855
axis:topt_scale,-0.30000000000000004,-5.967504192399955,35.0,1.5529267542499956,32.120588553701225
axis:topt_scale,-0.30000000000000004,-5.967504192399955,37.0,1.6162521321961374,35.4694082165448
axis:topt_scale,-0.30000000000000004,-5.967504192399955,40.0,1.6659755429892156,39.25615304509583
axis:topt_scale,-0.30000000000000004,-5.967504192399955,43.0,1.6168844718464905,37.414893755978646
axis:topt_scale,-0.30000000000000004,-5.967504192399955,45.0,1.4034554835353699,44.91713989893273
axis:topt_scale,-0.30000000000000004,-5.967504192399955,47.0,0.3700985222741573,20.441892708009057
axis:topt_scale,-0.30000000000000004,-5.967504192399955,50.0,0.0010365401719037142,6.808402615503246
axis:topt_scale,-0.25,-5.46780735126687,15.0,0.0019337889722314684,0.8438856246475629
axis:topt_scale,-0.25,-5.46780735126687,20.0,0.1468773340821873,6.472148465420913
axis:topt_scale,-0.25,-5.46780735126687,25.0,0.6183084040451094,13.157019707559208
axis:topt_scale,-0.25,-5.46780735126687,27.0,0.9180814483840027,19.09001176043855
axis:topt_scale,-0.25,-5.46780735126687,30.0,1.2604249942161205,23.846010962743723
axis:topt_scale,-0.25,-5.46780735126687,35.0,1.5488675202633118,31.9229124513709
axis:topt_scale,-0.25,-5.46780735126687,37.0,1.6133077898675792,35.31240623946964
axis:topt_scale,-0.25,-5.46780735126687,40.0,1.664512088079018,39.159734117912066
axis:topt_scale,-0.25,-5.46780735126687,43.0,1.6167489487107194,37.407523806661665
axis:topt_scale,-0.25,-5.46780735126687,45.0,1.4044570533081502,44.87136808012264
axis:topt_scale,-0.25,-5.46780735126687,47.0,0.37193149357676397,20.471884388335923
axis:topt_scale,-0.25,-5.46780735126687,50.0,0.001037212826370272,6.809063615674278
axis:topt_scale,-0.2,-4.9840228495080545,15.0,0.0006953933040702806,
axis:topt_scale,-0.2,-4.9840228495080545,20.0,0.1409935231065888,6.27562106469919
axis:topt_scale,-0.2,-4.9840228495080545,25.0,0.5987176431868951,13.214657361136913
axis:topt_scale,-0.2,-4.9840228495080545,27.0,0.9032441434551928,18.8881263320712
axis:topt_scale,-0.2,-4.9840228495080545,30.0,1.2499598575908275,23.80265913837398
axis:topt_scale,-0.2,-4.9840228495080545,35.0,1.5447004565558584,31.719985269900352
axis:topt_scale,-0.2,-4.9840228495080545,37.0,1.6102760366851847,35.162322609043876
axis:topt_scale,-0.2,-4.9840228495080545,40.0,1.6629773193405875,38.98445177226715
axis:topt_scale,-0.2,-4.9840228495080545,43.0,1.616878525514822,37.41457038563457
axis:topt_scale,-0.2,-4.9840228495080545,45.0,1.4054202283693713,44.79536663949034
axis:topt_scale,-0.2,-4.9840228495080545,47.0,0.3737710577630169,20.52963116544081
axis:topt_scale,-0.2,-4.9840228495080545,50.0,0.0010378814373930732,6.809243348178058
axis:topt_scale,-0.15000000000000002,-4.523054804613238,15.0,0.0,
axis:topt_scale,-0.15000000000000002,-4.523054804613238,20.0,0.13518617884020145,6.080231820380303
axis:topt_scale,-0.15000000000000002,-4.523054804613238,25.0,0.5808961530126445,13.270332550278448
axis:topt_scale,-0.15000000000000002,-4.523054804613238,27.0,0.8851720072461771,18.675334642531617
axis:topt_scale,-0.15000000000000002,-4.523054804613238,30.0,1.237754562167031,23.78839695519257
axis:topt_scale,-0.15000000000000002,-4.523054804613238,35.0,1.5404199425908547,31.51153330104322
axis:topt_scale,-0.15000000000000002,-4.523054804613238,37.0,1.6071520123225613,35.00767119460657
axis:topt_scale,-0.15000000000000002,-4.523054804613238,40.0,1.661389601708067,38.41961349964201
axis:topt_scale,-0.15000000000000002,-4.523054804613238,43.0,1.616959914136437,37.41899641970616
axis:topt_scale,-0.15000000000000002,-4.523054804613238,45.0,1.4063433188928303,44.430454212426284
axis:topt_scale,-0.15000000000000002,-4.523054804613238,47.0,0.3756168329273876,20.61865802740474
axis:topt_scale,-0.15000000000000002,-4.523054804613238,50.0,0.0010385488769961506,
axis:topt_scale,-0.1,-4.427323465415526,15.0,0.0,
axis:topt_scale,-0.1,-4.427323465415526,20.0,0.12945635898250446,5.889291255086746
axis:topt_scale,-0.1,-4.427323465415526,25.0,0.5643920495226988,12.953491642613367
axis:topt_scale,-0.1,-4.427323465415526,27.0,0.8630123309534656,18.720635078529046
axis:topt_scale,-0.1,-4.427323465415526,30.0,1.2247055440526584,23.602218201673647
axis:topt_scale,-0.1,-4.427323465415526,35.0,1.5360193289994064,31.297232734614788
axis:topt_scale,-0.1,-4.427323465415526,37.0,1.6039314231331199,34.84823944387252
axis:topt_scale,-0.1,-4.427323465415526,40.0,1.659739648150022,38.33256725176003
axis:topt_scale,-0.1,-4.427323465415526,43.0,1.6169912768275796,37.420701969409315
axis:topt_scale,-0.1,-4.427323465415526,45.0,1.4072293823220665,43.98066631402811
axis:topt_scale,-0.1,-4.427323465415526,47.0,0.37745965661022857,20.680022060702704
axis:topt_scale,-0.1,-4.427323465415526,50.0,0.0010392061086293579,6.809628486153565
axis:topt_scale,-0.05,-4.209243440962547,15.0,0.0,
axis:topt_scale,-0.05,-4.209243440962547,20.0,0.12385228551148339,5.551204813080199
axis:topt_scale,-0.05,-4.209243440962547,25.0,0.5476290523944477,12.232747429871644
axis:topt_scale,-0.05,-4.209243440962547,27.0,0.8420931994204078,18.440283239485094
axis:topt_scale,-0.05,-4.209243440962547,30.0,1.2110387082877732,23.39553257901368
axis:topt_scale,-0.05,-4.209243440962547,35.0,1.5314920682752515,31.076764720915634
axis:topt_scale,-0.05,-4.209243440962547,37.0,1.6006101841357678,34.683825134314084
axis:topt_scale,-0.05,-4.209243440962547,40.0,1.6580124787221433,38.2414167151202
axis:topt_scale,-0.05,-4.209243440962547,43.0,1.6169707492965064,37.419585651795
axis:topt_scale,-0.05,-4.209243440962547,45.0,1.408074748863254,43.9595526129627
axis:topt_scale,-0.05,-4.209243440962547,47.0,0.37929286973636916,20.714280319835453
axis:topt_scale,-0.05,-4.209243440962547,50.0,0.0010398649513839525,
axis:topt_scale,0.0,-4.2224779764014295,15.0,0.0,
axis:topt_scale,0.0,-4.2224779764014295,20.0,0.11834294554443316,5.361107214455652
axis:topt_scale,0.0,-4.2224779764014295,25.0,0.5325438022706479,11.935151350722135
axis:topt_scale,0.0,-4.2224779764014295,27.0,0.821611260867707,18.197831158992578
axis:topt_scale,0.0,-4.2224779764014295,30.0,1.196704095074698,23.45607644700078
axis:topt_scale,0.0,-4.2224779764014295,35.0,1.5268316683468743,30.84981310980844
axis:topt_scale,0.0,-4.2224779764014295,37.0,1.5971836562400235,34.514198612823016
axis:topt_scale,0.0,-4.2224779764014295,40.0,1.6562052344532,38.14599875076241
axis:topt_scale,0.0,-4.2224779764014295,43.0,1.6168964144917177,37.415970202632955
axis:topt_scale,0.0,-4.2224779764014295,45.0,1.40887489316692,43.93948842428881
axis:topt_scale,0.0,-4.2224779764014295,47.0,0.38112494249750395,20.745815537520116
axis:topt_scale,0.0,-4.2224779764014295,50.0,0.0010405137263105142,6.810053065922644
axis:topt_scale,0.05,-4.200198309500577,15.0,0.0,
axis:topt_scale,0.05,-4.200198309500577,20.0,0.11291748399018434,5.17517678188044
axis:topt_scale,0.05,-4.200198309500577,25.0,0.5176483123680407,11.644373467422094
axis:topt_scale,0.05,-4.200198309500577,27.0,0.8010579002724189,17.927202851490943
axis:topt_scale,0.05,-4.200198309500577,30.0,1.1829475945681172,23.26749535088604
axis:topt_scale,0.05,-4.200198309500577,35.0,1.522024025931749,30.6156911012878
axis:topt_scale,0.05,-4.200198309500577,37.0,1.5936465836153753,34.33909969524924
axis:topt_scale,0.05,-4.200198309500577,40.0,1.654314710382601,38.0461261257983
axis:topt_scale,0.05,-4.200198309500577,43.0,1.6167662706525736,37.40889275308458
axis:topt_scale,0.05,-4.200198309500577,45.0,1.4096278972173746,43.920505286756644
axis:topt_scale,0.05,-4.200198309500577,47.0,0.3829746375056345,20.816355559780234
axis:topt_scale,0.05,-4.200198309500577,50.0,0.001041161106496329,6.809725544986488
axis:topt_scale,0.1,-4.230980352750473,15.0,0.0,
axis:topt_scale,0.1,-4.230980352750473,20.0,0.10757490078002924,4.992004764635856
axis:topt_scale,0.1,-4.230980352750473,25.0,0.5028166292898597,11.355319566214574
axis:topt_scale,0.1,-4.230980352750473,27.0,0.780875361962302,17.660048928677725
axis:topt_scale,0.1,-4.230980352750473,30.0,1.1686526215796418,23.069521581902947
axis:topt_scale,0.1,-4.230980352750473,35.0,1.5171025352361622,30.37666383690987
axis:topt_scale,0.1,-4.230980352750473,37.0,1.5899650372615646,34.15755209107779
axis:topt_scale,0.1,-4.230980352750473,40.0,1.6523375493921948,37.94159385178143
axis:topt_scale,0.1,-4.230980352750473,43.0,1.6165782235493835,37.39866642278402
axis:topt_scale,0.1,-4.230980352750473,45.0,1.4103317745334942,43.90263055495891
axis:topt_scale,0.1,-4.230980352750473,47.0,0.3848273168253972,20.886915201387197
axis:topt_scale,0.1,-4.230980352750473,50.0,0.0010418039834110822,6.8105252485297445
axis:topt_scale,0.15000000000000002,-4.325515724648603,15.0,0.0,
axis:topt_scale,0.15000000000000002,-4.325515724648603,20.0,0.10231425145438337,4.811506673682817
axis:topt_scale,0.15000000000000002,-4.325515724648603,25.0,0.4880481701745831,11.067685677700338
axis:topt_scale,0.15000000000000002,-4.325515724648603,27.0,0.7623365159808508,17.703665101639587
axis:topt_scale,0.15000000000000002,-4.325515724648603,30.0,1.153721653870774,22.86378249789387
axis:topt_scale,0.15000000000000002,-4.325515724648603,35.0,1.512058242963396,30.13190357237283
axis:topt_scale,0.15000000000000002,-4.325515724648603,37.0,1.5860641327811826,33.96758630054398
axis:topt_scale,0.15000000000000002,-4.325515724648603,40.0,1.6502701050684445,37.83216460411905
axis:topt_scale,0.15000000000000002,-4.325515724648603,43.0,1.6163300774739946,37.385171805285275
axis:topt_scale,0.15000000000000002,-4.325515724648603,45.0,1.4109844647506475,43.88588447507695
axis:topt_scale,0.15000000000000002,-4.325515724648603,47.0,0.3866826914897505,20.957198949388406
axis:topt_scale,0.15000000000000002,-4.325515724648603,50.0,0.001042408611817194,7.072046611261044
axis:topt_scale,0.2,-4.4590950031121475,15.0,0.0,
axis:topt_scale,0.2,-4.4590950031121475,20.0,0.09713361553576247,4.63350513677166
axis:topt_scale,0.2,-4.4590950031121475,25.0,0.4733404036192741,10.781326770086624
axis:topt_scale,0.2,-4.4590950031121475,27.0,0.7437657954515596,17.38692428871742
axis:topt_scale,0.2,-4.4590950031121475,30.0,1.138304452525005,22.68434250414335
axis:topt_scale,0.2,-4.4590950031121475,35.0,1.5068402503647365,29.878714982230996
axis:topt_scale,0.2,-4.4590950031121475,37.0,1.5820248312984604,33.77088086896265
axis:topt_scale,0.2,-4.4590950031121475,40.0,1.648108391336363,37.71755084743447
axis:topt_scale,0.2,-4.4590950031121475,43.0,1.6160195247055809,37.368283402692214
axis:topt_scale,0.2,-4.4590950031121475,45.0,1.4115838272754313,43.8702751472243
axis:topt_scale,0.2,-4.4590950031121475,47.0,0.38854028130695706,21.013901948917223
axis:topt_scale,0.2,-4.4590950031121475,50.0,0.0010430767523188379,6.810344789233078
axis:topt_scale,0.25,-4.645080851708213,15.0,0.0,
axis:topt_scale,0.25,-4.645080851708213,20.0,0.09202962497625851,4.457596369420983
axis:topt_scale,0.25,-4.645080851708213,25.0,0.45868791081773486,10.496096784248465
axis:topt_scale,0.25,-4.645080851708213,27.0,0.7247358247314225,16.866024129359946
axis:topt_scale,0.25,-4.645080851708213,30.0,1.1228522036831603,22.46654703223841
axis:topt_scale,0.25,-4.645080851708213,35.0,1.5014272044683936,29.61606197286998
axis:topt_scale,0.25,-4.645080851708213,37.0,1.5778357614486376,33.56688203494211
axis:topt_scale,0.25,-4.645080851708213,40.0,1.645852617699489,37.597618518821804
axis:topt_scale,0.25,-4.645080851708213,43.0,1.6156447117802362,37.3479004203961
axis:topt_scale,0.25,-4.645080851708213,45.0,1.4121276338662192,43.855789408988905
axis:topt_scale,0.25,-4.645080851708213,47.0,0.39039952898102315,21.062538277749354
axis:topt_scale,0.25,-4.645080851708213,50.0,0.0010437064002004309,6.811345527721639
axis:topt_scale,0.30000000000000004,-4.885014625040574,15.0,0.0,
axis:topt_scale,0.30000000000000004,-4.885014625040574,20.0,0.08699673606354857,4.282541987184752
axis:topt_scale,0.30000000000000004,-4.885014625040574,25.0,0.4440813256964786,10.211793306923164
axis:topt_scale,0.30000000000000004,-4.885014625040574,27.0,0.7053826557929831,16.339982280152313
axis:topt_scale,0.30000000000000004,-4.885014625040574,30.0,1.1066280372275297,22.238490229323936
axis:topt_scale,0.30000000000000004,-4.885014625040574,35.0,1.4957908210697433,29.342572131860106
axis:topt_scale,0.30000000000000004,-4.885014625040574,37.0,1.5735630797705595,33.35881148187942
axis:topt_scale,0.30000000000000004,-4.885014625040574,40.0,1.6434958439353617,37.47169694163749
axis:topt_scale,0.30000000000000004,-4.885014625040574,43.0,1.61520264540763,37.3238600780365
axis:topt_scale,0.30000000000000004,-4.885014625040574,45.0,1.4126135599551772,43.84237528041867
axis:topt_scale,0.30000000000000004,-4.885014625040574,47.0,0.3922599764526653,21.111097861880403
axis:topt_scale,0.30000000000000004,-4.885014625040574,50.0,0.0010443317144998255,6.811656372342403
axis:topt_scale,0.35000000000000003,-5.187373460743749,15.0,0.0,
axis:topt_scale,0.35000000000000003,-5.187373460743749,20.0,0.0820260977652896,4.0989024789392134
axis:topt_scale,0.35000000000000003,-5.187373460743749,25.0,0.4295064891477566,9.927650407472536
axis:topt_scale,0.35000000000000003,-5.187373460743749,27.0,0.6860006252450763,15.813155938520538
axis:topt_scale,0.35000000000000003,-5.187373460743749,30.0,1.091507141626251,22.025759477732993
axis:topt_scale,0.35000000000000003,-5.187373460743749,35.0,1.4898929744032834,29.056395512381467
axis:topt_scale,0.35000000000000003,-5.187373460743749,37.0,1.5691553486383147,33.144164306280096
axis:topt_scale,0.35000000000000003,-5.187373460743749,40.0,1.6410305033906596,37.33524998762574
axis:topt_scale,0.35000000000000003,-5.187373460743749,43.0,1.6146904612325255,37.29600660696594
axis:topt_scale,0.35000000000000003,-5.187373460743749,45.0,1.4130391744741855,43.82990537928345
axis:topt_scale,0.35000000000000003,-5.187373460743749,47.0,0.3941211607234199,21.15954236292032
axis:topt_scale,0.35000000000000003,-5.187373460743749,50.0,0.0010449526306000308,6.8119890523275926
axis:topt_scale,0.4,-5.887980672594233,15.0,0.0,
axis:topt_scale,0.4,-5.887980672594233,20.0,0.07710765446420044,2.892378249631386
axis:topt_scale,0.4,-5.887980672594233,25.0,0.4149448685316986,9.644174479001483
axis:topt_scale,0.4,-5.887980672594233,27.0,0.6665138617305808,15.284863155369656
axis:topt_scale,0.4,-5.887980672594233,30.0,1.0768639554281576,21.829749082315356
axis:topt_scale,0.4,-5.887980672594233,35.0,1.4838010762429428,28.76080308342784
axis:topt_scale,0.4,-5.887980672594233,37.0,1.5645778691958563,32.9212507473056
axis:topt_scale,0.4,-5.887980672594233,40.0,1.6384997127539265,37.19113862628113
axis:topt_scale,0.4,-5.887980672594233,43.0,1.6141052527294177,37.26418194524315
axis:topt_scale,0.4,-5.887980672594233,45.0,1.4134019278699987,43.817008348922684
axis:topt_scale,0.4,-5.887980672594233,47.0,0.3959826126978305,21.207824266811006
axis:topt_scale,0.4,-5.887980672594233,50.0,0.001045569249919141,6.811576319319013
axis:topt_scale,0.45,-6.332914709913812,15.0,0.0,
axis:topt_scale,0.45,-6.332914709913812,20.0,0.07221911423036668,2.7581174837129607
axis:topt_scale,0.45,-6.332914709913812,25.0,0.4003517676409104,9.360230087043163
axis:topt_scale,0.45,-6.332914709913812,27.0,0.64673109225515,14.559183875539492
axis:topt_scale,0.45,-6.332914709913812,30.0,1.0615404766494443,21.647477706975856
axis:topt_scale,0.45,-6.332914709913812,35.0,1.4774309976204882,28.58562513706215
axis:topt_scale,0.45,-6.332914709913812,37.0,1.559813676273609,32.68924463711226
axis:topt_scale,0.45,-6.332914709913812,40.0,1.635853576838217,37.07165108157159
axis:topt_scale,0.45,-6.332914709913812,43.0,1.6134419355777647,37.22856901285321
axis:topt_scale,0.45,-6.332914709913812,45.0,1.4136991571097404,43.8048423437165
axis:topt_scale,0.45,-6.332914709913812,47.0,0.397843856003207,21.2558824543363
axis:topt_scale,0.45,-6.332914709913812,50.0,0.0010461813847499892,6.812732410801293
axis:topt_scale,0.5,-6.839108447409155,15.0,0.0,
axis:topt_scale,0.5,-6.839108447409155,20.0,0.06732211027019253,2.6356620264235215
axis:topt_scale,0.5,-6.839108447409155,25.0,0.3856649220981855,9.074461453347368
axis:topt_scale,0.5,-6.839108447409155,27.0,0.6266665121832591,13.9577869938012
axis:topt_scale,0.5,-6.839108447409155,30.0,1.0458120912669449,21.70541359930985
axis:topt_scale,0.5,-6.839108447409155,35.0,1.4711942274139478,28.450280729223802
axis:topt_scale,0.5,-6.839108447409155,37.0,1.5548397408559382,32.447024511386346
axis:topt_scale,0.5,-6.839108447409155,40.0,1.6330690479130323,36.93148836162761
axis:topt_scale,0.5,-6.839108447409155,43.0,1.6126875892987684,37.19058013735139
axis:topt_scale,0.5,-6.839108447409155,45.0,1.4139280394941447,43.79117858692507
axis:topt_scale,0.5,-6.839108447409155,47.0,0.39970440582342964,21.303635180580887
axis:topt_scale,0.5,-6.839108447409155,50.0,0.0010467893173794116,6.8131503842984245
axis:topt_scale,0.55,-7.326570684093393,15.0,0.0,
axis:topt_scale,0.55,-7.326570684093393,20.0,0.06236409386136226,2.5133777694696864
axis:topt_scale,0.55,-7.326570684093393,25.0,0.37078579258515404,8.784997780517495
axis:topt_scale,0.55,-7.326570684093393,27.0,0.6062557023776358,13.563663272394326
axis:topt_scale,0.55,-7.326570684093393,30.0,1.0296293375718515,21.50943085663233
axis:topt_scale,0.55,-7.326570684093393,35.0,1.4647103092648008,28.150342878038366
axis:topt_scale,0.55,-7.326570684093393,37.0,1.5496607862904157,32.4595447338002
axis:topt_scale,0.55,-7.326570684093393,40.0,1.6301423591894064,36.784169851763004
axis:topt_scale,0.55,-7.326570684093393,43.0,1.6118480187249355,37.14829936671216
axis:topt_scale,0.55,-7.326570684093393,45.0,1.414085545741609,43.76913318650381
axis:topt_scale,0.55,-7.326570684093393,47.0,0.4015637677601778,21.350968009808803
axis:topt_scale,0.55,-7.326570684093393,50.0,0.001047395794784666,
axis:topt_scale,0.6000000000000001,-8.080236767284815,15.0,0.0,
axis:topt_scale,0.6000000000000001,-8.080236767284815,20.0,0.05727351118549704,2.3884057118946855
axis:topt_scale,0.6000000000000001,-8.080236767284815,25.0,0.35555468978523297,8.488631259074282
axis:topt_scale,0.6000000000000001,-8.080236767284815,27.0,0.5854656107802858,13.16242005339597
axis:topt_scale,0.6000000000000001,-8.080236767284815,30.0,1.0128952981656876,21.28435120280214
axis:topt_scale,0.6000000000000001,-8.080236767284815,35.0,1.4578329808111279,27.882301887386227
axis:topt_scale,0.6000000000000001,-8.080236767284815,37.0,1.5442608207560895,32.207049351584
axis:topt_scale,0.6000000000000001,-8.080236767284815,40.0,1.6271259045489685,36.75745484435403
axis:topt_scale,0.6000000000000001,-8.080236767284815,43.0,1.6109190440190417,37.101516204351555
axis:topt_scale,0.6000000000000001,-8.080236767284815,45.0,1.4141684778301078,43.71110371897182
axis:topt_scale,0.6000000000000001,-8.080236767284815,47.0,0.40342126319455957,21.38765447870929
axis:topt_scale,0.6000000000000001,-8.080236767284815,50.0,0.0010479926617057295,6.814101905880218
axis:topt_scale,0.65,-8.692908806918416,15.0,0.0,
axis:topt_scale,0.65,-8.692908806918416,20.0,0.051928433764210684,2.3341334981322026
axis:topt_scale,0.65,-8.692908806918416,25.0,0.3397640670525294,8.181374584420038
axis:topt_scale,0.65,-8.692908806918416,27.0,0.5640654005672585,12.749511134888067
axis:topt_scale,0.65,-8.692908806918416,30.0,0.9954744550505927,21.050033759021566
axis:topt_scale,0.65,-8.692908806918416,35.0,1.450017133955768,27.799085038110885
axis:topt_scale,0.65,-8.692908806918416,37.0,1.538586093006099,31.92772755147493
axis:topt_scale,0.65,-8.692908806918416,40.0,1.624062573482728,36.60823577581132
axis:topt_scale,0.65,-8.692908806918416,43.0,1.6098960479675457,37.0499981274127
axis:topt_scale,0.65,-8.692908806918416,45.0,1.4141742206469141,43.70858686783276
axis:topt_scale,0.65,-8.692908806918416,47.0,0.4052765307176797,21.419480173729088
axis:topt_scale,0.65,-8.692908806918416,50.0,0.001048645430733013,
axis:topt_scale,0.7000000000000001,-9.546094323487335,15.0,0.0,
axis:topt_scale,0.7000000000000001,-9.546094323487335,20.0,0.04615775308864083,2.3417936372118615
axis:topt_scale,0.7000000000000001,-9.546094323487335,25.0,0.3229891055740088,7.854960344178526
axis:topt_scale,0.7000000000000001,-9.546094323487335,27.0,0.5417727696134256,12.319425101730053
axis:topt_scale,0.7000000000000001,-9.546094323487335,30.0,0.9771636935313667,20.803746549813912
axis:topt_scale,0.7000000000000001,-9.546094323487335,35.0,1.4415536189535338,27.81064808548439
axis:topt_scale,0.7000000000000001,-9.546094323487335,37.0,1.5328680358342686,31.76523372053232
axis:topt_scale,0.7000000000000001,-9.546094323487335,40.0,1.62085543797698,36.44742824500684
axis:topt_scale,0.7000000000000001,-9.546094323487335,43.0,1.608776745122909,36.99363004076783
axis:topt_scale,0.7000000000000001,-9.546094323487335,45.0,1.414099480215993,43.71026542254327
axis:topt_scale,0.7000000000000001,-9.546094323487335,47.0,0.40712909968712646,21.448452466077576
axis:topt_scale,0.7000000000000001,-9.546094323487335,50.0,0.0010491801192392893,6.814455975715392
axis:topt_scale,0.75,-10.452845965442318,15.0,0.0,
axis:topt_scale,0.75,-10.452845965442318,20.0,0.03978009109435547,2.350370554485038
axis:topt_scale,0.75,-10.452845965442318,25.0,0.304561769065559,7.49638536001129
axis:topt_scale,0.75,-10.452845965442318,27.0,0.5178438960476741,11.852928534177654
axis:topt_scale,0.75,-10.452845965442318,30.0,0.9577189307782734,20.542206561586987
axis:topt_scale,0.75,-10.452845965442318,35.0,1.4325985410255466,27.806150026960022
axis:topt_scale,0.75,-10.452845965442318,37.0,1.5270030095441065,31.475885446679303
axis:topt_scale,0.75,-10.452845965442318,40.0,1.6174942580213014,36.27889684111304
axis:topt_scale,0.75,-10.452845965442318,43.0,1.6075733917381168,36.93302916926803
axis:topt_scale,0.75,-10.452845965442318,45.0,1.4139391047949064,43.713984453728905
axis:topt_scale,0.75,-10.452845965442318,47.0,0.4089783721270548,21.467602683529527
axis:topt_scale,0.75,-10.452845965442318,50.0,0.0010497682168162674,6.815096577149571
axis:topt_scale,0.8,-11.559798420793463,15.0,0.0,
axis:topt_scale,0.8,-11.559798420793463,20.0,0.032680054528524106,2.359995052990737
axis:topt_scale,0.8,-11.559798420793463,25.0,0.2835584649730207,7.0815507665065365
axis:topt_scale,0.8,-11.559798420793463,27.0,0.4913861150303722,11.338185247452211
axis:topt_scale,0.8,-11.559798420793463,30.0,0.936535222067669,20.257277041123142
axis:topt_scale,0.8,-11.559798420793463,35.0,1.4232380814483756,27.820838666506564
axis:topt_scale,0.8,-11.559798420793463,37.0,1.5208327324891482,31.171477771977994
axis:topt_scale,0.8,-11.559798420793463,40.0,1.6139643710485234,36.10190637498039
axis:topt_scale,0.8,-11.559798420793463,43.0,1.6062587691106367,36.866824779164205
axis:topt_scale,0.8,-11.559798420793463,45.0,1.4136887009505927,43.719846971140775
axis:topt_scale,0.8,-11.559798420793463,47.0,0.41082391014471986,21.483232085642015
axis:topt_scale,0.8,-11.559798420793463,50.0,0.0010503528511103372,6.815809995470203
axis:topt_scale,0.8500000000000001,-13.085318982610715,15.0,0.0,
axis:topt_scale,0.8500000000000001,-13.085318982610715,20.0,0.024945882990129734,2.151476301943889
axis:topt_scale,0.8500000000000001,-13.085318982610715,25.0,0.2581292684492891,7.046170507277588
axis:topt_scale,0.8500000000000001,-13.085318982610715,27.0,0.4609553759990653,10.746070436006937
axis:topt_scale,0.8500000000000001,-13.085318982610715,30.0,0.9127537822001907,19.937406977294806
axis:topt_scale,0.8500000000000001,-13.085318982610715,35.0,1.413409656129343,27.658725010322822
axis:topt_scale,0.8500000000000001,-13.085318982610715,37.0,1.514287572321451,30.849708814531194
axis:topt_scale,0.8500000000000001,-13.085318982610715,40.0,1.6102475378049808,35.91554232044166
axis:topt_scale,0.8500000000000001,-13.085318982610715,43.0,1.6048251120821648,36.794625817116454
axis:topt_scale,0.8500000000000001,-13.085318982610715,45.0,1.4133433988793347,43.727966752977046
axis:topt_scale,0.8500000000000001,-13.085318982610715,47.0,0.4126651367764759,21.491175163663215
axis:topt_scale,0.8500000000000001,-13.085318982610715,50.0,0.0010509342128156454,6.817518659154528
axis:topt_scale,0.9,-16.168547331349806,15.0,0.0,
axis:topt_scale,0.9,-16.168547331349806,20.0,0.021750338863778793,1.1565375809552318
axis:topt_scale,0.9,-16.168547331349806,25.0,0.22670905062916422,7.163880004111438
axis:topt_scale,0.9,-16.168547331349806,27.0,0.42449256101843175,10.036582669784767
axis:topt_scale,0.9,-16.168547331349806,30.0,0.8816431624963211,19.518956455969327
axis:topt_scale,0.9,-16.168547331349806,35.0,1.4019784528174408,27.146734602348893
axis:topt_scale,0.9,-16.168547331349806,37.0,1.5073183508194692,30.507109824962836
axis:topt_scale,0.9,-16.168547331349806,40.0,1.6063197304043768,35.71859990611789
axis:topt_scale,0.9,-16.168547331349806,43.0,1.6032628837359395,36.71595200403711
axis:topt_scale,0.9,-16.168547331349806,45.0,1.4128977310959911,43.73847107778005
axis:topt_scale,0.9,-16.168547331349806,47.0,0.4145014512519606,21.47614997552497
axis:topt_scale,0.9,-16.168547331349806,50.0,0.0010515153615524631,
axis:topt_scale,0.9500000000000001,-18.732868286977023,15.0,0.0,
axis:topt_scale,0.9500000000000001,-18.732868286977023,20.0,0.02022135583619064,1.131536861524284
axis:topt_scale,0.9500000000000001,-18.732868286977023,25.0,0.18875463446767252,7.30814768049632
axis:topt_scale,0.9500000000000001,-18.732868286977023,27.0,0.37949160883999133,9.160957666844041
axis:topt_scale,0.9500000000000001,-18.732868286977023,30.0,0.834901634639602,18.892310132460512
axis:topt_scale,0.9500000000000001,-18.732868286977023,35.0,1.3906450178515462,26.58625837503079
axis:topt_scale,0.9500000000000001,-18.732868286977023,37.0,1.4997940048266045,30.137221547831345
axis:topt_scale,0.9500000000000001,-18.732868286977023,40.0,1.602148279729815,35.50944108459544
axis:topt_scale,0.9500000000000001,-18.732868286977023,43.0,1.6015605365472452,36.63022180662829
axis:topt_scale,0.9500000000000001,-18.732868286977023,45.0,1.412345489808384,43.75150383509204
axis:topt_scale,0.9500000000000001,-18.732868286977023,47.0,0.41633222240304124,21.1786553931002
axis:topt_scale,0.9500000000000001,-18.732868286977023,50.0,0.0010520886745915316,6.819589903098016
axis:topt_scale,1.0,-21.848684295954023,15.0,0.0,
axis:topt_scale,1.0,-21.848684295954023,20.0,0.018710103464840845,1.2320457067508126
axis:topt_scale,1.0,-21.848684295954023,25.0,0.1456497488744789,6.2977257311258175
axis:topt_scale,1.0,-21.848684295954023,27.0,0.32392822997895504,8.079802716901169
axis:topt_scale,1.0,-21.848684295954023,30.0,0.7766806894322161,18.11208876128486
axis:topt_scale,1.0,-21.848684295954023,35.0,1.3778149942571947,25.95177083950402
axis:topt_scale,1.0,-21.848684295954023,37.0,1.4915371699636895,29.73132495231228
axis:topt_scale,1.0,-21.848684295954023,40.0,1.597687582630884,35.285779288932986
axis:topt_scale,1.0,-21.848684295954023,43.0,1.599703626415005,36.536707820019174
axis:topt_scale,1.0,-21.848684295954023,45.0,1.41167954433277,43.767229443183126
axis:topt_scale,1.0,-21.848684295954023,47.0,0.4181571788605535,21.18806666492639
axis:topt_scale,1.0,-21.848684295954023,50.0,0.001052738450052872,
axis:dCp_scale,-1.0,-25.70238055890758,15.0,0.1718522912211932,6.524625146173275
axis:dCp_scale,-1.0,-25.70238055890758,20.0,0.5417828618057071,12.451308696681513
axis:dCp_scale,-1.0,-25.70238055890758,25.0,1.0866721458488646,21.60779842736637
axis:dCp_scale,-1.0,-25.70238055890758,27.0,1.2625458388232578,23.94006006273571
axis:dCp_scale,-1.0,-25.70238055890758,30.0,1.4354461435874308,27.379423754633244
axis:dCp_scale,-1.0,-25.70238055890758,35.0,1.5981515871276244,34.32883741487436
axis:dCp_scale,-1.0,-25.70238055890758,37.0,1.6390659710869675,37.55951265362469
axis:dCp_scale,-1.0,-25.70238055890758,40.0,1.6706476556847185,39.27677083731154
axis:dCp_scale,-1.0,-25.70238055890758,43.0,1.6229749591707145,37.746103498409774
axis:dCp_scale,-1.0,-25.70238055890758,45.0,1.4193247953877401,43.57847586747754
axis:dCp_scale,-1.0,-25.70238055890758,47.0,0.4258833346314003,21.704725031659073
axis:dCp_scale,-1.0,-25.70238055890758,50.0,0.001056132263410666,6.823902895242825
axis:dCp_scale,-0.9500000000000001,-23.933905730771077,15.0,0.1569836809862882,6.6254635672491
axis:dCp_scale,-0.9500000000000001,-23.933905730771077,20.0,0.5137628516743618,11.907584974505454
axis:dCp_scale,-0.9500000000000001,-23.933905730771077,25.0,1.0661974483233556,21.320894308829512
axis:dCp_scale,-0.9500000000000001,-23.933905730771077,27.0,1.2473192709953727,23.838506179870873
axis:dCp_scale,-0.9500000000000001,-23.933905730771077,30.0,1.4280175631015213,27.389161014971737
axis:dCp_scale,-0.9500000000000001,-23.933905730771077,35.0,1.5954920852075953,34.19718167667003
axis:dCp_scale,-0.9500000000000001,-23.933905730771077,37.0,1.6374569038872686,37.38723917317798
axis:dCp_scale,-0.9500000000000001,-23.933905730771077,40.0,1.670095097439739,39.23626577200466
axis:dCp_scale,-0.9500000000000001,-23.933905730771077,43.0,1.6227408279772972,37.733371096529
axis:dCp_scale,-0.9500000000000001,-23.933905730771077,45.0,1.4189187051381043,43.58887741422072
axis:dCp_scale,-0.9500000000000001,-23.933905730771077,47.0,0.4240653955805551,21.680039213525795
axis:dCp_scale,-0.9500000000000001,-23.933905730771077,50.0,0.001055530128030063,6.82274723973443
axis:dCp_scale,-0.9,-22.180334412484754,15.0,0.14280442636797713,6.5234031069219665
axis:dCp_scale,-0.9,-22.180334412484754,20.0,0.4863880577598087,11.376313713855657
axis:dCp_scale,-0.9,-22.180334412484754,25.0,1.0451123410100218,21.035196199354186
axis:dCp_scale,-0.9,-22.180334412484754,27.0,1.2302098868313955,23.77171238439967
axis:dCp_scale,-0.9,-22.180334412484754,30.0,1.420290097836603,27.282579379816454
axis:dCp_scale,-0.9,-22.180334412484754,35.0,1.5927610365025402,34.06198409300578
axis:dCp_scale,-0.9,-22.180334412484754,37.0,1.6358040438202461,37.301777017475224
axis:dCp_scale,-0.9,-22.180334412484754,40.0,1.669528182122568,39.210372730297216
axis:dCp_scale,-0.9,-22.180334412484754,43.0,1.622500490554231,37.72030119066597
axis:dCp_scale,-0.9,-22.180334412484754,45.0,1.4185020877047791,43.599470235984114
axis:dCp_scale,-0.9,-22.180334412484754,47.0,0.4222073822259958,21.654804417900575
axis:dCp_scale,-0.9,-22.180334412484754,50.0,0.00105490815521693,6.820426373812203
axis:dCp_scale,-0.8500000000000001,-20.445792706932565,15.0,0.12927279236498548,6.033819852024872
axis:dCp_scale,-0.8500000000000001,-20.445792706932565,20.0,0.4596836393451471,10.859221532932
axis:dCp_scale,-0.8500000000000001,-20.445792706932565,25.0,1.02364171625281,20.744274421663732
axis:dCp_scale,-0.8500000000000001,-20.445792706932565,27.0,1.2122744413908468,23.520725388029742
axis:dCp_scale,-0.8500000000000001,-20.445792706932565,30.0,1.4119112886852667,26.861603389768323
axis:dCp_scale,-0.8500000000000001,-20.445792706932565,35.0,1.5899281385670403,33.92247764326708
axis:dCp_scale,-0.8500000000000001,-20.445792706932565,37.0,1.6341026454016192,37.21198415107125
axis:dCp_scale,-0.8500000000000001,-20.445792706932565,40.0,1.668945183480701,39.17512147934584
axis:dCp_scale,-0.8500000000000001,-20.445792706932565,43.0,1.6222537790007978,37.70688465012889
axis:dCp_scale,-0.8500000000000001,-20.445792706932565,45.0,1.4180746701884628,43.610268779625166
axis:dCp_scale,-0.8500000000000001,-20.445792706932565,47.0,0.4203086078486102,21.62901052829963
axis:dCp_scale,-0.8500000000000001,-20.445792706932565,50.0,0.001054265374557994,6.820665092326737
axis:dCp_scale,-0.8,-18.81987008682451,15.0,0.11641183364751177,5.605520909513317
axis:dCp_scale,-0.8,-18.81987008682451,20.0,0.43367934787048995,10.41261429143228
axis:dCp_scale,-0.8,-18.81987008682451,25.0,1.0017927424738664,20.447106955493176
axis:dCp_scale,-0.8,-18.81987008682451,27.0,1.1939509706762104,23.26484546654147
axis:dCp_scale,-0.8,-18.81987008682451,30.0,1.403336947259882,26.430803283766956
axis:dCp_scale,-0.8,-18.81987008682451,35.0,1.5869551756873626,33.777700644366526
axis:dCp_scale,-0.8,-18.81987008682451,37.0,1.632354070574225,37.112485695058076
axis:dCp_scale,-0.8,-18.81987008682451,40.0,1.6683456091227449,39.106300061578146
axis:dCp_scale,-0.8,-18.81987008682451,43.0,1.622000520689475,37.693112087180275
axis:dCp_scale,-0.8,-18.81987008682451,45.0,1.4176367168668829,43.62416446850721
axis:dCp_scale,-0.8,-18.81987008682451,47.0,0.41836838477654703,21.602647269349948
axis:dCp_scale,-0.8,-18.81987008682451,50.0,0.0010536011836728746,6.819724380672963
axis:dCp_scale,-0.75,-17.28897054917048,15.0,0.10421194930062852,5.199598003545137
axis:dCp_scale,-0.75,-17.28897054917048,20.0,0.40842827468693077,9.941754898457905
axis:dCp_scale,-0.75,-17.28897054917048,25.0,0.9796061235802062,20.14475858583787
axis:dCp_scale,-0.75,-17.28897054917048,27.0,1.1752228853972873,23.002842524312374
axis:dCp_scale,-0.75,-17.28897054917048,30.0,1.3945403225086814,25.99330797000813
axis:dCp_scale,-0.75,-17.28897054917048,35.0,1.5839020329328535,33.629019055291565
axis:dCp_scale,-0.75,-17.28897054917048,37.0,1.630556938473698,36.959981912735756
axis:dCp_scale,-0.75,-17.28897054917048,40.0,1.6677289496803505,38.756066244578676
axis:dCp_scale,-0.75,-17.28897054917048,43.0,1.6217405381226166,37.67897384923317
axis:dCp_scale,-0.75,-17.28897054917048,45.0,1.417187851037124,43.64900531572465
axis:dCp_scale,-0.75,-17.28897054917048,47.0,0.4163860253214001,21.575704190661774
axis:dCp_scale,-0.75,-17.28897054917048,50.0,0.0010529146737522051,6.818841328206026
axis:dCp_scale,-0.7000000000000001,-15.850280022980092,15.0,0.09276758298072284,4.702046898163999
axis:dCp_scale,-0.7000000000000001,-15.850280022980092,20.0,0.38394742478667954,9.468191219993464
axis:dCp_scale,-0.7000000000000001,-15.850280022980092,25.0,0.9570607293364004,19.825491503651993
axis:dCp_scale,-0.7000000000000001,-15.850280022980092,27.0,1.1560799938862467,22.730139851263697
axis:dCp_scale,-0.7000000000000001,-15.850280022980092,30.0,1.3855339124714872,25.54604391190666
axis:dCp_scale,-0.7000000000000001,-15.850280022980092,35.0,1.580766510156925,33.47632573356081
axis:dCp_scale,-0.7000000000000001,-15.850280022980092,37.0,1.6287199952236278,36.32321593661766
axis:dCp_scale,-0.7000000000000001,-15.850280022980092,40.0,1.6671004988488296,38.72299215612073
axis:dCp_scale,-0.7000000000000001,-15.850280022980092,43.0,1.6214736487843018,37.664460010800084
axis:dCp_scale,-0.7000000000000001,-15.850280022980092,45.0,1.4167273535607268,43.697685513879996
axis:dCp_scale,-0.7000000000000001,-15.850280022980092,47.0,0.4143608419042198,21.548170621158846
axis:dCp_scale,-0.7000000000000001,-15.850280022980092,50.0,0.001052204963813584,6.818011365207059
axis:dCp_scale,-0.65,-14.511989421690743,15.0,0.08208845059854464,4.315026827375651
axis:dCp_scale,-0.65,-14.511989421690743,20.0,0.36022275015552013,9.009228685125771
axis:dCp_scale,-0.65,-14.511989421690743,25.0,0.9341695312137922,19.51533174159918
axis:dCp_scale,-0.65,-14.511989421690743,27.0,1.1365244351150476,22.455161488437014
axis:dCp_scale,-0.65,-14.511989421690743,30.0,1.3758112474061466,25.18886713846629
axis:dCp_scale,-0.65,-14.511989421690743,35.0,1.5775463473804674,33.31951062297381
axis:dCp_scale,-0.65,-14.511989421690743,37.0,1.6268427409080424,36.21575880015032
axis:dCp_scale,-0.65,-14.511989421690743,40.0,1.6664551329800479,38.6890278636702
axis:dCp_scale,-0.65,-14.511989421690743,43.0,1.62119966498706,37.64956036515865
axis:dCp_scale,-0.65,-14.511989421690743,45.0,1.4162549229409875,43.72563945577794
axis:dCp_scale,-0.65,-14.511989421690743,47.0,0.4122921485239058,21.520035643062172
axis:dCp_scale,-0.65,-14.511989421690743,50.0,0.0010514711312526888,6.817228860532848
axis:dCp_scale,-0.6000000000000001,-13.27160217305348,15.0,0.07207615427682523,3.9813365519434676
axis:dCp_scale,-0.6000000000000001,-13.27160217305348,20.0,0.3372598455858755,8.564944864307515
axis:dCp_scale,-0.6000000000000001,-13.27160217305348,25.0,0.9109390402053559,19.20148602717139
axis:dCp_scale,-0.6000000000000001,-13.27160217305348,27.0,1.1165539457253708,22.17736969616616
axis:dCp_scale,-0.6000000000000001,-13.27160217305348,30.0,1.3656892264916185,24.860207365125902
axis:dCp_scale,-0.6000000000000001,-13.27160217305348,35.0,1.5742386839689753,33.158434416687555
axis:dCp_scale,-0.6000000000000001,-13.27160217305348,37.0,1.6249132006842937,36.03801963702693
axis:dCp_scale,-0.6000000000000001,-13.27160217305348,40.0,1.6657916979330636,38.6541126271387
axis:dCp_scale,-0.6000000000000001,-13.27160217305348,43.0,1.6209183937131695,37.63426441571799
axis:dCp_scale,-0.6000000000000001,-13.27160217305348,45.0,1.4157702498037361,43.746710177339104
axis:dCp_scale,-0.6000000000000001,-13.27160217305348,47.0,0.4101792614131248,21.491288011931495
axis:dCp_scale,-0.6000000000000001,-13.27160217305348,50.0,0.001050712209439036,6.81649061022631
axis:dCp_scale,-0.55,-12.08390714879771,15.0,0.06270443288756487,3.668995387522246
axis:dCp_scale,-0.55,-12.08390714879771,20.0,0.3150240226741393,8.134560558804301
axis:dCp_scale,-0.55,-12.08390714879771,25.0,0.8850786884128412,18.851108474904258
axis:dCp_scale,-0.55,-12.08390714879771,27.0,1.096167429558208,21.89247928019093
axis:dCp_scale,-0.55,-12.08390714879771,30.0,1.3552482798914,24.531258936576798
axis:dCp_scale,-0.55,-12.08390714879771,35.0,1.570841473424558,32.99299745458651
axis:dCp_scale,-0.55,-12.08390714879771,37.0,1.622933797043173,35.862626941953415
axis:dCp_scale,-0.55,-12.08390714879771,40.0,1.665109653446111,38.618218013650264
axis:dCp_scale,-0.55,-12.08390714879771,43.0,1.6206296364505415,37.61856136709651
axis:dCp_scale,-0.55,-12.08390714879771,45.0,1.4152730166824257,43.764783154823434
axis:dCp_scale,-0.55,-12.08390714879771,47.0,0.40802149996343356,21.461916090961985
axis:dCp_scale,-0.55,-12.08390714879771,50.0,0.0010499397176275314,6.812470022817208
axis:dCp_scale,-0.5,-10.881361340578705,15.0,0.053955947232949907,3.3774254525243945
axis:dCp_scale,-0.5,-10.881361340578705,20.0,0.2936171506647709,7.289511662259627
axis:dCp_scale,-0.5,-10.881361340578705,25.0,0.8524714299671193,18.410711304133397
axis:dCp_scale,-0.5,-10.881361340578705,27.0,1.0753326310342144,21.600905112331258
axis:dCp_scale,-0.5,-10.881361340578705,30.0,1.3445024459858619,24.19270484641388
axis:dCp_scale,-0.5,-10.881361340578705,35.0,1.5673529501488295,32.82311375576697
axis:dCp_scale,-0.5,-10.881361340578705,37.0,1.6209018664779196,35.75486199554364
axis:dCp_scale,-0.5,-10.881361340578705,40.0,1.6644084413197069,38.5813146462991
axis:dCp_scale,-0.5,-10.881361340578705,43.0,1.6203331890226471,37.60244011587157
axis:dCp_scale,-0.5,-10.881361340578705,45.0,1.4147628977963946,43.78137877949017
axis:dCp_scale,-0.5,-10.881361340578705,47.0,0.405818187704769,21.431907718979108
axis:dCp_scale,-0.5,-10.881361340578705,50.0,0.0010492244391564535,6.815136036384088
axis:dCp_scale,-0.45,-9.818797895451885,15.0,0.04581202889215991,3.1056209442755978
axis:dCp_scale,-0.45,-9.818797895451885,20.0,0.2729432827248695,7.022547532889389
axis:dCp_scale,-0.45,-9.818797895451885,25.0,0.8200234274714003,17.98205236043081
axis:dCp_scale,-0.45,-9.818797895451885,27.0,1.0536445485848172,21.29382232984002
axis:dCp_scale,-0.45,-9.818797895451885,30.0,1.3334040708721313,23.892243865220614
axis:dCp_scale,-0.45,-9.818797895451885,35.0,1.5637701102910957,32.6486370390582
axis:dCp_scale,-0.45,-9.818797895451885,37.0,1.6188132640457158,35.64052719696451
axis:dCp_scale,-0.45,-9.818797895451885,40.0,1.6636874847322878,38.543372168142795
axis:dCp_scale,-0.45,-9.818797895451885,43.0,1.6200288414126154,37.58588924101405
axis:dCp_scale,-0.45,-9.818797895451885,45.0,1.4142395588221486,43.797217194435376
axis:dCp_scale,-0.45,-9.818797895451885,47.0,0.4035686649549654,21.401393549226544
axis:dCp_scale,-0.45,-9.818797895451885,50.0,0.0010484844793326117,6.814513040349953
axis:dCp_scale,-0.4,-8.928536876220392,15.0,0.03840343440677284,2.626654875791633
axis:dCp_scale,-0.4,-8.928536876220392,20.0,0.2527354810089583,7.129976701023782
axis:dCp_scale,-0.4,-8.928536876220392,25.0,0.7878379724868664,17.57079860508878
axis:dCp_scale,-0.4,-8.928536876220392,27.0,1.0315411556147251,20.99433677790682
axis:dCp_scale,-0.4,-8.928536876220392,30.0,1.321648600087503,23.712478594326264
axis:dCp_scale,-0.4,-8.928536876220392,35.0,1.5600903734406704,32.46944164392253
axis:dCp_scale,-0.4,-8.928536876220392,37.0,1.6166663184592514,35.50743087368216
axis:dCp_scale,-0.4,-8.928536876220392,40.0,1.6629461875254652,38.50435920457714
axis:dCp_scale,-0.4,-8.928536876220392,43.0,1.6197163775808194,37.56889699396703
axis:dCp_scale,-0.4,-8.928536876220392,45.0,1.4137026566566098,43.81268598460806
axis:dCp_scale,-0.4,-8.928536876220392,47.0,0.40127137327906615,21.35875772521972
axis:dCp_scale,-0.4,-8.928536876220392,50.0,0.0010477186135722542,6.813216576941083
axis:dCp_scale,-0.35000000000000003,-8.146714954520967,15.0,0.03158118170458028,2.3931000853899778
axis:dCp_scale,-0.35000000000000003,-8.146714954520967,20.0,0.23311470871810433,6.846872859855986
axis:dCp_scale,-0.35000000000000003,-8.146714954520967,25.0,0.7558190887240989,17.44283763065525
axis:dCp_scale,-0.35000000000000003,-8.146714954520967,27.0,1.009021902987912,20.690136207946853
axis:dCp_scale,-0.35000000000000003,-8.146714954520967,30.0,1.3093649136000833,23.537150895951303
axis:dCp_scale,-0.35000000000000003,-8.146714954520967,35.0,1.5563110917803455,32.28539862726693
axis:dCp_scale,-0.35000000000000003,-8.146714954520967,37.0,1.6144595660588754,35.36942366200652
axis:dCp_scale,-0.35000000000000003,-8.146714954520967,40.0,1.662183933457732,38.461474137605606
axis:dCp_scale,-0.35000000000000003,-8.146714954520967,43.0,1.619395575276025,37.55145128837985
axis:dCp_scale,-0.35000000000000003,-8.146714954520967,45.0,1.4131518391729998,43.82801427178555
axis:dCp_scale,-0.35000000000000003,-8.146714954520967,47.0,0.398925230572782,21.296163461048984
axis:dCp_scale,-0.35000000000000003,-8.146714954520967,50.0,0.0010469255732890998,6.813357789519683
axis:dCp_scale,-0.30000000000000004,-7.458756138974652,15.0,0.025180419608222957,2.1739844534044597
axis:dCp_scale,-0.30000000000000004,-7.458756138974652,20.0,0.21418445098435335,7.086852416234804
axis:dCp_scale,-0.30000000000000004,-7.458756138974652,25.0,0.7232674076456701,16.555894418304963
axis:dCp_scale,-0.30000000000000004,-7.458756138974652,27.0,0.9860935124415452,20.379783761022335
axis:dCp_scale,-0.30000000000000004,-7.458756138974652,30.0,1.2960805103437374,23.455543390423394
axis:dCp_scale,-0.30000000000000004,-7.458756138974652,35.0,1.5524295484420938,32.096375683369985
axis:dCp_scale,-0.30000000000000004,-7.458756138974652,37.0,1.6121933795084646,35.257238571649935
axis:dCp_scale,-0.30000000000000004,-7.458756138974652,40.0,1.6614000854248028,38.420135440793544
axis:dCp_scale,-0.30000000000000004,-7.458756138974652,43.0,1.619066205839633,37.533539689456944
axis:dCp_scale,-0.30000000000000004,-7.458756138974652,45.0,1.4125867449676959,43.84334786913057
axis:dCp_scale,-0.30000000000000004,-7.458756138974652,47.0,0.39653111679238995,21.232252257441605
axis:dCp_scale,-0.30000000000000004,-7.458756138974652,50.0,0.0010461044011064247,6.812820961030859
axis:dCp_scale,-0.25,-6.918943635099501,15.0,0.019241856898050462,1.930200024729939
axis:dCp_scale,-0.25,-6.918943635099501,20.0,0.1961253900169674,7.131369131718026
axis:dCp_scale,-0.25,-6.918943635099501,25.0,0.6905673551772008,15.667069213240001
axis:dCp_scale,-0.25,-6.918943635099501,27.0,0.9627641921794596,20.064407278343236
axis:dCp_scale,-0.25,-6.918943635099501,30.0,1.2818804213188268,23.6607095533508
axis:dCp_scale,-0.25,-6.918943635099501,35.0,1.54844295633597,31.902237086850736
axis:dCp_scale,-0.25,-6.918943635099501,37.0,1.6098632305960099,35.14188709441072
axis:dCp_scale,-0.25,-6.918943635099501,40.0,1.6605939846449245,38.37761742195689
axis:dCp_scale,-0.25,-6.918943635099501,43.0,1.6187280340027201,37.51514940292763
axis:dCp_scale,-0.25,-6.918943635099501,45.0,1.4120070030988365,43.85878543025042
axis:dCp_scale,-0.25,-6.918943635099501,47.0,0.39408841242588094,21.166996872253726
axis:dCp_scale,-0.25,-6.918943635099501,50.0,0.0010452538379609126,6.812308564813699
axis:dCp_scale,-0.2,-6.520201608495766,15.0,0.013773749403238195,1.7151840326133523
axis:dCp_scale,-0.2,-6.520201608495766,20.0,0.17891134895148122,7.171108598648641
axis:dCp_scale,-0.2,-6.520201608495766,25.0,0.6581702039222467,14.793906681039756
axis:dCp_scale,-0.2,-6.520201608495766,27.0,0.9390437201216991,19.746447079333468
axis:dCp_scale,-0.2,-6.520201608495766,30.0,1.267350321262597,23.870643791809208
axis:dCp_scale,-0.2,-6.520201608495766,35.0,1.5443484570441397,31.70284363881168
axis:dCp_scale,-0.2,-6.520201608495766,37.0,1.6074671959923124,35.023274017977556
axis:dCp_scale,-0.2,-6.520201608495766,40.0,1.6597649498076232,38.333883033255255
axis:dCp_scale,-0.2,-6.520201608495766,43.0,1.6183808176756473,37.496267263594895
axis:dCp_scale,-0.2,-6.520201608495766,45.0,1.4114122328152365,43.874397324099064
axis:dCp_scale,-0.2,-6.520201608495766,47.0,0.39159651039147225,21.1003664153649
axis:dCp_scale,-0.2,-6.520201608495766,50.0,0.001044372624519482,6.811818650878249
axis:dCp_scale,-0.15000000000000002,-6.338486068502029,15.0,0.008745251772435375,1.2623545142953505
axis:dCp_scale,-0.15000000000000002,-6.338486068502029,20.0,0.1625071039394437,6.995223429727279
axis:dCp_scale,-0.15000000000000002,-6.338486068502029,25.0,0.6258408267859021,14.132071276287755
axis:dCp_scale,-0.15000000000000002,-6.338486068502029,27.0,0.9149491369483609,19.450349377785376
axis:dCp_scale,-0.15000000000000002,-6.338486068502029,30.0,1.252338229278749,23.782186323984767
axis:dCp_scale,-0.15000000000000002,-6.338486068502029,35.0,1.5401431197929638,31.498052616781525
axis:dCp_scale,-0.15000000000000002,-6.338486068502029,37.0,1.605003289558858,34.90130102073231
axis:dCp_scale,-0.15000000000000002,-6.338486068502029,40.0,1.6589122761837576,38.28889375199023
axis:dCp_scale,-0.15000000000000002,-6.338486068502029,43.0,1.6180243077298015,37.47687972347699
axis:dCp_scale,-0.15000000000000002,-6.338486068502029,45.0,1.4108020432757278,43.890236161749726
axis:dCp_scale,-0.15000000000000002,-6.338486068502029,47.0,0.38905481751405613,21.03232437857934
axis:dCp_scale,-0.15000000000000002,-6.338486068502029,50.0,0.0010434594365450797,6.811349654878455
axis:dCp_scale,-0.1,-5.5238213974943005,15.0,0.0041636086116852485,0.920124165050725
axis:dCp_scale,-0.1,-5.5238213974943005,20.0,0.14690732697444497,6.474834558970607
axis:dCp_scale,-0.1,-5.5238213974943005,25.0,0.5940326834058001,13.521968176823131
axis:dCp_scale,-0.1,-5.5238213974943005,27.0,0.8894026780252396,19.103304850890098
axis:dCp_scale,-0.1,-5.5238213974943005,30.0,1.2349165966371185,24.000052643491667
axis:dCp_scale,-0.1,-5.5238213974943005,35.0,1.5358239405176033,31.287717729160075
axis:dCp_scale,-0.1,-5.5238213974943005,37.0,1.6024694601665603,34.77586656377018
axis:dCp_scale,-0.1,-5.5238213974943005,40.0,1.658035234695154,38.2426094668553
axis:dCp_scale,-0.1,-5.5238213974943005,43.0,1.61765824777107,37.45740002853994
axis:dCp_scale,-0.1,-5.5238213974943005,45.0,1.4101760332578994,43.90634298881579
axis:dCp_scale,-0.1,-5.5238213974943005,47.0,0.3864627434053761,20.95551695322578
axis:dCp_scale,-0.1,-5.5238213974943005,50.0,0.0010425128810606728,6.810900054440714
axis:dCp_scale,-0.05,-4.339148084770377,15.0,0.0,
axis:dCp_scale,-0.05,-4.339148084770377,20.0,0.13215326111906064,5.9790541817138445
axis:dCp_scale,-0.05,-4.339148084770377,25.0,0.5629047213105246,12.924143746055417
axis:dCp_scale,-0.05,-4.339148084770377,27.0,0.8554449244972443,18.652008336179023
axis:dCp_scale,-0.05,-4.339148084770377,30.0,1.2160421293617931,23.737938152763167
axis:dCp_scale,-0.05,-4.339148084770377,35.0,1.5313878410355182,31.071689074975424
axis:dCp_scale,-0.05,-4.339148084770377,37.0,1.5998635894455475,34.646865779504004
axis:dCp_scale,-0.05,-4.339148084770377,40.0,1.6571331831354796,38.19499424372837
axis:dCp_scale,-0.05,-4.339148084770377,43.0,1.6172823739047764,37.43695935042107
axis:dCp_scale,-0.05,-4.339148084770377,45.0,1.4095337908560064,43.92275109106089
axis:dCp_scale,-0.05,-4.339148084770377,47.0,0.3838195362031247,20.851911129429183
axis:dCp_scale,-0.05,-4.339148084770377,50.0,0.0010415317670490563,6.808107157364733
axis:dCp_scale,0.0,-4.2224779764014295,15.0,0.0,
axis:dCp_scale,0.0,-4.2224779764014295,20.0,0.11834294554443316,5.361107214455652
axis:dCp_scale,0.0,-4.2224779764014295,25.0,0.5325438022706479,11.935151350722135
axis:dCp_scale,0.0,-4.2224779764014295,27.0,0.821611260867707,18.197831158992578
axis:dCp_scale,0.0,-4.2224779764014295,30.0,1.196704095074698,23.45607644700078
axis:dCp_scale,0.0,-4.2224779764014295,35.0,1.5268316683468743,30.84981310980844
axis:dCp_scale,0.0,-4.2224779764014295,37.0,1.5971836562400235,34.514198612823016
axis:dCp_scale,0.0,-4.2224779764014295,40.0,1.6562052344532,38.14599875076241
axis:dCp_scale,0.0,-4.2224779764014295,43.0,1.6168964144917177,37.415970202632955
axis:dCp_scale,0.0,-4.2224779764014295,45.0,1.40887489316692,43.93948842428881
axis:dCp_scale,0.0,-4.2224779764014295,47.0,0.38112494249750395,20.745815537520116
axis:dCp_scale,0.0,-4.2224779764014295,50.0,0.0010405137263105142,6.810053065922644
axis:dCp_scale,0.05,-4.260165693821618,15.0,0.0,
axis:dCp_scale,0.05,-4.260165693821618,20.0,0.10538308897153902,4.917080966574297
axis:dCp_scale,0.05,-4.260165693821618,25.0,0.502875773466843,11.355044425519708
axis:dCp_scale,0.05,-4.260165693821618,27.0,0.7880276122339211,17.752755167851326
axis:dCp_scale,0.05,-4.260165693821618,30.0,1.1769326864825889,22.91365285904089
axis:dCp_scale,0.05,-4.260165693821618,35.0,1.5221521940820475,30.621932618893503
axis:dCp_scale,0.05,-4.260165693821618,37.0,1.5944275746808878,34.37776180505594
axis:dCp_scale,0.05,-4.260165693821618,40.0,1.6552511014833833,38.09560455045551
axis:dCp_scale,0.05,-4.260165693821618,43.0,1.6165000898946187,37.39441737800991
axis:dCp_scale,0.05,-4.260165693821618,45.0,1.4081989059639652,43.95657921778022
axis:dCp_scale,0.05,-4.260165693821618,47.0,0.3783739150161481,20.6929363871529
axis:dCp_scale,0.05,-4.260165693821618,50.0,0.0010394579582763063,6.809653272482071
axis:dCp_scale,0.1,-4.369760869580588,15.0,0.0,
axis:dCp_scale,0.1,-4.369760869580588,20.0,0.09324709350366857,4.500808221488781
axis:dCp_scale,0.1,-4.369760869580588,25.0,0.4739882561977704,10.792897450503371
axis:dCp_scale,0.1,-4.369760869580588,27.0,0.7547212927480809,17.62858902379507
axis:dCp_scale,0.1,-4.369760869580588,30.0,1.1568193950713357,22.63094914271749
axis:dCp_scale,0.1,-4.369760869580588,35.0,1.5173388231944498,30.38812905344542
axis:dCp_scale,0.1,-4.369760869580588,37.0,1.59159268554334,34.237423714181205
axis:dCp_scale,0.1,-4.369760869580588,40.0,1.654273837553065,38.04396810186804
axis:dCp_scale,0.1,-4.369760869580588,43.0,1.6160931122147006,37.37228522011611
axis:dCp_scale,0.1,-4.369760869580588,45.0,1.4075053833571676,43.97404506096646
axis:dCp_scale,0.1,-4.369760869580588,47.0,0.37553682485453327,20.609700839147862
axis:dCp_scale,0.1,-4.369760869580588,50.0,0.0010383654709740535,
axis:dCp_scale,0.15000000000000002,-4.698066959210612,15.0,0.0,
axis:dCp_scale,0.15000000000000002,-4.698066959210612,20.0,0.08191592046038777,4.110122242964307
axis:dCp_scale,0.15000000000000002,-4.698066959210612,25.0,0.4459079671046917,10.246310033762265
axis:dCp_scale,0.15000000000000002,-4.698066959210612,27.0,0.7208602642728968,16.7607165702485
axis:dCp_scale,0.15000000000000002,-4.698066959210612,30.0,1.1362441380903743,22.343040660465075
axis:dCp_scale,0.15000000000000002,-4.698066959210612,35.0,1.512392170104772,30.148106458930144
axis:dCp_scale,0.15000000000000002,-4.698066959210612,37.0,1.5886071889636169,34.091427753339715
axis:dCp_scale,0.15000000000000002,-4.698066959210612,40.0,1.6532683208210508,37.990814383160775
axis:dCp_scale,0.15000000000000002,-4.698066959210612,43.0,1.6156751850180606,37.349557608356236
axis:dCp_scale,0.15000000000000002,-4.698066959210612,45.0,1.406799509035591,44.66602729048113
axis:dCp_scale,0.15000000000000002,-4.698066959210612,47.0,0.3726308555945433,20.474875247870052
axis:dCp_scale,0.15000000000000002,-4.698066959210612,50.0,0.0010372285153822526,
axis:dCp_scale,0.2,-5.628233015284654,15.0,0.0,
axis:dCp_scale,0.2,-5.628233015284654,20.0,0.07137020428825262,2.7714773773363883
axis:dCp_scale,0.2,-5.628233015284654,25.0,0.4186597722022985,9.662445382179689
axis:dCp_scale,0.2,-5.628233015284654,27.0,0.6867826977053694,15.834451055929323
axis:dCp_scale,0.2,-5.628233015284654,30.0,1.1152059614890832,22.040926322803735
axis:dCp_scale,0.2,-5.628233015284654,35.0,1.5073118178600267,29.90159648446234
axis:dCp_scale,0.2,-5.628233015284654,37.0,1.585510952269679,33.94064758063797
axis:dCp_scale,0.2,-5.628233015284654,40.0,1.652233659923719,37.93608928663956
axis:dCp_scale,0.2,-5.628233015284654,43.0,1.6152460030508369,37.32621794249177
axis:dCp_scale,0.2,-5.628233015284654,45.0,1.406078690011383,44.82117340090398
axis:dCp_scale,0.2,-5.628233015284654,47.0,0.3696711484538255,20.433830924893286
axis:dCp_scale,0.2,-5.628233015284654,50.0,0.001036045045890348,6.808535248336686
axis:dCp_scale,0.25,-6.318839528566326,15.0,0.0,
axis:dCp_scale,0.25,-6.318839528566326,20.0,0.061597019980871526,2.495701776001449
axis:dCp_scale,0.25,-6.318839528566326,25.0,0.3923192908382803,9.150062156866781
axis:dCp_scale,0.25,-6.318839528566326,27.0,0.6531574771541389,14.72248642928475
axis:dCp_scale,0.25,-6.318839528566326,30.0,1.0937154915664944,21.73298425083249
axis:dCp_scale,0.25,-6.318839528566326,35.0,1.5020942313251724,29.648427597439213
axis:dCp_scale,0.25,-6.318839528566326,37.0,1.582325628061836,33.785529034595186
axis:dCp_scale,0.25,-6.318839528566326,40.0,1.6511689315723845,37.87973455652041
axis:dCp_scale,0.25,-6.318839528566326,43.0,1.6148052519432488,37.3022491265428
axis:dCp_scale,0.25,-6.318839528566326,45.0,1.4053391498250982,44.8721694609441
axis:dCp_scale,0.25,-6.318839528566326,47.0,0.3666572857170078,20.363861175413593
axis:dCp_scale,0.25,-6.318839528566326,50.0,0.001034819187792022,6.808186315783258
axis:dCp_scale,0.30000000000000004,-7.001280408122909,15.0,0.0,
axis:dCp_scale,0.30000000000000004,-7.001280408122909,20.0,0.052554416174340715,2.33344105731637
axis:dCp_scale,0.30000000000000004,-7.001280408122909,25.0,0.3668685369256125,8.654989941633751
axis:dCp_scale,0.30000000000000004,-7.001280408122909,27.0,0.6198390213900119,13.823908272146445
axis:dCp_scale,0.30000000000000004,-7.001280408122909,30.0,1.0717157341774273,21.42330226696709
axis:dCp_scale,0.30000000000000004,-7.001280408122909,35.0,1.496735800579376,29.388424636483556
axis:dCp_scale,0.30000000000000004,-7.001280408122909,37.0,1.5790484723251696,33.62593848749299
axis:dCp_scale,0.30000000000000004,-7.001280408122909,40.0,1.6500731792115342,37.82168656173268
axis:dCp_scale,0.30000000000000004,-7.001280408122909,43.0,1.6143526079014052,37.27763355203283
axis:dCp_scale,0.30000000000000004,-7.001280408122909,45.0,1.4045803973691233,44.9055243672129
axis:dCp_scale,0.30000000000000004,-7.001280408122909,47.0,0.36358890843932523,20.286593619471
axis:dCp_scale,0.30000000000000004,-7.001280408122909,50.0,0.0010335488499159978,
axis:dCp_scale,0.35000000000000003,-7.861654680392868,15.0,0.0,
axis:dCp_scale,0.35000000000000003,-7.861654680392868,20.0,0.04420927428597149,2.3442455001886966
axis:dCp_scale,0.35000000000000003,-7.861654680392868,25.0,0.3423165998062003,8.177407158024055
axis:dCp_scale,0.35000000000000003,-7.861654680392868,27.0,0.5869955973029427,13.190379988434312
axis:dCp_scale,0.35000000000000003,-7.861654680392868,30.0,1.048883594445075,21.124934544810326
axis:dCp_scale,0.35000000000000003,-7.861654680392868,35.0,1.4912328418556529,29.121408857040123
axis:dCp_scale,0.35000000000000003,-7.861654680392868,37.0,1.5756762836825053,33.461720039039136
axis:dCp_scale,0.35000000000000003,-7.861654680392868,40.0,1.6489454116475246,37.76187434861141
axis:dCp_scale,0.35000000000000003,-7.861654680392868,43.0,1.6138877373863854,37.252353080530995
axis:dCp_scale,0.35000000000000003,-7.861654680392868,45.0,1.40380192803019,44.93299105140474
axis:dCp_scale,0.35000000000000003,-7.861654680392868,47.0,0.36046569214141827,20.205657689059976
axis:dCp_scale,0.35000000000000003,-7.861654680392868,50.0,0.001032222667727122,6.806987108816915
axis:dCp_scale,0.4,-8.744666027864149,15.0,0.0,
axis:dCp_scale,0.4,-8.744666027864149,20.0,0.03653775524311866,2.3544698560084574
axis:dCp_scale,0.4,-8.744666027864149,25.0,0.318632835265463,7.71920495539597
axis:dCp_scale,0.4,-8.744666027864149,27.0,0.5548569480384982,12.569836634716843
axis:dCp_scale,0.4,-8.744666027864149,30.0,1.0255927920152164,20.82596307658056
axis:dCp_scale,0.4,-8.744666027864149,35.0,1.4855815988510688,28.847197994946598
axis:dCp_scale,0.4,-8.744666027864149,37.0,1.5722056509936113,33.29270757392662
axis:dCp_scale,0.4,-8.744666027864149,40.0,1.6477846015889643,37.70021639092105
axis:dCp_scale,0.4,-8.744666027864149,43.0,1.6134081832128855,37.226869243897546
axis:dCp_scale,0.4,-8.744666027864149,45.0,1.403020521970453,44.95783487161603
axis:dCp_scale,0.4,-8.744666027864149,47.0,0.3572873491639822,20.122178417532975
axis:dCp_scale,0.4,-8.744666027864149,50.0,0.0010308472348697258,6.807199508238604
axis:dCp_scale,0.45,-10.740211075464467,15.0,0.0,
axis:dCp_scale,0.45,-10.740211075464467,20.0,0.029487030885840815,1.4533900238822268
axis:dCp_scale,0.45,-10.740211075464467,25.0,0.29570641507185863,7.300745407691508
axis:dCp_scale,0.45,-10.740211075464467,27.0,0.5234423236199781,11.9074564212156
axis:dCp_scale,0.45,-10.740211075464467,30.0,1.0018457204768265,20.498122494602875
axis:dCp_scale,0.45,-10.740211075464467,35.0,1.47977824445394,28.565606350244664
axis:dCp_scale,0.45,-10.740211075464467,37.0,1.568634356593902,33.11879309658296
axis:dCp_scale,0.45,-10.740211075464467,40.0,1.6465896841238388,37.63661485257463
axis:dCp_scale,0.45,-10.740211075464467,43.0,1.6129106756269136,37.20181476391828
axis:dCp_scale,0.45,-10.740211075464467,45.0,1.4022299382856747,44.98123242884159
axis:dCp_scale,0.45,-10.740211075464467,47.0,0.35405363109968396,20.03661638115244
axis:dCp_scale,0.45,-10.740211075464467,50.0,0.0010294172401504277,6.8068877905300536
axis:dCp_scale,0.5,-12.412424852548336,15.0,0.0,
axis:dCp_scale,0.5,-12.412424852548336,20.0,0.022688897552613503,1.1648428284294656
axis:dCp_scale,0.5,-12.412424852548336,25.0,0.27355947266767794,6.987423933872272
axis:dCp_scale,0.5,-12.412424852548336,27.0,0.49283816040954964,11.312139464994369
axis:dCp_scale,0.5,-12.412424852548336,30.0,0.9776469516382931,20.163851137712136
axis:dCp_scale,0.5,-12.412424852548336,35.0,1.4738188829390746,28.27644489369625
axis:dCp_scale,0.5,-12.412424852548336,37.0,1.5649592754805488,32.93982442598774
axis:dCp_scale,0.5,-12.412424852548336,40.0,1.6453595551238365,37.57094475475672
axis:dCp_scale,0.5,-12.412424852548336,43.0,1.6123997929610516,37.17608671497044
axis:dCp_scale,0.5,-12.412424852548336,45.0,1.4014188621112262,45.0040080675475
axis:dCp_scale,0.5,-12.412424852548336,47.0,0.3507643313026234,19.949193928139955
axis:dCp_scale,0.5,-12.412424852548336,50.0,0.0010279299593675794,6.806583473113536
axis:dCp_scale,0.55,-14.224033452970875,15.0,0.0,
axis:dCp_scale,0.55,-14.224033452970875,20.0,0.016469677722398685,0.9295974221444392
axis:dCp_scale,0.55,-14.224033452970875,25.0,0.2520288892454232,7.069396147692199
axis:dCp_scale,0.55,-14.224033452970875,27.0,0.4630858654741563,10.73339926600839
axis:dCp_scale,0.55,-14.224033452970875,30.0,0.9530057439424638,19.82307610890286
axis:dCp_scale,0.55,-14.224033452970875,35.0,1.4676336441959537,28.053768897909563
axis:dCp_scale,0.55,-14.224033452970875,37.0,1.5611684628772817,32.75521987682061
axis:dCp_scale,0.55,-14.224033452970875,40.0,1.6440930695722986,37.483179101990174
axis:dCp_scale,0.55,-14.224033452970875,43.0,1.6118751251721748,37.149664447283655
axis:dCp_scale,0.55,-14.224033452970875,45.0,1.4005863350672683,45.02242299159586
axis:dCp_scale,0.55,-14.224033452970875,47.0,0.3474186683941306,19.85044503021572
axis:dCp_scale,0.55,-14.224033452970875,50.0,0.001026382602269884,6.80628607746064
axis:dCp_scale,0.6000000000000001,-13.586570656486954,15.0,0.0,
axis:dCp_scale,0.6000000000000001,-13.586570656486954,20.0,0.011187177514989731,1.900025266329782
axis:dCp_scale,0.6000000000000001,-13.586570656486954,25.0,0.231103075342447,7.144312170388759
axis:dCp_scale,0.6000000000000001,-13.586570656486954,27.0,0.43421853622377055,10.171882759941006
axis:dCp_scale,0.6000000000000001,-13.586570656486954,30.0,0.9279332741859603,19.474687516389913
axis:dCp_scale,0.6000000000000001,-13.586570656486954,35.0,1.4612114546390103,27.883241319403115
axis:dCp_scale,0.6000000000000001,-13.586570656486954,37.0,1.557284738386496,32.566090715412365
axis:dCp_scale,0.6000000000000001,-13.586570656486954,40.0,1.6427890398119676,37.40305318937951
axis:dCp_scale,0.6000000000000001,-13.586570656486954,43.0,1.6113362756350584,37.12252798681499
axis:dCp_scale,0.6000000000000001,-13.586570656486954,45.0,1.3997262259367285,44.98962041189585
axis:dCp_scale,0.6000000000000001,-13.586570656486954,47.0,0.34401453482314576,19.784058034030043
axis:dCp_scale,0.6000000000000001,-13.586570656486954,50.0,0.0010255492487630195,6.8060312331773165
axis:dCp_scale,0.65,-14.42791805463284,15.0,0.0,
axis:dCp_scale,0.65,-14.42791805463284,20.0,0.00712313170534945,1.7409445478831982
axis:dCp_scale,0.65,-14.42791805463284,25.0,0.2111192737738937,7.2185787646258905
axis:dCp_scale,0.65,-14.42791805463284,27.0,0.4062593246156403,9.628046152895571
axis:dCp_scale,0.65,-14.42791805463284,30.0,0.9024427390223206,19.10474847117883
axis:dCp_scale,0.65,-14.42791805463284,35.0,1.4540808397087377,27.77936880169947
axis:dCp_scale,0.65,-14.42791805463284,37.0,1.5532785085613672,32.370995803547885
axis:dCp_scale,0.65,-14.42791805463284,40.0,1.6414462337084876,37.304494325975156
axis:dCp_scale,0.65,-14.42791805463284,43.0,1.6107828448039507,37.09465721244033
axis:dCp_scale,0.65,-14.42791805463284,45.0,1.3988421897602397,44.95552327954085
axis:dCp_scale,0.65,-14.42791805463284,47.0,0.34055477481912133,19.739509185351366
axis:dCp_scale,0.65,-14.42791805463284,50.0,0.0010248613169039121,6.805325006864965
axis:dCp_scale,0.7000000000000001,-15.090255040120237,15.0,0.0,
axis:dCp_scale,0.7000000000000001,-15.090255040120237,20.0,0.003244746320505165,1.589044449125894
axis:dCp_scale,0.7000000000000001,-15.090255040120237,25.0,0.19212984737843275,7.2854992116445825
axis:dCp_scale,0.7000000000000001,-15.090255040120237,27.0,0.3793890795249342,8.721083405751095
axis:dCp_scale,0.7000000000000001,-15.090255040120237,30.0,0.8700793328980734,18.633589085539775
axis:dCp_scale,0.7000000000000001,-15.090255040120237,35.0,1.4463331278195535,27.668193483931585
axis:dCp_scale,0.7000000000000001,-15.090255040120237,37.0,1.5491549382508598,32.17018665843803
axis:dCp_scale,0.7000000000000001,-15.090255040120237,40.0,1.640063372725174,37.23048143992094
axis:dCp_scale,0.7000000000000001,-15.090255040120237,43.0,1.6102144209091476,37.066031387439615
axis:dCp_scale,0.7000000000000001,-15.090255040120237,45.0,1.397933509671531,44.9201932059074
axis:dCp_scale,0.7000000000000001,-15.090255040120237,47.0,0.3370393969607551,19.68699923445422
axis:dCp_scale,0.7000000000000001,-15.090255040120237,50.0,0.0010241448019726192,6.805202599317642
axis:dCp_scale,0.75,-15.777906472207064,15.0,0.0,
axis:dCp_scale,0.75,-15.777906472207064,20.0,0.0,
axis:dCp_scale,0.75,-15.777906472207064,25.0,0.17413191277687073,6.9267392001678765
axis:dCp_scale,0.75,-15.777906472207064,27.0,0.3534829633533333,8.362926799124201
axis:dCp_scale,0.75,-15.777906472207064,30.0,0.8340652807962275,18.130683967827963
axis:dCp_scale,0.75,-15.777906472207064,35.0,1.4383521851177803,27.579365126968813
axis:dCp_scale,0.75,-15.777906472207064,37.0,1.5449103603977943,31.96348470216239
axis:dCp_scale,0.75,-15.777906472207064,40.0,1.638639763225845,37.16472664050973
axis:dCp_scale,0.75,-15.777906472207064,43.0,1.6096305795208554,37.03662913753138
axis:dCp_scale,0.75,-15.777906472207064,45.0,1.3969994439652869,44.88366099417997
axis:dCp_scale,0.75,-15.777906472207064,47.0,0.33346846611316716,19.631136145342836
axis:dCp_scale,0.75,-15.777906472207064,50.0,0.0010234018906349076,
axis:dCp_scale,0.8,-17.816382630466062,15.0,0.0,
axis:dCp_scale,0.8,-17.816382630466062,20.0,0.0,
axis:dCp_scale,0.8,-17.816382630466062,25.0,0.15715748140728988,4.825279854132355
axis:dCp_scale,0.8,-17.816382630466062,27.0,0.32841991406292625,7.818332481338859
axis:dCp_scale,0.8,-17.816382630466062,30.0,0.7983885000501951,17.640599446703142
axis:dCp_scale,0.8,-17.816382630466062,35.0,1.4301506093289909,27.75573990949628
axis:dCp_scale,0.8,-17.816382630466062,37.0,1.5405409905127185,31.750705638094647
axis:dCp_scale,0.8,-17.816382630466062,40.0,1.6371735769134095,37.097005269643184
axis:dCp_scale,0.8,-17.816382630466062,43.0,1.6090308830934643,37.00642842791798
axis:dCp_scale,0.8,-17.816382630466062,45.0,1.3960392249973133,44.84593795443392
axis:dCp_scale,0.8,-17.816382630466062,47.0,0.32984210637137523,19.573229841462755
axis:dCp_scale,0.8,-17.816382630466062,50.0,0.001022620368333327,6.805113358656433
axis:dCp_scale,0.8500000000000001,-19.54481359292952,15.0,0.0,
axis:dCp_scale,0.8500000000000001,-19.54481359292952,20.0,0.0,
axis:dCp_scale,0.8500000000000001,-19.54481359292952,25.0,0.14117216226222218,4.434975562358131
axis:dCp_scale,0.8500000000000001,-19.54481359292952,27.0,0.304139370195602,7.483241950316836
axis:dCp_scale,0.8500000000000001,-19.54481359292952,30.0,0.7629865221443961,17.153894360340104
axis:dCp_scale,0.8500000000000001,-19.54481359292952,35.0,1.4217423171219064,27.757833261294195
axis:dCp_scale,0.8500000000000001,-19.54481359292952,37.0,1.5360429237804634,31.53165931000209
axis:dCp_scale,0.8500000000000001,-19.54481359292952,40.0,1.635658079135898,37.0268366316889
axis:dCp_scale,0.8500000000000001,-19.54481359292952,43.0,1.6084148804882732,36.97540653925945
axis:dCp_scale,0.8500000000000001,-19.54481359292952,45.0,1.3950520580178603,44.807022387879236
axis:dCp_scale,0.8500000000000001,-19.54481359292952,47.0,0.326160504057986,19.51379689547554
axis:dCp_scale,0.8500000000000001,-19.54481359292952,50.0,0.001021809287271601,6.804898893457826
axis:dCp_scale,0.9,-23.800804561279037,15.0,0.0,
axis:dCp_scale,0.9,-23.800804561279037,20.0,0.0,
axis:dCp_scale,0.9,-23.800804561279037,25.0,0.1267093345478165,1.4962776589482976
axis:dCp_scale,0.9,-23.800804561279037,27.0,0.28058922674303544,7.159708560997791
axis:dCp_scale,0.9,-23.800804561279037,30.0,0.7275345611803872,16.326483856467213
axis:dCp_scale,0.9,-23.800804561279037,35.0,1.4130915555654597,27.524895456825536
axis:dCp_scale,0.9,-23.800804561279037,37.0,1.531412132264594,31.306149565906715
axis:dCp_scale,0.9,-23.800804561279037,40.0,1.6340951019964438,36.954423541177135
axis:dCp_scale,0.9,-23.800804561279037,43.0,1.6077821064738698,36.943540042500274
axis:dCp_scale,0.9,-23.800804561279037,45.0,1.3940371199323367,44.76690347950168
axis:dCp_scale,0.9,-23.800804561279037,47.0,0.32242389135880856,19.454307341191473
axis:dCp_scale,0.9,-23.800804561279037,50.0,0.0010209632865730886,6.8046905312090935
axis:dCp_scale,0.9500000000000001,-31.63455551744815,15.0,0.0,
axis:dCp_scale,0.9500000000000001,-31.63455551744815,20.0,0.0,
axis:dCp_scale,0.9500000000000001,-31.63455551744815,25.0,0.11431487223114714,0.36142508130272866
axis:dCp_scale,0.9500000000000001,-31.63455551744815,27.0,0.25784858715420933,7.341708826046313
axis:dCp_scale,0.9500000000000001,-31.63455551744815,30.0,0.6918475050397846,15.343954273800774
axis:dCp_scale,0.9500000000000001,-31.63455551744815,35.0,1.4036885167816309,27.055928683544487
axis:dCp_scale,0.9500000000000001,-31.63455551744815,37.0,1.5266444622419046,31.073974128282217
axis:dCp_scale,0.9500000000000001,-31.63455551744815,40.0,1.6324843439550185,36.879796750483706
axis:dCp_scale,0.9500000000000001,-31.63455551744815,43.0,1.6071320812026266,36.91080477251877
axis:dCp_scale,0.9500000000000001,-31.63455551744815,45.0,1.392993557983973,44.725563719459046
axis:dCp_scale,0.9500000000000001,-31.63455551744815,47.0,0.3186096207774234,19.396307941251536
axis:dCp_scale,0.9500000000000001,-31.63455551744815,50.0,0.0010200808463767638,6.803085516996199
axis:dCp_scale,1.0,-33.650981389605306,15.0,0.0,
axis:dCp_scale,1.0,-33.650981389605306,20.0,0.0,
axis:dCp_scale,1.0,-33.650981389605306,25.0,0.10256531860550684,0.34591334967681503
axis:dCp_scale,1.0,-33.650981389605306,27.0,0.23593574080139637,7.093497880600995
axis:dCp_scale,1.0,-33.650981389605306,30.0,0.6564881084278258,14.397923496798462
axis:dCp_scale,1.0,-33.650981389605306,35.0,1.3940022870528157,26.572838056608468
axis:dCp_scale,1.0,-33.650981389605306,37.0,1.5217354489458186,30.834915572446764
axis:dCp_scale,1.0,-33.650981389605306,40.0,1.6308241626223292,36.80288016733298
axis:dCp_scale,1.0,-33.650981389605306,43.0,1.606464309661283,36.877175800448136
axis:dCp_scale,1.0,-33.650981389605306,45.0,1.3919204055142858,44.68298356039061
axis:dCp_scale,1.0,-33.650981389605306,47.0,0.3147355889630609,19.33777306159847
axis:dCp_scale,1.0,-33.650981389605306,50.0,0.0010192072883045105,6.8038959141688125
axis:kcat_scale,-1.0,-21.946729445823074,15.0,0.0,
axis:kcat_scale,-1.0,-21.946729445823074,20.0,0.05290424118341992,3.1231331135656597
axis:kcat_scale,-1.0,-21.946729445823074,25.0,0.29236795612992855,7.266484303021021
axis:kcat_scale,-1.0,-21.946729445823074,27.0,0.4583845719357845,11.083672144731773
axis:kcat_scale,-1.0,-21.946729445823074,30.0,0.8021788940632268,18.07397251500357
axis:kcat_scale,-1.0,-21.946729445823074,35.0,1.2398616885853169,23.9613326061617
axis:kcat_scale,-1.0,-21.946729445823074,37.0,1.3298947532500573,24.37981608123137
axis:kcat_scale,-1.0,-21.946729445823074,40.0,1.3911356315147039,27.870662174014758
axis:kcat_scale,-1.0,-21.946729445823074,43.0,1.3352577012638684,25.689186660373373
axis:kcat_scale,-1.0,-21.946729445823074,45.0,1.1547605585578748,29.074166140151533
axis:kcat_scale,-1.0,-21.946729445823074,47.0,0.21312522282813273,14.57170570143302
axis:kcat_scale,-1.0,-21.946729445823074,50.0,0.0005785843590017616,6.784610270870498
axis:kcat_scale,-0.9500000000000001,-20.336586823080296,15.0,0.0,
axis:kcat_scale,-0.9500000000000001,-20.336586823080296,20.0,0.0553657583864183,3.2073991369071764
axis:kcat_scale,-0.9500000000000001,-20.336586823080296,25.0,0.3014353911682616,7.4372245262489765
axis:kcat_scale,-0.9500000000000001,-20.336586823080296,27.0,0.4724449227168542,11.357888274282494
axis:kcat_scale,-0.9500000000000001,-20.336586823080296,30.0,0.824410414589441,18.373549446460842
axis:kcat_scale,-0.9500000000000001,-20.336586823080296,35.0,1.256905658491664,23.726429870446154
axis:kcat_scale,-0.9500000000000001,-20.336586823080296,37.0,1.3435247625133255,24.80872948633113
axis:kcat_scale,-0.9500000000000001,-20.336586823080296,40.0,1.4053666937603115,28.44980427512882
axis:kcat_scale,-0.9500000000000001,-20.336586823080296,43.0,1.3501742596843012,26.428939096408783
axis:kcat_scale,-0.9500000000000001,-20.336586823080296,45.0,1.1661985070477952,29.784936922151772
axis:kcat_scale,-0.9500000000000001,-20.336586823080296,47.0,0.21946503189842165,14.864216602289343
axis:kcat_scale,-0.9500000000000001,-20.336586823080296,50.0,0.0005959601620389017,6.785195290477734
axis:kcat_scale,-0.9,-18.794430064968804,15.0,0.0,
axis:kcat_scale,-0.9,-18.794430064968804,20.0,0.05789853181924284,3.294104500943472
axis:kcat_scale,-0.9,-18.794430064968804,25.0,0.310764127172689,7.618783823390901
axis:kcat_scale,-0.9,-18.794430064968804,27.0,0.486912293845135,11.64004243773195
axis:kcat_scale,-0.9,-18.794430064968804,30.0,0.8472661541046298,18.681458643389547
axis:kcat_scale,-0.9,-18.794430064968804,35.0,1.274031932670589,23.488512903077257
axis:kcat_scale,-0.9,-18.794430064968804,37.0,1.3573216463138442,25.24159863980372
axis:kcat_scale,-0.9,-18.794430064968804,40.0,1.4191031724560332,28.45058683460737
axis:kcat_scale,-0.9,-18.794430064968804,43.0,1.3652600411687723,27.177081994310534
axis:kcat_scale,-0.9,-18.794430064968804,45.0,1.1778272068512534,30.50756126866269
axis:kcat_scale,-0.9,-18.794430064968804,47.0,0.22598836635362798,15.165195065113522
axis:kcat_scale,-0.9,-18.794430064968804,50.0,0.0006138389163542105,6.786168813683591
axis:kcat_scale,-0.8500000000000001,-17.296904370780105,15.0,0.0,
axis:kcat_scale,-0.8500000000000001,-17.296904370780105,20.0,0.06050462421388006,3.382188327535697
axis:kcat_scale,-0.8500000000000001,-17.296904370780105,25.0,0.3203629123245188,7.805598784320874
axis:kcat_scale,-0.8500000000000001,-17.296904370780105,27.0,0.5017984677836407,11.930364426027465
axis:kcat_scale,-0.8500000000000001,-17.296904370780105,30.0,0.8707809405066219,18.99824532109762
axis:kcat_scale,-0.8500000000000001,-17.296904370780105,35.0,1.29122186946897,23.576588244533646
axis:kcat_scale,-0.8500000000000001,-17.296904370780105,37.0,1.371267518911219,25.90338732044158
axis:kcat_scale,-0.8500000000000001,-17.296904370780105,40.0,1.4330005725026675,28.399847664166444
axis:kcat_scale,-0.8500000000000001,-17.296904370780105,43.0,1.3805116957806696,27.9334491149809
axis:kcat_scale,-0.8500000000000001,-17.296904370780105,45.0,1.1896466164175028,31.24203659765957
axis:kcat_scale,-0.8500000000000001,-17.296904370780105,47.0,0.23270053890370393,15.474886273774144
axis:kcat_scale,-0.8500000000000001,-17.296904370780105,50.0,0.0006322351786218087,6.787565406167532
axis:kcat_scale,-0.8,-15.902234468926798,15.0,0.0,
axis:kcat_scale,-0.8,-15.902234468926798,20.0,0.0631861580144865,3.4739361127707764
axis:kcat_scale,-0.8,-15.902234468926798,25.0,0.3302382325478515,7.997802196341498
axis:kcat_scale,-0.8,-15.902234468926798,27.0,0.5171155680752233,12.229090682700095
axis:kcat_scale,-0.8,-15.902234468926798,30.0,0.8943323043717306,19.316841194723025
axis:kcat_scale,-0.8,-15.902234468926798,35.0,1.3075282866943716,23.803417175419536
axis:kcat_scale,-0.8,-15.902234468926798,37.0,1.3853792333310477,26.62830519348134
axis:kcat_scale,-0.8,-15.902234468926798,40.0,1.4467805501738613,27.929709002478372
axis:kcat_scale,-0.8,-15.902234468926798,43.0,1.3946952677477296,27.94399484796974
axis:kcat_scale,-0.8,-15.902234468926798,45.0,1.201534209781281,32.05125080159082
axis:kcat_scale,-0.8,-15.902234468926798,47.0,0.2396070160514805,15.793542450652456
axis:kcat_scale,-0.8,-15.902234468926798,50.0,0.0006511640254684488,6.788607904337284
axis:kcat_scale,-0.75,-14.634871801581525,15.0,0.0,
axis:kcat_scale,-0.75,-14.634871801581525,20.0,0.065945317105925,3.568339821402508
axis:kcat_scale,-0.75,-14.634871801581525,25.0,0.34036166373719245,8.194828268216925
axis:kcat_scale,-0.75,-14.634871801581525,27.0,0.5328760692161889,12.536464494531018
axis:kcat_scale,-0.75,-14.634871801581525,30.0,0.9119033225660904,19.554866123016026
axis:kcat_scale,-0.75,-14.634871801581525,35.0,1.3229332540100567,24.038992095508206
axis:kcat_scale,-0.75,-14.634871801581525,37.0,1.3996552077095004,27.36157255233264
axis:kcat_scale,-0.75,-14.634871801581525,40.0,1.4593301882550058,28.35381942276083
axis:kcat_scale,-0.75,-14.634871801581525,43.0,1.4089491617806815,27.946991678919428
axis:kcat_scale,-0.75,-14.634871801581525,45.0,1.2133316663690443,33.01845034730278
axis:kcat_scale,-0.75,-14.634871801581525,47.0,0.2467134225445759,16.121423166954866
axis:kcat_scale,-0.75,-14.634871801581525,50.0,0.0006706410053621179,6.788204993869302
axis:kcat_scale,-0.7000000000000001,-13.439969661674981,15.0,0.0,
axis:kcat_scale,-0.7000000000000001,-13.439969661674981,20.0,0.06878434859236238,3.6654763375657495
axis:kcat_scale,-0.7000000000000001,-13.439969661674981,25.0,0.35077814895781656,8.397557869221847
axis:kcat_scale,-0.7000000000000001,-13.439969661674981,27.0,0.5490678776289883,12.851118682305774
axis:kcat_scale,-0.7000000000000001,-13.439969661674981,30.0,0.9296916897282763,19.795834574871886
axis:kcat_scale,-0.7000000000000001,-13.439969661674981,35.0,1.3370326096435192,24.43756339877838
axis:kcat_scale,-0.7000000000000001,-13.439969661674981,37.0,1.41385227163138,27.79305988064398
axis:kcat_scale,-0.7000000000000001,-13.439969661674981,40.0,1.4715595750562231,28.95436614583515
axis:kcat_scale,-0.7000000000000001,-13.439969661674981,43.0,1.423232201206948,28.162992188944493
axis:kcat_scale,-0.7000000000000001,-13.439969661674981,45.0,1.2253176719584957,34.00110784426093
axis:kcat_scale,-0.7000000000000001,-13.439969661674981,47.0,0.25402554595634796,16.458795488735696
axis:kcat_scale,-0.7000000000000001,-13.439969661674981,50.0,0.0006906814434397186,6.79078454201708
axis:kcat_scale,-0.65,-12.31387093521105,15.0,0.0,
axis:kcat_scale,-0.65,-12.31387093521105,20.0,0.0717055646273462,3.7654247705294828
axis:kcat_scale,-0.65,-12.31387093521105,25.0,0.3614961715651828,8.606156105646397
axis:kcat_scale,-0.65,-12.31387093521105,27.0,0.5657004791633289,13.172636989309357
axis:kcat_scale,-0.65,-12.31387093521105,30.0,0.947694087437222,20.039701548954145
axis:kcat_scale,-0.65,-12.31387093521105,35.0,1.3511276743892293,24.88163706143887
axis:kcat_scale,-0.65,-12.31387093521105,37.0,1.4278111302963004,27.6561142468658
axis:kcat_scale,-0.65,-12.31387093521105,40.0,1.4839393701397332,29.561550523625364
axis:kcat_scale,-0.65,-12.31387093521105,43.0,1.43682525680362,28.550825412344302
axis:kcat_scale,-0.65,-12.31387093521105,45.0,1.2374917857632577,34.99918715515409
axis:kcat_scale,-0.65,-12.31387093521105,47.0,0.26154934139937114,16.805933894376082
axis:kcat_scale,-0.65,-12.31387093521105,50.0,0.0007113021982019664,6.791920342598017
axis:kcat_scale,-0.6000000000000001,-11.244177189974032,15.0,0.0,
axis:kcat_scale,-0.6000000000000001,-11.244177189974032,20.0,0.07471134429686023,3.868266520056483
axis:kcat_scale,-0.6000000000000001,-11.244177189974032,25.0,0.37252218824867056,8.820749299194627
axis:kcat_scale,-0.6000000000000001,-11.244177189974032,27.0,0.5827831509203267,13.502987970993548
axis:kcat_scale,-0.6000000000000001,-11.244177189974032,30.0,0.96590694060254,20.28641856508807
axis:kcat_scale,-0.6000000000000001,-11.244177189974032,35.0,1.365388198088636,25.329081904781265
axis:kcat_scale,-0.6000000000000001,-11.244177189974032,37.0,1.441919514728229,27.59992579286979
axis:kcat_scale,-0.6000000000000001,-11.244177189974032,40.0,1.496481258431988,30.17668498971922
axis:kcat_scale,-0.6000000000000001,-11.244177189974032,43.0,1.450126349805078,29.095776814420855
axis:kcat_scale,-0.6000000000000001,-11.244177189974032,45.0,1.2498533974971007,36.01263824643736
axis:kcat_scale,-0.6000000000000001,-11.244177189974032,47.0,0.26929084842200995,17.0924112600133
axis:kcat_scale,-0.6000000000000001,-11.244177189974032,50.0,0.0007325198845057128,6.79308895618946
axis:kcat_scale,-0.55,-10.231543886775807,15.0,0.0,
axis:kcat_scale,-0.55,-10.231543886775807,20.0,0.07780413555689679,3.9740853422430624
axis:kcat_scale,-0.55,-10.231543886775807,25.0,0.38386571245339574,9.041521305907787
axis:kcat_scale,-0.55,-10.231543886775807,27.0,0.6003510434514362,13.842428699025259
axis:kcat_scale,-0.55,-10.231543886775807,30.0,0.9843264167282778,20.53593365436363
axis:kcat_scale,-0.55,-10.231543886775807,35.0,1.3796879235638622,25.870930883967073
axis:kcat_scale,-0.55,-10.231543886775807,37.0,1.455618226806847,27.90958133979738
axis:kcat_scale,-0.55,-10.231543886775807,40.0,1.5091832379962649,30.799671356328133
axis:kcat_scale,-0.55,-10.231543886775807,43.0,1.463400335018363,29.755802717592356
axis:kcat_scale,-0.55,-10.231543886775807,45.0,1.2624017229255633,37.04139682364064
axis:kcat_scale,-0.55,-10.231543886775807,47.0,0.2772561084880997,17.363852638515727
axis:kcat_scale,-0.55,-10.231543886775807,50.0,0.0007543517823699539,6.7942914373428644
axis:kcat_scale,-0.5,-9.296156438683566,15.0,0.0,
axis:kcat_scale,-0.5,-9.296156438683566,20.0,0.08098645722709687,4.08296741753243
axis:kcat_scale,-0.5,-9.296156438683566,25.0,0.39553761005593085,9.268684241294126
axis:kcat_scale,-0.5,-9.296156438683566,27.0,0.6184274929758296,14.190155310012583
axis:kcat_scale,-0.5,-9.296156438683566,30.0,1.0029484257544306,20.788191356786555
axis:kcat_scale,-0.5,-9.296156438683566,35.0,1.3939915907999008,26.576681311924315
axis:kcat_scale,-0.5,-9.296156438683566,37.0,1.467953596613089,28.22512573375096
axis:kcat_scale,-0.5,-9.296156438683566,40.0,1.5220401497628193,31.43048502711199
axis:kcat_scale,-0.5,-9.296156438683566,43.0,1.4768048677458754,30.420509003353025
axis:kcat_scale,-0.5,-9.296156438683566,45.0,1.2751111893821774,38.083366344072815
axis:kcat_scale,-0.5,-9.296156438683566,47.0,0.2854519476462905,17.643151574743506
axis:kcat_scale,-0.5,-9.296156438683566,50.0,0.0007768156720520003,6.79552878973073
axis:kcat_scale,-0.45,-8.424055960846715,15.0,0.0,
axis:kcat_scale,-0.45,-8.424055960846715,20.0,0.08426090104213617,4.195001421247284
axis:kcat_scale,-0.45,-8.424055960846715,25.0,0.4075473868400579,9.502423110519764
axis:kcat_scale,-0.45,-8.424055960846715,27.0,0.6370271097207202,14.548152740802747
axis:kcat_scale,-0.45,-8.424055960846715,30.0,1.0217686204956398,21.043132727395417
axis:kcat_scale,-0.45,-8.424055960846715,35.0,1.4084341343334477,27.292611420015383
axis:kcat_scale,-0.45,-8.424055960846715,37.0,1.480207844628216,28.8197290643471
axis:kcat_scale,-0.45,-8.424055960846715,40.0,1.535026181585407,32.06968428825247
axis:kcat_scale,-0.45,-8.424055960846715,43.0,1.4903661177488101,31.092839566742565
axis:kcat_scale,-0.45,-8.424055960846715,45.0,1.2879923555627544,39.13941244904522
axis:kcat_scale,-0.45,-8.424055960846715,47.0,0.29388504001260163,17.929936623846913
axis:kcat_scale,-0.45,-8.424055960846715,50.0,0.0007999298485118995,6.796801830596672
axis:kcat_scale,-0.4,-7.629483440585736,15.0,0.0,
axis:kcat_scale,-0.4,-7.629483440585736,20.0,0.08763013376246492,4.31027859582881
axis:kcat_scale,-0.4,-7.629483440585736,25.0,0.4199048237638698,9.742928274386603
axis:kcat_scale,-0.4,-7.629483440585736,27.0,0.6559352796122245,15.001293731281656
axis:kcat_scale,-0.4,-7.629483440585736,30.0,1.0407823976944794,21.30069535031027
axis:kcat_scale,-0.4,-7.629483440585736,35.0,1.422517100464227,27.535384537851392
axis:kcat_scale,-0.4,-7.629483440585736,37.0,1.492624921657217,29.4222332203426
axis:kcat_scale,-0.4,-7.629483440585736,40.0,1.548165348030498,32.7164211512484
axis:kcat_scale,-0.4,-7.629483440585736,43.0,1.5040838272337307,31.7729269734638
axis:kcat_scale,-0.4,-7.629483440585736,45.0,1.3010568164360938,40.210485737398095
axis:kcat_scale,-0.4,-7.629483440585736,47.0,0.302562253880393,18.2246485937527
axis:kcat_scale,-0.4,-7.629483440585736,50.0,0.0008237131363061963,6.79811181074614
axis:kcat_scale,-0.35000000000000003,-6.908870844088535,15.0,0.0,
axis:kcat_scale,-0.35000000000000003,-6.908870844088535,20.0,0.0910968993461644,4.428892824807128
axis:kcat_scale,-0.35000000000000003,-6.908870844088535,25.0,0.4326199554252876,9.99039518822979
axis:kcat_scale,-0.35000000000000003,-6.908870844088535,27.0,0.6752509694674002,15.520992127380762
axis:kcat_scale,-0.35000000000000003,-6.908870844088535,30.0,1.05998489970479,21.56081336160416
axis:kcat_scale,-0.35000000000000003,-6.908870844088535,35.0,1.4365152848991523,27.536461878645472
axis:kcat_scale,-0.35000000000000003,-6.908870844088535,37.0,1.5052029386783552,30.032546542208184
axis:kcat_scale,-0.35000000000000003,-6.908870844088535,40.0,1.5614549301447986,33.3705617836121
axis:kcat_scale,-0.35000000000000003,-6.908870844088535,43.0,1.517955038334935,32.46062458043496
axis:kcat_scale,-0.35000000000000003,-6.908870844088535,45.0,1.3141776627462467,41.37001440033902
axis:kcat_scale,-0.35000000000000003,-6.908870844088535,47.0,0.3114906565452006,18.527891783898458
axis:kcat_scale,-0.35000000000000003,-6.908870844088535,50.0,0.0008481849049381449,6.799459742286358
axis:kcat_scale,-0.30000000000000004,-6.266747497528212,15.0,0.0,
axis:kcat_scale,-0.30000000000000004,-6.266747497528212,20.0,0.09466402118366879,4.550940709610411
axis:kcat_scale,-0.30000000000000004,-6.266747497528212,25.0,0.44570224023004873,10.245007623576027
axis:kcat_scale,-0.30000000000000004,-6.266747497528212,27.0,0.6949744861649245,16.05710117760832
axis:kcat_scale,-0.30000000000000004,-6.266747497528212,30.0,1.0793142837804752,21.82326895200596
axis:kcat_scale,-0.30000000000000004,-6.266747497528212,35.0,1.4505987452965237,27.68098089487817
axis:kcat_scale,-0.30000000000000004,-6.266747497528212,37.0,1.5179398246650346,30.650568539129786
axis:kcat_scale,-0.30000000000000004,-6.266747497528212,40.0,1.5748920225162668,34.031963174973214
axis:kcat_scale,-0.30000000000000004,-6.266747497528212,43.0,1.5319521744345488,33.15653481734441
axis:kcat_scale,-0.30000000000000004,-6.266747497528212,45.0,1.3273746062023701,42.225797713752705
axis:kcat_scale,-0.30000000000000004,-6.266747497528212,47.0,0.32067751944479395,18.839913987062367
axis:kcat_scale,-0.30000000000000004,-6.266747497528212,50.0,0.0008733650846133767,6.8008466211758964
axis:kcat_scale,-0.25,-5.710252311592889,15.0,0.0,
axis:kcat_scale,-0.25,-5.710252311592889,20.0,0.09833440439718076,4.6765216479328675
axis:kcat_scale,-0.25,-5.710252311592889,25.0,0.45916323223681627,10.506990603455629
axis:kcat_scale,-0.25,-5.710252311592889,27.0,0.7152689610653709,16.608729562677908
axis:kcat_scale,-0.25,-5.710252311592889,30.0,1.0984573673761842,22.08985667345595
axis:kcat_scale,-0.25,-5.710252311592889,35.0,1.4638669942456726,27.95382724199402
axis:kcat_scale,-0.25,-5.710252311592889,37.0,1.5308108687867965,31.276869307327214
axis:kcat_scale,-0.25,-5.710252311592889,40.0,1.5884735334619688,34.70047314632335
axis:kcat_scale,-0.25,-5.710252311592889,43.0,1.5460904511193607,33.859956382539174
axis:kcat_scale,-0.25,-5.710252311592889,45.0,1.3407063616375743,42.71782616160845
axis:kcat_scale,-0.25,-5.710252311592889,47.0,0.33006396254727216,19.15469151391202
axis:kcat_scale,-0.25,-5.710252311592889,50.0,0.0008992741824808926,6.802273704733968
axis:kcat_scale,-0.2,-5.241601188251146,15.0,0.0,
axis:kcat_scale,-0.2,-5.241601188251146,20.0,0.1021110382066616,4.805737914937793
axis:kcat_scale,-0.2,-5.241601188251146,25.0,0.4730138942970358,10.776557491110596
axis:kcat_scale,-0.2,-5.241601188251146,27.0,0.736052927607524,17.174877659234433
axis:kcat_scale,-0.2,-5.241601188251146,30.0,1.117775059315449,22.35849134873334
axis:kcat_scale,-0.2,-5.241601188251146,35.0,1.4762083050501866,28.39238496147559
axis:kcat_scale,-0.2,-5.241601188251146,37.0,1.5438299500811754,31.9108710068182
axis:kcat_scale,-0.2,-5.241601188251146,40.0,1.601823160091071,35.36642390692593
axis:kcat_scale,-0.2,-5.241601188251146,43.0,1.5603724619279662,34.570529150429216
axis:kcat_scale,-0.2,-5.241601188251146,45.0,1.3542150338232672,43.21638021036514
axis:kcat_scale,-0.2,-5.241601188251146,47.0,0.33971368623446385,19.48125542954072
axis:kcat_scale,-0.2,-5.241601188251146,50.0,0.0009259335465016663,6.801704751379567
axis:kcat_scale,-0.15000000000000002,-4.852699256267439,15.0,0.0,
axis:kcat_scale,-0.15000000000000002,-4.852699256267439,20.0,0.10599699836427459,4.93869474648567
axis:kcat_scale,-0.15000000000000002,-4.852699256267439,25.0,0.4872655066157947,11.053927826200638
axis:kcat_scale,-0.15000000000000002,-4.852699256267439,27.0,0.7568186816741107,17.473163561699106
axis:kcat_scale,-0.15000000000000002,-4.852699256267439,30.0,1.1372644352873384,22.629512189866723
axis:kcat_scale,-0.15000000000000002,-4.852699256267439,35.0,1.4886273932770624,28.994986705259006
axis:kcat_scale,-0.15000000000000002,-4.852699256267439,37.0,1.5570007424246708,32.55226071324983
axis:kcat_scale,-0.15000000000000002,-4.852699256267439,40.0,1.6152358386355634,36.03743455084686
axis:kcat_scale,-0.15000000000000002,-4.852699256267439,43.0,1.574794507148529,35.288069049281624
axis:kcat_scale,-0.15000000000000002,-4.852699256267439,45.0,1.367898558635369,43.72138344133984
axis:kcat_scale,-0.15000000000000002,-4.852699256267439,47.0,0.3496426955108101,19.769993148065158
axis:kcat_scale,-0.15000000000000002,-4.852699256267439,50.0,0.0009533642185811206,6.804661151134419
axis:kcat_scale,-0.1,-4.548351763105066,15.0,0.0,
axis:kcat_scale,-0.1,-4.548351763105066,20.0,0.10999544965936077,5.075500424903061
axis:kcat_scale,-0.1,-4.548351763105066,25.0,0.5019296759386156,11.33932750363912
axis:kcat_scale,-0.1,-4.548351763105066,27.0,0.777845982412128,17.6055138995723
axis:kcat_scale,-0.1,-4.548351763105066,30.0,1.1569197547127825,22.90283929411277
axis:kcat_scale,-0.1,-4.548351763105066,35.0,1.5012079042487743,29.605421039144066
axis:kcat_scale,-0.1,-4.548351763105066,37.0,1.5703204575025327,33.20090264159797
axis:kcat_scale,-0.1,-4.548351763105066,40.0,1.6287859581372677,36.71532110288073
axis:kcat_scale,-0.1,-4.548351763105066,43.0,1.5893526990528357,36.01238265298512
axis:kcat_scale,-0.1,-4.548351763105066,45.0,1.3817314038679935,44.28471155720837
axis:kcat_scale,-0.1,-4.548351763105066,47.0,0.3598590295646534,19.98097529347152
axis:kcat_scale,-0.1,-4.548351763105066,50.0,0.000981589138881493,6.806198428406695
axis:kcat_scale,-0.05,-4.3349900581227345,15.0,0.0,
axis:kcat_scale,-0.05,-4.3349900581227345,20.0,0.1141096484958681,5.216266366846284
axis:kcat_scale,-0.05,-4.3349900581227345,25.0,0.5170183450041699,11.632988957590252
axis:kcat_scale,-0.05,-4.3349900581227345,27.0,0.7994387932388126,17.897837961803845
axis:kcat_scale,-0.05,-4.3349900581227345,30.0,1.1767350426109282,23.17838949668093
axis:kcat_scale,-0.05,-4.3349900581227345,35.0,1.513947784082475,30.22358830417468
axis:kcat_scale,-0.05,-4.3349900581227345,37.0,1.5837836892086525,33.8565335259366
axis:kcat_scale,-0.05,-4.3349900581227345,40.0,1.6424454303166305,37.42191208878754
axis:kcat_scale,-0.05,-4.3349900581227345,43.0,1.6031574976100187,36.71064475917013
axis:kcat_scale,-0.05,-4.3349900581227345,45.0,1.3952697211408218,44.27344208195378
axis:kcat_scale,-0.05,-4.3349900581227345,47.0,0.3703711070105773,20.374221828914788
axis:kcat_scale,-0.05,-4.3349900581227345,50.0,0.0010106310407326335,6.8084071448628585
axis:kcat_scale,0.0,-4.2224779764014295,15.0,0.0,
axis:kcat_scale,0.0,-4.2224779764014295,20.0,0.11834294554443316,5.361107214455652
axis:kcat_scale,0.0,-4.2224779764014295,25.0,0.5325438022706479,11.935151350722135
axis:kcat_scale,0.0,-4.2224779764014295,27.0,0.821611260867707,18.197831158992578
axis:kcat_scale,0.0,-4.2224779764014295,30.0,1.196704095074698,23.45607644700078
axis:kcat_scale,0.0,-4.2224779764014295,35.0,1.5268316683468743,30.84981310980844
axis:kcat_scale,0.0,-4.2224779764014295,37.0,1.5971836562400235,34.514198612823016
axis:kcat_scale,0.0,-4.2224779764014295,40.0,1.6562052344532,38.14599875076241
axis:kcat_scale,0.0,-4.2224779764014295,43.0,1.6168964144917177,37.415970202632955
axis:kcat_scale,0.0,-4.2224779764014295,45.0,1.40887489316692,43.93948842428881
axis:kcat_scale,0.0,-4.2224779764014295,47.0,0.38112494249750395,20.745815537520116
axis:kcat_scale,0.0,-4.2224779764014295,50.0,0.0010405137263105142,6.810053065922644
axis:kcat_scale,0.05,-4.211465867231675,15.0,0.0,
axis:kcat_scale,0.05,-4.211465867231675,20.0,0.12269878847121782,5.510140928393726
axis:kcat_scale,0.05,-4.211465867231675,25.0,0.5484986028661745,12.244474933833922
axis:kcat_scale,0.05,-4.211465867231675,27.0,0.8443986654451318,18.505985945395697
axis:kcat_scale,0.05,-4.211465867231675,30.0,1.2168204854061009,23.735810693892734
axis:kcat_scale,0.05,-4.211465867231675,35.0,1.5398556752586936,31.484054676441087
axis:kcat_scale,0.05,-4.211465867231675,37.0,1.6105049582803883,35.17365512261768
axis:kcat_scale,0.05,-4.211465867231675,40.0,1.6700927498159501,38.876804746872644
axis:kcat_scale,0.05,-4.211465867231675,43.0,1.630615397344702,38.16203247982462
axis:kcat_scale,0.05,-4.211465867231675,45.0,1.4226476172028246,43.601419910274
axis:kcat_scale,0.05,-4.211465867231675,47.0,0.3920464701149204,21.109036149474363
axis:kcat_scale,0.05,-4.211465867231675,50.0,0.0010712614586545727,6.811746684098765
axis:kcat_scale,0.1,-4.307232967658678,15.0,0.0,
axis:kcat_scale,0.1,-4.307232967658678,20.0,0.127180724745748,5.663488884177693
axis:kcat_scale,0.1,-4.307232967658678,25.0,0.5648907851475333,12.560678530124779
axis:kcat_scale,0.1,-4.307232967658678,27.0,0.8678457219379002,18.823061225200654
axis:kcat_scale,0.1,-4.307232967658678,30.0,1.2370569083526317,23.96975572098386
axis:kcat_scale,0.1,-4.307232967658678,35.0,1.5530319352457687,32.12571064554142
axis:kcat_scale,0.1,-4.307232967658678,37.0,1.6239658001841606,35.84001940096237
axis:kcat_scale,0.1,-4.307232967658678,40.0,1.6841040306078094,39.61412236434693
axis:kcat_scale,0.1,-4.307232967658678,43.0,1.6444622408747798,38.91461377679865
axis:kcat_scale,0.1,-4.307232967658678,45.0,1.4365852969085822,43.25930013953225
axis:kcat_scale,0.1,-4.307232967658678,47.0,0.40328338350142284,21.397193030176528
axis:kcat_scale,0.1,-4.307232967658678,50.0,0.001102899279236156,6.8134893525123825
axis:kcat_scale,0.15000000000000002,-4.507521952441815,15.0,0.0,
axis:kcat_scale,0.15000000000000002,-4.507521952441815,20.0,0.13179240453002575,5.821275970900148
axis:kcat_scale,0.15000000000000002,-4.507521952441815,25.0,0.5817572443402526,12.886030940308194
axis:kcat_scale,0.15000000000000002,-4.507521952441815,27.0,0.8917942353614694,19.14783228311205
axis:kcat_scale,0.15000000000000002,-4.507521952441815,30.0,1.2562633474515261,24.024481093105084
axis:kcat_scale,0.15000000000000002,-4.507521952441815,35.0,1.5663576755513275,32.77464598972306
axis:kcat_scale,0.15000000000000002,-4.507521952441815,37.0,1.6375594434726408,36.51365296692597
axis:kcat_scale,0.15000000000000002,-4.507521952441815,40.0,1.6982069666253716,40.245376227261424
axis:kcat_scale,0.15000000000000002,-4.507521952441815,43.0,1.6583356680991053,39.45139244448886
axis:kcat_scale,0.15000000000000002,-4.507521952441815,45.0,1.4506851374841225,42.91319757720212
axis:kcat_scale,0.15000000000000002,-4.507521952441815,47.0,0.41484060641037784,21.449609720167686
axis:kcat_scale,0.15000000000000002,-4.507521952441815,50.0,0.0011354530404185537,6.814573382470385
axis:kcat_scale,0.2,-4.7196674221812565,15.0,0.0,
axis:kcat_scale,0.2,-4.7196674221812565,20.0,0.13653758365128724,5.983630693084611
axis:kcat_scale,0.2,-4.7196674221812565,25.0,0.5991118597697906,13.220799779820075
axis:kcat_scale,0.2,-4.7196674221812565,27.0,0.9098786242954012,19.397651493266537
axis:kcat_scale,0.2,-4.7196674221812565,30.0,1.2733999925059394,23.77910031183178
axis:kcat_scale,0.2,-4.7196674221812565,35.0,1.5798292496234925,33.43068312962955
axis:kcat_scale,0.2,-4.7196674221812565,37.0,1.651224183557658,37.203640250922305
axis:kcat_scale,0.2,-4.7196674221812565,40.0,1.7124044304023045,40.74812405025544
axis:kcat_scale,0.2,-4.7196674221812565,43.0,1.6722660033803667,39.94038666556935
axis:kcat_scale,0.2,-4.7196674221812565,45.0,1.4649432196595602,42.563261713851176
axis:kcat_scale,0.2,-4.7196674221812565,47.0,0.42673177798153095,21.61501282357012
axis:kcat_scale,0.2,-4.7196674221812565,50.0,0.0011689490849488351,6.816397272975725
axis:kcat_scale,0.25,-4.915734046323179,15.0,0.00044641310217111754,
axis:kcat_scale,0.25,-4.915734046323179,20.0,0.141420126660804,6.150685274754165
axis:kcat_scale,0.25,-4.915734046323179,25.0,0.6169688582271616,13.565259538995576
axis:kcat_scale,0.25,-4.915734046323179,27.0,0.927708343126652,19.639679970085375
axis:kcat_scale,0.25,-4.915734046323179,30.0,1.2906968112459778,23.529095369762832
axis:kcat_scale,0.25,-4.915734046323179,35.0,1.5933627226519749,34.09176990875342
axis:kcat_scale,0.25,-4.915734046323179,37.0,1.6650184812172153,37.90016941412012
axis:kcat_scale,0.25,-4.915734046323179,40.0,1.726328723958666,41.240087508584445
axis:kcat_scale,0.25,-4.915734046323179,43.0,1.6860209045892598,40.34618107238455
axis:kcat_scale,0.25,-4.915734046323179,45.0,1.4793341382405942,42.21175905724725
axis:kcat_scale,0.25,-4.915734046323179,47.0,0.43896669245852565,21.78811659924696
axis:kcat_scale,0.25,-4.915734046323179,50.0,0.001203418088436551,
axis:kcat_scale,0.30000000000000004,-5.747437288067763,15.0,0.001350217391900689,
axis:kcat_scale,0.30000000000000004,-5.747437288067763,20.0,0.14644400998123588,6.322575768035192
axis:kcat_scale,0.30000000000000004,-5.747437288067763,25.0,0.6353427827431686,13.919690751390657
axis:kcat_scale,0.30000000000000004,-5.747437288067763,27.0,0.9457521733199749,19.88462248162516
axis:kcat_scale,0.30000000000000004,-5.747437288067763,30.0,1.307730363463929,23.515196831651053
axis:kcat_scale,0.30000000000000004,-5.747437288067763,35.0,1.6067019940819989,34.75211597355964
axis:kcat_scale,0.30000000000000004,-5.747437288067763,37.0,1.6789384924202573,38.60304635604636
axis:kcat_scale,0.30000000000000004,-5.747437288067763,40.0,1.7395567153341092,41.684100841809006
axis:kcat_scale,0.30000000000000004,-5.747437288067763,43.0,1.6998979310786948,40.75557839535339
axis:kcat_scale,0.30000000000000004,-5.747437288067763,45.0,1.4938778224056235,41.85652237010257
axis:kcat_scale,0.30000000000000004,-5.747437288067763,47.0,0.4515549193219939,21.969517682015606
axis:kcat_scale,0.30000000000000004,-5.747437288067763,50.0,0.0012388780894696555,6.820978720398091
axis:kcat_scale,0.35000000000000003,-6.453444618237925,15.0,0.0022936714629202804,0.8561909639324736
axis:kcat_scale,0.35000000000000003,-6.453444618237925,20.0,0.15161332514510423,6.499442163485912
axis:kcat_scale,0.35000000000000003,-6.453444618237925,25.0,0.654138625665461,14.492943894284842
axis:kcat_scale,0.35000000000000003,-6.453444618237925,27.0,0.9640065167452307,20.13243065167696
axis:kcat_scale,0.35000000000000003,-6.453444618237925,30.0,1.3236679822991273,23.74314060772408
axis:kcat_scale,0.35000000000000003,-6.453444618237925,35.0,1.6201812888991145,35.4193937432281
axis:kcat_scale,0.35000000000000003,-6.453444618237925,37.0,1.69298019948648,39.3120682079794
axis:kcat_scale,0.35000000000000003,-6.453444618237925,40.0,1.7521170934440713,42.277002232864795
axis:kcat_scale,0.35000000000000003,-6.453444618237925,43.0,1.713884973799215,41.168886658732085
axis:kcat_scale,0.35000000000000003,-6.453444618237925,45.0,1.5085707026533715,41.497638679618895
axis:kcat_scale,0.35000000000000003,-6.453444618237925,47.0,0.4645075513522071,22.156169916357925
axis:kcat_scale,0.35000000000000003,-6.453444618237925,50.0,0.0012753680919264285,6.8229885344145655
axis:kcat_scale,0.4,-7.249275950901965,15.0,0.0032657605963920134,0.889426817005026
axis:kcat_scale,0.4,-7.249275950901965,20.0,0.15693228212698923,6.681428503849697
axis:kcat_scale,0.4,-7.249275950901965,25.0,0.6733083306506525,15.001197753245918
axis:kcat_scale,0.4,-7.249275950901965,27.0,0.9824675174536155,20.38305262094758
axis:kcat_scale,0.4,-7.249275950901965,30.0,1.3393931038092994,24.048322886464458
axis:kcat_scale,0.4,-7.249275950901965,35.0,1.633797249706429,36.093437013494416
axis:kcat_scale,0.4,-7.249275950901965,37.0,1.707139414251937,40.02702349280334
axis:kcat_scale,0.4,-7.249275950901965,40.0,1.7641634647005602,43.10653412401042
axis:kcat_scale,0.4,-7.249275950901965,43.0,1.727367802915995,41.61966919346975
axis:kcat_scale,0.4,-7.249275950901965,45.0,1.523404874137549,41.13385736583333
axis:kcat_scale,0.4,-7.249275950901965,47.0,0.4778351373837231,22.348225424744122
axis:kcat_scale,0.4,-7.249275950901965,50.0,0.00131291441038419,6.825056619526588
axis:kcat_scale,0.45,-8.148346883528708,15.0,0.004265989856816678,0.9236247850633237
axis:kcat_scale,0.45,-8.148346883528708,20.0,0.16240521277220996,6.868683001701095
axis:kcat_scale,0.45,-8.148346883528708,25.0,0.6929276581211636,15.731241855101425
axis:kcat_scale,0.45,-8.148346883528708,27.0,1.0011310615594213,20.636433047224095
axis:kcat_scale,0.45,-8.148346883528708,30.0,1.3550889503177408,24.54264395203034
axis:kcat_scale,0.45,-8.148346883528708,35.0,1.647493545339764,36.78198787305822
axis:kcat_scale,0.45,-8.148346883528708,37.0,1.7214100503770742,40.747604886932706
axis:kcat_scale,0.45,-8.148346883528708,40.0,1.7751711100613106,43.61307872129422
axis:kcat_scale,0.45,-8.148346883528708,43.0,1.7405539369697771,42.02256136756475
axis:kcat_scale,0.45,-8.148346883528708,45.0,1.5383617014440676,40.76049226026312
axis:kcat_scale,0.45,-8.148346883528708,47.0,0.4915485316200804,22.545840589660738
axis:kcat_scale,0.45,-8.148346883528708,50.0,0.0013515476231812445,6.827184459981045
axis:kcat_scale,0.5,-9.147583248866772,15.0,0.005295173847262428,0.9588127190720368
axis:kcat_scale,0.5,-9.147583248866772,20.0,0.16803657432475155,7.061358160323225
axis:kcat_scale,0.5,-9.147583248866772,25.0,0.7130961202927862,16.27944553527851
axis:kcat_scale,0.5,-9.147583248866772,27.0,1.019992777721197,20.89251311070397
axis:kcat_scale,0.5,-9.147583248866772,30.0,1.370947876903795,25.042097530952862
axis:kcat_scale,0.5,-9.147583248866772,35.0,1.661304671386161,37.47936676869645
axis:kcat_scale,0.5,-9.147583248866772,37.0,1.7350688160325554,41.28933834741784
axis:kcat_scale,0.5,-9.147583248866772,40.0,1.7833883786411142,43.30027311901766
axis:kcat_scale,0.5,-9.147583248866772,43.0,1.7522646005382339,42.891815514295615
axis:kcat_scale,0.5,-9.147583248866772,45.0,1.5534560856233455,40.38369010146797
axis:kcat_scale,0.5,-9.147583248866772,47.0,0.5056589024731929,22.749176270941387
axis:kcat_scale,0.5,-9.147583248866772,50.0,0.0013912991938155308,6.829374016236816
axis:kcat_scale,0.55,-10.294924163219429,15.0,0.0063493080672985935,0.9608114583929502
axis:kcat_scale,0.55,-10.294924163219429,20.0,0.17383095305731036,7.259610897410138
axis:kcat_scale,0.55,-10.294924163219429,25.0,0.7338052991593473,16.84285390805
axis:kcat_scale,0.55,-10.294924163219429,27.0,1.0390480382395526,21.151230530533276
axis:kcat_scale,0.55,-10.294924163219429,30.0,1.3866249864350013,25.60022813328323
axis:kcat_scale,0.55,-10.294924163219429,35.0,1.675242036332876,38.183119970427185
axis:kcat_scale,0.55,-10.294924163219429,37.0,1.7484069475479709,41.72850948956492
axis:kcat_scale,0.55,-10.294924163219429,40.0,1.7913326169052848,43.632320273801525
axis:kcat_scale,0.55,-10.294924163219429,43.0,1.7639593436244265,43.76990180055273
axis:kcat_scale,0.55,-10.294924163219429,45.0,1.5686837036369021,40.00355862018497
axis:kcat_scale,0.55,-10.294924163219429,47.0,0.5201777416591484,22.958398162809512
axis:kcat_scale,0.55,-10.294924163219429,50.0,0.0014322014966351817,6.831626847315013
axis:kcat_scale,0.6000000000000001,-11.53524581204957,15.0,0.0074332850589443385,0.9576208796449035
axis:kcat_scale,0.6000000000000001,-11.53524581204957,20.0,0.17978544057818655,7.341567515009612
axis:kcat_scale,0.6000000000000001,-11.53524581204957,25.0,0.7546006302639167,17.41464615616125
axis:kcat_scale,0.6000000000000001,-11.53524581204957,27.0,1.058291960786907,21.41251958788485
axis:kcat_scale,0.6000000000000001,-11.53524581204957,30.0,1.4012687139146907,26.32743113277176
axis:kcat_scale,0.6000000000000001,-11.53524581204957,35.0,1.689301627467581,38.893044860380854
axis:kcat_scale,0.6000000000000001,-11.53524581204957,37.0,1.7605451794584848,42.46143294831472
axis:kcat_scale,0.6000000000000001,-11.53524581204957,40.0,1.798972741711295,43.936776633353794
axis:kcat_scale,0.6000000000000001,-11.53524581204957,43.0,1.7730118098398766,43.70809915891698
axis:kcat_scale,0.6000000000000001,-11.53524581204957,45.0,1.5840400463821709,39.6202101849835
axis:kcat_scale,0.6000000000000001,-11.53524581204957,47.0,0.5351168735575565,23.17367665413981
axis:kcat_scale,0.6000000000000001,-11.53524581204957,50.0,0.00147428795593398,6.833015251876556
axis:kcat_scale,0.65,-12.841737109057515,15.0,0.008548641117754338,0.9543379397995994
axis:kcat_scale,0.65,-12.841737109057515,20.0,0.1859055659643088,7.3181687535978135
axis:kcat_scale,0.65,-12.841737109057515,25.0,0.7755888839572799,17.772450271749435
axis:kcat_scale,0.65,-12.841737109057515,27.0,1.077699292595233,21.676719570985416
axis:kcat_scale,0.65,-12.841737109057515,30.0,1.4160243436208708,27.068255354547887
axis:kcat_scale,0.65,-12.841737109057515,35.0,1.7034792610234355,39.608930183470065
axis:kcat_scale,0.65,-12.841737109057515,37.0,1.7726560103447275,43.293602114177574
axis:kcat_scale,0.65,-12.841737109057515,40.0,1.806009694866144,44.184347889975314
axis:kcat_scale,0.65,-12.841737109057515,43.0,1.7811295662203195,43.47485564483423
axis:kcat_scale,0.65,-12.841737109057515,45.0,1.5962766325447943,39.31749024874994
axis:kcat_scale,0.65,-12.841737109057515,47.0,0.5504867771160875,23.395427076962385
axis:kcat_scale,0.65,-12.841737109057515,50.0,0.0015175925091245983,6.836330174643641
axis:kcat_scale,0.7000000000000001,-14.206894697663023,15.0,0.00969628460789443,0.9509599647723103
axis:kcat_scale,0.7000000000000001,-14.206894697663023,20.0,0.19220285731153805,7.29409264264142
axis:kcat_scale,0.7000000000000001,-14.206894697663023,25.0,0.7971022581215057,18.060508195866788
axis:kcat_scale,0.7000000000000001,-14.206894697663023,27.0,1.0969042030236962,21.94251748936239
axis:kcat_scale,0.7000000000000001,-14.206894697663023,30.0,1.4303351101475537,27.599826884718258
axis:kcat_scale,0.7000000000000001,-14.206894697663023,35.0,1.717770585792604,40.330556229836674
axis:kcat_scale,0.7000000000000001,-14.206894697663023,37.0,1.7833968135078535,43.257882795331135
axis:kcat_scale,0.7000000000000001,-14.206894697663023,40.0,1.8127431949578932,44.42237689693613
axis:kcat_scale,0.7000000000000001,-14.206894697663023,43.0,1.7883075719773376,43.76617038501861
axis:kcat_scale,0.7000000000000001,-14.206894697663023,45.0,1.6060730617637597,39.084245781157676
axis:kcat_scale,0.7000000000000001,-14.206894697663023,47.0,0.5663002738380308,23.62385780995562
axis:kcat_scale,0.7000000000000001,-14.206894697663023,50.0,0.001562150762627678,6.838784367119456
axis:kcat_scale,0.75,-15.492973132427593,15.0,0.010877150188731328,0.9474842229777228
axis:kcat_scale,0.75,-15.492973132427593,20.0,0.198682443236658,7.269319574209435
axis:kcat_scale,0.75,-15.492973132427593,25.0,0.8192029342646076,18.356251437426984
axis:kcat_scale,0.75,-15.492973132427593,27.0,1.1162859371756764,22.210774105604823
axis:kcat_scale,0.75,-15.492973132427593,30.0,1.444240428496875,27.607429833055768
axis:kcat_scale,0.75,-15.492973132427593,35.0,1.7319696179077813,41.00586602262651
axis:kcat_scale,0.75,-15.492973132427593,37.0,1.7928067307622708,43.33074923800048
axis:kcat_scale,0.75,-15.492973132427593,40.0,1.8176057752857686,44.33901298259773
axis:kcat_scale,0.75,-15.492973132427593,43.0,1.795211849148893,44.14526768871895
axis:kcat_scale,0.75,-15.492973132427593,45.0,1.6160172035380387,38.84749405575693
axis:kcat_scale,0.75,-15.492973132427593,47.0,0.5825677773493104,23.843637986413274
axis:kcat_scale,0.75,-15.492973132427593,50.0,0.0016079988926135267,6.841309660114785
axis:kcat_scale,0.8,-16.814934373995264,15.0,0.012092199577084366,0.9439078262835601
axis:kcat_scale,0.8,-16.814934373995264,20.0,0.20534960082013037,7.243829372603246
axis:kcat_scale,0.8,-16.814934373995264,25.0,0.8419107094666415,18.65996051809682
axis:kcat_scale,0.8,-16.814934373995264,27.0,1.135838949456216,22.481413320966166
axis:kcat_scale,0.8,-16.814934373995264,30.0,1.4582353490183335,27.60744665575154
axis:kcat_scale,0.8,-16.814934373995264,35.0,1.7454247542037507,41.4575027078327
axis:kcat_scale,0.8,-16.814934373995264,37.0,1.8013982900586427,43.64355565429663
axis:kcat_scale,0.8,-16.814934373995264,40.0,1.8224562235223631,44.133659100813425
axis:kcat_scale,0.8,-16.814934373995264,43.0,1.8019212520676757,44.381903113464126
axis:kcat_scale,0.8,-16.814934373995264,45.0,1.6261104900727825,38.65116448801977
axis:kcat_scale,0.8,-16.814934373995264,47.0,0.599305238201948,24.058739946614125
axis:kcat_scale,0.8,-16.814934373995264,50.0,0.0016551742385470484,6.843908025435648
axis:kcat_scale,0.8500000000000001,-18.230789595290002,15.0,0.013342422328363295,0.9402279193824781
axis:kcat_scale,0.8500000000000001,-18.230789595290002,20.0,0.21220975990383426,7.2176012784122925
axis:kcat_scale,0.8500000000000001,-18.230789595290002,25.0,0.8652758314654255,18.97246139761895
axis:kcat_scale,0.8500000000000001,-18.230789595290002,27.0,1.155557455169392,22.754355749115497
axis:kcat_scale,0.8500000000000001,-18.230789595290002,30.0,1.4718739605195295,27.722286877007907
axis:kcat_scale,0.8500000000000001,-18.230789595290002,35.0,1.7581729052760384,42.00683038469994
axis:kcat_scale,0.8500000000000001,-18.230789595290002,37.0,1.8095220314253235,43.92775361258718
axis:kcat_scale,0.8500000000000001,-18.230789595290002,40.0,1.8274086001628016,43.9239898666383
axis:kcat_scale,0.8500000000000001,-18.230789595290002,43.0,1.8083949243263688,44.59504987452047
axis:kcat_scale,0.8500000000000001,-18.230789595290002,45.0,1.6363463127639921,38.95058477590168
axis:kcat_scale,0.8500000000000001,-18.230789595290002,47.0,0.6165233080644281,24.12379247579429
axis:kcat_scale,0.8500000000000001,-18.230789595290002,50.0,0.0017037016320969984,6.958586389418103
axis:kcat_scale,0.9,-19.622043129897655,15.0,0.014628301359817466,0.9853748644755802
axis:kcat_scale,0.9,-19.622043129897655,20.0,0.21926850751321902,7.190613930749484
axis:kcat_scale,0.9,-19.622043129897655,25.0,0.8891748172068522,19.292813210872225
axis:kcat_scale,0.9,-19.622043129897655,27.0,1.175435435431309,23.02951878337731
axis:kcat_scale,0.9,-19.622043129897655,30.0,1.4845699173360478,28.12582849978132
axis:kcat_scale,0.9,-19.622043129897655,35.0,1.7702445743184867,42.83630863041216
axis:kcat_scale,0.9,-19.622043129897655,37.0,1.8168393894524872,44.31120217755845
axis:kcat_scale,0.9,-19.622043129897655,40.0,1.8324640717542546,43.7099558918553
axis:kcat_scale,0.9,-19.622043129897655,43.0,1.8134811406614681,44.38509783577477
axis:kcat_scale,0.9,-19.622043129897655,45.0,1.6465521568669212,39.27885606520444
axis:kcat_scale,0.9,-19.622043129897655,47.0,0.6342190872429313,24.23232219823142
axis:kcat_scale,0.9,-19.622043129897655,50.0,0.0017536613719380339,6.849332657082756
axis:kcat_scale,0.9500000000000001,-20.985594338446745,15.0,0.015951260599060865,1.0449503835324399
axis:kcat_scale,0.9500000000000001,-20.985594338446745,20.0,0.22653159240746776,7.16284535081283
axis:kcat_scale,0.9500000000000001,-20.985594338446745,25.0,0.9079678491612402,19.544392583154462
axis:kcat_scale,0.9500000000000001,-20.985594338446745,27.0,1.1954666427468776,23.30681667560934
axis:kcat_scale,0.9500000000000001,-20.985594338446745,30.0,1.4973193029759164,28.744457007639177
axis:kcat_scale,0.9500000000000001,-20.985594338446745,35.0,1.7822118656879473,43.30391834630445
axis:kcat_scale,0.9500000000000001,-20.985594338446745,37.0,1.8226566355714386,44.110737794931524
axis:kcat_scale,0.9500000000000001,-20.985594338446745,40.0,1.8376237682200303,43.49150933879577
axis:kcat_scale,0.9500000000000001,-20.985594338446745,43.0,1.818651136571934,44.291928580257434
axis:kcat_scale,0.9500000000000001,-20.985594338446745,45.0,1.6566726583843219,39.64418036240253
axis:kcat_scale,0.9500000000000001,-20.985594338446745,47.0,0.65226260050374,24.491555885867548
axis:kcat_scale,0.9500000000000001,-20.985594338446745,50.0,0.0018050533689113312,6.852163358034965
axis:kcat_scale,1.0,-22.431470955593156,15.0,0.01731187829386922,1.0971558322573822
axis:kcat_scale,1.0,-22.431470955593156,20.0,0.23400492976138215,7.13427292355721
axis:kcat_scale,1.0,-22.431470955593156,25.0,0.9257776225246338,19.783257778874678
axis:kcat_scale,1.0,-22.431470955593156,27.0,1.215644607247151,23.586160621809697
axis:kcat_scale,1.0,-22.431470955593156,30.0,1.5102279608103777,29.37081375612509
axis:kcat_scale,1.0,-22.431470955593156,35.0,1.793162124419257,43.148005663853965
axis:kcat_scale,1.0,-22.431470955593156,37.0,1.828579146078263,43.85987871895575
axis:kcat_scale,1.0,-22.431470955593156,40.0,1.8428887799334746,43.268604044221114
axis:kcat_scale,1.0,-22.431470955593156,43.0,1.82357449249323,44.09372881194241
axis:kcat_scale,1.0,-22.431470955593156,45.0,1.6669151733199918,39.99788885337753
axis:kcat_scale,1.0,-22.431470955593156,47.0,0.6707767860516353,24.64482103767991
axis:kcat_scale,1.0,-22.431470955593156,50.0,0.0018579331845625128,6.854100582433091
axis:f_maint,-1.0,-4.362294830175708,15.0,0.0007422960958746604,0.5579223119957297
axis:f_maint,-1.0,-4.362294830175708,20.0,0.12285101994502054,5.270122220177359
axis:f_maint,-1.0,-4.362294830175708,25.0,0.5367935125616435,11.873609511541094
axis:f_maint,-1.0,-4.362294830175708,27.0,0.826128496251028,18.13498144950374
axis:f_maint,-1.0,-4.362294830175708,30.0,1.2546921224197443,23.737738298650587
axis:f_maint,-1.0,-4.362294830175708,35.0,1.5739642552996513,32.782839860752965
axis:f_maint,-1.0,-4.362294830175708,37.0,1.6472205294811202,36.621033403539016
axis:f_maint,-1.0,-4.362294830175708,40.0,1.7102174656687372,40.351283644172234
axis:f_maint,-1.0,-4.362294830175708,43.0,1.6686932071537461,39.48070849337243
axis:f_maint,-1.0,-4.362294830175708,45.0,1.4559112012411668,42.78512959441294
axis:f_maint,-1.0,-4.362294830175708,47.0,0.38170027578183807,20.271299383726124
axis:f_maint,-1.0,-4.362294830175708,50.0,0.0010423560306917717,6.13882203997192
axis:f_maint,-0.9500000000000001,-4.2784917459037715,15.0,0.000515841212741065,0.5624410521821447
axis:f_maint,-0.9500000000000001,-4.2784917459037715,20.0,0.12262561622499141,5.274671469962222
axis:f_maint,-0.9500000000000001,-4.2784917459037715,25.0,0.536581027047094,11.876686603497491
axis:f_maint,-0.9500000000000001,-4.2784917459037715,27.0,0.8259026344818623,18.13812393513313
axis:f_maint,-0.9500000000000001,-4.2784917459037715,30.0,1.2519233351826888,23.77526249113093
axis:f_maint,-0.9500000000000001,-4.2784917459037715,35.0,1.5716076259520106,32.68618852320577
axis:f_maint,-0.9500000000000001,-4.2784917459037715,37.0,1.644728420557986,36.51421919256439
axis:f_maint,-0.9500000000000001,-4.2784917459037715,40.0,1.7075229518242054,40.27183638139592
axis:f_maint,-0.9500000000000001,-4.2784917459037715,43.0,1.6661162317306792,39.40491448691136
axis:f_maint,-0.9500000000000001,-4.2784917459037715,45.0,1.4535593858374536,42.842847535804836
axis:f_maint,-0.9500000000000001,-4.2784917459037715,47.0,0.38167463644548943,20.298488847250205
axis:f_maint,-0.9500000000000001,-4.2784917459037715,50.0,0.0010422639154752794,6.17238359189153
axis:f_maint,-0.9,-4.09822491884341,15.0,0.00029991021189228065,
axis:f_maint,-0.9,-4.09822491884341,20.0,0.12240021250496207,5.279220719607399
axis:f_maint,-0.9,-4.09822491884341,25.0,0.5363685415325443,11.879763695461847
axis:f_maint,-0.9,-4.09822491884341,27.0,0.8256767727126961,18.141266420674906
axis:f_maint,-0.9,-4.09822491884341,30.0,1.2491490910194831,23.808002831469004
axis:f_maint,-0.9,-4.09822491884341,35.0,1.5692509966043746,32.5895371856585
axis:f_maint,-0.9,-4.09822491884341,37.0,1.6422363116348362,36.407404981589245
axis:f_maint,-0.9,-4.09822491884341,40.0,1.7048284379796612,40.192389118636804
axis:f_maint,-0.9,-4.09822491884341,43.0,1.6635392563076028,39.32912048044971
axis:f_maint,-0.9,-4.09822491884341,45.0,1.4512075704337222,42.90056547724395
axis:f_maint,-0.9,-4.09822491884341,47.0,0.3816489971091577,20.325678311079837
axis:f_maint,-0.9,-4.09822491884341,50.0,0.0010421718002563078,6.20594516169258
axis:f_maint,-0.8500000000000001,-4.095430834479972,15.0,6.610322393553852e-05,
axis:f_maint,-0.8500000000000001,-4.095430834479972,20.0,0.12217480878493155,5.28376996928131
axis:f_maint,-0.8500000000000001,-4.095430834479972,25.0,0.536156056017995,11.882840787416896
axis:f_maint,-0.8500000000000001,-4.095430834479972,27.0,0.825450910943528,18.144408906125335
axis:f_maint,-0.8500000000000001,-4.095430834479972,30.0,1.2462613837286864,23.845020490828848
axis:f_maint,-0.8500000000000001,-4.095430834479972,35.0,1.566894367256737,32.49288584811152
axis:f_maint,-0.8500000000000001,-4.095430834479972,37.0,1.6397442027117126,36.300590770616054
axis:f_maint,-0.8500000000000001,-4.095430834479972,40.0,1.7021339241351257,40.112941855745746
axis:f_maint,-0.8500000000000001,-4.095430834479972,43.0,1.660962280884547,39.253326473989794
axis:f_maint,-0.8500000000000001,-4.095430834479972,45.0,1.4488557550300223,42.958283418769774
axis:f_maint,-0.8500000000000001,-4.095430834479972,47.0,0.38162335777288037,20.352867775525016
axis:f_maint,-0.8500000000000001,-4.095430834479972,50.0,0.0010420796850361387,6.2395066994764585
axis:f_maint,-0.8,-4.093023982236457,15.0,0.0,
axis:f_maint,-0.8,-4.093023982236457,20.0,0.12194940506490337,5.2883192190253965
axis:f_maint,-0.8,-4.093023982236457,25.0,0.5359435705034448,11.885917879376198
axis:f_maint,-0.8,-4.093023982236457,27.0,0.8252250491743635,18.14755139156884
axis:f_maint,-0.8,-4.093023982236457,30.0,1.243373676437889,23.88417252015569
axis:f_maint,-0.8,-4.093023982236457,35.0,1.5645377379090983,32.39623451056411
axis:f_maint,-0.8,-4.093023982236457,37.0,1.6372520937885773,36.193776559642046
axis:f_maint,-0.8,-4.093023982236457,40.0,1.6994394102905936,40.0334945929745
axis:f_maint,-0.8,-4.093023982236457,43.0,1.6583853054614706,39.17753246752848
axis:f_maint,-0.8,-4.093023982236457,45.0,1.446503939626323,43.016001360346806
axis:f_maint,-0.8,-4.093023982236457,47.0,0.381597718436644,20.38017516883695
axis:f_maint,-0.8,-4.093023982236457,50.0,0.0010419875698176066,6.273068237260343
axis:f_maint,-0.75,-4.091607109301388,15.0,0.0,
axis:f_maint,-0.75,-4.091607109301388,20.0,0.12172400134487388,5.292868468707501
axis:f_maint,-0.75,-4.091607109301388,25.0,0.5357310849888947,11.888994971330137
axis:f_maint,-0.75,-4.091607109301388,27.0,0.8249991874051965,18.15069387703748
axis:f_maint,-0.75,-4.091607109301388,30.0,1.2404859691470862,23.923324549446527
axis:f_maint,-0.75,-4.091607109301388,35.0,1.562181108561459,32.29958317301682
axis:f_maint,-0.75,-4.091607109301388,37.0,1.6347496489853097,36.088527282997696
axis:f_maint,-0.75,-4.091607109301388,40.0,1.696744896446054,39.95404733007048
axis:f_maint,-0.75,-4.091607109301388,43.0,1.6558083300384154,39.101738461067974
axis:f_maint,-0.75,-4.091607109301388,45.0,1.4441521242225845,43.073719301719144
axis:f_maint,-0.75,-4.091607109301388,47.0,0.38157207910024976,20.407947848663227
axis:f_maint,-0.75,-4.091607109301388,50.0,0.001041895454599276,6.306629807061404
axis:f_maint,-0.7000000000000001,-4.090816447477655,15.0,0.0,
axis:f_maint,-0.7000000000000001,-4.090816447477655,20.0,0.12149859762484422,5.297417718466328
axis:f_maint,-0.7000000000000001,-4.090816447477655,25.0,0.5355185994743451,11.892072063295952
axis:f_maint,-0.7000000000000001,-4.090816447477655,27.0,0.824773325636032,18.1538363624418
axis:f_maint,-0.7000000000000001,-4.090816447477655,30.0,1.2375821449954658,23.926025847292337
axis:f_maint,-0.7000000000000001,-4.090816447477655,35.0,1.55982447921382,32.20293183546985
axis:f_maint,-0.7000000000000001,-4.090816447477655,37.0,1.632245249468961,35.98357203831981
axis:f_maint,-0.7000000000000001,-4.090816447477655,40.0,1.694046454417281,39.844607952641105
axis:f_maint,-0.7000000000000001,-4.090816447477655,43.0,1.653231354615337,39.02594445460654
axis:f_maint,-0.7000000000000001,-4.090816447477655,45.0,1.4418003088188835,43.131437243434476
axis:f_maint,-0.7000000000000001,-4.090816447477655,47.0,0.38154643976409497,20.439024791805608
axis:f_maint,-0.7000000000000001,-4.090816447477655,50.0,0.001041803339372743,6.340191408879577
axis:f_maint,-0.65,-4.090901183428905,15.0,0.0,
axis:f_maint,-0.65,-4.090901183428905,20.0,0.12127319390481453,5.301966968139884
axis:f_maint,-0.65,-4.090901183428905,25.0,0.5353061139597953,11.895149155249673
axis:f_maint,-0.65,-4.090901183428905,27.0,0.8245474638668645,18.15697884796796
axis:f_maint,-0.65,-4.090901183428905,30.0,1.234662284286841,23.89245803299034
axis:f_maint,-0.65,-4.090901183428905,35.0,1.5574678498661747,32.106280497921944
axis:f_maint,-0.65,-4.090901183428905,37.0,1.6297408499526038,35.87861679364071
axis:f_maint,-0.65,-4.090901183428905,40.0,1.6913463911574862,39.722790299764014
axis:f_maint,-0.65,-4.090901183428905,43.0,1.6506543791922732,38.950150448146076
axis:f_maint,-0.65,-4.090901183428905,45.0,1.4394484934151714,43.18915518474291
axis:f_maint,-0.65,-4.090901183428905,47.0,0.38152080042764736,20.470108285299613
axis:f_maint,-0.65,-4.090901183428905,50.0,0.0010417112241541732,6.373752978680632
axis:f_maint,-0.6000000000000001,-4.092625912097175,15.0,0.0,
axis:f_maint,-0.6000000000000001,-4.092625912097175,20.0,0.12104779018478541,5.306516217869896
axis:f_maint,-0.6000000000000001,-4.092625912097175,25.0,0.5350936284452454,11.898226247210665
axis:f_maint,-0.6000000000000001,-4.092625912097175,27.0,0.8243216020976969,18.160121333454896
axis:f_maint,-0.6000000000000001,-4.092625912097175,30.0,1.2317424235782148,23.85889021867903
axis:f_maint,-0.6000000000000001,-4.092625912097175,35.0,1.555111220518538,32.009629160374786
axis:f_maint,-0.6000000000000001,-4.092625912097175,37.0,1.627236450436258,35.7736615489627
axis:f_maint,-0.6000000000000001,-4.092625912097175,40.0,1.6886451210834297,39.610044995788165
axis:f_maint,-0.6000000000000001,-4.092625912097175,43.0,1.648063575368439,38.840611128753835
axis:f_maint,-0.6000000000000001,-4.092625912097175,45.0,1.4370966780114647,43.24687312613298
axis:f_maint,-0.6000000000000001,-4.092625912097175,47.0,0.3814951610913572,20.501191779550332
axis:f_maint,-0.6000000000000001,-4.092625912097175,50.0,0.0010416191089365665,6.4073144844473475
axis:f_maint,-0.55,-4.095690857205023,15.0,0.0,
axis:f_maint,-0.55,-4.095690857205023,20.0,0.12082238646475647,5.311065467567012
axis:f_maint,-0.55,-4.095690857205023,25.0,0.5348811429306962,11.901303339169903
axis:f_maint,-0.55,-4.095690857205023,27.0,0.8240957403285306,18.163263818935743
axis:f_maint,-0.55,-4.095690857205023,30.0,1.2288225628695828,23.825322404368315
axis:f_maint,-0.55,-4.095690857205023,35.0,1.552754591170899,31.91297782282766
axis:f_maint,-0.55,-4.095690857205023,37.0,1.624732050919908,35.66870630428507
axis:f_maint,-0.55,-4.095690857205023,40.0,1.6859417971975863,39.488041142026496
axis:f_maint,-0.55,-4.095690857205023,43.0,1.6454687753852266,38.72198943386334
axis:f_maint,-0.55,-4.095690857205023,45.0,1.4347448626077641,43.304591067888744
axis:f_maint,-0.55,-4.095690857205023,47.0,0.3814695217550521,20.532275273314365
axis:f_maint,-0.55,-4.095690857205023,50.0,0.0010415269937232724,6.440876076706388
axis:f_maint,-0.5,-4.10009338308417,15.0,0.0,
axis:f_maint,-0.5,-4.10009338308417,20.0,0.12059698274472659,5.315614717300202
axis:f_maint,-0.5,-4.10009338308417,25.0,0.5346686574161466,11.904380431139685
axis:f_maint,-0.5,-4.10009338308417,27.0,0.8238698785593638,18.166406304370934
axis:f_maint,-0.5,-4.10009338308417,30.0,1.2259027021609603,23.791754590061355
axis:f_maint,-0.5,-4.10009338308417,35.0,1.5503979618232675,31.816326485281127
axis:f_maint,-0.5,-4.10009338308417,37.0,1.6222276514035503,35.56375105960564
axis:f_maint,-0.5,-4.10009338308417,40.0,1.6832384733117167,39.36603728825136
axis:f_maint,-0.5,-4.10009338308417,43.0,1.6428733700503328,38.603768666885685
axis:f_maint,-0.5,-4.10009338308417,45.0,1.4323930472040485,43.36230900922585
axis:f_maint,-0.5,-4.10009338308417,47.0,0.3814438824187369,20.563358767298272
axis:f_maint,-0.5,-4.10009338308417,50.0,0.0010414348785042714,6.474437550578788
axis:f_maint,-0.45,-4.1058431830227935,15.0,0.0,
axis:f_maint,-0.45,-4.1058431830227935,20.0,0.1203715790246975,5.320163966980988
axis:f_maint,-0.45,-4.1058431830227935,25.0,0.5344561719015959,11.907457523091937
axis:f_maint,-0.45,-4.1058431830227935,27.0,0.823644016790202,18.169548789791076
axis:f_maint,-0.45,-4.1058431830227935,30.0,1.222982841452336,23.758186775769037
axis:f_maint,-0.45,-4.1058431830227935,35.0,1.5480413324756268,31.71967514773325
axis:f_maint,-0.45,-4.1058431830227935,37.0,1.6197232518871885,35.458795814927214
axis:f_maint,-0.45,-4.1058431830227935,40.0,1.6805351494258776,39.24403343450973
axis:f_maint,-0.45,-4.1058431830227935,43.0,1.640275674494471,38.48498882046084
axis:f_maint,-0.45,-4.1058431830227935,45.0,1.4300412318003262,43.42002695091176
axis:f_maint,-0.45,-4.1058431830227935,47.0,0.38141804448295197,20.594331862839148
axis:f_maint,-0.45,-4.1058431830227935,50.0,0.0010413427632852707,6.507999120502689
axis:f_maint,-0.4,-4.1129425367682995,15.0,0.0,
axis:f_maint,-0.4,-4.1129425367682995,20.0,0.12014617530466895,5.324713216726492
axis:f_maint,-0.4,-4.1129425367682995,25.0,0.5342436863870469,11.910534615048734
axis:f_maint,-0.4,-4.1129425367682995,27.0,0.8234181550210345,18.172691275290074
axis:f_maint,-0.4,-4.1129425367682995,30.0,1.2200629807437073,23.724618961454713
axis:f_maint,-0.4,-4.1129425367682995,35.0,1.5456847031279892,31.62302381018616
axis:f_maint,-0.4,-4.1129425367682995,37.0,1.617218852370843,35.35384057024918
axis:f_maint,-0.4,-4.1129425367682995,40.0,1.6778318255400144,39.12202958072177
axis:f_maint,-0.4,-4.1129425367682995,43.0,1.6376779789385991,38.36620897403463
axis:f_maint,-0.4,-4.1129425367682995,45.0,1.4276894163966076,43.47774489219862
axis:f_maint,-0.4,-4.1129425367682995,47.0,0.38138895151057456,20.625423155089127
axis:f_maint,-0.4,-4.1129425367682995,50.0,0.00104125064806627,6.541560722443756
axis:f_maint,-0.35000000000000003,-4.034116196804435,15.0,0.0,
axis:f_maint,-0.35000000000000003,-4.034116196804435,20.0,0.11992077158463837,5.329262466415354
axis:f_maint,-0.35000000000000003,-4.034116196804435,25.0,0.5340312008724969,11.913611707005588
axis:f_maint,-0.35000000000000003,-4.034116196804435,27.0,0.8231922932518679,18.175833760725073
axis:f_maint,-0.35000000000000003,-4.034116196804435,30.0,1.2171431200350813,23.69105114714766
axis:f_maint,-0.35000000000000003,-4.034116196804435,35.0,1.5433280737803445,31.52637247263861
axis:f_maint,-0.35000000000000003,-4.034116196804435,37.0,1.61471445285449,35.24888532557094
axis:f_maint,-0.35000000000000003,-4.034116196804435,40.0,1.6751285016541784,39.0000257270471
axis:f_maint,-0.35000000000000003,-4.034116196804435,43.0,1.6350802833827331,38.247429127608825
axis:f_maint,-0.35000000000000003,-4.034116196804435,45.0,1.4253376009928982,43.53546283374126
axis:f_maint,-0.35000000000000003,-4.034116196804435,47.0,0.38135958836418093,20.640672959122135
axis:f_maint,-0.35000000000000003,-4.034116196804435,50.0,0.001041161444745733,
axis:f_maint,-0.30000000000000004,-4.132295030235022,15.0,0.0,
axis:f_maint,-0.30000000000000004,-4.132295030235022,20.0,0.11969536786460884,5.333811716087551
axis:f_maint,-0.30000000000000004,-4.132295030235022,25.0,0.533818715357947,11.91668879897549
axis:f_maint,-0.30000000000000004,-4.132295030235022,27.0,0.8229664314827054,18.17897624614792
axis:f_maint,-0.30000000000000004,-4.132295030235022,30.0,1.2142232593264577,23.65748333284675
axis:f_maint,-0.30000000000000004,-4.132295030235022,35.0,1.5409714444327094,31.42972113509176
axis:f_maint,-0.30000000000000004,-4.132295030235022,37.0,1.6122100533381434,35.14393008089298
axis:f_maint,-0.30000000000000004,-4.132295030235022,40.0,1.6724251777683108,38.87802187327171
axis:f_maint,-0.30000000000000004,-4.132295030235022,43.0,1.6324825878268816,38.12864928118444
axis:f_maint,-0.30000000000000004,-4.132295030235022,45.0,1.4229857855891948,43.5931807753922
axis:f_maint,-0.30000000000000004,-4.132295030235022,47.0,0.3813302252177559,20.654373025532138
axis:f_maint,-0.30000000000000004,-4.132295030235022,50.0,0.0010410664176282686,6.608683775185019
axis:f_maint,-0.25,-4.055666730074183,15.0,0.0,
axis:f_maint,-0.25,-4.055666730074183,20.0,0.11946996414457917,5.338360965774791
axis:f_maint,-0.25,-4.055666730074183,25.0,0.5336062298433983,11.919765890926962
axis:f_maint,-0.25,-4.055666730074183,27.0,0.8227405697135378,18.182118731701568
axis:f_maint,-0.25,-4.055666730074183,30.0,1.2113033986178325,23.62391551855003
axis:f_maint,-0.25,-4.055666730074183,35.0,1.5386148150850676,31.333069797544134
axis:f_maint,-0.25,-4.055666730074183,37.0,1.6097056538217778,35.03897483621395
axis:f_maint,-0.25,-4.055666730074183,40.0,1.6697218538824588,38.756018019498306
axis:f_maint,-0.25,-4.055666730074183,43.0,1.629884892271018,38.009869434758976
axis:f_maint,-0.25,-4.055666730074183,45.0,1.4206339701854824,43.65089871677865
axis:f_maint,-0.25,-4.055666730074183,47.0,0.38130084535590303,20.668010029772113
axis:f_maint,-0.25,-4.055666730074183,50.0,0.0010409772137924755,
axis:f_maint,-0.2,-4.157513248486415,15.0,0.0,
axis:f_maint,-0.2,-4.157513248486415,20.0,0.11924456042454999,5.342910215546964
axis:f_maint,-0.2,-4.157513248486415,25.0,0.5333937443288487,11.922842982889705
axis:f_maint,-0.2,-4.157513248486415,27.0,0.8225147079443712,18.185261217172272
axis:f_maint,-0.2,-4.157513248486415,30.0,1.2083835379092016,23.590347704227362
axis:f_maint,-0.2,-4.157513248486415,35.0,1.5362581857374313,31.23641845999742
axis:f_maint,-0.2,-4.157513248486415,37.0,1.6072012543054286,34.93401959153569
axis:f_maint,-0.2,-4.157513248486415,40.0,1.6670185299966134,38.63401416577445
axis:f_maint,-0.2,-4.157513248486415,43.0,1.6272871967151739,37.89108958833463
axis:f_maint,-0.2,-4.157513248486415,45.0,1.4182821547817728,43.70861665827871
axis:f_maint,-0.2,-4.157513248486415,47.0,0.3812680333306792,20.66869850717686
axis:f_maint,-0.2,-4.157513248486415,50.0,0.001040882187190263,6.675806882769954
axis:f_maint,-0.15000000000000002,-4.172129827135949,15.0,0.0,
axis:f_maint,-0.15000000000000002,-4.172129827135949,20.0,0.11901915670452073,5.347459465297674
axis:f_maint,-0.15000000000000002,-4.172129827135949,25.0,0.5331812588142977,11.925920074852323
axis:f_maint,-0.15000000000000002,-4.172129827135949,27.0,0.8222888461752035,18.188403702626285
axis:f_maint,-0.15000000000000002,-4.172129827135949,30.0,1.2054636772005765,23.55677988992084
axis:f_maint,-0.15000000000000002,-4.172129827135949,35.0,1.5339015563897926,31.13976712245022
axis:f_maint,-0.15000000000000002,-4.172129827135949,37.0,1.6046968547890816,34.829064346858594
axis:f_maint,-0.15000000000000002,-4.172129827135949,40.0,1.6643152061107505,38.512010312007824
axis:f_maint,-0.15000000000000002,-4.172129827135949,43.0,1.6246895011593026,37.77230974190874
axis:f_maint,-0.15000000000000002,-4.172129827135949,45.0,1.4159303393780454,43.766334599645006
axis:f_maint,-0.15000000000000002,-4.172129827135949,47.0,0.38123347124063045,20.67628655013791
axis:f_maint,-0.15000000000000002,-4.172129827135949,50.0,0.0010407900719679956,6.709368452570992
axis:f_maint,-0.1,-4.187790583857777,15.0,0.0,
axis:f_maint,-0.1,-4.187790583857777,20.0,0.11879375298449141,5.352008715017406
axis:f_maint,-0.1,-4.187790583857777,25.0,0.532968773299748,11.928997166807104
axis:f_maint,-0.1,-4.187790583857777,27.0,0.822062984406035,18.191546188100467
axis:f_maint,-0.1,-4.187790583857777,30.0,1.2025438164919524,23.523212075620144
axis:f_maint,-0.1,-4.187790583857777,35.0,1.531544927042153,31.043115784902504
axis:f_maint,-0.1,-4.187790583857777,37.0,1.6021924552727245,34.7241091021792
axis:f_maint,-0.1,-4.187790583857777,40.0,1.6616118822249077,38.39000645828288
axis:f_maint,-0.1,-4.187790583857777,43.0,1.6220918056034426,37.65352989548322
axis:f_maint,-0.1,-4.187790583857777,45.0,1.4135785239743226,43.82405254121243
axis:f_maint,-0.1,-4.187790583857777,47.0,0.3811972949929209,20.69285180231843
axis:f_maint,-0.1,-4.187790583857777,50.0,0.0010406979567475563,6.74292999035486
axis:f_maint,-0.05,-4.204461598530981,15.0,0.0,
axis:f_maint,-0.05,-4.204461598530981,20.0,0.11856834926446264,5.356557964718275
axis:f_maint,-0.05,-4.204461598530981,25.0,0.532756287785198,11.932074258765217
axis:f_maint,-0.05,-4.204461598530981,27.0,0.8218371226368725,18.194688673510036
axis:f_maint,-0.05,-4.204461598530981,30.0,1.1996239557833248,23.489644261307173
axis:f_maint,-0.05,-4.204461598530981,35.0,1.5291882976945184,30.946464447355904
axis:f_maint,-0.05,-4.204461598530981,37.0,1.5996880557563697,34.61915385750094
axis:f_maint,-0.05,-4.204461598530981,40.0,1.658908558339045,38.26800260449264
axis:f_maint,-0.05,-4.204461598530981,43.0,1.6194941100475564,37.534750049056434
axis:f_maint,-0.05,-4.204461598530981,45.0,1.411226708570633,43.88177048281595
axis:f_maint,-0.05,-4.204461598530981,47.0,0.38116111874520486,20.71933366472306
axis:f_maint,-0.05,-4.204461598530981,50.0,0.0010406058415332936,6.776491528138765
axis:f_maint,0.0,-4.2224779764014295,15.0,0.0,
axis:f_maint,0.0,-4.2224779764014295,20.0,0.11834294554443316,5.361107214455652
axis:f_maint,0.0,-4.2224779764014295,25.0,0.5325438022706479,11.935151350722135
axis:f_maint,0.0,-4.2224779764014295,27.0,0.821611260867707,18.197831158992578
axis:f_maint,0.0,-4.2224779764014295,30.0,1.196704095074698,23.45607644700078
axis:f_maint,0.0,-4.2224779764014295,35.0,1.5268316683468743,30.84981310980844
axis:f_maint,0.0,-4.2224779764014295,37.0,1.5971836562400235,34.514198612823016
axis:f_maint,0.0,-4.2224779764014295,40.0,1.6562052344532,38.14599875076241
axis:f_maint,0.0,-4.2224779764014295,43.0,1.6168964144917177,37.415970202632955
axis:f_maint,0.0,-4.2224779764014295,45.0,1.40887489316692,43.93948842428881
axis:f_maint,0.0,-4.2224779764014295,47.0,0.38112494249750395,20.745815537520116
axis:f_maint,0.0,-4.2224779764014295,50.0,0.0010405137263105142,6.810053065922644
axis:f_maint,0.05,-4.241840221745571,15.0,0.0,
axis:f_maint,0.05,-4.241840221745571,20.0,0.11811754182440395,5.365656464148528
axis:f_maint,0.05,-4.241840221745571,25.0,0.5323313167560995,11.938228442679103
axis:f_maint,0.05,-4.241840221745571,27.0,0.8213853990985404,18.200973644485824
axis:f_maint,0.05,-4.241840221745571,30.0,1.1937842343660716,23.422508632693496
axis:f_maint,0.05,-4.241840221745571,35.0,1.524475038999234,30.753161772261297
axis:f_maint,0.05,-4.241840221745571,37.0,1.594679256723668,34.40924336814455
axis:f_maint,0.05,-4.241840221745571,40.0,1.6535019105673434,38.023994896992846
axis:f_maint,0.05,-4.241840221745571,43.0,1.6142987189358404,37.29719035620559
axis:f_maint,0.05,-4.241840221745571,45.0,1.406523077763193,43.99720636570517
axis:f_maint,0.05,-4.241840221745571,47.0,0.3810887662497868,20.772297402087855
axis:f_maint,0.05,-4.241840221745571,50.0,0.00104042161108745,6.843614699758001
axis:f_maint,0.1,-4.262497926160927,15.0,0.0,
axis:f_maint,0.1,-4.262497926160927,20.0,0.11789213810437359,5.370205713843618
axis:f_maint,0.1,-4.262497926160927,25.0,0.5321188312415491,11.94130553463934
axis:f_maint,0.1,-4.262497926160927,27.0,0.8211595373293741,18.204116129906616
axis:f_maint,0.1,-4.262497926160927,30.0,1.1908643736574478,23.388940818399227
axis:f_maint,0.1,-4.262497926160927,35.0,1.5221184096515992,30.65651043471441
axis:f_maint,0.1,-4.262497926160927,37.0,1.5921748572073116,34.30428812346547
axis:f_maint,0.1,-4.262497926160927,40.0,1.6507985866814863,37.901991043208675
axis:f_maint,0.1,-4.262497926160927,43.0,1.6116814524653982,37.182637113238975
axis:f_maint,0.1,-4.262497926160927,45.0,1.4041712623594829,44.054924307228966
axis:f_maint,0.1,-4.262497926160927,47.0,0.38105259000207553,20.798779266383896
axis:f_maint,0.1,-4.262497926160927,50.0,0.0010403294958213746,6.877176619705542
axis:f_maint,0.15000000000000002,-4.284750927918256,15.0,0.0,
axis:f_maint,0.15000000000000002,-4.284750927918256,20.0,0.1176667343843443,5.374754963569036
axis:f_maint,0.15000000000000002,-4.284750927918256,25.0,0.5319063457270001,11.94438262660786
axis:f_maint,0.15000000000000002,-4.284750927918256,27.0,0.820933675560207,18.20725861566886
axis:f_maint,0.15000000000000002,-4.284750927918256,30.0,1.1879445129488164,23.355373004079002
axis:f_maint,0.15000000000000002,-4.284750927918256,35.0,1.519759676879896,30.55992882012188
axis:f_maint,0.15000000000000002,-4.284750927918256,37.0,1.5896330238590415,34.198450696442684
axis:f_maint,0.15000000000000002,-4.284750927918256,40.0,1.6480952627956382,37.77998718945954
axis:f_maint,0.15000000000000002,-4.284750927918256,43.0,1.6090487072844748,37.07141508810913
axis:f_maint,0.15000000000000002,-4.284750927918256,45.0,1.4018194469557737,44.1126422486117
axis:f_maint,0.15000000000000002,-4.284750927918256,47.0,0.3810164137543776,20.825261132595656
axis:f_maint,0.15000000000000002,-4.284750927918256,50.0,0.0010402373806530705,6.910737737311839
axis:f_maint,0.2,-4.308693358667828,15.0,0.0,
axis:f_maint,0.2,-4.308693358667828,20.0,0.11744133066431518,5.379304213284333
axis:f_maint,0.2,-4.308693358667828,25.0,0.5316938602124502,11.947459718554022
axis:f_maint,0.2,-4.308693358667828,27.0,0.8207078137910404,18.210401101270957
axis:f_maint,0.2,-4.308693358667828,30.0,1.1850246522401915,23.321805189777734
axis:f_maint,0.2,-4.308693358667828,35.0,1.5173979707918055,30.46344511837006
axis:f_maint,0.2,-4.308693358667828,37.0,1.5870481926858129,34.091597208441705
axis:f_maint,0.2,-4.308693358667828,40.0,1.6453919389097773,37.65798333573013
axis:f_maint,0.2,-4.308693358667828,43.0,1.6064159621035439,36.96019306298043
axis:f_maint,0.2,-4.308693358667828,45.0,1.3994676315520673,44.170360190270344
axis:f_maint,0.2,-4.308693358667828,47.0,0.3809802375066486,20.851743000954258
axis:f_maint,0.2,-4.308693358667828,50.0,0.001040145265440561,6.94429928109253
axis:f_maint,0.25,-4.334000053101555,15.0,0.0,
axis:f_maint,0.25,-4.334000053101555,20.0,0.11721592694428624,5.383853462979108
axis:f_maint,0.25,-4.334000053101555,25.0,0.5314813746978997,11.950536810528696
axis:f_maint,0.25,-4.334000053101555,27.0,0.8204819520218773,18.213543586309424
axis:f_maint,0.25,-4.334000053101555,30.0,1.1821047915315674,23.288237375476644
axis:f_maint,0.25,-4.334000053101555,35.0,1.5150362647037183,30.366961416618118
axis:f_maint,0.25,-4.334000053101555,37.0,1.5844633615125803,33.98474372044015
axis:f_maint,0.25,-4.334000053101555,40.0,1.6426886150239204,37.53597948198619
axis:f_maint,0.25,-4.334000053101555,43.0,1.6037832169226038,36.84897103785049
axis:f_maint,0.25,-4.334000053101555,45.0,1.397115816148343,44.22807813163454
axis:f_maint,0.25,-4.334000053101555,47.0,0.3809440612589549,20.87822486757811
axis:f_maint,0.25,-4.334000053101555,50.0,0.0010400531502217543,6.977860811282788
axis:f_maint,0.30000000000000004,-4.360671527378937,15.0,0.0,
axis:f_maint,0.30000000000000004,-4.360671527378937,20.0,0.11699052322425633,5.388402712714884
axis:f_maint,0.30000000000000004,-4.360671527378937,25.0,0.5312688891833505,11.953613902479384
axis:f_maint,0.30000000000000004,-4.360671527378937,27.0,0.8202560902527097,18.216686071773832
axis:f_maint,0.30000000000000004,-4.360671527378937,30.0,1.1791849308229407,23.254669561143338
axis:f_maint,0.30000000000000004,-4.360671527378937,35.0,1.5126745586156305,30.270477714866097
axis:f_maint,0.30000000000000004,-4.360671527378937,37.0,1.5818785303393563,33.877890232438084
axis:f_maint,0.30000000000000004,-4.360671527378937,40.0,1.6399852911380703,37.413975628213805
axis:f_maint,0.30000000000000004,-4.360671527378937,43.0,1.6011504717416858,36.737749012721416
axis:f_maint,0.30000000000000004,-4.360671527378937,45.0,1.3947640007446231,44.28579607318436
axis:f_maint,0.30000000000000004,-4.360671527378937,47.0,0.3809078850111986,20.90470673643822
axis:f_maint,0.30000000000000004,-4.360671527378937,50.0,0.00103996103498662,7.011422490895141
axis:f_maint,0.35000000000000003,-4.388708300537403,15.0,0.0,
axis:f_maint,0.35000000000000003,-4.388708300537403,20.0,0.11676511950422719,5.392951962401054
axis:f_maint,0.35000000000000003,-4.388708300537403,25.0,0.5310564036687992,11.956690994448667
axis:f_maint,0.35000000000000003,-4.388708300537403,27.0,0.8200302284835429,18.21982855726472
axis:f_maint,0.35000000000000003,-4.388708300537403,30.0,1.1762650701143125,23.221101746859226
axis:f_maint,0.35000000000000003,-4.388708300537403,35.0,1.5103128525275429,30.173994013114743
axis:f_maint,0.35000000000000003,-4.388708300537403,37.0,1.5792936991661268,33.77103674443715
axis:f_maint,0.35000000000000003,-4.388708300537403,40.0,1.6372819672522112,37.291971774421185
axis:f_maint,0.35000000000000003,-4.388708300537403,43.0,1.5985177265607349,36.6265269875912
axis:f_maint,0.35000000000000003,-4.388708300537403,45.0,1.3924121853409392,44.34351401476115
axis:f_maint,0.35000000000000003,-4.388708300537403,47.0,0.38087170876353826,20.931188600061567
axis:f_maint,0.35000000000000003,-4.388708300537403,50.0,0.001039868919781257,7.044983939794058
axis:f_maint,0.4,-4.418235717133829,15.0,0.0,
axis:f_maint,0.4,-4.418235717133829,20.0,0.11653971578419903,5.397501212119372
axis:f_maint,0.4,-4.418235717133829,25.0,0.5308439181542493,11.959768086399468
axis:f_maint,0.4,-4.418235717133829,27.0,0.8198043667143763,18.22297104275232
axis:f_maint,0.4,-4.418235717133829,30.0,1.1733452094056875,23.187533932548696
axis:f_maint,0.4,-4.418235717133829,35.0,1.5079511464394555,30.07751031136286
axis:f_maint,0.4,-4.418235717133829,37.0,1.5767088617230123,33.664182951104735
axis:f_maint,0.4,-4.418235717133829,40.0,1.634569985707591,37.17265321878574
axis:f_maint,0.4,-4.418235717133829,43.0,1.5958795645593904,36.51522120926317
axis:f_maint,0.4,-4.418235717133829,45.0,1.3900593340953482,44.40136887585974
axis:f_maint,0.4,-4.418235717133829,47.0,0.38083553251580954,20.957670468363016
axis:f_maint,0.4,-4.418235717133829,50.0,0.001039776804562256,7.078545496262388
axis:f_maint,0.45,-4.449194131202946,15.0,0.0,
axis:f_maint,0.45,-4.449194131202946,20.0,0.11631431206416824,5.402050461840733
axis:f_maint,0.45,-4.449194131202946,25.0,0.5306314326396997,11.962845178364844
axis:f_maint,0.45,-4.449194131202946,27.0,0.8195785049452096,18.226113528212416
axis:f_maint,0.45,-4.449194131202946,30.0,1.1704253486970582,23.15396611823474
axis:f_maint,0.45,-4.449194131202946,35.0,1.5055894403513677,29.981026609610307
axis:f_maint,0.45,-4.449194131202946,37.0,1.5741231478267101,33.55728647635862
axis:f_maint,0.45,-4.449194131202946,40.0,1.6318563836452196,37.053818644294836
axis:f_maint,0.45,-4.449194131202946,43.0,1.5932277551352334,36.40129839665589
axis:f_maint,0.45,-4.449194131202946,45.0,1.3877063132650636,44.459241821819525
axis:f_maint,0.45,-4.449194131202946,47.0,0.38079935339520604,20.98402307236082
axis:f_maint,0.45,-4.449194131202946,50.0,0.0010396846893320508,7.112107098080554
axis:f_maint,0.5,-4.480839766357392,15.0,0.0,
axis:f_maint,0.5,-4.480839766357392,20.0,0.11608890834413894,5.406599711553861
axis:f_maint,0.5,-4.480839766357392,25.0,0.5304189471251501,11.965922270324034
axis:f_maint,0.5,-4.480839766357392,27.0,0.8192064834052052,18.230942925679184
axis:f_maint,0.5,-4.480839766357392,30.0,1.1675054879884335,23.120398303933083
axis:f_maint,0.5,-4.480839766357392,35.0,1.5032277342632843,29.884542907859082
axis:f_maint,0.5,-4.480839766357392,37.0,1.571537433930411,33.45039000161212
axis:f_maint,0.5,-4.480839766357392,40.0,1.629142781582824,36.935779387205585
axis:f_maint,0.5,-4.480839766357392,43.0,1.5905528021397481,36.285721485484586
axis:f_maint,0.5,-4.480839766357392,45.0,1.3853532924347667,44.51711476754955
axis:f_maint,0.5,-4.480839766357392,47.0,0.38076313669425216,21.008684791612843
axis:f_maint,0.5,-4.480839766357392,50.0,0.001039592574124254,7.145668571830159
axis:f_maint,0.55,-4.504040795065556,15.0,0.0,
axis:f_maint,0.55,-4.504040795065556,20.0,0.11586350462410967,5.411148961268683
axis:f_maint,0.55,-4.504040795065556,25.0,0.5302064616106003,11.96899936228753
axis:f_maint,0.55,-4.504040795065556,27.0,0.8170690990748649,18.208226273428938
axis:f_maint,0.55,-4.504040795065556,30.0,1.1645856272798083,23.086830489620382
axis:f_maint,0.55,-4.504040795065556,35.0,1.5008660281751982,29.788059206107267
axis:f_maint,0.55,-4.504040795065556,37.0,1.5689517200341088,33.34349352686547
axis:f_maint,0.55,-4.504040795065556,40.0,1.626429021974548,36.820275895487455
axis:f_maint,0.55,-4.504040795065556,43.0,1.5877219776747655,36.16624251018068
axis:f_maint,0.55,-4.504040795065556,45.0,1.3829991197228428,44.56912699841841
axis:f_maint,0.55,-4.504040795065556,47.0,0.38072691999337477,21.029381173152956
axis:f_maint,0.55,-4.504040795065556,50.0,0.001039500458905254,7.179230166791843
axis:f_maint,0.6000000000000001,-4.529879123685674,15.0,0.0,
axis:f_maint,0.6000000000000001,-4.529879123685674,20.0,0.1156381009040823,5.41569821101819
axis:f_maint,0.6000000000000001,-4.529879123685674,25.0,0.5299939760960514,11.97207645422946
axis:f_maint,0.6000000000000001,-4.529879123685674,27.0,0.8149317147445256,18.18550962110593
axis:f_maint,0.6000000000000001,-4.529879123685674,30.0,1.1616657665711834,23.05326267531926
axis:f_maint,0.6000000000000001,-4.529879123685674,35.0,1.4985043220870975,29.691575504354752
axis:f_maint,0.6000000000000001,-4.529879123685674,37.0,1.5663660061378133,33.23659705211922
axis:f_maint,0.6000000000000001,-4.529879123685674,40.0,1.6237145596049556,36.70473724596605
axis:f_maint,0.6000000000000001,-4.529879123685674,43.0,1.584891153209785,36.04676353487596
axis:f_maint,0.6000000000000001,-4.529879123685674,45.0,1.3806282652106971,44.53626308078159
axis:f_maint,0.6000000000000001,-4.529879123685674,47.0,0.3806907032923469,21.048489591515533
axis:f_maint,0.6000000000000001,-4.529879123685674,50.0,0.0010394083436919828,7.212791640664269
axis:f_maint,0.65,-4.5578270325832335,15.0,0.0,
axis:f_maint,0.65,-4.5578270325832335,20.0,0.11541269718405099,5.420247460673863
axis:f_maint,0.65,-4.5578270325832335,25.0,0.5297814905815006,11.975153546206306
axis:f_maint,0.65,-4.5578270325832335,27.0,0.8127943304141874,18.16279296874316
axis:f_maint,0.65,-4.5578270325832335,30.0,1.1587459058625575,23.019694861022632
axis:f_maint,0.65,-4.5578270325832335,35.0,1.4961426159990125,29.59509180260325
axis:f_maint,0.65,-4.5578270325832335,37.0,1.5637802922415094,33.129700577372034
axis:f_maint,0.65,-4.5578270325832335,40.0,1.621000097235363,36.58919859644362
axis:f_maint,0.65,-4.5578270325832335,43.0,1.5820603287447987,35.92728455957162
axis:f_maint,0.65,-4.5578270325832335,45.0,1.378226465458287,44.44998537603287
axis:f_maint,0.65,-4.5578270325832335,47.0,0.380654486591423,21.067598009528552
axis:f_maint,0.65,-4.5578270325832335,50.0,0.0010393162284734335,7.246353185181835
axis:f_maint,0.7000000000000001,-4.5877028662404395,15.0,0.0,
axis:f_maint,0.7000000000000001,-4.5877028662404395,20.0,0.11518729346402179,5.424796710415273
axis:f_maint,0.7000000000000001,-4.5877028662404395,25.0,0.5295690050669513,11.978230638153061
axis:f_maint,0.7000000000000001,-4.5877028662404395,27.0,0.8106569460838452,18.140076316542206
axis:f_maint,0.7000000000000001,-4.5877028662404395,30.0,1.155826045153931,22.986127046707775
axis:f_maint,0.7000000000000001,-4.5877028662404395,35.0,1.4937809099109227,29.498608100851605
axis:f_maint,0.7000000000000001,-4.5877028662404395,37.0,1.561194578345212,33.022804102625415
axis:f_maint,0.7000000000000001,-4.5877028662404395,40.0,1.6182856348657695,36.47365994692198
axis:f_maint,0.7000000000000001,-4.5877028662404395,43.0,1.5792295042798143,35.807805584267136
axis:f_maint,0.7000000000000001,-4.5877028662404395,45.0,1.3758122647472717,44.336691423853665
axis:f_maint,0.7000000000000001,-4.5877028662404395,47.0,0.3806182698904797,21.0867064271171
axis:f_maint,0.7000000000000001,-4.5877028662404395,50.0,0.0010392241132471038,7.279914819017185
axis:f_maint,0.75,-4.618975026334455,15.0,0.0,
axis:f_maint,0.75,-4.618975026334455,20.0,0.11496188974399217,5.429345960135757
axis:f_maint,0.75,-4.618975026334455,25.0,0.5293565195524008,11.981307730122072
axis:f_maint,0.75,-4.618975026334455,27.0,0.8085195617535067,18.117359664239398
axis:f_maint,0.75,-4.618975026334455,30.0,1.152906184445305,22.952559232413613
axis:f_maint,0.75,-4.618975026334455,35.0,1.4914192038228349,29.40212439909943
axis:f_maint,0.75,-4.618975026334455,37.0,1.558608864448913,32.91590762787868
axis:f_maint,0.75,-4.618975026334455,40.0,1.6155711724961819,36.358121297400466
axis:f_maint,0.75,-4.618975026334455,43.0,1.5763986798148277,35.68832660896268
axis:f_maint,0.75,-4.618975026334455,45.0,1.3733827237485634,44.23819101775392
axis:f_maint,0.75,-4.618975026334455,47.0,0.38058205318953653,21.105814846114463
axis:f_maint,0.75,-4.618975026334455,50.0,0.001039132064233792,7.31293064531765
axis:f_maint,0.8,-4.65149492435498,15.0,0.0,
axis:f_maint,0.8,-4.65149492435498,20.0,0.11473648602396372,5.4338952098372015
axis:f_maint,0.8,-4.65149492435498,25.0,0.5291440340378508,11.984384822083566
axis:f_maint,0.8,-4.65149492435498,27.0,0.8063793811891482,18.09455504409023
axis:f_maint,0.8,-4.65149492435498,30.0,1.1499863237366759,22.918991418089632
axis:f_maint,0.8,-4.65149492435498,35.0,1.4890574977347537,29.305640697347773
axis:f_maint,0.8,-4.65149492435498,37.0,1.5560231505526148,32.80901115313222
axis:f_maint,0.8,-4.65149492435498,40.0,1.6128567101265894,36.242582647877825
axis:f_maint,0.8,-4.65149492435498,43.0,1.5735678553498487,35.56884763365835
axis:f_maint,0.8,-4.65149492435498,45.0,1.3709432634614458,44.1691228233812
axis:f_maint,0.8,-4.65149492435498,47.0,0.3805458364885934,21.12492326340237
axis:f_maint,0.8,-4.65149492435498,50.0,0.001039039882809777,7.347037926602127
axis:f_maint,0.8500000000000001,-4.685681020350736,15.0,0.0,
axis:f_maint,0.8500000000000001,-4.685681020350736,20.0,0.11451108230393349,5.438444459495273
axis:f_maint,0.8500000000000001,-4.685681020350736,25.0,0.5289315485233015,11.987461914036468
axis:f_maint,0.8500000000000001,-4.685681020350736,27.0,0.8042369167992692,18.07173754298055
axis:f_maint,0.8500000000000001,-4.685681020350736,30.0,1.14706646302805,22.885423603793893
axis:f_maint,0.8500000000000001,-4.685681020350736,35.0,1.486695791646663,29.209156995596206
axis:f_maint,0.8500000000000001,-4.685681020350736,37.0,1.5534374366563148,32.70211467838617
axis:f_maint,0.8500000000000001,-4.685681020350736,40.0,1.6101422477569907,36.127043998355504
axis:f_maint,0.8500000000000001,-4.685681020350736,43.0,1.5707370308848614,35.44936865835418
axis:f_maint,0.8500000000000001,-4.685681020350736,45.0,1.368503803174324,44.100054629017464
axis:f_maint,0.8500000000000001,-4.685681020350736,47.0,0.38050961978766923,21.144031683031415
axis:f_maint,0.8500000000000001,-4.685681020350736,50.0,0.0010389477675991116,7.380599368334542
axis:f_maint,0.9,-4.721550479382647,15.0,0.0,
axis:f_maint,0.9,-4.721550479382647,20.0,0.11428567858390418,5.44299370927669
axis:f_maint,0.9,-4.721550479382647,25.0,0.5287190630087532,11.99053900598966
axis:f_maint,0.9,-4.721550479382647,27.0,0.8020944524093876,18.04892004211932
axis:f_maint,0.9,-4.721550479382647,30.0,1.144146602319418,22.851855789476556
axis:f_maint,0.9,-4.721550479382647,35.0,1.4843340855585767,29.11267329384392
axis:f_maint,0.9,-4.721550479382647,37.0,1.550851722760017,32.59521820363972
axis:f_maint,0.9,-4.721550479382647,40.0,1.6074277853873904,36.01150534883306
axis:f_maint,0.9,-4.721550479382647,43.0,1.567906206419882,35.329889683049466
axis:f_maint,0.9,-4.721550479382647,45.0,1.366064342887209,44.03098643472739
axis:f_maint,0.9,-4.721550479382647,47.0,0.38047340308667277,21.163140100567276
axis:f_maint,0.9,-4.721550479382647,50.0,0.0010388556523720897,7.41416100216989
axis:f_maint,0.9500000000000001,-4.7591039869611045,15.0,0.0,
axis:f_maint,0.9500000000000001,-4.7591039869611045,20.0,0.1140602748638749,5.447542959019064
axis:f_maint,0.9500000000000001,-4.7591039869611045,25.0,0.5285065774942022,11.993616097959503
axis:f_maint,0.9500000000000001,-4.7591039869611045,27.0,0.7999519880195094,18.02610254090163
axis:f_maint,0.9500000000000001,-4.7591039869611045,30.0,1.141226741610796,22.818287975163685
axis:f_maint,0.9500000000000001,-4.7591039869611045,35.0,1.48197237947049,29.01618959209257
axis:f_maint,0.9500000000000001,-4.7591039869611045,37.0,1.548266008863709,32.48832172889246
axis:f_maint,0.9500000000000001,-4.7591039869611045,40.0,1.6047133230177972,35.89596669931176
axis:f_maint,0.9500000000000001,-4.7591039869611045,43.0,1.565075381954894,35.21041070774508
axis:f_maint,0.9500000000000001,-4.7591039869611045,45.0,1.363624882600097,43.96191824046607
axis:f_maint,0.9500000000000001,-4.7591039869611045,47.0,0.38043718638587193,21.182248520105215
axis:f_maint,0.9500000000000001,-4.7591039869611045,50.0,0.0010387635371464827,7.447722630131502
axis:f_maint,1.0,-4.800254585400637,15.0,0.0,
axis:f_maint,1.0,-4.800254585400637,20.0,0.11383487114384619,5.452092208682218
axis:f_maint,1.0,-4.800254585400637,25.0,0.528294091979652,11.996693189910806
axis:f_maint,1.0,-4.800254585400637,27.0,0.7978095236296283,18.003285039983396
axis:f_maint,1.0,-4.800254585400637,30.0,1.1383068809021717,22.784720160867103
axis:f_maint,1.0,-4.800254585400637,35.0,1.4796106733824022,28.919705890340488
axis:f_maint,1.0,-4.800254585400637,37.0,1.5456802949674158,32.38142525414647
axis:f_maint,1.0,-4.800254585400637,40.0,1.6019988606482125,35.78042804978976
axis:f_maint,1.0,-4.800254585400637,43.0,1.5622445574899109,35.09093173244052
axis:f_maint,1.0,-4.800254585400637,45.0,1.3611854223129942,43.89285004613602
axis:f_maint,1.0,-4.800254585400637,47.0,0.3804009696848208,21.201356937382283
axis:f_maint,1.0,-4.800254585400637,50.0,0.0010386477092649055,7.676735511231888
axis:ngam_scale,-1.0,-7.91771358196647,15.0,0.015156176953024937,0.49103873985569596
axis:ngam_scale,-1.0,-7.91771358196647,20.0,0.13722410414292854,4.980034952986001
axis:ngam_scale,-1.0,-7.91771358196647,25.0,0.5503177553503633,11.675398672515326
axis:ngam_scale,-1.0,-7.91771358196647,27.0,0.8405307883910588,17.934597852793082
axis:ngam_scale,-1.0,-7.91771358196647,30.0,1.2090659929474477,23.03833319560001
axis:ngam_scale,-1.0,-7.91771358196647,35.0,1.5425355392675302,30.097429298764496
axis:ngam_scale,-1.0,-7.91771358196647,37.0,1.6122369070900748,33.665970627176556
axis:ngam_scale,-1.0,-7.91771358196647,40.0,1.6711189404273616,37.23368664694226
axis:ngam_scale,-1.0,-7.91771358196647,43.0,1.6310984014841161,36.328255447817895
axis:ngam_scale,-1.0,-7.91771358196647,45.0,1.4272457077717013,43.488634330492346
axis:ngam_scale,-1.0,-7.91771358196647,47.0,0.38333500833403394,18.849370413491872
axis:ngam_scale,-1.0,-7.91771358196647,50.0,0.0010479084987843595,4.249514631652734
axis:ngam_scale,-0.9500000000000001,-7.906391927198191,15.0,0.01437706292098091,0.49326121416849167
axis:ngam_scale,-0.9500000000000001,-7.906391927198191,20.0,0.1364470306886474,4.9957183729229415
axis:ngam_scale,-0.9500000000000001,-7.906391927198191,25.0,0.5495872292049163,11.686172029250478
axis:ngam_scale,-0.9500000000000001,-7.906391927198191,27.0,0.8397521358243064,17.94543148956716
axis:ngam_scale,-0.9500000000000001,-7.906391927198191,30.0,1.208557226357129,23.05552584772664
axis:ngam_scale,-0.9500000000000001,-7.906391927198191,35.0,1.5418892303475389,30.1283944264573
axis:ngam_scale,-0.9500000000000001,-7.906391927198191,37.0,1.6116173751066318,33.70088032021223
axis:ngam_scale,-0.9500000000000001,-7.906391927198191,40.0,1.67050515155645,37.271233787594795
axis:ngam_scale,-0.9500000000000001,-7.906391927198191,43.0,1.6305159836836287,36.37257331497667
axis:ngam_scale,-0.9500000000000001,-7.906391927198191,45.0,1.4264896380480758,43.50718969329198
axis:ngam_scale,-0.9500000000000001,-7.906391927198191,47.0,0.38324664736685427,18.933141332754392
axis:ngam_scale,-0.9500000000000001,-7.906391927198191,50.0,0.001047612706603837,4.365219428239434
axis:ngam_scale,-0.9,-7.8953451224616265,15.0,0.01358236600954352,0.49552813967552595
axis:ngam_scale,-0.9,-7.8953451224616265,20.0,0.13565441445291956,5.011715487672529
axis:ngam_scale,-0.9,-7.8953451224616265,25.0,0.5488420913028119,11.697160871332063
axis:ngam_scale,-0.9,-7.8953451224616265,27.0,0.838957908891196,17.95648181738183
axis:ngam_scale,-0.9,-7.8953451224616265,30.0,1.208038283575775,23.07306238192738
axis:ngam_scale,-0.9,-7.8953451224616265,35.0,1.5412299941576333,30.15997890899987
axis:ngam_scale,-0.9,-7.8953451224616265,37.0,1.610985451437228,33.73648826606584
axis:ngam_scale,-0.9,-7.8953451224616265,40.0,1.6698790858715427,37.30953193450393
axis:ngam_scale,-0.9,-7.8953451224616265,43.0,1.6299219165435266,36.41777761432248
axis:ngam_scale,-0.9,-7.8953451224616265,45.0,1.4257184456531076,43.52611619475455
axis:ngam_scale,-0.9,-7.8953451224616265,47.0,0.3831565190310178,19.0185879585657
axis:ngam_scale,-0.9,-7.8953451224616265,50.0,0.0010473109980804294,4.483238516903498
axis:ngam_scale,-0.8500000000000001,-7.806170395945067,15.0,0.01277177304331805,0.4978404097303266
axis:ngam_scale,-0.8500000000000001,-7.806170395945067,20.0,0.13484594455386884,5.028032571773679
axis:ngam_scale,-0.8500000000000001,-7.806170395945067,25.0,0.5480820493842403,11.708369508811804
axis:ngam_scale,-0.8500000000000001,-7.806170395945067,27.0,0.8381477960780898,17.967753170489576
axis:ngam_scale,-0.8500000000000001,-7.806170395945067,30.0,1.2075089610623777,23.09094967643773
axis:ngam_scale,-0.8500000000000001,-7.806170395945067,35.0,1.5405575721305798,30.192195134534202
axis:ngam_scale,-0.8500000000000001,-7.806170395945067,37.0,1.6103408882272026,33.77280843097269
axis:ngam_scale,-0.8500000000000001,-7.806170395945067,40.0,1.6692404978155906,37.348596109011154
axis:ngam_scale,-0.8500000000000001,-7.806170395945067,43.0,1.6293159670572994,36.46388607599838
axis:ngam_scale,-0.8500000000000001,-7.806170395945067,45.0,1.4249318281078334,43.545421258072345
axis:ngam_scale,-0.8500000000000001,-7.806170395945067,47.0,0.38306458797642307,19.10574377643005
axis:ngam_scale,-0.8500000000000001,-7.806170395945067,50.0,0.0010470062154723603,
axis:ngam_scale,-0.8,-7.874136941996117,15.0,0.011944966849302543,0.5001989290898612
axis:ngam_scale,-0.8,-7.874136941996117,20.0,0.13402130389145536,5.044676025121306
axis:ngam_scale,-0.8,-7.874136941996117,25.0,0.547306805343704,11.719802337963358
axis:ngam_scale,-0.8,-7.874136941996117,27.0,0.8373214796405698,17.979249969611942
axis:ngam_scale,-0.8,-7.874136941996117,30.0,1.2069690512047646,23.109194747032255
axis:ngam_scale,-0.8,-7.874136941996117,35.0,1.5398717005273705,30.2250557389878
axis:ngam_scale,-0.8,-7.874136941996117,37.0,1.6096834326644047,33.80985506051618
axis:ngam_scale,-0.8,-7.874136941996117,40.0,1.6685891369200476,37.38844163299042
axis:ngam_scale,-0.8,-7.874136941996117,43.0,1.6286978975580308,36.51091678477967
axis:ngam_scale,-0.8,-7.874136941996117,45.0,1.4241294768831578,43.565112455315074
axis:ngam_scale,-0.8,-7.874136941996117,47.0,0.38297081814543094,19.194642762122267
axis:ngam_scale,-0.8,-7.874136941996117,50.0,0.0010466893562898075,4.726405658423198
axis:ngam_scale,-0.75,-7.864008358624387,15.0,0.011101623134803151,0.5026046228204912
axis:ngam_scale,-0.75,-7.864008358624387,20.0,0.13318016902310137,5.061652375592414
axis:ngam_scale,-0.75,-7.864008358624387,25.0,0.5465160551130852,11.731463843015321
axis:ngam_scale,-0.75,-7.864008358624387,27.0,0.8364786354787707,17.990976724172224
axis:ngam_scale,-0.75,-7.864008358624387,30.0,1.2064183422381733,23.127804749840596
axis:ngam_scale,-0.75,-7.864008358624387,35.0,1.5391721103337572,30.25857361102648
axis:ngam_scale,-0.75,-7.864008358624387,37.0,1.6090128268800215,33.847642685216535
axis:ngam_scale,-0.75,-7.864008358624387,40.0,1.6679247477065429,37.429084134705654
axis:ngam_scale,-0.75,-7.864008358624387,43.0,1.6280674656249192,36.558888187163014
axis:ngam_scale,-0.75,-7.864008358624387,45.0,1.4233110772789432,43.5851975098581
axis:ngam_scale,-0.75,-7.864008358624387,47.0,0.3828751727592473,19.28531977282517
axis:ngam_scale,-0.75,-7.864008358624387,50.0,0.0010463691792007318,4.851649064681951
axis:ngam_scale,-0.7000000000000001,-7.775472623922056,15.0,0.010241411121734547,0.5050584344885846
axis:ngam_scale,-0.7000000000000001,-7.775472623922056,20.0,0.13232221003683206,5.078968281810845
axis:ngam_scale,-0.7000000000000001,-7.775472623922056,25.0,0.5457094885424008,11.743358597840809
axis:ngam_scale,-0.7000000000000001,-7.775472623922056,27.0,0.8356189330103062,18.00293803360101
axis:ngam_scale,-0.7000000000000001,-7.775472623922056,30.0,1.2058566181621841,23.146786984140984
axis:ngam_scale,-0.7000000000000001,-7.775472623922056,35.0,1.538458527154777,30.29276189711356
axis:ngam_scale,-0.7000000000000001,-7.775472623922056,37.0,1.6083288078474078,33.88618612623016
axis:ngam_scale,-0.7000000000000001,-7.775472623922056,40.0,1.6672470695867183,37.470539555162965
axis:ngam_scale,-0.7000000000000001,-7.775472623922056,43.0,1.6274244239884679,36.607819098611024
axis:ngam_scale,-0.7000000000000001,-7.775472623922056,45.0,1.4224763083004874,43.60568429918275
axis:ngam_scale,-0.7000000000000001,-7.775472623922056,47.0,0.38277760950101225,19.373719843922736
axis:ngam_scale,-0.7000000000000001,-7.775472623922056,50.0,0.0010460455558058894,
axis:ngam_scale,-0.65,-7.608752703544815,15.0,0.009363993415637404,0.5075613265341545
axis:ngam_scale,-0.65,-7.608752703544815,20.0,0.13144709042187347,5.096630535400277
axis:ngam_scale,-0.65,-7.608752703544815,25.0,0.5448867892781322,11.755491267871728
axis:ngam_scale,-0.65,-7.608752703544815,27.0,0.8347420350405648,18.01513858975425
axis:ngam_scale,-0.65,-7.608752703544815,30.0,1.205283658656015,23.166148895193857
axis:ngam_scale,-0.65,-7.608752703544815,35.0,1.5377306711070793,30.32763400666067
axis:ngam_scale,-0.65,-7.608752703544815,37.0,1.6076311072789227,33.92550050115724
axis:ngam_scale,-0.65,-7.608752703544815,40.0,1.666555836760005,37.51282415401513
axis:ngam_scale,-0.65,-7.608752703544815,43.0,1.6267685204332771,36.657728710925085
axis:ngam_scale,-0.65,-7.608752703544815,45.0,1.4216248425326738,43.62658085917319
axis:ngam_scale,-0.65,-7.608752703544815,47.0,0.38267806595261566,19.439308563276285
axis:ngam_scale,-0.65,-7.608752703544815,50.0,0.0010457095639174153,5.109316553639976
axis:ngam_scale,-0.6000000000000001,-7.269130584527099,15.0,0.008469025873593352,0.5101142806476389
axis:ngam_scale,-0.6000000000000001,-7.269130584527099,20.0,0.1305544669366729,5.114646063837577
axis:ngam_scale,-0.6000000000000001,-7.269130584527099,25.0,0.5440476346391658,11.767866611789074
axis:ngam_scale,-0.6000000000000001,-7.269130584527099,27.0,0.8338475976304782,18.027583176931145
axis:ngam_scale,-0.6000000000000001,-7.269130584527099,30.0,1.204699238992077,23.185898077147428
axis:ngam_scale,-0.6000000000000001,-7.269130584527099,35.0,1.5369882567091933,30.363203617291777
axis:ngam_scale,-0.6000000000000001,-7.269130584527099,37.0,1.6069194515207632,33.96560122997831
axis:ngam_scale,-0.6000000000000001,-7.269130584527099,40.0,1.6658507781093732,37.555954516258375
axis:ngam_scale,-0.6000000000000001,-7.269130584527099,43.0,1.6260994976992678,36.70863659977366
axis:ngam_scale,-0.6000000000000001,-7.269130584527099,45.0,1.4207563460114907,43.647895385487416
axis:ngam_scale,-0.6000000000000001,-7.269130584527099,47.0,0.38257653136498304,19.506208830456227
axis:ngam_scale,-0.6000000000000001,-7.269130584527099,50.0,0.001045369708502998,5.242611252886935
axis:ngam_scale,-0.55,-6.925993917015939,15.0,0.007556157469244481,0.5127182981549434
axis:ngam_scale,-0.55,-6.925993917015939,20.0,0.12964398947426264,5.1330219332591085
axis:ngam_scale,-0.55,-6.925993917015939,25.0,0.5431916954902144,11.780489483476387
axis:ngam_scale,-0.55,-6.925993917015939,27.0,0.832935269961622,18.040276677258042
axis:ngam_scale,-0.55,-6.925993917015939,30.0,1.2041031299478662,23.206042276121106
axis:ngam_scale,-0.55,-6.925993917015939,35.0,1.5362309927695206,30.399484680207742
axis:ngam_scale,-0.55,-6.925993917015939,37.0,1.6061935614455531,34.00650404109942
axis:ngam_scale,-0.55,-6.925993917015939,40.0,1.6651316170949944,37.5999475585499
axis:ngam_scale,-0.55,-6.925993917015939,43.0,1.6254170933807006,36.7605627323772
axis:ngam_scale,-0.55,-6.925993917015939,45.0,1.4198704780931424,43.6696362384296
axis:ngam_scale,-0.55,-6.925993917015939,47.0,0.3824729659143764,19.574447526111054
axis:ngam_scale,-0.55,-6.925993917015939,50.0,0.00104502313623305,5.378179634881006
axis:ngam_scale,-0.5,-6.5793650760679405,15.0,0.006625030155112807,0.5153744004101833
axis:ngam_scale,-0.5,-6.5793650760679405,20.0,0.12871530092494718,5.151765351164345
axis:ngam_scale,-0.5,-6.5793650760679405,25.0,0.5423186361127329,11.793364833935835
axis:ngam_scale,-0.5,-6.5793650760679405,27.0,0.8320046941986056,18.053224069053208
axis:ngam_scale,-0.5,-6.5793650760679405,30.0,1.203495097716033,23.226589393090507
axis:ngam_scale,-0.5,-6.5793650760679405,35.0,1.5354585822721523,30.43649142565534
axis:ngam_scale,-0.5,-6.5793650760679405,37.0,1.605453152342936,34.04822497752271
axis:ngam_scale,-0.5,-6.5793650760679405,40.0,1.6643980716457643,37.64482053601253
axis:ngam_scale,-0.5,-6.5793650760679405,43.0,1.6247210398232723,36.81352747532532
axis:ngam_scale,-0.5,-6.5793650760679405,45.0,1.4189668913203215,43.69181194475472
axis:ngam_scale,-0.5,-6.5793650760679405,47.0,0.38236732897977255,19.64405095479164
axis:ngam_scale,-0.5,-6.5793650760679405,50.0,0.001044669631928841,5.516459642901531
axis:ngam_scale,-0.45,-6.229270680747666,15.0,0.00567527872216619,0.518083629196281
axis:ngam_scale,-0.45,-6.229270680747666,20.0,0.12776803703623119,5.170883669050639
axis:ngam_scale,-0.45,-6.229270680747666,25.0,0.5414270169258912,11.806393784370696
axis:ngam_scale,-0.45,-6.229270680747666,27.0,0.8310555053487311,18.066430430509197
axis:ngam_scale,-0.45,-6.229270680747666,30.0,1.202874903812687,23.247547487086607
axis:ngam_scale,-0.45,-6.229270680747666,35.0,1.5346707222603522,30.47423836851058
axis:ngam_scale,-0.45,-6.229270680747666,37.0,1.6046979338078173,34.09078040313344
axis:ngam_scale,-0.45,-6.229270680747666,40.0,1.6636498540486908,37.690591048814184
axis:ngam_scale,-0.45,-6.229270680747666,43.0,1.6240110640191694,36.86755160258431
axis:ngam_scale,-0.45,-6.229270680747666,45.0,1.418045231286041,43.714431203304464
axis:ngam_scale,-0.45,-6.229270680747666,47.0,0.38225957912794806,19.71504657128496
axis:ngam_scale,-0.45,-6.229270680747666,50.0,0.00104430905694065,5.657505466124175
axis:ngam_scale,-0.4,-5.875426183967727,15.0,0.004706530656575021,0.520847047133576
axis:ngam_scale,-0.4,-5.875426183967727,20.0,0.126801826269957,5.190384385621219
axis:ngam_scale,-0.4,-5.875426183967727,25.0,0.5405166911354294,11.819611619219463
axis:ngam_scale,-0.4,-5.875426183967727,27.0,0.8300873311188263,18.07990094140964
axis:ngam_scale,-0.4,-5.875426183967727,30.0,1.2022423049838644,23.26892477837145
axis:ngam_scale,-0.4,-5.875426183967727,35.0,1.5338671037177456,30.512740313971204
axis:ngam_scale,-0.4,-5.875426183967727,37.0,1.6039276096265582,34.134187009127935
axis:ngam_scale,-0.4,-5.875426183967727,40.0,1.662886670836069,37.737277049128004
axis:ngam_scale,-0.4,-5.875426183967727,43.0,1.6232868874999655,36.922656303626674
axis:ngam_scale,-0.4,-5.875426183967727,45.0,1.4171051364945113,43.73750288503398
axis:ngam_scale,-0.4,-5.875426183967727,47.0,0.3821496740972281,19.79473090987166
axis:ngam_scale,-0.4,-5.875426183967727,50.0,0.0010439407264163177,5.796449674503501
axis:ngam_scale,-0.35000000000000003,-5.5158418496402835,15.0,0.003718405993604018,0.5236657380966091
axis:ngam_scale,-0.35000000000000003,-5.5158418496402835,20.0,0.1258162896565734,5.210275149400958
axis:ngam_scale,-0.35000000000000003,-5.5158418496402835,25.0,0.5395881572917569,11.833093833096099
axis:ngam_scale,-0.35000000000000003,-5.5158418496402835,27.0,0.8290997917692147,18.093640885729897
axis:ngam_scale,-0.35000000000000003,-5.5158418496402835,30.0,1.2015970531101003,23.290729651584776
axis:ngam_scale,-0.35000000000000003,-5.5158418496402835,35.0,1.5330474114470904,30.55201236336625
axis:ngam_scale,-0.35000000000000003,-5.5158418496402835,37.0,1.6031418776607047,34.17846182054901
axis:ngam_scale,-0.35000000000000003,-5.5158418496402835,40.0,1.6621082226703021,37.78489684833854
axis:ngam_scale,-0.35000000000000003,-5.5158418496402835,43.0,1.6225482262273123,36.97886319175131
axis:ngam_scale,-0.35000000000000003,-5.5158418496402835,45.0,1.4161462382194747,43.76103603906067
axis:ngam_scale,-0.35000000000000003,-5.5158418496402835,47.0,0.38203757078022954,19.913611877265954
axis:ngam_scale,-0.35000000000000003,-5.5158418496402835,50.0,0.001043555772920949,5.7967753759546605
axis:ngam_scale,-0.30000000000000004,-5.153074628349662,15.0,0.002710517168581377,0.5265624690685329
axis:ngam_scale,-0.30000000000000004,-5.153074628349662,20.0,0.12481104064650189,5.230563762072775
axis:ngam_scale,-0.30000000000000004,-5.153074628349662,25.0,0.5386410512030569,11.846845714015961
axis:ngam_scale,-0.30000000000000004,-5.153074628349662,27.0,0.8280924999648148,18.10765565166165
axis:ngam_scale,-0.30000000000000004,-5.153074628349662,30.0,1.2009388951091307,23.312970659069578
axis:ngam_scale,-0.30000000000000004,-5.153074628349662,35.0,1.532211323946689,30.592069920072365
axis:ngam_scale,-0.30000000000000004,-5.153074628349662,37.0,1.6023404297285457,34.223622202970866
axis:ngam_scale,-0.30000000000000004,-5.153074628349662,40.0,1.6613142042265079,37.83346912392778
axis:ngam_scale,-0.30000000000000004,-5.153074628349662,43.0,1.6217915470158841,37.03688718616288
axis:ngam_scale,-0.30000000000000004,-5.153074628349662,45.0,1.4151681603595092,43.7850398961272
axis:ngam_scale,-0.30000000000000004,-5.153074628349662,47.0,0.381923225207613,20.034870665662012
axis:ngam_scale,-0.30000000000000004,-5.153074628349662,50.0,0.0010431570278381919,5.846984228231077
axis:ngam_scale,-0.25,-4.778345478957597,15.0,0.0016829333260948538,
axis:ngam_scale,-0.25,-4.778345478957597,20.0,0.12378568495851487,5.251258181241952
axis:ngam_scale,-0.25,-4.778345478957597,25.0,0.5376746106034078,11.860849960825727
axis:ngam_scale,-0.25,-4.778345478957597,27.0,0.8270650606231602,18.12195073656477
axis:ngam_scale,-0.25,-4.778345478957597,30.0,1.2002675728366134,23.335656524267236
axis:ngam_scale,-0.25,-4.778345478957597,35.0,1.531358513284259,30.632928695563812
axis:ngam_scale,-0.25,-4.778345478957597,37.0,1.601522951484233,34.269685869311225
axis:ngam_scale,-0.25,-4.778345478957597,40.0,1.6605043040729013,37.883012927101746
axis:ngam_scale,-0.25,-4.778345478957597,43.0,1.6210155454423298,37.09698137479564
axis:ngam_scale,-0.25,-4.778345478957597,45.0,1.4141705192905205,43.809523870738026
axis:ngam_scale,-0.25,-4.778345478957597,47.0,0.3818065925303602,20.158554833355822
axis:ngam_scale,-0.25,-4.778345478957597,50.0,0.0010427379980973085,5.999654813525639
axis:ngam_scale,-0.2,-4.408542786753322,15.0,0.0006312049387963778,
axis:ngam_scale,-0.2,-4.408542786753322,20.0,0.12273982042510141,5.272366523831473
axis:ngam_scale,-0.2,-4.408542786753322,25.0,0.5366886860432306,11.875127548374834
axis:ngam_scale,-0.2,-4.408542786753322,27.0,0.8260170707594859,18.13653174781791
axis:ngam_scale,-0.2,-4.408542786753322,30.0,1.1995828229848817,23.358796145108638
axis:ngam_scale,-0.2,-4.408542786753322,35.0,1.5304886449683028,30.674604715569846
axis:ngam_scale,-0.2,-4.408542786753322,37.0,1.6006891222944317,34.31667088677276
axis:ngam_scale,-0.2,-4.408542786753322,40.0,1.6596782045483882,37.93354768997302
axis:ngam_scale,-0.2,-4.408542786753322,43.0,1.6202240225267386,37.15827754868982
axis:ngam_scale,-0.2,-4.408542786753322,45.0,1.4131529237152782,43.83449756631318
axis:ngam_scale,-0.2,-4.408542786753322,47.0,0.3816876270025964,20.284712894683526
axis:ngam_scale,-0.2,-4.408542786753322,50.0,0.0010423105870475593,6.155379094220003
axis:ngam_scale,-0.15000000000000002,-4.200102931598188,15.0,0.0,
axis:ngam_scale,-0.15000000000000002,-4.200102931598188,20.0,0.12167303683471004,5.293897068744265
axis:ngam_scale,-0.15000000000000002,-4.200102931598188,25.0,0.5356830413267738,11.889690711790161
axis:ngam_scale,-0.15000000000000002,-4.200102931598188,27.0,0.8249481193286433,18.151404403116942
axis:ngam_scale,-0.15000000000000002,-4.200102931598188,30.0,1.1988843769796804,23.38239859743903
axis:ngam_scale,-0.15000000000000002,-4.200102931598188,35.0,1.5296013778169608,30.71711432636056
axis:ngam_scale,-0.15000000000000002,-4.200102931598188,37.0,1.5998386151126245,34.36459568393303
axis:ngam_scale,-0.15000000000000002,-4.200102931598188,40.0,1.6588355816382576,37.9850932334624
axis:ngam_scale,-0.15000000000000002,-4.200102931598188,43.0,1.6194166678161015,37.220799749581694
axis:ngam_scale,-0.15000000000000002,-4.200102931598188,45.0,1.4121149745099772,43.85997077804899
axis:ngam_scale,-0.15000000000000002,-4.200102931598188,47.0,0.38156628196333814,20.414969375496874
axis:ngam_scale,-0.15000000000000002,-4.200102931598188,50.0,0.0010418746270546742,6.314218121321201
axis:ngam_scale,-0.1,-4.205376714663358,15.0,0.0,
axis:ngam_scale,-0.1,-4.205376714663358,20.0,0.12058491577087656,5.315858261059861
axis:ngam_scale,-0.1,-4.205376714663358,25.0,0.5346572820176065,11.904545163066208
axis:ngam_scale,-0.1,-4.205376714663358,27.0,0.8238577870638885,18.16657453710449
axis:ngam_scale,-0.1,-4.205376714663358,30.0,1.1981719608748005,23.406473138651705
axis:ngam_scale,-0.1,-4.205376714663358,35.0,1.5286963638241287,30.76047420115869
axis:ngam_scale,-0.1,-4.205376714663358,37.0,1.5989710963508046,34.41347905797416
axis:ngam_scale,-0.1,-4.205376714663358,40.0,1.657976104846849,38.0376697748977
axis:ngam_scale,-0.1,-4.205376714663358,43.0,1.6185931646477305,37.284572500082724
axis:ngam_scale,-0.1,-4.205376714663358,45.0,1.4110562645676545,43.885953496936246
axis:ngam_scale,-0.1,-4.205376714663358,47.0,0.38144250981849437,20.565022819825053
axis:ngam_scale,-0.1,-4.205376714663358,50.0,0.0010414299471218674,6.47623427916384
axis:ngam_scale,-0.05,-4.124749281590844,15.0,0.0,
axis:ngam_scale,-0.05,-4.124749281590844,20.0,0.11947503044809586,5.338258714304588
axis:ngam_scale,-0.05,-4.124749281590844,25.0,0.5336110057899052,11.919696728441588
axis:ngam_scale,-0.05,-4.124749281590844,27.0,0.822745646312429,18.182048099383202
axis:ngam_scale,-0.05,-4.124749281590844,30.0,1.1974452952446648,23.431029211358968
axis:ngam_scale,-0.05,-4.124749281590844,35.0,1.5277732480230126,30.80470134668171
axis:ngam_scale,-0.05,-4.124749281590844,37.0,1.5980862257486388,34.46334018205386
axis:ngam_scale,-0.05,-4.124749281590844,40.0,1.6570994370680878,38.091297935930704
axis:ngam_scale,-0.05,-4.124749281590844,43.0,1.617753190025251,37.3496208132966
axis:ngam_scale,-0.05,-4.124749281590844,45.0,1.40997637863845,43.912455913999835
axis:ngam_scale,-0.05,-4.124749281590844,47.0,0.38130150578911126,20.667703797817847
axis:ngam_scale,-0.05,-4.124749281590844,50.0,0.0010409792842315925,
axis:ngam_scale,0.0,-4.2224779764014295,15.0,0.0,
axis:ngam_scale,0.0,-4.2224779764014295,20.0,0.11834294554443316,5.361107214455652
axis:ngam_scale,0.0,-4.2224779764014295,25.0,0.5325438022706479,11.935151350722135
axis:ngam_scale,0.0,-4.2224779764014295,27.0,0.821611260867707,18.197831158992578
axis:ngam_scale,0.0,-4.2224779764014295,30.0,1.196704095074698,23.45607644700078
axis:ngam_scale,0.0,-4.2224779764014295,35.0,1.5268316683468743,30.84981310980844
axis:ngam_scale,0.0,-4.2224779764014295,37.0,1.5971836562400235,34.514198612823016
axis:ngam_scale,0.0,-4.2224779764014295,40.0,1.6562052344532,38.14599875076241
axis:ngam_scale,0.0,-4.2224779764014295,43.0,1.6168964144917177,37.415970202632955
axis:ngam_scale,0.0,-4.2224779764014295,45.0,1.40887489316692,43.93948842428881
axis:ngam_scale,0.0,-4.2224779764014295,47.0,0.38112494249750395,20.745815537520116
axis:ngam_scale,0.0,-4.2224779764014295,50.0,0.0010405137263105142,6.810053065922644
axis:ngam_scale,0.05,-4.230762074386146,15.0,0.0,
axis:ngam_scale,0.05,-4.230762074386146,20.0,0.11718821703077757,5.384412723127531
axis:ngam_scale,0.05,-4.230762074386146,25.0,0.5314552528786617,11.950915091560205
axis:ngam_scale,0.05,-4.230762074386146,27.0,0.8204541857982837,18.213929906465765
axis:ngam_scale,0.05,-4.230762074386146,30.0,1.1959480696495575,23.48162466965333
axis:ngam_scale,0.05,-4.230762074386146,35.0,1.5258712554870235,30.895827184383535
axis:ngam_scale,0.05,-4.230762074386146,37.0,1.5962630338169224,34.56607429809893
axis:ngam_scale,0.05,-4.230762074386146,40.0,1.65529314627583,38.20179367425138
axis:ngam_scale,0.05,-4.230762074386146,43.0,1.6160225020005483,37.48364669180856
axis:ngam_scale,0.05,-4.230762074386146,45.0,1.4077513761256895,43.96706163031513
axis:ngam_scale,0.05,-4.230762074386146,47.0,0.38093961394683584,20.881480407591933
axis:ngam_scale,0.05,-4.230762074386146,50.0,0.0010400418260668694,6.98198679866907
axis:ngam_scale,0.1,-4.239907783913226,15.0,0.0,
axis:ngam_scale,0.1,-4.239907783913226,20.0,0.11601039199668826,5.40818438139068
axis:ngam_scale,0.1,-4.239907783913226,25.0,0.530344930660441,11.96699413382741
axis:ngam_scale,0.1,-4.239907783913226,27.0,0.8192739672733529,18.23035065606539
axis:ngam_scale,0.1,-4.239907783913226,30.0,1.1951769224391,23.50768389989964
axis:ngam_scale,0.1,-4.239907783913226,35.0,1.5248916327479876,30.94276161816185
axis:ngam_scale,0.1,-4.239907783913226,37.0,1.5953239973905746,34.6189875846908
axis:ngam_scale,0.1,-4.239907783913226,40.0,1.6543628147945397,38.25870459043266
axis:ngam_scale,0.1,-4.239907783913226,43.0,1.6151311097836452,37.552676825060864
axis:ngam_scale,0.1,-4.239907783913226,45.0,1.4066053868462096,43.99518634727811
axis:ngam_scale,0.1,-4.239907783913226,47.0,0.3807505210947383,21.016928914490173
axis:ngam_scale,0.1,-4.239907783913226,50.0,0.0010395604870294464,7.1573593265593445
axis:ngam_scale,0.15000000000000002,-4.250990737352905,15.0,0.0,
axis:ngam_scale,0.15000000000000002,-4.250990737352905,20.0,0.11480900847275036,5.432431512952936
axis:ngam_scale,0.15000000000000002,-4.250990737352905,25.0,0.5292124001226924,11.983394784093656
axis:ngam_scale,0.15000000000000002,-4.250990737352905,27.0,0.8180701423847109,18.247099848410766
axis:ngam_scale,0.15000000000000002,-4.250990737352905,30.0,1.1943903509820848,23.534264358763355
axis:ngam_scale,0.15000000000000002,-4.250990737352905,35.0,1.5238924158997322,30.990634819879702
axis:ngam_scale,0.15000000000000002,-4.250990737352905,37.0,1.594366178649812,34.67295922637756
axis:ngam_scale,0.15000000000000002,-4.250990737352905,40.0,1.6534138751124274,38.3167538211013
axis:ngam_scale,0.15000000000000002,-4.250990737352905,43.0,1.614221888216959,37.623087677560406
axis:ngam_scale,0.15000000000000002,-4.250990737352905,45.0,1.405436475845749,44.023873605889186
axis:ngam_scale,0.15000000000000002,-4.250990737352905,47.0,0.38055748901961206,21.118775231782074
axis:ngam_scale,0.15000000000000002,-4.250990737352905,50.0,0.0010390695203902288,7.336239666722816
axis:ngam_scale,0.2,-4.166809046186578,15.0,0.0,
axis:ngam_scale,0.2,-4.166809046186578,20.0,0.11358359524937871,5.457163628066086
axis:ngam_scale,0.2,-4.166809046186578,25.0,0.5280572170615143,12.000123475069612
axis:ngam_scale,0.2,-4.166809046186578,27.0,0.8168422389652193,18.26418405288575
axis:ngam_scale,0.2,-4.166809046186578,30.0,1.1935880467675282,23.561376471687474
axis:ngam_scale,0.2,-4.166809046186578,35.0,1.5228729889382935,31.03945465383872
axis:ngam_scale,0.2,-4.166809046186578,37.0,1.5933892019166325,34.728010392047935
axis:ngam_scale,0.2,-4.166809046186578,40.0,1.652445955034068,38.375964134378265
axis:ngam_scale,0.2,-4.166809046186578,43.0,1.6132944806834468,37.69490686602528
axis:ngam_scale,0.2,-4.166809046186578,45.0,1.4042441846511475,44.05313465817685
axis:ngam_scale,0.2,-4.166809046186578,47.0,0.3803605959770442,21.22265864934186
axis:ngam_scale,0.2,-4.166809046186578,50.0,0.001038571592008142,
axis:ngam_scale,0.25,-4.177763871373083,15.0,0.0,
axis:ngam_scale,0.25,-4.177763871373083,20.0,0.11233367169200421,5.482390427312098
axis:ngam_scale,0.25,-4.177763871373083,25.0,0.526878928388186,12.017186768108987
axis:ngam_scale,0.25,-4.177763871373083,27.0,0.8155897754035945,18.28160997035599
axis:ngam_scale,0.25,-4.177763871373083,30.0,1.1927696951137217,23.58903087268096
axis:ngam_scale,0.25,-4.177763871373083,35.0,1.5218336243755195,31.089273010486927
axis:ngam_scale,0.25,-4.177763871373083,37.0,1.592392683998805,34.784162674002886
axis:ngam_scale,0.25,-4.177763871373083,40.0,1.6514586749194653,38.4363587538969
axis:ngam_scale,0.25,-4.177763871373083,43.0,1.612348523432989,37.76816255954964
axis:ngam_scale,0.25,-4.177763871373083,45.0,1.4030280456190622,44.08298098083732
axis:ngam_scale,0.25,-4.177763871373083,47.0,0.38015976474110413,21.32861990981338
axis:ngam_scale,0.25,-4.177763871373083,50.0,0.001038060853331763,
axis:ngam_scale,0.30000000000000004,-4.289238558321733,15.0,0.0,
axis:ngam_scale,0.30000000000000004,-4.289238558321733,20.0,0.1110587475525494,5.5081218050059535
axis:ngam_scale,0.30000000000000004,-4.289238558321733,25.0,0.5256770719514411,12.034591355831814
axis:ngam_scale,0.30000000000000004,-4.289238558321733,27.0,0.8143122604555189,18.299384435566818
axis:ngam_scale,0.30000000000000004,-4.289238558321733,30.0,1.191934975044753,23.617238408383486
axis:ngam_scale,0.30000000000000004,-4.289238558321733,35.0,1.5207732421953029,31.140076687487397
axis:ngam_scale,0.30000000000000004,-4.289238558321733,37.0,1.5913762340396684,34.841438096431034
axis:ngam_scale,0.30000000000000004,-4.289238558321733,40.0,1.650451647535215,38.497961367819705
axis:ngam_scale,0.30000000000000004,-4.289238558321733,43.0,1.6113836454399477,37.842883490663056
axis:ngam_scale,0.30000000000000004,-4.289238558321733,45.0,1.4017875817524477,44.113424280150305
axis:ngam_scale,0.30000000000000004,-4.289238558321733,47.0,0.3799549165410655,21.436700570575116
axis:ngam_scale,0.30000000000000004,-4.289238558321733,50.0,0.001037536909902499,7.894635765632998
axis:ngam_scale,0.35000000000000003,-4.303895700713985,15.0,0.0,
axis:ngam_scale,0.35000000000000003,-4.303895700713985,20.0,0.10975832277715367,5.534367853833052
axis:ngam_scale,0.35000000000000003,-4.303895700713985,25.0,0.5244511763562079,12.052344064703979
axis:ngam_scale,0.35000000000000003,-4.303895700713985,27.0,0.8130091930509553,18.317514420053218
axis:ngam_scale,0.35000000000000003,-4.303895700713985,30.0,1.1910835591647002,23.646010142438225
axis:ngam_scale,0.35000000000000003,-4.303895700713985,35.0,1.5196893960804903,31.19197123537103
axis:ngam_scale,0.35000000000000003,-4.303895700713985,37.0,1.5903235050945506,34.89948401596825
axis:ngam_scale,0.35000000000000003,-4.303895700713985,40.0,1.6494244779025542,38.56079613806348
axis:ngam_scale,0.35000000000000003,-4.303895700713985,43.0,1.610399468257505,37.91909896658954
axis:ngam_scale,0.35000000000000003,-4.303895700713985,45.0,1.4005223065135632,44.144476497309775
axis:ngam_scale,0.35000000000000003,-4.303895700713985,47.0,0.3797459710314818,21.54694303711527
axis:ngam_scale,0.35000000000000003,-4.303895700713985,50.0,0.001037005468304233,8.088262933150483
axis:ngam_scale,0.4,-4.321037127246177,15.0,0.0,
axis:ngam_scale,0.4,-4.321037127246177,20.0,0.10843188731003117,5.561138867913375
axis:ngam_scale,0.4,-4.321037127246177,25.0,0.5232007607787186,12.070451857726168
axis:ngam_scale,0.4,-4.321037127246177,27.0,0.8116800620976118,18.336007035118712
axis:ngam_scale,0.4,-4.321037127246177,30.0,1.1902151135291288,23.675357359768608
axis:ngam_scale,0.4,-4.321037127246177,35.0,1.5185837941971263,31.244906032463575
axis:ngam_scale,0.4,-4.321037127246177,37.0,1.5892320236529143,34.95827200275843
axis:ngam_scale,0.4,-4.321037127246177,40.0,1.6483767631425088,38.62488770986201
axis:ngam_scale,0.4,-4.321037127246177,43.0,1.6093956058692929,37.99683888075231
axis:ngam_scale,0.4,-4.321037127246177,45.0,1.3992317236330434,44.176149811097865
axis:ngam_scale,0.4,-4.321037127246177,47.0,0.37953192189630003,21.611464174710193
axis:ngam_scale,0.4,-4.321037127246177,50.0,0.001036463396977601,8.285762923204802
axis:ngam_scale,0.45,-4.341867266496525,15.0,0.0,
axis:ngam_scale,0.45,-4.341867266496525,20.0,0.10707892089341978,5.5884453475520015
axis:ngam_scale,0.45,-4.341867266496525,25.0,0.5219253347779167,12.088921837213181
axis:ngam_scale,0.45,-4.341867266496525,27.0,0.8103243462805056,18.354869533146008
axis:ngam_scale,0.45,-4.341867266496525,30.0,1.189329297514175,23.705291571003468
axis:ngam_scale,0.45,-4.341867266496525,35.0,1.5174560784089024,31.298899614896794
axis:ngam_scale,0.45,-4.341867266496525,37.0,1.588118710739106,35.01823584856813
axis:ngam_scale,0.45,-4.341867266496525,40.0,1.6473080923178414,38.69026122133185
axis:ngam_scale,0.45,-4.341867266496525,43.0,1.6083716645379724,38.076133724488585
axis:ngam_scale,0.45,-4.341867266496525,45.0,1.3979153269153097,44.2084566445796
axis:ngam_scale,0.45,-4.341867266496525,47.0,0.3793132039297435,21.584255138948166
axis:ngam_scale,0.45,-4.341867266496525,50.0,0.0010359104833089585,8.487213246528079
axis:ngam_scale,0.5,-4.360808824503091,15.0,0.0,
axis:ngam_scale,0.5,-4.360808824503091,20.0,0.10569889286351886,5.616298002907716
axis:ngam_scale,0.5,-4.360808824503091,25.0,0.5206243981031008,12.107761247466991
axis:ngam_scale,0.5,-4.360808824503091,27.0,0.8089415138574616,18.374109313398304
axis:ngam_scale,0.5,-4.360808824503091,30.0,1.1884257636829125,23.735824517015452
axis:ngam_scale,0.5,-4.360808824503091,35.0,1.516305806400372,31.35397316016551
axis:ngam_scale,0.5,-4.360808824503091,37.0,1.5869831296867913,35.07939907256304
axis:ngam_scale,0.5,-4.360808824503091,40.0,1.646218046271849,38.75694231341648
axis:ngam_scale,0.5,-4.360808824503091,43.0,1.6073272426506973,38.15701459901552
axis:ngam_scale,0.5,-4.360808824503091,45.0,1.3965726000400045,44.241409669425
axis:ngam_scale,0.5,-4.360808824503091,47.0,0.3790897634707922,21.658188258312634
axis:ngam_scale,0.5,-4.360808824503091,50.0,0.0010353465104398437,8.69269286288485
axis:ngam_scale,0.55,-4.380824856857664,15.0,0.0,
axis:ngam_scale,0.55,-4.380824856857664,20.0,0.10429126194236622,5.644707758289514
axis:ngam_scale,0.55,-4.380824856857664,25.0,0.5192974404977034,12.12697747774272
axis:ngam_scale,0.55,-4.380824856857664,27.0,0.8075309331179847,18.393699840142467
axis:ngam_scale,0.55,-4.380824856857664,30.0,1.187504157649097,23.766968173532153
axis:ngam_scale,0.55,-4.380824856857664,35.0,1.5151325270090392,31.410148269350806
axis:ngam_scale,0.55,-4.380824856857664,37.0,1.585824835095625,35.1417856643349
axis:ngam_scale,0.55,-4.380824856857664,40.0,1.6451061974640162,38.82495713997556
axis:ngam_scale,0.55,-4.380824856857664,43.0,1.606261930561839,38.23951322763043
axis:ngam_scale,0.55,-4.380824856857664,45.0,1.3952030163595708,44.27502181034407
axis:ngam_scale,0.55,-4.380824856857664,47.0,0.37886185382566856,21.733600040848824
axis:ngam_scale,0.55,-4.380824856857664,50.0,0.0010347712571599236,8.902282416521288
axis:ngam_scale,0.6000000000000001,-4.401939058375426,15.0,0.0,
axis:ngam_scale,0.6000000000000001,-4.401939058375426,20.0,0.10285547602551241,5.673685756828437
axis:ngam_scale,0.6000000000000001,-4.401939058375426,25.0,0.5179439414991708,12.146578065075609
axis:ngam_scale,0.6000000000000001,-4.401939058375426,27.0,0.8060875800293066,18.413632454683054
axis:ngam_scale,0.6000000000000001,-4.401939058375426,30.0,1.1865641179381496,23.798734755760005
axis:ngam_scale,0.6000000000000001,-4.401939058375426,35.0,1.5139357800483926,31.467446975591486
axis:ngam_scale,0.6000000000000001,-4.401939058375426,37.0,1.5846433726564488,35.205420093303395
axis:ngam_scale,0.6000000000000001,-4.401939058375426,40.0,1.6439721098022915,38.89433237793642
axis:ngam_scale,0.6000000000000001,-4.401939058375426,43.0,1.6051753104320508,38.32366196814548
axis:ngam_scale,0.6000000000000001,-4.401939058375426,45.0,1.3938060386925002,44.30930625087238
axis:ngam_scale,0.6000000000000001,-4.401939058375426,47.0,0.3786293856025198,21.810520281782242
axis:ngam_scale,0.6000000000000001,-4.401939058375426,50.0,0.0010341844978139624,9.116064352904072
axis:ngam_scale,0.65,-4.424221300181738,15.0,0.0,
axis:ngam_scale,0.65,-4.424221300181738,20.0,0.1013909719655,5.703243364271307
axis:ngam_scale,0.65,-4.424221300181738,25.0,0.516563370234811,12.166570697253377
axis:ngam_scale,0.65,-4.424221300181738,27.0,0.804615357441247,18.43396375484551
axis:ngam_scale,0.65,-4.424221300181738,30.0,1.1856052758454008,23.831136723274557
axis:ngam_scale,0.65,-4.424221300181738,35.0,1.5127150961274025,31.525891752725176
axis:ngam_scale,0.65,-4.424221300181738,37.0,1.5834382789731642,35.27032731831854
axis:ngam_scale,0.65,-4.424221300181738,40.0,1.6428153384720223,38.9650952378014
axis:ngam_scale,0.65,-4.424221300181738,43.0,1.6040669560645233,38.409493825583525
axis:ngam_scale,0.65,-4.424221300181738,45.0,1.3923811191127984,44.3442764380983
axis:ngam_scale,0.65,-4.424221300181738,47.0,0.3783922676223275,21.888979032183734
axis:ngam_scale,0.65,-4.424221300181738,50.0,0.0010335860023239411,9.33412197987896
axis:ngam_scale,0.7000000000000001,-4.447715595367021,15.0,0.0,
axis:ngam_scale,0.7000000000000001,-4.447715595367021,20.0,0.09989717535096197,5.733392173808676
axis:ngam_scale,0.7000000000000001,-4.447715595367021,25.0,0.5151551852135908,12.186963215846069
axis:ngam_scale,0.7000000000000001,-4.447715595367021,27.0,0.8031136879150691,18.454701714857002
axis:ngam_scale,0.7000000000000001,-4.447715595367021,30.0,1.184627255291458,23.864186784876697
axis:ngam_scale,0.7000000000000001,-4.447715595367021,35.0,1.5114699964664522,31.58550552410631
axis:ngam_scale,0.7000000000000001,-4.447715595367021,37.0,1.5822090813810057,35.336532797453714
axis:ngam_scale,0.7000000000000001,-4.447715595367021,40.0,1.6416354297615274,39.03727347433003
axis:ngam_scale,0.7000000000000001,-4.447715595367021,43.0,1.6029364327378024,38.49704246512831
axis:ngam_scale,0.7000000000000001,-4.447715595367021,45.0,1.3909271074438643,44.38002584358089
axis:ngam_scale,0.7000000000000001,-4.447715595367021,47.0,0.37815040688206303,21.969007088669727
axis:ngam_scale,0.7000000000000001,-4.447715595367021,50.0,0.0010329755358850939,9.55654142278529
axis:ngam_scale,0.75,-4.472476819554166,15.0,0.0,
axis:ngam_scale,0.75,-4.472476819554166,20.0,0.09837350028133944,5.764144010449908
axis:ngam_scale,0.75,-4.472476819554166,25.0,0.5137188341137351,12.207763619252377
axis:ngam_scale,0.75,-4.472476819554166,27.0,0.8015819824622742,18.475854469705833
axis:ngam_scale,0.75,-4.472476819554166,30.0,1.1836296726747086,23.897897903529834
axis:ngam_scale,0.75,-4.472476819554166,35.0,1.5101999927094831,31.64631167159292
axis:ngam_scale,0.75,-4.472476819554166,37.0,1.580955297761071,35.404062497982274
axis:ngam_scale,0.75,-4.472476819554166,40.0,1.6404319208841456,39.11089539756625
axis:ngam_scale,0.75,-4.472476819554166,43.0,1.6017832970352572,38.58634222531938
axis:ngam_scale,0.75,-4.472476819554166,45.0,1.3894438563507832,44.41650665530539
axis:ngam_scale,0.75,-4.472476819554166,47.0,0.3779037085185398,22.05063585614923
axis:ngam_scale,0.75,-4.472476819554166,50.0,0.001032352859122135,9.783409264561811
axis:ngam_scale,0.8,-4.498559591265045,15.0,0.0,
axis:ngam_scale,0.8,-4.498559591265045,20.0,0.09681934913706725,5.795510935685665
axis:ngam_scale,0.8,-4.498559591265045,25.0,0.5122537535661027,12.228980065859925
axis:ngam_scale,0.8,-4.498559591265045,27.0,0.8000196403136113,18.497430315503475
axis:ngam_scale,0.8,-4.498559591265045,30.0,1.1826121367208615,23.932283301473692
axis:ngam_scale,0.8,-4.498559591265045,35.0,1.5089045867325486,31.70833404472108
axis:ngam_scale,0.8,-4.498559591265045,37.0,1.579676436351295,35.472942906569145
axis:ngam_scale,0.8,-4.498559591265045,40.0,1.6392043397966718,39.185989883547094
axis:ngam_scale,0.8,-4.498559591265045,43.0,1.6006070966712165,38.67742813152947
axis:ngam_scale,0.8,-4.498559591265045,45.0,1.3879309377308593,44.453717144977034
axis:ngam_scale,0.8,-4.498559591265045,47.0,0.37765207577114535,22.133897309676566
axis:ngam_scale,0.8,-4.498559591265045,50.0,0.0010317177277438514,10.01481518831093
axis:ngam_scale,0.8500000000000001,-4.526012146605908,15.0,0.0,
axis:ngam_scale,0.8500000000000001,-4.526012146605908,20.0,0.09523411234518511,5.827505252534932
axis:ngam_scale,0.8500000000000001,-4.526012146605908,25.0,0.5107593689332224,12.250620877224272
axis:ngam_scale,0.8500000000000001,-4.526012146605908,27.0,0.7984260486834123,18.519437714460352
axis:ngam_scale,0.8500000000000001,-4.526012146605908,30.0,1.181574248329467,23.96735646544809
axis:ngam_scale,0.8500000000000001,-4.526012146605908,35.0,1.5075832704483254,31.771596970059473
axis:ngam_scale,0.8500000000000001,-4.526012146605908,37.0,1.5783719955535136,35.54320103965557
axis:ngam_scale,0.8500000000000001,-4.526012146605908,40.0,1.637952205014264,39.26258638613961
axis:ngam_scale,0.8500000000000001,-4.526012146605908,43.0,1.5994073703134482,38.77033590969232
axis:ngam_scale,0.8500000000000001,-4.526012146605908,45.0,1.386387758183446,44.49167190736239
axis:ngam_scale,0.8500000000000001,-4.526012146605908,47.0,0.3773954099437979,22.218824166359262
axis:ngam_scale,0.8500000000000001,-4.526012146605908,50.0,0.0010310699707801938,10.250205676849205
axis:ngam_scale,0.9,-4.554918055819472,15.0,0.0,
axis:ngam_scale,0.9,-4.554918055819472,20.0,0.09361716814024271,5.860139509637609
axis:ngam_scale,0.9,-4.554918055819472,25.0,0.5092350940838947,12.272694541367175
axis:ngam_scale,0.9,-4.554918055819472,27.0,0.7968005825292772,18.541885298430174
axis:ngam_scale,0.9,-4.554918055819472,30.0,1.1805156004174167,24.00313115195
axis:ngam_scale,0.9,-4.554918055819472,35.0,1.506235525606919,31.836125260745444
axis:ngam_scale,0.9,-4.554918055819472,37.0,1.5770414637367776,35.614864454058946
axis:ngam_scale,0.9,-4.554918055819472,40.0,1.6366743383152067,39.34094252353039
axis:ngam_scale,0.9,-4.554918055819472,43.0,1.598183647402367,38.865102000324356
axis:ngam_scale,0.9,-4.554918055819472,45.0,1.3848137124388873,44.53038582902708
axis:ngam_scale,0.9,-4.554918055819472,47.0,0.37713361036643395,22.30544969081798
axis:ngam_scale,0.9,-4.554918055819472,50.0,0.0010304091788722026,10.490953231048461
axis:ngam_scale,0.9500000000000001,-4.5853976208002445,15.0,0.0,
axis:ngam_scale,0.9500000000000001,-4.5853976208002445,20.0,0.09196788232042816,5.893426506993446
axis:ngam_scale,0.9500000000000001,-4.5853976208002445,25.0,0.5076803311633132,12.295209716048118
axis:ngam_scale,0.9500000000000001,-4.5853976208002445,27.0,0.7951426043068909,18.564781872087277
axis:ngam_scale,0.9500000000000001,-4.5853976208002445,30.0,1.1794357777592241,24.03962139258105
axis:ngam_scale,0.9500000000000001,-4.5853976208002445,35.0,1.5048608235925343,31.901944226223456
axis:ngam_scale,0.9500000000000001,-4.5853976208002445,37.0,1.5756839628820107,35.687943913803416
axis:ngam_scale,0.9500000000000001,-4.5853976208002445,40.0,1.6353666599448684,39.42216105680443
axis:ngam_scale,0.9500000000000001,-4.5853976208002445,43.0,1.5969327458626952,38.96171677449705
axis:ngam_scale,0.9500000000000001,-4.5853976208002445,45.0,1.3832081831211174,44.569874094628375
axis:ngam_scale,0.9500000000000001,-4.5853976208002445,47.0,0.3768665743553029,22.3938078792541
axis:ngam_scale,0.9500000000000001,-4.5853976208002445,50.0,0.001029735089986704,10.73717563863612
axis:ngam_scale,1.0,-4.617405325870943,15.0,0.0,
axis:ngam_scale,1.0,-4.617405325870943,20.0,0.09028560799882479,5.92737930057097
axis:ngam_scale,1.0,-4.617405325870943,25.0,0.5060944703585609,12.318175232288384
axis:ngam_scale,1.0,-4.617405325870943,27.0,0.7934514637199876,18.58813641589435
axis:ngam_scale,1.0,-4.617405325870943,30.0,1.1783343568242175,24.07684149966649
axis:ngam_scale,1.0,-4.617405325870943,35.0,1.5034586252162139,31.969079682169834
axis:ngam_scale,1.0,-4.617405325870943,37.0,1.574299200259136,35.76247975577
axis:ngam_scale,1.0,-4.617405325870943,40.0,1.6340328257986572,39.5050040978834
axis:ngam_scale,1.0,-4.617405325870943,43.0,1.5956563433887383,39.060255500741086
axis:ngam_scale,1.0,-4.617405325870943,45.0,1.3815705405055023,44.61015219195293
axis:ngam_scale,1.0,-4.617405325870943,47.0,0.3765941971731068,22.483933365516357
axis:ngam_scale,1.0,-4.617405325870943,50.0,0.0010290478735096495,10.985394211042713
axis:clearance_mult,-1.0,-4.341818709174838,15.0,0.0,
axis:clearance_mult,-1.0,-4.341818709174838,20.0,0.11200024835216399,5.597035977986975
axis:clearance_mult,-1.0,-4.341818709174838,25.0,0.5234137872732546,11.804772851044955
axis:clearance_mult,-1.0,-4.341818709174838,27.0,0.8050473164502238,18.379190916586982
axis:clearance_mult,-1.0,-4.341818709174838,30.0,1.1805453927536906,23.212744020053808
axis:clearance_mult,-1.0,-4.341818709174838,35.0,1.500302436953814,30.17041741011625
axis:clearance_mult,-1.0,-4.341818709174838,37.0,1.5654594987699415,33.829995283619596
axis:clearance_mult,-1.0,-4.341818709174838,40.0,1.6206272793982253,37.484428724853316
axis:clearance_mult,-1.0,-4.341818709174838,43.0,1.571965422830372,35.47650788111355
axis:clearance_mult,-1.0,-4.341818709174838,45.0,1.3114743107801532,40.47762407539371
axis:clearance_mult,-1.0,-4.341818709174838,47.0,0.379225529728866,20.24798582148876
axis:clearance_mult,-1.0,-4.341818709174838,50.0,0.0010400335722669917,7.265512577390217
axis:clearance_mult,-0.9500000000000001,-4.31727308994282,15.0,0.0,
axis:clearance_mult,-0.9500000000000001,-4.31727308994282,20.0,0.11227634493814151,5.586766036915888
axis:clearance_mult,-0.9500000000000001,-4.31727308994282,25.0,0.5238416355515104,11.820340460396103
axis:clearance_mult,-0.9500000000000001,-4.31727308994282,27.0,0.8059015263852263,18.364783961651877
axis:clearance_mult,-0.9500000000000001,-4.31727308994282,30.0,1.1815010937819892,23.25887786860564
axis:clearance_mult,-0.9500000000000001,-4.31727308994282,35.0,1.5021247430762652,30.209636047730207
axis:clearance_mult,-0.9500000000000001,-4.31727308994282,37.0,1.567826611210957,33.86476412274826
axis:clearance_mult,-0.9500000000000001,-4.31727308994282,40.0,1.6229959734053991,37.52504162979175
axis:clearance_mult,-0.9500000000000001,-4.31727308994282,43.0,1.5750384108528344,35.59825580946404
axis:clearance_mult,-0.9500000000000001,-4.31727308994282,45.0,1.3192263124490449,41.0957401999481
axis:clearance_mult,-0.9500000000000001,-4.31727308994282,47.0,0.37938246134782044,20.40552603849351
axis:clearance_mult,-0.9500000000000001,-4.31727308994282,50.0,0.0010400544321644606,7.246025556039191
axis:clearance_mult,-0.9,-4.293615401423941,15.0,0.0,
axis:clearance_mult,-0.9,-4.293615401423941,20.0,0.11255639922882354,5.576348881539355
axis:clearance_mult,-0.9,-4.293615401423941,25.0,0.5242756168181107,11.836131223936231
axis:clearance_mult,-0.9,-4.293615401423941,27.0,0.8067115262013101,18.306891147186462
axis:clearance_mult,-0.9,-4.293615401423941,30.0,1.1824653689482072,23.30551273251655
axis:clearance_mult,-0.9,-4.293615401423941,35.0,1.5039731710338846,30.24941686464763
axis:clearance_mult,-0.9,-4.293615401423941,37.0,1.5702276550097556,33.90003135557253
axis:clearance_mult,-0.9,-4.293615401423941,40.0,1.6253986214413079,37.56623670014937
axis:clearance_mult,-0.9,-4.293615401423941,43.0,1.5781554486019826,35.72174893269678
axis:clearance_mult,-0.9,-4.293615401423941,45.0,1.3270894351352147,41.722716706050846
axis:clearance_mult,-0.9,-4.293615401423941,47.0,0.3795416425018764,20.565324514705217
axis:clearance_mult,-0.9,-4.293615401423941,50.0,0.0010400755136867406,7.226897024876454
axis:clearance_mult,-0.8500000000000001,-4.277826552225477,15.0,0.0,
axis:clearance_mult,-0.8500000000000001,-4.277826552225477,20.0,0.11284046795590244,5.565782401350603
axis:clearance_mult,-0.8500000000000001,-4.277826552225477,25.0,0.5247158189863377,11.843680562525398
axis:clearance_mult,-0.8500000000000001,-4.277826552225477,27.0,0.8075331369544563,18.24816846855269
axis:clearance_mult,-0.8500000000000001,-4.277826552225477,30.0,1.183397452644167,23.347777836980196
axis:clearance_mult,-0.8500000000000001,-4.277826552225477,35.0,1.5056578711593294,30.287159060685514
axis:clearance_mult,-0.8500000000000001,-4.277826552225477,37.0,1.572056293262625,33.93648614535635
axis:clearance_mult,-0.8500000000000001,-4.277826552225477,40.0,1.62783571021978,37.6080222809742
axis:clearance_mult,-0.8500000000000001,-4.277826552225477,43.0,1.5809278888560332,35.833515625751254
axis:clearance_mult,-0.8500000000000001,-4.277826552225477,45.0,1.33501935348003,42.415252700457
axis:clearance_mult,-0.8500000000000001,-4.277826552225477,47.0,0.3797016262141202,20.67965125300083
axis:clearance_mult,-0.8500000000000001,-4.277826552225477,50.0,0.0010400970260908795,7.206433610169907
axis:clearance_mult,-0.8,-4.2705810675583535,15.0,0.0,
axis:clearance_mult,-0.8,-4.2705810675583535,20.0,0.1131286086642904,5.5550644562435085
axis:clearance_mult,-0.8,-4.2705810675583535,25.0,0.5251305285448666,11.831043080426786
axis:clearance_mult,-0.8,-4.2705810675583535,27.0,0.8083665250815718,18.18860403007651
axis:clearance_mult,-0.8,-4.2705810675583535,30.0,1.1843418361556377,23.389348009142427
axis:clearance_mult,-0.8,-4.2705810675583535,35.0,1.507228283912856,30.32494882841661
axis:clearance_mult,-0.8,-4.2705810675583535,37.0,1.5738681476053185,33.97277834229968
axis:clearance_mult,-0.8,-4.2705810675583535,40.0,1.6303077334313993,37.650406836933776
axis:clearance_mult,-0.8,-4.2705810675583535,43.0,1.5833264242810194,35.942335183159166
axis:clearance_mult,-0.8,-4.2705810675583535,45.0,1.3429625508541685,43.042164496728795
axis:clearance_mult,-0.8,-4.2705810675583535,47.0,0.37981750979684764,20.64711769772245
axis:clearance_mult,-0.8,-4.2705810675583535,50.0,0.0010401188468648554,7.1856768897985
axis:clearance_mult,-0.75,-4.266518921768167,15.0,0.0,
axis:clearance_mult,-0.75,-4.266518921768167,20.0,0.11342087972377804,5.544192874649025
axis:clearance_mult,-0.75,-4.266518921768167,25.0,0.5255474282290405,11.83699230022673
axis:clearance_mult,-0.75,-4.266518921768167,27.0,0.8092118594053322,18.12818576553766
axis:clearance_mult,-0.75,-4.266518921768167,30.0,1.1852705705961315,23.350460372325134
axis:clearance_mult,-0.75,-4.266518921768167,35.0,1.508821207737724,30.363280293326003
axis:clearance_mult,-0.75,-4.266518921768167,37.0,1.5757012653517073,34.009348011609426
axis:clearance_mult,-0.75,-4.266518921768167,40.0,1.6326577375058906,37.68624556628676
axis:clearance_mult,-0.75,-4.266518921768167,43.0,1.5854923284444342,36.03158159281893
axis:clearance_mult,-0.75,-4.266518921768167,45.0,1.3508732101915615,43.29792317284249
axis:clearance_mult,-0.75,-4.266518921768167,47.0,0.37990063282657055,20.760500856342528
axis:clearance_mult,-0.75,-4.266518921768167,50.0,0.0010401409804242515,7.164622622032096
axis:clearance_mult,-0.7000000000000001,-4.269861036654687,15.0,0.0,
axis:clearance_mult,-0.7000000000000001,-4.269861036654687,20.0,0.11371734034085478,5.533165454507845
axis:clearance_mult,-0.7000000000000001,-4.269861036654687,25.0,0.5259703039590103,11.843026799074293
axis:clearance_mult,-0.7000000000000001,-4.269861036654687,27.0,0.8100693111684304,18.066901435793202
axis:clearance_mult,-0.7000000000000001,-4.269861036654687,30.0,1.1860188430738454,23.21989275625308
axis:clearance_mult,-0.7000000000000001,-4.269861036654687,35.0,1.5104369653187222,30.402161220367955
axis:clearance_mult,-0.7000000000000001,-4.269861036654687,37.0,1.5774715227900666,34.046790426872235
axis:clearance_mult,-0.7000000000000001,-4.269861036654687,40.0,1.6345427404490973,37.719460406872024
axis:clearance_mult,-0.7000000000000001,-4.269861036654687,43.0,1.5876892797468936,36.12210730455321
axis:clearance_mult,-0.7000000000000001,-4.269861036654687,45.0,1.3588972648234883,43.55734801814155
axis:clearance_mult,-0.7000000000000001,-4.269861036654687,47.0,0.3799804859808142,20.87543557558583
axis:clearance_mult,-0.7000000000000001,-4.269861036654687,50.0,0.001040163431257039,7.143266559455937
axis:clearance_mult,-0.65,-4.279819921250093,15.0,0.0,
axis:clearance_mult,-0.65,-4.279819921250093,20.0,0.1140180505707064,5.521979961794279
axis:clearance_mult,-0.65,-4.279819921250093,25.0,0.5263992413983622,11.84914779941141
axis:clearance_mult,-0.65,-4.279819921250093,27.0,0.8109313562369894,18.04011852139304
axis:clearance_mult,-0.65,-4.279819921250093,30.0,1.1867208790516004,23.235738404981625
axis:clearance_mult,-0.65,-4.279819921250093,35.0,1.5120758839661865,30.441599485804726
axis:clearance_mult,-0.65,-4.279819921250093,37.0,1.5790529320949611,34.0816300231761
axis:clearance_mult,-0.65,-4.279819921250093,40.0,1.6364162741328847,37.75114682546779
axis:clearance_mult,-0.65,-4.279819921250093,43.0,1.5898358327328732,36.224873294596655
axis:clearance_mult,-0.65,-4.279819921250093,45.0,1.3670363402139425,43.82049158679828
axis:clearance_mult,-0.65,-4.279819921250093,47.0,0.3800560440103624,20.936267401840617
axis:clearance_mult,-0.65,-4.279819921250093,50.0,0.0010401862701555971,7.121058370378903
axis:clearance_mult,-0.6000000000000001,-4.29499751845087,15.0,0.0,
axis:clearance_mult,-0.6000000000000001,-4.29499751845087,20.0,0.11432307132938012,5.510634130870878
axis:clearance_mult,-0.6000000000000001,-4.29499751845087,25.0,0.5268343274386322,11.855356541162083
axis:clearance_mult,-0.6000000000000001,-4.29499751845087,27.0,0.8117895711158483,18.087357076479943
axis:clearance_mult,-0.6000000000000001,-4.29499751845087,30.0,1.1874329783594773,23.251811193078506
axis:clearance_mult,-0.6000000000000001,-4.29499751845087,35.0,1.5136133333945774,30.486126361401574
axis:clearance_mult,-0.6000000000000001,-4.29499751845087,37.0,1.580652331012697,34.118428502711104
axis:clearance_mult,-0.6000000000000001,-4.29499751845087,40.0,1.6383166639729767,37.78328745282112
axis:clearance_mult,-0.6000000000000001,-4.29499751845087,43.0,1.5919760170774686,36.343321735568225
axis:clearance_mult,-0.6000000000000001,-4.29499751845087,45.0,1.375292085127363,44.08740718632437
axis:clearance_mult,-0.6000000000000001,-4.29499751845087,47.0,0.3801326851259168,20.937578090678898
axis:clearance_mult,-0.6000000000000001,-4.29499751845087,50.0,0.0010402093692456035,7.099085598502687
axis:clearance_mult,-0.55,-4.314751985314663,15.0,0.0,
axis:clearance_mult,-0.55,-4.314751985314663,20.0,0.11463246440612229,5.499125663111643
axis:clearance_mult,-0.55,-4.314751985314663,25.0,0.5272756502168986,11.861654282101762
axis:clearance_mult,-0.55,-4.314751985314663,27.0,0.8126600880702716,18.135272772327156
axis:clearance_mult,-0.55,-4.314751985314663,30.0,1.1881544257870542,23.26806640039178
axis:clearance_mult,-0.55,-4.314751985314663,35.0,1.5151200156115965,30.533201261395092
axis:clearance_mult,-0.55,-4.314751985314663,37.0,1.582274656503765,34.15575446981004
axis:clearance_mult,-0.55,-4.314751985314663,40.0,1.6400408616871012,37.81401398856324
axis:clearance_mult,-0.55,-4.314751985314663,43.0,1.5941468798805385,36.463468074941616
axis:clearance_mult,-0.55,-4.314751985314663,45.0,1.3836661719622787,44.35814888717689
axis:clearance_mult,-0.55,-4.314751985314663,47.0,0.38021042485286916,20.938907619254895
axis:clearance_mult,-0.55,-4.314751985314663,50.0,0.001040232733201886,7.0773440150061635
axis:clearance_mult,-0.5,-4.342266210695977,15.0,0.0,
axis:clearance_mult,-0.5,-4.342266210695977,20.0,0.11494629247589984,5.487452227345814
axis:clearance_mult,-0.5,-4.342266210695977,25.0,0.5277232991336431,11.868042297966454
axis:clearance_mult,-0.5,-4.342266210695977,27.0,0.8135430834442781,18.183875315399813
axis:clearance_mult,-0.5,-4.342266210695977,30.0,1.1888806658263453,23.284237172971064
axis:clearance_mult,-0.5,-4.342266210695977,35.0,1.516566427489749,30.574959724956734
axis:clearance_mult,-0.5,-4.342266210695977,37.0,1.5839202372089285,34.193615485738086
axis:clearance_mult,-0.5,-4.342266210695977,40.0,1.6416441303311193,37.84401456584248
axis:clearance_mult,-0.5,-4.342266210695977,43.0,1.5963488609022458,36.58533665123002
axis:clearance_mult,-0.5,-4.342266210695977,45.0,1.3921382563500682,44.295709572496854
axis:clearance_mult,-0.5,-4.342266210695977,47.0,0.38028926519475015,20.944275565267628
axis:clearance_mult,-0.5,-4.342266210695977,50.0,0.0010402564992643222,7.054736856275006
axis:clearance_mult,-0.45,-4.371357753017969,15.0,0.0,
axis:clearance_mult,-0.45,-4.371357753017969,20.0,0.11526461911208748,5.475611458733919
axis:clearance_mult,-0.45,-4.371357753017969,25.0,0.5281773648708536,11.87452188279694
axis:clearance_mult,-0.45,-4.371357753017969,27.0,0.8144387361096992,18.23317455131378
axis:clearance_mult,-0.45,-4.371357753017969,30.0,1.189617316148728,23.300639745360453
axis:clearance_mult,-0.45,-4.371357753017969,35.0,1.5177722931770217,30.597986286027595
axis:clearance_mult,-0.45,-4.371357753017969,37.0,1.5855114209996908,34.23490742593616
axis:clearance_mult,-0.45,-4.371357753017969,40.0,1.6432703810190294,37.874445186201626
axis:clearance_mult,-0.45,-4.371357753017969,43.0,1.5985347483460919,36.68694566642258
axis:clearance_mult,-0.45,-4.371357753017969,45.0,1.4007089683820397,44.15109233078155
axis:clearance_mult,-0.45,-4.371357753017969,47.0,0.38036864009924676,21.029533172487195
axis:clearance_mult,-0.45,-4.371357753017969,50.0,0.0010402806060010779,7.031805636719656
axis:clearance_mult,-0.4,-4.354741393145097,15.0,0.0,
axis:clearance_mult,-0.4,-4.354741393145097,20.0,0.11558750879935895,5.463600958689385
axis:clearance_mult,-0.4,-4.354741393145097,25.0,0.5286379394104034,11.881094349194816
axis:clearance_mult,-0.4,-4.354741393145097,27.0,0.8153472275023895,18.283180466804836
axis:clearance_mult,-0.4,-4.354741393145097,30.0,1.1903645259803362,23.317277440343524
axis:clearance_mult,-0.4,-4.354741393145097,35.0,1.5189954443380875,30.62134292118771
axis:clearance_mult,-0.4,-4.354741393145097,37.0,1.587018326870058,34.280754340710004
axis:clearance_mult,-0.4,-4.354741393145097,40.0,1.6449199431867971,37.90531201408923
axis:clearance_mult,-0.4,-4.354741393145097,43.0,1.6007014003589013,36.76665772750421
axis:clearance_mult,-0.4,-4.354741393145097,45.0,1.402438390349598,44.17652257995666
axis:clearance_mult,-0.4,-4.354741393145097,47.0,0.3804484973105247,21.019814649934617
axis:clearance_mult,-0.4,-4.354741393145097,50.0,0.0010403050582957244,7.008545735586048
axis:clearance_mult,-0.35000000000000003,-4.3327259301648,15.0,0.0,
axis:clearance_mult,-0.35000000000000003,-4.3327259301648,20.0,0.11591502694674005,5.451418294273106
axis:clearance_mult,-0.35000000000000003,-4.3327259301648,25.0,0.5291051160526754,11.887761028576845
axis:clearance_mult,-0.35000000000000003,-4.3327259301648,27.0,0.8162687416590007,18.333903191759724
axis:clearance_mult,-0.35000000000000003,-4.3327259301648,30.0,1.1911224466863817,23.334153628232766
axis:clearance_mult,-0.35000000000000003,-4.3327259301648,35.0,1.5202359190531676,30.64502377337479
axis:clearance_mult,-0.35000000000000003,-4.3327259301648,37.0,1.588543685264515,34.32710072879449
axis:clearance_mult,-0.35000000000000003,-4.3327259301648,40.0,1.646593150992644,37.936621302318756
axis:clearance_mult,-0.35000000000000003,-4.3327259301648,43.0,1.602899110230785,36.847512420604126
axis:clearance_mult,-0.35000000000000003,-4.3327259301648,45.0,1.4033396206985762,44.21111554809009
axis:clearance_mult,-0.35000000000000003,-4.3327259301648,47.0,0.3805289442220024,20.99596772710094
axis:clearance_mult,-0.35000000000000003,-4.3327259301648,50.0,0.0010403298611016576,6.984952411666486
axis:clearance_mult,-0.30000000000000004,-4.3124273772622,15.0,0.0,
axis:clearance_mult,-0.30000000000000004,-4.3124273772622,20.0,0.11624723990086153,5.43906099754625
axis:clearance_mult,-0.30000000000000004,-4.3124273772622,25.0,0.5295789894354698,11.894523271406413
axis:clearance_mult,-0.30000000000000004,-4.3124273772622,27.0,0.8171186691800638,18.278519274046236
axis:clearance_mult,-0.30000000000000004,-4.3124273772622,30.0,1.1918888320735959,23.351065512012187
axis:clearance_mult,-0.30000000000000004,-4.3124273772622,35.0,1.5214945977474539,30.669065407375523
axis:clearance_mult,-0.30000000000000004,-4.3124273772622,37.0,1.5897668298336645,34.34968054492902
axis:clearance_mult,-0.30000000000000004,-4.3124273772622,40.0,1.6481547381286934,37.973563049588535
axis:clearance_mult,-0.30000000000000004,-4.3124273772622,43.0,1.6050395713394927,36.92787315523155
axis:clearance_mult,-0.30000000000000004,-4.3124273772622,45.0,1.4041356840561483,44.18027204877223
axis:clearance_mult,-0.30000000000000004,-4.3124273772622,47.0,0.38061054429925456,20.97177897307216
axis:clearance_mult,-0.30000000000000004,-4.3124273772622,50.0,0.00104035501944325,6.961020877886632
axis:clearance_mult,-0.25,-4.290583066816794,15.0,0.0,
axis:clearance_mult,-0.25,-4.290583066816794,20.0,0.11658421495939851,5.426526565182004
axis:clearance_mult,-0.25,-4.290583066816794,25.0,0.5300596487119166,11.901382262248502
axis:clearance_mult,-0.25,-4.290583066816794,27.0,0.8179177113585042,18.12326285338616
axis:clearance_mult,-0.25,-4.290583066816794,30.0,1.1926630932570055,23.36795054835262
axis:clearance_mult,-0.25,-4.290583066816794,35.0,1.522762325608761,30.694639598627163
axis:clearance_mult,-0.25,-4.290583066816794,37.0,1.5909913710992538,34.37143202955676
axis:clearance_mult,-0.25,-4.290583066816794,40.0,1.649685319691867,38.01307345560618
axis:clearance_mult,-0.25,-4.290583066816794,43.0,1.6069541948060162,37.00460492193374
axis:clearance_mult,-0.25,-4.290583066816794,45.0,1.404924279554502,44.14337480969768
axis:clearance_mult,-0.25,-4.290583066816794,47.0,0.3806933140722749,20.947243486828484
axis:clearance_mult,-0.25,-4.290583066816794,50.0,0.001040380538416926,6.936746269633282
axis:clearance_mult,-0.2,-4.272614247596447,15.0,0.0,
axis:clearance_mult,-0.2,-4.272614247596447,20.0,0.11692602038470784,5.4138124580837275
axis:clearance_mult,-0.2,-4.272614247596447,25.0,0.5305470621641852,11.908337007157451
axis:clearance_mult,-0.2,-4.272614247596447,27.0,0.8186861970828078,18.1054505386122
axis:clearance_mult,-0.2,-4.272614247596447,30.0,1.1934484530822818,23.385077623143932
axis:clearance_mult,-0.2,-4.272614247596447,35.0,1.5239476154778142,30.734296183756182
axis:clearance_mult,-0.2,-4.272614247596447,37.0,1.5922334655435977,34.39349531069865
axis:clearance_mult,-0.2,-4.272614247596447,40.0,1.6511512583541335,38.04646536774012
axis:clearance_mult,-0.2,-4.272614247596447,43.0,1.6088962634301043,37.08243659964434
axis:clearance_mult,-0.2,-4.272614247596447,45.0,1.4057108788709882,44.10197597018768
axis:clearance_mult,-0.2,-4.272614247596447,47.0,0.3807772703080843,20.92235629386013
axis:clearance_mult,-0.2,-4.272614247596447,50.0,0.0010404064231921625,6.9121237397808395
axis:clearance_mult,-0.15000000000000002,-4.2583424385387305,15.0,0.0,
axis:clearance_mult,-0.15000000000000002,-4.2583424385387305,20.0,0.11727272541764894,5.400916100709024
axis:clearance_mult,-0.15000000000000002,-4.2583424385387305,25.0,0.5310414624413967,11.915391444816303
axis:clearance_mult,-0.15000000000000002,-4.2583424385387305,27.0,0.8194019260180572,18.128054997121584
axis:clearance_mult,-0.15000000000000002,-4.2583424385387305,30.0,1.1942450706428351,23.402450205883657
axis:clearance_mult,-0.15000000000000002,-4.2583424385387305,35.0,1.5251498958767482,30.77452122594609
axis:clearance_mult,-0.15000000000000002,-4.2583424385387305,37.0,1.5934933647826206,34.415874857799174
axis:clearance_mult,-0.15000000000000002,-4.2583424385387305,40.0,1.6523906278080531,38.061223234066084
axis:clearance_mult,-0.15000000000000002,-4.2583424385387305,43.0,1.6108661706241718,37.16138395503038
axis:clearance_mult,-0.15000000000000002,-4.2583424385387305,45.0,1.4065087536902285,44.059983699091454
axis:clearance_mult,-0.15000000000000002,-4.2583424385387305,47.0,0.38086243001391035,20.895211688366714
axis:clearance_mult,-0.15000000000000002,-4.2583424385387305,50.0,0.0010404326790125404,6.887148257129866
axis:clearance_mult,-0.1,-4.245608818224138,15.0,0.0,
axis:clearance_mult,-0.1,-4.245608818224138,20.0,0.11762440029161468,5.387834880560826
axis:clearance_mult,-0.1,-4.245608818224138,25.0,0.5315429496961459,11.92254700425301
axis:clearance_mult,-0.1,-4.245608818224138,27.0,0.8201279145650432,18.150983479156327
axis:clearance_mult,-0.1,-4.245608818224138,30.0,1.1950531073125943,23.420071815784958
axis:clearance_mult,-0.1,-4.245608818224138,35.0,1.5257203342723116,30.799691865834298
axis:clearance_mult,-0.1,-4.245608818224138,37.0,1.594770821711949,34.43854983987004
axis:clearance_mult,-0.1,-4.245608818224138,40.0,1.653647604121804,38.076184541496566
axis:clearance_mult,-0.1,-4.245608818224138,43.0,1.612864315440012,37.241462980763984
axis:clearance_mult,-0.1,-4.245608818224138,45.0,1.4072901657658552,44.02003031179094
axis:clearance_mult,-0.1,-4.245608818224138,47.0,0.3809487193177735,20.847360483947543
axis:clearance_mult,-0.1,-4.245608818224138,50.0,0.0010404593112007588,6.8618147375832335
axis:clearance_mult,-0.05,-4.233853298216603,15.0,0.0,
axis:clearance_mult,-0.05,-4.233853298216603,20.0,0.11798111624676179,5.374566147776741
axis:clearance_mult,-0.05,-4.233853298216603,25.0,0.5320467611188399,11.929365148754638
axis:clearance_mult,-0.05,-4.233853298216603,27.0,0.8208643097901097,18.174240629333344
axis:clearance_mult,-0.05,-4.233853298216603,30.0,1.1958727267787101,23.437946022541915
axis:clearance_mult,-0.05,-4.233853298216603,35.0,1.5262720470480031,30.82457415034868
axis:clearance_mult,-0.05,-4.233853298216603,37.0,1.5959782200809156,34.47465894374786
axis:clearance_mult,-0.05,-4.233853298216603,40.0,1.6549173189281963,38.10934518685035
axis:clearance_mult,-0.05,-4.233853298216603,43.0,1.614869077634764,37.327432709076184
axis:clearance_mult,-0.05,-4.233853298216603,45.0,1.4080768908138568,43.98004594581775
axis:clearance_mult,-0.05,-4.233853298216603,47.0,0.3810362038841628,20.796949318513885
axis:clearance_mult,-0.05,-4.233853298216603,50.0,0.0010404863251338027,6.8361181169512975
axis:clearance_mult,0.0,-4.2224779764014295,15.0,0.0,
axis:clearance_mult,0.0,-4.2224779764014295,20.0,0.11834294554443316,5.361107214455652
axis:clearance_mult,0.0,-4.2224779764014295,25.0,0.5325438022706479,11.935151350722135
axis:clearance_mult,0.0,-4.2224779764014295,27.0,0.821611260867707,18.197831158992578
axis:clearance_mult,0.0,-4.2224779764014295,30.0,1.196704095074698,23.45607644700078
axis:clearance_mult,0.0,-4.2224779764014295,35.0,1.5268316683468743,30.84981310980844
axis:clearance_mult,0.0,-4.2224779764014295,37.0,1.5971836562400235,34.514198612823016
axis:clearance_mult,0.0,-4.2224779764014295,40.0,1.6562052344532,38.14599875076241
axis:clearance_mult,0.0,-4.2224779764014295,43.0,1.6168964144917177,37.415970202632955
axis:clearance_mult,0.0,-4.2224779764014295,45.0,1.40887489316692,43.93948842428881
axis:clearance_mult,0.0,-4.2224779764014295,47.0,0.38112494249750395,20.745815537520116
axis:clearance_mult,0.0,-4.2224779764014295,50.0,0.0010405137263105142,6.810053065922644
axis:clearance_mult,0.05,-4.214066221095283,15.0,0.0,
axis:clearance_mult,0.05,-4.214066221095283,20.0,0.1187099614818033,5.3474553540525775
axis:clearance_mult,0.05,-4.214066221095283,25.0,0.5330472393155288,11.94098251740237
axis:clearance_mult,0.05,-4.214066221095283,27.0,0.8223689191106359,18.221759847001238
axis:clearance_mult,0.05,-4.214066221095283,30.0,1.197547380614083,23.474466761923548
axis:clearance_mult,0.05,-4.214066221095283,35.0,1.5273667009104923,30.876490942434767
axis:clearance_mult,0.05,-4.214066221095283,37.0,1.5979171307019353,34.54275993375751
axis:clearance_mult,0.05,-4.214066221095283,40.0,1.6575009368346902,38.18648522199817
axis:clearance_mult,0.05,-4.214066221095283,43.0,1.6189478495330991,37.5056907635633
axis:clearance_mult,0.05,-4.214066221095283,45.0,1.4096831290773508,43.89850830781227
axis:clearance_mult,0.05,-4.214066221095283,47.0,0.38121312627160414,20.724469494117454
axis:clearance_mult,0.05,-4.214066221095283,50.0,0.001040541520267015,6.783614449497096
axis:clearance_mult,0.1,-4.206957265795262,15.0,0.0,
axis:clearance_mult,0.1,-4.206957265795262,20.0,0.11908223840672552,5.3336078012333346
axis:clearance_mult,0.1,-4.206957265795262,25.0,0.5335578928754325,11.946897270902078
axis:clearance_mult,0.1,-4.206957265795262,27.0,0.8231124276391371,18.245543500785125
axis:clearance_mult,0.1,-4.206957265795262,30.0,1.1984027542245141,23.493120692663798
axis:clearance_mult,0.1,-4.206957265795262,35.0,1.527896087931624,30.90399058218892
axis:clearance_mult,0.1,-4.206957265795262,37.0,1.598454335763857,34.56684913370303
axis:clearance_mult,0.1,-4.206957265795262,40.0,1.6587405901435381,38.250545929723444
axis:clearance_mult,0.1,-4.206957265795262,43.0,1.6198288404417733,37.53582121656677
axis:clearance_mult,0.1,-4.206957265795262,45.0,1.4104942196842403,43.858059689577956
axis:clearance_mult,0.1,-4.206957265795262,47.0,0.38127956818683695,20.730687320783826
axis:clearance_mult,0.1,-4.206957265795262,50.0,0.0010405697126391067,6.756796828435226
axis:clearance_mult,0.15000000000000002,-4.201086197730704,15.0,0.0,
axis:clearance_mult,0.15000000000000002,-4.201086197730704,20.0,0.11945985173279161,5.319561750707253
axis:clearance_mult,0.15000000000000002,-4.201086197730704,25.0,0.5340758663954482,11.952896809402189
axis:clearance_mult,0.15000000000000002,-4.201086197730704,27.0,0.82385599180851,18.269508746265398
axis:clearance_mult,0.15000000000000002,-4.201086197730704,30.0,1.1992703891823693,23.51204201808495
axis:clearance_mult,0.15000000000000002,-4.201086197730704,35.0,1.5284330634475427,30.931884415348872
axis:clearance_mult,0.15000000000000002,-4.201086197730704,37.0,1.598999241388224,34.591283640126804
axis:clearance_mult,0.15000000000000002,-4.201086197730704,40.0,1.6599903472061954,38.3154313958375
axis:clearance_mult,0.15000000000000002,-4.201086197730704,43.0,1.6203677973593198,37.55525535150376
axis:clearance_mult,0.15000000000000002,-4.201086197730704,45.0,1.4113169368641123,43.817031260814105
axis:clearance_mult,0.15000000000000002,-4.201086197730704,47.0,0.3813305576073014,20.69998143782022
axis:clearance_mult,0.15000000000000002,-4.201086197730704,50.0,0.0010405983091309932,6.7295948146356075
axis:clearance_mult,0.2,-4.203988081471984,15.0,0.0,
axis:clearance_mult,0.2,-4.203988081471984,20.0,0.11984287795460964,5.305314357216961
axis:clearance_mult,0.2,-4.203988081471984,25.0,0.5346012648034976,11.95898234823622
axis:clearance_mult,0.2,-4.203988081471984,27.0,0.8246102145935995,18.293817521450634
axis:clearance_mult,0.2,-4.203988081471984,30.0,1.200150461247844,23.531234571092394
axis:clearance_mult,0.2,-4.203988081471984,35.0,1.5289156285118928,30.954060576009926
axis:clearance_mult,0.2,-4.203988081471984,37.0,1.599529946463643,34.61680558995499
axis:clearance_mult,0.2,-4.203988081471984,40.0,1.6605305465117668,38.361359474183416
axis:clearance_mult,0.2,-4.203988081471984,43.0,1.6209144799512771,37.57496806492072
axis:clearance_mult,0.2,-4.203988081471984,45.0,1.4121514472780365,43.77541471033871
axis:clearance_mult,0.2,-4.203988081471984,47.0,0.3813796208210504,20.683924146920187
axis:clearance_mult,0.2,-4.203988081471984,50.0,0.0010406273155391054,6.702002851000791
axis:clearance_mult,0.25,-4.207249514267949,15.0,0.0,
axis:clearance_mult,0.25,-4.207249514267949,20.0,0.120231394663297,5.290862734488407
axis:clearance_mult,0.25,-4.207249514267949,25.0,0.53513419453159,11.965155120175163
axis:clearance_mult,0.25,-4.207249514267949,27.0,0.8253752487802647,18.318474750589825
axis:clearance_mult,0.25,-4.207249514267949,30.0,1.2010431487005828,23.550702239639133
axis:clearance_mult,0.25,-4.207249514267949,35.0,1.529404644034426,30.976508862883993
axis:clearance_mult,0.25,-4.207249514267949,37.0,1.6000423531716927,34.64356037824769
axis:clearance_mult,0.25,-4.207249514267949,40.0,1.6610784893007402,38.40794590824565
axis:clearance_mult,0.25,-4.207249514267949,43.0,1.621444155610743,37.59606916876664
axis:clearance_mult,0.25,-4.207249514267949,45.0,1.412997919976011,43.733201607728155
axis:clearance_mult,0.25,-4.207249514267949,47.0,0.3814293873310917,20.667636682982312
axis:clearance_mult,0.25,-4.207249514267949,50.0,0.0010406567377393844,6.674015397231959
axis:clearance_mult,0.30000000000000004,-4.210785374186787,15.0,0.0,
axis:clearance_mult,0.30000000000000004,-4.210785374186787,20.0,0.12062548056220282,5.276203955127623
axis:clearance_mult,0.30000000000000004,-4.210785374186787,25.0,0.5356747635373789,11.971416375710577
axis:clearance_mult,0.30000000000000004,-4.210785374186787,27.0,0.8261512493444713,18.34348542859964
axis:clearance_mult,0.30000000000000004,-4.210785374186787,30.0,1.201948632375772,23.57044896734879
axis:clearance_mult,0.30000000000000004,-4.210785374186787,35.0,1.5298988879726987,30.999192238384282
axis:clearance_mult,0.30000000000000004,-4.210785374186787,37.0,1.600562104970347,34.67069868287822
axis:clearance_mult,0.30000000000000004,-4.210785374186787,40.0,1.6616342865720393,38.45520013524981
axis:clearance_mult,0.30000000000000004,-4.210785374186787,43.0,1.6219569886316196,37.61855971020062
axis:clearance_mult,0.30000000000000004,-4.210785374186787,45.0,1.4138502912220443,43.691118305179074
axis:clearance_mult,0.30000000000000004,-4.210785374186787,47.0,0.3814798672183741,20.646972809088194
axis:clearance_mult,0.30000000000000004,-4.210785374186787,50.0,0.0010406865816920054,6.645626713291721
axis:clearance_mult,0.35000000000000003,-4.215724833973459,15.0,0.0,
axis:clearance_mult,0.35000000000000003,-4.215724833973459,20.0,0.12102521548284724,5.2613350495279265
axis:clearance_mult,0.35000000000000003,-4.215724833973459,25.0,0.5362230813260457,11.977767383146874
axis:clearance_mult,0.35000000000000003,-4.215724833973459,27.0,0.8269383734836883,18.36885462206965
axis:clearance_mult,0.35000000000000003,-4.215724833973459,30.0,1.202866523426671,23.590142362391514
axis:clearance_mult,0.35000000000000003,-4.215724833973459,35.0,1.5303252004311507,31.0085390107829
axis:clearance_mult,0.35000000000000003,-4.215724833973459,37.0,1.6010449116750187,34.69362548435538
axis:clearance_mult,0.35000000000000003,-4.215724833973459,40.0,1.6621606085302318,38.50526458142341
axis:clearance_mult,0.35000000000000003,-4.215724833973459,43.0,1.6224771728540677,37.64137264215462
axis:clearance_mult,0.35000000000000003,-4.215724833973459,45.0,1.414706791423406,43.64937264816276
axis:clearance_mult,0.35000000000000003,-4.215724833973459,47.0,0.38153107070973963,20.6175310806214
axis:clearance_mult,0.35000000000000003,-4.215724833973459,50.0,0.0010407168534425615,6.616831091720069
axis:clearance_mult,0.4,-4.220807276773922,15.0,0.0,
axis:clearance_mult,0.4,-4.220807276773922,20.0,0.12143068040109556,5.246253005765593
axis:clearance_mult,0.4,-4.220807276773922,25.0,0.5367792589724658,11.984209429073603
axis:clearance_mult,0.4,-4.220807276773922,27.0,0.8277367806487272,18.394587470026384
axis:clearance_mult,0.4,-4.220807276773922,30.0,1.2037361825578352,23.61087362702514
axis:clearance_mult,0.4,-4.220807276773922,35.0,1.5307408176300257,31.01573271587011
axis:clearance_mult,0.4,-4.220807276773922,37.0,1.6015195044621737,34.71531290016369
axis:clearance_mult,0.4,-4.220807276773922,40.0,1.6626831493521712,38.55668174054576
axis:clearance_mult,0.4,-4.220807276773922,43.0,1.6229653823430197,37.65951313316152
axis:clearance_mult,0.4,-4.220807276773922,45.0,1.4155755691212883,43.60702858838084
axis:clearance_mult,0.4,-4.220807276773922,47.0,0.3815830081770722,20.587667319794047
axis:clearance_mult,0.4,-4.220807276773922,50.0,0.0010407475591233362,6.587622781803323
axis:clearance_mult,0.45,-4.2239882327181455,15.0,0.0,
axis:clearance_mult,0.45,-4.2239882327181455,20.0,0.12184195745356109,5.23095476850304
axis:clearance_mult,0.45,-4.2239882327181455,25.0,0.5373434091437179,11.990743818442507
axis:clearance_mult,0.45,-4.2239882327181455,27.0,0.8284544534169026,18.420236783007713
axis:clearance_mult,0.45,-4.2239882327181455,30.0,1.2043368423103413,23.632707455221666
axis:clearance_mult,0.45,-4.2239882327181455,35.0,1.5311623924909183,31.023029539075633
axis:clearance_mult,0.45,-4.2239882327181455,37.0,1.6020009002965339,34.73731119409169
axis:clearance_mult,0.45,-4.2239882327181455,40.0,1.663210116715925,38.60849869268537
axis:clearance_mult,0.45,-4.2239882327181455,43.0,1.6234502068383738,37.67659751236238
axis:clearance_mult,0.45,-4.2239882327181455,45.0,1.4164568003073934,43.56407754764203
axis:clearance_mult,0.45,-4.2239882327181455,47.0,0.38163569014175786,20.557375475955194
axis:clearance_mult,0.45,-4.2239882327181455,50.0,0.0010407750967384249,6.587736361321015
axis:clearance_mult,0.5,-4.226457571810222,15.0,0.00028691073234230234,
axis:clearance_mult,0.5,-4.226457571810222,20.0,0.1222591299542433,5.215437238805276
axis:clearance_mult,0.5,-4.226457571810222,25.0,0.5379156461219081,11.997371874983141
axis:clearance_mult,0.5,-4.226457571810222,27.0,0.8290001478314875,18.446104756715208
axis:clearance_mult,0.5,-4.226457571810222,30.0,1.2049461122161396,23.654854260289515
axis:clearance_mult,0.5,-4.226457571810222,35.0,1.5315900104138989,31.030430958547253
axis:clearance_mult,0.5,-4.226457571810222,37.0,1.6024367568127482,34.749481337875395
axis:clearance_mult,0.5,-4.226457571810222,40.0,1.6636930533291423,38.65523937553289
axis:clearance_mult,0.5,-4.226457571810222,43.0,1.6239419810472622,37.693926787484365
axis:clearance_mult,0.5,-4.226457571810222,45.0,1.4173506634961726,43.52051082587588
axis:clearance_mult,0.5,-4.226457571810222,47.0,0.3816891272755858,20.526649413949396
axis:clearance_mult,0.5,-4.226457571810222,50.0,0.0010407916016400196,6.682042249307827
axis:clearance_mult,0.55,-4.453850124678816,15.0,0.0007153199007632856,
axis:clearance_mult,0.55,-4.453850124678816,20.0,0.12268228241140657,5.199697273127056
axis:clearance_mult,0.55,-4.453850124678816,25.0,0.538496085827317,12.004094941357456
axis:clearance_mult,0.55,-4.453850124678816,27.0,0.8295536644990797,18.472343534280558
axis:clearance_mult,0.55,-4.453850124678816,30.0,1.2055641156974106,23.677318528587737
axis:clearance_mult,0.55,-4.453850124678816,35.0,1.5320237580231908,31.037938473617437
axis:clearance_mult,0.55,-4.453850124678816,37.0,1.6028399793474761,34.75548697063366
axis:clearance_mult,0.55,-4.453850124678816,40.0,1.6641829125940781,38.70265006237776
axis:clearance_mult,0.55,-4.453850124678816,43.0,1.624435687709009,37.711528260942735
axis:clearance_mult,0.55,-4.453850124678816,45.0,1.4182573397609861,43.47631959717205
axis:clearance_mult,0.55,-4.453850124678816,47.0,0.3817433304037246,20.495482909875196
axis:clearance_mult,0.55,-4.453850124678816,50.0,0.001040808343131076,6.777700012053192
axis:clearance_mult,0.6000000000000001,-4.591357312138456,15.0,0.0011597865228071837,
axis:clearance_mult,0.6000000000000001,-4.591357312138456,20.0,0.12311150054469769,5.183731683119112
axis:clearance_mult,0.6000000000000001,-4.591357312138456,25.0,0.5390848458418855,12.01091437948447
axis:clearance_mult,0.6000000000000001,-4.591357312138456,27.0,0.830115115547722,18.498958431662004
axis:clearance_mult,0.6000000000000001,-4.591357312138456,30.0,1.206190977945544,23.700104810804017
axis:clearance_mult,0.6000000000000001,-4.591357312138456,35.0,1.5324570021988144,31.04624409642689
axis:clearance_mult,0.6000000000000001,-4.591357312138456,37.0,1.6032489818729831,34.76157869109485
axis:clearance_mult,0.6000000000000001,-4.591357312138456,40.0,1.6646797937434406,38.75074035740472
axis:clearance_mult,0.6000000000000001,-4.591357312138456,43.0,1.624926067648964,37.728916918387505
axis:clearance_mult,0.6000000000000001,-4.591357312138456,45.0,1.4191770127707894,43.431494909521135
axis:clearance_mult,0.6000000000000001,-4.591357312138456,47.0,0.381798199810602,20.464275328241897
axis:clearance_mult,0.6000000000000001,-4.591357312138456,50.0,0.001040818207557134,6.764741660021516
axis:clearance_mult,0.65,-4.72918555972101,15.0,0.0016106243487357143,
axis:clearance_mult,0.65,-4.72918555972101,20.0,0.12354687130251296,5.167537234298393
axis:clearance_mult,0.65,-4.72918555972101,25.0,0.5396820454330272,12.017831570804482
axis:clearance_mult,0.65,-4.72918555972101,27.0,0.8306846147127477,18.525954840130048
axis:clearance_mult,0.65,-4.72918555972101,30.0,1.2068268259464685,23.72321772281427
axis:clearance_mult,0.65,-4.72918555972101,35.0,1.5328944809310672,31.054871637976973
axis:clearance_mult,0.65,-4.72918555972101,37.0,1.6036638472425282,34.76775773328319
axis:clearance_mult,0.65,-4.72918555972101,40.0,1.6651007277905652,38.780650175153944
axis:clearance_mult,0.65,-4.72918555972101,43.0,1.6254234769369595,37.7465548334282
axis:clearance_mult,0.65,-4.72918555972101,45.0,1.420109868827315,43.38602768274708
axis:clearance_mult,0.65,-4.72918555972101,47.0,0.3818123232550245,20.427460074306552
axis:clearance_mult,0.65,-4.72918555972101,50.0,0.0010408270455795612,6.737703756868593
axis:clearance_mult,0.7000000000000001,-4.7775080694747185,15.0,0.002065946773070129,0.6461850301018272
axis:clearance_mult,0.7000000000000001,-4.7775080694747185,20.0,0.12398848287960386,5.1511106463302605
axis:clearance_mult,0.7000000000000001,-4.7775080694747185,25.0,0.5402878055778014,12.024847916556679
axis:clearance_mult,0.7000000000000001,-4.7775080694747185,27.0,0.8312622773598295,18.553338228354608
axis:clearance_mult,0.7000000000000001,-4.7775080694747185,30.0,1.207471788506403,23.746661946725265
axis:clearance_mult,0.7000000000000001,-4.7775080694747185,35.0,1.533338230699343,31.063622850964116
axis:clearance_mult,0.7000000000000001,-4.7775080694747185,37.0,1.6040846594970024,34.77402534891203
axis:clearance_mult,0.7000000000000001,-4.7775080694747185,40.0,1.6655168828319984,38.80938600676134
axis:clearance_mult,0.7000000000000001,-4.7775080694747185,43.0,1.6259280163351348,37.76444557904692
axis:clearance_mult,0.7000000000000001,-4.7775080694747185,45.0,1.421056096902887,43.339908706151164
axis:clearance_mult,0.7000000000000001,-4.7775080694747185,47.0,0.3818252228889048,20.389915450026685
axis:clearance_mult,0.7000000000000001,-4.7775080694747185,50.0,0.0010408388744509531,
axis:clearance_mult,0.75,-4.9142517884897075,15.0,0.0025293586302309007,0.6542103289618992
axis:clearance_mult,0.75,-4.9142517884897075,20.0,0.12443642473495736,5.134448591528467
axis:clearance_mult,0.75,-4.9142517884897075,25.0,0.5409022489874061,12.031964838081532
axis:clearance_mult,0.75,-4.9142517884897075,27.0,0.8318482205083463,18.581114143621488
axis:clearance_mult,0.75,-4.9142517884897075,30.0,1.2081259962779334,23.7704422317137
axis:clearance_mult,0.75,-4.9142517884897075,35.0,1.5337883413957674,31.072499508156614
axis:clearance_mult,0.75,-4.9142517884897075,37.0,1.6045072636455677,34.78092077631544
axis:clearance_mult,0.75,-4.9142517884897075,40.0,1.6659390032451562,38.838533751954735
axis:clearance_mult,0.75,-4.9142517884897075,43.0,1.626439788050013,37.78259277944126
axis:clearance_mult,0.75,-4.9142517884897075,45.0,1.422015888678615,43.29312863735907
axis:clearance_mult,0.75,-4.9142517884897075,47.0,0.38183830743259783,20.351832643555216
axis:clearance_mult,0.75,-4.9142517884897075,50.0,0.0010408479678346632,
axis:clearance_mult,0.8,-5.050262817774881,15.0,0.002999413261625371,0.6623506664159602
axis:clearance_mult,0.8,-5.050262817774881,20.0,0.12489078760990652,5.117547694692998
axis:clearance_mult,0.8,-5.050262817774881,25.0,0.5415254106119366,12.039181836756264
axis:clearance_mult,0.8,-5.050262817774881,27.0,0.832442562855093,18.609288212554873
axis:clearance_mult,0.8,-5.050262817774881,30.0,1.2087895817864767,23.794563395026014
axis:clearance_mult,0.8,-5.050262817774881,35.0,1.5342446889609747,31.081492830789408
axis:clearance_mult,0.8,-5.050262817774881,37.0,1.6049322965496216,34.78837528947195
axis:clearance_mult,0.8,-5.050262817774881,40.0,1.6663671745406148,38.86809931530772
axis:clearance_mult,0.8,-5.050262817774881,43.0,1.6269496294897419,37.80156664193465
axis:clearance_mult,0.8,-5.050262817774881,45.0,1.4229894385832704,43.2456780002847
axis:clearance_mult,0.8,-5.050262817774881,47.0,0.3818515795365519,20.313203939132976
axis:clearance_mult,0.8,-5.050262817774881,50.0,0.0010408571913075094,
axis:clearance_mult,0.8500000000000001,-5.273715718068416,15.0,0.0034762058880572367,0.6706076914839807
axis:clearance_mult,0.8500000000000001,-5.273715718068416,20.0,0.12535166354651245,5.100404531972076
axis:clearance_mult,0.8500000000000001,-5.273715718068416,25.0,0.5421570733928993,12.046494089108545
axis:clearance_mult,0.8500000000000001,-5.273715718068416,27.0,0.8330454247983102,18.6378661425695
axis:clearance_mult,0.8500000000000001,-5.273715718068416,30.0,1.209462679457155,23.81903032300653
axis:clearance_mult,0.8500000000000001,-5.273715718068416,35.0,1.5347080116028229,31.09063637365034
axis:clearance_mult,0.8500000000000001,-5.273715718068416,37.0,1.605363422085049,34.79593665929851
axis:clearance_mult,0.8500000000000001,-5.273715718068416,40.0,1.6668014834546996,38.898088686029716
axis:clearance_mult,0.8500000000000001,-5.273715718068416,43.0,1.6274596543831577,37.821247853669256
axis:clearance_mult,0.8500000000000001,-5.273715718068416,45.0,1.4239769438326595,43.19754718209862
axis:clearance_mult,0.8500000000000001,-5.273715718068416,47.0,0.3818650306830966,20.273953240462067
axis:clearance_mult,0.8500000000000001,-5.273715718068416,50.0,0.001040863682845797,6.625620411741064
axis:clearance_mult,0.9,-5.408088494302985,15.0,0.003959833095272397,0.6789830768238001
axis:clearance_mult,0.9,-5.408088494302985,20.0,0.12581914590621415,5.083015630746878
axis:clearance_mult,0.9,-5.408088494302985,25.0,0.5427977907398627,12.053911158886612
axis:clearance_mult,0.9,-5.408088494302985,27.0,0.8336569284621154,18.666853722561676
axis:clearance_mult,0.9,-5.408088494302985,30.0,1.2101454256419855,23.843847971997015
axis:clearance_mult,0.9,-5.408088494302985,35.0,1.5351777574146426,31.099900256006663
axis:clearance_mult,0.9,-5.408088494302985,37.0,1.6058007275866535,34.80360641753112
axis:clearance_mult,0.9,-5.408088494302985,40.0,1.6672352944318851,38.930343415249155
axis:clearance_mult,0.9,-5.408088494302985,43.0,1.6279769902250731,37.84121118560413
axis:clearance_mult,0.9,-5.408088494302985,45.0,1.4249786044695927,43.148726433080505
axis:clearance_mult,0.9,-5.408088494302985,47.0,0.3818786484090957,20.233980068125256
axis:clearance_mult,0.9,-5.408088494302985,50.0,0.0010408731727334735,6.5965882782875624
axis:clearance_mult,0.9500000000000001,-5.541625250955918,15.0,0.004450392853524277,0.6874785190699602
axis:clearance_mult,0.9500000000000001,-5.541625250955918,20.0,0.12629332938874221,5.0653774683757415
axis:clearance_mult,0.9500000000000001,-5.541625250955918,25.0,0.5434476924454428,12.061434548596417
axis:clearance_mult,0.9500000000000001,-5.541625250955918,27.0,0.8342771977211836,18.696256825017514
axis:clearance_mult,0.9500000000000001,-5.541625250955918,30.0,1.2108379586475362,23.869021369418835
axis:clearance_mult,0.9500000000000001,-5.541625250955918,35.0,1.5356542367947326,31.109296931424353
axis:clearance_mult,0.9500000000000001,-5.541625250955918,37.0,1.606244301641102,34.81138611786351
axis:clearance_mult,0.9500000000000001,-5.541625250955918,40.0,1.6676741447802463,38.96338077800599
axis:clearance_mult,0.9500000000000001,-5.541625250955918,43.0,1.6285017418142316,37.86146068178974
axis:clearance_mult,0.9500000000000001,-5.541625250955918,45.0,1.4259835666844265,43.10056725693082
axis:clearance_mult,0.9500000000000001,-5.541625250955918,47.0,0.3818924613383061,20.19343390015232
axis:clearance_mult,0.9500000000000001,-5.541625250955918,50.0,0.001040882798653883,6.5671399745130605
axis:clearance_mult,1.0,-5.673361191636375,15.0,0.0049479845374203755,0.6960957391774006
axis:clearance_mult,1.0,-5.673361191636375,20.0,0.1267743100512976,5.047486471947938
axis:clearance_mult,1.0,-5.673361191636375,25.0,0.5441069101627682,12.069065782295429
axis:clearance_mult,1.0,-5.673361191636375,27.0,0.83490635822589,18.726081405941137
axis:clearance_mult,1.0,-5.673361191636375,30.0,1.211540418762925,23.89455561475123
axis:clearance_mult,1.0,-5.673361191636375,35.0,1.536137546265373,31.11882830342424
axis:clearance_mult,1.0,-5.673361191636375,37.0,1.6066942341049313,34.81927733625844
axis:clearance_mult,1.0,-5.673361191636375,40.0,1.6681192858260496,38.996891714639915
axis:clearance_mult,1.0,-5.673361191636375,43.0,1.6290340154516079,37.882000444245364
axis:clearance_mult,1.0,-5.673361191636375,45.0,1.4268754478539176,43.0587452878124
axis:clearance_mult,1.0,-5.673361191636375,47.0,0.381906472027473,20.152305053798216
axis:clearance_mult,1.0,-5.673361191636375,50.0,0.0010408925625569852,6.537269558347027
PC1,-1.0,-11.155801055791466,15.0,0.0017991045138851611,
PC1,-1.0,-11.155801055791466,20.0,0.094328374689426,3.2756406586156706
PC1,-1.0,-11.155801055791466,25.0,0.42922719710433443,10.19408779271424
PC1,-1.0,-11.155801055791466,27.0,0.6529514130073827,14.714389562557313
PC1,-1.0,-11.155801055791466,30.0,0.9511091535387252,19.983378592374297
PC1,-1.0,-11.155801055791466,35.0,1.3427542577164366,24.467610959593756
PC1,-1.0,-11.155801055791466,37.0,1.42923238519366,27.567642663562637
PC1,-1.0,-11.155801055791466,40.0,1.499695931824623,30.099420722825585
PC1,-1.0,-11.155801055791466,43.0,1.4873189583621784,30.566731848903153
PC1,-1.0,-11.155801055791466,45.0,1.3427425126153325,26.202874458463015
PC1,-1.0,-11.155801055791466,47.0,0.6174027847986865,23.90280190328467
PC1,-1.0,-11.155801055791466,50.0,0.000982225060854359,6.258871846811631
PC1,-0.9500000000000001,-10.604784547094551,15.0,0.0016568709578590511,
PC1,-0.9500000000000001,-10.604784547094551,20.0,0.09627423022183541,3.3288801463450732
PC1,-0.9500000000000001,-10.604784547094551,25.0,0.43546965270771504,10.321554655885633
PC1,-0.9500000000000001,-10.604784547094551,27.0,0.6628246098774331,14.989064130601443
PC1,-0.9500000000000001,-10.604784547094551,30.0,0.9628660276486748,20.149077015834717
PC1,-0.9500000000000001,-10.604784547094551,35.0,1.3533753483095874,24.814742004260857
PC1,-0.9500000000000001,-10.604784547094551,37.0,1.438364464172437,27.569769753538527
PC1,-0.9500000000000001,-10.604784547094551,40.0,1.5073768935838467,30.49507299086802
PC1,-0.9500000000000001,-10.604784547094551,43.0,1.4939764005953269,30.91542123549947
PC1,-0.9500000000000001,-10.604784547094551,45.0,1.3468740803305554,26.38906609931141
PC1,-0.9500000000000001,-10.604784547094551,47.0,0.6058671723010014,23.839566907860856
PC1,-0.9500000000000001,-10.604784547094551,50.0,0.0009855873941377582,6.558510562367738
PC1,-0.9,-9.197327829292227,15.0,0.0015289241549958953,0.6621401416183302
PC1,-0.9,-9.197327829292227,20.0,0.09812531201409083,4.655685480155688
PC1,-0.9,-9.197327829292227,25.0,0.4415383533504052,10.445689204919917
PC1,-0.9,-9.197327829292227,27.0,0.6726050965922046,15.26128990379641
PC1,-0.9,-9.197327829292227,30.0,0.9745902163660374,20.31449703627262
PC1,-0.9,-9.197327829292227,35.0,1.3641799062795092,25.120522034263704
PC1,-0.9,-9.197327829292227,37.0,1.447478583887816,27.657365836291984
PC1,-0.9,-9.197327829292227,40.0,1.5150743448271664,30.891601316533535
PC1,-0.9,-9.197327829292227,43.0,1.5006298511791583,31.264353552874987
PC1,-0.9,-9.197327829292227,45.0,1.3508925676291874,26.5707286017123
PC1,-0.9,-9.197327829292227,47.0,0.5930976101539986,23.757476150919086
PC1,-0.9,-9.197327829292227,50.0,0.0009889445634791477,6.564835797922708
PC1,-0.8500000000000001,-9.132811621656678,15.0,0.0013801858113266087,0.6660212531328616
PC1,-0.8500000000000001,-9.132811621656678,20.0,0.09989625322654877,4.732761722701364
PC1,-0.8500000000000001,-9.132811621656678,25.0,0.44744423043075976,10.566702960798066
PC1,-0.8500000000000001,-9.132811621656678,27.0,0.6822575241040923,15.532699045103904
PC1,-0.8500000000000001,-9.132811621656678,30.0,0.9862898946598243,20.479715065518878
PC1,-0.8500000000000001,-9.132811621656678,35.0,1.3749708833548424,25.47442059162441
PC1,-0.8500000000000001,-9.132811621656678,37.0,1.4563731606464323,27.843206023354128
PC1,-0.8500000000000001,-9.132811621656678,40.0,1.5227895019288094,31.28906593920292
PC1,-0.8500000000000001,-9.132811621656678,43.0,1.507278442324659,31.6131102165935
PC1,-0.8500000000000001,-9.132811621656678,45.0,1.3547951057592358,26.747745721597322
PC1,-0.8500000000000001,-9.132811621656678,47.0,0.5804205627081442,23.51397161778331
PC1,-0.8500000000000001,-9.132811621656678,50.0,0.0009940834297968177,
PC1,-0.8,-8.718351042229171,15.0,0.0012095638183560508,0.6692009171252193
PC1,-0.8,-8.718351042229171,20.0,0.10156635132253997,4.799412629213216
PC1,-0.8,-8.718351042229171,25.0,0.4531977858406327,10.68479909015793
PC1,-0.8,-8.718351042229171,27.0,0.6918128329814969,15.802634572525522
PC1,-0.8,-8.718351042229171,30.0,0.9979727098816934,20.6448107802335
PC1,-0.8,-8.718351042229171,35.0,1.3851801692754797,25.96698712949954
PC1,-0.8,-8.718351042229171,37.0,1.4645691238698526,28.138793722550545
PC1,-0.8,-8.718351042229171,40.0,1.5305234345698964,31.687519862075746
PC1,-0.8,-8.718351042229171,43.0,1.5139217388294284,31.961669815457327
PC1,-0.8,-8.718351042229171,45.0,1.358573733948234,26.9197944970541
PC1,-0.8,-8.718351042229171,47.0,0.5678131241262167,23.355618092276714
PC1,-0.8,-8.718351042229171,50.0,0.0009955447124655997,6.364189975483244
PC1,-0.75,-8.241661762544943,15.0,0.0010187568692802316,
PC1,-0.75,-8.241661762544943,20.0,0.103161575241425,4.864086192497849
PC1,-0.75,-8.241661762544943,25.0,0.4588091312170476,10.800173182324828
PC1,-0.75,-8.241661762544943,27.0,0.7012992449594793,16.07073469660433
PC1,-0.75,-8.241661762544943,30.0,1.0096458343823551,20.809864191145714
PC1,-0.75,-8.241661762544943,35.0,1.39521056959913,26.484684972837126
PC1,-0.75,-8.241661762544943,37.0,1.472542249797755,28.546958594998756
PC1,-0.75,-8.241661762544943,40.0,1.5383219393125551,31.968822179515236
PC1,-0.75,-8.241661762544943,43.0,1.5205592113335016,32.31000625453236
PC1,-0.75,-8.241661762544943,45.0,1.3622132965970717,27.086259881582784
PC1,-0.75,-8.241661762544943,47.0,0.5552884816081808,23.201660117454324
PC1,-0.75,-8.241661762544943,50.0,0.0009987682511112218,6.390966112786067
PC1,-0.7000000000000001,-7.779327413664662,15.0,0.0008060634002783975,
PC1,-0.7000000000000001,-7.779327413664662,20.0,0.1046974553596662,4.925185318364888
PC1,-0.7000000000000001,-7.779327413664662,25.0,0.464288016778317,10.913013818078289
PC1,-0.7000000000000001,-7.779327413664662,27.0,0.7107256276083769,16.337240565240606
PC1,-0.7000000000000001,-7.779327413664662,30.0,1.0213160107307615,20.97495403942066
PC1,-0.7000000000000001,-7.779327413664662,35.0,1.4051787997563656,26.999333997547243
PC1,-0.7000000000000001,-7.779327413664662,37.0,1.4805308597385076,28.955945019660607
PC1,-0.7000000000000001,-7.779327413664662,40.0,1.5462099585782378,32.37417222323004
PC1,-0.7000000000000001,-7.779327413664662,43.0,1.5271902397117436,32.65808892393221
PC1,-0.7000000000000001,-7.779327413664662,45.0,1.3657294756990461,27.247778730351044
PC1,-0.7000000000000001,-7.779327413664662,47.0,0.542851662790226,23.054478533007916
PC1,-0.7000000000000001,-7.779327413664662,50.0,0.0010019432776025774,6.417964802058706
PC1,-0.65,-7.333811443757341,15.0,0.0005729052159080495,0.6747124570700569
PC1,-0.65,-7.333811443757341,20.0,0.1061379614475931,4.983148851876884
PC1,-0.65,-7.333811443757341,25.0,0.46964385237861034,11.023502983951422
PC1,-0.65,-7.333811443757341,27.0,0.7201004017704846,16.60238118904696
PC1,-0.65,-7.333811443757341,30.0,1.0329895907265565,21.14015692442767
PC1,-0.65,-7.333811443757341,35.0,1.4150864795663438,27.50733957583717
PC1,-0.65,-7.333811443757341,37.0,1.4887663192006417,29.262408918548
PC1,-0.65,-7.333811443757341,40.0,1.55410416240686,32.77989045675706
PC1,-0.65,-7.333811443757341,43.0,1.5338141161684027,33.0058828527862
PC1,-0.65,-7.333811443757341,45.0,1.369119224048909,27.404227557860874
PC1,-0.65,-7.333811443757341,47.0,0.5305104590751581,22.919317342219866
PC1,-0.65,-7.333811443757341,50.0,0.0010050666230624764,6.445017711540147
PC1,-0.6000000000000001,-6.806362140253061,15.0,0.0003317560503280205,
PC1,-0.6000000000000001,-6.806362140253061,20.0,0.10748691741405,5.038104408286511
PC1,-0.6000000000000001,-6.806362140253061,25.0,0.47488572291008746,11.13181637480434
PC1,-0.6000000000000001,-6.806362140253061,27.0,0.7293088104392318,16.86498616982776
PC1,-0.6000000000000001,-6.806362140253061,30.0,1.0446725692064267,21.30554684687948
PC1,-0.6000000000000001,-6.806362140253061,35.0,1.4242320775137594,27.72137433675417
PC1,-0.6000000000000001,-6.806362140253061,37.0,1.4970496011742587,29.685125766447907
PC1,-0.6000000000000001,-6.806362140253061,40.0,1.562006893242104,33.18609241447215
PC1,-0.6000000000000001,-6.806362140253061,43.0,1.5404300480602189,33.353348849696445
PC1,-0.6000000000000001,-6.806362140253061,45.0,1.3723794705551882,27.555481909712007
PC1,-0.6000000000000001,-6.806362140253061,47.0,0.5182690586707159,22.810027644855353
PC1,-0.6000000000000001,-6.806362140253061,50.0,0.0010081349515358837,6.47227899503052
PC1,-0.55,-6.489055009900683,15.0,5.568469417950055e-05,
PC1,-0.55,-6.489055009900683,20.0,0.10874830904192008,5.090184998463885
PC1,-0.55,-6.489055009900683,25.0,0.48002239974201494,11.23812361825339
PC1,-0.55,-6.489055009900683,27.0,0.7382332414828516,17.120526595609757
PC1,-0.55,-6.489055009900683,30.0,1.0563724237256409,21.471219520550555
PC1,-0.55,-6.489055009900683,35.0,1.4333388690633249,27.724680019654475
PC1,-0.55,-6.489055009900683,37.0,1.5053255954538343,30.10787504670533
PC1,-0.55,-6.489055009900683,40.0,1.5699201735121684,33.59287787979201
PC1,-0.55,-6.489055009900683,43.0,1.5470371604707436,33.7004436308267
PC1,-0.55,-6.489055009900683,45.0,1.3755071242830634,27.701416526733844
PC1,-0.55,-6.489055009900683,47.0,0.5061355736453189,22.698253561166915
PC1,-0.55,-6.489055009900683,50.0,0.0010111447894665397,6.499688622177337
PC1,-0.5,-6.187249880165483,15.0,0.0,
PC1,-0.5,-6.187249880165483,20.0,0.10992623623164766,5.139527437269221
PC1,-0.5,-6.187249880165483,25.0,0.4850623495117894,11.342636727917924
PC1,-0.5,-6.187249880165483,27.0,0.7457157056791567,17.336464901383124
PC1,-0.5,-6.187249880165483,30.0,1.0681023351750123,21.638142247963025
PC1,-0.5,-6.187249880165483,35.0,1.442451198855402,27.728001486986845
PC1,-0.5,-6.187249880165483,37.0,1.5136080006368149,30.531851621693562
PC1,-0.5,-6.187249880165483,40.0,1.5777353373063123,33.997594354675606
PC1,-0.5,-6.187249880165483,43.0,1.553638119641533,34.047300096442186
PC1,-0.5,-6.187249880165483,45.0,1.3785087061488568,27.966477848127543
PC1,-0.5,-6.187249880165483,47.0,0.494115227800926,22.539414861621143
PC1,-0.5,-6.187249880165483,50.0,0.00101409255748551,6.526545865697095
PC1,-0.45,-5.922694064588342,15.0,0.0,
PC1,-0.45,-5.922694064588342,20.0,0.11102815848513352,5.186380509192915
PC1,-0.45,-5.922694064588342,25.0,0.49008316134830365,11.446757411669587
PC1,-0.45,-5.922694064588342,27.0,0.7531498206284623,17.524446987882065
PC1,-0.45,-5.922694064588342,30.0,1.0796807569741405,21.802951174241713
PC1,-0.45,-5.922694064588342,35.0,1.4515739124007256,27.731377704778264
PC1,-0.45,-5.922694064588342,37.0,1.5218825706370163,30.687064271895036
PC1,-0.45,-5.922694064588342,40.0,1.5854737125990366,34.40081766514974
PC1,-0.45,-5.922694064588342,43.0,1.5602289875204303,34.39372256434395
PC1,-0.45,-5.922694064588342,45.0,1.381323217141566,27.975640179208508
PC1,-0.45,-5.922694064588342,47.0,0.48221335059929316,22.384699408001556
PC1,-0.45,-5.922694064588342,50.0,0.0010169742826543764,6.55494107146763
PC1,-0.4,-5.664778343555989,15.0,0.0,
PC1,-0.4,-5.664778343555989,20.0,0.11207953794031594,5.230049863921338
PC1,-0.4,-5.664778343555989,25.0,0.4950325463762818,11.549524926054396
PC1,-0.4,-5.664778343555989,27.0,0.760410610828612,17.506624895586747
PC1,-0.4,-5.664778343555989,30.0,1.0912874225815758,21.96791073962082
PC1,-0.4,-5.664778343555989,35.0,1.460582805080818,27.809637112910977
PC1,-0.4,-5.664778343555989,37.0,1.5301634651567315,31.10729894644807
PC1,-0.4,-5.664778343555989,40.0,1.593226632539503,34.804832198409144
PC1,-0.4,-5.664778343555989,43.0,1.5668080257053196,34.739624792407014
PC1,-0.4,-5.664778343555989,45.0,1.383934007494391,28.100779760085057
PC1,-0.4,-5.664778343555989,47.0,0.47043444228269626,22.23205095422399
PC1,-0.4,-5.664778343555989,50.0,0.0010197861609919877,6.5827647660443365
PC1,-0.35000000000000003,-5.4306837858516515,15.0,0.0,
PC1,-0.35000000000000003,-5.4306837858516515,20.0,0.11305865288699465,5.272861642997489
PC1,-0.35000000000000003,-5.4306837858516515,25.0,0.49990757135972946,11.335071331566612
PC1,-0.35000000000000003,-5.4306837858516515,27.0,0.767625877638849,17.403883793327374
PC1,-0.35000000000000003,-5.4306837858516515,30.0,1.103946314104002,22.150992792122803
PC1,-0.35000000000000003,-5.4306837858516515,35.0,1.4689635420364378,28.1243815098012
PC1,-0.35000000000000003,-5.4306837858516515,37.0,1.5384471477285695,31.527731690279893
PC1,-0.35000000000000003,-5.4306837858516515,40.0,1.6009962366348223,35.209745227289375
PC1,-0.35000000000000003,-5.4306837858516515,43.0,1.5733740541657346,35.08494832007518
PC1,-0.35000000000000003,-5.4306837858516515,45.0,1.3864329570778828,28.221443226390228
PC1,-0.35000000000000003,-5.4306837858516515,47.0,0.45878310181260634,22.081326338136876
PC1,-0.35000000000000003,-5.4306837858516515,50.0,0.0010225239778908423,6.610726812417057
PC1,-0.30000000000000004,-5.23240612711149,15.0,0.0,
PC1,-0.30000000000000004,-5.23240612711149,20.0,0.11398200576601217,5.154383221515992
PC1,-0.30000000000000004,-5.23240612711149,25.0,0.5047226863565644,11.36486997254838
PC1,-0.30000000000000004,-5.23240612711149,27.0,0.7747940441404241,17.509381724399663
PC1,-0.30000000000000004,-5.23240612711149,30.0,1.117477437501387,22.346230433727495
PC1,-0.30000000000000004,-5.23240612711149,35.0,1.4772672640082225,28.342813081872297
PC1,-0.30000000000000004,-5.23240612711149,37.0,1.5467462902414182,31.948979826680056
PC1,-0.30000000000000004,-5.23240612711149,40.0,1.6087889175117596,35.61587680094172
PC1,-0.30000000000000004,-5.23240612711149,43.0,1.5799258204374367,35.429631083911175
PC1,-0.30000000000000004,-5.23240612711149,45.0,1.388821039693337,28.448741971589143
PC1,-0.30000000000000004,-5.23240612711149,47.0,0.447263767327807,21.932613207721303
PC1,-0.30000000000000004,-5.23240612711149,50.0,0.0010251834606106183,6.638075868194395
PC1,-0.25,-5.048997204522687,15.0,0.0,
PC1,-0.25,-5.048997204522687,20.0,0.11484580776723124,5.193116674205672
PC1,-0.25,-5.048997204522687,25.0,0.5094756872931591,11.457638313801352
PC1,-0.25,-5.048997204522687,27.0,0.7819324751789872,17.611683870913524
PC1,-0.25,-5.048997204522687,30.0,1.130715212972784,22.537413063952474
PC1,-0.25,-5.048997204522687,35.0,1.4855244559417782,28.760143457030473
PC1,-0.25,-5.048997204522687,37.0,1.5550925699122993,32.37258619903211
PC1,-0.25,-5.048997204522687,40.0,1.6166522152494356,36.025605497711275
PC1,-0.25,-5.048997204522687,43.0,1.586235064753903,35.76818841066587
PC1,-0.25,-5.048997204522687,45.0,1.3910778727045086,28.448648597139066
PC1,-0.25,-5.048997204522687,47.0,0.4358806807090656,21.77648505565065
PC1,-0.25,-5.048997204522687,50.0,0.001027759925544791,6.6663136616568535
PC1,-0.2,-4.578940419177251,15.0,0.0,
PC1,-0.2,-4.578940419177251,20.0,0.11564969673184099,5.22836609852613
PC1,-0.2,-4.578940419177251,25.0,0.5141735487313406,11.55338388800033
PC1,-0.2,-4.578940419177251,27.0,0.7890494476774863,17.71281868058975
PC1,-0.2,-4.578940419177251,30.0,1.1439639652689602,22.696342172419023
PC1,-0.2,-4.578940419177251,35.0,1.4937537415969606,29.176180552695165
PC1,-0.2,-4.578940419177251,37.0,1.5635063037922539,32.79954043553634
PC1,-0.2,-4.578940419177251,40.0,1.6245361097201634,36.436429146346114
PC1,-0.2,-4.578940419177251,43.0,1.5924380080373204,36.098697650505585
PC1,-0.2,-4.578940419177251,45.0,1.393504931124412,38.207332260420365
PC1,-0.2,-4.578940419177251,47.0,0.4246367222894169,21.598479666752368
PC1,-0.2,-4.578940419177251,50.0,0.0010302764632674152,6.695386070768904
PC1,-0.15000000000000002,-4.367861993290404,15.0,0.0,
PC1,-0.15000000000000002,-4.367861993290404,20.0,0.1163976102385489,5.26404130412603
PC1,-0.15000000000000002,-4.367861993290404,25.0,0.5188229750513944,11.64936408410842
PC1,-0.15000000000000002,-4.367861993290404,27.0,0.7961523088619774,17.8110528547361
PC1,-0.15000000000000002,-4.367861993290404,30.0,1.1574712373769542,22.89128786511431
PC1,-0.15000000000000002,-4.367861993290404,35.0,1.5019756276316065,29.591919621547877
PC1,-0.15000000000000002,-4.367861993290404,37.0,1.5719386044963048,33.22746205571137
PC1,-0.15000000000000002,-4.367861993290404,40.0,1.632438375835797,36.848906311425864
PC1,-0.15000000000000002,-4.367861993290404,43.0,1.5986053392024115,36.4272093857138
PC1,-0.15000000000000002,-4.367861993290404,45.0,1.3973208549276501,43.7142327178232
PC1,-0.15000000000000002,-4.367861993290404,47.0,0.41353666891261587,21.433794805487715
PC1,-0.15000000000000002,-4.367861993290404,50.0,0.0010329690853158823,6.723874065746649
PC1,-0.1,-4.2758875960476335,15.0,0.0,
PC1,-0.1,-4.2758875960476335,20.0,0.11709336192057536,5.29797341020453
PC1,-0.1,-4.2758875960476335,25.0,0.5234304082678501,11.745041005904165
PC1,-0.1,-4.2758875960476335,27.0,0.80324812542468,17.88919844013171
PC1,-0.1,-4.2758875960476335,30.0,1.1707223173712331,23.08269515333435
PC1,-0.1,-4.2758875960476335,35.0,1.5102054150533901,30.008103327396693
PC1,-0.1,-4.2758875960476335,37.0,1.5803942008107383,33.65658157397136
PC1,-0.1,-4.2758875960476335,40.0,1.640337252958006,37.27767628299353
PC1,-0.1,-4.2758875960476335,43.0,1.6047471044564785,36.75450241985962
PC1,-0.1,-4.2758875960476335,45.0,1.4013350546629302,44.00601241735328
PC1,-0.1,-4.2758875960476335,47.0,0.40258364288645343,21.358978052299044
PC1,-0.1,-4.2758875960476335,50.0,0.001035576199126009,6.752476243694122
PC1,-0.05,-4.234057611848025,15.0,0.0,
PC1,-0.05,-4.234057611848025,20.0,0.11774062941414595,5.330288461253584
PC1,-0.05,-4.234057611848025,25.0,0.528002036390649,11.840299731338837
PC1,-0.05,-4.234057611848025,27.0,0.8125584138514007,18.05667324848567
PC1,-0.05,-4.234057611848025,30.0,1.1837823685223159,23.271470388914796
PC1,-0.05,-4.234057611848025,35.0,1.5184908472078404,30.42704850917258
PC1,-0.05,-4.234057611848025,37.0,1.5888751706303224,34.08700041278962
PC1,-0.05,-4.234057611848025,40.0,1.6482595523609067,37.71120209944403
PC1,-0.05,-4.234057611848025,43.0,1.6108615710902408,37.08048974765434
PC1,-0.05,-4.234057611848025,45.0,1.4051867094375339,43.92469484397409
PC1,-0.05,-4.234057611848025,47.0,0.3917760985990292,21.087158724413868
PC1,-0.05,-4.234057611848025,50.0,0.0010380928176888723,6.781204449887328
PC1,0.0,-4.2224779764014295,15.0,0.0,
PC1,0.0,-4.2224779764014295,20.0,0.11834294554443316,5.361107214455652
PC1,0.0,-4.2224779764014295,25.0,0.5325438022706479,11.935151350722135
PC1,0.0,-4.2224779764014295,27.0,0.821611260867707,18.197831158992578
PC1,0.0,-4.2224779764014295,30.0,1.196704095074698,23.45607644700078
PC1,0.0,-4.2224779764014295,35.0,1.5268316683468743,30.84981310980844
PC1,0.0,-4.2224779764014295,37.0,1.5971836562400235,34.514198612823016
PC1,0.0,-4.2224779764014295,40.0,1.6562052344532,38.14599875076241
PC1,0.0,-4.2224779764014295,43.0,1.6168964144917177,37.415970202632955
PC1,0.0,-4.2224779764014295,45.0,1.40887489316692,43.93948842428881
PC1,0.0,-4.2224779764014295,47.0,0.38112494249750395,20.745815537520116
PC1,0.0,-4.2224779764014295,50.0,0.0010405137263105142,6.810053065922644
PC1,0.05,-4.2382383472802845,15.0,0.0,
PC1,0.05,-4.2382383472802845,20.0,0.11890369248228555,5.390545461396689
PC1,0.05,-4.2382383472802845,25.0,0.5370614128545236,12.027075035995358
PC1,0.05,-4.2382383472802845,27.0,0.8305443756629436,18.29404904492303
PC1,0.05,-4.2382383472802845,30.0,1.210680116041107,23.397705358302897
PC1,0.05,-4.2382383472802845,35.0,1.5351939221451976,31.27380063498277
PC1,0.05,-4.2382383472802845,37.0,1.6055169283791946,34.942936511350375
PC1,0.05,-4.2382383472802845,40.0,1.6641741518379103,38.58206232933712
PC1,0.05,-4.2382383472802845,43.0,1.6228598032282167,37.75946917303129
PC1,0.05,-4.2382383472802845,45.0,1.4125222026634032,44.73793439217022
PC1,0.05,-4.2382383472802845,47.0,0.3705293620305768,20.404922059163624
PC1,0.05,-4.2382383472802845,50.0,0.0010428334713688196,6.8390209040233065
PC1,0.1,-4.297056312626344,15.0,0.0,
PC1,0.1,-4.297056312626344,20.0,0.11942609837044198,5.418713648293316
PC1,0.1,-4.297056312626344,25.0,0.5429599453308624,12.148621267187691
PC1,0.1,-4.297056312626344,27.0,0.8400437573052372,18.42869487471468
PC1,0.1,-4.297056312626344,30.0,1.224308098440212,23.598209835658892
PC1,0.1,-4.297056312626344,35.0,1.5435892165273306,31.69945903009133
PC1,0.1,-4.297056312626344,37.0,1.6138872076944257,35.37356941334327
PC1,0.1,-4.297056312626344,40.0,1.6721660575552182,39.0193830354998
PC1,0.1,-4.297056312626344,43.0,1.6287944973358939,38.101051085009146
PC1,0.1,-4.297056312626344,45.0,1.416005343888167,44.65670368153706
PC1,0.1,-4.297056312626344,47.0,0.36004382517087374,20.100439809901665
PC1,0.1,-4.297056312626344,50.0,0.0010450463518536306,6.8681070026619055
PC1,0.15000000000000002,-4.3966347971743005,15.0,0.0,
PC1,0.15000000000000002,-4.3966347971743005,20.0,0.11991323612647611,5.445716883620874
PC1,0.15000000000000002,-4.3966347971743005,25.0,0.5486650103229538,12.265606464130341
PC1,0.15000000000000002,-4.3966347971743005,27.0,0.8521042631968408,18.242682810881533
PC1,0.15000000000000002,-4.3966347971743005,30.0,1.2376313137298889,23.794407307067374
PC1,0.15000000000000002,-4.3966347971743005,35.0,1.5520207194099234,32.126942794811384
PC1,0.15000000000000002,-4.3966347971743005,37.0,1.6222962715907745,35.80618554272364
PC1,0.15000000000000002,-4.3966347971743005,40.0,1.6801808685067763,39.457959181675086
PC1,0.15000000000000002,-4.3966347971743005,43.0,1.634938053372845,38.454493588325526
PC1,0.15000000000000002,-4.3966347971743005,45.0,1.4193041414854246,44.57661522350105
PC1,0.15000000000000002,-4.3966347971743005,47.0,0.34973660890988695,19.945348235905477
PC1,0.15000000000000002,-4.3966347971743005,50.0,0.0010471464104194214,6.897310518670076
PC1,0.2,-4.434719402327585,15.0,0.0,
PC1,0.2,-4.434719402327585,20.0,0.12036802405652378,5.4716549558471215
PC1,0.2,-4.434719402327585,25.0,0.5566031401501381,12.070667859079904
PC1,0.2,-4.434719402327585,27.0,0.8632459889219956,18.403090025540905
PC1,0.2,-4.434719402327585,30.0,1.2503603386877828,23.799855786371246
PC1,0.2,-4.434719402327585,35.0,1.5604927110829263,32.556460599897505
PC1,0.2,-4.434719402327585,37.0,1.6307456600678791,36.240861371795866
PC1,0.2,-4.434719402327585,40.0,1.6882154251940464,39.891328058058455
PC1,0.2,-4.434719402327585,43.0,1.6415940832198548,38.835879257403526
PC1,0.2,-4.434719402327585,45.0,1.4224190753524433,44.50234649535301
PC1,0.2,-4.434719402327585,47.0,0.3396068647076493,19.62461770428758
PC1,0.2,-4.434719402327585,50.0,0.0010491357917949045,
PC1,0.25,-4.671538994319422,15.0,0.0,
PC1,0.25,-4.671538994319422,20.0,0.12079322797006599,5.496622401764112
PC1,0.25,-4.671538994319422,25.0,0.5650364127472757,12.230520689096398
PC1,0.25,-4.671538994319422,27.0,0.8733980292472497,18.51595866562116
PC1,0.25,-4.671538994319422,30.0,1.2613807868459264,23.842915478137524
PC1,0.25,-4.671538994319422,35.0,1.5690095809658138,32.988226431335995
PC1,0.25,-4.671538994319422,37.0,1.6392365852745907,36.67765714384792
PC1,0.25,-4.671538994319422,40.0,1.6962469166989531,40.24533597999394
PC1,0.25,-4.671538994319422,43.0,1.6481897251592774,39.15707360331316
PC1,0.25,-4.671538994319422,45.0,1.4253507459279557,44.42979299404103
PC1,0.25,-4.671538994319422,47.0,0.3296549217168355,19.43480710409505
PC1,0.25,-4.671538994319422,50.0,0.0010516602324782036,6.9560986174458534
PC1,0.30000000000000004,-4.8820341842308626,15.0,0.0,
PC1,0.30000000000000004,-4.8820341842308626,20.0,0.12119146451197836,5.520708614886865
PC1,0.30000000000000004,-4.8820341842308626,25.0,0.5727401435577585,14.199274738063785
PC1,0.30000000000000004,-4.8820341842308626,27.0,0.8827913745266992,18.64983553093569
PC1,0.30000000000000004,-4.8820341842308626,30.0,1.272187575612323,23.69513408291053
PC1,0.30000000000000004,-4.8820341842308626,35.0,1.5775732595198422,33.42233452991084
PC1,0.30000000000000004,-4.8820341842308626,37.0,1.6477667172844441,37.11712195156291
PC1,0.30000000000000004,-4.8820341842308626,40.0,1.7042850490851813,40.54376557759347
PC1,0.30000000000000004,-4.8820341842308626,43.0,1.6547171013268989,39.407249320194595
PC1,0.30000000000000004,-4.8820341842308626,45.0,1.428105337957749,44.36158378062054
PC1,0.30000000000000004,-4.8820341842308626,47.0,0.3198555172770273,19.248421311220024
PC1,0.30000000000000004,-4.8820341842308626,50.0,0.001055495325072249,6.985749077067757
PC1,0.35000000000000003,-5.092092234248433,15.0,0.0,
PC1,0.35000000000000003,-5.092092234248433,20.0,0.12156520546014081,5.543997987395245
PC1,0.35000000000000003,-5.092092234248433,25.0,0.5799366593802224,14.348827831407494
PC1,0.35000000000000003,-5.092092234248433,27.0,0.8916957900056153,18.779518380352037
PC1,0.35000000000000003,-5.092092234248433,30.0,1.2830030497106135,23.547095019820414
PC1,0.35000000000000003,-5.092092234248433,35.0,1.586186523643926,33.85892035698905
PC1,0.35000000000000003,-5.092092234248433,37.0,1.6563101878315725,37.56341017337998
PC1,0.35000000000000003,-5.092092234248433,40.0,1.7123391870474098,40.84275922408231
PC1,0.35000000000000003,-5.092092234248433,43.0,1.6612114139978775,39.656288457376355
PC1,0.35000000000000003,-5.092092234248433,45.0,1.4307027371108485,44.29723092469137
PC1,0.35000000000000003,-5.092092234248433,47.0,0.31019584143671913,19.011027745466546
PC1,0.35000000000000003,-5.092092234248433,50.0,0.0010592930305050852,7.014948904105575
PC1,0.4,-5.325814959748698,15.0,0.0,
PC1,0.4,-5.325814959748698,20.0,0.12208563084172738,5.572349851852037
PC1,0.4,-5.325814959748698,25.0,0.5864758012466604,14.359568811203022
PC1,0.4,-5.325814959748698,27.0,0.9002799472963818,18.905145468694162
PC1,0.4,-5.325814959748698,30.0,1.2938496537377573,23.406498375316893
PC1,0.4,-5.325814959748698,35.0,1.5948533880607791,34.29817965420131
PC1,0.4,-5.325814959748698,37.0,1.6648974028962316,38.01196989681115
PC1,0.4,-5.325814959748698,40.0,1.720387080057552,41.138968291189784
PC1,0.4,-5.325814959748698,43.0,1.6676675238597274,39.903413508692736
PC1,0.4,-5.325814959748698,45.0,1.43313025922955,45.01089169647421
PC1,0.4,-5.325814959748698,47.0,0.3007215216043564,18.69985736833611
PC1,0.4,-5.325814959748698,50.0,0.0010630501744969833,7.044877865673271
PC1,0.45,-5.599665630941356,15.0,0.0,
PC1,0.45,-5.599665630941356,20.0,0.12269843527470885,5.593821332176957
PC1,0.45,-5.599665630941356,25.0,0.5925648610210584,14.262482605468282
PC1,0.45,-5.599665630941356,27.0,0.9086475534039511,19.027921104776883
PC1,0.45,-5.599665630941356,30.0,1.3044656895113096,23.54562749621266
PC1,0.45,-5.599665630941356,35.0,1.6035757548840204,34.740205284454056
PC1,0.45,-5.599665630941356,37.0,1.6735287485649633,38.46282085580091
PC1,0.45,-5.599665630941356,40.0,1.727786193983279,41.399847176494355
PC1,0.45,-5.599665630941356,43.0,1.6738747783696677,40.09909938231956
PC1,0.45,-5.599665630941356,45.0,1.435511726578524,45.059601171969184
PC1,0.45,-5.599665630941356,47.0,0.29143390055005275,18.491562631881216
PC1,0.45,-5.599665630941356,50.0,0.0010672740380834379,7.073464043726395
PC1,0.5,-5.8803349202476225,15.0,0.0,
PC1,0.5,-5.8803349202476225,20.0,0.12337661598906394,5.627599261158748
PC1,0.5,-5.8803349202476225,25.0,0.5983375066698678,14.221467369875986
PC1,0.5,-5.8803349202476225,27.0,0.9168728940302691,19.1488091021688
PC1,0.5,-5.8803349202476225,30.0,1.3146786437758087,23.691920010897224
PC1,0.5,-5.8803349202476225,35.0,1.612203200855449,35.181498087796456
PC1,0.5,-5.8803349202476225,37.0,1.6822044713230146,38.91597573616238
PC1,0.5,-5.8803349202476225,40.0,1.735172730267693,41.66035538439311
PC1,0.5,-5.8803349202476225,43.0,1.6800348129321088,40.29344266662077
PC1,0.5,-5.8803349202476225,45.0,1.4377375357523534,45.010805726400996
PC1,0.5,-5.8803349202476225,47.0,0.28234272771690233,18.89330047584042
PC1,0.5,-5.8803349202476225,50.0,0.0010715445458402489,7.1055938960759875
PC1,0.55,-6.217025296233606,15.0,0.0,
PC1,0.55,-6.217025296233606,20.0,0.1239499708401921,5.657837744395727
PC1,0.55,-6.217025296233606,25.0,0.603887642433154,14.183331301534135
PC1,0.55,-6.217025296233606,27.0,0.9250103199874877,19.267400155633595
PC1,0.55,-6.217025296233606,30.0,1.3243703244151057,23.848726153042293
PC1,0.55,-6.217025296233606,35.0,1.6208195465228157,35.624086171699425
PC1,0.55,-6.217025296233606,37.0,1.6909246955686719,39.37144105994263
PC1,0.55,-6.217025296233606,40.0,1.7424816822076157,41.906391495918285
PC1,0.55,-6.217025296233606,43.0,1.6861453220487903,40.48637553386486
PC1,0.55,-6.217025296233606,45.0,1.4398656636840195,44.964520004378734
PC1,0.55,-6.217025296233606,47.0,0.2734400727155579,18.632549232956052
PC1,0.55,-6.217025296233606,50.0,0.001075796762453619,7.135868330607488
PC1,0.6000000000000001,-6.616082431806717,15.0,0.0,
PC1,0.6000000000000001,-6.616082431806717,20.0,0.12489868790576635,5.130309050529444
PC1,0.6000000000000001,-6.616082431806717,25.0,0.6092822259282703,14.146556147434643
PC1,0.6000000000000001,-6.616082431806717,27.0,0.9331004297861683,19.386467343238127
PC1,0.6000000000000001,-6.616082431806717,30.0,1.3340029442485504,24.014352506592438
PC1,0.6000000000000001,-6.616082431806717,35.0,1.6294945441063573,36.069640544438215
PC1,0.6000000000000001,-6.616082431806717,37.0,1.6996894374878464,39.829217886018576
PC1,0.6000000000000001,-6.616082431806717,40.0,1.7492721119172094,42.287791574559144
PC1,0.6000000000000001,-6.616082431806717,43.0,1.6922039567141318,40.67782887347054
PC1,0.6000000000000001,-6.616082431806717,45.0,1.4420507462612242,44.91271425879852
PC1,0.6000000000000001,-6.616082431806717,47.0,0.26472550453999655,18.377372005096767
PC1,0.6000000000000001,-6.616082431806717,50.0,0.001080028293791307,7.166262545816966
PC1,0.65,-7.0136891163006005,15.0,0.0,
PC1,0.65,-7.0136891163006005,20.0,0.12575658942794563,5.163484748001618
PC1,0.65,-7.0136891163006005,25.0,0.614569985463392,14.110610893503797
PC1,0.65,-7.0136891163006005,27.0,0.9411741759286936,19.50531473452122
PC1,0.65,-7.0136891163006005,30.0,1.343204181142486,24.317210949288235
PC1,0.65,-7.0136891163006005,35.0,1.6382290856345154,36.51820560095416
PC1,0.65,-7.0136891163006005,37.0,1.7084986160987354,40.2893023677812
PC1,0.65,-7.0136891163006005,40.0,1.7559067056283397,42.767811653733
PC1,0.65,-7.0136891163006005,43.0,1.6982083246923698,40.86773230018489
PC1,0.65,-7.0136891163006005,45.0,1.4443630857526122,47.11447711145748
PC1,0.65,-7.0136891163006005,47.0,0.25619893848267383,18.13031421526784
PC1,0.65,-7.0136891163006005,50.0,0.0010842369531438257,7.196776294074811
PC1,0.7000000000000001,-7.467854202916209,15.0,0.0,
PC1,0.7000000000000001,-7.467854202916209,20.0,0.12648464766881812,5.1938309267131935
PC1,0.7000000000000001,-7.467854202916209,25.0,0.6197870987436496,14.075191300429346
PC1,0.7000000000000001,-7.467854202916209,27.0,0.9492556406825685,19.62426873914758
PC1,0.7000000000000001,-7.467854202916209,30.0,1.3524436660380486,24.621317659270193
PC1,0.7000000000000001,-7.467854202916209,35.0,1.6470239140058835,36.969818354560395
PC1,0.7000000000000001,-7.467854202916209,37.0,1.7173517490882597,40.75167039471022
PC1,0.7000000000000001,-7.467854202916209,40.0,1.7625336839760717,43.247383454299964
PC1,0.7000000000000001,-7.467854202916209,43.0,1.7041559908308983,41.056014163331994
PC1,0.7000000000000001,-7.467854202916209,45.0,1.4465108530737816,47.065845444534
PC1,0.7000000000000001,-7.467854202916209,47.0,0.24785994969727115,17.890710651913146
PC1,0.7000000000000001,-7.467854202916209,50.0,0.0010884204277696687,7.227409823087178
PC1,0.75,-7.947197576024512,15.0,0.0,
PC1,0.75,-7.947197576024512,20.0,0.1271357741991454,5.663407204953213
PC1,0.75,-7.947197576024512,25.0,0.6249609605797088,14.040091296517456
PC1,0.75,-7.947197576024512,27.0,0.9573639434905263,19.74358472397046
PC1,0.75,-7.947197576024512,30.0,1.361750201737581,24.927580247106388
PC1,0.75,-7.947197576024512,35.0,1.655879643754205,37.424509464894115
PC1,0.75,-7.947197576024512,37.0,1.7260132692158292,41.15978596873967
PC1,0.75,-7.947197576024512,40.0,1.7691069613210195,43.723297532790795
PC1,0.75,-7.947197576024512,43.0,1.710025071274954,41.24412436164719
PC1,0.75,-7.947197576024512,45.0,1.448637380762839,48.157815429163044
PC1,0.75,-7.947197576024512,47.0,0.23970791875608774,17.65743305100944
PC1,0.75,-7.947197576024512,50.0,0.0010925766430476876,7.256319660028341
PC1,0.8,-8.394867206970462,15.0,0.0,
PC1,0.8,-8.394867206970462,20.0,0.12780269343105505,5.839536858641146
PC1,0.8,-8.394867206970462,25.0,0.6301127257277307,14.005160493235147
PC1,0.8,-8.394867206970462,27.0,0.9655145718348046,19.863463767153814
PC1,0.8,-8.394867206970462,30.0,1.3711085738324473,25.23551952957369
PC1,0.8,-8.394867206970462,35.0,1.6647941997080655,37.8826632365372
PC1,0.8,-8.394867206970462,37.0,1.7342287070707896,41.44755674134453
PC1,0.8,-8.394867206970462,40.0,1.7738562123951436,43.93498259234369
PC1,0.8,-8.394867206970462,43.0,1.7156435576330802,41.44602946827419
PC1,0.8,-8.394867206970462,45.0,1.4507445466068318,48.29930111043147
PC1,0.8,-8.394867206970462,47.0,0.23173680207476277,17.406507632922356
PC1,0.8,-8.394867206970462,50.0,0.001096705973639789,
PC1,0.8500000000000001,-9.111043801823062,15.0,0.0,
PC1,0.8500000000000001,-9.111043801823062,20.0,0.12839818622870783,5.94005626674778
PC1,0.8500000000000001,-9.111043801823062,25.0,0.6352590525735454,13.97028428752133
PC1,0.8500000000000001,-9.111043801823062,27.0,0.9737203231126955,19.98406269265777
PC1,0.8500000000000001,-9.111043801823062,30.0,1.3804941124331331,25.5443584222109
PC1,0.8500000000000001,-9.111043801823062,35.0,1.6737356040153573,38.348862674630965
PC1,0.8500000000000001,-9.111043801823062,37.0,1.7424865413603914,41.73680060117003
PC1,0.8500000000000001,-9.111043801823062,40.0,1.7779674026809769,43.842397815808866
PC1,0.8500000000000001,-9.111043801823062,43.0,1.7212108883434556,41.646280203190905
PC1,0.8500000000000001,-9.111043801823062,45.0,1.4527048606045134,48.32998637076398
PC1,0.8500000000000001,-9.111043801823062,47.0,0.22394968160418327,17.14603048325296
PC1,0.8500000000000001,-9.111043801823062,50.0,0.0011007945658463784,7.320027651182355
PC1,0.9,-9.757712874113016,15.0,0.0,
PC1,0.9,-9.757712874113016,20.0,0.12893862108030063,6.035051127959163
PC1,0.9,-9.757712874113016,25.0,0.6404133166898484,13.935372609437247
PC1,0.9,-9.757712874113016,27.0,0.9819919801092998,20.105497520677286
PC1,0.9,-9.757712874113016,30.0,1.3894922609851947,25.964229411055435
PC1,0.9,-9.757712874113016,35.0,1.6827390828099076,38.81825893925157
PC1,0.9,-9.757712874113016,37.0,1.7502561865160755,42.043686471969046
PC1,0.9,-9.757712874113016,40.0,1.7820277213617137,43.6691477133124
PC1,0.9,-9.757712874113016,43.0,1.7267244863397697,41.84479061380636
PC1,0.9,-9.757712874113016,45.0,1.4545478190620857,48.418707908865365
PC1,0.9,-9.757712874113016,47.0,0.21634579196002102,16.89268355357839
PC1,0.9,-9.757712874113016,50.0,0.0011048513831348914,7.351139497620764
PC1,0.9500000000000001,-10.458006654081666,15.0,0.0,
PC1,0.9500000000000001,-10.458006654081666,20.0,0.12943639144863137,6.125768673022215
PC1,0.9500000000000001,-10.458006654081666,25.0,0.6455864672422889,13.900352867888142
PC1,0.9500000000000001,-10.458006654081666,27.0,0.9903388014642198,20.227837460130115
PC1,0.9500000000000001,-10.458006654081666,30.0,1.3984841439795068,26.423667212593465
PC1,0.9500000000000001,-10.458006654081666,35.0,1.6918048789141753,39.290864531014535
PC1,0.9500000000000001,-10.458006654081666,37.0,1.757647068356027,42.5754440155321
PC1,0.9500000000000001,-10.458006654081666,40.0,1.7859097895643643,43.66027218738359
PC1,0.9500000000000001,-10.458006654081666,43.0,1.7320887030077978,42.025828597242004
PC1,0.9500000000000001,-10.458006654081666,45.0,1.456219483870404,48.43707767389343
PC1,0.9500000000000001,-10.458006654081666,47.0,0.2089240521181715,16.64636517766334
PC1,0.9500000000000001,-10.458006654081666,50.0,0.001108869284145636,7.382370903798622
PC1,1.0,-11.209824024096575,15.0,0.0,
PC1,1.0,-11.209824024096575,20.0,0.12990096795509226,6.213178060105442
PC1,1.0,-11.209824024096575,25.0,0.650787639278093,13.865165256383994
PC1,1.0,-11.209824024096575,27.0,0.9987688819818574,20.351078396737854
PC1,1.0,-11.209824024096575,30.0,1.4075582846436994,26.890776588065403
PC1,1.0,-11.209824024096575,35.0,1.700933159963945,39.76668815496122
PC1,1.0,-11.209824024096575,37.0,1.765080870746778,43.110270188516395
PC1,1.0,-11.209824024096575,40.0,1.7895970193556736,43.8237611501551
PC1,1.0,-11.209824024096575,43.0,1.7369517419122045,42.26646423194114
PC1,1.0,-11.209824024096575,45.0,1.4577155090619622,48.40676871559208
PC1,1.0,-11.209824024096575,47.0,0.2016832390456678,16.406982695558593
PC1,1.0,-11.209824024096575,50.0,0.0011128450262172357,7.413722069518918
PC2,-1.0,-10.96423422494029,15.0,0.0,
PC2,-1.0,-10.96423422494029,20.0,0.07194823543301815,0.6708772038186923
PC2,-1.0,-10.96423422494029,25.0,0.4526728712045192,14.683868723792152
PC2,-1.0,-10.96423422494029,27.0,0.7509478800191619,16.318086937368918
PC2,-1.0,-10.96423422494029,30.0,1.1318147435813393,22.107921484511678
PC2,-1.0,-10.96423422494029,35.0,1.5152857342095307,29.97931228231592
PC2,-1.0,-10.96423422494029,37.0,1.5867406016066943,33.755068009498814
PC2,-1.0,-10.96423422494029,40.0,1.6450012109447134,38.1988825404396
PC2,-1.0,-10.96423422494029,43.0,1.6062613851887988,36.57095898994587
PC2,-1.0,-10.96423422494029,45.0,1.4587444959390903,29.834451302057904
PC2,-1.0,-10.96423422494029,47.0,0.7269489534484169,24.865631811110585
PC2,-1.0,-10.96423422494029,50.0,0.0011689427011510407,6.328762206960092
PC2,-0.9500000000000001,-8.783093508911143,15.0,0.0,
PC2,-0.9500000000000001,-8.783093508911143,20.0,0.07391140265556634,1.2245231340035865
PC2,-0.9500000000000001,-8.783093508911143,25.0,0.4584611386592212,14.706036525428368
PC2,-0.9500000000000001,-8.783093508911143,27.0,0.7572537940943963,16.50633126380019
PC2,-0.9500000000000001,-8.783093508911143,30.0,1.1362648029232734,22.178917973787023
PC2,-0.9500000000000001,-8.783093508911143,35.0,1.5162024066624646,30.038835393926583
PC2,-0.9500000000000001,-8.783093508911143,37.0,1.58755152674228,33.805238325018806
PC2,-0.9500000000000001,-8.783093508911143,40.0,1.6458398938057528,38.252542520011474
PC2,-0.9500000000000001,-8.783093508911143,43.0,1.607208546327879,36.632948108065264
PC2,-0.9500000000000001,-8.783093508911143,45.0,1.4571682301906972,29.807543264018282
PC2,-0.9500000000000001,-8.783093508911143,47.0,0.7076603509716296,24.71801686723354
PC2,-0.9500000000000001,-8.783093508911143,50.0,0.0011624793372461695,6.352119054660523
PC2,-0.9,-7.170240853575091,15.0,0.0,
PC2,-0.9,-7.170240853575091,20.0,0.0760170578346709,2.264344586274134
PC2,-0.9,-7.170240853575091,25.0,0.4641149784109782,14.730958724643362
PC2,-0.9,-7.170240853575091,27.0,0.7634308319510852,16.690984487481476
PC2,-0.9,-7.170240853575091,30.0,1.1406204893749263,22.248715203031026
PC2,-0.9,-7.170240853575091,35.0,1.517083926932312,30.096701059756622
PC2,-0.9,-7.170240853575091,37.0,1.588332976170509,33.85396167686098
PC2,-0.9,-7.170240853575091,40.0,1.6466487672813142,38.30472653463142
PC2,-0.9,-7.170240853575091,43.0,1.6081119972106943,36.6927884253184
PC2,-0.9,-7.170240853575091,45.0,1.4554551132825653,29.749936158411522
PC2,-0.9,-7.170240853575091,47.0,0.688450405043804,24.571711001892236
PC2,-0.9,-7.170240853575091,50.0,0.0011560165439373946,6.37566107140237
PC2,-0.8500000000000001,-6.392238656146493,15.0,0.0,
PC2,-0.8500000000000001,-6.392238656146493,20.0,0.0781975659312487,3.346697453548444
PC2,-0.8500000000000001,-6.392238656146493,25.0,0.4696217403793408,14.753387497803145
PC2,-0.8500000000000001,-6.392238656146493,27.0,0.7694743863566749,16.871916964396995
PC2,-0.8500000000000001,-6.392238656146493,30.0,1.1448686165129034,22.317003941085037
PC2,-0.8500000000000001,-6.392238656146493,35.0,1.5179302650241002,30.152908027763228
PC2,-0.8500000000000001,-6.392238656146493,37.0,1.5890850812978792,33.90124487835134
PC2,-0.8500000000000001,-6.392238656146493,40.0,1.6474278373697282,38.35543507430033
PC2,-0.8500000000000001,-6.392238656146493,43.0,1.6089717836236286,36.75048244651643
PC2,-0.8500000000000001,-6.392238656146493,45.0,1.4536086212614125,29.68189207336671
PC2,-0.8500000000000001,-6.392238656146493,47.0,0.6693833708215331,24.42647497768718
PC2,-0.8500000000000001,-6.392238656146493,50.0,0.0011495538661217733,6.399161480008412
PC2,-0.8,-6.168258227364548,15.0,0.0,
PC2,-0.8,-6.168258227364548,20.0,0.08036509275550699,3.4456717394146303
PC2,-0.8,-6.168258227364548,25.0,0.47496642526232985,14.776141735410738
PC2,-0.8,-6.168258227364548,27.0,0.7753397450322038,16.973203807515794
PC2,-0.8,-6.168258227364548,30.0,1.149008519951295,22.383775088370193
PC2,-0.8,-6.168258227364548,35.0,1.5187421067689872,30.207489905941383
PC2,-0.8,-6.168258227364548,37.0,1.5898079561044114,33.947093863635246
PC2,-0.8,-6.168258227364548,40.0,1.648177092341023,38.4006033148767
PC2,-0.8,-6.168258227364548,43.0,1.6097879500595746,36.80603261213295
PC2,-0.8,-6.168258227364548,45.0,1.451626811488375,29.60600345295361
PC2,-0.8,-6.168258227364548,47.0,0.650506942776985,24.282862174467525
PC2,-0.8,-6.168258227364548,50.0,0.0011430908328539013,6.422727107357354
PC2,-0.75,-5.872010013934893,15.0,0.0,
PC2,-0.75,-5.872010013934893,20.0,0.08243589593901983,3.5394807525742205
PC2,-0.75,-5.872010013934893,25.0,0.4801309829191245,14.799104504726593
PC2,-0.75,-5.872010013934893,27.0,0.7810505800889054,17.078690811379467
PC2,-0.75,-5.872010013934893,30.0,1.1530391415295906,22.449016151144438
PC2,-0.75,-5.872010013934893,35.0,1.5195189687264161,30.260423362052627
PC2,-0.75,-5.872010013934893,37.0,1.5905016955529807,33.991513607363274
PC2,-0.75,-5.872010013934893,40.0,1.648896500668271,38.448034595666364
PC2,-0.75,-5.872010013934893,43.0,1.610560539812656,36.85944130306208
PC2,-0.75,-5.872010013934893,45.0,1.4495073734899575,29.5228536831662
PC2,-0.75,-5.872010013934893,47.0,0.631824876369026,24.135512399948144
PC2,-0.75,-5.872010013934893,50.0,0.001136655969904897,
PC2,-0.7000000000000001,-5.928988568041637,15.0,0.0,
PC2,-0.7000000000000001,-5.928988568041637,20.0,0.08442099580032118,3.1909256544721685
PC2,-0.7000000000000001,-5.928988568041637,25.0,0.4850933706434593,14.821773889858347
PC2,-0.7000000000000001,-5.928988568041637,27.0,0.7865862837085643,17.18962931984339
PC2,-0.7000000000000001,-5.928988568041637,30.0,1.1569589450701674,22.5117589310893
PC2,-0.7000000000000001,-5.928988568041637,35.0,1.5202610745013143,30.311719496305837
PC2,-0.7000000000000001,-5.928988568041637,37.0,1.5911663737246287,34.034508030534504
PC2,-0.7000000000000001,-5.928988568041637,40.0,1.6495860086677079,38.49392183436422
PC2,-0.7000000000000001,-5.928988568041637,43.0,1.6112895950574728,36.910710844626806
PC2,-0.7000000000000001,-5.928988568041637,45.0,1.447247970455814,29.432588736361332
PC2,-0.7000000000000001,-5.928988568041637,47.0,0.613094250837415,23.893866118012255
PC2,-0.7000000000000001,-5.928988568041637,50.0,0.0011301618316935985,6.4700795293453295
PC2,-0.65,-5.5903849612413445,15.0,0.0,
PC2,-0.65,-5.5903849612413445,20.0,0.0864224919835429,3.833762424614379
PC2,-0.65,-5.5903849612413445,25.0,0.48982627621569597,14.84009958556587
PC2,-0.65,-5.5903849612413445,27.0,0.7919438313367212,17.277735926401526
PC2,-0.65,-5.5903849612413445,30.0,1.1607658254609392,22.57383496304202
PC2,-0.65,-5.5903849612413445,35.0,1.5209684083523318,30.361377754085694
PC2,-0.65,-5.5903849612413445,37.0,1.591802041626606,34.07607988982208
PC2,-0.65,-5.5903849612413445,40.0,1.6502455378026752,38.538238287206156
PC2,-0.65,-5.5903849612413445,43.0,1.6119751569124745,36.95984350976316
PC2,-0.65,-5.5903849612413445,45.0,1.4448462422929356,29.335212333749023
PC2,-0.65,-5.5903849612413445,47.0,0.594535080753076,23.75237044216311
PC2,-0.65,-5.5903849612413445,50.0,0.0011236949025231417,6.493863925817639
PC2,-0.6000000000000001,-5.666553494027684,15.0,0.0,
PC2,-0.6000000000000001,-5.666553494027684,20.0,0.08864007663145756,3.076820179493841
PC2,-0.6000000000000001,-5.666553494027684,25.0,0.4943687096872355,12.361749217925635
PC2,-0.6000000000000001,-5.666553494027684,27.0,0.7971172878418759,17.357629631750374
PC2,-0.6000000000000001,-5.666553494027684,30.0,1.1644569799749391,22.634287459377806
PC2,-0.6000000000000001,-5.666553494027684,35.0,1.521640896204632,30.409394740893475
PC2,-0.6000000000000001,-5.666553494027684,37.0,1.5924051001909165,34.11679190300793
PC2,-0.6000000000000001,-5.666553494027684,40.0,1.6508749816006831,38.58094333075229
PC2,-0.6000000000000001,-5.666553494027684,43.0,1.6126172654875222,37.00684152142429
PC2,-0.6000000000000001,-5.666553494027684,45.0,1.44229980893017,29.23067018544041
PC2,-0.6000000000000001,-5.666553494027684,47.0,0.5762375740582784,23.505635616225575
PC2,-0.6000000000000001,-5.666553494027684,50.0,0.001117225695889619,6.517721567995894
PC2,-0.55,-5.525498032516385,15.0,0.0,
PC2,-0.55,-5.525498032516385,20.0,0.0911590480054365,3.1444472973381576
PC2,-0.55,-5.525498032516385,25.0,0.4987434063814949,12.464501855920517
PC2,-0.55,-5.525498032516385,27.0,0.8015934766425893,17.42820413108998
PC2,-0.55,-5.525498032516385,30.0,1.1680287447637037,22.693066539099387
PC2,-0.55,-5.525498032516385,35.0,1.5222783969688165,30.45576379960004
PC2,-0.55,-5.525498032516385,37.0,1.5929677575770762,34.15776625177907
PC2,-0.55,-5.525498032516385,40.0,1.651474202121165,38.621972517693855
PC2,-0.55,-5.525498032516385,43.0,1.613215959914655,37.0517070541326
PC2,-0.55,-5.525498032516385,45.0,1.439606273884183,29.11888052869148
PC2,-0.55,-5.525498032516385,47.0,0.5582222254993793,23.2633506211328
PC2,-0.55,-5.525498032516385,50.0,0.00111075370532704,6.54165281481076
PC2,-0.5,-5.39843492339924,15.0,0.0,
PC2,-0.5,-5.39843492339924,20.0,0.09367925029521704,3.2121348575815096
PC2,-0.5,-5.39843492339924,25.0,0.5027874167233668,12.56014214741823
PC2,-0.5,-5.39843492339924,27.0,0.805176656036424,17.486185908685353
PC2,-0.5,-5.39843492339924,30.0,1.171476381285565,22.750106349100772
PC2,-0.5,-5.39843492339924,35.0,1.5228806918786464,30.50047449122053
PC2,-0.5,-5.39843492339924,37.0,1.593500965509936,34.197333605364314
PC2,-0.5,-5.39843492339924,40.0,1.6520422114317541,38.65847246183921
PC2,-0.5,-5.39843492339924,43.0,1.6137712783612523,37.09444223464185
PC2,-0.5,-5.39843492339924,45.0,1.4367632280985998,28.99974714818335
PC2,-0.5,-5.39843492339924,47.0,0.5404935120483024,23.025759662562294
PC2,-0.5,-5.39843492339924,50.0,0.0011042784145189207,6.565658507785562
PC2,-0.45,-5.287057966303172,15.0,0.0,
PC2,-0.45,-5.287057966303172,20.0,0.09619778893322152,3.279812320435273
PC2,-0.45,-5.287057966303172,25.0,0.5064397811621398,12.647257914320297
PC2,-0.45,-5.287057966303172,27.0,0.8084233826949739,17.539648324298664
PC2,-0.45,-5.287057966303172,30.0,1.1747937977690852,22.805324805333544
PC2,-0.45,-5.287057966303172,35.0,1.5234474713347914,30.543511954237662
PC2,-0.45,-5.287057966303172,37.0,1.5940048798187887,34.23550188026061
PC2,-0.45,-5.287057966303172,40.0,1.6525796044582814,38.694205351535786
PC2,-0.45,-5.287057966303172,43.0,1.6142832580249225,37.13504914168773
PC2,-0.45,-5.287057966303172,45.0,1.4337658911512232,28.8729934716446
PC2,-0.45,-5.287057966303172,47.0,0.5230657643501283,22.79374188893256
PC2,-0.45,-5.287057966303172,50.0,0.001097799297853597,6.589739539323438
PC2,-0.4,-4.881461527641283,15.0,0.0,
PC2,-0.4,-4.881461527641283,20.0,0.09871220087511871,4.392791169326661
PC2,-0.4,-4.881461527641283,25.0,0.5096214859490927,12.724117881196499
PC2,-0.4,-4.881461527641283,27.0,0.8112888384832989,17.587899397403298
PC2,-0.4,-4.881461527641283,30.0,1.1779733201465674,22.85880073333771
PC2,-0.4,-4.881461527641283,35.0,1.5239783185940972,30.58485611030064
PC2,-0.4,-4.881461527641283,37.0,1.5944793894305327,34.272265781071034
PC2,-0.4,-4.881461527641283,40.0,1.6530861617404546,38.72559668506005
PC2,-0.4,-4.881461527641283,43.0,1.6147519351095314,37.17352980478201
PC2,-0.4,-4.881461527641283,45.0,1.4306203456578275,30.17595107326318
PC2,-0.4,-4.881461527641283,47.0,0.5059487837028992,22.567994901561164
PC2,-0.4,-4.881461527641283,50.0,0.0010913158206679405,6.613896292294348
PC2,-0.35000000000000003,-4.770147647631976,15.0,0.0,
PC2,-0.35000000000000003,-4.770147647631976,20.0,0.10122809252723229,4.703167538746847
PC2,-0.35000000000000003,-4.770147647631976,25.0,0.5122286853798999,12.658666339306702
PC2,-0.35000000000000003,-4.770147647631976,27.0,0.8137140073620546,17.630130247817366
PC2,-0.35000000000000003,-4.770147647631976,30.0,1.1810047329747475,22.91018942763186
PC2,-0.35000000000000003,-4.770147647631976,35.0,1.524472689448515,30.624480674641124
PC2,-0.35000000000000003,-4.770147647631976,37.0,1.5949243357867557,34.307617662513096
PC2,-0.35000000000000003,-4.770147647631976,40.0,1.6535615728569142,38.745111485450956
PC2,-0.35000000000000003,-4.770147647631976,43.0,1.615176154196763,37.209732415610446
PC2,-0.35000000000000003,-4.770147647631976,45.0,1.4273756795014858,30.178551138907704
PC2,-0.35000000000000003,-4.770147647631976,47.0,0.48915374084641067,22.349622470573664
PC2,-0.35000000000000003,-4.770147647631976,50.0,0.001084827439746028,6.638130091243926
PC2,-0.30000000000000004,-4.702963872721657,15.0,0.0,
PC2,-0.30000000000000004,-4.702963872721657,20.0,0.10373342100118327,4.803585983012295
PC2,-0.30000000000000004,-4.702963872721657,25.0,0.5145743353260834,11.237683636292562
PC2,-0.30000000000000004,-4.702963872721657,27.0,0.81562026147183,17.665262051871736
PC2,-0.30000000000000004,-4.702963872721657,30.0,1.183880425010211,22.960853073216693
PC2,-0.30000000000000004,-4.702963872721657,35.0,1.5249298867840302,30.66235191714914
PC2,-0.30000000000000004,-4.702963872721657,37.0,1.5953395054933763,34.34154716554735
PC2,-0.30000000000000004,-4.702963872721657,40.0,1.6540054685016496,38.72435485306699
PC2,-0.30000000000000004,-4.702963872721657,43.0,1.6155498802927204,37.245917730335336
PC2,-0.30000000000000004,-4.702963872721657,45.0,1.4239734586417636,30.035192095933215
PC2,-0.30000000000000004,-4.702963872721657,47.0,0.47268835233594114,22.141881229148137
PC2,-0.30000000000000004,-4.702963872721657,50.0,0.0010783559809780436,6.659973041357484
PC2,-0.25,-4.558836786118953,15.0,0.0,
PC2,-0.25,-4.558836786118953,20.0,0.10622478085269511,4.8996237103184095
PC2,-0.25,-4.558836786118953,25.0,0.5165053441324923,11.299519845441218
PC2,-0.25,-4.558836786118953,27.0,0.8169015096940043,17.691838246609713
PC2,-0.25,-4.558836786118953,30.0,1.1866103248237776,23.00728275993401
PC2,-0.25,-4.558836786118953,35.0,1.5253490285731925,30.698427103679094
PC2,-0.25,-4.558836786118953,37.0,1.5957246214331673,34.37404077741552
PC2,-0.25,-4.558836786118953,40.0,1.6544205607456846,38.67138820654607
PC2,-0.25,-4.558836786118953,43.0,1.6158808307840347,37.27983503363032
PC2,-0.25,-4.558836786118953,45.0,1.4204113123959938,29.884032107676735
PC2,-0.25,-4.558836786118953,47.0,0.4565592934233037,21.955589907123098
PC2,-0.25,-4.558836786118953,50.0,0.0010720607964948238,
PC2,-0.2,-4.5997540994106885,15.0,0.0,
PC2,-0.2,-4.5997540994106885,20.0,0.10869862836156437,4.994077008738668
PC2,-0.2,-4.5997540994106885,25.0,0.518462390020891,11.575959110430746
PC2,-0.2,-4.5997540994106885,27.0,0.8174126449195783,17.70786724204101
PC2,-0.2,-4.5997540994106885,30.0,1.1891430978543838,23.051065682526843
PC2,-0.2,-4.5997540994106885,35.0,1.5257290074105685,30.732652525516635
PC2,-0.2,-4.5997540994106885,37.0,1.5960793319784523,34.405081297634304
PC2,-0.2,-4.5997540994106885,40.0,1.6548271806627646,38.02253374628237
PC2,-0.2,-4.5997540994106885,43.0,1.6161690643005902,37.311487734943405
PC2,-0.2,-4.5997540994106885,45.0,1.416686886517448,29.72495547508281
PC2,-0.2,-4.5997540994106885,47.0,0.44077264810494404,21.744477808669036
PC2,-0.2,-4.5997540994106885,50.0,0.001065756983759064,6.71132147804123
PC2,-0.15000000000000002,-4.313680547367349,15.0,0.0,
PC2,-0.15000000000000002,-4.313680547367349,20.0,0.11115127724591783,5.087429851437236
PC2,-0.15000000000000002,-4.313680547367349,25.0,0.5218990795805747,11.703489210626183
PC2,-0.15000000000000002,-4.313680547367349,27.0,0.8169522627439192,17.710580516098606
PC2,-0.15000000000000002,-4.313680547367349,30.0,1.1914508551312473,23.09227683804093
PC2,-0.15000000000000002,-4.313680547367349,35.0,1.5260682225667772,30.764950450976354
PC2,-0.15000000000000002,-4.313680547367349,37.0,1.5964031978506783,34.434647187490334
PC2,-0.15000000000000002,-4.313680547367349,40.0,1.655216958929675,38.055703423757556
PC2,-0.15000000000000002,-4.313680547367349,43.0,1.6164147159759457,37.34131026565526
PC2,-0.15000000000000002,-4.313680547367349,45.0,1.4132112208000245,37.72679790651508
PC2,-0.15000000000000002,-4.313680547367349,47.0,0.42533293942586914,21.584473473818335
PC2,-0.15000000000000002,-4.313680547367349,50.0,0.001059452750732681,6.735321326109897
PC2,-0.1,-4.208541360438073,15.0,0.0,
PC2,-0.1,-4.208541360438073,20.0,0.11357889452106681,5.179758411494864
PC2,-0.1,-4.208541360438073,25.0,0.5251141563499895,11.773534934728026
PC2,-0.1,-4.208541360438073,27.0,0.8179626476470907,18.10861806455935
PC2,-0.1,-4.208541360438073,30.0,1.1934965819434065,23.12977041925272
PC2,-0.1,-4.208541360438073,35.0,1.5263655971365535,30.795268658373274
PC2,-0.1,-4.208541360438073,37.0,1.5966956760588893,34.462711774942
PC2,-0.1,-4.208541360438073,40.0,1.655576079359508,38.087311910076984
PC2,-0.1,-4.208541360438073,43.0,1.6166178839229774,37.36845451643743
PC2,-0.1,-4.208541360438073,45.0,1.411548836233432,43.424338498204285
PC2,-0.1,-4.208541360438073,47.0,0.4102435584405199,21.38428873647696
PC2,-0.1,-4.208541360438073,50.0,0.0010531443956268835,6.760521789906152
PC2,-0.05,-4.203599513347107,15.0,0.0,
PC2,-0.05,-4.203599513347107,20.0,0.115977496572084,5.2710162808170145
PC2,-0.05,-4.203599513347107,25.0,0.5287805792835392,11.852020115421299
PC2,-0.05,-4.203599513347107,27.0,0.8196778031920663,18.14818788072632
PC2,-0.05,-4.203599513347107,30.0,1.1952306531791288,23.162849685254937
PC2,-0.05,-4.203599513347107,35.0,1.5266214374047455,30.823622285317754
PC2,-0.05,-4.203599513347107,37.0,1.5969561002019117,34.4892422794963
PC2,-0.05,-4.203599513347107,40.0,1.6559042137671378,38.117342300196576
PC2,-0.05,-4.203599513347107,43.0,1.616778434641467,37.393340246840395
PC2,-0.05,-4.203599513347107,45.0,1.4102256014699381,43.80317274892274
PC2,-0.05,-4.203599513347107,47.0,0.3955053767241274,21.189510103072053
PC2,-0.05,-4.203599513347107,50.0,0.0010468315871297066,6.785245675347207
PC2,0.0,-4.2224779764014295,15.0,0.0,
PC2,0.0,-4.2224779764014295,20.0,0.11834294554443316,5.361107214455652
PC2,0.0,-4.2224779764014295,25.0,0.5325438022706479,11.935151350722135
PC2,0.0,-4.2224779764014295,27.0,0.821611260867707,18.197831158992578
PC2,0.0,-4.2224779764014295,30.0,1.196704095074698,23.45607644700078
PC2,0.0,-4.2224779764014295,35.0,1.5268316683468743,30.84981310980844
PC2,0.0,-4.2224779764014295,37.0,1.5971836562400235,34.514198612823016
PC2,0.0,-4.2224779764014295,40.0,1.6562052344532,38.14599875076241
PC2,0.0,-4.2224779764014295,43.0,1.6168964144917177,37.415970202632955
PC2,0.0,-4.2224779764014295,45.0,1.40887489316692,43.93948842428881
PC2,0.0,-4.2224779764014295,47.0,0.38112494249750395,20.745815537520116
PC2,0.0,-4.2224779764014295,50.0,0.0010405137263105142,6.810053065922644
PC2,0.05,-4.159872276458551,15.0,0.0,
PC2,0.05,-4.159872276458551,20.0,0.12067136802726644,5.4512364189419
PC2,0.05,-4.159872276458551,25.0,0.5361666318010017,12.015049913474522
PC2,0.05,-4.159872276458551,27.0,0.8231776434232874,18.215839276171604
PC2,0.05,-4.159872276458551,30.0,1.1989549207651646,23.497221673694497
PC2,0.05,-4.159872276458551,35.0,1.5269920784247681,30.87363626279369
PC2,0.05,-4.159872276458551,37.0,1.5973773526106998,34.537531899363685
PC2,0.05,-4.159872276458551,40.0,1.6564754915383941,38.173089538971034
PC2,0.05,-4.159872276458551,43.0,1.6169718662934593,37.43634693793922
PC2,0.05,-4.159872276458551,45.0,1.4076794286321477,44.85870053777897
PC2,0.05,-4.159872276458551,47.0,0.3669070781913529,20.25311228026381
PC2,0.05,-4.159872276458551,50.0,0.0010341932095893152,
PC2,0.1,-4.289966391805201,15.0,0.0,
PC2,0.1,-4.289966391805201,20.0,0.12297272092961885,5.6924984340078835
PC2,0.1,-4.289966391805201,25.0,0.5396473234897011,12.494019962157113
PC2,0.1,-4.289966391805201,27.0,0.8243878505550377,18.23986649595652
PC2,0.1,-4.289966391805201,30.0,1.2010326109153906,23.54209116758155
PC2,0.1,-4.289966391805201,35.0,1.5271065938189907,30.895372283348816
PC2,0.1,-4.289966391805201,37.0,1.5975202487913727,34.55881354762597
PC2,0.1,-4.289966391805201,40.0,1.6567135119257772,38.19853749806881
PC2,0.1,-4.289966391805201,43.0,1.6170048290605592,37.454472800818344
PC2,0.1,-4.289966391805201,45.0,1.4064540802669254,44.89080825809065
PC2,0.1,-4.289966391805201,47.0,0.35301323639112253,19.802738875034915
PC2,0.1,-4.289966391805201,50.0,0.0010278606974628447,6.859921598560828
PC2,0.15000000000000002,-4.255130957144584,15.0,0.0,
PC2,0.15000000000000002,-4.255130957144584,20.0,0.12527200631660185,5.781602237213947
PC2,0.15000000000000002,-4.255130957144584,25.0,0.5430166515856936,12.568194659245679
PC2,0.15000000000000002,-4.255130957144584,27.0,0.8253210084003365,18.26165867540084
PC2,0.15000000000000002,-4.255130957144584,30.0,1.2029223464094094,23.581582267310218
PC2,0.15000000000000002,-4.255130957144584,35.0,1.5272270708062647,30.91795310375323
PC2,0.15000000000000002,-4.255130957144584,37.0,1.5975298552831492,34.57604074365869
PC2,0.15000000000000002,-4.255130957144584,40.0,1.6569186726544376,38.222310197599526
PC2,0.15000000000000002,-4.255130957144584,43.0,1.6169953377023678,37.47034991701796
PC2,0.15000000000000002,-4.255130957144584,45.0,1.4051810920553558,44.92375382564902
PC2,0.15000000000000002,-4.255130957144584,47.0,0.3395052410243285,19.3932730564214
PC2,0.15000000000000002,-4.255130957144584,50.0,0.001021527364408877,
PC2,0.2,-4.417413745940806,15.0,0.0,
PC2,0.2,-4.417413745940806,20.0,0.12751834224191447,5.866187812286938
PC2,0.2,-4.417413745940806,25.0,0.5462321407852517,12.638962509435867
PC2,0.2,-4.417413745940806,27.0,0.8274152101137497,18.29877318394222
PC2,0.2,-4.417413745940806,30.0,1.2046061744940437,23.6141054086078
PC2,0.2,-4.417413745940806,35.0,1.5272992432467154,30.938250624197163
PC2,0.2,-4.417413745940806,37.0,1.5974991990632275,34.591367571942435
PC2,0.2,-4.417413745940806,40.0,1.6570902454683767,38.24436965955329
PC2,0.2,-4.417413745940806,43.0,1.6169434226902069,37.4839801718466
PC2,0.2,-4.417413745940806,45.0,1.4038628721741067,44.954793799896805
PC2,0.2,-4.417413745940806,47.0,0.32638242873503065,18.92944804297058
PC2,0.2,-4.417413745940806,50.0,0.0010151810523000141,6.909613737691715
PC2,0.25,-4.5000629683753965,15.0,0.0,
PC2,0.25,-4.5000629683753965,20.0,0.12970666814359716,5.95019686113927
PC2,0.25,-4.5000629683753965,25.0,0.5492873032490726,12.706311257751254
PC2,0.25,-4.5000629683753965,27.0,0.829478480058114,18.335356544465302
PC2,0.25,-4.5000629683753965,30.0,1.206064831965401,23.642834991982035
PC2,0.25,-4.5000629683753965,35.0,1.5273193547028945,30.956082804568545
PC2,0.25,-4.5000629683753965,37.0,1.597426021462147,34.60468426896176
PC2,0.25,-4.5000629683753965,40.0,1.6572273804716215,38.264671497279686
PC2,0.25,-4.5000629683753965,43.0,1.616849109687882,37.49536519008325
PC2,0.25,-4.5000629683753965,45.0,1.4025009834255684,44.98709942503895
PC2,0.25,-4.5000629683753965,47.0,0.31356023491272544,18.47421792706303
PC2,0.25,-4.5000629683753965,50.0,0.0010088298465131147,6.9347679313542185
PC2,0.30000000000000004,-4.756407621552314,15.0,0.0007227338215645234,0.8494805865231936
PC2,0.30000000000000004,-4.756407621552314,20.0,0.13183168580437,6.030788338537073
PC2,0.30000000000000004,-4.756407621552314,25.0,0.5521796237426233,12.770401866575305
PC2,0.30000000000000004,-4.756407621552314,27.0,0.8313633657540244,18.369492040330325
PC2,0.30000000000000004,-4.756407621552314,30.0,1.2072757836280084,23.667907581466455
PC2,0.30000000000000004,-4.756407621552314,35.0,1.5272826948167015,30.97122131931089
PC2,0.30000000000000004,-4.756407621552314,37.0,1.597307570513369,34.61585704957598
PC2,0.30000000000000004,-4.756407621552314,40.0,1.65732708804256,38.28557273800924
PC2,0.30000000000000004,-4.756407621552314,43.0,1.6171256309180662,37.52722550383034
PC2,0.30000000000000004,-4.756407621552314,45.0,1.401108292125735,45.16125699606438
PC2,0.30000000000000004,-4.756407621552314,47.0,0.30111134877223483,18.024258087974474
PC2,0.30000000000000004,-4.756407621552314,50.0,0.0010024702546735742,6.960697684085729
PC2,0.35000000000000003,-5.0157246507058835,15.0,0.0014743331138434219,
PC2,0.35000000000000003,-5.0157246507058835,20.0,0.1338882026798095,6.109143699327625
PC2,0.35000000000000003,-5.0157246507058835,25.0,0.5549061852793071,12.831303576096916
PC2,0.35000000000000003,-5.0157246507058835,27.0,0.8330677600577078,18.401181749212906
PC2,0.35000000000000003,-5.0157246507058835,30.0,1.2083271539806995,23.707321236837338
PC2,0.35000000000000003,-5.0157246507058835,35.0,1.5271833339060499,30.983378679462657
PC2,0.35000000000000003,-5.0157246507058835,37.0,1.5971666060610847,34.6259945007237
PC2,0.35000000000000003,-5.0157246507058835,40.0,1.6573836923854481,38.305959199695984
PC2,0.35000000000000003,-5.0157246507058835,43.0,1.6173731818086943,37.55393389022061
PC2,0.35000000000000003,-5.0157246507058835,45.0,1.3996854258179383,45.13185151221251
PC2,0.35000000000000003,-5.0157246507058835,47.0,0.28904400003688785,17.582137842327366
PC2,0.35000000000000003,-5.0157246507058835,50.0,0.000996101907490029,6.986113102107495
PC2,0.4,-5.179564365989535,15.0,0.0022159987542415714,0.9165426158007184
PC2,0.4,-5.179564365989535,20.0,0.1358708791830773,6.185085191029783
PC2,0.4,-5.179564365989535,25.0,0.5574624589696572,12.888946676085695
PC2,0.4,-5.179564365989535,27.0,0.8345893580373355,18.43040937921127
PC2,0.4,-5.179564365989535,30.0,1.2095080038329566,23.74920714816511
PC2,0.4,-5.179564365989535,35.0,1.5270137776889914,30.99219147911548
PC2,0.4,-5.179564365989535,37.0,1.5970269603829348,34.63625743548608
PC2,0.4,-5.179564365989535,40.0,1.657436518739804,38.322192284498826
PC2,0.4,-5.179564365989535,43.0,1.6174317084857506,37.57379196735026
PC2,0.4,-5.179564365989535,45.0,1.3982321536041777,45.34581398827253
PC2,0.4,-5.179564365989535,47.0,0.27735365721289934,17.14629069189789
PC2,0.4,-5.179564365989535,50.0,0.0009897320062379358,
PC2,0.45,-5.507396265698467,15.0,0.002950648928507986,0.9497289822913454
PC2,0.45,-5.507396265698467,20.0,0.1377742352530455,6.258430380285408
PC2,0.45,-5.507396265698467,25.0,0.5598437581154277,12.943250590719616
PC2,0.45,-5.507396265698467,27.0,0.8359314381701111,18.42645838675915
PC2,0.45,-5.507396265698467,30.0,1.2104688370936543,23.77120131669728
PC2,0.45,-5.507396265698467,35.0,1.526787147511052,31.23616979734717
PC2,0.45,-5.507396265698467,37.0,1.5968498946612109,34.64475958796374
PC2,0.45,-5.507396265698467,40.0,1.6574672320858215,38.29280900525706
PC2,0.45,-5.507396265698467,43.0,1.6173652601330417,37.58907915361584
PC2,0.45,-5.507396265698467,45.0,1.396981442700268,45.89573700462081
PC2,0.45,-5.507396265698467,47.0,0.2660355835534298,16.715387367241448
PC2,0.45,-5.507396265698467,50.0,0.0009839494106659917,7.037242801581973
PC2,0.5,-5.750683239148589,15.0,0.0036743221725638858,0.9828970171847563
PC2,0.5,-5.750683239148589,20.0,0.13959265915052801,6.328992446024215
PC2,0.5,-5.750683239148589,25.0,0.5620452328034101,12.994127755155167
PC2,0.5,-5.750683239148589,27.0,0.8370865751757799,18.447796263330048
PC2,0.5,-5.750683239148589,30.0,1.2111591105245014,23.788909489805768
PC2,0.5,-5.750683239148589,35.0,1.5265170932450138,31.256066621882688
PC2,0.5,-5.750683239148589,37.0,1.5966287088332087,34.65117491271667
PC2,0.5,-5.750683239148589,40.0,1.6574683839044813,38.307948345006345
PC2,0.5,-5.750683239148589,43.0,1.617259582111235,37.6023219968676
PC2,0.5,-5.750683239148589,45.0,1.3959575041650008,46.24388975044336
PC2,0.5,-5.750683239148589,47.0,0.2550845367392271,16.227029020226713
PC2,0.5,-5.750683239148589,50.0,0.000978645060895375,7.062981267182103
PC2,0.55,-5.687792165885296,15.0,0.004385157849341197,1.5629638728892794
PC2,0.55,-5.687792165885296,20.0,0.14135190790136629,6.427266650115777
PC2,0.55,-5.687792165885296,25.0,0.5640669213612706,13.03283832323732
PC2,0.55,-5.687792165885296,27.0,0.8380506467277381,18.46859716470518
PC2,0.55,-5.687792165885296,30.0,1.2115491908279512,23.802471275843303
PC2,0.55,-5.687792165885296,35.0,1.5261550406331952,31.25430142779991
PC2,0.55,-5.687792165885296,37.0,1.5963650644796359,34.82544370224469
PC2,0.55,-5.687792165885296,40.0,1.6574287685267788,38.32109252097064
PC2,0.55,-5.687792165885296,43.0,1.6171143502172844,37.61350329925
PC2,0.55,-5.687792165885296,45.0,1.3949513068255173,46.230668942973516
PC2,0.55,-5.687792165885296,47.0,0.24449488814264683,15.67591667404191
PC2,0.55,-5.687792165885296,50.0,0.0009733466538268732,7.088812522092184
PC2,0.6000000000000001,-5.896490672201352,15.0,0.005085513355694871,1.596390212143559
PC2,0.6000000000000001,-5.896490672201352,20.0,0.14303364677723357,6.590956705550316
PC2,0.6000000000000001,-5.896490672201352,25.0,0.5659760590793551,13.024533292879662
PC2,0.6000000000000001,-5.896490672201352,27.0,0.8388722711568922,18.48794171544018
PC2,0.6000000000000001,-5.896490672201352,30.0,1.2118710705983042,23.819494533962462
PC2,0.6000000000000001,-5.896490672201352,35.0,1.5257966519371067,31.369475522404517
PC2,0.6000000000000001,-5.896490672201352,37.0,1.5960637263665947,34.88395732941161
PC2,0.6000000000000001,-5.896490672201352,40.0,1.6574421942379658,38.445387319196485
PC2,0.6000000000000001,-5.896490672201352,43.0,1.6169292174598566,37.622604637774764
PC2,0.6000000000000001,-5.896490672201352,45.0,1.3938962146757463,46.21272691920882
PC2,0.6000000000000001,-5.896490672201352,47.0,0.234260656266563,15.124848359138912
PC2,0.6000000000000001,-5.896490672201352,50.0,0.0009680538083340935,7.114737042006632
PC2,0.65,-6.11789553859899,15.0,0.005767166144767416,1.6292454814680515
PC2,0.65,-6.11789553859899,20.0,0.14464413484348687,6.6783805030065775
PC2,0.65,-6.11789553859899,25.0,0.5677056329619473,13.059648932179758
PC2,0.65,-6.11789553859899,27.0,0.8395302479274225,18.505272071708436
PC2,0.65,-6.11789553859899,30.0,1.2134342225950498,23.853486665830587
PC2,0.65,-6.11789553859899,35.0,1.5255867572811024,31.37514508641381
PC2,0.65,-6.11789553859899,37.0,1.5957080566305049,34.887674122094175
PC2,0.65,-6.11789553859899,40.0,1.6574338596572398,38.45894158750948
PC2,0.65,-6.11789553859899,43.0,1.6167038127182836,37.629606292179545
PC2,0.65,-6.11789553859899,45.0,1.3927929708529998,46.19341088875667
PC2,0.65,-6.11789553859899,47.0,0.2243755052408703,14.567761480706418
PC2,0.65,-6.11789553859899,50.0,0.0009629748970920706,7.140765343888846
PC2,0.7000000000000001,-6.297085067088021,15.0,0.006442069129717041,1.7549830430972626
PC2,0.7000000000000001,-6.297085067088021,20.0,0.14616599218819923,6.740075853676506
PC2,0.7000000000000001,-6.297085067088021,25.0,0.5692365857739615,13.095469673297165
PC2,0.7000000000000001,-6.297085067088021,27.0,0.8399894366103394,18.520028277286663
PC2,0.7000000000000001,-6.297085067088021,30.0,1.2148970003514499,23.88321568520936
PC2,0.7000000000000001,-6.297085067088021,35.0,1.5253330097015934,31.378718703862724
PC2,0.7000000000000001,-6.297085067088021,37.0,1.5952934227977797,34.8716335200617
PC2,0.7000000000000001,-6.297085067088021,40.0,1.6573934209532306,38.470940818333105
PC2,0.7000000000000001,-6.297085067088021,43.0,1.6164377393012326,37.63448716737609
PC2,0.7000000000000001,-6.297085067088021,45.0,1.391642354755059,46.17274406855713
PC2,0.7000000000000001,-6.297085067088021,47.0,0.2148328139984147,14.052771289844808
PC2,0.7000000000000001,-6.297085067088021,50.0,0.0009580371634124439,7.166894079225327
PC2,0.75,-6.510806693346865,15.0,0.007097337890125092,1.775946855575803
PC2,0.75,-6.510806693346865,20.0,0.14757164092420869,6.796064543395862
PC2,0.75,-6.510806693346865,25.0,0.570563287055453,13.129550140986026
PC2,0.75,-6.510806693346865,27.0,0.8402460355108671,18.532123724131683
PC2,0.75,-6.510806693346865,30.0,1.2162470918285109,23.910785106863603
PC2,0.75,-6.510806693346865,35.0,1.5250395676091026,31.380401030287906
PC2,0.75,-6.510806693346865,37.0,1.5948338001455116,34.85358070235726
PC2,0.75,-6.510806693346865,40.0,1.6573204809424475,38.48136531466676
PC2,0.75,-6.510806693346865,43.0,1.6161305733699693,37.63722470862243
PC2,0.75,-6.510806693346865,45.0,1.390445181158851,46.15075072174767
PC2,0.75,-6.510806693346865,47.0,0.20562573497633146,13.639969519426614
PC2,0.75,-6.510806693346865,50.0,0.0009531105849707609,7.192610159018314
PC2,0.8,-6.640058221348379,15.0,0.00772684061805817,1.9949168505712356
PC2,0.8,-6.640058221348379,20.0,0.14885470126116845,6.849228090508607
PC2,0.8,-6.640058221348379,25.0,0.5716799319467166,13.159616235182584
PC2,0.8,-6.640058221348379,27.0,0.8402959859111191,18.541486393609297
PC2,0.8,-6.640058221348379,30.0,1.2174815349437467,23.936538548354743
PC2,0.8,-6.640058221348379,35.0,1.5246929977120232,31.37953193411393
PC2,0.8,-6.640058221348379,37.0,1.5943034047237497,34.918769010667155
PC2,0.8,-6.640058221348379,40.0,1.657214597968217,38.490193150489915
PC2,0.8,-6.640058221348379,43.0,1.6157818624071436,37.63779481914437
PC2,0.8,-6.640058221348379,45.0,1.389202961081701,46.127475686108674
PC2,0.8,-6.640058221348379,47.0,0.19674720921104943,13.242640481275318
PC2,0.8,-6.640058221348379,50.0,0.0009481946584017741,7.219439052796397
PC2,0.8500000000000001,-6.844923111007603,15.0,0.008366885819018923,2.02654423108799
PC2,0.8500000000000001,-6.844923111007603,20.0,0.15000942334850803,6.8975003084411295
PC2,0.8500000000000001,-6.844923111007603,25.0,0.5725805434856663,13.185551071829092
PC2,0.8500000000000001,-6.844923111007603,27.0,0.8401349644110531,18.551062723245707
PC2,0.8500000000000001,-6.844923111007603,30.0,1.2185970878949604,23.960550986326645
PC2,0.8500000000000001,-6.844923111007603,35.0,1.5242902686643995,31.375962632486512
PC2,0.8500000000000001,-6.844923111007603,37.0,1.5936979659048123,34.919322274722894
PC2,0.8500000000000001,-6.844923111007603,40.0,1.6570752822755732,38.49739998899341
PC2,0.8500000000000001,-6.844923111007603,43.0,1.615391123156016,37.636171749260455
PC2,0.8500000000000001,-6.844923111007603,45.0,1.3879241948219172,46.09848655399402
PC2,0.8500000000000001,-6.844923111007603,47.0,0.18818999602487943,12.860445336523158
PC2,0.8500000000000001,-6.844923111007603,50.0,0.0009432893502555544,7.245855717271391
PC2,0.9,-6.993078908651954,15.0,0.009039342416685862,2.0593030893348745
PC2,0.9,-6.993078908651954,20.0,0.15103010113464893,6.940535678917502
PC2,0.9,-6.993078908651954,25.0,0.5732589765818991,13.207232779054152
PC2,0.9,-6.993078908651954,27.0,0.8397542323562556,18.55466453227007
PC2,0.9,-6.993078908651954,30.0,1.2195902037512476,23.982822655096076
PC2,0.9,-6.993078908651954,35.0,1.5238253911212538,31.369218674484706
PC2,0.9,-6.993078908651954,37.0,1.59327197664991,35.02974668219214
PC2,0.9,-6.993078908651954,40.0,1.6569019920778856,38.50295888537047
PC2,0.9,-6.993078908651954,43.0,1.6149578399630644,37.632328007209296
PC2,0.9,-6.993078908651954,45.0,1.3865839668360946,46.075834001729376
PC2,0.9,-6.993078908651954,47.0,0.1799470960395395,12.996829227087527
PC2,0.9,-6.993078908651954,50.0,0.0009383943880215535,7.271887000309336
PC2,0.9500000000000001,-7.185416938082811,15.0,0.00971884316192024,2.0923445568744903
PC2,0.9500000000000001,-7.185416938082811,20.0,0.15191301066482402,6.929494895047955
PC2,0.9500000000000001,-7.185416938082811,25.0,0.5737089238059372,13.224533022657209
PC2,0.9500000000000001,-7.185416938082811,27.0,0.8391490140918454,18.555646430416548
PC2,0.9500000000000001,-7.185416938082811,30.0,1.220457000716248,24.003323732885065
PC2,0.9500000000000001,-7.185416938082811,35.0,1.5232897817431732,31.358658241472224
PC2,0.9500000000000001,-7.185416938082811,37.0,1.5928165392065656,35.02364895130864
PC2,0.9500000000000001,-7.185416938082811,40.0,1.6565659160774864,38.503566350764025
PC2,0.9500000000000001,-7.185416938082811,43.0,1.6144814625707749,37.62623424040489
PC2,0.9500000000000001,-7.185416938082811,45.0,1.3850931103922675,46.0192523816507
PC2,0.9500000000000001,-7.185416938082811,47.0,0.17201096882964007,12.7291484415174
PC2,0.9500000000000001,-7.185416938082811,50.0,0.0009335092576299375,7.298979198181648
PC2,1.0,-7.396282039474626,15.0,0.010360376227833245,2.1241704172541747
PC2,1.0,-7.396282039474626,20.0,0.15267575676892056,5.12938749441017
PC2,1.0,-7.396282039474626,25.0,0.5739239231167999,13.237313209784789
PC2,1.0,-7.396282039474626,27.0,0.8383174728211523,18.553219761181282
PC2,1.0,-7.396282039474626,30.0,1.2211934843028072,24.022011840697296
PC2,1.0,-7.396282039474626,35.0,1.522687632211407,31.34487714929995
PC2,1.0,-7.396282039474626,37.0,1.5923188379425035,35.01552714882609
PC2,1.0,-7.396282039474626,40.0,1.6561869696543552,38.50225230283251
PC2,1.0,-7.396282039474626,43.0,1.6139614039148507,37.61785911691438
PC2,1.0,-7.396282039474626,45.0,1.3835445173265628,45.95694613023551
PC2,1.0,-7.396282039474626,47.0,0.16437361538768655,12.443303858220283
PC2,1.0,-7.396282039474626,50.0,0.0009286339185195346,7.324302505547585
PC3,-1.0,-11.9230454895854,15.0,0.007209318884879335,0.9699544302816034
PC3,-1.0,-11.9230454895854,20.0,0.17920669879559972,7.429854146742097
PC3,-1.0,-11.9230454895854,25.0,0.730317926439648,16.87722496893106
PC3,-1.0,-11.9230454895854,27.0,0.9769861424108573,20.38081255805726
PC3,-1.0,-11.9230454895854,30.0,1.3179833150164397,23.72179471585394
PC3,-1.0,-11.9230454895854,35.0,1.5982666612487504,34.399753008773615
PC3,-1.0,-11.9230454895854,37.0,1.6653760835314262,37.9506565025087
PC3,-1.0,-11.9230454895854,40.0,1.7190338171258734,41.01832242953047
PC3,-1.0,-11.9230454895854,43.0,1.6607181291380992,39.564002747342954
PC3,-1.0,-11.9230454895854,45.0,1.3923095380207948,46.0380679242424
PC3,-1.0,-11.9230454895854,47.0,0.07158847919430189,9.972145707866924
PC3,-1.0,-11.9230454895854,50.0,0.0012882006957111827,6.929295732178809
PC3,-0.9500000000000001,-11.246978825299648,15.0,0.006534547839454749,0.9711577100399384
PC3,-0.9500000000000001,-11.246978825299648,20.0,0.17564262139030035,7.439151937489934
PC3,-0.9500000000000001,-11.246978825299648,25.0,0.719082432046046,16.565202533497033
PC3,-0.9500000000000001,-11.246978825299648,27.0,0.9701591879238817,20.284386289143363
PC3,-0.9500000000000001,-11.246978825299648,30.0,1.3130278124947716,23.64598587458643
PC3,-0.9500000000000001,-11.246978825299648,35.0,1.5948663840557908,34.230380618894685
PC3,-0.9500000000000001,-11.246978825299648,37.0,1.6621911243592373,37.788021145056845
PC3,-0.9500000000000001,-11.246978825299648,40.0,1.7162094286781924,40.91633277093926
PC3,-0.9500000000000001,-11.246978825299648,43.0,1.6592944223604782,39.511206765288655
PC3,-0.9500000000000001,-11.246978825299648,45.0,1.3953953426183756,46.102291237695944
PC3,-0.9500000000000001,-11.246978825299648,47.0,0.07856057269799535,10.28096939295994
PC3,-0.9500000000000001,-11.246978825299648,50.0,0.0012754639275497463,
PC3,-0.9,-10.806743423648653,15.0,0.0058746716782965384,0.9723697087953997
PC3,-0.9,-10.806743423648653,20.0,0.17213142745322327,7.327484431303962
PC3,-0.9,-10.806743423648653,25.0,0.7080159569418142,16.257789663557073
PC3,-0.9,-10.806743423648653,27.0,0.9633279129115724,20.187917678107663
PC3,-0.9,-10.806743423648653,30.0,1.307894975312439,23.57396223064744
PC3,-0.9,-10.806743423648653,35.0,1.591444992226787,34.06000455854618
PC3,-0.9,-10.806743423648653,37.0,1.6589797503591062,37.62407329186327
PC3,-0.9,-10.806743423648653,40.0,1.7133463089367449,40.812975891140006
PC3,-0.9,-10.806743423648653,43.0,1.657759185825708,39.454393905089894
PC3,-0.9,-10.806743423648653,45.0,1.398011476796556,46.22538342434143
PC3,-0.9,-10.806743423648653,47.0,0.08614951269742517,10.61746803789777
PC3,-0.9,-10.806743423648653,50.0,0.0012625891261648628,6.921813400917038
PC3,-0.8500000000000001,-10.262244835432508,15.0,0.005229424917228457,0.9735792930796967
PC3,-0.8500000000000001,-10.262244835432508,20.0,0.168679431993652,7.202210657851391
PC3,-0.8500000000000001,-10.262244835432508,25.0,0.6971160832288328,15.954920601198058
PC3,-0.8500000000000001,-10.262244835432508,27.0,0.9564933554930056,20.091420661823562
PC3,-0.8500000000000001,-10.262244835432508,30.0,1.3027408650690013,23.501641457970855
PC3,-0.8500000000000001,-10.262244835432508,35.0,1.5880023751249006,33.88861930953805
PC3,-0.8500000000000001,-10.262244835432508,37.0,1.6557425962473238,37.458844825744194
PC3,-0.8500000000000001,-10.262244835432508,40.0,1.7104452948830549,40.70828144617833
PC3,-0.8500000000000001,-10.262244835432508,43.0,1.6561166104165772,39.39371522730177
PC3,-0.8500000000000001,-10.262244835432508,45.0,1.4002746178315588,46.34993990848742
PC3,-0.8500000000000001,-10.262244835432508,47.0,0.09440020007511651,10.983837569037158
PC3,-0.8500000000000001,-10.262244835432508,50.0,0.0012496212201344036,6.900839115528438
PC3,-0.8,-9.726681798030977,15.0,0.004598546316232635,0.9747786060489484
PC3,-0.8,-9.726681798030977,20.0,0.1652867392441337,7.078985440389515
PC3,-0.8,-9.726681798030977,25.0,0.686380426406159,15.65653049636996
PC3,-0.8,-9.726681798030977,27.0,0.9496565453759567,19.994909066715532
PC3,-0.8,-9.726681798030977,30.0,1.297272972889592,23.51657574053757
PC3,-0.8,-9.726681798030977,35.0,1.584539172912947,33.71625591515034
PC3,-0.8,-9.726681798030977,37.0,1.6524802966724443,37.29236762500931
PC3,-0.8,-9.726681798030977,40.0,1.7075097289224783,40.60416308092294
PC3,-0.8,-9.726681798030977,43.0,1.6543705657147056,39.32931019328891
PC3,-0.8,-9.726681798030977,45.0,1.4022098206019673,46.46607177409115
PC3,-0.8,-9.726681798030977,47.0,0.10335924062530083,11.38244285199354
PC3,-0.8,-9.726681798030977,50.0,0.0012365791716026548,6.864153692991381
PC3,-0.75,-9.20293009619363,15.0,0.003981778824081591,0.975962007270025
PC3,-0.75,-9.20293009619363,20.0,0.16195240936263683,6.957776569318915
PC3,-0.75,-9.20293009619363,25.0,0.6758066349432722,15.362555395287245
PC3,-0.75,-9.20293009619363,27.0,0.9428185035107901,19.898396603240474
PC3,-0.75,-9.20293009619363,30.0,1.2916765812217894,23.593719655964975
PC3,-0.75,-9.20293009619363,35.0,1.5810560243647065,33.54294535012616
PC3,-0.75,-9.20293009619363,37.0,1.6491899331663338,37.12526363898814
PC3,-0.75,-9.20293009619363,40.0,1.7045409753972547,40.50016913207766
PC3,-0.75,-9.20293009619363,43.0,1.6525247260442086,39.26131121509089
PC3,-0.75,-9.20293009619363,45.0,1.4038379618339991,46.547837173354836
PC3,-0.75,-9.20293009619363,47.0,0.11307476429534961,11.815831627096602
PC3,-0.75,-9.20293009619363,50.0,0.0012234630582940549,6.859756380524683
PC3,-0.7000000000000001,-8.685662660658009,15.0,0.0033788695231313738,0.97712539478714
PC3,-0.7000000000000001,-8.685662660658009,20.0,0.15867551642079875,6.838552311542571
PC3,-0.7000000000000001,-8.685662660658009,25.0,0.6653368257325191,14.902723783989162
PC3,-0.7000000000000001,-8.685662660658009,27.0,0.9359802417537315,19.801896861668176
PC3,-0.7000000000000001,-8.685662660658009,30.0,1.2860608524513513,23.670555275861716
PC3,-0.7000000000000001,-8.685662660658009,35.0,1.577553566665487,33.36871851096204
PC3,-0.7000000000000001,-8.685662660658009,37.0,1.6458679732451933,36.95823584189097
PC3,-0.7000000000000001,-8.685662660658009,40.0,1.70153767345729,40.39297023866008
PC3,-0.7000000000000001,-8.685662660658009,43.0,1.6505827939184459,39.18985172128213
PC3,-0.7000000000000001,-8.685662660658009,45.0,1.4051777751882617,46.61467302304978
PC3,-0.7000000000000001,-8.685662660658009,47.0,0.12359601609447005,12.286731807581925
PC3,-0.7000000000000001,-8.685662660658009,50.0,0.001210300899214107,6.855646940744544
PC3,-0.65,-8.196816432440377,15.0,0.0027869484108584,0.9596134877495578
PC3,-0.65,-8.196816432440377,20.0,0.15545514822021897,6.721281403874514
PC3,-0.65,-8.196816432440377,25.0,0.6550183403505127,14.618029297055964
PC3,-0.65,-8.196816432440377,27.0,0.929142762539323,19.70542330784953
PC3,-0.65,-8.196816432440377,30.0,1.2804266743590205,23.746801010802702
PC3,-0.65,-8.196816432440377,35.0,1.5740324352155817,33.193606206324674
PC3,-0.65,-8.196816432440377,37.0,1.642522549236813,36.79006739329685
PC3,-0.65,-8.196816432440377,40.0,1.6985006216071943,40.283917181905046
PC3,-0.65,-8.196816432440377,43.0,1.6485483701805184,39.11506146938248
PC3,-0.65,-8.196816432440377,45.0,1.4062469630620977,46.66746038703994
PC3,-0.65,-8.196816432440377,47.0,0.1349731379252402,12.798045614851885
PC3,-0.65,-8.196816432440377,50.0,0.0011971091196456012,6.85302055686141
PC3,-0.6000000000000001,-7.7193381990410055,15.0,0.002207032853375981,0.933016082255567
PC3,-0.6000000000000001,-7.7193381990410055,20.0,0.15229040611029152,6.605933046754373
PC3,-0.6000000000000001,-7.7193381990410055,25.0,0.6448390170249586,14.278624404274307
PC3,-0.6000000000000001,-7.7193381990410055,27.0,0.9223070585620925,19.60898927787066
PC3,-0.6000000000000001,-7.7193381990410055,30.0,1.2747749319864083,23.82198155186228
PC3,-0.6000000000000001,-7.7193381990410055,35.0,1.5704926396817782,33.017608772075334
PC3,-0.6000000000000001,-7.7193381990410055,37.0,1.6391542956931549,36.620789533730886
PC3,-0.6000000000000001,-7.7193381990410055,40.0,1.6954321156209853,40.173407091847736
PC3,-0.6000000000000001,-7.7193381990410055,43.0,1.646424948683441,39.03706635383
PC3,-0.6000000000000001,-7.7193381990410055,45.0,1.407062393773404,46.70707500027763
PC3,-0.6000000000000001,-7.7193381990410055,47.0,0.1472567078233102,13.35281708125388
PC3,-0.6000000000000001,-7.7193381990410055,50.0,0.0011839027785900576,6.849566736375628
PC3,-0.55,-7.249933629158146,15.0,0.0016419232334675816,
PC3,-0.55,-7.249933629158146,20.0,0.14918040480782307,6.492476898303188
PC3,-0.55,-7.249933629158146,25.0,0.6346985694710742,13.95780584406774
PC3,-0.55,-7.249933629158146,27.0,0.9154741124679296,19.512607974929573
PC3,-0.55,-7.249933629158146,30.0,1.2691065073124346,23.895214931306104
PC3,-0.55,-7.249933629158146,35.0,1.566935120937349,32.84077189095099
PC3,-0.55,-7.249933629158146,37.0,1.6357638462046322,36.45043345500826
PC3,-0.55,-7.249933629158146,40.0,1.6923320241164674,40.06230593926527
PC3,-0.55,-7.249933629158146,43.0,1.6441890668683292,38.92205162842285
PC3,-0.55,-7.249933629158146,45.0,1.4076398910114045,46.73433834065691
PC3,-0.55,-7.249933629158146,47.0,0.16049723955001502,13.954170493141179
PC3,-0.55,-7.249933629158146,50.0,0.0011706956691275902,6.846024943767464
PC3,-0.5,-6.795174037790115,15.0,0.0010876488626939975,
PC3,-0.5,-6.795174037790115,20.0,0.1461242722183009,6.380883068230691
PC3,-0.5,-6.795174037790115,25.0,0.6246908511407834,13.760094011573958
PC3,-0.5,-6.795174037790115,27.0,0.908644896555392,19.416292464101208
PC3,-0.5,-6.795174037790115,30.0,1.2634222789342384,23.964639638645966
PC3,-0.5,-6.795174037790115,35.0,1.563360825449002,32.663141517157946
PC3,-0.5,-6.795174037790115,37.0,1.6323518332108764,36.279030290867084
PC3,-0.5,-6.795174037790115,40.0,1.689191792676383,39.89798767587421
PC3,-0.5,-6.795174037790115,43.0,1.6418655870373653,38.79366726530814
PC3,-0.5,-6.795174037790115,45.0,1.407994287809499,46.75002043225913
PC3,-0.5,-6.795174037790115,47.0,0.1747445772938826,14.565143403936744
PC3,-0.5,-6.795174037790115,50.0,0.001157500409298174,6.842497249775629
PC3,-0.45,-6.3586808906090155,15.0,0.0005456185168513036,0.8560148873133715
PC3,-0.45,-6.3586808906090155,20.0,0.14312114925891922,6.271122111350127
PC3,-0.45,-6.3586808906090155,25.0,0.6148341169754281,13.56530895610917
PC3,-0.45,-6.3586808906090155,27.0,0.9018203724864635,19.320055669158616
PC3,-0.45,-6.3586808906090155,30.0,1.2577226555824226,24.01893892244265
PC3,-0.45,-6.3586808906090155,35.0,1.5597703804947967,32.48474806016991
PC3,-0.45,-6.3586808906090155,37.0,1.6289188878132665,36.10661110767508
PC3,-0.45,-6.3586808906090155,40.0,1.6860200128227951,39.729791369761365
PC3,-0.45,-6.3586808906090155,43.0,1.639464513171441,38.66107255858545
PC3,-0.45,-6.3586808906090155,45.0,1.4081394804969316,46.75484264750053
PC3,-0.45,-6.3586808906090155,47.0,0.1900471051010774,15.1073651280943
PC3,-0.45,-6.3586808906090155,50.0,0.0011443286461183047,6.838589691807037
PC3,-0.4,-5.925033501538913,15.0,1.788115029399523e-05,
PC3,-0.4,-5.925033501538913,20.0,0.14017018968322092,6.163165021945323
PC3,-0.4,-5.925033501538913,25.0,0.6051261899248455,13.373408513059085
PC3,-0.4,-5.925033501538913,27.0,0.8950014910072975,19.223910368467198
PC3,-0.4,-5.925033501538913,30.0,1.2519039474268419,23.79853160668084
PC3,-0.4,-5.925033501538913,35.0,1.5561644106367178,32.30562179626347
PC3,-0.4,-5.925033501538913,37.0,1.625465639589826,35.93320689526784
PC3,-0.4,-5.925033501538913,40.0,1.6828151269210294,39.5594338975597
PC3,-0.4,-5.925033501538913,43.0,1.6369875907848825,38.52436213374369
PC3,-0.4,-5.925033501538913,45.0,1.4080884819917308,46.74832660360745
PC3,-0.4,-5.925033501538913,47.0,0.20645127914274738,15.693045135424137
PC3,-0.4,-5.925033501538913,50.0,0.00113119054367807,6.835496240271026
PC3,-0.35000000000000003,-5.595852293725397,15.0,0.0,
PC3,-0.35000000000000003,-5.595852293725397,20.0,0.13727055990774653,6.056983227930821
PC3,-0.35000000000000003,-5.595852293725397,25.0,0.5955649230303538,13.18435110585
PC3,-0.35000000000000003,-5.595852293725397,27.0,0.8881891916796673,19.127869190696988
PC3,-0.35000000000000003,-5.595852293725397,30.0,1.2454091726955363,23.86630911222855
PC3,-0.35000000000000003,-5.595852293725397,35.0,1.552543537542704,32.12579285985069
PC3,-0.35000000000000003,-5.595852293725397,37.0,1.6219927164125163,35.75884855790442
PC3,-0.35000000000000003,-5.595852293725397,40.0,1.679581520836757,39.3875798465228
PC3,-0.35000000000000003,-5.595852293725397,43.0,1.6344399010051565,38.38381201146978
PC3,-0.35000000000000003,-5.595852293725397,45.0,1.4078534739355868,46.7300739168508
PC3,-0.35000000000000003,-5.595852293725397,47.0,0.2240007071235282,16.849643352977846
PC3,-0.35000000000000003,-5.595852293725397,50.0,0.0011180960288338358,6.832032920602289
PC3,-0.30000000000000004,-5.324686926445059,15.0,0.0,
PC3,-0.30000000000000004,-5.324686926445059,20.0,0.13442143884010635,5.9525485845759025
PC3,-0.30000000000000004,-5.324686926445059,25.0,0.5861481990314634,12.998095737942231
PC3,-0.30000000000000004,-5.324686926445059,27.0,0.8813844026214238,19.031944612319315
PC3,-0.30000000000000004,-5.324686926445059,30.0,1.238572891919084,23.801438291825693
PC3,-0.30000000000000004,-5.324686926445059,35.0,1.5489083798112484,31.945291234929513
PC3,-0.30000000000000004,-5.324686926445059,37.0,1.6185007442666421,35.583566905318825
PC3,-0.30000000000000004,-5.324686926445059,40.0,1.6763199535905184,39.21426892133216
PC3,-0.30000000000000004,-5.324686926445059,43.0,1.6318243481176886,38.23957983070395
PC3,-0.30000000000000004,-5.324686926445059,45.0,1.4076080820685135,46.47108610365149
PC3,-0.30000000000000004,-5.324686926445059,47.0,0.2427350264183953,17.448705015397298
PC3,-0.30000000000000004,-5.324686926445059,50.0,0.0011050536886379886,6.82860247900715
PC3,-0.25,-5.072046140963623,15.0,0.0,
PC3,-0.25,-5.072046140963623,20.0,0.13162201770906687,5.8498333693335525
PC3,-0.25,-5.072046140963623,25.0,0.5768739299781144,12.814601984967297
PC3,-0.25,-5.072046140963623,27.0,0.8745880402580771,18.936148953161844
PC3,-0.25,-5.072046140963623,30.0,1.2316336601615259,23.700481502474265
PC3,-0.25,-5.072046140963623,35.0,1.5452595528000221,31.764146746734
PC3,-0.25,-5.072046140963623,37.0,1.6149903470730453,35.40739264391093
PC3,-0.25,-5.072046140963623,40.0,1.6730311791431864,39.039540558496135
PC3,-0.25,-5.072046140963623,43.0,1.6291437327446034,38.09181759174262
PC3,-0.25,-5.072046140963623,45.0,1.4073030907694708,46.46066749075892
PC3,-0.25,-5.072046140963623,47.0,0.26268795251714,18.096536104081657
PC3,-0.25,-5.072046140963623,50.0,0.0010920714208297766,6.825213896709696
PC3,-0.2,-4.91017017667931,15.0,0.0,
PC3,-0.2,-4.91017017667931,20.0,0.12887149989632699,5.748810275046974
PC3,-0.2,-4.91017017667931,25.0,0.5677399967487435,12.633828767293044
PC3,-0.2,-4.91017017667931,27.0,0.8677728961640812,18.840202670355843
PC3,-0.2,-4.91017017667931,30.0,1.2246834941542333,23.835299963215437
PC3,-0.2,-4.91017017667931,35.0,1.5415976684579094,31.58238905355009
PC3,-0.2,-4.91017017667931,37.0,1.6114621465126495,35.230356368070964
PC3,-0.2,-4.91017017667931,40.0,1.669715946411597,38.863433927369854
PC3,-0.2,-4.91017017667931,43.0,1.6264007553715676,37.94067184803633
PC3,-0.2,-4.91017017667931,45.0,1.4070112527784144,45.72101225364705
PC3,-0.2,-4.91017017667931,47.0,0.283909890584455,17.61462867456512
PC3,-0.2,-4.91017017667931,50.0,0.0010799778604696085,6.821917138648745
PC3,-0.15000000000000002,-4.682348411512503,15.0,0.0,
PC3,-0.15000000000000002,-4.682348411512503,20.0,0.12616910077009177,5.649452405244294
PC3,-0.15000000000000002,-4.682348411512503,25.0,0.5587443146151133,12.455735857049294
PC3,-0.15000000000000002,-4.682348411512503,27.0,0.857652248861339,18.695677200623514
PC3,-0.15000000000000002,-4.682348411512503,30.0,1.2177201245907343,23.75039776030626
PC3,-0.15000000000000002,-4.682348411512503,35.0,1.5379233351605774,31.40004763870015
PC3,-0.15000000000000002,-4.682348411512503,37.0,1.6079167618540227,35.052488551625316
PC3,-0.15000000000000002,-4.682348411512503,40.0,1.6663749992735815,38.68598793006588
PC3,-0.15000000000000002,-4.682348411512503,43.0,1.6235980198536495,37.786283896861754
PC3,-0.15000000000000002,-4.682348411512503,45.0,1.4074304098123662,45.385106954341296
PC3,-0.15000000000000002,-4.682348411512503,47.0,0.306411794019177,18.4380844942619
PC3,-0.15000000000000002,-4.682348411512503,50.0,0.0010683498356143196,6.8187073019240545
PC3,-0.1,-4.4873942190790945,15.0,0.0,
PC3,-0.1,-4.4873942190790945,20.0,0.12351404752036758,5.551733268136764
PC3,-0.1,-4.4873942190790945,25.0,0.5498849983910421,12.280286697028812
PC3,-0.1,-4.4873942190790945,27.0,0.8454633873029886,18.527347723328454
PC3,-0.1,-4.4873942190790945,30.0,1.2107350546939557,23.65399565259284
PC3,-0.1,-4.4873942190790945,35.0,1.5342371575497127,31.217151802715073
PC3,-0.1,-4.4873942190790945,37.0,1.604354809783262,34.87381953941954
PC3,-0.1,-4.4873942190790945,40.0,1.6630090765629617,38.50724120159975
PC3,-0.1,-4.4873942190790945,43.0,1.6207380368853694,37.62878996803922
PC3,-0.1,-4.4873942190790945,45.0,1.4080793568703605,44.85603774760547
PC3,-0.1,-4.4873942190790945,47.0,0.33014502479260843,19.134889371144848
PC3,-0.1,-4.4873942190790945,50.0,0.0010592534570790697,6.815701824619915
PC3,-0.05,-4.239237032420338,15.0,0.0,
PC3,-0.05,-4.239237032420338,20.0,0.12090557899618139,5.455626770967226
PC3,-0.05,-4.239237032420338,25.0,0.5411577546545199,12.107230176472948
PC3,-0.05,-4.239237032420338,27.0,0.8334505410603938,18.36140963293379
PC3,-0.05,-4.239237032420338,30.0,1.2037293551639878,23.555483595325985
PC3,-0.05,-4.239237032420338,35.0,1.5305397363762012,31.03373065568856
PC3,-0.05,-4.239237032420338,37.0,1.6007769042373476,34.694379539067484
PC3,-0.05,-4.239237032420338,40.0,1.6596189120566252,38.32723210910838
PC3,-0.05,-4.239237032420338,43.0,1.6187252167949608,37.51737316935962
PC3,-0.05,-4.239237032420338,45.0,1.4085738282015035,44.841296385853596
PC3,-0.05,-4.239237032420338,47.0,0.35503794497401103,19.846498408262285
PC3,-0.05,-4.239237032420338,50.0,0.001049970966006839,
PC3,0.0,-4.2224779764014295,15.0,0.0,
PC3,0.0,-4.2224779764014295,20.0,0.11834294554443316,5.361107214455652
PC3,0.0,-4.2224779764014295,25.0,0.5325438022706479,11.935151350722135
PC3,0.0,-4.2224779764014295,27.0,0.821611260867707,18.197831158992578
PC3,0.0,-4.2224779764014295,30.0,1.196704095074698,23.45607644700078
PC3,0.0,-4.2224779764014295,35.0,1.5268316683468743,30.84981310980844
PC3,0.0,-4.2224779764014295,37.0,1.5971836562400235,34.514198612823016
PC3,0.0,-4.2224779764014295,40.0,1.6562052344532,38.14599875076241
PC3,0.0,-4.2224779764014295,43.0,1.6168964144917177,37.415970202632955
PC3,0.0,-4.2224779764014295,45.0,1.40887489316692,43.93948842428881
PC3,0.0,-4.2224779764014295,47.0,0.38112494249750395,20.745815537520116
PC3,0.0,-4.2224779764014295,50.0,0.0010405137263105142,6.810053065922644
PC3,0.05,-4.170423015520672,15.0,0.0,
PC3,0.05,-4.170423015520672,20.0,0.11582540885066667,5.26814928759445
PC3,0.05,-4.170423015520672,25.0,0.5240593602609456,11.765558903033966
PC3,0.05,-4.170423015520672,27.0,0.8099431301385469,18.036579091590852
PC3,0.05,-4.170423015520672,30.0,1.189660341467917,23.35612991345268
PC3,0.05,-4.170423015520672,35.0,1.5231135459751302,30.66542787208165
PC3,0.05,-4.170423015520672,37.0,1.5935756737407465,34.33330666960021
PC3,0.05,-4.170423015520672,40.0,1.6527687673453617,37.96357895420948
PC3,0.05,-4.170423015520672,43.0,1.6149913619923035,37.310426930065226
PC3,0.05,-4.170423015520672,45.0,1.4094525075133582,43.43651120050941
PC3,0.05,-4.170423015520672,47.0,0.4079578358268805,21.43703190798086
PC3,0.05,-4.170423015520672,50.0,0.001030910224408819,6.807519062258831
PC3,0.1,-4.53737061382773,15.0,0.0,
PC3,0.1,-4.53737061382773,20.0,0.11335224178154579,5.176728062237967
PC3,0.1,-4.53737061382773,25.0,0.5157039294472718,11.598490086019394
PC3,0.1,-4.53737061382773,27.0,0.7984170839976298,17.877103807062465
PC3,0.1,-4.53737061382773,30.0,1.1825991589516913,23.25579266286938
PC3,0.1,-4.53737061382773,35.0,1.5193857498817314,30.48059332981229
PC3,0.1,-4.53737061382773,37.0,1.5899535614570848,34.151733457175794
PC3,0.1,-4.53737061382773,40.0,1.649310229185786,37.78001027509127
PC3,0.1,-4.53737061382773,43.0,1.6130032204250189,37.20282762066584
PC3,0.1,-4.53737061382773,45.0,1.4133894773712126,29.65291479512985
PC3,0.1,-4.53737061382773,47.0,0.43585987382643193,21.68905245849088
PC3,0.1,-4.53737061382773,50.0,0.0010212073664492408,6.80247642278298
PC3,0.15000000000000002,-4.619189045936837,15.0,0.0,
PC3,0.15000000000000002,-4.619189045936837,20.0,0.11092272822915876,5.086818987405024
PC3,0.15000000000000002,-4.619189045936837,25.0,0.50747563713217,11.433908345959876
PC3,0.15000000000000002,-4.619189045936837,27.0,0.787048896705835,17.719767632769784
PC3,0.15000000000000002,-4.619189045936837,30.0,1.1755216093029703,23.155142737365672
PC3,0.15000000000000002,-4.619189045936837,35.0,1.515643680030039,30.295554642217645
PC3,0.15000000000000002,-4.619189045936837,37.0,1.5862534745427028,33.96796902977414
PC3,0.15000000000000002,-4.619189045936837,40.0,1.645831568226064,37.595394989284436
PC3,0.15000000000000002,-4.619189045936837,43.0,1.6109202890965326,37.096115599410666
PC3,0.15000000000000002,-4.619189045936837,45.0,1.4192181319924522,29.934402335511805
PC3,0.15000000000000002,-4.619189045936837,47.0,0.46477996631667245,22.04978329074655
PC3,0.15000000000000002,-4.619189045936837,50.0,0.0010119411616790848,6.803606586083036
PC3,0.2,-4.732602850594851,15.0,0.0,
PC3,0.2,-4.732602850594851,20.0,0.10853616295706373,4.998397884445027
PC3,0.2,-4.732602850594851,25.0,0.49937263671805976,11.271777641097486
PC3,0.2,-4.732602850594851,27.0,0.7758453325388207,17.564671902970844
PC3,0.2,-4.732602850594851,30.0,1.1684287510741713,23.054228647598293
PC3,0.2,-4.732602850594851,35.0,1.5118924578213853,30.11013956525481
PC3,0.2,-4.732602850594851,37.0,1.5825130978802302,33.782911305491886
PC3,0.2,-4.732602850594851,40.0,1.642332800404342,37.4097336772919
PC3,0.2,-4.732602850594851,43.0,1.6087664932060566,36.98583993693646
PC3,0.2,-4.732602850594851,45.0,1.424678842620145,28.598668271054844
PC3,0.2,-4.732602850594851,47.0,0.4946486901444112,22.457093800700154
PC3,0.2,-4.732602850594851,50.0,0.0010025522150749985,
PC3,0.25,-5.006188472949685,15.0,0.0,
PC3,0.25,-5.006188472949685,20.0,0.106191851448167,4.911440941532027
PC3,0.25,-5.006188472949685,25.0,0.4913931073615512,11.11206243462153
PC3,0.25,-5.006188472949685,27.0,0.7647942282156625,17.491274201561463
PC3,0.25,-5.006188472949685,30.0,1.1613216392053085,22.953084745475376
PC3,0.25,-5.006188472949685,35.0,1.5081334406045366,29.92436766753549
PC3,0.25,-5.006188472949685,37.0,1.578759232299034,33.59721470040825
PC3,0.25,-5.006188472949685,40.0,1.638814058874801,37.22303308691529
PC3,0.25,-5.006188472949685,43.0,1.6065441501635114,36.87211703935817
PC3,0.25,-5.006188472949685,45.0,1.4296903051260967,28.831328697452506
PC3,0.25,-5.006188472949685,47.0,0.5253804826804093,22.882760771607764
PC3,0.25,-5.006188472949685,50.0,0.0009929911619856438,6.8032276308910635
PC3,0.30000000000000004,-5.252107529813053,15.0,0.0,
PC3,0.30000000000000004,-5.252107529813053,20.0,0.10388910975435048,4.825924708683259
PC3,0.30000000000000004,-5.252107529813053,25.0,0.48353525363172406,10.954727687816694
PC3,0.30000000000000004,-5.252107529813053,27.0,0.753868245488148,17.404540974198813
PC3,0.30000000000000004,-5.252107529813053,30.0,1.1542013246408054,22.85204606389351
PC3,0.30000000000000004,-5.252107529813053,35.0,1.5043671993049295,29.738266499519487
PC3,0.30000000000000004,-5.252107529813053,37.0,1.5749912456098383,33.410848235326334
PC3,0.30000000000000004,-5.252107529813053,40.0,1.635276041301378,37.03532967360868
PC3,0.30000000000000004,-5.252107529813053,43.0,1.6042556539625814,36.75506716848438
PC3,0.30000000000000004,-5.252107529813053,45.0,1.4342395512745834,29.010301732993188
PC3,0.30000000000000004,-5.252107529813053,47.0,0.5568704597044518,23.321852132573362
PC3,0.30000000000000004,-5.252107529813053,50.0,0.000983333553034723,7.035002277922759
PC3,0.35000000000000003,-5.550198121987837,15.0,0.0,
PC3,0.35000000000000003,-5.550198121987837,20.0,0.10162726434783344,4.741826092739933
PC3,0.35000000000000003,-5.550198121987837,25.0,0.47579730517246344,10.799738853395592
PC3,0.35000000000000003,-5.550198121987837,27.0,0.742955421251508,17.328736312169507
PC3,0.35000000000000003,-5.550198121987837,30.0,1.1470688539517027,22.750426720621274
PC3,0.35000000000000003,-5.550198121987837,35.0,1.5005942998552777,29.55186336840926
PC3,0.35000000000000003,-5.550198121987837,37.0,1.5712107975737772,33.22389254302175
PC3,0.35000000000000003,-5.550198121987837,40.0,1.6317193733349293,36.851474209087996
PC3,0.35000000000000003,-5.550198121987837,43.0,1.6019033540096874,36.6348083396606
PC3,0.35000000000000003,-5.550198121987837,45.0,1.4383372424204401,29.2094977946798
PC3,0.35000000000000003,-5.550198121987837,47.0,0.5889976226802374,23.7715805256756
PC3,0.35000000000000003,-5.550198121987837,50.0,0.0009735958208500026,6.973564625411783
PC3,0.4,-5.82173781630453,15.0,0.0,
PC3,0.4,-5.82173781630453,20.0,0.09940565197434899,4.659122352039155
PC3,0.4,-5.82173781630453,25.0,0.4681775163691197,10.64706186871434
PC3,0.4,-5.82173781630453,27.0,0.7320986162715334,17.025154166091085
PC3,0.4,-5.82173781630453,30.0,1.13992526896345,22.648992353007802
PC3,0.4,-5.82173781630453,35.0,1.49681530307356,29.365185332224392
PC3,0.4,-5.82173781630453,37.0,1.5674186667692382,33.03638534337835
PC3,0.4,-5.82173781630453,40.0,1.6281376550962015,36.6697497979419
PC3,0.4,-5.82173781630453,43.0,1.5994891264681241,36.511434734673095
PC3,0.4,-5.82173781630453,45.0,1.4419977165738298,29.38712226194481
PC3,0.4,-5.82173781630453,47.0,0.6216373815153322,24.105343339827158
PC3,0.4,-5.82173781630453,50.0,0.000963824231664579,
PC3,0.45,-6.312952881720169,15.0,0.0,
PC3,0.45,-6.312952881720169,20.0,0.09722361950800512,4.577791091756607
PC3,0.45,-6.312952881720169,25.0,0.460674166018911,10.496663149273234
PC3,0.45,-6.312952881720169,27.0,0.7212150547229861,16.723211502767693
PC3,0.45,-6.312952881720169,30.0,1.1327716063896722,22.547092818473065
PC3,0.45,-6.312952881720169,35.0,1.493030764544821,29.17825919406565
PC3,0.45,-6.312952881720169,37.0,1.5636152882070682,32.84834762410292
PC3,0.45,-6.312952881720169,40.0,1.6245350417708981,36.48792528613138
PC3,0.45,-6.312952881720169,43.0,1.5970150502987948,36.38505074717374
PC3,0.45,-6.312952881720169,45.0,1.4452406699653726,29.544146574467057
PC3,0.45,-6.312952881720169,47.0,0.6542436465271062,24.48771209575447
PC3,0.45,-6.312952881720169,50.0,0.0009538902289207692,7.024031325433226
PC3,0.5,-6.7781574784238865,15.0,0.0,
PC3,0.5,-6.7781574784238865,20.0,0.09508052380797642,4.497810258829496
PC3,0.5,-6.7781574784238865,25.0,0.4532855570057368,10.348509582229303
PC3,0.5,-6.7781574784238865,27.0,0.7104154087387179,16.424515965089363
PC3,0.5,-6.7781574784238865,30.0,1.125608897471912,22.445079128338197
PC3,0.5,-6.7781574784238865,35.0,1.4892412345073394,28.991111496584466
PC3,0.5,-6.7781574784238865,37.0,1.559801748602468,32.6598321083635
PC3,0.5,-6.7781574784238865,40.0,1.6209292869480385,37.08405805221658
PC3,0.5,-6.7781574784238865,43.0,1.5944831821337768,36.2557596453238
PC3,0.5,-6.7781574784238865,45.0,1.448085363998897,29.68152071777016
PC3,0.5,-6.7781574784238865,47.0,0.6867005279401353,24.753460193802404
PC3,0.5,-6.7781574784238865,50.0,0.0009439537491401798,7.020116869649901
PC3,0.55,-7.290669782715175,15.0,0.0,
PC3,0.55,-7.290669782715175,20.0,0.09297573157684842,4.419158137183158
PC3,0.55,-7.290669782715175,25.0,0.44601001597875145,10.20256851992825
PC3,0.55,-7.290669782715175,27.0,0.6997737800663149,16.130133367260022
PC3,0.55,-7.290669782715175,30.0,1.1184381676258919,22.342965515256676
PC3,0.55,-7.290669782715175,35.0,1.4854472577428837,28.80376851665597
PC3,0.55,-7.290669782715175,37.0,1.5559781467014928,32.470843406156014
PC3,0.55,-7.290669782715175,40.0,1.6173148085098583,36.966422656829245
PC3,0.55,-7.290669782715175,43.0,1.5918955291711154,36.1236622068014
PC3,0.55,-7.290669782715175,45.0,1.4505505743405753,29.80017071141575
PC3,0.55,-7.290669782715175,47.0,0.7191764261483464,25.019363555575794
PC3,0.55,-7.290669782715175,50.0,0.0009339772977887098,7.016183465725571
PC3,0.6000000000000001,-7.849905487379011,15.0,0.0,
PC3,0.6000000000000001,-7.849905487379011,20.0,0.09090861922072146,4.341813342982896
PC3,0.6000000000000001,-7.849905487379011,25.0,0.4388458930347476,10.058807773662956
PC3,0.6000000000000001,-7.849905487379011,27.0,0.689287967039617,15.840003837938323
PC3,0.6000000000000001,-7.849905487379011,30.0,1.1112604360940408,22.240766125916405
PC3,0.6000000000000001,-7.849905487379011,35.0,1.4816493734439118,28.616256258928008
PC3,0.6000000000000001,-7.849905487379011,37.0,1.5521452326778875,32.28141784946365
PC3,0.6000000000000001,-7.849905487379011,40.0,1.6136845720116242,36.7985342087716
PC3,0.6000000000000001,-7.849905487379011,43.0,1.589254050239138,35.98847702585327
PC3,0.6000000000000001,-7.849905487379011,45.0,1.4526545500461354,29.900705044977112
PC3,0.6000000000000001,-7.849905487379011,47.0,0.7513770118522443,25.284237684361425
PC3,0.6000000000000001,-7.849905487379011,50.0,0.0009239638144705169,7.045985150174562
PC3,0.65,-8.452213582323356,15.0,0.0,
PC3,0.65,-8.452213582323356,20.0,0.08887857271101329,4.265754819710936
PC3,0.65,-8.452213582323356,25.0,0.4317915614048218,9.917195607391855
PC3,0.65,-8.452213582323356,27.0,0.6789557979221422,15.554068319346044
PC3,0.65,-8.452213582323356,30.0,1.1040767156049809,22.13849501632489
PC3,0.65,-8.452213582323356,35.0,1.4778481152474403,28.428600457465436
PC3,0.65,-8.452213582323356,37.0,1.5483035882336764,32.09158356488474
PC3,0.65,-8.452213582323356,40.0,1.6100392507778158,36.62123473622084
PC3,0.65,-8.452213582323356,43.0,1.5865594791735427,35.85141838202888
PC3,0.65,-8.452213582323356,45.0,1.4544147376549006,29.984561661648584
PC3,0.65,-8.452213582323356,47.0,0.7832302268120601,25.54667879599361
PC3,0.65,-8.452213582323356,50.0,0.0009139491030835986,7.008261165907499
PC3,0.7000000000000001,-9.094558753673583,15.0,0.0,
PC3,0.7000000000000001,-9.094558753673583,20.0,0.08688498744800578,4.190961833858053
PC3,0.7000000000000001,-9.094558753673583,25.0,0.4248451134350048,9.777694689421491
PC3,0.7000000000000001,-9.094558753673583,27.0,0.6687367083463625,15.272552314595103
PC3,0.7000000000000001,-9.094558753673583,30.0,1.0968880120399882,22.036166147075633
PC3,0.7000000000000001,-9.094558753673583,35.0,1.4740440108670847,28.240826557889193
PC3,0.7000000000000001,-9.094558753673583,37.0,1.5444537904234867,31.90136845153327
PC3,0.7000000000000001,-9.094558753673583,40.0,1.6063795118249884,36.44016392002047
PC3,0.7000000000000001,-9.094558753673583,43.0,1.5838107798816552,35.711387607793476
PC3,0.7000000000000001,-9.094558753673583,45.0,1.4558437663064219,30.05197554674809
PC3,0.7000000000000001,-9.094558753673583,47.0,0.8146269763987682,25.805141234506937
PC3,0.7000000000000001,-9.094558753673583,50.0,0.0009039177071824188,7.00428442220147
PC3,0.75,-9.771768247841546,15.0,0.0,
PC3,0.75,-9.771768247841546,20.0,0.08492726812603105,4.117413969704721
PC3,0.75,-9.771768247841546,25.0,0.41800509311946243,9.640276878287926
PC3,0.75,-9.771768247841546,27.0,0.6585938833428465,14.995635770725439
PC3,0.75,-9.771768247841546,30.0,1.0896953241065912,21.93379337894223
PC3,0.75,-9.771768247841546,35.0,1.4702152616515474,28.09288952695482
PC3,0.75,-9.771768247841546,37.0,1.540596411529199,31.71080017493365
PC3,0.75,-9.771768247841546,40.0,1.602706015823053,36.25698276473227
PC3,0.75,-9.771768247841546,43.0,1.5810106429245916,35.56729481290295
PC3,0.75,-9.771768247841546,45.0,1.4569634899482464,30.104141543485465
PC3,0.75,-9.771768247841546,47.0,0.8454132896798173,26.038684717074666
PC3,0.75,-9.771768247841546,50.0,0.0008938871305695619,7.000262561706559
PC3,0.8,-10.442038724787762,15.0,0.0,
PC3,0.8,-10.442038724787762,20.0,0.08300482860036586,4.045091125507586
PC3,0.8,-10.442038724787762,25.0,0.4112701273461535,9.504915246004593
PC3,0.8,-10.442038724787762,27.0,0.6485991509236885,14.722706840050417
PC3,0.8,-10.442038724787762,30.0,1.0824993106620704,21.831239456042766
PC3,0.8,-10.442038724787762,35.0,1.4663597892860805,27.988770653757634
PC3,0.8,-10.442038724787762,37.0,1.5367320189384814,31.519906161106498
PC3,0.8,-10.442038724787762,40.0,1.5990194170552663,36.07237067095045
PC3,0.8,-10.442038724787762,43.0,1.578163128549649,35.420104596147645
PC3,0.8,-10.442038724787762,45.0,1.4577897923429286,30.14184221207046
PC3,0.8,-10.442038724787762,47.0,0.8733009128681145,26.269006863715525
PC3,0.8,-10.442038724787762,50.0,0.0008838657654886733,6.996234937718958
PC3,0.8500000000000001,-11.078583478780075,15.0,0.0,
PC3,0.8500000000000001,-11.078583478780075,20.0,0.0811170917557639,3.9739735084407566
PC3,0.8500000000000001,-11.078583478780075,25.0,0.40463867871055276,9.37157980440145
PC3,0.8500000000000001,-11.078583478780075,27.0,0.6386440949561055,14.515976486321108
PC3,0.8500000000000001,-11.078583478780075,30.0,1.075301105300553,21.728181053021384
PC3,0.8500000000000001,-11.078583478780075,35.0,1.4625025496682738,27.8846176700805
PC3,0.8500000000000001,-11.078583478780075,37.0,1.5328611750269563,31.32871359082568
PC3,0.8500000000000001,-11.078583478780075,40.0,1.5953203633767457,35.886667879199685
PC3,0.8500000000000001,-11.078583478780075,43.0,1.5752033073959084,35.26926896160454
PC3,0.8500000000000001,-11.078583478780075,45.0,1.4583379422389873,30.16233753579761
PC3,0.8500000000000001,-11.078583478780075,47.0,0.8972482461737757,26.469406224216637
PC3,0.8500000000000001,-11.078583478780075,50.0,0.0008738613779659124,6.992188208066022
PC3,0.9,-11.72926335179215,15.0,0.0,
PC3,0.9,-11.72926335179215,20.0,0.07926348937672859,3.904041630426012
PC3,0.9,-11.72926335179215,25.0,0.39810923143372384,9.240240988094484
PC3,0.9,-11.72926335179215,27.0,0.6287741835028869,14.322483050215983
PC3,0.9,-11.72926335179215,30.0,1.068100489157262,21.62585808653465
PC3,0.9,-11.72926335179215,35.0,1.4584008777870485,27.816109497761513
PC3,0.9,-11.72926335179215,37.0,1.528984437044534,31.13724939408928
PC3,0.9,-11.72926335179215,40.0,1.5916090912572605,35.69783402806508
PC3,0.9,-11.72926335179215,43.0,1.5721557562104085,35.11536650861776
PC3,0.9,-11.72926335179215,45.0,1.4586225933135897,30.170429099614683
PC3,0.9,-11.72926335179215,47.0,0.9205019352518407,26.663928258911326
PC3,0.9,-11.72926335179215,50.0,0.0008638829538211562,6.988122371842274
PC3,0.9500000000000001,-12.390531466087769,15.0,0.0,
PC3,0.9500000000000001,-12.390531466087769,20.0,0.07744346201928148,3.835276303682818
PC3,0.9500000000000001,-12.390531466087769,25.0,0.3916802910710995,9.110869648716832
PC3,0.9500000000000001,-12.390531466087769,27.0,0.6190485955281538,14.131784103515864
PC3,0.9500000000000001,-12.390531466087769,30.0,1.0607851330530405,21.523849894397177
PC3,0.9500000000000001,-12.390531466087769,35.0,1.4541382262350029,27.73836650267206
PC3,0.9500000000000001,-12.390531466087769,37.0,1.525102357005242,30.945540244750017
PC3,0.9500000000000001,-12.390531466087769,40.0,1.5878874503140783,35.51271014501978
PC3,0.9500000000000001,-12.390531466087769,43.0,1.5690664579563576,34.95938779678224
PC3,0.9500000000000001,-12.390531466087769,45.0,1.458657788130717,30.16543763187585
PC3,0.9500000000000001,-12.390531466087769,47.0,0.9429913453517855,26.8519746281238
PC3,0.9500000000000001,-12.390531466087769,50.0,0.0008548222595374162,6.984078641331061
PC3,1.0,-13.058181038403417,15.0,0.0,
PC3,1.0,-13.058181038403417,20.0,0.07565645888450957,3.767658636357306
PC3,1.0,-13.058181038403417,25.0,0.3853503842254841,8.983437049255429
PC3,1.0,-13.058181038403417,27.0,0.6094653007126498,13.943841282358134
PC3,1.0,-13.058181038403417,30.0,1.053432643252298,21.421755576744896
PC3,1.0,-13.058181038403417,35.0,1.4496885989767432,27.617915569876107
PC3,1.0,-13.058181038403417,37.0,1.5212154815810959,30.75361255534919
PC3,1.0,-13.058181038403417,40.0,1.5841544807725574,35.32295105028164
PC3,1.0,-13.058181038403417,43.0,1.5659369978829842,34.801411383872285
PC3,1.0,-13.058181038403417,45.0,1.4584569655001087,30.140737768468863
PC3,1.0,-13.058181038403417,47.0,0.9646455255868346,27.126757412372058
PC3,1.0,-13.058181038403417,50.0,0.000845736412483411,6.980012462841061
random1,-1.0,-18.253274273475554,15.0,0.0690243129167267,3.552780419680852
random1,-1.0,-18.253274273475554,20.0,0.3453931015097656,7.9587748285227
random1,-1.0,-18.253274273475554,25.0,0.9468294823197566,19.07296299089763
random1,-1.0,-18.253274273475554,27.0,1.1597342323049604,22.21791657294605
random1,-1.0,-18.253274273475554,30.0,1.4021431942672715,25.769372064308318
random1,-1.0,-18.253274273475554,35.0,1.6058720896958,34.25481615156688
random1,-1.0,-18.253274273475554,37.0,1.655226985560228,37.0871281467521
random1,-1.0,-18.253274273475554,40.0,1.692304096243629,39.8628014259035
random1,-1.0,-18.253274273475554,43.0,1.6447148447105568,38.27854265293078
random1,-1.0,-18.253274273475554,45.0,1.479234959933033,30.49638785006411
random1,-1.0,-18.253274273475554,47.0,0.6423418354851758,23.985508450929775
random1,-1.0,-18.253274273475554,50.0,0.0011682849586875186,5.853716187783283
random1,-0.9500000000000001,-17.032854899261306,15.0,0.06362984489404074,3.387887089513442
random1,-0.9500000000000001,-17.032854899261306,20.0,0.3304013118389972,7.711932945339901
random1,-0.9500000000000001,-17.032854899261306,25.0,0.9310342012093065,18.867613421995507
random1,-0.9500000000000001,-17.032854899261306,27.0,1.1458058760408965,22.03179336347909
random1,-0.9500000000000001,-17.032854899261306,30.0,1.3949208782136295,25.435983215078984
random1,-0.9500000000000001,-17.032854899261306,35.0,1.602617452718975,34.11024859894587
random1,-0.9500000000000001,-17.032854899261306,37.0,1.652787313853104,36.98886913068318
random1,-0.9500000000000001,-17.032854899261306,40.0,1.6908487306766804,39.83495732663364
random1,-0.9500000000000001,-17.032854899261306,43.0,1.6434510867918122,38.24029295337413
random1,-0.9500000000000001,-17.032854899261306,45.0,1.475726495777081,30.357898749096286
random1,-0.9500000000000001,-17.032854899261306,47.0,0.6269659915118614,23.803387816005184
random1,-0.9500000000000001,-17.032854899261306,50.0,0.0011617182410494007,5.894344016970914
random1,-0.9,-15.88562601283546,15.0,0.058454267283964634,3.23056111533239
random1,-0.9,-15.88562601283546,20.0,0.31596892624964623,7.4595965069779435
random1,-0.9,-15.88562601283546,25.0,0.9150746903796042,18.65959256926957
random1,-0.9,-15.88562601283546,27.0,1.1316905988256443,21.84372850719786
random1,-0.9,-15.88562601283546,30.0,1.387506039915325,25.135822141912296
random1,-0.9,-15.88562601283546,35.0,1.5993095102925043,33.96314268240714
random1,-0.9,-15.88562601283546,37.0,1.6503046015717544,36.88823878569269
random1,-0.9,-15.88562601283546,40.0,1.6893663061401403,39.80633707426789
random1,-0.9,-15.88562601283546,43.0,1.6421750365681897,38.20158031314093
random1,-0.9,-15.88562601283546,45.0,1.4721715797373196,30.217328003599796
random1,-0.9,-15.88562601283546,47.0,0.611647949590931,23.68330482730618
random1,-0.9,-15.88562601283546,50.0,0.0011551645685360815,5.936634204488471
random1,-0.8500000000000001,-14.809039188901238,15.0,0.05349162034736293,3.079774557120955
random1,-0.8500000000000001,-14.809039188901238,20.0,0.3019557702514901,7.214944533331402
random1,-0.8500000000000001,-14.809039188901238,25.0,0.89894725093805,18.448778585547352
random1,-0.8500000000000001,-14.809039188901238,27.0,1.1173854482418282,21.65218888728376
random1,-0.8500000000000001,-14.809039188901238,30.0,1.3797657776641346,24.911866307067047
random1,-0.8500000000000001,-14.809039188901238,35.0,1.5959458977137035,33.81337985100001
random1,-0.8500000000000001,-14.809039188901238,37.0,1.6477780717384005,36.78498333664612
random1,-0.8500000000000001,-14.809039188901238,40.0,1.6878562046654297,39.77686945899682
random1,-0.8500000000000001,-14.809039188901238,43.0,1.6408865363582628,38.162397243636704
random1,-0.8500000000000001,-14.809039188901238,45.0,1.468573291560129,30.102149214200978
random1,-0.8500000000000001,-14.809039188901238,47.0,0.5965815224206599,23.572441195137813
random1,-0.8500000000000001,-14.809039188901238,50.0,0.0011486237514703728,5.980164529934684
random1,-0.8,-13.83818273834127,15.0,0.04874645799787768,2.7293311460897702
random1,-0.8,-13.83818273834127,20.0,0.28837740529706996,6.997520802408993
random1,-0.8,-13.83818273834127,25.0,0.8826769232128793,18.23661327481743
random1,-0.8,-13.83818273834127,27.0,1.102886947729841,21.45680135545317
random1,-0.8,-13.83818273834127,30.0,1.3718658610737307,24.68296803235484
random1,-0.8,-13.83818273834127,35.0,1.5925264727988613,33.66095377971134
random1,-0.8,-13.83818273834127,37.0,1.645206928736085,36.67861680414586
random1,-0.8,-13.83818273834127,40.0,1.686316270812205,39.74245022049704
random1,-0.8,-13.83818273834127,43.0,1.6395854231558258,38.12273596925672
random1,-0.8,-13.83818273834127,45.0,1.4649287721044424,29.9688575192075
random1,-0.8,-13.83818273834127,47.0,0.5817859004465467,23.38433718050944
random1,-0.8,-13.83818273834127,50.0,0.0011420956021642968,6.024673535291722
random1,-0.75,-12.91423197050582,15.0,0.04428025643919624,2.5904372909502635
random1,-0.75,-12.91423197050582,20.0,0.27554843799179257,6.76512457084007
random1,-0.75,-12.91423197050582,25.0,0.8662214320252878,18.02341604459232
random1,-0.75,-12.91423197050582,27.0,1.0881919437056249,21.249277867893298
random1,-0.75,-12.91423197050582,30.0,1.363836345290319,24.450081471402257
random1,-0.75,-12.91423197050582,35.0,1.5890505466895772,33.50583054179324
random1,-0.75,-12.91423197050582,37.0,1.6425903576434457,36.56799498014164
random1,-0.75,-12.91423197050582,40.0,1.6847472701251835,39.704243568988645
random1,-0.75,-12.91423197050582,43.0,1.6382715284712022,38.082588418718345
random1,-0.75,-12.91423197050582,45.0,1.4612363780749955,29.825834639746603
random1,-0.75,-12.91423197050582,47.0,0.5672659222330748,23.200561501445772
random1,-0.75,-12.91423197050582,50.0,0.0011355801820848194,6.065111171809361
random1,-0.7000000000000001,-12.058651908342917,15.0,0.04001373022389994,2.458979992836952
random1,-0.7000000000000001,-12.058651908342917,20.0,0.26300990493401305,6.744386529691515
random1,-0.7000000000000001,-12.058651908342917,25.0,0.8495689749943894,17.806485137827597
random1,-0.7000000000000001,-12.058651908342917,27.0,1.0732982055138567,21.050750664052764
random1,-0.7000000000000001,-12.058651908342917,30.0,1.3556746656229521,24.213125874086952
random1,-0.7000000000000001,-12.058651908342917,35.0,1.585517177884015,33.34796345553467
random1,-0.7000000000000001,-12.058651908342917,37.0,1.6399275235176345,36.44939837053386
random1,-0.7000000000000001,-12.058651908342917,40.0,1.6831159351367797,39.66292843398452
random1,-0.7000000000000001,-12.058651908342917,43.0,1.636944678167304,38.04194621610016
random1,-0.7000000000000001,-12.058651908342917,45.0,1.4574899541939397,29.679508153151836
random1,-0.7000000000000001,-12.058651908342917,47.0,0.5530200495608634,23.02119352940083
random1,-0.7000000000000001,-12.058651908342917,50.0,0.0011290765669241115,6.115998330862378
random1,-0.65,-11.17796207956009,15.0,0.03594085324062935,2.3346089647746755
random1,-0.65,-11.17796207956009,20.0,0.2507135655391861,6.832962343641659
random1,-0.65,-11.17796207956009,25.0,0.8273409973817681,17.513592312718732
random1,-0.65,-11.17796207956009,27.0,1.0581953809589328,20.848975763486447
random1,-0.65,-11.17796207956009,30.0,1.3473688554808128,23.972642097246244
random1,-0.65,-11.17796207956009,35.0,1.5819257235676196,33.187320923123906
random1,-0.65,-11.17796207956009,37.0,1.6372174137918245,36.291724669931796
random1,-0.65,-11.17796207956009,40.0,1.6813972818216036,39.61458150003533
random1,-0.65,-11.17796207956009,43.0,1.6356046922899095,38.00080067156644
random1,-0.65,-11.17796207956009,45.0,1.4536886835705334,29.530842580148793
random1,-0.65,-11.17796207956009,47.0,0.5390428101400465,22.846295839422172
random1,-0.65,-11.17796207956009,50.0,0.001122585316609768,6.162617698155028
random1,-0.6000000000000001,-10.352976190004346,15.0,0.032012005995953066,2.204050692448988
random1,-0.6000000000000001,-10.352976190004346,20.0,0.23869243796654124,6.707398141055006
random1,-0.6000000000000001,-10.352976190004346,25.0,0.8031260753727599,17.229772803084536
random1,-0.6000000000000001,-10.352976190004346,27.0,1.0428740121152875,20.644488649459074
random1,-0.6000000000000001,-10.352976190004346,30.0,1.338752082960294,23.77504923752166
random1,-0.6000000000000001,-10.352976190004346,35.0,1.5782566518837453,33.02652716560135
random1,-0.6000000000000001,-10.352976190004346,37.0,1.6344605011433118,36.152550745275384
random1,-0.6000000000000001,-10.352976190004346,40.0,1.6796477127746126,39.49650657573267
random1,-0.6000000000000001,-10.352976190004346,43.0,1.6342513848916194,37.95914277175249
random1,-0.6000000000000001,-10.352976190004346,45.0,1.4498379722674515,29.379697643484327
random1,-0.6000000000000001,-10.352976190004346,47.0,0.525334301589073,22.676126474959887
random1,-0.6000000000000001,-10.352976190004346,50.0,0.0011161060055519775,6.209788738830945
random1,-0.55,-9.600379754562557,15.0,0.028188341062086085,2.100156831877901
random1,-0.55,-9.600379754562557,20.0,0.22684768244629475,6.819469310798827
random1,-0.55,-9.600379754562557,25.0,0.7787247989403849,17.146012401400863
random1,-0.55,-9.600379754562557,27.0,1.02696187192661,20.43795440125763
random1,-0.55,-9.600379754562557,30.0,1.3294817198229985,23.649484660058587
random1,-0.55,-9.600379754562557,35.0,1.57450373129305,32.86622844206909
random1,-0.55,-9.600379754562557,37.0,1.6316571932339081,36.02583221966117
random1,-0.55,-9.600379754562557,40.0,1.6778772685644743,39.40373230188114
random1,-0.55,-9.600379754562557,43.0,1.6328845638498877,37.916963169816526
random1,-0.55,-9.600379754562557,45.0,1.4459372825522883,29.2261690520316
random1,-0.55,-9.600379754562557,47.0,0.5118916025850629,22.511544973237783
random1,-0.55,-9.600379754562557,50.0,0.0011096384576487945,6.25746922759145
random1,-0.5,-8.859782263806572,15.0,0.02453406940628253,1.9904505772979828
random1,-0.5,-8.859782263806572,20.0,0.21534705086172806,6.873129806468123
random1,-0.5,-8.859782263806572,25.0,0.7538728445724409,16.561345961507563
random1,-0.5,-8.859782263806572,27.0,1.010751894211846,20.2279376325884
random1,-0.5,-8.859782263806572,30.0,1.3200798604598096,23.521995357332948
random1,-0.5,-8.859782263806572,35.0,1.5706886017881614,32.703022970852665
random1,-0.5,-8.859782263806572,37.0,1.6288048119315577,35.894295757655485
random1,-0.5,-8.859782263806572,40.0,1.6760755245492251,39.366449253390485
random1,-0.5,-8.859782263806572,43.0,1.6315040306784578,37.874252175145415
random1,-0.5,-8.859782263806572,45.0,1.4420060657104907,30.518431874976603
random1,-0.5,-8.859782263806572,47.0,0.49871560064133996,22.352735454885913
random1,-0.5,-8.859782263806572,50.0,0.0011031824994313575,6.305626680571477
random1,-0.45,-8.307687339630073,15.0,0.021046719849451345,1.8388808751408106
random1,-0.45,-8.307687339630073,20.0,0.20418244600991478,6.921117227082604
random1,-0.45,-8.307687339630073,25.0,0.7301175900913062,16.537208988451454
random1,-0.45,-8.307687339630073,27.0,0.9942798318932093,20.0150765043531
random1,-0.45,-8.307687339630073,30.0,1.3100211027988398,23.401830520598313
random1,-0.45,-8.307687339630073,35.0,1.5668101679672346,32.53685742954436
random1,-0.45,-8.307687339630073,37.0,1.6259024527638604,35.75283216352068
random1,-0.45,-8.307687339630073,40.0,1.6742390157274452,39.32539824901063
random1,-0.45,-8.307687339630073,43.0,1.6301095803315204,37.83099974264962
random1,-0.45,-8.307687339630073,45.0,1.4380621643979492,30.479705594510122
random1,-0.45,-8.307687339630073,47.0,0.4858047223922332,22.20106575873181
random1,-0.45,-8.307687339630073,50.0,0.0010967379601505194,6.354236421265075
random1,-0.4,-7.683128127805263,15.0,0.01772081784751509,1.7774383153022113
random1,-0.4,-7.683128127805263,20.0,0.1933680600949323,6.967128675252571
random1,-0.4,-7.683128127805263,25.0,0.7068444844864689,15.93566452966964
random1,-0.4,-7.683128127805263,27.0,0.9775277010046339,19.797769945482624
random1,-0.4,-7.683128127805263,30.0,1.2994139831090108,23.3680216499775
random1,-0.4,-7.683128127805263,35.0,1.5628672988417196,32.36767673594865
random1,-0.4,-7.683128127805263,37.0,1.622949188480071,35.58598800807024
random1,-0.4,-7.683128127805263,40.0,1.67236682798188,39.2732680110335
random1,-0.4,-7.683128127805263,43.0,1.6287011566315723,37.787203925114305
random1,-0.4,-7.683128127805263,45.0,1.4340679873615176,30.32635690437293
random1,-0.4,-7.683128127805263,47.0,0.47315677392697286,22.059708462065274
random1,-0.4,-7.683128127805263,50.0,0.0010903075039930357,
random1,-0.35000000000000003,-7.44007715969431,15.0,0.014532342231080513,1.5554075613180234
random1,-0.35000000000000003,-7.44007715969431,20.0,0.18288513629684708,7.012434841223021
random1,-0.35000000000000003,-7.44007715969431,25.0,0.6837756716956126,15.354218231529416
random1,-0.35000000000000003,-7.44007715969431,27.0,0.9604874765957697,19.57889250563156
random1,-0.35000000000000003,-7.44007715969431,30.0,1.2883708345509124,23.55783262325673
random1,-0.35000000000000003,-7.44007715969431,35.0,1.5588394263001597,32.19496410263397
random1,-0.35000000000000003,-7.44007715969431,37.0,1.6199453954495922,35.457446985368286
random1,-0.35000000000000003,-7.44007715969431,40.0,1.6704580066097952,39.12962212653417
random1,-0.35000000000000003,-7.44007715969431,43.0,1.6272783835814362,37.74284538520246
random1,-0.35000000000000003,-7.44007715969431,45.0,1.4300123477527378,30.169960982874066
random1,-0.35000000000000003,-7.44007715969431,47.0,0.4607693767610303,21.9380518919722
random1,-0.35000000000000003,-7.44007715969431,50.0,0.0010838824697348341,6.452742479764521
random1,-0.30000000000000004,-7.2740532498787545,15.0,0.011498088047238723,1.3116745868540713
random1,-0.30000000000000004,-7.2740532498787545,20.0,0.1727272322657837,7.057050799300874
random1,-0.30000000000000004,-7.2740532498787545,25.0,0.661109231329836,14.763610971808454
random1,-0.30000000000000004,-7.2740532498787545,27.0,0.9432498768611418,19.701959215853385
random1,-0.30000000000000004,-7.2740532498787545,30.0,1.2771530526273063,23.747384796430257
random1,-0.30000000000000004,-7.2740532498787545,35.0,1.5544881355643045,32.01300641547272
random1,-0.30000000000000004,-7.2740532498787545,37.0,1.6168807163839212,35.32600385759864
random1,-0.30000000000000004,-7.2740532498787545,40.0,1.6685158928977315,39.032262522699305
random1,-0.30000000000000004,-7.2740532498787545,43.0,1.6258410093144289,37.697911538069036
random1,-0.30000000000000004,-7.2740532498787545,45.0,1.4259001890308411,30.010898357440606
random1,-0.30000000000000004,-7.2740532498787545,47.0,0.4486400538780087,21.88100367109754
random1,-0.30000000000000004,-7.2740532498787545,50.0,0.0010775324553195826,6.502615152320364
random1,-0.25,-6.777445359155772,15.0,0.008615007809439293,1.0844583088195825
random1,-0.25,-6.777445359155772,20.0,0.1628695944451776,6.921212416667935
random1,-0.25,-6.777445359155772,25.0,0.6385302011219836,14.307731588572894
random1,-0.25,-6.777445359155772,27.0,0.9265064973932274,19.506879596435134
random1,-0.25,-6.777445359155772,30.0,1.265753177018033,23.926581615767574
random1,-0.25,-6.777445359155772,35.0,1.5500651112012662,31.82774303792917
random1,-0.25,-6.777445359155772,37.0,1.6137794360528817,35.192885774509776
random1,-0.25,-6.777445359155772,40.0,1.6665456690542897,38.54861370972243
random1,-0.25,-6.777445359155772,43.0,1.6243887986742291,37.65239070964562
random1,-0.25,-6.777445359155772,45.0,1.4220968762904371,37.539282911622955
random1,-0.25,-6.777445359155772,47.0,0.4367664114844907,21.76286404332201
random1,-0.25,-6.777445359155772,50.0,0.001071332712076907,6.552892834155997
random1,-0.2,-6.122276879970965,15.0,0.005873911387068016,0.9185458930640055
random1,-0.2,-6.122276879970965,20.0,0.15331483553847966,6.6194264095963575
random1,-0.2,-6.122276879970965,25.0,0.6161909729432776,13.892709108748
random1,-0.2,-6.122276879970965,27.0,0.909575714277151,19.298517508241343
random1,-0.2,-6.122276879970965,30.0,1.2541144318487374,23.751766901320906
random1,-0.2,-6.122276879970965,35.0,1.5455689869782525,31.639108379780186
random1,-0.2,-6.122276879970965,37.0,1.6105766805301491,35.06249449024772
random1,-0.2,-6.122276879970965,40.0,1.6645513269243486,38.471611229803734
random1,-0.2,-6.122276879970965,43.0,1.622921508778257,37.606270807684076
random1,-0.2,-6.122276879970965,45.0,1.4191673434329837,41.13779537844317
random1,-0.2,-6.122276879970965,47.0,0.4251455690901839,21.624602395949083
random1,-0.2,-6.122276879970965,50.0,0.0010651452245029989,6.602805325090514
random1,-0.15000000000000002,-5.272113294546461,15.0,0.0032650914128053523,0.8441853913733068
random1,-0.15000000000000002,-5.272113294546461,20.0,0.14407956280077686,6.326464439564897
random1,-0.15000000000000002,-5.272113294546461,25.0,0.5942065573756351,13.484466037109778
random1,-0.15000000000000002,-5.272113294546461,27.0,0.8924516135436182,19.080629650839853
random1,-0.15000000000000002,-5.272113294546461,30.0,1.2405363708177266,23.783742349683987
random1,-0.15000000000000002,-5.272113294546461,35.0,1.540998435244234,31.447038731421202
random1,-0.15000000000000002,-5.272113294546461,37.0,1.6073167167548963,34.929506941616665
random1,-0.15000000000000002,-5.272113294546461,40.0,1.6625208766123103,38.39289010257224
random1,-0.15000000000000002,-5.272113294546461,43.0,1.6214388887709879,37.55953930828609
random1,-0.15000000000000002,-5.272113294546461,45.0,1.4165141740295808,43.62410255847347
random1,-0.15000000000000002,-5.272113294546461,47.0,0.41377401841066763,21.474895144287743
random1,-0.15000000000000002,-5.272113294546461,50.0,0.0010589725093478426,
random1,-0.1,-4.601447038639229,15.0,0.0007894424181980461,
random1,-0.1,-4.601447038639229,20.0,0.13515781839716837,6.044330581340997
random1,-0.1,-4.601447038639229,25.0,0.5727594261738407,13.08632992397388
random1,-0.1,-4.601447038639229,27.0,0.8708851220400664,18.816714117509388
random1,-0.1,-4.601447038639229,30.0,1.2261876888587508,23.59348225420268
random1,-0.1,-4.601447038639229,35.0,1.5363537784684926,31.251550742335898
random1,-0.1,-4.601447038639229,37.0,1.6039986502628945,34.793832037727526
random1,-0.1,-4.601447038639229,40.0,1.6604535538881937,38.312408991226896
random1,-0.1,-4.601447038639229,43.0,1.6199406795683169,37.51218324195162
random1,-0.1,-4.601447038639229,45.0,1.4139540159509056,43.72230408770439
random1,-0.1,-4.601447038639229,47.0,0.4026492997455054,21.36017669217814
random1,-0.1,-4.601447038639229,50.0,0.0010528059584431133,6.70605118279623
random1,-0.05,-4.2664237668813785,15.0,0.0,
random1,-0.05,-4.2664237668813785,20.0,0.12658403832277723,5.628012572872235
random1,-0.05,-4.2664237668813785,25.0,0.5524603036037135,12.313145909865813
random1,-0.05,-4.2664237668813785,27.0,0.8460377451708756,18.51181416409838
random1,-0.05,-4.2664237668813785,30.0,1.2115418744914985,23.38784139059548
random1,-0.05,-4.2664237668813785,35.0,1.531632044121384,31.052500604216373
random1,-0.05,-4.2664237668813785,37.0,1.6006213104585707,34.655412787738456
random1,-0.05,-4.2664237668813785,40.0,1.658348644321007,38.23012866765376
random1,-0.05,-4.2664237668813785,43.0,1.6184266135916534,37.464616571020784
random1,-0.05,-4.2664237668813785,45.0,1.4114006083918724,43.7804585429395
random1,-0.05,-4.2664237668813785,47.0,0.3917629088512377,21.095259938048574
random1,-0.05,-4.2664237668813785,50.0,0.0010466540433720485,6.757866761797012
random1,0.0,-4.2224779764014295,15.0,0.0,
random1,0.0,-4.2224779764014295,20.0,0.11834294554443316,5.361107214455652
random1,0.0,-4.2224779764014295,25.0,0.5325438022706479,11.935151350722135
random1,0.0,-4.2224779764014295,27.0,0.821611260867707,18.197831158992578
random1,0.0,-4.2224779764014295,30.0,1.196704095074698,23.45607644700078
random1,0.0,-4.2224779764014295,35.0,1.5268316683468743,30.84981310980844
random1,0.0,-4.2224779764014295,37.0,1.5971836562400235,34.514198612823016
random1,0.0,-4.2224779764014295,40.0,1.6562052344532,38.14599875076241
random1,0.0,-4.2224779764014295,43.0,1.6168964144917177,37.415970202632955
random1,0.0,-4.2224779764014295,45.0,1.40887489316692,43.93948842428881
random1,0.0,-4.2224779764014295,47.0,0.38112494249750395,20.745815537520116
random1,0.0,-4.2224779764014295,50.0,0.0010405137263105142,6.810053065922644
random1,0.05,-4.252493776427672,15.0,0.0,
random1,0.05,-4.252493776427672,20.0,0.11040638866713283,5.106075405264785
random1,0.05,-4.252493776427672,25.0,0.512993006646747,11.56411660350404
random1,0.05,-4.252493776427672,27.0,0.7973941115892446,17.889168815449622
random1,0.05,-4.252493776427672,30.0,1.182016227314811,23.2682538549221
random1,0.05,-4.252493776427672,35.0,1.5219442828202396,30.643631401283546
random1,0.05,-4.252493776427672,37.0,1.593630315032383,34.36885261824883
random1,0.05,-4.252493776427672,40.0,1.654022479196768,38.059971543431836
random1,0.05,-4.252493776427672,43.0,1.6153497968615123,37.36665753281289
random1,0.05,-4.252493776427672,45.0,1.4064623043336701,44.88263441006778
random1,0.05,-4.252493776427672,47.0,0.37060044566180095,20.426666710829256
random1,0.05,-4.252493776427672,50.0,0.0010343849445847537,6.862013481087747
random1,0.1,-4.3767802380273455,15.0,0.0,
random1,0.1,-4.3767802380273455,20.0,0.10276745825439411,4.861272240139455
random1,0.1,-4.3767802380273455,25.0,0.49384273014528063,11.203766973883617
random1,0.1,-4.3767802380273455,27.0,0.773382597420582,17.59583482109014
random1,0.1,-4.3767802380273455,30.0,1.1670948030486832,23.075307529031694
random1,0.1,-4.3767802380273455,35.0,1.5169615418226254,30.434089346862024
random1,0.1,-4.3767802380273455,37.0,1.5898067768462936,34.215666873746315
random1,0.1,-4.3767802380273455,40.0,1.651799508642281,37.971996787247676
random1,0.1,-4.3767802380273455,43.0,1.6137864659375456,37.316663658603055
random1,0.1,-4.3767802380273455,45.0,1.4040797546734811,44.94595536514554
random1,0.1,-4.3767802380273455,47.0,0.36026201497594823,20.011235796728148
random1,0.1,-4.3767802380273455,50.0,0.0010282673362232361,6.915547246425713
random1,0.15000000000000002,-4.578960129477698,15.0,0.0,
random1,0.15000000000000002,-4.578960129477698,20.0,0.09541986848377115,4.62641694598731
random1,0.15000000000000002,-4.578960129477698,25.0,0.47509356966532595,10.851305067671177
random1,0.15000000000000002,-4.578960129477698,27.0,0.7496108960998177,17.585133819455557
random1,0.15000000000000002,-4.578960129477698,30.0,1.1519359113518783,22.879975440291595
random1,0.15000000000000002,-4.578960129477698,35.0,1.5118947418327235,30.22066591100563
random1,0.15000000000000002,-4.578960129477698,37.0,1.5859155121981363,34.05938720046695
random1,0.15000000000000002,-4.578960129477698,40.0,1.6495303537444463,37.883624566975165
random1,0.15000000000000002,-4.578960129477698,43.0,1.6122061172890756,37.26597315290211
random1,0.15000000000000002,-4.578960129477698,45.0,1.4017057644672823,45.00456057052489
random1,0.15000000000000002,-4.578960129477698,47.0,0.35017270182109755,19.64248723186676
random1,0.15000000000000002,-4.578960129477698,50.0,0.0010221609974318323,6.968850171645948
random1,0.2,-4.828467208283005,15.0,0.0,
random1,0.2,-4.828467208283005,20.0,0.088357244958243,4.401132502075707
random1,0.2,-4.828467208283005,25.0,0.4567456421881806,10.506733523378397
random1,0.2,-4.828467208283005,27.0,0.7253340978002791,16.964974050937062
random1,0.2,-4.828467208283005,30.0,1.1365354047887157,22.680764467176328
random1,0.2,-4.828467208283005,35.0,1.5067653967860943,30.00440595912491
random1,0.2,-4.828467208283005,37.0,1.5819550793123065,33.899944382333274
random1,0.2,-4.828467208283005,40.0,1.6471984345907553,37.799862776762254
random1,0.2,-4.828467208283005,43.0,1.6105579013493965,37.21694776779181
random1,0.2,-4.828467208283005,45.0,1.399339727120627,45.062172187950544
random1,0.2,-4.828467208283005,47.0,0.34032642176372724,19.5911979613878
random1,0.2,-4.828467208283005,50.0,0.001016065724377693,7.022522816494183
random1,0.25,-5.1588325970351026,15.0,0.0,
random1,0.25,-5.1588325970351026,20.0,0.08157313445410692,4.184691055084991
random1,0.25,-5.1588325970351026,25.0,0.43879884843900574,10.17005049314504
random1,0.25,-5.1588325970351026,27.0,0.7020685587454881,16.353563537916898
random1,0.25,-5.1588325970351026,30.0,1.1208888186595451,22.473941118327556
random1,0.25,-5.1588325970351026,35.0,1.5015671422597086,29.785001638153105
random1,0.25,-5.1588325970351026,37.0,1.5779239811171255,33.73726651186951
random1,0.25,-5.1588325970351026,40.0,1.6448229881577299,37.71402208182375
random1,0.25,-5.1588325970351026,43.0,1.6085419049789471,37.15485297031921
random1,0.25,-5.1588325970351026,45.0,1.396951369176128,45.07397345159791
random1,0.25,-5.1588325970351026,47.0,0.3307174691816739,19.265353758486423
random1,0.25,-5.1588325970351026,50.0,0.001009981392653685,7.076564390293867
random1,0.30000000000000004,-5.5578881146620605,15.0,0.0,
random1,0.30000000000000004,-5.5578881146620605,20.0,0.07506101561373317,3.9739290136682976
random1,0.30000000000000004,-5.5578881146620605,25.0,0.42125168199730506,9.841226509448298
random1,0.30000000000000004,-5.5578881146620605,27.0,0.6791718796314173,15.752304129486266
random1,0.30000000000000004,-5.5578881146620605,30.0,1.1049905096271928,22.264822997496537
random1,0.30000000000000004,-5.5578881146620605,35.0,1.4962829098593693,29.56162571592245
random1,0.30000000000000004,-5.5578881146620605,37.0,1.573820468657717,33.571269416762334
random1,0.30000000000000004,-5.5578881146620605,40.0,1.6424030186015193,37.626040995239244
random1,0.30000000000000004,-5.5578881146620605,43.0,1.6063967120999552,37.08811035935134
random1,0.30000000000000004,-5.5578881146620605,45.0,1.394501498172904,45.01319668757014
random1,0.30000000000000004,-5.5578881146620605,47.0,0.3212997281299554,18.89918268731151
random1,0.30000000000000004,-5.5578881146620605,50.0,0.0010039078814514791,7.130974812945129
random1,0.35000000000000003,-6.371095911324161,15.0,0.0,
random1,0.35000000000000003,-6.371095911324161,20.0,0.0688157699692627,2.804096270775331
random1,0.35000000000000003,-6.371095911324161,25.0,0.40410492861277825,9.52027654064464
random1,0.35000000000000003,-6.371095911324161,27.0,0.656547838169632,15.162127119714444
random1,0.35000000000000003,-6.371095911324161,30.0,1.0886255353653682,22.054927720246457
random1,0.35000000000000003,-6.371095911324161,35.0,1.490901830764856,29.33331995826871
random1,0.35000000000000003,-6.371095911324161,37.0,1.5696434954133307,33.40190313304478
random1,0.35000000000000003,-6.371095911324161,40.0,1.6399374959839539,37.53583955063701
random1,0.35000000000000003,-6.371095911324161,43.0,1.6042231884746696,37.02020691556302
random1,0.35000000000000003,-6.371095911324161,45.0,1.3920275067487315,44.951687924256404
random1,0.35000000000000003,-6.371095911324161,47.0,0.3120839322364736,18.52338897131611
random1,0.35000000000000003,-6.371095911324161,50.0,0.000997845155225437,7.185231712817229
random1,0.4,-6.936820754965286,15.0,0.0,
random1,0.4,-6.936820754965286,20.0,0.06283603426792185,2.6286525023064793
random1,0.4,-6.936820754965286,25.0,0.3873580370711762,9.207223062843115
random1,0.4,-6.936820754965286,27.0,0.634158437985625,14.357747859772571
random1,0.4,-6.936820754965286,30.0,1.071779440839086,21.841507405035372
random1,0.4,-6.936820754965286,35.0,1.4854099884979644,29.098850952198855
random1,0.4,-6.936820754965286,37.0,1.5653907921325934,33.22905815358736
random1,0.4,-6.936820754965286,40.0,1.6374253578292852,37.443320938344065
random1,0.4,-6.936820754965286,43.0,1.6020207572274705,36.9511153250505
random1,0.4,-6.936820754965286,45.0,1.3895290490737249,44.8894344289576
random1,0.4,-6.936820754965286,47.0,0.3030977137311032,18.155474146302492
random1,0.4,-6.936820754965286,50.0,0.0009917928564047846,7.24090322227655
random1,0.45,-7.450285519190051,15.0,0.0,
random1,0.45,-7.450285519190051,20.0,0.05710742146463011,2.498392754806595
random1,0.45,-7.450285519190051,25.0,0.3710196693118256,8.902133948380689
random1,0.45,-7.450285519190051,27.0,0.6119142534942391,13.800328308012581
random1,0.45,-7.450285519190051,30.0,1.0547426592105804,21.65533490956391
random1,0.45,-7.450285519190051,35.0,1.4798256004657833,28.860079279992206
random1,0.45,-7.450285519190051,37.0,1.5610606295787026,33.052651269999416
random1,0.45,-7.450285519190051,40.0,1.6348661428491083,37.35134643456507
random1,0.45,-7.450285519190051,43.0,1.5997888244704492,36.880807436678964
random1,0.45,-7.450285519190051,45.0,1.3870893762993552,45.05182877929937
random1,0.45,-7.450285519190051,47.0,0.2943368911613123,17.80757435875137
random1,0.45,-7.450285519190051,50.0,0.000985754345874343,
random1,0.5,-8.171433979444362,15.0,0.0,
random1,0.5,-8.171433979444362,20.0,0.0516225920400239,2.4044315488407735
random1,0.5,-8.171433979444362,25.0,0.35507695358246594,8.60485922056397
random1,0.5,-8.171433979444362,27.0,0.590036831617024,13.392410955711691
random1,0.5,-8.171433979444362,30.0,1.0377090070975983,21.473389861035194
random1,0.5,-8.171433979444362,35.0,1.4741464413246468,28.616897602314452
random1,0.5,-8.171433979444362,37.0,1.556634036244999,32.87316580279656
random1,0.5,-8.171433979444362,40.0,1.63211166473931,37.24716063193532
random1,0.5,-8.171433979444362,43.0,1.597526778733506,36.80925423392897
random1,0.5,-8.171433979444362,45.0,1.3847760781711893,45.409283893774344
random1,0.5,-8.171433979444362,47.0,0.2857972444826826,17.501980464859603
random1,0.5,-8.171433979444362,50.0,0.0009798498921419051,7.352316457724604
random1,0.55,-8.781972458882345,15.0,0.0,
random1,0.55,-8.781972458882345,20.0,0.04637183512692236,2.4181104544858973
random1,0.55,-8.781972458882345,25.0,0.3395294296701431,8.315356802852168
random1,0.55,-8.781972458882345,27.0,0.5685556584424658,12.992475895206077
random1,0.55,-8.781972458882345,30.0,1.0205247376225177,21.243439179068062
random1,0.55,-8.781972458882345,35.0,1.468370125620746,28.369190788627865
random1,0.55,-8.781972458882345,37.0,1.55212460822424,32.6900278980202
random1,0.55,-8.781972458882345,40.0,1.6292131894823558,37.14019309846167
random1,0.55,-8.781972458882345,43.0,1.5952339903652872,36.73642580530211
random1,0.55,-8.781972458882345,45.0,1.3825484145651827,45.46505603018594
random1,0.55,-8.781972458882345,47.0,0.27747495488360685,17.205739847347004
random1,0.55,-8.781972458882345,50.0,0.0009747131940018482,7.408617272171528
random1,0.6000000000000001,-9.438375397078064,15.0,0.0,
random1,0.6000000000000001,-9.438375397078064,20.0,0.04135076693836732,2.431732101515636
random1,0.6000000000000001,-9.438375397078064,25.0,0.3243248012511326,8.032555665305384
random1,0.6000000000000001,-9.438375397078064,27.0,0.547441361705371,12.597599689829725
random1,0.6000000000000001,-9.438375397078064,30.0,1.003110169767252,21.041287052679984
random1,0.6000000000000001,-9.438375397078064,35.0,1.4624735139356473,28.16137423443103
random1,0.6000000000000001,-9.438375397078064,37.0,1.5475322204072461,32.50308004223212
random1,0.6000000000000001,-9.438375397078064,40.0,1.6262607348245968,37.0296957232382
random1,0.6000000000000001,-9.438375397078064,43.0,1.5929098109033843,36.66229131321073
random1,0.6000000000000001,-9.438375397078064,45.0,1.380377931365897,45.51895146027148
random1,0.6000000000000001,-9.438375397078064,47.0,0.26936584373044886,16.87624924386278
random1,0.6000000000000001,-9.438375397078064,50.0,0.0009695904445811901,7.465290025219254
random1,0.65,-10.133866921151917,15.0,0.0,
random1,0.65,-10.133866921151917,20.0,0.03655310433697138,2.4451886394223035
random1,0.65,-10.133866921151917,25.0,0.3095166611185391,7.757594169068127
random1,0.65,-10.133866921151917,27.0,0.5267043094310787,12.208532234734433
random1,0.65,-10.133866921151917,30.0,0.9854593688902901,21.06571508929941
random1,0.65,-10.133866921151917,35.0,1.456445209907076,28.02236577999125
random1,0.65,-10.133866921151917,37.0,1.5428893264938908,32.3138979732581
random1,0.65,-10.133866921151917,40.0,1.623253008774267,36.852468785257
random1,0.65,-10.133866921151917,43.0,1.5905535724107045,36.586818961200606
random1,0.65,-10.133866921151917,45.0,1.378261681153079,45.56945842539177
random1,0.65,-10.133866921151917,47.0,0.26146598153316897,16.545213571293367
random1,0.65,-10.133866921151917,50.0,0.0009644814957712439,7.5223351844774555
random1,0.7000000000000001,-10.757459471884005,15.0,0.0,
random1,0.7000000000000001,-10.757459471884005,20.0,0.03197263698859294,2.4584371908567904
random1,0.7000000000000001,-10.757459471884005,25.0,0.2950853352649097,7.48407062353335
random1,0.7000000000000001,-10.757459471884005,27.0,0.5063722877661923,11.826752084751504
random1,0.7000000000000001,-10.757459471884005,30.0,0.9675775450421236,20.90912404626764
random1,0.7000000000000001,-10.757459471884005,35.0,1.4499823404228351,27.924467921695577
random1,0.7000000000000001,-10.757459471884005,37.0,1.538171037783342,32.121275049165796
random1,0.7000000000000001,-10.757459471884005,40.0,1.6201959188490318,36.74104746176486
random1,0.7000000000000001,-10.757459471884005,43.0,1.5881645867742464,36.50997595931688
random1,0.7000000000000001,-10.757459471884005,45.0,1.3762375788157823,45.75131334916514
random1,0.7000000000000001,-10.757459471884005,47.0,0.2537727450330499,18.10573725720704
random1,0.7000000000000001,-10.757459471884005,50.0,0.0009593861998235556,7.57975461966422
random1,0.75,-11.559367282154263,15.0,0.0,
random1,0.75,-11.559367282154263,20.0,0.02760915705886417,2.3709073945399264
random1,0.75,-11.559367282154263,25.0,0.2809421301682043,7.309471830788831
random1,0.75,-11.559367282154263,27.0,0.48644586003928164,11.453795938621285
random1,0.75,-11.559367282154263,30.0,0.949458836731331,20.682844040474226
random1,0.75,-11.559367282154263,35.0,1.4429438329869113,27.90549820707735
random1,0.75,-11.559367282154263,37.0,1.5333676761194723,31.92474267824777
random1,0.75,-11.559367282154263,40.0,1.6170818656165875,36.629459348571345
random1,0.75,-11.559367282154263,43.0,1.5857394329173164,36.431827108469406
random1,0.75,-11.559367282154263,45.0,1.3741971079191535,45.69001782450959
random1,0.75,-11.559367282154263,47.0,0.24628783053579525,18.32123517873397
random1,0.75,-11.559367282154263,50.0,0.0009543044097141376,7.637548601472297
random1,0.8,-13.23988650117695,15.0,0.0,
random1,0.8,-13.23988650117695,20.0,0.023369969589988507,1.4871839293528641
random1,0.8,-13.23988650117695,25.0,0.2668967026893709,7.386825667495152
random1,0.8,-13.23988650117695,27.0,0.4669289577838285,11.08905986857543
random1,0.8,-13.23988650117695,30.0,0.924918677779575,20.370286783268956
random1,0.8,-13.23988650117695,35.0,1.4357134267431702,27.9115843324724
random1,0.8,-13.23988650117695,37.0,1.528465208965023,31.723015160716557
random1,0.8,-13.23988650117695,40.0,1.6139092503494712,36.51400392788221
random1,0.8,-13.23988650117695,43.0,1.58326844683742,36.35266123407028
random1,0.8,-13.23988650117695,45.0,1.3720219547337682,45.637838678632065
random1,0.8,-13.23988650117695,47.0,0.23900054487540562,18.180187184640925
random1,0.8,-13.23988650117695,50.0,0.0009492406196372055,
random1,0.8500000000000001,-14.469909195913694,15.0,0.0,
random1,0.8500000000000001,-14.469909195913694,20.0,0.019233918956850577,1.3298343015122627
random1,0.8500000000000001,-14.469909195913694,25.0,0.25318846996151445,7.459815321421349
random1,0.8500000000000001,-14.469909195913694,27.0,0.4478229415426307,10.732097323404565
random1,0.8500000000000001,-14.469909195913694,30.0,0.8990810493413057,20.041213015789562
random1,0.8500000000000001,-14.469909195913694,35.0,1.42837493246449,27.919389456304458
random1,0.8500000000000001,-14.469909195913694,37.0,1.5234582139280324,31.515673930859208
random1,0.8500000000000001,-14.469909195913694,40.0,1.610676638879978,36.39498872080923
random1,0.8500000000000001,-14.469909195913694,43.0,1.5807624562363285,36.27202524368926
random1,0.8500000000000001,-14.469909195913694,45.0,1.3697859682328022,45.58409616536253
random1,0.8500000000000001,-14.469909195913694,47.0,0.23190565368414945,17.915711136848856
random1,0.8500000000000001,-14.469909195913694,50.0,0.0009443109882948604,7.754271020382847
random1,0.9,-15.647422506277842,15.0,0.0,
random1,0.9,-15.647422506277842,20.0,0.015294847644140916,1.199982055371844
random1,0.9,-15.647422506277842,25.0,0.23964498082301178,7.5351369854276316
random1,0.9,-15.647422506277842,27.0,0.4291245440717003,10.383366180656097
random1,0.9,-15.647422506277842,30.0,0.8733614781733418,19.714605285002026
random1,0.9,-15.647422506277842,35.0,1.4209599252070424,27.927245658540592
random1,0.9,-15.647422506277842,37.0,1.5183593576304306,31.304081693931245
random1,0.9,-15.647422506277842,40.0,1.6073825449950787,36.27257621812499
random1,0.9,-15.647422506277842,43.0,1.5782208926030896,36.18989235114043
random1,0.9,-15.647422506277842,45.0,1.3675210769969364,45.52994942828404
random1,0.9,-15.647422506277842,47.0,0.22499958288883518,17.65280982833888
random1,0.9,-15.647422506277842,50.0,0.0009395088233748886,7.813207064066567
random1,0.9500000000000001,-16.681434605503064,15.0,0.0,
random1,0.9500000000000001,-16.681434605503064,20.0,0.011546413504069408,1.157614673563712
random1,0.9500000000000001,-16.681434605503064,25.0,0.22648823516946529,7.608971655527387
random1,0.9500000000000001,-16.681434605503064,27.0,0.41083390548469173,10.042609274013591
random1,0.9500000000000001,-16.681434605503064,30.0,0.8478610832800996,19.390959920624116
random1,0.9500000000000001,-16.681434605503064,35.0,1.4134764591106217,27.935153150567796
random1,0.9500000000000001,-16.681434605503064,37.0,1.5131663747304838,31.088129211254095
random1,0.9500000000000001,-16.681434605503064,40.0,1.6040391900058641,36.158287709857355
random1,0.9500000000000001,-16.681434605503064,43.0,1.5756427314043233,36.106213375481616
random1,0.9500000000000001,-16.681434605503064,45.0,1.3652306194284474,45.47497147052946
random1,0.9500000000000001,-16.681434605503064,47.0,0.21827843460447713,17.397447644498442
random1,0.9500000000000001,-16.681434605503064,50.0,0.00093472101532627,7.872522685479122
random1,1.0,-19.129500231435077,15.0,0.0,
random1,1.0,-19.129500231435077,20.0,0.008058240131378512,0.5425771414216739
random1,1.0,-19.129500231435077,25.0,0.21371357248567394,7.681292492557812
random1,1.0,-19.129500231435077,27.0,0.39294971471929196,9.709854551859305
random1,1.0,-19.129500231435077,30.0,0.8225247713454861,19.069259299376434
random1,1.0,-19.129500231435077,35.0,1.4058810576336735,27.865669021164333
random1,1.0,-19.129500231435077,37.0,1.5078768792858708,30.867701375196855
random1,1.0,-19.129500231435077,40.0,1.600626441413196,36.029748865559704
random1,1.0,-19.129500231435077,43.0,1.5730271467045884,36.020948889357726
random1,1.0,-19.129500231435077,45.0,1.3629140384769587,45.41913966658058
random1,1.0,-19.129500231435077,47.0,0.2117382995045427,17.150162416366104
random1,1.0,-19.129500231435077,50.0,0.0009299474133499536,7.932218883285026
random2,-1.0,-13.945820893096462,15.0,0.007842290966356566,0.9770946232922094
random2,-1.0,-13.945820893096462,20.0,0.18707723229098702,7.695230779545397
random2,-1.0,-13.945820893096462,25.0,0.783736612021827,17.315247453998108
random2,-1.0,-13.945820893096462,27.0,1.0986548714669364,21.862602265229942
random2,-1.0,-13.945820893096462,30.0,1.4171365944605978,27.437106042662542
random2,-1.0,-13.945820893096462,35.0,1.6923711842904212,39.4376504665192
random2,-1.0,-13.945820893096462,37.0,1.7587803521790706,42.46611785664187
random2,-1.0,-13.945820893096462,40.0,1.7902731238951302,43.75957115019335
random2,-1.0,-13.945820893096462,43.0,1.7463220104370012,42.90324957969305
random2,-1.0,-13.945820893096462,45.0,1.4545428594948304,53.669922097172446
random2,-1.0,-13.945820893096462,47.0,0.12455363481025548,13.466158360676229
random2,-1.0,-13.945820893096462,50.0,0.0012667904486569012,7.636838959199343
random2,-0.9500000000000001,-13.121118574262113,15.0,0.007113924502380721,0.9560925449049313
random2,-0.9500000000000001,-13.121118574262113,20.0,0.18285383333207297,7.566547929051342
random2,-0.9500000000000001,-13.121118574262113,25.0,0.7700059149488542,16.92231258773754
random2,-0.9500000000000001,-13.121118574262113,27.0,1.0854979759446741,21.666285346933506
random2,-0.9500000000000001,-13.121118574262113,30.0,1.4078296773101953,27.109210610411033
random2,-0.9500000000000001,-13.121118574262113,35.0,1.6836471966225497,38.984777248833744
random2,-0.9500000000000001,-13.121118574262113,37.0,1.751624209772738,42.008406841908034
random2,-0.9500000000000001,-13.121118574262113,40.0,1.786295669896,43.58769950320141
random2,-0.9500000000000001,-13.121118574262113,43.0,1.7410475052810181,42.486545842165775
random2,-0.9500000000000001,-13.121118574262113,45.0,1.4527511212796171,53.24973452060814
random2,-0.9500000000000001,-13.121118574262113,47.0,0.13232017496006393,13.7942400722922
random2,-0.9500000000000001,-13.121118574262113,50.0,0.0012544854375441312,7.593528452897508
random2,-0.9,-12.316208185967373,15.0,0.00640198743872477,0.9356014835417569
random2,-0.9,-12.316208185967373,20.0,0.1787702203835382,7.427244893933608
random2,-0.9,-12.316208185967373,25.0,0.7564115276405399,16.533202857842944
random2,-0.9,-12.316208185967373,27.0,1.0723904750977669,21.47073063212979
random2,-0.9,-12.316208185967373,30.0,1.3983302795149062,26.61171669202832
random2,-0.9,-12.316208185967373,35.0,1.6749694490524356,38.53433695493676
random2,-0.9,-12.316208185967373,37.0,1.7441477387559372,41.791954691121724
random2,-0.9,-12.316208185967373,40.0,1.7821705698827797,43.33962730656406
random2,-0.9,-12.316208185967373,43.0,1.7356196479670918,42.13190283158097
random2,-0.9,-12.316208185967373,45.0,1.4508536685724616,52.81854783792425
random2,-0.9,-12.316208185967373,47.0,0.14051687759502868,14.143673671307914
random2,-0.9,-12.316208185967373,50.0,0.0012421824951192645,7.550413090851486
random2,-0.8500000000000001,-11.57401269592171,15.0,0.005706291330605119,0.9156153760119504
random2,-0.8500000000000001,-11.57401269592171,20.0,0.174736732320403,7.289626264921937
random2,-0.8500000000000001,-11.57401269592171,25.0,0.7429379339319387,16.14748828192896
random2,-0.8500000000000001,-11.57401269592171,27.0,1.0593283158191504,21.27588162246752
random2,-0.8500000000000001,-11.57401269592171,30.0,1.3888895917253692,26.117296922553287
random2,-0.8500000000000001,-11.57401269592171,35.0,1.6663382555060644,38.08634376219447
random2,-0.8500000000000001,-11.57401269592171,37.0,1.7362314286877862,41.514229312437905
random2,-0.8500000000000001,-11.57401269592171,40.0,1.777757080337683,43.52852902760931
random2,-0.8500000000000001,-11.57401269592171,43.0,1.7297268425887184,41.95688342440761
random2,-0.8500000000000001,-11.57401269592171,45.0,1.449305450819084,48.37066981930813
random2,-0.8500000000000001,-11.57401269592171,47.0,0.14916200597424392,14.515548301150428
random2,-0.8500000000000001,-11.57401269592171,50.0,0.0012298900573497345,7.5074943407700525
random2,-0.8,-10.823755031525101,15.0,0.00502665451946836,0.8961283887257517
random2,-0.8,-10.823755031525101,20.0,0.1708248781148901,7.156140897576432
random2,-0.8,-10.823755031525101,25.0,0.7295672677823741,15.764673790819794
random2,-0.8,-10.823755031525101,27.0,1.0463065413668273,21.081669343134827
random2,-0.8,-10.823755031525101,30.0,1.3792370433133494,25.69693416134499
random2,-0.8,-10.823755031525101,35.0,1.6577539021744336,37.64081050213307
random2,-0.8,-10.823755031525101,37.0,1.7283569803808618,41.237995120939345
random2,-0.8,-10.823755031525101,40.0,1.7733847824835818,43.715661557500255
random2,-0.8,-10.823755031525101,43.0,1.7234819233119576,41.7303845969541
random2,-0.8,-10.823755031525101,45.0,1.447879748781377,48.32227608066591
random2,-0.8,-10.823755031525101,47.0,0.15827398164927609,14.9135812994035
random2,-0.8,-10.823755031525101,50.0,0.001217615968814322,7.4647748817562505
random2,-0.75,-10.105252346060386,15.0,0.004362902058410113,0.8771349151033923
random2,-0.75,-10.105252346060386,20.0,0.1671105406094873,7.029387413393637
random2,-0.75,-10.105252346060386,25.0,0.7162787446986959,15.384183479886875
random2,-0.75,-10.105252346060386,27.0,1.033319105737875,20.890332592095856
random2,-0.75,-10.105252346060386,30.0,1.3693243739956649,25.358068541738387
random2,-0.75,-10.105252346060386,35.0,1.6492166456214057,37.19774856876037
random2,-0.75,-10.105252346060386,37.0,1.720368281658532,40.924673610495866
random2,-0.75,-10.105252346060386,40.0,1.7672225546920326,43.38275774033127
random2,-0.75,-10.105252346060386,43.0,1.7172253448834978,41.50363008208846
random2,-0.75,-10.105252346060386,45.0,1.4462600936436405,48.260359472930105
random2,-0.75,-10.105252346060386,47.0,0.16787130377705878,15.334248790256117
random2,-0.75,-10.105252346060386,50.0,0.0012053679491115688,7.420368604731826
random2,-0.7000000000000001,-9.415787000098145,15.0,0.003714865632836873,0.8586295728825641
random2,-0.7000000000000001,-9.415787000098145,20.0,0.16345882210317034,6.904746988389643
random2,-0.7000000000000001,-9.415787000098145,25.0,0.703047939702748,15.005340609909606
random2,-0.7000000000000001,-9.415787000098145,27.0,1.020358642542705,20.697263431529002
random2,-0.7000000000000001,-9.415787000098145,30.0,1.3594243835006017,25.019764736649748
random2,-0.7000000000000001,-9.415787000098145,35.0,1.6407267106313328,36.757167814265976
random2,-0.7000000000000001,-9.415787000098145,37.0,1.7118833305004697,40.4824319864497
random2,-0.7000000000000001,-9.415787000098145,40.0,1.7606711656297156,42.918375813397915
random2,-0.7000000000000001,-9.415787000098145,43.0,1.7109591605805325,41.27668681092963
random2,-0.7000000000000001,-9.415787000098145,45.0,1.4444493196797201,48.206536913000576
random2,-0.7000000000000001,-9.415787000098145,47.0,0.17797245765028688,15.7814060785316
random2,-0.7000000000000001,-9.415787000098145,50.0,0.0011931514572141675,7.379932091709035
random2,-0.65,-8.763313948212033,15.0,0.0030823834756179796,0.8406072012599628
random2,-0.65,-8.763313948212033,20.0,0.15986864431419728,6.7821829752623035
random2,-0.65,-8.763313948212033,25.0,0.6897565085530202,14.765250564648175
random2,-0.65,-8.763313948212033,27.0,1.007416175815232,20.50459626949345
random2,-0.65,-8.763313948212033,30.0,1.3495562705141595,24.68262569779704
random2,-0.65,-8.763313948212033,35.0,1.632284287751651,36.31907642990435
random2,-0.65,-8.763313948212033,37.0,1.7034334082757518,40.04207995421557
random2,-0.65,-8.763313948212033,40.0,1.7541367642888068,42.45527147211551
random2,-0.65,-8.763313948212033,43.0,1.704535744609276,41.058632310675705
random2,-0.65,-8.763313948212033,45.0,1.4424464529198568,48.130928659869646
random2,-0.65,-8.763313948212033,47.0,0.18859572191705018,16.133006949519118
random2,-0.65,-8.763313948212033,50.0,0.0011809740515545447,7.337814132767589
random2,-0.6000000000000001,-8.136546110462243,15.0,0.0024653002760194145,0.8230628577494558
random2,-0.6000000000000001,-8.136546110462243,20.0,0.1563389741557014,6.662037819628112
random2,-0.6000000000000001,-8.136546110462243,25.0,0.6762854581396797,14.483392657833432
random2,-0.6000000000000001,-8.136546110462243,27.0,0.99448075636542,20.312246596295694
random2,-0.6000000000000001,-8.136546110462243,30.0,1.3397384043682499,24.347228290264844
random2,-0.6000000000000001,-8.136546110462243,35.0,1.6238895304770185,35.88348080949923
random2,-0.6000000000000001,-8.136546110462243,37.0,1.6950241262220707,39.60388986006358
random2,-0.6000000000000001,-8.136546110462243,40.0,1.7475210992653838,42.04468502990697
random2,-0.6000000000000001,-8.136546110462243,43.0,1.697951996599178,40.84917619424765
random2,-0.6000000000000001,-8.136546110462243,45.0,1.4402534734410926,48.01024315823992
random2,-0.6000000000000001,-8.136546110462243,47.0,0.1997591397964744,16.500535627046194
random2,-0.6000000000000001,-8.136546110462243,50.0,0.0011688410897530573,7.295900036411735
random2,-0.55,-7.5401765831528555,15.0,0.0018634670815621758,0.8059918148980257
random2,-0.55,-7.5401765831528555,20.0,0.1528687629572119,6.544103445740131
random2,-0.55,-7.5401765831528555,25.0,0.6628202589846416,14.115578776565199
random2,-0.55,-7.5401765831528555,27.0,0.9815390021838706,20.120210587399477
random2,-0.55,-7.5401765831528555,30.0,1.32990600805384,24.049343081734868
random2,-0.55,-7.5401765831528555,35.0,1.6155425520127287,35.45038539251475
random2,-0.55,-7.5401765831528555,37.0,1.686655834691299,39.167877853392085
random2,-0.55,-7.5401765831528555,40.0,1.7405110934829668,41.83232843022372
random2,-0.55,-7.5401765831528555,43.0,1.6913546444475076,40.63944498397263
random2,-0.55,-7.5401765831528555,45.0,1.4378784909680322,47.92775747460015
random2,-0.55,-7.5401765831528555,47.0,0.21148053048654183,16.891658503419077
random2,-0.55,-7.5401765831528555,50.0,0.0011567580121324274,7.253725433518461
random2,-0.5,-6.642200306282097,15.0,0.001276741192032436,0.7893895565774416
random2,-0.5,-6.642200306282097,20.0,0.14945698037692687,6.428142236219577
random2,-0.5,-6.642200306282097,25.0,0.6492763213126037,13.79160958390278
random2,-0.5,-6.642200306282097,27.0,0.9685745145788104,19.928981140086638
random2,-0.5,-6.642200306282097,30.0,1.319580524476202,23.87335920362468
random2,-0.5,-6.642200306282097,35.0,1.6072434215428801,35.019792483105626
random2,-0.5,-6.642200306282097,37.0,1.678328863981197,38.73405910430696
random2,-0.5,-6.642200306282097,40.0,1.7331971436018871,41.5753127979624
random2,-0.5,-6.642200306282097,43.0,1.6846868958573336,40.428646717872375
random2,-0.5,-6.642200306282097,45.0,1.435374116698894,47.82538691552074
random2,-0.5,-6.642200306282097,47.0,0.22377726628597697,17.309030443511904
random2,-0.5,-6.642200306282097,50.0,0.0011447294737733902,7.212689372742363
random2,-0.45,-6.433217889122552,15.0,0.000704986044761365,0.7732520894489187
random2,-0.45,-6.433217889122552,20.0,0.146102629217998,6.314120224296316
random2,-0.45,-6.433217889122552,25.0,0.6355063100135266,13.535058171593125
random2,-0.45,-6.433217889122552,27.0,0.9555671325320395,19.747297907124878
random2,-0.45,-6.433217889122552,30.0,1.3090760399081063,23.701257643332454
random2,-0.45,-6.433217889122552,35.0,1.5989921599158294,34.59170204088486
random2,-0.45,-6.433217889122552,37.0,1.6700435231758461,38.30244774731816
random2,-0.45,-6.433217889122552,40.0,1.7259038833716704,41.31971969380394
random2,-0.45,-6.433217889122552,43.0,1.677863492073379,40.21567248073693
random2,-0.45,-6.433217889122552,45.0,1.432738647150266,47.363543152287136
random2,-0.45,-6.433217889122552,47.0,0.23666590914043367,17.72714279620193
random2,-0.45,-6.433217889122552,50.0,0.0011327606362190996,7.169514278457458
random2,-0.4,-5.880915768955624,15.0,0.000153789231516423,
random2,-0.4,-5.880915768955624,20.0,0.14280473199613164,6.197728216572052
random2,-0.4,-5.880915768955624,25.0,0.6217294713793263,13.285949301240793
random2,-0.4,-5.880915768955624,27.0,0.9424968482084184,19.576733138493967
random2,-0.4,-5.880915768955624,30.0,1.2981021084817994,23.38798515969667
random2,-0.4,-5.880915768955624,35.0,1.5907887346420648,34.16611143832953
random2,-0.4,-5.880915768955624,37.0,1.6618000988575297,37.87305681877292
random2,-0.4,-5.880915768955624,40.0,1.7184656561704421,41.06580998954231
random2,-0.4,-5.880915768955624,43.0,1.6710360191026221,40.001911833012535
random2,-0.4,-5.880915768955624,45.0,1.430138360270592,47.275315577467715
random2,-0.4,-5.880915768955624,47.0,0.250162343432853,18.191288315563405
random2,-0.4,-5.880915768955624,50.0,0.0011208545470795283,7.130312961795467
random2,-0.35000000000000003,-5.6172742969395575,15.0,0.0,
random2,-0.35000000000000003,-5.6172742969395575,20.0,0.13956233073177057,6.086928514628954
random2,-0.35000000000000003,-5.6172742969395575,25.0,0.608366178952932,13.43651834296903
random2,-0.35000000000000003,-5.6172742969395575,27.0,0.92933159454526,19.38099366736539
random2,-0.35000000000000003,-5.6172742969395575,30.0,1.2865272799176135,23.58184935059434
random2,-0.35000000000000003,-5.6172742969395575,35.0,1.5826327679984515,33.743024806915315
random2,-0.35000000000000003,-5.6172742969395575,37.0,1.6535988536708037,37.445898187088886
random2,-0.35000000000000003,-5.6172742969395575,40.0,1.7105996276375337,40.77910866587193
random2,-0.35000000000000003,-5.6172742969395575,43.0,1.6641748998891195,39.779502112692896
random2,-0.35000000000000003,-5.6172742969395575,45.0,1.4273644397353986,47.175031930491464
random2,-0.35000000000000003,-5.6172742969395575,47.0,0.2642819013079257,17.393973292264405
random2,-0.35000000000000003,-5.6172742969395575,50.0,0.0011090160666984818,7.089441950513992
random2,-0.30000000000000004,-5.300799249714174,15.0,0.0,
random2,-0.30000000000000004,-5.300799249714174,20.0,0.13637448675013114,5.977967379556173
random2,-0.30000000000000004,-5.300799249714174,25.0,0.5969025151861933,13.208480284210301
random2,-0.30000000000000004,-5.300799249714174,27.0,0.9147989101158598,19.166699276468115
random2,-0.30000000000000004,-5.300799249714174,30.0,1.2749851738761029,23.776753510748758
random2,-0.30000000000000004,-5.300799249714174,35.0,1.5745228419061328,33.32247705194832
random2,-0.30000000000000004,-5.300799249714174,37.0,1.64544002471619,37.02098247469098
random2,-0.30000000000000004,-5.300799249714174,40.0,1.7027483767113782,40.48739260973713
random2,-0.30000000000000004,-5.300799249714174,43.0,1.6571349674432925,39.50831622942989
random2,-0.30000000000000004,-5.300799249714174,45.0,1.4244074607450812,47.06885467474699
random2,-0.30000000000000004,-5.300799249714174,47.0,0.27905495718440465,17.864573535646738
random2,-0.30000000000000004,-5.300799249714174,50.0,0.0010972486668947604,7.046843525058052
random2,-0.25,-5.0166001568423395,15.0,0.0,
random2,-0.25,-5.0166001568423395,20.0,0.1332402804891361,5.870813594273835
random2,-0.25,-5.0166001568423395,25.0,0.5855635379093993,12.98221959898939
random2,-0.25,-5.0166001568423395,27.0,0.8977516708777529,18.917559740991546
random2,-0.25,-5.0166001568423395,30.0,1.2634679414383339,23.939071800721987
random2,-0.25,-5.0166001568423395,35.0,1.5664602668157417,32.90440181833989
random2,-0.25,-5.0166001568423395,37.0,1.6373053976078138,36.59789231971561
random2,-0.25,-5.0166001568423395,40.0,1.6949290640257275,40.196861571729535
random2,-0.25,-5.0166001568423395,43.0,1.6501048956109785,39.2375869321885
random2,-0.25,-5.0166001568423395,45.0,1.421787195579976,45.3202495009413
random2,-0.25,-5.0166001568423395,47.0,0.29447776336507414,18.364723698065546
random2,-0.25,-5.0166001568423395,50.0,0.001085845464179846,7.0083580424955345
random2,-0.2,-4.678879650183609,15.0,0.0,
random2,-0.2,-4.678879650183609,20.0,0.13015881131472332,5.765436587840721
random2,-0.2,-4.678879650183609,25.0,0.5743244756030923,12.76022931619047
random2,-0.2,-4.678879650183609,27.0,0.8813805467552129,19.01975660663427
random2,-0.2,-4.678879650183609,30.0,1.2519111746166025,23.823130030079543
random2,-0.2,-4.678879650183609,35.0,1.5584428524105527,32.48869144680579
random2,-0.2,-4.678879650183609,37.0,1.6291949215389248,36.17662703312461
random2,-0.2,-4.678879650183609,40.0,1.6871306349235777,39.83634392382063
random2,-0.2,-4.678879650183609,43.0,1.643070522225538,38.93826857841874
random2,-0.2,-4.678879650183609,45.0,1.4195583271610919,45.36898064287561
random2,-0.2,-4.678879650183609,47.0,0.31056146314641564,18.88378328424023
random2,-0.2,-4.678879650183609,50.0,0.0010750330121513673,
random2,-0.15000000000000002,-4.577177956672855,15.0,0.0,
random2,-0.15000000000000002,-4.577177956672855,20.0,0.12712919734348985,5.661806429419396
random2,-0.15000000000000002,-4.577177956672855,25.0,0.5632084572799735,12.540643463590547
random2,-0.15000000000000002,-4.577177956672855,27.0,0.8659664578913152,18.800109445287916
random2,-0.15000000000000002,-4.577177956672855,30.0,1.2385932496239958,23.825702066897275
random2,-0.15000000000000002,-4.577177956672855,35.0,1.5504696981321353,32.07530108776355
random2,-0.15000000000000002,-4.577177956672855,37.0,1.621127404123477,35.75762050043962
random2,-0.15000000000000002,-4.577177956672855,40.0,1.6793472262998799,39.416207786239596
random2,-0.15000000000000002,-4.577177956672855,43.0,1.6359898168432687,38.52858394211148
random2,-0.15000000000000002,-4.577177956672855,45.0,1.4172728342103886,44.620876667650975
random2,-0.15000000000000002,-4.577177956672855,47.0,0.3273142216890713,19.239258652892318
random2,-0.15000000000000002,-4.577177956672855,50.0,0.0010647963801044867,6.927627282499369
random2,-0.1,-4.407747952006494,15.0,0.0,
random2,-0.1,-4.407747952006494,20.0,0.12415057527238167,5.559893822390035
random2,-0.1,-4.407747952006494,25.0,0.5524941672731765,12.331563437638263
random2,-0.1,-4.407747952006494,27.0,0.8507327699196789,18.59838609270125
random2,-0.1,-4.407747952006494,30.0,1.2246733370725782,23.6150959886794
random2,-0.1,-4.407747952006494,35.0,1.5425436076087362,31.66436627899061
random2,-0.1,-4.407747952006494,37.0,1.613102952342843,35.340877327671805
random2,-0.1,-4.407747952006494,40.0,1.6715972075639096,38.99080118183512
random2,-0.1,-4.407747952006494,43.0,1.6289240042819277,38.119424045172536
random2,-0.1,-4.407747952006494,45.0,1.4147644683341876,44.685848117013315
random2,-0.1,-4.407747952006494,47.0,0.3446056613980747,19.722558832910142
random2,-0.1,-4.407747952006494,50.0,0.0010568609720606192,6.8881000560560475
random2,-0.05,-4.199822033357538,15.0,0.0,
random2,-0.05,-4.199822033357538,20.0,0.12122210021501288,5.459670098984624
random2,-0.05,-4.199822033357538,25.0,0.5424460571986272,12.132410052142099
random2,-0.05,-4.199822033357538,27.0,0.8359947165967087,18.403851599142364
random2,-0.05,-4.199822033357538,30.0,1.2106796575943135,23.403507485427763
random2,-0.05,-4.199822033357538,35.0,1.5346645176415254,31.255882951265278
random2,-0.05,-4.199822033357538,37.0,1.6051217091659882,34.926403899700226
random2,-0.05,-4.199822033357538,40.0,1.6638830803044766,38.56739165315322
random2,-0.05,-4.199822033357538,43.0,1.6228955557269373,37.76682621276336
random2,-0.05,-4.199822033357538,45.0,1.4119603681073871,44.75403750397471
random2,-0.05,-4.199822033357538,47.0,0.3625638635648033,20.086600421254964
random2,-0.05,-4.199822033357538,50.0,0.0010487645065855424,
random2,0.0,-4.2224779764014295,15.0,0.0,
random2,0.0,-4.2224779764014295,20.0,0.11834294554443316,5.361107214455652
random2,0.0,-4.2224779764014295,25.0,0.5325438022706479,11.935151350722135
random2,0.0,-4.2224779764014295,27.0,0.821611260867707,18.197831158992578
random2,0.0,-4.2224779764014295,30.0,1.196704095074698,23.45607644700078
random2,0.0,-4.2224779764014295,35.0,1.5268316683468743,30.84981310980844
random2,0.0,-4.2224779764014295,37.0,1.5971836562400235,34.514198612823016
random2,0.0,-4.2224779764014295,40.0,1.6562052344532,38.14599875076241
random2,0.0,-4.2224779764014295,43.0,1.6168964144917177,37.415970202632955
random2,0.0,-4.2224779764014295,45.0,1.40887489316692,43.93948842428881
random2,0.0,-4.2224779764014295,47.0,0.38112494249750395,20.745815537520116
random2,0.0,-4.2224779764014295,50.0,0.0010405137263105142,6.810053065922644
random2,0.05,-4.112241321647236,15.0,0.0,
random2,0.05,-4.112241321647236,20.0,0.11551230274179031,5.264177742353424
random2,0.05,-4.112241321647236,25.0,0.5227970667005166,11.740912605645304
random2,0.05,-4.112241321647236,27.0,0.8073746900330931,17.993896177578467
random2,0.05,-4.112241321647236,30.0,1.183292032423385,23.26050337344014
random2,0.05,-4.112241321647236,35.0,1.5190444055383494,30.4461239086829
random2,0.05,-4.112241321647236,37.0,1.5892887602559551,34.104259120589944
random2,0.05,-4.112241321647236,40.0,1.6485640476169698,37.72664129297906
random2,0.05,-4.112241321647236,43.0,1.6108531420123462,37.075162249044325
random2,0.05,-4.112241321647236,45.0,1.4058303925417557,43.90096857129794
random2,0.05,-4.112241321647236,47.0,0.40004851991716356,21.306275673377826
random2,0.05,-4.112241321647236,50.0,0.001032145909601383,
random2,0.1,-4.339079056739115,15.0,0.0,
random2,0.1,-4.339079056739115,20.0,0.11272938125067225,5.168854869468574
random2,0.1,-4.339079056739115,25.0,0.5132038145708847,11.549672235171503
random2,0.1,-4.339079056739115,27.0,0.79325794301775,17.779181758261913
random2,0.1,-4.339079056739115,30.0,1.1699081631116883,23.06312202860819
random2,0.1,-4.339079056739115,35.0,1.5113019430529,30.044776076684393
random2,0.1,-4.339079056739115,37.0,1.5814362908575552,33.69654856777185
random2,0.1,-4.339079056739115,40.0,1.640959885041972,37.30990047854766
random2,0.1,-4.339079056739115,43.0,1.6047592725712125,36.74537863731136
random2,0.1,-4.339079056739115,45.0,1.40313082562491,37.93203644694065
random2,0.1,-4.339079056739115,47.0,0.41956453378671427,21.523534721257647
random2,0.1,-4.339079056739115,50.0,0.0010236320992257368,6.732389285853432
random2,0.15000000000000002,-4.717230745281865,15.0,0.0,
random2,0.15000000000000002,-4.717230745281865,20.0,0.10999340833650742,5.075112390837229
random2,0.15000000000000002,-4.717230745281865,25.0,0.5037614903715759,11.361380549069057
random2,0.15000000000000002,-4.717230745281865,27.0,0.779252598151952,17.57656850127444
random2,0.15000000000000002,-4.717230745281865,30.0,1.1565499627955587,22.866167080388358
random2,0.15000000000000002,-4.717230745281865,35.0,1.5036037251198198,29.645741564029716
random2,0.15000000000000002,-4.717230745281865,37.0,1.5736237259981747,33.29094140138749
random2,0.15000000000000002,-4.717230745281865,40.0,1.6333897228257375,36.9145267857289
random2,0.15000000000000002,-4.717230745281865,43.0,1.598666240788602,36.4157756058797
random2,0.15000000000000002,-4.717230745281865,45.0,1.4040098669710463,29.060949685909826
random2,0.15000000000000002,-4.717230745281865,47.0,0.43966371892607164,21.83705013372729
random2,0.15000000000000002,-4.717230745281865,50.0,0.0010152522458729768,6.6939240204561195
random2,0.2,-4.883305368671924,15.0,0.0,
random2,0.2,-4.883305368671924,20.0,0.10730362895065018,4.982924705131047
random2,0.2,-4.883305368671924,25.0,0.49446758129451474,11.175988695984476
random2,0.2,-4.883305368671924,27.0,0.7653632246014775,17.341530350927066
random2,0.2,-4.883305368671924,30.0,1.1432145283912623,22.669597739532534
random2,0.2,-4.883305368671924,35.0,1.4959876399899892,29.25086446531426
random2,0.2,-4.883305368671924,37.0,1.5658539400149871,32.887579208610816
random2,0.2,-4.883305368671924,40.0,1.6258565839748713,36.521110055311475
random2,0.2,-4.883305368671924,43.0,1.5925749498034603,36.086398264136236
random2,0.2,-4.883305368671924,45.0,1.4047164561871315,29.04886530260709
random2,0.2,-4.883305368671924,47.0,0.460332243252181,21.984085423285944
random2,0.2,-4.883305368671924,50.0,0.0010069953127438227,6.654986291919952
random2,0.25,-5.126570950295294,15.0,0.0,
random2,0.25,-5.126570950295294,20.0,0.10465930559849701,4.89226681045256
random2,0.25,-5.126570950295294,25.0,0.485319616679265,10.99344865382949
random2,0.25,-5.126570950295294,27.0,0.752553202458923,17.28205653531582
random2,0.25,-5.126570950295294,30.0,1.1298985439163391,22.473367484270984
random2,0.25,-5.126570950295294,35.0,1.488416866089696,28.858350666811923
random2,0.25,-5.126570950295294,37.0,1.5581267009606516,32.48644980160287
random2,0.25,-5.126570950295294,40.0,1.6183624806025971,36.12975275578596
random2,0.25,-5.126570950295294,43.0,1.586486359687625,35.75729457906127
random2,0.25,-5.126570950295294,45.0,1.4051738055221175,28.451447157206662
random2,0.25,-5.126570950295294,47.0,0.4815508316831264,22.218454222272843
random2,0.25,-5.126570950295294,50.0,0.0009986280221256831,6.617769218012854
random2,0.30000000000000004,-5.393521803931196,15.0,0.0,
random2,0.30000000000000004,-5.393521803931196,20.0,0.10205971821121784,4.803114299639769
random2,0.30000000000000004,-5.393521803931196,25.0,0.47631516747323976,10.813713220226514
random2,0.30000000000000004,-5.393521803931196,27.0,0.7399527348841056,17.203500380538856
random2,0.30000000000000004,-5.393521803931196,30.0,1.11659824369769,22.27742354934505
random2,0.30000000000000004,-5.393521803931196,35.0,1.4808885716900877,28.468061290373324
random2,0.30000000000000004,-5.393521803931196,37.0,1.5504425564310629,32.08757958130628
random2,0.30000000000000004,-5.393521803931196,40.0,1.6109074984362546,35.740459067212285
random2,0.30000000000000004,-5.393521803931196,43.0,1.580401764041003,35.42852930476576
random2,0.30000000000000004,-5.393521803931196,45.0,1.405382270771884,28.43878902683321
random2,0.30000000000000004,-5.393521803931196,47.0,0.5032951024978904,22.489483379862197
random2,0.30000000000000004,-5.393521803931196,50.0,0.0009901632838594764,6.580091508037309
random2,0.35000000000000003,-5.706001868648254,15.0,0.0,
random2,0.35000000000000003,-5.706001868648254,20.0,0.09950416402017423,4.715443355954549
random2,0.35000000000000003,-5.706001868648254,25.0,0.46745184570491655,10.636736003620895
random2,0.35000000000000003,-5.706001868648254,27.0,0.7274570141027592,16.84705700328347
random2,0.35000000000000003,-5.706001868648254,30.0,1.1033093728698022,22.081706377609386
random2,0.35000000000000003,-5.706001868648254,35.0,1.4733903835233262,28.10625736315812
random2,0.35000000000000003,-5.706001868648254,37.0,1.5428022689459673,31.691005586713263
random2,0.35000000000000003,-5.706001868648254,40.0,1.6034908620738169,35.3531892288561
random2,0.35000000000000003,-5.706001868648254,43.0,1.5743215693309511,35.10012251024128
random2,0.35000000000000003,-5.706001868648254,45.0,1.4053258558661452,28.430911962735713
random2,0.35000000000000003,-5.706001868648254,47.0,0.5255352646181005,22.775750191048846
random2,0.35000000000000003,-5.706001868648254,50.0,0.0009816130382800715,6.542701226308247
random2,0.4,-6.069365319269762,15.0,0.0,
random2,0.4,-6.069365319269762,20.0,0.09699195743363054,4.629230749254061
random2,0.4,-6.069365319269762,25.0,0.45872730397152056,10.46247141488154
random2,0.4,-6.069365319269762,27.0,0.71514979178633,16.4958631268917
random2,0.4,-6.069365319269762,30.0,1.0900271451208674,21.886149033693773
random2,0.4,-6.069365319269762,35.0,1.4658777551447015,27.893001811932034
random2,0.4,-6.069365319269762,37.0,1.5352047383272016,31.29667264460249
random2,0.4,-6.069365319269762,40.0,1.5961132464610606,34.96797746671478
random2,0.4,-6.069365319269762,43.0,1.5682466543835756,34.7721180435483
random2,0.4,-6.069365319269762,45.0,1.4049996496271193,28.423295565714415
random2,0.4,-6.069365319269762,47.0,0.5482326891194506,23.072698163707173
random2,0.4,-6.069365319269762,50.0,0.0009729886908642697,6.50480248497254
random2,0.45,-6.507842722992448,15.0,0.0,
random2,0.45,-6.507842722992448,20.0,0.09452242991476204,4.5444538313488705
random2,0.45,-6.507842722992448,25.0,0.4501392349397675,10.290874659421094
random2,0.45,-6.507842722992448,27.0,0.7030279347377244,16.149832153592097
random2,0.45,-6.507842722992448,30.0,1.0767461976840706,21.69067657930244
random2,0.45,-6.507842722992448,35.0,1.4579795900512553,27.748764421476466
random2,0.45,-6.507842722992448,37.0,1.527649611431987,30.904562561666573
random2,0.45,-6.507842722992448,40.0,1.5887748208745247,34.58483220130511
random2,0.45,-6.507842722992448,43.0,1.5621778890395177,34.44455929153039
random2,0.45,-6.507842722992448,45.0,1.4044499710535276,27.94470437535868
random2,0.45,-6.507842722992448,47.0,0.5713485191002524,23.377354543628574
random2,0.45,-6.507842722992448,50.0,0.0009643007659047322,6.46887684765059
random2,0.5,-6.98452450672073,15.0,0.0,
random2,0.5,-6.98452450672073,20.0,0.09209492986021856,4.461090532151982
random2,0.5,-6.98452450672073,25.0,0.441685370860485,10.121901729900584
random2,0.5,-6.98452450672073,27.0,0.6910134681288472,15.808736993488008
random2,0.5,-6.98452450672073,30.0,1.0636437459783077,21.52851628378933
random2,0.5,-6.98452450672073,35.0,1.4495444202706214,27.522285079935166
random2,0.5,-6.98452450672073,37.0,1.52013645856155,30.514653353647436
random2,0.5,-6.98452450672073,40.0,1.5814757457975472,34.203761397548334
random2,0.5,-6.98452450672073,43.0,1.5561176369209695,34.1051384968094
random2,0.5,-6.98452450672073,45.0,1.4036888748183527,27.91302913573066
random2,0.5,-6.98452450672073,47.0,0.5948525113698137,23.688583763064493
random2,0.5,-6.98452450672073,50.0,0.0009555595256234062,6.4325075063718655
random2,0.55,-7.517184501212812,15.0,0.0,
random2,0.55,-7.517184501212812,20.0,0.08970882247834457,4.379119355446314
random2,0.55,-7.517184501212812,25.0,0.43336348309618056,9.955509399736691
random2,0.55,-7.517184501212812,27.0,0.67894086131978,15.469741275383948
random2,0.55,-7.517184501212812,30.0,1.0507398151900413,21.338245602278477
random2,0.55,-7.517184501212812,35.0,1.4410049405698615,27.468583458922662
random2,0.55,-7.517184501212812,37.0,1.5126647653089704,30.126918841901766
random2,0.55,-7.517184501212812,40.0,1.574216172195314,33.82477252797815
random2,0.55,-7.517184501212812,43.0,1.5500770774036572,33.77859681995342
random2,0.55,-7.517184501212812,45.0,1.4026928386128696,27.90429160539042
random2,0.55,-7.517184501212812,47.0,0.6186320147637813,23.847023429357378
random2,0.55,-7.517184501212812,50.0,0.0009467743978314567,6.396565542892613
random2,0.6000000000000001,-8.099073866980994,15.0,0.0,
random2,0.6000000000000001,-8.099073866980994,20.0,0.08736348966608772,4.298519374743666
random2,0.6000000000000001,-8.099073866980994,25.0,0.4251713816621921,9.791655217355453
random2,0.6000000000000001,-8.099073866980994,27.0,0.6670514865747356,15.135769436060215
random2,0.6000000000000001,-8.099073866980994,30.0,1.0378581942485934,21.148352427867206
random2,0.6000000000000001,-8.099073866980994,35.0,1.432530637226009,27.482282727431496
random2,0.6000000000000001,-8.099073866980994,37.0,1.5052429398275913,29.741774548503145
random2,0.6000000000000001,-8.099073866980994,40.0,1.5669969000375388,33.4479061695479
random2,0.6000000000000001,-8.099073866980994,43.0,1.5440460692442273,33.45268129512747
random2,0.6000000000000001,-8.099073866980994,45.0,1.4014697354687298,27.89551986757583
random2,0.6000000000000001,-8.099073866980994,47.0,0.6422280743770902,24.07965624741481
random2,0.6000000000000001,-8.099073866980994,50.0,0.0009379543509245407,6.360065399045837
random2,0.65,-8.736060614687046,15.0,0.0,
random2,0.65,-8.736060614687046,20.0,0.08505832988351424,4.219270228881345
random2,0.65,-8.736060614687046,25.0,0.4171069147805615,9.630297501304291
random2,0.65,-8.736060614687046,27.0,0.6553423444010604,14.806739828978943
random2,0.65,-8.736060614687046,30.0,1.0249949998262262,20.958782543102313
random2,0.65,-8.736060614687046,35.0,1.4240809426105623,27.446013218342898
random2,0.65,-8.736060614687046,37.0,1.4978802406267588,29.359678090714954
random2,0.65,-8.736060614687046,40.0,1.5598390027612261,33.07423720800251
random2,0.65,-8.736060614687046,43.0,1.538025356500704,33.1274286693312
random2,0.65,-8.736060614687046,45.0,1.4000274578918104,27.886716664043348
random2,0.65,-8.736060614687046,47.0,0.6659700440124221,24.252059595253648
random2,0.65,-8.736060614687046,50.0,0.000929107593672678,6.326291267194939
random2,0.7000000000000001,-9.428986280922539,15.0,0.0,
random2,0.7000000000000001,-9.428986280922539,20.0,0.0827927580248196,4.1413521175714365
random2,0.7000000000000001,-9.428986280922539,25.0,0.40916796844691583,9.471395336605427
random2,0.7000000000000001,-9.428986280922539,27.0,0.6437328708689096,14.532265429270675
random2,0.7000000000000001,-9.428986280922539,30.0,1.0121458595124273,20.769499194892795
random2,0.7000000000000001,-9.428986280922539,35.0,1.4154973563688005,27.293817363622413
random2,0.7000000000000001,-9.428986280922539,37.0,1.4905578277901803,28.979696103283295
random2,0.7000000000000001,-9.428986280922539,40.0,1.5527192760791955,32.70258155433681
random2,0.7000000000000001,-9.428986280922539,43.0,1.532015676277879,32.80287533398689
random2,0.7000000000000001,-9.428986280922539,45.0,1.398373894234497,27.87788473276746
random2,0.7000000000000001,-9.428986280922539,47.0,0.6897771427129764,24.42329559117461
random2,0.7000000000000001,-9.428986280922539,50.0,0.0009202421285898888,6.292233935926189
random2,0.75,-10.18131023774663,15.0,0.0,
random2,0.75,-10.18131023774663,20.0,0.08056620528465346,4.064745797149158
random2,0.75,-10.18131023774663,25.0,0.4013524660098093,9.314908572273685
random2,0.75,-10.18131023774663,27.0,0.6321612531296855,14.314740867313882
random2,0.75,-10.18131023774663,30.0,0.9993059483150705,20.579118497382698
random2,0.75,-10.18131023774663,35.0,1.4065514735766926,26.816508615920867
random2,0.75,-10.18131023774663,37.0,1.4832747817796579,28.60178234917957
random2,0.75,-10.18131023774663,40.0,1.5456378364011336,32.3329448927752
random2,0.75,-10.18131023774663,43.0,1.5260195817468887,32.47914864478414
random2,0.75,-10.18131023774663,45.0,1.3965167071784266,27.86901363392306
random2,0.75,-10.18131023774663,47.0,0.7135818734121347,24.595396360583912
random2,0.75,-10.18131023774663,50.0,0.0009113652463302129,6.259222259494546
random2,0.8,-10.912957056186901,15.0,0.0,
random2,0.8,-10.912957056186901,20.0,0.07837811901842867,3.9894325754856736
random2,0.8,-10.912957056186901,25.0,0.39365829898296695,9.160796296424577
random2,0.8,-10.912957056186901,27.0,0.6207401618161614,14.086497128581147
random2,0.8,-10.912957056186901,30.0,0.9864691568051022,20.38995397423978
random2,0.8,-10.912957056186901,35.0,1.3976212626866193,26.340171890973767
random2,0.8,-10.912957056186901,37.0,1.4760302741090692,28.225895098399842
random2,0.8,-10.912957056186901,40.0,1.5385945773596155,31.965321535970006
random2,0.8,-10.912957056186901,43.0,1.520036836711426,32.156236224071215
random2,0.8,-10.912957056186901,45.0,1.3944545984493941,27.859503304173664
random2,0.8,-10.912957056186901,47.0,0.7373977430935692,24.767736933323484
random2,0.8,-10.912957056186901,50.0,0.0009024856637469498,
random2,0.8500000000000001,-11.842511428172385,15.0,0.0,
random2,0.8500000000000001,-11.842511428172385,20.0,0.07622796259524067,3.9153943069676163
random2,0.8500000000000001,-11.842511428172385,25.0,0.38608322290280456,9.009015558506684
random2,0.8500000000000001,-11.842511428172385,27.0,0.6094938520153947,13.861647893973961
random2,0.8500000000000001,-11.842511428172385,30.0,0.9740889830347663,20.215053879303156
random2,0.8500000000000001,-11.842511428172385,35.0,1.3887001653628748,25.86442333350513
random2,0.8500000000000001,-11.842511428172385,37.0,1.4687989722565633,28.005200876028287
random2,0.8500000000000001,-11.842511428172385,40.0,1.53159021909019,31.599747957517067
random2,0.8500000000000001,-11.842511428172385,43.0,1.5140672266194246,31.834126771716466
random2,0.8500000000000001,-11.842511428172385,45.0,1.3922048657277606,27.84999728560381
random2,0.8500000000000001,-11.842511428172385,47.0,0.7611350483372963,24.939187884216196
random2,0.8500000000000001,-11.842511428172385,50.0,0.0008943770348328164,6.3932941722962235
random2,0.9,-12.742929097748348,15.0,0.0,
random2,0.9,-12.742929097748348,20.0,0.07411521524195613,3.8426133873719923
random2,0.9,-12.742929097748348,25.0,0.3786255898941511,8.85953452982214
random2,0.9,-12.742929097748348,27.0,0.5984194964925162,13.640138008223667
random2,0.9,-12.742929097748348,30.0,0.9621464923089802,20.040855464917186
random2,0.9,-12.742929097748348,35.0,1.379953361745214,25.501445873129786
random2,0.9,-12.742929097748348,37.0,1.4614665878600646,27.8229856195414
random2,0.9,-12.742929097748348,40.0,1.524624207548321,31.23619561912779
random2,0.9,-12.742929097748348,43.0,1.5081114543953074,31.512854939800647
random2,0.9,-12.742929097748348,45.0,1.3897290341084654,27.817277067725918
random2,0.9,-12.742929097748348,47.0,0.7847592457391274,25.109846950893644
random2,0.9,-12.742929097748348,50.0,0.0008864876631366693,6.171268230961034
random2,0.9500000000000001,-13.627483366866073,15.0,0.0,
random2,0.9500000000000001,-13.627483366866073,20.0,0.07203937187676765,3.7710727481211315
random2,0.9500000000000001,-13.627483366866073,25.0,0.3712834686389707,8.71231612745679
random2,0.9500000000000001,-13.627483366866073,27.0,0.587514314441029,13.421913027377183
random2,0.9500000000000001,-13.627483366866073,30.0,0.9502790899832716,19.867750853516245
random2,0.9500000000000001,-13.627483366866073,35.0,1.3710831478285066,25.09361207097391
random2,0.9500000000000001,-13.627483366866073,37.0,1.45362500796895,27.669774532407125
random2,0.9500000000000001,-13.627483366866073,40.0,1.5176968137597506,30.87467807070058
random2,0.9500000000000001,-13.627483366866073,43.0,1.5021581911456126,31.18592292795446
random2,0.9500000000000001,-13.627483366866073,45.0,1.386841065093721,27.665056653874018
random2,0.9500000000000001,-13.627483366866073,47.0,0.8033298814395786,25.24283143077033
random2,0.9500000000000001,-13.627483366866073,50.0,0.0008785366495353925,6.158632187341791
random2,1.0,-14.495613990817514,15.0,0.0,
random2,1.0,-14.495613990817514,20.0,0.06999994293076066,3.7007558500873188
random2,1.0,-14.495613990817514,25.0,0.3640549632549155,8.567324054473366
random2,1.0,-14.495613990817514,27.0,0.5767755709227117,13.20691913946093
random2,1.0,-14.495613990817514,30.0,0.9384715728020842,19.788489469037714
random2,1.0,-14.495613990817514,35.0,1.361923413335495,24.77867327454192
random2,1.0,-14.495613990817514,37.0,1.4454827084856419,27.502508053226276
random2,1.0,-14.495613990817514,40.0,1.5108080831033965,30.515197344829524
random2,1.0,-14.495613990817514,43.0,1.4961910251785542,30.843777658374403
random2,1.0,-14.495613990817514,45.0,1.3837611755383605,27.505231840692147
random2,1.0,-14.495613990817514,47.0,0.818050635622546,25.343475898820063
random2,1.0,-14.495613990817514,50.0,0.0008705368885929899,6.282163376890013
random3,-1.0,-8.4106337487815,15.0,0.008827366350167853,
random3,-1.0,-8.4106337487815,20.0,0.12537087290134985,5.255236890706785
random3,-1.0,-8.4106337487815,25.0,0.49053765934227583,11.300274562072062
random3,-1.0,-8.4106337487815,27.0,0.7332249047979935,16.811361450844128
random3,-1.0,-8.4106337487815,30.0,1.1423996293994239,22.610645685556598
random3,-1.0,-8.4106337487815,35.0,1.4913464701935053,28.963111666960987
random3,-1.0,-8.4106337487815,37.0,1.5615035078490316,32.38771195596681
random3,-1.0,-8.4106337487815,40.0,1.6266605456593055,36.25366637727321
random3,-1.0,-8.4106337487815,43.0,1.6058421830685683,36.38657016802496
random3,-1.0,-8.4106337487815,45.0,1.4556414235709139,29.692391334013855
random3,-1.0,-8.4106337487815,47.0,0.6257298400259081,24.05900889536693
random3,-1.0,-8.4106337487815,50.0,0.000899506190329224,6.372193115079204
random3,-0.9500000000000001,-8.039177742156742,15.0,0.008343184948102628,0.5407338181970172
random3,-0.9500000000000001,-8.039177742156742,20.0,0.12530082867674505,5.276820004727091
random3,-0.9500000000000001,-8.039177742156742,25.0,0.49289694277853735,11.356550057191155
random3,-0.9500000000000001,-8.039177742156742,27.0,0.7377418136860403,16.946579975034407
random3,-0.9500000000000001,-8.039177742156742,30.0,1.1448648874255856,22.65117265939887
random3,-0.9500000000000001,-8.039177742156742,35.0,1.4933734375350438,29.08253000254873
random3,-0.9500000000000001,-8.039177742156742,37.0,1.5634826099764387,32.501545766541454
random3,-0.9500000000000001,-8.039177742156742,40.0,1.6284451647835607,36.358960228566296
random3,-0.9500000000000001,-8.039177742156742,43.0,1.6068188729420796,36.45584110448482
random3,-0.9500000000000001,-8.039177742156742,45.0,1.4538840627806031,29.624534326341664
random3,-0.9500000000000001,-8.039177742156742,47.0,0.6125895669945312,23.886548463088367
random3,-0.9500000000000001,-8.039177742156742,50.0,0.0009065973861832874,
random3,-0.9,-7.801428612783235,15.0,0.007841827721008787,0.5487038171241716
random3,-0.9,-7.801428612783235,20.0,0.12519909130445236,5.297466924501115
random3,-0.9,-7.801428612783235,25.0,0.4952435565537472,11.41265641628522
random3,-0.9,-7.801428612783235,27.0,0.7422462821145825,17.08157824383212
random3,-0.9,-7.801428612783235,30.0,1.1479781885009739,22.700296381672683
random3,-0.9,-7.801428612783235,35.0,1.4953627926657274,29.200201409484
random3,-0.9,-7.801428612783235,37.0,1.5654414703755895,32.61449806266592
random3,-0.9,-7.801428612783235,40.0,1.6302085282615448,36.46327855709863
random3,-0.9,-7.801428612783235,43.0,1.607752701705919,36.5240084300556
random3,-0.9,-7.801428612783235,45.0,1.452026398579834,29.551798423744334
random3,-0.9,-7.801428612783235,47.0,0.5994888094926999,23.714823805691346
random3,-0.9,-7.801428612783235,50.0,0.0009136621063949359,6.117882413395092
random3,-0.8500000000000001,-7.4923907949687205,15.0,0.007323894469093928,0.5575918421186176
random3,-0.8500000000000001,-7.4923907949687205,20.0,0.12507674385802886,5.31754800197083
random3,-0.8500000000000001,-7.4923907949687205,25.0,0.4975600737112665,11.468256518748866
random3,-0.8500000000000001,-7.4923907949687205,27.0,0.7467385227282864,17.216366573886315
random3,-0.8500000000000001,-7.4923907949687205,30.0,1.1512568275319335,22.752603288270357
random3,-0.8500000000000001,-7.4923907949687205,35.0,1.4973170245071907,29.316249557366255
random3,-0.8500000000000001,-7.4923907949687205,37.0,1.5673801459445176,32.72657286775876
random3,-0.8500000000000001,-7.4923907949687205,40.0,1.631950369266968,36.5666091623367
random3,-0.8500000000000001,-7.4923907949687205,43.0,1.6086558585296526,36.59071872092901
random3,-0.8500000000000001,-7.4923907949687205,45.0,1.4500666191203948,29.47409547363245
random3,-0.8500000000000001,-7.4923907949687205,47.0,0.5864333746007501,23.54397255791769
random3,-0.8500000000000001,-7.4923907949687205,50.0,0.00092073523868983,6.153600546928219
random3,-0.8,-7.194184181972266,15.0,0.006790382926162584,0.5660623172019978
random3,-0.8,-7.194184181972266,20.0,0.1249213242206769,5.336648880286909
random3,-0.8,-7.194184181972266,25.0,0.49984664295636566,11.523353016680677
random3,-0.8,-7.194184181972266,27.0,0.7512187419281395,17.35095741926051
random3,-0.8,-7.194184181972266,30.0,1.1544273196151278,22.803326283864713
random3,-0.8,-7.194184181972266,35.0,1.4992389859277708,29.42716758034537
random3,-0.8,-7.194184181972266,37.0,1.569301816345891,32.83792573516325
random3,-0.8,-7.194184181972266,40.0,1.6336704163860394,36.66893961862445
random3,-0.8,-7.194184181972266,43.0,1.6095293809110767,36.65602490995591
random3,-0.8,-7.194184181972266,45.0,1.448002901409454,29.391336786819103
random3,-0.8,-7.194184181972266,47.0,0.5734397387627616,23.37427396565357
random3,-0.8,-7.194184181972266,50.0,0.0009278136573104347,6.191023704276325
random3,-0.75,-6.906443798269153,15.0,0.006240546175971996,0.5740907183123992
random3,-0.75,-6.906443798269153,20.0,0.1247331826787052,5.354782221412814
random3,-0.75,-6.906443798269153,25.0,0.5021034095101052,11.577948247807875
random3,-0.75,-6.906443798269153,27.0,0.755687139709655,17.485367415633434
random3,-0.75,-6.906443798269153,30.0,1.15749636967124,22.85261345949956
random3,-0.75,-6.906443798269153,35.0,1.5011433666683485,29.436849897368365
random3,-0.75,-6.906443798269153,37.0,1.5712032893239496,32.94840304502328
random3,-0.75,-6.906443798269153,40.0,1.63536839380693,36.770257285054804
random3,-0.75,-6.906443798269153,43.0,1.6103708659391236,36.71980877033027
random3,-0.75,-6.906443798269153,45.0,1.445833412361996,29.303433189310727
random3,-0.75,-6.906443798269153,47.0,0.5605164512934827,23.206176137767923
random3,-0.75,-6.906443798269153,50.0,0.0009348948351742639,6.228669095154486
random3,-0.7000000000000001,-6.624766730626013,15.0,0.005674636442404765,0.5816866810861595
random3,-0.7000000000000001,-6.624766730626013,20.0,0.12451267437403694,5.371960855635074
random3,-0.7000000000000001,-6.624766730626013,25.0,0.5043305147932786,11.632044142343043
random3,-0.7000000000000001,-6.624766730626013,27.0,0.7600715267128859,17.474311820147538
random3,-0.7000000000000001,-6.624766730626013,30.0,1.1604702171619174,22.90062303634704
random3,-0.7000000000000001,-6.624766730626013,35.0,1.5030327280431732,29.426298405320022
random3,-0.7000000000000001,-6.624766730626013,37.0,1.5730846515435082,33.05801028440615
random3,-0.7000000000000001,-6.624766730626013,40.0,1.63704354899707,36.86927483396091
random3,-0.7000000000000001,-6.624766730626013,43.0,1.6111798912417392,36.782050623863604
random3,-0.7000000000000001,-6.624766730626013,45.0,1.4435563099072246,29.2102950767676
random3,-0.7000000000000001,-6.624766730626013,47.0,0.547673464960118,23.039818098691192
random3,-0.7000000000000001,-6.624766730626013,50.0,0.0009419760460360445,6.266507481084629
random3,-0.65,-6.347112840415081,15.0,0.005092911558960655,0.5888600354110936
random3,-0.65,-6.347112840415081,20.0,0.12426015836578828,5.388197750333597
random3,-0.65,-6.347112840415081,25.0,0.5065280961326972,11.68564208641988
random3,-0.65,-6.347112840415081,27.0,0.7643020672002507,17.276064990998613
random3,-0.65,-6.347112840415081,30.0,1.163354352354908,22.94742602745276
random3,-0.65,-6.347112840415081,35.0,1.504896091574388,29.535723380910664
random3,-0.65,-6.347112840415081,37.0,1.5749459585906898,33.166751438777716
random3,-0.65,-6.347112840415081,40.0,1.6386970154360998,36.96980266342084
random3,-0.65,-6.347112840415081,43.0,1.6119560328448554,36.84273072343154
random3,-0.65,-6.347112840415081,45.0,1.4411697442783202,29.11183247800452
random3,-0.65,-6.347112840415081,47.0,0.5349222555088575,22.875386217022818
random3,-0.65,-6.347112840415081,50.0,0.0009490544240878829,6.304518114444942
random3,-0.6000000000000001,-6.0828544232973165,15.0,0.0044956339710753735,0.5956207812132512
random3,-0.6000000000000001,-6.0828544232973165,20.0,0.12397599674805936,5.403505980626268
random3,-0.6000000000000001,-6.0828544232973165,25.0,0.5086962864898614,11.738742715701406
random3,-0.6000000000000001,-6.0828544232973165,27.0,0.7684508920477988,17.360077214729248
random3,-0.6000000000000001,-6.0828544232973165,30.0,1.1661538289805968,22.993084586132568
random3,-0.6000000000000001,-6.0828544232973165,35.0,1.5067317134802283,29.643913654790307
random3,-0.6000000000000001,-6.0828544232973165,37.0,1.5768006749676093,33.27569330670125
random3,-0.6000000000000001,-6.0828544232973165,40.0,1.640347559932747,37.069087252895166
random3,-0.6000000000000001,-6.0828544232973165,43.0,1.6126988652327312,36.901829255877054
random3,-0.6000000000000001,-6.0828544232973165,45.0,1.4386742387686837,29.03283726352822
random3,-0.6000000000000001,-6.0828544232973165,47.0,0.5222722587622906,22.713279577675596
random3,-0.6000000000000001,-6.0828544232973165,50.0,0.0009561269587677543,6.342683928464684
random3,-0.55,-5.826126765766224,15.0,0.003883069780015251,0.6019790460222343
random3,-0.55,-5.826126765766224,20.0,0.12366055382295996,5.417898701854393
random3,-0.55,-5.826126765766224,25.0,0.5108352142108457,11.791345591751094
random3,-0.55,-5.826126765766224,27.0,0.7725887580432623,17.44396289931472
random3,-0.55,-5.826126765766224,30.0,1.168899760568161,23.02130510224571
random3,-0.55,-5.826126765766224,35.0,1.5085408442746455,29.7509313411873
random3,-0.55,-5.826126765766224,37.0,1.578640989683178,33.38475597444986
random3,-0.55,-5.826126765766224,40.0,1.6419843318254541,37.167802883841084
random3,-0.55,-5.826126765766224,43.0,1.6134079614064776,36.959326344819495
random3,-0.55,-5.826126765766224,45.0,1.4360729976719175,28.95416060483539
random3,-0.55,-5.826126765766224,47.0,0.5097324158249921,22.554070304353836
random3,-0.55,-5.826126765766224,50.0,0.0009631904893813996,6.3809913233021085
random3,-0.5,-5.581000910944407,15.0,0.0032554878275863285,0.6079450585894778
random3,-0.5,-5.581000910944407,20.0,0.12331419532771767,5.43138912387121
random3,-0.5,-5.581000910944407,25.0,0.5129450027964307,11.843448673784781
random3,-0.5,-5.581000910944407,27.0,0.7767047377930589,17.514814600698582
random3,-0.5,-5.581000910944407,30.0,1.1717531291015113,23.05092532667479
random3,-0.5,-5.581000910944407,35.0,1.5103157460957843,29.855971922302803
random3,-0.5,-5.581000910944407,37.0,1.580457952848493,33.49279010332807
random3,-0.5,-5.581000910944407,40.0,1.643401739779477,37.25988114447441
random3,-0.5,-5.581000910944407,43.0,1.6140828929405098,37.015202053368974
random3,-0.5,-5.581000910944407,45.0,1.4333564896815754,28.842652732561405
random3,-0.5,-5.581000910944407,47.0,0.49731097801043445,22.398692527911745
random3,-0.5,-5.581000910944407,50.0,0.0009702417639492965,6.418597629676516
random3,-0.45,-5.343348653506481,15.0,0.0026131588264211303,0.6135291181803101
random3,-0.45,-5.343348653506481,20.0,0.12293728771462635,5.442655680724994
random3,-0.45,-5.343348653506481,25.0,0.5150257706921273,11.895047414042896
random3,-0.45,-5.343348653506481,27.0,0.7808052415597292,17.576302130144605
random3,-0.45,-5.343348653506481,30.0,1.1746233746902928,23.097644514945387
random3,-0.45,-5.343348653506481,35.0,1.5120567801378206,29.959023131634627
random3,-0.45,-5.343348653506481,37.0,1.5822518806786803,33.59981241281921
random3,-0.45,-5.343348653506481,40.0,1.644788939855253,37.35086708636078
random3,-0.45,-5.343348653506481,43.0,1.6147232300377956,37.06943638677755
random3,-0.45,-5.343348653506481,45.0,1.4305225897488434,28.72341331363913
random3,-0.45,-5.343348653506481,47.0,0.485015890808598,22.248934496454417
random3,-0.45,-5.343348653506481,50.0,0.0009772771124724185,6.457994399166067
random3,-0.4,-5.11168054931574,15.0,0.0019563544396701328,0.6187424139435778
random3,-0.4,-5.11168054931574,20.0,0.12253019748231443,5.454337574436227
random3,-0.4,-5.11168054931574,25.0,0.5170776310968012,11.946133119209358
random3,-0.4,-5.11168054931574,27.0,0.784899328333755,17.63774711633355
random3,-0.4,-5.11168054931574,30.0,1.1773964106494341,23.14290056483001
random3,-0.4,-5.11168054931574,35.0,1.5137743226094575,30.061056795630613
random3,-0.4,-5.11168054931574,37.0,1.584023029092956,33.70583669246584
random3,-0.4,-5.11168054931574,40.0,1.6461548651046327,37.4408608116031
random3,-0.4,-5.11168054931574,43.0,1.6153285415827197,37.122009294976905
random3,-0.4,-5.11168054931574,45.0,1.4275700055418643,28.597816165284343
random3,-0.4,-5.11168054931574,47.0,0.47285466849203905,22.108963842652017
random3,-0.4,-5.11168054931574,50.0,0.000984293083834998,6.496676415460469
random3,-0.35000000000000003,-4.826198968779319,15.0,0.0012867222935204088,
random3,-0.35000000000000003,-4.826198968779319,20.0,0.1220933351968477,5.465676298780851
random3,-0.35000000000000003,-4.826198968779319,25.0,0.519100691789174,11.996689770049608
random3,-0.35000000000000003,-4.826198968779319,27.0,0.7889872142364877,17.699138881697905
random3,-0.35000000000000003,-4.826198968779319,30.0,1.1800782135467687,23.186617506133576
random3,-0.35000000000000003,-4.826198968779319,35.0,1.515469054803736,30.162107243794427
random3,-0.35000000000000003,-4.826198968779319,37.0,1.585771618363273,33.81087500219774
random3,-0.35000000000000003,-4.826198968779319,40.0,1.6474986379674557,37.528415150667485
random3,-0.35000000000000003,-4.826198968779319,43.0,1.615898671014555,37.172914398011564
random3,-0.35000000000000003,-4.826198968779319,45.0,1.4245155749073384,29.979712057279546
random3,-0.35000000000000003,-4.826198968779319,47.0,0.46083438866032783,21.991919655519023
random3,-0.35000000000000003,-4.826198968779319,50.0,0.0009912857978130187,6.535470816982264
random3,-0.30000000000000004,-4.597760892176379,15.0,0.0006004077734957663,0.628093314332741
random3,-0.30000000000000004,-4.597760892176379,20.0,0.12162730305017258,5.474826017040081
random3,-0.30000000000000004,-4.597760892176379,25.0,0.5210950549719127,12.046687287269197
random3,-0.30000000000000004,-4.597760892176379,27.0,0.7930691089756169,17.760456044735395
random3,-0.30000000000000004,-4.597760892176379,30.0,1.1826742370466052,23.228440899655237
random3,-0.30000000000000004,-4.597760892176379,35.0,1.5171415565795587,30.26220388961923
random3,-0.30000000000000004,-4.597760892176379,37.0,1.5874977845504388,33.91493530737486
random3,-0.30000000000000004,-4.597760892176379,40.0,1.6488216571924383,37.61781378761431
random3,-0.30000000000000004,-4.597760892176379,43.0,1.6164188017150256,37.22468593931432
random3,-0.30000000000000004,-4.597760892176379,45.0,1.421409011535349,29.965922509627205
random3,-0.30000000000000004,-4.597760892176379,47.0,0.4489616890844774,21.95738489311592
random3,-0.30000000000000004,-4.597760892176379,50.0,0.0009982512605522082,6.574375511555981
random3,-0.25,-4.4106517964438545,15.0,0.0,
random3,-0.25,-4.4106517964438545,20.0,0.12113217793986661,5.483618380936614
random3,-0.25,-4.4106517964438545,25.0,0.5230608171315588,12.096065543260503
random3,-0.25,-4.4106517964438545,27.0,0.7971452157538934,17.82165413640058
random3,-0.25,-4.4106517964438545,30.0,1.1851894552070135,23.266736852253082
random3,-0.25,-4.4106517964438545,35.0,1.5187923184174696,30.361371815580085
random3,-0.25,-4.4106517964438545,37.0,1.5892016372515252,34.018024290960675
random3,-0.25,-4.4106517964438545,40.0,1.6501218990297044,37.7047437441437
random3,-0.25,-4.4106517964438545,43.0,1.6167334535372835,37.27048070594353
random3,-0.25,-4.4106517964438545,45.0,1.4181793211878462,29.82155864978984
random3,-0.25,-4.4106517964438545,47.0,0.43724267334243483,21.805345895267404
random3,-0.25,-4.4106517964438545,50.0,0.0010051852947673306,6.613387751396723
random3,-0.2,-4.421165644481295,15.0,0.0,
random3,-0.2,-4.421165644481295,20.0,0.12061172692043061,5.339775675297936
random3,-0.2,-4.421165644481295,25.0,0.5250073373079089,11.7384727680251
random3,-0.2,-4.421165644481295,27.0,0.8019789698798234,17.892954796626828
random3,-0.2,-4.421165644481295,30.0,1.187628402642458,23.3012304330528
random3,-0.2,-4.421165644481295,35.0,1.5204217519575574,30.45963228448788
random3,-0.2,-4.421165644481295,37.0,1.590883247201554,34.120146749754255
random3,-0.2,-4.421165644481295,40.0,1.651399616324368,37.79062290950193
random3,-0.2,-4.421165644481295,43.0,1.6168615646299973,37.305811504390434
random3,-0.2,-4.421165644481295,45.0,1.4148246721363564,29.671143670267217
random3,-0.2,-4.421165644481295,47.0,0.4256823204269721,21.650287563015745
random3,-0.2,-4.421165644481295,50.0,0.0010120835341064296,6.652503861187449
random3,-0.15000000000000002,-4.14373737226653,15.0,0.0,
random3,-0.15000000000000002,-4.14373737226653,20.0,0.12008591293505307,5.343568725882254
random3,-0.15000000000000002,-4.14373737226653,25.0,0.5269339785144836,11.787957148148033
random3,-0.15000000000000002,-4.14373737226653,27.0,0.8069752707099886,17.96732954836284
random3,-0.15000000000000002,-4.14373737226653,30.0,1.1899961604719969,23.341540882161603
random3,-0.15000000000000002,-4.14373737226653,35.0,1.5220416141407147,30.557557064212308
random3,-0.15000000000000002,-4.14373737226653,37.0,1.592542650031343,34.22130577738741
random3,-0.15000000000000002,-4.14373737226653,40.0,1.652648562044448,37.87720256616178
random3,-0.15000000000000002,-4.14373737226653,43.0,1.6169309278521873,37.33651843202063
random3,-0.15000000000000002,-4.14373737226653,45.0,1.4119804014648827,40.96607611935413
random3,-0.15000000000000002,-4.14373737226653,47.0,0.41428691007005464,21.462622648149843
random3,-0.15000000000000002,-4.14373737226653,50.0,0.0010192069617560142,6.691736076189211
random3,-0.1,-4.135107254076179,15.0,0.0,
random3,-0.1,-4.135107254076179,20.0,0.11953219345760356,5.349124256136531
random3,-0.1,-4.135107254076179,25.0,0.5288321716152513,11.834862602520682
random3,-0.1,-4.135107254076179,27.0,0.8119502038955253,18.04217078522641
random3,-0.1,-4.135107254076179,30.0,1.1922960550539972,23.381221898517943
random3,-0.1,-4.135107254076179,35.0,1.5236669025202083,30.655875170232576
random3,-0.1,-4.135107254076179,37.0,1.5941798498123332,34.32150293695749
random3,-0.1,-4.135107254076179,40.0,1.6538572560653884,37.96792920741152
random3,-0.1,-4.135107254076179,43.0,1.6169602541931019,37.36513439659578
random3,-0.1,-4.135107254076179,45.0,1.4108507028887107,43.525891999461514
random3,-0.1,-4.135107254076179,47.0,0.4030595936414111,21.352766912087187
random3,-0.1,-4.135107254076179,50.0,0.0010263453305188546,6.731072992760362
random3,-0.05,-4.172462059919663,15.0,0.0,
random3,-0.05,-4.172462059919663,20.0,0.11895104550921082,5.357928319746892
random3,-0.05,-4.172462059919663,25.0,0.5307019874387526,11.885284516993966
random3,-0.05,-4.172462059919663,27.0,0.8168189588768702,18.125652599230005
random3,-0.05,-4.172462059919663,30.0,1.1945309929642554,23.420174531158835
random3,-0.05,-4.172462059919663,35.0,1.5252674828776784,30.753147236177167
random3,-0.05,-4.172462059919663,37.0,1.5957838859261348,34.420478161651566
random3,-0.05,-4.172462059919663,40.0,1.6550429217475338,38.05753313515215
random3,-0.05,-4.172462059919663,43.0,1.6169489491100972,37.39162863563682
random3,-0.05,-4.172462059919663,45.0,1.4098795558638066,43.80188397106922
random3,-0.05,-4.172462059919663,47.0,0.39200184923481346,21.08384696862454
random3,-0.05,-4.172462059919663,50.0,0.0010334491330236362,6.770512133524432
random3,0.0,-4.2224779764014295,15.0,0.0,
random3,0.0,-4.2224779764014295,20.0,0.11834294554443316,5.361107214455652
random3,0.0,-4.2224779764014295,25.0,0.5325438022706479,11.935151350722135
random3,0.0,-4.2224779764014295,27.0,0.821611260867707,18.197831158992578
random3,0.0,-4.2224779764014295,30.0,1.196704095074698,23.45607644700078
random3,0.0,-4.2224779764014295,35.0,1.5268316683468743,30.84981310980844
random3,0.0,-4.2224779764014295,37.0,1.5971836562400235,34.514198612823016
random3,0.0,-4.2224779764014295,40.0,1.6562052344532,38.14599875076241
random3,0.0,-4.2224779764014295,43.0,1.6168964144917177,37.415970202632955
random3,0.0,-4.2224779764014295,45.0,1.40887489316692,43.93948842428881
random3,0.0,-4.2224779764014295,47.0,0.38112494249750395,20.745815537520116
random3,0.0,-4.2224779764014295,50.0,0.0010405137263105142,6.810053065922644
random3,0.05,-4.273230905066398,15.0,0.0,
random3,0.05,-4.273230905066398,20.0,0.11770801160564226,5.366561205482375
random3,0.05,-4.273230905066398,25.0,0.5343575581770493,11.981343111411057
random3,0.05,-4.273230905066398,27.0,0.8263352373682797,18.26927957838816
random3,0.05,-4.273230905066398,30.0,1.1993375566621138,23.23642786404572
random3,0.05,-4.273230905066398,35.0,1.5283725178922658,30.945474311600222
random3,0.05,-4.273230905066398,37.0,1.5985633649356266,34.60703871227776
random3,0.05,-4.273230905066398,40.0,1.6573438671704248,38.233310340420665
random3,0.05,-4.273230905066398,43.0,1.616802048732517,37.438127971025224
random3,0.05,-4.273230905066398,45.0,1.4080046379249016,44.85312395412481
random3,0.05,-4.273230905066398,47.0,0.37032870612148905,20.417158872580607
random3,0.05,-4.273230905066398,50.0,0.0010475342589490089,6.84969603261941
random3,0.1,-4.25442073177901,15.0,0.0,
random3,0.1,-4.25442073177901,20.0,0.11704659178324792,5.3712361991607045
random3,0.1,-4.25442073177901,25.0,0.5361426383574031,12.029847562800127
random3,0.1,-4.25442073177901,27.0,0.8311221774721541,18.325709410125643
random3,0.1,-4.25442073177901,30.0,1.2019425654577405,23.280281197330076
random3,0.1,-4.25442073177901,35.0,1.5298911444389482,31.040186369859875
random3,0.1,-4.25442073177901,37.0,1.5999229135994455,34.69899500940476
random3,0.1,-4.25442073177901,40.0,1.6584584906339035,38.31945208161233
random3,0.1,-4.25442073177901,43.0,1.6166652468116454,37.45807063841318
random3,0.1,-4.25442073177901,45.0,1.407099805701046,44.88076649642111
random3,0.1,-4.25442073177901,47.0,0.35966964619168496,20.04842134398554
random3,0.1,-4.25442073177901,50.0,0.0010545362283669343,
random3,0.15000000000000002,-4.414451125695283,15.0,0.0,
random3,0.15000000000000002,-4.414451125695283,20.0,0.1163590297950363,5.37514302314623
random3,0.15000000000000002,-4.414451125695283,25.0,0.5381087327084271,12.081763752210856
random3,0.15000000000000002,-4.414451125695283,27.0,0.8361210173876547,18.386233546954323
random3,0.15000000000000002,-4.414451125695283,30.0,1.2044178439713866,23.32236664107294
random3,0.15000000000000002,-4.414451125695283,35.0,1.5313872471986376,31.13393597406616
random3,0.15000000000000002,-4.414451125695283,37.0,1.6012621856665838,34.79006316132014
random3,0.15000000000000002,-4.414451125695283,40.0,1.6595487734429302,38.40440804851788
random3,0.15000000000000002,-4.414451125695283,43.0,1.616485400375442,37.47576673096315
random3,0.15000000000000002,-4.414451125695283,45.0,1.4061416197693728,44.909344529830825
random3,0.15000000000000002,-4.414451125695283,47.0,0.3492150560103804,19.946869327251854
random3,0.15000000000000002,-4.414451125695283,50.0,0.0010614226585086307,6.92928791038978
random3,0.2,-4.4968818892002,15.0,0.0,
random3,0.2,-4.4968818892002,20.0,0.11564566478820663,5.378291807163028
random3,0.2,-4.4968818892002,25.0,0.5404283223777016,12.140154774875349
random3,0.2,-4.4968818892002,27.0,0.8411372751655074,18.462279660102183
random3,0.2,-4.4968818892002,30.0,1.2067776085862036,23.362886336301607
random3,0.2,-4.4968818892002,35.0,1.5328634459997907,31.22685204761102
random3,0.2,-4.4968818892002,37.0,1.6025810481464748,34.88023801830914
random3,0.2,-4.4968818892002,40.0,1.6606143771308095,38.48815177838035
random3,0.2,-4.4968818892002,43.0,1.616834148626086,37.52230460732804
random3,0.2,-4.4968818892002,45.0,1.4051318461301645,44.935820982604426
random3,0.2,-4.4968818892002,47.0,0.3389653765788935,19.642941638649013
random3,0.2,-4.4968818892002,50.0,0.0010682798120945434,6.968630166943867
random3,0.25,-4.488477312770952,15.0,0.0,
random3,0.25,-4.488477312770952,20.0,0.11490683116924075,5.380691781961378
random3,0.25,-4.488477312770952,25.0,0.5426980114383403,12.197623843260367
random3,0.25,-4.488477312770952,27.0,0.8465780335334518,18.174620916104843
random3,0.25,-4.488477312770952,30.0,1.2090337866642535,23.402009876077763
random3,0.25,-4.488477312770952,35.0,1.5343176899651683,31.318836066498644
random3,0.25,-4.488477312770952,37.0,1.603879353170444,34.96951370045078
random3,0.25,-4.488477312770952,40.0,1.6616555417105132,38.57072795979265
random3,0.25,-4.488477312770952,43.0,1.6172318210966605,37.57117350121708
random3,0.25,-4.488477312770952,45.0,1.4040722546308118,44.96351489378375
random3,0.25,-4.488477312770952,47.0,0.3289201416160224,19.340164073692083
random3,0.25,-4.488477312770952,50.0,0.0010755017891886146,
random3,0.30000000000000004,-4.6569153403166705,15.0,0.0,
random3,0.30000000000000004,-4.6569153403166705,20.0,0.11414285845971071,5.382350988200441
random3,0.30000000000000004,-4.6569153403166705,25.0,0.5448826407331436,12.253429128374224
random3,0.30000000000000004,-4.6569153403166705,27.0,0.8497280974648449,18.223916012179604
random3,0.30000000000000004,-4.6569153403166705,30.0,1.211196422503927,23.439880061165955
random3,0.30000000000000004,-4.6569153403166705,35.0,1.5357501861166525,31.409899467768565
random3,0.30000000000000004,-4.6569153403166705,37.0,1.6051569393813079,35.057883666425916
random3,0.30000000000000004,-4.6569153403166705,40.0,1.6626716061305609,38.65207282140954
random3,0.30000000000000004,-4.6569153403166705,43.0,1.617589399266786,37.61838812682472
random3,0.30000000000000004,-4.6569153403166705,45.0,1.402964616906885,44.99238280736838
random3,0.30000000000000004,-4.6569153403166705,47.0,0.31908067495253606,19.156272390733754
random3,0.30000000000000004,-4.6569153403166705,50.0,0.001084297146050514,7.049568762035397
random3,0.35000000000000003,-4.732140752667824,15.0,0.0,
random3,0.35000000000000003,-4.732140752667824,20.0,0.11335407117637791,5.383275842383851
random3,0.35000000000000003,-4.732140752667824,25.0,0.5469876674734383,12.30741337339657
random3,0.35000000000000003,-4.732140752667824,27.0,0.8518287078698442,18.25911040086808
random3,0.35000000000000003,-4.732140752667824,30.0,1.213274005444036,23.4766175486456
random3,0.35000000000000003,-4.732140752667824,35.0,1.5371610928894022,31.500051328550665
random3,0.35000000000000003,-4.732140752667824,37.0,1.606402201570047,35.147107050178114
random3,0.35000000000000003,-4.732140752667824,40.0,1.66366193640283,38.732164723289685
random3,0.35000000000000003,-4.732140752667824,43.0,1.6179062021811799,37.66348612942709
random3,0.35000000000000003,-4.732140752667824,45.0,1.4018755563849965,45.2948179023996
random3,0.35000000000000003,-4.732140752667824,47.0,0.30940914104614226,18.84990704116225
random3,0.35000000000000003,-4.732140752667824,50.0,0.0010931254374382871,7.089935801298023
random3,0.4,-4.808773972348249,15.0,0.0,
random3,0.4,-4.808773972348249,20.0,0.11254078873412658,5.383470470209824
random3,0.4,-4.808773972348249,25.0,0.550032375021353,12.042337591201438
random3,0.4,-4.808773972348249,27.0,0.8536727973567585,18.291061083010327
random3,0.4,-4.808773972348249,30.0,1.2152737360244683,23.51232461825229
random3,0.4,-4.808773972348249,35.0,1.5385505250589686,31.589298606048484
random3,0.4,-4.808773972348249,37.0,1.6076096010702337,35.23802949047226
random3,0.4,-4.808773972348249,40.0,1.6646261929614075,38.8109873542177
random3,0.4,-4.808773972348249,43.0,1.618181542925334,37.7064318111423
random3,0.4,-4.808773972348249,45.0,1.4008091594433527,45.54773096878805
random3,0.4,-4.808773972348249,47.0,0.2999290547100133,18.537689237959228
random3,0.4,-4.808773972348249,50.0,0.0011019812437103012,7.130414874813743
random3,0.45,-4.886985369742345,15.0,0.0,
random3,0.45,-4.886985369742345,20.0,0.1117033253699213,5.382935641617861
random3,0.45,-4.886985369742345,25.0,0.5536291368019757,12.101874683936266
random3,0.45,-4.886985369742345,27.0,0.8553048970489708,18.320262708988317
random3,0.45,-4.886985369742345,30.0,1.2172017426731447,23.54708823297102
random3,0.45,-4.886985369742345,35.0,1.5399185587788387,31.67764638289078
random3,0.45,-4.886985369742345,37.0,1.6087960533670058,35.32800529623371
random3,0.45,-4.886985369742345,40.0,1.6655640347213696,38.88852433129357
random3,0.45,-4.886985369742345,43.0,1.6184147286354655,37.747189159978916
random3,0.45,-4.886985369742345,45.0,1.3999211398997748,45.95880008553464
random3,0.45,-4.886985369742345,47.0,0.2906598290163472,18.23226016341356
random3,0.45,-4.886985369742345,50.0,0.0011113473077582511,7.171030074025179
random3,0.5,-4.929647733477026,15.0,0.0,
random3,0.5,-4.929647733477026,20.0,0.11084199008655003,5.381666998479213
random3,0.5,-4.929647733477026,25.0,0.5571371476623026,12.171857160072495
random3,0.5,-4.929647733477026,27.0,0.856760681827437,18.347113323267152
random3,0.5,-4.929647733477026,30.0,1.219063258737701,23.580982531703626
random3,0.5,-4.929647733477026,35.0,1.5412566142389341,31.764678220882185
random3,0.5,-4.929647733477026,37.0,1.6099613589680202,35.41702590458963
random3,0.5,-4.929647733477026,40.0,1.6664751191730893,38.96475920486383
random3,0.5,-4.929647733477026,43.0,1.6186050605129798,37.785721850562624
random3,0.5,-4.929647733477026,45.0,1.3992246414535456,46.44470027859832
random3,0.5,-4.929647733477026,47.0,0.2816061383512411,18.671375636156988
random3,0.5,-4.929647733477026,50.0,0.0011208646915413757,7.211766319688263
random3,0.55,-5.019328757181059,15.0,0.0,
random3,0.55,-5.019328757181059,20.0,0.10995708661443827,5.3796519543929096
random3,0.55,-5.019328757181059,25.0,0.5604350797286236,12.244044747576254
random3,0.55,-5.019328757181059,27.0,0.8580616350667928,18.371910294524614
random3,0.55,-5.019328757181059,30.0,1.2208627676186974,23.614518291055944
random3,0.55,-5.019328757181059,35.0,1.542542189328672,31.8505303950057
random3,0.55,-5.019328757181059,37.0,1.6111053096284458,35.50508231704379
random3,0.55,-5.019328757181059,40.0,1.667359102472508,39.03967546315643
random3,0.55,-5.019328757181059,43.0,1.6187519625182043,37.822000242637664
random3,0.55,-5.019328757181059,45.0,1.3985627762814898,46.44764580892683
random3,0.55,-5.019328757181059,47.0,0.27276502637404415,18.362833377966737
random3,0.55,-5.019328757181059,50.0,0.001130436724038616,7.252620598140592
random3,0.6000000000000001,-5.110547433611485,15.0,0.0,
random3,0.6000000000000001,-5.110547433611485,20.0,0.10904891339034592,5.3768639380410095
random3,0.6000000000000001,-5.110547433611485,25.0,0.563517312260777,12.31239831989273
random3,0.6000000000000001,-5.110547433611485,27.0,0.8592256919349706,18.39490214892244
random3,0.6000000000000001,-5.110547433611485,30.0,1.222604122159085,23.646931442429548
random3,0.6000000000000001,-5.110547433611485,35.0,1.543670281090244,31.932126522868252
random3,0.6000000000000001,-5.110547433611485,37.0,1.6122276891409557,35.592165139392904
random3,0.6000000000000001,-5.110547433611485,40.0,1.6682156395283487,39.11325653667387
random3,0.6000000000000001,-5.110547433611485,43.0,1.6188546768945435,37.855984823167304
random3,0.6000000000000001,-5.110547433611485,45.0,1.3978503488262968,46.44960868130393
random3,0.6000000000000001,-5.110547433611485,47.0,0.2641332677966794,18.08051485583932
random3,0.6000000000000001,-5.110547433611485,50.0,0.0011400623373068067,7.293594739809154
random3,0.65,-5.218782037630757,15.0,0.0,
random3,0.65,-5.218782037630757,20.0,0.108117763551608,5.373250879003463
random3,0.65,-5.218782037630757,25.0,0.5666192825686456,14.22633049927897
random3,0.65,-5.218782037630757,27.0,0.860267891906661,18.416297477222265
random3,0.65,-5.218782037630757,30.0,1.2242906431875653,23.679228890567792
random3,0.65,-5.218782037630757,35.0,1.5447791177244776,32.01290720172563
random3,0.65,-5.218782037630757,37.0,1.613328274051246,35.67826461788153
random3,0.65,-5.218782037630757,40.0,1.669044384085587,39.188337628598376
random3,0.65,-5.218782037630757,43.0,1.6189124303792732,37.887635245076986
random3,0.65,-5.218782037630757,45.0,1.3970876724156487,46.449795784523104
random3,0.65,-5.218782037630757,47.0,0.25570909067076336,17.831640703516012
random3,0.65,-5.218782037630757,50.0,0.0011497403761921816,7.334690366370575
random3,0.7000000000000001,-5.312136336923527,15.0,0.0,
random3,0.7000000000000001,-5.312136336923527,20.0,0.10716392494440617,5.368709870020542
random3,0.7000000000000001,-5.312136336923527,25.0,0.569551336333946,14.31110828088268
random3,0.7000000000000001,-5.312136336923527,27.0,0.8612008993159618,18.43627109712523
random3,0.7000000000000001,-5.312136336923527,30.0,1.2259252011260757,23.71029388102218
random3,0.7000000000000001,-5.312136336923527,35.0,1.545868633202959,32.09287059877066
random3,0.7000000000000001,-5.312136336923527,37.0,1.6144068343071687,35.76337067200242
random3,0.7000000000000001,-5.312136336923527,40.0,1.669844988805187,39.25914814043171
random3,0.7000000000000001,-5.312136336923527,43.0,1.6189245003240755,37.91691392292589
random3,0.7000000000000001,-5.312136336923527,45.0,1.3962781425922948,46.44752243244855
random3,0.7000000000000001,-5.312136336923527,47.0,0.24749097807290596,17.59591747540646
random3,0.7000000000000001,-5.312136336923527,50.0,0.001159469684552796,7.375444659420781
random3,0.75,-5.406910105683016,15.0,0.0,
random3,0.75,-5.406910105683016,20.0,0.10618768014519754,5.36302379736661
random3,0.75,-5.406910105683016,25.0,0.572308480411729,14.387472400109617
random3,0.75,-5.406910105683016,27.0,0.8620354240189926,18.454971392825414
random3,0.75,-5.406910105683016,30.0,1.2275162043583545,23.73944420767236
random3,0.75,-5.406910105683016,35.0,1.5469387428128831,32.1720139626519
random3,0.75,-5.406910105683016,37.0,1.6154631338493801,35.84747292435986
random3,0.75,-5.406910105683016,40.0,1.670617105340843,39.328574406545854
random3,0.75,-5.406910105683016,43.0,1.6188901582910886,37.94378296554598
random3,0.75,-5.406910105683016,45.0,1.3954478882947772,46.46168021130575
random3,0.75,-5.406910105683016,47.0,0.2394772940518908,17.36750913828826
random3,0.75,-5.406910105683016,50.0,0.0011692486460550366,7.41725422247861
random3,0.8,-5.50325574838207,15.0,0.0,
random3,0.8,-5.50325574838207,20.0,0.1051893064939311,5.3556711312194185
random3,0.8,-5.50325574838207,25.0,0.5748933290201956,14.420210180685753
random3,0.8,-5.50325574838207,27.0,0.8627805587841121,18.472524396295036
random3,0.8,-5.50325574838207,30.0,1.2290658965220471,23.76939921344016
random3,0.8,-5.50325574838207,35.0,1.5479893450631417,32.25033371787495
random3,0.8,-5.50325574838207,37.0,1.6164969311494717,35.93056072786052
random3,0.8,-5.50325574838207,40.0,1.6713603844114964,39.39659965273175
random3,0.8,-5.50325574838207,43.0,1.6188086701032243,37.96820417872684
random3,0.8,-5.50325574838207,45.0,1.3945719790833575,46.45048582145746
random3,0.8,-5.50325574838207,47.0,0.23166620829659823,17.137781648081617
random3,0.8,-5.50325574838207,50.0,0.0011790760877456552,7.458726016925176
random3,0.8500000000000001,-5.576976498321612,15.0,0.0,
random3,0.8500000000000001,-5.576976498321612,20.0,0.10416907613802553,5.3450643683511005
random3,0.8500000000000001,-5.576976498321612,25.0,0.5772959253442937,14.37172763333439
random3,0.8500000000000001,-5.576976498321612,27.0,0.8634440532243095,18.48903757453747
random3,0.8500000000000001,-5.576976498321612,30.0,1.2305697510345492,23.79878534999484
random3,0.8500000000000001,-5.576976498321612,35.0,1.549020323366596,32.32782554813246
random3,0.8500000000000001,-5.576976498321612,37.0,1.6175079797018443,36.01262319058813
random3,0.8500000000000001,-5.576976498321612,40.0,1.6720431399725497,39.459929049925364
random3,0.8500000000000001,-5.576976498321612,43.0,1.6186792959030465,37.990139068374496
random3,0.8500000000000001,-5.576976498321612,45.0,1.393634484271862,46.432326582772156
random3,0.8500000000000001,-5.576976498321612,47.0,0.2240561219546333,17.261929051018278
random3,0.8500000000000001,-5.576976498321612,50.0,0.0011889503660342143,7.500327060831898
random3,0.9,-5.682286301658915,15.0,0.0,
random3,0.9,-5.682286301658915,20.0,0.10312725608609061,5.323207767613228
random3,0.9,-5.682286301658915,25.0,0.57956014076378,14.32360734578203
random3,0.9,-5.682286301658915,27.0,0.8640325367404672,18.50460291052818
random3,0.9,-5.682286301658915,30.0,1.2320294583134859,23.82762705731817
random3,0.9,-5.682286301658915,35.0,1.5500315475279822,32.404484470007134
random3,0.9,-5.682286301658915,37.0,1.6184960284743566,36.09364919859252
random3,0.9,-5.682286301658915,40.0,1.6726493503054505,39.51961288777871
random3,0.9,-5.682286301658915,43.0,1.618501290219412,38.00954884410414
random3,0.9,-5.682286301658915,45.0,1.3926261728625313,46.42918769323312
random3,0.9,-5.682286301658915,47.0,0.21664333090730284,16.93995097669331
random3,0.9,-5.682286301658915,50.0,0.0011988699334474055,7.541520239065724
random3,0.9500000000000001,-5.942027498490727,15.0,0.0,
random3,0.9500000000000001,-5.942027498490727,20.0,0.10209067462817224,3.8660248847353804
random3,0.9500000000000001,-5.942027498490727,25.0,0.5817010567214207,14.275823609135843
random3,0.9500000000000001,-5.942027498490727,27.0,0.8645517007269677,18.519299420202557
random3,0.9500000000000001,-5.942027498490727,30.0,1.233446496361154,23.855945745824542
random3,0.9500000000000001,-5.942027498490727,35.0,1.5510141380469904,32.481547215304396
random3,0.9500000000000001,-5.942027498490727,37.0,1.619460822321682,36.17362743678894
random3,0.9500000000000001,-5.942027498490727,40.0,1.6732263729764212,39.57996251656464
random3,0.9500000000000001,-5.942027498490727,43.0,1.6182739020439572,38.02639442335784
random3,0.9500000000000001,-5.942027498490727,45.0,1.3915507478693214,46.42671021567202
random3,0.9500000000000001,-5.942027498490727,47.0,0.20942529090422296,16.5593469259942
random3,0.9500000000000001,-5.942027498490727,50.0,0.0012088637052992247,
random3,1.0,-6.0410613225602665,15.0,0.0,
random3,1.0,-6.0410613225602665,20.0,0.10110012273121506,3.863211211058739
random3,1.0,-6.0410613225602665,25.0,0.5837313880009324,14.228354708906485
random3,1.0,-6.0410613225602665,27.0,0.8650064480941382,18.533195216847172
random3,1.0,-6.0410613225602665,30.0,1.2348211431464395,23.883672503009382
random3,1.0,-6.0410613225602665,35.0,1.5519575397058547,32.56050791933876
random3,1.0,-6.0410613225602665,37.0,1.620402102366755,36.252546408262326
random3,1.0,-6.0410613225602665,40.0,1.6737743026772116,39.6389571289631
random3,1.0,-6.0410613225602665,43.0,1.617996374916746,38.040636436029274
random3,1.0,-6.0410613225602665,45.0,1.3904098862602332,46.422537662129855
random3,1.0,-6.0410613225602665,47.0,0.20239835225916725,16.359604224937193
random3,1.0,-6.0410613225602665,50.0,0.0012188752306008567,
