,Topt_C,rmax,CTmax_C,CTmin_C,niche_width_C,Ea_eV
dTopt,1.0,0.0,0.006924762427281905,0.994918985815108,-0.9879942233878296,0.011781731569637355
dTm,-3.0,1.1102230246251565e-16,1.3415991338853814,0.0016657556587365008,1.3399333782266467,1.8893940843756063e-05
topt_scale,6.0,0.0,0.018274536284501153,2.950090115868786,-2.9318155795842884,0.01821970669056583
dCp_scale,5.0,0.0,-0.0043469750766007564,3.0405516680370264,-3.0448986431136262,0.1003924478851036
budget_scale,-3.0,-5.551115123125783e-16,0.04576068730737859,-1.0305575447138473,1.0763182320212223,0.09655463772557316
f_metab,-8.0,-0.16726153812639144,0.10991777609399378,-1.9812633407333937,2.0911811168273857,0.2460586702949883
f_maint,2.0,-0.1228899310208807,0.04955883429099828,-0.3819496970494871,0.4315085313404907,0.13413082244696783
