temp_C,n,spearman,log_pearson_r2
16,178,0.33086222469995075,0.044217567940364425
25,178,0.24493020217484512,0.001756031943785076
30,179,0.27961416943903916,0.0054766690570417
37,200,0.29011025275631896,0.05289102402702301
43,213,0.3058543466760712,0.046443624226859596
