temp_C,f_metab,f_bio,f_chaperone,f_other
16,0.2853988910244438,0.32771349087536605,0.0770023867955138,0.30988523130467627
25,0.28548757580890227,0.3228352531381176,0.06666961415305124,0.3250075568999289
30,0.2848873971622423,0.3407795520307554,0.07656378655206421,0.29776926425493816
37,0.2802399309385323,0.35944014808553487,0.08741554572473906,0.2729043752511938
43,0.27131480668206337,0.2837723842339564,0.20413927545713492,0.24077353362684525
