{
  "model": "gecko:M_eciML1515_batch_v2021__45__02__45__28__45__17__45__52",
  "n_enzymes": 2560,
  "default_budget": 0.064125,
  "nominal": {
    "Topt_C": 31.0,
    "rmax": 0.32360798959265236,
    "CTmin_C": 10.52055841509646,
    "CTmax_C": 46.88090599559662,
    "niche_width_C": 36.36034758050016,
    "B80_C": 18.223691147747672,
    "Ea_eV": 0.9981234669738998,
    "Ea_kJmol": 96.30394271097671,
    "skewness": -0.43439842706680065
  },
  "descriptor_medians": {
    "Topt_C": 38.0,
    "rmax": 0.3236079895926522,
    "CTmin_C": 15.521792382567604,
    "CTmax_C": 46.864027097424184,
    "niche_width_C": 31.590758501796696,
    "B80_C": 13.705302158643601,
    "Ea_eV": 1.039998629388219,
    "Ea_kJmol": 100.34426775652231,
    "skewness": -0.4492550134665796
  },
  "descriptor_iqr": {
    "Topt_C": 12.0,
    "rmax": 0.010456558605870303,
    "CTmin_C": 19.315956662806112,
    "CTmax_C": 1.1856650144193353,
    "niche_width_C": 18.483574593295238,
    "B80_C": 11.696170538588198,
    "Ea_eV": 0.3887260848243955,
    "Ea_kJmol": 37.506236294281805,
    "skewness": 0.22845536827846225
  }
}