{
  "h": 0.1,
  "median_descriptors": {
    "Topt_C": 39.0,
    "rmax": 2.1608621581615335,
    "CTmin_C": 13.89888185435442,
    "CTmax_C": 45.969007776708224,
    "niche_width_C": 32.0701259223538,
    "B80_C": 13.69645929795368,
    "Ea_eV": 0.9111684492436855,
    "Ea_kJmol": 87.914087825277,
    "skewness": -0.5047604216074879
  },
  "bands": {
    "Topt_C": {
      "dTopt": [
        0.0,
        0.0,
        0.13157894736842105
      ],
      "topt_scale": [
        0.0,
        0.1282051282051282,
        0.13157894736842105
      ],
      "dCp_scale": [
        0.0,
        0.0,
        0.1300607287449392
      ],
      "dTm": [
        0.0,
        0.1282051282051282,
        0.13157894736842105
      ],
      "tm_scale": [
        -0.2564102564102564,
        -0.13157894736842105,
        -0.1282051282051282
      ],
      "kcat_scale": [
        0.0,
        0.0,
        0.0
      ],
      "kappa_scale": [
        0.0,
        0.0,
        0.0
      ],
      "sigma": [
        0.0,
        0.0,
        0.0
      ],
      "f_metab": [
        0.0,
        0.0,
        0.0
      ],
      "f_maint": [
        0.0,
        0.0,
        0.0
      ],
      "ngam_scale": [
        0.0,
        0.0,
        0.0
      ],
      "ngam_steepness": [
        0.0,
        0.0,
        0.0
      ]
    },
    "rmax": {
      "dTopt": [
        -0.1478664260997096,
        -0.0868971773725169,
        -0.03265232373955827
      ],
      "topt_scale": [
        -0.3509945446541974,
        -0.23596034644598363,
        -0.1010929160013733
      ],
      "dCp_scale": [
        -0.030041388631599462,
        -0.022121541866536358,
        -0.01324324642058087
      ],
      "dTm": [
        0.04412189591536355,
        0.08568166373765464,
        0.12715722537621074
      ],
      "tm_scale": [
        -0.2414333620462485,
        -0.13832508571460317,
        -0.06672977241410878
      ],
      "kcat_scale": [
        0.2660372191948276,
        0.4124745700051241,
        0.4818016696959032
      ],
      "kappa_scale": [
        -1.155289957998314e-10,
        0.0,
        2.43496196621975e-10
      ],
      "sigma": [
        0.5823630587910588,
        1.0025809115604374,
        1.0085101617372598
      ],
      "f_metab": [
        -2.2453022385343564e-10,
        0.0,
        2.2396013825549054e-10
      ],
      "f_maint": [
        -0.6726803340485096,
        -0.5406470055288928,
        -0.42494294131308963
      ],
      "ngam_scale": [
        -0.010795981221975937,
        -0.004220146193565345,
        -0.0015777011035077212
      ],
      "ngam_steepness": [
        -0.003006483345647381,
        -0.0012461210675894017,
        -0.00043497520424642196
      ]
    },
    "CTmax_C": {
      "dTopt": [
        0.0008419653058028216,
        0.0023033330071473134,
        0.00552057979973856
      ],
      "topt_scale": [
        0.0016194371516613727,
        0.004650018268956993,
        0.011582973128690655
      ],
      "dCp_scale": [
        -0.0033528781307906427,
        -0.0006645019165053556,
        -0.0001009204510356021
      ],
      "dTm": [
        0.11880618486558386,
        0.12703812507653284,
        0.1428914647024998
      ],
      "tm_scale": [
        -0.23003135082865464,
        -0.15509228535960423,
        -0.1192165979745593
      ],
      "kcat_scale": [
        0.0024355478982407476,
        0.005591018356299764,
        0.012413436630107981
      ],
      "kappa_scale": [
        -2.0591404570680276e-12,
        0.0,
        3.9204121910357943e-13
      ],
      "sigma": [
        -0.019740553501311615,
        -0.007802968857674546,
        -0.0030665358331869045
      ],
      "f_metab": [
        -1.062217592068839e-12,
        0.0,
        1.0013870696129608e-12
      ],
      "f_maint": [
        0.001783642332451951,
        0.0049821783287182075,
        0.011493389480092845
      ],
      "ngam_scale": [
        -0.0003083408358313675,
        -6.620145995860186e-05,
        -1.390601316422768e-05
      ],
      "ngam_steepness": [
        -6.396277318362884e-05,
        -1.3595580873089864e-05,
        -3.08761084614776e-06
      ]
    },
    "niche_width_C": {
      "dTopt": [
        -0.5420577533598419,
        -0.3456587681540956,
        -0.17049781307096062
      ],
      "topt_scale": [
        -2.2197337501280887,
        -1.0734368325738022,
        -0.41189029974209584
      ],
      "dCp_scale": [
        -0.38261015331853604,
        -0.29993202953303444,
        -0.20186693586791665
      ],
      "dTm": [
        0.15521195991251455,
        0.175984822276603,
        0.21061569474747274
      ],
      "tm_scale": [
        -0.31346843245113204,
        -0.21098977886222414,
        -0.1621348156710884
      ],
      "kcat_scale": [
        0.06517456754858941,
        0.0757213649035276,
        0.09003283796873707
      ],
      "kappa_scale": [
        -1.1560185655358971e-11,
        0.0,
        1.569194803347686e-12
      ],
      "sigma": [
        -0.13034948474318664,
        -0.10534026042888467,
        -0.07340340519411066
      ],
      "f_metab": [
        -5.826436544432055e-12,
        0.0,
        8.744245325829292e-12
      ],
      "f_maint": [
        0.03441925807985884,
        0.05446197837987446,
        0.07318816575905863
      ],
      "ngam_scale": [
        -0.017983706029442107,
        -0.006189265296575416,
        -0.0013342062028354842
      ],
      "ngam_steepness": [
        2.5747417924933073e-05,
        9.589685144121993e-05,
        0.00023492010871040505
      ]
    },
    "Ea_eV": {
      "dTopt": [
        0.047897467066220244,
        0.3694462828711157,
        0.8621695677038036
      ],
      "topt_scale": [
        0.4280580130032419,
        1.4860206931472768,
        6.57960152687569
      ],
      "dCp_scale": [
        0.030570982458435335,
        0.45446397277280215,
        0.7275685868170747
      ],
      "dTm": [
        -0.45187045579443613,
        -0.2336486150697904,
        0.005745314031041629
      ],
      "tm_scale": [
        -0.006219421889516423,
        0.25500821315277067,
        0.5795879913365559
      ],
      "kcat_scale": [
        -0.41977499726767964,
        -0.06599227429440518,
        0.2714939157280213
      ],
      "kappa_scale": [
        -2.559840378093589e-11,
        0.0,
        1.2160631792329416e-11
      ],
      "sigma": [
        -0.02801789678127828,
        0.314557650412677,
        0.6809662046509144
      ],
      "f_metab": [
        -2.501225512450467e-11,
        0.0,
        3.3629736269863604e-11
      ],
      "f_maint": [
        -0.44421907653022336,
        -0.22658023996123317,
        0.16965610532428527
      ],
      "ngam_scale": [
        0.0020075986590541977,
        0.01193512279280479,
        0.03601042247975629
      ],
      "ngam_steepness": [
        -0.0030601458514401525,
        -0.0009353867318472255,
        -0.00032912860457464104
      ]
    }
  },
  "note": "bands = [5%,50%,95%] of E[D,p] over posterior draws"
}