{
  "model": "gecko:M_eciML1515_batch_v2021__45__02__45__28__45__17__45__52",
  "n_enzymes": 2560,
  "default_budget": 0.08182031716915461,
  "nominal": {
    "Topt_C": 37.0,
    "rmax": 0.5710564592758212,
    "CTmin_C": 18.697494478836013,
    "CTmax_C": 56.78087326305042,
    "niche_width_C": 38.0833787842144,
    "B80_C": 11.226797723106088,
    "Ea_eV": 1.2417857437698028,
    "Ea_kJmol": 119.81369748762943,
    "skewness": 0.06737823052193737
  },
  "descriptor_medians": {
    "Topt_C": 37.0,
    "rmax": 0.5208950058128644,
    "CTmin_C": 20.440615009579368,
    "CTmax_C": 56.0686179691371,
    "niche_width_C": 33.76867302714704,
    "B80_C": 9.955651768564834,
    "Ea_eV": 1.4310992332809214,
    "Ea_kJmol": 138.0796095231097,
    "skewness": 0.05430817727416583
  },
  "descriptor_iqr": {
    "Topt_C": 6.0,
    "rmax": 0.10737576281036298,
    "CTmin_C": 6.273123523675473,
    "CTmax_C": 6.685657361005141,
    "niche_width_C": 9.739940290552955,
    "B80_C": 3.4043658026959456,
    "Ea_eV": 0.4228369178442215,
    "Ea_kJmol": 40.7974200181997,
    "skewness": 0.014741893588803304
  }
}