reaction,members,name,costed,reversible,is_atp_synthase,translocates,kind,ion_per_flux_to_outer,flux,ion_to_outer,reaction_string,strain,T_C,kcat_scale
R00081__mito,R00081__mito,Oxygen + 4 Ferrocytochrome c + 6 H+ => 4 Ferricytochrome c + 2 H2O + 6 H+,False,False,False,True,redox,6.0,4.824514009584526,28.947084057507155,C00007__mito + 6.0 C00080__mito + 4.0 C00126__mito --> 2.0 C00001__mito + 6.0 C00080__cyto + 4.0 C00125__mito,cauris_iRV973,40.0,1.0
R02161__mito,R02161__mito,1.5 H+ (cyto) + 2 Ferricytochrome c (mito) + Ubiquinol-9 (mito) => Ubiquinone-9 (mito) + 1,True,False,False,True,redox,-1.5,9.649028019169052,-14.473542028753577,1.5 C00080__cyto + 2.0 C00125__mito + M8428__mito --> 1.5 C00080__mito + 2.0 C00126__mito + C01967__mito,cauris_iRV973,40.0,1.0
T_ATP_synthase__mito,T_ATP_synthase__mito,Orthophosphate (mito) + ADP (mito) + 3 H+ (cyto) <=> ATP (mito) + H2O (mito) + 3 H+ (mito),True,True,True,True,atp_synthase,-3.0,4.824428469408347,-14.473285408225042,C00008__mito + C00009__mito + 3.0 C00080__cyto <=> C00001__mito + C00002__mito + 3.0 C00080__mito,cauris_iRV973,40.0,1.0
R11945__cyto,R11945__cyto,Ubiquinone-9 + NADH + H+ => NAD+ + Ubiquinol-9,True,False,False,False,redox,-1.0,8.709331433367726,-8.709331433367726,C00004__cyto + C00080__cyto + C01967__mito --> C00003__cyto + M8428__mito,cauris_iRV973,40.0,1.0
R00519__cyto,R00519__cyto,Formate + NAD+ => H+ + CO2 + NADH,True,False,False,False,redox,1.0,3.6607428573528793,3.6607428573528793,C00003__cyto + C00058__cyto --> C00004__cyto + C00011__cyto + C00080__cyto,cauris_iRV973,40.0,1.0
R04326__cyto,R04326__cyto,"5'-Phosphoribosylglycinamide + 5,10-Methenyltetrahydrofolate + H2O <=> 5'-Phosphoribosyl-N",True,True,False,False,redox,1.0,3.6489401881281784,3.6489401881281784,C00001__cyto + C00445__cyto + C03838__cyto <=> C00080__cyto + C00101__cyto + C04376__cyto,cauris_iRV973,40.0,1.0
R01221__cyto,R01221__cyto,"Glycine + Tetrahydrofolate + NAD+ => 5,10-Methylenetetrahydrofolate + Ammonia + CO2 + NADH",True,False,False,False,redox,1.0,1.8126135854008267,1.8126135854008267,C00003__cyto + C00037__cyto + C00101__cyto --> C00004__cyto + C00011__cyto + C00014__cyto + C00080__cyto + C00143__cyto,cauris_iRV973,40.0,1.0
TO1000041_PLAS__plas,TO1000041_PLAS__plas,1.0 L-Aspartate (extr) + 1.0 H+ (extr) => 1.0 L-Aspartate (cyto) + 1.0 H+ (cyto),False,False,False,True,carrier,1.0,0.9876322548795936,0.9876322548795936,C00049__extr + C00080__extr --> C00049__cyto + C00080__cyto,cauris_iRV973,40.0,1.0
R00248__cyto,R00248__cyto,L-Glutamate + NADP+ + H2O <=> 2-Oxoglutarate + Ammonia + NADPH + H+,True,True,False,False,redox,1.0,0.9452431396473548,0.9452431396473548,C00001__cyto + C00006__cyto + C00025__cyto <=> C00005__cyto + C00014__cyto + C00026__cyto + C00080__cyto,cauris_iRV973,40.0,1.0
R10092__cyto,R10092__cyto,HCO3- + H+ <=> CO2 + H2O,True,True,False,False,redox,-1.0,-0.5526154463355875,0.5526154463355875,C00080__cyto + C00288__cyto <=> C00001__cyto + C00011__cyto,cauris_iRV973,40.0,1.0
R00742__cyto,R00742__cyto,ATP + Acetyl-CoA + H+ + HCO3- => Orthophosphate + ADP + Malonyl-CoA,True,False,False,False,redox,-1.0,0.548807056978517,-0.548807056978517,C00002__cyto + C00024__cyto + C00080__cyto + C00288__cyto --> C00008__cyto + C00009__cyto + C00083__cyto,cauris_iRV973,40.0,1.0
TR2000264_PLAS__plas,TR2000264_PLAS__plas,1.0 Spermidine (cyto) + 1.0 H+ (extr) <=> 1.0 H+ (cyto) + 1.0 Spermidine (extr),False,False,False,True,carrier,1.0,-0.485861553250633,-0.485861553250633,C00080__extr + C00315__cyto <-- C00080__cyto + C00315__extr,cauris_iRV973,40.0,1.0
TI1000264_PLAS__plas,TI1000264_PLAS__plas,1.0 H+ (cyto) + 1.0 Spermidine (cyto) => 1.0 Spermidine (extr) + 1.0 H+ (extr),False,False,False,True,carrier,-1.0,0.485861553250633,-0.485861553250633,C00080__cyto + C00315__cyto --> C00080__extr + C00315__extr,cauris_iRV973,40.0,1.0
R11231__cyto,R11231__cyto,"(S)-2,3,4,5-Tetrahydropyridine-2-carboxylate + NAD+ + 2 H2O <=> L-2-Aminoadipate + NADH + ",False,True,False,False,redox,1.0,0.23774399822106745,0.23774399822106745,2.0 C00001__cyto + C00003__cyto + C00450__cyto <=> C00004__cyto + C00080__cyto + C00956__cyto,cauris_iRV973,40.0,1.0
R11232__cyto,R11232__cyto,"(S)-2,3,4,5-Tetrahydropyridine-2-carboxylate + NADP+ + 2 H2O <=> L-2-Aminoadipate + NADPH ",False,True,False,False,redox,1.0,-0.23774399822106745,-0.23774399822106745,2.0 C00001__cyto + C00006__cyto + C00450__cyto <=> C00005__cyto + C00080__cyto + C00956__cyto,cauris_iRV973,40.0,1.0
R02082__cyto,R02082__cyto,(S)-3-Hydroxy-3-methylglutaryl-CoA + 2 NADPH + 2 H+ => (R)-Mevalonate + CoA + 2 NADP+,True,False,False,False,redox,-2.0,0.10831902755620604,-0.21663805511241208,2.0 C00005__cyto + 2.0 C00080__cyto + C00356__cyto --> 2.0 C00006__cyto + C00010__cyto + C00418__cyto,cauris_iRV973,40.0,1.0
R00100__cyto,R00100__cyto,NADH + 2 Ferricytochrome b5 <=> NAD+ + H+ + 2 Ferrocytochrome b5,True,True,False,False,redox,1.0,0.16596213961178904,0.16596213961178904,C00004__cyto + 2.0 C00996__cyto <=> C00003__cyto + C00080__cyto + 2.0 C00999__cyto,cauris_iRV973,40.0,1.0
R00835__cyto,R00835__cyto,"D-Glucose 6-phosphate + NADP+ => D-Glucono-1,5-lactone 6-phosphate + NADPH + H+",True,False,False,False,redox,1.0,0.1299358806630789,0.1299358806630789,C00006__cyto + C00092__cyto --> C00005__cyto + C00080__cyto + C01236__cyto,cauris_iRV973,40.0,1.0
R01528__cyto,R01528__cyto,6-Phospho-D-gluconate + NADP+ => D-Ribulose 5-phosphate + CO2 + NADPH + H+,True,False,False,False,redox,1.0,0.1299358806630789,0.1299358806630789,C00006__cyto + C00345__cyto --> C00005__cyto + C00011__cyto + C00080__cyto + C00199__cyto,cauris_iRV973,40.0,1.0
R07509__cyto,R07509__cyto,14-Demethyllanosterol + 6 Ferrocytochrome b5 + 3 Oxygen + 6 H+ <=> 4alpha-Methylzymosterol,True,True,False,False,redox,-6.0,0.017659764306312498,-0.10595858583787499,3.0 C00007__cyto + 6.0 C00080__cyto + 6.0 C00999__cyto + C05108__cyto <=> 4.0 C00001__cyto + 6.0 C00996__cyto + C15808__cyto,cauris_iRV973,40.0,1.0
R05640__cyto,R05640__cyto,"Lanosterol + 3 [Reduced NADPH---hemoprotein reductase] + 3 Oxygen => 4,4-Dimethyl-5alpha-c",True,False,False,False,redox,-6.0,0.017659764306312498,-0.10595858583787499,3.0 C00007__cyto + 6.0 C00080__cyto + C01724__cyto + 3.0 C03024__cyto --> 4.0 C00001__cyto + C00058__cyto + 3.0 C03161__cyto + C11455__cyto,cauris_iRV973,40.0,1.0
R12403__cyto,R12403__cyto,4alpha-Methylzymosterol + 6 Ferrocytochrome b5 + 3 Oxygen + 6 H+ <=> 4alpha-Carboxy-5alpha,True,True,False,False,redox,-6.0,0.017659764306312498,-0.10595858583787499,3.0 C00007__cyto + 6.0 C00080__cyto + 6.0 C00999__cyto + C05103__cyto <=> 4.0 C00001__cyto + 6.0 C00996__cyto + C22112__cyto,cauris_iRV973,40.0,1.0
R02222__cyto,R02222__cyto,Stearoyl-CoA + 2 Ferrocytochrome b5 + Oxygen + 2 H+ <=> Oleoyl-CoA + 2 Ferricytochrome b5 ,True,True,False,False,redox,-2.0,0.04003913424790162,-0.08007826849580324,C00007__cyto + 2.0 C00080__cyto + C00412__cyto + 2.0 C00999__cyto <=> 2.0 C00001__cyto + C00510__cyto + 2.0 C00996__cyto,cauris_iRV973,40.0,1.0
R04533__cyto,R04533__cyto,(3R)-3-Hydroxybutanoyl-[acyl-carrier protein] + NADP+ <=> Acetoacetyl-[acp] + NADPH + H+,True,True,False,False,redox,1.0,-0.07157470929351169,-0.07157470929351169,C00006__cyto + C04618__cyto <=> C00005__cyto + C00080__cyto + C05744__cyto,cauris_iRV973,40.0,1.0
R04953__cyto,R04953__cyto,(R)-3-Hydroxyhexanoyl-[acp] + NADP+ <=> 3-Oxohexanoyl-[acp] + NADPH + H+,True,True,False,False,redox,1.0,-0.07157470929351169,-0.07157470929351169,C00006__cyto + C05747__cyto <=> C00005__cyto + C00080__cyto + C05746__cyto,cauris_iRV973,40.0,1.0
R04429__cyto,R04429__cyto,Butyryl-[acp] + NAD+ => But-2-enoyl-[acyl-carrier protein] + NADH + H+,True,False,False,False,redox,-1.0,0.07157470929351169,-0.07157470929351169,C00004__cyto + C00080__cyto + C04246__cyto --> C00003__cyto + C05745__cyto,cauris_iRV973,40.0,1.0
R04955__cyto,R04955__cyto,Hexanoyl-[acp] + NAD+ => trans-Hex-2-enoyl-[acp] + NADH + H+,True,False,False,False,redox,-1.0,0.07157470929351162,-0.07157470929351162,C00004__cyto + C00080__cyto + C05748__cyto --> C00003__cyto + C05749__cyto,cauris_iRV973,40.0,1.0
R04566__cyto,R04566__cyto,(3R)-3-Hydroxytetradecanoyl-[acyl-carrier protein] + NADP+ <=> 3-Oxotetradecanoyl-[acp] + ,True,True,False,False,redox,1.0,-0.07157470929351162,-0.07157470929351162,C00006__cyto + C04688__cyto <=> C00005__cyto + C00080__cyto + C05759__cyto,cauris_iRV973,40.0,1.0
R04964__cyto,R04964__cyto,(R)-3-Hydroxydodecanoyl-[acp] + NADP+ <=> 3-Oxododecanoyl-[acp] + NADPH + H+,True,True,False,False,redox,1.0,-0.07157470929351162,-0.07157470929351162,C00006__cyto + C05757__cyto <=> C00005__cyto + C00080__cyto + C05756__cyto,cauris_iRV973,40.0,1.0
R04536__cyto,R04536__cyto,(3R)-3-Hydroxyoctanoyl-[acyl-carrier protein] + NADP+ <=> 3-Oxooctanoyl-[acp] + NADPH + H+,True,True,False,False,redox,1.0,-0.07157470929351162,-0.07157470929351162,C00006__cyto + C04620__cyto <=> C00005__cyto + C00080__cyto + C05750__cyto,cauris_iRV973,40.0,1.0
R04958__cyto,R04958__cyto,Octanoyl-[acp] + NAD+ => trans-Oct-2-enoyl-[acp] + NADH + H+,True,False,False,False,redox,-1.0,0.07157470929351162,-0.07157470929351162,C00004__cyto + C00080__cyto + C05751__cyto --> C00003__cyto + C05752__cyto,cauris_iRV973,40.0,1.0
R04724__cyto,R04724__cyto,Dodecanoyl-[acyl-carrier protein] + NAD+ => trans-Dodec-2-enoyl-[acp] + NADH + H+,True,False,False,False,redox,-1.0,0.07157470929351162,-0.07157470929351162,C00004__cyto + C00080__cyto + C05758__cyto --> C00003__cyto + C05223__cyto,cauris_iRV973,40.0,1.0
R04961__cyto,R04961__cyto,Decanoyl-[acp] + NAD+ => trans-Dec-2-enoyl-[acp] + NADH + H+,True,False,False,False,redox,-1.0,0.07157470929351162,-0.07157470929351162,C00004__cyto + C00080__cyto + C05754__cyto --> C00003__cyto + C05755__cyto,cauris_iRV973,40.0,1.0
R04966__cyto,R04966__cyto,Tetradecanoyl-[acp] + NAD+ => trans-Tetradec-2-enoyl-[acp] + NADH + H+,True,False,False,False,redox,-1.0,0.07157470929351162,-0.07157470929351162,C00004__cyto + C00080__cyto + C05760__cyto --> C00003__cyto + C05761__cyto,cauris_iRV973,40.0,1.0
R04534__cyto,R04534__cyto,(3R)-3-Hydroxydecanoyl-[acyl-carrier protein] + NADP+ <=> 3-Oxodecanoyl-[acp] + NADPH,True,True,False,False,redox,1.0,-0.07157470929351162,-0.07157470929351162,C00006__cyto + C04619__cyto <=> C00005__cyto + C00080__cyto + C05753__cyto,cauris_iRV973,40.0,1.0
R04969__cyto,R04969__cyto,Hexadecanoyl-[acp] + NAD+ => trans-Hexadec-2-enoyl-[acp] + NADH + H+,True,False,False,False,redox,-1.0,0.07111929024940206,-0.07111929024940206,C00004__cyto + C00080__cyto + C05763__cyto --> C00003__cyto + C05764__cyto,cauris_iRV973,40.0,1.0
R04543__cyto,R04543__cyto,(3R)-3-Hydroxypalmitoyl-[acyl-carrier protein] + NADP+ <=> 3-Oxohexadecanoyl-[acp] + NADPH,True,True,False,False,redox,1.0,-0.07111929024940206,-0.07111929024940206,C00006__cyto + C04633__cyto <=> C00005__cyto + C00080__cyto + C05762__cyto,cauris_iRV973,40.0,1.0
R08551__cyto,R08551__cyto,[Oxidized NADPH---hemoprotein reductase] + NADPH + H+ <=> [Reduced NADPH---hemoprotein red,True,True,False,False,redox,1.0,0.07099922033863933,0.07099922033863933,C00005__cyto + C03161__cyto <=> C00006__cyto + C00080__cyto + C03024__cyto,cauris_iRV973,40.0,1.0
R07761__cyto,R07761__cyto,(2E)-Octadecenoyl-CoA + NADPH + H+ <=> Stearoyl-CoA + NADP+,True,True,False,False,redox,-1.0,0.04003913424790162,-0.04003913424790162,C00005__cyto + C00080__cyto + C16218__cyto <=> C00006__cyto + C00412__cyto,cauris_iRV973,40.0,1.0
R07759__cyto,R07759__cyto,3-Oxostearoyl-CoA + NADPH + H+ <=> 3-Hydroxyoctadecanoyl-CoA + NADP+,True,True,False,False,redox,-1.0,0.04003913424790162,-0.04003913424790162,C00005__cyto + C00080__cyto + C16216__cyto <=> C00006__cyto + C16217__cyto,cauris_iRV973,40.0,1.0
R02874__cyto,R02874__cyto,"Oxygen + 2 H+ + Squalene + [Reduced NADPH---hemoprotein reductase] => H2O + (S)-2,3-Epoxys",True,False,False,False,redox,-2.0,0.018019927419701834,-0.03603985483940367,C00007__cyto + 2.0 C00080__cyto + C00751__cyto + C03024__cyto --> C00001__cyto + C01054__cyto + C03161__cyto,cauris_iRV973,40.0,1.0
R07505__cyto,R07505__cyto,"Episterol + 2 Ferrocytochrome b5 + Oxygen + 2 H+ => 5,7,24(28)-Ergostatrienol + 2 Ferricyt",True,False,False,False,redox,-2.0,0.01630369284769287,-0.03260738569538574,C00007__cyto + 2.0 C00080__cyto + 2.0 C00999__cyto + C15777__cyto --> 2.0 C00001__cyto + 2.0 C00996__cyto + C15778__cyto,cauris_iRV973,40.0,1.0
R01061__cyto,R01061__cyto,D-Glyceraldehyde 3-phosphate + Orthophosphate + NAD+ <=> 3-Phospho-D-glyceroyl phosphate +,True,True,False,False,redox,1.0,0.019559569391120645,0.019559569391120645,C00003__cyto + C00009__cyto + C00118__cyto <=> C00004__cyto + C00080__cyto + C00236__cyto,cauris_iRV973,40.0,1.0
R06223__cyto,R06223__cyto,"2 trans,trans-Farnesyl diphosphate + NADPH + H+ <=> Squalene + 2 Diphosphate + NADP+",True,True,False,False,redox,-1.0,0.018019927419701834,-0.018019927419701834,C00005__cyto + C00080__cyto + 2.0 C00448__cyto <=> C00006__cyto + 2.0 C00013__cyto + C00751__cyto,cauris_iRV973,40.0,1.0
R12404__cyto,R12404__cyto,"4alpha-Carboxy-5alpha-cholesta-8,24-dien-3beta-ol + NADP+ <=> Zymosterone + NADPH + H+ + C",True,True,False,False,redox,1.0,0.017659764306312498,0.017659764306312498,C00006__cyto + C22112__cyto <=> C00005__cyto + C00011__cyto + C00080__cyto + C22136__cyto,cauris_iRV973,40.0,1.0
R05639__cyto,R05639__cyto,"14-Demethyllanosterol + NADP+ <=> 4,4-Dimethyl-5alpha-cholesta-8,14,24-trien-3beta-ol + NA",True,True,False,False,redox,1.0,-0.017659764306312498,-0.017659764306312498,C00006__cyto + C05108__cyto <=> C00005__cyto + C00080__cyto + C11455__cyto,cauris_iRV973,40.0,1.0
R07494__cyto,R07494__cyto,4alpha-Methylzymosterol-4-carboxylate + NADP+ <=> 3-Keto-4-methylzymosterol + NADPH + H+ +,True,True,False,False,redox,1.0,0.017659764306312498,0.017659764306312498,C00006__cyto + C15808__cyto <=> C00005__cyto + C00011__cyto + C00080__cyto + C15816__cyto,cauris_iRV973,40.0,1.0
R12405__cyto,R12405__cyto,Zymosterone + NADPH + H+ <=> Zymosterol + NADP+,True,True,False,False,redox,-1.0,0.017659764306312498,-0.017659764306312498,C00005__cyto + C00080__cyto + C22136__cyto <=> C00006__cyto + C05437__cyto,cauris_iRV973,40.0,1.0
R07495__cyto,R07495__cyto,3-Keto-4-methylzymosterol + NADPH + H+ <=> 4alpha-Methylzymosterol + NADP+,True,True,False,False,redox,-1.0,0.017659764306312498,-0.017659764306312498,C00005__cyto + C00080__cyto + C15816__cyto <=> C00006__cyto + C05103__cyto,cauris_iRV973,40.0,1.0
R07506__cyto,R07506__cyto,"5,7,24(28)-Ergostatrienol + NADPH + H+ + Oxygen => Ergosta-5,7,22,24(28)-tetraen-3beta-ol ",True,False,False,False,redox,-1.0,0.01630369284769287,-0.01630369284769287,C00005__cyto + C00007__cyto + C00080__cyto + C15778__cyto --> 2.0 C00001__cyto + C00006__cyto + C05440__cyto,cauris_iRV973,40.0,1.0
TR1000322_PLAS__plas,TR1000322_PLAS__plas,1.0 L-Isoleucine (extr) + 1.0 H+ (extr) <=> 1.0 L-Isoleucine (cyto) + 1.0 H+ (cyto),False,False,False,True,carrier,1.0,-0.015744097148035815,-0.015744097148035815,C00080__extr + C00407__extr <-- C00080__cyto + C00407__cyto,cauris_iRV973,40.0,1.0
R05641__cyto,R05641__cyto,"NADP+ + Ergosterol <=> NADPH + Ergosta-5,7,22,24(28)-tetraen-3beta-ol + H+",True,True,False,False,redox,1.0,-0.014401692848459635,-0.014401692848459635,C00006__cyto + C01694__cyto <=> C00005__cyto + C00080__cyto + C05440__cyto,cauris_iRV973,40.0,1.0
R01039__cyto,R01039__cyto,NADP+ + Glycerol <=> NADPH + H+ + Glycerone,True,True,False,False,redox,1.0,-0.014313366539324721,-0.014313366539324721,C00006__cyto + C00116__cyto <=> C00005__cyto + C00080__cyto + C00184__cyto,cauris_iRV973,40.0,1.0
TI1000023_PLAS__plas,TI1000023_PLAS__plas,1.0 L-Glutamate (cyto) + 1.0 H+ (cyto) => 1.0 L-Glutamate (extr) + 1.0 H+ (extr),False,False,False,True,carrier,-1.0,0.012743770656345466,-0.012743770656345466,C00025__cyto + C00080__cyto --> C00025__extr + C00080__extr,cauris_iRV973,40.0,1.0
R07763__cyto,R07763__cyto,3-Oxostearoyl-[acp] + NADPH + H+ <=> (R)-3-Hydroxyoctadecanoyl-[acp] + NADP+,True,True,False,False,redox,-1.0,0.008200376720143449,-0.008200376720143449,C00005__cyto + C00080__cyto + C16219__cyto <=> C00006__cyto + C16220__cyto,cauris_iRV973,40.0,1.0
R07765__cyto,R07765__cyto,(2E)-Octadecenoyl-[acp] + NADH + H+ <=> Octadecanoyl-[acyl-carrier protein] + NAD+,True,True,False,False,redox,-1.0,0.008200376720143449,-0.008200376720143449,C00004__cyto + C00080__cyto + C16221__cyto <=> C00003__cyto + C04088__cyto,cauris_iRV973,40.0,1.0
TO1000051_PLAS__plas,TO1000051_PLAS__plas,1.0 L-Arginine (extr) + 1.0 H+ (extr) => 1.0 L-Arginine (cyto) + 1.0 H+ (cyto),False,False,False,True,carrier,1.0,0.007097324924820319,0.007097324924820319,C00062__extr + C00080__extr --> C00062__cyto + C00080__cyto,cauris_iRV973,40.0,1.0
R02756__cyto,R02756__cyto,1-Acyl-sn-glycerol 3-phosphate + NADP+ <=> Acylglycerone phosphate + NADPH + H+,True,True,False,False,redox,1.0,-0.006629900025085177,-0.006629900025085177,C00006__cyto + C00681__cyto <=> C00005__cyto + C00080__cyto + C03372__cyto,cauris_iRV973,40.0,1.0
TO1000065_PLAS__plas,TO1000065_PLAS__plas,1.0 L-Tryptophan (extr) + 1.0 H+ (extr) => 1.0 H+ (cyto) + 1.0 L-Tryptophan (cyto),False,False,False,True,carrier,1.0,0.005407587332884124,0.005407587332884124,C00078__extr + C00080__extr --> C00078__cyto + C00080__cyto,cauris_iRV973,40.0,1.0
R12185__cyto,R12185__cyto,Ammonia + HCO3- <=> Carbamate + H2O,False,True,False,False,carrier,-1.0,0.003808389357070558,-0.003808389357070558,C00014__cyto + C00080__cyto + C00288__cyto <=> C00001__cyto + C01563__cyto,cauris_iRV973,40.0,1.0
R12205__cyto,R12205__cyto,"Linoleoyl-CoA + 2 Ferrocytochrome b5 + Oxygen + 2 H+ <=> (9Z,12Z,15Z)-Octadecatrienoyl-CoA",True,True,False,False,redox,-2.0,0.0018303633391597803,-0.0036607266783195607,C00007__cyto + 2.0 C00080__cyto + 2.0 C00999__cyto + C02050__cyto <=> 2.0 C00001__cyto + 2.0 C00996__cyto + C16162__cyto,cauris_iRV973,40.0,1.0
R11043__cyto,R11043__cyto,Oxygen + Oleoyl-CoA + 2 H+ + 2 Ferrocytochrome b5 <=> 2 H2O + Linoleoyl-CoA + 2 Ferricytoc,True,True,False,False,redox,-2.0,0.0018303633391597803,-0.0036607266783195607,C00007__cyto + 2.0 C00080__cyto + C00510__cyto + 2.0 C00999__cyto <=> 2.0 C00001__cyto + 2.0 C00996__cyto + C02050__cyto,cauris_iRV973,40.0,1.0
R00342__cyto,R00342__cyto,NAD+ + (S)-Malate <=> NADH + Oxaloacetate + H+,True,True,False,False,redox,1.0,0.0030295538367982747,0.0030295538367982747,C00003__cyto + C00149__cyto <=> C00004__cyto + C00036__cyto + C00080__cyto,cauris_iRV973,40.0,1.0
R01224__cyto,R01224__cyto,"5-Methyltetrahydrofolate + NADP+ <=> 5,10-Methylenetetrahydrofolate + NADPH + H+",True,True,False,False,redox,1.0,-0.0027808881834561895,-0.0027808881834561895,C00006__cyto + C00440__cyto <=> C00005__cyto + C00080__cyto + C00143__cyto,cauris_iRV973,40.0,1.0
R01130__cyto,R01130__cyto,IMP + NAD+ + H2O <=> Xanthosine 5'-phosphate + NADH + H+,True,True,False,False,redox,1.0,0.001431743379260459,0.001431743379260459,C00001__cyto + C00003__cyto + C00130__cyto <=> C00004__cyto + C00080__cyto + C00655__cyto,cauris_iRV973,40.0,1.0
R02016__cyto,R02016__cyto,Thioredoxin + NADP+ <=> Thioredoxin disulfide + NADPH + H+,True,True,False,False,redox,1.0,-0.0005347378240536273,-0.0005347378240536273,C00006__cyto + C00342__cyto <=> C00005__cyto + C00080__cyto + C00343__cyto,cauris_iRV973,40.0,1.0
T_L_Serine_c00065_MitoCyto__mito,T_L_Serine_c00065_MitoCyto__mito,L-Serine (Mito) + H+ (Mito) <=> L-Serine (Cyto) + H+ (Cyto),False,False,False,True,carrier,1.0,-0.00016797028942931312,-0.00016797028942931312,C00065__mito + C00080__mito <-- C00065__cyto + C00080__cyto,cauris_iRV973,40.0,1.0
R00858__cyto,R00858__cyto,Sulfite + 3 NADPH + 3 H+ => Hydrogen sulfide + 3 NADP+ + 3 H2O,True,False,False,False,redox,-3.0,3.096392205158373e-05,-9.289176615475119e-05,3.0 C00005__cyto + 3.0 C00080__cyto + C00094__cyto --> 3.0 C00001__cyto + 3.0 C00006__cyto + C00283__cyto,cauris_iRV973,40.0,1.0
TO1000104_PLAS__plas,TO1000104_PLAS__plas,1.0 Biotin (extr) + 1.0 H+ (extr) => 1.0 Biotin (cyto) + 1.0 H+ (cyto),False,False,False,True,carrier,1.0,5.352135992475747e-05,5.352135992475747e-05,C00080__extr + C00120__extr --> C00080__cyto + C00120__cyto,cauris_iRV973,40.0,1.0
R02413__cyto,R02413__cyto,Shikimate + NADP+ <=> 3-Dehydroshikimate + NADPH + H+,True,True,False,False,redox,1.0,-5.068424575302266e-05,-5.068424575302266e-05,C00006__cyto + C00493__cyto <=> C00005__cyto + C00080__cyto + C02637__cyto,cauris_iRV973,40.0,1.0
R03458__cyto,R03458__cyto,5-Amino-6-(5'-phospho-D-ribitylamino)uracil + NADP+ <=> 5-Amino-6-(5'-phosphoribosylamino),True,True,False,False,redox,1.0,-4.53634657925243e-05,-4.53634657925243e-05,C00006__cyto + C04454__cyto <=> C00005__cyto + C00080__cyto + C01268__cyto,cauris_iRV973,40.0,1.0
R01960__cyto,R01960__cyto,L-Kynurenine + Oxygen + NADPH + H+ => 3-Hydroxy-L-kynurenine + NADP+ + H2O,True,False,False,False,redox,-1.0,3.7400508632068966e-05,-3.7400508632068966e-05,C00005__cyto + C00007__cyto + C00080__cyto + C00328__cyto --> C00001__cyto + C00006__cyto + C03227__cyto,cauris_iRV973,40.0,1.0
R03348__cyto,R03348__cyto,Quinolinate + 5-Phospho-alpha-D-ribose 1-diphosphate => Nicotinate D-ribonucleotide + Diph,True,False,False,False,redox,-1.0,3.7400508632068966e-05,-3.7400508632068966e-05,C00080__cyto + C00119__cyto + C03722__cyto --> C00011__cyto + C00013__cyto + C01185__cyto,cauris_iRV973,40.0,1.0
R02324__cyto,R02324__cyto,ATP + Nicotinamide-beta-riboside <=> ADP + Nicotinamide D-ribonucleotide,True,True,False,False,redox,1.0,3.096392205158373e-05,3.096392205158373e-05,C00002__cyto + C03150__cyto <=> C00008__cyto + C00080__cyto + C00455__cyto,cauris_iRV973,40.0,1.0
R12026__cyto,R12026__cyto,NAD+ + Glycine + Hydrogen sulfide <=> Nicotinamide + ADP-5-ethyl-4-methylthiazole-2-carbox,True,True,False,False,redox,1.0,3.096392205158373e-05,3.096392205158373e-05,C00003__cyto + C00037__cyto + C00283__cyto <=> 3.0 C00001__cyto + C00080__cyto + C00153__cyto + C20784__cyto,cauris_iRV973,40.0,1.0
R02294__cyto,R02294__cyto,Nicotinamide-beta-riboside + Orthophosphate <=> Nicotinamide + alpha-D-Ribose 1-phosphate,True,True,False,False,carrier,1.0,-3.096392205158373e-05,-3.096392205158373e-05,C00009__cyto + C03150__cyto <=> C00080__cyto + C00153__cyto + C00620__cyto,cauris_iRV973,40.0,1.0
R00137__cyto,R00137__cyto,ATP + Nicotinamide D-ribonucleotide <=> Diphosphate + NAD+,True,True,False,False,redox,-1.0,3.096392205158373e-05,-3.096392205158373e-05,C00002__cyto + C00080__cyto + C00455__cyto <=> C00003__cyto + C00013__cyto,cauris_iRV973,40.0,1.0
R10712__cyto,R10712__cyto,H+ + 4-Amino-5-hydroxymethyl-2-methylpyrimidine diphosphate + 2-(2-Carboxy-4-methylthiazol,True,False,False,False,redox,-1.0,3.096392205158373e-05,-3.096392205158373e-05,C00080__cyto + C04752__cyto + C20247__cyto --> C00011__cyto + C00013__cyto + C01081__cyto,cauris_iRV973,40.0,1.0
R02472__cyto,R02472__cyto,(R)-Pantoate + NADP+ <=> 2-Dehydropantoate + NADPH + H+,True,True,False,False,redox,1.0,-1.7126094556384774e-05,-1.7126094556384774e-05,C00006__cyto + C00522__cyto <=> C00005__cyto + C00080__cyto + C00966__cyto,cauris_iRV973,40.0,1.0
R00081__mito,R00081__mito,Oxygen + 4 Ferrocytochrome c + 6 H+ => 4 Ferricytochrome c + 2 H2O + 6 H+,False,False,False,True,redox,6.0,4.798927435022003,28.79356461013202,C00007__mito + 6.0 C00080__mito + 4.0 C00126__mito --> 2.0 C00001__mito + 6.0 C00080__cyto + 4.0 C00125__mito,chaemulonii_draft,40.0,1.0
R02161__mito,R02161__mito,1.5 H+ (cyto) + 2 Ferricytochrome c (mito) + Ubiquinol-9 (mito) => Ubiquinone-9 (mito) + 1,True,False,False,True,redox,-1.5,9.597854870044007,-14.39678230506601,1.5 C00080__cyto + 2.0 C00125__mito + M8428__mito --> 1.5 C00080__mito + 2.0 C00126__mito + C01967__mito,chaemulonii_draft,40.0,1.0
T_ATP_synthase__mito,T_ATP_synthase__mito,Orthophosphate (mito) + ADP (mito) + 3 H+ (cyto) <=> ATP (mito) + H2O (mito) + 3 H+ (mito),True,True,True,True,atp_synthase,-3.0,3.5265664750867685,-10.579699425260305,C00008__mito + C00009__mito + 3.0 C00080__cyto <=> C00001__mito + C00002__mito + 3.0 C00080__mito,chaemulonii_draft,40.0,1.0
R01061__cyto,R01061__cyto,D-Glyceraldehyde 3-phosphate + Orthophosphate + NAD+ <=> 3-Phospho-D-glyceroyl phosphate +,True,True,False,False,redox,1.0,4.0047835821477555,4.0047835821477555,C00003__cyto + C00009__cyto + C00118__cyto <=> C00004__cyto + C00080__cyto + C00236__cyto,chaemulonii_draft,40.0,1.0
T_Pyruvate_c00022_CytoMito__mito,T_Pyruvate_c00022_CytoMito__mito,Pyruvate (Cyto) + H+ (Cyto) <=> Pyruvate (Mito) + H+ (Mito),False,False,False,True,carrier,-1.0,3.816863372857359,-3.816863372857359,C00022__cyto + C00080__cyto --> C00022__mito + C00080__mito,chaemulonii_draft,40.0,1.0
R11945__cyto,R11945__cyto,Ubiquinone-9 + NADH + H+ => NAD+ + Ubiquinol-9,True,False,False,False,redox,-1.0,2.8220091499561306,-2.8220091499561306,C00004__cyto + C00080__cyto + C01967__mito --> C00003__cyto + M8428__mito,chaemulonii_draft,40.0,1.0
TI2000023_PLAS__plas,TI2000023_PLAS__plas,1.0 L-Glutamate (cyto) + 1.0 H+ (extr) => 1.0 L-Glutamate (extr) + 1.0 H+ (cyto),False,False,False,True,carrier,1.0,1.4906820639478457,1.4906820639478457,C00025__cyto + C00080__extr --> C00025__extr + C00080__cyto,chaemulonii_draft,40.0,1.0
TR1000023_PLAS__plas,TR1000023_PLAS__plas,1.0 L-Glutamate (extr) + 1.0 H+ (extr) <=> 1.0 L-Glutamate (cyto) + 1.0 H+ (cyto),False,False,False,True,carrier,1.0,-1.4855843262978476,-1.4855843262978476,C00025__extr + C00080__extr <-- C00025__cyto + C00080__cyto,chaemulonii_draft,40.0,1.0
R11231__cyto,R11231__cyto,"(S)-2,3,4,5-Tetrahydropyridine-2-carboxylate + NAD+ + 2 H2O <=> L-2-Aminoadipate + NADH + ",False,True,False,False,redox,1.0,-0.6195212330047221,-0.6195212330047221,2.0 C00001__cyto + C00003__cyto + C00450__cyto <=> C00004__cyto + C00080__cyto + C00956__cyto,chaemulonii_draft,40.0,1.0
R11232__cyto,R11232__cyto,"(S)-2,3,4,5-Tetrahydropyridine-2-carboxylate + NADP+ + 2 H2O <=> L-2-Aminoadipate + NADPH ",False,True,False,False,redox,1.0,0.6195212330047221,0.6195212330047221,2.0 C00001__cyto + C00006__cyto + C00450__cyto <=> C00005__cyto + C00080__cyto + C00956__cyto,chaemulonii_draft,40.0,1.0
R10092__cyto,R10092__cyto,HCO3- + H+ <=> CO2 + H2O,True,True,False,False,redox,-1.0,-0.4726937900314916,0.4726937900314916,C00080__cyto + C00288__cyto <=> C00001__cyto + C00011__cyto,chaemulonii_draft,40.0,1.0
R00742__cyto,R00742__cyto,ATP + Acetyl-CoA + H+ + HCO3- => Orthophosphate + ADP + Malonyl-CoA,True,False,False,False,redox,-1.0,0.469436186555066,-0.469436186555066,C00002__cyto + C00024__cyto + C00080__cyto + C00288__cyto --> C00008__cyto + C00009__cyto + C00083__cyto,chaemulonii_draft,40.0,1.0
R00711__cyto,R00711__cyto,Acetaldehyde + NADP+ + H2O <=> Acetate + NADPH + H+,False,True,False,False,redox,1.0,0.1931678555720321,0.1931678555720321,C00001__cyto + C00006__cyto + C00084__cyto <=> C00005__cyto + C00033__cyto + C00080__cyto,chaemulonii_draft,40.0,1.0
R02082__cyto,R02082__cyto,(S)-3-Hydroxy-3-methylglutaryl-CoA + 2 NADPH + 2 H+ => (R)-Mevalonate + CoA + 2 NADP+,True,False,False,False,redox,-2.0,0.09265345731392255,-0.1853069146278451,2.0 C00005__cyto + 2.0 C00080__cyto + C00356__cyto --> 2.0 C00006__cyto + C00010__cyto + C00418__cyto,chaemulonii_draft,40.0,1.0
R00100__cyto,R00100__cyto,NADH + 2 Ferricytochrome b5 <=> NAD+ + H+ + 2 Ferrocytochrome b5,True,True,False,False,redox,1.0,0.14195997107035643,0.14195997107035643,C00004__cyto + 2.0 C00996__cyto <=> C00003__cyto + C00080__cyto + 2.0 C00999__cyto,chaemulonii_draft,40.0,1.0
R07509__cyto,R07509__cyto,14-Demethyllanosterol + 6 Ferrocytochrome b5 + 3 Oxygen + 6 H+ <=> 4alpha-Methylzymosterol,True,True,False,False,redox,-6.0,0.015105732162152441,-0.09063439297291465,3.0 C00007__cyto + 6.0 C00080__cyto + 6.0 C00999__cyto + C05108__cyto <=> 4.0 C00001__cyto + 6.0 C00996__cyto + C15808__cyto,chaemulonii_draft,40.0,1.0
R05640__cyto,R05640__cyto,"Lanosterol + 3 [Reduced NADPH---hemoprotein reductase] + 3 Oxygen => 4,4-Dimethyl-5alpha-c",True,False,False,False,redox,-6.0,0.015105732162152441,-0.09063439297291465,3.0 C00007__cyto + 6.0 C00080__cyto + C01724__cyto + 3.0 C03024__cyto --> 4.0 C00001__cyto + C00058__cyto + 3.0 C03161__cyto + C11455__cyto,chaemulonii_draft,40.0,1.0
R12403__cyto,R12403__cyto,4alpha-Methylzymosterol + 6 Ferrocytochrome b5 + 3 Oxygen + 6 H+ <=> 4alpha-Carboxy-5alpha,True,True,False,False,redox,-6.0,0.015105732162152441,-0.09063439297291465,3.0 C00007__cyto + 6.0 C00080__cyto + 6.0 C00999__cyto + C05103__cyto <=> 4.0 C00001__cyto + 6.0 C00996__cyto + C22112__cyto,chaemulonii_draft,40.0,1.0
R02222__cyto,R02222__cyto,Stearoyl-CoA + 2 Ferrocytochrome b5 + Oxygen + 2 H+ <=> Oleoyl-CoA + 2 Ferricytochrome b5 ,True,True,False,False,redox,-2.0,0.034248500006145224,-0.06849700001229045,C00007__cyto + 2.0 C00080__cyto + C00412__cyto + 2.0 C00999__cyto <=> 2.0 C00001__cyto + C00510__cyto + 2.0 C00996__cyto,chaemulonii_draft,40.0,1.0
R04955__cyto,R04955__cyto,Hexanoyl-[acp] + NAD+ => trans-Hex-2-enoyl-[acp] + NADH + H+,True,False,False,False,redox,-1.0,0.061223262633535724,-0.061223262633535724,C00004__cyto + C00080__cyto + C05748__cyto --> C00003__cyto + C05749__cyto,chaemulonii_draft,40.0,1.0
R04566__cyto,R04566__cyto,(3R)-3-Hydroxytetradecanoyl-[acyl-carrier protein] + NADP+ <=> 3-Oxotetradecanoyl-[acp] + ,True,True,False,False,redox,1.0,-0.061223262633535724,-0.061223262633535724,C00006__cyto + C04688__cyto <=> C00005__cyto + C00080__cyto + C05759__cyto,chaemulonii_draft,40.0,1.0
R04964__cyto,R04964__cyto,(R)-3-Hydroxydodecanoyl-[acp] + NADP+ <=> 3-Oxododecanoyl-[acp] + NADPH + H+,True,True,False,False,redox,1.0,-0.061223262633535724,-0.061223262633535724,C00006__cyto + C05757__cyto <=> C00005__cyto + C00080__cyto + C05756__cyto,chaemulonii_draft,40.0,1.0
R04533__cyto,R04533__cyto,(3R)-3-Hydroxybutanoyl-[acyl-carrier protein] + NADP+ <=> Acetoacetyl-[acp] + NADPH + H+,True,True,False,False,redox,1.0,-0.061223262633535724,-0.061223262633535724,C00006__cyto + C04618__cyto <=> C00005__cyto + C00080__cyto + C05744__cyto,chaemulonii_draft,40.0,1.0
R04536__cyto,R04536__cyto,(3R)-3-Hydroxyoctanoyl-[acyl-carrier protein] + NADP+ <=> 3-Oxooctanoyl-[acp] + NADPH + H+,True,True,False,False,redox,1.0,-0.061223262633535724,-0.061223262633535724,C00006__cyto + C04620__cyto <=> C00005__cyto + C00080__cyto + C05750__cyto,chaemulonii_draft,40.0,1.0
R04953__cyto,R04953__cyto,(R)-3-Hydroxyhexanoyl-[acp] + NADP+ <=> 3-Oxohexanoyl-[acp] + NADPH + H+,True,True,False,False,redox,1.0,-0.061223262633535724,-0.061223262633535724,C00006__cyto + C05747__cyto <=> C00005__cyto + C00080__cyto + C05746__cyto,chaemulonii_draft,40.0,1.0
R04958__cyto,R04958__cyto,Octanoyl-[acp] + NAD+ => trans-Oct-2-enoyl-[acp] + NADH + H+,True,False,False,False,redox,-1.0,0.061223262633535724,-0.061223262633535724,C00004__cyto + C00080__cyto + C05751__cyto --> C00003__cyto + C05752__cyto,chaemulonii_draft,40.0,1.0
R04724__cyto,R04724__cyto,Dodecanoyl-[acyl-carrier protein] + NAD+ => trans-Dodec-2-enoyl-[acp] + NADH + H+,True,False,False,False,redox,-1.0,0.061223262633535724,-0.061223262633535724,C00004__cyto + C00080__cyto + C05758__cyto --> C00003__cyto + C05223__cyto,chaemulonii_draft,40.0,1.0
R04429__cyto,R04429__cyto,Butyryl-[acp] + NAD+ => But-2-enoyl-[acyl-carrier protein] + NADH + H+,True,False,False,False,redox,-1.0,0.061223262633535724,-0.061223262633535724,C00004__cyto + C00080__cyto + C04246__cyto --> C00003__cyto + C05745__cyto,chaemulonii_draft,40.0,1.0
R04961__cyto,R04961__cyto,Decanoyl-[acp] + NAD+ => trans-Dec-2-enoyl-[acp] + NADH + H+,True,False,False,False,redox,-1.0,0.061223262633535724,-0.061223262633535724,C00004__cyto + C00080__cyto + C05754__cyto --> C00003__cyto + C05755__cyto,chaemulonii_draft,40.0,1.0
R04966__cyto,R04966__cyto,Tetradecanoyl-[acp] + NAD+ => trans-Tetradec-2-enoyl-[acp] + NADH + H+,True,False,False,False,redox,-1.0,0.061223262633535724,-0.061223262633535724,C00004__cyto + C00080__cyto + C05760__cyto --> C00003__cyto + C05761__cyto,chaemulonii_draft,40.0,1.0
R04534__cyto,R04534__cyto,(3R)-3-Hydroxydecanoyl-[acyl-carrier protein] + NADP+ <=> 3-Oxodecanoyl-[acp] + NADPH,True,True,False,False,redox,1.0,-0.061223262633535724,-0.061223262633535724,C00006__cyto + C04619__cyto <=> C00005__cyto + C00080__cyto + C05753__cyto,chaemulonii_draft,40.0,1.0
R04969__cyto,R04969__cyto,Hexadecanoyl-[acp] + NAD+ => trans-Hexadec-2-enoyl-[acp] + NADH + H+,True,False,False,False,redox,-1.0,0.06083370827807903,-0.06083370827807903,C00004__cyto + C00080__cyto + C05763__cyto --> C00003__cyto + C05764__cyto,chaemulonii_draft,40.0,1.0
R04543__cyto,R04543__cyto,(3R)-3-Hydroxypalmitoyl-[acyl-carrier protein] + NADP+ <=> 3-Oxohexadecanoyl-[acp] + NADPH,True,True,False,False,redox,1.0,-0.06083370827807903,-0.06083370827807903,C00006__cyto + C04633__cyto <=> C00005__cyto + C00080__cyto + C05762__cyto,chaemulonii_draft,40.0,1.0
R08551__cyto,R08551__cyto,[Oxidized NADPH---hemoprotein reductase] + NADPH + H+ <=> [Reduced NADPH---hemoprotein red,True,True,False,False,redox,1.0,0.06073100340154412,0.06073100340154412,C00005__cyto + C03161__cyto <=> C00006__cyto + C00080__cyto + C03024__cyto,chaemulonii_draft,40.0,1.0
R07761__cyto,R07761__cyto,(2E)-Octadecenoyl-CoA + NADPH + H+ <=> Stearoyl-CoA + NADP+,True,True,False,False,redox,-1.0,0.034248500006145224,-0.034248500006145224,C00005__cyto + C00080__cyto + C16218__cyto <=> C00006__cyto + C00412__cyto,chaemulonii_draft,40.0,1.0
R07759__cyto,R07759__cyto,3-Oxostearoyl-CoA + NADPH + H+ <=> 3-Hydroxyoctadecanoyl-CoA + NADP+,True,True,False,False,redox,-1.0,0.034248500006145224,-0.034248500006145224,C00005__cyto + C00080__cyto + C16216__cyto <=> C00006__cyto + C16217__cyto,chaemulonii_draft,40.0,1.0
R02874__cyto,R02874__cyto,"Oxygen + 2 H+ + Squalene + [Reduced NADPH---hemoprotein reductase] => H2O + (S)-2,3-Epoxys",True,False,False,False,redox,-2.0,0.0154138069150868,-0.0308276138301736,C00007__cyto + 2.0 C00080__cyto + C00751__cyto + C03024__cyto --> C00001__cyto + C01054__cyto + C03161__cyto,chaemulonii_draft,40.0,1.0
R07505__cyto,R07505__cyto,"Episterol + 2 Ferrocytochrome b5 + Oxygen + 2 H+ => 5,7,24(28)-Ergostatrienol + 2 Ferricyt",True,False,False,False,redox,-2.0,0.013945781672930717,-0.027891563345861434,C00007__cyto + 2.0 C00080__cyto + 2.0 C00999__cyto + C15777__cyto --> 2.0 C00001__cyto + 2.0 C00996__cyto + C15778__cyto,chaemulonii_draft,40.0,1.0
R02756__cyto,R02756__cyto,1-Acyl-sn-glycerol 3-phosphate + NADP+ <=> Acylglycerone phosphate + NADPH + H+,True,True,False,False,redox,1.0,-0.01791436000136503,-0.01791436000136503,C00006__cyto + C00681__cyto <=> C00005__cyto + C00080__cyto + C03372__cyto,chaemulonii_draft,40.0,1.0
R06223__cyto,R06223__cyto,"2 trans,trans-Farnesyl diphosphate + NADPH + H+ <=> Squalene + 2 Diphosphate + NADP+",True,True,False,False,redox,-1.0,0.0154138069150868,-0.0154138069150868,C00005__cyto + C00080__cyto + 2.0 C00448__cyto <=> C00006__cyto + 2.0 C00013__cyto + C00751__cyto,chaemulonii_draft,40.0,1.0
R12404__cyto,R12404__cyto,"4alpha-Carboxy-5alpha-cholesta-8,24-dien-3beta-ol + NADP+ <=> Zymosterone + NADPH + H+ + C",True,True,False,False,redox,1.0,0.015105732162152441,0.015105732162152441,C00006__cyto + C22112__cyto <=> C00005__cyto + C00011__cyto + C00080__cyto + C22136__cyto,chaemulonii_draft,40.0,1.0
R05639__cyto,R05639__cyto,"14-Demethyllanosterol + NADP+ <=> 4,4-Dimethyl-5alpha-cholesta-8,14,24-trien-3beta-ol + NA",True,True,False,False,redox,1.0,-0.015105732162152441,-0.015105732162152441,C00006__cyto + C05108__cyto <=> C00005__cyto + C00080__cyto + C11455__cyto,chaemulonii_draft,40.0,1.0
R07494__cyto,R07494__cyto,4alpha-Methylzymosterol-4-carboxylate + NADP+ <=> 3-Keto-4-methylzymosterol + NADPH + H+ +,True,True,False,False,redox,1.0,0.015105732162152441,0.015105732162152441,C00006__cyto + C15808__cyto <=> C00005__cyto + C00011__cyto + C00080__cyto + C15816__cyto,chaemulonii_draft,40.0,1.0
R12405__cyto,R12405__cyto,Zymosterone + NADPH + H+ <=> Zymosterol + NADP+,True,True,False,False,redox,-1.0,0.015105732162152441,-0.015105732162152441,C00005__cyto + C00080__cyto + C22136__cyto <=> C00006__cyto + C05437__cyto,chaemulonii_draft,40.0,1.0
R07495__cyto,R07495__cyto,3-Keto-4-methylzymosterol + NADPH + H+ <=> 4alpha-Methylzymosterol + NADP+,True,True,False,False,redox,-1.0,0.015105732162152441,-0.015105732162152441,C00005__cyto + C00080__cyto + C15816__cyto <=> C00006__cyto + C05103__cyto,chaemulonii_draft,40.0,1.0
R07506__cyto,R07506__cyto,"5,7,24(28)-Ergostatrienol + NADPH + H+ + Oxygen => Ergosta-5,7,22,24(28)-tetraen-3beta-ol ",True,False,False,False,redox,-1.0,0.013945781672930717,-0.013945781672930717,C00005__cyto + C00007__cyto + C00080__cyto + C15778__cyto --> 2.0 C00001__cyto + C00006__cyto + C05440__cyto,chaemulonii_draft,40.0,1.0
TR1000322_PLAS__plas,TR1000322_PLAS__plas,1.0 L-Isoleucine (extr) + 1.0 H+ (extr) <=> 1.0 L-Isoleucine (cyto) + 1.0 H+ (cyto),False,False,False,True,carrier,1.0,-0.013467117144260321,-0.013467117144260321,C00080__extr + C00407__extr <-- C00080__cyto + C00407__cyto,chaemulonii_draft,40.0,1.0
R05641__cyto,R05641__cyto,"NADP+ + Ergosterol <=> NADPH + Ergosta-5,7,22,24(28)-tetraen-3beta-ol + H+",True,True,False,False,redox,1.0,-0.012318857209926337,-0.012318857209926337,C00006__cyto + C01694__cyto <=> C00005__cyto + C00080__cyto + C05440__cyto,chaemulonii_draft,40.0,1.0
R00519__cyto,R00519__cyto,Formate + NAD+ => H+ + CO2 + NADH,True,False,False,False,redox,1.0,0.010063724235390398,0.010063724235390398,C00003__cyto + C00058__cyto --> C00004__cyto + C00011__cyto + C00080__cyto,chaemulonii_draft,40.0,1.0
TO1000066_PLAS__plas,TO1000066_PLAS__plas,1.0 L-Phenylalanine (extr) + 1.0 H+ (extr) => 1.0 L-Phenylalanine (cyto) + 1.0 H+ (cyto),False,False,False,True,carrier,1.0,0.008306246640537647,0.008306246640537647,C00079__extr + C00080__extr --> C00079__cyto + C00080__cyto,chaemulonii_draft,40.0,1.0
R07763__cyto,R07763__cyto,3-Oxostearoyl-[acp] + NADPH + H+ <=> (R)-3-Hydroxyoctadecanoyl-[acp] + NADP+,True,True,False,False,redox,-1.0,0.007014402469627444,-0.007014402469627444,C00005__cyto + C00080__cyto + C16219__cyto <=> C00006__cyto + C16220__cyto,chaemulonii_draft,40.0,1.0
R07765__cyto,R07765__cyto,(2E)-Octadecenoyl-[acp] + NADH + H+ <=> Octadecanoyl-[acyl-carrier protein] + NAD+,True,True,False,False,redox,-1.0,0.007014402469627444,-0.007014402469627444,C00004__cyto + C00080__cyto + C16221__cyto <=> C00003__cyto + C04088__cyto,chaemulonii_draft,40.0,1.0
R00835__cyto,R00835__cyto,"D-Glucose 6-phosphate + NADP+ => D-Glucono-1,5-lactone 6-phosphate + NADPH + H+",True,False,False,False,redox,1.0,0.006207526438473335,0.006207526438473335,C00006__cyto + C00092__cyto --> C00005__cyto + C00080__cyto + C01236__cyto,chaemulonii_draft,40.0,1.0
R01528__cyto,R01528__cyto,6-Phospho-D-gluconate + NADP+ => D-Ribulose 5-phosphate + CO2 + NADPH + H+,True,False,False,False,redox,1.0,0.006207526438473335,0.006207526438473335,C00006__cyto + C00345__cyto --> C00005__cyto + C00011__cyto + C00080__cyto + C00199__cyto,chaemulonii_draft,40.0,1.0
R12185__cyto,R12185__cyto,Ammonia + HCO3- <=> Carbamate + H2O,False,True,False,False,carrier,-1.0,0.003257603476425564,-0.003257603476425564,C00014__cyto + C00080__cyto + C00288__cyto <=> C00001__cyto + C01563__cyto,chaemulonii_draft,40.0,1.0
R12205__cyto,R12205__cyto,"Linoleoyl-CoA + 2 Ferrocytochrome b5 + Oxygen + 2 H+ <=> (9Z,12Z,15Z)-Octadecatrienoyl-CoA",True,True,False,False,redox,-2.0,0.0015656482091829212,-0.0031312964183658424,C00007__cyto + 2.0 C00080__cyto + 2.0 C00999__cyto + C02050__cyto <=> 2.0 C00001__cyto + 2.0 C00996__cyto + C16162__cyto,chaemulonii_draft,40.0,1.0
R11043__cyto,R11043__cyto,Oxygen + Oleoyl-CoA + 2 H+ + 2 Ferrocytochrome b5 <=> 2 H2O + Linoleoyl-CoA + 2 Ferricytoc,True,True,False,False,redox,-2.0,0.0015656482091829212,-0.0031312964183658424,C00007__cyto + 2.0 C00080__cyto + C00510__cyto + 2.0 C00999__cyto <=> 2.0 C00001__cyto + 2.0 C00996__cyto + C02050__cyto,chaemulonii_draft,40.0,1.0
R00342__cyto,R00342__cyto,NAD+ + (S)-Malate <=> NADH + Oxaloacetate + H+,True,True,False,False,redox,1.0,0.0025914065462994433,0.0025914065462994433,C00003__cyto + C00149__cyto <=> C00004__cyto + C00036__cyto + C00080__cyto,chaemulonii_draft,40.0,1.0
R01221__cyto,R01221__cyto,"Glycine + Tetrahydrofolate + NAD+ => 5,10-Methylenetetrahydrofolate + Ammonia + CO2 + NADH",True,False,False,False,redox,1.0,0.002393353248459168,0.002393353248459168,C00003__cyto + C00037__cyto + C00101__cyto --> C00004__cyto + C00011__cyto + C00014__cyto + C00080__cyto + C00143__cyto,chaemulonii_draft,40.0,1.0
R07168__cyto,R07168__cyto,"5-Methyltetrahydrofolate + NAD+ <=> 5,10-Methylenetetrahydrofolate + NADH + H+",True,True,False,False,redox,1.0,-0.00237870400439987,-0.00237870400439987,C00003__cyto + C00440__cyto <=> C00004__cyto + C00080__cyto + C00143__cyto,chaemulonii_draft,40.0,1.0
R01130__cyto,R01130__cyto,IMP + NAD+ + H2O <=> Xanthosine 5'-phosphate + NADH + H+,True,True,False,False,redox,1.0,0.0012246784066258889,0.0012246784066258889,C00001__cyto + C00003__cyto + C00130__cyto <=> C00004__cyto + C00080__cyto + C00655__cyto,chaemulonii_draft,40.0,1.0
R02016__cyto,R02016__cyto,Thioredoxin + NADP+ <=> Thioredoxin disulfide + NADPH + H+,True,True,False,False,redox,1.0,-0.000457401707464405,-0.000457401707464405,C00006__cyto + C00342__cyto <=> C00005__cyto + C00080__cyto + C00343__cyto,chaemulonii_draft,40.0,1.0
T_L_Serine_c00065_MitoCyto__mito,T_L_Serine_c00065_MitoCyto__mito,L-Serine (Mito) + H+ (Mito) <=> L-Serine (Cyto) + H+ (Cyto),False,False,False,True,carrier,1.0,-0.0001436776935019152,-0.0001436776935019152,C00065__mito + C00080__mito <-- C00065__cyto + C00080__cyto,chaemulonii_draft,40.0,1.0
R00858__cyto,R00858__cyto,Sulfite + 3 NADPH + 3 H+ => Hydrogen sulfide + 3 NADP+ + 3 H2O,True,False,False,False,redox,-3.0,2.6485784582855273e-05,-7.945735374856582e-05,3.0 C00005__cyto + 3.0 C00080__cyto + C00094__cyto --> 3.0 C00001__cyto + 3.0 C00006__cyto + C00283__cyto,chaemulonii_draft,40.0,1.0
R02413__cyto,R02413__cyto,Shikimate + NADP+ <=> 3-Dehydroshikimate + NADPH + H+,True,True,False,False,redox,1.0,-7.534555298977419e-05,-7.534555298977419e-05,C00006__cyto + C00493__cyto <=> C00005__cyto + C00080__cyto + C02637__cyto,chaemulonii_draft,40.0,1.0
TO1000104_PLAS__plas,TO1000104_PLAS__plas,1.0 Biotin (extr) + 1.0 H+ (extr) => 1.0 Biotin (cyto) + 1.0 H+ (cyto),False,False,False,True,carrier,1.0,4.578086739745184e-05,4.578086739745184e-05,C00080__extr + C00120__extr --> C00080__cyto + C00120__cyto,chaemulonii_draft,40.0,1.0
R03458__cyto,R03458__cyto,5-Amino-6-(5'-phospho-D-ribitylamino)uracil + NADP+ <=> 5-Amino-6-(5'-phosphoribosylamino),True,True,False,False,redox,1.0,-3.8802803498566156e-05,-3.8802803498566156e-05,C00006__cyto + C04454__cyto <=> C00005__cyto + C00080__cyto + C01268__cyto,chaemulonii_draft,40.0,1.0
R01960__cyto,R01960__cyto,L-Kynurenine + Oxygen + NADPH + H+ => 3-Hydroxy-L-kynurenine + NADP+ + H2O,True,False,False,False,redox,-1.0,3.199148393732369e-05,-3.199148393732369e-05,C00005__cyto + C00007__cyto + C00080__cyto + C00328__cyto --> C00001__cyto + C00006__cyto + C03227__cyto,chaemulonii_draft,40.0,1.0
R03348__cyto,R03348__cyto,Quinolinate + 5-Phospho-alpha-D-ribose 1-diphosphate => Nicotinate D-ribonucleotide + Diph,True,False,False,False,redox,-1.0,3.199148393732369e-05,-3.199148393732369e-05,C00080__cyto + C00119__cyto + C03722__cyto --> C00011__cyto + C00013__cyto + C01185__cyto,chaemulonii_draft,40.0,1.0
R02324__cyto,R02324__cyto,ATP + Nicotinamide-beta-riboside <=> ADP + Nicotinamide D-ribonucleotide,True,True,False,False,redox,1.0,2.6485784582855273e-05,2.6485784582855273e-05,C00002__cyto + C03150__cyto <=> C00008__cyto + C00080__cyto + C00455__cyto,chaemulonii_draft,40.0,1.0
R12026__cyto,R12026__cyto,NAD+ + Glycine + Hydrogen sulfide <=> Nicotinamide + ADP-5-ethyl-4-methylthiazole-2-carbox,True,True,False,False,redox,1.0,2.6485784582855273e-05,2.6485784582855273e-05,C00003__cyto + C00037__cyto + C00283__cyto <=> 3.0 C00001__cyto + C00080__cyto + C00153__cyto + C20784__cyto,chaemulonii_draft,40.0,1.0
R02294__cyto,R02294__cyto,Nicotinamide-beta-riboside + Orthophosphate <=> Nicotinamide + alpha-D-Ribose 1-phosphate,True,True,False,False,carrier,1.0,-2.6485784582855273e-05,-2.6485784582855273e-05,C00009__cyto + C03150__cyto <=> C00080__cyto + C00153__cyto + C00620__cyto,chaemulonii_draft,40.0,1.0
R00137__cyto,R00137__cyto,ATP + Nicotinamide D-ribonucleotide <=> Diphosphate + NAD+,True,True,False,False,redox,-1.0,2.6485784582855273e-05,-2.6485784582855273e-05,C00002__cyto + C00080__cyto + C00455__cyto <=> C00003__cyto + C00013__cyto,chaemulonii_draft,40.0,1.0
R10712__cyto,R10712__cyto,H+ + 4-Amino-5-hydroxymethyl-2-methylpyrimidine diphosphate + 2-(2-Carboxy-4-methylthiazol,True,False,False,False,redox,-1.0,2.6485784582855273e-05,-2.6485784582855273e-05,C00080__cyto + C04752__cyto + C20247__cyto --> C00011__cyto + C00013__cyto + C01081__cyto,chaemulonii_draft,40.0,1.0
R00081__mito,R00081__mito,Oxygen + 4 Ferrocytochrome c + 6 H+ => 4 Ferricytochrome c + 2 H2O + 6 H+,False,False,False,True,redox,6.0,3.3555505087033444,20.133303052220064,C00007__mito + 6.0 C00080__mito + 4.0 C00126__mito --> 2.0 C00001__mito + 6.0 C00080__cyto + 4.0 C00125__mito,cduobushaemulonii_draft,40.0,1.0
R02161__mito,R02161__mito,1.5 H+ (cyto) + 2 Ferricytochrome c (mito) + Ubiquinol-9 (mito) => Ubiquinone-9 (mito) + 1,True,False,False,True,redox,-1.5,6.711101017406689,-10.066651526110032,1.5 C00080__cyto + 2.0 C00125__mito + M8428__mito --> 1.5 C00080__mito + 2.0 C00126__mito + C01967__mito,cduobushaemulonii_draft,40.0,1.0
T_ATP_synthase__mito,T_ATP_synthase__mito,Orthophosphate (mito) + ADP (mito) + 3 H+ (cyto) <=> ATP (mito) + H2O (mito) + 3 H+ (mito),True,True,True,True,atp_synthase,-3.0,3.1459004754514743,-9.437701426354423,C00008__mito + C00009__mito + 3.0 C00080__cyto <=> C00001__mito + C00002__mito + 3.0 C00080__mito,cduobushaemulonii_draft,40.0,1.0
R01061__cyto,R01061__cyto,D-Glyceraldehyde 3-phosphate + Orthophosphate + NAD+ <=> 3-Phospho-D-glyceroyl phosphate +,True,True,False,False,redox,1.0,3.924643777819456,3.924643777819456,C00003__cyto + C00009__cyto + C00118__cyto <=> C00004__cyto + C00080__cyto + C00236__cyto,cduobushaemulonii_draft,40.0,1.0
R11945__cyto,R11945__cyto,Ubiquinone-9 + NADH + H+ => NAD+ + Ubiquinol-9,True,False,False,False,redox,-1.0,3.487480853763894,-3.487480853763894,C00004__cyto + C00080__cyto + C01967__mito --> C00003__cyto + M8428__mito,cduobushaemulonii_draft,40.0,1.0
R00711__cyto,R00711__cyto,Acetaldehyde + NADP+ + H2O <=> Acetate + NADPH + H+,False,True,False,False,redox,1.0,0.6914265281346198,0.6914265281346198,C00001__cyto + C00006__cyto + C00084__cyto <=> C00005__cyto + C00033__cyto + C00080__cyto,cduobushaemulonii_draft,40.0,1.0
T_Pyruvate_c00022_CytoMito__mito,T_Pyruvate_c00022_CytoMito__mito,Pyruvate (Cyto) + H+ (Cyto) <=> Pyruvate (Mito) + H+ (Mito),False,False,False,True,carrier,-1.0,0.62878051642098,-0.62878051642098,C00022__cyto + C00080__cyto --> C00022__mito + C00080__mito,cduobushaemulonii_draft,40.0,1.0
R10092__cyto,R10092__cyto,HCO3- + H+ <=> CO2 + H2O,True,True,False,False,redox,-1.0,-0.36518656824191637,0.36518656824191637,C00080__cyto + C00288__cyto <=> C00001__cyto + C00011__cyto,cduobushaemulonii_draft,40.0,1.0
R00742__cyto,R00742__cyto,ATP + Acetyl-CoA + H+ + HCO3- => Orthophosphate + ADP + Malonyl-CoA,True,False,False,False,redox,-1.0,0.36266985856783845,-0.36266985856783845,C00002__cyto + C00024__cyto + C00080__cyto + C00288__cyto --> C00008__cyto + C00009__cyto + C00083__cyto,cduobushaemulonii_draft,40.0,1.0
R02082__cyto,R02082__cyto,(S)-3-Hydroxy-3-methylglutaryl-CoA + 2 NADPH + 2 H+ => (R)-Mevalonate + CoA + 2 NADP+,True,False,False,False,redox,-2.0,0.07158079675632309,-0.14316159351264618,2.0 C00005__cyto + 2.0 C00080__cyto + C00356__cyto --> 2.0 C00006__cyto + C00010__cyto + C00418__cyto,cduobushaemulonii_draft,40.0,1.0
R00100__cyto,R00100__cyto,NADH + 2 Ferricytochrome b5 <=> NAD+ + H+ + 2 Ferrocytochrome b5,True,True,False,False,redox,1.0,0.10967327211861913,0.10967327211861913,C00004__cyto + 2.0 C00996__cyto <=> C00003__cyto + C00080__cyto + 2.0 C00999__cyto,cduobushaemulonii_draft,40.0,1.0
R07509__cyto,R07509__cyto,14-Demethyllanosterol + 6 Ferrocytochrome b5 + 3 Oxygen + 6 H+ <=> 4alpha-Methylzymosterol,True,True,False,False,redox,-6.0,0.011670156463681237,-0.07002093878208743,3.0 C00007__cyto + 6.0 C00080__cyto + 6.0 C00999__cyto + C05108__cyto <=> 4.0 C00001__cyto + 6.0 C00996__cyto + C15808__cyto,cduobushaemulonii_draft,40.0,1.0
R05640__cyto,R05640__cyto,"Lanosterol + 3 [Reduced NADPH---hemoprotein reductase] + 3 Oxygen => 4,4-Dimethyl-5alpha-c",True,False,False,False,redox,-6.0,0.011670156463681237,-0.07002093878208743,3.0 C00007__cyto + 6.0 C00080__cyto + C01724__cyto + 3.0 C03024__cyto --> 4.0 C00001__cyto + C00058__cyto + 3.0 C03161__cyto + C11455__cyto,cduobushaemulonii_draft,40.0,1.0
R12403__cyto,R12403__cyto,4alpha-Methylzymosterol + 6 Ferrocytochrome b5 + 3 Oxygen + 6 H+ <=> 4alpha-Carboxy-5alpha,True,True,False,False,redox,-6.0,0.011670156463681237,-0.07002093878208743,3.0 C00007__cyto + 6.0 C00080__cyto + 6.0 C00999__cyto + C05103__cyto <=> 4.0 C00001__cyto + 6.0 C00996__cyto + C22112__cyto,cduobushaemulonii_draft,40.0,1.0
R02222__cyto,R02222__cyto,Stearoyl-CoA + 2 Ferrocytochrome b5 + Oxygen + 2 H+ <=> Oleoyl-CoA + 2 Ferricytochrome b5 ,True,True,False,False,redox,-2.0,0.0264591844624068,-0.0529183689248136,C00007__cyto + 2.0 C00080__cyto + C00412__cyto + 2.0 C00999__cyto <=> 2.0 C00001__cyto + C00510__cyto + 2.0 C00996__cyto,cduobushaemulonii_draft,40.0,1.0
R04955__cyto,R04955__cyto,Hexanoyl-[acp] + NAD+ => trans-Hex-2-enoyl-[acp] + NADH + H+,True,False,False,False,redox,-1.0,0.04729893569413073,-0.04729893569413073,C00004__cyto + C00080__cyto + C05748__cyto --> C00003__cyto + C05749__cyto,cduobushaemulonii_draft,40.0,1.0
R04566__cyto,R04566__cyto,(3R)-3-Hydroxytetradecanoyl-[acyl-carrier protein] + NADP+ <=> 3-Oxotetradecanoyl-[acp] + ,True,True,False,False,redox,1.0,-0.04729893569413073,-0.04729893569413073,C00006__cyto + C04688__cyto <=> C00005__cyto + C00080__cyto + C05759__cyto,cduobushaemulonii_draft,40.0,1.0
R04964__cyto,R04964__cyto,(R)-3-Hydroxydodecanoyl-[acp] + NADP+ <=> 3-Oxododecanoyl-[acp] + NADPH + H+,True,True,False,False,redox,1.0,-0.04729893569413073,-0.04729893569413073,C00006__cyto + C05757__cyto <=> C00005__cyto + C00080__cyto + C05756__cyto,cduobushaemulonii_draft,40.0,1.0
R04533__cyto,R04533__cyto,(3R)-3-Hydroxybutanoyl-[acyl-carrier protein] + NADP+ <=> Acetoacetyl-[acp] + NADPH + H+,True,True,False,False,redox,1.0,-0.04729893569413073,-0.04729893569413073,C00006__cyto + C04618__cyto <=> C00005__cyto + C00080__cyto + C05744__cyto,cduobushaemulonii_draft,40.0,1.0
R04536__cyto,R04536__cyto,(3R)-3-Hydroxyoctanoyl-[acyl-carrier protein] + NADP+ <=> 3-Oxooctanoyl-[acp] + NADPH + H+,True,True,False,False,redox,1.0,-0.04729893569413073,-0.04729893569413073,C00006__cyto + C04620__cyto <=> C00005__cyto + C00080__cyto + C05750__cyto,cduobushaemulonii_draft,40.0,1.0
R04953__cyto,R04953__cyto,(R)-3-Hydroxyhexanoyl-[acp] + NADP+ <=> 3-Oxohexanoyl-[acp] + NADPH + H+,True,True,False,False,redox,1.0,-0.04729893569413073,-0.04729893569413073,C00006__cyto + C05747__cyto <=> C00005__cyto + C00080__cyto + C05746__cyto,cduobushaemulonii_draft,40.0,1.0
R04958__cyto,R04958__cyto,Octanoyl-[acp] + NAD+ => trans-Oct-2-enoyl-[acp] + NADH + H+,True,False,False,False,redox,-1.0,0.04729893569413073,-0.04729893569413073,C00004__cyto + C00080__cyto + C05751__cyto --> C00003__cyto + C05752__cyto,cduobushaemulonii_draft,40.0,1.0
R04724__cyto,R04724__cyto,Dodecanoyl-[acyl-carrier protein] + NAD+ => trans-Dodec-2-enoyl-[acp] + NADH + H+,True,False,False,False,redox,-1.0,0.04729893569413073,-0.04729893569413073,C00004__cyto + C00080__cyto + C05758__cyto --> C00003__cyto + C05223__cyto,cduobushaemulonii_draft,40.0,1.0
R04429__cyto,R04429__cyto,Butyryl-[acp] + NAD+ => But-2-enoyl-[acyl-carrier protein] + NADH + H+,True,False,False,False,redox,-1.0,0.04729893569413073,-0.04729893569413073,C00004__cyto + C00080__cyto + C04246__cyto --> C00003__cyto + C05745__cyto,cduobushaemulonii_draft,40.0,1.0
R04961__cyto,R04961__cyto,Decanoyl-[acp] + NAD+ => trans-Dec-2-enoyl-[acp] + NADH + H+,True,False,False,False,redox,-1.0,0.04729893569413073,-0.04729893569413073,C00004__cyto + C00080__cyto + C05754__cyto --> C00003__cyto + C05755__cyto,cduobushaemulonii_draft,40.0,1.0
R04966__cyto,R04966__cyto,Tetradecanoyl-[acp] + NAD+ => trans-Tetradec-2-enoyl-[acp] + NADH + H+,True,False,False,False,redox,-1.0,0.04729893569413073,-0.04729893569413073,C00004__cyto + C00080__cyto + C05760__cyto --> C00003__cyto + C05761__cyto,cduobushaemulonii_draft,40.0,1.0
R04534__cyto,R04534__cyto,(3R)-3-Hydroxydecanoyl-[acyl-carrier protein] + NADP+ <=> 3-Oxodecanoyl-[acp] + NADPH,True,True,False,False,redox,1.0,-0.04729893569413073,-0.04729893569413073,C00006__cyto + C04619__cyto <=> C00005__cyto + C00080__cyto + C05753__cyto,cduobushaemulonii_draft,40.0,1.0
R04969__cyto,R04969__cyto,Hexadecanoyl-[acp] + NAD+ => trans-Hexadec-2-enoyl-[acp] + NADH + H+,True,False,False,False,redox,-1.0,0.04699797972387472,-0.04699797972387472,C00004__cyto + C00080__cyto + C05763__cyto --> C00003__cyto + C05764__cyto,cduobushaemulonii_draft,40.0,1.0
R04543__cyto,R04543__cyto,(3R)-3-Hydroxypalmitoyl-[acyl-carrier protein] + NADP+ <=> 3-Oxohexadecanoyl-[acp] + NADPH,True,True,False,False,redox,1.0,-0.04699797972387472,-0.04699797972387472,C00006__cyto + C04633__cyto <=> C00005__cyto + C00080__cyto + C05762__cyto,cduobushaemulonii_draft,40.0,1.0
R08551__cyto,R08551__cyto,[Oxidized NADPH---hemoprotein reductase] + NADPH + H+ <=> [Reduced NADPH---hemoprotein red,True,True,False,False,redox,1.0,0.046918633554759635,0.046918633554759635,C00005__cyto + C03161__cyto <=> C00006__cyto + C00080__cyto + C03024__cyto,cduobushaemulonii_draft,40.0,1.0
R00858__cyto,R00858__cyto,Sulfite + 3 NADPH + 3 H+ => Hydrogen sulfide + 3 NADP+ + 3 H2O,True,False,False,False,redox,-3.0,0.011533513043047904,-0.03460053912914371,3.0 C00005__cyto + 3.0 C00080__cyto + C00094__cyto --> 3.0 C00001__cyto + 3.0 C00006__cyto + C00283__cyto,cduobushaemulonii_draft,40.0,1.0
R07761__cyto,R07761__cyto,(2E)-Octadecenoyl-CoA + NADPH + H+ <=> Stearoyl-CoA + NADP+,True,True,False,False,redox,-1.0,0.0264591844624068,-0.0264591844624068,C00005__cyto + C00080__cyto + C16218__cyto <=> C00006__cyto + C00412__cyto,cduobushaemulonii_draft,40.0,1.0
R07759__cyto,R07759__cyto,3-Oxostearoyl-CoA + NADPH + H+ <=> 3-Hydroxyoctadecanoyl-CoA + NADP+,True,True,False,False,redox,-1.0,0.0264591844624068,-0.0264591844624068,C00005__cyto + C00080__cyto + C16216__cyto <=> C00006__cyto + C16217__cyto,cduobushaemulonii_draft,40.0,1.0
R02874__cyto,R02874__cyto,"Oxygen + 2 H+ + Squalene + [Reduced NADPH---hemoprotein reductase] => H2O + (S)-2,3-Epoxys",True,False,False,False,redox,-2.0,0.011908164163715925,-0.02381632832743185,C00007__cyto + 2.0 C00080__cyto + C00751__cyto + C03024__cyto --> C00001__cyto + C01054__cyto + C03161__cyto,cduobushaemulonii_draft,40.0,1.0
TI1000035_PLAS__plas,TI1000035_PLAS__plas,1.0 L-Alanine (cyto) + 1.0 H+ (cyto) => 1.0 L-Alanine (extr) + 1.0 H+ (extr),False,False,False,True,carrier,-1.0,0.023502263284848855,-0.023502263284848855,C00041__cyto + C00080__cyto --> C00041__extr + C00080__extr,cduobushaemulonii_draft,40.0,1.0
R07505__cyto,R07505__cyto,"Episterol + 2 Ferrocytochrome b5 + Oxygen + 2 H+ => 5,7,24(28)-Ergostatrienol + 2 Ferricyt",True,False,False,False,redox,-2.0,0.010774019583056694,-0.02154803916611339,C00007__cyto + 2.0 C00080__cyto + 2.0 C00999__cyto + C15777__cyto --> 2.0 C00001__cyto + 2.0 C00996__cyto + C15778__cyto,cduobushaemulonii_draft,40.0,1.0
TR1000156_PLAS__plas,TR1000156_PLAS__plas,1.0 L-Valine (extr) + 1.0 H+ (extr) => 1.0 L-Valine (cyto) + 1.0 H+ (cyto),False,False,False,True,carrier,1.0,0.013410426200281718,0.013410426200281718,C00080__extr + C00183__extr --> C00080__cyto + C00183__cyto,cduobushaemulonii_draft,40.0,1.0
R01224__cyto,R01224__cyto,"5-Methyltetrahydrofolate + NADP+ <=> 5,10-Methylenetetrahydrofolate + NADPH + H+",False,True,False,False,redox,1.0,-0.01335075396638194,-0.01335075396638194,C00006__cyto + C00440__cyto <=> C00005__cyto + C00080__cyto + C00143__cyto,cduobushaemulonii_draft,40.0,1.0
R06223__cyto,R06223__cyto,"2 trans,trans-Farnesyl diphosphate + NADPH + H+ <=> Squalene + 2 Diphosphate + NADP+",True,True,False,False,redox,-1.0,0.011908164163715925,-0.011908164163715925,C00005__cyto + C00080__cyto + 2.0 C00448__cyto <=> C00006__cyto + 2.0 C00013__cyto + C00751__cyto,cduobushaemulonii_draft,40.0,1.0
R02016__cyto,R02016__cyto,Thioredoxin + NADP+ <=> Thioredoxin disulfide + NADPH + H+,True,True,False,False,redox,1.0,-0.011866423503046602,-0.011866423503046602,C00006__cyto + C00342__cyto <=> C00005__cyto + C00080__cyto + C00343__cyto,cduobushaemulonii_draft,40.0,1.0
R12404__cyto,R12404__cyto,"4alpha-Carboxy-5alpha-cholesta-8,24-dien-3beta-ol + NADP+ <=> Zymosterone + NADPH + H+ + C",True,True,False,False,redox,1.0,0.011670156463681237,0.011670156463681237,C00006__cyto + C22112__cyto <=> C00005__cyto + C00011__cyto + C00080__cyto + C22136__cyto,cduobushaemulonii_draft,40.0,1.0
R05639__cyto,R05639__cyto,"14-Demethyllanosterol + NADP+ <=> 4,4-Dimethyl-5alpha-cholesta-8,14,24-trien-3beta-ol + NA",True,True,False,False,redox,1.0,-0.011670156463681237,-0.011670156463681237,C00006__cyto + C05108__cyto <=> C00005__cyto + C00080__cyto + C11455__cyto,cduobushaemulonii_draft,40.0,1.0
R07494__cyto,R07494__cyto,4alpha-Methylzymosterol-4-carboxylate + NADP+ <=> 3-Keto-4-methylzymosterol + NADPH + H+ +,True,True,False,False,redox,1.0,0.011670156463681237,0.011670156463681237,C00006__cyto + C15808__cyto <=> C00005__cyto + C00011__cyto + C00080__cyto + C15816__cyto,cduobushaemulonii_draft,40.0,1.0
R12405__cyto,R12405__cyto,Zymosterone + NADPH + H+ <=> Zymosterol + NADP+,True,True,False,False,redox,-1.0,0.011670156463681237,-0.011670156463681237,C00005__cyto + C00080__cyto + C22136__cyto <=> C00006__cyto + C05437__cyto,cduobushaemulonii_draft,40.0,1.0
R07495__cyto,R07495__cyto,3-Keto-4-methylzymosterol + NADPH + H+ <=> 4alpha-Methylzymosterol + NADP+,True,True,False,False,redox,-1.0,0.011670156463681237,-0.011670156463681237,C00005__cyto + C00080__cyto + C15816__cyto <=> C00006__cyto + C05103__cyto,cduobushaemulonii_draft,40.0,1.0
R07506__cyto,R07506__cyto,"5,7,24(28)-Ergostatrienol + NADPH + H+ + Oxygen => Ergosta-5,7,22,24(28)-tetraen-3beta-ol ",True,False,False,False,redox,-1.0,0.010774019583056694,-0.010774019583056694,C00005__cyto + C00007__cyto + C00080__cyto + C15778__cyto --> 2.0 C00001__cyto + C00006__cyto + C05440__cyto,cduobushaemulonii_draft,40.0,1.0
R05641__cyto,R05641__cyto,"NADP+ + Ergosterol <=> NADPH + Ergosta-5,7,22,24(28)-tetraen-3beta-ol + H+",True,True,False,False,redox,1.0,-0.009517115062703656,-0.009517115062703656,C00006__cyto + C01694__cyto <=> C00005__cyto + C00080__cyto + C05440__cyto,cduobushaemulonii_draft,40.0,1.0
R01039__cyto,R01039__cyto,NADP+ + Glycerol <=> NADPH + H+ + Glycerone,True,True,False,False,redox,1.0,-0.009458746115667627,-0.009458746115667627,C00006__cyto + C00116__cyto <=> C00005__cyto + C00080__cyto + C00184__cyto,cduobushaemulonii_draft,40.0,1.0
TI1000023_PLAS__plas,TI1000023_PLAS__plas,1.0 L-Glutamate (cyto) + 1.0 H+ (cyto) => 1.0 L-Glutamate (extr) + 1.0 H+ (extr),False,False,False,True,carrier,-1.0,0.00844622072509915,-0.00844622072509915,C00025__cyto + C00080__cyto --> C00025__extr + C00080__extr,cduobushaemulonii_draft,40.0,1.0
R00519__cyto,R00519__cyto,Formate + NAD+ => H+ + CO2 + NADH,True,False,False,False,redox,1.0,0.007774878779370584,0.007774878779370584,C00003__cyto + C00058__cyto --> C00004__cyto + C00011__cyto + C00080__cyto,cduobushaemulonii_draft,40.0,1.0
TO1000039_PLAS__plas,TO1000039_PLAS__plas,1.0 L-Lysine (extr) + 1.0 H+ (extr) => 1.0 H+ (cyto) + 1.0 L-Lysine (cyto),False,False,False,True,carrier,1.0,0.006735743891147672,0.006735743891147672,C00047__extr + C00080__extr --> C00047__cyto + C00080__cyto,cduobushaemulonii_draft,40.0,1.0
R07763__cyto,R07763__cyto,3-Oxostearoyl-[acp] + NADPH + H+ <=> (R)-3-Hydroxyoctadecanoyl-[acp] + NADP+,True,True,False,False,redox,-1.0,0.005419080216772501,-0.005419080216772501,C00005__cyto + C00080__cyto + C16219__cyto <=> C00006__cyto + C16220__cyto,cduobushaemulonii_draft,40.0,1.0
R07765__cyto,R07765__cyto,(2E)-Octadecenoyl-[acp] + NADH + H+ <=> Octadecanoyl-[acyl-carrier protein] + NAD+,True,True,False,False,redox,-1.0,0.005419080216772501,-0.005419080216772501,C00004__cyto + C00080__cyto + C16221__cyto <=> C00003__cyto + C04088__cyto,cduobushaemulonii_draft,40.0,1.0
TO1000119_PLAS__plas,TO1000119_PLAS__plas,1.0 L-Histidine (extr) + 1.0 H+ (extr) => 1.0 L-Histidine (cyto) + 1.0 H+ (cyto),False,False,False,True,carrier,1.0,0.005181938742937175,0.005181938742937175,C00080__extr + C00135__extr --> C00080__cyto + C00135__cyto,cduobushaemulonii_draft,40.0,1.0
R00835__cyto,R00835__cyto,"D-Glucose 6-phosphate + NADP+ => D-Glucono-1,5-lactone 6-phosphate + NADPH + H+",True,False,False,False,redox,1.0,0.004795716222938069,0.004795716222938069,C00006__cyto + C00092__cyto --> C00005__cyto + C00080__cyto + C01236__cyto,cduobushaemulonii_draft,40.0,1.0
R01528__cyto,R01528__cyto,6-Phospho-D-gluconate + NADP+ => D-Ribulose 5-phosphate + CO2 + NADPH + H+,True,False,False,False,redox,1.0,0.004795716222938069,0.004795716222938069,C00006__cyto + C00345__cyto --> C00005__cyto + C00011__cyto + C00080__cyto + C00199__cyto,cduobushaemulonii_draft,40.0,1.0
TO1000404_PLAS__plas,TO1000404_PLAS__plas,1.0 D-Ornithine (extr) + 1.0 H+ (extr) => 1.0 D-Ornithine (cyto) + 1.0 H+ (cyto),False,False,False,True,carrier,1.0,0.00469014709990389,0.00469014709990389,C00080__extr + C00515__extr --> C00080__cyto + C00515__cyto,cduobushaemulonii_draft,40.0,1.0
R02756__cyto,R02756__cyto,1-Acyl-sn-glycerol 3-phosphate + NADP+ <=> Acylglycerone phosphate + NADPH + H+,True,True,False,False,redox,1.0,-0.004381257263079751,-0.004381257263079751,C00006__cyto + C00681__cyto <=> C00005__cyto + C00080__cyto + C03372__cyto,cduobushaemulonii_draft,40.0,1.0
R02472__cyto,R02472__cyto,(R)-Pantoate + NADP+ <=> 2-Dehydropantoate + NADPH + H+,True,True,False,False,redox,1.0,-0.004168612740450931,-0.004168612740450931,C00006__cyto + C00522__cyto <=> C00005__cyto + C00080__cyto + C00966__cyto,cduobushaemulonii_draft,40.0,1.0
TI1000644_PLAS__plas,TI1000644_PLAS__plas,1.0 H+ (cyto) + 1.0 Pantothenate (cyto) => 1.0 Pantothenate (extr) + 1.0 H+ (extr),False,False,False,True,carrier,-1.0,0.004157295250612555,-0.004157295250612555,C00080__cyto + C00864__cyto --> C00080__extr + C00864__extr,cduobushaemulonii_draft,40.0,1.0
TO1000065_PLAS__plas,TO1000065_PLAS__plas,1.0 L-Tryptophan (extr) + 1.0 H+ (extr) => 1.0 H+ (cyto) + 1.0 L-Tryptophan (cyto),False,False,False,True,carrier,1.0,0.003548797106868474,0.003548797106868474,C00078__extr + C00080__extr --> C00078__cyto + C00080__cyto,cduobushaemulonii_draft,40.0,1.0
R12185__cyto,R12185__cyto,Ammonia + HCO3- <=> Carbamate + H2O,False,True,False,False,carrier,-1.0,0.002516709674077885,-0.002516709674077885,C00014__cyto + C00080__cyto + C00288__cyto <=> C00001__cyto + C01563__cyto,cduobushaemulonii_draft,40.0,1.0
TO1000060_PLAS__plas,TO1000060_PLAS__plas,1.0 L-Methionine (extr) + 1.0 H+ (extr) => 1.0 H+ (cyto) + 1.0 L-Methionine (cyto),False,False,False,True,carrier,1.0,0.0024899520009173774,0.0024899520009173774,C00073__extr + C00080__extr --> C00073__cyto + C00080__cyto,cduobushaemulonii_draft,40.0,1.0
R12205__cyto,R12205__cyto,"Linoleoyl-CoA + 2 Ferrocytochrome b5 + Oxygen + 2 H+ <=> (9Z,12Z,15Z)-Octadecatrienoyl-CoA",True,True,False,False,redox,-2.0,0.0012095646455341032,-0.0024191292910682063,C00007__cyto + 2.0 C00080__cyto + 2.0 C00999__cyto + C02050__cyto <=> 2.0 C00001__cyto + 2.0 C00996__cyto + C16162__cyto,cduobushaemulonii_draft,40.0,1.0
R11043__cyto,R11043__cyto,Oxygen + Oleoyl-CoA + 2 H+ + 2 Ferrocytochrome b5 <=> 2 H2O + Linoleoyl-CoA + 2 Ferricytoc,True,True,False,False,redox,-2.0,0.0012095646455341032,-0.0024191292910682063,C00007__cyto + 2.0 C00080__cyto + C00510__cyto + 2.0 C00999__cyto <=> 2.0 C00001__cyto + 2.0 C00996__cyto + C02050__cyto,cduobushaemulonii_draft,40.0,1.0
R01130__cyto,R01130__cyto,IMP + NAD+ + H2O <=> Xanthosine 5'-phosphate + NADH + H+,True,True,False,False,redox,1.0,0.0009461433891185494,0.0009461433891185494,C00001__cyto + C00003__cyto + C00130__cyto <=> C00004__cyto + C00080__cyto + C00655__cyto,cduobushaemulonii_draft,40.0,1.0
T_L_Serine_c00065_MitoCyto__mito,T_L_Serine_c00065_MitoCyto__mito,L-Serine (Mito) + H+ (Mito) <=> L-Serine (Cyto) + H+ (Cyto),False,False,False,True,carrier,1.0,-0.000111000323950486,-0.000111000323950486,C00065__mito + C00080__mito <-- C00065__cyto + C00080__cyto,cduobushaemulonii_draft,40.0,1.0
R02413__cyto,R02413__cyto,Shikimate + NADP+ <=> 3-Dehydroshikimate + NADPH + H+,True,True,False,False,redox,1.0,-5.8209319666804594e-05,-5.8209319666804594e-05,C00006__cyto + C00493__cyto <=> C00005__cyto + C00080__cyto + C02637__cyto,cduobushaemulonii_draft,40.0,1.0
TO1000104_PLAS__plas,TO1000104_PLAS__plas,1.0 Biotin (extr) + 1.0 H+ (extr) => 1.0 Biotin (cyto) + 1.0 H+ (cyto),False,False,False,True,carrier,1.0,3.5368685200835535e-05,3.5368685200835535e-05,C00080__extr + C00120__extr --> C00080__cyto + C00120__cyto,cduobushaemulonii_draft,40.0,1.0
R03458__cyto,R03458__cyto,5-Amino-6-(5'-phospho-D-ribitylamino)uracil + NADP+ <=> 5-Amino-6-(5'-phosphoribosylamino),True,True,False,False,redox,1.0,-2.9977678883538454e-05,-2.9977678883538454e-05,C00006__cyto + C04454__cyto <=> C00005__cyto + C00080__cyto + C01268__cyto,cduobushaemulonii_draft,40.0,1.0
R01960__cyto,R01960__cyto,L-Kynurenine + Oxygen + NADPH + H+ => 3-Hydroxy-L-kynurenine + NADP+ + H2O,True,False,False,False,redox,-1.0,2.4715493366414776e-05,-2.4715493366414776e-05,C00005__cyto + C00007__cyto + C00080__cyto + C00328__cyto --> C00001__cyto + C00006__cyto + C03227__cyto,cduobushaemulonii_draft,40.0,1.0
R03348__cyto,R03348__cyto,Quinolinate + 5-Phospho-alpha-D-ribose 1-diphosphate => Nicotinate D-ribonucleotide + Diph,True,False,False,False,redox,-1.0,2.4715493366414776e-05,-2.4715493366414776e-05,C00080__cyto + C00119__cyto + C03722__cyto --> C00011__cyto + C00013__cyto + C01185__cyto,cduobushaemulonii_draft,40.0,1.0
R02324__cyto,R02324__cyto,ATP + Nicotinamide-beta-riboside <=> ADP + Nicotinamide D-ribonucleotide,True,True,False,False,redox,1.0,2.0461984022178915e-05,2.0461984022178915e-05,C00002__cyto + C03150__cyto <=> C00008__cyto + C00080__cyto + C00455__cyto,cduobushaemulonii_draft,40.0,1.0
R12026__cyto,R12026__cyto,NAD+ + Glycine + Hydrogen sulfide <=> Nicotinamide + ADP-5-ethyl-4-methylthiazole-2-carbox,True,True,False,False,redox,1.0,2.0461984022178915e-05,2.0461984022178915e-05,C00003__cyto + C00037__cyto + C00283__cyto <=> 3.0 C00001__cyto + C00080__cyto + C00153__cyto + C20784__cyto,cduobushaemulonii_draft,40.0,1.0
R02294__cyto,R02294__cyto,Nicotinamide-beta-riboside + Orthophosphate <=> Nicotinamide + alpha-D-Ribose 1-phosphate,True,True,False,False,carrier,1.0,-2.0461984022178915e-05,-2.0461984022178915e-05,C00009__cyto + C03150__cyto <=> C00080__cyto + C00153__cyto + C00620__cyto,cduobushaemulonii_draft,40.0,1.0
R00137__cyto,R00137__cyto,ATP + Nicotinamide D-ribonucleotide <=> Diphosphate + NAD+,True,True,False,False,redox,-1.0,2.0461984022178915e-05,-2.0461984022178915e-05,C00002__cyto + C00080__cyto + C00455__cyto <=> C00003__cyto + C00013__cyto,cduobushaemulonii_draft,40.0,1.0
R10712__cyto,R10712__cyto,H+ + 4-Amino-5-hydroxymethyl-2-methylpyrimidine diphosphate + 2-(2-Carboxy-4-methylthiazol,True,False,False,False,redox,-1.0,2.0461984022178915e-05,-2.0461984022178915e-05,C00080__cyto + C04752__cyto + C20247__cyto --> C00011__cyto + C00013__cyto + C01081__cyto,cduobushaemulonii_draft,40.0,1.0
T00485__cyto,T00485__cyto,Orthophosphate (mito) + ADP (mito) + 3 H+ (cyto) => ATP (mito) + H2O (mito) + 3 H+ (mito),True,False,True,True,atp_synthase,-3.0,10.007304623220717,-30.02191386966215,C00008__mito + C00009__mito + 3.0 C00080__cyto --> C00001__mito + C00002__mito + 3.0 C00080__mito,cparapsilosis_iDC1003,40.0,1.0
R11945__mito,R11945__mito,Ubiquinone-9 + NADH + 5 H+ (Mito) <=> Ubiquinol-9 + NAD+ 4 H+ (Cyto),True,True,False,True,redox,4.0,4.77401785654314,19.09607142617256,C00004__mito + 5.0 C00080__mito + C01967__mito <=> C00003__mito + 4.0 C00080__cyto + M8416__mito,cparapsilosis_iDC1003,40.0,1.0
T_ATP_ADP_Mito_Antiporter__mito,T_ATP_ADP_Mito_Antiporter__mito,ADP (Cyto) + ATP (Mito) + H+ (Cyto) => ATP (Cyto) + ADP (Mito) + H+ (Mito),False,False,False,True,carrier,-1.0,10.007304623220717,-10.007304623220717,C00002__mito + C00008__cyto + C00080__cyto --> C00002__cyto + C00008__mito + C00080__mito,cparapsilosis_iDC1003,40.0,1.0
T_Oxaloacetate_c00036_CytoMito__plas,T_Oxaloacetate_c00036_CytoMito__plas,Oxaloacetate (Cyto) + H+ (Cyto) <=> Oxaloacetate (Mito) + H+ (Mito),False,False,False,True,carrier,-1.0,10.007104104930793,-10.007104104930793,C00036__cyto + C00080__cyto --> C00036__mito + C00080__mito,cparapsilosis_iDC1003,40.0,1.0
T02161__mito,T02161__mito,1.5 H+ (mito) + 2 Ferricytochrome c (mito) + Ubiquinol-9 (mito) => Ubiquinone-9 (mito) + 1,True,False,False,True,redox,1.5,5.814673954846231,8.722010932269347,1.5 C00080__mito + 2.0 C00125__mito + M8416__mito --> 1.5 C00080__cyto + 2.0 C00126__mito + C01967__mito,cparapsilosis_iDC1003,40.0,1.0
TO1000242_CYTMEM__plas,TO1000242_CYTMEM__plas,1.0 HCO3- (extr) + 1.0 H+ (extr) => 1.0 HCO3- (cyto) + 1.0 H+ (cyto),True,False,False,True,carrier,1.0,8.300838928359374,8.300838928359374,C00080__extr + C00288__extr --> C00080__cyto + C00288__cyto,cparapsilosis_iDC1003,40.0,1.0
R00081__mito,R00081__mito,Oxygen + 4 Ferrocytochrome c + 4 H+ => 4 Ferricytochrome c + 2 H2O,False,False,False,True,redox,2.0,2.9073369774231157,5.814673954846231,C00007__mito + 6.0 C00080__mito + 4.0 C00126__mito --> 2.0 C00001__mito + 2.0 C00080__cyto + 4.0 C00125__mito,cparapsilosis_iDC1003,40.0,1.0
R02537__cyto,R02537__cyto,Phenylacetaldehyde + NADP+ + H2O <=> Phenylacetic acid + NADPH + H+,True,True,False,False,redox,1.0,2.9839508681661417,2.9839508681661417,C00001__cyto + C00006__cyto + C00601__cyto <=> C00005__cyto + C00080__cyto + C07086__cyto,cparapsilosis_iDC1003,40.0,1.0
TI2000430_CYTMEM__plas,TI2000430_CYTMEM__plas,1.0 Phenylacetic acid (cyto) + 1.0 H+ (extr) => 1.0 H+ (cyto) + 1.0 Phenylacetic acid (ext,True,False,False,True,carrier,1.0,2.9839508681661417,2.9839508681661417,C00080__extr + C07086__cyto --> C00080__cyto + C07086__extr,cparapsilosis_iDC1003,40.0,1.0
R00714__cyto,R00714__cyto,Succinate semialdehyde + NADP+ + H2O => Succinate + NADPH + H+,True,False,False,False,redox,1.0,1.0216208590976696,1.0216208590976696,C00001__cyto + C00006__cyto + C00232__cyto --> C00005__cyto + C00042__cyto + C00080__cyto,cparapsilosis_iDC1003,40.0,1.0
R08558__cyto,R08558__cyto,Choline + NADP+ <=> Betaine aldehyde + NADPH + H+,True,True,False,False,redox,1.0,0.967755113321856,0.967755113321856,C00006__cyto + C00114__cyto <=> C00005__cyto + C00080__cyto + C00576__cyto,cparapsilosis_iDC1003,40.0,1.0
R08557__cyto,R08557__cyto,Choline + NAD+ <=> Betaine aldehyde + NADH + H+,True,True,False,False,redox,1.0,-0.9667115236983101,-0.9667115236983101,C00003__cyto + C00114__cyto <=> C00004__cyto + C00080__cyto + C00576__cyto,cparapsilosis_iDC1003,40.0,1.0
R00342__cyto,R00342__cyto,(S)-Malate + NAD+ <=> Oxaloacetate + NADH + H+,True,True,False,False,redox,1.0,0.9291053636654999,0.9291053636654999,C00003__cyto + C00149__cyto <=> C00004__cyto + C00036__cyto + C00080__cyto,cparapsilosis_iDC1003,40.0,1.0
R00706__cyto,R00706__cyto,3-Oxopropanoate + CoA + NADP+ => Acetyl-CoA + CO2 + NADPH + H+,True,False,False,False,redox,1.0,0.8098105368226297,0.8098105368226297,C00006__cyto + C00010__cyto + C00222__cyto --> C00005__cyto + C00011__cyto + C00024__cyto + C00080__cyto,cparapsilosis_iDC1003,40.0,1.0
R10092__cyto,R10092__cyto,HCO3- + H+ <=> CO2 + H2O,True,True,False,False,redox,-1.0,-0.6240456792656573,0.6240456792656573,C00080__cyto + C00288__cyto <=> C00001__cyto + C00011__cyto,cparapsilosis_iDC1003,40.0,1.0
R00742__cyto,R00742__cyto,ATP + Acetyl-CoA + HCO3- => ADP + Orthophosphate + Malonyl-CoA,True,False,False,False,redox,-1.0,0.5624126562530251,-0.5624126562530251,C00002__cyto + C00024__cyto + C00080__cyto + C00288__cyto --> C00008__cyto + C00009__cyto + C00083__cyto,cparapsilosis_iDC1003,40.0,1.0
TR1000027_CYTMEM__plas,TR1000027_CYTMEM__plas,1.0 D-Glucose (extr) + 1.0 H+ (extr) <=> 1.0 H+ (cyto) + 1.0 D-Glucose (cyto),True,True,False,True,carrier,1.0,0.2864242278073794,0.2864242278073794,C00031__extr + C00080__extr <=> C00031__cyto + C00080__cyto,cparapsilosis_iDC1003,40.0,1.0
R00835__cyto,R00835__cyto,"D-Glucose 6-phosphate + NADP+ => D-Glucono-1,5-lactone 6-phosphate + NADPH + H+",False,False,False,False,redox,1.0,0.21606098068544324,0.21606098068544324,C00006__cyto + C00092__cyto --> C00005__cyto + C00080__cyto + C01236__cyto,cparapsilosis_iDC1003,40.0,1.0
R01528__cyto,R01528__cyto,6-Phospho-D-gluconate + NADP+ => D-Ribulose 5-phosphate + CO2 + NADPH + H+,True,False,False,False,redox,1.0,0.21606098068544324,0.21606098068544324,C00006__cyto + C00345__cyto --> C00005__cyto + C00011__cyto + C00080__cyto + C00199__cyto,cparapsilosis_iDC1003,40.0,1.0
R00214__cyto,R00214__cyto,(S)-Malate + NAD+ => Pyruvate + CO2 + NADH + H+,False,False,False,False,redox,1.0,0.17037494980771953,0.17037494980771953,C00003__cyto + C00149__cyto --> C00004__cyto + C00011__cyto + C00022__cyto + C00080__cyto,cparapsilosis_iDC1003,40.0,1.0
R00100__cyto,R00100__cyto,NADH + 2 Ferricytochrome b5 <=> NAD+ + 2 Ferrocytochrome b5 + H+,True,True,False,False,redox,1.0,0.09675193167080605,0.09675193167080605,C00004__cyto + 2.0 C00996__cyto <=> C00003__cyto + C00080__cyto + 2.0 C00999__cyto,cparapsilosis_iDC1003,40.0,1.0
R02082__cyto,R02082__cyto,(S)-3-Hydroxy-3-methylglutaryl-CoA + 2 NADPH + 2 H+ => (R)-Mevalonate + CoA + 2 NADP+,True,False,False,False,redox,-2.0,0.048037332128220485,-0.09607466425644097,2.0 C00005__cyto + 2.0 C00080__cyto + C00356__cyto --> 2.0 C00006__cyto + C00010__cyto + C00418__cyto,cparapsilosis_iDC1003,40.0,1.0
R00858__cyto,R00858__cyto,Sulfite + 3 NADPH + 3 H+ => Hydrogen sulfide + 3 NADP+ + 3 H2O,True,False,False,False,redox,-3.0,0.0313705162571672,-0.0941115487715016,3.0 C00005__cyto + 3.0 C00080__cyto + C00094__cyto --> 3.0 C00001__cyto + 3.0 C00006__cyto + C00283__cyto,cparapsilosis_iDC1003,40.0,1.0
R02222__cyto,R02222__cyto,Stearoyl-CoA + 2 Ferrocytochrome b5 + Oxygen + 2 H+ <=> Oleoyl-CoA + 2 Ferricytochrome b5 ,True,True,False,False,redox,-2.0,0.03861083579943322,-0.07722167159886643,C00007__cyto + 2.0 C00080__cyto + C00412__cyto + 2.0 C00999__cyto <=> 2.0 C00001__cyto + C00510__cyto + 2.0 C00996__cyto,cparapsilosis_iDC1003,40.0,1.0
R00711__cyto,R00711__cyto,Acetaldehyde + NADP+ + H2O => Acetate + NADPH + H+,True,False,False,False,redox,1.0,0.07346033893786251,0.07346033893786251,C00001__cyto + C00006__cyto + C00084__cyto --> C00005__cyto + C00033__cyto + C00080__cyto,cparapsilosis_iDC1003,40.0,1.0
R04430__cyto,R04430__cyto,Butyryl-[acp] + NADP+ => But-2-enoyl-[acyl-carrier protein] + NADPH + H+,True,False,False,False,redox,-1.0,0.07145758951348723,-0.07145758951348723,C00005__cyto + C00080__cyto + C04246__cyto --> C00006__cyto + C05745__cyto,cparapsilosis_iDC1003,40.0,1.0
R04533__cyto,R04533__cyto,(3R)-3-Hydroxybutanoyl-[acyl-carrier protein] + NADP+ <=> Acetoacetyl-[acp] + NADPH + H+,True,True,False,False,redox,1.0,-0.07145758951348723,-0.07145758951348723,C00006__cyto + C04618__cyto <=> C00005__cyto + C00080__cyto + C05744__cyto,cparapsilosis_iDC1003,40.0,1.0
R04536__cyto,R04536__cyto,(3R)-3-Hydroxyoctanoyl-[acyl-carrier protein] + NADP+ <=> 3-Oxooctanoyl-[acp] + NADPH + H+,True,True,False,False,redox,1.0,-0.07145758951348723,-0.07145758951348723,C00006__cyto + C04620__cyto <=> C00005__cyto + C00080__cyto + C05750__cyto,cparapsilosis_iDC1003,40.0,1.0
R04953__cyto,R04953__cyto,(R)-3-Hydroxyhexanoyl-[acp] + NADP+ <=> 3-Oxohexanoyl-[acp] + NADPH + H+,True,True,False,False,redox,1.0,-0.07145758951348723,-0.07145758951348723,C00006__cyto + C05747__cyto <=> C00005__cyto + C00080__cyto + C05746__cyto,cparapsilosis_iDC1003,40.0,1.0
R04956__cyto,R04956__cyto,Hexanoyl-[acp] + NADP+ => trans-Hex-2-enoyl-[acp] + NADPH + H+,True,False,False,False,redox,-1.0,0.07145758951348723,-0.07145758951348723,C00005__cyto + C00080__cyto + C05748__cyto --> C00006__cyto + C05749__cyto,cparapsilosis_iDC1003,40.0,1.0
R04959__cyto,R04959__cyto,Octanoyl-[acp] + NADP+ => trans-Oct-2-enoyl-[acp] + NADPH + H+,True,False,False,False,redox,-1.0,0.07145758951348723,-0.07145758951348723,C00005__cyto + C00080__cyto + C05751__cyto --> C00006__cyto + C05752__cyto,cparapsilosis_iDC1003,40.0,1.0
R04566__cyto,R04566__cyto,(3R)-3-Hydroxytetradecanoyl-[acyl-carrier protein] + NADP+ <=> 3-Oxotetradecanoyl-[acp] + ,True,True,False,False,redox,1.0,-0.07145758951348719,-0.07145758951348719,C00006__cyto + C04688__cyto <=> C00005__cyto + C00080__cyto + C05759__cyto,cparapsilosis_iDC1003,40.0,1.0
R04964__cyto,R04964__cyto,(R)-3-Hydroxydodecanoyl-[acp] + NADP+ <=> 3-Oxododecanoyl-[acp] + NADPH + H+,True,True,False,False,redox,1.0,-0.07145758951348719,-0.07145758951348719,C00006__cyto + C05757__cyto <=> C00005__cyto + C00080__cyto + C05756__cyto,cparapsilosis_iDC1003,40.0,1.0
R04962__cyto,R04962__cyto,Decanoyl-[acp] + NADP+ => trans-Dec-2-enoyl-[acp] + NADPH + H+,True,False,False,False,redox,-1.0,0.07145758951348719,-0.07145758951348719,C00005__cyto + C00080__cyto + C05754__cyto --> C00006__cyto + C05755__cyto,cparapsilosis_iDC1003,40.0,1.0
R04725__cyto,R04725__cyto,Dodecanoyl-[acyl-carrier protein] + NADP+ => trans-Dodec-2-enoyl-[acp] + NADPH + H+,True,False,False,False,redox,-1.0,0.07145758951348719,-0.07145758951348719,C00005__cyto + C00080__cyto + C05758__cyto --> C00006__cyto + C05223__cyto,cparapsilosis_iDC1003,40.0,1.0
R04534__cyto,R04534__cyto,(3R)-3-Hydroxydecanoyl-[acyl-carrier protein] + NADP+ <=> 3-Oxodecanoyl-[acp] + NADPH,True,True,False,False,redox,1.0,-0.07145758951348719,-0.07145758951348719,C00006__cyto + C04619__cyto <=> C00005__cyto + C00080__cyto + C05753__cyto,cparapsilosis_iDC1003,40.0,1.0
R04967__cyto,R04967__cyto,Tetradecanoyl-[acp] + NADP+ => trans-Tetradec-2-enoyl-[acp] + NADPH + H+,True,False,False,False,redox,-1.0,0.07145758951348719,-0.07145758951348719,C00005__cyto + C00080__cyto + C05760__cyto --> C00006__cyto + C05761__cyto,cparapsilosis_iDC1003,40.0,1.0
R04543__cyto,R04543__cyto,(3R)-3-Hydroxypalmitoyl-[acyl-carrier protein] + NADP+ <=> 3-Oxohexadecanoyl-[acp] + NADPH,True,True,False,False,redox,1.0,-0.07133479252468358,-0.07133479252468358,C00006__cyto + C04633__cyto <=> C00005__cyto + C00080__cyto + C05762__cyto,cparapsilosis_iDC1003,40.0,1.0
R04970__cyto,R04970__cyto,Hexadecanoyl-[acp] + NADP+ => trans-Hexadec-2-enoyl-[acp] + NADPH + H+,True,False,False,False,redox,-1.0,0.07133479252468358,-0.07133479252468358,C00005__cyto + C00080__cyto + C05763__cyto --> C00006__cyto + C05764__cyto,cparapsilosis_iDC1003,40.0,1.0
R07761__cyto,R07761__cyto,(2E)-Octadecenoyl-CoA + NADPH + H+ <=> Stearoyl-CoA + NADP+,True,True,False,False,redox,-1.0,0.06233232664741827,-0.06233232664741827,C00005__cyto + C00080__cyto + C16218__cyto <=> C00006__cyto + C00412__cyto,cparapsilosis_iDC1003,40.0,1.0
R07759__cyto,R07759__cyto,3-Oxostearoyl-CoA + NADPH + H+ <=> 3-Hydroxyoctadecanoyl-CoA + NADP+,True,True,False,False,redox,-1.0,0.06233232664741827,-0.06233232664741827,C00005__cyto + C00080__cyto + C16216__cyto <=> C00006__cyto + C16217__cyto,cparapsilosis_iDC1003,40.0,1.0
R00575__cyto,R00575__cyto,2 ATP + L-Glutamine + HCO3- + H2O => 2 ADP + Orthophosphate + L-Glutamate + Carbamoyl phos,True,False,False,False,carrier,-1.0,0.061633023012632265,-0.061633023012632265,C00001__cyto + 2.0 C00002__cyto + C00064__cyto + C00080__cyto + C00288__cyto --> 2.0 C00008__cyto + C00009__cyto + C00025__cyto + C00169__cyto,cparapsilosis_iDC1003,40.0,1.0
R03313__cyto,R03313__cyto,L-Glutamate 5-semialdehyde + Orthophosphate + NADP+ => L-Glutamyl 5-phosphate + NADPH + H+,True,False,False,False,redox,-1.0,0.053148096096645205,-0.053148096096645205,C00005__cyto + C00080__cyto + C03287__cyto --> C00006__cyto + C00009__cyto + C01165__cyto,cparapsilosis_iDC1003,40.0,1.0
R07168__cyto,R07168__cyto,"NAD+ + 5-Methyltetrahydropteroyltri-L-glutamate <=> NADH + H+ + 5,10-methylenetetrahydropt",True,True,False,False,redox,1.0,-0.0477570337571631,-0.0477570337571631,C00003__cyto + C04489__cyto <=> C00004__cyto + C00080__cyto + M8983__cyto,cparapsilosis_iDC1003,40.0,1.0
R01061__cyto,R01061__cyto,D-Glyceraldehyde 3-phosphate + Orthophosphate + NAD+ <=> 3-Phospho-D-glyceroyl phosphate +,True,True,False,False,redox,1.0,0.042278753097289554,0.042278753097289554,C00003__cyto + C00009__cyto + C00118__cyto <=> C00004__cyto + C00080__cyto + C00236__cyto,cparapsilosis_iDC1003,40.0,1.0
R07509__cyto,R07509__cyto,14-Demethyllanosterol + 6 Ferrocytochrome b5 + 3 Oxygen + 6 H+ <=> 4alpha-Methylzymosterol,True,True,False,False,redox,-6.0,0.006748978261395328,-0.04049386956837197,3.0 C00007__cyto + 6.0 C00080__cyto + 6.0 C00999__cyto + C05108__cyto <=> 4.0 C00001__cyto + 6.0 C00996__cyto + C15808__cyto,cparapsilosis_iDC1003,40.0,1.0
R05640__cyto,R05640__cyto,"Lanosterol + 3 [Reduced NADPH---hemoprotein reductase] + 3 Oxygen <=> 4,4-Dimethyl-5alpha-",True,True,False,False,redox,-6.0,0.006748978261395328,-0.04049386956837197,3.0 C00007__cyto + 6.0 C00080__cyto + C01724__cyto + 3.0 C03024__cyto <=> 4.0 C00001__cyto + C00058__cyto + 3.0 C03161__cyto + C11455__cyto,cparapsilosis_iDC1003,40.0,1.0
R12403__cyto,R12403__cyto,4alpha-Methylzymosterol + 6 Ferrocytochrome b5 + 3 Oxygen + 6 H+ <=> 4alpha-Carboxy-5alpha,True,True,False,False,redox,-6.0,0.006748978261395328,-0.04049386956837197,3.0 C00007__cyto + 6.0 C00080__cyto + 6.0 C00999__cyto + C05103__cyto <=> 4.0 C00001__cyto + 6.0 C00996__cyto + C22112__cyto,cparapsilosis_iDC1003,40.0,1.0
R01773__cyto,R01773__cyto,L-Homoserine + NAD+ <=> L-Aspartate 4-semialdehyde + NADH + H+,True,True,False,False,redox,1.0,-0.03824313192434529,-0.03824313192434529,C00003__cyto + C00263__cyto <=> C00004__cyto + C00080__cyto + C00441__cyto,cparapsilosis_iDC1003,40.0,1.0
R02291__cyto,R02291__cyto,L-Aspartate 4-semialdehyde + Orthophosphate + NADP+ => 4-Phospho-L-aspartate + NADPH + H+,True,False,False,False,redox,-1.0,0.03824313192434529,-0.03824313192434529,C00005__cyto + C00080__cyto + C03082__cyto --> C00006__cyto + C00009__cyto + C00441__cyto,cparapsilosis_iDC1003,40.0,1.0
R02016_Cyto__cyto,R02016_Cyto__cyto,Thioredoxin + NADP+ <=> Thioredoxin disulfide + NADPH + H+,True,True,False,False,redox,-1.0,0.032400744015569985,-0.032400744015569985,C00005__cyto + C00080__cyto + C00343__cyto <=> C00006__cyto + C00342__cyto,cparapsilosis_iDC1003,40.0,1.0
TO1000048_CYTMEM__plas,TO1000048_CYTMEM__plas,1.0 Sulfate (extr) + 1.0 H+ (extr) => 1.0 H+ (cyto) + 1.0 Sulfate (cyto),True,False,False,True,carrier,1.0,0.0313705162571672,0.0313705162571672,C00059__extr + C00080__extr --> C00059__cyto + C00080__cyto,cparapsilosis_iDC1003,40.0,1.0
R08551__cyto,R08551__cyto,[Oxidized NADPH---hemoprotein reductase] + NADPH + H+ <=> [Reduced NADPH---hemoprotein red,True,True,False,False,redox,1.0,0.027863131146367934,0.027863131146367934,C00005__cyto + C03161__cyto <=> C00006__cyto + C00080__cyto + C03024__cyto,cparapsilosis_iDC1003,40.0,1.0
R05578__cyto,R05578__cyto,tRNA(Glu) + L-Glutamate + ATP => L-Glutamyl-tRNA(Glu) + Diphosphate + AMP,False,False,False,False,redox,1.0,0.02583617125463661,0.02583617125463661,C00002__cyto + C00025__cyto + C01641__cyto --> C00013__cyto + C00020__cyto + C00080__cyto + C02987__cyto,cparapsilosis_iDC1003,40.0,1.0
R11043__cyto,R11043__cyto,Oleoyl-CoA + 2 Ferrocytochrome b5 + Oxygen + 2 H+ <=> Linoleoyl-CoA + 2 Ferricytochrome b5,True,True,False,False,redox,-2.0,0.009215661090805039,-0.018431322181610078,C00007__cyto + 2.0 C00080__cyto + C00510__cyto + 2.0 C00999__cyto <=> 2.0 C00001__cyto + 2.0 C00996__cyto + C02050__cyto,cparapsilosis_iDC1003,40.0,1.0
R02874__cyto,R02874__cyto,"Squalene + Oxygen + [Reduced NADPH---hemoprotein reductase] <=> (S)-2,3-Epoxysqualene + [O",True,True,False,False,redox,-2.0,0.007616196362181951,-0.015232392724363901,C00007__cyto + 2.0 C00080__cyto + C00751__cyto + C03024__cyto <=> C00001__cyto + C01054__cyto + C03161__cyto,cparapsilosis_iDC1003,40.0,1.0
R01041__cyto,R01041__cyto,Glycerol + NADP+ <=> D-Glyceraldehyde + NADPH + H+,True,True,False,False,redox,1.0,-0.014045223843445557,-0.014045223843445557,C00006__cyto + C00116__cyto <=> C00005__cyto + C00080__cyto + C00577__cyto,cparapsilosis_iDC1003,40.0,1.0
R07505__cyto,R07505__cyto,"Episterol + 2 Ferrocytochrome b5 + Oxygen + 2 H+ <=> 5,7,24(28)-Ergostatrienol + 2 Ferricy",True,True,False,False,redox,-2.0,0.006748978261395328,-0.013497956522790656,C00007__cyto + 2.0 C00080__cyto + 2.0 C00999__cyto + C15777__cyto <=> 2.0 C00001__cyto + 2.0 C00996__cyto + C15778__cyto,cparapsilosis_iDC1003,40.0,1.0
R07140__cyto,R07140__cyto,S-(Hydroxymethyl)glutathione + NADP+ <=> S-Formylglutathione + NADPH + H+,True,True,False,False,redox,1.0,0.010446387070806702,0.010446387070806702,C00006__cyto + C14180__cyto <=> C00005__cyto + C00080__cyto + C01031__cyto,cparapsilosis_iDC1003,40.0,1.0
R06985__cyto,R06985__cyto,trans-Hex-2-enoyl-CoA + NADPH + H+ <=> Hexanoyl-CoA + NADP+,False,True,False,False,redox,-1.0,0.008477785962371993,-0.008477785962371993,C00005__cyto + C00080__cyto + C05271__cyto <=> C00006__cyto + C05270__cyto,cparapsilosis_iDC1003,40.0,1.0
R06223__cyto,R06223__cyto,"2 trans,trans-Farnesyl diphosphate + NADPH + H+ <=> Squalene + 2 Diphosphate + NADP+",True,True,False,False,redox,-1.0,0.007855833303926939,-0.007855833303926939,C00005__cyto + C00080__cyto + 2.0 C00448__cyto <=> C00006__cyto + 2.0 C00013__cyto + C00751__cyto,cparapsilosis_iDC1003,40.0,1.0
R12404__cyto,R12404__cyto,"4alpha-Carboxy-5alpha-cholesta-8,24-dien-3beta-ol + NADP+ <=> Zymosterone + NADPH + H+ + C",True,True,False,False,redox,1.0,0.006748978261395328,0.006748978261395328,C00006__cyto + C22112__cyto <=> C00005__cyto + C00011__cyto + C00080__cyto + C22136__cyto,cparapsilosis_iDC1003,40.0,1.0
R05639__cyto,R05639__cyto,"14-Demethyllanosterol + NADP+ <=> 4,4-Dimethyl-5alpha-cholesta-8,14,24-trien-3beta-ol + NA",True,True,False,False,redox,1.0,-0.006748978261395328,-0.006748978261395328,C00006__cyto + C05108__cyto <=> C00005__cyto + C00080__cyto + C11455__cyto,cparapsilosis_iDC1003,40.0,1.0
R07494__cyto,R07494__cyto,4alpha-Methylzymosterol-4-carboxylate + NADP+ <=> 3-Keto-4-methylzymosterol + NADPH + H+ +,True,True,False,False,redox,1.0,0.006748978261395328,0.006748978261395328,C00006__cyto + C15808__cyto <=> C00005__cyto + C00011__cyto + C00080__cyto + C15816__cyto,cparapsilosis_iDC1003,40.0,1.0
R12405__cyto,R12405__cyto,Zymosterone + NADPH + H+ <=> Zymosterol + NADP+,True,True,False,False,redox,-1.0,0.006748978261395328,-0.006748978261395328,C00005__cyto + C00080__cyto + C22136__cyto <=> C00006__cyto + C05437__cyto,cparapsilosis_iDC1003,40.0,1.0
R07506__cyto,R07506__cyto,"5,7,24(28)-Ergostatrienol + NADPH + H+ + Oxygen => Ergosta-5,7,22,24(28)-tetraen-3beta-ol ",True,False,False,False,redox,-1.0,0.006748978261395328,-0.006748978261395328,C00005__cyto + C00007__cyto + C00080__cyto + C15778__cyto --> 2.0 C00001__cyto + C00006__cyto + C05440__cyto,cparapsilosis_iDC1003,40.0,1.0
R07495__cyto,R07495__cyto,3-Keto-4-methylzymosterol + NADPH + H+ <=> 4alpha-Methylzymosterol + NADP+,True,True,False,False,redox,-1.0,0.006748978261395328,-0.006748978261395328,C00005__cyto + C00080__cyto + C15816__cyto <=> C00006__cyto + C05103__cyto,cparapsilosis_iDC1003,40.0,1.0
R05641__cyto,R05641__cyto,"Ergosterol + NADP+ <=> Ergosta-5,7,22,24(28)-tetraen-3beta-ol + NADPH + H+",False,True,False,False,redox,1.0,-0.006748978261395328,-0.006748978261395328,C00006__cyto + C01694__cyto <=> C00005__cyto + C00080__cyto + C05440__cyto,cparapsilosis_iDC1003,40.0,1.0
R02413__cyto,R02413__cyto,Shikimate + NADP+ <=> 3-Dehydroshikimate + NADPH + H+,True,True,False,False,redox,1.0,-0.006544678966032586,-0.006544678966032586,C00006__cyto + C00493__cyto <=> C00005__cyto + C00080__cyto + C02637__cyto,cparapsilosis_iDC1003,40.0,1.0
R01513__cyto,R01513__cyto,3-Phospho-D-glycerate + NAD+ <=> 3-Phosphonooxypyruvate + NADH + H+,True,True,False,False,redox,1.0,0.004020275760947698,0.004020275760947698,C00003__cyto + C00197__cyto <=> C00004__cyto + C00080__cyto + C03232__cyto,cparapsilosis_iDC1003,40.0,1.0
R01130__cyto,R01130__cyto,IMP + NAD+ + H2O <=> Xanthosine 5'-phosphate + NADH + H+,True,True,False,False,redox,1.0,0.003960509399961765,0.003960509399961765,C00001__cyto + C00003__cyto + C00130__cyto <=> C00004__cyto + C00080__cyto + C00655__cyto,cparapsilosis_iDC1003,40.0,1.0
R12205__cyto,R12205__cyto,"Linoleoyl-CoA + 2 Ferrocytochrome b5 + Oxygen + 2 H+ <=> (9Z,12Z,15Z)-Octadecatrienoyl-CoA",True,True,False,False,redox,-2.0,0.0016825869508004941,-0.0033651739016009883,C00007__cyto + 2.0 C00080__cyto + 2.0 C00999__cyto + C02050__cyto <=> 2.0 C00001__cyto + 2.0 C00996__cyto + C16162__cyto,cparapsilosis_iDC1003,40.0,1.0
R07409__cyto,R07409__cyto,Choline + Oxygen + 2 Reduced ferredoxin + 2 H+ <=> Betaine aldehyde + 2 H2O + 2 Oxidized f,True,True,False,False,redox,-2.0,-0.0010435896235458457,0.0020871792470916915,C00007__cyto + 2.0 C00080__cyto + C00114__cyto + 2.0 C00138__cyto <=> 2.0 C00001__cyto + 2.0 C00139__cyto + C00576__cyto,cparapsilosis_iDC1003,40.0,1.0
R08161__cyto,R08161__cyto,Hexadecanoyl-[acp] + 2 Reduced ferredoxin + Oxygen + 2 H+ <=> Hexadecenoyl-[acyl-carrier p,True,True,False,False,redox,-2.0,0.0010435896235458457,-0.0020871792470916915,C00007__cyto + 2.0 C00080__cyto + 2.0 C00138__cyto + C05764__cyto <=> 2.0 C00001__cyto + 2.0 C00139__cyto + C16520__cyto,cparapsilosis_iDC1003,40.0,1.0
R10686__cyto,R10686__cyto,Pyridoxal phosphate + L-Histidine => 4-Amino-2-methyl-5-(phosphooxymethyl)pyrimidine + His,True,False,False,False,redox,3.0,0.0003006180403791889,0.0009018541211375668,3.0 C00001__cyto + C00018__cyto + C00135__cyto --> 3.0 C00080__cyto + C04556__cyto + M8423__cyto + M8424__cyto,cparapsilosis_iDC1003,40.0,1.0
TO1000104_CYTMEM__plas,TO1000104_CYTMEM__plas,1.0 Biotin (extr) + 1.0 H+ (extr) => 1.0 Biotin (cyto) + 1.0 H+ (cyto),True,False,False,True,carrier,1.0,0.0005530989396160051,0.0005530989396160051,C00080__extr + C00120__extr --> C00080__cyto + C00120__cyto,cparapsilosis_iDC1003,40.0,1.0
R00939__cyto,R00939__cyto,Tetrahydrofolate + NADP+ <=> Dihydrofolate + NADPH + H+,True,True,False,False,redox,1.0,-0.00047648160519441493,-0.00047648160519441493,C00006__cyto + C00101__cyto <=> C00005__cyto + C00080__cyto + C00415__cyto,cparapsilosis_iDC1003,40.0,1.0
R01655__cyto,R01655__cyto,"5,10-Methenyltetrahydrofolate + H2O <=> 10-Formyltetrahydrofolate + H+",True,True,False,False,carrier,1.0,-0.0003030603814761978,-0.0003030603814761978,C00001__cyto + C00445__cyto <=> C00080__cyto + C00234__cyto,cparapsilosis_iDC1003,40.0,1.0
R02324__cyto,R02324__cyto,ATP + Nicotinamide-beta-riboside <=> ADP + Nicotinamide D-ribonucleotide,True,True,False,False,redox,1.0,0.0003006180403791889,0.0003006180403791889,C00002__cyto + C03150__cyto <=> C00008__cyto + C00080__cyto + C00455__cyto,cparapsilosis_iDC1003,40.0,1.0
R12026__cyto,R12026__cyto,NAD+ + Glycine + Hydrogen sulfide <=> Nicotinamide + ADP-5-ethyl-4-methylthiazole-2-carbox,True,True,False,False,redox,1.0,0.0003006180403791889,0.0003006180403791889,C00003__cyto + C00037__cyto + C00283__cyto <=> 3.0 C00001__cyto + C00080__cyto + C00153__cyto + C20784__cyto,cparapsilosis_iDC1003,40.0,1.0
R02294__cyto,R02294__cyto,Nicotinamide-beta-riboside + Orthophosphate <=> Nicotinamide + alpha-D-Ribose 1-phosphate,True,True,False,False,carrier,1.0,-0.0003006180403791889,-0.0003006180403791889,C00009__cyto + C03150__cyto <=> C00080__cyto + C00153__cyto + C00620__cyto,cparapsilosis_iDC1003,40.0,1.0
R00137__cyto,R00137__cyto,ATP + Nicotinamide D-ribonucleotide <=> Diphosphate + NAD+,True,True,False,False,redox,-1.0,0.0003006180403791889,-0.0003006180403791889,C00002__cyto + C00080__cyto + C00455__cyto <=> C00003__cyto + C00013__cyto,cparapsilosis_iDC1003,40.0,1.0
R10712__cyto,R10712__cyto,4-Amino-5-hydroxymethyl-2-methylpyrimidine diphosphate + 2-(2-Carboxy-4-methylthiazol-5-yl,True,True,False,False,carrier,-1.0,0.0003006180403791889,-0.0003006180403791889,C00080__cyto + C04752__cyto + C20247__cyto <=> C00011__cyto + C00013__cyto + C01081__cyto,cparapsilosis_iDC1003,40.0,1.0
R09375__cyto,R09375__cyto,"2,5-Diamino-6-(5-phospho-D-ribosylamino)pyrimidin-4(3H)-one + NADH + H+ <=> 2,5-Diamino-6-",True,True,False,False,redox,-1.0,0.0002762306807938147,-0.0002762306807938147,C00004__cyto + C00080__cyto + C01304__cyto <=> C00003__cyto + C18910__cyto,cparapsilosis_iDC1003,40.0,1.0
R01960__cyto,R01960__cyto,L-Kynurenine + Oxygen + NADPH + H+ => 3-Hydroxy-L-kynurenine + NADP+ + H2O,True,False,False,False,redox,-1.0,0.00022713717260893594,-0.00022713717260893594,C00005__cyto + C00007__cyto + C00080__cyto + C00328__cyto --> C00001__cyto + C00006__cyto + C03227__cyto,cparapsilosis_iDC1003,40.0,1.0
R03348__cyto,R03348__cyto,Quinolinate + 5-Phospho-alpha-D-ribose 1-diphosphate => Nicotinate D-ribonucleotide + Diph,True,False,False,False,redox,-1.0,0.00022713717260893594,-0.00022713717260893594,C00080__cyto + C00119__cyto + C03722__cyto --> C00011__cyto + C00013__cyto + C01185__cyto,cparapsilosis_iDC1003,40.0,1.0
R02472__cyto,R02472__cyto,(R)-Pantoate + NADP+ <=> 2-Dehydropantoate + NADPH + H+,True,True,False,False,redox,1.0,-0.00010392521862526471,-0.00010392521862526471,C00006__cyto + C00522__cyto <=> C00005__cyto + C00080__cyto + C00966__cyto,cparapsilosis_iDC1003,40.0,1.0
ATPS4rppNo2,ATPS4rppNo1 ATPS4rppNo2 arm_ATPS4rpp,ATP synthase (four protons for one ATP) (periplasm) (arm),True,False,True,True,atp_synthase,-4.0,36.00021735374934,-144.00086941499737,adp_c[c] + 4.0 h_p[p] + pi_c[c] --> pmet_ATPS4rpp[p] ; pmet_ATPS4rpp[p] + 1.3889e-05 prot_P0A6E6[c] + 1.3889e-05 prot_P0AB98[c] + 1.3889e-05 prot_P0ABA0[c] + 1.3889e-05 prot_P0ABA4[c] + 1.3889e-05 prot_P0ABA6[c] + 1.3889e-05 prot_P0ABB0[c] + 1.3889e-05 prot_P0ABB4[c] + 1.3889e-05 prot_P0ABC0[c] + 1.,eciML1515,37.0,1.0
CYTBD2ppNo1,CYTBD2ppNo1,Cytochrome oxidase bd (menaquinol-8: 2 protons) (periplasm) (No1),True,False,False,True,redox,2.0,46.01260527919112,92.02521055838224,2.0 h_c[c] + mql8_c[c] + 0.5 o2_c[c] + 8.146e-07 prot_P26458[c] + 8.146e-07 prot_P26459[c] --> h2o_c[c] + 2.0 h_p[p] + mqn8_c[c],eciML1515,37.0,1.0
NADH17ppNo1,NADH17ppNo1,NADH dehydrogenase (menaquinone-8 & 3 protons) (periplasm) (No1),True,False,False,True,redox,3.0,28.459403454773945,85.37821036432183,4.0 h_c[c] + mqn8_c[c] + nadh_c[c] + 1.8519e-07 prot_P0AFC3[c] + 1.8519e-07 prot_P0AFC7[c] + 1.8519e-07 prot_P0AFD1[c] + 1.8519e-07 prot_P0AFD4[c] + 1.8519e-07 prot_P0AFD6[c] + 1.8519e-07 prot_P0AFE0[c] + 1.8519e-07 prot_P0AFE4[c] + 1.8519e-07 prot_P0AFE8[c] + 1.8519e-07 prot_P0AFF0[c] + 1.8519e-07 ,eciML1515,37.0,1.0
Htex_REV,Htex_REV,Proton transport via diffusion (extracellular to periplasm) (reversible),False,False,False,True,pure_ion_transport,-1.0,53.31252620595592,-53.31252620595592,h_p[p] --> h_e[e],eciML1515,37.0,1.0
PYRt2rpp_REV,PYRt2rpp_REV,Pyruvate reversible transport via proton symport (periplasm) (reversible),False,False,False,True,carrier,1.0,48.49096616464546,48.49096616464546,h_c[c] + pyr_c[c] --> h_p[p] + pyr_p[p],eciML1515,37.0,1.0
GLCt2pp,GLCt2pp,D-glucose transport in via proton symport (periplasm),False,False,False,True,carrier,-1.0,28.19357360748534,-28.19357360748534,glc__D_p[p] + h_p[p] --> glc__D_c[c] + h_c[c],eciML1515,37.0,1.0
CYTBDppNo1,CYTBDppNo1 CYTBDppNo2 arm_CYTBDpp,Cytochrome oxidase bd (ubiquinol-8: 2 protons) (periplasm) (arm),True,False,False,True,redox,4.0,0.17353605860370055,0.6941442344148022,2.0 h_c[c] + 0.5 o2_c[c] + q8h2_c[c] --> pmet_CYTBDpp[c] ; pmet_CYTBDpp[c] + 8.146e-07 prot_P26458[c] + 8.146e-07 prot_P26459[c] --> h2o_c[c] + 2.0 h_p[p] + q8_c[c] ; pmet_CYTBDpp[c] + 6.6441e-06 prot_P0ABJ9[c] + 6.6441e-06 prot_P0ABK2[c] + 6.6441e-06 prot_P56100[c] --> h2o_c[c] + 2.0 h_p[p] + q8_c[,eciML1515,37.0,1.0
PIt2rpp,PIt2rpp,Phosphate reversible transport via symport (periplasm),False,False,False,True,carrier,-1.0,0.5061851886938591,-0.5061851886938591,h_p[p] + pi_p[p] --> h_c[c] + pi_c[c],eciML1515,37.0,1.0
SO4t2pp,SO4t2pp,Sulfate transport in via proton symport (periplasm to cytoplasm),False,False,False,True,carrier,-1.0,0.13201921337651035,-0.13201921337651035,h_p[p] + so4_p[p] --> h_c[c] + so4_c[c],eciML1515,37.0,1.0
Kt2pp,Kt2pp,Potassium transport in via proton symport (periplasm),False,False,False,True,carrier,-1.0,0.10242918407796904,-0.10242918407796904,h_p[p] + k_p[p] --> h_c[c] + k_c[c],eciML1515,37.0,1.0
MG2t3_2pp,MG2t3_2pp,Magnesium (Mg+2) transport in/out via proton antiport (periplasm),False,False,False,True,carrier,2.0,0.0045522799069453385,0.009104559813890677,2.0 h_c[c] + mg2_p[p] --> 2.0 h_p[p] + mg2_c[c],eciML1515,37.0,1.0
DALAt2pp,DALAt2pp,D-alanine transport in via proton symport (periplasm),False,False,False,True,carrier,-1.0,0.00729099446998254,-0.00729099446998254,ala__D_p[p] + h_p[p] --> ala__D_c[c] + h_c[c],eciML1515,37.0,1.0
ACt2rpp_REV,ACt2rpp_REV,Acetate reversible transport via proton symport (periplasm) (reversible),False,False,False,True,carrier,1.0,0.002731367944167203,0.002731367944167203,ac_c[c] + h_c[c] --> ac_p[p] + h_p[p],eciML1515,37.0,1.0
CLt3_2pp,CLt3_2pp,Chloride transport out via proton antiport (2:1) (periplasm),False,False,False,True,carrier,1.0,0.0013656839720836015,0.0013656839720836015,2.0 cl_p[p] + h_c[c] --> 2.0 cl_c[c] + h_p[p],eciML1515,37.0,1.0
GLYCLTt2rpp_REV,GLYCLTt2rpp_REV,"Glycolate transport via proton symport, reversible (periplasm) (reversible)",False,False,False,True,carrier,1.0,0.0002340422868585268,0.0002340422868585268,glyclt_c[c] + h_c[c] --> glyclt_p[p] + h_p[p],eciML1515,37.0,1.0
BTNt2ipp,BTNt2ipp,Biotin transport via proton symport (periplasm),False,False,False,True,carrier,-1.0,1.0495169814283202e-06,-1.0495169814283202e-06,btn_p[p] + h_p[p] --> btn_c[c] + h_c[c],eciML1515,37.0,1.0
rxn03020_LSQBKT_c0_RSQBKT_,rxn03020_LSQBKT_c0_RSQBKT_,5-Methyl-5 6 7 8-tetrahydromethanopterin 2-mercaptoethanesulfonate c0,True,True,False,True,redox,2.0,58.6099310741547,117.2198621483094,2.0 cpd00971_c0 + cpd02246_c0 + cpd02737_c0 <=> cpd00895_c0 + 2.0 cpd00971_e0 + cpd02438_c0,mmaripaludis,37.0,7.223
ATPS,ATPS,ATP synthase:Sodium utilizing,True,True,True,True,atp_synthase,-4.0,27.991824411415095,-111.96729764566038,cpd00008_c0 + cpd00009_c0 + cpd00067_c0 + 4.0 cpd00971_e0 <=> cpd00001_c0 + cpd00002_c0 + 4.0 cpd00971_c0,mmaripaludis,37.0,7.223
Eha_FSLASH_Ehb,Eha_FSLASH_Ehb,Eha/Ehb,True,True,False,True,redox,-2.0,2.436406387879053,-4.872812775758106,2.0 cpd00971_e0 + cpd11621_c0 + cpd11640_c0 <=> 2.0 cpd00067_c0 + 2.0 cpd00971_c0 + cpd11620_c0,mmaripaludis,37.0,7.223
rxn05209_LSQBKT_c0_RSQBKT_,rxn05209_LSQBKT_c0_RSQBKT_,Proton sodium antiport c0,True,True,False,True,pure_ion_transport,-1.0,0.3797517268909161,-0.3797517268909161,2.0 cpd00067_c0 + cpd00971_e0 <=> 2.0 cpd00067_e0 + cpd00971_c0,mmaripaludis,37.0,7.223
ATPSu_1,ATPSu_1,ATP synthetase (thylakoid),True,False,True,True,atp_synthase,-14.0,4.170176797606558,-58.382475166491815,3.0 adp_c + 14.0 h_l + 3.0 pi_c + 0.0109718462823726 prot_pool --> 3.0 atp_c + 3.0 h2o_c + 11.0 h_c,syn6803,30.0,1.0
CBFCuc,CBFCuc,Cytochrome b6/f complex,True,False,False,False,redox,1.0,15.904996155841232,15.904996155841232,hemeB3p_u + pqhb6l_u + 0.000236077113617377 prot_pool --> h_l + hemeB2p_u + pqb6s_u,syn6803,30.0,1.0
CBFCua,CBFCua,Cytochrome b6/f complex,True,False,False,False,redox,1.0,15.904996155841232,15.904996155841232,oxRieskeB6_u + pqh2_u + 0.000236077113617377 prot_pool --> h_l + pqhb6l_u + rdRieskeB6_u,syn6803,30.0,1.0
CYO1b_syn_1,CYO1b_syn_1,"Cytochrome c oxidase, synechocystis (2 protons)",False,False,False,True,redox,2.0,5.420301697490075,10.84060339498015,2.0 focytc6_l + 4.0 h_c + 0.5 o2_l --> 2.0 ficytc6_l + h2o_l + 2.0 h_l,syn6803,30.0,1.0
OECc,OECc,Oxygen evolving complex (step 3),True,False,False,False,redox,1.0,3.9329698649573004,3.9329698649573004,p680p_u + 0.000273662418099415 prot_pool + s2_u --> h_l + p680_u + s3_u,syn6803,30.0,1.0
OECd,OECd,Oxygen evolving complex (step 4),True,False,False,False,redox,1.0,3.9329698649573004,3.9329698649573004,p680p_u + 0.000273662418099415 prot_pool + s3_u --> h_l + p680_u + s4_u,syn6803,30.0,1.0
OECb,OECb,Oxygen evolving complex (step 2),True,False,False,False,redox,1.0,3.9329698649573004,3.9329698649573004,p680p_u + 0.000273662418099415 prot_pool + s1_u --> h_l + p680_u + s2_u,syn6803,30.0,1.0
OECa,OECa,Oxygen evolving complex (step 1),True,False,False,False,redox,1.0,3.9329698649573004,3.9329698649573004,p680p_u + 0.000273662418099415 prot_pool + s0_u --> h_l + p680_u + s1_u,syn6803,30.0,1.0
