line,step_sd,logL,T_C,growth,o2
axis:topt_scale,-1.0,-17.61152764977847,15.0,0.025941113942553953,2.428738594940432
axis:topt_scale,-1.0,-17.61152764977847,20.0,0.24796522202458227,9.569964468781471
axis:topt_scale,-1.0,-17.61152764977847,25.0,0.8564204664859901,18.08050524030072
axis:topt_scale,-1.0,-17.61152764977847,27.0,1.0968798418581693,21.578877220656604
axis:topt_scale,-1.0,-17.61152764977847,30.0,1.375878831320922,25.181237116974778
axis:topt_scale,-1.0,-17.61152764977847,35.0,1.6001081226051612,34.4328437562248
axis:topt_scale,-1.0,-17.61152764977847,37.0,1.6496645109586727,38.002126754234034
axis:topt_scale,-1.0,-17.61152764977847,40.0,1.6800736567699057,39.85429446248482
axis:topt_scale,-1.0,-17.61152764977847,43.0,1.6145038671270406,37.285432937166405
axis:topt_scale,-1.0,-17.61152764977847,45.0,1.3861317562114062,44.456124453731036
axis:topt_scale,-1.0,-17.61152764977847,47.0,0.3453233127962873,19.795620314469254
axis:topt_scale,-1.0,-17.61152764977847,50.0,0.0010267304130006153,6.807040337967761
axis:topt_scale,-0.9500000000000001,-17.103691574120734,15.0,0.024074126340194506,2.3774937094320348
axis:topt_scale,-0.9500000000000001,-17.103691574120734,20.0,0.2408746384727129,9.35672654848776
axis:topt_scale,-0.9500000000000001,-17.103691574120734,25.0,0.8420399564422139,17.88405394541176
axis:topt_scale,-0.9500000000000001,-17.103691574120734,27.0,1.0865985236506355,21.433397328205274
axis:topt_scale,-0.9500000000000001,-17.103691574120734,30.0,1.3699247607100844,24.993650469336497
axis:topt_scale,-0.9500000000000001,-17.103691574120734,35.0,1.5973071586099088,34.28703490327435
axis:topt_scale,-0.9500000000000001,-17.103691574120734,37.0,1.6476983753165886,37.89884633892294
axis:topt_scale,-0.9500000000000001,-17.103691574120734,40.0,1.6794083911560296,39.833762230670786
axis:topt_scale,-0.9500000000000001,-17.103691574120734,43.0,1.6149411350265268,37.3092122146937
axis:topt_scale,-0.9500000000000001,-17.103691574120734,45.0,1.3875400862100562,44.499771340598585
axis:topt_scale,-0.9500000000000001,-17.103691574120734,47.0,0.34702940324036813,19.834368901792647
axis:topt_scale,-0.9500000000000001,-17.103691574120734,50.0,0.0010274528838167803,6.807147430728722
axis:topt_scale,-0.9,-16.624821962495414,15.0,0.022227079029787197,2.2386514055360127
axis:topt_scale,-0.9,-16.624821962495414,20.0,0.23382245021774622,9.144393575827433
axis:topt_scale,-0.9,-16.624821962495414,25.0,0.8276663466824061,17.6861610865746
axis:topt_scale,-0.9,-16.624821962495414,27.0,1.0761448609025837,21.28626178673472
axis:topt_scale,-0.9,-16.624821962495414,30.0,1.3638315087257478,24.80167882713296
axis:topt_scale,-0.9,-16.624821962495414,35.0,1.5944408619727906,34.1451420184332
axis:topt_scale,-0.9,-16.624821962495414,37.0,1.6456730154774963,37.78883294127977
axis:topt_scale,-0.9,-16.624821962495414,40.0,1.6786940260756884,39.80764311709803
axis:topt_scale,-0.9,-16.624821962495414,43.0,1.6153426614790949,37.33104781927821
axis:topt_scale,-0.9,-16.624821962495414,45.0,1.3889205960491497,44.554461332790446
axis:topt_scale,-0.9,-16.624821962495414,47.0,0.34874617785113626,19.885024426619722
axis:topt_scale,-0.9,-16.624821962495414,50.0,0.0010281723522940806,6.807257390012886
axis:topt_scale,-0.8500000000000001,-16.165786247839744,15.0,0.020412157272016996,2.0864472691302804
axis:topt_scale,-0.8500000000000001,-16.165786247839744,20.0,0.22680823181940546,8.932531303702298
axis:topt_scale,-0.8500000000000001,-16.165786247839744,25.0,0.8132484274980738,17.488382185766753
axis:topt_scale,-0.8500000000000001,-16.165786247839744,27.0,1.0653079372423642,21.13652269825569
axis:topt_scale,-0.8500000000000001,-16.165786247839744,30.0,1.357611257649426,24.605706000618177
axis:topt_scale,-0.8500000000000001,-16.165786247839744,35.0,1.5915063974536,33.999874557033735
axis:topt_scale,-0.8500000000000001,-16.165786247839744,37.0,1.6435868602433432,37.662160770969116
axis:topt_scale,-0.8500000000000001,-16.165786247839744,40.0,1.6779322238364986,39.77975344077673
axis:topt_scale,-0.8500000000000001,-16.165786247839744,43.0,1.6157072061063538,37.350872297299404
axis:topt_scale,-0.8500000000000001,-16.165786247839744,45.0,1.3902795851178078,44.608194915469916
axis:topt_scale,-0.8500000000000001,-16.165786247839744,47.0,0.3504734060716766,19.930484870861235
axis:topt_scale,-0.8500000000000001,-16.165786247839744,50.0,0.001028888728349227,6.80737062119082
axis:topt_scale,-0.8,-15.713478077080792,15.0,0.01859245342950164,2.0445848288625164
axis:topt_scale,-0.8,-15.713478077080792,20.0,0.2198311000218806,8.718328054179254
axis:topt_scale,-0.8,-15.713478077080792,25.0,0.7987471804908243,17.289307063057464
axis:topt_scale,-0.8,-15.713478077080792,27.0,1.0542999453677209,20.982261358773783
axis:topt_scale,-0.8,-15.713478077080792,30.0,1.351259102847986,24.405577466315435
axis:topt_scale,-0.8,-15.713478077080792,35.0,1.5884261426370114,33.84933362098668
axis:topt_scale,-0.8,-15.713478077080792,37.0,1.6414382797780365,37.22811806108935
axis:topt_scale,-0.8,-15.713478077080792,40.0,1.6771214963309171,39.75001722417859
axis:topt_scale,-0.8,-15.713478077080792,43.0,1.6160334938759646,37.36861631060761
axis:topt_scale,-0.8,-15.713478077080792,45.0,1.3916159029848227,44.660905049754454
axis:topt_scale,-0.8,-15.713478077080792,47.0,0.35221098860224215,19.976025588121257
axis:topt_scale,-0.8,-15.713478077080792,50.0,0.001029601922444992,6.807487176480182
axis:topt_scale,-0.75,-15.267642897110772,15.0,0.01680868152465551,2.003559381955738
axis:topt_scale,-0.75,-15.267642897110772,20.0,0.21290683106933575,6.623319597510976
axis:topt_scale,-0.75,-15.267642897110772,25.0,0.7840636963792251,17.047944043009792
axis:topt_scale,-0.75,-15.267642897110772,27.0,1.043115433913057,20.814574983213618
axis:topt_scale,-0.75,-15.267642897110772,30.0,1.3447593489057514,24.200798730524603
axis:topt_scale,-0.75,-15.267642897110772,35.0,1.5852497195055057,33.69464853851881
axis:topt_scale,-0.75,-15.267642897110772,37.0,1.6392424241370522,36.8662103288954
axis:topt_scale,-0.75,-15.267642897110772,40.0,1.6762602964294813,39.71834081759794
axis:topt_scale,-0.75,-15.267642897110772,43.0,1.6163202139741193,37.38420857520042
axis:topt_scale,-0.75,-15.267642897110772,45.0,1.3929279230598661,44.712508250865696
axis:topt_scale,-0.75,-15.267642897110772,47.0,0.3539586904328424,20.02157967564824
axis:topt_scale,-0.75,-15.267642897110772,50.0,0.0010303118458374753,6.807607166883408
axis:topt_scale,-0.7000000000000001,-14.874518612706863,15.0,0.015110500365414097,1.8283023952140096
axis:topt_scale,-0.7000000000000001,-14.874518612706863,20.0,0.20608694209485834,6.900377241413163
axis:topt_scale,-0.7000000000000001,-14.874518612706863,25.0,0.7689418660841965,16.649064587656056
axis:topt_scale,-0.7000000000000001,-14.874518612706863,27.0,1.0317505253304402,20.657948761689795
axis:topt_scale,-0.7000000000000001,-14.874518612706863,30.0,1.3381002016543282,23.99099821073366
axis:topt_scale,-0.7000000000000001,-14.874518612706863,35.0,1.58199682131394,33.53623928251259
axis:topt_scale,-0.7000000000000001,-14.874518612706863,37.0,1.6369839593374713,36.74871217683529
axis:topt_scale,-0.7000000000000001,-14.874518612706863,40.0,1.6753470135977644,39.68459608433892
axis:topt_scale,-0.7000000000000001,-14.874518612706863,43.0,1.6165660186136033,37.397575796409804
axis:topt_scale,-0.7000000000000001,-14.874518612706863,45.0,1.39421476772981,44.76293989088724
axis:topt_scale,-0.7000000000000001,-14.874518612706863,47.0,0.35571626232554365,20.067052012666643
axis:topt_scale,-0.7000000000000001,-14.874518612706863,50.0,0.0010310184109251976,6.8077309156536945
axis:topt_scale,-0.65,-14.47553126383307,15.0,0.013457933775653564,1.7931488221960197
axis:topt_scale,-0.65,-14.47553126383307,20.0,0.19930117631389643,6.92779012216967
axis:topt_scale,-0.65,-14.47553126383307,25.0,0.7536809051600201,16.221588638919165
axis:topt_scale,-0.65,-14.47553126383307,27.0,1.0201907540737076,20.4986129018601
axis:topt_scale,-0.65,-14.47553126383307,30.0,1.3309573706351447,23.855164163323693
axis:topt_scale,-0.65,-14.47553126383307,35.0,1.5786653283486758,33.37400262740166
axis:topt_scale,-0.65,-14.47553126383307,37.0,1.6346482211700442,36.629693763754254
axis:topt_scale,-0.65,-14.47553126383307,40.0,1.6743799689751375,39.64857627826306
axis:topt_scale,-0.65,-14.47553126383307,43.0,1.6167695217675624,37.408642600035805
axis:topt_scale,-0.65,-14.47553126383307,45.0,1.3954767648254953,44.812143093093304
axis:topt_scale,-0.65,-14.47553126383307,47.0,0.3574834411063308,20.112301284629773
axis:topt_scale,-0.65,-14.47553126383307,50.0,0.0010317215313929602,6.807858765237973
axis:topt_scale,-0.6000000000000001,-14.105753536055412,15.0,0.011830122375872784,1.717228960400003
axis:topt_scale,-0.6000000000000001,-14.105753536055412,20.0,0.19255074866363095,7.1369093248360524
axis:topt_scale,-0.6000000000000001,-14.105753536055412,25.0,0.738322846745591,15.79111878009137
axis:topt_scale,-0.6000000000000001,-14.105753536055412,27.0,1.0084238617132133,20.336401749776588
axis:topt_scale,-0.6000000000000001,-14.105753536055412,30.0,1.3234197922693205,23.73991938185666
axis:topt_scale,-0.6000000000000001,-14.105753536055412,35.0,1.5752525136041453,33.20780577378715
axis:topt_scale,-0.6000000000000001,-14.105753536055412,37.0,1.632242387809917,36.50609473885968
axis:topt_scale,-0.6000000000000001,-14.105753536055412,40.0,1.67335740982383,39.60985286228529
axis:topt_scale,-0.6000000000000001,-14.105753536055412,43.0,1.6169292978196075,37.41733145894328
axis:topt_scale,-0.6000000000000001,-14.105753536055412,45.0,1.3967111753082042,44.8599338450555
axis:topt_scale,-0.6000000000000001,-14.105753536055412,47.0,0.3592599500530877,20.15710587703653
axis:topt_scale,-0.6000000000000001,-14.105753536055412,50.0,0.0010324211226524324,6.807990737146691
axis:topt_scale,-0.55,-13.827124289809289,15.0,0.010269021787911876,1.4022791356481252
axis:topt_scale,-0.55,-13.827124289809289,20.0,0.18581792678084227,7.154422641965778
axis:topt_scale,-0.55,-13.827124289809289,25.0,0.722624117724769,15.353787216626829
axis:topt_scale,-0.55,-13.827124289809289,27.0,0.9964340224942552,20.17145287916204
axis:topt_scale,-0.55,-13.827124289809289,30.0,1.3157371459525897,23.622288906015186
axis:topt_scale,-0.55,-13.827124289809289,35.0,1.5717557836087985,33.03752242509427
axis:topt_scale,-0.55,-13.827124289809289,37.0,1.6297650272641915,36.375935921815554
axis:topt_scale,-0.55,-13.827124289809289,40.0,1.6722775032367356,39.56711621636694
axis:topt_scale,-0.55,-13.827124289809289,43.0,1.6170438801167484,37.42356261436809
axis:topt_scale,-0.55,-13.827124289809289,45.0,1.3979166566591616,44.90614864856836
axis:topt_scale,-0.55,-13.827124289809289,47.0,0.36104549937278313,20.201094059116272
axis:topt_scale,-0.55,-13.827124289809289,50.0,0.0010331171020713811,6.8081274791416515
axis:topt_scale,-0.5,-13.334862487277968,15.0,0.008772078513119152,1.2664678973535393
axis:topt_scale,-0.5,-13.334862487277968,20.0,0.17908397884507596,7.170848237238611
axis:topt_scale,-0.5,-13.334862487277968,25.0,0.7066116247129249,14.90946812463593
axis:topt_scale,-0.5,-13.334862487277968,27.0,0.9842004219144173,20.0027068403407
axis:topt_scale,-0.5,-13.334862487277968,30.0,1.3073592980704307,23.510347831880093
axis:topt_scale,-0.5,-13.334862487277968,35.0,1.568173595511861,32.86307744775676
axis:topt_scale,-0.5,-13.334862487277968,37.0,1.6272140137782567,36.23050929465008
axis:topt_scale,-0.5,-13.334862487277968,40.0,1.6711383296855062,39.51154548425436
axis:topt_scale,-0.5,-13.334862487277968,43.0,1.617111759410594,37.42725399113788
axis:topt_scale,-0.5,-13.334862487277968,45.0,1.3990918261217271,44.95056279720191
axis:topt_scale,-0.5,-13.334862487277968,47.0,0.3628398984937173,20.306976147699775
axis:topt_scale,-0.5,-13.334862487277968,50.0,0.00103380938929022,6.808268852177415
axis:topt_scale,-0.45,-12.821843910314847,15.0,0.00732151970909156,1.135609335102787
axis:topt_scale,-0.45,-12.821843910314847,20.0,0.1723287411360323,7.1864211371662385
axis:topt_scale,-0.45,-12.821843910314847,25.0,0.6899885744962047,14.498075622428047
axis:topt_scale,-0.45,-12.821843910314847,27.0,0.9717156666773813,19.829850107670403
axis:topt_scale,-0.45,-12.821843910314847,30.0,1.2985969640411685,23.280399615983544
axis:topt_scale,-0.45,-12.821843910314847,35.0,1.5645028657173556,32.68432067717779
axis:topt_scale,-0.45,-12.821843910314847,37.0,1.6245871009958648,35.949951828226204
axis:topt_scale,-0.45,-12.821843910314847,40.0,1.6699414394918277,39.386805093193594
axis:topt_scale,-0.45,-12.821843910314847,43.0,1.617131382170081,37.42832110593019
axis:topt_scale,-0.45,-12.821843910314847,45.0,1.4002352602313917,44.992843518662035
axis:topt_scale,-0.45,-12.821843910314847,47.0,0.36464285559049636,20.341978810404065
axis:topt_scale,-0.45,-12.821843910314847,50.0,0.001034497906522434,6.80841576244234
axis:topt_scale,-0.4,-12.32885715972218,15.0,0.005912951388031392,1.0085437825425003
axis:topt_scale,-0.4,-12.32885715972218,20.0,0.16555177709041882,7.096696437487348
axis:topt_scale,-0.4,-12.32885715972218,25.0,0.6729479357323547,14.056993066496617
axis:topt_scale,-0.4,-12.32885715972218,27.0,0.9589358314277572,19.65356971290287
axis:topt_scale,-0.4,-12.32885715972218,30.0,1.2893610434018774,23.43329090847325
axis:topt_scale,-0.4,-12.32885715972218,35.0,1.5607404484428737,32.50109892041366
axis:topt_scale,-0.4,-12.32885715972218,37.0,1.6218896462815495,35.80606724105771
axis:topt_scale,-0.4,-12.32885715972218,40.0,1.6686873840484753,39.348086566966074
axis:topt_scale,-0.4,-12.32885715972218,43.0,1.617101148743385,37.42667696730309
axis:topt_scale,-0.4,-12.32885715972218,45.0,1.4013436622411688,44.987602718565405
axis:topt_scale,-0.4,-12.32885715972218,47.0,0.36645384348134813,20.376353864466836
axis:topt_scale,-0.4,-12.32885715972218,50.0,0.0010351825788505727,6.808568092983804
axis:topt_scale,-0.35000000000000003,-11.840055605472589,15.0,0.004544635033480075,0.933200313972546
axis:topt_scale,-0.35000000000000003,-11.840055605472589,20.0,0.15903969273879157,6.879661388672585
axis:topt_scale,-0.35000000000000003,-11.840055605472589,25.0,0.6554004601386874,13.774651067540411
axis:topt_scale,-0.35000000000000003,-11.840055605472589,27.0,0.9457927130542593,19.47227471325774
axis:topt_scale,-0.35000000000000003,-11.840055605472589,30.0,1.2799361286145639,23.571198179941955
axis:topt_scale,-0.35000000000000003,-11.840055605472589,35.0,1.5568829904706452,32.31324888285629
axis:topt_scale,-0.35000000000000003,-11.840055605472589,37.0,1.6191123045429365,35.65517881005973
axis:topt_scale,-0.35000000000000003,-11.840055605472589,40.0,1.667366326067095,39.3057490058162
axis:topt_scale,-0.35000000000000003,-11.840055605472589,43.0,1.6170194113462577,37.422231966302675
axis:topt_scale,-0.35000000000000003,-11.840055605472589,45.0,1.4024171571060258,44.95408291608339
axis:topt_scale,-0.35000000000000003,-11.840055605472589,47.0,0.3682725173813567,20.409807903229837
axis:topt_scale,-0.35000000000000003,-11.840055605472589,50.0,0.0010358633345178764,6.8087266003061275
axis:topt_scale,-0.30000000000000004,-11.36588544629206,15.0,0.003217462097009773,0.8878101113224562
axis:topt_scale,-0.30000000000000004,-11.36588544629206,20.0,0.15283650406412225,6.671634332037118
axis:topt_scale,-0.30000000000000004,-11.36588544629206,25.0,0.637175545028378,13.428121496695065
axis:topt_scale,-0.30000000000000004,-11.36588544629206,27.0,0.9322108721717278,19.28492326035573
axis:topt_scale,-0.30000000000000004,-11.36588544629206,30.0,1.2702983980831966,23.707840908572557
axis:topt_scale,-0.30000000000000004,-11.36588544629206,35.0,1.552926754249997,32.12058855370092
axis:topt_scale,-0.30000000000000004,-11.36588544629206,37.0,1.6162521321961496,35.46940821710888
axis:topt_scale,-0.30000000000000004,-11.36588544629206,40.0,1.6659755429892154,39.25615304525198
axis:topt_scale,-0.30000000000000004,-11.36588544629206,43.0,1.616884471846484,37.41489375597849
axis:topt_scale,-0.30000000000000004,-11.36588544629206,45.0,1.4034554835353872,44.917139899571126
axis:topt_scale,-0.30000000000000004,-11.36588544629206,47.0,0.3700985222741573,20.44189270075745
axis:topt_scale,-0.30000000000000004,-11.36588544629206,50.0,0.001036540105213659,6.80889170250498
axis:topt_scale,-0.25,-10.920314050293108,15.0,0.0019337888683562383,0.8438864504664754
axis:topt_scale,-0.25,-10.920314050293108,20.0,0.14687733408218845,6.472148465439364
axis:topt_scale,-0.25,-10.920314050293108,25.0,0.6183084040451098,13.157019707557199
axis:topt_scale,-0.25,-10.920314050293108,27.0,0.9180814483839996,19.09001176043554
axis:topt_scale,-0.25,-10.920314050293108,30.0,1.2604249942161196,23.846010962690173
axis:topt_scale,-0.25,-10.920314050293108,35.0,1.5488675202633113,31.922912451370934
axis:topt_scale,-0.25,-10.920314050293108,37.0,1.6133077898675834,35.31240623947014
axis:topt_scale,-0.25,-10.920314050293108,40.0,1.6645120880790107,39.15973411743773
axis:topt_scale,-0.25,-10.920314050293108,43.0,1.6167489487107058,37.40752380666156
axis:topt_scale,-0.25,-10.920314050293108,45.0,1.4044570533081597,44.871368077689056
axis:topt_scale,-0.25,-10.920314050293108,47.0,0.3719314935766675,20.47188437463252
axis:topt_scale,-0.25,-10.920314050293108,50.0,0.0010372128263567053,6.809063613383465
axis:topt_scale,-0.2,-10.503878616420486,15.0,0.0006947912182351253,0.8015250670160049
axis:topt_scale,-0.2,-10.503878616420486,20.0,0.1409935231065884,6.275621064699846
axis:topt_scale,-0.2,-10.503878616420486,25.0,0.5987176431868949,13.214657361135483
axis:topt_scale,-0.2,-10.503878616420486,27.0,0.9032441434551942,18.888126332106662
axis:topt_scale,-0.2,-10.503878616420486,30.0,1.2499598575908268,23.802659138357118
axis:topt_scale,-0.2,-10.503878616420486,35.0,1.5447004565558609,31.719985269899762
axis:topt_scale,-0.2,-10.503878616420486,37.0,1.6102762006528555,35.16233072608452
axis:topt_scale,-0.2,-10.503878616420486,40.0,1.6629773193405886,38.98445177227253
axis:topt_scale,-0.2,-10.503878616420486,43.0,1.6168785255148173,37.41457038563453
axis:topt_scale,-0.2,-10.503878616420486,45.0,1.4054202283693569,44.795366637464575
axis:topt_scale,-0.2,-10.503878616420486,47.0,0.37377105776305214,20.529631164367927
axis:topt_scale,-0.2,-10.503878616420486,50.0,0.001037881437366714,6.809243386695729
axis:topt_scale,-0.15000000000000002,-10.178673720993157,15.0,0.0,
axis:topt_scale,-0.15000000000000002,-10.178673720993157,20.0,0.13518617884020165,6.080231820400844
axis:topt_scale,-0.15000000000000002,-10.178673720993157,25.0,0.5808961530126452,13.27033255027921
axis:topt_scale,-0.15000000000000002,-10.178673720993157,27.0,0.8851720072461727,18.67533464252472
axis:topt_scale,-0.15000000000000002,-10.178673720993157,30.0,1.2377545621670323,23.788396955173965
axis:topt_scale,-0.15000000000000002,-10.178673720993157,35.0,1.5404199425908585,31.511533301043986
axis:topt_scale,-0.15000000000000002,-10.178673720993157,37.0,1.607152012322569,35.00767119460758
axis:topt_scale,-0.15000000000000002,-10.178673720993157,40.0,1.6613896017080674,38.41961349963064
axis:topt_scale,-0.15000000000000002,-10.178673720993157,43.0,1.6169599141364424,37.41899641970563
axis:topt_scale,-0.15000000000000002,-10.178673720993157,45.0,1.4063433188928232,44.43045418767836
axis:topt_scale,-0.15000000000000002,-10.178673720993157,47.0,0.3756168329273609,20.618658026925132
axis:topt_scale,-0.15000000000000002,-10.178673720993157,50.0,0.0010385458820204995,6.809431453360963
axis:topt_scale,-0.1,-9.989130587551122,15.0,0.0,
axis:topt_scale,-0.1,-9.989130587551122,20.0,0.12945635898250454,5.889291255095234
axis:topt_scale,-0.1,-9.989130587551122,25.0,0.5643920495226986,12.953491642614653
axis:topt_scale,-0.1,-9.989130587551122,27.0,0.8630123309534653,18.720635078500123
axis:topt_scale,-0.1,-9.989130587551122,30.0,1.2247055440526609,23.60221820167629
axis:topt_scale,-0.1,-9.989130587551122,35.0,1.5360193289994082,31.297232734614553
axis:topt_scale,-0.1,-9.989130587551122,37.0,1.6039314231331252,34.84823944387301
axis:topt_scale,-0.1,-9.989130587551122,40.0,1.659739648150027,38.33256725179052
axis:topt_scale,-0.1,-9.989130587551122,43.0,1.6169912768275723,37.4207019694092
axis:topt_scale,-0.1,-9.989130587551122,45.0,1.4072293823220603,43.980666313840075
axis:topt_scale,-0.1,-9.989130587551122,47.0,0.3774596566102186,20.680022060670872
axis:topt_scale,-0.1,-9.989130587551122,50.0,0.001039206108631831,6.8096283634834105
axis:topt_scale,-0.05,-9.859483454676774,15.0,0.0,
axis:topt_scale,-0.05,-9.859483454676774,20.0,0.12385228551148318,5.551204813070179
axis:topt_scale,-0.05,-9.859483454676774,25.0,0.5476290523944487,12.232747429878035
axis:topt_scale,-0.05,-9.859483454676774,27.0,0.842093199420407,18.440283239455873
axis:topt_scale,-0.05,-9.859483454676774,30.0,1.211038708287775,23.395532579011928
axis:topt_scale,-0.05,-9.859483454676774,35.0,1.5314920682752509,31.07676472091581
axis:topt_scale,-0.05,-9.859483454676774,37.0,1.600610184135771,34.68382513431405
axis:topt_scale,-0.05,-9.859483454676774,40.0,1.6580124787221298,38.24141671513165
axis:topt_scale,-0.05,-9.859483454676774,43.0,1.616970749296487,37.41958565179424
axis:topt_scale,-0.05,-9.859483454676774,45.0,1.408074748863266,43.9595526129617
axis:topt_scale,-0.05,-9.859483454676774,47.0,0.3792928697363691,20.714280319774776
axis:topt_scale,-0.05,-9.859483454676774,50.0,0.001039862070515721,6.8098353816032
axis:topt_scale,0.0,-9.778832777439442,15.0,0.0,
axis:topt_scale,0.0,-9.778832777439442,20.0,0.11834294554443253,5.361107214410037
axis:topt_scale,0.0,-9.778832777439442,25.0,0.532543802270648,11.935151350736097
axis:topt_scale,0.0,-9.778832777439442,27.0,0.8216112608677085,18.197831158931137
axis:topt_scale,0.0,-9.778832777439442,30.0,1.196704095074697,23.456076446998143
axis:topt_scale,0.0,-9.778832777439442,35.0,1.526831668346877,30.8498131098087
axis:topt_scale,0.0,-9.778832777439442,37.0,1.5971836562400126,34.51419861282276
axis:topt_scale,0.0,-9.778832777439442,40.0,1.6562052344531948,38.14599875072689
axis:topt_scale,0.0,-9.778832777439442,43.0,1.6168964144917108,37.41597020263076
axis:topt_scale,0.0,-9.778832777439442,45.0,1.4088748931669104,43.93948842422541
axis:topt_scale,0.0,-9.778832777439442,47.0,0.38112494249750395,20.74581553250344
axis:topt_scale,0.0,-9.778832777439442,50.0,0.0010405137263009346,6.810053065922612
axis:topt_scale,0.05,-9.7520335085965,15.0,0.0,
axis:topt_scale,0.05,-9.7520335085965,20.0,0.11291748399343485,5.175176842531108
axis:topt_scale,0.05,-9.7520335085965,25.0,0.51764831236804,11.64437346742446
axis:topt_scale,0.05,-9.7520335085965,27.0,0.8010579002724225,17.927202851332844
axis:topt_scale,0.05,-9.7520335085965,30.0,1.1829475945681125,23.267495350897445
axis:topt_scale,0.05,-9.7520335085965,35.0,1.5220240259317517,30.615691101287705
axis:topt_scale,0.05,-9.7520335085965,37.0,1.593646583615382,34.339099695249416
axis:topt_scale,0.05,-9.7520335085965,40.0,1.654314710382592,38.04612612580411
axis:topt_scale,0.05,-9.7520335085965,43.0,1.6167662706525807,37.40889275308497
axis:topt_scale,0.05,-9.7520335085965,45.0,1.4096278972173661,43.9205052867762
axis:topt_scale,0.05,-9.7520335085965,47.0,0.38297463750563115,20.816355561855946
axis:topt_scale,0.05,-9.7520335085965,50.0,0.0010411610403762961,6.810282761661421
axis:topt_scale,0.1,-9.775561032523084,15.0,0.0,
axis:topt_scale,0.1,-9.775561032523084,20.0,0.10757490078302959,4.99200483154773
axis:topt_scale,0.1,-9.775561032523084,25.0,0.5028166292898587,11.355319566216957
axis:topt_scale,0.1,-9.775561032523084,27.0,0.7808753619623018,17.660048928818455
axis:topt_scale,0.1,-9.775561032523084,30.0,1.168652621579638,23.069521581907317
axis:topt_scale,0.1,-9.775561032523084,35.0,1.5171025352361611,30.3766638369095
axis:topt_scale,0.1,-9.775561032523084,37.0,1.5899650372615601,34.157552091078244
axis:topt_scale,0.1,-9.775561032523084,40.0,1.6523375493921921,37.94159385177217
axis:topt_scale,0.1,-9.775561032523084,43.0,1.616578223549388,37.39866642278513
axis:topt_scale,0.1,-9.775561032523084,45.0,1.4103317745334771,43.90263055481187
axis:topt_scale,0.1,-9.775561032523084,47.0,0.3848273168253989,20.886915200970357
axis:topt_scale,0.1,-9.775561032523084,50.0,0.001041803983397926,6.81052525115676
axis:topt_scale,0.15000000000000002,-9.85367991437203,15.0,0.0,
axis:topt_scale,0.15000000000000002,-9.85367991437203,20.0,0.10231425145438366,4.811506673690081
axis:topt_scale,0.15000000000000002,-9.85367991437203,25.0,0.4880481701745831,11.067685677696128
axis:topt_scale,0.15000000000000002,-9.85367991437203,27.0,0.7623365159808558,17.70366510163948
axis:topt_scale,0.15000000000000002,-9.85367991437203,30.0,1.1537216538707755,22.86378249787438
axis:topt_scale,0.15000000000000002,-9.85367991437203,35.0,1.5120582429633953,30.13190357237273
axis:topt_scale,0.15000000000000002,-9.85367991437203,37.0,1.5860641327811833,33.96758630054428
axis:topt_scale,0.15000000000000002,-9.85367991437203,40.0,1.650270105068444,37.83216460417456
axis:topt_scale,0.15000000000000002,-9.85367991437203,43.0,1.6163300774740168,37.38517180528666
axis:topt_scale,0.15000000000000002,-9.85367991437203,45.0,1.4109844647506253,43.885884474932915
axis:topt_scale,0.15000000000000002,-9.85367991437203,47.0,0.38668269148974804,20.95719894749808
axis:topt_scale,0.15000000000000002,-9.85367991437203,50.0,0.0010424425328905184,6.810782334521946
axis:topt_scale,0.2,-9.976861277382763,15.0,0.0,
axis:topt_scale,0.2,-9.976861277382763,20.0,0.09713361553576237,4.633505136939935
axis:topt_scale,0.2,-9.976861277382763,25.0,0.47334040361927465,10.781326770085835
axis:topt_scale,0.2,-9.976861277382763,27.0,0.743765795451561,17.386924288717456
axis:topt_scale,0.2,-9.976861277382763,30.0,1.1383044525250021,22.68434250413693
axis:topt_scale,0.2,-9.976861277382763,35.0,1.5068402503647285,29.878714982231415
axis:topt_scale,0.2,-9.976861277382763,37.0,1.5820248312984628,33.770880868962976
axis:topt_scale,0.2,-9.976861277382763,40.0,1.648108391336367,37.71755084746507
axis:topt_scale,0.2,-9.976861277382763,43.0,1.6160195247055704,37.368283402690395
axis:topt_scale,0.2,-9.976861277382763,45.0,1.4115838272754313,43.87027514752391
axis:topt_scale,0.2,-9.976861277382763,47.0,0.3885402813069434,21.013901950482435
axis:topt_scale,0.2,-9.976861277382763,50.0,0.0010430766739632398,6.811055242517819
axis:topt_scale,0.25,-10.148849922970975,15.0,0.0,
axis:topt_scale,0.25,-10.148849922970975,20.0,0.09202962497626307,4.457596369755969
axis:topt_scale,0.25,-10.148849922970975,25.0,0.458687910817734,10.496096784250174
axis:topt_scale,0.25,-10.148849922970975,27.0,0.7247358247314205,16.866024129359964
axis:topt_scale,0.25,-10.148849922970975,30.0,1.122852203683162,22.46654703223862
axis:topt_scale,0.25,-10.148849922970975,35.0,1.501427204468391,29.616061972869932
axis:topt_scale,0.25,-10.148849922970975,37.0,1.5778357614486382,33.56688203494213
axis:topt_scale,0.25,-10.148849922970975,40.0,1.6458526176994877,37.59761851879734
axis:topt_scale,0.25,-10.148849922970975,43.0,1.6156447117802515,37.347900420396606
axis:topt_scale,0.25,-10.148849922970975,45.0,1.4121276338662156,43.855789408940026
axis:topt_scale,0.25,-10.148849922970975,47.0,0.39039952898105945,21.062538282971452
axis:topt_scale,0.25,-10.148849922970975,50.0,0.0010437064001625257,6.811345794519251
axis:topt_scale,0.30000000000000004,-10.37044719429452,15.0,0.0,
axis:topt_scale,0.30000000000000004,-10.37044719429452,20.0,0.0869967360635487,4.282541986853803
axis:topt_scale,0.30000000000000004,-10.37044719429452,25.0,0.44408132569647846,10.211793306921674
axis:topt_scale,0.30000000000000004,-10.37044719429452,27.0,0.7053826557929823,16.339982280152316
axis:topt_scale,0.30000000000000004,-10.37044719429452,30.0,1.1066280372275277,22.23849022933903
axis:topt_scale,0.30000000000000004,-10.37044719429452,35.0,1.4957908210697413,29.34257213186049
axis:topt_scale,0.30000000000000004,-10.37044719429452,37.0,1.5735630797705524,33.35881148187929
axis:topt_scale,0.30000000000000004,-10.37044719429452,40.0,1.6434958439353622,37.47169694161644
axis:topt_scale,0.30000000000000004,-10.37044719429452,43.0,1.6152026454076325,37.32386007803651
axis:topt_scale,0.30000000000000004,-10.37044719429452,45.0,1.4126135599551917,43.842375280736675
axis:topt_scale,0.30000000000000004,-10.37044719429452,47.0,0.3922599764525387,21.11109785818708
axis:topt_scale,0.30000000000000004,-10.37044719429452,50.0,0.0010443317144865506,6.8116563273877695
axis:topt_scale,0.35000000000000003,-10.648313598596232,15.0,0.0,
axis:topt_scale,0.35000000000000003,-10.648313598596232,20.0,0.08202609776528938,4.098902477266597
axis:topt_scale,0.35000000000000003,-10.648313598596232,25.0,0.4295064891477569,9.927650407472559
axis:topt_scale,0.35000000000000003,-10.648313598596232,27.0,0.6860006252450743,15.813155938520435
axis:topt_scale,0.35000000000000003,-10.648313598596232,30.0,1.0915071416262498,22.025759477792707
axis:topt_scale,0.35000000000000003,-10.648313598596232,35.0,1.4898929744032763,29.05639551238092
axis:topt_scale,0.35000000000000003,-10.648313598596232,37.0,1.5691553486383198,33.14416430628046
axis:topt_scale,0.35000000000000003,-10.648313598596232,40.0,1.641030503390656,37.33524998760994
axis:topt_scale,0.35000000000000003,-10.648313598596232,43.0,1.6146904612325246,37.29600660696528
axis:topt_scale,0.35000000000000003,-10.648313598596232,45.0,1.4130391744741866,43.82990537953118
axis:topt_scale,0.35000000000000003,-10.648313598596232,47.0,0.394121160723343,21.15954236148182
axis:topt_scale,0.35000000000000003,-10.648313598596232,50.0,0.0010449526305870616,6.811989040897709
axis:topt_scale,0.4,-11.082838042148085,15.0,0.0,
axis:topt_scale,0.4,-11.082838042148085,20.0,0.07710765446420101,2.892378249019736
axis:topt_scale,0.4,-11.082838042148085,25.0,0.41494486853170026,9.644174479001629
axis:topt_scale,0.4,-11.082838042148085,27.0,0.6665138617305801,15.284863155369697
axis:topt_scale,0.4,-11.082838042148085,30.0,1.0768639554281605,21.829749082321378
axis:topt_scale,0.4,-11.082838042148085,35.0,1.4838010762429452,28.76080308342798
axis:topt_scale,0.4,-11.082838042148085,37.0,1.5645780709594497,32.9212605727655
axis:topt_scale,0.4,-11.082838042148085,40.0,1.6384997127539245,37.1911386263021
axis:topt_scale,0.4,-11.082838042148085,43.0,1.6141052527294315,37.26418194524325
axis:topt_scale,0.4,-11.082838042148085,45.0,1.4134019278700012,43.81700834935688
axis:topt_scale,0.4,-11.082838042148085,47.0,0.3959826126978963,21.207824269437012
axis:topt_scale,0.4,-11.082838042148085,50.0,0.0010455691741861639,6.812346413826583
axis:topt_scale,0.45,-11.476293922586553,15.0,0.0,
axis:topt_scale,0.45,-11.476293922586553,20.0,0.07221911423036599,2.758117485014462
axis:topt_scale,0.45,-11.476293922586553,25.0,0.4003517676409108,9.36023008704285
axis:topt_scale,0.45,-11.476293922586553,27.0,0.6467310922551489,14.559183875556561
axis:topt_scale,0.45,-11.476293922586553,30.0,1.061540476649443,21.64747770695084
axis:topt_scale,0.45,-11.476293922586553,35.0,1.4774309976204878,28.58562513745481
axis:topt_scale,0.45,-11.476293922586553,37.0,1.559813676273605,32.68924463711189
axis:topt_scale,0.45,-11.476293922586553,40.0,1.6358535768382265,37.07165108157195
axis:topt_scale,0.45,-11.476293922586553,43.0,1.6134419355777585,37.22856901285339
axis:topt_scale,0.45,-11.476293922586553,45.0,1.4136991571097437,43.80484234348547
axis:topt_scale,0.45,-11.476293922586553,47.0,0.3978438560031979,21.25588245185863
axis:topt_scale,0.45,-11.476293922586553,50.0,0.0010461813847388766,6.812732369809736
axis:topt_scale,0.5,-11.927166325171783,15.0,0.0,
axis:topt_scale,0.5,-11.927166325171783,20.0,0.06732211027019121,2.6356620268996673
axis:topt_scale,0.5,-11.927166325171783,25.0,0.3856649220981836,9.074461453346757
axis:topt_scale,0.5,-11.927166325171783,27.0,0.6266665121832603,13.957786993786371
axis:topt_scale,0.5,-11.927166325171783,30.0,1.045812091266942,21.70541360023641
axis:topt_scale,0.5,-11.927166325171783,35.0,1.4711942274139558,28.45028072965714
axis:topt_scale,0.5,-11.927166325171783,37.0,1.5548399422833459,32.44703432047488
axis:topt_scale,0.5,-11.927166325171783,40.0,1.6330690479130179,36.93148836162749
axis:topt_scale,0.5,-11.927166325171783,43.0,1.6126875892987744,37.19058013735196
axis:topt_scale,0.5,-11.927166325171783,45.0,1.4139280394941431,43.791178586845156
axis:topt_scale,0.5,-11.927166325171783,47.0,0.3997044058234848,21.30363518540915
axis:topt_scale,0.5,-11.927166325171783,50.0,0.0010467893173746567,6.813150299417395
axis:topt_scale,0.55,-12.442735334022908,15.0,0.0,
axis:topt_scale,0.55,-12.442735334022908,20.0,0.06236409386137124,2.513377768950708
axis:topt_scale,0.55,-12.442735334022908,25.0,0.3707857925851539,8.784997780516026
axis:topt_scale,0.55,-12.442735334022908,27.0,0.6062557023776343,13.563663272393844
axis:topt_scale,0.55,-12.442735334022908,30.0,1.0296293375718528,21.509430856632328
axis:topt_scale,0.55,-12.442735334022908,35.0,1.4647103092647948,28.150342877819938
axis:topt_scale,0.55,-12.442735334022908,37.0,1.5496607862904153,32.45954473379236
axis:topt_scale,0.55,-12.442735334022908,40.0,1.6301428763751782,36.78419588495084
axis:topt_scale,0.55,-12.442735334022908,43.0,1.6118480187249404,37.14829936671263
axis:topt_scale,0.55,-12.442735334022908,45.0,1.414085545741601,43.76913318825977
axis:topt_scale,0.55,-12.442735334022908,47.0,0.40156376776017216,21.350967998886595
axis:topt_scale,0.55,-12.442735334022908,50.0,0.0010473930451555306,6.813604885913194
axis:topt_scale,0.6000000000000001,-13.031793407050973,15.0,0.0,
axis:topt_scale,0.6000000000000001,-13.031793407050973,20.0,0.05727351118548724,2.3884057139467565
axis:topt_scale,0.6000000000000001,-13.031793407050973,25.0,0.3555546897852329,8.48863125907228
axis:topt_scale,0.6000000000000001,-13.031793407050973,27.0,0.5854656107802864,13.162420053390179
axis:topt_scale,0.6000000000000001,-13.031793407050973,30.0,1.0128952981656807,21.28435120280203
axis:topt_scale,0.6000000000000001,-13.031793407050973,35.0,1.4578329808111319,27.882301887386287
axis:topt_scale,0.6000000000000001,-13.031793407050973,37.0,1.5442608207560926,32.20704935158475
axis:topt_scale,0.6000000000000001,-13.031793407050973,40.0,1.6271264088791613,36.75851602921502
axis:topt_scale,0.6000000000000001,-13.031793407050973,43.0,1.6109190440190466,37.101516204351285
axis:topt_scale,0.6000000000000001,-13.031793407050973,45.0,1.4141684778301145,43.711103718955286
axis:topt_scale,0.6000000000000001,-13.031793407050973,47.0,0.40342126319454374,21.387654479279103
axis:topt_scale,0.6000000000000001,-13.031793407050973,50.0,0.001047992661684839,6.814101951652078
axis:topt_scale,0.65,-13.689542212615203,15.0,0.0,
axis:topt_scale,0.65,-13.689542212615203,20.0,0.05192843376421066,2.3341334981503303
axis:topt_scale,0.65,-13.689542212615203,25.0,0.3397640670525295,8.181374584422713
axis:topt_scale,0.65,-13.689542212615203,27.0,0.5640654005672576,12.749511134891824
axis:topt_scale,0.65,-13.689542212615203,30.0,0.9954744550505975,21.050033759021638
axis:topt_scale,0.65,-13.689542212615203,35.0,1.4500171339557644,27.799085038188892
axis:topt_scale,0.65,-13.689542212615203,37.0,1.5385860930060922,31.927727551473865
axis:topt_scale,0.65,-13.689542212615203,40.0,1.6240625734827294,36.608235775810485
axis:topt_scale,0.65,-13.689542212615203,43.0,1.6098960479675397,37.04999812741192
axis:topt_scale,0.65,-13.689542212615203,45.0,1.4141742206649504,43.70858690460651
axis:topt_scale,0.65,-13.689542212615203,47.0,0.40527653071768244,21.419480173903832
axis:topt_scale,0.65,-13.689542212615203,50.0,0.0010485882841719545,6.81464783879724
axis:topt_scale,0.7000000000000001,-14.434101851876727,15.0,0.0,
axis:topt_scale,0.7000000000000001,-14.434101851876727,20.0,0.0461577530886419,2.341793638323937
axis:topt_scale,0.7000000000000001,-14.434101851876727,25.0,0.32298910557400884,7.854960344178699
axis:topt_scale,0.7000000000000001,-14.434101851876727,27.0,0.5417727696134309,12.319425101723363
axis:topt_scale,0.7000000000000001,-14.434101851876727,30.0,0.9771636935313703,20.803746549813972
axis:topt_scale,0.7000000000000001,-14.434101851876727,35.0,1.4415536189535276,27.810648085484388
axis:topt_scale,0.7000000000000001,-14.434101851876727,37.0,1.5328680358342677,31.765233720532123
axis:topt_scale,0.7000000000000001,-14.434101851876727,40.0,1.6208554379769793,36.44742824500688
axis:topt_scale,0.7000000000000001,-14.434101851876727,43.0,1.608776745122919,36.993630040768814
axis:topt_scale,0.7000000000000001,-14.434101851876727,45.0,1.4140994802159976,43.710265422571744
axis:topt_scale,0.7000000000000001,-14.434101851876727,47.0,0.4071290996871273,21.44845246320137
axis:topt_scale,0.7000000000000001,-14.434101851876727,50.0,0.0010491800568367873,6.81525091641145
axis:topt_scale,0.75,-15.3148649467525,15.0,0.0,
axis:topt_scale,0.75,-15.3148649467525,20.0,0.039780091094355444,2.3503705574213574
axis:topt_scale,0.75,-15.3148649467525,25.0,0.3045617690655554,7.496385359997714
axis:topt_scale,0.75,-15.3148649467525,27.0,0.5178438960476782,11.85292853417702
axis:topt_scale,0.75,-15.3148649467525,30.0,0.957718930778271,20.542206561586976
axis:topt_scale,0.75,-15.3148649467525,35.0,1.4325985410255515,27.806150026960065
axis:topt_scale,0.75,-15.3148649467525,37.0,1.5270030095441038,31.475885446679083
axis:topt_scale,0.75,-15.3148649467525,40.0,1.6174942580212905,36.27889684111235
axis:topt_scale,0.75,-15.3148649467525,43.0,1.6075733917381139,36.933029169267314
axis:topt_scale,0.75,-15.3148649467525,45.0,1.4139391047949084,43.71398445373503
axis:topt_scale,0.75,-15.3148649467525,47.0,0.4089783721270548,21.46760269271528
axis:topt_scale,0.75,-15.3148649467525,50.0,0.0010497681550033415,6.815921445385106
axis:topt_scale,0.8,-16.38489843697127,15.0,0.0,
axis:topt_scale,0.8,-16.38489843697127,20.0,0.032680054528525695,2.3599950529673057
axis:topt_scale,0.8,-16.38489843697127,25.0,0.2835584649730207,7.0815507666015876
axis:topt_scale,0.8,-16.38489843697127,27.0,0.4913861150303667,11.338185247458606
axis:topt_scale,0.8,-16.38489843697127,30.0,0.9365352220676698,20.257277041123142
axis:topt_scale,0.8,-16.38489843697127,35.0,1.42323808144838,27.820838666506596
axis:topt_scale,0.8,-16.38489843697127,37.0,1.5208327324891513,31.171477771978658
axis:topt_scale,0.8,-16.38489843697127,40.0,1.6139643710485234,36.10190637498063
axis:topt_scale,0.8,-16.38489843697127,43.0,1.606258769110622,36.866824779163146
axis:topt_scale,0.8,-16.38489843697127,45.0,1.4136887009506065,43.71984697116225
axis:topt_scale,0.8,-16.38489843697127,47.0,0.4108239101447239,21.483232087822188
axis:topt_scale,0.8,-16.38489843697127,50.0,0.0010503527896692018,6.816671814710595
axis:topt_scale,0.8500000000000001,-17.774927980323074,15.0,0.0,
axis:topt_scale,0.8500000000000001,-17.774927980323074,20.0,0.024945882990131583,2.1514762977533817
axis:topt_scale,0.8500000000000001,-17.774927980323074,25.0,0.2581292684492961,7.04617050727755
axis:topt_scale,0.8500000000000001,-17.774927980323074,27.0,0.460955375999079,10.746070436001967
axis:topt_scale,0.8500000000000001,-17.774927980323074,30.0,0.9127537822001848,19.937406977294685
axis:topt_scale,0.8500000000000001,-17.774927980323074,35.0,1.4134096561293383,27.65872501032278
axis:topt_scale,0.8500000000000001,-17.774927980323074,37.0,1.5142875723214442,30.84970881453082
axis:topt_scale,0.8500000000000001,-17.774927980323074,40.0,1.610247537804972,35.915542320441155
axis:topt_scale,0.8500000000000001,-17.774927980323074,43.0,1.6048251120821582,36.794625817116845
axis:topt_scale,0.8500000000000001,-17.774927980323074,45.0,1.413343398879332,43.72796675298091
axis:topt_scale,0.8500000000000001,-17.774927980323074,47.0,0.41266513677645544,21.491175152879073
axis:topt_scale,0.8500000000000001,-17.774927980323074,50.0,0.001050934212806826,6.81751891942693
axis:topt_scale,0.9,-19.921702048547413,15.0,0.0,
axis:topt_scale,0.9,-19.921702048547413,20.0,0.021750338863782248,1.1565376078314618
axis:topt_scale,0.9,-19.921702048547413,25.0,0.22670905062929922,7.163880005685058
axis:topt_scale,0.9,-19.921702048547413,27.0,0.4244925610184322,10.036582669785492
axis:topt_scale,0.9,-19.921702048547413,30.0,0.8816431624963563,19.51895645596981
axis:topt_scale,0.9,-19.921702048547413,35.0,1.4019784528174357,27.14673460234891
axis:topt_scale,0.9,-19.921702048547413,37.0,1.5073183508194785,30.5071098249631
axis:topt_scale,0.9,-19.921702048547413,40.0,1.6063197304043701,35.71859990611783
axis:topt_scale,0.9,-19.921702048547413,43.0,1.6032628837359515,36.71595200403803
axis:topt_scale,0.9,-19.921702048547413,45.0,1.4128977310959905,43.7384710778079
axis:topt_scale,0.9,-19.921702048547413,47.0,0.414501451251989,21.476149959913588
axis:topt_scale,0.9,-19.921702048547413,50.0,0.0010515127234351287,6.818482192906735
axis:topt_scale,0.9500000000000001,-22.304323945489116,15.0,0.0,
axis:topt_scale,0.9500000000000001,-22.304323945489116,20.0,0.020221355836190627,1.1315368664560725
axis:topt_scale,0.9500000000000001,-22.304323945489116,25.0,0.18875463446768384,7.308147679335979
axis:topt_scale,0.9500000000000001,-22.304323945489116,27.0,0.3794916088399779,9.160957666907333
axis:topt_scale,0.9500000000000001,-22.304323945489116,30.0,0.8349016346395991,18.892310132460466
axis:topt_scale,0.9500000000000001,-22.304323945489116,35.0,1.3906450178515501,26.58625837503108
axis:topt_scale,0.9500000000000001,-22.304323945489116,37.0,1.4997940048265992,30.137221547830727
axis:topt_scale,0.9500000000000001,-22.304323945489116,40.0,1.6021482797297995,35.509441084594144
axis:topt_scale,0.9500000000000001,-22.304323945489116,43.0,1.6015605365472556,36.630221806629244
axis:topt_scale,0.9500000000000001,-22.304323945489116,45.0,1.4123454898083778,43.75150383511044
axis:topt_scale,0.9500000000000001,-22.304323945489116,47.0,0.4163322224030574,21.178655523334616
axis:topt_scale,0.9500000000000001,-22.304323945489116,50.0,0.001052088674578978,6.819589903097939
axis:topt_scale,1.0,-25.501642083872188,15.0,0.0,
axis:topt_scale,1.0,-25.501642083872188,20.0,0.018710103464840876,1.2320457080803244
axis:topt_scale,1.0,-25.501642083872188,25.0,0.14564974887447277,6.297725731125613
axis:topt_scale,1.0,-25.501642083872188,27.0,0.32392822997897247,8.07980271691104
axis:topt_scale,1.0,-25.501642083872188,30.0,0.77668068943225,18.11208876128533
axis:topt_scale,1.0,-25.501642083872188,35.0,1.3778149942572033,25.95177083950462
axis:topt_scale,1.0,-25.501642083872188,37.0,1.4915371699636852,29.731324952312157
axis:topt_scale,1.0,-25.501642083872188,40.0,1.597687582630884,35.2857792889332
axis:topt_scale,1.0,-25.501642083872188,43.0,1.5997036264150006,36.536707820018655
axis:topt_scale,1.0,-25.501642083872188,45.0,1.4116795443327694,43.767229443163764
axis:topt_scale,1.0,-25.501642083872188,47.0,0.41815717886055337,21.188066664927796
axis:topt_scale,1.0,-25.501642083872188,50.0,0.001052718727344035,6.820880188602592
axis:dCp_scale,-1.0,-31.188424272511057,15.0,0.17185229122119283,6.5246251461537526
axis:dCp_scale,-1.0,-31.188424272511057,20.0,0.5417828618057072,12.451308696681872
axis:dCp_scale,-1.0,-31.188424272511057,25.0,1.0866721458488668,21.60779842736972
axis:dCp_scale,-1.0,-31.188424272511057,27.0,1.2625458388232598,23.940060062735654
axis:dCp_scale,-1.0,-31.188424272511057,30.0,1.435446143587437,27.37942375461818
axis:dCp_scale,-1.0,-31.188424272511057,35.0,1.5981515871276382,34.328837414874926
axis:dCp_scale,-1.0,-31.188424272511057,37.0,1.6390659710869553,37.55951265070937
axis:dCp_scale,-1.0,-31.188424272511057,40.0,1.6706476556847103,39.27677083698603
axis:dCp_scale,-1.0,-31.188424272511057,43.0,1.6229749591707148,37.746103498410235
axis:dCp_scale,-1.0,-31.188424272511057,45.0,1.4193247953877415,43.57847586749889
axis:dCp_scale,-1.0,-31.188424272511057,47.0,0.4258833346314005,21.704725031968735
axis:dCp_scale,-1.0,-31.188424272511057,50.0,0.0010561322633977162,6.82390304551771
axis:dCp_scale,-0.9500000000000001,-29.451189512199676,15.0,0.15698368098628818,6.625463567248039
axis:dCp_scale,-0.9500000000000001,-29.451189512199676,20.0,0.5137628516743602,11.907584974505724
axis:dCp_scale,-0.9500000000000001,-29.451189512199676,25.0,1.0661974483233567,21.320894308829548
axis:dCp_scale,-0.9500000000000001,-29.451189512199676,27.0,1.2473192709953755,23.83850617987343
axis:dCp_scale,-0.9500000000000001,-29.451189512199676,30.0,1.4280175631015313,27.389161014912144
axis:dCp_scale,-0.9500000000000001,-29.451189512199676,35.0,1.5954920852076022,34.19718167666985
axis:dCp_scale,-0.9500000000000001,-29.451189512199676,37.0,1.6374569038872728,37.387239173224934
axis:dCp_scale,-0.9500000000000001,-29.451189512199676,40.0,1.6700950974397402,39.23626577193177
axis:dCp_scale,-0.9500000000000001,-29.451189512199676,43.0,1.6227408279772795,37.733371096527726
axis:dCp_scale,-0.9500000000000001,-29.451189512199676,45.0,1.4189187051381016,43.588877414137144
axis:dCp_scale,-0.9500000000000001,-29.451189512199676,47.0,0.42406539558055517,21.680039213696446
axis:dCp_scale,-0.9500000000000001,-29.451189512199676,50.0,0.0010555301280190557,6.822747163039165
axis:dCp_scale,-0.9,-27.744152565361986,15.0,0.14280442636797722,6.523403106913757
axis:dCp_scale,-0.9,-27.744152565361986,20.0,0.4863880577598087,11.376313713855517
axis:dCp_scale,-0.9,-27.744152565361986,25.0,1.04511234101002,21.03519619935417
axis:dCp_scale,-0.9,-27.744152565361986,27.0,1.2302098868313938,23.771712384399624
axis:dCp_scale,-0.9,-27.744152565361986,30.0,1.420290097836601,27.282579379815946
axis:dCp_scale,-0.9,-27.744152565361986,35.0,1.592761036502544,34.061984093006096
axis:dCp_scale,-0.9,-27.744152565361986,37.0,1.635804043820244,37.30177701740864
axis:dCp_scale,-0.9,-27.744152565361986,40.0,1.669528182122561,39.21037273033141
axis:dCp_scale,-0.9,-27.744152565361986,43.0,1.622500490554205,37.72030119066368
axis:dCp_scale,-0.9,-27.744152565361986,45.0,1.4185020877047867,43.59947023606727
axis:dCp_scale,-0.9,-27.744152565361986,47.0,0.4222073822259996,21.654804417395226
axis:dCp_scale,-0.9,-27.744152565361986,50.0,0.0010549080879478452,6.821670832786336
axis:dCp_scale,-0.8500000000000001,-26.091867709700114,15.0,0.1292727923649854,6.033819852025945
axis:dCp_scale,-0.8500000000000001,-26.091867709700114,20.0,0.459683639345147,10.859221532932777
axis:dCp_scale,-0.8500000000000001,-26.091867709700114,25.0,1.0236417162528113,20.744274421663764
axis:dCp_scale,-0.8500000000000001,-26.091867709700114,27.0,1.2122744413908495,23.520725388035558
axis:dCp_scale,-0.8500000000000001,-26.091867709700114,30.0,1.411911288685262,26.861603389768145
axis:dCp_scale,-0.8500000000000001,-26.091867709700114,35.0,1.58992813856704,33.92247764326666
axis:dCp_scale,-0.8500000000000001,-26.091867709700114,37.0,1.6341026454016105,37.211984151101596
axis:dCp_scale,-0.8500000000000001,-26.091867709700114,40.0,1.668945183480702,39.17512147966928
axis:dCp_scale,-0.8500000000000001,-26.091867709700114,43.0,1.6222537790007856,37.70688465012851
axis:dCp_scale,-0.8500000000000001,-26.091867709700114,45.0,1.4180746701884592,43.610268779586185
axis:dCp_scale,-0.8500000000000001,-26.091867709700114,47.0,0.4203086078485884,21.62901052861433
axis:dCp_scale,-0.8500000000000001,-26.091867709700114,50.0,0.001054265374545008,6.820665092326634
axis:dCp_scale,-0.8,-24.536080193876394,15.0,0.11641183364751151,5.605520909507753
axis:dCp_scale,-0.8,-24.536080193876394,20.0,0.4336793478704892,10.412614291437484
axis:dCp_scale,-0.8,-24.536080193876394,25.0,1.0017927424738653,20.447106955493407
axis:dCp_scale,-0.8,-24.536080193876394,27.0,1.1939509706762075,23.26484546654405
axis:dCp_scale,-0.8,-24.536080193876394,30.0,1.4033369472598807,26.430803283767144
axis:dCp_scale,-0.8,-24.536080193876394,35.0,1.5869551756873626,33.77770064436672
axis:dCp_scale,-0.8,-24.536080193876394,37.0,1.6323540705742285,37.11248569529195
axis:dCp_scale,-0.8,-24.536080193876394,40.0,1.6683456091227447,39.106300061483026
axis:dCp_scale,-0.8,-24.536080193876394,43.0,1.6220005206894583,37.69311208717934
axis:dCp_scale,-0.8,-24.536080193876394,45.0,1.4176367168668764,43.6241644685301
axis:dCp_scale,-0.8,-24.536080193876394,47.0,0.41836838477653415,21.602647269595824
axis:dCp_scale,-0.8,-24.536080193876394,50.0,0.0010536011836384525,6.819724769789729
axis:dCp_scale,-0.75,-23.07169692471387,15.0,0.10421194930062858,5.19959800354401
axis:dCp_scale,-0.75,-23.07169692471387,20.0,0.4084282746869304,9.941754898457692
axis:dCp_scale,-0.75,-23.07169692471387,25.0,0.9796061235802049,20.14475858584704
axis:dCp_scale,-0.75,-23.07169692471387,27.0,1.175222885397283,23.002842524302523
axis:dCp_scale,-0.75,-23.07169692471387,30.0,1.3945403225086783,25.993307970008313
axis:dCp_scale,-0.75,-23.07169692471387,35.0,1.5839020329328533,33.629019055291806
axis:dCp_scale,-0.75,-23.07169692471387,37.0,1.6305569384736942,36.95998191294796
axis:dCp_scale,-0.75,-23.07169692471387,40.0,1.667728949680351,38.756066244579024
axis:dCp_scale,-0.75,-23.07169692471387,43.0,1.6217405381225953,37.67897384923278
axis:dCp_scale,-0.75,-23.07169692471387,45.0,1.4171878510371319,43.64900531642471
axis:dCp_scale,-0.75,-23.07169692471387,47.0,0.41638602532138,21.57570419030371
axis:dCp_scale,-0.75,-23.07169692471387,50.0,0.0010529146737518326,6.818840888338793
axis:dCp_scale,-0.7000000000000001,-21.696122917864837,15.0,0.0927675829834504,4.702046898254757
axis:dCp_scale,-0.7000000000000001,-21.696122917864837,20.0,0.38394742478668065,9.46819121999489
axis:dCp_scale,-0.7000000000000001,-21.696122917864837,25.0,0.9570607293363969,19.825491503651946
axis:dCp_scale,-0.7000000000000001,-21.696122917864837,27.0,1.1560799938862378,22.7301398511676
axis:dCp_scale,-0.7000000000000001,-21.696122917864837,30.0,1.385533912471491,25.546043911907038
axis:dCp_scale,-0.7000000000000001,-21.696122917864837,35.0,1.580766510156924,33.47632573356081
axis:dCp_scale,-0.7000000000000001,-21.696122917864837,37.0,1.628719995223635,36.323215936571664
axis:dCp_scale,-0.7000000000000001,-21.696122917864837,40.0,1.667100498848818,38.722992156119645
axis:dCp_scale,-0.7000000000000001,-21.696122917864837,43.0,1.6214736487842902,37.66446001079861
axis:dCp_scale,-0.7000000000000001,-21.696122917864837,45.0,1.4167273535607172,43.697685514114454
axis:dCp_scale,-0.7000000000000001,-21.696122917864837,47.0,0.4143608419042196,21.548170622370733
axis:dCp_scale,-0.7000000000000001,-21.696122917864837,50.0,0.0010522049638247162,6.818010930435542
axis:dCp_scale,-0.65,-20.405924644804674,15.0,0.08208845059854394,4.315026827375624
axis:dCp_scale,-0.65,-20.405924644804674,20.0,0.36022275015552013,9.009228685126965
axis:dCp_scale,-0.65,-20.405924644804674,25.0,0.9341695312137915,19.51533174159923
axis:dCp_scale,-0.65,-20.405924644804674,27.0,1.1365244351150487,22.455161488437017
axis:dCp_scale,-0.65,-20.405924644804674,30.0,1.3758112474061492,25.188867138466648
axis:dCp_scale,-0.65,-20.405924644804674,35.0,1.5775463473804676,33.3195106229738
axis:dCp_scale,-0.65,-20.405924644804674,37.0,1.6268427409080484,36.21575880038924
axis:dCp_scale,-0.65,-20.405924644804674,40.0,1.6664551329800472,38.689027863668976
axis:dCp_scale,-0.65,-20.405924644804674,43.0,1.6211996649870513,37.649560365158
axis:dCp_scale,-0.65,-20.405924644804674,45.0,1.416254922940989,43.725639455868496
axis:dCp_scale,-0.65,-20.405924644804674,47.0,0.41229214852387813,21.520035642588024
axis:dCp_scale,-0.65,-20.405924644804674,50.0,0.0010514711312315764,6.817229038955942
axis:dCp_scale,-0.6000000000000001,-19.20284251633401,15.0,0.07207615427682505,3.9813365519434454
axis:dCp_scale,-0.6000000000000001,-19.20284251633401,20.0,0.3372598455858752,8.56494486430747
axis:dCp_scale,-0.6000000000000001,-19.20284251633401,25.0,0.910939040205356,19.20148602718294
axis:dCp_scale,-0.6000000000000001,-19.20284251633401,27.0,1.1165539457253728,22.177369696166156
axis:dCp_scale,-0.6000000000000001,-19.20284251633401,30.0,1.3656892264916156,24.860207365125884
axis:dCp_scale,-0.6000000000000001,-19.20284251633401,35.0,1.574238683968972,33.15843441668795
axis:dCp_scale,-0.6000000000000001,-19.20284251633401,37.0,1.6249132006842957,36.03801963723016
axis:dCp_scale,-0.6000000000000001,-19.20284251633401,40.0,1.665791697933064,38.65411262713869
axis:dCp_scale,-0.6000000000000001,-19.20284251633401,43.0,1.620918393713163,37.63426441571811
axis:dCp_scale,-0.6000000000000001,-19.20284251633401,45.0,1.4157702498037361,43.74671017691017
axis:dCp_scale,-0.6000000000000001,-19.20284251633401,47.0,0.41017926141314554,21.491288011383404
axis:dCp_scale,-0.6000000000000001,-19.20284251633401,50.0,0.001050712209433391,6.816490501777921
axis:dCp_scale,-0.55,-18.04397553229196,15.0,0.06270443288756308,3.668995387522186
axis:dCp_scale,-0.55,-18.04397553229196,20.0,0.3150240226741396,8.13456055880982
axis:dCp_scale,-0.55,-18.04397553229196,25.0,0.8850786884128417,18.85110847490597
axis:dCp_scale,-0.55,-18.04397553229196,27.0,1.0961674295582065,21.89247928019341
axis:dCp_scale,-0.55,-18.04397553229196,30.0,1.355248279891402,24.531258936576844
axis:dCp_scale,-0.55,-18.04397553229196,35.0,1.570841473424554,32.99299745458603
axis:dCp_scale,-0.55,-18.04397553229196,37.0,1.6229337970431825,35.86262694194819
axis:dCp_scale,-0.55,-18.04397553229196,40.0,1.6651096534461118,38.61821801365092
axis:dCp_scale,-0.55,-18.04397553229196,43.0,1.620629636450536,37.61856136709782
axis:dCp_scale,-0.55,-18.04397553229196,45.0,1.415273016682435,43.764783154377994
axis:dCp_scale,-0.55,-18.04397553229196,47.0,0.4080214999634419,21.461916090797136
axis:dCp_scale,-0.55,-18.04397553229196,50.0,0.0010499394661579356,6.815792928290918
axis:dCp_scale,-0.5,-16.868965682683033,15.0,0.05395594723295105,3.3774254525244505
axis:dCp_scale,-0.5,-16.868965682683033,20.0,0.2936171506647724,7.289511662244891
axis:dCp_scale,-0.5,-16.868965682683033,25.0,0.8524714299671173,18.410711304080657
axis:dCp_scale,-0.5,-16.868965682683033,27.0,1.0753326310342117,21.600905112326878
axis:dCp_scale,-0.5,-16.868965682683033,30.0,1.3445024459858663,24.19270484641387
axis:dCp_scale,-0.5,-16.868965682683033,35.0,1.5673529501488281,32.82311375576715
axis:dCp_scale,-0.5,-16.868965682683033,37.0,1.6209018664779131,35.7548619954959
axis:dCp_scale,-0.5,-16.868965682683033,40.0,1.6644084413197096,38.58131464629932
axis:dCp_scale,-0.5,-16.868965682683033,43.0,1.6203331890226327,37.60244011587074
axis:dCp_scale,-0.5,-16.868965682683033,45.0,1.4147628977963924,43.78137877874334
axis:dCp_scale,-0.5,-16.868965682683033,47.0,0.4058181877047851,21.431907719518644
axis:dCp_scale,-0.5,-16.868965682683033,50.0,0.00104922443914336,6.815136070207425
axis:dCp_scale,-0.45,-15.81304310057521,15.0,0.04581202889215985,3.105620944311775
axis:dCp_scale,-0.45,-15.81304310057521,20.0,0.27294328272487073,7.0225475329138805
axis:dCp_scale,-0.45,-15.81304310057521,25.0,0.8200234274714023,17.98205236039683
axis:dCp_scale,-0.45,-15.81304310057521,27.0,1.0536445485848156,21.29382232984003
axis:dCp_scale,-0.45,-15.81304310057521,30.0,1.3334040708721242,23.89224386521244
axis:dCp_scale,-0.45,-15.81304310057521,35.0,1.5637701102910995,32.64863703905794
axis:dCp_scale,-0.45,-15.81304310057521,37.0,1.6188132640457191,35.640527196993595
axis:dCp_scale,-0.45,-15.81304310057521,40.0,1.663687484732297,38.54337216814205
axis:dCp_scale,-0.45,-15.81304310057521,43.0,1.6200288414126245,37.58588924101451
axis:dCp_scale,-0.45,-15.81304310057521,45.0,1.414239558822126,43.797217193915586
axis:dCp_scale,-0.45,-15.81304310057521,47.0,0.40356866495494953,21.40139354869127
axis:dCp_scale,-0.45,-15.81304310057521,50.0,0.0010484844793195265,6.814512909480397
axis:dCp_scale,-0.4,-14.889677691511762,15.0,0.0384034344077667,2.626654874834752
axis:dCp_scale,-0.4,-14.889677691511762,20.0,0.25273548100895943,7.129976701015972
axis:dCp_scale,-0.4,-14.889677691511762,25.0,0.7878379724868759,17.570798605088193
axis:dCp_scale,-0.4,-14.889677691511762,27.0,1.0315411556147231,20.994336777906778
axis:dCp_scale,-0.4,-14.889677691511762,30.0,1.3216486000875032,23.71247859432896
axis:dCp_scale,-0.4,-14.889677691511762,35.0,1.5600903734406733,32.4694416439223
axis:dCp_scale,-0.4,-14.889677691511762,37.0,1.6166663184592394,35.507430873334144
axis:dCp_scale,-0.4,-14.889677691511762,40.0,1.662946187525458,38.50435920457684
axis:dCp_scale,-0.4,-14.889677691511762,43.0,1.619716377580806,37.56889699396643
axis:dCp_scale,-0.4,-14.889677691511762,45.0,1.4137026566566093,43.812685984782846
axis:dCp_scale,-0.4,-14.889677691511762,47.0,0.401271373279031,21.358757724608154
axis:dCp_scale,-0.4,-14.889677691511762,50.0,0.001047718552586044,6.813921131358101
axis:dCp_scale,-0.35000000000000003,-14.077941790895963,15.0,0.03158118170536747,2.393100085079731
axis:dCp_scale,-0.35000000000000003,-14.077941790895963,20.0,0.2331147087181017,6.846872859819748
axis:dCp_scale,-0.35000000000000003,-14.077941790895963,25.0,0.7558190887240985,17.442837630662975
axis:dCp_scale,-0.35000000000000003,-14.077941790895963,27.0,1.0090219029879115,20.69013620794392
axis:dCp_scale,-0.35000000000000003,-14.077941790895963,30.0,1.3093649136000873,23.537150895952294
axis:dCp_scale,-0.35000000000000003,-14.077941790895963,35.0,1.5563110917803507,32.28539862726745
axis:dCp_scale,-0.35000000000000003,-14.077941790895963,37.0,1.614459566058886,35.36942366200735
axis:dCp_scale,-0.35000000000000003,-14.077941790895963,40.0,1.6621839334577289,38.46147413759418
axis:dCp_scale,-0.35000000000000003,-14.077941790895963,43.0,1.6193955752760107,37.551451288379006
axis:dCp_scale,-0.35000000000000003,-14.077941790895963,45.0,1.4131518391729962,43.82801427168942
axis:dCp_scale,-0.35000000000000003,-14.077941790895963,47.0,0.39892523057277235,21.29616346276204
axis:dCp_scale,-0.35000000000000003,-14.077941790895963,50.0,0.0010469255732759462,6.813357780770924
axis:dCp_scale,-0.30000000000000004,-13.365696586573337,15.0,0.025180419608222888,2.1739844534044535
axis:dCp_scale,-0.30000000000000004,-13.365696586573337,20.0,0.21418445098435304,7.086852416220124
axis:dCp_scale,-0.30000000000000004,-13.365696586573337,25.0,0.7232674076456731,16.555894418305
axis:dCp_scale,-0.30000000000000004,-13.365696586573337,27.0,0.9860935124415452,20.37978376101867
axis:dCp_scale,-0.30000000000000004,-13.365696586573337,30.0,1.2960805103437387,23.45554339042323
axis:dCp_scale,-0.30000000000000004,-13.365696586573337,35.0,1.5524295484420887,32.09637568336926
axis:dCp_scale,-0.30000000000000004,-13.365696586573337,37.0,1.6121933795084789,35.25723857165003
axis:dCp_scale,-0.30000000000000004,-13.365696586573337,40.0,1.6614000854247954,38.420135440798056
axis:dCp_scale,-0.30000000000000004,-13.365696586573337,43.0,1.6190662058396288,37.53353968945697
axis:dCp_scale,-0.30000000000000004,-13.365696586573337,45.0,1.4125867449676939,43.843347869090586
axis:dCp_scale,-0.30000000000000004,-13.365696586573337,47.0,0.396531116792446,21.232252258166273
axis:dCp_scale,-0.30000000000000004,-13.365696586573337,50.0,0.0010461044010844575,6.81282105375215
axis:dCp_scale,-0.25,-12.77425973528198,15.0,0.019241856898507496,1.930199588210688
axis:dCp_scale,-0.25,-12.77425973528198,20.0,0.19612539001696797,7.131369131719141
axis:dCp_scale,-0.25,-12.77425973528198,25.0,0.690567355177202,15.66706921323993
axis:dCp_scale,-0.25,-12.77425973528198,27.0,0.9627641921794591,20.064407278340152
axis:dCp_scale,-0.25,-12.77425973528198,30.0,1.2818804213188268,23.66070955335076
axis:dCp_scale,-0.25,-12.77425973528198,35.0,1.5484429563359703,31.902237086850946
axis:dCp_scale,-0.25,-12.77425973528198,37.0,1.6098632305960203,35.14188709441065
axis:dCp_scale,-0.25,-12.77425973528198,40.0,1.6605939846449276,38.37761742195174
axis:dCp_scale,-0.25,-12.77425973528198,43.0,1.618728034002725,37.51514940292675
axis:dCp_scale,-0.25,-12.77425973528198,45.0,1.4120070030988443,43.8587854304966
axis:dCp_scale,-0.25,-12.77425973528198,47.0,0.3940884124258839,21.166996872121338
axis:dCp_scale,-0.25,-12.77425973528198,50.0,0.0010452538379791994,6.812308287655377
axis:dCp_scale,-0.2,-12.307245404710068,15.0,0.013773748710035266,1.7152035044487226
axis:dCp_scale,-0.2,-12.307245404710068,20.0,0.17891134895148175,7.171108598647393
axis:dCp_scale,-0.2,-12.307245404710068,25.0,0.6581702039222465,14.79390668103974
axis:dCp_scale,-0.2,-12.307245404710068,27.0,0.9390437201216943,19.74644707936751
axis:dCp_scale,-0.2,-12.307245404710068,30.0,1.267350321262596,23.870643791809112
axis:dCp_scale,-0.2,-12.307245404710068,35.0,1.5443484570441395,31.702843638812034
axis:dCp_scale,-0.2,-12.307245404710068,37.0,1.6074671959923057,35.02327401797659
axis:dCp_scale,-0.2,-12.307245404710068,40.0,1.6597649498076268,38.33388303324458
axis:dCp_scale,-0.2,-12.307245404710068,43.0,1.618380817675667,37.4962672635956
axis:dCp_scale,-0.2,-12.307245404710068,45.0,1.4114122328152565,43.87439732426306
axis:dCp_scale,-0.2,-12.307245404710068,47.0,0.3915965103914938,21.10036641498823
axis:dCp_scale,-0.2,-12.307245404710068,50.0,0.001044372624506279,6.811818693108367
axis:dCp_scale,-0.15000000000000002,-11.852960775384108,15.0,0.00874525132671973,1.2623601096636332
axis:dCp_scale,-0.15000000000000002,-11.852960775384108,20.0,0.16250710393944445,6.995223429727302
axis:dCp_scale,-0.15000000000000002,-11.852960775384108,25.0,0.6258408267859037,14.132071276289688
axis:dCp_scale,-0.15000000000000002,-11.852960775384108,27.0,0.9149491369483614,19.450349377785365
axis:dCp_scale,-0.15000000000000002,-11.852960775384108,30.0,1.252338229278742,23.782186323984654
axis:dCp_scale,-0.15000000000000002,-11.852960775384108,35.0,1.5401431197929656,31.49805261678122
axis:dCp_scale,-0.15000000000000002,-11.852960775384108,37.0,1.6050032895588542,34.90130102073175
axis:dCp_scale,-0.15000000000000002,-11.852960775384108,40.0,1.6589122761837558,38.28889375198509
axis:dCp_scale,-0.15000000000000002,-11.852960775384108,43.0,1.6180243077298249,37.47687972347647
axis:dCp_scale,-0.15000000000000002,-11.852960775384108,45.0,1.4108020432757342,43.890236161986
axis:dCp_scale,-0.15000000000000002,-11.852960775384108,47.0,0.38905481751408744,21.032324380366198
axis:dCp_scale,-0.15000000000000002,-11.852960775384108,50.0,0.0010434594365452327,6.811349694937329
axis:dCp_scale,-0.1,-10.90170353229291,15.0,0.00416360839699484,0.9201259640393752
axis:dCp_scale,-0.1,-10.90170353229291,20.0,0.1469073269744452,6.474834558966439
axis:dCp_scale,-0.1,-10.90170353229291,25.0,0.5940326834058017,13.521968176822655
axis:dCp_scale,-0.1,-10.90170353229291,27.0,0.8894026780252461,19.10330485089003
axis:dCp_scale,-0.1,-10.90170353229291,30.0,1.234916596637115,24.000052643488573
axis:dCp_scale,-0.1,-10.90170353229291,35.0,1.5358239405175962,31.287717729159457
axis:dCp_scale,-0.1,-10.90170353229291,37.0,1.6024694601665654,34.77586656377017
axis:dCp_scale,-0.1,-10.90170353229291,40.0,1.6580352346951577,38.24260946688881
axis:dCp_scale,-0.1,-10.90170353229291,43.0,1.6176582477710486,37.45740002853854
axis:dCp_scale,-0.1,-10.90170353229291,45.0,1.4101760332579216,43.90634298900817
axis:dCp_scale,-0.1,-10.90170353229291,47.0,0.38646274340538755,20.9555169525578
axis:dCp_scale,-0.1,-10.90170353229291,50.0,0.0010425128810550896,6.810900019616614
axis:dCp_scale,-0.05,-9.907205501797216,15.0,0.0,
axis:dCp_scale,-0.05,-9.907205501797216,20.0,0.1321532611190606,5.979054181711064
axis:dCp_scale,-0.05,-9.907205501797216,25.0,0.562904721310526,12.924143746063354
axis:dCp_scale,-0.05,-9.907205501797216,27.0,0.8554449244972496,18.65200833616305
axis:dCp_scale,-0.05,-9.907205501797216,30.0,1.2160421293617927,23.737938152763522
axis:dCp_scale,-0.05,-9.907205501797216,35.0,1.5313878410355148,31.07168907497479
axis:dCp_scale,-0.05,-9.907205501797216,37.0,1.5998635894455473,34.646865779503926
axis:dCp_scale,-0.05,-9.907205501797216,40.0,1.6571331831354836,38.19499424371446
axis:dCp_scale,-0.05,-9.907205501797216,43.0,1.6172823739047562,37.436959350418846
axis:dCp_scale,-0.05,-9.907205501797216,45.0,1.4095337908560028,43.92275109111192
axis:dCp_scale,-0.05,-9.907205501797216,47.0,0.38381953620312853,20.85191113440543
axis:dCp_scale,-0.05,-9.907205501797216,50.0,0.0010415314920838013,6.8104682574088455
axis:dCp_scale,0.0,-9.778832777439442,15.0,0.0,
axis:dCp_scale,0.0,-9.778832777439442,20.0,0.11834294554443253,5.361107214410037
axis:dCp_scale,0.0,-9.778832777439442,25.0,0.532543802270648,11.935151350736097
axis:dCp_scale,0.0,-9.778832777439442,27.0,0.8216112608677085,18.197831158931137
axis:dCp_scale,0.0,-9.778832777439442,30.0,1.196704095074697,23.456076446998143
axis:dCp_scale,0.0,-9.778832777439442,35.0,1.526831668346877,30.8498131098087
axis:dCp_scale,0.0,-9.778832777439442,37.0,1.5971836562400126,34.51419861282276
axis:dCp_scale,0.0,-9.778832777439442,40.0,1.6562052344531948,38.14599875072689
axis:dCp_scale,0.0,-9.778832777439442,43.0,1.6168964144917108,37.41597020263076
axis:dCp_scale,0.0,-9.778832777439442,45.0,1.4088748931669104,43.93948842422541
axis:dCp_scale,0.0,-9.778832777439442,47.0,0.38112494249750395,20.74581553250344
axis:dCp_scale,0.0,-9.778832777439442,50.0,0.0010405137263009346,6.810053065922612
axis:dCp_scale,0.05,-9.79537568810584,15.0,0.0,
axis:dCp_scale,0.05,-9.79537568810584,20.0,0.10538308897153872,4.917080966603226
axis:dCp_scale,0.05,-9.79537568810584,25.0,0.5028757734668436,11.35504442551987
axis:dCp_scale,0.05,-9.79537568810584,27.0,0.7880276122339194,17.752755168644544
axis:dCp_scale,0.05,-9.79537568810584,30.0,1.1769326864825918,22.913652859016572
axis:dCp_scale,0.05,-9.79537568810584,35.0,1.5221521940820475,30.621932618893535
axis:dCp_scale,0.05,-9.79537568810584,37.0,1.5944275746808942,34.377761805056174
axis:dCp_scale,0.05,-9.79537568810584,40.0,1.6552511014833637,38.09560455039775
axis:dCp_scale,0.05,-9.79537568810584,43.0,1.616500089894605,37.39441737800943
axis:dCp_scale,0.05,-9.79537568810584,45.0,1.4081989059639672,43.95657921779525
axis:dCp_scale,0.05,-9.79537568810584,47.0,0.37837391501614376,20.69293638740162
axis:dCp_scale,0.05,-9.79537568810584,50.0,0.0010394579582629943,6.809653270181956
axis:dCp_scale,0.1,-9.954991611439443,15.0,0.0,
axis:dCp_scale,0.1,-9.954991611439443,20.0,0.09324709350366844,4.500808221476676
axis:dCp_scale,0.1,-9.954991611439443,25.0,0.4739882561977722,10.792897450503238
axis:dCp_scale,0.1,-9.954991611439443,27.0,0.7547212927480803,17.628589023815028
axis:dCp_scale,0.1,-9.954991611439443,30.0,1.1568193950713375,22.63094914271206
axis:dCp_scale,0.1,-9.954991611439443,35.0,1.5173388231944507,30.388129053445383
axis:dCp_scale,0.1,-9.954991611439443,37.0,1.5915926855433382,34.23742371418112
axis:dCp_scale,0.1,-9.954991611439443,40.0,1.6542738375530601,38.04396810190356
axis:dCp_scale,0.1,-9.954991611439443,43.0,1.616093112214701,37.37228522011668
axis:dCp_scale,0.1,-9.954991611439443,45.0,1.4075053833571742,43.974045060993056
axis:dCp_scale,0.1,-9.954991611439443,47.0,0.37553682485427137,20.609700838386825
axis:dCp_scale,0.1,-9.954991611439443,50.0,0.0010383624753568432,6.8092678475350885
axis:dCp_scale,0.15000000000000002,-10.24349842865437,15.0,0.0,
axis:dCp_scale,0.15000000000000002,-10.24349842865437,20.0,0.08191592046038529,4.110122242676313
axis:dCp_scale,0.15000000000000002,-10.24349842865437,25.0,0.4459079671046921,10.246310033762041
axis:dCp_scale,0.15000000000000002,-10.24349842865437,27.0,0.7208602642728981,16.760716570248483
axis:dCp_scale,0.15000000000000002,-10.24349842865437,30.0,1.136244138090372,22.343040660463405
axis:dCp_scale,0.15000000000000002,-10.24349842865437,35.0,1.5123921701047771,30.14810645893059
axis:dCp_scale,0.15000000000000002,-10.24349842865437,37.0,1.5886071889636146,34.091427753339616
axis:dCp_scale,0.15000000000000002,-10.24349842865437,40.0,1.6532683208210517,37.9908143831772
axis:dCp_scale,0.15000000000000002,-10.24349842865437,43.0,1.6156751850180544,37.349557608355916
axis:dCp_scale,0.15000000000000002,-10.24349842865437,45.0,1.4067995090356136,44.666027288652856
axis:dCp_scale,0.15000000000000002,-10.24349842865437,47.0,0.3726308555945492,20.47487525255134
axis:dCp_scale,0.15000000000000002,-10.24349842865437,50.0,0.0010372254724008143,6.808895303425544
axis:dCp_scale,0.2,-10.775978054251151,15.0,0.0,
axis:dCp_scale,0.2,-10.775978054251151,20.0,0.07137020428825015,2.7714773789307565
axis:dCp_scale,0.2,-10.775978054251151,25.0,0.4186597722022982,9.662445382182506
axis:dCp_scale,0.2,-10.775978054251151,27.0,0.6867826977053715,15.834451055929284
axis:dCp_scale,0.2,-10.775978054251151,30.0,1.1152059614890886,22.040926322804523
axis:dCp_scale,0.2,-10.775978054251151,35.0,1.5073118178600295,29.901596484463184
axis:dCp_scale,0.2,-10.775978054251151,37.0,1.585510952269683,33.94064758063885
axis:dCp_scale,0.2,-10.775978054251151,40.0,1.652233659923726,37.93608928664373
axis:dCp_scale,0.2,-10.775978054251151,43.0,1.6152460030508378,37.326217942491404
axis:dCp_scale,0.2,-10.775978054251151,45.0,1.406078690011375,44.8211733992154
axis:dCp_scale,0.2,-10.775978054251151,47.0,0.36967114845384097,20.43383092636857
axis:dCp_scale,0.2,-10.775978054251151,50.0,0.0010360450458722485,6.808535383317234
axis:dCp_scale,0.25,-11.346181515863933,15.0,0.0,
axis:dCp_scale,0.25,-11.346181515863933,20.0,0.061597019980872254,2.4957017759194953
axis:dCp_scale,0.25,-11.346181515863933,25.0,0.3923192908382802,9.150062156860729
axis:dCp_scale,0.25,-11.346181515863933,27.0,0.6531574771541397,14.722486429284785
axis:dCp_scale,0.25,-11.346181515863933,30.0,1.0937154915664935,21.732984250828245
axis:dCp_scale,0.25,-11.346181515863933,35.0,1.502094231325175,29.648427597439326
axis:dCp_scale,0.25,-11.346181515863933,37.0,1.5823256280618356,33.78552903459487
axis:dCp_scale,0.25,-11.346181515863933,40.0,1.6511689315723812,37.87973455651229
axis:dCp_scale,0.25,-11.346181515863933,43.0,1.6148052519432508,37.30224912654209
axis:dCp_scale,0.25,-11.346181515863933,45.0,1.405339149825102,44.87216946157255
axis:dCp_scale,0.25,-11.346181515863933,47.0,0.3666572857170091,20.363861174833428
axis:dCp_scale,0.25,-11.346181515863933,50.0,0.001034819187769331,6.808186341838581
axis:dCp_scale,0.30000000000000004,-12.020695734631824,15.0,0.0,
axis:dCp_scale,0.30000000000000004,-12.020695734631824,20.0,0.0525544161743404,2.3334410573735123
axis:dCp_scale,0.30000000000000004,-12.020695734631824,25.0,0.36686853692561283,8.654989941628381
axis:dCp_scale,0.30000000000000004,-12.020695734631824,27.0,0.6198390213900128,13.823908272146967
axis:dCp_scale,0.30000000000000004,-12.020695734631824,30.0,1.0717157341774302,21.423302266974236
axis:dCp_scale,0.30000000000000004,-12.020695734631824,35.0,1.4967358005793792,29.388424636483784
axis:dCp_scale,0.30000000000000004,-12.020695734631824,37.0,1.5790484723251694,33.62593848749278
axis:dCp_scale,0.30000000000000004,-12.020695734631824,40.0,1.650073179211537,37.821686561710834
axis:dCp_scale,0.30000000000000004,-12.020695734631824,43.0,1.6143526079013981,37.277633552032206
axis:dCp_scale,0.30000000000000004,-12.020695734631824,45.0,1.4045803973691282,44.90552436738828
axis:dCp_scale,0.30000000000000004,-12.020695734631824,47.0,0.36358890843930836,20.286593618553017
axis:dCp_scale,0.30000000000000004,-12.020695734631824,50.0,0.001033545778980067,6.807848040962594
axis:dCp_scale,0.35000000000000003,-12.770320464466376,15.0,0.0,
axis:dCp_scale,0.35000000000000003,-12.770320464466376,20.0,0.04420927428597135,2.3442455002113434
axis:dCp_scale,0.35000000000000003,-12.770320464466376,25.0,0.34231659980620105,8.177407158025188
axis:dCp_scale,0.35000000000000003,-12.770320464466376,27.0,0.5869955973029413,13.190379988434016
axis:dCp_scale,0.35000000000000003,-12.770320464466376,30.0,1.0488835944450712,21.124934544900004
axis:dCp_scale,0.35000000000000003,-12.770320464466376,35.0,1.4912328418556564,29.12140885704025
axis:dCp_scale,0.35000000000000003,-12.770320464466376,37.0,1.5756762836824996,33.46172003903872
axis:dCp_scale,0.35000000000000003,-12.770320464466376,40.0,1.6489454116475277,37.76187434863726
axis:dCp_scale,0.35000000000000003,-12.770320464466376,43.0,1.6138877373863936,37.252353080532394
axis:dCp_scale,0.35000000000000003,-12.770320464466376,45.0,1.4038019280302056,44.93299105232846
axis:dCp_scale,0.35000000000000003,-12.770320464466376,47.0,0.36046569214143803,20.20565768973002
axis:dCp_scale,0.35000000000000003,-12.770320464466376,50.0,0.001032222582293218,6.807519331293525
axis:dCp_scale,0.4,-13.624292036079694,15.0,0.0,
axis:dCp_scale,0.4,-13.624292036079694,20.0,0.03653775524311867,2.354469855984179
axis:dCp_scale,0.4,-13.624292036079694,25.0,0.318632835265464,7.719204955395963
axis:dCp_scale,0.4,-13.624292036079694,27.0,0.554856948038498,12.569836634714232
axis:dCp_scale,0.4,-13.624292036079694,30.0,1.025592792015214,20.825963076579967
axis:dCp_scale,0.4,-13.624292036079694,35.0,1.4855815988510683,28.847197994946377
axis:dCp_scale,0.4,-13.624292036079694,37.0,1.5722056509936073,33.29270757392609
axis:dCp_scale,0.4,-13.624292036079694,40.0,1.647784601588955,37.70021639089777
axis:dCp_scale,0.4,-13.624292036079694,43.0,1.6134081832128735,37.22686924389675
axis:dCp_scale,0.4,-13.624292036079694,45.0,1.4030205219704468,44.95783487143941
axis:dCp_scale,0.4,-13.624292036079694,47.0,0.3572873491639801,20.12217841626957
axis:dCp_scale,0.4,-13.624292036079694,50.0,0.0010308472348513635,6.807199531309364
axis:dCp_scale,0.45,-14.883866884861412,15.0,0.0,
axis:dCp_scale,0.45,-14.883866884861412,20.0,0.029487030885840787,1.4533900238910507
axis:dCp_scale,0.45,-14.883866884861412,25.0,0.29570641507185935,7.300745407691581
axis:dCp_scale,0.45,-14.883866884861412,27.0,0.5234423236199774,11.907456421216972
axis:dCp_scale,0.45,-14.883866884861412,30.0,1.0018457204768287,20.498122494609117
axis:dCp_scale,0.45,-14.883866884861412,35.0,1.4797782444539382,28.56560635024478
axis:dCp_scale,0.45,-14.883866884861412,37.0,1.5686343565938963,33.118793096583076
axis:dCp_scale,0.45,-14.883866884861412,40.0,1.6465896841238383,37.63661485257834
axis:dCp_scale,0.45,-14.883866884861412,43.0,1.6129106756269243,37.20181476391769
axis:dCp_scale,0.45,-14.883866884861412,45.0,1.4022299382856658,44.98123242864645
axis:dCp_scale,0.45,-14.883866884861412,47.0,0.3540536310997058,20.036616380590935
axis:dCp_scale,0.45,-14.883866884861412,50.0,0.0010294172401352866,6.80688786991557
axis:dCp_scale,0.5,-16.1102508155245,15.0,0.0,
axis:dCp_scale,0.5,-16.1102508155245,20.0,0.022688897552613534,1.164842828409324
axis:dCp_scale,0.5,-16.1102508155245,25.0,0.2735594726676769,6.987423933872256
axis:dCp_scale,0.5,-16.1102508155245,27.0,0.4928381604095491,11.312139464993898
axis:dCp_scale,0.5,-16.1102508155245,30.0,0.9776469516382983,20.16385113772037
axis:dCp_scale,0.5,-16.1102508155245,35.0,1.4738188829390748,28.27644489369608
axis:dCp_scale,0.5,-16.1102508155245,37.0,1.5649592754805532,32.93982442598793
axis:dCp_scale,0.5,-16.1102508155245,40.0,1.6453595551238367,37.570944754825945
axis:dCp_scale,0.5,-16.1102508155245,43.0,1.6123997929610414,37.17608671496997
axis:dCp_scale,0.5,-16.1102508155245,45.0,1.4014188621112293,45.00400806757365
axis:dCp_scale,0.5,-16.1102508155245,47.0,0.3507643313026137,19.9491939284288
axis:dCp_scale,0.5,-16.1102508155245,50.0,0.001027929959345122,6.806583536967469
axis:dCp_scale,0.55,-17.43848992079547,15.0,0.0,
axis:dCp_scale,0.55,-17.43848992079547,20.0,0.016469677722713513,0.9295974221434868
axis:dCp_scale,0.55,-17.43848992079547,25.0,0.2520288892454242,7.069396147692197
axis:dCp_scale,0.55,-17.43848992079547,27.0,0.4630858654741567,10.73339926600824
axis:dCp_scale,0.55,-17.43848992079547,30.0,0.9530057439424641,19.823076108918123
axis:dCp_scale,0.55,-17.43848992079547,35.0,1.4676336441959486,28.053768897909464
axis:dCp_scale,0.55,-17.43848992079547,37.0,1.561177180315492,32.75564439760803
axis:dCp_scale,0.55,-17.43848992079547,40.0,1.644093069572293,37.483179101827574
axis:dCp_scale,0.55,-17.43848992079547,43.0,1.611875125172169,37.14966444728334
axis:dCp_scale,0.55,-17.43848992079547,45.0,1.4005863350672683,45.02242299157168
axis:dCp_scale,0.55,-17.43848992079547,47.0,0.3474186683940929,19.85044502954405
axis:dCp_scale,0.55,-17.43848992079547,50.0,0.0010263826022536653,6.806286104058968
axis:dCp_scale,0.6000000000000001,-18.073210906202196,15.0,0.0,
axis:dCp_scale,0.6000000000000001,-18.073210906202196,20.0,0.011187176854949339,1.900025240484194
axis:dCp_scale,0.6000000000000001,-18.073210906202196,25.0,0.23110307534244728,7.14431217037675
axis:dCp_scale,0.6000000000000001,-18.073210906202196,27.0,0.4342185362237703,10.171882759927694
axis:dCp_scale,0.6000000000000001,-18.073210906202196,30.0,0.9279332741859556,19.47468751636274
axis:dCp_scale,0.6000000000000001,-18.073210906202196,35.0,1.4612114546390076,27.883241319403147
axis:dCp_scale,0.6000000000000001,-18.073210906202196,37.0,1.5572847383864978,32.56609071541191
axis:dCp_scale,0.6000000000000001,-18.073210906202196,40.0,1.6427890398119869,37.40305318948066
axis:dCp_scale,0.6000000000000001,-18.073210906202196,43.0,1.6113362756350365,37.12252798681308
axis:dCp_scale,0.6000000000000001,-18.073210906202196,45.0,1.3997262259367285,44.989620411882306
axis:dCp_scale,0.6000000000000001,-18.073210906202196,47.0,0.34401453482312444,19.784058031201823
axis:dCp_scale,0.6000000000000001,-18.073210906202196,50.0,0.001025549248749457,6.806031223598232
axis:dCp_scale,0.65,-18.88900687117232,15.0,0.0,
axis:dCp_scale,0.65,-18.88900687117232,20.0,0.007123131286885633,1.7409479187506351
axis:dCp_scale,0.65,-18.88900687117232,25.0,0.2111192737738935,7.218578764624036
axis:dCp_scale,0.65,-18.88900687117232,27.0,0.40625932461564085,9.628046152883936
axis:dCp_scale,0.65,-18.88900687117232,30.0,0.902442739022322,19.10474847116033
axis:dCp_scale,0.65,-18.88900687117232,35.0,1.4540808397087397,27.77936880169958
axis:dCp_scale,0.65,-18.88900687117232,37.0,1.5532785085613674,32.37099580354736
axis:dCp_scale,0.65,-18.88900687117232,40.0,1.6414462337084839,37.304494325042015
axis:dCp_scale,0.65,-18.88900687117232,43.0,1.6107828448039507,37.09465721243987
axis:dCp_scale,0.65,-18.88900687117232,45.0,1.3988421897602428,44.95552327945814
axis:dCp_scale,0.65,-18.88900687117232,47.0,0.34055477481911883,19.739509186352073
axis:dCp_scale,0.65,-18.88900687117232,50.0,0.0010248612221028294,6.805791927779499
axis:dCp_scale,0.7000000000000001,-19.62165768890541,15.0,0.0,
axis:dCp_scale,0.7000000000000001,-19.62165768890541,20.0,0.0032447461307496257,1.5890459359162312
axis:dCp_scale,0.7000000000000001,-19.62165768890541,25.0,0.19212984737843283,7.285499211516141
axis:dCp_scale,0.7000000000000001,-19.62165768890541,27.0,0.37938907952493417,8.7210834057429
axis:dCp_scale,0.7000000000000001,-19.62165768890541,30.0,0.870079332898075,18.633589085539796
axis:dCp_scale,0.7000000000000001,-19.62165768890541,35.0,1.4463331278195526,27.66819348368586
axis:dCp_scale,0.7000000000000001,-19.62165768890541,37.0,1.5491549382508578,32.1701866584383
axis:dCp_scale,0.7000000000000001,-19.62165768890541,40.0,1.6400633727251739,37.230481439920766
axis:dCp_scale,0.7000000000000001,-19.62165768890541,43.0,1.610214420909148,37.066031387439914
axis:dCp_scale,0.7000000000000001,-19.62165768890541,45.0,1.3979335096715313,44.920193205707086
axis:dCp_scale,0.7000000000000001,-19.62165768890541,47.0,0.3370393969606924,19.68699923007503
axis:dCp_scale,0.7000000000000001,-19.62165768890541,50.0,0.0010241447266066417,6.80555935871755
axis:dCp_scale,0.75,-20.5244192069487,15.0,0.0,
axis:dCp_scale,0.75,-20.5244192069487,20.0,0.0,
axis:dCp_scale,0.75,-20.5244192069487,25.0,0.17413191277687165,6.926739198837884
axis:dCp_scale,0.75,-20.5244192069487,27.0,0.3534829633533328,8.36292679912381
axis:dCp_scale,0.75,-20.5244192069487,30.0,0.8340652807962271,18.130683967827956
axis:dCp_scale,0.75,-20.5244192069487,35.0,1.4383521851177792,27.579365126845342
axis:dCp_scale,0.75,-20.5244192069487,37.0,1.5449103603977945,31.963484702163093
axis:dCp_scale,0.75,-20.5244192069487,40.0,1.6386397632258467,37.16472664051015
axis:dCp_scale,0.75,-20.5244192069487,43.0,1.609630579520856,37.036629137530674
axis:dCp_scale,0.75,-20.5244192069487,45.0,1.3969994439652806,44.88366099415044
axis:dCp_scale,0.75,-20.5244192069487,47.0,0.3334684661131653,19.631136145143877
axis:dCp_scale,0.75,-20.5244192069487,50.0,0.0010233982951784724,6.80533338362226
axis:dCp_scale,0.8,-22.148386629476335,15.0,0.0,
axis:dCp_scale,0.8,-22.148386629476335,20.0,0.0,
axis:dCp_scale,0.8,-22.148386629476335,25.0,0.1571574814072908,4.825279854132387
axis:dCp_scale,0.8,-22.148386629476335,27.0,0.32841991406292653,7.81833248134197
axis:dCp_scale,0.8,-22.148386629476335,30.0,0.7983885000501978,17.640599446703167
axis:dCp_scale,0.8,-22.148386629476335,35.0,1.4301506093289957,27.7557399094962
axis:dCp_scale,0.8,-22.148386629476335,37.0,1.5405409905127185,31.750705638094843
axis:dCp_scale,0.8,-22.148386629476335,40.0,1.6371735769134075,37.097005269642935
axis:dCp_scale,0.8,-22.148386629476335,43.0,1.6090308830934739,37.00642842791893
axis:dCp_scale,0.8,-22.148386629476335,45.0,1.3960392249973135,44.84593795430886
axis:dCp_scale,0.8,-22.148386629476335,47.0,0.3298421063713363,19.573229840356085
axis:dCp_scale,0.8,-22.148386629476335,50.0,0.0010226203683195078,6.8051133753890385
axis:dCp_scale,0.8500000000000001,-23.751527050017614,15.0,0.0,
axis:dCp_scale,0.8500000000000001,-23.751527050017614,20.0,0.0,
axis:dCp_scale,0.8500000000000001,-23.751527050017614,25.0,0.14117216226222262,4.434975562358134
axis:dCp_scale,0.8500000000000001,-23.751527050017614,27.0,0.304139370195601,7.48324195031685
axis:dCp_scale,0.8500000000000001,-23.751527050017614,30.0,0.7629865221443985,17.15389436034017
axis:dCp_scale,0.8500000000000001,-23.751527050017614,35.0,1.4217423171219077,27.75783326129415
axis:dCp_scale,0.8500000000000001,-23.751527050017614,37.0,1.5360429237804654,31.53165931000202
axis:dCp_scale,0.8500000000000001,-23.751527050017614,40.0,1.6356580791358968,37.02683663168847
axis:dCp_scale,0.8500000000000001,-23.751527050017614,43.0,1.608414880488284,36.97540653925953
axis:dCp_scale,0.8500000000000001,-23.751527050017614,45.0,1.3950520580178598,44.80702238787482
axis:dCp_scale,0.8500000000000001,-23.751527050017614,47.0,0.32616050405794356,19.513796894943148
axis:dCp_scale,0.8500000000000001,-23.751527050017614,50.0,0.0010218092872487717,6.8048989256077395
axis:dCp_scale,0.9,-26.163370005907957,15.0,0.0,
axis:dCp_scale,0.9,-26.163370005907957,20.0,0.0,
axis:dCp_scale,0.9,-26.163370005907957,25.0,0.1267093345478162,1.4962776589482973
axis:dCp_scale,0.9,-26.163370005907957,27.0,0.2805892267430353,7.1597085609978
axis:dCp_scale,0.9,-26.163370005907957,30.0,0.7275345611803898,16.326483856467302
axis:dCp_scale,0.9,-26.163370005907957,35.0,1.413091555565458,27.524895456825337
axis:dCp_scale,0.9,-26.163370005907957,37.0,1.5314121322645915,31.306149565906296
axis:dCp_scale,0.9,-26.163370005907957,40.0,1.6340951019964398,36.95442354117673
axis:dCp_scale,0.9,-26.163370005907957,43.0,1.6077821064738809,36.943540042501006
axis:dCp_scale,0.9,-26.163370005907957,45.0,1.3940371199323305,44.766903479456374
axis:dCp_scale,0.9,-26.163370005907957,47.0,0.3224238913587869,19.45430734164532
axis:dCp_scale,0.9,-26.163370005907957,50.0,0.001020963286544678,6.804690616984919
axis:dCp_scale,0.9500000000000001,-29.692346089738557,15.0,0.0,
axis:dCp_scale,0.9500000000000001,-29.692346089738557,20.0,0.0,
axis:dCp_scale,0.9500000000000001,-29.692346089738557,25.0,0.11431487223114631,0.3614250813072156
axis:dCp_scale,0.9500000000000001,-29.692346089738557,27.0,0.25784858715420944,7.34170882604812
axis:dCp_scale,0.9500000000000001,-29.692346089738557,30.0,0.6918475050397869,15.343954273800856
axis:dCp_scale,0.9500000000000001,-29.692346089738557,35.0,1.403688516781629,27.055928683544337
axis:dCp_scale,0.9500000000000001,-29.692346089738557,37.0,1.526644462241905,31.073974128281687
axis:dCp_scale,0.9500000000000001,-29.692346089738557,40.0,1.6324843439550225,36.87979675048367
axis:dCp_scale,0.9500000000000001,-29.692346089738557,43.0,1.607132081202621,36.91080477251815
axis:dCp_scale,0.9500000000000001,-29.692346089738557,45.0,1.3929935579839696,44.725563719443294
axis:dCp_scale,0.9500000000000001,-29.692346089738557,47.0,0.3186096207774651,19.39630794091391
axis:dCp_scale,0.9500000000000001,-29.692346089738557,50.0,0.0010200804861138582,6.804485996990235
axis:dCp_scale,1.0,-31.481690318751262,15.0,0.0,
axis:dCp_scale,1.0,-31.481690318751262,20.0,0.0,
axis:dCp_scale,1.0,-31.481690318751262,25.0,0.10256531860550634,0.34591334970768994
axis:dCp_scale,1.0,-31.481690318751262,27.0,0.23593574080139637,7.093497880844995
axis:dCp_scale,1.0,-31.481690318751262,30.0,0.6564881084278249,14.397923496798489
axis:dCp_scale,1.0,-31.481690318751262,35.0,1.3940022870528144,26.572838056608603
axis:dCp_scale,1.0,-31.481690318751262,37.0,1.5217356317032225,30.83492447234495
axis:dCp_scale,1.0,-31.481690318751262,40.0,1.6308241626223228,36.80288016733173
axis:dCp_scale,1.0,-31.481690318751262,43.0,1.606464309661276,36.87717580044774
axis:dCp_scale,1.0,-31.481690318751262,45.0,1.3919204055142813,44.68298356039076
axis:dCp_scale,1.0,-31.481690318751262,47.0,0.31473558896306303,19.337773061686182
axis:dCp_scale,1.0,-31.481690318751262,50.0,0.0010192071833460049,6.804288102205363
axis:kcat_scale,-1.0,-26.241412756730696,15.0,0.0,
axis:kcat_scale,-1.0,-26.241412756730696,20.0,0.05290424118341748,3.1231331135767895
axis:kcat_scale,-1.0,-26.241412756730696,25.0,0.2923679561299289,7.2664843030255
axis:kcat_scale,-1.0,-26.241412756730696,27.0,0.45838457193578497,11.08367214479479
axis:kcat_scale,-1.0,-26.241412756730696,30.0,0.8021788940632265,18.07397251499746
axis:kcat_scale,-1.0,-26.241412756730696,35.0,1.2398616885853186,23.96133260616658
axis:kcat_scale,-1.0,-26.241412756730696,37.0,1.3298947532500605,24.379816081231308
axis:kcat_scale,-1.0,-26.241412756730696,40.0,1.3911356315147032,27.87066217402119
axis:kcat_scale,-1.0,-26.241412756730696,43.0,1.3352577012638684,25.689186660355322
axis:kcat_scale,-1.0,-26.241412756730696,45.0,1.154760558557887,29.07416614015214
axis:kcat_scale,-1.0,-26.241412756730696,47.0,0.21312522282814408,14.571705642375113
axis:kcat_scale,-1.0,-26.241412756730696,50.0,0.0005785843589967566,6.784610238853318
axis:kcat_scale,-0.9500000000000001,-24.73781454502989,15.0,0.0,
axis:kcat_scale,-0.9500000000000001,-24.73781454502989,20.0,0.05536575838642059,3.2073991369041708
axis:kcat_scale,-0.9500000000000001,-24.73781454502989,25.0,0.3014353911682612,7.437224526257088
axis:kcat_scale,-0.9500000000000001,-24.73781454502989,27.0,0.47244492271685623,11.357888273905118
axis:kcat_scale,-0.9500000000000001,-24.73781454502989,30.0,0.8244104145894415,18.37354944649049
axis:kcat_scale,-0.9500000000000001,-24.73781454502989,35.0,1.256905658491662,23.726429870446225
axis:kcat_scale,-0.9500000000000001,-24.73781454502989,37.0,1.3435247625133278,24.808729486331274
axis:kcat_scale,-0.9500000000000001,-24.73781454502989,40.0,1.4053666937603198,28.44980427524952
axis:kcat_scale,-0.9500000000000001,-24.73781454502989,43.0,1.3501742596842998,26.428939096432227
axis:kcat_scale,-0.9500000000000001,-24.73781454502989,45.0,1.1661985070477952,29.784936922151736
axis:kcat_scale,-0.9500000000000001,-24.73781454502989,47.0,0.21946503189842156,14.864216597107857
axis:kcat_scale,-0.9500000000000001,-24.73781454502989,50.0,0.0005959601168932829,6.7855673139209465
axis:kcat_scale,-0.9,-23.295745026418512,15.0,0.0,
axis:kcat_scale,-0.9,-23.295745026418512,20.0,0.057898531819241705,3.2941045009469723
axis:kcat_scale,-0.9,-23.295745026418512,25.0,0.3107641271857655,7.618783758482316
axis:kcat_scale,-0.9,-23.295745026418512,27.0,0.4869122938451358,11.640042437567587
axis:kcat_scale,-0.9,-23.295745026418512,30.0,0.84726615410463,18.681458643387852
axis:kcat_scale,-0.9,-23.295745026418512,35.0,1.2740319326705878,23.48851290307707
axis:kcat_scale,-0.9,-23.295745026418512,37.0,1.3573216463138422,25.241598639791295
axis:kcat_scale,-0.9,-23.295745026418512,40.0,1.419103172456037,28.45058683465669
axis:kcat_scale,-0.9,-23.295745026418512,43.0,1.3652600411687683,27.177081994307446
axis:kcat_scale,-0.9,-23.295745026418512,45.0,1.177827206851267,30.507561268663494
axis:kcat_scale,-0.9,-23.295745026418512,47.0,0.2259883663536198,15.165195122674508
axis:kcat_scale,-0.9,-23.295745026418512,50.0,0.0006138388698542288,6.786552062689823
axis:kcat_scale,-0.8500000000000001,-21.9012772801686,15.0,0.0,
axis:kcat_scale,-0.8500000000000001,-21.9012772801686,20.0,0.0605046242138801,3.3821883275626843
axis:kcat_scale,-0.8500000000000001,-21.9012772801686,25.0,0.3203629123245187,7.80559878431515
axis:kcat_scale,-0.8500000000000001,-21.9012772801686,27.0,0.5017984677836411,11.930364425874535
axis:kcat_scale,-0.8500000000000001,-21.9012772801686,30.0,0.8707809405066236,18.99824532109783
axis:kcat_scale,-0.8500000000000001,-21.9012772801686,35.0,1.291221869468965,23.576588244533564
axis:kcat_scale,-0.8500000000000001,-21.9012772801686,37.0,1.3712675189112238,25.903387320475442
axis:kcat_scale,-0.8500000000000001,-21.9012772801686,40.0,1.4330005725026684,28.399847664179852
axis:kcat_scale,-0.8500000000000001,-21.9012772801686,43.0,1.3805116957806716,27.9334491150152
axis:kcat_scale,-0.8500000000000001,-21.9012772801686,45.0,1.189646616417523,31.242036597660803
axis:kcat_scale,-0.8500000000000001,-21.9012772801686,47.0,0.23270053890370393,15.474886186880077
axis:kcat_scale,-0.8500000000000001,-21.9012772801686,50.0,0.0006322351786227714,6.787565342133203
axis:kcat_scale,-0.8,-20.59289928602152,15.0,0.0,
axis:kcat_scale,-0.8,-20.59289928602152,20.0,0.06318615801448653,3.4739361127657045
axis:kcat_scale,-0.8,-20.59289928602152,25.0,0.33023823254785084,7.997802196339006
axis:kcat_scale,-0.8,-20.59289928602152,27.0,0.5171155680752236,12.22909068249137
axis:kcat_scale,-0.8,-20.59289928602152,30.0,0.8943323043717328,19.316841194735808
axis:kcat_scale,-0.8,-20.59289928602152,35.0,1.3075282866943736,23.803417175419554
axis:kcat_scale,-0.8,-20.59289928602152,37.0,1.3853792333310448,26.62830519344972
axis:kcat_scale,-0.8,-20.59289928602152,40.0,1.4467805501738613,27.929709002478273
axis:kcat_scale,-0.8,-20.59289928602152,43.0,1.394695267747728,27.94399484796234
axis:kcat_scale,-0.8,-20.59289928602152,45.0,1.2015342097812858,32.05125080159116
axis:kcat_scale,-0.8,-20.59289928602152,47.0,0.23960701605148554,15.79354254094166
axis:kcat_scale,-0.8,-20.59289928602152,50.0,0.0006511640254601314,6.788607909275431
axis:kcat_scale,-0.75,-19.412724020902203,15.0,0.0,
axis:kcat_scale,-0.75,-19.412724020902203,20.0,0.0659453171059257,3.568339821565978
axis:kcat_scale,-0.75,-19.412724020902203,25.0,0.3403616637371923,8.19482826822305
axis:kcat_scale,-0.75,-19.412724020902203,27.0,0.5328760692161906,12.536464494322962
axis:kcat_scale,-0.75,-19.412724020902203,30.0,0.9119033225660913,19.554866123012157
axis:kcat_scale,-0.75,-19.412724020902203,35.0,1.3229332540100558,24.03899209550819
axis:kcat_scale,-0.75,-19.412724020902203,37.0,1.3996552077095015,27.361572552311124
axis:kcat_scale,-0.75,-19.412724020902203,40.0,1.4593301882550076,28.353819422760846
axis:kcat_scale,-0.75,-19.412724020902203,43.0,1.4089491617806877,27.946991678938574
axis:kcat_scale,-0.75,-19.412724020902203,45.0,1.2133316663690303,33.01845034730094
axis:kcat_scale,-0.75,-19.412724020902203,47.0,0.24671342254457215,16.121423189810983
axis:kcat_scale,-0.75,-19.412724020902203,50.0,0.0006706408263226198,6.789680632203833
axis:kcat_scale,-0.7000000000000001,-18.302790267711465,15.0,0.0,
axis:kcat_scale,-0.7000000000000001,-18.302790267711465,20.0,0.06878434859236418,3.6654763375534802
axis:kcat_scale,-0.7000000000000001,-18.302790267711465,25.0,0.3507781489578158,8.397557869225635
axis:kcat_scale,-0.7000000000000001,-18.302790267711465,27.0,0.5490678776289877,12.851118682474969
axis:kcat_scale,-0.7000000000000001,-18.302790267711465,30.0,0.929691689728275,19.7958345748664
axis:kcat_scale,-0.7000000000000001,-18.302790267711465,35.0,1.3370326096435197,24.437563398778384
axis:kcat_scale,-0.7000000000000001,-18.302790267711465,37.0,1.413852271631377,27.793059880636765
axis:kcat_scale,-0.7000000000000001,-18.302790267711465,40.0,1.4715595750562207,28.954366145835206
axis:kcat_scale,-0.7000000000000001,-18.302790267711465,43.0,1.4232322012069478,28.162992188944497
axis:kcat_scale,-0.7000000000000001,-18.302790267711465,45.0,1.2253176719584935,34.00110784426076
axis:kcat_scale,-0.7000000000000001,-18.302790267711465,47.0,0.2540255459563464,16.458795467031997
axis:kcat_scale,-0.7000000000000001,-18.302790267711465,50.0,0.0006906814434308992,6.790784542017047
axis:kcat_scale,-0.65,-17.25359648926074,15.0,0.0,
axis:kcat_scale,-0.65,-17.25359648926074,20.0,0.07170556462734544,3.7654247704954815
axis:kcat_scale,-0.65,-17.25359648926074,25.0,0.3614961715651828,8.606156105659966
axis:kcat_scale,-0.65,-17.25359648926074,27.0,0.565700479163329,13.17263698923258
axis:kcat_scale,-0.65,-17.25359648926074,30.0,0.9476940874372208,20.039701548953655
axis:kcat_scale,-0.65,-17.25359648926074,35.0,1.3511276743892322,24.881637061438724
axis:kcat_scale,-0.65,-17.25359648926074,37.0,1.427811130296299,27.6561142467609
axis:kcat_scale,-0.65,-17.25359648926074,40.0,1.483939370139731,29.56155052362476
axis:kcat_scale,-0.65,-17.25359648926074,43.0,1.4368252568036197,28.550825412344235
axis:kcat_scale,-0.65,-17.25359648926074,45.0,1.2374917857632608,34.99918715515386
axis:kcat_scale,-0.65,-17.25359648926074,47.0,0.26154934139937525,16.80593389237934
axis:kcat_scale,-0.65,-17.25359648926074,50.0,0.0007113021981964819,6.79192035524683
axis:kcat_scale,-0.6000000000000001,-16.257027786698874,15.0,0.0,
axis:kcat_scale,-0.6000000000000001,-16.257027786698874,20.0,0.07471134429686135,3.868266520074305
axis:kcat_scale,-0.6000000000000001,-16.257027786698874,25.0,0.37252218824867067,8.820749299184785
axis:kcat_scale,-0.6000000000000001,-16.257027786698874,27.0,0.5827831509203282,13.502987970815711
axis:kcat_scale,-0.6000000000000001,-16.257027786698874,30.0,0.9659069406025408,20.286418565095428
axis:kcat_scale,-0.6000000000000001,-16.257027786698874,35.0,1.3653881980886369,25.329081904787703
axis:kcat_scale,-0.6000000000000001,-16.257027786698874,37.0,1.4419195147282295,27.599925792869797
axis:kcat_scale,-0.6000000000000001,-16.257027786698874,40.0,1.496481258431984,30.17668498971953
axis:kcat_scale,-0.6000000000000001,-16.257027786698874,43.0,1.45012634980508,29.095776814420756
axis:kcat_scale,-0.6000000000000001,-16.257027786698874,45.0,1.2498533974971147,36.01263824643838
axis:kcat_scale,-0.6000000000000001,-16.257027786698874,47.0,0.26929084842201856,17.092411299061666
axis:kcat_scale,-0.6000000000000001,-16.257027786698874,50.0,0.0007325198844963564,6.793088979936731
axis:kcat_scale,-0.55,-15.319181147607031,15.0,0.0,
axis:kcat_scale,-0.55,-15.319181147607031,20.0,0.07780413555689544,3.9740853422164455
axis:kcat_scale,-0.55,-15.319181147607031,25.0,0.3838657124533959,9.041521305899588
axis:kcat_scale,-0.55,-15.319181147607031,27.0,0.6003510434514362,13.84242869902207
axis:kcat_scale,-0.55,-15.319181147607031,30.0,0.9843264167282766,20.53593365435161
axis:kcat_scale,-0.55,-15.319181147607031,35.0,1.3796879235638606,25.8709308839672
axis:kcat_scale,-0.55,-15.319181147607031,37.0,1.4556182268068474,27.909581339797366
axis:kcat_scale,-0.55,-15.319181147607031,40.0,1.5091832379962589,30.799671356327913
axis:kcat_scale,-0.55,-15.319181147607031,43.0,1.463400335018361,29.7558027175921
axis:kcat_scale,-0.55,-15.319181147607031,45.0,1.2624017229255577,37.041396823640405
axis:kcat_scale,-0.55,-15.319181147607031,47.0,0.2772561084881555,17.363852662970153
axis:kcat_scale,-0.55,-15.319181147607031,50.0,0.0007543517823603339,6.794291461094531
axis:kcat_scale,-0.5,-14.454807791914181,15.0,0.0,
axis:kcat_scale,-0.5,-14.454807791914181,20.0,0.0809864572270978,4.082967417517841
axis:kcat_scale,-0.5,-14.454807791914181,25.0,0.39553761005593113,9.268684241297699
axis:kcat_scale,-0.5,-14.454807791914181,27.0,0.6184274929758293,14.190155310015177
axis:kcat_scale,-0.5,-14.454807791914181,30.0,1.0029484257544317,20.788191356795643
axis:kcat_scale,-0.5,-14.454807791914181,35.0,1.3939915907998994,26.576681311924244
axis:kcat_scale,-0.5,-14.454807791914181,37.0,1.4679535966130826,28.22512573375089
axis:kcat_scale,-0.5,-14.454807791914181,40.0,1.5220401497628189,31.430485027111985
axis:kcat_scale,-0.5,-14.454807791914181,43.0,1.4768048677458765,30.42050900335326
axis:kcat_scale,-0.5,-14.454807791914181,45.0,1.2751111893821756,38.08336634407234
axis:kcat_scale,-0.5,-14.454807791914181,47.0,0.28545194764626525,17.643151514153466
axis:kcat_scale,-0.5,-14.454807791914181,50.0,0.000776815672042054,6.795528752745115
axis:kcat_scale,-0.45,-13.651415684759193,15.0,0.0,
axis:kcat_scale,-0.45,-13.651415684759193,20.0,0.08426090104213639,4.195001421248906
axis:kcat_scale,-0.45,-13.651415684759193,25.0,0.4075473868400568,9.502423110526095
axis:kcat_scale,-0.45,-13.651415684759193,27.0,0.6370271097207204,14.54815274080774
axis:kcat_scale,-0.45,-13.651415684759193,30.0,1.0217686204956389,21.043132727394372
axis:kcat_scale,-0.45,-13.651415684759193,35.0,1.4084341343334499,27.29261142001595
axis:kcat_scale,-0.45,-13.651415684759193,37.0,1.4802078446282159,28.819729064347243
axis:kcat_scale,-0.45,-13.651415684759193,40.0,1.5350261815854014,32.069684288252205
axis:kcat_scale,-0.45,-13.651415684759193,43.0,1.49036611774881,31.092839566741883
axis:kcat_scale,-0.45,-13.651415684759193,45.0,1.287992355562756,39.139412449045366
axis:kcat_scale,-0.45,-13.651415684759193,47.0,0.2938850400126023,17.929936574686195
axis:kcat_scale,-0.45,-13.651415684759193,50.0,0.0007999298484873497,6.796801950320293
axis:kcat_scale,-0.4,-12.916476491281998,15.0,0.0,
axis:kcat_scale,-0.4,-12.916476491281998,20.0,0.08763013376246552,4.310278595837465
axis:kcat_scale,-0.4,-12.916476491281998,25.0,0.41990482376387045,9.742928274386292
axis:kcat_scale,-0.4,-12.916476491281998,27.0,0.6559352796122232,15.001293731281637
axis:kcat_scale,-0.4,-12.916476491281998,30.0,1.0407823976944754,21.300695350255406
axis:kcat_scale,-0.4,-12.916476491281998,35.0,1.4225171004642212,27.53538453785138
axis:kcat_scale,-0.4,-12.916476491281998,37.0,1.4926249216572138,29.422233220342513
axis:kcat_scale,-0.4,-12.916476491281998,40.0,1.548165348030497,32.71642115124837
axis:kcat_scale,-0.4,-12.916476491281998,43.0,1.504083827233732,31.77292697346387
axis:kcat_scale,-0.4,-12.916476491281998,45.0,1.3010568164360978,40.2104857373983
axis:kcat_scale,-0.4,-12.916476491281998,47.0,0.30256225388030505,18.22464853732889
axis:kcat_scale,-0.4,-12.916476491281998,50.0,0.0008237131362956567,6.798111810746106
axis:kcat_scale,-0.35000000000000003,-12.249065157741633,15.0,0.0,
axis:kcat_scale,-0.35000000000000003,-12.249065157741633,20.0,0.0910968993461639,4.428892824804418
axis:kcat_scale,-0.35000000000000003,-12.249065157741633,25.0,0.432619955425288,9.990395188238114
axis:kcat_scale,-0.35000000000000003,-12.249065157741633,27.0,0.6752509694674007,15.520992127380739
axis:kcat_scale,-0.35000000000000003,-12.249065157741633,30.0,1.0599848997047916,21.5608133616079
axis:kcat_scale,-0.35000000000000003,-12.249065157741633,35.0,1.436515284899152,27.536461878645547
axis:kcat_scale,-0.35000000000000003,-12.249065157741633,37.0,1.5052029386783532,30.03254654220686
axis:kcat_scale,-0.35000000000000003,-12.249065157741633,40.0,1.5614549301447906,33.37056178361189
axis:kcat_scale,-0.35000000000000003,-12.249065157741633,43.0,1.517955038334934,32.46062458043503
axis:kcat_scale,-0.35000000000000003,-12.249065157741633,45.0,1.3141776627462554,41.37001440050211
axis:kcat_scale,-0.35000000000000003,-12.249065157741633,47.0,0.31149065654524893,18.527891875823368
axis:kcat_scale,-0.35000000000000003,-12.249065157741633,50.0,0.0008481849049273142,6.799459710269147
axis:kcat_scale,-0.30000000000000004,-11.65237949210617,15.0,0.0,
axis:kcat_scale,-0.30000000000000004,-11.65237949210617,20.0,0.09466402118366672,4.550940709539228
axis:kcat_scale,-0.30000000000000004,-11.65237949210617,25.0,0.44570224023004884,10.24500762356916
axis:kcat_scale,-0.30000000000000004,-11.65237949210617,27.0,0.6949744861649221,16.057101177608335
axis:kcat_scale,-0.30000000000000004,-11.65237949210617,30.0,1.0793142837804737,21.823268952009137
axis:kcat_scale,-0.30000000000000004,-11.65237949210617,35.0,1.4505987452965203,27.680980894878115
axis:kcat_scale,-0.30000000000000004,-11.65237949210617,37.0,1.517939824665038,30.65056853913059
axis:kcat_scale,-0.30000000000000004,-11.65237949210617,40.0,1.5748920225162677,34.031963174973306
axis:kcat_scale,-0.30000000000000004,-11.65237949210617,43.0,1.5319521744345472,33.15653481734454
axis:kcat_scale,-0.30000000000000004,-11.65237949210617,45.0,1.3273746062023783,42.22579771389352
axis:kcat_scale,-0.30000000000000004,-11.65237949210617,47.0,0.32067751944413875,18.83991342343852
axis:kcat_scale,-0.30000000000000004,-11.65237949210617,50.0,0.0008733650845999901,6.800846632042932
axis:kcat_scale,-0.25,-11.133373221511071,15.0,0.0,
axis:kcat_scale,-0.25,-11.133373221511071,20.0,0.09833440439718268,4.6765216479231295
axis:kcat_scale,-0.25,-11.133373221511071,25.0,0.45916323223681627,10.50699060345892
axis:kcat_scale,-0.25,-11.133373221511071,27.0,0.7152689610653707,16.6087295626779
axis:kcat_scale,-0.25,-11.133373221511071,30.0,1.098457367376185,22.089856673450694
axis:kcat_scale,-0.25,-11.133373221511071,35.0,1.4638669942456746,27.953827241993846
axis:kcat_scale,-0.25,-11.133373221511071,37.0,1.5308108687867978,31.27686930732772
axis:kcat_scale,-0.25,-11.133373221511071,40.0,1.5884735334619697,34.700473146323255
axis:kcat_scale,-0.25,-11.133373221511071,43.0,1.5460904511193654,33.85995638253962
axis:kcat_scale,-0.25,-11.133373221511071,45.0,1.3407063616375776,42.71782616162744
axis:kcat_scale,-0.25,-11.133373221511071,47.0,0.33006396254725406,19.15469152084924
axis:kcat_scale,-0.25,-11.133373221511071,50.0,0.0008992741824694304,6.802273736751094
axis:kcat_scale,-0.2,-10.698711042208963,15.0,0.0,
axis:kcat_scale,-0.2,-10.698711042208963,20.0,0.10211103820665893,4.805737914915173
axis:kcat_scale,-0.2,-10.698711042208963,25.0,0.47301389429703505,10.776557491106683
axis:kcat_scale,-0.2,-10.698711042208963,27.0,0.7360529276075246,17.17487765923441
axis:kcat_scale,-0.2,-10.698711042208963,30.0,1.1177750593154485,22.35849134872715
axis:kcat_scale,-0.2,-10.698711042208963,35.0,1.47620830505019,28.392384961475972
axis:kcat_scale,-0.2,-10.698711042208963,37.0,1.5438299500811792,31.910871006818695
axis:kcat_scale,-0.2,-10.698711042208963,40.0,1.6018231600910715,35.36642390692616
axis:kcat_scale,-0.2,-10.698711042208963,43.0,1.5603724619279715,34.57052915043041
axis:kcat_scale,-0.2,-10.698711042208963,45.0,1.3542150338232677,43.216380210356284
axis:kcat_scale,-0.2,-10.698711042208963,47.0,0.33971368623446374,19.48125541235222
axis:kcat_scale,-0.2,-10.698711042208963,50.0,0.0009259332993207801,6.803742027078562
axis:kcat_scale,-0.15000000000000002,-10.34232703203265,15.0,0.0,
axis:kcat_scale,-0.15000000000000002,-10.34232703203265,20.0,0.10599699836427472,4.938694746533649
axis:kcat_scale,-0.15000000000000002,-10.34232703203265,25.0,0.48726550661579493,11.053927826198962
axis:kcat_scale,-0.15000000000000002,-10.34232703203265,27.0,0.7568186816741088,17.473163562632738
axis:kcat_scale,-0.15000000000000002,-10.34232703203265,30.0,1.1372644352873356,22.629512189869956
axis:kcat_scale,-0.15000000000000002,-10.34232703203265,35.0,1.488627393277063,28.99498670525904
axis:kcat_scale,-0.15000000000000002,-10.34232703203265,37.0,1.5570007424246695,32.55226071324979
axis:kcat_scale,-0.15000000000000002,-10.34232703203265,40.0,1.615235838635559,36.037434550847415
axis:kcat_scale,-0.15000000000000002,-10.34232703203265,43.0,1.574794507148533,35.288069049282264
axis:kcat_scale,-0.15000000000000002,-10.34232703203265,45.0,1.3678985586353694,43.72138344122158
axis:kcat_scale,-0.15000000000000002,-10.34232703203265,47.0,0.34964269551087745,19.769993179903185
axis:kcat_scale,-0.15000000000000002,-10.34232703203265,50.0,0.0009533641467758495,6.8052529240810395
axis:kcat_scale,-0.1,-10.067080829771774,15.0,0.0,
axis:kcat_scale,-0.1,-10.067080829771774,20.0,0.1099954496593604,5.075500424949909
axis:kcat_scale,-0.1,-10.067080829771774,25.0,0.5019296759386159,11.339327503638417
axis:kcat_scale,-0.1,-10.067080829771774,27.0,0.7778459824121268,17.605513899661165
axis:kcat_scale,-0.1,-10.067080829771774,30.0,1.1569197547127807,22.90283929410702
axis:kcat_scale,-0.1,-10.067080829771774,35.0,1.5012079042487732,29.605421039144144
axis:kcat_scale,-0.1,-10.067080829771774,37.0,1.5703204575025325,33.20090264159797
axis:kcat_scale,-0.1,-10.067080829771774,40.0,1.628785958137277,36.71532110288066
axis:kcat_scale,-0.1,-10.067080829771774,43.0,1.5893526990528355,36.012382652985515
axis:kcat_scale,-0.1,-10.067080829771774,45.0,1.3817314038679869,44.28471155717509
axis:kcat_scale,-0.1,-10.067080829771774,47.0,0.3598590295646012,19.980975407003836
axis:kcat_scale,-0.1,-10.067080829771774,50.0,0.0009815890649642635,6.806807562869464
axis:kcat_scale,-0.05,-9.876284215343752,15.0,0.0,
axis:kcat_scale,-0.05,-9.876284215343752,20.0,0.11410964849587035,5.216266366924362
axis:kcat_scale,-0.05,-9.876284215343752,25.0,0.5170183450041713,11.632988957588305
axis:kcat_scale,-0.05,-9.876284215343752,27.0,0.7994387932388116,17.897837961824173
axis:kcat_scale,-0.05,-9.876284215343752,30.0,1.17673504261093,23.178389496686293
axis:kcat_scale,-0.05,-9.876284215343752,35.0,1.513947784082476,30.223588304174513
axis:kcat_scale,-0.05,-9.876284215343752,37.0,1.583783689208653,33.85653352593688
axis:kcat_scale,-0.05,-9.876284215343752,40.0,1.6424454303166485,37.42191208884226
axis:kcat_scale,-0.05,-9.876284215343752,43.0,1.6031574976100298,36.71064475917093
axis:kcat_scale,-0.05,-9.876284215343752,45.0,1.395269721140801,44.273442081980036
axis:kcat_scale,-0.05,-9.876284215343752,47.0,0.3703711070103967,20.374221827582222
axis:kcat_scale,-0.05,-9.876284215343752,50.0,0.0010106310407197497,6.8084071407553886
axis:kcat_scale,0.0,-9.778832777439442,15.0,0.0,
axis:kcat_scale,0.0,-9.778832777439442,20.0,0.11834294554443253,5.361107214410037
axis:kcat_scale,0.0,-9.778832777439442,25.0,0.532543802270648,11.935151350736097
axis:kcat_scale,0.0,-9.778832777439442,27.0,0.8216112608677085,18.197831158931137
axis:kcat_scale,0.0,-9.778832777439442,30.0,1.196704095074697,23.456076446998143
axis:kcat_scale,0.0,-9.778832777439442,35.0,1.526831668346877,30.8498131098087
axis:kcat_scale,0.0,-9.778832777439442,37.0,1.5971836562400126,34.51419861282276
axis:kcat_scale,0.0,-9.778832777439442,40.0,1.6562052344531948,38.14599875072689
axis:kcat_scale,0.0,-9.778832777439442,43.0,1.6168964144917108,37.41597020263076
axis:kcat_scale,0.0,-9.778832777439442,45.0,1.4088748931669104,43.93948842422541
axis:kcat_scale,0.0,-9.778832777439442,47.0,0.38112494249750395,20.74581553250344
axis:kcat_scale,0.0,-9.778832777439442,50.0,0.0010405137263009346,6.810053065922612
axis:kcat_scale,0.05,-9.778735783082482,15.0,0.0,
axis:kcat_scale,0.05,-9.778735783082482,20.0,0.12269878847122001,5.510140928343026
axis:kcat_scale,0.05,-9.778735783082482,25.0,0.5484986028661751,12.244474933841596
axis:kcat_scale,0.05,-9.778735783082482,27.0,0.8443986654451314,18.50598594550496
axis:kcat_scale,0.05,-9.778735783082482,30.0,1.216820485406101,23.73581069389161
axis:kcat_scale,0.05,-9.778735783082482,35.0,1.5398556752586905,31.48405467644096
axis:kcat_scale,0.05,-9.778735783082482,37.0,1.6105049582803874,35.1736551226168
axis:kcat_scale,0.05,-9.778735783082482,40.0,1.6700927498159537,38.87680474686666
axis:kcat_scale,0.05,-9.778735783082482,43.0,1.630615397344687,38.1620324798245
axis:kcat_scale,0.05,-9.778735783082482,45.0,1.4226476172028315,43.60141991036454
axis:kcat_scale,0.05,-9.778735783082482,47.0,0.3920464701147711,21.109036144787108
axis:kcat_scale,0.05,-9.778735783082482,50.0,0.001071261458654546,6.81174666028328
axis:kcat_scale,0.1,-9.879965171137759,15.0,0.0,
axis:kcat_scale,0.1,-9.879965171137759,20.0,0.12718072474574807,5.663488884161886
axis:kcat_scale,0.1,-9.879965171137759,25.0,0.564890785147534,12.56067853012281
axis:kcat_scale,0.1,-9.879965171137759,27.0,0.8678457219378993,18.823061225230454
axis:kcat_scale,0.1,-9.879965171137759,30.0,1.2370569083526344,23.969755720982317
axis:kcat_scale,0.1,-9.879965171137759,35.0,1.553031935245775,32.12571064554206
axis:kcat_scale,0.1,-9.879965171137759,37.0,1.6239658001841533,35.840019400963214
axis:kcat_scale,0.1,-9.879965171137759,40.0,1.68410403060781,39.614122364358906
axis:kcat_scale,0.1,-9.879965171137759,43.0,1.6444622408747733,38.91461377679917
axis:kcat_scale,0.1,-9.879965171137759,45.0,1.4365852969085653,43.25930013946755
axis:kcat_scale,0.1,-9.879965171137759,47.0,0.4032833835014388,21.397193030352746
axis:kcat_scale,0.1,-9.879965171137759,50.0,0.0011028992792351685,6.813489232639045
axis:kcat_scale,0.15000000000000002,-10.077644898665568,15.0,0.0,
axis:kcat_scale,0.15000000000000002,-10.077644898665568,20.0,0.1317924045300258,5.821275970922114
axis:kcat_scale,0.15000000000000002,-10.077644898665568,25.0,0.5817572443402522,12.88603094032524
axis:kcat_scale,0.15000000000000002,-10.077644898665568,27.0,0.8917942353614692,19.14783228307646
axis:kcat_scale,0.15000000000000002,-10.077644898665568,30.0,1.2562633474515252,24.02448109308946
axis:kcat_scale,0.15000000000000002,-10.077644898665568,35.0,1.566357675551324,32.77464598972381
axis:kcat_scale,0.15000000000000002,-10.077644898665568,37.0,1.6375594434726408,36.51365296692648
axis:kcat_scale,0.15000000000000002,-10.077644898665568,40.0,1.698206966625369,40.245376227184785
axis:kcat_scale,0.15000000000000002,-10.077644898665568,43.0,1.658335668099112,39.45139244448911
axis:kcat_scale,0.15000000000000002,-10.077644898665568,45.0,1.4506851374841379,42.9131975773849
axis:kcat_scale,0.15000000000000002,-10.077644898665568,47.0,0.41484060641036524,21.44960974099003
axis:kcat_scale,0.15000000000000002,-10.077644898665568,50.0,0.001135452954399943,6.815282250318596
axis:kcat_scale,0.2,-10.289664877835007,15.0,0.0,
axis:kcat_scale,0.2,-10.289664877835007,20.0,0.13653758365128602,5.983630692984284
axis:kcat_scale,0.2,-10.289664877835007,25.0,0.5991118597697906,13.220799779824231
axis:kcat_scale,0.2,-10.289664877835007,27.0,0.9098786242953997,19.39765149333286
axis:kcat_scale,0.2,-10.289664877835007,30.0,1.273399992505941,23.779100311840384
axis:kcat_scale,0.2,-10.289664877835007,35.0,1.5798292496234851,33.43068312962914
axis:kcat_scale,0.2,-10.289664877835007,37.0,1.6512241835576695,37.203640250922305
axis:kcat_scale,0.2,-10.289664877835007,40.0,1.7124044304023078,40.748124050278484
axis:kcat_scale,0.2,-10.289664877835007,43.0,1.6722660033803571,39.94038666556908
axis:kcat_scale,0.2,-10.289664877835007,45.0,1.4649432196595593,42.563261713878724
axis:kcat_scale,0.2,-10.289664877835007,47.0,0.42673177798155665,21.61501287306431
axis:kcat_scale,0.2,-10.289664877835007,50.0,0.0011689489963927174,6.817127187527541
axis:kcat_scale,0.25,-10.667436161906318,15.0,0.00043076908635340485,0.7924982829475666
axis:kcat_scale,0.25,-10.667436161906318,20.0,0.14142012666080225,6.150685274700987
axis:kcat_scale,0.25,-10.667436161906318,25.0,0.6169688582271627,13.565259538989405
axis:kcat_scale,0.25,-10.667436161906318,27.0,0.9277083431266512,19.63967997001174
axis:kcat_scale,0.25,-10.667436161906318,30.0,1.290696811245983,23.529095369818144
axis:kcat_scale,0.25,-10.667436161906318,35.0,1.5933627226519642,34.0917699087528
axis:kcat_scale,0.25,-10.667436161906318,37.0,1.6650184812172253,37.90016941411955
axis:kcat_scale,0.25,-10.667436161906318,40.0,1.726328723958661,41.24008750858421
axis:kcat_scale,0.25,-10.667436161906318,43.0,1.6860209045892627,40.34618107238426
axis:kcat_scale,0.25,-10.667436161906318,45.0,1.479334138240596,42.21175905719157
axis:kcat_scale,0.25,-10.667436161906318,47.0,0.43896669245853476,21.78811658989411
axis:kcat_scale,0.25,-10.667436161906318,50.0,0.0012034146849287312,6.819025664237613
axis:kcat_scale,0.30000000000000004,-11.22559967747884,15.0,0.001348930699941108,0.8238907590337592
axis:kcat_scale,0.30000000000000004,-11.22559967747884,20.0,0.14644400998123644,6.322575768002598
axis:kcat_scale,0.30000000000000004,-11.22559967747884,25.0,0.6353427827431696,13.919690751392622
axis:kcat_scale,0.30000000000000004,-11.22559967747884,27.0,0.9457521733199684,19.88462248166436
axis:kcat_scale,0.30000000000000004,-11.22559967747884,30.0,1.3077303634639257,23.515196831645735
axis:kcat_scale,0.30000000000000004,-11.22559967747884,35.0,1.60670199408201,34.75211597356003
axis:kcat_scale,0.30000000000000004,-11.22559967747884,37.0,1.678938492420252,38.60304635604639
axis:kcat_scale,0.30000000000000004,-11.22559967747884,40.0,1.7395567153341087,41.68410084180915
axis:kcat_scale,0.30000000000000004,-11.22559967747884,43.0,1.699897931078687,40.75557839535349
axis:kcat_scale,0.30000000000000004,-11.22559967747884,45.0,1.4938778224056146,41.85652237026266
axis:kcat_scale,0.30000000000000004,-11.22559967747884,47.0,0.45155491932188724,21.969517669224313
axis:kcat_scale,0.30000000000000004,-11.22559967747884,50.0,0.001238878089450804,6.8209788528206525
axis:kcat_scale,0.35000000000000003,-11.8729010792301,15.0,0.0022936713416464934,0.8561919874665929
axis:kcat_scale,0.35000000000000003,-11.8729010792301,20.0,0.1516133251451044,6.49944216350171
axis:kcat_scale,0.35000000000000003,-11.8729010792301,25.0,0.6541386256654632,14.492943894291724
axis:kcat_scale,0.35000000000000003,-11.8729010792301,27.0,0.9640065167452353,20.1324306515442
axis:kcat_scale,0.35000000000000003,-11.8729010792301,30.0,1.3236679822991222,23.743140607722147
axis:kcat_scale,0.35000000000000003,-11.8729010792301,35.0,1.620181288899113,35.419393743228234
axis:kcat_scale,0.35000000000000003,-11.8729010792301,37.0,1.6929801994864857,39.31206820798044
axis:kcat_scale,0.35000000000000003,-11.8729010792301,40.0,1.7521170934440788,42.277002232864724
axis:kcat_scale,0.35000000000000003,-11.8729010792301,43.0,1.7138849737992143,41.16888665873154
axis:kcat_scale,0.35000000000000003,-11.8729010792301,45.0,1.5085707026533774,41.49763867977121
axis:kcat_scale,0.35000000000000003,-11.8729010792301,47.0,0.46450755135217886,22.156169860051573
axis:kcat_scale,0.35000000000000003,-11.8729010792301,50.0,0.0012753680919100941,6.82298868534908
axis:kcat_scale,0.4,-12.614899366904309,15.0,0.0032657604236574194,0.8894282748771576
axis:kcat_scale,0.4,-12.614899366904309,20.0,0.1569322821269889,6.681428503799046
axis:kcat_scale,0.4,-12.614899366904309,25.0,0.6733083306506529,15.001197753203563
axis:kcat_scale,0.4,-12.614899366904309,27.0,0.9824675174536153,20.383052620954494
axis:kcat_scale,0.4,-12.614899366904309,30.0,1.3393931038092974,24.048322886442897
axis:kcat_scale,0.4,-12.614899366904309,35.0,1.6337972497064284,36.09343701349459
axis:kcat_scale,0.4,-12.614899366904309,37.0,1.7071394142519267,40.02702349280375
axis:kcat_scale,0.4,-12.614899366904309,40.0,1.76416346470055,43.10653412400944
axis:kcat_scale,0.4,-12.614899366904309,43.0,1.7273678029159896,41.61966919346991
axis:kcat_scale,0.4,-12.614899366904309,45.0,1.5234048741375474,41.133857365839944
axis:kcat_scale,0.4,-12.614899366904309,47.0,0.47783513738369254,22.348225441394582
axis:kcat_scale,0.4,-12.614899366904309,50.0,0.001312914410367425,6.825056715578013
axis:kcat_scale,0.45,-13.462451069008807,15.0,0.004265989631177362,0.9236266894570289
axis:kcat_scale,0.45,-13.462451069008807,20.0,0.1624052127722127,6.868683001759277
axis:kcat_scale,0.45,-13.462451069008807,25.0,0.692927658121165,15.731241855101358
axis:kcat_scale,0.45,-13.462451069008807,27.0,1.001131061559421,20.63643304713393
axis:kcat_scale,0.45,-13.462451069008807,30.0,1.355088950317743,24.542643951924436
axis:kcat_scale,0.45,-13.462451069008807,35.0,1.6474935453397614,36.78198787305862
axis:kcat_scale,0.45,-13.462451069008807,37.0,1.7214100503770833,40.74760488693329
axis:kcat_scale,0.45,-13.462451069008807,40.0,1.7751711100613004,43.61307872129415
axis:kcat_scale,0.45,-13.462451069008807,43.0,1.7405539369697771,42.022561367564776
axis:kcat_scale,0.45,-13.462451069008807,45.0,1.5383617014440696,40.76049226021438
axis:kcat_scale,0.45,-13.462451069008807,47.0,0.4915485316200506,22.545840580711914
axis:kcat_scale,0.45,-13.462451069008807,50.0,0.0013515476231538313,6.827184684101076
axis:kcat_scale,0.5,-14.426601437959402,15.0,0.005295173567186916,0.9588150828656468
axis:kcat_scale,0.5,-14.426601437959402,20.0,0.1680365743247515,7.061358160321543
axis:kcat_scale,0.5,-14.426601437959402,25.0,0.7130961202927854,16.279445535278626
axis:kcat_scale,0.5,-14.426601437959402,27.0,1.0199927777211941,20.892513110736267
axis:kcat_scale,0.5,-14.426601437959402,30.0,1.3709478769037984,25.04209753098211
axis:kcat_scale,0.5,-14.426601437959402,35.0,1.6613046713861679,37.479366768696536
axis:kcat_scale,0.5,-14.426601437959402,37.0,1.735068816032548,41.28933834741763
axis:kcat_scale,0.5,-14.426601437959402,40.0,1.783388378641105,43.300273119001794
axis:kcat_scale,0.5,-14.426601437959402,43.0,1.7522646005382558,42.89181551429625
axis:kcat_scale,0.5,-14.426601437959402,45.0,1.5534560856233437,40.38369010166812
axis:kcat_scale,0.5,-14.426601437959402,47.0,0.5056589024733624,22.749176206259847
axis:kcat_scale,0.5,-14.426601437959402,50.0,0.0013912991937977631,6.82937415146293
axis:kcat_scale,0.55,-15.508711831191741,15.0,0.006349307730730261,0.9608422262610417
axis:kcat_scale,0.55,-15.508711831191741,20.0,0.17383095305730994,7.259610897395473
axis:kcat_scale,0.55,-15.508711831191741,25.0,0.7338052991593462,16.842853908050063
axis:kcat_scale,0.55,-15.508711831191741,27.0,1.0390480382395526,21.151230530626215
axis:kcat_scale,0.55,-15.508711831191741,30.0,1.3866249864349982,25.60022813328309
axis:kcat_scale,0.55,-15.508711831191741,35.0,1.6752420363328828,38.18311997042612
axis:kcat_scale,0.55,-15.508711831191741,37.0,1.7484069475479609,41.728509489564544
axis:kcat_scale,0.55,-15.508711831191741,40.0,1.7913326169053005,43.63232027380262
axis:kcat_scale,0.55,-15.508711831191741,43.0,1.7639593436244154,43.76990180055167
axis:kcat_scale,0.55,-15.508711831191741,45.0,1.5686837036369035,40.003558620113054
axis:kcat_scale,0.55,-15.508711831191741,47.0,0.5201777416590684,22.95839819802013
axis:kcat_scale,0.55,-15.508711831191741,50.0,0.0014322014966168938,6.831627024447981
axis:kcat_scale,0.6000000000000001,-16.67282804232003,15.0,0.007433284664916298,0.9576568999962438
axis:kcat_scale,0.6000000000000001,-16.67282804232003,20.0,0.1797854405781864,7.341567515036493
axis:kcat_scale,0.6000000000000001,-16.67282804232003,25.0,0.754600630263917,17.414646156161208
axis:kcat_scale,0.6000000000000001,-16.67282804232003,27.0,1.058291960786913,21.412519587739972
axis:kcat_scale,0.6000000000000001,-16.67282804232003,30.0,1.4012687139146947,26.327431132772233
axis:kcat_scale,0.6000000000000001,-16.67282804232003,35.0,1.689301627467592,38.893044860381195
axis:kcat_scale,0.6000000000000001,-16.67282804232003,37.0,1.7605451794584854,42.46143294831437
axis:kcat_scale,0.6000000000000001,-16.67282804232003,40.0,1.7989727417112766,43.936776633352885
axis:kcat_scale,0.6000000000000001,-16.67282804232003,43.0,1.7730118098398764,43.70809915891694
axis:kcat_scale,0.6000000000000001,-16.67282804232003,45.0,1.584040046382169,39.62021018491914
axis:kcat_scale,0.6000000000000001,-16.67282804232003,47.0,0.5351168735574963,23.173676685257504
axis:kcat_scale,0.6000000000000001,-16.67282804232003,50.0,0.0014742878431083949,6.8339452131356175
axis:kcat_scale,0.65,-17.906098796823898,15.0,0.008548640664602791,0.954379364841064
axis:kcat_scale,0.65,-17.906098796823898,20.0,0.18590556596430866,7.318168753616782
axis:kcat_scale,0.65,-17.906098796823898,25.0,0.7755888839572783,17.772450271763635
axis:kcat_scale,0.65,-17.906098796823898,27.0,1.0776992925952324,21.676719570957804
axis:kcat_scale,0.65,-17.906098796823898,30.0,1.416024343620882,27.06825535454857
axis:kcat_scale,0.65,-17.906098796823898,35.0,1.7034792610234275,39.60893018346951
axis:kcat_scale,0.65,-17.906098796823898,37.0,1.7726560103447173,43.29360211417661
axis:kcat_scale,0.65,-17.906098796823898,40.0,1.8060096948661575,44.1843478899759
axis:kcat_scale,0.65,-17.906098796823898,43.0,1.7811295662203421,43.47485564483434
axis:kcat_scale,0.65,-17.906098796823898,45.0,1.5962766325448303,39.317490248959416
axis:kcat_scale,0.65,-17.906098796823898,47.0,0.5504867771160609,23.395427072226326
axis:kcat_scale,0.65,-17.906098796823898,50.0,0.0015175925091052028,6.836330310824065
axis:kcat_scale,0.7000000000000001,-19.202162339239088,15.0,0.009696284093907888,0.951006950974913
axis:kcat_scale,0.7000000000000001,-19.202162339239088,20.0,0.1922028573115379,7.294092642671923
axis:kcat_scale,0.7000000000000001,-19.202162339239088,25.0,0.7971022581215027,18.060508195834277
axis:kcat_scale,0.7000000000000001,-19.202162339239088,27.0,1.0969042030236953,21.942517489359144
axis:kcat_scale,0.7000000000000001,-19.202162339239088,30.0,1.4303351101475523,27.599826884718226
axis:kcat_scale,0.7000000000000001,-19.202162339239088,35.0,1.717770585792595,40.330556229835636
axis:kcat_scale,0.7000000000000001,-19.202162339239088,37.0,1.7833968135078537,43.25788279533057
axis:kcat_scale,0.7000000000000001,-19.202162339239088,40.0,1.8127431949578867,44.42237689693573
axis:kcat_scale,0.7000000000000001,-19.202162339239088,43.0,1.7883075719773394,43.766170385018114
axis:kcat_scale,0.7000000000000001,-19.202162339239088,45.0,1.606073061763759,39.08424578090658
axis:kcat_scale,0.7000000000000001,-19.202162339239088,47.0,0.5663002738379912,23.623857817545403
axis:kcat_scale,0.7000000000000001,-19.202162339239088,50.0,0.0015621507626077662,6.83878452262595
axis:kcat_scale,0.75,-20.45806608966659,15.0,0.010877149612358689,0.947536912422205
axis:kcat_scale,0.75,-20.45806608966659,20.0,0.19868244323665815,7.269319574203037
axis:kcat_scale,0.75,-20.45806608966659,25.0,0.819202934264607,18.35625143742585
axis:kcat_scale,0.75,-20.45806608966659,27.0,1.1162859371756768,22.210774105551284
axis:kcat_scale,0.75,-20.45806608966659,30.0,1.4442404284968682,27.607429833055843
axis:kcat_scale,0.75,-20.45806608966659,35.0,1.7319696179077808,41.00586602262694
axis:kcat_scale,0.75,-20.45806608966659,37.0,1.792806730762253,43.33074923799992
axis:kcat_scale,0.75,-20.45806608966659,40.0,1.8176059750773392,44.33900452400415
axis:kcat_scale,0.75,-20.45806608966659,43.0,1.7952118491488938,44.14526768871098
axis:kcat_scale,0.75,-20.45806608966659,45.0,1.6160172035380558,38.84749405579173
axis:kcat_scale,0.75,-20.45806608966659,47.0,0.5825677773493279,23.8436379870963
axis:kcat_scale,0.75,-20.45806608966659,50.0,0.0016079988925929937,6.841309836334527
axis:kcat_scale,0.8,-21.762373496315366,15.0,0.012092198936093748,0.9439664228683595
axis:kcat_scale,0.8,-21.762373496315366,20.0,0.20534960082013035,7.243829372656423
axis:kcat_scale,0.8,-21.762373496315366,25.0,0.8419107094666399,18.659960518112992
axis:kcat_scale,0.8,-21.762373496315366,27.0,1.135838949456216,22.481413320979712
axis:kcat_scale,0.8,-21.762373496315366,30.0,1.4582353490183317,27.60744665575155
axis:kcat_scale,0.8,-21.762373496315366,35.0,1.7454247542037644,41.45750270783295
axis:kcat_scale,0.8,-21.762373496315366,37.0,1.8013982900586396,43.643555654296144
axis:kcat_scale,0.8,-21.762373496315366,40.0,1.8224564049463772,44.133651419847176
axis:kcat_scale,0.8,-21.762373496315366,43.0,1.8019212520676595,44.38190311344108
axis:kcat_scale,0.8,-21.762373496315366,45.0,1.6261104900727827,38.65116448801954
axis:kcat_scale,0.8,-21.762373496315366,47.0,0.5993052382019897,24.058739955519055
axis:kcat_scale,0.8,-21.762373496315366,50.0,0.0016551742385256109,6.843908198773424
axis:kcat_scale,0.8500000000000001,-23.16142827611126,15.0,0.013342421621100144,0.9402925741944514
axis:kcat_scale,0.8500000000000001,-23.16142827611126,20.0,0.21220975990383464,7.217601278272577
axis:kcat_scale,0.8500000000000001,-23.16142827611126,25.0,0.8652758314654251,18.972461397615763
axis:kcat_scale,0.8500000000000001,-23.16142827611126,27.0,1.1555574551693906,22.754355749130426
axis:kcat_scale,0.8500000000000001,-23.16142827611126,30.0,1.4718739605195261,27.722286877007694
axis:kcat_scale,0.8500000000000001,-23.16142827611126,35.0,1.758172905276052,42.00683038470114
axis:kcat_scale,0.8500000000000001,-23.16142827611126,37.0,1.8095220314253329,43.927753612587516
axis:kcat_scale,0.8500000000000001,-23.16142827611126,40.0,1.8274087629724143,43.923982973751706
axis:kcat_scale,0.8500000000000001,-23.16142827611126,43.0,1.8083949243263628,44.595049874520555
axis:kcat_scale,0.8500000000000001,-23.16142827611126,45.0,1.636346312763949,38.95058477590053
axis:kcat_scale,0.8500000000000001,-23.16142827611126,47.0,0.6165233080644172,24.123792475794264
axis:kcat_scale,0.8500000000000001,-23.16142827611126,50.0,0.001703715220772765,6.846581867192798
axis:kcat_scale,0.9,-24.604992385555988,15.0,0.014628301359817472,0.9853748644149847
axis:kcat_scale,0.9,-24.604992385555988,20.0,0.21926850751321955,7.190613930780611
axis:kcat_scale,0.9,-24.604992385555988,25.0,0.8891748172411138,19.29281325872483
axis:kcat_scale,0.9,-24.604992385555988,27.0,1.1754354354313081,23.029518783414908
axis:kcat_scale,0.9,-24.604992385555988,30.0,1.484569917336044,28.12582849978113
axis:kcat_scale,0.9,-24.604992385555988,35.0,1.7702445743184865,42.83630863041147
axis:kcat_scale,0.9,-24.604992385555988,37.0,1.8168393894524923,44.31120217750969
axis:kcat_scale,0.9,-24.604992385555988,40.0,1.8324642157069555,43.709949797315964
axis:kcat_scale,0.9,-24.604992385555988,43.0,1.813481140661474,44.38509783577502
axis:kcat_scale,0.9,-24.604992385555988,45.0,1.6465521568668198,39.27885606520099
axis:kcat_scale,0.9,-24.604992385555988,47.0,0.6342190872429451,24.2323221982318
axis:kcat_scale,0.9,-24.604992385555988,50.0,0.0017536613719155846,6.849332838241908
axis:kcat_scale,0.9500000000000001,-26.0376463160354,15.0,0.015951260599060806,1.044950383651939
axis:kcat_scale,0.9500000000000001,-26.0376463160354,20.0,0.2265315924074682,7.1628453508762835
axis:kcat_scale,0.9500000000000001,-26.0376463160354,25.0,0.9079678491612387,19.544392583155933
axis:kcat_scale,0.9500000000000001,-26.0376463160354,27.0,1.1954666427468812,23.306816675718938
axis:kcat_scale,0.9500000000000001,-26.0376463160354,30.0,1.4973193029759135,28.744457007639053
axis:kcat_scale,0.9500000000000001,-26.0376463160354,35.0,1.7822118656879475,43.30391834634882
axis:kcat_scale,0.9500000000000001,-26.0376463160354,37.0,1.8226566355714238,44.11073779469936
axis:kcat_scale,0.9500000000000001,-26.0376463160354,40.0,1.8376238930781335,43.49150405266629
axis:kcat_scale,0.9500000000000001,-26.0376463160354,43.0,1.818651136571945,44.29192858025792
axis:kcat_scale,0.9500000000000001,-26.0376463160354,45.0,1.6566726583842237,39.64418036239931
axis:kcat_scale,0.9500000000000001,-26.0376463160354,47.0,0.6522626005037788,24.491555885867847
axis:kcat_scale,0.9500000000000001,-26.0376463160354,50.0,0.0018050533689002324,6.852163518120745
axis:kcat_scale,1.0,-27.53756853286034,15.0,0.017311878293869196,1.0971558319107948
axis:kcat_scale,1.0,-27.53756853286034,20.0,0.2340049297613818,7.134272923587321
axis:kcat_scale,1.0,-27.53756853286034,25.0,0.9257776225246327,19.78325777885437
axis:kcat_scale,1.0,-27.53756853286034,27.0,1.2156446072471503,23.58616062178322
axis:kcat_scale,1.0,-27.53756853286034,30.0,1.510227960810374,29.37081375612538
axis:kcat_scale,1.0,-27.53756853286034,35.0,1.7931621244192522,43.14800566385441
axis:kcat_scale,1.0,-27.53756853286034,37.0,1.82857914607827,43.85987871889173
axis:kcat_scale,1.0,-27.53756853286034,40.0,1.842888885464504,43.268599576344265
axis:kcat_scale,1.0,-27.53756853286034,43.0,1.8235744924932307,44.093728811943095
axis:kcat_scale,1.0,-27.53756853286034,45.0,1.666915173319967,39.99788885363592
axis:kcat_scale,1.0,-27.53756853286034,47.0,0.6707767860516748,24.64482103768025
axis:kcat_scale,1.0,-27.53756853286034,50.0,0.001857933066221551,6.855076007709293
axis:f_maint,-1.0,-9.807631238957283,15.0,0.0007422960566126961,0.5579223127065762
axis:f_maint,-1.0,-9.807631238957283,20.0,0.12285101994501871,5.270122220183712
axis:f_maint,-1.0,-9.807631238957283,25.0,0.5367935125616446,11.873609511533083
axis:f_maint,-1.0,-9.807631238957283,27.0,0.8261284962510259,18.134981449752196
axis:f_maint,-1.0,-9.807631238957283,30.0,1.2546921224197496,23.73773829865967
axis:f_maint,-1.0,-9.807631238957283,35.0,1.573964255299656,32.78283986075308
axis:f_maint,-1.0,-9.807631238957283,37.0,1.6472205294811095,36.62103340353815
axis:f_maint,-1.0,-9.807631238957283,40.0,1.7102174656687288,40.351283644149675
axis:f_maint,-1.0,-9.807631238957283,43.0,1.6686932071537226,39.48070849337214
axis:f_maint,-1.0,-9.807631238957283,45.0,1.4559112012411435,42.78512959418548
axis:f_maint,-1.0,-9.807631238957283,47.0,0.38170027578181287,20.271299383598702
axis:f_maint,-1.0,-9.807631238957283,50.0,0.0010423560306781117,6.138822077378146
axis:f_maint,-0.9500000000000001,-9.754795144168575,15.0,0.000515841185457113,0.5624410526916388
axis:f_maint,-0.9500000000000001,-9.754795144168575,20.0,0.12262561622499107,5.274671469888627
axis:f_maint,-0.9500000000000001,-9.754795144168575,25.0,0.5365810270470943,11.876686603507206
axis:f_maint,-0.9500000000000001,-9.754795144168575,27.0,0.8259026344818607,18.13812393520007
axis:f_maint,-0.9500000000000001,-9.754795144168575,30.0,1.2519233351826853,23.77526249115224
axis:f_maint,-0.9500000000000001,-9.754795144168575,35.0,1.5716076259520158,32.68618852320598
axis:f_maint,-0.9500000000000001,-9.754795144168575,37.0,1.6447284205579726,36.51421919256387
axis:f_maint,-0.9500000000000001,-9.754795144168575,40.0,1.7075229518242014,40.27183638127328
axis:f_maint,-0.9500000000000001,-9.754795144168575,43.0,1.6661162317306586,39.40491448691071
axis:f_maint,-0.9500000000000001,-9.754795144168575,45.0,1.453559385837464,42.84284753587652
axis:f_maint,-0.9500000000000001,-9.754795144168575,47.0,0.3816746364454077,20.298488846852287
axis:f_maint,-0.9500000000000001,-9.754795144168575,50.0,0.0010422639154619628,6.1723835977946795
axis:f_maint,-0.9,-9.703483667014241,15.0,0.00028938631430208326,0.5669597926552351
axis:f_maint,-0.9,-9.703483667014241,20.0,0.12240021250496204,5.279220719624836
axis:f_maint,-0.9,-9.703483667014241,25.0,0.5363685415325439,11.879763695459863
axis:f_maint,-0.9,-9.703483667014241,27.0,0.8256767727126937,18.141266420635777
axis:f_maint,-0.9,-9.703483667014241,30.0,1.2491490910194831,23.80800283146973
axis:f_maint,-0.9,-9.703483667014241,35.0,1.569250996604375,32.58953718565888
axis:f_maint,-0.9,-9.703483667014241,37.0,1.6422363116348373,36.407404981589224
axis:f_maint,-0.9,-9.703483667014241,40.0,1.7048284379796617,40.192389118677355
axis:f_maint,-0.9,-9.703483667014241,43.0,1.663539256307604,39.32912048045001
axis:f_maint,-0.9,-9.703483667014241,45.0,1.4512075704337244,42.90056547725607
axis:f_maint,-0.9,-9.703483667014241,47.0,0.38164899710921785,20.325678311318978
axis:f_maint,-0.9,-9.703483667014241,50.0,0.0010421718002429675,6.2059451567541455
axis:f_maint,-0.8500000000000001,-9.639288787819021,15.0,6.29314431452831e-05,0.5714785326455749
axis:f_maint,-0.8500000000000001,-9.639288787819021,20.0,0.12217480878493223,5.283769969312649
axis:f_maint,-0.8500000000000001,-9.639288787819021,25.0,0.5361560560179949,11.882840787418361
axis:f_maint,-0.8500000000000001,-9.639288787819021,27.0,0.8254509109435287,18.144408906117878
axis:f_maint,-0.8500000000000001,-9.639288787819021,30.0,1.2462613837286869,23.845020490834475
axis:f_maint,-0.8500000000000001,-9.639288787819021,35.0,1.5668943672567377,32.49288584811172
axis:f_maint,-0.8500000000000001,-9.639288787819021,37.0,1.6397442027117082,36.30059077061598
axis:f_maint,-0.8500000000000001,-9.639288787819021,40.0,1.7021339241351219,40.112941855691496
axis:f_maint,-0.8500000000000001,-9.639288787819021,43.0,1.6609622808845346,39.25332647398906
axis:f_maint,-0.8500000000000001,-9.639288787819021,45.0,1.448855755030029,42.95828341875937
axis:f_maint,-0.8500000000000001,-9.639288787819021,47.0,0.3816233577729891,20.352867776465555
axis:f_maint,-0.8500000000000001,-9.639288787819021,50.0,0.001042079685023968,6.239506683943515
axis:f_maint,-0.8,-9.637735740901352,15.0,0.0,
axis:f_maint,-0.8,-9.637735740901352,20.0,0.12194940506490246,5.288319219012437
axis:f_maint,-0.8,-9.637735740901352,25.0,0.5359435705034441,11.885917879381758
axis:f_maint,-0.8,-9.637735740901352,27.0,0.8252250491743626,18.147551391863697
axis:f_maint,-0.8,-9.637735740901352,30.0,1.243373676437884,23.884172520139177
axis:f_maint,-0.8,-9.637735740901352,35.0,1.5645377379091006,32.39623451056416
axis:f_maint,-0.8,-9.637735740901352,37.0,1.6372520937885724,36.1937765596415
axis:f_maint,-0.8,-9.637735740901352,40.0,1.6994394102905859,40.03349459288965
axis:f_maint,-0.8,-9.637735740901352,43.0,1.6583853054614708,39.1775324675286
axis:f_maint,-0.8,-9.637735740901352,45.0,1.4465039396263217,43.01600136021094
axis:f_maint,-0.8,-9.637735740901352,47.0,0.3815977184365733,20.380175168835894
axis:f_maint,-0.8,-9.637735740901352,50.0,0.001041987569804968,6.27306824293773
axis:f_maint,-0.75,-9.63715284206456,15.0,0.0,
axis:f_maint,-0.75,-9.63715284206456,20.0,0.12172400134487292,5.2928684687943015
axis:f_maint,-0.75,-9.63715284206456,25.0,0.5357310849888947,11.88899497133373
axis:f_maint,-0.75,-9.63715284206456,27.0,0.8249991874051965,18.150693877076534
axis:f_maint,-0.75,-9.63715284206456,30.0,1.2404859691470858,23.923324549442555
axis:f_maint,-0.75,-9.63715284206456,35.0,1.5621811085614625,32.29958317301695
axis:f_maint,-0.75,-9.63715284206456,37.0,1.634749648985314,36.08852728299782
axis:f_maint,-0.75,-9.63715284206456,40.0,1.6967448964460543,39.95404733004397
axis:f_maint,-0.75,-9.63715284206456,43.0,1.6558083300384083,39.1017384610681
axis:f_maint,-0.75,-9.63715284206456,45.0,1.4441521242226047,43.073719301659914
axis:f_maint,-0.75,-9.63715284206456,47.0,0.3815720791002731,20.407947848739624
axis:f_maint,-0.75,-9.63715284206456,50.0,0.0010418954545859684,6.306629800988308
axis:f_maint,-0.7000000000000001,-9.637576444864578,15.0,0.0,
axis:f_maint,-0.7000000000000001,-9.637576444864578,20.0,0.12149859762484387,5.297417718435272
axis:f_maint,-0.7000000000000001,-9.637576444864578,25.0,0.5355185994743461,11.89207206329803
axis:f_maint,-0.7000000000000001,-9.637576444864578,27.0,0.8247733256360328,18.153836362489876
axis:f_maint,-0.7000000000000001,-9.637576444864578,30.0,1.2375821449954656,23.926025847290806
axis:f_maint,-0.7000000000000001,-9.637576444864578,35.0,1.5598244792138178,32.20293183546979
axis:f_maint,-0.7000000000000001,-9.637576444864578,37.0,1.632245249468957,35.98357203831951
axis:f_maint,-0.7000000000000001,-9.637576444864578,40.0,1.6940464544172849,39.84460795263889
axis:f_maint,-0.7000000000000001,-9.637576444864578,43.0,1.6532313546153365,39.025944454606545
axis:f_maint,-0.7000000000000001,-9.637576444864578,45.0,1.4418003088188749,43.131437243275556
axis:f_maint,-0.7000000000000001,-9.637576444864578,47.0,0.38154643976397723,20.439024791027517
axis:f_maint,-0.7000000000000001,-9.637576444864578,50.0,0.001041803339368287,6.340191344845238
axis:f_maint,-0.65,-9.639065608631057,15.0,0.0,
axis:f_maint,-0.65,-9.639065608631057,20.0,0.12127319390481407,5.301966968115782
axis:f_maint,-0.65,-9.639065608631057,25.0,0.5353061139597944,11.895149155264258
axis:f_maint,-0.65,-9.639065608631057,27.0,0.8245474638668657,18.15697884798824
axis:f_maint,-0.65,-9.639065608631057,30.0,1.2346622842868389,23.89245803298987
axis:f_maint,-0.65,-9.639065608631057,35.0,1.5574678498661825,32.10628049792265
axis:f_maint,-0.65,-9.639065608631057,37.0,1.629740849952608,35.87861679364115
axis:f_maint,-0.65,-9.639065608631057,40.0,1.6913463911574678,39.722790299559904
axis:f_maint,-0.65,-9.639065608631057,43.0,1.6506543791922732,38.95015044814559
axis:f_maint,-0.65,-9.639065608631057,45.0,1.4394484934151917,43.18915518480221
axis:f_maint,-0.65,-9.639065608631057,47.0,0.3815208004276671,20.47010828562799
axis:f_maint,-0.65,-9.639065608631057,50.0,0.0010417112241427587,6.373753000892852
axis:f_maint,-0.6000000000000001,-9.64193158140673,15.0,0.0,
axis:f_maint,-0.6000000000000001,-9.64193158140673,20.0,0.12104779018478484,5.3065162178536625
axis:f_maint,-0.6000000000000001,-9.64193158140673,25.0,0.5350936284452449,11.898226247231015
axis:f_maint,-0.6000000000000001,-9.64193158140673,27.0,0.8243216020976962,18.160121333603364
axis:f_maint,-0.6000000000000001,-9.64193158140673,30.0,1.2317424235782128,23.85889021867582
axis:f_maint,-0.6000000000000001,-9.64193158140673,35.0,1.5551112205185438,32.0096291603751
axis:f_maint,-0.6000000000000001,-9.64193158140673,37.0,1.627236450436256,35.77366154896279
axis:f_maint,-0.6000000000000001,-9.64193158140673,40.0,1.6886451210834381,39.61004499580648
axis:f_maint,-0.6000000000000001,-9.64193158140673,43.0,1.648063575368435,38.840611128752805
axis:f_maint,-0.6000000000000001,-9.64193158140673,45.0,1.4370966780114731,43.24687312645283
axis:f_maint,-0.6000000000000001,-9.64193158140673,47.0,0.3814951610913451,20.501191778920816
axis:f_maint,-0.6000000000000001,-9.64193158140673,50.0,0.0010416191089234294,6.407314506782415
axis:f_maint,-0.55,-9.646099821125574,15.0,0.0,
axis:f_maint,-0.55,-9.646099821125574,20.0,0.12082238646475545,5.311065467602096
axis:f_maint,-0.55,-9.646099821125574,25.0,0.5348811429306959,11.901303339160725
axis:f_maint,-0.55,-9.646099821125574,27.0,0.8240957403285312,18.1632638192288
axis:f_maint,-0.55,-9.646099821125574,30.0,1.2288225628695884,23.825322404388018
axis:f_maint,-0.55,-9.646099821125574,35.0,1.552754591170907,31.91297782282847
axis:f_maint,-0.55,-9.646099821125574,37.0,1.6247320509199008,35.66870630428503
axis:f_maint,-0.55,-9.646099821125574,40.0,1.6859417971975756,39.48804114199877
axis:f_maint,-0.55,-9.646099821125574,43.0,1.6454687753852222,38.72198943386263
axis:f_maint,-0.55,-9.646099821125574,45.0,1.4347448626077572,43.304591067854055
axis:f_maint,-0.55,-9.646099821125574,47.0,0.3814695217549634,20.53227527264843
axis:f_maint,-0.55,-9.646099821125574,50.0,0.001041526993704897,6.440876108723482
axis:f_maint,-0.5,-9.65155942609747,15.0,0.0,
axis:f_maint,-0.5,-9.65155942609747,20.0,0.12059698274472631,5.3156147173226564
axis:f_maint,-0.5,-9.65155942609747,25.0,0.5346686574161451,11.904380431141714
axis:f_maint,-0.5,-9.65155942609747,27.0,0.8238698785593659,18.1664063042462
axis:f_maint,-0.5,-9.65155942609747,30.0,1.2259027021609603,23.791754590069853
axis:f_maint,-0.5,-9.65155942609747,35.0,1.5503979618232657,31.816326485281607
axis:f_maint,-0.5,-9.65155942609747,37.0,1.6222276514035483,35.56375105960619
axis:f_maint,-0.5,-9.65155942609747,40.0,1.683238473311723,39.366037288262085
axis:f_maint,-0.5,-9.65155942609747,43.0,1.6428733700503242,38.60376866688545
axis:f_maint,-0.5,-9.65155942609747,45.0,1.4323930472040545,43.36230900937866
axis:f_maint,-0.5,-9.65155942609747,47.0,0.38144388241873145,20.563358767027342
axis:f_maint,-0.5,-9.65155942609747,50.0,0.001041434878486349,6.474437560015084
axis:f_maint,-0.45,-9.65831219544306,15.0,0.0,
axis:f_maint,-0.45,-9.65831219544306,20.0,0.12037157902469696,5.320163967009402
axis:f_maint,-0.45,-9.65831219544306,25.0,0.534456171901596,11.907457523107405
axis:f_maint,-0.45,-9.65831219544306,27.0,0.8236440167902012,18.169548789761176
axis:f_maint,-0.45,-9.65831219544306,30.0,1.2229828414523363,23.758186775764464
axis:f_maint,-0.45,-9.65831219544306,35.0,1.548041332475623,31.71967514773314
axis:f_maint,-0.45,-9.65831219544306,37.0,1.6197232518871891,35.458795814927264
axis:f_maint,-0.45,-9.65831219544306,40.0,1.6805351494258802,39.244033434513
axis:f_maint,-0.45,-9.65831219544306,43.0,1.6402756744944604,38.48498882046036
axis:f_maint,-0.45,-9.65831219544306,45.0,1.4300412318003195,43.42002695071272
axis:f_maint,-0.45,-9.65831219544306,47.0,0.3814180444829592,20.594331862878434
axis:f_maint,-0.45,-9.65831219544306,50.0,0.0010413427632614842,6.507999193850429
axis:f_maint,-0.4,-9.666368389968572,15.0,0.0,
axis:f_maint,-0.4,-9.666368389968572,20.0,0.12014617530466729,5.324713216682807
axis:f_maint,-0.4,-9.666368389968572,25.0,0.5342436863870457,11.910534615059102
axis:f_maint,-0.4,-9.666368389968572,27.0,0.8234181550210345,18.17269127528419
axis:f_maint,-0.4,-9.666368389968572,30.0,1.2200629807437093,23.724618961464746
axis:f_maint,-0.4,-9.666368389968572,35.0,1.545684703127988,31.623023810186368
axis:f_maint,-0.4,-9.666368389968572,37.0,1.6172188523708466,35.353840570249716
axis:f_maint,-0.4,-9.666368389968572,40.0,1.6778318255400144,39.122029580763986
axis:f_maint,-0.4,-9.666368389968572,43.0,1.637677978938612,38.3662089740361
axis:f_maint,-0.4,-9.666368389968572,45.0,1.4276894163966176,43.47774489224858
axis:f_maint,-0.4,-9.666368389968572,47.0,0.38138895151057234,20.625423155429086
axis:f_maint,-0.4,-9.666368389968572,50.0,0.0010412506480529705,6.541560722443702
axis:f_maint,-0.35000000000000003,-9.675885458607183,15.0,0.0,
axis:f_maint,-0.35000000000000003,-9.675885458607183,20.0,0.11992077158463847,5.329262466418925
axis:f_maint,-0.35000000000000003,-9.675885458607183,25.0,0.5340312008724957,11.913611707023675
axis:f_maint,-0.35000000000000003,-9.675885458607183,27.0,0.8231922932518693,18.175833760937522
axis:f_maint,-0.35000000000000003,-9.675885458607183,30.0,1.2171431200350808,23.69105114715791
axis:f_maint,-0.35000000000000003,-9.675885458607183,35.0,1.5433280737803485,31.526372472639327
axis:f_maint,-0.35000000000000003,-9.675885458607183,37.0,1.6147144528544926,35.248885325571145
axis:f_maint,-0.35000000000000003,-9.675885458607183,40.0,1.6751285016541662,39.00002572699581
axis:f_maint,-0.35000000000000003,-9.675885458607183,43.0,1.6350802833827378,38.247429127609344
axis:f_maint,-0.35000000000000003,-9.675885458607183,45.0,1.4253376009928975,43.53546283369622
axis:f_maint,-0.35000000000000003,-9.675885458607183,47.0,0.38135958836416706,20.640672959132633
axis:f_maint,-0.35000000000000003,-9.675885458607183,50.0,0.0010411585328339709,6.57512220538392
axis:f_maint,-0.30000000000000004,-9.686711838858283,15.0,0.0,
axis:f_maint,-0.30000000000000004,-9.686711838858283,20.0,0.11969536786460871,5.333811716145843
axis:f_maint,-0.30000000000000004,-9.686711838858283,25.0,0.5338187153579471,11.91668879896977
axis:f_maint,-0.30000000000000004,-9.686711838858283,27.0,0.822966431482701,18.17897624620622
axis:f_maint,-0.30000000000000004,-9.686711838858283,30.0,1.2142232593264544,23.657483332844645
axis:f_maint,-0.30000000000000004,-9.686711838858283,35.0,1.5409714444327045,31.429721135091846
axis:f_maint,-0.30000000000000004,-9.686711838858283,37.0,1.612210053338141,35.143930080892645
axis:f_maint,-0.30000000000000004,-9.686711838858283,40.0,1.6724251777683004,38.87802187321066
axis:f_maint,-0.30000000000000004,-9.686711838858283,43.0,1.6324825878268863,38.128649281184906
axis:f_maint,-0.30000000000000004,-9.686711838858283,45.0,1.4229857855891976,43.593180775461576
axis:f_maint,-0.30000000000000004,-9.686711838858283,47.0,0.381330225217756,20.654373025581254
axis:f_maint,-0.30000000000000004,-9.686711838858283,50.0,0.0010410664176149708,6.608683769896537
axis:f_maint,-0.25,-9.69883211523166,15.0,0.0,
axis:f_maint,-0.25,-9.69883211523166,20.0,0.1194699641445793,5.338360965863189
axis:f_maint,-0.25,-9.69883211523166,25.0,0.5336062298433968,11.919765890941711
axis:f_maint,-0.25,-9.69883211523166,27.0,0.8227405697135377,18.182118731661852
axis:f_maint,-0.25,-9.69883211523166,30.0,1.2113033986178285,23.623915518535103
axis:f_maint,-0.25,-9.69883211523166,35.0,1.5386148150850651,31.33306979754386
axis:f_maint,-0.25,-9.69883211523166,37.0,1.609705653821784,35.03897483621561
axis:f_maint,-0.25,-9.69883211523166,40.0,1.669721853882468,38.756018019517605
axis:f_maint,-0.25,-9.69883211523166,43.0,1.6298848922710287,38.009869434759246
axis:f_maint,-0.25,-9.69883211523166,45.0,1.420633970185467,43.650898716737025
axis:f_maint,-0.25,-9.69883211523166,47.0,0.38130084535478076,20.668010025311233
axis:f_maint,-0.25,-9.69883211523166,50.0,0.001040974302395979,6.642245312968854
axis:f_maint,-0.2,-9.712391979070853,15.0,0.0,
axis:f_maint,-0.2,-9.712391979070853,20.0,0.11924456042454981,5.342910215565017
axis:f_maint,-0.2,-9.712391979070853,25.0,0.5333937443288481,11.922842982897752
axis:f_maint,-0.2,-9.712391979070853,27.0,0.8225147079443718,18.18526121714041
axis:f_maint,-0.2,-9.712391979070853,30.0,1.2083835379092027,23.59034770423055
axis:f_maint,-0.2,-9.712391979070853,35.0,1.5362581857374311,31.23641845999689
axis:f_maint,-0.2,-9.712391979070853,37.0,1.6072012543054313,34.93401959153567
axis:f_maint,-0.2,-9.712391979070853,40.0,1.6670185299966036,38.63401416572871
axis:f_maint,-0.2,-9.712391979070853,43.0,1.62728719671517,37.891089588334474
axis:f_maint,-0.2,-9.712391979070853,45.0,1.4182821547817472,43.70861665792033
axis:f_maint,-0.2,-9.712391979070853,47.0,0.3812680333306593,20.668698507308033
axis:f_maint,-0.2,-9.712391979070853,50.0,0.0010408821871769679,6.675806888127354
axis:f_maint,-0.15000000000000002,-9.727178836159052,15.0,0.0,
axis:f_maint,-0.15000000000000002,-9.727178836159052,20.0,0.11901915670452082,5.347459465309627
axis:f_maint,-0.15000000000000002,-9.727178836159052,25.0,0.5331812588142983,11.92592007483865
axis:f_maint,-0.15000000000000002,-9.727178836159052,27.0,0.8222888461752031,18.18840370263475
axis:f_maint,-0.15000000000000002,-9.727178836159052,30.0,1.2054636772005756,23.556779889918005
axis:f_maint,-0.15000000000000002,-9.727178836159052,35.0,1.5339015563897953,31.139767122450184
axis:f_maint,-0.15000000000000002,-9.727178836159052,37.0,1.604696854789075,34.82906434685804
axis:f_maint,-0.15000000000000002,-9.727178836159052,40.0,1.6643152061107582,38.512010311996804
axis:f_maint,-0.15000000000000002,-9.727178836159052,43.0,1.6246895011592954,37.772309741907925
axis:f_maint,-0.15000000000000002,-9.727178836159052,45.0,1.4159303393780347,43.76633459962553
axis:f_maint,-0.15000000000000002,-9.727178836159052,47.0,0.3812334712406381,20.676286550144095
axis:f_maint,-0.15000000000000002,-9.727178836159052,50.0,0.0010407900719580083,6.709368452570957
axis:f_maint,-0.1,-9.743171059003195,15.0,0.0,
axis:f_maint,-0.1,-9.743171059003195,20.0,0.11879375298449164,5.352008714987517
axis:f_maint,-0.1,-9.743171059003195,25.0,0.5329687732997481,11.928997166805546
axis:f_maint,-0.1,-9.743171059003195,27.0,0.8220629844060379,18.191546188082082
axis:f_maint,-0.1,-9.743171059003195,30.0,1.2025438164919517,23.523212075620403
axis:f_maint,-0.1,-9.743171059003195,35.0,1.5315449270421533,31.043115784902866
axis:f_maint,-0.1,-9.743171059003195,37.0,1.6021924552727294,34.72410910217941
axis:f_maint,-0.1,-9.743171059003195,40.0,1.6616118822248904,38.39000645823023
axis:f_maint,-0.1,-9.743171059003195,43.0,1.6220918056034366,37.65352989548275
axis:f_maint,-0.1,-9.743171059003195,45.0,1.4135785239743341,43.82405254122
axis:f_maint,-0.1,-9.743171059003195,47.0,0.38119729499292077,20.692851798936722
axis:f_maint,-0.1,-9.743171059003195,50.0,0.0010406979567383116,6.742929981901261
axis:f_maint,-0.05,-9.760354506302708,15.0,0.0,
axis:f_maint,-0.05,-9.760354506302708,20.0,0.1185683492644618,5.356557964706606
axis:f_maint,-0.05,-9.760354506302708,25.0,0.5327562877851973,11.932074258767203
axis:f_maint,-0.05,-9.760354506302708,27.0,0.8218371226368694,18.1946886735843
axis:f_maint,-0.05,-9.760354506302708,30.0,1.1996239557833261,23.48964426131264
axis:f_maint,-0.05,-9.760354506302708,35.0,1.5291882976945164,30.946464447355574
axis:f_maint,-0.05,-9.760354506302708,37.0,1.5996880557563655,34.619153857500244
axis:f_maint,-0.05,-9.760354506302708,40.0,1.658908558339046,38.26800260449107
axis:f_maint,-0.05,-9.760354506302708,43.0,1.619494110047584,37.53475004905789
axis:f_maint,-0.05,-9.760354506302708,45.0,1.41122670857061,43.881770482782066
axis:f_maint,-0.05,-9.760354506302708,47.0,0.3811611187452096,20.719333667285344
axis:f_maint,-0.05,-9.760354506302708,50.0,0.0010406058415200047,6.776491551825163
axis:f_maint,0.0,-9.778832777439442,15.0,0.0,
axis:f_maint,0.0,-9.778832777439442,20.0,0.11834294554443253,5.361107214410037
axis:f_maint,0.0,-9.778832777439442,25.0,0.532543802270648,11.935151350736097
axis:f_maint,0.0,-9.778832777439442,27.0,0.8216112608677085,18.197831158931137
axis:f_maint,0.0,-9.778832777439442,30.0,1.196704095074697,23.456076446998143
axis:f_maint,0.0,-9.778832777439442,35.0,1.526831668346877,30.8498131098087
axis:f_maint,0.0,-9.778832777439442,37.0,1.5971836562400126,34.51419861282276
axis:f_maint,0.0,-9.778832777439442,40.0,1.6562052344531948,38.14599875072689
axis:f_maint,0.0,-9.778832777439442,43.0,1.6168964144917108,37.41597020263076
axis:f_maint,0.0,-9.778832777439442,45.0,1.4088748931669104,43.93948842422541
axis:f_maint,0.0,-9.778832777439442,47.0,0.38112494249750395,20.74581553250344
axis:f_maint,0.0,-9.778832777439442,50.0,0.0010405137263009346,6.810053065922612
axis:f_maint,0.05,-9.798606034254277,15.0,0.0,
axis:f_maint,0.05,-9.798606034254277,20.0,0.11811754182440286,5.365656464152737
axis:f_maint,0.05,-9.798606034254277,25.0,0.5323313167560981,11.93822844268468
axis:f_maint,0.05,-9.798606034254277,27.0,0.8213853990985419,18.200973644436793
axis:f_maint,0.05,-9.798606034254277,30.0,1.1937842343660716,23.42250863269372
axis:f_maint,0.05,-9.798606034254277,35.0,1.5244750389992352,30.75316177226128
axis:f_maint,0.05,-9.798606034254277,37.0,1.5946792567236714,34.40924336814506
axis:f_maint,0.05,-9.798606034254277,40.0,1.6535019105673299,38.023994896966215
axis:f_maint,0.05,-9.798606034254277,43.0,1.6142987189358513,37.29719035620649
axis:f_maint,0.05,-9.798606034254277,45.0,1.406523077763211,43.9972063658599
axis:f_maint,0.05,-9.798606034254277,47.0,0.38108876624978444,20.772297403440376
axis:f_maint,0.05,-9.798606034254277,50.0,0.0010404216110824185,6.84361463572366
axis:f_maint,0.1,-9.819651193585061,15.0,0.0,
axis:f_maint,0.1,-9.819651193585061,20.0,0.11789213810437399,5.370205713846382
axis:f_maint,0.1,-9.819651193585061,25.0,0.5321188312415477,11.94130553464891
axis:f_maint,0.1,-9.819651193585061,27.0,0.8211595373293757,18.20411612990952
axis:f_maint,0.1,-9.819651193585061,30.0,1.190864373657446,23.388940818396286
axis:f_maint,0.1,-9.819651193585061,35.0,1.5221184096515972,30.656510434713674
axis:f_maint,0.1,-9.819651193585061,37.0,1.5921748572073169,34.304288123465795
axis:f_maint,0.1,-9.819651193585061,40.0,1.6507985866814943,37.90199104325369
axis:f_maint,0.1,-9.819651193585061,43.0,1.6116814524654135,37.18263711324014
axis:f_maint,0.1,-9.819651193585061,45.0,1.4041712623594942,44.05492430728685
axis:f_maint,0.1,-9.819651193585061,47.0,0.3810525900020946,20.798779268726857
axis:f_maint,0.1,-9.819651193585061,50.0,0.0010403294958629729,6.877176197562534
axis:f_maint,0.15000000000000002,-9.842260239515333,15.0,0.0,
axis:f_maint,0.15000000000000002,-9.842260239515333,20.0,0.11766673438434423,5.374754963518284
axis:f_maint,0.15000000000000002,-9.842260239515333,25.0,0.5319063457269978,11.94438262659687
axis:f_maint,0.15000000000000002,-9.842260239515333,27.0,0.8209336755602069,18.207258615383378
axis:f_maint,0.15000000000000002,-9.842260239515333,30.0,1.1879445129488182,23.35537300408652
axis:f_maint,0.15000000000000002,-9.842260239515333,35.0,1.519759676879899,30.559928820122344
axis:f_maint,0.15000000000000002,-9.842260239515333,37.0,1.5896330238590413,34.19845069644265
axis:f_maint,0.15000000000000002,-9.842260239515333,40.0,1.6480952627956411,37.77998718948166
axis:f_maint,0.15000000000000002,-9.842260239515333,43.0,1.6090487072844792,37.07141508810935
axis:f_maint,0.15000000000000002,-9.842260239515333,45.0,1.401819446955761,44.11264224866871
axis:f_maint,0.15000000000000002,-9.842260239515333,47.0,0.38101641375436984,20.82526113576772
axis:f_maint,0.15000000000000002,-9.842260239515333,50.0,0.0010402373806422934,6.910737735469252
axis:f_maint,0.2,-9.866504850983452,15.0,0.0,
axis:f_maint,0.2,-9.866504850983452,20.0,0.11744133066431468,5.379304213236835
axis:f_maint,0.2,-9.866504850983452,25.0,0.531693860212448,11.947459718570293
axis:f_maint,0.2,-9.866504850983452,27.0,0.8207078137910432,18.210401100887243
axis:f_maint,0.2,-9.866504850983452,30.0,1.1850246522401915,23.321805189779734
axis:f_maint,0.2,-9.866504850983452,35.0,1.5173979707918028,30.463445118370203
axis:f_maint,0.2,-9.866504850983452,37.0,1.5870481926858129,34.09159720844193
axis:f_maint,0.2,-9.866504850983452,40.0,1.6453919389097804,37.65798333574707
axis:f_maint,0.2,-9.866504850983452,43.0,1.6064159621035388,36.9601930629797
axis:f_maint,0.2,-9.866504850983452,45.0,1.3994676315520655,44.170360190205095
axis:f_maint,0.2,-9.866504850983452,47.0,0.38098023750665283,20.851743002988965
axis:f_maint,0.2,-9.866504850983452,50.0,0.0010401452654249738,6.944299313109642
axis:f_maint,0.25,-9.892062787166076,15.0,0.0,
axis:f_maint,0.25,-9.892062787166076,20.0,0.11721592694428606,5.383853463015447
axis:f_maint,0.25,-9.892062787166076,25.0,0.5314813746978991,11.950536810524941
axis:f_maint,0.25,-9.892062787166076,27.0,0.8204819520218777,18.213543586281286
axis:f_maint,0.25,-9.892062787166076,30.0,1.1821047915315674,23.288237375472264
axis:f_maint,0.25,-9.892062787166076,35.0,1.5150362647037205,30.366961416618988
axis:f_maint,0.25,-9.892062787166076,37.0,1.584463361512579,33.98474372043981
axis:f_maint,0.25,-9.892062787166076,40.0,1.642688615023924,37.53597948194635
axis:f_maint,0.25,-9.892062787166076,43.0,1.6037832169226114,36.848971037850866
axis:f_maint,0.25,-9.892062787166076,45.0,1.397115816148358,44.22807813184099
axis:f_maint,0.25,-9.892062787166076,47.0,0.38094406125893726,20.878224867870276
axis:f_maint,0.25,-9.892062787166076,50.0,0.0010400531502050873,6.97786087531706
axis:f_maint,0.30000000000000004,-9.918934214165034,15.0,0.0,
axis:f_maint,0.30000000000000004,-9.918934214165034,20.0,0.11699052322425676,5.388402712722203
axis:f_maint,0.30000000000000004,-9.918934214165034,25.0,0.5312688891833495,11.953613902489941
axis:f_maint,0.30000000000000004,-9.918934214165034,27.0,0.8202560902527077,18.216686072032
axis:f_maint,0.30000000000000004,-9.918934214165034,30.0,1.1791849308229394,23.2546695611596
axis:f_maint,0.30000000000000004,-9.918934214165034,35.0,1.5126745586156314,30.270477714866036
axis:f_maint,0.30000000000000004,-9.918934214165034,37.0,1.5818785303393552,33.87789023243804
axis:f_maint,0.30000000000000004,-9.918934214165034,40.0,1.6399852911380688,37.413975628212405
axis:f_maint,0.30000000000000004,-9.918934214165034,43.0,1.6011504717416694,36.7377490127204
axis:f_maint,0.30000000000000004,-9.918934214165034,45.0,1.3947640007446231,44.28579607317562
axis:f_maint,0.30000000000000004,-9.918934214165034,47.0,0.3809078850112314,20.90470673308786
axis:f_maint,0.30000000000000004,-9.918934214165034,50.0,0.0010399610349755685,7.011422484728855
axis:f_maint,0.35000000000000003,-9.947119299712277,15.0,0.0,
axis:f_maint,0.35000000000000003,-9.947119299712277,20.0,0.11676511950422726,5.392951962415952
axis:f_maint,0.35000000000000003,-9.947119299712277,25.0,0.5310564036687992,11.956690994437546
axis:f_maint,0.35000000000000003,-9.947119299712277,27.0,0.8200302284835432,18.219828557404885
axis:f_maint,0.35000000000000003,-9.947119299712277,30.0,1.1762650701143125,23.22110174684903
axis:f_maint,0.35000000000000003,-9.947119299712277,35.0,1.5103128525275473,30.173994013114864
axis:f_maint,0.35000000000000003,-9.947119299712277,37.0,1.5792936991661253,33.77103674443717
axis:f_maint,0.35000000000000003,-9.947119299712277,40.0,1.6372819672522239,37.29197177449988
axis:f_maint,0.35000000000000003,-9.947119299712277,43.0,1.5985177265607344,36.62652698759164
axis:f_maint,0.35000000000000003,-9.947119299712277,45.0,1.3924121853409286,44.34351401477464
axis:f_maint,0.35000000000000003,-9.947119299712277,47.0,0.38087170876353377,20.931188602918617
axis:f_maint,0.35000000000000003,-9.947119299712277,50.0,0.0010398689197679747,7.044983958478462
axis:f_maint,0.4,-9.976731140475973,15.0,0.0,
axis:f_maint,0.4,-9.976731140475973,20.0,0.11653971578419689,5.397501212088727
axis:f_maint,0.4,-9.976731140475973,25.0,0.5308439181542498,11.95976808639885
axis:f_maint,0.4,-9.976731140475973,27.0,0.8198043667143782,18.222971042853196
axis:f_maint,0.4,-9.976731140475973,30.0,1.1733452094056855,23.18753393251424
axis:f_maint,0.4,-9.976731140475973,35.0,1.5079511464394573,30.07751031136207
axis:f_maint,0.4,-9.976731140475973,37.0,1.5767088617230103,33.664182951104436
axis:f_maint,0.4,-9.976731140475973,40.0,1.6345699857075904,37.17265321876839
axis:f_maint,0.4,-9.976731140475973,43.0,1.5958795645593904,36.515221209263544
axis:f_maint,0.4,-9.976731140475973,45.0,1.3900593340953564,44.40136887594181
axis:f_maint,0.4,-9.976731140475973,47.0,0.3808355325158039,20.95767046614821
axis:f_maint,0.4,-9.976731140475973,50.0,0.001039776804548975,7.078545521054427
axis:f_maint,0.45,-10.00769766576693,15.0,0.0,
axis:f_maint,0.45,-10.00769766576693,20.0,0.11631431206416826,5.4020504618062
axis:f_maint,0.45,-10.00769766576693,25.0,0.5306314326396995,11.96284517836297
axis:f_maint,0.45,-10.00769766576693,27.0,0.8195785049452105,18.226113528185714
axis:f_maint,0.45,-10.00769766576693,30.0,1.1704253486970622,23.153966118244846
axis:f_maint,0.45,-10.00769766576693,35.0,1.5055894403513672,29.981026609610637
axis:f_maint,0.45,-10.00769766576693,37.0,1.5741231478267061,33.557286476358286
axis:f_maint,0.45,-10.00769766576693,40.0,1.6318563836452071,37.053818644249105
axis:f_maint,0.45,-10.00769766576693,43.0,1.5932277551352287,36.401298396655655
axis:f_maint,0.45,-10.00769766576693,45.0,1.3877063132650638,44.459241821741635
axis:f_maint,0.45,-10.00769766576693,47.0,0.3807993533951955,20.984023073311654
axis:f_maint,0.45,-10.00769766576693,50.0,0.0010396846893262642,7.112107066063374
axis:f_maint,0.5,-10.039220552872724,15.0,0.0,
axis:f_maint,0.5,-10.039220552872724,20.0,0.11608890834413893,5.406599711531801
axis:f_maint,0.5,-10.039220552872724,25.0,0.5304189471251498,11.965922270318178
axis:f_maint,0.5,-10.039220552872724,27.0,0.8192064834052057,18.230942925672316
axis:f_maint,0.5,-10.039220552872724,30.0,1.167505487988433,23.120398303931708
axis:f_maint,0.5,-10.039220552872724,35.0,1.50322773426328,29.884542907859
axis:f_maint,0.5,-10.039220552872724,37.0,1.5715374339304125,33.45039000161216
axis:f_maint,0.5,-10.039220552872724,40.0,1.629142781582819,36.93577938720563
axis:f_maint,0.5,-10.039220552872724,43.0,1.590552802139752,36.2857214854852
axis:f_maint,0.5,-10.039220552872724,45.0,1.3853532924347767,44.51711476764606
axis:f_maint,0.5,-10.039220552872724,47.0,0.3807631366942673,21.00868479096039
axis:f_maint,0.5,-10.039220552872724,50.0,0.001039592574110976,7.145668596867894
axis:f_maint,0.55,-10.06247055231664,15.0,0.0,
axis:f_maint,0.55,-10.06247055231664,20.0,0.11586350462410971,5.411148961262526
axis:f_maint,0.55,-10.06247055231664,25.0,0.5302064616105997,11.968999362282036
axis:f_maint,0.55,-10.06247055231664,27.0,0.8170690990748656,18.208226273375576
axis:f_maint,0.55,-10.06247055231664,30.0,1.16458562727981,23.08683048962234
axis:f_maint,0.55,-10.06247055231664,35.0,1.5008660281751953,29.788059206107576
axis:f_maint,0.55,-10.06247055231664,37.0,1.568951720034113,33.3434935268658
axis:f_maint,0.55,-10.06247055231664,40.0,1.6264290219745496,36.82027589548749
axis:f_maint,0.55,-10.06247055231664,43.0,1.5877219776747646,36.166242510180126
axis:f_maint,0.55,-10.06247055231664,45.0,1.3829991197228495,44.56912699844265
axis:f_maint,0.55,-10.06247055231664,47.0,0.3807269199933034,21.029381171331284
axis:f_maint,0.55,-10.06247055231664,50.0,0.00103950045889701,7.17923010961402
axis:f_maint,0.6000000000000001,-10.087560389266542,15.0,0.0,
axis:f_maint,0.6000000000000001,-10.087560389266542,20.0,0.11563810090408011,5.415698210954828
axis:f_maint,0.6000000000000001,-10.087560389266542,25.0,0.5299939760960506,11.97207645423091
axis:f_maint,0.6000000000000001,-10.087560389266542,27.0,0.8149317147445273,18.185509621065442
axis:f_maint,0.6000000000000001,-10.087560389266542,30.0,1.1616657665711794,23.053262675321264
axis:f_maint,0.6000000000000001,-10.087560389266542,35.0,1.4985043220871077,29.691575504354955
axis:f_maint,0.6000000000000001,-10.087560389266542,37.0,1.5663660061378128,33.236597052119194
axis:f_maint,0.6000000000000001,-10.087560389266542,40.0,1.6237145596049551,36.704737245966065
axis:f_maint,0.6000000000000001,-10.087560389266542,43.0,1.5848911532097838,36.04676353487613
axis:f_maint,0.6000000000000001,-10.087560389266542,45.0,1.3806282652106958,44.53626308080225
axis:f_maint,0.6000000000000001,-10.087560389266542,47.0,0.3806907032923658,21.048489590028804
axis:f_maint,0.6000000000000001,-10.087560389266542,50.0,0.0010394083436703237,7.212791711432201
axis:f_maint,0.65,-10.114256574066312,15.0,0.0,
axis:f_maint,0.65,-10.114256574066312,20.0,0.11541269718405078,5.420247460679658
axis:f_maint,0.65,-10.114256574066312,25.0,0.5297814905815005,11.975153546211423
axis:f_maint,0.65,-10.114256574066312,27.0,0.8127943304141867,18.162792968796037
axis:f_maint,0.65,-10.114256574066312,30.0,1.1587459058625562,23.019694861021588
axis:f_maint,0.65,-10.114256574066312,35.0,1.4961426159990194,29.595091802603243
axis:f_maint,0.65,-10.114256574066312,37.0,1.5637802922415114,33.1297005773726
axis:f_maint,0.65,-10.114256574066312,40.0,1.6210000972353735,36.589198596444376
axis:f_maint,0.65,-10.114256574066312,43.0,1.5820603287448018,35.927284559571916
axis:f_maint,0.65,-10.114256574066312,45.0,1.3782264654582992,44.44998537606653
axis:f_maint,0.65,-10.114256574066312,47.0,0.3806544865915145,21.06759800935509
axis:f_maint,0.65,-10.114256574066312,50.0,0.001039316228453973,7.246353249216087
axis:f_maint,0.7000000000000001,-10.142592007364986,15.0,0.0,
axis:f_maint,0.7000000000000001,-10.142592007364986,20.0,0.11518729346402141,5.424796710402384
axis:f_maint,0.7000000000000001,-10.142592007364986,25.0,0.5295690050669508,11.978230638163737
axis:f_maint,0.7000000000000001,-10.142592007364986,27.0,0.8106569460838463,18.140076316534014
axis:f_maint,0.7000000000000001,-10.142592007364986,30.0,1.1558260451539322,22.986127046710795
axis:f_maint,0.7000000000000001,-10.142592007364986,35.0,1.4937809099109327,29.498608100851904
axis:f_maint,0.7000000000000001,-10.142592007364986,37.0,1.5611945783452106,33.02280410262554
axis:f_maint,0.7000000000000001,-10.142592007364986,40.0,1.618285634865772,36.47365994692181
axis:f_maint,0.7000000000000001,-10.142592007364986,43.0,1.5792295042798212,35.807805584267314
axis:f_maint,0.7000000000000001,-10.142592007364986,45.0,1.3758122647472668,44.33669142385553
axis:f_maint,0.7000000000000001,-10.142592007364986,47.0,0.38061826989047726,21.086706428093656
axis:f_maint,0.7000000000000001,-10.142592007364986,50.0,0.001039224113234977,7.27991478699998
axis:f_maint,0.75,-10.1723930473487,15.0,0.0,
axis:f_maint,0.75,-10.1723930473487,20.0,0.11496188974399166,5.4293459601070015
axis:f_maint,0.75,-10.1723930473487,25.0,0.529356519552401,11.981307730122941
axis:f_maint,0.75,-10.1723930473487,27.0,0.8085195617535068,18.11735966423226
axis:f_maint,0.75,-10.1723930473487,30.0,1.1529061844453006,22.952559232393803
axis:f_maint,0.75,-10.1723930473487,35.0,1.4914192038228429,29.402124399099815
axis:f_maint,0.75,-10.1723930473487,37.0,1.5586088644489144,32.915907627879
axis:f_maint,0.75,-10.1723930473487,40.0,1.615571172496183,36.35812129739962
axis:f_maint,0.75,-10.1723930473487,43.0,1.5763986798148348,35.68832660896289
axis:f_maint,0.75,-10.1723930473487,45.0,1.3733827237485645,44.23819101777553
axis:f_maint,0.75,-10.1723930473487,47.0,0.3805820531895306,21.1058148457138
axis:f_maint,0.75,-10.1723930473487,50.0,0.0010391319980158232,7.313476356801032
axis:f_maint,0.8,-10.203626440230478,15.0,0.0,
axis:f_maint,0.8,-10.203626440230478,20.0,0.11473648602396207,5.433895209797231
axis:f_maint,0.8,-10.203626440230478,25.0,0.5291440340378512,11.984384822073551
axis:f_maint,0.8,-10.203626440230478,27.0,0.8063793811891476,18.09455504421136
axis:f_maint,0.8,-10.203626440230478,30.0,1.1499863237366759,22.918991418089632
axis:f_maint,0.8,-10.203626440230478,35.0,1.4890574977347595,29.305640697348267
axis:f_maint,0.8,-10.203626440230478,37.0,1.5560231505526132,32.80901115313237
axis:f_maint,0.8,-10.203626440230478,40.0,1.6128567101265743,36.24258264787718
axis:f_maint,0.8,-10.203626440230478,43.0,1.573567855349848,35.568847633658756
axis:f_maint,0.8,-10.203626440230478,45.0,1.3709432634614462,44.16912282347427
axis:f_maint,0.8,-10.203626440230478,47.0,0.38054583648860824,21.12492326653988
axis:f_maint,0.8,-10.203626440230478,50.0,0.0010390398827968496,7.347037952376959
axis:f_maint,0.8500000000000001,-10.236473330682331,15.0,0.0,
axis:f_maint,0.8500000000000001,-10.236473330682331,20.0,0.11451108230393305,5.438444459517761
axis:f_maint,0.8500000000000001,-10.236473330682331,25.0,0.5289315485233009,11.987461914037034
axis:f_maint,0.8500000000000001,-10.236473330682331,27.0,0.8042369167992698,18.071737542825712
axis:f_maint,0.8500000000000001,-10.236473330682331,30.0,1.147066463028049,22.885423603788073
axis:f_maint,0.8500000000000001,-10.236473330682331,35.0,1.4866957916466699,29.209156995596366
axis:f_maint,0.8500000000000001,-10.236473330682331,37.0,1.5534374366563113,32.702114678385854
axis:f_maint,0.8500000000000001,-10.236473330682331,40.0,1.6101422477569902,36.127043998355425
axis:f_maint,0.8500000000000001,-10.236473330682331,43.0,1.5707370308848652,35.44936865835447
axis:f_maint,0.8500000000000001,-10.236473330682331,45.0,1.368503803174332,44.10005462910718
axis:f_maint,0.8500000000000001,-10.236473330682331,47.0,0.38050961978763875,21.144031683567892
axis:f_maint,0.8500000000000001,-10.236473330682331,50.0,0.0010389477675778246,7.380599432368793
axis:f_maint,0.9,-10.270945087029268,15.0,0.0,
axis:f_maint,0.9,-10.270945087029268,20.0,0.11428567858390429,5.442993709273962
axis:f_maint,0.9,-10.270945087029268,25.0,0.528719063008751,11.99053900600368
axis:f_maint,0.9,-10.270945087029268,27.0,0.8020944524093895,18.048920042077533
axis:f_maint,0.9,-10.270945087029268,30.0,1.1441466023194222,22.851855789482773
axis:f_maint,0.9,-10.270945087029268,35.0,1.4843340855585827,29.11267329384456
axis:f_maint,0.9,-10.270945087029268,37.0,1.5508517227600156,32.59521820363964
axis:f_maint,0.9,-10.270945087029268,40.0,1.6074277853873973,36.01150534883398
axis:f_maint,0.9,-10.270945087029268,43.0,1.5679062064198814,35.329889683049416
axis:f_maint,0.9,-10.270945087029268,45.0,1.3660643428872161,44.030986434752144
axis:f_maint,0.9,-10.270945087029268,47.0,0.3804734030866953,21.163140101297
axis:f_maint,0.9,-10.270945087029268,50.0,0.0010388556523588251,7.414161002169844
axis:f_maint,0.9500000000000001,-10.30704192894079,15.0,0.0,
axis:f_maint,0.9500000000000001,-10.30704192894079,20.0,0.11406027486387467,5.447542958981511
axis:f_maint,0.9500000000000001,-10.30704192894079,25.0,0.5285065774942014,11.99361609796076
axis:f_maint,0.9500000000000001,-10.30704192894079,27.0,0.7999519880195098,18.026102540819025
axis:f_maint,0.9500000000000001,-10.30704192894079,30.0,1.1412267416107953,22.818287975167536
axis:f_maint,0.9500000000000001,-10.30704192894079,35.0,1.4819723794704949,29.01618959209261
axis:f_maint,0.9500000000000001,-10.30704192894079,37.0,1.5482660088637172,32.48832172889293
axis:f_maint,0.9500000000000001,-10.30704192894079,40.0,1.6047133230178112,35.89596669931236
axis:f_maint,0.9500000000000001,-10.30704192894079,43.0,1.5650753819548922,35.210410707745034
axis:f_maint,0.9500000000000001,-10.30704192894079,45.0,1.3636248826001145,43.96191824053073
axis:f_maint,0.9500000000000001,-10.30704192894079,47.0,0.3804371863857384,21.182248520386857
axis:f_maint,0.9500000000000001,-10.30704192894079,50.0,0.0010387635371398249,7.447722571970898
axis:f_maint,1.0,-10.344764079089053,15.0,0.0,
axis:f_maint,1.0,-10.344764079089053,20.0,0.1138348711438462,5.4520922087519414
axis:f_maint,1.0,-10.344764079089053,25.0,0.5282940919796513,11.996693189931488
axis:f_maint,1.0,-10.344764079089053,27.0,0.7978095236296299,18.003285039909464
axis:f_maint,1.0,-10.344764079089053,30.0,1.1383068809021701,22.784720160873277
axis:f_maint,1.0,-10.344764079089053,35.0,1.4796106733824066,28.919705890340882
axis:f_maint,1.0,-10.344764079089053,37.0,1.5456802949674164,32.3814252541469
axis:f_maint,1.0,-10.344764079089053,40.0,1.6019988606482176,35.780428049790466
axis:f_maint,1.0,-10.344764079089053,43.0,1.5622445574899133,35.09093173244058
axis:f_maint,1.0,-10.344764079089053,45.0,1.3611854223129853,43.89285004613655
axis:f_maint,1.0,-10.344764079089053,47.0,0.38040096968480935,21.201356938296367
axis:f_maint,1.0,-10.344764079089053,50.0,0.0010386714219208174,7.481284083166556
axis:ngam_scale,-1.0,-11.857078446937244,15.0,0.015156176953024972,0.4910387398556948
axis:ngam_scale,-1.0,-11.857078446937244,20.0,0.13722410414292902,4.980034952975682
axis:ngam_scale,-1.0,-11.857078446937244,25.0,0.5503177553503636,11.67539867251406
axis:ngam_scale,-1.0,-11.857078446937244,27.0,0.8405307883910563,17.934597852846213
axis:ngam_scale,-1.0,-11.857078446937244,30.0,1.209065992947453,23.03833319561065
axis:ngam_scale,-1.0,-11.857078446937244,35.0,1.5425355392675337,30.097429298764983
axis:ngam_scale,-1.0,-11.857078446937244,37.0,1.6122369070900726,33.66597062717723
axis:ngam_scale,-1.0,-11.857078446937244,40.0,1.671118940427351,37.23368664690405
axis:ngam_scale,-1.0,-11.857078446937244,43.0,1.631098401484139,36.32825544781972
axis:ngam_scale,-1.0,-11.857078446937244,45.0,1.4272457077716973,43.488634330473985
axis:ngam_scale,-1.0,-11.857078446937244,47.0,0.38333500833393347,18.849370083887788
axis:ngam_scale,-1.0,-11.857078446937244,50.0,0.0010479084987714872,4.249514612792492
axis:ngam_scale,-0.9500000000000001,-11.859223005927635,15.0,0.01437706292098093,0.49326121416849283
axis:ngam_scale,-0.9500000000000001,-11.859223005927635,20.0,0.13644703068864586,4.995718372899401
axis:ngam_scale,-0.9500000000000001,-11.859223005927635,25.0,0.5495872292049154,11.686172029261792
axis:ngam_scale,-0.9500000000000001,-11.859223005927635,27.0,0.8397521358243067,17.945431489592952
axis:ngam_scale,-0.9500000000000001,-11.859223005927635,30.0,1.2085572263571251,23.055525847717117
axis:ngam_scale,-0.9500000000000001,-11.859223005927635,35.0,1.5418892303475433,30.128394426457522
axis:ngam_scale,-0.9500000000000001,-11.859223005927635,37.0,1.611617375106632,33.70088032021224
axis:ngam_scale,-0.9500000000000001,-11.859223005927635,40.0,1.6705051515564486,37.27123378759313
axis:ngam_scale,-0.9500000000000001,-11.859223005927635,43.0,1.6305159836836407,36.3725733149778
axis:ngam_scale,-0.9500000000000001,-11.859223005927635,45.0,1.426489638048095,43.507189693319894
axis:ngam_scale,-0.9500000000000001,-11.859223005927635,47.0,0.3832466473668541,18.933141453970784
axis:ngam_scale,-0.9500000000000001,-11.859223005927635,50.0,0.001047612706591077,4.365219409379193
axis:ngam_scale,-0.9,-11.861717919436973,15.0,0.013582365292490985,0.4955281417209668
axis:ngam_scale,-0.9,-11.861717919436973,20.0,0.13565441445291881,5.01171548769986
axis:ngam_scale,-0.9,-11.861717919436973,25.0,0.5488420913028118,11.697160871333995
axis:ngam_scale,-0.9,-11.861717919436973,27.0,0.8389579088911941,17.956481817423043
axis:ngam_scale,-0.9,-11.861717919436973,30.0,1.2080382835757741,23.073062381929873
axis:ngam_scale,-0.9,-11.861717919436973,35.0,1.541229994157638,30.15997890900006
axis:ngam_scale,-0.9,-11.861717919436973,37.0,1.6109854514372313,33.736488266065514
axis:ngam_scale,-0.9,-11.861717919436973,40.0,1.6698790858715393,37.30953193452939
axis:ngam_scale,-0.9,-11.861717919436973,43.0,1.629921916543516,36.41777761432176
axis:ngam_scale,-0.9,-11.861717919436973,45.0,1.4257184456531076,43.52611619462367
axis:ngam_scale,-0.9,-11.861717919436973,47.0,0.3831565190310464,19.018588050501954
axis:ngam_scale,-0.9,-11.861717919436973,50.0,0.0010473109980678442,4.483238516903481
axis:ngam_scale,-0.8500000000000001,-11.864579080730238,15.0,0.012771772369307944,0.49784041165298537
axis:ngam_scale,-0.8500000000000001,-11.864579080730238,20.0,0.13484594455386914,5.028032571777715
axis:ngam_scale,-0.8500000000000001,-11.864579080730238,25.0,0.5480820493842404,11.708369508816736
axis:ngam_scale,-0.8500000000000001,-11.864579080730238,27.0,0.8381477960780894,17.967753170490443
axis:ngam_scale,-0.8500000000000001,-11.864579080730238,30.0,1.207508961062374,23.090949676403866
axis:ngam_scale,-0.8500000000000001,-11.864579080730238,35.0,1.5405575721305802,30.192195134534337
axis:ngam_scale,-0.8500000000000001,-11.864579080730238,37.0,1.6103408882271983,33.77280843097116
axis:ngam_scale,-0.8500000000000001,-11.864579080730238,40.0,1.6692404978155913,37.34859610900419
axis:ngam_scale,-0.8500000000000001,-11.864579080730238,43.0,1.6293159670573152,36.46388607599936
axis:ngam_scale,-0.8500000000000001,-11.864579080730238,45.0,1.4249318281078327,43.5454212580821
axis:ngam_scale,-0.8500000000000001,-11.864579080730238,47.0,0.38306458797642295,19.105743608914132
axis:ngam_scale,-0.8500000000000001,-11.864579080730238,50.0,0.0010470032548644615,4.603618189357246
axis:ngam_scale,-0.8,-11.86782314082159,15.0,0.011944966218693091,0.5001989308887175
axis:ngam_scale,-0.8,-11.86782314082159,20.0,0.13402130389145578,5.044676025103183
axis:ngam_scale,-0.8,-11.86782314082159,25.0,0.5473068053437051,11.719802337965312
axis:ngam_scale,-0.8,-11.86782314082159,27.0,0.8373214796405692,17.979249969606137
axis:ngam_scale,-0.8,-11.86782314082159,30.0,1.2069690512047608,23.109194747013746
axis:ngam_scale,-0.8,-11.86782314082159,35.0,1.5398717005273699,30.225055738987813
axis:ngam_scale,-0.8,-11.86782314082159,37.0,1.609683432664414,33.80985506051609
axis:ngam_scale,-0.8,-11.86782314082159,40.0,1.6685891369200445,37.38844163298595
axis:ngam_scale,-0.8,-11.86782314082159,43.0,1.6286978975580257,36.51091678478003
axis:ngam_scale,-0.8,-11.86782314082159,45.0,1.4241294768831672,43.56511245545649
axis:ngam_scale,-0.8,-11.86782314082159,47.0,0.38297081814539213,19.194642732105493
axis:ngam_scale,-0.8,-11.86782314082159,50.0,0.0010466893562772264,4.726405651107685
axis:ngam_scale,-0.75,-11.871467550455083,15.0,0.01110162254871622,0.5026046244923444
axis:ngam_scale,-0.75,-11.871467550455083,20.0,0.13318016902310126,5.061652375618865
axis:ngam_scale,-0.75,-11.871467550455083,25.0,0.5465160551130889,11.731463842996716
axis:ngam_scale,-0.75,-11.871467550455083,27.0,0.8364786354787708,17.99097672416526
axis:ngam_scale,-0.75,-11.871467550455083,30.0,1.2064183422381698,23.127804749836844
axis:ngam_scale,-0.75,-11.871467550455083,35.0,1.5391721103337603,30.258573611026744
axis:ngam_scale,-0.75,-11.871467550455083,37.0,1.609012826880025,33.84764268521735
axis:ngam_scale,-0.75,-11.871467550455083,40.0,1.667924747706549,37.42908413473674
axis:ngam_scale,-0.75,-11.871467550455083,43.0,1.6280674656249292,36.55888818716389
axis:ngam_scale,-0.75,-11.871467550455083,45.0,1.4233110772789408,43.585197509784265
axis:ngam_scale,-0.75,-11.871467550455083,47.0,0.38287517275937794,19.285319761143228
axis:ngam_scale,-0.75,-11.871467550455083,50.0,0.0010463691791805102,4.851649097498395
axis:ngam_scale,-0.7000000000000001,-11.875582663688679,15.0,0.010241410581060728,0.5050584360308924
axis:ngam_scale,-0.7000000000000001,-11.875582663688679,20.0,0.13232221003683164,5.078968281876473
axis:ngam_scale,-0.7000000000000001,-11.875582663688679,25.0,0.5457094885424005,11.743358597846305
axis:ngam_scale,-0.7000000000000001,-11.875582663688679,27.0,0.8356189330103072,18.002938033547558
axis:ngam_scale,-0.7000000000000001,-11.875582663688679,30.0,1.2058566181621841,23.14678698414287
axis:ngam_scale,-0.7000000000000001,-11.875582663688679,35.0,1.538458527154781,30.29276189711338
axis:ngam_scale,-0.7000000000000001,-11.875582663688679,37.0,1.6083288078473996,33.886186126229205
axis:ngam_scale,-0.7000000000000001,-11.875582663688679,40.0,1.6672470695867214,37.47053955515683
axis:ngam_scale,-0.7000000000000001,-11.875582663688679,43.0,1.6274244239884688,36.60781909861135
axis:ngam_scale,-0.7000000000000001,-11.875582663688679,45.0,1.422476308300475,43.60568429925075
axis:ngam_scale,-0.7000000000000001,-11.875582663688679,47.0,0.38277760950101225,19.373719970320252
axis:ngam_scale,-0.7000000000000001,-11.875582663688679,50.0,0.0010460425980165632,4.979397562968981
axis:ngam_scale,-0.65,-11.736991524707252,15.0,0.009363992921284986,0.5075613279443261
axis:ngam_scale,-0.65,-11.736991524707252,20.0,0.13144709042187405,5.096630535386137
axis:ngam_scale,-0.65,-11.736991524707252,25.0,0.5448867892781329,11.755491267859593
axis:ngam_scale,-0.65,-11.736991524707252,27.0,0.8347420350405612,18.015138589425217
axis:ngam_scale,-0.65,-11.736991524707252,30.0,1.205283658656014,23.166148895194617
axis:ngam_scale,-0.65,-11.736991524707252,35.0,1.5377306711070775,30.327634006659856
axis:ngam_scale,-0.65,-11.736991524707252,37.0,1.607631107278918,33.92550050115671
axis:ngam_scale,-0.65,-11.736991524707252,40.0,1.6665558367600046,37.51282415399095
axis:ngam_scale,-0.65,-11.736991524707252,43.0,1.6267685204332845,36.65772871092496
axis:ngam_scale,-0.65,-11.736991524707252,45.0,1.421624842532674,43.626580859080754
axis:ngam_scale,-0.65,-11.736991524707252,47.0,0.3826780659525774,19.439308538961022
axis:ngam_scale,-0.65,-11.736991524707252,50.0,0.001045709484669993,5.109701252471638
axis:ngam_scale,-0.6000000000000001,-11.541178832107658,15.0,0.008469025426488898,0.510114281923034
axis:ngam_scale,-0.6000000000000001,-11.541178832107658,20.0,0.13055446693667314,5.114646063831046
axis:ngam_scale,-0.6000000000000001,-11.541178832107658,25.0,0.5440476346391652,11.767866611786335
axis:ngam_scale,-0.6000000000000001,-11.541178832107658,27.0,0.8338475976304769,18.02758317710578
axis:ngam_scale,-0.6000000000000001,-11.541178832107658,30.0,1.2046992389920745,23.185898077165145
axis:ngam_scale,-0.6000000000000001,-11.541178832107658,35.0,1.5369882567091904,30.36320361729156
axis:ngam_scale,-0.6000000000000001,-11.541178832107658,37.0,1.606919451520767,33.96560122997812
axis:ngam_scale,-0.6000000000000001,-11.541178832107658,40.0,1.6658507781093688,37.555954516221924
axis:ngam_scale,-0.6000000000000001,-11.541178832107658,43.0,1.6260994976992744,36.70863659977423
axis:ngam_scale,-0.6000000000000001,-11.541178832107658,45.0,1.4207563460115094,43.64789538560246
axis:ngam_scale,-0.6000000000000001,-11.541178832107658,47.0,0.3825765313650838,19.506208964419383
axis:ngam_scale,-0.6000000000000001,-11.541178832107658,50.0,0.0010453697084904048,5.242611255909743
axis:ngam_scale,-0.55,-11.342692088313935,15.0,0.007556157070332999,0.5127182992928652
axis:ngam_scale,-0.55,-11.342692088313935,20.0,0.129643989474263,5.133021933291191
axis:ngam_scale,-0.55,-11.342692088313935,25.0,0.5431916954902131,11.780489483486237
axis:ngam_scale,-0.55,-11.342692088313935,27.0,0.8329352699616211,18.040276677334077
axis:ngam_scale,-0.55,-11.342692088313935,30.0,1.204103129947866,23.206042276124162
axis:ngam_scale,-0.55,-11.342692088313935,35.0,1.5362309927695232,30.399484680208325
axis:ngam_scale,-0.55,-11.342692088313935,37.0,1.6061935614455558,34.0065040410999
axis:ngam_scale,-0.55,-11.342692088313935,40.0,1.6651316170949932,37.59994755855934
axis:ngam_scale,-0.55,-11.342692088313935,43.0,1.6254170933807013,36.76056273237704
axis:ngam_scale,-0.55,-11.342692088313935,45.0,1.4198704780931357,43.66963623827941
axis:ngam_scale,-0.55,-11.342692088313935,47.0,0.3824729659141886,19.57444723404507
axis:ngam_scale,-0.55,-11.342692088313935,50.0,0.0010450231362124968,5.378179684039782
axis:ngam_scale,-0.5,-11.141514773979551,15.0,0.006625029805358241,0.5153744014078819
axis:ngam_scale,-0.5,-11.141514773979551,20.0,0.12871530092494754,5.151765351182902
axis:ngam_scale,-0.5,-11.141514773979551,25.0,0.5423186361127331,11.793364833938059
axis:ngam_scale,-0.5,-11.141514773979551,27.0,0.8320046941986043,18.053224069057645
axis:ngam_scale,-0.5,-11.141514773979551,30.0,1.2034950977160264,23.226589393080058
axis:ngam_scale,-0.5,-11.141514773979551,35.0,1.5354585822721536,30.43649142565525
axis:ngam_scale,-0.5,-11.141514773979551,37.0,1.6054531523429318,34.04822497752254
axis:ngam_scale,-0.5,-11.141514773979551,40.0,1.6643980716457696,37.6448205360202
axis:ngam_scale,-0.5,-11.141514773979551,43.0,1.6247210398232637,36.813527475325486
axis:ngam_scale,-0.5,-11.141514773979551,45.0,1.4189668913203315,43.691811945082776
axis:ngam_scale,-0.5,-11.141514773979551,47.0,0.382367328979745,19.64405094979038
axis:ngam_scale,-0.5,-11.141514773979551,50.0,0.0010446696319163177,5.516459635250224
axis:ngam_scale,-0.45,-10.937634007454479,15.0,0.005675278422551908,0.5180836300509506
axis:ngam_scale,-0.45,-10.937634007454479,20.0,0.12776803703623132,5.170883669050395
axis:ngam_scale,-0.45,-10.937634007454479,25.0,0.5414270169258908,11.806393784380981
axis:ngam_scale,-0.45,-10.937634007454479,27.0,0.8310555053487323,18.06643043052984
axis:ngam_scale,-0.45,-10.937634007454479,30.0,1.2028749038126854,23.247547487083796
axis:ngam_scale,-0.45,-10.937634007454479,35.0,1.5346707222603508,30.47423836851071
axis:ngam_scale,-0.45,-10.937634007454479,37.0,1.6046979338078275,34.090780403134936
axis:ngam_scale,-0.45,-10.937634007454479,40.0,1.6636498540487081,37.69059104882576
axis:ngam_scale,-0.45,-10.937634007454479,43.0,1.6240110640191705,36.86755160258437
axis:ngam_scale,-0.45,-10.937634007454479,45.0,1.4180452312860279,43.714431203002064
axis:ngam_scale,-0.45,-10.937634007454479,47.0,0.3822595791280522,19.71504666116167
axis:ngam_scale,-0.45,-10.937634007454479,50.0,0.0010443090569289813,5.65750546612416
axis:ngam_scale,-0.4,-10.730937599818285,15.0,0.004706530408103614,0.5208470478423559
axis:ngam_scale,-0.4,-10.730937599818285,20.0,0.1268018262699572,5.19038438566355
axis:ngam_scale,-0.4,-10.730937599818285,25.0,0.5405166911354294,11.819611619225205
axis:ngam_scale,-0.4,-10.730937599818285,27.0,0.8300873311188212,18.079900941531164
axis:ngam_scale,-0.4,-10.730937599818285,30.0,1.2022423049838626,23.268924778379283
axis:ngam_scale,-0.4,-10.730937599818285,35.0,1.5338671037177478,30.51274031397138
axis:ngam_scale,-0.4,-10.730937599818285,37.0,1.6039276096265578,34.13418700912829
axis:ngam_scale,-0.4,-10.730937599818285,40.0,1.6628866708360737,37.73727704915741
axis:ngam_scale,-0.4,-10.730937599818285,43.0,1.6232868874999362,36.922656303625075
axis:ngam_scale,-0.4,-10.730937599818285,45.0,1.4171051364944949,43.737502884529555
axis:ngam_scale,-0.4,-10.730937599818285,47.0,0.38214967409711414,19.794730909048578
axis:ngam_scale,-0.4,-10.730937599818285,50.0,0.00104394072640349,5.796449684359121
axis:ngam_scale,-0.35000000000000003,-10.520765693587798,15.0,0.0037184057972984618,0.5236657386565826
axis:ngam_scale,-0.35000000000000003,-10.520765693587798,20.0,0.12581628965657363,5.2102751494013155
axis:ngam_scale,-0.35000000000000003,-10.520765693587798,25.0,0.5395881572917561,11.833093833096752
axis:ngam_scale,-0.35000000000000003,-10.520765693587798,27.0,0.8290997917692153,18.093640885483556
axis:ngam_scale,-0.35000000000000003,-10.520765693587798,30.0,1.2015970531101015,23.290729651583668
axis:ngam_scale,-0.35000000000000003,-10.520765693587798,35.0,1.5330474114470873,30.552012363365662
axis:ngam_scale,-0.35000000000000003,-10.520765693587798,37.0,1.6031418776606978,34.178461820548875
axis:ngam_scale,-0.35000000000000003,-10.520765693587798,40.0,1.6621082226703014,37.78489684832579
axis:ngam_scale,-0.35000000000000003,-10.520765693587798,43.0,1.6225482262273172,36.97886319175144
axis:ngam_scale,-0.35000000000000003,-10.520765693587798,45.0,1.4161462382194827,43.76103603908531
axis:ngam_scale,-0.35000000000000003,-10.520765693587798,47.0,0.38203757078022954,19.913611877713944
axis:ngam_scale,-0.35000000000000003,-10.520765693587798,50.0,0.0010435557729081243,5.7967753759546214
axis:ngam_scale,-0.30000000000000004,-10.307907735867918,15.0,0.0027105170254852315,0.5265636767687712
axis:ngam_scale,-0.30000000000000004,-10.307907735867918,20.0,0.1248110406465017,5.230563762093435
axis:ngam_scale,-0.30000000000000004,-10.307907735867918,25.0,0.5386410512030569,11.846845714017627
axis:ngam_scale,-0.30000000000000004,-10.307907735867918,27.0,0.8280924999648163,18.10765565144638
axis:ngam_scale,-0.30000000000000004,-10.307907735867918,30.0,1.2009388951091313,23.31297065907716
axis:ngam_scale,-0.30000000000000004,-10.307907735867918,35.0,1.5322113239466935,30.59206992007293
axis:ngam_scale,-0.30000000000000004,-10.307907735867918,37.0,1.6023404297285475,34.223622202970894
axis:ngam_scale,-0.30000000000000004,-10.307907735867918,40.0,1.6613142042265294,37.8334691239856
axis:ngam_scale,-0.30000000000000004,-10.307907735867918,43.0,1.6217915470158975,37.03688718616451
axis:ngam_scale,-0.30000000000000004,-10.307907735867918,45.0,1.4151681603595223,43.785039896154075
axis:ngam_scale,-0.30000000000000004,-10.307907735867918,47.0,0.381923225207528,20.03487066547869
axis:ngam_scale,-0.30000000000000004,-10.307907735867918,50.0,0.001043157027819443,5.846984279481644
axis:ngam_scale,-0.25,-10.089419139775254,15.0,0.0016813198011066215,0.5391847862961753
axis:ngam_scale,-0.25,-10.089419139775254,20.0,0.1237856849585156,5.251258181314545
axis:ngam_scale,-0.25,-10.089419139775254,25.0,0.5376746106034066,11.860849960822776
axis:ngam_scale,-0.25,-10.089419139775254,27.0,0.8270650606231609,18.12195073657786
axis:ngam_scale,-0.25,-10.089419139775254,30.0,1.2002675728366115,23.335656524273986
axis:ngam_scale,-0.25,-10.089419139775254,35.0,1.5313585132842558,30.632928695564026
axis:ngam_scale,-0.25,-10.089419139775254,37.0,1.6015229514842382,34.26968586931096
axis:ngam_scale,-0.25,-10.089419139775254,40.0,1.6605043040728893,37.88301292708468
axis:ngam_scale,-0.25,-10.089419139775254,43.0,1.621015545442318,37.0969813747943
axis:ngam_scale,-0.25,-10.089419139775254,45.0,1.4141705192905107,43.80952387077387
axis:ngam_scale,-0.25,-10.089419139775254,47.0,0.3818065925303311,20.158554833797115
axis:ngam_scale,-0.25,-10.089419139775254,50.0,0.001042737998073369,5.999654901037408
axis:ngam_scale,-0.2,-9.87068962760856,15.0,0.0006305779671643144,0.5601515648194781
axis:ngam_scale,-0.2,-9.87068962760856,20.0,0.12273982042510109,5.272366523920143
axis:ngam_scale,-0.2,-9.87068962760856,25.0,0.5366886860432315,11.875127548371797
axis:ngam_scale,-0.2,-9.87068962760856,27.0,0.8260170707594837,18.13653174783164
axis:ngam_scale,-0.2,-9.87068962760856,30.0,1.1995828229848786,23.358796145092693
axis:ngam_scale,-0.2,-9.87068962760856,35.0,1.5304886449683097,30.674604715570023
axis:ngam_scale,-0.2,-9.87068962760856,37.0,1.6006891222944273,34.31667088677161
axis:ngam_scale,-0.2,-9.87068962760856,40.0,1.659678204548398,37.93354768997287
axis:ngam_scale,-0.2,-9.87068962760856,43.0,1.62022402252676,37.15827754869073
axis:ngam_scale,-0.2,-9.87068962760856,45.0,1.413152923715288,43.834497566234155
axis:ngam_scale,-0.2,-9.87068962760856,47.0,0.38168762700269837,20.28471289543944
axis:ngam_scale,-0.2,-9.87068962760856,50.0,0.0010423105870293282,6.155379106386759
axis:ngam_scale,-0.15000000000000002,-9.746947210248065,15.0,0.0,
axis:ngam_scale,-0.15000000000000002,-9.746947210248065,20.0,0.12167303683470948,5.2938970688084925
axis:ngam_scale,-0.15000000000000002,-9.746947210248065,25.0,0.5356830413267736,11.889690711789354
axis:ngam_scale,-0.15000000000000002,-9.746947210248065,27.0,0.8249481193286406,18.151404403201248
axis:ngam_scale,-0.15000000000000002,-9.746947210248065,30.0,1.1988843769796769,23.38239859742879
axis:ngam_scale,-0.15000000000000002,-9.746947210248065,35.0,1.5296013778169608,30.717114326360043
axis:ngam_scale,-0.15000000000000002,-9.746947210248065,37.0,1.5998386151126243,34.36459568393274
axis:ngam_scale,-0.15000000000000002,-9.746947210248065,40.0,1.658835581638245,37.98509323342568
axis:ngam_scale,-0.15000000000000002,-9.746947210248065,43.0,1.6194166678161028,37.2207997495825
axis:ngam_scale,-0.15000000000000002,-9.746947210248065,45.0,1.412114974509997,43.859970778048336
axis:ngam_scale,-0.15000000000000002,-9.746947210248065,47.0,0.38156628196348175,20.414969376041718
axis:ngam_scale,-0.15000000000000002,-9.746947210248065,50.0,0.0010418746270370069,6.314218181247698
axis:ngam_scale,-0.1,-9.756447436339446,15.0,0.0,
axis:ngam_scale,-0.1,-9.756447436339446,20.0,0.12058491577087693,5.315858261118807
axis:ngam_scale,-0.1,-9.756447436339446,25.0,0.5346572820176072,11.90454516306266
axis:ngam_scale,-0.1,-9.756447436339446,27.0,0.8238577870638837,18.166574537688437
axis:ngam_scale,-0.1,-9.756447436339446,30.0,1.1981719608748032,23.40647313866669
axis:ngam_scale,-0.1,-9.756447436339446,35.0,1.528696363824134,30.760474201159564
axis:ngam_scale,-0.1,-9.756447436339446,37.0,1.5989710963508035,34.413479057975024
axis:ngam_scale,-0.1,-9.756447436339446,40.0,1.6579761048468469,38.03766977489365
axis:ngam_scale,-0.1,-9.756447436339446,43.0,1.6185931646477514,37.28457250008452
axis:ngam_scale,-0.1,-9.756447436339446,45.0,1.4110562645676252,43.88595349675544
axis:ngam_scale,-0.1,-9.756447436339446,47.0,0.3814425098184945,20.56502282008267
axis:ngam_scale,-0.1,-9.756447436339446,50.0,0.001041429947108564,6.476234313772617
axis:ngam_scale,-0.05,-9.767133834093924,15.0,0.0,
axis:ngam_scale,-0.05,-9.767133834093924,20.0,0.11947503044809586,5.33825871430786
axis:ngam_scale,-0.05,-9.767133834093924,25.0,0.5336110057899054,11.919696728446661
axis:ngam_scale,-0.05,-9.767133834093924,27.0,0.8227456463124287,18.18204809929716
axis:ngam_scale,-0.05,-9.767133834093924,30.0,1.197445295244663,23.431029211364006
axis:ngam_scale,-0.05,-9.767133834093924,35.0,1.5277732480230133,30.804701346681558
axis:ngam_scale,-0.05,-9.767133834093924,37.0,1.5980862257486357,34.46334018205348
axis:ngam_scale,-0.05,-9.767133834093924,40.0,1.6570994370680872,38.0912979359723
axis:ngam_scale,-0.05,-9.767133834093924,43.0,1.6177531900252398,37.349620813296895
axis:ngam_scale,-0.05,-9.767133834093924,45.0,1.4099763786384436,43.91245591403717
axis:ngam_scale,-0.05,-9.767133834093924,47.0,0.38130150578910593,20.667703797807686
axis:ngam_scale,-0.05,-9.767133834093924,50.0,0.0010409763728305545,6.641490963902196
axis:ngam_scale,0.0,-9.778832777439442,15.0,0.0,
axis:ngam_scale,0.0,-9.778832777439442,20.0,0.11834294554443253,5.361107214410037
axis:ngam_scale,0.0,-9.778832777439442,25.0,0.532543802270648,11.935151350736097
axis:ngam_scale,0.0,-9.778832777439442,27.0,0.8216112608677085,18.197831158931137
axis:ngam_scale,0.0,-9.778832777439442,30.0,1.196704095074697,23.456076446998143
axis:ngam_scale,0.0,-9.778832777439442,35.0,1.526831668346877,30.8498131098087
axis:ngam_scale,0.0,-9.778832777439442,37.0,1.5971836562400126,34.51419861282276
axis:ngam_scale,0.0,-9.778832777439442,40.0,1.6562052344531948,38.14599875072689
axis:ngam_scale,0.0,-9.778832777439442,43.0,1.6168964144917108,37.41597020263076
axis:ngam_scale,0.0,-9.778832777439442,45.0,1.4088748931669104,43.93948842422541
axis:ngam_scale,0.0,-9.778832777439442,47.0,0.38112494249750395,20.74581553250344
axis:ngam_scale,0.0,-9.778832777439442,50.0,0.0010405137263009346,6.810053065922612
axis:ngam_scale,0.05,-9.790639674476031,15.0,0.0,
axis:ngam_scale,0.05,-9.790639674476031,20.0,0.1171882170307772,5.384412723125561
axis:ngam_scale,0.05,-9.790639674476031,25.0,0.5314552528786612,11.95091509156379
axis:ngam_scale,0.05,-9.790639674476031,27.0,0.8204541857982823,18.21392990626496
axis:ngam_scale,0.05,-9.790639674476031,30.0,1.195948069649557,23.48162466965866
axis:ngam_scale,0.05,-9.790639674476031,35.0,1.5258712554870286,30.895827184384487
axis:ngam_scale,0.05,-9.790639674476031,37.0,1.5962630338169193,34.56607429809859
axis:ngam_scale,0.05,-9.790639674476031,40.0,1.655293146275827,38.20179367423398
axis:ngam_scale,0.05,-9.790639674476031,43.0,1.6160225020005212,37.483646691805966
axis:ngam_scale,0.05,-9.790639674476031,45.0,1.4077513761257114,43.967061630422265
axis:ngam_scale,0.05,-9.790639674476031,47.0,0.38093961394683856,20.881480403918058
axis:ngam_scale,0.05,-9.790639674476031,50.0,0.0010400418260594522,6.981986727056184
axis:ngam_scale,0.1,-9.803171040175686,15.0,0.0,
axis:ngam_scale,0.1,-9.803171040175686,20.0,0.11601039199668768,5.408184381344239
axis:ngam_scale,0.1,-9.803171040175686,25.0,0.5303449306604412,11.966994133827207
axis:ngam_scale,0.1,-9.803171040175686,27.0,0.8192739672733522,18.230350656102885
axis:ngam_scale,0.1,-9.803171040175686,30.0,1.1951769224391025,23.50768389989433
axis:ngam_scale,0.1,-9.803171040175686,35.0,1.524891632747987,30.94276161816198
axis:ngam_scale,0.1,-9.803171040175686,37.0,1.5953239973905824,34.618987584690714
axis:ngam_scale,0.1,-9.803171040175686,40.0,1.6543628147945282,38.25870459039032
axis:ngam_scale,0.1,-9.803171040175686,43.0,1.6151311097836405,37.552676825061376
axis:ngam_scale,0.1,-9.803171040175686,45.0,1.4066053868462125,43.99518634713007
axis:ngam_scale,0.1,-9.803171040175686,47.0,0.38075052109467633,21.01692891392538
axis:ngam_scale,0.1,-9.803171040175686,50.0,0.0010395604870084688,7.15735936551301
axis:ngam_scale,0.15000000000000002,-9.816779709180253,15.0,0.0,
axis:ngam_scale,0.15000000000000002,-9.816779709180253,20.0,0.1148090084727491,5.43243151290079
axis:ngam_scale,0.15000000000000002,-9.816779709180253,25.0,0.5292124001226907,11.98339478410476
axis:ngam_scale,0.15000000000000002,-9.816779709180253,27.0,0.8180701423847103,18.24709984841789
axis:ngam_scale,0.15000000000000002,-9.816779709180253,30.0,1.1943903509820895,23.534264358778202
axis:ngam_scale,0.15000000000000002,-9.816779709180253,35.0,1.523892415899737,30.99063481988034
axis:ngam_scale,0.15000000000000002,-9.816779709180253,37.0,1.5943661786498118,34.67295922637662
axis:ngam_scale,0.15000000000000002,-9.816779709180253,40.0,1.6534138751124248,38.316753821072794
axis:ngam_scale,0.15000000000000002,-9.816779709180253,43.0,1.6142218882169939,37.62308767756214
axis:ngam_scale,0.15000000000000002,-9.816779709180253,45.0,1.4054364758457516,44.02387360589649
axis:ngam_scale,0.15000000000000002,-9.816779709180253,47.0,0.3805574890196062,21.118775235809203
axis:ngam_scale,0.15000000000000002,-9.816779709180253,50.0,0.001039069520366269,7.336239756492403
axis:ngam_scale,0.2,-9.831137859125633,15.0,0.0,
axis:ngam_scale,0.2,-9.831137859125633,20.0,0.11358359524937747,5.4571636281166045
axis:ngam_scale,0.2,-9.831137859125633,25.0,0.5280572170615134,12.000123475079223
axis:ngam_scale,0.2,-9.831137859125633,27.0,0.8168422389652187,18.264184052771988
axis:ngam_scale,0.2,-9.831137859125633,30.0,1.1935880467675357,23.56137647170867
axis:ngam_scale,0.2,-9.831137859125633,35.0,1.5228732130269933,31.03946556648395
axis:ngam_scale,0.2,-9.831137859125633,37.0,1.593389201916619,34.728010392047054
axis:ngam_scale,0.2,-9.831137859125633,40.0,1.6524459550340682,38.37596413437964
axis:ngam_scale,0.2,-9.831137859125633,43.0,1.6132944806834473,37.69490686602586
axis:ngam_scale,0.2,-9.831137859125633,45.0,1.4042441846511282,44.0531346579594
axis:ngam_scale,0.2,-9.831137859125633,47.0,0.3803605959770419,21.222658649573752
axis:ngam_scale,0.2,-9.831137859125633,50.0,0.0010385687335800493,7.51869788323958
axis:ngam_scale,0.25,-9.846277830399847,15.0,0.0,
axis:ngam_scale,0.25,-9.846277830399847,20.0,0.11233367169200285,5.482390427219981
axis:ngam_scale,0.25,-9.846277830399847,25.0,0.5268789283881858,12.017186768115462
axis:ngam_scale,0.25,-9.846277830399847,27.0,0.8155897754035939,18.281609970394474
axis:ngam_scale,0.25,-9.846277830399847,30.0,1.1927696951137214,23.589030872685004
axis:ngam_scale,0.25,-9.846277830399847,35.0,1.5218336243755197,31.089273010487243
axis:ngam_scale,0.25,-9.846277830399847,37.0,1.5923926839988036,34.78416267400333
axis:ngam_scale,0.25,-9.846277830399847,40.0,1.6514586749194626,38.43635875388263
axis:ngam_scale,0.25,-9.846277830399847,43.0,1.6123485234329806,37.76816255954926
axis:ngam_scale,0.25,-9.846277830399847,45.0,1.4030280456190618,44.082980980851836
axis:ngam_scale,0.25,-9.846277830399847,47.0,0.38015976474109725,21.328619908966363
axis:ngam_scale,0.25,-9.846277830399847,50.0,0.0010380579301252088,7.7048062771064885
axis:ngam_scale,0.30000000000000004,-9.86223334041695,15.0,0.0,
axis:ngam_scale,0.30000000000000004,-9.86223334041695,20.0,0.11105874755254908,5.508121805022519
axis:ngam_scale,0.30000000000000004,-9.86223334041695,25.0,0.52567707195144,12.034591355845143
axis:ngam_scale,0.30000000000000004,-9.86223334041695,27.0,0.814312260455519,18.299384435819114
axis:ngam_scale,0.30000000000000004,-9.86223334041695,30.0,1.191934975044756,23.61723840838365
axis:ngam_scale,0.30000000000000004,-9.86223334041695,35.0,1.5207732421953095,31.140076687488275
axis:ngam_scale,0.30000000000000004,-9.86223334041695,37.0,1.5913762340396622,34.84143809643098
axis:ngam_scale,0.30000000000000004,-9.86223334041695,40.0,1.6504516475352098,38.49796136779157
axis:ngam_scale,0.30000000000000004,-9.86223334041695,43.0,1.611383645439942,37.842883490661755
axis:ngam_scale,0.30000000000000004,-9.86223334041695,45.0,1.4017875817524508,44.11342428037117
axis:ngam_scale,0.30000000000000004,-9.86223334041695,47.0,0.3799549165413413,21.43670057672517
axis:ngam_scale,0.30000000000000004,-9.86223334041695,50.0,0.0010375369098881448,7.894635797650111
axis:ngam_scale,0.35000000000000003,-9.879161655319134,15.0,0.0,
axis:ngam_scale,0.35000000000000003,-9.879161655319134,20.0,0.10975832277715479,5.534367853837781
axis:ngam_scale,0.35000000000000003,-9.879161655319134,25.0,0.5244511763562069,12.05234406469698
axis:ngam_scale,0.35000000000000003,-9.879161655319134,27.0,0.81300919305095,18.317514420081814
axis:ngam_scale,0.35000000000000003,-9.879161655319134,30.0,1.1910835591646987,23.646010142446755
axis:ngam_scale,0.35000000000000003,-9.879161655319134,35.0,1.5196893960804894,31.191971235370726
axis:ngam_scale,0.35000000000000003,-9.879161655319134,37.0,1.5903235050945481,34.89948401596827
axis:ngam_scale,0.35000000000000003,-9.879161655319134,40.0,1.649424477902568,38.56079613810154
axis:ngam_scale,0.35000000000000003,-9.879161655319134,43.0,1.6103994682575038,37.91909896658846
axis:ngam_scale,0.35000000000000003,-9.879161655319134,45.0,1.40052230651357,44.144476497380616
axis:ngam_scale,0.35000000000000003,-9.879161655319134,47.0,0.37974597103147034,21.54694303556807
axis:ngam_scale,0.35000000000000003,-9.879161655319134,50.0,0.0010370054682861658,8.088262997184742
axis:ngam_scale,0.4,-9.897545675675905,15.0,0.0,
axis:ngam_scale,0.4,-9.897545675675905,20.0,0.10843188731003127,5.561138867995049
axis:ngam_scale,0.4,-9.897545675675905,25.0,0.5232007607787179,12.070451857743985
axis:ngam_scale,0.4,-9.897545675675905,27.0,0.8116800620976141,18.33600703488792
axis:ngam_scale,0.4,-9.897545675675905,30.0,1.1902151135291312,23.675357359769766
axis:ngam_scale,0.4,-9.897545675675905,35.0,1.51858379419713,31.24490603246366
axis:ngam_scale,0.4,-9.897545675675905,37.0,1.5892320236529174,34.958272002758605
axis:ngam_scale,0.4,-9.897545675675905,40.0,1.6483767631425137,38.62488770989322
axis:ngam_scale,0.4,-9.897545675675905,43.0,1.6093956058693082,37.99683888075225
axis:ngam_scale,0.4,-9.897545675675905,45.0,1.3992317236330445,44.1761498111653
axis:ngam_scale,0.4,-9.897545675675905,47.0,0.37953192189630325,21.611464164186874
axis:ngam_scale,0.4,-9.897545675675905,50.0,0.0010364633969739863,8.285762859170474
axis:ngam_scale,0.45,-9.917693782936954,15.0,0.0,
axis:ngam_scale,0.45,-9.917693782936954,20.0,0.10707892089341935,5.588445347566468
axis:ngam_scale,0.45,-9.917693782936954,25.0,0.5219253347779178,12.088921837203936
axis:ngam_scale,0.45,-9.917693782936954,27.0,0.8103243462805076,18.35486953322568
axis:ngam_scale,0.45,-9.917693782936954,30.0,1.1893292975141767,23.705291571014538
axis:ngam_scale,0.45,-9.917693782936954,35.0,1.5174560784089017,31.298899614896726
axis:ngam_scale,0.45,-9.917693782936954,37.0,1.5881187107391022,35.01823584856793
axis:ngam_scale,0.45,-9.917693782936954,40.0,1.6473080923178491,38.69026122134699
axis:ngam_scale,0.45,-9.917693782936954,43.0,1.6083716645379729,38.07613372449003
axis:ngam_scale,0.45,-9.917693782936954,45.0,1.3979153269152844,44.20845664457888
axis:ngam_scale,0.45,-9.917693782936954,47.0,0.3793132039297492,21.584255115368954
axis:ngam_scale,0.45,-9.917693782936954,50.0,0.001035910483282976,8.487213344648247
axis:ngam_scale,0.5,-9.937908732891353,15.0,0.0,
axis:ngam_scale,0.5,-9.937908732891353,20.0,0.10569889286351931,5.616298002809773
axis:ngam_scale,0.5,-9.937908732891353,25.0,0.5206243981031009,12.107761247471784
axis:ngam_scale,0.5,-9.937908732891353,27.0,0.8089415138574627,18.374109313397604
axis:ngam_scale,0.5,-9.937908732891353,30.0,1.1884257636829159,23.735824517029123
axis:ngam_scale,0.5,-9.937908732891353,35.0,1.5163058064003723,31.353973160165587
axis:ngam_scale,0.5,-9.937908732891353,37.0,1.5869831296867971,35.079399072563696
axis:ngam_scale,0.5,-9.937908732891353,40.0,1.646218046271848,38.75694231341218
axis:ngam_scale,0.5,-9.937908732891353,43.0,1.6073272426506988,38.157014599016435
axis:ngam_scale,0.5,-9.937908732891353,45.0,1.3965726000400014,44.24140966927773
axis:ngam_scale,0.5,-9.937908732891353,47.0,0.3790897634709727,21.658188197509688
axis:ngam_scale,0.5,-9.937908732891353,50.0,0.0010353465104102138,8.692693022970555
axis:ngam_scale,0.55,-9.95913353097188,15.0,0.0,
axis:ngam_scale,0.55,-9.95913353097188,20.0,0.10429126194236524,5.644707758278772
axis:ngam_scale,0.55,-9.95913353097188,25.0,0.5192974404977037,12.126977477753709
axis:ngam_scale,0.55,-9.95913353097188,27.0,0.8075309331179849,18.393699840504567
axis:ngam_scale,0.55,-9.95913353097188,30.0,1.187504157649097,23.766968173532184
axis:ngam_scale,0.55,-9.95913353097188,35.0,1.5151325270090417,31.410148269350994
axis:ngam_scale,0.55,-9.95913353097188,37.0,1.5858248350956246,35.14178566433489
axis:ngam_scale,0.55,-9.95913353097188,40.0,1.645106197464013,38.824957139947664
axis:ngam_scale,0.55,-9.95913353097188,43.0,1.6062619305618258,38.23951322762988
axis:ngam_scale,0.55,-9.95913353097188,45.0,1.3952030163595746,44.27502181035368
axis:ngam_scale,0.55,-9.95913353097188,47.0,0.37886185382563187,21.7336000487839
axis:ngam_scale,0.55,-9.95913353097188,50.0,0.0010347712571341567,8.902282512572677
axis:ngam_scale,0.6000000000000001,-9.981390265223556,15.0,0.0,
axis:ngam_scale,0.6000000000000001,-9.981390265223556,20.0,0.10285547602551177,5.673685756819168
axis:ngam_scale,0.6000000000000001,-9.981390265223556,25.0,0.5179439414991702,12.146578065075616
axis:ngam_scale,0.6000000000000001,-9.981390265223556,27.0,0.8060875800293043,18.413632454684457
axis:ngam_scale,0.6000000000000001,-9.981390265223556,30.0,1.1865641179381488,23.798734755746832
axis:ngam_scale,0.6000000000000001,-9.981390265223556,35.0,1.5139357800483944,31.46744697559181
axis:ngam_scale,0.6000000000000001,-9.981390265223556,37.0,1.5846433726564408,35.20542009330277
axis:ngam_scale,0.6000000000000001,-9.981390265223556,40.0,1.6439721098022853,38.89433237794528
axis:ngam_scale,0.6000000000000001,-9.981390265223556,43.0,1.605175310432036,38.32366196814443
axis:ngam_scale,0.6000000000000001,-9.981390265223556,45.0,1.3938060386924809,44.30930625075476
axis:ngam_scale,0.6000000000000001,-9.981390265223556,47.0,0.37862938560253107,21.8105202678514
axis:ngam_scale,0.6000000000000001,-9.981390265223556,50.0,0.0010341844978111788,9.116064321119993
axis:ngam_scale,0.65,-10.00474609749481,15.0,0.0,
axis:ngam_scale,0.65,-10.00474609749481,20.0,0.10139097196549968,5.703243364290272
axis:ngam_scale,0.65,-10.00474609749481,25.0,0.5165633702348108,12.166570697258924
axis:ngam_scale,0.65,-10.00474609749481,27.0,0.8046153574412473,18.43396375480592
axis:ngam_scale,0.65,-10.00474609749481,30.0,1.1856052758454,23.83113672327836
axis:ngam_scale,0.65,-10.00474609749481,35.0,1.5127150961274072,31.525891752725247
axis:ngam_scale,0.65,-10.00474609749481,37.0,1.5834382789731665,35.27032731831882
axis:ngam_scale,0.65,-10.00474609749481,40.0,1.642815338472014,38.965095237777156
axis:ngam_scale,0.65,-10.00474609749481,43.0,1.604066956064521,38.40949382558435
axis:ngam_scale,0.65,-10.00474609749481,45.0,1.3923811191127888,44.344276438077465
axis:ngam_scale,0.65,-10.00474609749481,47.0,0.37839226762230155,21.88897902089831
axis:ngam_scale,0.65,-10.00474609749481,50.0,0.0010335860023107672,9.334122011896081
axis:ngam_scale,0.7000000000000001,-10.029243612680965,15.0,0.0,
axis:ngam_scale,0.7000000000000001,-10.029243612680965,20.0,0.0998971753509618,5.733392173658486
axis:ngam_scale,0.7000000000000001,-10.029243612680965,25.0,0.5151551852135899,12.18696321584647
axis:ngam_scale,0.7000000000000001,-10.029243612680965,27.0,0.8031136879150702,18.45470171480733
axis:ngam_scale,0.7000000000000001,-10.029243612680965,30.0,1.184627255291458,23.864186784874303
axis:ngam_scale,0.7000000000000001,-10.029243612680965,35.0,1.5114699964664517,31.585505524105923
axis:ngam_scale,0.7000000000000001,-10.029243612680965,37.0,1.5822090813810041,35.3365327974537
axis:ngam_scale,0.7000000000000001,-10.029243612680965,40.0,1.6416354297615243,39.03727347434442
axis:ngam_scale,0.7000000000000001,-10.029243612680965,43.0,1.6029364327377973,38.49704246512785
axis:ngam_scale,0.7000000000000001,-10.029243612680965,45.0,1.3909271074438652,44.380025843466754
axis:ngam_scale,0.7000000000000001,-10.029243612680965,47.0,0.37815040688208695,21.96900708343685
axis:ngam_scale,0.7000000000000001,-10.029243612680965,50.0,0.0010329755358895714,9.55654129471666
axis:ngam_scale,0.75,-10.054934942405701,15.0,0.0,
axis:ngam_scale,0.75,-10.054934942405701,20.0,0.09837350028133801,5.76414401042757
axis:ngam_scale,0.75,-10.054934942405701,25.0,0.5137188341137346,12.207763619247809
axis:ngam_scale,0.75,-10.054934942405701,27.0,0.8015819824622772,18.47585446971109
axis:ngam_scale,0.75,-10.054934942405701,30.0,1.183629672674711,23.897897903528612
axis:ngam_scale,0.75,-10.054934942405701,35.0,1.5101999927094876,31.64631167159243
axis:ngam_scale,0.75,-10.054934942405701,37.0,1.58095529776107,35.40406249798171
axis:ngam_scale,0.75,-10.054934942405701,40.0,1.6404319208841407,39.110895397500215
axis:ngam_scale,0.75,-10.054934942405701,43.0,1.6017832970352592,38.58634222531913
axis:ngam_scale,0.75,-10.054934942405701,45.0,1.3894438563507894,44.41650665546141
axis:ngam_scale,0.75,-10.054934942405701,47.0,0.37790370851856386,22.050635863195254
axis:ngam_scale,0.75,-10.054934942405701,50.0,0.0010323528591089498,9.783409351238019
axis:ngam_scale,0.8,-10.081872214854496,15.0,0.0,
axis:ngam_scale,0.8,-10.081872214854496,20.0,0.09681934913706852,5.795510935728017
axis:ngam_scale,0.8,-10.081872214854496,25.0,0.5122537535661037,12.22898006585645
axis:ngam_scale,0.8,-10.081872214854496,27.0,0.8000196403136086,18.49743031556149
axis:ngam_scale,0.8,-10.081872214854496,30.0,1.1826121367208584,23.93228330146995
axis:ngam_scale,0.8,-10.081872214854496,35.0,1.5089045867325523,31.70833404472182
axis:ngam_scale,0.8,-10.081872214854496,37.0,1.5796764363512883,35.472942906568456
axis:ngam_scale,0.8,-10.081872214854496,40.0,1.639204339796686,39.185989883570045
axis:ngam_scale,0.8,-10.081872214854496,43.0,1.600607096671213,38.677428131529105
axis:ngam_scale,0.8,-10.081872214854496,45.0,1.3879309377308606,44.45371714494385
axis:ngam_scale,0.8,-10.081872214854496,47.0,0.3776520757711227,22.13389731803997
axis:ngam_scale,0.8,-10.081872214854496,50.0,0.0010317177277411316,10.014815092259434
axis:ngam_scale,0.8500000000000001,-10.110108570641536,15.0,0.0,
axis:ngam_scale,0.8500000000000001,-10.110108570641536,20.0,0.09523411234518483,5.827505252488977
axis:ngam_scale,0.8500000000000001,-10.110108570641536,25.0,0.5107593689332217,12.250620877227473
axis:ngam_scale,0.8500000000000001,-10.110108570641536,27.0,0.7984260486834135,18.519437714638556
axis:ngam_scale,0.8500000000000001,-10.110108570641536,30.0,1.18157424832947,23.967356465434726
axis:ngam_scale,0.8500000000000001,-10.110108570641536,35.0,1.5075832704483232,31.771596970059438
axis:ngam_scale,0.8500000000000001,-10.110108570641536,37.0,1.5783719955535134,35.54320103965561
axis:ngam_scale,0.8500000000000001,-10.110108570641536,40.0,1.637952205014271,39.262586386114826
axis:ngam_scale,0.8500000000000001,-10.110108570641536,43.0,1.5994073703134695,38.770335909693586
axis:ngam_scale,0.8500000000000001,-10.110108570641536,45.0,1.3863877581834412,44.49167190723337
axis:ngam_scale,0.8500000000000001,-10.110108570641536,47.0,0.37739540994377185,22.21882414985082
axis:ngam_scale,0.8500000000000001,-10.110108570641536,50.0,0.0010310698926733197,10.25084945003108
axis:ngam_scale,0.9,-10.139709058591139,15.0,0.0,
axis:ngam_scale,0.9,-10.139709058591139,20.0,0.09361716814024208,5.860139509580623
axis:ngam_scale,0.9,-10.139709058591139,25.0,0.5092350940838949,12.27269454135675
axis:ngam_scale,0.9,-10.139709058591139,27.0,0.7968005825292769,18.5418852984168
axis:ngam_scale,0.9,-10.139709058591139,30.0,1.1805156004174158,24.003131151943062
axis:ngam_scale,0.9,-10.139709058591139,35.0,1.5062355256069164,31.836125260745565
axis:ngam_scale,0.9,-10.139709058591139,37.0,1.5770414637367753,35.61486445405914
axis:ngam_scale,0.9,-10.139709058591139,40.0,1.636674338315207,39.340942523549685
axis:ngam_scale,0.9,-10.139709058591139,43.0,1.5981836474023787,38.86510200032679
axis:ngam_scale,0.9,-10.139709058591139,45.0,1.3848137124388913,44.530385828757645
axis:ngam_scale,0.9,-10.139709058591139,47.0,0.37713361036642234,22.305449670302732
axis:ngam_scale,0.9,-10.139709058591139,50.0,0.0010304090998100519,10.491604760493306
axis:ngam_scale,0.9500000000000001,-10.170784392772555,15.0,0.0,
axis:ngam_scale,0.9500000000000001,-10.170784392772555,20.0,0.09196788232042782,5.893426506984267
axis:ngam_scale,0.9500000000000001,-10.170784392772555,25.0,0.5076803311633128,12.295209716055648
axis:ngam_scale,0.9500000000000001,-10.170784392772555,27.0,0.795142604306895,18.564781872045618
axis:ngam_scale,0.9500000000000001,-10.170784392772555,30.0,1.1794357777592261,24.039621392588376
axis:ngam_scale,0.9500000000000001,-10.170784392772555,35.0,1.5048608235925398,31.901944226223453
axis:ngam_scale,0.9500000000000001,-10.170784392772555,37.0,1.5756839628820114,35.68794391380325
axis:ngam_scale,0.9500000000000001,-10.170784392772555,40.0,1.6353666599448742,39.42216105680114
axis:ngam_scale,0.9500000000000001,-10.170784392772555,43.0,1.5969327458626972,38.96171677449675
axis:ngam_scale,0.9500000000000001,-10.170784392772555,45.0,1.383208183121112,44.56987409432565
axis:ngam_scale,0.9500000000000001,-10.170784392772555,47.0,0.3768665743553713,22.393807844426643
axis:ngam_scale,0.9500000000000001,-10.170784392772555,50.0,0.0010297350899533576,10.73717580121084
axis:ngam_scale,1.0,-10.203334949509363,15.0,0.0,
axis:ngam_scale,1.0,-10.203334949509363,20.0,0.09028560799882417,5.9273793005939135
axis:ngam_scale,1.0,-10.203334949509363,25.0,0.5060944703585615,12.318175232279335
axis:ngam_scale,1.0,-10.203334949509363,27.0,0.7934514637199876,18.588136415821687
axis:ngam_scale,1.0,-10.203334949509363,30.0,1.1783343568242166,24.076841499657593
axis:ngam_scale,1.0,-10.203334949509363,35.0,1.503458625216212,31.96907968216992
axis:ngam_scale,1.0,-10.203334949509363,37.0,1.5742992002591378,35.76247975577002
axis:ngam_scale,1.0,-10.203334949509363,40.0,1.6340328257986543,39.50500409786441
axis:ngam_scale,1.0,-10.203334949509363,43.0,1.5956563433887294,39.06025550073979
axis:ngam_scale,1.0,-10.203334949509363,45.0,1.3815705405054977,44.61015219192074
axis:ngam_scale,1.0,-10.203334949509363,47.0,0.37659419717311293,22.48393335663686
axis:ngam_scale,1.0,-10.203334949509363,50.0,0.0010290475988020218,10.987658350100757
axis:clearance_mult,-1.0,-9.840965596628735,15.0,0.0,
axis:clearance_mult,-1.0,-9.840965596628735,20.0,0.112000248352164,5.597035977924542
axis:clearance_mult,-1.0,-9.840965596628735,25.0,0.5234137872732538,11.804772850809972
axis:clearance_mult,-1.0,-9.840965596628735,27.0,0.8050473164502232,18.379190916583678
axis:clearance_mult,-1.0,-9.840965596628735,30.0,1.1805453927536915,23.21274402000301
axis:clearance_mult,-1.0,-9.840965596628735,35.0,1.500302436953814,30.170417410115668
axis:clearance_mult,-1.0,-9.840965596628735,37.0,1.5654594987699642,33.82999528362059
axis:clearance_mult,-1.0,-9.840965596628735,40.0,1.6206272793982288,37.48442872485347
axis:clearance_mult,-1.0,-9.840965596628735,43.0,1.5719654228303825,35.476507881114
axis:clearance_mult,-1.0,-9.840965596628735,45.0,1.311474310780133,40.477624075392356
axis:clearance_mult,-1.0,-9.840965596628735,47.0,0.3792255297288861,20.247985821489085
axis:clearance_mult,-1.0,-9.840965596628735,50.0,0.0010400333966190626,7.266960284963629
axis:clearance_mult,-0.9500000000000001,-9.82827748930721,15.0,0.0,
axis:clearance_mult,-0.9500000000000001,-9.82827748930721,20.0,0.11227634493814101,5.586766036902083
axis:clearance_mult,-0.9500000000000001,-9.82827748930721,25.0,0.5238416355515099,11.820340460332158
axis:clearance_mult,-0.9500000000000001,-9.82827748930721,27.0,0.8059015263852273,18.364783961649874
axis:clearance_mult,-0.9500000000000001,-9.82827748930721,30.0,1.181501093781992,23.25887786857075
axis:clearance_mult,-0.9500000000000001,-9.82827748930721,35.0,1.5021247430762683,30.20963604773005
axis:clearance_mult,-0.9500000000000001,-9.82827748930721,37.0,1.5678266112109365,33.86476412274698
axis:clearance_mult,-0.9500000000000001,-9.82827748930721,40.0,1.6229959734053947,37.52504162979132
axis:clearance_mult,-0.9500000000000001,-9.82827748930721,43.0,1.5750384108528395,35.59825580946481
axis:clearance_mult,-0.9500000000000001,-9.82827748930721,45.0,1.3192263124490287,41.09574019994652
axis:clearance_mult,-0.9500000000000001,-9.82827748930721,47.0,0.3793824613477394,20.405526038492187
axis:clearance_mult,-0.9500000000000001,-9.82827748930721,50.0,0.0010400543052926595,7.247071157685842
axis:clearance_mult,-0.9,-9.816798049248177,15.0,0.0,
axis:clearance_mult,-0.9,-9.816798049248177,20.0,0.11255639922882388,5.576348881491899
axis:clearance_mult,-0.9,-9.816798049248177,25.0,0.5242756168181107,11.836131223918558
axis:clearance_mult,-0.9,-9.816798049248177,27.0,0.8067115262013104,18.30689114719058
axis:clearance_mult,-0.9,-9.816798049248177,30.0,1.1824653689482096,23.305512732539036
axis:clearance_mult,-0.9,-9.816798049248177,35.0,1.5039731710338808,30.2494168646473
axis:clearance_mult,-0.9,-9.816798049248177,37.0,1.5702276550097505,33.90003135557232
axis:clearance_mult,-0.9,-9.816798049248177,40.0,1.6253986214413085,37.56623670014972
axis:clearance_mult,-0.9,-9.816798049248177,43.0,1.5781554486019775,35.72174893269637
axis:clearance_mult,-0.9,-9.816798049248177,45.0,1.3270894351351918,41.72271670604872
axis:clearance_mult,-0.9,-9.816798049248177,47.0,0.37954164250187644,20.56532451470523
axis:clearance_mult,-0.9,-9.816798049248177,50.0,0.0010400755136815063,7.226896960842107
axis:clearance_mult,-0.8500000000000001,-9.812260911618502,15.0,0.0,
axis:clearance_mult,-0.8500000000000001,-9.812260911618502,20.0,0.11284046795590276,5.565782401424199
axis:clearance_mult,-0.8500000000000001,-9.812260911618502,25.0,0.5247158189863361,11.843680562528458
axis:clearance_mult,-0.8500000000000001,-9.812260911618502,27.0,0.8075331369544557,18.24816846856129
axis:clearance_mult,-0.8500000000000001,-9.812260911618502,30.0,1.1833974526441657,23.347777836982438
axis:clearance_mult,-0.8500000000000001,-9.812260911618502,35.0,1.5056578711593227,30.287159060684022
axis:clearance_mult,-0.8500000000000001,-9.812260911618502,37.0,1.572056293262634,33.936486145357215
axis:clearance_mult,-0.8500000000000001,-9.812260911618502,40.0,1.6278357102197833,37.60802228097395
axis:clearance_mult,-0.8500000000000001,-9.812260911618502,43.0,1.5809278888560232,35.833515625751204
axis:clearance_mult,-0.8500000000000001,-9.812260911618502,45.0,1.3350193534800057,42.415252700344034
axis:clearance_mult,-0.8500000000000001,-9.812260911618502,47.0,0.3797016262141197,20.679651253000817
axis:clearance_mult,-0.8500000000000001,-9.812260911618502,50.0,0.0010400970260818548,7.20643357815272
axis:clearance_mult,-0.8,-9.811778685396927,15.0,0.0,
axis:clearance_mult,-0.8,-9.811778685396927,20.0,0.11312860866429125,5.555064456196449
axis:clearance_mult,-0.8,-9.811778685396927,25.0,0.5251305285448661,11.83104308043006
axis:clearance_mult,-0.8,-9.811778685396927,27.0,0.8083665250815694,18.188604030077858
axis:clearance_mult,-0.8,-9.811778685396927,30.0,1.184341836155639,23.389348009151885
axis:clearance_mult,-0.8,-9.811778685396927,35.0,1.5072282839128643,30.324948828417746
axis:clearance_mult,-0.8,-9.811778685396927,37.0,1.5738681476053205,33.97277834230051
axis:clearance_mult,-0.8,-9.811778685396927,40.0,1.6303077334313893,37.650406836933236
axis:clearance_mult,-0.8,-9.811778685396927,43.0,1.5833264242810428,35.94233518315932
axis:clearance_mult,-0.8,-9.811778685396927,45.0,1.3429625508542604,43.042164498319565
axis:clearance_mult,-0.8,-9.811778685396927,47.0,0.3798175097969005,20.647117697723296
axis:clearance_mult,-0.8,-9.811778685396927,50.0,0.00104011884685157,7.185676865286744
axis:clearance_mult,-0.75,-9.814235197748802,15.0,0.0,
axis:clearance_mult,-0.75,-9.814235197748802,20.0,0.11342087972377797,5.54419287462925
axis:clearance_mult,-0.75,-9.814235197748802,25.0,0.52554742822904,11.836992300228236
axis:clearance_mult,-0.75,-9.814235197748802,27.0,0.8092118594053337,18.1281857655437
axis:clearance_mult,-0.75,-9.814235197748802,30.0,1.1852705705961293,23.350460372318125
axis:clearance_mult,-0.75,-9.814235197748802,35.0,1.5088212077377148,30.363280293326607
axis:clearance_mult,-0.75,-9.814235197748802,37.0,1.575701265351719,34.00934801161014
axis:clearance_mult,-0.75,-9.814235197748802,40.0,1.6326577375058915,37.686245566287226
axis:clearance_mult,-0.75,-9.814235197748802,43.0,1.5854923284444369,36.031581592818014
axis:clearance_mult,-0.75,-9.814235197748802,45.0,1.3508732101915908,43.29792317222748
axis:clearance_mult,-0.75,-9.814235197748802,47.0,0.37990063282655756,20.760500856342325
axis:clearance_mult,-0.75,-9.814235197748802,50.0,0.0010401409804109943,7.164622647354127
axis:clearance_mult,-0.7000000000000001,-9.82435715076878,15.0,0.0,
axis:clearance_mult,-0.7000000000000001,-9.82435715076878,20.0,0.11371734034085312,5.533165454458101
axis:clearance_mult,-0.7000000000000001,-9.82435715076878,25.0,0.5259703039590089,11.843026799071804
axis:clearance_mult,-0.7000000000000001,-9.82435715076878,27.0,0.8100693111684291,18.06690143578788
axis:clearance_mult,-0.7000000000000001,-9.82435715076878,30.0,1.1860188430738394,23.219892756249568
axis:clearance_mult,-0.7000000000000001,-9.82435715076878,35.0,1.5104369653187235,30.402161220368956
axis:clearance_mult,-0.7000000000000001,-9.82435715076878,37.0,1.577471522790075,34.04679042687287
axis:clearance_mult,-0.7000000000000001,-9.82435715076878,40.0,1.634542740449076,37.71946040687143
axis:clearance_mult,-0.7000000000000001,-9.82435715076878,43.0,1.5876892797469042,36.122107304554895
axis:clearance_mult,-0.7000000000000001,-9.82435715076878,45.0,1.3588972648234088,43.55734801619723
axis:clearance_mult,-0.7000000000000001,-9.82435715076878,47.0,0.37998048598092465,20.87543557558765
axis:clearance_mult,-0.7000000000000001,-9.82435715076878,50.0,0.0010401634312437245,7.143266559455892
axis:clearance_mult,-0.65,-9.83894251485823,15.0,0.0,
axis:clearance_mult,-0.65,-9.83894251485823,20.0,0.11401805057070537,5.521979961868843
axis:clearance_mult,-0.65,-9.83894251485823,25.0,0.526399241398363,11.84914779940343
axis:clearance_mult,-0.65,-9.83894251485823,27.0,0.8109313562369871,18.04011852137645
axis:clearance_mult,-0.65,-9.83894251485823,30.0,1.1867208790515964,23.23573840499432
axis:clearance_mult,-0.65,-9.83894251485823,35.0,1.5120758839662052,30.441599485804677
axis:clearance_mult,-0.65,-9.83894251485823,37.0,1.5790529320949647,34.08163002317619
axis:clearance_mult,-0.65,-9.83894251485823,40.0,1.6364162741328754,37.751146825466854
axis:clearance_mult,-0.65,-9.83894251485823,43.0,1.5898358327328732,36.22487329459558
axis:clearance_mult,-0.65,-9.83894251485823,45.0,1.3670363402140011,43.82049158732771
axis:clearance_mult,-0.65,-9.83894251485823,47.0,0.38005604401036236,20.93626739222842
axis:clearance_mult,-0.65,-9.83894251485823,50.0,0.0010401862038977936,7.121604358803835
axis:clearance_mult,-0.6000000000000001,-9.856445241006746,15.0,0.0,
axis:clearance_mult,-0.6000000000000001,-9.856445241006746,20.0,0.11432307132937992,5.510634130865707
axis:clearance_mult,-0.6000000000000001,-9.856445241006746,25.0,0.5268343274386302,11.855356541172277
axis:clearance_mult,-0.6000000000000001,-9.856445241006746,27.0,0.8117895711158507,18.08735707648829
axis:clearance_mult,-0.6000000000000001,-9.856445241006746,30.0,1.1874329783594764,23.251811193097247
axis:clearance_mult,-0.6000000000000001,-9.856445241006746,35.0,1.5136133333945825,30.486126361401485
axis:clearance_mult,-0.6000000000000001,-9.856445241006746,37.0,1.5806523310127116,34.11842850271131
axis:clearance_mult,-0.6000000000000001,-9.856445241006746,40.0,1.6383166639729962,37.783287452822364
axis:clearance_mult,-0.6000000000000001,-9.856445241006746,43.0,1.5919760170774682,36.343321735568225
axis:clearance_mult,-0.6000000000000001,-9.856445241006746,45.0,1.3752920851274624,44.087407186270354
axis:clearance_mult,-0.6000000000000001,-9.856445241006746,47.0,0.3801326851257402,20.937578158812133
axis:clearance_mult,-0.6000000000000001,-9.856445241006746,50.0,0.001040209302986328,7.099631650961936
axis:clearance_mult,-0.55,-9.878481949489334,15.0,0.0,
axis:clearance_mult,-0.55,-9.878481949489334,20.0,0.11463246440612226,5.499125663119089
axis:clearance_mult,-0.55,-9.878481949489334,25.0,0.5272756502168993,11.861654282101766
axis:clearance_mult,-0.55,-9.878481949489334,27.0,0.8126600880702748,18.1352727723295
axis:clearance_mult,-0.55,-9.878481949489334,30.0,1.1881544257870578,23.268066400406404
axis:clearance_mult,-0.55,-9.878481949489334,35.0,1.5151200156115978,30.53320126139491
axis:clearance_mult,-0.55,-9.878481949489334,37.0,1.5822746565037429,34.155754469808635
axis:clearance_mult,-0.55,-9.878481949489334,40.0,1.6400408616870907,37.8140139885623
axis:clearance_mult,-0.55,-9.878481949489334,43.0,1.5941468798805323,36.463468074941304
axis:clearance_mult,-0.55,-9.878481949489334,45.0,1.3836661719622565,44.35814888569016
axis:clearance_mult,-0.55,-9.878481949489334,47.0,0.3802104248529974,20.93890759548095
axis:clearance_mult,-0.55,-9.878481949489334,50.0,0.0010402327331839629,7.07734404702326
axis:clearance_mult,-0.5,-9.905462375880221,15.0,0.0,
axis:clearance_mult,-0.5,-9.905462375880221,20.0,0.1149462924758984,5.487452227277269
axis:clearance_mult,-0.5,-9.905462375880221,25.0,0.5277232991336428,11.868042297959791
axis:clearance_mult,-0.5,-9.905462375880221,27.0,0.8135430834442801,18.18387531540195
axis:clearance_mult,-0.5,-9.905462375880221,30.0,1.1888806658263484,23.284237172973487
axis:clearance_mult,-0.5,-9.905462375880221,35.0,1.5165664274897552,30.57495972495684
axis:clearance_mult,-0.5,-9.905462375880221,37.0,1.5839202372089336,34.193615485738356
axis:clearance_mult,-0.5,-9.905462375880221,40.0,1.6416441303311187,37.84401456584251
axis:clearance_mult,-0.5,-9.905462375880221,43.0,1.596348860902252,36.58533665123033
axis:clearance_mult,-0.5,-9.905462375880221,45.0,1.3921382563500293,44.295709571307974
axis:clearance_mult,-0.5,-9.905462375880221,47.0,0.380289265194748,20.944275587353864
axis:clearance_mult,-0.5,-9.905462375880221,50.0,0.0010402564992509768,7.054736881128198
axis:clearance_mult,-0.45,-9.9348354973732,15.0,0.0,
axis:clearance_mult,-0.45,-9.9348354973732,20.0,0.11526461911208696,5.475611458811
axis:clearance_mult,-0.45,-9.9348354973732,25.0,0.5281773648708533,11.874521882795472
axis:clearance_mult,-0.45,-9.9348354973732,27.0,0.814438736109698,18.233174551321625
axis:clearance_mult,-0.45,-9.9348354973732,30.0,1.1896173161487285,23.30063974537353
axis:clearance_mult,-0.45,-9.9348354973732,35.0,1.5177722931770081,30.597986286027236
axis:clearance_mult,-0.45,-9.9348354973732,37.0,1.5855114209996957,34.234907425936896
axis:clearance_mult,-0.45,-9.9348354973732,40.0,1.6432703810190312,37.87444518620121
axis:clearance_mult,-0.45,-9.9348354973732,43.0,1.5985347483461032,36.68694566642262
axis:clearance_mult,-0.45,-9.9348354973732,45.0,1.4007089683820113,44.151092329894674
axis:clearance_mult,-0.45,-9.9348354973732,47.0,0.3803686400992433,21.029533174031002
axis:clearance_mult,-0.45,-9.9348354973732,50.0,0.0010402806059877578,7.031805668736778
axis:clearance_mult,-0.4,-9.917679190502504,15.0,0.0,
axis:clearance_mult,-0.4,-9.917679190502504,20.0,0.11558750879935949,5.4636009586386285
axis:clearance_mult,-0.4,-9.917679190502504,25.0,0.5286379394104024,11.881094349195568
axis:clearance_mult,-0.4,-9.917679190502504,27.0,0.8153472275023909,18.28318046680778
axis:clearance_mult,-0.4,-9.917679190502504,30.0,1.190364525980334,23.317277440349102
axis:clearance_mult,-0.4,-9.917679190502504,35.0,1.5189954443380775,30.62134292118642
axis:clearance_mult,-0.4,-9.917679190502504,37.0,1.5870183268700586,34.280754340710544
axis:clearance_mult,-0.4,-9.917679190502504,40.0,1.6449199431867976,37.905312014089276
axis:clearance_mult,-0.4,-9.917679190502504,43.0,1.6007014003589004,36.76665772750414
axis:clearance_mult,-0.4,-9.917679190502504,45.0,1.4024383903496043,44.17652258016745
axis:clearance_mult,-0.4,-9.917679190502504,47.0,0.3804484973105044,21.019814647891963
axis:clearance_mult,-0.4,-9.917679190502504,50.0,0.0010403050582757395,7.008545809827249
axis:clearance_mult,-0.35000000000000003,-9.894856307838193,15.0,0.0,
axis:clearance_mult,-0.35000000000000003,-9.894856307838193,20.0,0.11591502694673997,5.451418294299673
axis:clearance_mult,-0.35000000000000003,-9.894856307838193,25.0,0.5291051160526775,11.8877610285559
axis:clearance_mult,-0.35000000000000003,-9.894856307838193,27.0,0.8162687416589991,18.33390319176419
axis:clearance_mult,-0.35000000000000003,-9.894856307838193,30.0,1.1911224466863768,23.334153628223305
axis:clearance_mult,-0.35000000000000003,-9.894856307838193,35.0,1.520236128751444,30.64503436187837
axis:clearance_mult,-0.35000000000000003,-9.894856307838193,37.0,1.5885436852645165,34.32710072879457
axis:clearance_mult,-0.35000000000000003,-9.894856307838193,40.0,1.6465931509926535,37.93662130231851
axis:clearance_mult,-0.35000000000000003,-9.894856307838193,43.0,1.6028991102307915,36.84751242060471
axis:clearance_mult,-0.35000000000000003,-9.894856307838193,45.0,1.4033396206985729,44.21111554801479
axis:clearance_mult,-0.35000000000000003,-9.894856307838193,47.0,0.3805289442221083,20.995967731068117
axis:clearance_mult,-0.35000000000000003,-9.894856307838193,50.0,0.0010403298610882632,6.984952414550323
axis:clearance_mult,-0.30000000000000004,-9.874610655335596,15.0,0.0,
axis:clearance_mult,-0.30000000000000004,-9.874610655335596,20.0,0.11624723990086383,5.439060997599781
axis:clearance_mult,-0.30000000000000004,-9.874610655335596,25.0,0.5295789894354694,11.894523271412307
axis:clearance_mult,-0.30000000000000004,-9.874610655335596,27.0,0.8171186691800655,18.278519274105008
axis:clearance_mult,-0.30000000000000004,-9.874610655335596,30.0,1.1918888320735959,23.351065511995486
axis:clearance_mult,-0.30000000000000004,-9.874610655335596,35.0,1.5214945977474401,30.66906540737456
axis:clearance_mult,-0.30000000000000004,-9.874610655335596,37.0,1.5897668298336578,34.34968054492834
axis:clearance_mult,-0.30000000000000004,-9.874610655335596,40.0,1.6481547381287007,37.97356304958899
axis:clearance_mult,-0.30000000000000004,-9.874610655335596,43.0,1.6050395713394916,36.92787315523172
axis:clearance_mult,-0.30000000000000004,-9.874610655335596,45.0,1.4041356840561547,44.180272049002845
axis:clearance_mult,-0.30000000000000004,-9.874610655335596,47.0,0.3806105442992519,20.97177897344489
axis:clearance_mult,-0.30000000000000004,-9.874610655335596,50.0,0.0010403550194299628,6.961020870322819
axis:clearance_mult,-0.25,-9.854135540364751,15.0,0.0,
axis:clearance_mult,-0.25,-9.854135540364751,20.0,0.11658421495939873,5.426526565166085
axis:clearance_mult,-0.25,-9.854135540364751,25.0,0.5300596487119145,11.901382262266738
axis:clearance_mult,-0.25,-9.854135540364751,27.0,0.8179177113585092,18.123262853330644
axis:clearance_mult,-0.25,-9.854135540364751,30.0,1.1926630932570068,23.367950548363627
axis:clearance_mult,-0.25,-9.854135540364751,35.0,1.5227623256087606,30.694639598626697
axis:clearance_mult,-0.25,-9.854135540364751,37.0,1.590991371099248,34.371432029556296
axis:clearance_mult,-0.25,-9.854135540364751,40.0,1.649685319691863,38.01307345560587
axis:clearance_mult,-0.25,-9.854135540364751,43.0,1.60695419480602,37.004604921934146
axis:clearance_mult,-0.25,-9.854135540364751,45.0,1.4049242795544854,44.143374809767366
axis:clearance_mult,-0.25,-9.854135540364751,47.0,0.3806933140722899,20.947243485632747
axis:clearance_mult,-0.25,-9.854135540364751,50.0,0.0010403805384036375,6.936746284203829
axis:clearance_mult,-0.2,-9.835544185946684,15.0,0.0,
axis:clearance_mult,-0.2,-9.835544185946684,20.0,0.11692602038470948,5.413812458107198
axis:clearance_mult,-0.2,-9.835544185946684,25.0,0.5305470621641833,11.908337007170527
axis:clearance_mult,-0.2,-9.835544185946684,27.0,0.8186861970828092,18.105450538613436
axis:clearance_mult,-0.2,-9.835544185946684,30.0,1.1934484530822838,23.385077623147108
axis:clearance_mult,-0.2,-9.835544185946684,35.0,1.5239476154778144,30.734296183755557
axis:clearance_mult,-0.2,-9.835544185946684,37.0,1.592233465543597,34.39349531069866
axis:clearance_mult,-0.2,-9.835544185946684,40.0,1.651151258354144,38.0464653677408
axis:clearance_mult,-0.2,-9.835544185946684,43.0,1.6088962634301072,37.082436599644296
axis:clearance_mult,-0.2,-9.835544185946684,45.0,1.405710878870984,44.10197597003789
axis:clearance_mult,-0.2,-9.835544185946684,47.0,0.3807772703080768,20.922356295268877
axis:clearance_mult,-0.2,-9.835544185946684,50.0,0.0010404064231714725,6.912123828059878
axis:clearance_mult,-0.15000000000000002,-9.820091709618644,15.0,0.0,
axis:clearance_mult,-0.15000000000000002,-9.820091709618644,20.0,0.11727272541764866,5.400916100677587
axis:clearance_mult,-0.15000000000000002,-9.820091709618644,25.0,0.531041462441395,11.91539144482224
axis:clearance_mult,-0.15000000000000002,-9.820091709618644,27.0,0.819401926018058,18.128054997169432
axis:clearance_mult,-0.15000000000000002,-9.820091709618644,30.0,1.194245070642836,23.402450205878203
axis:clearance_mult,-0.15000000000000002,-9.820091709618644,35.0,1.5251498958767364,30.77452122594506
axis:clearance_mult,-0.15000000000000002,-9.820091709618644,37.0,1.5934933647826188,34.41587485779859
axis:clearance_mult,-0.15000000000000002,-9.820091709618644,40.0,1.6523906278080511,38.061223234066254
axis:clearance_mult,-0.15000000000000002,-9.820091709618644,43.0,1.6108661706241776,37.161383955029194
axis:clearance_mult,-0.15000000000000002,-9.820091709618644,45.0,1.4065087536902365,44.05998369915104
axis:clearance_mult,-0.15000000000000002,-9.820091709618644,47.0,0.3808624300139665,20.895211692615515
axis:clearance_mult,-0.15000000000000002,-9.820091709618644,50.0,0.001040432678999247,6.887148253659034
axis:clearance_mult,-0.1,-9.805650702078854,15.0,0.0,
axis:clearance_mult,-0.1,-9.805650702078854,20.0,0.11762440029161558,5.387834880558521
axis:clearance_mult,-0.1,-9.805650702078854,25.0,0.5315429496961447,11.922547004264002
axis:clearance_mult,-0.1,-9.805650702078854,27.0,0.8201279145650453,18.15098347915406
axis:clearance_mult,-0.1,-9.805650702078854,30.0,1.1950531073125932,23.420071815781768
axis:clearance_mult,-0.1,-9.805650702078854,35.0,1.525720334272318,30.79969186583449
axis:clearance_mult,-0.1,-9.805650702078854,37.0,1.5947708217119452,34.43854983987033
axis:clearance_mult,-0.1,-9.805650702078854,40.0,1.6536476041218051,38.07618454149678
axis:clearance_mult,-0.1,-9.805650702078854,43.0,1.6128643154400193,37.24146298076397
axis:clearance_mult,-0.1,-9.805650702078854,45.0,1.4072901657658372,44.02003031163375
axis:clearance_mult,-0.1,-9.805650702078854,47.0,0.38094871931777363,20.84736048272513
axis:clearance_mult,-0.1,-9.805650702078854,50.0,0.0010404593111794887,6.8618148251460385
axis:clearance_mult,-0.05,-9.792077953090484,15.0,0.0,
axis:clearance_mult,-0.05,-9.792077953090484,20.0,0.11798111624676222,5.3745661477994915
axis:clearance_mult,-0.05,-9.792077953090484,25.0,0.5320467611188381,11.929365148763202
axis:clearance_mult,-0.05,-9.792077953090484,27.0,0.8208643097901098,18.174240629349047
axis:clearance_mult,-0.05,-9.792077953090484,30.0,1.1958727267787077,23.437946022540338
axis:clearance_mult,-0.05,-9.792077953090484,35.0,1.5262720470480053,30.82457415034866
axis:clearance_mult,-0.05,-9.792077953090484,37.0,1.5959782200809174,34.47465894374766
axis:clearance_mult,-0.05,-9.792077953090484,40.0,1.6549173189282194,38.10934518688949
axis:clearance_mult,-0.05,-9.792077953090484,43.0,1.6148690776347676,37.32743270907648
axis:clearance_mult,-0.05,-9.792077953090484,45.0,1.4080768908138461,43.98004594580306
axis:clearance_mult,-0.05,-9.792077953090484,47.0,0.38103620388417764,20.796949319187647
axis:clearance_mult,-0.05,-9.792077953090484,50.0,0.0010404863251213294,6.836118148968427
axis:clearance_mult,0.0,-9.778832777439442,15.0,0.0,
axis:clearance_mult,0.0,-9.778832777439442,20.0,0.11834294554443253,5.361107214410037
axis:clearance_mult,0.0,-9.778832777439442,25.0,0.532543802270648,11.935151350736097
axis:clearance_mult,0.0,-9.778832777439442,27.0,0.8216112608677085,18.197831158931137
axis:clearance_mult,0.0,-9.778832777439442,30.0,1.196704095074697,23.456076446998143
axis:clearance_mult,0.0,-9.778832777439442,35.0,1.526831668346877,30.8498131098087
axis:clearance_mult,0.0,-9.778832777439442,37.0,1.5971836562400126,34.51419861282276
axis:clearance_mult,0.0,-9.778832777439442,40.0,1.6562052344531948,38.14599875072689
axis:clearance_mult,0.0,-9.778832777439442,43.0,1.6168964144917108,37.41597020263076
axis:clearance_mult,0.0,-9.778832777439442,45.0,1.4088748931669104,43.93948842422541
axis:clearance_mult,0.0,-9.778832777439442,47.0,0.38112494249750395,20.74581553250344
axis:clearance_mult,0.0,-9.778832777439442,50.0,0.0010405137263009346,6.810053065922612
axis:clearance_mult,0.05,-9.76914735677835,15.0,0.0,
axis:clearance_mult,0.05,-9.76914735677835,20.0,0.11870996148180321,5.347455354084727
axis:clearance_mult,0.05,-9.76914735677835,25.0,0.5330472393155269,11.940982517415415
axis:clearance_mult,0.05,-9.76914735677835,27.0,0.8223689191106367,18.221759846979158
axis:clearance_mult,0.05,-9.76914735677835,30.0,1.1975473806140826,23.474466761916783
axis:clearance_mult,0.05,-9.76914735677835,35.0,1.5273667009104925,30.876490942435108
axis:clearance_mult,0.05,-9.76914735677835,37.0,1.5979171307019313,34.542759933757296
axis:clearance_mult,0.05,-9.76914735677835,40.0,1.657500936834709,38.186485222053555
axis:clearance_mult,0.05,-9.76914735677835,43.0,1.6189478495331018,37.505690763563315
axis:clearance_mult,0.05,-9.76914735677835,45.0,1.4096831290773486,43.898508307799545
axis:clearance_mult,0.05,-9.76914735677835,47.0,0.3812131262716075,20.724469494665037
axis:clearance_mult,0.05,-9.76914735677835,50.0,0.001040541520257268,6.783614422595425
axis:clearance_mult,0.1,-9.760872611228995,15.0,0.0,
axis:clearance_mult,0.1,-9.760872611228995,20.0,0.11908223840672526,5.333607801209511
axis:clearance_mult,0.1,-9.760872611228995,25.0,0.5335578928754308,11.946897270907352
axis:clearance_mult,0.1,-9.760872611228995,27.0,0.8231124276391397,18.245543500746077
axis:clearance_mult,0.1,-9.760872611228995,30.0,1.1984027542245144,23.49312069266953
axis:clearance_mult,0.1,-9.760872611228995,35.0,1.5278960879316237,30.903990582188495
axis:clearance_mult,0.1,-9.760872611228995,37.0,1.5984543357638616,34.56684913370284
axis:clearance_mult,0.1,-9.760872611228995,40.0,1.6587405901435348,38.250545929742984
axis:clearance_mult,0.1,-9.760872611228995,43.0,1.6198288404417702,37.53582121656695
axis:clearance_mult,0.1,-9.760872611228995,45.0,1.41049421968424,43.858059689501374
axis:clearance_mult,0.1,-9.760872611228995,47.0,0.38127956818683034,20.730687320884677
axis:clearance_mult,0.1,-9.760872611228995,50.0,0.0010405697126212637,6.756796860452323
axis:clearance_mult,0.15000000000000002,-9.752878010534472,15.0,0.0,
axis:clearance_mult,0.15000000000000002,-9.752878010534472,20.0,0.11945985173279171,5.319561750681907
axis:clearance_mult,0.15000000000000002,-9.752878010534472,25.0,0.5340758663954475,11.952896809403093
axis:clearance_mult,0.15000000000000002,-9.752878010534472,27.0,0.8238559918085085,18.269508746234287
axis:clearance_mult,0.15000000000000002,-9.752878010534472,30.0,1.1992703891823668,23.512042018082358
axis:clearance_mult,0.15000000000000002,-9.752878010534472,35.0,1.5284330634475387,30.931884415348822
axis:clearance_mult,0.15000000000000002,-9.752878010534472,37.0,1.5989992413882228,34.59128364012606
axis:clearance_mult,0.15000000000000002,-9.752878010534472,40.0,1.6599903472061943,38.31543139583962
axis:clearance_mult,0.15000000000000002,-9.752878010534472,43.0,1.6203677973593225,37.55525535150403
axis:clearance_mult,0.15000000000000002,-9.752878010534472,45.0,1.4113169368641194,43.81703126074396
axis:clearance_mult,0.15000000000000002,-9.752878010534472,47.0,0.3813305576074359,20.699981437683327
axis:clearance_mult,0.15000000000000002,-9.752878010534472,50.0,0.0010405983091175436,6.7295948231867095
axis:clearance_mult,0.2,-9.754044303702475,15.0,0.0,
axis:clearance_mult,0.2,-9.754044303702475,20.0,0.1198428779546111,5.305314357253247
axis:clearance_mult,0.2,-9.754044303702475,25.0,0.5346012648034975,11.958982348243147
axis:clearance_mult,0.2,-9.754044303702475,27.0,0.8246102145935974,18.29381752142546
axis:clearance_mult,0.2,-9.754044303702475,30.0,1.200150461247844,23.53123457108769
axis:clearance_mult,0.2,-9.754044303702475,35.0,1.528915628511895,30.954060576010583
axis:clearance_mult,0.2,-9.754044303702475,37.0,1.5995299464636414,34.61680558995495
axis:clearance_mult,0.2,-9.754044303702475,40.0,1.6605305465117588,38.36135947416822
axis:clearance_mult,0.2,-9.754044303702475,43.0,1.6209144799512782,37.574968064920334
axis:clearance_mult,0.2,-9.754044303702475,45.0,1.4121514472780319,43.77541471034736
axis:clearance_mult,0.2,-9.754044303702475,47.0,0.3813796208211496,20.68392414678263
axis:clearance_mult,0.2,-9.754044303702475,50.0,0.0010406273155258129,6.7020028922344625
axis:clearance_mult,0.25,-9.755536100478889,15.0,0.0,
axis:clearance_mult,0.25,-9.755536100478889,20.0,0.12023139466329806,5.290862734502564
axis:clearance_mult,0.25,-9.755536100478889,25.0,0.5351341945315878,11.965155120195144
axis:clearance_mult,0.25,-9.755536100478889,27.0,0.8253752487802666,18.318474750556383
axis:clearance_mult,0.25,-9.755536100478889,30.0,1.2010431487005833,23.55070223964207
axis:clearance_mult,0.25,-9.755536100478889,35.0,1.5294046440344249,30.976508862883968
axis:clearance_mult,0.25,-9.755536100478889,37.0,1.6000423531716987,34.64356037824802
axis:clearance_mult,0.25,-9.755536100478889,40.0,1.661078489300742,38.40794590824689
axis:clearance_mult,0.25,-9.755536100478889,43.0,1.6214441556107475,37.59606916876719
axis:clearance_mult,0.25,-9.755536100478889,45.0,1.4129979199760105,43.733201607775854
axis:clearance_mult,0.25,-9.755536100478889,47.0,0.3814293873309179,20.66763668331271
axis:clearance_mult,0.25,-9.755536100478889,50.0,0.0010406567377198768,6.674015427636916
axis:clearance_mult,0.30000000000000004,-9.757173764129313,15.0,0.0,
axis:clearance_mult,0.30000000000000004,-9.757173764129313,20.0,0.12062548056220333,5.2762039550936874
axis:clearance_mult,0.30000000000000004,-9.757173764129313,25.0,0.5356747635373802,11.971416375687998
axis:clearance_mult,0.30000000000000004,-9.757173764129313,27.0,0.8261512493444715,18.34348542855849
axis:clearance_mult,0.30000000000000004,-9.757173764129313,30.0,1.2019486323757735,23.57044896735093
axis:clearance_mult,0.30000000000000004,-9.757173764129313,35.0,1.5298988879726945,30.999192238383422
axis:clearance_mult,0.30000000000000004,-9.757173764129313,37.0,1.6005621049703502,34.67069868287872
axis:clearance_mult,0.30000000000000004,-9.757173764129313,40.0,1.6616342865720435,38.455200135256554
axis:clearance_mult,0.30000000000000004,-9.757173764129313,43.0,1.6219569886316159,37.618559710200515
axis:clearance_mult,0.30000000000000004,-9.757173764129313,45.0,1.413850291222046,43.69111830510341
axis:clearance_mult,0.30000000000000004,-9.757173764129313,47.0,0.381479867218506,20.646972810470047
axis:clearance_mult,0.30000000000000004,-9.757173764129313,50.0,0.0010406865816787064,6.645626713291672
axis:clearance_mult,0.35000000000000003,-9.759911547516825,15.0,0.0,
axis:clearance_mult,0.35000000000000003,-9.759911547516825,20.0,0.1210252154828475,5.2613350495751385
axis:clearance_mult,0.35000000000000003,-9.759911547516825,25.0,0.5362230813260468,11.977767383143918
axis:clearance_mult,0.35000000000000003,-9.759911547516825,27.0,0.8269383734836881,18.368854621953204
axis:clearance_mult,0.35000000000000003,-9.759911547516825,30.0,1.202866523426669,23.59014236239019
axis:clearance_mult,0.35000000000000003,-9.759911547516825,35.0,1.5303252004311465,31.008539010782442
axis:clearance_mult,0.35000000000000003,-9.759911547516825,37.0,1.6010449116750147,34.693625484355586
axis:clearance_mult,0.35000000000000003,-9.759911547516825,40.0,1.662160608530231,38.50526458142052
axis:clearance_mult,0.35000000000000003,-9.759911547516825,43.0,1.6224771728540688,37.64137264215487
axis:clearance_mult,0.35000000000000003,-9.759911547516825,45.0,1.4147067914234033,43.64937264817141
axis:clearance_mult,0.35000000000000003,-9.759911547516825,47.0,0.38153107070981596,20.617531081291506
axis:clearance_mult,0.35000000000000003,-9.759911547516825,50.0,0.0010407168534292688,6.616831099376833
axis:clearance_mult,0.4,-9.762690261538497,15.0,0.0,
axis:clearance_mult,0.4,-9.762690261538497,20.0,0.12143068040109639,5.24625300581085
axis:clearance_mult,0.4,-9.762690261538497,25.0,0.5367792589724659,11.98420942906978
axis:clearance_mult,0.4,-9.762690261538497,27.0,0.8277367806487272,18.3945874700043
axis:clearance_mult,0.4,-9.762690261538497,30.0,1.2037361825578345,23.610873627021334
axis:clearance_mult,0.4,-9.762690261538497,35.0,1.5307408176300223,31.0157327158698
axis:clearance_mult,0.4,-9.762690261538497,37.0,1.601519504462172,34.71531290016378
axis:clearance_mult,0.4,-9.762690261538497,40.0,1.6626831493521694,38.55668174053752
axis:clearance_mult,0.4,-9.762690261538497,43.0,1.622965382343024,37.659513133161084
axis:clearance_mult,0.4,-9.762690261538497,45.0,1.415575569121287,43.60702858837531
axis:clearance_mult,0.4,-9.762690261538497,47.0,0.38158300817693475,20.587667318706114
axis:clearance_mult,0.4,-9.762690261538497,50.0,0.0010407475591100385,6.587622726925823
axis:clearance_mult,0.45,-9.763347032085086,15.0,0.0,
axis:clearance_mult,0.45,-9.763347032085086,20.0,0.12184195745356093,5.230954768528394
axis:clearance_mult,0.45,-9.763347032085086,25.0,0.5373434091437179,11.990743818439501
axis:clearance_mult,0.45,-9.763347032085086,27.0,0.8284544534169047,18.42023678311415
axis:clearance_mult,0.45,-9.763347032085086,30.0,1.2043368423103402,23.63270745522331
axis:clearance_mult,0.45,-9.763347032085086,35.0,1.5311623924909206,31.023029539075996
axis:clearance_mult,0.45,-9.763347032085086,37.0,1.6020009002965325,34.73731119409174
axis:clearance_mult,0.45,-9.763347032085086,40.0,1.6632101167159306,38.60849869269651
axis:clearance_mult,0.45,-9.763347032085086,43.0,1.6234502068383643,37.6765975123619
axis:clearance_mult,0.45,-9.763347032085086,45.0,1.4164568003073998,43.56407754796235
axis:clearance_mult,0.45,-9.763347032085086,47.0,0.3816356901415737,20.557375474441283
axis:clearance_mult,0.45,-9.763347032085086,50.0,0.0010407750967256332,6.5877363649596505
axis:clearance_mult,0.5,-9.820327985394785,15.0,0.0002768693564503273,0.6152020489939003
axis:clearance_mult,0.5,-9.820327985394785,20.0,0.12225912995424305,5.2154372388001145
axis:clearance_mult,0.5,-9.820327985394785,25.0,0.5379156461219088,11.997371874982115
axis:clearance_mult,0.5,-9.820327985394785,27.0,0.8290001478314863,18.446104756468056
axis:clearance_mult,0.5,-9.820327985394785,30.0,1.2049461122161376,23.65485426028815
axis:clearance_mult,0.5,-9.820327985394785,35.0,1.531590010413892,31.030430958546706
axis:clearance_mult,0.5,-9.820327985394785,37.0,1.6024367568127427,34.74948133787536
axis:clearance_mult,0.5,-9.820327985394785,40.0,1.6636930533291459,38.65523937554129
axis:clearance_mult,0.5,-9.820327985394785,43.0,1.6239419810472653,37.69392678748466
axis:clearance_mult,0.5,-9.820327985394785,45.0,1.417350663496176,43.52051082598011
axis:clearance_mult,0.5,-9.820327985394785,47.0,0.3816891272758496,20.526649415747467
axis:clearance_mult,0.5,-9.820327985394785,50.0,0.0010407916016272607,6.6820422787954055
axis:clearance_mult,0.55,-9.909537487850834,15.0,0.0007146356721981545,0.6227832225793495
axis:clearance_mult,0.55,-9.909537487850834,20.0,0.1226822824114083,5.199697273129552
axis:clearance_mult,0.55,-9.909537487850834,25.0,0.5384960858273183,12.004094941353783
axis:clearance_mult,0.55,-9.909537487850834,27.0,0.8295536644990834,18.47234353418404
axis:clearance_mult,0.55,-9.909537487850834,30.0,1.205564115697411,23.67731852855475
axis:clearance_mult,0.55,-9.909537487850834,35.0,1.5320237580231906,31.037938473616997
axis:clearance_mult,0.55,-9.909537487850834,37.0,1.602839979347474,34.75548697063329
axis:clearance_mult,0.55,-9.909537487850834,40.0,1.6641829125940781,38.70265006237765
axis:clearance_mult,0.55,-9.909537487850834,43.0,1.624435687709009,37.71152826094254
axis:clearance_mult,0.55,-9.909537487850834,45.0,1.4182573397609903,43.47631959713027
axis:clearance_mult,0.55,-9.909537487850834,47.0,0.38174333040381475,20.49548291050693
axis:clearance_mult,0.55,-9.909537487850834,50.0,0.0010408083431182281,6.777700008377001
axis:clearance_mult,0.6000000000000001,-9.998919025346307,15.0,0.0011586771463341782,0.6304730684479471
axis:clearance_mult,0.6000000000000001,-9.998919025346307,20.0,0.12311150054469733,5.183731682984393
axis:clearance_mult,0.6000000000000001,-9.998919025346307,25.0,0.5390848458418852,12.010914379479978
axis:clearance_mult,0.6000000000000001,-9.998919025346307,27.0,0.830115115547725,18.498958431568347
axis:clearance_mult,0.6000000000000001,-9.998919025346307,30.0,1.2061909779455435,23.700104810801406
axis:clearance_mult,0.6000000000000001,-9.998919025346307,35.0,1.5324570021988193,31.046244096428094
axis:clearance_mult,0.6000000000000001,-9.998919025346307,37.0,1.6032489818729887,34.76157869109442
axis:clearance_mult,0.6000000000000001,-9.998919025346307,40.0,1.664679793743441,38.75074035739905
axis:clearance_mult,0.6000000000000001,-9.998919025346307,43.0,1.624926067648963,37.72891691838714
axis:clearance_mult,0.6000000000000001,-9.998919025346307,45.0,1.4191770127707812,43.43149490952306
axis:clearance_mult,0.6000000000000001,-9.998919025346307,47.0,0.3817981998106837,20.46427532889619
axis:clearance_mult,0.6000000000000001,-9.998919025346307,50.0,0.0010408182075445983,6.764741688324555
axis:clearance_mult,0.65,-10.089920707369242,15.0,0.0016090837300751205,0.6382731443618215
axis:clearance_mult,0.65,-10.089920707369242,20.0,0.1235468713025118,5.167537234327229
axis:clearance_mult,0.65,-10.089920707369242,25.0,0.5396820454330282,12.017831570813572
axis:clearance_mult,0.65,-10.089920707369242,27.0,0.8306846147127526,18.525954840075684
axis:clearance_mult,0.65,-10.089920707369242,30.0,1.2068268259464727,23.723217722830505
axis:clearance_mult,0.65,-10.089920707369242,35.0,1.5328944809310687,31.054871637976106
axis:clearance_mult,0.65,-10.089920707369242,37.0,1.6036638472425329,34.76775773328349
axis:clearance_mult,0.65,-10.089920707369242,40.0,1.665100727790561,38.780650175160645
axis:clearance_mult,0.65,-10.089920707369242,43.0,1.6254234769369569,37.74655483342836
axis:clearance_mult,0.65,-10.089920707369242,45.0,1.4201098688273195,43.386027682779094
axis:clearance_mult,0.65,-10.089920707369242,47.0,0.3818123232549783,20.427460073865056
axis:clearance_mult,0.65,-10.089920707369242,50.0,0.00104082704556705,6.737703782573117
axis:clearance_mult,0.7000000000000001,-10.181577951033695,15.0,0.0020659466640430596,0.6461850304128346
axis:clearance_mult,0.7000000000000001,-10.181577951033695,20.0,0.12398848287960415,5.1511106463411185
axis:clearance_mult,0.7000000000000001,-10.181577951033695,25.0,0.5402878055778019,12.024847916555823
axis:clearance_mult,0.7000000000000001,-10.181577951033695,27.0,0.8312622773598322,18.553338228334372
axis:clearance_mult,0.7000000000000001,-10.181577951033695,30.0,1.2074717885064044,23.746661946724927
axis:clearance_mult,0.7000000000000001,-10.181577951033695,35.0,1.5333382306993464,31.063622850964205
axis:clearance_mult,0.7000000000000001,-10.181577951033695,37.0,1.6040846594969975,34.774025348912026
axis:clearance_mult,0.7000000000000001,-10.181577951033695,40.0,1.665516882832,38.80938600676372
axis:clearance_mult,0.7000000000000001,-10.181577951033695,43.0,1.6259280163351295,37.76444557904618
axis:clearance_mult,0.7000000000000001,-10.181577951033695,45.0,1.421056096902888,43.33990870607179
axis:clearance_mult,0.7000000000000001,-10.181577951033695,47.0,0.38182522288882353,20.389915449743846
axis:clearance_mult,0.7000000000000001,-10.181577951033695,50.0,0.0010408360102780693,6.710278270393702
axis:clearance_mult,0.75,-10.273797683442542,15.0,0.0025293584967476827,0.654210329342668
axis:clearance_mult,0.75,-10.273797683442542,20.0,0.12443642473495785,5.134448591549213
axis:clearance_mult,0.75,-10.273797683442542,25.0,0.5409022489874064,12.031964838077142
axis:clearance_mult,0.75,-10.273797683442542,27.0,0.8318482205083483,18.58111414361414
axis:clearance_mult,0.75,-10.273797683442542,30.0,1.2081259962779307,23.770442231708365
axis:clearance_mult,0.75,-10.273797683442542,35.0,1.5337883413957718,31.072499508157094
axis:clearance_mult,0.75,-10.273797683442542,37.0,1.6045072636455668,34.78092077631566
axis:clearance_mult,0.75,-10.273797683442542,40.0,1.6659390032451558,38.8385337519515
axis:clearance_mult,0.75,-10.273797683442542,43.0,1.6264397880500079,37.78259277944072
axis:clearance_mult,0.75,-10.273797683442542,45.0,1.4220158886786152,43.2931286375198
axis:clearance_mult,0.75,-10.273797683442542,47.0,0.38183830743259395,20.351832643193287
axis:clearance_mult,0.75,-10.273797683442542,50.0,0.0010408451034524186,6.682459858746987
axis:clearance_mult,0.8,-10.36657711401495,15.0,0.0029994131033361064,0.6623506668674906
axis:clearance_mult,0.8,-10.36657711401495,20.0,0.1248907876099062,5.117547694673739
axis:clearance_mult,0.8,-10.36657711401495,25.0,0.5415254106119358,12.039181836769387
axis:clearance_mult,0.8,-10.36657711401495,27.0,0.8324425628550916,18.609288212524024
axis:clearance_mult,0.8,-10.36657711401495,30.0,1.2087895817864787,23.79456339495346
axis:clearance_mult,0.8,-10.36657711401495,35.0,1.5342449042010255,31.08150340773355
axis:clearance_mult,0.8,-10.36657711401495,37.0,1.6049322965496213,34.788375289472306
axis:clearance_mult,0.8,-10.36657711401495,40.0,1.6663671745406137,38.86809931530166
axis:clearance_mult,0.8,-10.36657711401495,43.0,1.6269496294897428,37.80156664193558
axis:clearance_mult,0.8,-10.36657711401495,45.0,1.4229894385832653,43.24567800025592
axis:clearance_mult,0.8,-10.36657711401495,47.0,0.3818515795364889,20.313203937838313
axis:clearance_mult,0.8,-10.36657711401495,50.0,0.001040854327055943,6.654242306754959
axis:clearance_mult,0.8500000000000001,-10.459907997630438,15.0,0.0034762057046058494,0.6706076920072871
axis:clearance_mult,0.8500000000000001,-10.459907997630438,20.0,0.1253516635465129,5.100404531966149
axis:clearance_mult,0.8500000000000001,-10.459907997630438,25.0,0.5421570733928998,12.046494089112922
axis:clearance_mult,0.8500000000000001,-10.459907997630438,27.0,0.8330454247983141,18.637866142476046
axis:clearance_mult,0.8500000000000001,-10.459907997630438,30.0,1.2094626794571535,23.819030323000888
axis:clearance_mult,0.8500000000000001,-10.459907997630438,35.0,1.5347080116028227,31.09063637364998
axis:clearance_mult,0.8500000000000001,-10.459907997630438,37.0,1.6053634220850572,34.795936659298704
axis:clearance_mult,0.8500000000000001,-10.459907997630438,40.0,1.6668014834547016,38.898088686030114
axis:clearance_mult,0.8500000000000001,-10.459907997630438,43.0,1.6274596543831596,37.82124785366916
axis:clearance_mult,0.8500000000000001,-10.459907997630438,45.0,1.4239769438326626,43.197547182161934
axis:clearance_mult,0.8500000000000001,-10.459907997630438,47.0,0.38186503068304156,20.273953238987193
axis:clearance_mult,0.8500000000000001,-10.459907997630438,50.0,0.001040863682833286,6.625620433255233
axis:clearance_mult,0.9,-10.553899035677206,15.0,0.003959832886298473,0.6789830774199114
axis:clearance_mult,0.9,-10.553899035677206,20.0,0.125819145906216,5.083015630739963
axis:clearance_mult,0.9,-10.553899035677206,25.0,0.5427977907398632,12.053911158887232
axis:clearance_mult,0.9,-10.553899035677206,27.0,0.8336569284621148,18.666853722581138
axis:clearance_mult,0.9,-10.553899035677206,30.0,1.2101454256419895,23.843847972005136
axis:clearance_mult,0.9,-10.553899035677206,35.0,1.5351777574146452,31.09990025600677
axis:clearance_mult,0.9,-10.553899035677206,37.0,1.6058007275866555,34.80360641753168
axis:clearance_mult,0.9,-10.553899035677206,40.0,1.6672352944318871,38.930343415241836
axis:clearance_mult,0.9,-10.553899035677206,43.0,1.6279769902250745,37.84121118560378
axis:clearance_mult,0.9,-10.553899035677206,45.0,1.4249786044695916,43.148726433178574
axis:clearance_mult,0.9,-10.553899035677206,47.0,0.38187864840903685,20.233980067353453
axis:clearance_mult,0.9,-10.553899035677206,50.0,0.0010408731727209629,6.596588287292699
axis:clearance_mult,0.9500000000000001,-10.648403114056823,15.0,0.004450392618661845,0.6874785197399205
axis:clearance_mult,0.9500000000000001,-10.648403114056823,20.0,0.12629332938874216,5.065377468424881
axis:clearance_mult,0.9500000000000001,-10.648403114056823,25.0,0.5434476924454433,12.061434548603678
axis:clearance_mult,0.9500000000000001,-10.648403114056823,27.0,0.8342771977211847,18.696256824970483
axis:clearance_mult,0.9500000000000001,-10.648403114056823,30.0,1.2108379586475413,23.8690213694286
axis:clearance_mult,0.9500000000000001,-10.648403114056823,35.0,1.5356542367947346,31.109296931424538
axis:clearance_mult,0.9500000000000001,-10.648403114056823,37.0,1.6062443016411057,34.81138611786353
axis:clearance_mult,0.9500000000000001,-10.648403114056823,40.0,1.6676741447802446,38.9633807780097
axis:clearance_mult,0.9500000000000001,-10.648403114056823,43.0,1.628501741814237,37.86146068179042
axis:clearance_mult,0.9500000000000001,-10.648403114056823,45.0,1.4259835666844238,43.10056725692578
axis:clearance_mult,0.9500000000000001,-10.648403114056823,47.0,0.38189246133833576,20.193433900373897
axis:clearance_mult,0.9500000000000001,-10.648403114056823,50.0,0.0010408827986395275,6.567139993373265
axis:clearance_mult,1.0,-10.742527512798278,15.0,0.004947984276298296,0.6960957399222688
axis:clearance_mult,1.0,-10.742527512798278,20.0,0.12677431005129808,5.047486472016035
axis:clearance_mult,1.0,-10.742527512798278,25.0,0.5441069101627684,12.069065782290961
axis:clearance_mult,1.0,-10.742527512798278,27.0,0.8349063582258905,18.72608140589597
axis:clearance_mult,1.0,-10.742527512798278,30.0,1.2115404187629235,23.894555614745933
axis:clearance_mult,1.0,-10.742527512798278,35.0,1.5361375462653686,31.11882830342403
axis:clearance_mult,1.0,-10.742527512798278,37.0,1.606694234104939,34.8192773362585
axis:clearance_mult,1.0,-10.742527512798278,40.0,1.668119285826052,38.99689171462044
axis:clearance_mult,1.0,-10.742527512798278,43.0,1.6290340154516085,37.88200044424577
axis:clearance_mult,1.0,-10.742527512798278,45.0,1.4268754478539145,43.05874528777726
axis:clearance_mult,1.0,-10.742527512798278,47.0,0.38190647202748856,20.152305053442188
axis:clearance_mult,1.0,-10.742527512798278,50.0,0.0010408925625444735,6.537269558347009
PC1,-1.0,-15.120196614076889,15.0,0.001797519196971619,0.6535333865046213
PC1,-1.0,-15.120196614076889,20.0,0.09432837468942573,3.275640658616767
PC1,-1.0,-15.120196614076889,25.0,0.42922719710433543,10.194087792713447
PC1,-1.0,-15.120196614076889,27.0,0.6529514130073818,14.714389562557272
PC1,-1.0,-15.120196614076889,30.0,0.9511091535387233,19.983378592175704
PC1,-1.0,-15.120196614076889,35.0,1.3427542577164395,24.4676109595937
PC1,-1.0,-15.120196614076889,37.0,1.4292323851936566,27.567642663634764
PC1,-1.0,-15.120196614076889,40.0,1.4996959318246292,30.099420722826316
PC1,-1.0,-15.120196614076889,43.0,1.4873189583621829,30.566731848903647
PC1,-1.0,-15.120196614076889,45.0,1.3427425126153345,26.20287445846309
PC1,-1.0,-15.120196614076889,47.0,0.6174027847986796,23.90280190331945
PC1,-1.0,-15.120196614076889,50.0,0.0009822250608548491,6.2588718369621406
PC1,-0.9500000000000001,-14.678846117735825,15.0,0.0016553177314645082,0.657536746489295
PC1,-0.9500000000000001,-14.678846117735825,20.0,0.09627423022183546,3.3288801463355435
PC1,-0.9500000000000001,-14.678846117735825,25.0,0.43546965270771465,10.321554655885175
PC1,-0.9500000000000001,-14.678846117735825,27.0,0.6628246098774324,14.989064130601534
PC1,-0.9500000000000001,-14.678846117735825,30.0,0.9628660276486757,20.14907701581153
PC1,-0.9500000000000001,-14.678846117735825,35.0,1.353375348309588,24.81474200425408
PC1,-0.9500000000000001,-14.678846117735825,37.0,1.438364464172438,27.56976975337176
PC1,-0.9500000000000001,-14.678846117735825,40.0,1.5073768935838494,30.495072990867925
PC1,-0.9500000000000001,-14.678846117735825,43.0,1.4939764005953216,30.91542123549913
PC1,-0.9500000000000001,-14.678846117735825,45.0,1.3468740803305537,26.389066099311506
PC1,-0.9500000000000001,-14.678846117735825,47.0,0.6058671723010025,23.83956691043625
PC1,-0.9500000000000001,-14.678846117735825,50.0,0.0009856133303566242,6.2848457855545155
PC1,-0.9,-14.141892875819561,15.0,0.0015289241019720904,0.6621401398058726
PC1,-0.9,-14.141892875819561,20.0,0.09812531201409065,4.655685480143785
PC1,-0.9,-14.141892875819561,25.0,0.441538353350404,10.445689204919706
PC1,-0.9,-14.141892875819561,27.0,0.6726050965922048,15.261289903796303
PC1,-0.9,-14.141892875819561,30.0,0.9745902163660406,20.314497036163377
PC1,-0.9,-14.141892875819561,35.0,1.3641799062795088,25.12052203426379
PC1,-0.9,-14.141892875819561,37.0,1.4474785838878164,27.657365836153126
PC1,-0.9,-14.141892875819561,40.0,1.5150743448271689,30.89160131653373
PC1,-0.9,-14.141892875819561,43.0,1.500629851179147,31.26435355287449
PC1,-0.9,-14.141892875819561,45.0,1.3508925676291836,26.57072860171215
PC1,-0.9,-14.141892875819561,47.0,0.5931072420980317,23.675537318953683
PC1,-0.9,-14.141892875819561,50.0,0.0009889644555596507,6.311043879294521
PC1,-0.8500000000000001,-13.725460168113896,15.0,0.001380185761569034,0.66602125143204
PC1,-0.8500000000000001,-13.725460168113896,20.0,0.09989625322654891,4.732761722691263
PC1,-0.8500000000000001,-13.725460168113896,25.0,0.4474442304307598,10.56670296079719
PC1,-0.8500000000000001,-13.725460168113896,27.0,0.6822575241040925,15.53269904510386
PC1,-0.8500000000000001,-13.725460168113896,30.0,0.9862898946598238,20.479715065489668
PC1,-0.8500000000000001,-13.725460168113896,35.0,1.3749708833548397,25.474420591624334
PC1,-0.8500000000000001,-13.725460168113896,37.0,1.4563731606464316,27.84320602335416
PC1,-0.8500000000000001,-13.725460168113896,40.0,1.5227895019288062,31.289065939202846
PC1,-0.8500000000000001,-13.725460168113896,43.0,1.5072784423246632,31.613110216594077
PC1,-0.8500000000000001,-13.725460168113896,45.0,1.354795105759239,26.747745721597713
PC1,-0.8500000000000001,-13.725460168113896,47.0,0.5804205627081147,23.51397161912345
PC1,-0.8500000000000001,-13.725460168113896,50.0,0.0009922757714915977,6.337448144839014
PC1,-0.8,-13.327576861093819,15.0,0.0012095637731457283,0.6692011060452268
PC1,-0.8,-13.327576861093819,20.0,0.1015663513225398,4.7994126292075086
PC1,-0.8,-13.327576861093819,25.0,0.45319778584063325,10.684799090157373
PC1,-0.8,-13.327576861093819,27.0,0.6918128329814971,15.8026345725254
PC1,-0.8,-13.327576861093819,30.0,0.9979727098816938,20.644810780273072
PC1,-0.8,-13.327576861093819,35.0,1.3851801692754775,25.96698712949963
PC1,-0.8,-13.327576861093819,37.0,1.4645691238698557,28.138793722550282
PC1,-0.8,-13.327576861093819,40.0,1.5305234345699035,31.687519862076446
PC1,-0.8,-13.327576861093819,43.0,1.51392173882942,31.961669815456624
PC1,-0.8,-13.327576861093819,45.0,1.3585737339482185,26.919794497053402
PC1,-0.8,-13.327576861093819,47.0,0.5678131241262167,23.355618085602337
PC1,-0.8,-13.327576861093819,50.0,0.0009955447124586326,6.36418990282397
PC1,-0.75,-12.942205703236759,15.0,0.0010176493735336517,0.6716885775852972
PC1,-0.75,-12.942205703236759,20.0,0.10316157524142486,4.864086192497827
PC1,-0.75,-12.942205703236759,25.0,0.45880913121704797,10.80017318232441
PC1,-0.75,-12.942205703236759,27.0,0.70129924495948,16.07073469660439
PC1,-0.75,-12.942205703236759,30.0,1.0096458343823556,20.809864191180957
PC1,-0.75,-12.942205703236759,35.0,1.3952105695991306,26.48468497283731
PC1,-0.75,-12.942205703236759,37.0,1.4725422497977612,28.546958594999154
PC1,-0.75,-12.942205703236759,40.0,1.5383219393125516,31.968822179515158
PC1,-0.75,-12.942205703236759,43.0,1.5205592113335025,32.31000625453221
PC1,-0.75,-12.942205703236759,45.0,1.362213296597075,27.08625988158294
PC1,-0.75,-12.942205703236759,47.0,0.555288481608181,23.201660116608362
PC1,-0.75,-12.942205703236759,50.0,0.0009987682511070927,6.390965987536489
PC1,-0.7000000000000001,-12.567774551858863,15.0,0.0008051557581570111,0.6735209760568963
PC1,-0.7000000000000001,-12.567774551858863,20.0,0.10469745535966718,4.92518531836493
PC1,-0.7000000000000001,-12.567774551858863,25.0,0.4642880167783157,10.913013818078419
PC1,-0.7000000000000001,-12.567774551858863,27.0,0.7107256276083769,16.337240565240684
PC1,-0.7000000000000001,-12.567774551858863,30.0,1.0213160107307633,20.974954039431772
PC1,-0.7000000000000001,-12.567774551858863,35.0,1.405178799756361,26.99933399754678
PC1,-0.7000000000000001,-12.567774551858863,37.0,1.4805308597385078,28.955945019660614
PC1,-0.7000000000000001,-12.567774551858863,40.0,1.546209958578234,32.37417222322996
PC1,-0.7000000000000001,-12.567774551858863,43.0,1.5271902397117432,32.658088923932695
PC1,-0.7000000000000001,-12.567774551858863,45.0,1.3657294756990535,27.247778730351538
PC1,-0.7000000000000001,-12.567774551858863,47.0,0.5428516627902055,23.054478535906807
PC1,-0.7000000000000001,-12.567774551858863,50.0,0.001001943281227433,6.417911122786336
PC1,-0.65,-12.20516074141271,15.0,0.0005729051923492325,0.6747124577152164
PC1,-0.65,-12.20516074141271,20.0,0.10613796144759387,4.983148851876928
PC1,-0.65,-12.20516074141271,25.0,0.4696438523786101,11.023502983951017
PC1,-0.65,-12.20516074141271,27.0,0.7201004017704825,16.602381189046877
PC1,-0.65,-12.20516074141271,30.0,1.0329895907265565,21.140156924424893
PC1,-0.65,-12.20516074141271,35.0,1.415086479566349,27.5073395758375
PC1,-0.65,-12.20516074141271,37.0,1.4887663192006495,29.262408918548342
PC1,-0.65,-12.20516074141271,40.0,1.5541041624068672,32.77989045675726
PC1,-0.65,-12.20516074141271,43.0,1.533814116168403,33.00588285278603
PC1,-0.65,-12.20516074141271,45.0,1.3691192240489098,27.404227557860956
PC1,-0.65,-12.20516074141271,47.0,0.530510459075297,22.91931732104629
PC1,-0.65,-12.20516074141271,50.0,0.0010050666230624942,6.445017621293959
PC1,-0.6000000000000001,-11.859690522992375,15.0,0.0003218128963140087,0.6753022065858659
PC1,-0.6000000000000001,-11.859690522992375,20.0,0.10748691741405024,5.038104408286513
PC1,-0.6000000000000001,-11.859690522992375,25.0,0.4748857229100878,11.131816374804254
PC1,-0.6000000000000001,-11.859690522992375,27.0,0.7293088104627924,16.864986169323895
PC1,-0.6000000000000001,-11.859690522992375,30.0,1.044672569206424,21.305546846915846
PC1,-0.6000000000000001,-11.859690522992375,35.0,1.4242320775137622,27.721374336754142
PC1,-0.6000000000000001,-11.859690522992375,37.0,1.4970496011742591,29.685125766447907
PC1,-0.6000000000000001,-11.859690522992375,40.0,1.5620068932421096,33.18609241447164
PC1,-0.6000000000000001,-11.859690522992375,43.0,1.540430048060211,33.353348849696204
PC1,-0.6000000000000001,-11.859690522992375,45.0,1.3723794705551855,27.55548190971207
PC1,-0.6000000000000001,-11.859690522992375,47.0,0.518269058670651,22.810027659936406
PC1,-0.6000000000000001,-11.859690522992375,50.0,0.0010081349515233126,6.472278941407332
PC1,-0.55,-11.518597408706981,15.0,5.286899615799326e-05,0.6753242415652799
PC1,-0.55,-11.518597408706981,20.0,0.10874830904191986,5.090184998463891
PC1,-0.55,-11.518597408706981,25.0,0.4800223997420152,11.238123618253582
PC1,-0.55,-11.518597408706981,27.0,0.7382332414828506,17.120526595609736
PC1,-0.55,-11.518597408706981,30.0,1.0563724237256398,21.471219520555316
PC1,-0.55,-11.518597408706981,35.0,1.4333388690633206,27.724680019654553
PC1,-0.55,-11.518597408706981,37.0,1.5053255954538372,30.107875046705274
PC1,-0.55,-11.518597408706981,40.0,1.5699201735121753,33.592877879791885
PC1,-0.55,-11.518597408706981,43.0,1.5470371604707431,33.700443630826484
PC1,-0.55,-11.518597408706981,45.0,1.3755071242830654,27.701416526733652
PC1,-0.55,-11.518597408706981,47.0,0.5061355736452554,22.698253558648336
PC1,-0.55,-11.518597408706981,50.0,0.0010111447894558467,6.499688720221341
PC1,-0.5,-11.259939993527691,15.0,0.0,
PC1,-0.5,-11.259939993527691,20.0,0.10992623623164845,5.139527437269237
PC1,-0.5,-11.259939993527691,25.0,0.48506234951178906,11.3426367279179
PC1,-0.5,-11.259939993527691,27.0,0.7457157056791568,17.336464901383145
PC1,-0.5,-11.259939993527691,30.0,1.0681023351750156,21.63814224796728
PC1,-0.5,-11.259939993527691,35.0,1.4424511988553999,27.72800148698684
PC1,-0.5,-11.259939993527691,37.0,1.5136080006368182,30.531851621693136
PC1,-0.5,-11.259939993527691,40.0,1.5777353373063194,33.99759435467612
PC1,-0.5,-11.259939993527691,43.0,1.5536381196415292,34.0473000964424
PC1,-0.5,-11.259939993527691,45.0,1.3785087061488621,27.966477847974936
PC1,-0.5,-11.259939993527691,47.0,0.494115227800917,22.539414860017683
PC1,-0.5,-11.259939993527691,50.0,0.001014092500726086,6.5272424571358405
PC1,-0.45,-11.02369809856361,15.0,0.0,
PC1,-0.45,-11.02369809856361,20.0,0.11102815848513323,5.186380509192895
PC1,-0.45,-11.02369809856361,25.0,0.49008316134830315,11.4467574116696
PC1,-0.45,-11.02369809856361,27.0,0.7531498206284615,17.52444698796577
PC1,-0.45,-11.02369809856361,30.0,1.0796807569741393,21.802951174235634
PC1,-0.45,-11.02369809856361,35.0,1.4515739124007243,27.731377704778286
PC1,-0.45,-11.02369809856361,37.0,1.5218825706370223,30.68706427189527
PC1,-0.45,-11.02369809856361,40.0,1.5854737125990293,34.40081766514943
PC1,-0.45,-11.02369809856361,43.0,1.5602289875204363,34.39372256434449
PC1,-0.45,-11.02369809856361,45.0,1.3813232171415666,27.97564017920881
PC1,-0.45,-11.02369809856361,47.0,0.48221335059911724,22.38469940601626
PC1,-0.45,-11.02369809856361,50.0,0.001016974283107126,6.554935535660603
PC1,-0.4,-10.800384223627407,15.0,0.0,
PC1,-0.4,-10.800384223627407,20.0,0.11207953794031565,5.230049863929261
PC1,-0.4,-10.800384223627407,25.0,0.4950325463762811,11.549524926054394
PC1,-0.4,-10.800384223627407,27.0,0.7604106108286145,17.50662488893576
PC1,-0.4,-10.800384223627407,30.0,1.0912874226164107,21.967910693475208
PC1,-0.4,-10.800384223627407,35.0,1.460582805080818,27.809637112910988
PC1,-0.4,-10.800384223627407,37.0,1.5301634651567324,31.10729894644813
PC1,-0.4,-10.800384223627407,40.0,1.5932270372807344,34.8048524468392
PC1,-0.4,-10.800384223627407,43.0,1.566808025705321,34.73962479240705
PC1,-0.4,-10.800384223627407,45.0,1.3839340074943907,28.100779760085043
PC1,-0.4,-10.800384223627407,47.0,0.4704344422828972,22.232050955742302
PC1,-0.4,-10.800384223627407,50.0,0.0010197861609824675,6.5827648059859944
PC1,-0.35000000000000003,-10.598727981853129,15.0,0.0,
PC1,-0.35000000000000003,-10.598727981853129,20.0,0.11305865288699418,5.272861642984665
PC1,-0.35000000000000003,-10.598727981853129,25.0,0.49990757135973013,11.33507133093881
PC1,-0.35000000000000003,-10.598727981853129,27.0,0.7676258776388502,17.403883793325583
PC1,-0.35000000000000003,-10.598727981853129,30.0,1.1039463141040013,22.150992792118938
PC1,-0.35000000000000003,-10.598727981853129,35.0,1.4689635420364386,28.12438150992547
PC1,-0.35000000000000003,-10.598727981853129,37.0,1.5384472976386168,31.527738990582524
PC1,-0.35000000000000003,-10.598727981853129,40.0,1.600996236634822,35.209745227289815
PC1,-0.35000000000000003,-10.598727981853129,43.0,1.5733740541657326,35.084948320075306
PC1,-0.35000000000000003,-10.598727981853129,45.0,1.386432957077881,28.22144322639002
PC1,-0.35000000000000003,-10.598727981853129,47.0,0.45878310181273424,22.0813263424986
PC1,-0.35000000000000003,-10.598727981853129,50.0,0.0010225239778779871,6.610726881354906
PC1,-0.30000000000000004,-10.422365006977689,15.0,0.0,
PC1,-0.30000000000000004,-10.422365006977689,20.0,0.11398200576601343,5.154383221515649
PC1,-0.30000000000000004,-10.422365006977689,25.0,0.504722686356565,11.364869972527176
PC1,-0.30000000000000004,-10.422365006977689,27.0,0.7747940441404266,17.509381724495263
PC1,-0.30000000000000004,-10.422365006977689,30.0,1.1174774375013885,22.346230433727797
PC1,-0.30000000000000004,-10.422365006977689,35.0,1.4772672640082276,28.342813081872475
PC1,-0.30000000000000004,-10.422365006977689,37.0,1.5467462902414164,31.94897982667998
PC1,-0.30000000000000004,-10.422365006977689,40.0,1.608788917511758,35.61587680094245
PC1,-0.30000000000000004,-10.422365006977689,43.0,1.579925820437434,35.42963108391127
PC1,-0.30000000000000004,-10.422365006977689,45.0,1.3888210396933423,28.448741972111293
PC1,-0.30000000000000004,-10.422365006977689,47.0,0.4472637673276252,21.932613206137958
PC1,-0.30000000000000004,-10.422365006977689,50.0,0.0010251833888335297,6.638818982196819
PC1,-0.25,-10.263270304437022,15.0,0.0,
PC1,-0.25,-10.263270304437022,20.0,0.11484580776722897,5.1931166742069435
PC1,-0.25,-10.263270304437022,25.0,0.5094756872931601,11.457638313772444
PC1,-0.25,-10.263270304437022,27.0,0.7819324751789762,17.611683870833257
PC1,-0.25,-10.263270304437022,30.0,1.1307152129727858,22.537413063948673
PC1,-0.25,-10.263270304437022,35.0,1.485524455941784,28.760143457031237
PC1,-0.25,-10.263270304437022,37.0,1.5550925699122966,32.37258619903128
PC1,-0.25,-10.263270304437022,40.0,1.616652215249429,36.02560549770992
PC1,-0.25,-10.263270304437022,43.0,1.5862350647538879,35.76818841066464
PC1,-0.25,-10.263270304437022,45.0,1.3910778727045097,28.44864859713911
PC1,-0.25,-10.263270304437022,47.0,0.4358806807089711,21.77648508123637
PC1,-0.25,-10.263270304437022,50.0,0.001027759852637107,6.667038982524801
PC1,-0.2,-10.032166436682239,15.0,0.0,
PC1,-0.2,-10.032166436682239,20.0,0.1156496967318408,5.228366098507707
PC1,-0.2,-10.032166436682239,25.0,0.5141735487313405,11.553383887989767
PC1,-0.2,-10.032166436682239,27.0,0.7890494476774866,17.71281868053585
PC1,-0.2,-10.032166436682239,30.0,1.143963965268957,22.696342172422142
PC1,-0.2,-10.032166436682239,35.0,1.4937537415969562,29.176180552694913
PC1,-0.2,-10.032166436682239,37.0,1.563506303792249,32.79954043553625
PC1,-0.2,-10.032166436682239,40.0,1.6245361097201563,36.43642914634549
PC1,-0.2,-10.032166436682239,43.0,1.5924380080373242,36.09869765050648
PC1,-0.2,-10.032166436682239,45.0,1.3935049311244128,38.20733225976724
PC1,-0.2,-10.032166436682239,47.0,0.42463672228942967,21.598479639281436
PC1,-0.2,-10.032166436682239,50.0,0.0010302764632490395,6.695386108272951
PC1,-0.15000000000000002,-9.903065128078552,15.0,0.0,
PC1,-0.15000000000000002,-9.903065128078552,20.0,0.11639761023854994,5.264041304149833
PC1,-0.15000000000000002,-9.903065128078552,25.0,0.5188229750513944,11.649364084100377
PC1,-0.15000000000000002,-9.903065128078552,27.0,0.7961523088619845,17.811052854827896
PC1,-0.15000000000000002,-9.903065128078552,30.0,1.1574712373769571,22.891287865116944
PC1,-0.15000000000000002,-9.903065128078552,35.0,1.5019756276316107,29.591919621547913
PC1,-0.15000000000000002,-9.903065128078552,37.0,1.5719386044963026,33.22746205571167
PC1,-0.15000000000000002,-9.903065128078552,40.0,1.632438375835801,36.84890631142643
PC1,-0.15000000000000002,-9.903065128078552,43.0,1.598605339202396,36.42720938571333
PC1,-0.15000000000000002,-9.903065128078552,45.0,1.3973208549276517,43.71423271795668
PC1,-0.15000000000000002,-9.903065128078552,47.0,0.41353666891260726,21.43379479346872
PC1,-0.15000000000000002,-9.903065128078552,50.0,0.0010329690857609304,6.723869852147398
PC1,-0.1,-9.827137636368532,15.0,0.0,
PC1,-0.1,-9.827137636368532,20.0,0.11709336192400806,5.297973462762632
PC1,-0.1,-9.827137636368532,25.0,0.5234304082678503,11.745041005900127
PC1,-0.1,-9.827137636368532,27.0,0.8032481254246837,17.889198439749837
PC1,-0.1,-9.827137636368532,30.0,1.1707223173712304,23.08269515330652
PC1,-0.1,-9.827137636368532,35.0,1.5102054150533952,30.008103327396423
PC1,-0.1,-9.827137636368532,37.0,1.5803942008107374,33.656581573971586
PC1,-0.1,-9.827137636368532,40.0,1.6403372529580058,37.27767628302911
PC1,-0.1,-9.827137636368532,43.0,1.6047471044564676,36.75450241985962
PC1,-0.1,-9.827137636368532,45.0,1.401335054662936,44.006012416962754
PC1,-0.1,-9.827137636368532,47.0,0.40258364288642134,21.35897805207219
PC1,-0.1,-9.827137636368532,50.0,0.0010355761991128487,6.7524762783009145
PC1,-0.05,-9.789475802712074,15.0,0.0,
PC1,-0.05,-9.789475802712074,20.0,0.11774062941414654,5.330288461287083
PC1,-0.05,-9.789475802712074,25.0,0.5280020363906494,11.840299731344151
PC1,-0.05,-9.789475802712074,27.0,0.8125584138514034,18.056673248484827
PC1,-0.05,-9.789475802712074,30.0,1.1837823685223123,23.271470388915432
PC1,-0.05,-9.789475802712074,35.0,1.5184908472078333,30.42704850917264
PC1,-0.05,-9.789475802712074,37.0,1.588875170630323,34.08700041278931
PC1,-0.05,-9.789475802712074,40.0,1.6482595523609178,37.711202099479486
PC1,-0.05,-9.789475802712074,43.0,1.610861571090251,37.080489747655285
PC1,-0.05,-9.789475802712074,45.0,1.4051867094375343,43.92469484400113
PC1,-0.05,-9.789475802712074,47.0,0.39177609859887275,21.087158719752445
PC1,-0.05,-9.789475802712074,50.0,0.0010380928176824543,6.781204383333884
PC1,0.0,-9.778832777439442,15.0,0.0,
PC1,0.0,-9.778832777439442,20.0,0.11834294554443253,5.361107214410037
PC1,0.0,-9.778832777439442,25.0,0.532543802270648,11.935151350736097
PC1,0.0,-9.778832777439442,27.0,0.8216112608677085,18.197831158931137
PC1,0.0,-9.778832777439442,30.0,1.196704095074697,23.456076446998143
PC1,0.0,-9.778832777439442,35.0,1.526831668346877,30.8498131098087
PC1,0.0,-9.778832777439442,37.0,1.5971836562400126,34.51419861282276
PC1,0.0,-9.778832777439442,40.0,1.6562052344531948,38.14599875072689
PC1,0.0,-9.778832777439442,43.0,1.6168964144917108,37.41597020263076
PC1,0.0,-9.778832777439442,45.0,1.4088748931669104,43.93948842422541
PC1,0.0,-9.778832777439442,47.0,0.38112494249750395,20.74581553250344
PC1,0.0,-9.778832777439442,50.0,0.0010405137263009346,6.810053065922612
PC1,0.05,-9.800789168509363,15.0,0.0,
PC1,0.05,-9.800789168509363,20.0,0.11890369248228551,5.390545461400763
PC1,0.05,-9.800789168509363,25.0,0.5370614128545236,12.027075035995265
PC1,0.05,-9.800789168509363,27.0,0.830544375662944,18.29404904496115
PC1,0.05,-9.800789168509363,30.0,1.2106801160411054,23.397705358300314
PC1,0.05,-9.800789168509363,35.0,1.535193922145196,31.27380063498292
PC1,0.05,-9.800789168509363,37.0,1.605516928379183,34.942936511349885
PC1,0.05,-9.800789168509363,40.0,1.6641741518379116,38.58206232933636
PC1,0.05,-9.800789168509363,43.0,1.6228598032282182,37.75946917303126
PC1,0.05,-9.800789168509363,45.0,1.412522202663396,44.73793439159308
PC1,0.05,-9.800789168509363,47.0,0.3705293620305953,20.404922060345985
PC1,0.05,-9.800789168509363,50.0,0.0010428334713092084,6.83902124307283
PC1,0.1,-9.854766125394825,15.0,0.0,
PC1,0.1,-9.854766125394825,20.0,0.11942609837044153,5.41871364829567
PC1,0.1,-9.854766125394825,25.0,0.5429599453308617,12.148621267188307
PC1,0.1,-9.854766125394825,27.0,0.8400437573052362,18.428694874506842
PC1,0.1,-9.854766125394825,30.0,1.224308098440215,23.598209835660022
PC1,0.1,-9.854766125394825,35.0,1.5435892165273262,31.69945903009101
PC1,0.1,-9.854766125394825,37.0,1.6138872076944217,35.37356941334184
PC1,0.1,-9.854766125394825,40.0,1.672166057555213,39.01938303546124
PC1,0.1,-9.854766125394825,43.0,1.6287944973359016,38.10105108501021
PC1,0.1,-9.854766125394825,45.0,1.4160053438881495,44.65670368146609
PC1,0.1,-9.854766125394825,47.0,0.3600438251708847,20.100439837876134
PC1,0.1,-9.854766125394825,50.0,0.001045046351840216,6.868106997111922
PC1,0.15000000000000002,-9.955759521303552,15.0,0.0,
PC1,0.15000000000000002,-9.955759521303552,20.0,0.11991323612647731,5.445716883756435
PC1,0.15000000000000002,-9.955759521303552,25.0,0.5486650103229538,12.265606464131015
PC1,0.15000000000000002,-9.955759521303552,27.0,0.8521042631968408,18.242682810881607
PC1,0.15000000000000002,-9.955759521303552,30.0,1.2376313137298867,23.794407307066198
PC1,0.15000000000000002,-9.955759521303552,35.0,1.552020719409922,32.12694279481137
PC1,0.15000000000000002,-9.955759521303552,37.0,1.6222962715907787,35.80618554272377
PC1,0.15000000000000002,-9.955759521303552,40.0,1.6801808685067732,39.45795918166884
PC1,0.15000000000000002,-9.955759521303552,43.0,1.6349380533728584,38.45449358832723
PC1,0.15000000000000002,-9.955759521303552,45.0,1.4193041414854153,44.57661522351036
PC1,0.15000000000000002,-9.955759521303552,47.0,0.3497366089098854,19.945348237969505
PC1,0.15000000000000002,-9.955759521303552,50.0,0.0010471464104061066,6.897310547279847
PC1,0.2,-10.080205910366594,15.0,0.0,
PC1,0.2,-10.080205910366594,20.0,0.12036802405652439,5.471654955873256
PC1,0.2,-10.080205910366594,25.0,0.5566031401501378,12.070667859080018
PC1,0.2,-10.080205910366594,27.0,0.8632459889219977,18.40309002555663
PC1,0.2,-10.080205910366594,30.0,1.2503603386877842,23.79985578637273
PC1,0.2,-10.080205910366594,35.0,1.5604927110829272,32.556460599897896
PC1,0.2,-10.080205910366594,37.0,1.6307456600678665,36.240861371796164
PC1,0.2,-10.080205910366594,40.0,1.6882154251940429,39.89132805812203
PC1,0.2,-10.080205910366594,43.0,1.6415940832198443,38.83587925740309
PC1,0.2,-10.080205910366594,45.0,1.422419075352451,44.502346495353265
PC1,0.2,-10.080205910366594,47.0,0.33960686470754986,19.62461767512229
PC1,0.2,-10.080205910366594,50.0,0.0010491274244518413,6.926630785736342
PC1,0.25,-10.21561649665724,15.0,0.0,
PC1,0.25,-10.21561649665724,20.0,0.12079322797006418,5.496622401767925
PC1,0.25,-10.21561649665724,25.0,0.5650364127472768,12.230520689096704
PC1,0.25,-10.21561649665724,27.0,0.8733980292472514,18.515958665604625
PC1,0.25,-10.21561649665724,30.0,1.261380786845927,23.84291547814616
PC1,0.25,-10.21561649665724,35.0,1.5690095809658158,32.98822643133588
PC1,0.25,-10.21561649665724,37.0,1.6392365852745936,36.677657143848144
PC1,0.25,-10.21561649665724,40.0,1.6962469166989456,40.24533597998221
PC1,0.25,-10.21561649665724,43.0,1.6481897251593047,39.157073603314366
PC1,0.25,-10.21561649665724,45.0,1.425350745927954,44.42979299404105
PC1,0.25,-10.21561649665724,47.0,0.32965492171680005,19.434807104484335
PC1,0.25,-10.21561649665724,50.0,0.0010516602324636814,6.9560986174458135
PC1,0.30000000000000004,-10.389999431527464,15.0,0.0,
PC1,0.30000000000000004,-10.389999431527464,20.0,0.12119146451197851,5.5207086149621425
PC1,0.30000000000000004,-10.389999431527464,25.0,0.5727401435577583,14.199274738056948
PC1,0.30000000000000004,-10.389999431527464,27.0,0.8827913745267034,18.649835530925095
PC1,0.30000000000000004,-10.389999431527464,30.0,1.2721875756123264,23.695134082915686
PC1,0.30000000000000004,-10.389999431527464,35.0,1.5775732595198444,33.42233452991078
PC1,0.30000000000000004,-10.389999431527464,37.0,1.6477667172844408,37.11712195156145
PC1,0.30000000000000004,-10.389999431527464,40.0,1.7042850490851804,40.543765577636805
PC1,0.30000000000000004,-10.389999431527464,43.0,1.654717101326891,39.407249320194715
PC1,0.30000000000000004,-10.389999431527464,45.0,1.4281053379577686,44.3615837806203
PC1,0.30000000000000004,-10.389999431527464,47.0,0.319855517277039,19.248421309792388
PC1,0.30000000000000004,-10.389999431527464,50.0,0.0010554953250655446,6.985749025727524
PC1,0.35000000000000003,-10.585090741470463,15.0,0.0,
PC1,0.35000000000000003,-10.585090741470463,20.0,0.12156520546014146,5.543997987575858
PC1,0.35000000000000003,-10.585090741470463,25.0,0.5799366593802227,14.34882783141265
PC1,0.35000000000000003,-10.585090741470463,27.0,0.8916957900056146,18.77951838035209
PC1,0.35000000000000003,-10.585090741470463,30.0,1.2830030497106146,23.547095019816293
PC1,0.35000000000000003,-10.585090741470463,35.0,1.5861865236439283,33.85892035698899
PC1,0.35000000000000003,-10.585090741470463,37.0,1.6563101878315674,37.56341017338008
PC1,0.35000000000000003,-10.585090741470463,40.0,1.712339187047411,40.84275922412497
PC1,0.35000000000000003,-10.585090741470463,43.0,1.661211413997874,39.65628845737589
PC1,0.35000000000000003,-10.585090741470463,45.0,1.4307027371108516,44.29723092469115
PC1,0.35000000000000003,-10.585090741470463,47.0,0.310195841436528,19.011027762709915
PC1,0.35000000000000003,-10.585090741470463,50.0,0.0010592929424756146,7.015518713795805
PC1,0.4,-10.808031442815693,15.0,0.0,
PC1,0.4,-10.808031442815693,20.0,0.12208563084172726,5.572349851883081
PC1,0.4,-10.808031442815693,25.0,0.5864758012466612,14.359568811196322
PC1,0.4,-10.808031442815693,27.0,0.9002799472963783,18.905145468695025
PC1,0.4,-10.808031442815693,30.0,1.2938496537377582,23.406498375316804
PC1,0.4,-10.808031442815693,35.0,1.5948533880607767,34.29817965420089
PC1,0.4,-10.808031442815693,37.0,1.6648974028962273,38.011969896810804
PC1,0.4,-10.808031442815693,40.0,1.7203870800575498,41.138968291189826
PC1,0.4,-10.808031442815693,43.0,1.6676675238597236,39.903413508692566
PC1,0.4,-10.808031442815693,45.0,1.433130259229546,45.010891696292276
PC1,0.4,-10.808031442815693,47.0,0.3007215216042279,18.699857327266436
PC1,0.4,-10.808031442815693,50.0,0.001063050089842838,7.045407702416483
PC1,0.45,-11.06799231755799,15.0,0.0,
PC1,0.45,-11.06799231755799,20.0,0.12269843527470932,5.593821332178719
PC1,0.45,-11.06799231755799,25.0,0.5925648610210587,14.262482605456196
PC1,0.45,-11.06799231755799,27.0,0.9086475534039525,19.027921104772933
PC1,0.45,-11.06799231755799,30.0,1.30446568951131,23.545627496212663
PC1,0.45,-11.06799231755799,35.0,1.603575754884018,34.74020528445411
PC1,0.45,-11.06799231755799,37.0,1.673528748564963,38.462820855800125
PC1,0.45,-11.06799231755799,40.0,1.727786193983283,41.399847176494646
PC1,0.45,-11.06799231755799,43.0,1.673874778369665,40.09909938231972
PC1,0.45,-11.06799231755799,45.0,1.435511726578509,45.05960117188911
PC1,0.45,-11.06799231755799,47.0,0.2914339005503414,18.491562676757123
PC1,0.45,-11.06799231755799,50.0,0.0010672737115750772,7.075439276353166
PC1,0.5,-11.34790273766753,15.0,0.0,
PC1,0.5,-11.34790273766753,20.0,0.12337661598906399,5.627599261122707
PC1,0.5,-11.34790273766753,25.0,0.5983375066698663,14.221467369889295
PC1,0.5,-11.34790273766753,27.0,0.9168728940302681,19.148809102168865
PC1,0.5,-11.34790273766753,30.0,1.3146786437758062,23.69192001088662
PC1,0.5,-11.34790273766753,35.0,1.61220320085544,35.181498087796015
PC1,0.5,-11.34790273766753,37.0,1.6822044713230142,38.915975736162096
PC1,0.5,-11.34790273766753,40.0,1.7351727302676887,41.66035538439298
PC1,0.5,-11.34790273766753,43.0,1.6800348129320881,40.29344266662036
PC1,0.5,-11.34790273766753,45.0,1.4377375357523414,45.010805726394565
PC1,0.5,-11.34790273766753,47.0,0.28234272771689134,18.893300474658965
PC1,0.5,-11.34790273766753,50.0,0.0010715445458260072,7.105593896075947
PC1,0.55,-11.664229793430735,15.0,0.0,
PC1,0.55,-11.664229793430735,20.0,0.12394997084019159,5.657837744358277
PC1,0.55,-11.664229793430735,25.0,0.6038876424331534,14.183331301539766
PC1,0.55,-11.664229793430735,27.0,0.9250103199874837,19.2674001556375
PC1,0.55,-11.664229793430735,30.0,1.3243703244151053,23.84872615305016
PC1,0.55,-11.664229793430735,35.0,1.6208195465228163,35.624086171699616
PC1,0.55,-11.664229793430735,37.0,1.6909246955686648,39.37144105994236
PC1,0.55,-11.664229793430735,40.0,1.7424816822076157,41.90639149591838
PC1,0.55,-11.664229793430735,43.0,1.6861453220487868,40.48637553386467
PC1,0.55,-11.664229793430735,45.0,1.4398656636839908,44.96452000437935
PC1,0.55,-11.664229793430735,47.0,0.273440072715573,18.6325492235329
PC1,0.55,-11.664229793430735,50.0,0.0010757967624392423,7.135868343422832
PC1,0.6000000000000001,-12.02463879739641,15.0,0.0,
PC1,0.6000000000000001,-12.02463879739641,20.0,0.12489868790576651,5.130309050529734
PC1,0.6000000000000001,-12.02463879739641,25.0,0.6092822259282705,14.14655614743075
PC1,0.6000000000000001,-12.02463879739641,27.0,0.9331004297861683,19.386467343236728
PC1,0.6000000000000001,-12.02463879739641,30.0,1.3340029442485486,24.01435250659222
PC1,0.6000000000000001,-12.02463879739641,35.0,1.6294945441063688,36.06964054443826
PC1,0.6000000000000001,-12.02463879739641,37.0,1.6996894374878517,39.829217886019116
PC1,0.6000000000000001,-12.02463879739641,40.0,1.749272111917227,42.28779157455946
PC1,0.6000000000000001,-12.02463879739641,43.0,1.692203956714132,40.677828873469785
PC1,0.6000000000000001,-12.02463879739641,45.0,1.4420507462611978,44.9127142587992
PC1,0.6000000000000001,-12.02463879739641,47.0,0.2647255045399992,18.37737198481787
PC1,0.6000000000000001,-12.02463879739641,50.0,0.0010800282937767631,7.166262549916704
PC1,0.65,-12.407271349960414,15.0,0.0,
PC1,0.65,-12.407271349960414,20.0,0.12575658942794546,5.163484747998068
PC1,0.65,-12.407271349960414,25.0,0.6145699854633931,14.110610893500118
PC1,0.65,-12.407271349960414,27.0,0.9411741759286955,19.505314734520343
PC1,0.65,-12.407271349960414,30.0,1.3432041811424815,24.31721094928805
PC1,0.65,-12.407271349960414,35.0,1.638229085634519,36.51820560095449
PC1,0.65,-12.407271349960414,37.0,1.7084986160987277,40.28930236778144
PC1,0.65,-12.407271349960414,40.0,1.7559067056283486,42.767811653733474
PC1,0.65,-12.407271349960414,43.0,1.6982083246923803,40.86773230018453
PC1,0.65,-12.407271349960414,45.0,1.444363085752674,47.11447711145617
PC1,0.65,-12.407271349960414,47.0,0.25619893848266795,18.130314218177592
PC1,0.65,-12.407271349960414,50.0,0.0010842369531317286,7.196776294074781
PC1,0.7000000000000001,-12.833127332284825,15.0,0.0,
PC1,0.7000000000000001,-12.833127332284825,20.0,0.12648464766881817,5.193830926713014
PC1,0.7000000000000001,-12.833127332284825,25.0,0.6197870987436499,14.075191300427383
PC1,0.7000000000000001,-12.833127332284825,27.0,0.9492556406825697,19.624268739146515
PC1,0.7000000000000001,-12.833127332284825,30.0,1.3524436660380477,24.621317659270158
PC1,0.7000000000000001,-12.833127332284825,35.0,1.6470239140058824,36.96981835456074
PC1,0.7000000000000001,-12.833127332284825,37.0,1.7173517490882635,40.75167039471119
PC1,0.7000000000000001,-12.833127332284825,40.0,1.7625336860136105,43.247383596210106
PC1,0.7000000000000001,-12.833127332284825,43.0,1.7041559908309019,41.056014163332016
PC1,0.7000000000000001,-12.833127332284825,45.0,1.4465108530737838,47.06584544453356
PC1,0.7000000000000001,-12.833127332284825,47.0,0.2478599496962918,17.890710690015844
PC1,0.7000000000000001,-12.833127332284825,50.0,0.001088420427754874,7.227409823087139
PC1,0.75,-13.295443639843773,15.0,0.0,
PC1,0.75,-13.295443639843773,20.0,0.12713577419914535,5.663407204985767
PC1,0.75,-13.295443639843773,25.0,0.6249609605797093,14.040091296517248
PC1,0.75,-13.295443639843773,27.0,0.9573639434905299,19.743584723974088
PC1,0.75,-13.295443639843773,30.0,1.3617502017375842,24.92758024710644
PC1,0.75,-13.295443639843773,35.0,1.6558796437542018,37.424509464893845
PC1,0.75,-13.295443639843773,37.0,1.7260132692158279,41.15978596873963
PC1,0.75,-13.295443639843773,40.0,1.7691069613210058,43.72329753278937
PC1,0.75,-13.295443639843773,43.0,1.710025071274954,41.24412436164655
PC1,0.75,-13.295443639843773,45.0,1.4486373807628508,48.1578154292969
PC1,0.75,-13.295443639843773,47.0,0.23970791875607692,17.657433055385855
PC1,0.75,-13.295443639843773,50.0,0.0010925762714196175,7.258163041594106
PC1,0.8,-13.823838701537657,15.0,0.0,
PC1,0.8,-13.823838701537657,20.0,0.1278026934310551,5.839536858657929
PC1,0.8,-13.823838701537657,25.0,0.630112725727731,14.005160493231692
PC1,0.8,-13.823838701537657,27.0,0.9655145718348089,19.863463767153924
PC1,0.8,-13.823838701537657,30.0,1.3711085738324513,25.235519529573736
PC1,0.8,-13.823838701537657,35.0,1.664794199708056,37.88266323653602
PC1,0.8,-13.823838701537657,37.0,1.7342287070707856,41.44755674134343
PC1,0.8,-13.823838701537657,40.0,1.7738562123951345,43.93498259228148
PC1,0.8,-13.823838701537657,43.0,1.7156435576330862,41.44602946827457
PC1,0.8,-13.823838701537657,45.0,1.450744546606833,48.299301110438634
PC1,0.8,-13.823838701537657,47.0,0.23173680207477476,17.406507633111048
PC1,0.8,-13.823838701537657,50.0,0.0010967018965671814,7.289035575298572
PC1,0.8500000000000001,-14.399911825865699,15.0,0.0,
PC1,0.8500000000000001,-14.399911825865699,20.0,0.12839818622870797,5.940056266634504
PC1,0.8500000000000001,-14.399911825865699,25.0,0.6352590525735463,13.970284287520137
PC1,0.8500000000000001,-14.399911825865699,27.0,0.9737203231126969,19.98406269265625
PC1,0.8500000000000001,-14.399911825865699,30.0,1.380494112433133,25.54435842221083
PC1,0.8500000000000001,-14.399911825865699,35.0,1.6737356040153544,38.34886267463034
PC1,0.8500000000000001,-14.399911825865699,37.0,1.742486541360388,41.73680060116976
PC1,0.8500000000000001,-14.399911825865699,40.0,1.777967402680967,43.842397815767825
PC1,0.8500000000000001,-14.399911825865699,43.0,1.7212108883434616,41.64628020319091
PC1,0.8500000000000001,-14.399911825865699,45.0,1.4527048606045059,48.32998637082658
PC1,0.8500000000000001,-14.399911825865699,47.0,0.22394968160412274,17.14603046631652
PC1,0.8500000000000001,-14.399911825865699,50.0,0.0011007945658311092,7.320027651182323
PC1,0.9,-15.01389400690603,15.0,0.0,
PC1,0.9,-15.01389400690603,20.0,0.1289386210803004,6.035051127947906
PC1,0.9,-15.01389400690603,25.0,0.6404133166898488,13.93537260943813
PC1,0.9,-15.01389400690603,27.0,0.9819919801093046,20.105497520670127
PC1,0.9,-15.01389400690603,30.0,1.389492260985195,25.964229411113397
PC1,0.9,-15.01389400690603,35.0,1.6827390828099051,38.818258939252374
PC1,0.9,-15.01389400690603,37.0,1.7502561865160717,42.043686471968435
PC1,0.9,-15.01389400690603,40.0,1.7820277213617082,43.669147713343655
PC1,0.9,-15.01389400690603,43.0,1.72672448633977,41.844790613806126
PC1,0.9,-15.01389400690603,45.0,1.4545478190620884,48.41870790888799
PC1,0.9,-15.01389400690603,47.0,0.21634579195985637,16.89268358502096
PC1,0.9,-15.01389400690603,50.0,0.001104851383119434,7.351139483565662
PC1,0.9500000000000001,-15.675538035487499,15.0,0.0,
PC1,0.9500000000000001,-15.675538035487499,20.0,0.1294363914486313,6.125768673049419
PC1,0.9500000000000001,-15.675538035487499,25.0,0.6455864672422894,13.900352867885097
PC1,0.9500000000000001,-15.675538035487499,27.0,0.9903388014642213,20.22783746013539
PC1,0.9500000000000001,-15.675538035487499,30.0,1.3984841439795073,26.42366721263113
PC1,0.9500000000000001,-15.675538035487499,35.0,1.6918048789141753,39.29086453101478
PC1,0.9500000000000001,-15.675538035487499,37.0,1.7576470683560408,42.57544401553337
PC1,0.9500000000000001,-15.675538035487499,40.0,1.7859097895643539,43.660272187382596
PC1,0.9500000000000001,-15.675538035487499,43.0,1.7320887030078054,42.02582859724208
PC1,0.9500000000000001,-15.675538035487499,45.0,1.4562194838704023,48.437077673880985
PC1,0.9500000000000001,-15.675538035487499,47.0,0.20892405211818124,16.64636517509623
PC1,0.9500000000000001,-15.675538035487499,50.0,0.0011088692841300116,7.382370957779927
PC1,1.0,-16.384233716003564,15.0,0.0,
PC1,1.0,-16.384233716003564,20.0,0.12990096795509226,6.213178060127201
PC1,1.0,-16.384233716003564,25.0,0.6507876392780934,13.86516525638602
PC1,1.0,-16.384233716003564,27.0,0.9987688819818522,20.351078396738902
PC1,1.0,-16.384233716003564,30.0,1.4075582846436951,26.890776588065144
PC1,1.0,-16.384233716003564,35.0,1.7009331599639372,39.76668815496032
PC1,1.0,-16.384233716003564,37.0,1.765080870746776,43.11027018851702
PC1,1.0,-16.384233716003564,40.0,1.7895970193556694,43.82376115015553
PC1,1.0,-16.384233716003564,43.0,1.736951741912224,42.26646423214228
PC1,1.0,-16.384233716003564,45.0,1.4577155090619633,48.406768715554584
PC1,1.0,-16.384233716003564,47.0,0.20168323904562713,16.406982690663625
PC1,1.0,-16.384233716003564,50.0,0.0011128450262098857,7.413722051443626
PC2,-1.0,-13.351359746132152,15.0,0.0,
PC2,-1.0,-13.351359746132152,20.0,0.07194823543301812,0.6708772038212554
PC2,-1.0,-13.351359746132152,25.0,0.4526728712045194,14.68386872378991
PC2,-1.0,-13.351359746132152,27.0,0.7509478800191606,16.31808693736666
PC2,-1.0,-13.351359746132152,30.0,1.1318147435813426,22.107921484526884
PC2,-1.0,-13.351359746132152,35.0,1.5152857342095285,29.979312282316002
PC2,-1.0,-13.351359746132152,37.0,1.586740601606688,33.75506800949884
PC2,-1.0,-13.351359746132152,40.0,1.6450012109447105,38.198882540440025
PC2,-1.0,-13.351359746132152,43.0,1.6062613851887937,36.57095898994597
PC2,-1.0,-13.351359746132152,45.0,1.4587444959390916,29.834451302063325
PC2,-1.0,-13.351359746132152,47.0,0.7269489534484591,24.865631811341277
PC2,-1.0,-13.351359746132152,50.0,0.0011689427011369693,6.328762344540048
PC2,-0.9500000000000001,-12.517693437608289,15.0,0.0,
PC2,-0.9500000000000001,-12.517693437608289,20.0,0.0739114026555663,1.22452313402788
PC2,-0.9500000000000001,-12.517693437608289,25.0,0.4584611386592218,14.706036525413934
PC2,-0.9500000000000001,-12.517693437608289,27.0,0.7572537940943979,16.506331263801005
PC2,-0.9500000000000001,-12.517693437608289,30.0,1.1362648029232723,22.178917973785737
PC2,-0.9500000000000001,-12.517693437608289,35.0,1.516202406662461,30.03883539392644
PC2,-0.9500000000000001,-12.517693437608289,37.0,1.5875515267422915,33.80523832502038
PC2,-0.9500000000000001,-12.517693437608289,40.0,1.6458398938057484,38.25254252001154
PC2,-0.9500000000000001,-12.517693437608289,43.0,1.6072085463278787,36.63294810806574
PC2,-0.9500000000000001,-12.517693437608289,45.0,1.4571682301906892,29.807543264064996
PC2,-0.9500000000000001,-12.517693437608289,47.0,0.7076603509717229,24.718016867660857
PC2,-0.9500000000000001,-12.517693437608289,50.0,0.0011624793372306784,6.352119144581525
PC2,-0.9,-11.867409806873848,15.0,0.0,
PC2,-0.9,-11.867409806873848,20.0,0.076017057834671,2.2643445862741345
PC2,-0.9,-11.867409806873848,25.0,0.4641149784109774,14.73095872463865
PC2,-0.9,-11.867409806873848,27.0,0.763430831951086,16.69098448746926
PC2,-0.9,-11.867409806873848,30.0,1.1406204893749254,22.248715203014843
PC2,-0.9,-11.867409806873848,35.0,1.5170839269323095,30.096701059756683
PC2,-0.9,-11.867409806873848,37.0,1.588332976170514,33.853961676860365
PC2,-0.9,-11.867409806873848,40.0,1.646648767281323,38.3047265346323
PC2,-0.9,-11.867409806873848,43.0,1.6081119972106994,36.6927884253189
PC2,-0.9,-11.867409806873848,45.0,1.455455113282565,29.749936158488683
PC2,-0.9,-11.867409806873848,47.0,0.6884504050437574,24.57171100214558
PC2,-0.9,-11.867409806873848,50.0,0.0011560165439163117,6.375661292944432
PC2,-0.8500000000000001,-11.482508370586192,15.0,0.0,
PC2,-0.8500000000000001,-11.482508370586192,20.0,0.07819756593124871,3.346697453563162
PC2,-0.8500000000000001,-11.482508370586192,25.0,0.4696217403793415,14.753387497801308
PC2,-0.8500000000000001,-11.482508370586192,27.0,0.7694743863566754,16.87191696439901
PC2,-0.8500000000000001,-11.482508370586192,30.0,1.1448686165129052,22.317003941082838
PC2,-0.8500000000000001,-11.482508370586192,35.0,1.5179304531364182,30.152917188435058
PC2,-0.8500000000000001,-11.482508370586192,37.0,1.5890850812978794,33.90124487835028
PC2,-0.8500000000000001,-11.482508370586192,40.0,1.6474278373697244,38.35543507429976
PC2,-0.8500000000000001,-11.482508370586192,43.0,1.6089717836236335,36.75048244651714
PC2,-0.8500000000000001,-11.482508370586192,45.0,1.4536086212614128,29.681892073359748
PC2,-0.8500000000000001,-11.482508370586192,47.0,0.669383370821454,24.426474977840023
PC2,-0.8500000000000001,-11.482508370586192,50.0,0.0011495538661065148,6.399158575886242
PC2,-0.8,-11.278022428823812,15.0,0.0,
PC2,-0.8,-11.278022428823812,20.0,0.08036509275550695,3.445671739397677
PC2,-0.8,-11.278022428823812,25.0,0.47496642526232796,14.776141735400106
PC2,-0.8,-11.278022428823812,27.0,0.775339745032202,16.97320380751613
PC2,-0.8,-11.278022428823812,30.0,1.1490085199512956,22.383775088382812
PC2,-0.8,-11.278022428823812,35.0,1.5187421067689872,30.207489905941213
PC2,-0.8,-11.278022428823812,37.0,1.5898079561044074,33.947093863635345
PC2,-0.8,-11.278022428823812,40.0,1.6481770923410153,38.40060331487025
PC2,-0.8,-11.278022428823812,43.0,1.6097879500595744,36.80603261213278
PC2,-0.8,-11.278022428823812,45.0,1.4516268114883748,29.60600345296246
PC2,-0.8,-11.278022428823812,47.0,0.6505069427770301,24.282862174784768
PC2,-0.8,-11.278022428823812,50.0,0.0011430908328387823,6.422727282894862
PC2,-0.75,-11.0921964654755,15.0,0.0,
PC2,-0.75,-11.0921964654755,20.0,0.08243589593901988,3.539480752580901
PC2,-0.75,-11.0921964654755,25.0,0.48013098291912487,14.79910450472589
PC2,-0.75,-11.0921964654755,27.0,0.7810505800889178,17.078690811445725
PC2,-0.75,-11.0921964654755,30.0,1.153039141529592,22.44901615114539
PC2,-0.75,-11.0921964654755,35.0,1.5195189687264188,30.260423362052535
PC2,-0.75,-11.0921964654755,37.0,1.5905016955529723,33.99151360736347
PC2,-0.75,-11.0921964654755,40.0,1.6488965006682785,38.44803459569326
PC2,-0.75,-11.0921964654755,43.0,1.610560539812661,36.85944130306231
PC2,-0.75,-11.0921964654755,45.0,1.4495073734899586,29.522853683175207
PC2,-0.75,-11.0921964654755,47.0,0.6318248763690264,24.135512400002085
PC2,-0.75,-11.0921964654755,50.0,0.0011366269797932638,6.44636731889453
PC2,-0.7000000000000001,-10.967378596638415,15.0,0.0,
PC2,-0.7000000000000001,-10.967378596638415,20.0,0.08442099580032121,3.1909256544535687
PC2,-0.7000000000000001,-10.967378596638415,25.0,0.48509337064345937,14.82177388987535
PC2,-0.7000000000000001,-10.967378596638415,27.0,0.7865862837085649,17.189629319820387
PC2,-0.7000000000000001,-10.967378596638415,30.0,1.1569589450701698,22.5117589310818
PC2,-0.7000000000000001,-10.967378596638415,35.0,1.5202610745013156,30.31171949630558
PC2,-0.7000000000000001,-10.967378596638415,37.0,1.5911663737246284,34.034508030534504
PC2,-0.7000000000000001,-10.967378596638415,40.0,1.6495860086677188,38.493921834368436
PC2,-0.7000000000000001,-10.967378596638415,43.0,1.6112895950574737,36.91071084462638
PC2,-0.7000000000000001,-10.967378596638415,45.0,1.447247970455816,29.43258873636045
PC2,-0.7000000000000001,-10.967378596638415,47.0,0.6130942508373926,23.89386611806398
PC2,-0.7000000000000001,-10.967378596638415,50.0,0.0011301618316793354,6.470079389227376
PC2,-0.65,-10.761768432087536,15.0,0.0,
PC2,-0.65,-10.761768432087536,20.0,0.08642249198354268,3.833762424615099
PC2,-0.65,-10.761768432087536,25.0,0.4898262762156955,14.840099585523117
PC2,-0.65,-10.761768432087536,27.0,0.7919438313367219,17.27773592640294
PC2,-0.65,-10.761768432087536,30.0,1.1607658254609345,22.573834963030507
PC2,-0.65,-10.761768432087536,35.0,1.5209684083523303,30.361377754085613
PC2,-0.65,-10.761768432087536,37.0,1.5918020416265988,34.076079889821095
PC2,-0.65,-10.761768432087536,40.0,1.6502455378026597,38.53823828718047
PC2,-0.65,-10.761768432087536,43.0,1.6119751569124747,36.95984350976267
PC2,-0.65,-10.761768432087536,45.0,1.444846242292931,29.335212333748856
PC2,-0.65,-10.761768432087536,47.0,0.5945350807530759,23.75237044219003
PC2,-0.65,-10.761768432087536,50.0,0.001123694902508402,6.493864140286032
PC2,-0.6000000000000001,-10.692175569797477,15.0,0.0,
PC2,-0.6000000000000001,-10.692175569797477,20.0,0.08864007663145672,3.0768201794938164
PC2,-0.6000000000000001,-10.692175569797477,25.0,0.4943687096872351,12.361749217925649
PC2,-0.6000000000000001,-10.692175569797477,27.0,0.7971172878418765,17.35762963174817
PC2,-0.6000000000000001,-10.692175569797477,30.0,1.164456979974939,22.634287459410057
PC2,-0.6000000000000001,-10.692175569797477,35.0,1.5216408962046322,30.40939474089366
PC2,-0.6000000000000001,-10.692175569797477,37.0,1.5924051001909165,34.116791903008234
PC2,-0.6000000000000001,-10.692175569797477,40.0,1.6508749816006907,38.58094333077393
PC2,-0.6000000000000001,-10.692175569797477,43.0,1.6126172654875168,37.00684152142362
PC2,-0.6000000000000001,-10.692175569797477,45.0,1.4422998089301697,29.230670185440605
PC2,-0.6000000000000001,-10.692175569797477,47.0,0.5762375740582881,23.505635614731037
PC2,-0.6000000000000001,-10.692175569797477,50.0,0.001117225695881281,6.517721531751907
PC2,-0.55,-10.563903003322201,15.0,0.0,
PC2,-0.55,-10.563903003322201,20.0,0.09115904800543453,3.144447297338112
PC2,-0.55,-10.563903003322201,25.0,0.4987434063814946,12.464501855920409
PC2,-0.55,-10.563903003322201,27.0,0.8015934766425892,17.428204131088155
PC2,-0.55,-10.563903003322201,30.0,1.1680287447637026,22.69306653909796
PC2,-0.55,-10.563903003322201,35.0,1.5222783969688103,30.455763799599996
PC2,-0.55,-10.563903003322201,37.0,1.5929677575770727,34.15776625177928
PC2,-0.55,-10.563903003322201,40.0,1.6514742021211684,38.62197251776698
PC2,-0.55,-10.563903003322201,43.0,1.61321595991466,37.05170705413309
PC2,-0.55,-10.563903003322201,45.0,1.4396062738841875,29.118880528702203
PC2,-0.55,-10.563903003322201,47.0,0.5582222254994121,23.26335062000371
PC2,-0.55,-10.563903003322201,50.0,0.001110753705297344,6.541653001846676
PC2,-0.5,-10.448443498026165,15.0,0.0,
PC2,-0.5,-10.448443498026165,20.0,0.09367925029521827,3.212134857581531
PC2,-0.5,-10.448443498026165,25.0,0.5027874167233667,12.560142147417823
PC2,-0.5,-10.448443498026165,27.0,0.8051766560364249,17.48618590868628
PC2,-0.5,-10.448443498026165,30.0,1.1714763812855675,22.75010634911727
PC2,-0.5,-10.448443498026165,35.0,1.5228806918786477,30.500474491220917
PC2,-0.5,-10.448443498026165,37.0,1.593500965509929,34.19733360536355
PC2,-0.5,-10.448443498026165,40.0,1.6520422114317528,38.658472461722525
PC2,-0.5,-10.448443498026165,43.0,1.6137712783612623,37.09444223464117
PC2,-0.5,-10.448443498026165,45.0,1.4367632280985945,28.99974714817054
PC2,-0.5,-10.448443498026165,47.0,0.5404935120482798,23.02575966115409
PC2,-0.5,-10.448443498026165,50.0,0.0011042784144943319,6.565658556675531
PC2,-0.45,-10.347444854704557,15.0,0.0,
PC2,-0.45,-10.347444854704557,20.0,0.09619778893322146,3.2798123204352767
PC2,-0.45,-10.347444854704557,25.0,0.50643978116214,12.647257914317384
PC2,-0.45,-10.347444854704557,27.0,0.8084233826949753,17.53964832429712
PC2,-0.45,-10.347444854704557,30.0,1.1747937977690832,22.805324805301662
PC2,-0.45,-10.347444854704557,35.0,1.5234474713347974,30.543511954237633
PC2,-0.45,-10.347444854704557,37.0,1.594004879818766,34.23550188025826
PC2,-0.45,-10.347444854704557,40.0,1.6525796044582852,38.6942053515714
PC2,-0.45,-10.347444854704557,43.0,1.6142832580249062,37.13504914168723
PC2,-0.45,-10.347444854704557,45.0,1.4337658911512208,28.87299347164843
PC2,-0.45,-10.347444854704557,47.0,0.5230657643502422,22.793741881438972
PC2,-0.45,-10.347444854704557,50.0,0.0010977992978393268,6.589739477785491
PC2,-0.4,-10.166062970656444,15.0,0.0,
PC2,-0.4,-10.166062970656444,20.0,0.09871220087511885,4.392791172823319
PC2,-0.4,-10.166062970656444,25.0,0.509621485949091,12.724117881195147
PC2,-0.4,-10.166062970656444,27.0,0.8112888384833015,17.587899397384277
PC2,-0.4,-10.166062970656444,30.0,1.1779733201465634,22.85880073332267
PC2,-0.4,-10.166062970656444,35.0,1.5239783185940952,30.584856110300425
PC2,-0.4,-10.166062970656444,37.0,1.594479389430535,34.272265781071134
PC2,-0.4,-10.166062970656444,40.0,1.653086161740454,38.72559668516057
PC2,-0.4,-10.166062970656444,43.0,1.614751935109526,37.173529804781836
PC2,-0.4,-10.166062970656444,45.0,1.4306203456578277,30.17595107370848
PC2,-0.4,-10.166062970656444,47.0,0.5059487837029941,22.567994893075213
PC2,-0.4,-10.166062970656444,50.0,0.0010913158206539498,6.613896292294295
PC2,-0.35000000000000003,-10.08338651097424,15.0,0.0,
PC2,-0.35000000000000003,-10.08338651097424,20.0,0.10122809252994579,4.703167878531384
PC2,-0.35000000000000003,-10.08338651097424,25.0,0.5122286853799003,12.658666339735838
PC2,-0.35000000000000003,-10.08338651097424,27.0,0.8137140073620558,17.630130247817437
PC2,-0.35000000000000003,-10.08338651097424,30.0,1.1810047329747457,22.91018942761654
PC2,-0.35000000000000003,-10.08338651097424,35.0,1.5244726894485132,30.624480674641045
PC2,-0.35000000000000003,-10.08338651097424,37.0,1.5949243357867577,34.30761766251298
PC2,-0.35000000000000003,-10.08338651097424,40.0,1.653561572856907,38.74511148541816
PC2,-0.35000000000000003,-10.08338651097424,43.0,1.6151761541967655,37.20973241561078
PC2,-0.35000000000000003,-10.08338651097424,45.0,1.4273756795014942,30.178551138908208
PC2,-0.35000000000000003,-10.08338651097424,47.0,0.4891537408463649,22.34962247906015
PC2,-0.35000000000000003,-10.08338651097424,50.0,0.001084827439730091,6.638130103591157
PC2,-0.30000000000000004,-10.021183548441538,15.0,0.0,
PC2,-0.30000000000000004,-10.021183548441538,20.0,0.10373342100118078,4.803585983276943
PC2,-0.30000000000000004,-10.021183548441538,25.0,0.5145743353260842,11.237683636293244
PC2,-0.30000000000000004,-10.021183548441538,27.0,0.8156202614718289,17.665262051874425
PC2,-0.30000000000000004,-10.021183548441538,30.0,1.183880425010209,22.960853073216665
PC2,-0.30000000000000004,-10.021183548441538,35.0,1.5249298867840324,30.662351917149568
PC2,-0.30000000000000004,-10.021183548441538,37.0,1.595339505493375,34.341547165547595
PC2,-0.30000000000000004,-10.021183548441538,40.0,1.6540054685016414,38.72435485307792
PC2,-0.30000000000000004,-10.021183548441538,43.0,1.6155498802927295,37.24591773033613
PC2,-0.30000000000000004,-10.021183548441538,45.0,1.4239734586417605,30.035192095932977
PC2,-0.30000000000000004,-10.021183548441538,47.0,0.4726883523360003,22.141881229599434
PC2,-0.30000000000000004,-10.021183548441538,50.0,0.0010783556979078114,6.6624424905842305
PC2,-0.25,-9.969885997496938,15.0,0.0,
PC2,-0.25,-9.969885997496938,20.0,0.10622478085269683,4.899623710234288
PC2,-0.25,-9.969885997496938,25.0,0.5165053441324909,11.299519845436068
PC2,-0.25,-9.969885997496938,27.0,0.8169015096940038,17.691838246624307
PC2,-0.25,-9.969885997496938,30.0,1.1866103248237796,23.007282759933993
PC2,-0.25,-9.969885997496938,35.0,1.5253490285731899,30.69842710367956
PC2,-0.25,-9.969885997496938,37.0,1.595724621433164,34.3740407774154
PC2,-0.25,-9.969885997496938,40.0,1.6544205607456846,38.67138820611091
PC2,-0.25,-9.969885997496938,43.0,1.6158808307840282,37.27983503362939
PC2,-0.25,-9.969885997496938,45.0,1.4204113123959934,29.88403210767653
PC2,-0.25,-9.969885997496938,47.0,0.4565592934233029,21.955589899062428
PC2,-0.25,-9.969885997496938,50.0,0.0010720578155172394,6.6868420432319855
PC2,-0.2,-9.9232807338764,15.0,0.0,
PC2,-0.2,-9.9232807338764,20.0,0.10869862836156452,4.994077008642845
PC2,-0.2,-9.9232807338764,25.0,0.518462390020892,11.575959110431873
PC2,-0.2,-9.9232807338764,27.0,0.817412644919581,17.707867242044117
PC2,-0.2,-9.9232807338764,30.0,1.1891430978543789,23.051065682517507
PC2,-0.2,-9.9232807338764,35.0,1.525729007410569,30.732652525516997
PC2,-0.2,-9.9232807338764,37.0,1.5960793319784405,34.405081297633664
PC2,-0.2,-9.9232807338764,40.0,1.6548271806627726,38.02253374628912
PC2,-0.2,-9.9232807338764,43.0,1.616169064300576,37.31148773494165
PC2,-0.2,-9.9232807338764,45.0,1.4166868865174502,29.72495547508281
PC2,-0.2,-9.9232807338764,47.0,0.4407726481049003,21.74447781001201
PC2,-0.2,-9.9232807338764,50.0,0.001065756983745374,6.711321478041178
PC2,-0.15000000000000002,-9.805600842140993,15.0,0.0,
PC2,-0.15000000000000002,-9.805600842140993,20.0,0.11115127724592,5.087429851443154
PC2,-0.15000000000000002,-9.805600842140993,25.0,0.5218990795805754,11.703489210629838
PC2,-0.15000000000000002,-9.805600842140993,27.0,0.8169522627439205,17.710580516101416
PC2,-0.15000000000000002,-9.805600842140993,30.0,1.1914508551312426,23.09227683803801
PC2,-0.15000000000000002,-9.805600842140993,35.0,1.5260684391140147,30.76496099636947
PC2,-0.15000000000000002,-9.805600842140993,37.0,1.5964031978506703,34.434647187490405
PC2,-0.15000000000000002,-9.805600842140993,40.0,1.6552169589296624,38.055703423752654
PC2,-0.15000000000000002,-9.805600842140993,43.0,1.6164147159759452,37.341310265654975
PC2,-0.15000000000000002,-9.805600842140993,45.0,1.4132112208000276,37.72679790654923
PC2,-0.15000000000000002,-9.805600842140993,47.0,0.4253329394258719,21.58447342915464
PC2,-0.15000000000000002,-9.805600842140993,50.0,0.0010594526849361425,6.735881266377817
PC2,-0.1,-9.765081065952856,15.0,0.0,
PC2,-0.1,-9.765081065952856,20.0,0.11357889452106654,5.179758411507881
PC2,-0.1,-9.765081065952856,25.0,0.5251141563499898,11.773534934727998
PC2,-0.1,-9.765081065952856,27.0,0.8179626476470921,18.108618064490845
PC2,-0.1,-9.765081065952856,30.0,1.1934965819434031,23.12977041925053
PC2,-0.1,-9.765081065952856,35.0,1.526365597136554,30.7952686583736
PC2,-0.1,-9.765081065952856,37.0,1.5966956760588815,34.46271177494143
PC2,-0.1,-9.765081065952856,40.0,1.6555760793595216,38.08731191011871
PC2,-0.1,-9.765081065952856,43.0,1.6166178839229741,37.36845451643713
PC2,-0.1,-9.765081065952856,45.0,1.4115488362334354,43.424338498409924
PC2,-0.1,-9.765081065952856,47.0,0.41024355844056176,21.38428874398762
PC2,-0.1,-9.765081065952856,50.0,0.001053144395613405,6.760521822725398
PC2,-0.05,-9.764845128529839,15.0,0.0,
PC2,-0.05,-9.764845128529839,20.0,0.11597749657208395,5.271016280772894
PC2,-0.05,-9.764845128529839,25.0,0.528780579283539,11.852020115421126
PC2,-0.05,-9.764845128529839,27.0,0.819677803192064,18.148187880710594
PC2,-0.05,-9.764845128529839,30.0,1.1952306531791297,23.16284968526156
PC2,-0.05,-9.764845128529839,35.0,1.5266214374047484,30.82362228531811
PC2,-0.05,-9.764845128529839,37.0,1.5969561002018977,34.4892422794958
PC2,-0.05,-9.764845128529839,40.0,1.6559042137671398,38.11734230019876
PC2,-0.05,-9.764845128529839,43.0,1.6167784346414562,37.39334024683978
PC2,-0.05,-9.764845128529839,45.0,1.410225601469931,43.80317274888458
PC2,-0.05,-9.764845128529839,47.0,0.39550537672412217,21.189510100134164
PC2,-0.05,-9.764845128529839,50.0,0.001046831587116252,6.785245701374967
PC2,0.0,-9.778832777439442,15.0,0.0,
PC2,0.0,-9.778832777439442,20.0,0.11834294554443253,5.361107214410037
PC2,0.0,-9.778832777439442,25.0,0.532543802270648,11.935151350736097
PC2,0.0,-9.778832777439442,27.0,0.8216112608677085,18.197831158931137
PC2,0.0,-9.778832777439442,30.0,1.196704095074697,23.456076446998143
PC2,0.0,-9.778832777439442,35.0,1.526831668346877,30.8498131098087
PC2,0.0,-9.778832777439442,37.0,1.5971836562400126,34.51419861282276
PC2,0.0,-9.778832777439442,40.0,1.6562052344531948,38.14599875072689
PC2,0.0,-9.778832777439442,43.0,1.6168964144917108,37.41597020263076
PC2,0.0,-9.778832777439442,45.0,1.4088748931669104,43.93948842422541
PC2,0.0,-9.778832777439442,47.0,0.38112494249750395,20.74581553250344
PC2,0.0,-9.778832777439442,50.0,0.0010405137263009346,6.810053065922612
PC2,0.05,-9.806180445405069,15.0,0.0,
PC2,0.05,-9.806180445405069,20.0,0.12067136802726532,5.451236418944183
PC2,0.05,-9.806180445405069,25.0,0.5361666318010033,12.015049913484114
PC2,0.05,-9.806180445405069,27.0,0.8231776434232898,18.215839276143207
PC2,0.05,-9.806180445405069,30.0,1.1989549207651664,23.49722167369549
PC2,0.05,-9.806180445405069,35.0,1.526992078424765,30.87363626279378
PC2,0.05,-9.806180445405069,37.0,1.5973773526107,34.537531899363636
PC2,0.05,-9.806180445405069,40.0,1.6564754915383892,38.17308953897384
PC2,0.05,-9.806180445405069,43.0,1.6169718662934596,37.43634693794022
PC2,0.05,-9.806180445405069,45.0,1.4076794286321357,44.85870053772996
PC2,0.05,-9.806180445405069,47.0,0.3669070781912664,20.253112279946055
PC2,0.05,-9.806180445405069,50.0,0.0010341902763130442,6.834944762903285
PC2,0.1,-9.842994197459715,15.0,0.0,
PC2,0.1,-9.842994197459715,20.0,0.1229727209296188,5.69249843398121
PC2,0.1,-9.842994197459715,25.0,0.5396473234897008,12.494019962154116
PC2,0.1,-9.842994197459715,27.0,0.8243878505550424,18.23986649596838
PC2,0.1,-9.842994197459715,30.0,1.2010326109153877,23.542091167551863
PC2,0.1,-9.842994197459715,35.0,1.5271065938189812,30.895372283348266
PC2,0.1,-9.842994197459715,37.0,1.5975202487913722,34.558813547626066
PC2,0.1,-9.842994197459715,40.0,1.6567135119257936,38.198537498107584
PC2,0.1,-9.842994197459715,43.0,1.6170048290605656,37.45447280081838
PC2,0.1,-9.842994197459715,45.0,1.4064540802669223,44.89080825811818
PC2,0.1,-9.842994197459715,47.0,0.3530132363910432,19.80273882336565
PC2,0.1,-9.842994197459715,50.0,0.0010278606974497629,6.859921706364672
PC2,0.15000000000000002,-9.888767822014787,15.0,0.0,
PC2,0.15000000000000002,-9.888767822014787,20.0,0.1252720063166006,5.78160223722118
PC2,0.15000000000000002,-9.888767822014787,25.0,0.5430166515856949,12.56819465925698
PC2,0.15000000000000002,-9.888767822014787,27.0,0.8253210084003397,18.26165867540896
PC2,0.15000000000000002,-9.888767822014787,30.0,1.20292234640941,23.58158226731691
PC2,0.15000000000000002,-9.888767822014787,35.0,1.5272270708062652,30.917953103753582
PC2,0.15000000000000002,-9.888767822014787,37.0,1.5975298552831456,34.57604074365871
PC2,0.15000000000000002,-9.888767822014787,40.0,1.6569186726544423,38.22231019761282
PC2,0.15000000000000002,-9.888767822014787,43.0,1.6169953377023645,37.47034991701816
PC2,0.15000000000000002,-9.888767822014787,45.0,1.405181092055351,44.923753825649
PC2,0.15000000000000002,-9.888767822014787,47.0,0.3395052410243082,19.393273065192822
PC2,0.15000000000000002,-9.888767822014787,50.0,0.0010215244480849032,6.884984345130959
PC2,0.2,-9.950851437399068,15.0,0.0,
PC2,0.2,-9.950851437399068,20.0,0.12751834224191524,5.8661878122427265
PC2,0.2,-9.950851437399068,25.0,0.5462321407852516,12.638962509440352
PC2,0.2,-9.950851437399068,27.0,0.8274152101137504,18.298773183939534
PC2,0.2,-9.950851437399068,30.0,1.2046061744940428,23.61410540859919
PC2,0.2,-9.950851437399068,35.0,1.5272992432467198,30.938250624197522
PC2,0.2,-9.950851437399068,37.0,1.5974991990632261,34.59136757194243
PC2,0.2,-9.950851437399068,40.0,1.657090245468382,38.244369659558494
PC2,0.2,-9.950851437399068,43.0,1.6169434226902062,37.48398017184633
PC2,0.2,-9.950851437399068,45.0,1.4038628721741047,44.9547937998967
PC2,0.2,-9.950851437399068,47.0,0.3263824287350181,18.929448095644865
PC2,0.2,-9.950851437399068,50.0,0.0010151809857247428,6.910134320696535
PC2,0.25,-10.021172468494905,15.0,0.0,
PC2,0.25,-10.021172468494905,20.0,0.12970666814359705,5.950196861139275
PC2,0.25,-10.021172468494905,25.0,0.5492873032490728,12.706311257749414
PC2,0.25,-10.021172468494905,27.0,0.8294784800581156,18.335356544467967
PC2,0.25,-10.021172468494905,30.0,1.2060648319654022,23.64283499198461
PC2,0.25,-10.021172468494905,35.0,1.5273193547028938,30.956082804569082
PC2,0.25,-10.021172468494905,37.0,1.597426021462147,34.6046842689615
PC2,0.25,-10.021172468494905,40.0,1.657227380471628,38.26467149729632
PC2,0.25,-10.021172468494905,43.0,1.616849109687889,37.495365190082666
PC2,0.25,-10.021172468494905,45.0,1.402500983425571,44.98709942503942
PC2,0.25,-10.021172468494905,47.0,0.31356023491272594,18.474217902788418
PC2,0.25,-10.021172468494905,50.0,0.0010088297681444167,6.935371915086457
PC2,0.30000000000000004,-10.224976202694496,15.0,0.0007227337865802712,0.8494805873475335
PC2,0.30000000000000004,-10.224976202694496,20.0,0.1318316858043705,6.030788338537078
PC2,0.30000000000000004,-10.224976202694496,25.0,0.5521796237426241,12.770401866571355
PC2,0.30000000000000004,-10.224976202694496,27.0,0.8313633657540228,18.36949204032974
PC2,0.30000000000000004,-10.224976202694496,30.0,1.2072757836280081,23.667907581465368
PC2,0.30000000000000004,-10.224976202694496,35.0,1.5272826948167038,30.971221319310306
PC2,0.30000000000000004,-10.224976202694496,37.0,1.597307570513366,34.615857049576064
PC2,0.30000000000000004,-10.224976202694496,40.0,1.6573270880425668,38.28557273802692
PC2,0.30000000000000004,-10.224976202694496,43.0,1.617125630918089,37.52722550383068
PC2,0.30000000000000004,-10.224976202694496,45.0,1.4011082921257434,45.16125699602666
PC2,0.30000000000000004,-10.224976202694496,47.0,0.30111134877223156,18.02425810906234
PC2,0.30000000000000004,-10.224976202694496,50.0,0.0010024702546086912,6.960698159181405
PC2,0.35000000000000003,-10.436219711142638,15.0,0.0014725586028039197,0.8830996648615447
PC2,0.35000000000000003,-10.436219711142638,20.0,0.13388820267981003,6.1091436993276345
PC2,0.35000000000000003,-10.436219711142638,25.0,0.5549061852793076,12.831303576097985
PC2,0.35000000000000003,-10.436219711142638,27.0,0.8330677600958112,18.40118177561104
PC2,0.35000000000000003,-10.436219711142638,30.0,1.2083271539806995,23.707321236837352
PC2,0.35000000000000003,-10.436219711142638,35.0,1.5271833339060537,30.983378679463414
PC2,0.35000000000000003,-10.436219711142638,37.0,1.5971666060610847,34.62599450072355
PC2,0.35000000000000003,-10.436219711142638,40.0,1.6573836923854472,38.30595919968453
PC2,0.35000000000000003,-10.436219711142638,43.0,1.6173731818086627,37.55393389021896
PC2,0.35000000000000003,-10.436219711142638,45.0,1.3996854258179383,45.13185151224899
PC2,0.35000000000000003,-10.436219711142638,47.0,0.28904400003688263,17.582137731561804
PC2,0.35000000000000003,-10.436219711142638,50.0,0.000996101907473215,6.986113151706439
PC2,0.4,-10.648464893123757,15.0,0.002215998650616167,0.9165435433732481
PC2,0.4,-10.648464893123757,20.0,0.13587087918307736,6.185085191029776
PC2,0.4,-10.648464893123757,25.0,0.5574624589696564,12.88894667608663
PC2,0.4,-10.648464893123757,27.0,0.834589358037331,18.430409379205333
PC2,0.4,-10.648464893123757,30.0,1.209508003832954,23.749207148165045
PC2,0.4,-10.648464893123757,35.0,1.527013777688986,30.992191479115537
PC2,0.4,-10.648464893123757,37.0,1.5970269603829392,34.63625743548641
PC2,0.4,-10.648464893123757,40.0,1.657436518739803,38.32219228441761
PC2,0.4,-10.648464893123757,43.0,1.6174317084857517,37.57379196735003
PC2,0.4,-10.648464893123757,45.0,1.3982321536041724,45.34581398812636
PC2,0.4,-10.648464893123757,47.0,0.2773536572128902,17.146290640414005
PC2,0.4,-10.648464893123757,50.0,0.0009897241933066498,7.011618224425693
PC2,0.45,-10.86002267360967,15.0,0.0029506487930334776,0.9497302100063458
PC2,0.45,-10.86002267360967,20.0,0.13777423525304544,6.258430380285385
PC2,0.45,-10.86002267360967,25.0,0.5598437581154276,12.943250590717522
PC2,0.45,-10.86002267360967,27.0,0.8359314381701175,18.42645838690348
PC2,0.45,-10.86002267360967,30.0,1.2104688370936572,23.7712013166973
PC2,0.45,-10.86002267360967,35.0,1.52678714751105,31.236169797421713
PC2,0.45,-10.86002267360967,37.0,1.5968498946612155,34.64475958796411
PC2,0.45,-10.86002267360967,40.0,1.657467232085816,38.29280900525612
PC2,0.45,-10.86002267360967,43.0,1.6173652601330424,37.58907915361509
PC2,0.45,-10.86002267360967,45.0,1.3969814427002583,45.89573700459274
PC2,0.45,-10.86002267360967,47.0,0.2660355835534294,16.715387552957576
PC2,0.45,-10.86002267360967,50.0,0.000983949410636657,7.03724291245741
PC2,0.5,-11.07451488117306,15.0,0.0036743220070375717,0.9829133234027637
PC2,0.5,-11.07451488117306,20.0,0.13959265915052854,6.328992446024213
PC2,0.5,-11.07451488117306,25.0,0.5620452328034092,12.99412775515147
PC2,0.5,-11.07451488117306,27.0,0.8370865751757843,18.447796263308692
PC2,0.5,-11.07451488117306,30.0,1.2111591105245014,23.788909489805775
PC2,0.5,-11.07451488117306,35.0,1.5265170932450127,31.256066621882912
PC2,0.5,-11.07451488117306,37.0,1.5966287088332118,34.651174912716975
PC2,0.5,-11.07451488117306,40.0,1.6574683839044781,38.30794834500641
PC2,0.5,-11.07451488117306,43.0,1.6172595821112337,37.60232199686773
PC2,0.5,-11.07451488117306,45.0,1.3959575041650085,46.243889750441866
PC2,0.5,-11.07451488117306,47.0,0.2550845367392177,16.227029122639628
PC2,0.5,-11.07451488117306,50.0,0.0009786450608830577,7.06298131993611
PC2,0.55,-11.19129893777959,15.0,0.004385157655628951,1.5629645060732134
PC2,0.55,-11.19129893777959,20.0,0.14135190790136604,6.427266650115769
PC2,0.55,-11.19129893777959,25.0,0.5640669213612698,13.032838323242235
PC2,0.55,-11.19129893777959,27.0,0.8380506467277352,18.46859716471049
PC2,0.55,-11.19129893777959,30.0,1.2115491908279492,23.8024712758433
PC2,0.55,-11.19129893777959,35.0,1.526155284460831,31.25431338666737
PC2,0.55,-11.19129893777959,37.0,1.5963650644796303,34.82544370148933
PC2,0.55,-11.19129893777959,40.0,1.6574287685267755,38.32109252097141
PC2,0.55,-11.19129893777959,43.0,1.6171143502172824,37.61350329924974
PC2,0.55,-11.19129893777959,45.0,1.3949513068255273,46.230668942973935
PC2,0.55,-11.19129893777959,47.0,0.24449488814262632,15.675916462955861
PC2,0.55,-11.19129893777959,50.0,0.0009733466538145984,7.088812523579183
PC2,0.6000000000000001,-11.395050746654501,15.0,0.005085513135580725,1.5963910308104716
PC2,0.6000000000000001,-11.395050746654501,20.0,0.14303364677723496,6.59095670555034
PC2,0.6000000000000001,-11.395050746654501,25.0,0.5659760590793547,13.024533292893937
PC2,0.6000000000000001,-11.395050746654501,27.0,0.838872271156896,18.487941715370155
PC2,0.6000000000000001,-11.395050746654501,30.0,1.211871070598303,23.81949453395942
PC2,0.6000000000000001,-11.395050746654501,35.0,1.5257966519371138,31.369475522404695
PC2,0.6000000000000001,-11.395050746654501,37.0,1.5960637263666064,34.88395732951381
PC2,0.6000000000000001,-11.395050746654501,40.0,1.6574421942379722,38.445387319196875
PC2,0.6000000000000001,-11.395050746654501,43.0,1.6169292174598595,37.62260463777511
PC2,0.6000000000000001,-11.395050746654501,45.0,1.3938962146757397,46.21272691920869
PC2,0.6000000000000001,-11.395050746654501,47.0,0.23426065626655107,15.124848638704844
PC2,0.6000000000000001,-11.395050746654501,50.0,0.0009680538083229166,7.114737015826878
PC2,0.65,-11.609258341774337,15.0,0.005767165900518711,1.6292477304081168
PC2,0.65,-11.609258341774337,20.0,0.14464413484348684,6.67838050300005
PC2,0.65,-11.609258341774337,25.0,0.5677056329619488,13.059648932175568
PC2,0.65,-11.609258341774337,27.0,0.83953024792742,18.505272071706866
PC2,0.65,-11.609258341774337,30.0,1.2134342225950463,23.853486665783382
PC2,0.65,-11.609258341774337,35.0,1.5255867572811093,31.37514508641384
PC2,0.65,-11.609258341774337,37.0,1.5957080566304864,34.88767412209335
PC2,0.65,-11.609258341774337,40.0,1.6574338596572364,38.45894158750969
PC2,0.65,-11.609258341774337,43.0,1.616703812718287,37.629606292179524
PC2,0.65,-11.609258341774337,45.0,1.3927929708530093,46.19341088875692
PC2,0.65,-11.609258341774337,47.0,0.22437550524086275,14.567761489285584
PC2,0.65,-11.609258341774337,50.0,0.0009629748970799301,7.140765343888807
PC2,0.7000000000000001,-11.81061042390471,15.0,0.0064420688623886505,1.7549830376827307
PC2,0.7000000000000001,-11.81061042390471,20.0,0.1461659921881992,6.740075853675836
PC2,0.7000000000000001,-11.81061042390471,25.0,0.5692365857739586,13.095469673293136
PC2,0.7000000000000001,-11.81061042390471,27.0,0.8399894366103425,18.520028277275127
PC2,0.7000000000000001,-11.81061042390471,30.0,1.2148970003514477,23.88321568522148
PC2,0.7000000000000001,-11.81061042390471,35.0,1.5253330097015936,31.378718703862738
PC2,0.7000000000000001,-11.81061042390471,37.0,1.5953028922035932,34.872063335140346
PC2,0.7000000000000001,-11.81061042390471,40.0,1.6573934209532313,38.470940818332046
PC2,0.7000000000000001,-11.81061042390471,43.0,1.6164377393012277,37.63448716737504
PC2,0.7000000000000001,-11.81061042390471,45.0,1.391642354755061,46.17274406855718
PC2,0.7000000000000001,-11.81061042390471,47.0,0.21483281399840667,14.052771289374284
PC2,0.7000000000000001,-11.81061042390471,50.0,0.0009580371634031053,7.16689407922531
PC2,0.75,-12.022234862917927,15.0,0.007097337601290633,1.7759499509698033
PC2,0.75,-12.022234862917927,20.0,0.14757164092420846,6.796064543386549
PC2,0.75,-12.022234862917927,25.0,0.5705632870554527,13.129550140982536
PC2,0.75,-12.022234862917927,27.0,0.8402460355108649,18.532123724131424
PC2,0.75,-12.022234862917927,30.0,1.2162470918285158,23.910785106871778
PC2,0.75,-12.022234862917927,35.0,1.5250395676091015,31.380401030288574
PC2,0.75,-12.022234862917927,37.0,1.5948338001455031,34.85358070235716
PC2,0.75,-12.022234862917927,40.0,1.657320480942449,38.48136531466634
PC2,0.75,-12.022234862917927,43.0,1.616130573396889,37.63722471007069
PC2,0.75,-12.022234862917927,45.0,1.3904451811588523,46.15075072174761
PC2,0.75,-12.022234862917927,47.0,0.20562573497633144,13.639969520140204
PC2,0.75,-12.022234862917927,50.0,0.0009531105061107682,7.193118664366288
PC2,0.8,-12.205041624014633,15.0,0.0077268403101888134,1.9949168403105542
PC2,0.8,-12.205041624014633,20.0,0.14885470126116873,6.8492280905024066
PC2,0.8,-12.205041624014633,25.0,0.5716799319467147,13.159616235177898
PC2,0.8,-12.205041624014633,27.0,0.8402959859111208,18.541486393607617
PC2,0.8,-12.205041624014633,30.0,1.2174815349437433,23.936538548351724
PC2,0.8,-12.205041624014633,35.0,1.524692997712022,31.379531934113935
PC2,0.8,-12.205041624014633,37.0,1.5943034047237465,34.918769010709816
PC2,0.8,-12.205041624014633,40.0,1.657214597968212,38.49019315048947
PC2,0.8,-12.205041624014633,43.0,1.615781862407144,37.63779481914436
PC2,0.8,-12.205041624014633,45.0,1.3892029610816978,46.12747568610855
PC2,0.8,-12.205041624014633,47.0,0.19674720921104097,13.242640481026722
PC2,0.8,-12.205041624014633,50.0,0.0009481946583898397,7.219439080191434
PC2,0.8500000000000001,-12.41369784710035,15.0,0.008366885494046185,2.026544220257297
PC2,0.8500000000000001,-12.41369784710035,20.0,0.1500094233485081,6.897500308439319
PC2,0.8500000000000001,-12.41369784710035,25.0,0.5725805434856681,13.185551071831501
PC2,0.8500000000000001,-12.41369784710035,27.0,0.840134964411045,18.55106272326379
PC2,0.8500000000000001,-12.41369784710035,30.0,1.218597087894958,23.960550986326226
PC2,0.8500000000000001,-12.41369784710035,35.0,1.5242905081550056,31.375974405571434
PC2,0.8500000000000001,-12.41369784710035,37.0,1.5936979659048087,34.91932227472299
PC2,0.8500000000000001,-12.41369784710035,40.0,1.6570752822755752,38.49739998899376
PC2,0.8500000000000001,-12.41369784710035,43.0,1.6153911231560152,37.636171749260384
PC2,0.8500000000000001,-12.41369784710035,45.0,1.3879241948219145,46.09848655399047
PC2,0.8500000000000001,-12.41369784710035,47.0,0.18818999602487946,12.860445335880964
PC2,0.8500000000000001,-12.41369784710035,50.0,0.000943289350232682,7.245855811842517
PC2,0.9,-12.606996126101302,15.0,0.009039342075281086,2.0593031596023175
PC2,0.9,-12.606996126101302,20.0,0.15103010113464901,6.940535678922765
PC2,0.9,-12.606996126101302,25.0,0.5732589765819004,13.207232779052111
PC2,0.9,-12.606996126101302,27.0,0.8397542323562567,18.554664532385488
PC2,0.9,-12.606996126101302,30.0,1.2195902037512498,23.982822655099906
PC2,0.9,-12.606996126101302,35.0,1.5238253911212483,31.36921867448444
PC2,0.9,-12.606996126101302,37.0,1.5932721936827028,35.02975738940133
PC2,0.9,-12.606996126101302,40.0,1.6569019920778907,38.50295888537129
PC2,0.9,-12.606996126101302,43.0,1.614957839963066,37.63232800720948
PC2,0.9,-12.606996126101302,45.0,1.3865839668361102,46.075834001748696
PC2,0.9,-12.606996126101302,47.0,0.1799470960395401,12.99682923244689
PC2,0.9,-12.606996126101302,50.0,0.0009383943086336691,7.272368371928579
PC2,0.9500000000000001,-12.815122595775716,15.0,0.00971884280574252,2.092344643820358
PC2,0.9500000000000001,-12.815122595775716,20.0,0.1519130106648242,6.929494895041772
PC2,0.9500000000000001,-12.815122595775716,25.0,0.5737089238059383,13.224533022659323
PC2,0.9500000000000001,-12.815122595775716,27.0,0.8391490140918438,18.555646430412246
PC2,0.9500000000000001,-12.815122595775716,30.0,1.2204570007162592,24.003323732888433
PC2,0.9500000000000001,-12.815122595775716,35.0,1.523289781743169,31.358658241472124
PC2,0.9500000000000001,-12.815122595775716,37.0,1.5928165392065654,35.02364895130898
PC2,0.9500000000000001,-12.815122595775716,40.0,1.6565659160774902,38.503566350764295
PC2,0.9500000000000001,-12.815122595775716,43.0,1.614481462570773,37.62623424040477
PC2,0.9500000000000001,-12.815122595775716,45.0,1.3850931103922786,46.01925238165152
PC2,0.9500000000000001,-12.815122595775716,47.0,0.17201096882964007,12.729148440178994
PC2,0.9500000000000001,-12.815122595775716,50.0,0.0009335092576232876,7.2989791707307115
PC2,1.0,-12.985659251907023,15.0,0.010360375859884155,2.1241705256283274
PC2,1.0,-12.985659251907023,20.0,0.1526757567689205,5.129387494409628
PC2,1.0,-12.985659251907023,25.0,0.5739239231167985,13.237313209783396
PC2,1.0,-12.985659251907023,27.0,0.8383174728211543,18.553219761219275
PC2,1.0,-12.985659251907023,30.0,1.2211934843028096,24.022011840702447
PC2,1.0,-12.985659251907023,35.0,1.5226876322114071,31.344877149299784
PC2,1.0,-12.985659251907023,37.0,1.5923188379425104,35.015527148826074
PC2,1.0,-12.985659251907023,40.0,1.6561869696543574,38.5022523028331
PC2,1.0,-12.985659251907023,43.0,1.6139614039148389,37.61785911691387
PC2,1.0,-12.985659251907023,45.0,1.383544517326553,45.95694613023424
PC2,1.0,-12.985659251907023,47.0,0.16437361538768802,12.443303858434533
PC2,1.0,-12.985659251907023,50.0,0.0009286339185078234,7.324302507505899
PC3,-1.0,-16.607050677506678,15.0,0.0072093185044518485,0.9700560774805789
PC3,-1.0,-16.607050677506678,20.0,0.17920669879559975,7.4298541467692525
PC3,-1.0,-16.607050677506678,25.0,0.7303179264396469,16.877224968930932
PC3,-1.0,-16.607050677506678,27.0,0.9769861424108595,20.38081255793858
PC3,-1.0,-16.607050677506678,30.0,1.3179833150164408,23.72179471586543
PC3,-1.0,-16.607050677506678,35.0,1.5982666612487502,34.39975300877396
PC3,-1.0,-16.607050677506678,37.0,1.6653760835314282,37.950656502508764
PC3,-1.0,-16.607050677506678,40.0,1.7190338171258703,41.018322429530194
PC3,-1.0,-16.607050677506678,43.0,1.6607181291381132,39.564002747343444
PC3,-1.0,-16.607050677506678,45.0,1.392309538020801,46.03806792424256
PC3,-1.0,-16.607050677506678,47.0,0.07158847919427662,9.972145781369441
PC3,-1.0,-16.607050677506678,50.0,0.001288200701853277,6.929285175024976
PC3,-0.9500000000000001,-16.11332942500504,15.0,0.006534547494546009,0.971241837087882
PC3,-0.9500000000000001,-16.11332942500504,20.0,0.1756426213903006,7.4391519375207995
PC3,-0.9500000000000001,-16.11332942500504,25.0,0.719082432046047,16.565202533496894
PC3,-0.9500000000000001,-16.11332942500504,27.0,0.9701591879238846,20.28438628905056
PC3,-0.9500000000000001,-16.11332942500504,30.0,1.3130278124947812,23.645985874589933
PC3,-0.9500000000000001,-16.11332942500504,35.0,1.594866384055789,34.230380618895026
PC3,-0.9500000000000001,-16.11332942500504,37.0,1.6621911243592422,37.78802114505694
PC3,-0.9500000000000001,-16.11332942500504,40.0,1.7162094286781961,40.916332770938894
PC3,-0.9500000000000001,-16.11332942500504,43.0,1.6592944223604782,39.51120676528799
PC3,-0.9500000000000001,-16.11332942500504,45.0,1.3953953426183776,46.10229123769611
PC3,-0.9500000000000001,-16.11332942500504,47.0,0.07856057269799542,10.28096940170377
PC3,-0.9500000000000001,-16.11332942500504,50.0,0.0012754618364840431,6.886714439069172
PC3,-0.9,-15.62761866262868,15.0,0.005874671368139387,0.9724392903312065
PC3,-0.9,-15.62761866262868,20.0,0.1721314274532231,7.327484431288085
PC3,-0.9,-15.62761866262868,25.0,0.7080159569418162,16.257789663556814
PC3,-0.9,-15.62761866262868,27.0,0.9633279129115732,20.187917678054678
PC3,-0.9,-15.62761866262868,30.0,1.3078949753124471,23.57396223065387
PC3,-0.9,-15.62761866262868,35.0,1.5914449922267857,34.06000455854564
PC3,-0.9,-15.62761866262868,37.0,1.6589797503591124,37.6240732918622
PC3,-0.9,-15.62761866262868,40.0,1.7133463089367438,40.81297589113997
PC3,-0.9,-15.62761866262868,43.0,1.6577591858257366,39.4543939050906
PC3,-0.9,-15.62761866262868,45.0,1.3980114767965435,46.22538342443049
PC3,-0.9,-15.62761866262868,47.0,0.08614951269742757,10.61746805125234
PC3,-0.9,-15.62761866262868,50.0,0.0012625993159345046,6.874859287471459
PC3,-0.8500000000000001,-15.153210561908214,15.0,0.0052294246410687206,0.9736366437928433
PC3,-0.8500000000000001,-15.153210561908214,20.0,0.16867943199365174,7.20221065785889
PC3,-0.8500000000000001,-15.153210561908214,25.0,0.6971160832288349,15.954920601197978
PC3,-0.8500000000000001,-15.153210561908214,27.0,0.9564933554930047,20.09142066182486
PC3,-0.8500000000000001,-15.153210561908214,30.0,1.3027408650690007,23.50164145797095
PC3,-0.8500000000000001,-15.153210561908214,35.0,1.5880023751249,33.88861930953807
PC3,-0.8500000000000001,-15.153210561908214,37.0,1.6557425962473202,37.45884482574331
PC3,-0.8500000000000001,-15.153210561908214,40.0,1.71044529488306,40.70828144617912
PC3,-0.8500000000000001,-15.153210561908214,43.0,1.656116610416578,39.39371522730215
PC3,-0.8500000000000001,-15.153210561908214,45.0,1.40027461783157,46.34993990820724
PC3,-0.8500000000000001,-15.153210561908214,47.0,0.09440020007511654,10.983837456881261
PC3,-0.8500000000000001,-15.153210561908214,50.0,0.0012496312728805074,6.868907946613186
PC3,-0.8,-14.68666760509115,15.0,0.004598546073329095,0.9748255580128145
PC3,-0.8,-14.68666760509115,20.0,0.16528673924413412,7.078985440400629
PC3,-0.8,-14.68666760509115,25.0,0.6863804264061588,15.656530496370014
PC3,-0.8,-14.68666760509115,27.0,0.9496565453759537,19.994909066735424
PC3,-0.8,-14.68666760509115,30.0,1.2972729728895915,23.516575740455725
PC3,-0.8,-14.68666760509115,35.0,1.5845391729129503,33.71625591515034
PC3,-0.8,-14.68666760509115,37.0,1.652480296672444,37.29236762500934
PC3,-0.8,-14.68666760509115,40.0,1.7075097289224797,40.60416308090555
PC3,-0.8,-14.68666760509115,43.0,1.6543705657146615,39.32931019328742
PC3,-0.8,-14.68666760509115,45.0,1.4022098206019833,46.466071774091944
PC3,-0.8,-14.68666760509115,47.0,0.1033592406253008,11.382442888817984
PC3,-0.8,-14.68666760509115,50.0,0.0012365791716164426,6.864153661710386
PC3,-0.75,-14.23013162386685,15.0,0.003981778613705841,0.9760000366480578
PC3,-0.75,-14.23013162386685,20.0,0.16195240936263675,6.957776569299493
PC3,-0.75,-14.23013162386685,25.0,0.675806634943272,15.362555395287142
PC3,-0.75,-14.23013162386685,27.0,0.9428185035107887,19.898396603276154
PC3,-0.75,-14.23013162386685,30.0,1.2916765812217879,23.593719655901378
PC3,-0.75,-14.23013162386685,35.0,1.581056024364702,33.542945350125855
PC3,-0.75,-14.23013162386685,37.0,1.6491899331663367,37.125263638987775
PC3,-0.75,-14.23013162386685,40.0,1.704540975397258,40.500169132080444
PC3,-0.75,-14.23013162386685,43.0,1.6525247260441651,39.26131121508893
PC3,-0.75,-14.23013162386685,45.0,1.4038379618340129,46.54783717335557
PC3,-0.75,-14.23013162386685,47.0,0.11307476429529334,11.81583167191228
PC3,-0.75,-14.23013162386685,50.0,0.0012234630583012047,6.859756368549563
PC3,-0.7000000000000001,-13.782716784910665,15.0,0.0033788693445671206,0.977155708004305
PC3,-0.7000000000000001,-13.782716784910665,20.0,0.15867551642079858,6.838552311553195
PC3,-0.7000000000000001,-13.782716784910665,25.0,0.6653368257325176,14.902723784038297
PC3,-0.7000000000000001,-13.782716784910665,27.0,0.935980241753729,19.80189686173079
PC3,-0.7000000000000001,-13.782716784910665,30.0,1.2860608524513515,23.670555275893527
PC3,-0.7000000000000001,-13.782716784910665,35.0,1.5775535666654834,33.3687185109626
PC3,-0.7000000000000001,-13.782716784910665,37.0,1.6458679732451873,36.95823584189088
PC3,-0.7000000000000001,-13.782716784910665,40.0,1.7015376734572936,40.39297023866637
PC3,-0.7000000000000001,-13.782716784910665,43.0,1.6505827939184459,39.18985172128174
PC3,-0.7000000000000001,-13.782716784910665,45.0,1.4051777751882701,46.61467302305036
PC3,-0.7000000000000001,-13.782716784910665,47.0,0.12359601609446995,12.286731799023926
PC3,-0.7000000000000001,-13.782716784910665,50.0,0.0012103008991980041,6.85564695124253
PC3,-0.65,-13.351194756339407,15.0,0.002786948263930539,0.9596147302031955
PC3,-0.65,-13.351194756339407,20.0,0.1554551482202195,6.72128140388158
PC3,-0.65,-13.351194756339407,25.0,0.6550183403505139,14.618029296917145
PC3,-0.65,-13.351194756339407,27.0,0.9291427625393202,19.705423307857163
PC3,-0.65,-13.351194756339407,30.0,1.2804266743590225,23.74680101087007
PC3,-0.65,-13.351194756339407,35.0,1.5740324352155777,33.19360620632448
PC3,-0.65,-13.351194756339407,37.0,1.6425225492368118,36.790067393296496
PC3,-0.65,-13.351194756339407,40.0,1.6985006216071872,40.2839171818912
PC3,-0.65,-13.351194756339407,43.0,1.6485483701805217,39.11506146938239
PC3,-0.65,-13.351194756339407,45.0,1.4062469630621053,46.66746038704049
PC3,-0.65,-13.351194756339407,47.0,0.1349731379252333,12.79804565642903
PC3,-0.65,-13.351194756339407,50.0,0.001197109119628838,6.853020588845184
PC3,-0.6000000000000001,-12.930495818208529,15.0,0.0022070327369915,0.9330170662532743
PC3,-0.6000000000000001,-12.930495818208529,20.0,0.15229040611029226,6.605933046779984
PC3,-0.6000000000000001,-12.930495818208529,25.0,0.6448390170249595,14.27862440426591
PC3,-0.6000000000000001,-12.930495818208529,27.0,0.9223070585620933,19.60898927789422
PC3,-0.6000000000000001,-12.930495818208529,30.0,1.2747749319864066,23.82198155190913
PC3,-0.6000000000000001,-12.930495818208529,35.0,1.5704926396817818,33.01760877207528
PC3,-0.6000000000000001,-12.930495818208529,37.0,1.639154295693146,36.62078953372994
PC3,-0.6000000000000001,-12.930495818208529,40.0,1.6954321156209877,40.173407091853505
PC3,-0.6000000000000001,-12.930495818208529,43.0,1.6464249486834475,39.03706635383008
PC3,-0.6000000000000001,-12.930495818208529,45.0,1.4070623937734101,46.70707500027812
PC3,-0.6000000000000001,-12.930495818208529,47.0,0.14725670782327402,13.352816828687276
PC3,-0.6000000000000001,-12.930495818208529,50.0,0.001183902779364425,6.849564633739794
PC3,-0.55,-12.519771086025038,15.0,0.0016403310092178048,0.9068899847280133
PC3,-0.55,-12.519771086025038,20.0,0.14918040480782246,6.492476898347064
PC3,-0.55,-12.519771086025038,25.0,0.6346985694710731,13.95780584406391
PC3,-0.55,-12.519771086025038,27.0,0.9154741124679278,19.512607975367395
PC3,-0.55,-12.519771086025038,30.0,1.2691065073124415,23.895214931616444
PC3,-0.55,-12.519771086025038,35.0,1.5669351209373534,32.84077189095097
PC3,-0.55,-12.519771086025038,37.0,1.6357638462046356,36.450433455007904
PC3,-0.55,-12.519771086025038,40.0,1.692332024116464,40.062305939274246
PC3,-0.55,-12.519771086025038,43.0,1.6441890668683312,38.92205162842287
PC3,-0.55,-12.519771086025038,45.0,1.407639891011386,46.73433834065599
PC3,-0.55,-12.519771086025038,47.0,0.16049723955006223,13.954170626536444
PC3,-0.55,-12.519771086025038,50.0,0.0011706956691113282,6.846024976513798
PC3,-0.5,-12.12194435451471,15.0,0.0010866044925933968,0.8812252821059016
PC3,-0.5,-12.12194435451471,20.0,0.14612427221830115,6.38088306822007
PC3,-0.5,-12.12194435451471,25.0,0.6246908511407827,13.760094011574848
PC3,-0.5,-12.12194435451471,27.0,0.9086448965553904,19.41629246414561
PC3,-0.5,-12.12194435451471,30.0,1.2634222789342375,23.964639638628746
PC3,-0.5,-12.12194435451471,35.0,1.5633608254490021,32.663141517157776
PC3,-0.5,-12.12194435451471,37.0,1.632351833210871,36.27903029086761
PC3,-0.5,-12.12194435451471,40.0,1.6891917926763826,39.89798767586079
PC3,-0.5,-12.12194435451471,43.0,1.641865587037328,38.79366726530585
PC3,-0.5,-12.12194435451471,45.0,1.4079942878094975,46.75002043225873
PC3,-0.5,-12.12194435451471,47.0,0.17474457729390153,14.565143231404772
PC3,-0.5,-12.12194435451471,50.0,0.0011575004092824106,6.8424972568333935
PC3,-0.45,-11.73881445197926,15.0,0.0005456184880526528,0.8560148878399857
PC3,-0.45,-11.73881445197926,20.0,0.143121149258919,6.271122111305345
PC3,-0.45,-11.73881445197926,25.0,0.6148341169754282,13.565308956104316
PC3,-0.45,-11.73881445197926,27.0,0.9018203724864625,19.320055669273213
PC3,-0.45,-11.73881445197926,30.0,1.257722655582424,24.018938922439933
PC3,-0.45,-11.73881445197926,35.0,1.5597703804947949,32.48474806017005
PC3,-0.45,-11.73881445197926,37.0,1.6289188878132772,36.106611107674425
PC3,-0.45,-11.73881445197926,40.0,1.6860200128227867,39.729791369719145
PC3,-0.45,-11.73881445197926,43.0,1.6394645131714227,38.661072558584955
PC3,-0.45,-11.73881445197926,45.0,1.408139480496918,46.754842647499515
PC3,-0.45,-11.73881445197926,47.0,0.1900471051010718,15.10736511114944
PC3,-0.45,-11.73881445197926,50.0,0.0011443285289469962,6.838986199850787
PC3,-0.4,-11.36398097112908,15.0,1.7142131665572026e-05,0.8312508627313359
PC3,-0.4,-11.36398097112908,20.0,0.14017018968322073,6.16316502195647
PC3,-0.4,-11.36398097112908,25.0,0.6051261899248452,13.37340851306138
PC3,-0.4,-11.36398097112908,27.0,0.8950014910073014,19.223910368478027
PC3,-0.4,-11.36398097112908,30.0,1.2519039474268407,23.79853160668077
PC3,-0.4,-11.36398097112908,35.0,1.55616441063672,32.3056217962638
PC3,-0.4,-11.36398097112908,37.0,1.6254656395898335,35.93320689526854
PC3,-0.4,-11.36398097112908,40.0,1.6828151269210279,39.55943389756723
PC3,-0.4,-11.36398097112908,43.0,1.6369875907848825,38.52436213374474
PC3,-0.4,-11.36398097112908,45.0,1.4080884819917339,46.748326603613805
PC3,-0.4,-11.36398097112908,47.0,0.20645127914270336,15.693045081126806
PC3,-0.4,-11.36398097112908,50.0,0.0011311905436635103,6.835496216727834
PC3,-0.35000000000000003,-11.084353670313842,15.0,0.0,
PC3,-0.35000000000000003,-11.084353670313842,20.0,0.13727055990774967,6.056983227947802
PC3,-0.35000000000000003,-11.084353670313842,25.0,0.5955649230303536,13.184351105845339
PC3,-0.35000000000000003,-11.084353670313842,27.0,0.8881891916796676,19.127869190780416
PC3,-0.35000000000000003,-11.084353670313842,30.0,1.2454091726955347,23.866309112245574
PC3,-0.35000000000000003,-11.084353670313842,35.0,1.5525435375427068,32.125792859850925
PC3,-0.35000000000000003,-11.084353670313842,37.0,1.6219927164125088,35.75884855790436
PC3,-0.35000000000000003,-11.084353670313842,40.0,1.6795815208367622,39.387579846548995
PC3,-0.35000000000000003,-11.084353670313842,43.0,1.6344399010051798,38.383812011470425
PC3,-0.35000000000000003,-11.084353670313842,45.0,1.4078534739355784,46.73007391678081
PC3,-0.35000000000000003,-11.084353670313842,47.0,0.22400070712346767,16.84964336313272
PC3,-0.35000000000000003,-11.084353670313842,50.0,0.0011180960288164137,6.832032930532071
PC3,-0.30000000000000004,-10.832915630685227,15.0,0.0,
PC3,-0.30000000000000004,-10.832915630685227,20.0,0.13442143884010666,5.952548584686363
PC3,-0.30000000000000004,-10.832915630685227,25.0,0.586148199031461,12.998095737957716
PC3,-0.30000000000000004,-10.832915630685227,27.0,0.8813844026214225,19.031944612313268
PC3,-0.30000000000000004,-10.832915630685227,30.0,1.2385728919190833,23.801438291837144
PC3,-0.30000000000000004,-10.832915630685227,35.0,1.5489083798112497,31.945291234929535
PC3,-0.30000000000000004,-10.832915630685227,37.0,1.61850074426665,35.58356690531924
PC3,-0.30000000000000004,-10.832915630685227,40.0,1.6763199535905224,39.21426892131141
PC3,-0.30000000000000004,-10.832915630685227,43.0,1.6318243481176946,38.23957983070468
PC3,-0.30000000000000004,-10.832915630685227,45.0,1.4076080820685135,46.47108610365164
PC3,-0.30000000000000004,-10.832915630685227,47.0,0.24273502641836747,17.448705018575534
PC3,-0.30000000000000004,-10.832915630685227,50.0,0.0011050536886233948,6.828602489535272
PC3,-0.25,-10.600393364571168,15.0,0.0,
PC3,-0.25,-10.600393364571168,20.0,0.13162201770906684,5.849833369374875
PC3,-0.25,-10.600393364571168,25.0,0.5768739299781157,12.814601984957404
PC3,-0.25,-10.600393364571168,27.0,0.8745880402580772,18.936148952591783
PC3,-0.25,-10.600393364571168,30.0,1.2316336601615239,23.700481502475682
PC3,-0.25,-10.600393364571168,35.0,1.545259552800027,31.764146746734234
PC3,-0.25,-10.600393364571168,37.0,1.6149903470730302,35.407392643911166
PC3,-0.25,-10.600393364571168,40.0,1.6730311791431867,39.03954055852269
PC3,-0.25,-10.600393364571168,43.0,1.6291437327445808,38.09181759174029
PC3,-0.25,-10.600393364571168,45.0,1.4073030907694684,46.460667490758816
PC3,-0.25,-10.600393364571168,47.0,0.26268795251714305,18.096536084885233
PC3,-0.25,-10.600393364571168,50.0,0.0010920714208155348,6.82521392281788
PC3,-0.2,-10.411469920791973,15.0,0.0,
PC3,-0.2,-10.411469920791973,20.0,0.12887149989632746,5.748810275057037
PC3,-0.2,-10.411469920791973,25.0,0.5677399967487409,12.633828767313856
PC3,-0.2,-10.411469920791973,27.0,0.8677728961640793,18.840202670412815
PC3,-0.2,-10.411469920791973,30.0,1.224683494154235,23.83529996329752
PC3,-0.2,-10.411469920791973,35.0,1.5415976684578998,31.58238905354919
PC3,-0.2,-10.411469920791973,37.0,1.6114621465126526,35.23035636807151
PC3,-0.2,-10.411469920791973,40.0,1.6697159464116136,38.863433927377976
PC3,-0.2,-10.411469920791973,43.0,1.6264007553715667,37.94067184803558
PC3,-0.2,-10.411469920791973,45.0,1.4070112527784289,45.72101225367519
PC3,-0.2,-10.411469920791973,47.0,0.28390989058443855,17.614628697772932
PC3,-0.2,-10.411469920791973,50.0,0.001079977860455337,6.821917158808506
PC3,-0.15000000000000002,-10.205126917622152,15.0,0.0,
PC3,-0.15000000000000002,-10.205126917622152,20.0,0.126169100770092,5.649452405249031
PC3,-0.15000000000000002,-10.205126917622152,25.0,0.558744314615112,12.455735857046847
PC3,-0.15000000000000002,-10.205126917622152,27.0,0.8576522488613426,18.695677200567992
PC3,-0.15000000000000002,-10.205126917622152,30.0,1.2177201245907336,23.750397760302207
PC3,-0.15000000000000002,-10.205126917622152,35.0,1.5379233351605748,31.40004763870027
PC3,-0.15000000000000002,-10.205126917622152,37.0,1.6079167618540269,35.05248855162452
PC3,-0.15000000000000002,-10.205126917622152,40.0,1.6663749992735812,38.685987930035054
PC3,-0.15000000000000002,-10.205126917622152,43.0,1.6235980198536717,37.786283896864084
PC3,-0.15000000000000002,-10.205126917622152,45.0,1.4074304098123653,45.38510695432582
PC3,-0.15000000000000002,-10.205126917622152,47.0,0.30641179401903235,18.43808398396836
PC3,-0.15000000000000002,-10.205126917622152,50.0,0.0010683498356005275,6.818707267125177
PC3,-0.1,-10.022524236527449,15.0,0.0,
PC3,-0.1,-10.022524236527449,20.0,0.12351404752036743,5.551733268145414
PC3,-0.1,-10.022524236527449,25.0,0.5498849983910429,12.280286697028032
PC3,-0.1,-10.022524236527449,27.0,0.845463387340597,18.527347253514538
PC3,-0.1,-10.022524236527449,30.0,1.2107350546939557,23.653995652586637
PC3,-0.1,-10.022524236527449,35.0,1.5342371575497125,31.217151802715424
PC3,-0.1,-10.022524236527449,37.0,1.6043548097832685,34.87381953941875
PC3,-0.1,-10.022524236527449,40.0,1.6630090765629508,38.50724120157809
PC3,-0.1,-10.022524236527449,43.0,1.6207380368853483,37.62878996803782
PC3,-0.1,-10.022524236527449,45.0,1.4080793568703742,44.85603774760534
PC3,-0.1,-10.022524236527449,47.0,0.3301450247924821,19.13488923738964
PC3,-0.1,-10.022524236527449,50.0,0.0010592534570654502,6.815701824619875
PC3,-0.05,-9.87881790990155,15.0,0.0,
PC3,-0.05,-9.87881790990155,20.0,0.12090557899618057,5.455626770931783
PC3,-0.05,-9.87881790990155,25.0,0.541157754654522,12.1072301764584
PC3,-0.05,-9.87881790990155,27.0,0.833450541060394,18.361409633265026
PC3,-0.05,-9.87881790990155,30.0,1.2037293551639898,23.555483595340263
PC3,-0.05,-9.87881790990155,35.0,1.5305397363762012,31.033730655688412
PC3,-0.05,-9.87881790990155,37.0,1.600776904237346,34.69437953906764
PC3,-0.05,-9.87881790990155,40.0,1.659618912056614,38.327232109116736
PC3,-0.05,-9.87881790990155,43.0,1.6187252167949502,37.51737316936014
PC3,-0.05,-9.87881790990155,45.0,1.40857382820151,44.84129638592409
PC3,-0.05,-9.87881790990155,47.0,0.35503794497406255,19.846498508505825
PC3,-0.05,-9.87881790990155,50.0,0.001049967921761596,6.812802711364903
PC3,0.0,-9.778832777439442,15.0,0.0,
PC3,0.0,-9.778832777439442,20.0,0.11834294554443253,5.361107214410037
PC3,0.0,-9.778832777439442,25.0,0.532543802270648,11.935151350736097
PC3,0.0,-9.778832777439442,27.0,0.8216112608677085,18.197831158931137
PC3,0.0,-9.778832777439442,30.0,1.196704095074697,23.456076446998143
PC3,0.0,-9.778832777439442,35.0,1.526831668346877,30.8498131098087
PC3,0.0,-9.778832777439442,37.0,1.5971836562400126,34.51419861282276
PC3,0.0,-9.778832777439442,40.0,1.6562052344531948,38.14599875072689
PC3,0.0,-9.778832777439442,43.0,1.6168964144917108,37.41597020263076
PC3,0.0,-9.778832777439442,45.0,1.4088748931669104,43.93948842422541
PC3,0.0,-9.778832777439442,47.0,0.38112494249750395,20.74581553250344
PC3,0.0,-9.778832777439442,50.0,0.0010405137263009346,6.810053065922612
PC3,0.05,-9.729036521369409,15.0,0.0,
PC3,0.05,-9.729036521369409,20.0,0.11582540885066682,5.268149287610066
PC3,0.05,-9.729036521369409,25.0,0.5240593602609452,11.765558903023935
PC3,0.05,-9.729036521369409,27.0,0.8099431301385467,18.036579091413348
PC3,0.05,-9.729036521369409,30.0,1.1896603414679214,23.356129913458282
PC3,0.05,-9.729036521369409,35.0,1.5231135459751308,30.665427872081754
PC3,0.05,-9.729036521369409,37.0,1.593575673740745,34.33330666959993
PC3,0.05,-9.729036521369409,40.0,1.6527687673453508,37.96357895417787
PC3,0.05,-9.729036521369409,43.0,1.6149913619922946,37.31042693006505
PC3,0.05,-9.729036521369409,45.0,1.4094525075133588,43.436511200648134
PC3,0.05,-9.729036521369409,47.0,0.40795783583040646,21.437030212176733
PC3,0.05,-9.729036521369409,50.0,0.0010309102243689391,6.807519306214522
PC3,0.1,-9.856715709267107,15.0,0.0,
PC3,0.1,-9.856715709267107,20.0,0.11335224178154558,5.1767280622354175
PC3,0.1,-9.856715709267107,25.0,0.5157039294472723,11.598490086011532
PC3,0.1,-9.856715709267107,27.0,0.7984170839976297,17.87710380708431
PC3,0.1,-9.856715709267107,30.0,1.1825991589516875,23.255792662833358
PC3,0.1,-9.856715709267107,35.0,1.519385957435592,30.480603437245826
PC3,0.1,-9.856715709267107,37.0,1.5899535614570808,34.15173345717573
PC3,0.1,-9.856715709267107,40.0,1.649310229185777,37.78001027511691
PC3,0.1,-9.856715709267107,43.0,1.6130032204250226,37.20282762066623
PC3,0.1,-9.856715709267107,45.0,1.4133894773712203,29.65291479513044
PC3,0.1,-9.856715709267107,47.0,0.4358598738268036,21.689052391128257
PC3,0.1,-9.856715709267107,50.0,0.0010212071101286008,6.8053039280421315
PC3,0.15000000000000002,-9.941433653321036,15.0,0.0,
PC3,0.15000000000000002,-9.941433653321036,20.0,0.11092272822915923,5.086818987447048
PC3,0.15000000000000002,-9.941433653321036,25.0,0.5074756371321704,11.433908345959665
PC3,0.15000000000000002,-9.941433653321036,27.0,0.7870488967058308,17.71976763229813
PC3,0.15000000000000002,-9.941433653321036,30.0,1.17552160930297,23.15514273736832
PC3,0.15000000000000002,-9.941433653321036,35.0,1.5156436800300401,30.295554642217176
PC3,0.15000000000000002,-9.941433653321036,37.0,1.586253474542698,33.967969029773776
PC3,0.15000000000000002,-9.941433653321036,40.0,1.6458315682260722,37.595394989298704
PC3,0.15000000000000002,-9.941433653321036,43.0,1.6109202890965386,37.096115599410965
PC3,0.15000000000000002,-9.941433653321036,45.0,1.4192181319924608,29.934402335517312
PC3,0.15000000000000002,-9.941433653321036,47.0,0.4647799663161753,22.049783323471935
PC3,0.15000000000000002,-9.941433653321036,50.0,0.0010119411618731754,6.803603791119036
PC3,0.2,-10.096511184776878,15.0,0.0,
PC3,0.2,-10.096511184776878,20.0,0.10853616295706546,4.998397884509487
PC3,0.2,-10.096511184776878,25.0,0.4993726367180593,11.27177764110541
PC3,0.2,-10.096511184776878,27.0,0.7758453325388189,17.56467190300737
PC3,0.2,-10.096511184776878,30.0,1.1684287510741724,23.054228647601818
PC3,0.2,-10.096511184776878,35.0,1.511892457821385,30.110139565254507
PC3,0.2,-10.096511184776878,37.0,1.582513097880234,33.782911305492476
PC3,0.2,-10.096511184776878,40.0,1.6423328004043378,37.40973367724026
PC3,0.2,-10.096511184776878,43.0,1.608766493206039,36.98583993693535
PC3,0.2,-10.096511184776878,45.0,1.4246788426201373,28.598668271027396
PC3,0.2,-10.096511184776878,47.0,0.4946486901441029,22.457093812185736
PC3,0.2,-10.096511184776878,50.0,0.0010025297867892486,6.8027007985176775
PC3,0.25,-10.283274872704833,15.0,0.0,
PC3,0.25,-10.283274872704833,20.0,0.1061918514481687,4.911440941525705
PC3,0.25,-10.283274872704833,25.0,0.49139310736155184,11.112062434614733
PC3,0.25,-10.283274872704833,27.0,0.7647942282156664,17.491274200852313
PC3,0.25,-10.283274872704833,30.0,1.161321639205306,22.953084745472342
PC3,0.25,-10.283274872704833,35.0,1.5081334406045388,29.924367667535467
PC3,0.25,-10.283274872704833,37.0,1.5787592322990296,33.597214700408145
PC3,0.25,-10.283274872704833,40.0,1.6388140588748072,37.223033086947474
PC3,0.25,-10.283274872704833,43.0,1.6065441501635165,36.87211703935767
PC3,0.25,-10.283274872704833,45.0,1.4296903051260965,28.831328697408793
PC3,0.25,-10.283274872704833,47.0,0.5253804826801605,22.882760781339535
PC3,0.25,-10.283274872704833,50.0,0.0009929911621915988,6.803223154377542
PC3,0.30000000000000004,-10.523415922857478,15.0,0.0,
PC3,0.30000000000000004,-10.523415922857478,20.0,0.1038891097543499,4.825924708704685
PC3,0.30000000000000004,-10.523415922857478,25.0,0.4835352536317232,10.954727687820158
PC3,0.30000000000000004,-10.523415922857478,27.0,0.7538682454881481,17.404540973859298
PC3,0.30000000000000004,-10.523415922857478,30.0,1.1542013246408052,22.852046063894154
PC3,0.30000000000000004,-10.523415922857478,35.0,1.5043671993049317,29.73826649951983
PC3,0.30000000000000004,-10.523415922857478,37.0,1.5749912456098334,33.41084823532565
PC3,0.30000000000000004,-10.523415922857478,40.0,1.6352760413013807,37.035329673610285
PC3,0.30000000000000004,-10.523415922857478,43.0,1.6042556539625923,36.755067168484736
PC3,0.30000000000000004,-10.523415922857478,45.0,1.4342395512745831,29.01030173299317
PC3,0.30000000000000004,-10.523415922857478,47.0,0.5568704597044372,23.32185213380079
PC3,0.30000000000000004,-10.523415922857478,50.0,0.0009833423636082712,6.8066557516412916
PC3,0.35000000000000003,-10.817046102322484,15.0,0.0,
PC3,0.35000000000000003,-10.817046102322484,20.0,0.10162726434783402,4.741826092728438
PC3,0.35000000000000003,-10.817046102322484,25.0,0.47579730517246427,10.799738853390267
PC3,0.35000000000000003,-10.817046102322484,27.0,0.7429554212515068,17.328736312169493
PC3,0.35000000000000003,-10.817046102322484,30.0,1.1470688539517035,22.75042672062323
PC3,0.35000000000000003,-10.817046102322484,35.0,1.5005942998552781,29.551863368409265
PC3,0.35000000000000003,-10.817046102322484,37.0,1.5712107975737724,33.22389254302161
PC3,0.35000000000000003,-10.817046102322484,40.0,1.6317193733349376,36.85147420908753
PC3,0.35000000000000003,-10.817046102322484,43.0,1.6019033540096879,36.6348083396606
PC3,0.35000000000000003,-10.817046102322484,45.0,1.4383372424204492,29.209497794679663
PC3,0.35000000000000003,-10.817046102322484,47.0,0.5889976226802374,23.771580526279728
PC3,0.35000000000000003,-10.817046102322484,50.0,0.0009735994050507825,6.817568567960534
PC3,0.4,-11.165265741516059,15.0,0.0,
PC3,0.4,-11.165265741516059,20.0,0.09940565197434913,4.65912235201077
PC3,0.4,-11.165265741516059,25.0,0.4681775163691183,10.647061868713426
PC3,0.4,-11.165265741516059,27.0,0.7320986162715325,17.025154166091067
PC3,0.4,-11.165265741516059,30.0,1.139925268963449,22.648992352994938
PC3,0.4,-11.165265741516059,35.0,1.4968153030735583,29.36518533222443
PC3,0.4,-11.165265741516059,37.0,1.5674186667692405,33.036385343378164
PC3,0.4,-11.165265741516059,40.0,1.628137655096209,36.66974979794233
PC3,0.4,-11.165265741516059,43.0,1.5994891264681248,36.511434734673124
PC3,0.4,-11.165265741516059,45.0,1.441997716573827,29.387122261944718
PC3,0.4,-11.165265741516059,47.0,0.6216373815153092,24.105343339692553
PC3,0.4,-11.165265741516059,50.0,0.0009637772809888387,6.860299722633537
PC3,0.45,-11.564818928943435,15.0,0.0,
PC3,0.45,-11.564818928943435,20.0,0.09722361950800462,4.5777910917385585
PC3,0.45,-11.564818928943435,25.0,0.4606741660189109,10.496663149270931
PC3,0.45,-11.564818928943435,27.0,0.7212150547229875,16.723211502767686
PC3,0.45,-11.564818928943435,30.0,1.1327716063896718,22.547092818477818
PC3,0.45,-11.564818928943435,35.0,1.493030764544821,29.178259194065657
PC3,0.45,-11.564818928943435,37.0,1.5636154521604275,32.848355608284166
PC3,0.45,-11.564818928943435,40.0,1.6245350417708986,36.48792528613119
PC3,0.45,-11.564818928943435,43.0,1.5970150502987843,36.385050747171825
PC3,0.45,-11.564818928943435,45.0,1.4452406699653568,29.54414657446636
PC3,0.45,-11.564818928943435,47.0,0.6542436465270571,24.487712095754055
PC3,0.45,-11.564818928943435,50.0,0.0009538902288859122,7.024031444418551
PC3,0.5,-12.01488524758621,15.0,0.0,
PC3,0.5,-12.01488524758621,20.0,0.09508052380797608,4.497810258811442
PC3,0.5,-12.01488524758621,25.0,0.4532855570057373,10.348509582227168
PC3,0.5,-12.01488524758621,27.0,0.7104154087387197,16.424515965089313
PC3,0.5,-12.01488524758621,30.0,1.125608897471912,22.445079128341938
PC3,0.5,-12.01488524758621,35.0,1.4892412345073411,28.991111496584516
PC3,0.5,-12.01488524758621,37.0,1.5598017486024627,32.659832108363176
PC3,0.5,-12.01488524758621,40.0,1.620929286948038,37.084058051680344
PC3,0.5,-12.01488524758621,43.0,1.594483182133777,36.25575964532401
PC3,0.5,-12.01488524758621,45.0,1.4480853639988958,29.681520717770155
PC3,0.5,-12.01488524758621,47.0,0.6867005279400624,24.753460193801768
PC3,0.5,-12.01488524758621,50.0,0.0009439537491379368,7.020116810007977
PC3,0.55,-12.512624308174368,15.0,0.0,
PC3,0.55,-12.512624308174368,20.0,0.09297573157684871,4.419158137164494
PC3,0.55,-12.512624308174368,25.0,0.44601001597875095,10.20256851992484
PC3,0.55,-12.512624308174368,27.0,0.6997737800663127,16.13013336726003
PC3,0.55,-12.512624308174368,30.0,1.118438167625894,22.342965515252587
PC3,0.55,-12.512624308174368,35.0,1.4854472577428879,28.803768516655957
PC3,0.55,-12.512624308174368,37.0,1.5559781467014961,32.47084340615643
PC3,0.55,-12.512624308174368,40.0,1.6173148085098752,36.96642265724701
PC3,0.55,-12.512624308174368,43.0,1.5918955291711319,36.12366220680195
PC3,0.55,-12.512624308174368,45.0,1.45055057434058,29.800170711416165
PC3,0.55,-12.512624308174368,47.0,0.7191764261484699,25.01936355557679
PC3,0.55,-12.512624308174368,50.0,0.0009339772977887136,7.016183476706452
PC3,0.6000000000000001,-13.054746978615071,15.0,0.0,
PC3,0.6000000000000001,-13.054746978615071,20.0,0.09090861922072145,4.341813342936228
PC3,0.6000000000000001,-13.054746978615071,25.0,0.4388458930347479,10.058807773665427
PC3,0.6000000000000001,-13.054746978615071,27.0,0.6892879670396188,15.840003837938315
PC3,0.6000000000000001,-13.054746978615071,30.0,1.1112604360940377,22.240766125922523
PC3,0.6000000000000001,-13.054746978615071,35.0,1.4816493734709941,28.616256260241794
PC3,0.6000000000000001,-13.054746978615071,37.0,1.5521452326778837,32.28141784946303
PC3,0.6000000000000001,-13.054746978615071,40.0,1.613684572011635,36.798534208725734
PC3,0.6000000000000001,-13.054746978615071,43.0,1.5892540502391375,35.98847702585283
PC3,0.6000000000000001,-13.054746978615071,45.0,1.4526545500461363,29.90070504497714
PC3,0.6000000000000001,-13.054746978615071,47.0,0.7513770118523116,25.284237684361976
PC3,0.6000000000000001,-13.054746978615071,50.0,0.0009239722308765168,7.012231295332813
PC3,0.65,-13.638218823572338,15.0,0.0,
PC3,0.65,-13.638218823572338,20.0,0.08887857271101475,4.265754819766606
PC3,0.65,-13.638218823572338,25.0,0.43179156140482056,9.917195607400533
PC3,0.65,-13.638218823572338,27.0,0.678955797922143,15.554068319346008
PC3,0.65,-13.638218823572338,30.0,1.1040767156049827,22.13849501631709
PC3,0.65,-13.638218823572338,35.0,1.4778481152474405,28.428600457465112
PC3,0.65,-13.638218823572338,37.0,1.5483035882336749,32.09158356488469
PC3,0.65,-13.638218823572338,40.0,1.6100392507778276,36.62123473656683
PC3,0.65,-13.638218823572338,43.0,1.5865594791735387,35.85141838202872
PC3,0.65,-13.638218823572338,45.0,1.4544147376548897,29.984561661648083
PC3,0.65,-13.638218823572338,47.0,0.7832302268119116,25.54667879599242
PC3,0.65,-13.638218823572338,50.0,0.0009139491030727033,7.008261167348223
PC3,0.7000000000000001,-14.25923307637213,15.0,0.0,
PC3,0.7000000000000001,-14.25923307637213,20.0,0.08688498744800369,4.190961833783395
PC3,0.7000000000000001,-14.25923307637213,25.0,0.4248451134350043,9.777694689425845
PC3,0.7000000000000001,-14.25923307637213,27.0,0.6687367083463619,15.272552314595112
PC3,0.7000000000000001,-14.25923307637213,30.0,1.0968880120399882,22.03616614709712
PC3,0.7000000000000001,-14.25923307637213,35.0,1.4740440108670785,28.24082655788929
PC3,0.7000000000000001,-14.25923307637213,37.0,1.5444537904234905,31.901368451533212
PC3,0.7000000000000001,-14.25923307637213,40.0,1.606379511824982,36.44016391996476
PC3,0.7000000000000001,-14.25923307637213,43.0,1.5838107798816494,35.711387607793704
PC3,0.7000000000000001,-14.25923307637213,45.0,1.4558437663064192,30.05197554674808
PC3,0.7000000000000001,-14.25923307637213,47.0,0.8146269763985128,25.805141234504813
PC3,0.7000000000000001,-14.25923307637213,50.0,0.000903917710173549,7.004271325906302
PC3,0.75,-14.912962000730932,15.0,0.0,
PC3,0.75,-14.912962000730932,20.0,0.08492726812603249,4.1174139697110625
PC3,0.75,-14.912962000730932,25.0,0.4180050931194629,9.640276878285528
PC3,0.75,-14.912962000730932,27.0,0.6585938833428456,14.995635770725427
PC3,0.75,-14.912962000730932,30.0,1.0896953241065863,21.933793378951634
PC3,0.75,-14.912962000730932,35.0,1.470215261651548,28.092889526954913
PC3,0.75,-14.912962000730932,37.0,1.5405964115292015,31.71080017493458
PC3,0.75,-14.912962000730932,40.0,1.6027060158230668,36.25698276479704
PC3,0.75,-14.912962000730932,43.0,1.5810106429246047,35.5672948129036
PC3,0.75,-14.912962000730932,45.0,1.4569634899482395,30.104141543485095
PC3,0.75,-14.912962000730932,47.0,0.845413289680416,26.038684717079636
PC3,0.75,-14.912962000730932,50.0,0.000893887130558581,7.000262587264905
PC3,0.8,-15.557945801781624,15.0,0.0,
PC3,0.8,-15.557945801781624,20.0,0.08300482860036482,4.045091125487565
PC3,0.8,-15.557945801781624,25.0,0.41127012734615387,9.50491524599595
PC3,0.8,-15.557945801781624,27.0,0.648599150923689,14.722706840050353
PC3,0.8,-15.557945801781624,30.0,1.082499310662069,21.83123945603593
PC3,0.8,-15.557945801781624,35.0,1.46635978928608,27.988770653757708
PC3,0.8,-15.557945801781624,37.0,1.5367320189384852,31.51990616110703
PC3,0.8,-15.557945801781624,40.0,1.599019417055278,36.07237067108821
PC3,0.8,-15.557945801781624,43.0,1.578163128549648,35.420104596147375
PC3,0.8,-15.557945801781624,45.0,1.457789792342929,30.1418422120699
PC3,0.8,-15.557945801781624,47.0,0.8733009128680927,26.26900686371536
PC3,0.8,-15.557945801781624,50.0,0.0008838657654663082,6.996234956762434
PC3,0.8500000000000001,-16.166914484396855,15.0,0.0,
PC3,0.8500000000000001,-16.166914484396855,20.0,0.08111709175576445,3.9739735084274934
PC3,0.8500000000000001,-16.166914484396855,25.0,0.4046386787105533,9.371579804402401
PC3,0.8500000000000001,-16.166914484396855,27.0,0.6386440949561045,14.515976486326482
PC3,0.8500000000000001,-16.166914484396855,30.0,1.075301105300553,21.728181053019174
PC3,0.8500000000000001,-16.166914484396855,35.0,1.4625025496682793,27.88461767008091
PC3,0.8500000000000001,-16.166914484396855,37.0,1.532861175026958,31.32871359082604
PC3,0.8500000000000001,-16.166914484396855,40.0,1.5953203633767352,35.886667879062315
PC3,0.8500000000000001,-16.166914484396855,43.0,1.5752033073959084,35.269268961604546
PC3,0.8500000000000001,-16.166914484396855,45.0,1.4583379422389877,30.16233753578879
PC3,0.8500000000000001,-16.166914484396855,47.0,0.8972482461737755,26.469406224216613
PC3,0.8500000000000001,-16.166914484396855,50.0,0.0008738613779552262,6.992188267557371
PC3,0.9,-16.78845933406334,15.0,0.0,
PC3,0.9,-16.78845933406334,20.0,0.07926348937672839,3.904041630498792
PC3,0.9,-16.78845933406334,25.0,0.3981092314337237,9.240240988092067
PC3,0.9,-16.78845933406334,27.0,0.6287741835028874,14.322483050215277
PC3,0.9,-16.78845933406334,30.0,1.0681004891572619,21.625858086530634
PC3,0.9,-16.78845933406334,35.0,1.4584008777870563,27.816109497761612
PC3,0.9,-16.78845933406334,37.0,1.528984437044528,31.13724939408973
PC3,0.9,-16.78845933406334,40.0,1.5916094961724148,35.70007162096551
PC3,0.9,-16.78845933406334,43.0,1.5721557562104078,35.115366508617896
PC3,0.9,-16.78845933406334,45.0,1.458622593313595,30.170429099639072
PC3,0.9,-16.78845933406334,47.0,0.9205019352518554,26.663928258911454
PC3,0.9,-16.78845933406334,50.0,0.0008638829538223505,6.988122311320789
PC3,0.9500000000000001,-17.418685900858623,15.0,0.0,
PC3,0.9500000000000001,-17.418685900858623,20.0,0.07744346201928132,3.835276303699569
PC3,0.9500000000000001,-17.418685900858623,25.0,0.3916802910710997,9.110869648714075
PC3,0.9500000000000001,-17.418685900858623,27.0,0.6190485955281548,14.131784103518545
PC3,0.9500000000000001,-17.418685900858623,30.0,1.0607851330530407,21.523849894399156
PC3,0.9500000000000001,-17.418685900858623,35.0,1.4541382262350055,27.738366502691036
PC3,0.9500000000000001,-17.418685900858623,37.0,1.5251023570052487,30.945540244750724
PC3,0.9500000000000001,-17.418685900858623,40.0,1.5878874503140747,35.51271014502973
PC3,0.9500000000000001,-17.418685900858623,43.0,1.5690664579563485,34.95938779678199
PC3,0.9500000000000001,-17.418685900858623,45.0,1.4586577881307194,30.165437631853862
PC3,0.9500000000000001,-17.418685900858623,47.0,0.9429913453517429,26.851974628123468
PC3,0.9500000000000001,-17.418685900858623,50.0,0.0008548222595181223,6.9840786821904945
PC3,1.0,-18.053741150958114,15.0,0.0,
PC3,1.0,-18.053741150958114,20.0,0.07565645888451042,3.767658636323261
PC3,1.0,-18.053741150958114,25.0,0.38535038422548307,8.983437049269506
PC3,1.0,-18.053741150958114,27.0,0.6094653007126505,13.943841282360596
PC3,1.0,-18.053741150958114,30.0,1.053432643252297,21.42175557674206
PC3,1.0,-18.053741150958114,35.0,1.4496885989767412,27.617915569876057
PC3,1.0,-18.053741150958114,37.0,1.5212154815810972,30.75361255534905
PC3,1.0,-18.053741150958114,40.0,1.5841548541173738,35.324674988269514
PC3,1.0,-18.053741150958114,43.0,1.5659369978829834,34.80141138387189
PC3,1.0,-18.053741150958114,45.0,1.458456965500112,30.140737768626202
PC3,1.0,-18.053741150958114,47.0,0.9646455255868664,27.126757412373333
PC3,1.0,-18.053741150958114,50.0,0.0008457364124760582,6.9800125021658985
random1,-1.0,-24.013979577159535,15.0,0.06902431291672671,3.5527804196751016
random1,-1.0,-24.013979577159535,20.0,0.3453931015097661,7.95877482852283
random1,-1.0,-24.013979577159535,25.0,0.9468294823197564,19.072962990894478
random1,-1.0,-24.013979577159535,27.0,1.1597342323049615,22.21791657294604
random1,-1.0,-24.013979577159535,30.0,1.40214319426727,25.769372064308225
random1,-1.0,-24.013979577159535,35.0,1.605872089695799,34.25481615156708
random1,-1.0,-24.013979577159535,37.0,1.65522698556022,37.087128146701595
random1,-1.0,-24.013979577159535,40.0,1.6923040962436455,39.86280142591918
random1,-1.0,-24.013979577159535,43.0,1.6447148447105633,38.27854265293158
random1,-1.0,-24.013979577159535,45.0,1.4792349599330354,30.49638785006437
random1,-1.0,-24.013979577159535,47.0,0.642341835485176,23.985508450931295
random1,-1.0,-24.013979577159535,50.0,0.0011682849586756867,5.85371684934604
random1,-0.9500000000000001,-22.802158239259285,15.0,0.0636298448940419,3.3878870895057855
random1,-0.9500000000000001,-22.802158239259285,20.0,0.33040131183899635,7.711932945339272
random1,-0.9500000000000001,-22.802158239259285,25.0,0.9310342012093062,18.867613421995475
random1,-0.9500000000000001,-22.802158239259285,27.0,1.1458058760408976,22.031793363476485
random1,-0.9500000000000001,-22.802158239259285,30.0,1.3949208782136318,25.435983215079197
random1,-0.9500000000000001,-22.802158239259285,35.0,1.602617688854293,34.11026052236181
random1,-0.9500000000000001,-22.802158239259285,37.0,1.6527873138531108,36.98886913069898
random1,-0.9500000000000001,-22.802158239259285,40.0,1.6908487306766808,39.83495732662648
random1,-0.9500000000000001,-22.802158239259285,43.0,1.643451086791818,38.2402929533746
random1,-0.9500000000000001,-22.802158239259285,45.0,1.475726495777084,30.35789874909692
random1,-0.9500000000000001,-22.802158239259285,47.0,0.6269659915118617,23.803387815395048
random1,-0.9500000000000001,-22.802158239259285,50.0,0.0011617182410264251,5.894344564411539
random1,-0.9,-21.660458828699817,15.0,0.058454267283965786,3.2305611153292184
random1,-0.9,-21.660458828699817,20.0,0.3159689262496462,7.45959650697808
random1,-0.9,-21.660458828699817,25.0,0.9150746903795971,18.659592569269478
random1,-0.9,-21.660458828699817,27.0,1.1316905988256427,21.843728507195227
random1,-0.9,-21.660458828699817,30.0,1.3875060399153243,25.13582214191217
random1,-0.9,-21.660458828699817,35.0,1.5993095102925006,33.96314268240743
random1,-0.9,-21.660458828699817,37.0,1.6503046015717564,36.88823878572826
random1,-0.9,-21.660458828699817,40.0,1.6893663061401236,39.80633707420352
random1,-0.9,-21.660458828699817,43.0,1.6421750365682044,38.20158031314272
random1,-0.9,-21.660458828699817,45.0,1.472171579737318,30.217328003600162
random1,-0.9,-21.660458828699817,47.0,0.6116479495909308,23.683304827363592
random1,-0.9,-21.660458828699817,50.0,0.001155164568525583,5.936634441104053
random1,-0.8500000000000001,-20.585799468196235,15.0,0.0534916203473628,3.0797745571160826
random1,-0.8500000000000001,-20.585799468196235,20.0,0.3019557702514906,7.214944533331831
random1,-0.8500000000000001,-20.585799468196235,25.0,0.8989472509380494,18.448778585547803
random1,-0.8500000000000001,-20.585799468196235,27.0,1.1173854482418282,21.65218888728674
random1,-0.8500000000000001,-20.585799468196235,30.0,1.3797657776641346,24.911866307066994
random1,-0.8500000000000001,-20.585799468196235,35.0,1.5959458977137058,33.81337985100009
random1,-0.8500000000000001,-20.585799468196235,37.0,1.6477780717384005,36.78498333667981
random1,-0.8500000000000001,-20.585799468196235,40.0,1.687856204665421,39.776869458989026
random1,-0.8500000000000001,-20.585799468196235,43.0,1.6408865363582679,38.1623972436368
random1,-0.8500000000000001,-20.585799468196235,45.0,1.468573291560129,30.102149214288595
random1,-0.8500000000000001,-20.585799468196235,47.0,0.5965815224206142,23.572441196595086
random1,-0.8500000000000001,-20.585799468196235,50.0,0.0011486237514633912,5.980165065900838
random1,-0.8,-19.590386078082105,15.0,0.048746457997877454,2.7293311461004297
random1,-0.8,-19.590386078082105,20.0,0.28837740529706934,6.997520802410555
random1,-0.8,-19.590386078082105,25.0,0.8826769232128793,18.23661327481743
random1,-0.8,-19.590386078082105,27.0,1.1028869477298389,21.456801355345316
random1,-0.8,-19.590386078082105,30.0,1.3718658610737315,24.682968032354868
random1,-0.8,-19.590386078082105,35.0,1.5925264727988615,33.66095377971158
random1,-0.8,-19.590386078082105,37.0,1.6452069287360815,36.67861680410689
random1,-0.8,-19.590386078082105,40.0,1.6863162708122201,39.74245022053755
random1,-0.8,-19.590386078082105,43.0,1.6395854231558293,38.12273596925664
random1,-0.8,-19.590386078082105,45.0,1.464928772104441,29.968857519099895
random1,-0.8,-19.590386078082105,47.0,0.5817859004465672,23.384337180319278
random1,-0.8,-19.590386078082105,50.0,0.0011420956021605548,6.024673363611427
random1,-0.75,-18.653933397623256,15.0,0.044280256439196204,2.5904372909480538
random1,-0.75,-18.653933397623256,20.0,0.275548437991792,6.765124570840057
random1,-0.75,-18.653933397623256,25.0,0.8662214320252887,18.02341604459335
random1,-0.75,-18.653933397623256,27.0,1.0881919437056202,21.249277867893205
random1,-0.75,-18.653933397623256,30.0,1.3638363452903193,24.450081471402257
random1,-0.75,-18.653933397623256,35.0,1.5890505466895652,33.50583054179177
random1,-0.75,-18.653933397623256,37.0,1.6425903576434449,36.56799498017213
random1,-0.75,-18.653933397623256,40.0,1.6847472701251898,39.704243569020875
random1,-0.75,-18.653933397623256,43.0,1.6382715284711937,38.082588418718174
random1,-0.75,-18.653933397623256,45.0,1.4612363780749948,29.825834639790212
random1,-0.75,-18.653933397623256,47.0,0.567265922233079,23.200561501317566
random1,-0.75,-18.653933397623256,50.0,0.0011355799350901141,6.069990154385365
random1,-0.7000000000000001,-17.781635463842846,15.0,0.040013730223898994,2.458979992836506
random1,-0.7000000000000001,-17.781635463842846,20.0,0.26300990493401266,6.744386529713819
random1,-0.7000000000000001,-17.781635463842846,25.0,0.8495689749943875,17.806485137828915
random1,-0.7000000000000001,-17.781635463842846,27.0,1.0732982055138574,21.050750664052757
random1,-0.7000000000000001,-17.781635463842846,30.0,1.355674665622952,24.213125874086845
random1,-0.7000000000000001,-17.781635463842846,35.0,1.5855171778840242,33.34796345553582
random1,-0.7000000000000001,-17.781635463842846,37.0,1.6399275235176283,36.44939837040049
random1,-0.7000000000000001,-17.781635463842846,40.0,1.6831159351367784,39.66292843383182
random1,-0.7000000000000001,-17.781635463842846,43.0,1.636944678167315,38.04194621610095
random1,-0.7000000000000001,-17.781635463842846,45.0,1.4574899541939401,29.6795081531618
random1,-0.7000000000000001,-17.781635463842846,47.0,0.5530200495609291,23.021193524613487
random1,-0.7000000000000001,-17.781635463842846,50.0,0.0011290765669096576,6.115998429112168
random1,-0.65,-16.883004402334283,15.0,0.03594085324062906,2.334608964774517
random1,-0.65,-16.883004402334283,20.0,0.25071356553918617,6.832962343655791
random1,-0.65,-16.883004402334283,25.0,0.8273409973817678,17.513592312662148
random1,-0.65,-16.883004402334283,27.0,1.058195380958933,20.848975763486912
random1,-0.65,-16.883004402334283,30.0,1.3473688554808094,23.97264209724617
random1,-0.65,-16.883004402334283,35.0,1.5819257235676245,33.187320923124304
random1,-0.65,-16.883004402334283,37.0,1.6372175706189163,36.29851060137959
random1,-0.65,-16.883004402334283,40.0,1.6813972818216043,39.614581500086125
random1,-0.65,-16.883004402334283,43.0,1.6356046922899052,38.000800671565855
random1,-0.65,-16.883004402334283,45.0,1.4536886835705285,29.53084258010723
random1,-0.65,-16.883004402334283,47.0,0.5390428101400327,22.846295838202224
random1,-0.65,-16.883004402334283,50.0,0.0011225853165953818,6.162617726322057
random1,-0.6000000000000001,-16.03391817322358,15.0,0.03201200599595305,2.204050692398208
random1,-0.6000000000000001,-16.03391817322358,20.0,0.2386924379665408,6.7073981410550125
random1,-0.6000000000000001,-16.03391817322358,25.0,0.8031260753727623,17.22977280309012
random1,-0.6000000000000001,-16.03391817322358,27.0,1.0428740121152864,20.644488649457983
random1,-0.6000000000000001,-16.03391817322358,30.0,1.3387520829602968,23.775049237521756
random1,-0.6000000000000001,-16.03391817322358,35.0,1.5782566518837386,33.026527165601486
random1,-0.6000000000000001,-16.03391817322358,37.0,1.6344605011433155,36.152550745296416
random1,-0.6000000000000001,-16.03391817322358,40.0,1.6796477127746257,39.49650657639224
random1,-0.6000000000000001,-16.03391817322358,43.0,1.6342513848916256,37.95914277175255
random1,-0.6000000000000001,-16.03391817322358,45.0,1.4498379722674493,29.379697643497906
random1,-0.6000000000000001,-16.03391817322358,47.0,0.5253343015890424,22.676126480179676
random1,-0.6000000000000001,-16.03391817322358,50.0,0.00111610600553572,6.209788800069821
random1,-0.55,-15.253228504134135,15.0,0.028188341062086706,2.1001568318779134
random1,-0.55,-15.253228504134135,20.0,0.22684768244629433,6.819469310778791
random1,-0.55,-15.253228504134135,25.0,0.7787247989403857,17.146012401592564
random1,-0.55,-15.253228504134135,27.0,1.0269618719266136,20.437954401257247
random1,-0.55,-15.253228504134135,30.0,1.3294817198230016,23.64948466005867
random1,-0.55,-15.253228504134135,35.0,1.5745037312930525,32.866228442068234
random1,-0.55,-15.253228504134135,37.0,1.631657193233912,36.02583221968306
random1,-0.55,-15.253228504134135,40.0,1.677877268564482,39.40373230199279
random1,-0.55,-15.253228504134135,43.0,1.6328845638498808,37.91696316981695
random1,-0.55,-15.253228504134135,45.0,1.445937282552288,29.226169052040316
random1,-0.55,-15.253228504134135,47.0,0.5118916025849708,22.511544984887603
random1,-0.55,-15.253228504134135,50.0,0.001109638457634602,6.2574692573054005
random1,-0.5,-14.529309925371702,15.0,0.02453406940628242,1.9904505772940273
random1,-0.5,-14.529309925371702,20.0,0.21534705086172823,6.873129806452402
random1,-0.5,-14.529309925371702,25.0,0.7538728445724414,16.561345961508025
random1,-0.5,-14.529309925371702,27.0,1.0107518942118405,20.227937632585864
random1,-0.5,-14.529309925371702,30.0,1.3200798604598083,23.521995357332923
random1,-0.5,-14.529309925371702,35.0,1.5706886017881758,32.70302297085331
random1,-0.5,-14.529309925371702,37.0,1.6288048119315492,35.894295757621606
random1,-0.5,-14.529309925371702,40.0,1.6760755245492398,39.366449253546286
random1,-0.5,-14.529309925371702,43.0,1.6315040306784558,37.874252175144164
random1,-0.5,-14.529309925371702,45.0,1.442006065710488,30.518431874835535
random1,-0.5,-14.529309925371702,47.0,0.4987156006410833,22.352735480732377
random1,-0.5,-14.529309925371702,50.0,0.0011031824994172503,6.305626671945939
random1,-0.45,-13.923140764334404,15.0,0.021046719849451345,1.8388808749453158
random1,-0.45,-13.923140764334404,20.0,0.20418244600991484,6.921117227083844
random1,-0.45,-13.923140764334404,25.0,0.7301175900913076,16.53720898845156
random1,-0.45,-13.923140764334404,27.0,0.9942798318932066,20.015076504353082
random1,-0.45,-13.923140764334404,30.0,1.3100211027988398,23.40183052059828
random1,-0.45,-13.923140764334404,35.0,1.5668101679672415,32.53685742954487
random1,-0.45,-13.923140764334404,37.0,1.6259024527638712,35.75283216419836
random1,-0.45,-13.923140764334404,40.0,1.674239015727452,39.32539824926153
random1,-0.45,-13.923140764334404,43.0,1.6301095803314996,37.830999742646746
random1,-0.45,-13.923140764334404,45.0,1.438062164397948,30.479705594509817
random1,-0.45,-13.923140764334404,47.0,0.48580472239217104,22.201065759276595
random1,-0.45,-13.923140764334404,50.0,0.0010967379601205206,6.35423663981821
random1,-0.4,-13.374330134127955,15.0,0.0177208178475151,1.7774383155243763
random1,-0.4,-13.374330134127955,20.0,0.19336806009493207,6.967128675248342
random1,-0.4,-13.374330134127955,25.0,0.7068444844864674,15.935664529664116
random1,-0.4,-13.374330134127955,27.0,0.9775277010046328,19.797769945482646
random1,-0.4,-13.374330134127955,30.0,1.2994139831090108,23.368021650073022
random1,-0.4,-13.374330134127955,35.0,1.5628672988417205,32.36767673594828
random1,-0.4,-13.374330134127955,37.0,1.6229491884800522,35.58598800806885
random1,-0.4,-13.374330134127955,40.0,1.6723668279818804,39.27326801102577
random1,-0.4,-13.374330134127955,43.0,1.6287011566315521,37.787203925112635
random1,-0.4,-13.374330134127955,45.0,1.4340679873615199,30.326356904373217
random1,-0.4,-13.374330134127955,47.0,0.47315677392720135,22.059708424145413
random1,-0.4,-13.374330134127955,50.0,0.0010903046718872455,6.403280139565562
random1,-0.35000000000000003,-12.938128499789409,15.0,0.014532342231080048,1.555407561334155
random1,-0.35000000000000003,-12.938128499789409,20.0,0.18288513629684713,7.01243484122359
random1,-0.35000000000000003,-12.938128499789409,25.0,0.6837756716956126,15.354218231529392
random1,-0.35000000000000003,-12.938128499789409,27.0,0.9604874765957687,19.578892505634084
random1,-0.35000000000000003,-12.938128499789409,30.0,1.288370834550914,23.55783262328653
random1,-0.35000000000000003,-12.938128499789409,35.0,1.558839426300158,32.19496410263378
random1,-0.35000000000000003,-12.938128499789409,37.0,1.619945395449588,35.45744698536867
random1,-0.35000000000000003,-12.938128499789409,40.0,1.6704580066097947,39.12962212658897
random1,-0.35000000000000003,-12.938128499789409,43.0,1.6272783835814326,37.74284538520212
random1,-0.35000000000000003,-12.938128499789409,45.0,1.4300123477527298,30.169960982873782
random1,-0.35000000000000003,-12.938128499789409,47.0,0.46076937676107105,21.93805187144807
random1,-0.35000000000000003,-12.938128499789409,50.0,0.0010838824697207872,6.45274254176415
random1,-0.30000000000000004,-12.606267481857987,15.0,0.011498087447712697,1.3116864855806893
random1,-0.30000000000000004,-12.606267481857987,20.0,0.17272723226578351,7.057050799298485
random1,-0.30000000000000004,-12.606267481857987,25.0,0.661109231329837,14.763610971808477
random1,-0.30000000000000004,-12.606267481857987,27.0,0.9432498768611437,19.701959215781223
random1,-0.30000000000000004,-12.606267481857987,30.0,1.2771530526273103,23.74738479649348
random1,-0.30000000000000004,-12.606267481857987,35.0,1.5544881355643028,32.01300641547269
random1,-0.30000000000000004,-12.606267481857987,37.0,1.6168895035365394,35.326447556017584
random1,-0.30000000000000004,-12.606267481857987,40.0,1.6685158928977322,39.03226252240172
random1,-0.30000000000000004,-12.606267481857987,43.0,1.6258410093144302,37.6979115380688
random1,-0.30000000000000004,-12.606267481857987,45.0,1.425900189030838,30.010898357440166
random1,-0.30000000000000004,-12.606267481857987,47.0,0.4486400538781255,21.881003602193957
random1,-0.30000000000000004,-12.606267481857987,50.0,0.0010775324553058086,6.502615152320296
random1,-0.25,-12.080043659810928,15.0,0.008615007358893954,1.084463579163848
random1,-0.25,-12.080043659810928,20.0,0.1628695944451778,6.921212416667946
random1,-0.25,-12.080043659810928,25.0,0.6385302011219834,14.307731588572771
random1,-0.25,-12.080043659810928,27.0,0.9265064973932279,19.506879596437706
random1,-0.25,-12.080043659810928,30.0,1.2657531770180324,23.926581615641425
random1,-0.25,-12.080043659810928,35.0,1.5500651112012678,31.82774303792925
random1,-0.25,-12.080043659810928,37.0,1.6137794360528859,35.19288577451044
random1,-0.25,-12.080043659810928,40.0,1.6665456690542901,38.54861370972338
random1,-0.25,-12.080043659810928,43.0,1.6243887986742325,37.65239070964621
random1,-0.25,-12.080043659810928,45.0,1.4220968762904371,37.53928291172498
random1,-0.25,-12.080043659810928,47.0,0.43676641148447326,21.762864041281254
random1,-0.25,-12.080043659810928,50.0,0.0010713327120536469,6.552892877140651
random1,-0.2,-11.407131555819543,15.0,0.005873911079509794,0.9185484181302022
random1,-0.2,-11.407131555819543,20.0,0.15331483553847902,6.619426409622499
random1,-0.2,-11.407131555819543,25.0,0.6161909729432767,13.892709108745581
random1,-0.2,-11.407131555819543,27.0,0.9095757142771496,19.298517508242114
random1,-0.2,-11.407131555819543,30.0,1.254114431848741,23.751766901320774
random1,-0.2,-11.407131555819543,35.0,1.5455689869782525,31.639108379779994
random1,-0.2,-11.407131555819543,37.0,1.610576680530151,35.06249449024795
random1,-0.2,-11.407131555819543,40.0,1.6645513269243433,38.47161122978906
random1,-0.2,-11.407131555819543,43.0,1.6229215087782467,37.606270807683245
random1,-0.2,-11.407131555819543,45.0,1.4191673434329803,41.13779537841735
random1,-0.2,-11.407131555819543,47.0,0.4251455690901802,21.624602396144482
random1,-0.2,-11.407131555819543,50.0,0.001065145147373385,6.603561780279643
random1,-0.15000000000000002,-10.749941072841365,15.0,0.003265091241466377,0.8441868066884419
random1,-0.15000000000000002,-10.749941072841365,20.0,0.14407956280077744,6.326464439570667
random1,-0.15000000000000002,-10.749941072841365,25.0,0.5942065573756332,13.484466037100477
random1,-0.15000000000000002,-10.749941072841365,27.0,0.8924516135436227,19.080629650780836
random1,-0.15000000000000002,-10.749941072841365,30.0,1.2405363708177233,23.783742349678533
random1,-0.15000000000000002,-10.749941072841365,35.0,1.5409984352442425,31.44703873142132
random1,-0.15000000000000002,-10.749941072841365,37.0,1.607316716754892,34.92950694161608
random1,-0.15000000000000002,-10.749941072841365,40.0,1.6625208766123079,38.39289010257777
random1,-0.15000000000000002,-10.749941072841365,43.0,1.621438888770995,37.559539308286475
random1,-0.15000000000000002,-10.749941072841365,45.0,1.4165141740295761,43.62410255957313
random1,-0.15000000000000002,-10.749941072841365,47.0,0.4137740184106715,21.474895085375287
random1,-0.15000000000000002,-10.749941072841365,50.0,0.0010589696117432746,6.6546152841429205
random1,-0.1,-10.122127091214015,15.0,0.0007886974146981106,0.7744711918591874
random1,-0.1,-10.122127091214015,20.0,0.13515781839716826,6.0443305813662525
random1,-0.1,-10.122127091214015,25.0,0.5727594261738391,13.086329923966844
random1,-0.1,-10.122127091214015,27.0,0.8708851220400707,18.816714117449603
random1,-0.1,-10.122127091214015,30.0,1.2261876888587495,23.59348225419806
random1,-0.1,-10.122127091214015,35.0,1.5363537784684882,31.251550742335542
random1,-0.1,-10.122127091214015,37.0,1.6039986502628945,34.793832037727455
random1,-0.1,-10.122127091214015,40.0,1.6604535538881966,38.31240899128035
random1,-0.1,-10.122127091214015,43.0,1.6199406795682996,37.51218324195035
random1,-0.1,-10.122127091214015,45.0,1.4139540159508996,43.72230408767237
random1,-0.1,-10.122127091214015,47.0,0.40264929974536623,21.36017669015078
random1,-0.1,-10.122127091214015,50.0,0.0010528059584404364,6.706051142086186
random1,-0.05,-9.836050882832502,15.0,0.0,
random1,-0.05,-9.836050882832502,20.0,0.126584038322778,5.628012572871728
random1,-0.05,-9.836050882832502,25.0,0.5524603036037148,12.313145909881216
random1,-0.05,-9.836050882832502,27.0,0.8460377451708767,18.511814164067626
random1,-0.05,-9.836050882832502,30.0,1.2115418744914999,23.38784139059579
random1,-0.05,-9.836050882832502,35.0,1.531632044121386,31.052500604216426
random1,-0.05,-9.836050882832502,37.0,1.6006213104585703,34.655412787738015
random1,-0.05,-9.836050882832502,40.0,1.658348644321004,38.230128667634865
random1,-0.05,-9.836050882832502,43.0,1.6184266135916472,37.4646165710199
random1,-0.05,-9.836050882832502,45.0,1.4114006083918718,43.78045854296173
random1,-0.05,-9.836050882832502,47.0,0.39176290885122694,21.095259935261552
random1,-0.05,-9.836050882832502,50.0,0.0010466540435945797,6.7578646912106795
random1,0.0,-9.778832777439442,15.0,0.0,
random1,0.0,-9.778832777439442,20.0,0.11834294554443253,5.361107214410037
random1,0.0,-9.778832777439442,25.0,0.532543802270648,11.935151350736097
random1,0.0,-9.778832777439442,27.0,0.8216112608677085,18.197831158931137
random1,0.0,-9.778832777439442,30.0,1.196704095074697,23.456076446998143
random1,0.0,-9.778832777439442,35.0,1.526831668346877,30.8498131098087
random1,0.0,-9.778832777439442,37.0,1.5971836562400126,34.51419861282276
random1,0.0,-9.778832777439442,40.0,1.6562052344531948,38.14599875072689
random1,0.0,-9.778832777439442,43.0,1.6168964144917108,37.41597020263076
random1,0.0,-9.778832777439442,45.0,1.4088748931669104,43.93948842422541
random1,0.0,-9.778832777439442,47.0,0.38112494249750395,20.74581553250344
random1,0.0,-9.778832777439442,50.0,0.0010405137263009346,6.810053065922612
random1,0.05,-9.798968111152476,15.0,0.0,
random1,0.05,-9.798968111152476,20.0,0.11040638866713245,5.1060754051964965
random1,0.05,-9.798968111152476,25.0,0.5129930066467464,11.564116603503264
random1,0.05,-9.798968111152476,27.0,0.7973941115892462,17.889168815325775
random1,0.05,-9.798968111152476,30.0,1.182016227314811,23.268253854925717
random1,0.05,-9.798968111152476,35.0,1.5219442828202394,30.643631401283617
random1,0.05,-9.798968111152476,37.0,1.5936303150323856,34.36885261824963
random1,0.05,-9.798968111152476,40.0,1.6540224791967677,38.059971543439694
random1,0.05,-9.798968111152476,43.0,1.6153497968614987,37.36665753281195
random1,0.05,-9.798968111152476,45.0,1.406462304333665,44.88263441016556
random1,0.05,-9.798968111152476,47.0,0.3706004456617421,20.426666710316177
random1,0.05,-9.798968111152476,50.0,0.0010343848687268116,6.862614463022846
random1,0.1,-9.898318388724148,15.0,0.0,
random1,0.1,-9.898318388724148,20.0,0.10276745825439178,4.8612722401594155
random1,0.1,-9.898318388724148,25.0,0.49384273014527996,11.203766973883807
random1,0.1,-9.898318388724148,27.0,0.773382597420581,17.595834821085315
random1,0.1,-9.898318388724148,30.0,1.1670948030486816,23.075307529026798
random1,0.1,-9.898318388724148,35.0,1.5169615418226179,30.434089346861363
random1,0.1,-9.898318388724148,37.0,1.5898067768462905,34.21566687374586
random1,0.1,-9.898318388724148,40.0,1.6517995086422683,37.971996787210244
random1,0.1,-9.898318388724148,43.0,1.6137864659375478,37.316663658602806
random1,0.1,-9.898318388724148,45.0,1.4040797546734867,44.94595536514984
random1,0.1,-9.898318388724148,47.0,0.36026201497582155,20.01123579569729
random1,0.1,-9.898318388724148,50.0,0.0010282673362197105,6.915547187321613
random1,0.15000000000000002,-10.068013998429326,15.0,0.0,
random1,0.15000000000000002,-10.068013998429326,20.0,0.09541986848638437,4.626417022518698
random1,0.15000000000000002,-10.068013998429326,25.0,0.4750935696653255,10.85130506767145
random1,0.15000000000000002,-10.068013998429326,27.0,0.7496108960998179,17.58513381945007
random1,0.15000000000000002,-10.068013998429326,30.0,1.1519359113518775,22.879975440293553
random1,0.15000000000000002,-10.068013998429326,35.0,1.5118947418327249,30.220665911006016
random1,0.15000000000000002,-10.068013998429326,37.0,1.5859155121981379,34.05938720046688
random1,0.15000000000000002,-10.068013998429326,40.0,1.6495303567005195,37.88363237461841
random1,0.15000000000000002,-10.068013998429326,43.0,1.6122061172890712,37.2659731529024
random1,0.15000000000000002,-10.068013998429326,45.0,1.4017057644672823,45.00456057050739
random1,0.15000000000000002,-10.068013998429326,47.0,0.350172713244448,19.64256325349344
random1,0.15000000000000002,-10.068013998429326,50.0,0.001022160997419254,6.968850233849905
random1,0.2,-10.296197655463278,15.0,0.0,
random1,0.2,-10.296197655463278,20.0,0.08835724496059796,4.4011325963267875
random1,0.2,-10.296197655463278,25.0,0.4567456421881803,10.506733523377582
random1,0.2,-10.296197655463278,27.0,0.7253340978002772,16.96497405093705
random1,0.2,-10.296197655463278,30.0,1.136535404788712,22.68076446717386
random1,0.2,-10.296197655463278,35.0,1.5067653967861003,30.00440595912529
random1,0.2,-10.296197655463278,37.0,1.581955079312308,33.899944382334226
random1,0.2,-10.296197655463278,40.0,1.6471984345907613,37.79986277679999
random1,0.2,-10.296197655463278,43.0,1.61055790134939,37.21694776779119
random1,0.2,-10.296197655463278,45.0,1.3993397271206338,45.06217218795575
random1,0.2,-10.296197655463278,47.0,0.34032642176371397,19.59119794456781
random1,0.2,-10.296197655463278,50.0,0.0010160657243705202,7.022522774759073
random1,0.25,-10.590969725147286,15.0,0.0,
random1,0.25,-10.590969725147286,20.0,0.08157313445410408,4.184691055002631
random1,0.25,-10.590969725147286,25.0,0.43879884843900646,10.17005049314501
random1,0.25,-10.590969725147286,27.0,0.7020685587454896,16.35356353791687
random1,0.25,-10.590969725147286,30.0,1.1208888186595447,22.47394111832758
random1,0.25,-10.590969725147286,35.0,1.501567142259719,29.785001638153865
random1,0.25,-10.590969725147286,37.0,1.5779239811171255,33.73726651186943
random1,0.25,-10.590969725147286,40.0,1.6448229881577288,37.71402208187193
random1,0.25,-10.590969725147286,43.0,1.6085419049789453,37.15485297031914
random1,0.25,-10.590969725147286,45.0,1.3969513691761246,45.07397345159761
random1,0.25,-10.590969725147286,47.0,0.330717469181674,19.265353758492573
random1,0.25,-10.590969725147286,50.0,0.0010099813926352905,7.076564443207866
random1,0.30000000000000004,-10.945415467540768,15.0,0.0,
random1,0.30000000000000004,-10.945415467540768,20.0,0.07506101561373557,3.973929013704186
random1,0.30000000000000004,-10.945415467540768,25.0,0.4212516819973049,9.841226509448244
random1,0.30000000000000004,-10.945415467540768,27.0,0.6791718796314175,15.752304129486284
random1,0.30000000000000004,-10.945415467540768,30.0,1.1049905096271921,22.26482299749695
random1,0.30000000000000004,-10.945415467540768,35.0,1.4962829098593677,29.561625715922418
random1,0.30000000000000004,-10.945415467540768,37.0,1.5738206605755296,33.57127876275405
random1,0.30000000000000004,-10.945415467540768,40.0,1.6424030186015155,37.62604099523808
random1,0.30000000000000004,-10.945415467540768,43.0,1.6063967120999545,37.08811035935113
random1,0.30000000000000004,-10.945415467540768,45.0,1.3945014981729045,45.01319668757008
random1,0.30000000000000004,-10.945415467540768,47.0,0.32129972812993224,18.899182686091365
random1,0.30000000000000004,-10.945415467540768,50.0,0.0010039078814386548,7.130974827132183
random1,0.35000000000000003,-11.462191740984906,15.0,0.0,
random1,0.35000000000000003,-11.462191740984906,20.0,0.06881576996926478,2.8040962691227134
random1,0.35000000000000003,-11.462191740984906,25.0,0.4041049286127779,9.520276540644833
random1,0.35000000000000003,-11.462191740984906,27.0,0.6565478381696309,15.162127119714462
random1,0.35000000000000003,-11.462191740984906,30.0,1.088625535365368,22.054927720242187
random1,0.35000000000000003,-11.462191740984906,35.0,1.4909018307648552,29.333319958268707
random1,0.35000000000000003,-11.462191740984906,37.0,1.5696434954133374,33.4019031330451
random1,0.35000000000000003,-11.462191740984906,40.0,1.6399374959839594,37.535839550688365
random1,0.35000000000000003,-11.462191740984906,43.0,1.6042231884746652,37.02020691556311
random1,0.35000000000000003,-11.462191740984906,45.0,1.3920275067487338,44.95168792425642
random1,0.35000000000000003,-11.462191740984906,47.0,0.3120839322364717,18.523388972875765
random1,0.35000000000000003,-11.462191740984906,50.0,0.0009978450737360234,7.1857543678870766
random1,0.4,-11.938399745089681,15.0,0.0,
random1,0.4,-11.938399745089681,20.0,0.06283603494114842,2.628584122723067
random1,0.4,-11.938399745089681,25.0,0.3873580370711765,9.207223062843065
random1,0.4,-11.938399745089681,27.0,0.6341584379856229,14.357747859781774
random1,0.4,-11.938399745089681,30.0,1.071779440839089,21.841507405031866
random1,0.4,-11.938399745089681,35.0,1.4854099884979577,29.09885095219867
random1,0.4,-11.938399745089681,37.0,1.5653907921602108,33.22905815493215
random1,0.4,-11.938399745089681,40.0,1.6374253578292814,37.44332093831244
random1,0.4,-11.938399745089681,43.0,1.6020207572274665,36.95111532505024
random1,0.4,-11.938399745089681,45.0,1.3895290490737284,44.8894344289579
random1,0.4,-11.938399745089681,47.0,0.303097713731101,18.15547414595162
random1,0.4,-11.938399745089681,50.0,0.0009917928563777194,7.240903409711513
random1,0.45,-12.459400363199528,15.0,0.0,
random1,0.45,-12.459400363199528,20.0,0.057107421464633934,2.498392754885114
random1,0.45,-12.459400363199528,25.0,0.3710196693118259,8.90213394838066
random1,0.45,-12.459400363199528,27.0,0.6119142534942396,13.800328308013576
random1,0.45,-12.459400363199528,30.0,1.0547426592105804,21.655334909539864
random1,0.45,-12.459400363199528,35.0,1.479825600465783,28.860079279991915
random1,0.45,-12.459400363199528,37.0,1.5610606295787046,33.05265126999971
random1,0.45,-12.459400363199528,40.0,1.6348661428491083,37.35134643456019
random1,0.45,-12.459400363199528,43.0,1.5997888244704541,36.880807436679014
random1,0.45,-12.459400363199528,45.0,1.3870893762993572,45.05182877932259
random1,0.45,-12.459400363199528,47.0,0.29433689116124007,17.80757435801251
random1,0.45,-12.459400363199528,50.0,0.0009857511202836708,7.296421609544155
random1,0.5,-13.022247420560817,15.0,0.0,
random1,0.5,-13.022247420560817,20.0,0.05162259204002387,2.4044315489012624
random1,0.5,-13.022247420560817,25.0,0.35507695358246627,8.604859220563696
random1,0.5,-13.022247420560817,27.0,0.5900368316170238,13.392410955716906
random1,0.5,-13.022247420560817,30.0,1.0377090071304,21.473390188155214
random1,0.5,-13.022247420560817,35.0,1.4741464413246383,28.61689760231446
random1,0.5,-13.022247420560817,37.0,1.5566340362450024,32.87316580279654
random1,0.5,-13.022247420560817,40.0,1.6321116647393157,37.24716063191336
random1,0.5,-13.022247420560817,43.0,1.5975267787335083,36.809254233928996
random1,0.5,-13.022247420560817,45.0,1.3847760781711962,45.40928389378347
random1,0.5,-13.022247420560817,47.0,0.28579724448267874,17.50198046466883
random1,0.5,-13.022247420560817,50.0,0.0009798498921385298,7.352316399162497
random1,0.55,-13.607977326645589,15.0,0.0,
random1,0.55,-13.607977326645589,20.0,0.04637183512692233,2.4181104545505177
random1,0.55,-13.607977326645589,25.0,0.33952942967014266,8.315356802852378
random1,0.55,-13.607977326645589,27.0,0.5685556584424657,12.992475895202928
random1,0.55,-13.607977326645589,30.0,1.0205247376225188,21.243439179038067
random1,0.55,-13.607977326645589,35.0,1.4683701256207469,28.369190788627943
random1,0.55,-13.607977326645589,37.0,1.5521246082242357,32.69002789801996
random1,0.55,-13.607977326645589,40.0,1.62921318948236,37.14019309841669
random1,0.55,-13.607977326645589,43.0,1.5952339903652826,36.736425805301536
random1,0.55,-13.607977326645589,45.0,1.3825484145651865,45.46505603018611
random1,0.55,-13.607977326645589,47.0,0.277474954883544,17.205739846948507
random1,0.55,-13.607977326645589,50.0,0.0009747131939894076,7.4086172808752755
random1,0.6000000000000001,-14.234841094875156,15.0,0.0,
random1,0.6000000000000001,-14.234841094875156,20.0,0.04135076693836706,2.4317321016850024
random1,0.6000000000000001,-14.234841094875156,25.0,0.32432480125113294,8.03255566530572
random1,0.6000000000000001,-14.234841094875156,27.0,0.5474413617053712,12.59759968982908
random1,0.6000000000000001,-14.234841094875156,30.0,1.0031101697985783,21.041285726685064
random1,0.6000000000000001,-14.234841094875156,35.0,1.4624735139356442,28.161374234431218
random1,0.6000000000000001,-14.234841094875156,37.0,1.5475322204072477,32.50308004223253
random1,0.6000000000000001,-14.234841094875156,40.0,1.6262607348246019,37.02969572334039
random1,0.6000000000000001,-14.234841094875156,43.0,1.5929098109033906,36.662291313210865
random1,0.6000000000000001,-14.234841094875156,45.0,1.3803779313658908,45.51895146027166
random1,0.6000000000000001,-14.234841094875156,47.0,0.2693658437303961,16.876249306264
random1,0.6000000000000001,-14.234841094875156,50.0,0.000969590444568807,7.465290052030387
random1,0.65,-14.898132413668375,15.0,0.0,
random1,0.65,-14.898132413668375,20.0,0.03655310433697112,2.445188639419368
random1,0.65,-14.898132413668375,25.0,0.30951666112849335,7.757594172199484
random1,0.65,-14.898132413668375,27.0,0.5267043094310772,12.208532234735285
random1,0.65,-14.898132413668375,30.0,0.9854593688902915,21.065715087953528
random1,0.65,-14.898132413668375,35.0,1.4564452099070737,28.022365779991137
random1,0.65,-14.898132413668375,37.0,1.5428893264938937,32.31389797325866
random1,0.65,-14.898132413668375,40.0,1.6232530087742674,36.8524687853542
random1,0.65,-14.898132413668375,43.0,1.5905535724107058,36.586818961201004
random1,0.65,-14.898132413668375,45.0,1.3782616811530992,45.56945842539123
random1,0.65,-14.898132413668375,47.0,0.26146598153316897,16.54521356009401
random1,0.65,-14.898132413668375,50.0,0.0009644814957258687,7.52233541017458
random1,0.7000000000000001,-15.562871897186062,15.0,0.0,
random1,0.7000000000000001,-15.562871897186062,20.0,0.031972636988592984,2.458437190844985
random1,0.7000000000000001,-15.562871897186062,25.0,0.2950853352649093,7.484070623530782
random1,0.7000000000000001,-15.562871897186062,27.0,0.5063722877661927,11.826752084751853
random1,0.7000000000000001,-15.562871897186062,30.0,0.9675775450421221,20.909124046267664
random1,0.7000000000000001,-15.562871897186062,35.0,1.449982340422835,27.92446792169557
random1,0.7000000000000001,-15.562871897186062,37.0,1.5381710377833413,32.12127504916543
random1,0.7000000000000001,-15.562871897186062,40.0,1.620195918849033,36.74104746168249
random1,0.7000000000000001,-15.562871897186062,43.0,1.5881645867742429,36.509975959316606
random1,0.7000000000000001,-15.562871897186062,45.0,1.3762375788157735,45.75131334914675
random1,0.7000000000000001,-15.562871897186062,47.0,0.2537727450330485,18.105737237245254
random1,0.7000000000000001,-15.562871897186062,50.0,0.0009593861998008268,7.579754674998893
random1,0.75,-16.305222045928424,15.0,0.0,
random1,0.75,-16.305222045928424,20.0,0.027609157059383146,2.370907385616968
random1,0.75,-16.305222045928424,25.0,0.2809421301682042,7.309471830788838
random1,0.75,-16.305222045928424,27.0,0.4864458600392821,11.45379593862036
random1,0.75,-16.305222045928424,30.0,0.9494588367313324,20.682844040474205
random1,0.75,-16.305222045928424,35.0,1.4429438329869113,27.905498207077354
random1,0.75,-16.305222045928424,37.0,1.5333676761194674,31.92474267824822
random1,0.75,-16.305222045928424,40.0,1.6170818656165884,36.62945934859654
random1,0.75,-16.305222045928424,43.0,1.585739432917318,36.43182710846881
random1,0.75,-16.305222045928424,45.0,1.3741971079191535,45.69001782452106
random1,0.75,-16.305222045928424,47.0,0.24628783053580397,18.32123519882335
random1,0.75,-16.305222045928424,50.0,0.0009543044097019212,7.637548582070963
random1,0.8,-17.38650409120346,15.0,0.0,
random1,0.8,-17.38650409120346,20.0,0.023369969589988653,1.4871839291057052
random1,0.8,-17.38650409120346,25.0,0.2668967026893708,7.386825667495143
random1,0.8,-17.38650409120346,27.0,0.4669289577838286,11.08905986857543
random1,0.8,-17.38650409120346,30.0,0.9249186777795743,20.370286783268924
random1,0.8,-17.38650409120346,35.0,1.4357134267431733,27.911584332472287
random1,0.8,-17.38650409120346,37.0,1.528465208965015,31.723015160715974
random1,0.8,-17.38650409120346,40.0,1.6139092503494736,36.51400392779937
random1,0.8,-17.38650409120346,43.0,1.583268446837422,36.35266123407082
random1,0.8,-17.38650409120346,45.0,1.372021954733769,45.63783867863194
random1,0.8,-17.38650409120346,47.0,0.23900054487540537,18.18018718326458
random1,0.8,-17.38650409120346,50.0,0.0009492359788731887,7.6957182781153275
random1,0.8500000000000001,-18.308894348688007,15.0,0.0,
random1,0.8500000000000001,-18.308894348688007,20.0,0.019233918957201942,1.3298342780819061
random1,0.8500000000000001,-18.308894348688007,25.0,0.2531884699615077,7.459815321228199
random1,0.8500000000000001,-18.308894348688007,27.0,0.44782294154262925,10.732097323403213
random1,0.8500000000000001,-18.308894348688007,30.0,0.899081049341299,20.04121301578946
random1,0.8500000000000001,-18.308894348688007,35.0,1.4283749324644865,27.91938945630446
random1,0.8500000000000001,-18.308894348688007,37.0,1.5234582139280317,31.51567393085914
random1,0.8500000000000001,-18.308894348688007,40.0,1.6106766388799805,36.39498872080314
random1,0.8500000000000001,-18.308894348688007,43.0,1.5807624562363254,36.27202524368871
random1,0.8500000000000001,-18.308894348688007,45.0,1.369785968232799,45.584096165362084
random1,0.8500000000000001,-18.308894348688007,47.0,0.23190565368414404,17.915711134230023
random1,0.8500000000000001,-18.308894348688007,50.0,0.0009443109882827552,7.754271020382821
random1,0.9,-19.26860382268421,15.0,0.0,
random1,0.9,-19.26860382268421,20.0,0.015294847644140937,1.199982055620896
random1,0.9,-19.26860382268421,25.0,0.23964498082301156,7.535136985399896
random1,0.9,-19.26860382268421,27.0,0.42912454407170214,10.383366180656642
random1,0.9,-19.26860382268421,30.0,0.8733614781733441,19.714605285002055
random1,0.9,-19.26860382268421,35.0,1.420959925207037,27.927245658540667
random1,0.9,-19.26860382268421,37.0,1.5183593576304286,31.304081693931906
random1,0.9,-19.26860382268421,40.0,1.6073825449950745,36.27257621814225
random1,0.9,-19.26860382268421,43.0,1.5782208926030878,36.189892351140344
random1,0.9,-19.26860382268421,45.0,1.3675210769969461,45.52994942828444
random1,0.9,-19.26860382268421,47.0,0.2249995828888234,17.652809829640315
random1,0.9,-19.26860382268421,50.0,0.0009395088233650628,7.813207064066549
random1,0.9500000000000001,-20.20573508889261,15.0,0.0,
random1,0.9500000000000001,-20.20573508889261,20.0,0.01154641286867103,1.1575626209263168
random1,0.9500000000000001,-20.20573508889261,25.0,0.22648823516946606,7.60897165553667
random1,0.9500000000000001,-20.20573508889261,27.0,0.4108339054846933,10.042609274013728
random1,0.9500000000000001,-20.20573508889261,30.0,0.8478610832801013,19.39095992062414
random1,0.9500000000000001,-20.20573508889261,35.0,1.4134764591106228,27.935153150567828
random1,0.9500000000000001,-20.20573508889261,37.0,1.5131663747304853,31.088129211254543
random1,0.9500000000000001,-20.20573508889261,40.0,1.6040391900058624,36.15828770985726
random1,0.9500000000000001,-20.20573508889261,43.0,1.575642731404325,36.10621337548184
random1,0.9500000000000001,-20.20573508889261,45.0,1.3652306194284367,45.474971470529084
random1,0.9500000000000001,-20.20573508889261,47.0,0.2182784346045679,17.3974476501137
random1,0.9500000000000001,-20.20573508889261,50.0,0.0009347210153241694,7.872522651194679
random1,1.0,-21.381611289118393,15.0,0.0,
random1,1.0,-21.381611289118393,20.0,0.008058239688858134,0.5425771426839928
random1,1.0,-21.381611289118393,25.0,0.21371357248567355,7.681292492574464
random1,1.0,-21.381611289118393,27.0,0.39294971471929124,9.709854551859312
random1,1.0,-21.381611289118393,30.0,0.8225247713454809,19.06925929937637
random1,1.0,-21.381611289118393,35.0,1.405881057633668,27.86566902116433
random1,1.0,-21.381611289118393,37.0,1.5078768792858714,30.867701375197075
random1,1.0,-21.381611289118393,40.0,1.600626441413203,36.0297488655598
random1,1.0,-21.381611289118393,43.0,1.5730271467045882,36.02094888935824
random1,1.0,-21.381611289118393,45.0,1.3629140384769693,45.41913966658113
random1,1.0,-21.381611289118393,47.0,0.21173829950482284,17.15016242740916
random1,1.0,-21.381611289118393,50.0,0.0009299474133293535,7.932218977936908
random2,-1.0,-18.81716941908672,15.0,0.007842290521350633,0.9770981552545375
random2,-1.0,-18.81716941908672,20.0,0.18707723229098702,7.695230779609303
random2,-1.0,-18.81716941908672,25.0,0.7837366120218283,17.315247453998136
random2,-1.0,-18.81716941908672,27.0,1.0986548714669293,21.862602265222705
random2,-1.0,-18.81716941908672,30.0,1.4171365944605971,27.437106042662627
random2,-1.0,-18.81716941908672,35.0,1.6923711842904237,39.43765046651937
random2,-1.0,-18.81716941908672,37.0,1.7587803521790564,42.466117856641574
random2,-1.0,-18.81716941908672,40.0,1.7902731238951404,43.75957115021064
random2,-1.0,-18.81716941908672,43.0,1.7463220104369994,42.903249579691895
random2,-1.0,-18.81716941908672,45.0,1.4545428594948446,53.66992209703411
random2,-1.0,-18.81716941908672,47.0,0.12455363481031452,13.466158278534815
random2,-1.0,-18.81716941908672,50.0,0.0012667904486397886,7.636839014448651
random2,-0.9500000000000001,-18.04019368042429,15.0,0.007113924099712738,0.9560957472512152
random2,-0.9500000000000001,-18.04019368042429,20.0,0.18285383333207322,7.566547929153529
random2,-0.9500000000000001,-18.04019368042429,25.0,0.7700059149488562,16.922312587737636
random2,-0.9500000000000001,-18.04019368042429,27.0,1.0854979759446741,21.666285346959135
random2,-0.9500000000000001,-18.04019368042429,30.0,1.4078296773101957,27.109210610411044
random2,-0.9500000000000001,-18.04019368042429,35.0,1.6836471966225515,38.98477724883369
random2,-0.9500000000000001,-18.04019368042429,37.0,1.7516242097727255,42.008406841907686
random2,-0.9500000000000001,-18.04019368042429,40.0,1.7862956698960053,43.58769950321381
random2,-0.9500000000000001,-18.04019368042429,43.0,1.7410475052810193,42.48654584216631
random2,-0.9500000000000001,-18.04019368042429,45.0,1.4527511212796163,53.24973452044124
random2,-0.9500000000000001,-18.04019368042429,47.0,0.13232017496005952,13.794240080976309
random2,-0.9500000000000001,-18.04019368042429,50.0,0.001254485437550162,7.59352841003226
random2,-0.9,-17.286933293891146,15.0,0.0064019870772930145,0.9356043639550444
random2,-0.9,-17.286933293891146,20.0,0.1787702203835377,7.427244893863955
random2,-0.9,-17.286933293891146,25.0,0.7564115276405411,16.53320285784292
random2,-0.9,-17.286933293891146,27.0,1.0723904750977682,21.470730632128898
random2,-0.9,-17.286933293891146,30.0,1.398330279514905,26.61171669202857
random2,-0.9,-17.286933293891146,35.0,1.674969449052438,38.53433695493663
random2,-0.9,-17.286933293891146,37.0,1.7441477387559299,41.791954691121546
random2,-0.9,-17.286933293891146,40.0,1.7821705698827974,43.339627306563195
random2,-0.9,-17.286933293891146,43.0,1.7356196479670911,42.131902831581066
random2,-0.9,-17.286933293891146,45.0,1.450853668572448,52.81854783790772
random2,-0.9,-17.286933293891146,47.0,0.14051687759503084,14.143673710786459
random2,-0.9,-17.286933293891146,50.0,0.0012421824951177186,7.5504130908514835
random2,-0.8500000000000001,-16.576102584158846,15.0,0.005706291009309912,0.9156179421547318
random2,-0.8500000000000001,-16.576102584158846,20.0,0.17473673232040343,7.289626264928163
random2,-0.8500000000000001,-16.576102584158846,25.0,0.7429379339319385,16.14748828192899
random2,-0.8500000000000001,-16.576102584158846,27.0,1.0593283158191504,21.275881622470457
random2,-0.8500000000000001,-16.576102584158846,30.0,1.3888895917253679,26.117296922553045
random2,-0.8500000000000001,-16.576102584158846,35.0,1.6663382555060702,38.08634376219472
random2,-0.8500000000000001,-16.576102584158846,37.0,1.7362314286877776,41.514229312437564
random2,-0.8500000000000001,-16.576102584158846,40.0,1.7777570803376852,43.52852902760939
random2,-0.8500000000000001,-16.576102584158846,43.0,1.7297268425887182,41.95688342440769
random2,-0.8500000000000001,-16.576102584158846,45.0,1.4493054508190744,48.37066981930792
random2,-0.8500000000000001,-16.576102584158846,47.0,0.14916200597424414,14.515548286982899
random2,-0.8500000000000001,-16.576102584158846,50.0,0.0012298900573332794,7.5074944208000955
random2,-0.8,-15.879440285661937,15.0,0.005026654237223376,0.8961306481566399
random2,-0.8,-15.879440285661937,20.0,0.17082487811489108,7.156140897596502
random2,-0.8,-15.879440285661937,25.0,0.7295672677823742,15.76467379081981
random2,-0.8,-15.879440285661937,27.0,1.0463065413668249,21.081669343134088
random2,-0.8,-15.879440285661937,30.0,1.379237043313346,25.696934161344846
random2,-0.8,-15.879440285661937,35.0,1.6577539021744336,37.64081050213324
random2,-0.8,-15.879440285661937,37.0,1.7283569803808483,41.237995120939075
random2,-0.8,-15.879440285661937,40.0,1.7733847824835896,43.715661557501356
random2,-0.8,-15.879440285661937,43.0,1.7234819233119563,41.730384596954146
random2,-0.8,-15.879440285661937,45.0,1.4478797487813728,48.32227608062293
random2,-0.8,-15.879440285661937,47.0,0.15827398164924045,14.913581325579578
random2,-0.8,-15.879440285661937,50.0,0.00121761596909242,7.464773716928029
random2,-0.75,-15.219421053052017,15.0,0.004362901814136661,0.8771368752094746
random2,-0.75,-15.219421053052017,20.0,0.16711054060948713,7.0293874133686
random2,-0.75,-15.219421053052017,25.0,0.7162787446986967,15.384183479886861
random2,-0.75,-15.219421053052017,27.0,1.0333191057378703,20.890332592104752
random2,-0.75,-15.219421053052017,30.0,1.3693243739956678,25.358068541738348
random2,-0.75,-15.219421053052017,35.0,1.649216645621412,37.19774856876086
random2,-0.75,-15.219421053052017,37.0,1.7203682816585273,40.9246736104964
random2,-0.75,-15.219421053052017,40.0,1.767222554692032,43.38275774033121
random2,-0.75,-15.219421053052017,43.0,1.7172253448834967,41.50363008208842
random2,-0.75,-15.219421053052017,45.0,1.4462600936436407,48.26035947288974
random2,-0.75,-15.219421053052017,47.0,0.16787130377705325,15.334248818833977
random2,-0.75,-15.219421053052017,50.0,0.0012053675163601865,7.422252494035218
random2,-0.7000000000000001,-14.591232907427717,15.0,0.003714865425459133,0.8586312410737068
random2,-0.7000000000000001,-14.591232907427717,20.0,0.16345882210317061,6.904746988383271
random2,-0.7000000000000001,-14.591232907427717,25.0,0.7030479397027497,15.005340609909634
random2,-0.7000000000000001,-14.591232907427717,27.0,1.0203586425427014,20.69726343153199
random2,-0.7000000000000001,-14.591232907427717,30.0,1.359424383500598,25.019764736649673
random2,-0.7000000000000001,-14.591232907427717,35.0,1.6407267106313328,36.75716781426565
random2,-0.7000000000000001,-14.591232907427717,37.0,1.7118833305004684,40.482431986449775
random2,-0.7000000000000001,-14.591232907427717,40.0,1.7606711656297254,42.91837581339844
random2,-0.7000000000000001,-14.591232907427717,43.0,1.7109591605805354,41.27668681092963
random2,-0.7000000000000001,-14.591232907427717,45.0,1.4444493196797255,48.20653691302696
random2,-0.7000000000000001,-14.591232907427717,47.0,0.17797245765035863,15.781405993195209
random2,-0.7000000000000001,-14.591232907427717,50.0,0.001193151457191365,7.379932197338679
random2,-0.65,-13.993081632391101,15.0,0.003082383304073902,0.8406085847838546
random2,-0.65,-13.993081632391101,20.0,0.15986864431419665,6.782182975310581
random2,-0.65,-13.993081632391101,25.0,0.6897565085530187,14.765250564645823
random2,-0.65,-13.993081632391101,27.0,1.0074161758152278,20.50459626950901
random2,-0.65,-13.993081632391101,30.0,1.3495562705141582,24.682625697796897
random2,-0.65,-13.993081632391101,35.0,1.6322842877516475,36.3190764299043
random2,-0.65,-13.993081632391101,37.0,1.7034334082757496,40.04207995421551
random2,-0.65,-13.993081632391101,40.0,1.7541367642888075,42.45527147211529
random2,-0.65,-13.993081632391101,43.0,1.7045357446092804,41.05863231067569
random2,-0.65,-13.993081632391101,45.0,1.4424464529198522,48.13092865980128
random2,-0.65,-13.993081632391101,47.0,0.1885957219170334,16.13300690354106
random2,-0.65,-13.993081632391101,50.0,0.0011809740515450482,7.337814207489783
random2,-0.6000000000000001,-13.42231077233701,15.0,0.0024653001392515674,0.8230639637985601
random2,-0.6000000000000001,-13.42231077233701,20.0,0.15633897415570258,6.662037819627151
random2,-0.6000000000000001,-13.42231077233701,25.0,0.6762854581396778,14.483392657811384
random2,-0.6000000000000001,-13.42231077233701,27.0,0.9944807563654223,20.312246596296106
random2,-0.6000000000000001,-13.42231077233701,30.0,1.3397384043682425,24.34722829026459
random2,-0.6000000000000001,-13.42231077233701,35.0,1.623889530477017,35.883480809499154
random2,-0.6000000000000001,-13.42231077233701,37.0,1.6950241262220693,39.60388986006314
random2,-0.6000000000000001,-13.42231077233701,40.0,1.7475210992653778,42.04468502990691
random2,-0.6000000000000001,-13.42231077233701,43.0,1.697951996599185,40.849176194247775
random2,-0.6000000000000001,-13.42231077233701,45.0,1.4402534734411008,48.01024315824105
random2,-0.6000000000000001,-13.42231077233701,47.0,0.19975913979655438,16.500535574296848
random2,-0.6000000000000001,-13.42231077233701,50.0,0.00116884108973768,7.295900059531823
random2,-0.55,-12.883642605603214,15.0,0.0018634669785204043,0.8059926505418459
random2,-0.55,-12.883642605603214,20.0,0.15286876295721147,6.5441034456947484
random2,-0.55,-12.883642605603214,25.0,0.6628202589846415,14.115578776555468
random2,-0.55,-12.883642605603214,27.0,0.9815390021838735,20.120210587397903
random2,-0.55,-12.883642605603214,30.0,1.3299060080538385,24.049343081730477
random2,-0.55,-12.883642605603214,35.0,1.6155425520127233,35.45038539251459
random2,-0.55,-12.883642605603214,37.0,1.6866558346913074,39.16787785339222
random2,-0.55,-12.883642605603214,40.0,1.7405110934829802,41.832328430224116
random2,-0.55,-12.883642605603214,43.0,1.6913546444475005,40.63944498397281
random2,-0.55,-12.883642605603214,45.0,1.4378784909680256,47.927757474542524
random2,-0.55,-12.883642605603214,47.0,0.2114805304865625,16.891658431969844
random2,-0.55,-12.883642605603214,50.0,0.0011567579198589523,7.254191175794253
random2,-0.5,-12.37194994483005,15.0,0.0012767411216727694,0.7893901288605015
random2,-0.5,-12.37194994483005,20.0,0.14945698037692726,6.428142236140968
random2,-0.5,-12.37194994483005,25.0,0.6492763213126035,13.791609583902208
random2,-0.5,-12.37194994483005,27.0,0.9685745145788105,19.92898114006896
random2,-0.5,-12.37194994483005,30.0,1.319580524476205,23.873359203624723
random2,-0.5,-12.37194994483005,35.0,1.6072434215428777,35.01979248310537
random2,-0.5,-12.37194994483005,37.0,1.6783288639811962,38.734059104306894
random2,-0.5,-12.37194994483005,40.0,1.7331971436018652,41.575312797961416
random2,-0.5,-12.37194994483005,43.0,1.6846868958573276,40.428646717872496
random2,-0.5,-12.37194994483005,45.0,1.435374116698897,47.825386915448014
random2,-0.5,-12.37194994483005,47.0,0.22377726628597996,17.309030428600426
random2,-0.5,-12.37194994483005,50.0,0.0011447294737315743,7.212689592480681
random2,-0.45,-11.889922046615599,15.0,0.0007049860060462397,0.7732520900961333
random2,-0.45,-11.889922046615599,20.0,0.1461026292179989,6.314120224289671
random2,-0.45,-11.889922046615599,25.0,0.6355063100135274,13.535058171594134
random2,-0.45,-11.889922046615599,27.0,0.9555671325320371,19.747297907166875
random2,-0.45,-11.889922046615599,30.0,1.3090760399081027,23.701257643332394
random2,-0.45,-11.889922046615599,35.0,1.5989921599158292,34.59170204088511
random2,-0.45,-11.889922046615599,37.0,1.6700435231758408,38.30244774731808
random2,-0.45,-11.889922046615599,40.0,1.725903883371663,41.31971969380432
random2,-0.45,-11.889922046615599,43.0,1.6778634920733775,40.21567248073659
random2,-0.45,-11.889922046615599,45.0,1.4327386471502597,47.36354315228409
random2,-0.45,-11.889922046615599,47.0,0.23666590914042307,17.727142774290535
random2,-0.45,-11.889922046615599,50.0,0.0011327602919084304,7.1713960206525424
random2,-0.4,-11.436711564958811,15.0,0.0001480710821230405,0.7575744288088941
random2,-0.4,-11.436711564958811,20.0,0.14280473199613153,6.1977282165632195
random2,-0.4,-11.436711564958811,25.0,0.6217294713793273,13.285949301240947
random2,-0.4,-11.436711564958811,27.0,0.9424968482084204,19.576733138498334
random2,-0.4,-11.436711564958811,30.0,1.2981021084818005,23.387985159696754
random2,-0.4,-11.436711564958811,35.0,1.5907887346420613,34.16611143832926
random2,-0.4,-11.436711564958811,37.0,1.661800098857531,37.87305681877326
random2,-0.4,-11.436711564958811,40.0,1.7184656561704375,41.065809989535786
random2,-0.4,-11.436711564958811,43.0,1.671036019102638,40.00191183301308
random2,-0.4,-11.436711564958811,45.0,1.4301383602705946,47.27531557746318
random2,-0.4,-11.436711564958811,47.0,0.25016234343286986,18.19128832338528
random2,-0.4,-11.436711564958811,50.0,0.0011208545470605177,7.130313005240912
random2,-0.35000000000000003,-11.112534057575962,15.0,0.0,
random2,-0.35000000000000003,-11.112534057575962,20.0,0.1395623307317707,6.086928514710577
random2,-0.35000000000000003,-11.112534057575962,25.0,0.6083661789529321,13.436518342992244
random2,-0.35000000000000003,-11.112534057575962,27.0,0.9293315945452627,19.3809936673709
random2,-0.35000000000000003,-11.112534057575962,30.0,1.2865272799176128,23.581849350571698
random2,-0.35000000000000003,-11.112534057575962,35.0,1.5826327679984484,33.743024806914754
random2,-0.35000000000000003,-11.112534057575962,37.0,1.6535988536708035,37.44589818708921
random2,-0.35000000000000003,-11.112534057575962,40.0,1.7105996276375341,40.77910866596934
random2,-0.35000000000000003,-11.112534057575962,43.0,1.6641748998891308,39.77950211269319
random2,-0.35000000000000003,-11.112534057575962,45.0,1.4273644397353955,47.175031930443005
random2,-0.35000000000000003,-11.112534057575962,47.0,0.2642819013079162,17.393973443745455
random2,-0.35000000000000003,-11.112534057575962,50.0,0.001109016066684141,7.089441925145194
random2,-0.30000000000000004,-10.813995778868096,15.0,0.0,
random2,-0.30000000000000004,-10.813995778868096,20.0,0.13637448675013045,5.977967379546328
random2,-0.30000000000000004,-10.813995778868096,25.0,0.5969025151861951,13.208480284239515
random2,-0.30000000000000004,-10.813995778868096,27.0,0.9147989101158589,19.16669927646717
random2,-0.30000000000000004,-10.813995778868096,30.0,1.274985173876099,23.776753510657926
random2,-0.30000000000000004,-10.813995778868096,35.0,1.5745228419061332,33.322477051948155
random2,-0.30000000000000004,-10.813995778868096,37.0,1.6454400247161884,37.02098247469057
random2,-0.30000000000000004,-10.813995778868096,40.0,1.7027483767113771,40.48739260962895
random2,-0.30000000000000004,-10.813995778868096,43.0,1.6571349674432865,39.50831622942993
random2,-0.30000000000000004,-10.813995778868096,45.0,1.4244074607450765,47.068854674739015
random2,-0.30000000000000004,-10.813995778868096,47.0,0.27905495718438084,17.86457352473044
random2,-0.30000000000000004,-10.813995778868096,50.0,0.0010972483542470927,7.048785027586915
random2,-0.25,-10.534975500126578,15.0,0.0,
random2,-0.25,-10.534975500126578,20.0,0.13324028048913636,5.870813594288783
random2,-0.25,-10.534975500126578,25.0,0.585563537909398,12.982219598989378
random2,-0.25,-10.534975500126578,27.0,0.8977516708777459,18.91755974098308
random2,-0.25,-10.534975500126578,30.0,1.2634679414383356,23.939071800777928
random2,-0.25,-10.534975500126578,35.0,1.56646026681574,32.90440181833968
random2,-0.25,-10.534975500126578,37.0,1.6373053976078282,36.59789231971577
random2,-0.25,-10.534975500126578,40.0,1.6949290640257373,40.19686157172639
random2,-0.25,-10.534975500126578,43.0,1.6501048956109496,39.2375869321874
random2,-0.25,-10.534975500126578,45.0,1.4217871955799803,45.32024950094088
random2,-0.25,-10.534975500126578,47.0,0.29447776336517295,18.36472377816012
random2,-0.25,-10.534975500126578,50.0,0.0010858454641659268,7.0083580424955025
random2,-0.2,-10.303435477787593,15.0,0.0,
random2,-0.2,-10.303435477787593,20.0,0.1301588113147221,5.765436587795039
random2,-0.2,-10.303435477787593,25.0,0.574324475603092,12.760229316189497
random2,-0.2,-10.303435477787593,27.0,0.8813805467552138,19.01975660661495
random2,-0.2,-10.303435477787593,30.0,1.2519111746166025,23.823130030079454
random2,-0.2,-10.303435477787593,35.0,1.558442852410549,32.488691446805625
random2,-0.2,-10.303435477787593,37.0,1.6291949215389308,36.17662703312486
random2,-0.2,-10.303435477787593,40.0,1.687130634923591,39.83634392395994
random2,-0.2,-10.303435477787593,43.0,1.643070522225551,38.93826857841971
random2,-0.2,-10.303435477787593,45.0,1.419558327161085,45.368980642791065
random2,-0.2,-10.303435477787593,47.0,0.3105614631465009,18.883783296700695
random2,-0.2,-10.303435477787593,50.0,0.0010750298073483066,6.968173544016263
random2,-0.15000000000000002,-10.110927202776203,15.0,0.0,
random2,-0.15000000000000002,-10.110927202776203,20.0,0.12712919734349026,5.661806429392938
random2,-0.15000000000000002,-10.110927202776203,25.0,0.5632084572799754,12.5406434635921
random2,-0.15000000000000002,-10.110927202776203,27.0,0.8659664578913147,18.800109445565546
random2,-0.15000000000000002,-10.110927202776203,30.0,1.238593249623993,23.82570206689608
random2,-0.15000000000000002,-10.110927202776203,35.0,1.5504696981321275,32.07530108776346
random2,-0.15000000000000002,-10.110927202776203,37.0,1.6211274041234771,35.757620500438854
random2,-0.15000000000000002,-10.110927202776203,40.0,1.6793472262998712,39.41620778623981
random2,-0.15000000000000002,-10.110927202776203,43.0,1.6359898168432647,38.52858394211185
random2,-0.15000000000000002,-10.110927202776203,45.0,1.4172728342104106,44.62087666765065
random2,-0.15000000000000002,-10.110927202776203,47.0,0.327314221689143,19.239258821413248
random2,-0.15000000000000002,-10.110927202776203,50.0,0.001064796294949396,6.928234047257345
random2,-0.1,-9.953521000355755,15.0,0.0,
random2,-0.1,-9.953521000355755,20.0,0.12415057527238167,5.5598938224134455
random2,-0.1,-9.953521000355755,25.0,0.5524941672731761,12.331563437632655
random2,-0.1,-9.953521000355755,27.0,0.8507327699196786,18.598386092716066
random2,-0.1,-9.953521000355755,30.0,1.224673337072584,23.615095988680586
random2,-0.1,-9.953521000355755,35.0,1.5425436076087407,31.664366278990595
random2,-0.1,-9.953521000355755,37.0,1.61310295234285,35.34087732767291
random2,-0.1,-9.953521000355755,40.0,1.6715972075639185,38.990801181849065
random2,-0.1,-9.953521000355755,43.0,1.628924004281929,38.11942404517195
random2,-0.1,-9.953521000355755,45.0,1.4147644683341576,44.68584811701436
random2,-0.1,-9.953521000355755,47.0,0.34460566139825166,19.722558876906533
random2,-0.1,-9.953521000355755,50.0,0.0010568609020531576,6.888622589010674
random2,-0.05,-9.843180133952865,15.0,0.0,
random2,-0.05,-9.843180133952865,20.0,0.12122210021501313,5.459670098973637
random2,-0.05,-9.843180133952865,25.0,0.5424460571986284,12.132410052130181
random2,-0.05,-9.843180133952865,27.0,0.8359947165967072,18.40385159915468
random2,-0.05,-9.843180133952865,30.0,1.2106796575943135,23.40350748542924
random2,-0.05,-9.843180133952865,35.0,1.5346645176415263,31.255882951265313
random2,-0.05,-9.843180133952865,37.0,1.6051217091659935,34.926403899700766
random2,-0.05,-9.843180133952865,40.0,1.6638830803044675,38.5673916531566
random2,-0.05,-9.843180133952865,43.0,1.6228955557269304,37.766826212761416
random2,-0.05,-9.843180133952865,45.0,1.4119603681073867,44.754037503866414
random2,-0.05,-9.843180133952865,47.0,0.36256386356470893,20.08660042045781
random2,-0.05,-9.843180133952865,50.0,0.0010487614823887865,6.849227501656182
random2,0.0,-9.778832777439442,15.0,0.0,
random2,0.0,-9.778832777439442,20.0,0.11834294554443253,5.361107214410037
random2,0.0,-9.778832777439442,25.0,0.532543802270648,11.935151350736097
random2,0.0,-9.778832777439442,27.0,0.8216112608677085,18.197831158931137
random2,0.0,-9.778832777439442,30.0,1.196704095074697,23.456076446998143
random2,0.0,-9.778832777439442,35.0,1.526831668346877,30.8498131098087
random2,0.0,-9.778832777439442,37.0,1.5971836562400126,34.51419861282276
random2,0.0,-9.778832777439442,40.0,1.6562052344531948,38.14599875072689
random2,0.0,-9.778832777439442,43.0,1.6168964144917108,37.41597020263076
random2,0.0,-9.778832777439442,45.0,1.4088748931669104,43.93948842422541
random2,0.0,-9.778832777439442,47.0,0.38112494249750395,20.74581553250344
random2,0.0,-9.778832777439442,50.0,0.0010405137263009346,6.810053065922612
random2,0.05,-9.763541381989132,15.0,0.0,
random2,0.05,-9.763541381989132,20.0,0.11551230274179063,5.264177742373089
random2,0.05,-9.763541381989132,25.0,0.522797066700518,11.74091260563471
random2,0.05,-9.763541381989132,27.0,0.8073746900330938,17.99389617761717
random2,0.05,-9.763541381989132,30.0,1.1832920324233818,23.260503373439274
random2,0.05,-9.763541381989132,35.0,1.5190444055383454,30.44612390868288
random2,0.05,-9.763541381989132,37.0,1.58928876025594,34.104259120589845
random2,0.05,-9.763541381989132,40.0,1.6485640476169867,37.72664129303203
random2,0.05,-9.763541381989132,43.0,1.6108531420123344,37.07516224904403
random2,0.05,-9.763541381989132,45.0,1.40583039254176,43.900968571353104
random2,0.05,-9.763541381989132,47.0,0.4000485199171699,21.30627567168846
random2,0.05,-9.763541381989132,50.0,0.00103213254753584,6.771105020063206
random2,0.1,-9.830897500495764,15.0,0.0,
random2,0.1,-9.830897500495764,20.0,0.11272938125067229,5.168854869476847
random2,0.1,-9.830897500495764,25.0,0.5132038145708845,11.549672235173823
random2,0.1,-9.830897500495764,27.0,0.7932579430177488,17.779181758307907
random2,0.1,-9.830897500495764,30.0,1.169908163111689,23.063122028631277
random2,0.1,-9.830897500495764,35.0,1.5113019430529004,30.044776076683902
random2,0.1,-9.830897500495764,37.0,1.5814362908575652,33.696548567771984
random2,0.1,-9.830897500495764,40.0,1.6409598850419753,37.309900478548094
random2,0.1,-9.830897500495764,43.0,1.6047592725712023,36.745378637310644
random2,0.1,-9.830897500495764,45.0,1.4031308256249095,37.93203644721069
random2,0.1,-9.830897500495764,47.0,0.41956453378670144,21.52353480460212
random2,0.1,-9.830897500495764,50.0,0.001023632099225741,6.73238932178157
random2,0.15000000000000002,-10.022283207782975,15.0,0.0,
random2,0.15000000000000002,-10.022283207782975,20.0,0.10999340833650537,5.075112390804581
random2,0.15000000000000002,-10.022283207782975,25.0,0.503761490371576,11.361380549076587
random2,0.15000000000000002,-10.022283207782975,27.0,0.7792525981519501,17.576568501265815
random2,0.15000000000000002,-10.022283207782975,30.0,1.156549962795557,22.866167080386877
random2,0.15000000000000002,-10.022283207782975,35.0,1.5036037251198253,29.645741564030146
random2,0.15000000000000002,-10.022283207782975,37.0,1.5736237259981776,33.29094140138644
random2,0.15000000000000002,-10.022283207782975,40.0,1.6333897228257488,36.91452678572907
random2,0.15000000000000002,-10.022283207782975,43.0,1.5986662407886176,36.41577560588015
random2,0.15000000000000002,-10.022283207782975,45.0,1.4040098669710395,29.06094968590945
random2,0.15000000000000002,-10.022283207782975,47.0,0.4396637189260194,21.837050132625713
random2,0.15000000000000002,-10.022283207782975,50.0,0.0010152522458478862,6.693924180968012
random2,0.2,-10.181559453011007,15.0,0.0,
random2,0.2,-10.181559453011007,20.0,0.10730362895065154,4.982924705158458
random2,0.2,-10.181559453011007,25.0,0.4944675812945141,11.17598869599539
random2,0.2,-10.181559453011007,27.0,0.7653632246014784,17.341530351343135
random2,0.2,-10.181559453011007,30.0,1.1432145283912614,22.669597739538276
random2,0.2,-10.181559453011007,35.0,1.4959876399899874,29.25086446531407
random2,0.2,-10.181559453011007,37.0,1.5658539400149876,32.887579208611065
random2,0.2,-10.181559453011007,40.0,1.6258571167398637,36.521137236007526
random2,0.2,-10.181559453011007,43.0,1.592574949803471,36.08639826413694
random2,0.2,-10.181559453011007,45.0,1.404716456187129,29.048865302613596
random2,0.2,-10.181559453011007,47.0,0.46033224325226263,21.984085391425946
random2,0.2,-10.181559453011007,50.0,0.001006995241977621,6.6557183042805494
random2,0.25,-10.39875773809499,15.0,0.0,
random2,0.25,-10.39875773809499,20.0,0.10465930559849734,4.8922668104517
random2,0.25,-10.39875773809499,25.0,0.48531961667926465,10.993448653835005
random2,0.25,-10.39875773809499,27.0,0.7525532024589228,17.28205653534385
random2,0.25,-10.39875773809499,30.0,1.1298985439163398,22.473367484255046
random2,0.25,-10.39875773809499,35.0,1.4884168660896904,28.858350666811628
random2,0.25,-10.39875773809499,37.0,1.5581267009606488,32.486449801602184
random2,0.25,-10.39875773809499,40.0,1.6183629782094024,36.12977814277448
random2,0.25,-10.39875773809499,43.0,1.5864863596876302,35.757294579061515
random2,0.25,-10.39875773809499,45.0,1.40517380552212,28.451447157221864
random2,0.25,-10.39875773809499,47.0,0.481550831683123,22.218454218080293
random2,0.25,-10.39875773809499,50.0,0.0009986280221039065,6.617769325633993
random2,0.30000000000000004,-10.65629909915634,15.0,0.0,
random2,0.30000000000000004,-10.65629909915634,20.0,0.10205971821121819,4.803114299624366
random2,0.30000000000000004,-10.65629909915634,25.0,0.47631516747324015,10.813713220217842
random2,0.30000000000000004,-10.65629909915634,27.0,0.739952734884105,17.20350038053879
random2,0.30000000000000004,-10.65629909915634,30.0,1.1165982436976865,22.277423549335126
random2,0.30000000000000004,-10.65629909915634,35.0,1.48088857169009,28.4680612903739
random2,0.30000000000000004,-10.65629909915634,37.0,1.5504425564310658,32.087579581306215
random2,0.30000000000000004,-10.65629909915634,40.0,1.6109074984362541,35.74045906721309
random2,0.30000000000000004,-10.65629909915634,43.0,1.5804017640410017,35.428529304765235
random2,0.30000000000000004,-10.65629909915634,45.0,1.405382270771887,28.438789026833202
random2,0.30000000000000004,-10.65629909915634,47.0,0.5032951024976939,22.48948339867592
random2,0.30000000000000004,-10.65629909915634,50.0,0.000990163283846877,6.580091508037242
random2,0.35000000000000003,-10.961460769404786,15.0,0.0,
random2,0.35000000000000003,-10.961460769404786,20.0,0.099504164020174,4.715443355966294
random2,0.35000000000000003,-10.961460769404786,25.0,0.46745184570491766,10.636736003606579
random2,0.35000000000000003,-10.961460769404786,27.0,0.7274570141027578,16.847057003283428
random2,0.35000000000000003,-10.961460769404786,30.0,1.1033093728698027,22.081706377605894
random2,0.35000000000000003,-10.961460769404786,35.0,1.47339038352333,28.10625736315826
random2,0.35000000000000003,-10.961460769404786,37.0,1.5428022689459662,31.691005586713636
random2,0.35000000000000003,-10.961460769404786,40.0,1.603490862073816,35.35318922885578
random2,0.35000000000000003,-10.961460769404786,43.0,1.5743215693309414,35.10012251024069
random2,0.35000000000000003,-10.961460769404786,45.0,1.4053258558869473,28.430911962752475
random2,0.35000000000000003,-10.961460769404786,47.0,0.525535264618079,22.775750191522643
random2,0.35000000000000003,-10.961460769404786,50.0,0.0009816130382640864,6.54270125876031
random2,0.4,-11.316648827879266,15.0,0.0,
random2,0.4,-11.316648827879266,20.0,0.0969919574336288,4.629230749284216
random2,0.4,-11.316648827879266,25.0,0.45872730397152073,10.46247141488596
random2,0.4,-11.316648827879266,27.0,0.7151497917863312,16.495863126891717
random2,0.4,-11.316648827879266,30.0,1.0900271451208665,21.886149033688714
random2,0.4,-11.316648827879266,35.0,1.4658778858316326,27.89300528425154
random2,0.4,-11.316648827879266,37.0,1.535204738327205,31.296672644602946
random2,0.4,-11.316648827879266,40.0,1.5961132464610603,34.96797746671604
random2,0.4,-11.316648827879266,43.0,1.5682466543835805,34.77211804354851
random2,0.4,-11.316648827879266,45.0,1.404999649648132,28.423295565733035
random2,0.4,-11.316648827879266,47.0,0.5482326891194756,23.072698162387056
random2,0.4,-11.316648827879266,50.0,0.0009729886312582903,6.505620313310233
random2,0.45,-11.731107351062105,15.0,0.0,
random2,0.45,-11.731107351062105,20.0,0.0945224299147616,4.5444538313877585
random2,0.45,-11.731107351062105,25.0,0.45013923493976704,10.290874659417959
random2,0.45,-11.731107351062105,27.0,0.7030279347377246,16.149832153592126
random2,0.45,-11.731107351062105,30.0,1.07674619768407,21.69067657929738
random2,0.45,-11.731107351062105,35.0,1.4579795900512516,27.74876442147645
random2,0.45,-11.731107351062105,37.0,1.5276496114319869,30.904562561666367
random2,0.45,-11.731107351062105,40.0,1.5887748208745136,34.584832201304444
random2,0.45,-11.731107351062105,43.0,1.5621778890395184,34.44455929153087
random2,0.45,-11.731107351062105,45.0,1.4044499710747986,27.94470402734978
random2,0.45,-11.731107351062105,47.0,0.5713485191002524,23.377354542284387
random2,0.45,-11.731107351062105,50.0,0.0009643007658888779,6.468876707303141
random2,0.5,-12.1950156321778,15.0,0.0,
random2,0.5,-12.1950156321778,20.0,0.09209492986021839,4.461090532117811
random2,0.5,-12.1950156321778,25.0,0.4416853708604847,10.121901729903865
random2,0.5,-12.1950156321778,27.0,0.6910134681288469,15.808736993487969
random2,0.5,-12.1950156321778,30.0,1.0636437459783052,21.528516283762684
random2,0.5,-12.1950156321778,35.0,1.4495444202706218,27.5222850799871
random2,0.5,-12.1950156321778,37.0,1.5201364585615498,30.51465335364798
random2,0.5,-12.1950156321778,40.0,1.5814757457975508,34.20376139754824
random2,0.5,-12.1950156321778,43.0,1.5561176369209688,34.105138496809566
random2,0.5,-12.1950156321778,45.0,1.4036888748398573,27.913029135738704
random2,0.5,-12.1950156321778,47.0,0.5948525113698135,23.68858376332123
random2,0.5,-12.1950156321778,50.0,0.0009555595256112939,6.432507538961594
random2,0.55,-12.712961756571183,15.0,0.0,
random2,0.55,-12.712961756571183,20.0,0.08970882247834572,4.3791193554814445
random2,0.55,-12.712961756571183,25.0,0.4333634830961809,9.955509399751765
random2,0.55,-12.712961756571183,27.0,0.6789408613197794,15.469741275383914
random2,0.55,-12.712961756571183,30.0,1.05073981519004,21.338245602277947
random2,0.55,-12.712961756571183,35.0,1.441004940569865,27.468583458877404
random2,0.55,-12.712961756571183,37.0,1.512664765308975,30.12691884190215
random2,0.55,-12.712961756571183,40.0,1.574216172195315,33.8247725279784
random2,0.55,-12.712961756571183,43.0,1.5500770774036474,33.77859681995338
random2,0.55,-12.712961756571183,45.0,1.402692838612865,27.904291605390487
random2,0.55,-12.712961756571183,47.0,0.6186320147637819,23.847023429320306
random2,0.55,-12.712961756571183,50.0,0.0009467743978229571,6.396565470698445
random2,0.6000000000000001,-13.27983735467861,15.0,0.0,
random2,0.6000000000000001,-13.27983735467861,20.0,0.08736348966608823,4.298519374783207
random2,0.6000000000000001,-13.27983735467861,25.0,0.425171381662192,9.791655217367227
random2,0.6000000000000001,-13.27983735467861,27.0,0.6670514865747355,15.135769436060244
random2,0.6000000000000001,-13.27983735467861,30.0,1.0378581942485934,21.14835242786976
random2,0.6000000000000001,-13.27983735467861,35.0,1.432530637226002,27.482282727995507
random2,0.6000000000000001,-13.27983735467861,37.0,1.5052430520920128,29.741780106030294
random2,0.6000000000000001,-13.27983735467861,40.0,1.5669969000375397,33.44790616954741
random2,0.6000000000000001,-13.27983735467861,43.0,1.5440460692442202,33.452681295127164
random2,0.6000000000000001,-13.27983735467861,45.0,1.4014697354687284,27.895519867575914
random2,0.6000000000000001,-13.27983735467861,47.0,0.6422280743771561,24.079656247664843
random2,0.6000000000000001,-13.27983735467861,50.0,0.0009379542979924828,6.361123898290987
random2,0.65,-13.898868981348922,15.0,0.0,
random2,0.65,-13.898868981348922,20.0,0.08505832988351161,4.219270228848853
random2,0.65,-13.898868981348922,25.0,0.4171069147805613,9.630297501296901
random2,0.65,-13.898868981348922,27.0,0.6553423444010589,14.806739828978912
random2,0.65,-13.898868981348922,30.0,1.024994999860496,20.958782487882917
random2,0.65,-13.898868981348922,35.0,1.4240809426105572,27.4460132183532
random2,0.65,-13.898868981348922,37.0,1.497880240626755,29.35967809071418
random2,0.65,-13.898868981348922,40.0,1.5598390027612155,33.074237208002366
random2,0.65,-13.898868981348922,43.0,1.5380253565007045,33.12742866933121
random2,0.65,-13.898868981348922,45.0,1.4000274578918073,27.886716664043387
random2,0.65,-13.898868981348922,47.0,0.6659700440224374,24.25205959533641
random2,0.65,-13.898868981348922,50.0,0.0009291075936805358,6.326291085610478
random2,0.7000000000000001,-14.571159042707098,15.0,0.0,
random2,0.7000000000000001,-14.571159042707098,20.0,0.08279275802481946,4.141352117577267
random2,0.7000000000000001,-14.571159042707098,25.0,0.40916796844691644,9.471395336587547
random2,0.7000000000000001,-14.571159042707098,27.0,0.6437328708689103,14.532265429270971
random2,0.7000000000000001,-14.571159042707098,30.0,1.0121458595124255,20.769499194889903
random2,0.7000000000000001,-14.571159042707098,35.0,1.4154973563688062,27.29381736362239
random2,0.7000000000000001,-14.571159042707098,37.0,1.4905578277901808,28.979696103283768
random2,0.7000000000000001,-14.571159042707098,40.0,1.5527192760792006,32.70258155433737
random2,0.7000000000000001,-14.571159042707098,43.0,1.532015676277878,32.80287533398662
random2,0.7000000000000001,-14.571159042707098,45.0,1.3983738942345014,27.877884732767477
random2,0.7000000000000001,-14.571159042707098,47.0,0.6897771427129356,24.423295591174234
random2,0.7000000000000001,-14.571159042707098,50.0,0.0009202421285726608,6.2922341436208935
random2,0.75,-15.298694076964662,15.0,0.0,
random2,0.75,-15.298694076964662,20.0,0.08056620528465545,4.064745797203048
random2,0.75,-15.298694076964662,25.0,0.40135246600980923,9.31490857227339
random2,0.75,-15.298694076964662,27.0,0.6321612531296852,14.31474086730984
random2,0.75,-15.298694076964662,30.0,0.9993059483150689,20.579118497378424
random2,0.75,-15.298694076964662,35.0,1.40655147357669,26.81650861592071
random2,0.75,-15.298694076964662,37.0,1.483274871745705,28.60178680285108
random2,0.75,-15.298694076964662,40.0,1.5456378364011363,32.33294489277581
random2,0.75,-15.298694076964662,43.0,1.5260195817468933,32.479148644784786
random2,0.75,-15.298694076964662,45.0,1.3965167071784257,27.869013633923135
random2,0.75,-15.298694076964662,47.0,0.7135818734121965,24.595396360584427
random2,0.75,-15.298694076964662,50.0,0.000911365246318746,6.259222259494417
random2,0.8,-16.077913922593215,15.0,0.0,
random2,0.8,-16.077913922593215,20.0,0.07837811901842731,3.9894325754612776
random2,0.8,-16.077913922593215,25.0,0.3936582989829651,9.16079629643452
random2,0.8,-16.077913922593215,27.0,0.6207401618161611,14.086497128578138
random2,0.8,-16.077913922593215,30.0,0.9864691568051004,20.389953974231716
random2,0.8,-16.077913922593215,35.0,1.397621262686624,26.340171890974208
random2,0.8,-16.077913922593215,37.0,1.4760302741090692,28.225895098399707
random2,0.8,-16.077913922593215,40.0,1.5385947873567383,31.965332249638752
random2,0.8,-16.077913922593215,43.0,1.520036836711421,32.1562362240714
random2,0.8,-16.077913922593215,45.0,1.3944545984493981,27.859503304173725
random2,0.8,-16.077913922593215,47.0,0.737397743093569,24.76773693332346
random2,0.8,-16.077913922593215,50.0,0.0009024838139513791,6.227722542849656
random2,0.8500000000000001,-16.905297938671207,15.0,0.0,
random2,0.8500000000000001,-16.905297938671207,20.0,0.07622796259524026,3.915394306966937
random2,0.8500000000000001,-16.905297938671207,25.0,0.3860832229028038,9.009015558526386
random2,0.8500000000000001,-16.905297938671207,27.0,0.6094938520153943,13.861647893971764
random2,0.8500000000000001,-16.905297938671207,30.0,0.9740889830347687,20.215053879308392
random2,0.8500000000000001,-16.905297938671207,35.0,1.388700165362873,25.864423333505258
random2,0.8500000000000001,-16.905297938671207,37.0,1.4687989722565582,28.005200876028383
random2,0.8500000000000001,-16.905297938671207,40.0,1.5315902190901982,31.59974795751727
random2,0.8500000000000001,-16.905297938671207,43.0,1.5140672266194304,31.83412677171711
random2,0.8500000000000001,-16.905297938671207,45.0,1.3922048657277606,27.849997285603816
random2,0.8500000000000001,-16.905297938671207,47.0,0.7611350483370917,24.939187884214473
random2,0.8500000000000001,-16.905297938671207,50.0,0.0008943823010679569,6.198662934869943
random2,0.9,-17.77936635287871,15.0,0.0,
random2,0.9,-17.77936635287871,20.0,0.07411521524195647,3.842613387401961
random2,0.9,-17.77936635287871,25.0,0.3786255898941507,8.859534529809235
random2,0.9,-17.77936635287871,27.0,0.5984194964925172,13.64013800822778
random2,0.9,-17.77936635287871,30.0,0.9621464923089823,20.040855464929212
random2,0.9,-17.77936635287871,35.0,1.3799533617452036,25.501445873129
random2,0.9,-17.77936635287871,37.0,1.4614666807616454,27.822986888135794
random2,0.9,-17.77936635287871,40.0,1.5246242075483127,31.236195619127486
random2,0.9,-17.77936635287871,43.0,1.5081114543953162,31.51285493980072
random2,0.9,-17.77936635287871,45.0,1.389729034108459,27.81727706772547
random2,0.9,-17.77936635287871,47.0,0.7847592457390647,25.109846950893115
random2,0.9,-17.77936635287871,50.0,0.0008864876161413578,6.1739420681761175
random2,0.9500000000000001,-18.63026825107086,15.0,0.0,
random2,0.9500000000000001,-18.63026825107086,20.0,0.07203937187676795,3.77107274812996
random2,0.9500000000000001,-18.63026825107086,25.0,0.3712834686389708,8.712316127457246
random2,0.9500000000000001,-18.63026825107086,27.0,0.5875143144410283,13.421913027377043
random2,0.9500000000000001,-18.63026825107086,30.0,0.9502790899832718,19.8677508535216
random2,0.9500000000000001,-18.63026825107086,35.0,1.3710831478285053,25.09361207097365
random2,0.9500000000000001,-18.63026825107086,37.0,1.4536250079689483,27.66977453240723
random2,0.9500000000000001,-18.63026825107086,40.0,1.5176968137597533,30.874678070700682
random2,0.9500000000000001,-18.63026825107086,43.0,1.5021581911456092,31.185922927954547
random2,0.9500000000000001,-18.63026825107086,45.0,1.3868410650937204,27.66505665387386
random2,0.9500000000000001,-18.63026825107086,47.0,0.8033298814395865,25.242831430770412
random2,0.9500000000000001,-18.63026825107086,50.0,0.000878536649535392,6.158631622953042
random2,1.0,-19.462778182305826,15.0,0.0,
random2,1.0,-19.462778182305826,20.0,0.06999994293076084,3.700755850068607
random2,1.0,-19.462778182305826,25.0,0.3640549632549163,8.567324054485779
random2,1.0,-19.462778182305826,27.0,0.576775570922711,13.206919139454016
random2,1.0,-19.462778182305826,30.0,0.938471572802084,19.788489469053918
random2,1.0,-19.462778182305826,35.0,1.361923413335491,24.778673274539837
random2,1.0,-19.462778182305826,37.0,1.4454827084856365,27.502508053226308
random2,1.0,-19.462778182305826,40.0,1.5108080831033996,30.515197344830117
random2,1.0,-19.462778182305826,43.0,1.496191025178532,30.843777658372876
random2,1.0,-19.462778182305826,45.0,1.3837611755383583,27.505231840691984
random2,1.0,-19.462778182305826,47.0,0.8180506356225531,25.34347589882014
random2,1.0,-19.462778182305826,50.0,0.0008705385383889088,6.171985944532573
random3,-1.0,-12.81320479755814,15.0,0.008826756752887415,0.5409147401634637
random3,-1.0,-12.81320479755814,20.0,0.1253708729013493,5.2552368907067475
random3,-1.0,-12.81320479755814,25.0,0.4905376593422757,11.30027456207032
random3,-1.0,-12.81320479755814,27.0,0.733224904797993,16.81136145084467
random3,-1.0,-12.81320479755814,30.0,1.142399629399418,22.610645685556502
random3,-1.0,-12.81320479755814,35.0,1.4913464701935097,28.963111666961023
random3,-1.0,-12.81320479755814,37.0,1.5615035078490334,32.38771195596708
random3,-1.0,-12.81320479755814,40.0,1.6266605456593077,36.253666377269404
random3,-1.0,-12.81320479755814,43.0,1.6058421830685683,36.3865701680248
random3,-1.0,-12.81320479755814,45.0,1.4556414235709048,29.692391334013408
random3,-1.0,-12.81320479755814,47.0,0.6257298400259251,24.05900889419772
random3,-1.0,-12.81320479755814,50.0,0.0008995375801746844,6.157080155508746
random3,-0.9500000000000001,-12.563354089676011,15.0,0.008343184576206935,0.5407373091924791
random3,-0.9500000000000001,-12.563354089676011,20.0,0.12530082867674533,5.2768200047271
random3,-0.9500000000000001,-12.563354089676011,25.0,0.49289694277853774,11.356550057192713
random3,-0.9500000000000001,-12.563354089676011,27.0,0.7377418136860412,16.94657997503463
random3,-0.9500000000000001,-12.563354089676011,30.0,1.144864887425587,22.651172659398938
random3,-0.9500000000000001,-12.563354089676011,35.0,1.4933734375350491,29.082530002549262
random3,-0.9500000000000001,-12.563354089676011,37.0,1.5634827825231683,32.50155413889188
random3,-0.9500000000000001,-12.563354089676011,40.0,1.628445164783557,36.358960228558644
random3,-0.9500000000000001,-12.563354089676011,43.0,1.6068188729420843,36.45584110448585
random3,-0.9500000000000001,-12.563354089676011,45.0,1.4538840627806022,29.624534326341447
random3,-0.9500000000000001,-12.563354089676011,47.0,0.6125895669945483,23.886548461370005
random3,-0.9500000000000001,-12.563354089676011,50.0,0.0009065945532516304,6.1372876941314995
random3,-0.9,-12.312855887159005,15.0,0.00784182736669,0.5487071152452053
random3,-0.9,-12.312855887159005,20.0,0.12519909130445267,5.297466924501157
random3,-0.9,-12.312855887159005,25.0,0.49524355655374735,11.412656416287454
random3,-0.9,-12.312855887159005,27.0,0.7422462821145833,17.081578243831405
random3,-0.9,-12.312855887159005,30.0,1.1479781885009734,22.700296381675074
random3,-0.9,-12.312855887159005,35.0,1.4953627926657285,29.200201409483878
random3,-0.9,-12.312855887159005,37.0,1.5654414703755908,32.614498062666584
random3,-0.9,-12.312855887159005,40.0,1.6302085282615442,36.46327855709587
random3,-0.9,-12.312855887159005,43.0,1.6077527017059199,36.524008430055304
random3,-0.9,-12.312855887159005,45.0,1.4520263985798314,29.551798423744433
random3,-0.9,-12.312855887159005,47.0,0.5994888094927329,23.714823804145
random3,-0.9,-12.312855887159005,50.0,0.0009136621063949362,6.117882355566676
random3,-0.8500000000000001,-12.070787644928416,15.0,0.007323894134657721,0.5575949301257619
random3,-0.8500000000000001,-12.070787644928416,20.0,0.12507674385802936,5.31754800197086
random3,-0.8500000000000001,-12.070787644928416,25.0,0.49756007371126715,11.4682565187495
random3,-0.8500000000000001,-12.070787644928416,27.0,0.7467385227282864,17.216366573886532
random3,-0.8500000000000001,-12.070787644928416,30.0,1.1512568275319337,22.752603288274408
random3,-0.8500000000000001,-12.070787644928416,35.0,1.4973172046325942,29.316258418155503
random3,-0.8500000000000001,-12.070787644928416,37.0,1.5673801459445145,32.72657286775847
random3,-0.8500000000000001,-12.070787644928416,40.0,1.6319503692669712,36.566609162322926
random3,-0.8500000000000001,-12.070787644928416,43.0,1.6086558585296544,36.59071872092883
random3,-0.8500000000000001,-12.070787644928416,45.0,1.4500666191204064,29.47409547363335
random3,-0.8500000000000001,-12.070787644928416,47.0,0.586433374600773,23.543972557080203
random3,-0.8500000000000001,-12.070787644928416,50.0,0.0009207352386921695,6.153600546928246
random3,-0.8,-11.837703394051733,15.0,0.0067903826128282935,0.5660651877174839
random3,-0.8,-11.837703394051733,20.0,0.12492132422067664,5.336648880286903
random3,-0.8,-11.837703394051733,25.0,0.4998466429563645,11.523353016678495
random3,-0.8,-11.837703394051733,27.0,0.7512187419281412,17.350957419259323
random3,-0.8,-11.837703394051733,30.0,1.1544273196151236,22.80332628386099
random3,-0.8,-11.837703394051733,35.0,1.4992389859277633,29.42716758018186
random3,-0.8,-11.837703394051733,37.0,1.569301816345883,32.83792573516294
random3,-0.8,-11.837703394051733,40.0,1.633670416386041,36.66893961863494
random3,-0.8,-11.837703394051733,43.0,1.6095293809110802,36.656024909955825
random3,-0.8,-11.837703394051733,45.0,1.448002901409461,29.391336786818922
random3,-0.8,-11.837703394051733,47.0,0.5734397387627438,23.374273965026415
random3,-0.8,-11.837703394051733,50.0,0.0009278136573165319,6.191023464920842
random3,-0.75,-11.613291469283844,15.0,0.00624054588505824,0.5740933635049064
random3,-0.75,-11.613291469283844,20.0,0.12473318267870537,5.35478222141284
random3,-0.75,-11.613291469283844,25.0,0.5021034095101047,11.577948247806003
random3,-0.75,-11.613291469283844,27.0,0.7556871397096557,17.48536741563067
random3,-0.75,-11.613291469283844,30.0,1.1574963696712368,22.85261345949447
random3,-0.75,-11.613291469283844,35.0,1.5011433666683431,29.43684989660312
random3,-0.75,-11.613291469283844,37.0,1.571203289323945,32.948403045023205
random3,-0.75,-11.613291469283844,40.0,1.6353683938069306,36.770257285054576
random3,-0.75,-11.613291469283844,43.0,1.6103708659391238,36.719808770330616
random3,-0.75,-11.613291469283844,45.0,1.445833412361998,29.303433189310677
random3,-0.75,-11.613291469283844,47.0,0.5605164512935109,23.206176136461565
random3,-0.75,-11.613291469283844,50.0,0.0009348948351703058,6.228669099549727
random3,-0.7000000000000001,-11.395965557717812,15.0,0.00567463617533672,0.5816890921352982
random3,-0.7000000000000001,-11.395965557717812,20.0,0.12451267437403835,5.371960855635137
random3,-0.7000000000000001,-11.395965557717812,25.0,0.5043305147932793,11.63204414234484
random3,-0.7000000000000001,-11.395965557717812,27.0,0.7600715267128831,17.474311820014655
random3,-0.7000000000000001,-11.395965557717812,30.0,1.1604702171619192,22.900623036346826
random3,-0.7000000000000001,-11.395965557717812,35.0,1.5030327280431715,29.426298405319706
random3,-0.7000000000000001,-11.395965557717812,37.0,1.5730846515435044,33.05801028440654
random3,-0.7000000000000001,-11.395965557717812,40.0,1.637044021506759,36.87054931458725
random3,-0.7000000000000001,-11.395965557717812,43.0,1.6111798912417366,36.78205062386351
random3,-0.7000000000000001,-11.395965557717812,45.0,1.4435563099284394,29.210295077814315
random3,-0.7000000000000001,-11.395965557717812,47.0,0.5476734649604807,23.039818081363446
random3,-0.7000000000000001,-11.395965557717812,50.0,0.0009419760460196218,6.266507678897267
random3,-0.65,-11.184818269602726,15.0,0.005092911316834011,0.5888622064361223
random3,-0.65,-11.184818269602726,20.0,0.12426015836578873,5.388197750333601
random3,-0.65,-11.184818269602726,25.0,0.5065280961326973,11.685642086423499
random3,-0.65,-11.184818269602726,27.0,0.7643020672002504,17.276064990997448
random3,-0.65,-11.184818269602726,30.0,1.1633543523549088,22.94742602745384
random3,-0.65,-11.184818269602726,35.0,1.5048960915743934,29.535723380911552
random3,-0.65,-11.184818269602726,37.0,1.5749459585906869,33.16675143877777
random3,-0.65,-11.184818269602726,40.0,1.638697015436103,36.96980266344004
random3,-0.65,-11.184818269602726,43.0,1.6119560328448588,36.84273072343197
random3,-0.65,-11.184818269602726,45.0,1.4411697442993836,29.11183247904439
random3,-0.65,-11.184818269602726,47.0,0.5349222555088555,22.875386221462936
random3,-0.65,-11.184818269602726,50.0,0.0009490544240678399,6.304518299535693
random3,-0.6000000000000001,-10.982444991246826,15.0,0.004495633755311584,0.5956227033707902
random3,-0.6000000000000001,-10.982444991246826,20.0,0.12397599674805916,5.403505980626252
random3,-0.6000000000000001,-10.982444991246826,25.0,0.5086962864898614,11.738742715704326
random3,-0.6000000000000001,-10.982444991246826,27.0,0.7684508920477957,17.36007721470661
random3,-0.6000000000000001,-10.982444991246826,30.0,1.1661538289805962,22.99308458613159
random3,-0.6000000000000001,-10.982444991246826,35.0,1.5067317134802314,29.643913654790587
random3,-0.6000000000000001,-10.982444991246826,37.0,1.5768006749676065,33.27569330670098
random3,-0.6000000000000001,-10.982444991246826,40.0,1.640347559932745,37.06908725288404
random3,-0.6000000000000001,-10.982444991246826,43.0,1.6126988652327356,36.90182925587683
random3,-0.6000000000000001,-10.982444991246826,45.0,1.4386742387896263,29.032837816021278
random3,-0.6000000000000001,-10.982444991246826,47.0,0.522272258762198,22.713279575982906
random3,-0.6000000000000001,-10.982444991246826,50.0,0.0009561269587613469,6.3426838173497035
random3,-0.55,-10.787257232156703,15.0,0.003883069591921904,0.6019807113839883
random3,-0.55,-10.787257232156703,20.0,0.12366055382296055,5.417898701854425
random3,-0.55,-10.787257232156703,25.0,0.5108352142108463,11.79134559175422
random3,-0.55,-10.787257232156703,27.0,0.7725887580432618,17.443962899335094
random3,-0.55,-10.787257232156703,30.0,1.1688997605681635,23.02130510224882
random3,-0.55,-10.787257232156703,35.0,1.5085408442746455,29.750931341187638
random3,-0.55,-10.787257232156703,37.0,1.5786409896831717,33.38475597444952
random3,-0.55,-10.787257232156703,40.0,1.641984331825451,37.16780288385063
random3,-0.55,-10.787257232156703,43.0,1.6134079614064858,36.95932634481986
random3,-0.55,-10.787257232156703,45.0,1.4360729976927167,28.954160712043123
random3,-0.55,-10.787257232156703,47.0,0.5097324158250015,22.554070298962216
random3,-0.55,-10.787257232156703,50.0,0.0009631904893789907,6.380991190137531
random3,-0.5,-10.602792528071719,15.0,0.0032554876684654285,0.6079464592275902
random3,-0.5,-10.602792528071719,20.0,0.12331419532771673,5.431389123871167
random3,-0.5,-10.602792528071719,25.0,0.5129450027964304,11.843448673779477
random3,-0.5,-10.602792528071719,27.0,0.7767047377930577,17.514814600723636
random3,-0.5,-10.602792528071719,30.0,1.171753129101509,23.05092532668572
random3,-0.5,-10.602792528071719,35.0,1.510315746095784,29.855971922302544
random3,-0.5,-10.602792528071719,37.0,1.580457952848489,33.492790103327664
random3,-0.5,-10.602792528071719,40.0,1.64340173977949,37.259881144527355
random3,-0.5,-10.602792528071719,43.0,1.6140828929405087,37.015202053368945
random3,-0.5,-10.602792528071719,45.0,1.433356489702242,28.842652791680287
random3,-0.5,-10.602792528071719,47.0,0.49731097801023033,22.39869255279417
random3,-0.5,-10.602792528071719,50.0,0.0009702416996974036,6.419430622272125
random3,-0.45,-10.425576249873764,15.0,0.0026131586975682718,0.6135302461373651
random3,-0.45,-10.425576249873764,20.0,0.12293728771462635,5.442655680730682
random3,-0.45,-10.425576249873764,25.0,0.5150257706921271,11.895047414033055
random3,-0.45,-10.425576249873764,27.0,0.780805241559723,17.576302130134927
random3,-0.45,-10.425576249873764,30.0,1.1746233746902952,23.097644514998706
random3,-0.45,-10.425576249873764,35.0,1.512056780137812,29.959023131634396
random3,-0.45,-10.425576249873764,37.0,1.5822518806786885,33.599812412819354
random3,-0.45,-10.425576249873764,40.0,1.644788939855242,37.350867086327796
random3,-0.45,-10.425576249873764,43.0,1.6147232300378005,37.069436386777845
random3,-0.45,-10.425576249873764,45.0,1.4305225897488407,28.72341331363288
random3,-0.45,-10.425576249873764,47.0,0.4850158908083242,22.24893452283003
random3,-0.45,-10.425576249873764,50.0,0.0009772771124598977,6.4579943991659885
random3,-0.4,-10.254482566610445,15.0,0.0019563544396701605,0.6187424139720092
random3,-0.4,-10.254482566610445,20.0,0.12253019748231445,5.454337574371448
random3,-0.4,-10.254482566610445,25.0,0.5170776310968005,11.946133119209936
random3,-0.4,-10.254482566610445,27.0,0.7848993283337588,17.637747116408867
random3,-0.4,-10.254482566610445,30.0,1.1773964106494348,23.14290056483189
random3,-0.4,-10.254482566610445,35.0,1.5137743226094542,30.061056795630904
random3,-0.4,-10.254482566610445,37.0,1.5840230290929547,33.70583669246524
random3,-0.4,-10.254482566610445,40.0,1.6461548651046423,37.4408608116372
random3,-0.4,-10.254482566610445,43.0,1.6153285415827245,37.12200929497688
random3,-0.4,-10.254482566610445,45.0,1.4275700055418685,28.59781616528415
random3,-0.4,-10.254482566610445,47.0,0.4728546684918389,22.1089638628631
random3,-0.4,-10.254482566610445,50.0,0.0009842930838324204,6.496676461648852
random3,-0.35000000000000003,-10.071023368827733,15.0,0.001285346928114219,0.6235933204910682
random3,-0.35000000000000003,-10.071023368827733,20.0,0.1220933351968495,5.465676298789902
random3,-0.35000000000000003,-10.071023368827733,25.0,0.5191006917891727,11.996689770030203
random3,-0.35000000000000003,-10.071023368827733,27.0,0.7889872142364883,17.699138881692082
random3,-0.35000000000000003,-10.071023368827733,30.0,1.1800782135467682,23.186617506138376
random3,-0.35000000000000003,-10.071023368827733,35.0,1.515469054803738,30.16210724379502
random3,-0.35000000000000003,-10.071023368827733,37.0,1.5857716183632733,33.81087500219739
random3,-0.35000000000000003,-10.071023368827733,40.0,1.6474992078626893,37.529847903019316
random3,-0.35000000000000003,-10.071023368827733,43.0,1.6158986710145558,37.17291439801194
random3,-0.35000000000000003,-10.071023368827733,45.0,1.4245155749073404,29.979712057205813
random3,-0.35000000000000003,-10.071023368827733,47.0,0.46083438866019777,21.991919698216574
random3,-0.35000000000000003,-10.071023368827733,50.0,0.000991285797806981,6.535470773157501
random3,-0.30000000000000004,-9.909419030653677,15.0,0.0006004077431490699,0.6280933148631714
random3,-0.30000000000000004,-9.909419030653677,20.0,0.12162730305017284,5.474826017044908
random3,-0.30000000000000004,-9.909419030653677,25.0,0.5210950549719122,12.04668728727683
random3,-0.30000000000000004,-9.909419030653677,27.0,0.7930691089756163,17.760456044735143
random3,-0.30000000000000004,-9.909419030653677,30.0,1.1826742370466075,23.228440899667106
random3,-0.30000000000000004,-9.909419030653677,35.0,1.517141556579559,30.2622038896187
random3,-0.30000000000000004,-9.909419030653677,37.0,1.5874977845504337,33.91493530737402
random3,-0.30000000000000004,-9.909419030653677,40.0,1.6488216571924301,37.61781378756761
random3,-0.30000000000000004,-9.909419030653677,43.0,1.6164188017150292,37.22468593931429
random3,-0.30000000000000004,-9.909419030653677,45.0,1.4214090115353526,29.965922509627667
random3,-0.30000000000000004,-9.909419030653677,47.0,0.44896168908437556,21.957384892503185
random3,-0.30000000000000004,-9.909419030653677,50.0,0.0009982512605647019,6.574375272364628
random3,-0.25,-9.774637741257605,15.0,0.0,
random3,-0.25,-9.774637741257605,20.0,0.12113217793986661,5.483618380945392
random3,-0.25,-9.774637741257605,25.0,0.5230608171315586,12.096065543259524
random3,-0.25,-9.774637741257605,27.0,0.7971452157538982,17.82165413640901
random3,-0.25,-9.774637741257605,30.0,1.1851894552070157,23.26673685228017
random3,-0.25,-9.774637741257605,35.0,1.5187923184174688,30.361371815580622
random3,-0.25,-9.774637741257605,37.0,1.5892016372515165,34.01802429096079
random3,-0.25,-9.774637741257605,40.0,1.6501218990297153,37.704743744173115
random3,-0.25,-9.774637741257605,43.0,1.61673345353728,37.27048070594315
random3,-0.25,-9.774637741257605,45.0,1.4181793211878522,29.821558649789953
random3,-0.25,-9.774637741257605,47.0,0.4372426733424481,21.80534589644782
random3,-0.25,-9.774637741257605,50.0,0.0010051852947577191,6.613387549497766
random3,-0.2,-9.77158057684619,15.0,0.0,
random3,-0.2,-9.77158057684619,20.0,0.12061172692406143,5.3397755075354825
random3,-0.2,-9.77158057684619,25.0,0.5250073373079087,11.738472768028341
random3,-0.2,-9.77158057684619,27.0,0.8019789698798226,17.892954796634676
random3,-0.2,-9.77158057684619,30.0,1.1876284026424566,23.301230433049586
random3,-0.2,-9.77158057684619,35.0,1.5204217519575538,30.459632284488187
random3,-0.2,-9.77158057684619,37.0,1.5908832472015555,34.12014674975417
random3,-0.2,-9.77158057684619,40.0,1.6513996163243712,37.79062290952731
random3,-0.2,-9.77158057684619,43.0,1.6168615646300104,37.30581150439054
random3,-0.2,-9.77158057684619,45.0,1.4148246721363464,29.67114367026682
random3,-0.2,-9.77158057684619,47.0,0.42568232042697246,21.65028751329594
random3,-0.2,-9.77158057684619,50.0,0.0010120835340878443,6.6525039137928665
random3,-0.15000000000000002,-9.688841525288414,15.0,0.0,
random3,-0.15000000000000002,-9.688841525288414,20.0,0.12008591293865667,5.343568707027966
random3,-0.15000000000000002,-9.688841525288414,25.0,0.5269339785144838,11.78795714812937
random3,-0.15000000000000002,-9.688841525288414,27.0,0.8069752707099876,17.967329548328724
random3,-0.15000000000000002,-9.688841525288414,30.0,1.1899961604719964,23.341540882162317
random3,-0.15000000000000002,-9.688841525288414,35.0,1.5220416141407103,30.557557064212446
random3,-0.15000000000000002,-9.688841525288414,37.0,1.5925426500313444,34.22130577738739
random3,-0.15000000000000002,-9.688841525288414,40.0,1.6526485620444427,37.87720256616256
random3,-0.15000000000000002,-9.688841525288414,43.0,1.6169309278521902,37.33651843202086
random3,-0.15000000000000002,-9.688841525288414,45.0,1.4119804014648822,40.96607611800232
random3,-0.15000000000000002,-9.688841525288414,47.0,0.4142869100700583,21.462622625212607
random3,-0.15000000000000002,-9.688841525288414,50.0,0.0010192069617418233,6.691736079380356
random3,-0.1,-9.702649915000972,15.0,0.0,
random3,-0.1,-9.702649915000972,20.0,0.11953219345760176,5.349124256134418
random3,-0.1,-9.702649915000972,25.0,0.5288321716152506,11.834862602506123
random3,-0.1,-9.702649915000972,27.0,0.8119502038955253,18.042170785245737
random3,-0.1,-9.702649915000972,30.0,1.1922960550539907,23.381221898527272
random3,-0.1,-9.702649915000972,35.0,1.5236669025202088,30.65587517023227
random3,-0.1,-9.702649915000972,37.0,1.5941798498123327,34.321502936957636
random3,-0.1,-9.702649915000972,40.0,1.6538572560653921,37.96792920743112
random3,-0.1,-9.702649915000972,43.0,1.61696025419311,37.36513439659594
random3,-0.1,-9.702649915000972,45.0,1.4108507028887178,43.52589200017834
random3,-0.1,-9.702649915000972,47.0,0.4030595936414169,21.3527669118743
random3,-0.1,-9.702649915000972,50.0,0.0010263453305057668,6.731073044915688
random3,-0.05,-9.736148038278682,15.0,0.0,
random3,-0.05,-9.736148038278682,20.0,0.11895104550921082,5.357928319822653
random3,-0.05,-9.736148038278682,25.0,0.5307019874387524,11.88528451698744
random3,-0.05,-9.736148038278682,27.0,0.8168189588768682,18.125652599242667
random3,-0.05,-9.736148038278682,30.0,1.1945309929642607,23.420174531153087
random3,-0.05,-9.736148038278682,35.0,1.5252674828776756,30.753147236176815
random3,-0.05,-9.736148038278682,37.0,1.5957838859261304,34.420478161651474
random3,-0.05,-9.736148038278682,40.0,1.6550429217475384,38.0575331351723
random3,-0.05,-9.736148038278682,43.0,1.6169489491100977,37.391628635636955
random3,-0.05,-9.736148038278682,45.0,1.409879555863813,43.801883971087975
random3,-0.05,-9.736148038278682,47.0,0.39200184923481446,21.083846967329027
random3,-0.05,-9.736148038278682,50.0,0.0010334491330104805,6.770512166889211
random3,0.0,-9.778832777439442,15.0,0.0,
random3,0.0,-9.778832777439442,20.0,0.11834294554443253,5.361107214410037
random3,0.0,-9.778832777439442,25.0,0.532543802270648,11.935151350736097
random3,0.0,-9.778832777439442,27.0,0.8216112608677085,18.197831158931137
random3,0.0,-9.778832777439442,30.0,1.196704095074697,23.456076446998143
random3,0.0,-9.778832777439442,35.0,1.526831668346877,30.8498131098087
random3,0.0,-9.778832777439442,37.0,1.5971836562400126,34.51419861282276
random3,0.0,-9.778832777439442,40.0,1.6562052344531948,38.14599875072689
random3,0.0,-9.778832777439442,43.0,1.6168964144917108,37.41597020263076
random3,0.0,-9.778832777439442,45.0,1.4088748931669104,43.93948842422541
random3,0.0,-9.778832777439442,47.0,0.38112494249750395,20.74581553250344
random3,0.0,-9.778832777439442,50.0,0.0010405137263009346,6.810053065922612
random3,0.05,-9.82927645574356,15.0,0.0,
random3,0.05,-9.82927645574356,20.0,0.11770801160563993,5.366561205420376
random3,0.05,-9.82927645574356,25.0,0.5343575581770502,11.981343111411054
random3,0.05,-9.82927645574356,27.0,0.8263352373682797,18.26927957856637
random3,0.05,-9.82927645574356,30.0,1.1993375566621136,23.236427864043126
random3,0.05,-9.82927645574356,35.0,1.528372740542189,30.9454851541813
random3,0.05,-9.82927645574356,37.0,1.5985633649356235,34.607038712277394
random3,0.05,-9.82927645574356,40.0,1.6573438671704048,38.2333103404469
random3,0.05,-9.82927645574356,43.0,1.6168020487325157,37.438127971025224
random3,0.05,-9.82927645574356,45.0,1.408004637924899,44.85312395416142
random3,0.05,-9.82927645574356,47.0,0.3703287061213445,20.417158874312545
random3,0.05,-9.82927645574356,50.0,0.0010475342589538184,6.849695900202329
random3,0.1,-9.89111145420948,15.0,0.0,
random3,0.1,-9.89111145420948,20.0,0.1170465917832481,5.371236199192263
random3,0.1,-9.89111145420948,25.0,0.5361426383574022,12.029847562799091
random3,0.1,-9.89111145420948,27.0,0.8311221774721551,18.325709410084983
random3,0.1,-9.89111145420948,30.0,1.2019425654577423,23.280281197327263
random3,0.1,-9.89111145420948,35.0,1.5298911444389482,31.0401863698595
random3,0.1,-9.89111145420948,37.0,1.5999229135994475,34.6989950094047
random3,0.1,-9.89111145420948,40.0,1.6584584906338895,38.31945208160646
random3,0.1,-9.89111145420948,43.0,1.6166652468116522,37.458070638414554
random3,0.1,-9.89111145420948,45.0,1.4070998057010484,44.88076649643248
random3,0.1,-9.89111145420948,47.0,0.35966964619154884,20.04842126303846
random3,0.1,-9.89111145420948,50.0,0.0010545056650897696,6.88944076719982
random3,0.15000000000000002,-9.956130546948504,15.0,0.0,
random3,0.15000000000000002,-9.956130546948504,20.0,0.1163590297950344,5.375143023098736
random3,0.15000000000000002,-9.956130546948504,25.0,0.5381087327084273,12.081763752210348
random3,0.15000000000000002,-9.956130546948504,27.0,0.8361210173876533,18.38623354691124
random3,0.15000000000000002,-9.956130546948504,30.0,1.2044178439713868,23.32236664107591
random3,0.15000000000000002,-9.956130546948504,35.0,1.5313872471986336,31.133935974065537
random3,0.15000000000000002,-9.956130546948504,37.0,1.601262185666576,34.790063161320106
random3,0.15000000000000002,-9.956130546948504,40.0,1.659548773442934,38.404408048565756
random3,0.15000000000000002,-9.956130546948504,43.0,1.6164854003754192,37.47576673096188
random3,0.15000000000000002,-9.956130546948504,45.0,1.4061416197693664,44.90934452983051
random3,0.15000000000000002,-9.956130546948504,47.0,0.3492150560103802,19.9468693344604
random3,0.15000000000000002,-9.956130546948504,50.0,0.0010614226584811529,6.9292880196752025
random3,0.2,-10.028486737820282,15.0,0.0,
random3,0.2,-10.028486737820282,20.0,0.11564566478820477,5.3782918071029
random3,0.2,-10.028486737820282,25.0,0.5404283223777011,12.140154774873649
random3,0.2,-10.028486737820282,27.0,0.8411372751655088,18.462279660110138
random3,0.2,-10.028486737820282,30.0,1.2067776085862045,23.36288633630219
random3,0.2,-10.028486737820282,35.0,1.5328634459997914,31.226852047611597
random3,0.2,-10.028486737820282,37.0,1.6025810481464697,34.8802380183093
random3,0.2,-10.028486737820282,40.0,1.6606143821753854,38.48816221846528
random3,0.2,-10.028486737820282,43.0,1.6168341486260858,37.52230460732879
random3,0.2,-10.028486737820282,45.0,1.4051318461301634,44.935820982604
random3,0.2,-10.028486737820282,47.0,0.33896537657892856,19.642941639506642
random3,0.2,-10.028486737820282,50.0,0.0010682797267896511,6.969238421016003
random3,0.25,-10.10715061742917,15.0,0.0,
random3,0.25,-10.10715061742917,20.0,0.11490683116924254,5.3806917820176645
random3,0.25,-10.10715061742917,25.0,0.5426980114383382,12.197623843256713
random3,0.25,-10.10715061742917,27.0,0.8465780335334518,18.1746209161047
random3,0.25,-10.10715061742917,30.0,1.2090337866642566,23.40200987606879
random3,0.25,-10.10715061742917,35.0,1.5343176899651685,31.318836066498424
random3,0.25,-10.10715061742917,37.0,1.6038793531704405,34.96951370045076
random3,0.25,-10.10715061742917,40.0,1.661655541710516,38.570727959806035
random3,0.25,-10.10715061742917,43.0,1.617231821096648,37.57117350121592
random3,0.25,-10.10715061742917,45.0,1.4040722546308084,44.96351489378365
random3,0.25,-10.10715061742917,47.0,0.3289201416159907,19.34016403894922
random3,0.25,-10.10715061742917,50.0,0.0010754985186940593,7.009312576219259
random3,0.30000000000000004,-10.175300889181774,15.0,0.0,
random3,0.30000000000000004,-10.175300889181774,20.0,0.11414285845970858,5.382350988228609
random3,0.30000000000000004,-10.175300889181774,25.0,0.5448826407331442,12.253429128373888
random3,0.30000000000000004,-10.175300889181774,27.0,0.8497280974648466,18.223916012180464
random3,0.30000000000000004,-10.175300889181774,30.0,1.211196422503927,23.43988006116571
random3,0.30000000000000004,-10.175300889181774,35.0,1.5357501861166447,31.40989946776792
random3,0.30000000000000004,-10.175300889181774,37.0,1.6051569393813068,35.05788366642632
random3,0.30000000000000004,-10.175300889181774,40.0,1.6626716061305633,38.65207282142356
random3,0.30000000000000004,-10.175300889181774,43.0,1.6175893992667942,37.61838812682512
random3,0.30000000000000004,-10.175300889181774,45.0,1.4029646169068792,44.99238280736849
random3,0.30000000000000004,-10.175300889181774,47.0,0.31908067495260645,19.156272467006858
random3,0.30000000000000004,-10.175300889181774,50.0,0.0010842971460365291,7.049568762035357
random3,0.35000000000000003,-10.241214266770115,15.0,0.0,
random3,0.35000000000000003,-10.241214266770115,20.0,0.11335407117637838,5.3832758423215274
random3,0.35000000000000003,-10.241214266770115,25.0,0.5469876674734377,12.307413373398596
random3,0.35000000000000003,-10.241214266770115,27.0,0.8518287078698445,18.25911040085977
random3,0.35000000000000003,-10.241214266770115,30.0,1.2132740054440332,23.47661754864803
random3,0.35000000000000003,-10.241214266770115,35.0,1.5371610928893933,31.50005132855006
random3,0.35000000000000003,-10.241214266770115,37.0,1.6064022015700412,35.14710705017806
random3,0.35000000000000003,-10.241214266770115,40.0,1.6636619364028284,38.73216472329336
random3,0.35000000000000003,-10.241214266770115,43.0,1.6179062021811992,37.663486129428485
random3,0.35000000000000003,-10.241214266770115,45.0,1.401875556384995,45.29481790245369
random3,0.35000000000000003,-10.241214266770115,47.0,0.3094091410461764,18.849907102580854
random3,0.35000000000000003,-10.241214266770115,50.0,0.0010931254374242632,7.089935755670771
random3,0.4,-10.307471462216771,15.0,0.0,
random3,0.4,-10.307471462216771,20.0,0.11254078873412689,5.383470470214845
random3,0.4,-10.307471462216771,25.0,0.5500323750213518,12.042337591197901
random3,0.4,-10.307471462216771,27.0,0.8536727973567589,18.291061083014046
random3,0.4,-10.307471462216771,30.0,1.2152737360244663,23.512324618248535
random3,0.4,-10.307471462216771,35.0,1.5385505250589655,31.589298606048413
random3,0.4,-10.307471462216771,37.0,1.6076096010702297,35.23802949047282
random3,0.4,-10.307471462216771,40.0,1.6646261929614046,38.810987354185635
random3,0.4,-10.307471462216771,43.0,1.618181542925334,37.70643181114333
random3,0.4,-10.307471462216771,45.0,1.4008091594433498,45.547730968760995
random3,0.4,-10.307471462216771,47.0,0.2999290547099807,18.53768905062663
random3,0.4,-10.307471462216771,50.0,0.001101981243696059,7.130414855716002
random3,0.45,-10.37564964021412,15.0,0.0,
random3,0.45,-10.37564964021412,20.0,0.11170332536992232,5.382935641648068
random3,0.45,-10.37564964021412,25.0,0.5536291368019752,12.101874683936728
random3,0.45,-10.37564964021412,27.0,0.8553048970489742,18.32026270899654
random3,0.45,-10.37564964021412,30.0,1.2172017426731432,23.54708823297248
random3,0.45,-10.37564964021412,35.0,1.539918558778834,31.677646382889915
random3,0.45,-10.37564964021412,37.0,1.6087960533670012,35.328005296234174
random3,0.45,-10.37564964021412,40.0,1.665564034721365,38.88852433127251
random3,0.45,-10.37564964021412,43.0,1.6184147286354738,37.7471891599798
random3,0.45,-10.37564964021412,45.0,1.3999211398997655,45.95880008550246
random3,0.45,-10.37564964021412,47.0,0.2906598290163205,18.23226017381302
random3,0.45,-10.37564964021412,50.0,0.0011113473077438373,7.171030092594301
random3,0.5,-10.43532690487547,15.0,0.0,
random3,0.5,-10.43532690487547,20.0,0.110841990086551,5.3816669985597345
random3,0.5,-10.43532690487547,25.0,0.5571371476623017,12.171857160071747
random3,0.5,-10.43532690487547,27.0,0.8567606818274384,18.34711332326702
random3,0.5,-10.43532690487547,30.0,1.2190632587377004,23.580982531708514
random3,0.5,-10.43532690487547,35.0,1.5412652359720271,31.765098081033152
random3,0.5,-10.43532690487547,37.0,1.609961358968014,35.417025904589416
random3,0.5,-10.43532690487547,40.0,1.6664751191730942,38.964759204888686
random3,0.5,-10.43532690487547,43.0,1.6186050605129976,37.78572185056402
random3,0.5,-10.43532690487547,45.0,1.3992246414535496,46.444700278618164
random3,0.5,-10.43532690487547,47.0,0.28160613835127096,18.67137562587031
random3,0.5,-10.43532690487547,50.0,0.001120864691526766,7.211766319688231
random3,0.55,-10.511069046693795,15.0,0.0,
random3,0.55,-10.511069046693795,20.0,0.1099570866144368,5.379651954338656
random3,0.55,-10.511069046693795,25.0,0.5604350797286244,12.244044747576796
random3,0.55,-10.511069046693795,27.0,0.8580616350667905,18.371910294518173
random3,0.55,-10.511069046693795,30.0,1.2208627676186976,23.614518291055965
random3,0.55,-10.511069046693795,35.0,1.5425421893286788,31.850530395005624
random3,0.55,-10.511069046693795,37.0,1.6111053096284318,35.50508231704327
random3,0.55,-10.511069046693795,40.0,1.6673591024725163,39.03967546319233
random3,0.55,-10.511069046693795,43.0,1.6187519625182023,37.82200024263794
random3,0.55,-10.511069046693795,45.0,1.3985627762814898,46.44764580891353
random3,0.55,-10.511069046693795,47.0,0.2727650263740419,18.36283336858942
random3,0.55,-10.511069046693795,50.0,0.0011304367240238735,7.252620601053016
random3,0.6000000000000001,-10.588399107645298,15.0,0.0,
random3,0.6000000000000001,-10.588399107645298,20.0,0.10904891339034506,5.376863938147117
random3,0.6000000000000001,-10.588399107645298,25.0,0.5635173122607766,12.312398319893068
random3,0.6000000000000001,-10.588399107645298,27.0,0.8592256919349692,18.39490214891845
random3,0.6000000000000001,-10.588399107645298,30.0,1.2226041221590827,23.64693144242948
random3,0.6000000000000001,-10.588399107645298,35.0,1.5436702810902514,31.932126522868597
random3,0.6000000000000001,-10.588399107645298,37.0,1.6122276891409586,35.59216513939398
random3,0.6000000000000001,-10.588399107645298,40.0,1.6682156395283652,39.11325653671371
random3,0.6000000000000001,-10.588399107645298,43.0,1.6188546768945444,37.85598482316833
random3,0.6000000000000001,-10.588399107645298,45.0,1.3978503488262943,46.44960868131009
random3,0.6000000000000001,-10.588399107645298,47.0,0.2641332677962734,18.080514903236818
random3,0.6000000000000001,-10.588399107645298,50.0,0.0011400623372918978,7.293594718975478
random3,0.65,-10.671579994193628,15.0,0.0,
random3,0.65,-10.671579994193628,20.0,0.10811776355160779,5.373250879041454
random3,0.65,-10.671579994193628,25.0,0.5666192825686449,14.226330499271638
random3,0.65,-10.671579994193628,27.0,0.8602678919066616,18.416297477217167
random3,0.65,-10.671579994193628,30.0,1.2242906431875673,23.67922889056781
random3,0.65,-10.671579994193628,35.0,1.5447791177244745,32.012907201725106
random3,0.65,-10.671579994193628,37.0,1.613328274051239,35.67826461788083
random3,0.65,-10.671579994193628,40.0,1.6690443840855897,39.18833762859821
random3,0.65,-10.671579994193628,43.0,1.6189124303792681,37.88763524507653
random3,0.65,-10.671579994193628,45.0,1.3970876724156462,46.44979578454297
random3,0.65,-10.671579994193628,47.0,0.2557090906707751,17.831640686231662
random3,0.65,-10.671579994193628,50.0,0.0011497403761770958,7.334690435114933
random3,0.7000000000000001,-10.751025777143694,15.0,0.0,
random3,0.7000000000000001,-10.751025777143694,20.0,0.10716392494440627,5.368709869967848
random3,0.7000000000000001,-10.751025777143694,25.0,0.5695513363339461,14.311108280883287
random3,0.7000000000000001,-10.751025777143694,27.0,0.8612008993159623,18.43627109713225
random3,0.7000000000000001,-10.751025777143694,30.0,1.225925201126078,23.71029388102216
random3,0.7000000000000001,-10.751025777143694,35.0,1.5458686332029512,32.092870598770794
random3,0.7000000000000001,-10.751025777143694,37.0,1.6144068343071774,35.76337067200371
random3,0.7000000000000001,-10.751025777143694,40.0,1.669844988805187,39.259148140431996
random3,0.7000000000000001,-10.751025777143694,43.0,1.6189245003240857,37.91691392292642
random3,0.7000000000000001,-10.751025777143694,45.0,1.3962781425922874,46.44752243251436
random3,0.7000000000000001,-10.751025777143694,47.0,0.24749097807289988,17.595917478362068
random3,0.7000000000000001,-10.751025777143694,50.0,0.0011594695936705851,7.375909711612453
random3,0.75,-10.831672866098286,15.0,0.0,
random3,0.75,-10.831672866098286,20.0,0.10618768014519897,5.363023797480597
random3,0.75,-10.831672866098286,25.0,0.5723084804117297,14.387472400110257
random3,0.75,-10.831672866098286,27.0,0.8620354240189912,18.454971392820873
random3,0.75,-10.831672866098286,30.0,1.2275162043583563,23.739444207672296
random3,0.75,-10.831672866098286,35.0,1.5469387428128862,32.172013962651306
random3,0.75,-10.831672866098286,37.0,1.6154631338493781,35.84747292435907
random3,0.75,-10.831672866098286,40.0,1.6706171053408512,39.32857440654648
random3,0.75,-10.831672866098286,43.0,1.6188901582910913,37.94378296554656
random3,0.75,-10.831672866098286,45.0,1.3954478882947603,46.461680211146856
random3,0.75,-10.831672866098286,47.0,0.2394772940518937,17.36750913969128
random3,0.75,-10.831672866098286,50.0,0.0011692486460346408,7.417254419170706
random3,0.8,-10.913301238351167,15.0,0.0,
random3,0.8,-10.913301238351167,20.0,0.10518930649393392,5.355671131298851
random3,0.8,-10.913301238351167,25.0,0.5748933290201951,14.420210180685139
random3,0.8,-10.913301238351167,27.0,0.8627805587841125,18.47252439629751
random3,0.8,-10.913301238351167,30.0,1.2290658965220491,23.769399213442473
random3,0.8,-10.913301238351167,35.0,1.5479893450631368,32.250333717874845
random3,0.8,-10.913301238351167,37.0,1.616496931149473,35.93056072786051
random3,0.8,-10.913301238351167,40.0,1.6713603844115001,39.396599652731915
random3,0.8,-10.913301238351167,43.0,1.618808670103226,37.968204178727284
random3,0.8,-10.913301238351167,45.0,1.3945719790833646,46.45048582147221
random3,0.8,-10.913301238351167,47.0,0.23166620829659695,17.137781647784198
random3,0.8,-10.913301238351167,50.0,0.0011790760877298176,7.458726072935758
random3,0.8500000000000001,-10.988538068720384,15.0,0.0,
random3,0.8500000000000001,-10.988538068720384,20.0,0.10416907613802566,5.345064368162455
random3,0.8500000000000001,-10.988538068720384,25.0,0.5772959253442931,14.371727633331435
random3,0.8500000000000001,-10.988538068720384,27.0,0.8634440532243128,18.489037574528115
random3,0.8500000000000001,-10.988538068720384,30.0,1.2305697510345495,23.79878534999541
random3,0.8500000000000001,-10.988538068720384,35.0,1.5490203233665798,32.32782554813179
random3,0.8500000000000001,-10.988538068720384,37.0,1.6175079797018441,36.012623190588634
random3,0.8500000000000001,-10.988538068720384,40.0,1.6720431399725575,39.459929049924575
random3,0.8500000000000001,-10.988538068720384,43.0,1.6186792959030387,37.99013906837418
random3,0.8500000000000001,-10.988538068720384,45.0,1.3936344842718575,46.432326582516936
random3,0.8500000000000001,-10.988538068720384,47.0,0.22405612195464017,17.261929081251818
random3,0.8500000000000001,-10.988538068720384,50.0,0.0011889503660184153,7.500327150133171
random3,0.9,-11.073857028518942,15.0,0.0,
random3,0.9,-11.073857028518942,20.0,0.1031272560860908,5.323207767606782
random3,0.9,-11.073857028518942,25.0,0.5795601407637787,14.323607345818862
random3,0.9,-11.073857028518942,27.0,0.8640325367404689,18.504602910531652
random3,0.9,-11.073857028518942,30.0,1.2320294583134888,23.827627057319237
random3,0.9,-11.073857028518942,35.0,1.550031547527973,32.40448447000695
random3,0.9,-11.073857028518942,37.0,1.6184960284743395,36.09364919859178
random3,0.9,-11.073857028518942,40.0,1.6726493503054503,39.51961288777846
random3,0.9,-11.073857028518942,43.0,1.6185012902194182,38.00954884410588
random3,0.9,-11.073857028518942,45.0,1.3926261728625309,46.42918769324185
random3,0.9,-11.073857028518942,47.0,0.21664333090731835,16.939950909504184
random3,0.9,-11.073857028518942,50.0,0.0011988698154255298,7.542059456308981
random3,0.9500000000000001,-11.236655479478872,15.0,0.0,
random3,0.9500000000000001,-11.236655479478872,20.0,0.10209068013023588,3.8660250190760928
random3,0.9500000000000001,-11.236655479478872,25.0,0.5817010567214207,14.275823609129406
random3,0.9500000000000001,-11.236655479478872,27.0,0.8645517007269672,18.519299420202
random3,0.9500000000000001,-11.236655479478872,30.0,1.233446496361152,23.85594574582568
random3,0.9500000000000001,-11.236655479478872,35.0,1.551014138046999,32.48154721530494
random3,0.9500000000000001,-11.236655479478872,37.0,1.6194608223216775,36.17362743678898
random3,0.9500000000000001,-11.236655479478872,40.0,1.673226372976434,39.579962516565395
random3,0.9500000000000001,-11.236655479478872,43.0,1.6182739020439492,38.0263944233576
random3,0.9500000000000001,-11.236655479478872,45.0,1.3915507478693139,46.426710215667555
random3,0.9500000000000001,-11.236655479478872,47.0,0.20942529090422057,16.559346927876607
random3,0.9500000000000001,-11.236655479478872,50.0,0.0012088326518611872,7.583925144714208
random3,1.0,-11.319484561381225,15.0,0.0,
random3,1.0,-11.319484561381225,20.0,0.10110012273121488,3.863211211058739
random3,1.0,-11.319484561381225,25.0,0.5837313880009322,14.228354708903678
random3,1.0,-11.319484561381225,27.0,0.8650064480941388,18.53319521684939
random3,1.0,-11.319484561381225,30.0,1.2348211431464426,23.883672503012622
random3,1.0,-11.319484561381225,35.0,1.5519575397058603,32.56050791933893
random3,1.0,-11.319484561381225,37.0,1.620402102366741,36.252546408262255
random3,1.0,-11.319484561381225,40.0,1.6737743027211376,39.638957131186416
random3,1.0,-11.319484561381225,43.0,1.6179963749167694,38.04063643603027
random3,1.0,-11.319484561381225,45.0,1.390409886260241,46.42253766210301
random3,1.0,-11.319484561381225,47.0,0.20239835225918543,16.35960421511918
random3,1.0,-11.319484561381225,50.0,0.0012188369665036317,7.625926195287795
