{
  "model": "gecko:M_eciML1515_batch_v2021__45__02__45__28__45__17__45__52",
  "nominal": {
    "Topt_C": 37.0,
    "rmax": 0.5710940456135702,
    "CTmin_C": 18.744739650199225,
    "CTmax_C": 56.80033519654778,
    "niche_width_C": 38.055595546348556,
    "B80_C": 11.25889949185482,
    "Ea_eV": 1.254069294248298,
    "Ea_kJmol": 120.99887585554704,
    "skewness": 0.07002767623596785
  },
  "descriptor_medians": {
    "Topt_C": 37.0,
    "rmax": 0.5207653813018909,
    "CTmin_C": 20.553895994055356,
    "CTmax_C": 56.093872248261974,
    "niche_width_C": 33.79350197537832,
    "B80_C": 9.987525432145867,
    "Ea_eV": 1.4257742185281241,
    "Ea_kJmol": 137.56582547468605,
    "skewness": 0.05459521171932521
  }
}