rxn_id,Topt,Tm,Length,T90,dCpt,source,best_gene
R07054__cyto,301.026112,329.344746,565,,-4000.0,seq2topt_seq2tm,CPAR2_500140
R00894__cyto,304.481935,325.108549,777,,-4000.0,seq2topt_seq2tm,CPAR2_208390
TO0000182_CYTMEM__plas,308.041977,327.395645,462,,-4000.0,seq2topt_seq2tm,CPAR2_402410
R01853__pero,312.899697,327.554789,661,,-4000.0,seq2topt_seq2tm,CPAR2_104430
R03936__cyto,309.788925,327.945748,461,,-4000.0,seq2topt_seq2tm,CPAR2_207220
R02354__cyto,301.026112,329.344746,565,,-4000.0,seq2topt_seq2tm,CPAR2_500140
R00658__cyto,312.04497,328.114697,439,,-4000.0,seq2topt_seq2tm,CPAR2_207210
R00763__cyto,305.89424,326.681075,1022,,-4000.0,seq2topt_seq2tm,CPAR2_301740
R01220__cyto,314.854988,330.967417,946,,-4000.0,seq2topt_seq2tm,CPAR2_204710
R08657__mito,302.260111,327.482942,650,,-4000.0,seq2topt_seq2tm,CPAR2_501330
TR0015529_CYTMEM__plas,306.798491,327.35686,694,,-4000.0,median,
R06520__mito,322.981395,329.687354,259,,-4000.0,seq2topt_seq2tm,CPAR2_207800
R04355__cyto,306.798491,327.35686,1966,,-4000.0,median,
TR0002803_CYTMEM__plas,306.798491,327.35686,694,,-4000.0,median,
R04591__cyto,309.178279,329.96386,295,,-4000.0,seq2topt_seq2tm,CPAR2_500190
R02485__cyto,305.257319,343.48549,148,,-4000.0,seq2topt_seq2tm,CPAR2_302050
TO1002511_CYTMEM__plas,300.437986,325.474682,625,,-4000.0,seq2topt_seq2tm,CPAR2_209780
R00527__cyto,311.698987,330.801132,284,,-4000.0,seq2topt_seq2tm,CPAR2_701120
TR0011839_CYTMEM__plas,306.798491,327.35686,694,,-4000.0,median,
TR2901157_CYTMEM__plas,306.798491,327.35686,324,,-4000.0,median,
R01351__cyto,306.798491,327.35686,305,,-4000.0,median,
TR2900096_CYTMEM__plas,289.73807,327.162448,303,,-4000.0,seq2topt_seq2tm,CPAR2_404540
R00489__cyto,310.100802,325.83712,563,,-4000.0,seq2topt_seq2tm,CPAR2_804600
TR0011423_CYTMEM__plas,306.798491,327.35686,962,,-4000.0,median,
TO1000438_CYTMEM__plas,300.437986,325.474682,625,,-4000.0,seq2topt_seq2tm,CPAR2_209780
R00848__mito,302.260111,327.482942,650,,-4000.0,seq2topt_seq2tm,CPAR2_501330
R07895__cyto,304.679514,330.082127,394,,-4000.0,seq2topt_seq2tm,CPAR2_212970
TR0000517_CYTMEM__plas,306.798491,327.35686,591,,-4000.0,median,
R01072__cyto,316.372586,334.279886,529,,-4000.0,seq2topt_seq2tm,CPAR2_208260
R02464__cyto,311.170506,329.785374,584,,-4000.0,seq2topt_seq2tm,CPAR2_806890
TR1000009_CYTMEM__plas,306.798491,327.35686,560,,-4000.0,median,
R00548__cyto,309.156625,329.329839,168,,-4000.0,seq2topt_seq2tm,CPAR2_804710
R00768__cyto,308.957,324.395779,715,,-4000.0,seq2topt_seq2tm,CPAR2_405140
R04891__cyto,310.550465,329.529211,501,,-4000.0,seq2topt_seq2tm,CPAR2_203980
TR1000310_CYTMEM__plas,312.109901,328.904185,512,,-4000.0,seq2topt_seq2tm,CPAR2_203510
R00243__cyto,307.033038,326.686165,1055,,-4000.0,seq2topt_seq2tm,CPAR2_104190
TO1000249_CYTMEM__plas,300.437986,325.474682,625,,-4000.0,seq2topt_seq2tm,CPAR2_209780
R03293__cyto,310.715482,334.444603,272,,-4000.0,seq2topt_seq2tm,CPAR2_402200
TR0015316_CYTMEM__plas,306.798491,327.35686,694,,-4000.0,median,
R08657__cyto,302.260111,327.482942,650,,-4000.0,seq2topt_seq2tm,CPAR2_501330
TR2901123_CYTMEM__plas,296.007288,327.839896,341,,-4000.0,seq2topt_seq2tm,CPAR2_406100
R02480__cyto,306.798491,327.35686,277,,-4000.0,median,
R04639__cyto,301.344927,326.80954,272,,-4000.0,seq2topt_seq2tm,CPAR2_101130
TR0013385_CYTMEM__plas,306.798491,327.35686,694,,-4000.0,median,
R12120__mito,301.740825,327.465257,522,,-4000.0,seq2topt_seq2tm,CPAR2_303740
TR0012660_CYTMEM__plas,306.798491,327.35686,420,,-4000.0,median,
TR2900814_CYTMEM__plas,293.748031,329.758397,377,,-4000.0,seq2topt_seq2tm,CPAR2_406070
TR2000161_CYTMEM__plas,311.637371,325.961623,1087,,-4000.0,seq2topt_seq2tm,CPAR2_703450
TO1002738_CYTMEM__plas,300.857505,325.477311,565,,-4000.0,seq2topt_seq2tm,CPAR2_201900
R03657__cyto,330.913395,333.382288,151,,-4000.0,seq2topt_seq2tm,CPAR2_101390
TR2000015_CYTMEM__plas,306.798491,327.35686,353,,-4000.0,median,
TR0011829_CYTMEM__plas,306.798491,327.35686,694,,-4000.0,median,
R01466__cyto,314.649145,328.283653,503,,-4000.0,seq2topt_seq2tm,CPAR2_304350
R03652__cyto,303.036171,325.194332,804,,-4000.0,seq2topt_seq2tm,CPAR2_301040
R02295__cyto,307.017463,331.109622,306,,-4000.0,seq2topt_seq2tm,CPAR2_103240
TR2000017_CYTMEM__plas,306.798491,327.35686,276,,-4000.0,median,
R00937__cyto,304.016618,330.851319,141,,-4000.0,seq2topt_seq2tm,CPAR2_704170
R00717__cyto,306.141146,326.51616,364,,-4000.0,seq2topt_seq2tm,CPAR2_207700
R09419__cyto,299.064853,325.737187,357,,-4000.0,seq2topt_seq2tm,CPAR2_807310
R02874__cyto,299.927208,329.380992,485,,-4000.0,seq2topt_seq2tm,CPAR2_210480
R02359__cyto,312.54109,329.333642,551,,-4000.0,seq2topt_seq2tm,CPAR2_301880
R00248__cyto,306.798491,327.35686,2128,,-4000.0,median,CPAR2_206810
R01372__cyto,304.13583,325.34245,556,,-4000.0,seq2topt_seq2tm,CPAR2_104630
TR2900231_CYTMEM__plas,297.104886,328.070626,382,,-4000.0,seq2topt_seq2tm,CPAR2_103870
R02003__cyto,310.76516,329.560778,350,,-4000.0,seq2topt_seq2tm,CPAR2_103950
R04955__cyto,306.798491,327.35686,2047,,-4000.0,median,
R00674__cyto,311.072387,327.088985,188,,-4000.0,seq2topt_seq2tm,CPAR2_501440
R02849__cyto,302.874598,328.239587,473,,-4000.0,seq2topt_seq2tm,CPAR2_204260
R02413__cyto,304.95027,326.823923,1557,,-4000.0,seq2topt_seq2tm,CPAR2_400020
R01801_Cyto__cyto,306.511216,323.490134,568,,-4000.0,seq2topt_seq2tm,CPAR2_805350
R01398__cyto,311.491148,325.997767,349,,-4000.0,seq2topt_seq2tm,CPAR2_601520
TR2901159_CYTMEM__plas,296.007288,327.839896,341,,-4000.0,seq2topt_seq2tm,CPAR2_406100
R04208__cyto,315.336087,332.210013,793,,-4000.0,seq2topt_seq2tm,CPAR2_208400
R10949__cyto,306.798491,327.35686,2208,,-4000.0,median,CPAR2_203160
TI6900005_CYTMEM__plas,307.999734,326.186386,155,,-4000.0,seq2topt_seq2tm,CPAR2_109970
TO0000924_CYTMEM__plas,316.20606,331.455848,420,,-4000.0,seq2topt_seq2tm,CPAR2_107960
R01030__cyto,300.572065,324.919304,1270,,-4000.0,seq2topt_seq2tm,CPAR2_803790
TR1000388_CYTMEM__plas,307.852742,329.776093,516,,-4000.0,seq2topt_seq2tm,CPAR2_203500
TR0011455_CYTMEM__plas,306.798491,327.35686,658,,-4000.0,median,
R03416__cyto,306.798491,327.35686,747,,-4000.0,median,
TR2900858_CYTMEM__plas,293.186436,328.34231,289,,-4000.0,seq2topt_seq2tm,CPAR2_600780
R00763__mito,305.89424,326.681075,1022,,-4000.0,seq2topt_seq2tm,CPAR2_301740
R08551__cyto,306.798491,327.35686,681,,-4000.0,median,
R02722__cyto,311.072387,327.088985,188,,-4000.0,seq2topt_seq2tm,CPAR2_501440
TR2900990_CYTMEM__plas,296.007288,327.839896,341,,-4000.0,seq2topt_seq2tm,CPAR2_406100
R00220__pero,303.312746,326.163742,442,,-4000.0,seq2topt_seq2tm,CPAR2_304120
TR2900267_CYTMEM__plas,297.104886,328.070626,382,,-4000.0,seq2topt_seq2tm,CPAR2_103870
R02739__cyto,304.202885,326.679233,549,,-4000.0,seq2topt_seq2tm,CPAR2_204880
TR2901179_CYTMEM__plas,307.653722,329.079679,603,,-4000.0,seq2topt_seq2tm,CPAR2_700120
R01157__cyto,313.23546,326.348886,367,,-4000.0,seq2topt_seq2tm,CPAR2_602270
R01330__cyto,302.874598,328.239587,473,,-4000.0,seq2topt_seq2tm,CPAR2_204260
R00227__cyto,306.230571,325.56062,520,,-4000.0,seq2topt_seq2tm,CPAR2_101620
R01220__mito,314.854988,330.967417,946,,-4000.0,seq2topt_seq2tm,CPAR2_204710
R12205__mito,301.826498,326.760957,432,,-4000.0,seq2topt_seq2tm,CPAR2_801860
TR1000121_CYTMEM__plas,296.774618,329.47199,553,,-4000.0,seq2topt_seq2tm,CPAR2_210080
R01787__cyto,311.919243,328.782609,317,,-4000.0,seq2topt_seq2tm,CPAR2_101350
TR1900010_CYTMEM__plas,306.798491,327.35686,554,,-4000.0,median,
TR2900277_CYTMEM__plas,292.155382,326.846972,294,,-4000.0,seq2topt_seq2tm,CPAR2_805840
TR2900030_CYTMEM__plas,294.366313,328.020641,333,,-4000.0,seq2topt_seq2tm,CPAR2_211030
R01288__cyto,323.961882,325.530818,581,,-4000.0,seq2topt_seq2tm,CPAR2_110340
R07396__cyto,313.551013,326.910391,518,,-4000.0,seq2topt_seq2tm,CPAR2_500520
R04566__cyto,306.798491,327.35686,1112,,-4000.0,median,
R03036__cyto,304.92922,327.027681,192,,-4000.0,seq2topt_seq2tm,CPAR2_303020
R08162__cyto,306.798491,327.35686,2047,,-4000.0,median,
TO0010516_PLAS__plas,302.392437,327.528337,406,,-4000.0,seq2topt_seq2tm,CPAR2_805630
R01960__cyto,297.069511,330.498007,460,,-4000.0,seq2topt_seq2tm,CPAR2_504050
R11216__cyto,306.798491,327.35686,459,,-4000.0,median,
TR0000111_CYTMEM__plas,314.290115,325.065777,945,,-4000.0,seq2topt_seq2tm,CPAR2_807910
TR2900287_CYTMEM__plas,292.155382,326.846972,294,,-4000.0,seq2topt_seq2tm,CPAR2_805840
TR2900308_CYTMEM__plas,295.471358,328.913787,303,,-4000.0,seq2topt_seq2tm,CPAR2_303940
TR0000090_CYTMEM__plas,306.798491,327.35686,711,,-4000.0,median,
R01274__pero,303.622251,327.483729,296,,-4000.0,seq2topt_seq2tm,CPAR2_209830
TR0001563_CYTMEM__plas,302.918527,326.226565,328,,-4000.0,seq2topt_seq2tm,CPAR2_803540
R01051__cyto,319.00517,326.710883,311,,-4000.0,seq2topt_seq2tm,CPAR2_201350
R00974__cyto,307.508751,330.887064,160,,-4000.0,seq2topt_seq2tm,CPAR2_602820
R03661__cyto,307.919869,325.011382,682,,-4000.0,seq2topt_seq2tm,CPAR2_703820
R11764__cyto,311.919243,328.782609,317,,-4000.0,seq2topt_seq2tm,CPAR2_101350
TR0000559_CYTMEM__plas,309.892297,325.310662,1163,,-4000.0,seq2topt_seq2tm,CPAR2_105400
R00278__cyto,303.696978,326.008216,257,,-4000.0,seq2topt_seq2tm,CPAR2_204180
R04430__cyto,306.798491,327.35686,1178,,-4000.0,median,
TR1000157_CYTMEM__plas,296.692821,331.038335,541,,-4000.0,seq2topt_seq2tm,CPAR2_108350
R02558__cyto,331.791343,325.91168,906,,-4000.0,seq2topt_seq2tm,CPAR2_200980
R02017__cyto,306.798491,327.35686,707,,-4000.0,median,
TR2916905_CYTMEM__plas,294.427614,327.438626,342,,-4000.0,seq2topt_seq2tm,CPAR2_404450
R04964__cyto,306.798491,327.35686,1112,,-4000.0,median,
R01926__mito,307.776131,324.766079,561,,-4000.0,seq2topt_seq2tm,CPAR2_804970
R04882__pero,310.550465,329.529211,501,,-4000.0,seq2topt_seq2tm,CPAR2_203980
R01736__cyto,306.088807,338.997617,255,,-4000.0,seq2topt_seq2tm,CPAR2_407100
R01626__cyto,306.798491,327.35686,2047,,-4000.0,median,CPAR2_302650
R05733__cyto,303.718113,326.509461,301,,-4000.0,seq2topt_seq2tm,CPAR2_400970
R04969__cyto,306.798491,327.35686,2047,,-4000.0,median,
R01209__mito,308.615913,327.296773,591,,-4000.0,seq2topt_seq2tm,CPAR2_100130
R00316__cyto,307.318979,328.477266,669,,-4000.0,seq2topt_seq2tm,CPAR2_106960
R00328__cyto,306.798491,327.35686,714,,-4000.0,median,
R02016_Cyto__cyto,306.798491,327.35686,320,,-4000.0,median,
TZ2900063_CYTMEM__plas,304.233645,326.783684,766,,-4000.0,seq2topt_seq2tm,CPAR2_806120
R00390__cyto,306.798491,327.35686,736,,-4000.0,median,
R01600__cyto,302.874598,328.239587,473,,-4000.0,seq2topt_seq2tm,CPAR2_204260
TR0000283_CYTMEM__plas,309.892297,325.310662,1163,,-4000.0,seq2topt_seq2tm,CPAR2_105400
R01710__cyto,303.696978,326.008216,257,,-4000.0,seq2topt_seq2tm,CPAR2_204180
R03217__cyto,323.961882,325.530818,581,,-4000.0,seq2topt_seq2tm,CPAR2_110340
R07134__cyto,306.917717,327.763632,285,,-4000.0,seq2topt_seq2tm,CPAR2_205820
R04533__cyto,306.798491,327.35686,1112,,-4000.0,median,
R02024__cyto,306.798491,327.35686,707,,-4000.0,median,
TR1000179_CYTMEM__plas,296.692821,331.038335,541,,-4000.0,seq2topt_seq2tm,CPAR2_108350
R00988__cyto,330.295536,326.718155,300,,-4000.0,seq2topt_seq2tm,CPAR2_700520
R00705__cyto,299.664966,323.199245,550,,-4000.0,seq2topt_seq2tm,CPAR2_500880
R11216__mito,306.798491,327.35686,519,,-4000.0,median,
R04371__cyto,310.607957,325.818691,688,,-4000.0,seq2topt_seq2tm,CPAR2_500690
TR0000919_CYTMEM__plas,302.918527,326.226565,328,,-4000.0,seq2topt_seq2tm,CPAR2_803540
R03758__mito,307.743501,330.870798,267,,-4000.0,seq2topt_seq2tm,CPAR2_400990
R03542__cyto,314.507414,331.521067,309,,-4000.0,seq2topt_seq2tm,CPAR2_303130
R01431__cyto,309.45695,326.291582,283,,-4000.0,seq2topt_seq2tm,CPAR2_808660
R01321__cyto,308.205281,328.374448,395,,-4000.0,seq2topt_seq2tm,CPAR2_703140
R10825__mito,299.064853,325.737187,357,,-4000.0,seq2topt_seq2tm,CPAR2_807310
R00708__mito,299.610192,322.904813,591,,-4000.0,seq2topt_seq2tm,CPAR2_101480
R10928__cyto,306.798491,327.35686,786,,-4000.0,median,
R03648__cyto,304.023928,325.499889,548,,-4000.0,seq2topt_seq2tm,CPAR2_703810
TR0011837_CYTMEM__plas,306.798491,327.35686,694,,-4000.0,median,
TR2900119_CYTMEM__plas,297.104886,328.070626,382,,-4000.0,seq2topt_seq2tm,CPAR2_103870
R05616__cyto,304.974553,325.632963,365,,-4000.0,seq2topt_seq2tm,CPAR2_200190
TO1000074_CYTMEM__plas,304.790332,326.128843,574,,-4000.0,seq2topt_seq2tm,CPAR2_403710
R01799__mito,306.869562,325.755337,382,,-4000.0,seq2topt_seq2tm,CPAR2_304360
R09376__cyto,305.091622,326.877639,227,,-4000.0,seq2topt_seq2tm,CPAR2_201320
R11101__cyto,303.312746,326.163742,442,,-4000.0,seq2topt_seq2tm,CPAR2_304120
TO1002197_CYTMEM__plas,300.857505,325.477311,565,,-4000.0,seq2topt_seq2tm,CPAR2_201900
R00772__cyto,304.025655,324.599466,435,,-4000.0,seq2topt_seq2tm,CPAR2_406050
R02059__cyto,311.345665,331.935188,421,,-4000.0,seq2topt_seq2tm,CPAR2_700100
R04751__cyto,303.918338,326.903442,711,,-4000.0,seq2topt_seq2tm,CPAR2_807710
R00937__mito,304.016618,330.851319,141,,-4000.0,seq2topt_seq2tm,CPAR2_704170
R09477__cyto,309.45695,326.291582,283,,-4000.0,seq2topt_seq2tm,CPAR2_808660
TR2900940_CYTMEM__plas,306.798491,327.35686,333,,-4000.0,median,
TO0000021_PLAS__plas,311.730562,329.745778,388,,-4000.0,seq2topt_seq2tm,CPAR2_700570
R10825__cyto,299.064853,325.737187,357,,-4000.0,seq2topt_seq2tm,CPAR2_807310
R02235__mito,304.016618,330.851319,141,,-4000.0,seq2topt_seq2tm,CPAR2_704170
TO1000184_CYTMEM__plas,300.437986,325.474682,625,,-4000.0,seq2topt_seq2tm,CPAR2_209780
R07409__cyto,297.179213,323.054761,464,,-4000.0,seq2topt_seq2tm,CPAR2_402730
R04144__cyto,315.336087,332.210013,793,,-4000.0,seq2topt_seq2tm,CPAR2_208400
TO1000478_CYTMEM__plas,303.069598,326.666668,513,,-4000.0,seq2topt_seq2tm,CPAR2_806580
TR2916888_CYTMEM__plas,299.355009,328.647891,303,,-4000.0,seq2topt_seq2tm,CPAR2_603710
R00772__mito,304.025655,324.599466,435,,-4000.0,seq2topt_seq2tm,CPAR2_406050
R03758__cyto,307.743501,330.870798,267,,-4000.0,seq2topt_seq2tm,CPAR2_400990
R03158__cyto,309.472585,327.633086,482,,-4000.0,seq2topt_seq2tm,CPAR2_108690
R00159__cyto,306.798491,327.35686,714,,-4000.0,median,
R00662__cyto,306.798491,327.35686,364,,-4000.0,median,
R12404__cyto,312.022762,330.789492,351,,-4000.0,seq2topt_seq2tm,CPAR2_302110
R02668__cyto,309.788925,327.945748,461,,-4000.0,seq2topt_seq2tm,CPAR2_207220
R02778__cyto,302.848584,324.748012,743,,-4000.0,seq2topt_seq2tm,CPAR2_407750
R12399__cyto,307.432937,327.298191,345,,-4000.0,seq2topt_seq2tm,CPAR2_801560
TO1000201_CYTMEM__plas,300.857505,325.477311,565,,-4000.0,seq2topt_seq2tm,CPAR2_201900
R02235__cyto,304.016618,330.851319,141,,-4000.0,seq2topt_seq2tm,CPAR2_704170
TZ3000012_CYTMEM__plas,299.614457,324.317375,753,,-4000.0,seq2topt_seq2tm,CPAR2_701660
R00332__cyto,307.434468,330.29156,191,,-4000.0,seq2topt_seq2tm,CPAR2_303080
R01752__cyto,310.550465,329.529211,501,,-4000.0,seq2topt_seq2tm,CPAR2_203980
TR2900289_CYTMEM__plas,292.155382,326.846972,294,,-4000.0,seq2topt_seq2tm,CPAR2_805840
R02617__cyto,303.844864,324.051628,753,,-4000.0,seq2topt_seq2tm,CPAR2_102320
R01086__cyto,305.436801,328.317812,466,,-4000.0,seq2topt_seq2tm,CPAR2_703790
R10056__cyto,300.931929,325.720134,446,,-4000.0,seq2topt_seq2tm,CPAR2_804110
TO1000263_CYTMEM__plas,300.857505,325.477311,565,,-4000.0,seq2topt_seq2tm,CPAR2_201900
R04863__cyto,301.939666,326.5201,1400,,-4000.0,seq2topt_seq2tm,CPAR2_108400
R10827__cyto,306.798491,327.35686,201,,-4000.0,median,
R03903__cyto,304.591959,329.291931,158,,-4000.0,seq2topt_seq2tm,CPAR2_603360
R01663__cyto,302.873582,330.758122,340,,-4000.0,seq2topt_seq2tm,CPAR2_700480
TR2000043_CYTMEM__plas,308.398768,327.536985,333,,-4000.0,seq2topt_seq2tm,CPAR2_808770
TO0000311_CYTMEM__plas,316.20606,331.455848,420,,-4000.0,seq2topt_seq2tm,CPAR2_107960
TR2900291_CYTMEM__plas,292.155382,326.846972,294,,-4000.0,seq2topt_seq2tm,CPAR2_805840
R11099__pero,308.250657,332.07455,332,,-4000.0,seq2topt_seq2tm,CPAR2_400460
TR0001210_CYTMEM__plas,309.892297,325.310662,1163,,-4000.0,seq2topt_seq2tm,CPAR2_105400
R08282__pero,310.550465,329.529211,501,,-4000.0,seq2topt_seq2tm,CPAR2_203980
R05046__cyto,301.344927,326.80954,272,,-4000.0,seq2topt_seq2tm,CPAR2_101130
TR0003847_CYTMEM__plas,314.250068,330.354068,417,,-4000.0,seq2topt_seq2tm,CPAR2_701830
R00582__cyto,310.4658,330.765221,305,,-4000.0,seq2topt_seq2tm,CPAR2_212320
R04536__cyto,306.798491,327.35686,1112,,-4000.0,median,
R01759__cyto,311.919243,328.782609,317,,-4000.0,seq2topt_seq2tm,CPAR2_101350
R00405__mito,306.761501,325.456825,415,,-4000.0,seq2topt_seq2tm,CPAR2_204740
R00770__cyto,309.743935,333.049879,952,,-4000.0,seq2topt_seq2tm,CPAR2_703030
TR2900203_CYTMEM__plas,297.104886,328.070626,382,,-4000.0,seq2topt_seq2tm,CPAR2_103870
R02731__cyto,305.89424,326.681075,1022,,-4000.0,seq2topt_seq2tm,CPAR2_301740
R04946__cyto,323.961882,325.530818,581,,-4000.0,seq2topt_seq2tm,CPAR2_110340
TZ2900067_CYTMEM__plas,306.798491,327.35686,766,,-4000.0,median,
TR0003566_CYTMEM__plas,314.250068,330.354068,417,,-4000.0,seq2topt_seq2tm,CPAR2_701830
R00014__mito,328.643195,331.675246,388,,-4000.0,seq2topt_seq2tm,CPAR2_402950
TR2900101_CYTMEM__plas,297.104886,328.070626,382,,-4000.0,seq2topt_seq2tm,CPAR2_103870
R00177__cyto,327.287893,329.164431,385,,-4000.0,seq2topt_seq2tm,CPAR2_207990
R11220__cyto,306.798491,327.35686,519,,-4000.0,median,
R00209__mito,304.512197,332.763967,492,,-4000.0,seq2topt_seq2tm,CPAR2_205940
R01279__cyto,304.053425,327.030417,724,,-4000.0,seq2topt_seq2tm,CPAR2_807600
TR2916185_CYTMEM__plas,305.759653,326.826403,550,,-4000.0,seq2topt_seq2tm,CPAR2_402960
R00515__mito,304.92922,327.027681,192,,-4000.0,seq2topt_seq2tm,CPAR2_303020
TR1000306_CYTMEM__plas,296.692821,331.038335,541,,-4000.0,seq2topt_seq2tm,CPAR2_108350
R00904__cyto,310.550465,329.529211,501,,-4000.0,seq2topt_seq2tm,CPAR2_203980
TR0012849_CYTMEM__plas,306.798491,327.35686,694,,-4000.0,median,
R01773__cyto,306.481901,333.341631,359,,-4000.0,seq2topt_seq2tm,CPAR2_106630
T00485__cyto,306.798491,327.35686,672,,-4000.0,median,
R00515__cyto,304.92922,327.027681,192,,-4000.0,seq2topt_seq2tm,CPAR2_303020
TZ2900031_CYTMEM__plas,306.798491,327.35686,766,,-4000.0,median,
TR0002419_CYTMEM__plas,309.892297,325.310662,1163,,-4000.0,seq2topt_seq2tm,CPAR2_105400
TR0011662_CYTMEM__plas,309.892297,325.310662,1163,,-4000.0,seq2topt_seq2tm,CPAR2_105400
R03755__cyto,306.798491,327.35686,645,,-4000.0,median,
R00925__cyto,304.893057,328.386048,677,,-4000.0,seq2topt_seq2tm,CPAR2_405810
R03970__cyto,307.606125,326.238081,558,,-4000.0,seq2topt_seq2tm,CPAR2_403550
R00086__cyto,306.798491,327.35686,1056,,-4000.0,median,
TR0000029_CYTMEM__plas,300.504877,327.764365,266,,-4000.0,seq2topt_seq2tm,CPAR2_502340
R03629__cyto,301.026112,329.344746,565,,-4000.0,seq2topt_seq2tm,CPAR2_500140
R10089__mito,314.017056,335.887954,292,,-4000.0,seq2topt_seq2tm,CPAR2_106660
R00236__cyto,307.318979,328.477266,669,,-4000.0,seq2topt_seq2tm,CPAR2_106960
R01974__cyto,305.45249,325.943038,625,,-4000.0,seq2topt_seq2tm,CPAR2_203270
R04962__cyto,306.798491,327.35686,1178,,-4000.0,median,
TR0012375_CYTMEM__plas,306.798491,327.35686,694,,-4000.0,median,
TR2901117_CYTMEM__plas,306.798491,327.35686,324,,-4000.0,median,
R02731__mito,305.89424,326.681075,1022,,-4000.0,seq2topt_seq2tm,CPAR2_301740
R11220__mito,306.798491,327.35686,519,,-4000.0,median,
TR2900988_CYTMEM__plas,296.007288,327.839896,341,,-4000.0,seq2topt_seq2tm,CPAR2_406100
R01274__cyto,310.207371,327.276757,302,,-4000.0,seq2topt_seq2tm,CPAR2_104150
R09510__cyto,300.931929,325.720134,446,,-4000.0,seq2topt_seq2tm,CPAR2_804110
R02283__cyto,309.314632,330.681643,455,,-4000.0,seq2topt_seq2tm,CPAR2_403030
R00751__cyto,306.686729,329.850456,369,,-4000.0,seq2topt_seq2tm,CPAR2_203970
TR1001017_CYTMEM__plas,307.852742,329.776093,516,,-4000.0,seq2topt_seq2tm,CPAR2_203500
R00513__cyto,305.676462,325.873974,621,,-4000.0,seq2topt_seq2tm,CPAR2_404130
TR0000009_CYTMEM__plas,306.798491,327.35686,599,,-4000.0,median,
R03313__cyto,301.543246,332.486793,434,,-4000.0,seq2topt_seq2tm,CPAR2_808960
R02577__cyto,311.919243,328.782609,317,,-4000.0,seq2topt_seq2tm,CPAR2_101350
TR1000105_CYTMEM__plas,296.692821,331.038335,541,,-4000.0,seq2topt_seq2tm,CPAR2_108350
TR1000027_CYTMEM__plas,296.692821,331.038335,541,,-4000.0,seq2topt_seq2tm,CPAR2_108350
R04037__cyto,301.131663,324.824002,848,,-4000.0,seq2topt_seq2tm,CPAR2_402720
R04779__cyto,309.743935,333.049879,952,,-4000.0,seq2topt_seq2tm,CPAR2_703030
TR0012678_CYTMEM__plas,306.798491,327.35686,694,,-4000.0,median,
TO0000367_CYTMEM__plas,308.041977,327.395645,462,,-4000.0,seq2topt_seq2tm,CPAR2_402410
TZ2900053_CYTMEM__plas,304.233645,326.783684,766,,-4000.0,seq2topt_seq2tm,CPAR2_806120
TR2900966_CYTMEM__plas,296.007288,327.839896,341,,-4000.0,seq2topt_seq2tm,CPAR2_406100
TR0011684_CYTMEM__plas,306.798491,327.35686,538,,-4000.0,median,
R04726__cyto,306.798491,327.35686,1966,,-4000.0,median,
R02109__cyto,306.798491,327.35686,1519,,-4000.0,median,
R02340__cyto,311.072387,327.088985,188,,-4000.0,seq2topt_seq2tm,CPAR2_501440
R03066__cyto,306.387165,324.968746,793,,-4000.0,seq2topt_seq2tm,CPAR2_303390
R01574__cyto,308.457469,327.529332,331,,-4000.0,seq2topt_seq2tm,CPAR2_402820
R10951__cyto,306.798491,327.35686,2659,,-4000.0,median,
R07162__mito,306.798491,327.35686,242,,-4000.0,median,
R00287__cyto,304.92922,327.027681,192,,-4000.0,seq2topt_seq2tm,CPAR2_303020
R04301__cyto,317.219152,332.024655,256,,-4000.0,seq2topt_seq2tm,CPAR2_703530
R02106__cyto,308.091015,325.809154,302,,-4000.0,seq2topt_seq2tm,CPAR2_213600
R01880__cyto,305.676462,325.873974,621,,-4000.0,seq2topt_seq2tm,CPAR2_404130
TR0012500_CYTMEM__plas,306.798491,327.35686,694,,-4000.0,median,
TR1900004_CYTMEM__plas,303.555736,327.41138,519,,-4000.0,seq2topt_seq2tm,CPAR2_213200
R01708__cyto,310.173861,325.491068,352,,-4000.0,seq2topt_seq2tm,CPAR2_701460
R01818__cyto,325.350229,328.87226,253,,-4000.0,seq2topt_seq2tm,CPAR2_106460
TO1000016_CYTMEM__plas,300.857505,325.477311,565,,-4000.0,seq2topt_seq2tm,CPAR2_201900
TO1000182_CYTMEM__plas,300.437986,325.474682,625,,-4000.0,seq2topt_seq2tm,CPAR2_209780
R02687__cyto,306.798491,327.35686,465,,-4000.0,median,
TZ3000004_CYTMEM__plas,301.00228,327.374068,755,,-4000.0,seq2topt_seq2tm,CPAR2_805420
R07888__cyto,304.053425,327.030417,724,,-4000.0,seq2topt_seq2tm,CPAR2_807600
R12329__cyto,306.798491,327.35686,298,,-4000.0,median,
R00257__cyto,305.570411,327.29632,712,,-4000.0,seq2topt_seq2tm,CPAR2_214140
TO1000367_CYTMEM__plas,300.437986,325.474682,625,,-4000.0,seq2topt_seq2tm,CPAR2_209780
TR0000289_CYTMEM__plas,309.892297,325.310662,1163,,-4000.0,seq2topt_seq2tm,CPAR2_105400
R08362__pero,326.617129,328.234091,174,,-4000.0,seq2topt_seq2tm,CPAR2_402640
R04426__cyto,306.730059,324.405655,373,,-4000.0,seq2topt_seq2tm,CPAR2_805510
TO1000924_CYTMEM__plas,300.437986,325.474682,625,,-4000.0,seq2topt_seq2tm,CPAR2_209780
R03013__cyto,321.144518,331.002429,312,,-4000.0,seq2topt_seq2tm,CPAR2_703830
TR0015545_CYTMEM__plas,306.798491,327.35686,694,,-4000.0,median,
R00344__cyto,308.395006,329.754308,1179,,-4000.0,seq2topt_seq2tm,CPAR2_402090
R00424__cyto,306.798491,327.35686,272,,-4000.0,median,
R04889__cyto,310.550465,329.529211,501,,-4000.0,seq2topt_seq2tm,CPAR2_203980
R04756__cyto,313.183271,332.576343,269,,-4000.0,seq2topt_seq2tm,CPAR2_205560
TR2901005_CYTMEM__plas,296.007288,327.839896,341,,-4000.0,seq2topt_seq2tm,CPAR2_406100
R01926__cyto,307.776131,324.766079,561,,-4000.0,seq2topt_seq2tm,CPAR2_804970
R01706__cyto,306.798491,327.35686,2047,,-4000.0,median,
R04866__cyto,306.798491,327.35686,1149,,-4000.0,median,
R00014__cyto,307.295848,326.38503,566,,-4000.0,seq2topt_seq2tm,CPAR2_501020
R00754__cyto,314.783556,328.097335,358,,-4000.0,seq2topt_seq2tm,CPAR2_501780
R03197__cyto,327.953624,333.021733,360,,-4000.0,seq2topt_seq2tm,CPAR2_404040
R12205__pero,301.826498,326.760957,432,,-4000.0,seq2topt_seq2tm,CPAR2_801860
TO1000207_CYTMEM__plas,300.857505,325.477311,565,,-4000.0,seq2topt_seq2tm,CPAR2_201900
TO0000249_CYTMEM__plas,308.041977,327.395645,462,,-4000.0,seq2topt_seq2tm,CPAR2_402410
TR2000137_CYTMEM__plas,295.577001,328.542033,318,,-4000.0,seq2topt_seq2tm,CPAR2_100870
TO1000345_CYTMEM__plas,300.857505,325.477311,565,,-4000.0,seq2topt_seq2tm,CPAR2_201900
R01054__cyto,311.83078,324.158606,208,,-4000.0,seq2topt_seq2tm,CPAR2_808790
R04559__cyto,304.282797,326.496914,483,,-4000.0,seq2topt_seq2tm,CPAR2_204960
R02324__cyto,305.971441,329.124722,252,,-4000.0,seq2topt_seq2tm,CPAR2_202110
R07505__cyto,301.676793,327.801982,405,,-4000.0,seq2topt_seq2tm,CPAR2_105550
R08174__pero,303.622251,327.483729,296,,-4000.0,seq2topt_seq2tm,CPAR2_209830
R04428__cyto,306.798491,327.35686,1966,,-4000.0,median,
R00955__cyto,314.98489,325.499865,365,,-4000.0,seq2topt_seq2tm,CPAR2_106170
R08575__cyto,319.069497,330.220422,324,,-4000.0,seq2topt_seq2tm,CPAR2_202600
R04444__mito,299.610192,322.904813,591,,-4000.0,seq2topt_seq2tm,CPAR2_101480
R00897__cyto,308.361711,333.075818,496,,-4000.0,seq2topt_seq2tm,CPAR2_106760
R12657__mito,308.524693,326.356664,318,,-4000.0,seq2topt_seq2tm,CPAR2_602300
R08639__cyto,315.870906,330.817822,560,,-4000.0,seq2topt_seq2tm,CPAR2_800220
R01993__cyto,306.906444,329.998741,368,,-4000.0,seq2topt_seq2tm,CPAR2_100500
R02872__cyto,300.182268,326.440886,444,,-4000.0,seq2topt_seq2tm,CPAR2_406760
R10700__cyto,306.798491,327.35686,1966,,-4000.0,median,
R01021__cyto,303.977118,325.221637,555,,-4000.0,seq2topt_seq2tm,CPAR2_807340
R07389__cyto,308.205281,328.374448,395,,-4000.0,seq2topt_seq2tm,CPAR2_703140
R10089__cyto,314.017056,335.887954,292,,-4000.0,seq2topt_seq2tm,CPAR2_106660
R00896__cyto,314.250068,330.354068,417,,-4000.0,seq2topt_seq2tm,CPAR2_701830
R02091__cyto,305.676462,325.873974,621,,-4000.0,seq2topt_seq2tm,CPAR2_404130
R02746__cyto,306.798491,327.35686,747,,-4000.0,median,
R08179__pero,303.622251,327.483729,296,,-4000.0,seq2topt_seq2tm,CPAR2_209830
R07052__cyto,301.026112,329.344746,565,,-4000.0,seq2topt_seq2tm,CPAR2_500140
R03361__cyto,306.798491,327.35686,1427,,-4000.0,median,
R02029__cyto,306.798491,327.35686,215,,-4000.0,median,
R00126__cyto,306.798491,327.35686,316,,-4000.0,median,
R07110__cyto,313.068362,326.011345,628,,-4000.0,seq2topt_seq2tm,CPAR2_804090
R04887__cyto,317.219152,332.024655,256,,-4000.0,seq2topt_seq2tm,CPAR2_703530
TR0000042_CYTMEM__plas,314.290115,325.065777,945,,-4000.0,seq2topt_seq2tm,CPAR2_807910
R02984__cyto,311.514086,326.988795,671,,-4000.0,seq2topt_seq2tm,CPAR2_106140
R02260__cyto,310.372853,325.192425,337,,-4000.0,seq2topt_seq2tm,CPAR2_104540
TO1000412_CYTMEM__plas,300.437986,325.474682,625,,-4000.0,seq2topt_seq2tm,CPAR2_209780
R03530__cyto,330.913395,333.382288,151,,-4000.0,seq2topt_seq2tm,CPAR2_101390
R07051__cyto,301.026112,329.344746,565,,-4000.0,seq2topt_seq2tm,CPAR2_500140
TR0000167_CYTMEM__plas,306.798491,327.35686,962,,-4000.0,median,
R04001__cyto,310.664931,326.174799,768,,-4000.0,seq2topt_seq2tm,CPAR2_800360
TO0000184_CYTMEM__plas,316.20606,331.455848,420,,-4000.0,seq2topt_seq2tm,CPAR2_107960
R03471__cyto,309.886865,329.55322,545,,-4000.0,seq2topt_seq2tm,CPAR2_211900
R01775__cyto,306.481901,333.341631,359,,-4000.0,seq2topt_seq2tm,CPAR2_106630
R00848__cyto,302.260111,327.482942,650,,-4000.0,seq2topt_seq2tm,CPAR2_501330
TR2900846_CYTMEM__plas,293.186436,328.34231,289,,-4000.0,seq2topt_seq2tm,CPAR2_600780
R00086__mito,306.798491,327.35686,579,,-4000.0,median,
R02096__cyto,305.676462,325.873974,621,,-4000.0,seq2topt_seq2tm,CPAR2_404130
TR2900924_CYTMEM__plas,306.798491,327.35686,304,,-4000.0,median,
TR2916163_CYTMEM__plas,307.653722,329.079679,603,,-4000.0,seq2topt_seq2tm,CPAR2_700120
R02101__cyto,304.041345,325.572607,321,,-4000.0,seq2topt_seq2tm,CPAR2_206550
R01070__cyto,321.164563,327.894369,359,,-4000.0,seq2topt_seq2tm,CPAR2_401230
TO0000021_EXTR__plas,311.730562,329.745778,388,,-4000.0,seq2topt_seq2tm,CPAR2_700570
TZ2900069_CYTMEM__plas,304.233645,326.783684,766,,-4000.0,seq2topt_seq2tm,CPAR2_806120
TR2900165_CYTMEM__plas,297.104886,328.070626,382,,-4000.0,seq2topt_seq2tm,CPAR2_103870
R11945__mito,322.424697,332.408163,491,,-4000.0,seq2topt_seq2tm,CPAR2_103910
R02748__cyto,307.017463,331.109622,306,,-4000.0,seq2topt_seq2tm,CPAR2_103240
R01496__cyto,299.693005,324.64529,415,,-4000.0,seq2topt_seq2tm,CPAR2_803230
R01005__cyto,307.899656,327.758047,324,,-4000.0,seq2topt_seq2tm,CPAR2_801230
R00239__cyto,309.336669,327.910975,419,,-4000.0,seq2topt_seq2tm,CPAR2_200210
R10035__cyto,331.791343,325.91168,906,,-4000.0,seq2topt_seq2tm,CPAR2_200980
TR1000724_CYTMEM__plas,296.692821,331.038335,541,,-4000.0,seq2topt_seq2tm,CPAR2_108350
R00677__cyto,303.509373,330.119118,415,,-4000.0,seq2topt_seq2tm,CPAR2_704320
R00472__cyto,301.854132,329.433712,551,,-4000.0,seq2topt_seq2tm,CPAR2_803890
TR0000062_CYTMEM__plas,306.798491,327.35686,711,,-4000.0,median,
TR2900196_CYTMEM__plas,297.104886,328.070626,382,,-4000.0,seq2topt_seq2tm,CPAR2_103870
R06516__cyto,311.170506,329.785374,584,,-4000.0,seq2topt_seq2tm,CPAR2_806890
R02820__cyto,306.798491,327.35686,317,,-4000.0,median,
R04882__cyto,310.550465,329.529211,501,,-4000.0,seq2topt_seq2tm,CPAR2_203980
R02093__cyto,330.913395,333.382288,151,,-4000.0,seq2topt_seq2tm,CPAR2_101390
TO0000438_CYTMEM__plas,316.20606,331.455848,420,,-4000.0,seq2topt_seq2tm,CPAR2_107960
R07111__cyto,313.068362,326.011345,628,,-4000.0,seq2topt_seq2tm,CPAR2_804090
R01056__cyto,300.965645,328.591099,240,,-4000.0,seq2topt_seq2tm,CPAR2_503720
TR0000020_CYTMEM__plas,313.287506,326.90073,137,,-4000.0,seq2topt_seq2tm,CPAR2_205600
TO1002555_CYTMEM__plas,300.857505,325.477311,565,,-4000.0,seq2topt_seq2tm,CPAR2_201900
R01059__cyto,309.260101,326.631185,592,,-4000.0,seq2topt_seq2tm,CPAR2_700910
TR1000185_CYTMEM__plas,296.692821,331.038335,541,,-4000.0,seq2topt_seq2tm,CPAR2_108350
TR2900036_CYTMEM__plas,289.88967,322.899789,287,,-4000.0,seq2topt_seq2tm,CPAR2_204490
TO1000926_CYTMEM__plas,314.505164,327.564564,802,,-4000.0,seq2topt_seq2tm,CPAR2_800720
TR0011624_CYTMEM__plas,306.798491,327.35686,694,,-4000.0,median,
R02372__cyto,305.676462,325.873974,621,,-4000.0,seq2topt_seq2tm,CPAR2_404130
TO1000365_CYTMEM__plas,303.069598,326.666668,513,,-4000.0,seq2topt_seq2tm,CPAR2_806580
R08359__cyto,315.109412,329.938152,297,,-4000.0,seq2topt_seq2tm,CPAR2_406730
R01724__cyto,308.182303,327.310655,419,,-4000.0,seq2topt_seq2tm,CPAR2_702320
R00191__cyto,310.029852,329.758677,411,,-4000.0,seq2topt_seq2tm,CPAR2_100370
R03018__cyto,303.310646,324.812874,578,,-4000.0,seq2topt_seq2tm,CPAR2_602050
R08177__pero,303.622251,327.483729,296,,-4000.0,seq2topt_seq2tm,CPAR2_209830
TR2901003_CYTMEM__plas,296.007288,327.839896,341,,-4000.0,seq2topt_seq2tm,CPAR2_406100
R00569__cyto,302.681018,326.452944,687,,-4000.0,seq2topt_seq2tm,CPAR2_401910
R03238__cyto,309.743935,333.049879,952,,-4000.0,seq2topt_seq2tm,CPAR2_703030
R07384__cyto,308.205281,328.374448,395,,-4000.0,seq2topt_seq2tm,CPAR2_703140
R02541__cyto,306.798491,327.35686,729,,-4000.0,median,
R03348__cyto,311.288591,331.134608,299,,-4000.0,seq2topt_seq2tm,CPAR2_208360
R07274__cyto,308.361711,333.075818,496,,-4000.0,seq2topt_seq2tm,CPAR2_106760
R05639__cyto,303.45359,326.346436,465,,-4000.0,seq2topt_seq2tm,CPAR2_502980
R07494__cyto,312.022762,330.789492,351,,-4000.0,seq2topt_seq2tm,CPAR2_302110
TR1000212_CYTMEM__plas,296.692821,331.038335,541,,-4000.0,seq2topt_seq2tm,CPAR2_108350
TR0012785_CYTMEM__plas,309.47991,327.442595,451,,-4000.0,seq2topt_seq2tm,CPAR2_209630
TO0010516_EXTR__plas,316.32348,323.735914,627,,-4000.0,seq2topt_seq2tm,CPAR2_603600
R02030__mito,306.798491,327.35686,249,,-4000.0,median,
R01857__cyto,330.913395,333.382288,151,,-4000.0,seq2topt_seq2tm,CPAR2_101390
R12173__cyto,302.683117,324.615821,486,,-4000.0,seq2topt_seq2tm,CPAR2_206900
R00710__cyto,310.550465,329.529211,501,,-4000.0,seq2topt_seq2tm,CPAR2_203980
R04420__cyto,308.994719,330.516115,403,,-4000.0,seq2topt_seq2tm,CPAR2_213820
R02568__cyto,321.164563,327.894369,359,,-4000.0,seq2topt_seq2tm,CPAR2_401230
R03304__cyto,317.219152,332.024655,256,,-4000.0,seq2topt_seq2tm,CPAR2_703530
R02250__cyto,306.798491,327.35686,465,,-4000.0,median,
R00590__pero,308.250657,332.07455,332,,-4000.0,seq2topt_seq2tm,CPAR2_400460
R12119__mito,301.740825,327.465257,522,,-4000.0,seq2topt_seq2tm,CPAR2_303740
R10633__cyto,306.798491,327.35686,499,,-4000.0,median,
R04856__cyto,306.798491,327.35686,268,,-4000.0,median,
R02855__cyto,322.565925,329.413244,413,,-4000.0,seq2topt_seq2tm,CPAR2_703950
R00157__cyto,306.798491,327.35686,233,,-4000.0,median,
TR0000404_CYTMEM__plas,293.738261,328.818986,302,,-4000.0,seq2topt_seq2tm,CPAR2_208040
R02537__pero,310.550465,329.529211,501,,-4000.0,seq2topt_seq2tm,CPAR2_203980
R00275__cyto,311.733516,331.831643,154,,-4000.0,seq2topt_seq2tm,CPAR2_500390
R07394__cyto,319.199906,332.031176,242,,-4000.0,seq2topt_seq2tm,CPAR2_210240
R00964__cyto,305.676462,325.873974,621,,-4000.0,seq2topt_seq2tm,CPAR2_404130
TR0001080_CYTMEM__plas,314.250068,330.354068,417,,-4000.0,seq2topt_seq2tm,CPAR2_701830
TZ2900039_CYTMEM__plas,304.233645,326.783684,766,,-4000.0,seq2topt_seq2tm,CPAR2_806120
R11218__cyto,306.798491,327.35686,519,,-4000.0,median,
TR0015429_CYTMEM__plas,306.798491,327.35686,962,,-4000.0,median,
R00939__mito,304.016618,330.851319,141,,-4000.0,seq2topt_seq2tm,CPAR2_704170
R02850__cyto,302.874598,328.239587,473,,-4000.0,seq2topt_seq2tm,CPAR2_204260
R00621__mito,303.244296,325.062671,1001,,-4000.0,seq2topt_seq2tm,CPAR2_102800
TR2000083_CYTMEM__plas,303.887046,330.657432,335,,-4000.0,seq2topt_seq2tm,CPAR2_208270
R03084__cyto,304.95027,326.823923,1557,,-4000.0,seq2topt_seq2tm,CPAR2_400020
TR1000276_CYTMEM__plas,296.692821,331.038335,541,,-4000.0,seq2topt_seq2tm,CPAR2_108350
TR2000128_CYTMEM__plas,295.471358,328.913787,303,,-4000.0,seq2topt_seq2tm,CPAR2_303940
R00867__cyto,302.874598,328.239587,473,,-4000.0,seq2topt_seq2tm,CPAR2_204260
R07491__cyto,301.676793,327.801982,405,,-4000.0,seq2topt_seq2tm,CPAR2_105550
TR0003225_CYTMEM__plas,309.892297,325.310662,1163,,-4000.0,seq2topt_seq2tm,CPAR2_105400
R01083__cyto,304.282797,326.496914,483,,-4000.0,seq2topt_seq2tm,CPAR2_204960
R02978__cyto,298.193149,325.756428,340,,-4000.0,seq2topt_seq2tm,CPAR2_701750
TR0002557_CYTMEM__plas,309.892297,325.310662,1163,,-4000.0,seq2topt_seq2tm,CPAR2_105400
R02035__cyto,309.552826,325.512436,366,,-4000.0,seq2topt_seq2tm,CPAR2_405160
R12427__mito,306.798491,327.35686,280,,-4000.0,median,
R00428__cyto,306.798491,327.35686,272,,-4000.0,median,
R12152__cyto,305.439934,331.527939,594,,-4000.0,seq2topt_seq2tm,CPAR2_703170
R02694__cyto,306.798491,327.35686,645,,-4000.0,median,
R04725__cyto,306.798491,327.35686,1178,,-4000.0,median,
TR0000056_CYTMEM__plas,305.323941,328.03168,418,,-4000.0,seq2topt_seq2tm,CPAR2_404630
R03363__cyto,306.798491,327.35686,786,,-4000.0,median,
TR0015426_CYTMEM__plas,306.798491,327.35686,962,,-4000.0,median,
R07509__cyto,303.718113,326.509461,301,,-4000.0,seq2topt_seq2tm,CPAR2_400970
R04945__cyto,323.961882,325.530818,581,,-4000.0,seq2topt_seq2tm,CPAR2_110340
TR0002544_CYTMEM__plas,302.918527,326.226565,328,,-4000.0,seq2topt_seq2tm,CPAR2_803540
R04513__mito,306.798491,327.35686,340,,-4000.0,median,
R07483__cyto,303.45359,326.346436,465,,-4000.0,seq2topt_seq2tm,CPAR2_502980
R03401__cyto,310.823367,325.284073,389,,-4000.0,seq2topt_seq2tm,CPAR2_207830
R02665__cyto,332.38508,336.848697,169,,-4000.0,seq2topt_seq2tm,CPAR2_204460
R00402__cyto,300.965924,327.241537,665,,-4000.0,seq2topt_seq2tm,CPAR2_201540
R00782__cyto,307.169752,325.621817,387,,-4000.0,seq2topt_seq2tm,CPAR2_701500
R11099__cyto,308.250657,332.07455,332,,-4000.0,seq2topt_seq2tm,CPAR2_400460
R00870__cyto,306.917717,327.763632,285,,-4000.0,seq2topt_seq2tm,CPAR2_205820
R00127__mito,306.798491,327.35686,272,,-4000.0,median,
R03650__cyto,309.783149,325.710234,770,,-4000.0,seq2topt_seq2tm,CPAR2_801890
R00342__cyto,314.623392,324.791095,332,,-4000.0,seq2topt_seq2tm,CPAR2_400470
TR2000679_CYTMEM__plas,305.448217,323.413238,474,,-4000.0,seq2topt_seq2tm,CPAR2_200150
TO1000125_CYTMEM__plas,300.857505,325.477311,565,,-4000.0,seq2topt_seq2tm,CPAR2_201900
R07762__cyto,306.798491,327.35686,341,,-4000.0,median,
TR2900310_CYTMEM__plas,295.471358,328.913787,303,,-4000.0,seq2topt_seq2tm,CPAR2_303940
R00939__cyto,304.016618,330.851319,141,,-4000.0,seq2topt_seq2tm,CPAR2_704170
R01315__e_r_,306.798491,327.35686,490,,-4000.0,median,
TO1003705_CYTMEM__plas,300.437986,325.474682,625,,-4000.0,seq2topt_seq2tm,CPAR2_209780
R07238__mito,301.325637,325.608119,536,,-4000.0,seq2topt_seq2tm,CPAR2_210690
R05190__cyto,311.327744,326.364717,1519,,-4000.0,seq2topt_seq2tm,CPAR2_500020
TR1000074_CYTMEM__plas,292.533979,327.182683,562,,-4000.0,seq2topt_seq2tm,CPAR2_301390
TR2900153_CYTMEM__plas,297.104886,328.070626,382,,-4000.0,seq2topt_seq2tm,CPAR2_103870
R01899__mito,306.688406,328.180954,420,,-4000.0,seq2topt_seq2tm,CPAR2_209910
R04953__cyto,306.798491,327.35686,1112,,-4000.0,median,
TR0000829_CYTMEM__plas,309.892297,325.310662,1163,,-4000.0,seq2topt_seq2tm,CPAR2_105400
TO1001017_CYTMEM__plas,314.505164,327.564564,802,,-4000.0,seq2topt_seq2tm,CPAR2_800720
R01324__cyto,305.678826,325.389615,790,,-4000.0,seq2topt_seq2tm,CPAR2_205700
R02408__cyto,307.169752,325.621817,387,,-4000.0,seq2topt_seq2tm,CPAR2_701500
R04990__mito,309.97492,327.86372,643,,-4000.0,seq2topt_seq2tm,CPAR2_402580
TO1000493_CYTMEM__plas,303.069598,326.666668,513,,-4000.0,seq2topt_seq2tm,CPAR2_806580
TR2900160_CYTMEM__plas,297.104886,328.070626,382,,-4000.0,seq2topt_seq2tm,CPAR2_103870
R03341__cyto,305.45249,325.943038,625,,-4000.0,seq2topt_seq2tm,CPAR2_203270
TO0000654_CYTMEM__plas,316.20606,331.455848,420,,-4000.0,seq2topt_seq2tm,CPAR2_107960
R04543__cyto,306.798491,327.35686,1112,,-4000.0,median,
R03968__cyto,310.664931,326.174799,768,,-4000.0,seq2topt_seq2tm,CPAR2_800360
TR0012582_CYTMEM__plas,306.798491,327.35686,694,,-4000.0,median,
R00181__cyto,306.798491,327.35686,758,,-4000.0,median,
R02297__cyto,307.017463,331.109622,306,,-4000.0,seq2topt_seq2tm,CPAR2_103240
R01082__mito,309.039187,324.602082,492,,-4000.0,seq2topt_seq2tm,CPAR2_808200
R03469__cyto,306.798491,327.35686,541,,-4000.0,median,
R00702__cyto,300.182268,326.440886,444,,-4000.0,seq2topt_seq2tm,CPAR2_406760
R01954__cyto,309.522263,331.604752,416,,-4000.0,seq2topt_seq2tm,CPAR2_804120
TR0000012_CYTMEM__plas,306.798491,327.35686,526,,-4000.0,median,
TR0000067_CYTMEM__plas,306.798491,327.35686,662,,-4000.0,median,
R00089__cyto,306.798491,327.35686,980,,-4000.0,median,
R00372__cyto,330.402406,331.96747,383,,-4000.0,seq2topt_seq2tm,CPAR2_600400
R00529__cyto,311.230266,330.149695,522,,-4000.0,seq2topt_seq2tm,CPAR2_203530
TR1000644_CYTMEM__plas,304.694355,328.260669,542,,-4000.0,seq2topt_seq2tm,CPAR2_200220
R11218__mito,306.798491,327.35686,519,,-4000.0,median,
R01074__cyto,306.959831,325.32402,670,,-4000.0,seq2topt_seq2tm,CPAR2_200170
TR0011715_CYTMEM__plas,306.798491,327.35686,694,,-4000.0,median,
R07043__cyto,301.026112,329.344746,565,,-4000.0,seq2topt_seq2tm,CPAR2_500140
TR2900039_CYTMEM__plas,289.88967,322.899789,287,,-4000.0,seq2topt_seq2tm,CPAR2_204490
R03596__cyto,298.031862,335.463962,320,,-4000.0,seq2topt_seq2tm,CPAR2_303180
R12085__cyto,307.500929,324.136391,424,,-4000.0,seq2topt_seq2tm,CPAR2_203170
R00494__cyto,319.701461,331.193969,623,,-4000.0,seq2topt_seq2tm,CPAR2_110410
R06527__cyto,299.693005,324.64529,415,,-4000.0,seq2topt_seq2tm,CPAR2_803230
R00707__mito,299.610192,322.904813,591,,-4000.0,seq2topt_seq2tm,CPAR2_101480
R00114__cyto,306.798491,327.35686,2128,,-4000.0,median,CPAR2_206810
R03088__cyto,301.026112,329.344746,565,,-4000.0,seq2topt_seq2tm,CPAR2_500140
R03654__cyto,312.534878,328.389236,652,,-4000.0,seq2topt_seq2tm,CPAR2_107820
TO1000310_CYTMEM__plas,314.505164,327.564564,802,,-4000.0,seq2topt_seq2tm,CPAR2_800720
TR1000258_CYTMEM__plas,296.692821,331.038335,541,,-4000.0,seq2topt_seq2tm,CPAR2_108350
R12423__mito,306.798491,327.35686,413,,-4000.0,median,
R00927__cyto,304.679514,330.082127,394,,-4000.0,seq2topt_seq2tm,CPAR2_212970
R00719__cyto,302.681018,326.452944,687,,-4000.0,seq2topt_seq2tm,CPAR2_401910
R03050__mito,305.905998,324.789557,683,,-4000.0,seq2topt_seq2tm,CPAR2_406240
R00935__cyto,304.016618,330.851319,141,,-4000.0,seq2topt_seq2tm,CPAR2_704170
R03659__cyto,309.509575,327.745685,747,,-4000.0,seq2topt_seq2tm,CPAR2_101150
R04911__cyto,330.295536,326.718155,300,,-4000.0,seq2topt_seq2tm,CPAR2_700520
TR0000776_CYTMEM__plas,309.892297,325.310662,1163,,-4000.0,seq2topt_seq2tm,CPAR2_105400
R11319__cyto,304.492088,325.333044,252,,-4000.0,seq2topt_seq2tm,CPAR2_602110
TR0015541_CYTMEM__plas,306.798491,327.35686,603,,-4000.0,median,
R01041__cyto,321.550934,329.860404,336,,-4000.0,seq2topt_seq2tm,CPAR2_800970
R00122__cyto,306.798491,327.35686,714,,-4000.0,median,
R01354__cyto,307.318979,328.477266,669,,-4000.0,seq2topt_seq2tm,CPAR2_106960
R00330__cyto,306.798491,327.35686,151,,-4000.0,median,
TR1008367_CYTMEM__plas,302.493327,328.607509,550,,-4000.0,seq2topt_seq2tm,CPAR2_702960
R02697__pero,310.550465,329.529211,501,,-4000.0,seq2topt_seq2tm,CPAR2_203980
R01082__cyto,309.039187,324.602082,492,,-4000.0,seq2topt_seq2tm,CPAR2_808200
TR2900183_CYTMEM__plas,297.104886,328.070626,382,,-4000.0,seq2topt_seq2tm,CPAR2_103870
R00994__cyto,306.730059,324.405655,373,,-4000.0,seq2topt_seq2tm,CPAR2_805510
R04360__cyto,306.798491,327.35686,297,,-4000.0,median,
R05069__mito,309.174842,327.535149,397,,-4000.0,seq2topt_seq2tm,CPAR2_603140
R09365__cyto,311.558958,326.873878,767,,-4000.0,seq2topt_seq2tm,CPAR2_802800
TR2901049_CYTMEM__plas,296.007288,327.839896,341,,-4000.0,seq2topt_seq2tm,CPAR2_406100
TR1000108_CYTMEM__plas,296.692821,331.038335,541,,-4000.0,seq2topt_seq2tm,CPAR2_108350
R01320__cyto,306.798491,327.35686,211,,-4000.0,median,
R03096__cyto,300.18218,329.107758,575,,-4000.0,seq2topt_seq2tm,CPAR2_703590
R04957__cyto,306.798491,327.35686,1966,,-4000.0,median,
R04586__cyto,306.798491,327.35686,751,,-4000.0,median,
TR0012599_CYTMEM__plas,306.798491,327.35686,962,,-4000.0,median,
R00369__cyto,330.402406,331.96747,383,,-4000.0,seq2topt_seq2tm,CPAR2_600400
TR2900120_CYTMEM__plas,297.104886,328.070626,382,,-4000.0,seq2topt_seq2tm,CPAR2_103870
R12026__cyto,314.871082,331.452534,341,,-4000.0,seq2topt_seq2tm,CPAR2_701260
R07238__cyto,301.325637,325.608119,536,,-4000.0,seq2topt_seq2tm,CPAR2_210690
R03302__pero,310.550465,329.529211,501,,-4000.0,seq2topt_seq2tm,CPAR2_203980
TR0000015_CYTMEM__plas,306.798491,327.35686,809,,-4000.0,median,
R00706__cyto,299.664966,323.199245,550,,-4000.0,seq2topt_seq2tm,CPAR2_500880
R07364__cyto,306.801137,333.203456,202,,-4000.0,seq2topt_seq2tm,CPAR2_209190
R00774__cyto,306.688209,327.378359,1825,,-4000.0,seq2topt_seq2tm,CPAR2_105520
R03646__cyto,305.888242,325.448903,651,,-4000.0,seq2topt_seq2tm,CPAR2_109290
R00115__cyto,306.053845,333.295873,492,,-4000.0,seq2topt_seq2tm,CPAR2_501660
TR2900171_CYTMEM__plas,297.104886,328.070626,382,,-4000.0,seq2topt_seq2tm,CPAR2_103870
R04640__cyto,303.017293,327.268097,279,,-4000.0,seq2topt_seq2tm,CPAR2_500430
R00926__cyto,307.318979,328.477266,669,,-4000.0,seq2topt_seq2tm,CPAR2_106960
TZ2900003_CYTMEM__plas,301.525352,328.737983,459,,-4000.0,seq2topt_seq2tm,CPAR2_212100
R08282__cyto,310.550465,329.529211,501,,-4000.0,seq2topt_seq2tm,CPAR2_203980
R09366__cyto,307.169752,325.621817,387,,-4000.0,seq2topt_seq2tm,CPAR2_701500
R02124__cyto,314.783556,328.097335,358,,-4000.0,seq2topt_seq2tm,CPAR2_501780
R01579__cyto,298.856921,330.209872,241,,-4000.0,seq2topt_seq2tm,CPAR2_106650
R00156__cyto,306.798491,327.35686,151,,-4000.0,median,
TO1001217_CYTMEM__plas,300.437986,325.474682,625,,-4000.0,seq2topt_seq2tm,CPAR2_209780
R00217__mito,306.040956,325.372449,637,,-4000.0,seq2topt_seq2tm,CPAR2_602260
R01959__cyto,330.295536,326.718155,300,,-4000.0,seq2topt_seq2tm,CPAR2_700520
TR0002198_CYTMEM__plas,293.349577,327.034876,371,,-4000.0,seq2topt_seq2tm,CPAR2_808650
TR2900227_CYTMEM__plas,297.104886,328.070626,382,,-4000.0,seq2topt_seq2tm,CPAR2_103870
R01201__cyto,304.906747,328.556988,559,,-4000.0,seq2topt_seq2tm,CPAR2_700080
TR0011789_CYTMEM__plas,306.798491,327.35686,694,,-4000.0,median,
R10828__cyto,306.798491,327.35686,313,,-4000.0,median,
R01858__cyto,300.747731,328.393379,504,,-4000.0,seq2topt_seq2tm,CPAR2_209240
R04958__cyto,306.798491,327.35686,2047,,-4000.0,median,
R05724__cyto,321.473607,328.548631,397,,-4000.0,seq2topt_seq2tm,CPAR2_101680
R00876__cyto,302.874598,328.239587,473,,-4000.0,seq2topt_seq2tm,CPAR2_204260
TO0021423_CYTMEM__plas,316.20606,331.455848,420,,-4000.0,seq2topt_seq2tm,CPAR2_107960
R09375__cyto,305.091622,326.877639,227,,-4000.0,seq2topt_seq2tm,CPAR2_201320
R01920__cyto,315.109412,329.938152,297,,-4000.0,seq2topt_seq2tm,CPAR2_406730
R04891__pero,310.550465,329.529211,501,,-4000.0,seq2topt_seq2tm,CPAR2_203980
TR2900009_CYTMEM__plas,293.186436,328.34231,289,,-4000.0,seq2topt_seq2tm,CPAR2_600780
R05064__cyto,309.472585,327.633086,482,,-4000.0,seq2topt_seq2tm,CPAR2_108690
R00715__cyto,304.408192,325.030085,373,,-4000.0,seq2topt_seq2tm,CPAR2_500810
R07140__cyto,311.343312,327.061197,379,,-4000.0,seq2topt_seq2tm,CPAR2_200560
TO1000506_CYTMEM__plas,314.505164,327.564564,802,,-4000.0,seq2topt_seq2tm,CPAR2_800720
R01138__cyto,300.747731,328.393379,504,,-4000.0,seq2topt_seq2tm,CPAR2_209240
TR0020344_CYTMEM__plas,309.47991,327.442595,451,,-4000.0,seq2topt_seq2tm,CPAR2_209630
R01641__cyto,328.167536,330.49731,681,,-4000.0,seq2topt_seq2tm,CPAR2_804740
R04892__pero,310.550465,329.529211,501,,-4000.0,seq2topt_seq2tm,CPAR2_203980
R03875__cyto,306.798491,327.35686,1149,,-4000.0,median,
R00274__cyto,305.471219,323.980138,312,,-4000.0,seq2topt_seq2tm,CPAR2_104050
TR0012438_CYTMEM__plas,306.798491,327.35686,694,,-4000.0,median,
R00714__cyto,308.966431,326.494023,497,,-4000.0,seq2topt_seq2tm,CPAR2_404090
TR2900121_CYTMEM__plas,297.104886,328.070626,382,,-4000.0,seq2topt_seq2tm,CPAR2_103870
R03655__cyto,307.97911,326.977488,485,,-4000.0,seq2topt_seq2tm,CPAR2_100050
TR0000096_CYTMEM__plas,306.798491,327.35686,711,,-4000.0,median,
R08283__cyto,310.550465,329.529211,501,,-4000.0,seq2topt_seq2tm,CPAR2_203980
TR2900172_CYTMEM__plas,297.104886,328.070626,382,,-4000.0,seq2topt_seq2tm,CPAR2_103870
R03435__cyto,306.798491,327.35686,924,,-4000.0,median,
R07136__cyto,314.623392,324.791095,332,,-4000.0,seq2topt_seq2tm,CPAR2_400470
R01139__cyto,302.874598,328.239587,473,,-4000.0,seq2topt_seq2tm,CPAR2_204260
R04480__cyto,306.798491,327.35686,506,,-4000.0,median,
TR2900035_CYTMEM__plas,289.88967,322.899789,287,,-4000.0,seq2topt_seq2tm,CPAR2_204490
R03838__cyto,306.798491,327.35686,645,,-4000.0,median,
R01175__cyto,303.918338,326.903442,711,,-4000.0,seq2topt_seq2tm,CPAR2_807710
R02199__mito,306.532902,325.962499,370,,-4000.0,seq2topt_seq2tm,CPAR2_503520
R03098__cyto,301.939666,326.5201,1400,,-4000.0,seq2topt_seq2tm,CPAR2_108400
TR1000048_CYTMEM__plas,302.493327,328.607509,550,,-4000.0,seq2topt_seq2tm,CPAR2_702960
TR2900852_CYTMEM__plas,293.186436,328.34231,289,,-4000.0,seq2topt_seq2tm,CPAR2_600780
R04954__cyto,306.798491,327.35686,1966,,-4000.0,median,
R01799__cyto,306.869562,325.755337,382,,-4000.0,seq2topt_seq2tm,CPAR2_304360
TR0003387_CYTMEM__plas,317.329548,327.815488,296,,-4000.0,seq2topt_seq2tm,CPAR2_301150
R03991__cyto,304.679514,330.082127,394,,-4000.0,seq2topt_seq2tm,CPAR2_212970
R04544__cyto,306.798491,327.35686,1966,,-4000.0,median,
R03332__cyto,306.798491,327.35686,924,,-4000.0,median,
R04231__cyto,304.601594,325.442734,344,,-4000.0,seq2topt_seq2tm,CPAR2_807090
R00185__cyto,312.949325,322.828621,349,,-4000.0,seq2topt_seq2tm,CPAR2_600250
T_Choline_c00114_ExtrCyto__plas,306.21805,328.735957,571,,-4000.0,seq2topt_seq2tm,CPAR2_213230
TO0003705_CYTMEM__plas,316.20606,331.455848,420,,-4000.0,seq2topt_seq2tm,CPAR2_107960
R11098__cyto,303.312746,326.163742,442,,-4000.0,seq2topt_seq2tm,CPAR2_304120
TR0003476_CYTMEM__plas,309.892297,325.310662,1163,,-4000.0,seq2topt_seq2tm,CPAR2_105400
R07763__cyto,306.798491,327.35686,801,,-4000.0,median,
TR0008685_CYTMEM__plas,309.892297,325.310662,1163,,-4000.0,seq2topt_seq2tm,CPAR2_105400
TR0000903_CYTMEM__plas,314.250068,330.354068,417,,-4000.0,seq2topt_seq2tm,CPAR2_701830
TR0003443_CYTMEM__plas,309.892297,325.310662,1163,,-4000.0,seq2topt_seq2tm,CPAR2_105400
R07393__cyto,319.199906,332.031176,242,,-4000.0,seq2topt_seq2tm,CPAR2_210240
TR2900290_CYTMEM__plas,292.155382,326.846972,294,,-4000.0,seq2topt_seq2tm,CPAR2_805840
TR0000577_CYTMEM__plas,309.47991,327.442595,451,,-4000.0,seq2topt_seq2tm,CPAR2_209630
TR1000104_CYTMEM__plas,310.378242,331.292233,508,,-4000.0,seq2topt_seq2tm,CPAR2_802240
R01481__cyto,321.550934,329.860404,336,,-4000.0,seq2topt_seq2tm,CPAR2_800970
R02382__cyto,312.899697,327.554789,661,,-4000.0,seq2topt_seq2tm,CPAR2_104430
R00965__cyto,323.89924,332.024887,268,,-4000.0,seq2topt_seq2tm,CPAR2_502890
R11219__cyto,306.798491,327.35686,339,,-4000.0,median,
R00619__cyto,328.905572,329.878846,305,,-4000.0,seq2topt_seq2tm,CPAR2_104170
R00306__cyto,297.449465,325.34605,663,,-4000.0,seq2topt_seq2tm,CPAR2_200990
R01518__cyto,309.368469,330.250719,248,,-4000.0,seq2topt_seq2tm,CPAR2_211810
TR0011652_CYTMEM__plas,306.798491,327.35686,694,,-4000.0,median,
R01234__cyto,310.029852,329.758677,411,,-4000.0,seq2topt_seq2tm,CPAR2_100370
TZ2900043_CYTMEM__plas,304.233645,326.783684,766,,-4000.0,seq2topt_seq2tm,CPAR2_806120
R01049__cyto,315.580218,324.928305,415,,-4000.0,seq2topt_seq2tm,CPAR2_304260
R00711__cyto,310.550465,329.529211,501,,-4000.0,seq2topt_seq2tm,CPAR2_203980
R12118__mito,301.740825,327.465257,522,,-4000.0,seq2topt_seq2tm,CPAR2_303740
T_S_Adenosyl_L_Methionine_c00019_CytoMito___plas,306.798491,327.35686,276,,-4000.0,median,
R08161__cyto,306.798491,327.35686,405,,-4000.0,median,
R00999__cyto,323.961882,325.530818,581,,-4000.0,seq2topt_seq2tm,CPAR2_110340
TR1000218_CYTMEM__plas,304.317022,327.987704,543,,-4000.0,seq2topt_seq2tm,CPAR2_802700
R10851__mito,307.743501,330.870798,267,,-4000.0,seq2topt_seq2tm,CPAR2_400990
TZ3000003_CYTMEM__plas,299.614457,324.317375,753,,-4000.0,seq2topt_seq2tm,CPAR2_701660
R07237__cyto,301.325637,325.608119,536,,-4000.0,seq2topt_seq2tm,CPAR2_210690
R04014__cyto,306.798491,327.35686,2047,,-4000.0,median,
R02819__cyto,306.798491,327.35686,317,,-4000.0,median,
R02750__cyto,319.00517,326.710883,311,,-4000.0,seq2topt_seq2tm,CPAR2_201350
R07896__cyto,304.053425,327.030417,724,,-4000.0,seq2topt_seq2tm,CPAR2_807600
TO0000021_CYTMEM__plas,316.32348,323.735914,627,,-4000.0,seq2topt_seq2tm,CPAR2_603600
TR2900293_CYTMEM__plas,292.155382,326.846972,294,,-4000.0,seq2topt_seq2tm,CPAR2_805840
TR1000832_CYTMEM__plas,296.692821,331.038335,541,,-4000.0,seq2topt_seq2tm,CPAR2_108350
R03527__cyto,306.798491,327.35686,784,,-4000.0,median,
R07951__cyto,308.54448,326.827243,903,,-4000.0,seq2topt_seq2tm,CPAR2_503040
T_Ethanol_c00469__plas,302.392437,327.528337,406,,-4000.0,seq2topt_seq2tm,CPAR2_805630
R07395__cyto,319.199906,332.031176,242,,-4000.0,seq2topt_seq2tm,CPAR2_210240
R02222__cyto,302.683117,324.615821,486,,-4000.0,seq2topt_seq2tm,CPAR2_206900
R11217__cyto,306.798491,327.35686,339,,-4000.0,median,
TO1011451_CYTMEM__plas,300.857505,325.477311,565,,-4000.0,seq2topt_seq2tm,CPAR2_201900
TR0003176_CYTMEM__plas,314.250068,330.354068,417,,-4000.0,seq2topt_seq2tm,CPAR2_701830
TZ3000018_CYTMEM__plas,299.614457,324.317375,753,,-4000.0,seq2topt_seq2tm,CPAR2_701660
R04952__cyto,306.798491,327.35686,1966,,-4000.0,median,
R01513__cyto,312.648056,327.078345,463,,-4000.0,seq2topt_seq2tm,CPAR2_805110
TR0001122_CYTMEM__plas,314.250068,330.354068,417,,-4000.0,seq2topt_seq2tm,CPAR2_701830
R07045__cyto,301.026112,329.344746,565,,-4000.0,seq2topt_seq2tm,CPAR2_500140
R00590__cyto,308.250657,332.07455,332,,-4000.0,seq2topt_seq2tm,CPAR2_400460
R02473__cyto,302.233042,325.178394,310,,-4000.0,seq2topt_seq2tm,CPAR2_801030
R04482__cyto,319.913878,329.94583,294,,-4000.0,seq2topt_seq2tm,CPAR2_704350
R00092__cyto,302.118889,326.230624,673,,-4000.0,seq2topt_seq2tm,CPAR2_300130
TR1000395_CYTMEM__plas,302.493327,328.607509,550,,-4000.0,seq2topt_seq2tm,CPAR2_702960
R07235__mito,308.524693,326.356664,318,,-4000.0,seq2topt_seq2tm,CPAR2_602300
TR0000074_CYTMEM__plas,296.692821,331.038335,541,,-4000.0,seq2topt_seq2tm,CPAR2_108350
TR0015555_CYTMEM__plas,306.798491,327.35686,658,,-4000.0,median,
R07953__cyto,304.679514,330.082127,394,,-4000.0,seq2topt_seq2tm,CPAR2_212970
R00836__cyto,303.790537,324.817321,487,,-4000.0,seq2topt_seq2tm,CPAR2_205380
R02251__cyto,306.798491,327.35686,645,,-4000.0,median,
R01602__cyto,311.514086,326.988795,671,,-4000.0,seq2topt_seq2tm,CPAR2_106140
R07760__cyto,302.28807,325.919959,205,,-4000.0,seq2topt_seq2tm,CPAR2_704290
TR0003846_CYTMEM__plas,314.250068,330.354068,417,,-4000.0,seq2topt_seq2tm,CPAR2_701830
TR2916859_CYTMEM__plas,289.88967,322.899789,287,,-4000.0,seq2topt_seq2tm,CPAR2_204490
TR0010516_CYTMEM__plas,317.329548,327.815488,296,,-4000.0,seq2topt_seq2tm,CPAR2_301150
TR0000119_CYTMEM__plas,293.738261,328.818986,302,,-4000.0,seq2topt_seq2tm,CPAR2_208040
R08163__cyto,306.798491,327.35686,2047,,-4000.0,median,
R00968__cyto,305.676462,325.873974,621,,-4000.0,seq2topt_seq2tm,CPAR2_404130
R07237__mito,301.325637,325.608119,536,,-4000.0,seq2topt_seq2tm,CPAR2_210690
R01325__mito,305.678826,325.389615,790,,-4000.0,seq2topt_seq2tm,CPAR2_205700
R04734__cyto,304.523227,328.179786,118,,-4000.0,seq2topt_seq2tm,CPAR2_213300
R07859__cyto,306.798491,327.35686,490,,-4000.0,median,
R07042__cyto,301.026112,329.344746,565,,-4000.0,seq2topt_seq2tm,CPAR2_500140
R03093__cyto,314.507414,331.521067,309,,-4000.0,seq2topt_seq2tm,CPAR2_303130
TR0012801_CYTMEM__plas,306.798491,327.35686,962,,-4000.0,median,
TZ2900046_CYTMEM__plas,304.233645,326.783684,766,,-4000.0,seq2topt_seq2tm,CPAR2_806120
TR2900963_CYTMEM__plas,296.007288,327.839896,341,,-4000.0,seq2topt_seq2tm,CPAR2_406100
R02848__cyto,302.874598,328.239587,473,,-4000.0,seq2topt_seq2tm,CPAR2_204260
R04983__mito,309.97492,327.86372,643,,-4000.0,seq2topt_seq2tm,CPAR2_402580
R01676__cyto,313.283353,325.843295,515,,-4000.0,seq2topt_seq2tm,CPAR2_301460
R00094__cyto,306.053845,333.295873,492,,-4000.0,seq2topt_seq2tm,CPAR2_501660
R01899__pero,306.688406,328.180954,420,,-4000.0,seq2topt_seq2tm,CPAR2_209910
R01896__cyto,326.018289,329.115579,373,,-4000.0,seq2topt_seq2tm,CPAR2_101310
R10948__cyto,306.798491,327.35686,2208,,-4000.0,median,CPAR2_203160
TR0002507_CYTMEM__plas,302.918527,326.226565,328,,-4000.0,seq2topt_seq2tm,CPAR2_803540
R00430__cyto,307.432937,327.298191,345,,-4000.0,seq2topt_seq2tm,CPAR2_801560
TR2900024_CYTMEM__plas,289.73807,327.162448,303,,-4000.0,seq2topt_seq2tm,CPAR2_404540
R12424__mito,306.798491,327.35686,413,,-4000.0,median,
R07044__cyto,301.026112,329.344746,565,,-4000.0,seq2topt_seq2tm,CPAR2_500140
TR1001307_CYTMEM__plas,296.692821,331.038335,541,,-4000.0,seq2topt_seq2tm,CPAR2_108350
R03663_Cyto__cyto,302.996157,325.420001,900,,-4000.0,seq2topt_seq2tm,CPAR2_502300
R01230__cyto,306.424251,329.131421,530,,-4000.0,seq2topt_seq2tm,CPAR2_803560
R07761__cyto,300.734783,325.253853,313,,-4000.0,seq2topt_seq2tm,CPAR2_110100
R04325__cyto,323.131484,334.33027,234,,-4000.0,seq2topt_seq2tm,CPAR2_211620
R01326__cyto,302.874598,328.239587,473,,-4000.0,seq2topt_seq2tm,CPAR2_204260
TR0000099_CYTMEM__plas,317.329548,327.815488,296,,-4000.0,seq2topt_seq2tm,CPAR2_301150
R01827__cyto,319.069497,330.220422,324,,-4000.0,seq2topt_seq2tm,CPAR2_202600
R02317__cyto,301.939666,326.5201,1400,,-4000.0,seq2topt_seq2tm,CPAR2_108400
R00524__cyto,323.657058,332.318136,423,,-4000.0,seq2topt_seq2tm,CPAR2_404920
R07892__cyto,304.053425,327.030417,724,,-4000.0,seq2topt_seq2tm,CPAR2_807600
R03777__cyto,303.918338,326.903442,711,,-4000.0,seq2topt_seq2tm,CPAR2_807710
TO1000128_CYTMEM__plas,300.857505,325.477311,565,,-4000.0,seq2topt_seq2tm,CPAR2_201900
TR0002169_CYTMEM__plas,309.892297,325.310662,1163,,-4000.0,seq2topt_seq2tm,CPAR2_105400
R03118__cyto,298.362275,325.132528,1728,,-4000.0,seq2topt_seq2tm,CPAR2_804030
R01548__cyto,305.676462,325.873974,621,,-4000.0,seq2topt_seq2tm,CPAR2_404130
TR2900856_CYTMEM__plas,293.186436,328.34231,289,,-4000.0,seq2topt_seq2tm,CPAR2_600780
TI6900007_CYTMEM__plas,317.30381,328.474692,288,,-4000.0,seq2topt_seq2tm,CPAR2_210070
R12429__mito,307.145404,324.626246,463,,-4000.0,seq2topt_seq2tm,CPAR2_601200
TR0008908_CYTMEM__plas,306.798491,327.35686,962,,-4000.0,median,
TR2901086_CYTMEM__plas,296.007288,327.839896,341,,-4000.0,seq2topt_seq2tm,CPAR2_406100
R00967__cyto,305.676462,325.873974,621,,-4000.0,seq2topt_seq2tm,CPAR2_404130
R02197__mito,303.509373,330.119118,415,,-4000.0,seq2topt_seq2tm,CPAR2_704320
R10852__mito,307.743501,330.870798,267,,-4000.0,seq2topt_seq2tm,CPAR2_400990
R02909__cyto,304.746097,326.456174,426,,-4000.0,seq2topt_seq2tm,CPAR2_100040
R01547__cyto,304.492088,325.333044,252,,-4000.0,seq2topt_seq2tm,CPAR2_602110
TR2900923_CYTMEM__plas,293.053067,325.539783,304,,-4000.0,seq2topt_seq2tm,CPAR2_602130
TR0000052_CYTMEM__plas,293.349577,327.034876,371,,-4000.0,seq2topt_seq2tm,CPAR2_808650
R03778__cyto,304.679514,330.082127,394,,-4000.0,seq2topt_seq2tm,CPAR2_212970
R03090__cyto,301.026112,329.344746,565,,-4000.0,seq2topt_seq2tm,CPAR2_500140
R10852__cyto,307.743501,330.870798,267,,-4000.0,seq2topt_seq2tm,CPAR2_400990
R04673__mito,305.905998,324.789557,683,,-4000.0,seq2topt_seq2tm,CPAR2_406240
R07891__cyto,304.679514,330.082127,394,,-4000.0,seq2topt_seq2tm,CPAR2_212970
TR0000048_CYTMEM__plas,317.329548,327.815488,296,,-4000.0,seq2topt_seq2tm,CPAR2_301150
R12428__mito,306.798491,327.35686,280,,-4000.0,median,
R01268__cyto,347.455558,324.615464,222,,-4000.0,seq2topt_seq2tm,CPAR2_703730
TR0000126_CYTMEM__plas,293.349577,327.034876,371,,-4000.0,seq2topt_seq2tm,CPAR2_808650
R01731__cyto,313.551013,326.910391,518,,-4000.0,seq2topt_seq2tm,CPAR2_500520
R00028__cyto,317.03841,332.963052,584,,-4000.0,seq2topt_seq2tm,CPAR2_400770
R10851__cyto,307.743501,330.870798,267,,-4000.0,seq2topt_seq2tm,CPAR2_400990
R08193__cyto,311.140665,326.32992,533,,-4000.0,seq2topt_seq2tm,CPAR2_201630
R07486__cyto,301.676793,327.801982,405,,-4000.0,seq2topt_seq2tm,CPAR2_105550
R04892__cyto,310.550465,329.529211,501,,-4000.0,seq2topt_seq2tm,CPAR2_203980
R04326__cyto,323.131484,334.33027,234,,-4000.0,seq2topt_seq2tm,CPAR2_211620
TR2900235_CYTMEM__plas,297.104886,328.070626,382,,-4000.0,seq2topt_seq2tm,CPAR2_103870
R01986__cyto,310.550465,329.529211,501,,-4000.0,seq2topt_seq2tm,CPAR2_203980
R12205__cyto,301.826498,326.760957,432,,-4000.0,seq2topt_seq2tm,CPAR2_801860
R01327__cyto,302.874598,328.239587,473,,-4000.0,seq2topt_seq2tm,CPAR2_204260
R07324__cyto,310.180889,327.563068,520,,-4000.0,seq2topt_seq2tm,CPAR2_200650
R00746__cyto,321.550934,329.860404,336,,-4000.0,seq2topt_seq2tm,CPAR2_800970
TI6900011_CYTMEM__plas,317.30381,328.474692,288,,-4000.0,seq2topt_seq2tm,CPAR2_210070
R03460__cyto,304.95027,326.823923,1557,,-4000.0,seq2topt_seq2tm,CPAR2_400020
R03245__cyto,314.746377,325.66227,421,,-4000.0,seq2topt_seq2tm,CPAR2_400710
R03300__cyto,310.550465,329.529211,501,,-4000.0,seq2topt_seq2tm,CPAR2_203980
TR0002603_CYTMEM__plas,306.798491,327.35686,694,,-4000.0,median,
R07765__cyto,306.798491,327.35686,2047,,-4000.0,median,
R00025__cyto,306.636303,326.694563,373,,-4000.0,seq2topt_seq2tm,CPAR2_703310
TO1000246_CYTMEM__plas,300.437986,325.474682,625,,-4000.0,seq2topt_seq2tm,CPAR2_209780
R07109__cyto,313.068362,326.011345,628,,-4000.0,seq2topt_seq2tm,CPAR2_804090
R01395__cyto,305.79527,327.209118,418,,-4000.0,seq2topt_seq2tm,CPAR2_401060
R07392__cyto,304.961918,327.441666,270,,-4000.0,seq2topt_seq2tm,CPAR2_100590
R02695__cyto,310.550465,329.529211,501,,-4000.0,seq2topt_seq2tm,CPAR2_203980
R06521__mito,322.981395,329.687354,259,,-4000.0,seq2topt_seq2tm,CPAR2_207800
R05000__mito,304.974553,325.632963,365,,-4000.0,seq2topt_seq2tm,CPAR2_200190
R10634__cyto,306.798491,327.35686,499,,-4000.0,median,
R01549__cyto,305.676462,325.873974,621,,-4000.0,seq2topt_seq2tm,CPAR2_404130
R02315__cyto,320.242531,330.683979,444,,-4000.0,seq2topt_seq2tm,CPAR2_808420
R01010__cyto,309.156625,329.329839,168,,-4000.0,seq2topt_seq2tm,CPAR2_804710
R00802__cyto,317.03841,332.963052,584,,-4000.0,seq2topt_seq2tm,CPAR2_400770
R00189__cyto,305.570411,327.29632,712,,-4000.0,seq2topt_seq2tm,CPAR2_214140
R10040__cyto,331.791343,325.91168,906,,-4000.0,seq2topt_seq2tm,CPAR2_200980
TO0001217_CYTMEM__plas,316.20606,331.455848,420,,-4000.0,seq2topt_seq2tm,CPAR2_107960
TR0000304_CYTMEM__plas,309.892297,325.310662,1163,,-4000.0,seq2topt_seq2tm,CPAR2_105400
TR0000355_CYTMEM__plas,293.349577,327.034876,371,,-4000.0,seq2topt_seq2tm,CPAR2_808650
R02537__cyto,310.550465,329.529211,501,,-4000.0,seq2topt_seq2tm,CPAR2_203980
R01826__cyto,312.881537,327.480331,358,,-4000.0,seq2topt_seq2tm,CPAR2_211970
R01013__cyto,303.844864,324.051628,753,,-4000.0,seq2topt_seq2tm,CPAR2_102320
R07489__mito,301.409309,329.553244,522,,-4000.0,seq2topt_seq2tm,CPAR2_703970
TO1021423_CYTMEM__plas,300.437986,325.474682,625,,-4000.0,seq2topt_seq2tm,CPAR2_209780
R07048__cyto,301.026112,329.344746,565,,-4000.0,seq2topt_seq2tm,CPAR2_500140
R02534__cyto,317.219152,332.024655,256,,-4000.0,seq2topt_seq2tm,CPAR2_703530
R01730__cyto,315.643386,327.89751,440,,-4000.0,seq2topt_seq2tm,CPAR2_400720
R02038__cyto,303.746584,327.448002,404,,-4000.0,seq2topt_seq2tm,CPAR2_213520
R04390__cyto,306.798491,327.35686,1400,,-4000.0,median,
TR0000188_CYTMEM__plas,314.250068,330.354068,417,,-4000.0,seq2topt_seq2tm,CPAR2_701830
R02814__cyto,306.798491,327.35686,2047,,-4000.0,median,
TR0000008_CYTMEM__plas,306.798491,327.35686,711,,-4000.0,median,
R02536__cyto,310.550465,329.529211,501,,-4000.0,seq2topt_seq2tm,CPAR2_203980
R02697__cyto,310.550465,329.529211,501,,-4000.0,seq2topt_seq2tm,CPAR2_203980
R03243__cyto,308.539688,330.499259,394,,-4000.0,seq2topt_seq2tm,CPAR2_402380
R02976__mito,307.776131,324.766079,561,,-4000.0,seq2topt_seq2tm,CPAR2_804970
R00961__cyto,306.798491,327.35686,714,,-4000.0,median,
TR0000947_CYTMEM__plas,306.798491,327.35686,962,,-4000.0,median,
R04672__mito,305.905998,324.789557,683,,-4000.0,seq2topt_seq2tm,CPAR2_406240
R02756__cyto,306.798491,327.35686,297,,-4000.0,median,
TZ2900068_CYTMEM__plas,304.233645,326.783684,766,,-4000.0,seq2topt_seq2tm,CPAR2_806120
R01829__cyto,321.164563,327.894369,359,,-4000.0,seq2topt_seq2tm,CPAR2_401230
R06521__cyto,322.981395,329.687354,259,,-4000.0,seq2topt_seq2tm,CPAR2_207800
TR2900275_CYTMEM__plas,292.155382,326.846972,294,,-4000.0,seq2topt_seq2tm,CPAR2_805840
R02976__cyto,307.776131,324.766079,561,,-4000.0,seq2topt_seq2tm,CPAR2_804970
TR1000222_CYTMEM__plas,293.657866,327.854612,572,,-4000.0,seq2topt_seq2tm,CPAR2_212850
R01608__cyto,311.875998,326.195171,358,,-4000.0,seq2topt_seq2tm,CPAR2_601180
TR0003850_CYTMEM__plas,314.250068,330.354068,417,,-4000.0,seq2topt_seq2tm,CPAR2_701830
R00742__cyto,306.688209,327.378359,1825,,-4000.0,seq2topt_seq2tm,CPAR2_105520
R03522__cyto,315.918238,335.428461,562,,-4000.0,seq2topt_seq2tm,CPAR2_103090
R01231__cyto,306.424251,329.131421,530,,-4000.0,seq2topt_seq2tm,CPAR2_803560
R06740__cyto,312.899697,327.554789,661,,-4000.0,seq2topt_seq2tm,CPAR2_104430
R00962__cyto,305.676462,325.873974,621,,-4000.0,seq2topt_seq2tm,CPAR2_404130
R07108__cyto,313.068362,326.011345,628,,-4000.0,seq2topt_seq2tm,CPAR2_804090
R03302__cyto,310.550465,329.529211,501,,-4000.0,seq2topt_seq2tm,CPAR2_203980
R00465__cyto,322.345518,330.675522,342,,-4000.0,seq2topt_seq2tm,CPAR2_407610
R00187__cyto,313.415143,328.812131,184,,-4000.0,seq2topt_seq2tm,CPAR2_404830
R01392__cyto,322.345518,330.675522,342,,-4000.0,seq2topt_seq2tm,CPAR2_407610
R01890__cyto,307.314755,327.008209,500,,-4000.0,seq2topt_seq2tm,CPAR2_402510
R00801__cyto,317.03841,332.963052,584,,-4000.0,seq2topt_seq2tm,CPAR2_400770
R00245__cyto,299.610192,322.904813,591,,-4000.0,seq2topt_seq2tm,CPAR2_101480
R01011__cyto,309.260101,326.631185,592,,-4000.0,seq2topt_seq2tm,CPAR2_700910
TR2900135_CYTMEM__plas,297.104886,328.070626,382,,-4000.0,seq2topt_seq2tm,CPAR2_103870
R04171__cyto,313.551013,326.910391,518,,-4000.0,seq2topt_seq2tm,CPAR2_500520
R06520__cyto,322.981395,329.687354,259,,-4000.0,seq2topt_seq2tm,CPAR2_207800
R00776__cyto,303.312055,327.474567,213,,-4000.0,seq2topt_seq2tm,CPAR2_401690
R04883__cyto,310.550465,329.529211,501,,-4000.0,seq2topt_seq2tm,CPAR2_203980
R00235__cyto,307.318979,328.477266,669,,-4000.0,seq2topt_seq2tm,CPAR2_106960
R00940__mito,304.016618,330.851319,141,,-4000.0,seq2topt_seq2tm,CPAR2_704170
TR2900264_CYTMEM__plas,297.104886,328.070626,382,,-4000.0,seq2topt_seq2tm,CPAR2_103870
R01512__cyto,303.506966,327.469149,417,,-4000.0,seq2topt_seq2tm,CPAR2_602950
R02236__cyto,304.016618,330.851319,141,,-4000.0,seq2topt_seq2tm,CPAR2_704170
R05066__cyto,311.875998,326.195171,358,,-4000.0,seq2topt_seq2tm,CPAR2_601180
TR0001743_CYTMEM__plas,306.798491,327.35686,962,,-4000.0,median,
R00256__mito,314.017056,335.887954,292,,-4000.0,seq2topt_seq2tm,CPAR2_106660
R02695__pero,310.550465,329.529211,501,,-4000.0,seq2topt_seq2tm,CPAR2_203980
R06517__cyto,299.693005,324.64529,415,,-4000.0,seq2topt_seq2tm,CPAR2_803230
R03103__cyto,301.939666,326.5201,1400,,-4000.0,seq2topt_seq2tm,CPAR2_108400
TR2900813_CYTMEM__plas,306.798491,327.35686,377,,-4000.0,median,
R00409__cyto,306.303219,326.77249,545,,-4000.0,seq2topt_seq2tm,CPAR2_105270
R02472__cyto,310.205047,332.569954,350,,-4000.0,seq2topt_seq2tm,CPAR2_103670
R03239__cyto,309.743935,333.049879,952,,-4000.0,seq2topt_seq2tm,CPAR2_703030
TR2916158_CYTMEM__plas,307.653722,329.079679,603,,-4000.0,seq2topt_seq2tm,CPAR2_700120
TR0011422_CYTMEM__plas,306.798491,327.35686,591,,-4000.0,median,
TR1019001_CYTMEM__plas,296.692821,331.038335,541,,-4000.0,seq2topt_seq2tm,CPAR2_108350
R04173__cyto,336.534175,335.064229,392,,-4000.0,seq2topt_seq2tm,CPAR2_104790
R00087__cyto,306.798491,327.35686,364,,-4000.0,median,
R07346__cyto,302.439726,327.570328,279,,-4000.0,seq2topt_seq2tm,CPAR2_501140
R02100__cyto,311.474854,331.861118,157,,-4000.0,seq2topt_seq2tm,CPAR2_109130
R08770__mito,301.438273,328.566304,485,,-4000.0,seq2topt_seq2tm,CPAR2_108790
R03300__pero,310.550465,329.529211,501,,-4000.0,seq2topt_seq2tm,CPAR2_203980
R04888__cyto,310.550465,329.529211,501,,-4000.0,seq2topt_seq2tm,CPAR2_203980
R02088__cyto,305.623018,328.535751,229,,-4000.0,seq2topt_seq2tm,CPAR2_802580
TZ3000021_CYTMEM__plas,299.614457,324.317375,753,,-4000.0,seq2topt_seq2tm,CPAR2_701660
R00709__mito,309.598828,326.945677,365,,-4000.0,seq2topt_seq2tm,CPAR2_803630
R03283__pero,310.550465,329.529211,501,,-4000.0,seq2topt_seq2tm,CPAR2_203980
R00996_Mito__mito,303.312746,326.163742,442,,-4000.0,seq2topt_seq2tm,CPAR2_304120
R09511__cyto,300.931929,325.720134,446,,-4000.0,seq2topt_seq2tm,CPAR2_804110
TR0011456_CYTMEM__plas,306.798491,327.35686,694,,-4000.0,median,
TR0015528_CYTMEM__plas,306.798491,327.35686,694,,-4000.0,median,
R05640__cyto,301.740825,327.465257,522,,-4000.0,seq2topt_seq2tm,CPAR2_303740
R00497__cyto,307.50874,324.27614,487,,-4000.0,seq2topt_seq2tm,CPAR2_702170
R00087__mito,306.798491,327.35686,364,,-4000.0,median,
R02920__cyto,317.219152,332.024655,256,,-4000.0,seq2topt_seq2tm,CPAR2_703530
R07046__cyto,301.026112,329.344746,565,,-4000.0,seq2topt_seq2tm,CPAR2_500140
TR0002601_CYTMEM__plas,306.798491,327.35686,694,,-4000.0,median,
R01402__cyto,308.284463,327.35686,329,,-4000.0,seq2topt_seq2tm,CPAR2_503550
R00268__pero,306.688406,328.180954,420,,-4000.0,seq2topt_seq2tm,CPAR2_209910
R08283__pero,310.550465,329.529211,501,,-4000.0,seq2topt_seq2tm,CPAR2_203980
R04457__cyto,312.551532,331.667975,164,,-4000.0,seq2topt_seq2tm,CPAR2_107590
R00425__cyto,306.798491,327.35686,428,,-4000.0,median,
TR0001741_CYTMEM__plas,314.250068,330.354068,417,,-4000.0,seq2topt_seq2tm,CPAR2_701830
R00966__cyto,342.491118,334.24724,218,,-4000.0,seq2topt_seq2tm,CPAR2_502030
R00996__cyto,303.312746,326.163742,442,,-4000.0,seq2topt_seq2tm,CPAR2_304120
R04867__cyto,306.798491,327.35686,1149,,-4000.0,median,
R01018__cyto,302.437986,325.013986,585,,-4000.0,seq2topt_seq2tm,CPAR2_102090
R02282__cyto,314.358379,327.657816,437,,-4000.0,seq2topt_seq2tm,CPAR2_301210
R02971__cyto,303.310646,324.812874,578,,-4000.0,seq2topt_seq2tm,CPAR2_602050
R08360__cyto,306.798491,327.35686,200,,-4000.0,median,
R04558__cyto,305.439934,331.527939,594,,-4000.0,seq2topt_seq2tm,CPAR2_703170
R03665__cyto,301.941554,325.327572,1054,,-4000.0,seq2topt_seq2tm,CPAR2_104470
R07456__cyto,314.017056,335.887954,292,,-4000.0,seq2topt_seq2tm,CPAR2_106660
R02493__cyto,313.429469,326.231048,387,,-4000.0,seq2topt_seq2tm,CPAR2_103710
R06863__cyto,328.167536,330.49731,681,,-4000.0,seq2topt_seq2tm,CPAR2_804740
R02531__cyto,311.919243,328.782609,317,,-4000.0,seq2topt_seq2tm,CPAR2_101350
R00214__mito,306.040956,325.372449,637,,-4000.0,seq2topt_seq2tm,CPAR2_602260
TR2900095_CYTMEM__plas,308.780636,330.586717,626,,-4000.0,seq2topt_seq2tm,CPAR2_501920
R00125__cyto,312.397459,325.495896,342,,-4000.0,seq2topt_seq2tm,CPAR2_703720
R04537__cyto,306.798491,327.35686,1966,,-4000.0,median,
TR2900847_CYTMEM__plas,293.186436,328.34231,289,,-4000.0,seq2topt_seq2tm,CPAR2_600780
R08539__cyto,306.798491,327.35686,681,,-4000.0,median,
R00725__cyto,302.874598,328.239587,473,,-4000.0,seq2topt_seq2tm,CPAR2_204260
R04300__cyto,312.899697,327.554789,661,,-4000.0,seq2topt_seq2tm,CPAR2_104430
R00256__cyto,314.017056,335.887954,292,,-4000.0,seq2topt_seq2tm,CPAR2_106660
R00755__cyto,307.295848,326.38503,566,,-4000.0,seq2topt_seq2tm,CPAR2_501020
R01318__cyto,306.798491,327.35686,506,,-4000.0,median,
R03534__cyto,308.982492,328.253761,400,,-4000.0,seq2topt_seq2tm,CPAR2_207030
R00066__cyto,304.301612,330.442759,237,,-4000.0,seq2topt_seq2tm,CPAR2_100220
R03424__cyto,306.798491,327.35686,664,,-4000.0,median,
TO1000419_CYTMEM__plas,303.069598,326.666668,513,,-4000.0,seq2topt_seq2tm,CPAR2_806580
R09993__cyto,309.886865,329.55322,545,,-4000.0,seq2topt_seq2tm,CPAR2_211900
R02142__cyto,316.050013,326.92835,213,,-4000.0,seq2topt_seq2tm,CPAR2_212270
R00945__cyto,311.113042,330.476496,470,,-4000.0,seq2topt_seq2tm,CPAR2_600480
R01711__cyto,303.696978,326.008216,257,,-4000.0,seq2topt_seq2tm,CPAR2_204180
R11765__cyto,304.016618,330.851319,141,,-4000.0,seq2topt_seq2tm,CPAR2_704170
R06364__cyto,308.205281,328.374448,395,,-4000.0,seq2topt_seq2tm,CPAR2_703140
TR2900232_CYTMEM__plas,297.104886,328.070626,382,,-4000.0,seq2topt_seq2tm,CPAR2_103870
TR0011657_CYTMEM__plas,306.798491,327.35686,308,,-4000.0,median,
R01758__cyto,311.919243,328.782609,317,,-4000.0,seq2topt_seq2tm,CPAR2_101350
R01648__cyto,310.93999,331.471905,472,,-4000.0,seq2topt_seq2tm,CPAR2_211040
TR0005274_CYTMEM__plas,314.250068,330.354068,417,,-4000.0,seq2topt_seq2tm,CPAR2_701830
R04427__cyto,310.578732,329.399142,376,,-4000.0,seq2topt_seq2tm,CPAR2_405010
R01868__cyto,310.220675,327.705106,439,,-4000.0,seq2topt_seq2tm,CPAR2_804900
R01575__cyto,313.139916,327.073684,328,,-4000.0,seq2topt_seq2tm,CPAR2_806240
R00226__mito,305.905998,324.789557,683,,-4000.0,seq2topt_seq2tm,CPAR2_406240
TR2019240_CYTMEM__plas,305.448217,323.413238,474,,-4000.0,seq2topt_seq2tm,CPAR2_200150
R11765__mito,304.016618,330.851319,141,,-4000.0,seq2topt_seq2tm,CPAR2_704170
TR2916889_CYTMEM__plas,292.155382,326.846972,294,,-4000.0,seq2topt_seq2tm,CPAR2_805840
R00713__cyto,308.966431,326.494023,497,,-4000.0,seq2topt_seq2tm,CPAR2_404090
R10057__cyto,303.718113,326.509461,301,,-4000.0,seq2topt_seq2tm,CPAR2_400970
R00615__cyto,307.088706,325.836399,455,,-4000.0,seq2topt_seq2tm,CPAR2_213120
TR0012300_CYTMEM__plas,306.798491,327.35686,694,,-4000.0,median,
R03269__cyto,309.588164,325.742927,588,,-4000.0,seq2topt_seq2tm,CPAR2_800750
R00434__cyto,306.798491,327.35686,980,,-4000.0,median,
R07481__cyto,310.578732,329.399142,376,,-4000.0,seq2topt_seq2tm,CPAR2_405010
TO1000220_CYTMEM__plas,300.857505,325.477311,565,,-4000.0,seq2topt_seq2tm,CPAR2_201900
TR0002846_CYTMEM__plas,314.250068,330.354068,417,,-4000.0,seq2topt_seq2tm,CPAR2_701830
R01137__cyto,306.798491,327.35686,151,,-4000.0,median,
TO1003279_CYTMEM__plas,300.437986,325.474682,625,,-4000.0,seq2topt_seq2tm,CPAR2_209780
R02135__cyto,309.156625,329.329839,168,,-4000.0,seq2topt_seq2tm,CPAR2_804710
R00987__cyto,309.788925,327.945748,461,,-4000.0,seq2topt_seq2tm,CPAR2_207220
R02025__cyto,311.123982,326.287136,203,,-4000.0,seq2topt_seq2tm,CPAR2_600890
TR0002996_CYTMEM__plas,306.798491,327.35686,962,,-4000.0,median,
R01039__cyto,311.904172,327.400586,295,,-4000.0,seq2topt_seq2tm,CPAR2_808750
R09372__cyto,298.031862,335.463962,320,,-4000.0,seq2topt_seq2tm,CPAR2_303180
R00155__cyto,306.798491,327.35686,714,,-4000.0,median,
R02294__cyto,307.017463,331.109622,306,,-4000.0,seq2topt_seq2tm,CPAR2_103240
R00391__cyto,304.679514,330.082127,394,,-4000.0,seq2topt_seq2tm,CPAR2_212970
R04963__cyto,306.798491,327.35686,1966,,-4000.0,median,
TR1000100_CYTMEM__plas,296.692821,331.038335,541,,-4000.0,seq2topt_seq2tm,CPAR2_108350
TR2900282_CYTMEM__plas,292.155382,326.846972,294,,-4000.0,seq2topt_seq2tm,CPAR2_805840
R00010__cyto,312.487932,329.043409,1071,,-4000.0,seq2topt_seq2tm,CPAR2_208980
TR2000558_CYTMEM__plas,307.653722,329.079679,603,,-4000.0,seq2topt_seq2tm,CPAR2_700120
R01639__cyto,305.551035,326.742581,620,,-4000.0,seq2topt_seq2tm,CPAR2_500850
R10052__cyto,306.730059,324.405655,373,,-4000.0,seq2topt_seq2tm,CPAR2_805510
R08159__cyto,306.798491,327.35686,2047,,-4000.0,median,
TO1000218_CYTMEM__plas,303.069598,326.666668,513,,-4000.0,seq2topt_seq2tm,CPAR2_806580
TR2916906_CYTMEM__plas,294.427614,327.438626,342,,-4000.0,seq2topt_seq2tm,CPAR2_404450
R01373__cyto,309.72673,325.737026,293,,-4000.0,seq2topt_seq2tm,CPAR2_102850
R00670__cyto,309.763169,325.574532,466,,-4000.0,seq2topt_seq2tm,CPAR2_110210
R02354__e_r_,301.026112,329.344746,565,,-4000.0,seq2topt_seq2tm,CPAR2_500140
R11861__cyto,304.806436,327.145627,249,,-4000.0,seq2topt_seq2tm,CPAR2_402290
R04956__cyto,306.798491,327.35686,1178,,-4000.0,median,
TR0012322_CYTMEM__plas,306.798491,327.35686,694,,-4000.0,median,
R00277__cyto,303.696978,326.008216,257,,-4000.0,seq2topt_seq2tm,CPAR2_204180
R00549__cyto,303.897203,328.263685,182,,-4000.0,seq2topt_seq2tm,CPAR2_202590
TR0000114_CYTMEM__plas,293.349577,327.034876,371,,-4000.0,seq2topt_seq2tm,CPAR2_808650
R08548__cyto,309.061961,327.815178,254,,-4000.0,seq2topt_seq2tm,CPAR2_503990
TR0000536_CYTMEM__plas,314.250068,330.354068,417,,-4000.0,seq2topt_seq2tm,CPAR2_701830
R01870__cyto,316.232314,332.034543,219,,-4000.0,seq2topt_seq2tm,CPAR2_802790
TR0015538_CYTMEM__plas,306.798491,327.35686,694,,-4000.0,median,
R03051__mito,309.174842,327.535149,397,,-4000.0,seq2topt_seq2tm,CPAR2_603140
R09377__cyto,305.918179,330.085948,581,,-4000.0,seq2topt_seq2tm,CPAR2_303420
R03438__cyto,306.798491,327.35686,506,,-4000.0,median,
TR2916916_CYTMEM__plas,289.73807,327.162448,303,,-4000.0,seq2topt_seq2tm,CPAR2_404540
R02058__cyto,304.857051,330.759826,156,,-4000.0,seq2topt_seq2tm,CPAR2_211290
TR0015536_CYTMEM__plas,306.798491,327.35686,603,,-4000.0,median,
TR2916891_CYTMEM__plas,292.155382,326.846972,294,,-4000.0,seq2topt_seq2tm,CPAR2_805840
R04968__cyto,306.798491,327.35686,1966,,-4000.0,median,
R05734__cyto,303.718113,326.509461,301,,-4000.0,seq2topt_seq2tm,CPAR2_400970
TR1000926_CYTMEM__plas,312.109901,328.904185,512,,-4000.0,seq2topt_seq2tm,CPAR2_203510
R05070__mito,308.615913,327.296773,591,,-4000.0,seq2topt_seq2tm,CPAR2_100130
TR2916887_CYTMEM__plas,299.355009,328.647891,303,,-4000.0,seq2topt_seq2tm,CPAR2_603710
TR0003557_CYTMEM__plas,306.798491,327.35686,694,,-4000.0,median,
TR2900278_CYTMEM__plas,292.155382,326.846972,294,,-4000.0,seq2topt_seq2tm,CPAR2_805840
TR0000331_CYTMEM__plas,302.918527,326.226565,328,,-4000.0,seq2topt_seq2tm,CPAR2_803540
R01529__cyto,307.745432,331.326649,230,,-4000.0,seq2topt_seq2tm,CPAR2_300170
TR2900220_CYTMEM__plas,297.104886,328.070626,382,,-4000.0,seq2topt_seq2tm,CPAR2_103870
TR0002088_CYTMEM__plas,306.798491,327.35686,962,,-4000.0,median,
R00767__cyto,309.743935,333.049879,952,,-4000.0,seq2topt_seq2tm,CPAR2_703030
R07899__cyto,310.550465,329.529211,501,,-4000.0,seq2topt_seq2tm,CPAR2_203980
R00940__cyto,304.016618,330.851319,141,,-4000.0,seq2topt_seq2tm,CPAR2_704170
R04972__cyto,327.953624,333.021733,360,,-4000.0,seq2topt_seq2tm,CPAR2_404040
R07641__cyto,306.798491,327.35686,2208,,-4000.0,median,CPAR2_203160
R06875__cyto,306.798491,327.35686,786,,-4000.0,median,
R01964__cyto,302.874598,328.239587,473,,-4000.0,seq2topt_seq2tm,CPAR2_204260
TR2004654_CYTMEM__plas,307.653722,329.079679,603,,-4000.0,seq2topt_seq2tm,CPAR2_700120
R10994__cyto,307.50874,324.27614,487,,-4000.0,seq2topt_seq2tm,CPAR2_702170
TR0002649_CYTMEM__plas,306.798491,327.35686,694,,-4000.0,median,
R04862__cyto,326.1191,331.98522,369,,-4000.0,seq2topt_seq2tm,CPAR2_802940
R02557__cyto,307.017463,331.109622,306,,-4000.0,seq2topt_seq2tm,CPAR2_103240
R03222__cyto,304.521002,327.345046,533,,-4000.0,seq2topt_seq2tm,CPAR2_804760
R12403__cyto,303.718113,326.509461,301,,-4000.0,seq2topt_seq2tm,CPAR2_400970
R00006__mito,305.905998,324.789557,683,,-4000.0,seq2topt_seq2tm,CPAR2_406240
T02161__mito,306.798491,327.35686,250,,-4000.0,median,
R05556__cyto,308.235908,325.03008,358,,-4000.0,seq2topt_seq2tm,CPAR2_405540
TR2900250_CYTMEM__plas,297.104886,328.070626,382,,-4000.0,seq2topt_seq2tm,CPAR2_103870
R01863__cyto,307.017463,331.109622,306,,-4000.0,seq2topt_seq2tm,CPAR2_103240
R11097__mito,301.409309,329.553244,522,,-4000.0,seq2topt_seq2tm,CPAR2_703970
R02887__cyto,331.791343,325.91168,906,,-4000.0,seq2topt_seq2tm,CPAR2_200980
R03220__cyto,303.056863,330.222121,324,,-4000.0,seq2topt_seq2tm,CPAR2_103450
R00551__cyto,314.599342,330.511019,316,,-4000.0,seq2topt_seq2tm,CPAR2_100820
TR2900248_CYTMEM__plas,297.104886,328.070626,382,,-4000.0,seq2topt_seq2tm,CPAR2_103870
TO0000246_CYTMEM__plas,316.20606,331.455848,420,,-4000.0,seq2topt_seq2tm,CPAR2_107960
TO1000577_CYTMEM__plas,300.857505,325.477311,565,,-4000.0,seq2topt_seq2tm,CPAR2_201900
TR2900849_CYTMEM__plas,295.577001,328.542033,318,,-4000.0,seq2topt_seq2tm,CPAR2_100870
R09541__cyto,302.882594,327.777579,583,,-4000.0,seq2topt_seq2tm,CPAR2_300620
R02236__mito,304.016618,330.851319,141,,-4000.0,seq2topt_seq2tm,CPAR2_704170
R03990__cyto,304.053425,327.030417,724,,-4000.0,seq2topt_seq2tm,CPAR2_807600
R10120__cyto,306.798491,327.35686,801,,-4000.0,median,
R00830__cyto,307.993419,326.301417,596,,-4000.0,seq2topt_seq2tm,CPAR2_801090
R05615__cyto,304.974553,325.632963,365,,-4000.0,seq2topt_seq2tm,CPAR2_200190
R04959__cyto,306.798491,327.35686,1178,,-4000.0,median,
R05725__cyto,321.473607,328.548631,397,,-4000.0,seq2topt_seq2tm,CPAR2_101680
R00391__mito,304.679514,330.082127,394,,-4000.0,seq2topt_seq2tm,CPAR2_212970
R00936__mito,299.664966,323.199245,550,,-4000.0,seq2topt_seq2tm,CPAR2_500880
R03660__cyto,306.638588,326.162544,590,,-4000.0,seq2topt_seq2tm,CPAR2_800830
R10826__cyto,306.798491,327.35686,355,,-4000.0,median,
TR2901091_CYTMEM__plas,306.798491,327.35686,324,,-4000.0,median,
R03869__cyto,300.18218,329.107758,575,,-4000.0,seq2topt_seq2tm,CPAR2_703590
TO1000242_CYTMEM__plas,301.530076,326.791927,274,,-4000.0,seq2topt_seq2tm,CPAR2_101880
R11100__cyto,305.517139,327.334139,355,,-4000.0,seq2topt_seq2tm,CPAR2_213940
R02291__cyto,329.905131,329.283866,363,,-4000.0,seq2topt_seq2tm,CPAR2_210860
R12405__cyto,307.432937,327.298191,345,,-4000.0,seq2topt_seq2tm,CPAR2_801560
TR2900230_CYTMEM__plas,297.104886,328.070626,382,,-4000.0,seq2topt_seq2tm,CPAR2_103870
R00771__cyto,304.202885,326.679233,549,,-4000.0,seq2topt_seq2tm,CPAR2_204880
R06875__mito,306.798491,327.35686,786,,-4000.0,median,
R07034__cyto,305.471219,323.980138,312,,-4000.0,seq2topt_seq2tm,CPAR2_104050
TR0003555_CYTMEM__plas,314.250068,330.354068,417,,-4000.0,seq2topt_seq2tm,CPAR2_701830
R00842__mito,312.322261,327.991107,371,,-4000.0,seq2topt_seq2tm,CPAR2_601770
R01004__cyto,322.69348,327.142116,234,,-4000.0,seq2topt_seq2tm,CPAR2_106240
TR2900875_CYTMEM__plas,293.186436,328.34231,289,,-4000.0,seq2topt_seq2tm,CPAR2_600780
R00678__cyto,304.746097,326.456174,426,,-4000.0,seq2topt_seq2tm,CPAR2_100040
R01057__cyto,315.870906,330.817822,560,,-4000.0,seq2topt_seq2tm,CPAR2_800220
R04509__cyto,309.886865,329.55322,545,,-4000.0,seq2topt_seq2tm,CPAR2_211900
R10208__cyto,306.798491,327.35686,2047,,-4000.0,median,
R02412__cyto,304.95027,326.823923,1557,,-4000.0,seq2topt_seq2tm,CPAR2_400020
R01135__cyto,336.357414,337.238631,428,,-4000.0,seq2topt_seq2tm,CPAR2_803640
TR1009049_CYTMEM__plas,307.852742,329.776093,516,,-4000.0,seq2topt_seq2tm,CPAR2_203500
TO1001401_CYTMEM__plas,300.857505,325.477311,565,,-4000.0,seq2topt_seq2tm,CPAR2_201900
TR0000209_CYTMEM__plas,317.329548,327.815488,296,,-4000.0,seq2topt_seq2tm,CPAR2_301150
R04035__cyto,301.131663,324.824002,848,,-4000.0,seq2topt_seq2tm,CPAR2_402720
R02543__cyto,299.693005,324.64529,415,,-4000.0,seq2topt_seq2tm,CPAR2_803230
R08360__pero,306.798491,327.35686,200,,-4000.0,median,
R03656__cyto,311.567233,328.594342,1088,,-4000.0,seq2topt_seq2tm,CPAR2_601570
R02985__cyto,297.449465,325.34605,663,,-4000.0,seq2topt_seq2tm,CPAR2_200990
TO0003279_CYTMEM__plas,316.20606,331.455848,420,,-4000.0,seq2topt_seq2tm,CPAR2_107960
R04209__cyto,309.707014,335.651848,570,,-4000.0,seq2topt_seq2tm,CPAR2_805940
R12121__mito,301.740825,327.465257,522,,-4000.0,seq2topt_seq2tm,CPAR2_303740
TR0000365_CYTMEM__plas,309.892297,325.310662,1163,,-4000.0,seq2topt_seq2tm,CPAR2_105400
R02536__pero,310.550465,329.529211,501,,-4000.0,seq2topt_seq2tm,CPAR2_203980
R04724__cyto,306.798491,327.35686,2047,,-4000.0,median,
R01130__cyto,299.557068,324.710903,619,,-4000.0,seq2topt_seq2tm,CPAR2_701040
R00289__cyto,305.294701,326.044771,505,,-4000.0,seq2topt_seq2tm,CPAR2_203830
TR0012802_CYTMEM__plas,306.798491,327.35686,694,,-4000.0,median,
R00895__cyto,314.250068,330.354068,417,,-4000.0,seq2topt_seq2tm,CPAR2_701830
R00659__cyto,300.747731,328.393379,504,,-4000.0,seq2topt_seq2tm,CPAR2_209240
R02527__cyto,322.345518,330.675522,342,,-4000.0,seq2topt_seq2tm,CPAR2_407610
R01315__cyto,306.798491,327.35686,490,,-4000.0,median,
TR0000532_CYTMEM__plas,317.329548,327.815488,296,,-4000.0,seq2topt_seq2tm,CPAR2_301150
TR0015532_CYTMEM__plas,306.798491,327.35686,694,,-4000.0,median,
R00769__cyto,309.743935,333.049879,952,,-4000.0,seq2topt_seq2tm,CPAR2_703030
TR2900025_CYTMEM__plas,289.73807,327.162448,303,,-4000.0,seq2topt_seq2tm,CPAR2_404540
R01009__cyto,309.930152,332.297954,237,,-4000.0,seq2topt_seq2tm,CPAR2_804380
TR2000054_CYTMEM__plas,311.637371,325.961623,1087,,-4000.0,seq2topt_seq2tm,CPAR2_703450
R02133__cyto,309.886865,329.55322,545,,-4000.0,seq2topt_seq2tm,CPAR2_211900
R01071__cyto,305.066353,326.251242,303,,-4000.0,seq2topt_seq2tm,CPAR2_100200
TR2900136_CYTMEM__plas,297.104886,328.070626,382,,-4000.0,seq2topt_seq2tm,CPAR2_103870
R01800__cyto,304.234564,325.928983,282,,-4000.0,seq2topt_seq2tm,CPAR2_209060
TR0011677_CYTMEM__plas,306.798491,327.35686,962,,-4000.0,median,
R01352__cyto,306.798491,327.35686,305,,-4000.0,median,
R03894__cyto,305.45249,325.943038,625,,-4000.0,seq2topt_seq2tm,CPAR2_203270
R03658__cyto,300.59054,325.389001,599,,-4000.0,seq2topt_seq2tm,CPAR2_807790
R02175__mito,308.524693,326.356664,318,,-4000.0,seq2topt_seq2tm,CPAR2_602300
R00694__cyto,313.551013,326.910391,518,,-4000.0,seq2topt_seq2tm,CPAR2_500520
R01961__cyto,302.874598,328.239587,473,,-4000.0,seq2topt_seq2tm,CPAR2_204260
TO1000654_CYTMEM__plas,300.437986,325.474682,625,,-4000.0,seq2topt_seq2tm,CPAR2_209780
R07506__cyto,306.798491,327.35686,522,,-4000.0,median,
TO1000009_CYTMEM__plas,306.798491,327.35686,928,,-4000.0,median,
R08632__cyto,307.169752,325.621817,387,,-4000.0,seq2topt_seq2tm,CPAR2_701500
TR0014518_CYTMEM__plas,309.892297,325.310662,1163,,-4000.0,seq2topt_seq2tm,CPAR2_105400
R12356__cyto,303.918338,326.903442,711,,-4000.0,seq2topt_seq2tm,CPAR2_807710
R02090__cyto,307.434468,330.29156,191,,-4000.0,seq2topt_seq2tm,CPAR2_303080
T_L_Glutamate_C00025__plas,301.141106,327.850541,721,,-4000.0,seq2topt_seq2tm,CPAR2_202850
R02355__cyto,301.026112,329.344746,565,,-4000.0,seq2topt_seq2tm,CPAR2_500140
R02245__cyto,309.702465,325.922164,434,,-4000.0,seq2topt_seq2tm,CPAR2_803530
R00842__cyto,312.322261,327.991107,371,,-4000.0,seq2topt_seq2tm,CPAR2_601770
R01073__cyto,317.880392,332.413796,370,,-4000.0,seq2topt_seq2tm,CPAR2_500060
R07050__cyto,301.026112,329.344746,565,,-4000.0,seq2topt_seq2tm,CPAR2_500140
R08509__cyto,311.919243,328.782609,317,,-4000.0,seq2topt_seq2tm,CPAR2_101350
TR2901108_CYTMEM__plas,306.798491,327.35686,324,,-4000.0,median,
R04960__cyto,306.798491,327.35686,1966,,-4000.0,median,
R05802__cyto,306.798491,327.35686,2659,,-4000.0,median,
TR0000552_CYTMEM__plas,317.329548,327.815488,296,,-4000.0,seq2topt_seq2tm,CPAR2_301150
R05048__cyto,301.344927,326.80954,272,,-4000.0,seq2topt_seq2tm,CPAR2_101130
R12400__cyto,300.747731,328.393379,504,,-4000.0,seq2topt_seq2tm,CPAR2_209240
R03283__cyto,310.550465,329.529211,501,,-4000.0,seq2topt_seq2tm,CPAR2_203980
TZ2900056_CYTMEM__plas,304.233645,326.783684,766,,-4000.0,seq2topt_seq2tm,CPAR2_806120
TR2900977_CYTMEM__plas,296.007288,327.839896,341,,-4000.0,seq2topt_seq2tm,CPAR2_406100
TR2901083_CYTMEM__plas,296.007288,327.839896,341,,-4000.0,seq2topt_seq2tm,CPAR2_406100
R01411__cyto,307.508751,330.887064,160,,-4000.0,seq2topt_seq2tm,CPAR2_602820
R00893__cyto,307.465968,328.552005,264,,-4000.0,seq2topt_seq2tm,CPAR2_701230
TR0000487_CYTMEM__plas,306.798491,327.35686,420,,-4000.0,median,
R01682__cyto,310.100802,325.83712,563,,-4000.0,seq2topt_seq2tm,CPAR2_804600
R10039__cyto,331.791343,325.91168,906,,-4000.0,seq2topt_seq2tm,CPAR2_200980
TR0002653_CYTMEM__plas,302.918527,326.226565,328,,-4000.0,seq2topt_seq2tm,CPAR2_803540
TO1000087_CYTMEM__plas,300.857505,325.477311,565,,-4000.0,seq2topt_seq2tm,CPAR2_201900
TR2900973_CYTMEM__plas,296.007288,327.839896,341,,-4000.0,seq2topt_seq2tm,CPAR2_406100
TR0002172_CYTMEM__plas,309.892297,325.310662,1163,,-4000.0,seq2topt_seq2tm,CPAR2_105400
R01978__cyto,315.059105,330.102566,452,,-4000.0,seq2topt_seq2tm,CPAR2_701400
R03194__mito,301.325637,325.608119,536,,-4000.0,seq2topt_seq2tm,CPAR2_210690
R06861__cyto,328.167536,330.49731,681,,-4000.0,seq2topt_seq2tm,CPAR2_804740
TR2901063_CYTMEM__plas,296.007288,327.839896,341,,-4000.0,seq2topt_seq2tm,CPAR2_406100
TR0000906_CYTMEM__plas,309.892297,325.310662,1163,,-4000.0,seq2topt_seq2tm,CPAR2_105400
R01132__cyto,316.050013,326.92835,213,,-4000.0,seq2topt_seq2tm,CPAR2_212270
R00127__cyto,306.798491,327.35686,272,,-4000.0,median,
R03035__cyto,301.944011,334.410074,297,,-4000.0,seq2topt_seq2tm,CPAR2_407440
R01771__cyto,310.266387,328.733787,352,,-4000.0,seq2topt_seq2tm,CPAR2_303730
R05577__cyto,304.949612,324.295768,669,,-4000.0,seq2topt_seq2tm,CPAR2_107220
R01887__cyto,314.507414,331.521067,309,,-4000.0,seq2topt_seq2tm,CPAR2_303130
R07759__cyto,304.242092,326.666799,355,,-4000.0,seq2topt_seq2tm,CPAR2_205030
R04929__cyto,311.230266,330.149695,522,,-4000.0,seq2topt_seq2tm,CPAR2_203530
R02540__cyto,310.550465,329.529211,501,,-4000.0,seq2topt_seq2tm,CPAR2_203980
R03920__cyto,302.874598,328.239587,473,,-4000.0,seq2topt_seq2tm,CPAR2_204260
R00517__cyto,305.676462,325.873974,621,,-4000.0,seq2topt_seq2tm,CPAR2_404130
R00084__cyto,309.754754,328.72273,349,,-4000.0,seq2topt_seq2tm,CPAR2_404580
R00036__cyto,309.393542,326.829854,286,,-4000.0,seq2topt_seq2tm,CPAR2_211790
R04448__cyto,306.571977,329.690984,568,,-4000.0,seq2topt_seq2tm,CPAR2_103480
R01618__cyto,316.085432,323.96169,316,,-4000.0,seq2topt_seq2tm,CPAR2_600800
TR1000259_CYTMEM__plas,296.692821,331.038335,541,,-4000.0,seq2topt_seq2tm,CPAR2_108350
R07273__cyto,304.974553,325.632963,365,,-4000.0,seq2topt_seq2tm,CPAR2_200190
R01776__cyto,310.949388,325.5685,501,,-4000.0,seq2topt_seq2tm,CPAR2_203640
R03347__cyto,305.971441,329.124722,252,,-4000.0,seq2topt_seq2tm,CPAR2_202110
R02371__cyto,305.676462,325.873974,621,,-4000.0,seq2topt_seq2tm,CPAR2_404130
TR0000877_CYTMEM__plas,309.892297,325.310662,1163,,-4000.0,seq2topt_seq2tm,CPAR2_105400
R03237__cyto,309.743935,333.049879,952,,-4000.0,seq2topt_seq2tm,CPAR2_703030
R00238__cyto,304.679514,330.082127,394,,-4000.0,seq2topt_seq2tm,CPAR2_212970
R01001__cyto,307.169752,325.621817,387,,-4000.0,seq2topt_seq2tm,CPAR2_701500
R00310__cyto,326.994216,331.150678,348,,-4000.0,seq2topt_seq2tm,CPAR2_406320
TR0000038_CYTMEM__plas,306.798491,327.35686,711,,-4000.0,median,
R00017__cyto,308.100103,328.520879,332,,-4000.0,seq2topt_seq2tm,CPAR2_102830
R00908__cyto,310.93999,331.471905,472,,-4000.0,seq2topt_seq2tm,CPAR2_211040
R04429__cyto,306.798491,327.35686,2047,,-4000.0,median,
R01229__cyto,316.050013,326.92835,213,,-4000.0,seq2topt_seq2tm,CPAR2_212270
R00253__cyto,306.311759,326.118997,370,,-4000.0,seq2topt_seq2tm,CPAR2_203350
TR0000260_CYTMEM__plas,302.918527,326.226565,328,,-4000.0,seq2topt_seq2tm,CPAR2_803540
R01819__cyto,304.025655,324.599466,435,,-4000.0,seq2topt_seq2tm,CPAR2_406050
R04881__cyto,317.219152,332.024655,256,,-4000.0,seq2topt_seq2tm,CPAR2_703530
R00970__cyto,305.676462,325.873974,621,,-4000.0,seq2topt_seq2tm,CPAR2_404130
R03236__cyto,309.743935,333.049879,952,,-4000.0,seq2topt_seq2tm,CPAR2_703030
R03083__cyto,304.95027,326.823923,1557,,-4000.0,seq2topt_seq2tm,CPAR2_400020
R06519__cyto,306.798491,327.35686,362,,-4000.0,median,
R02688__cyto,306.798491,327.35686,465,,-4000.0,median,
R01055__cyto,316.992791,326.210693,729,,-4000.0,seq2topt_seq2tm,CPAR2_807860
R04944__cyto,323.961882,325.530818,581,,-4000.0,seq2topt_seq2tm,CPAR2_110340
TR1002611_CYTMEM__plas,296.692821,331.038335,541,,-4000.0,seq2topt_seq2tm,CPAR2_108350
R03362__cyto,306.798491,327.35686,1077,,-4000.0,median,
R02092__cyto,302.681018,326.452944,687,,-4000.0,seq2topt_seq2tm,CPAR2_401910
R07168__cyto,310.834239,328.080764,616,,-4000.0,seq2topt_seq2tm,CPAR2_102630
R03194__cyto,301.325637,325.608119,536,,-4000.0,seq2topt_seq2tm,CPAR2_210690
R11100__pero,305.517139,327.334139,355,,-4000.0,seq2topt_seq2tm,CPAR2_213940
R04880__cyto,314.783556,328.097335,358,,-4000.0,seq2topt_seq2tm,CPAR2_501780
R00734__cyto,313.551013,326.910391,518,,-4000.0,seq2topt_seq2tm,CPAR2_500520
TO1000305_CYTMEM__plas,300.857505,325.477311,565,,-4000.0,seq2topt_seq2tm,CPAR2_201900
TR2900877_CYTMEM__plas,293.186436,328.34231,289,,-4000.0,seq2topt_seq2tm,CPAR2_600780
R04770__cyto,307.169752,325.621817,387,,-4000.0,seq2topt_seq2tm,CPAR2_701500
R02747__cyto,306.798491,327.35686,747,,-4000.0,median,
R03067__cyto,306.387165,324.968746,793,,-4000.0,seq2topt_seq2tm,CPAR2_303390
TR0000091_CYTMEM__plas,306.798491,327.35686,711,,-4000.0,median,
TR1000506_CYTMEM__plas,307.852742,329.776093,516,,-4000.0,seq2topt_seq2tm,CPAR2_203500
R03628__cyto,304.746097,326.456174,426,,-4000.0,seq2topt_seq2tm,CPAR2_100040
R01830__cyto,328.167536,330.49731,681,,-4000.0,seq2topt_seq2tm,CPAR2_804740
R00085__cyto,306.798491,327.35686,714,,-4000.0,median,
TR0000051_CYTMEM__plas,293.738261,328.818986,302,,-4000.0,seq2topt_seq2tm,CPAR2_208040
R00251__cyto,304.693171,326.832792,1311,,-4000.0,seq2topt_seq2tm,CPAR2_212180
TR2901174_CYTMEM__plas,296.007288,327.839896,341,,-4000.0,seq2topt_seq2tm,CPAR2_406100
R02760__cyto,306.798491,327.35686,448,,-4000.0,median,
R04445__mito,299.610192,322.904813,591,,-4000.0,seq2topt_seq2tm,CPAR2_101480
TI2000703_CYTMEM__plas,303.844714,325.91823,567,,-4000.0,seq2topt_seq2tm,CPAR2_210890
R09844__cyto,308.250095,324.736729,485,,-4000.0,seq2topt_seq2tm,CPAR2_101850
R07385__cyto,306.798491,327.35686,1627,,-4000.0,median,
TR0013384_CYTMEM__plas,306.798491,327.35686,694,,-4000.0,median,
R01388__cyto,322.345518,330.675522,342,,-4000.0,seq2topt_seq2tm,CPAR2_407610
R03459__cyto,312.387528,332.741329,433,,-4000.0,seq2topt_seq2tm,CPAR2_208710
R08175__pero,303.622251,327.483729,296,,-4000.0,seq2topt_seq2tm,CPAR2_209830
R01664__cyto,305.623018,328.535751,229,,-4000.0,seq2topt_seq2tm,CPAR2_802580
TR2901132_CYTMEM__plas,296.007288,327.839896,341,,-4000.0,seq2topt_seq2tm,CPAR2_406100
R03457__cyto,307.898493,330.408415,223,,-4000.0,seq2topt_seq2tm,CPAR2_209620
TR2900254_CYTMEM__plas,297.104886,328.070626,382,,-4000.0,seq2topt_seq2tm,CPAR2_103870
R00519__cyto,332.44783,329.791436,383,,-4000.0,seq2topt_seq2tm,CPAR2_203450
R02433__cyto,314.250068,330.354068,417,,-4000.0,seq2topt_seq2tm,CPAR2_701830
R00190__cyto,316.050013,326.92835,213,,-4000.0,seq2topt_seq2tm,CPAR2_212270
R00530__cyto,316.085432,323.96169,316,,-4000.0,seq2topt_seq2tm,CPAR2_600800
R00959__cyto,315.870906,330.817822,560,,-4000.0,seq2topt_seq2tm,CPAR2_800220
R08178__pero,303.622251,327.483729,296,,-4000.0,seq2topt_seq2tm,CPAR2_209830
R00516__cyto,305.676462,325.873974,621,,-4000.0,seq2topt_seq2tm,CPAR2_404130
R01041__pero,321.550934,329.860404,336,,-4000.0,seq2topt_seq2tm,CPAR2_800970
R00691__cyto,309.72673,325.737026,293,,-4000.0,seq2topt_seq2tm,CPAR2_102850
R02529__cyto,312.899697,327.554789,661,,-4000.0,seq2topt_seq2tm,CPAR2_104430
R00200__cyto,300.747731,328.393379,504,,-4000.0,seq2topt_seq2tm,CPAR2_209240
TR1000154_CYTMEM__plas,299.809082,327.896985,588,,-4000.0,seq2topt_seq2tm,CPAR2_109920
R00519__mito,332.44783,329.791436,383,,-4000.0,seq2topt_seq2tm,CPAR2_203450
R02484__cyto,307.017463,331.109622,306,,-4000.0,seq2topt_seq2tm,CPAR2_103240
R07495__cyto,307.432937,327.298191,345,,-4000.0,seq2topt_seq2tm,CPAR2_801560
R08176__pero,303.622251,327.483729,296,,-4000.0,seq2topt_seq2tm,CPAR2_209830
R04773__cyto,302.496069,329.719588,211,,-4000.0,seq2topt_seq2tm,CPAR2_805790
TR0000031_CYTMEM__plas,306.798491,327.35686,711,,-4000.0,median,
TR1000448_CYTMEM__plas,296.692821,331.038335,541,,-4000.0,seq2topt_seq2tm,CPAR2_108350
R03088__e_r_,301.026112,329.344746,565,,-4000.0,seq2topt_seq2tm,CPAR2_500140
R02095__cyto,302.681018,326.452944,687,,-4000.0,seq2topt_seq2tm,CPAR2_401910
R02102__cyto,305.623018,328.535751,229,,-4000.0,seq2topt_seq2tm,CPAR2_802580
R04496__cyto,306.798491,327.35686,231,,-4000.0,median,
R00192__cyto,308.524235,330.019489,449,,-4000.0,seq2topt_seq2tm,CPAR2_101020
R02918__cyto,308.605971,324.196783,393,,-4000.0,seq2topt_seq2tm,CPAR2_802620
R00847__cyto,304.43,328.525969,631,,-4000.0,seq2topt_seq2tm,CPAR2_203300
TR2900176_CYTMEM__plas,297.104886,328.070626,382,,-4000.0,seq2topt_seq2tm,CPAR2_103870
TR1000588_CYTMEM__plas,296.692821,331.038335,541,,-4000.0,seq2topt_seq2tm,CPAR2_108350
TR0000018_CYTMEM__plas,306.798491,327.35686,711,,-4000.0,median,
R01497__cyto,311.218392,325.298396,558,,-4000.0,seq2topt_seq2tm,CPAR2_401310
R04441__mito,308.615913,327.296773,591,,-4000.0,seq2topt_seq2tm,CPAR2_100130
R03012__cyto,301.131663,324.824002,848,,-4000.0,seq2topt_seq2tm,CPAR2_402720
R03858__cyto,304.679514,330.082127,394,,-4000.0,seq2topt_seq2tm,CPAR2_212970
R04961__cyto,306.798491,327.35686,2047,,-4000.0,median,
R03038__cyto,309.466144,327.75813,961,,-4000.0,seq2topt_seq2tm,CPAR2_601240
R02732__mito,305.89424,326.681075,1022,,-4000.0,seq2topt_seq2tm,CPAR2_301740
R01214__mito,306.532902,325.962499,370,,-4000.0,seq2topt_seq2tm,CPAR2_503520
R10992__cyto,330.402406,331.96747,383,,-4000.0,seq2topt_seq2tm,CPAR2_600400
TZ2900029_CYTMEM__plas,295.189118,327.706662,325,,-4000.0,seq2topt_seq2tm,CPAR2_407600
R05731__mito,301.740825,327.465257,522,,-4000.0,seq2topt_seq2tm,CPAR2_303740
R04966__cyto,306.798491,327.35686,2047,,-4000.0,median,
R02737__cyto,303.790537,324.817321,487,,-4000.0,seq2topt_seq2tm,CPAR2_205380
R08558__cyto,314.783556,328.097335,358,,-4000.0,seq2topt_seq2tm,CPAR2_501780
R02619__cyto,314.250068,330.354068,417,,-4000.0,seq2topt_seq2tm,CPAR2_701830
R03971__cyto,307.606125,326.238081,558,,-4000.0,seq2topt_seq2tm,CPAR2_403550
R10088__mito,314.017056,335.887954,292,,-4000.0,seq2topt_seq2tm,CPAR2_106660
TO1000009_Pi_c00009_CytoMito__mito,306.798491,327.35686,928,,-4000.0,median,
TR0002905_CYTMEM__plas,314.250068,330.354068,417,,-4000.0,seq2topt_seq2tm,CPAR2_701830
R10920__cyto,301.360144,324.887964,394,,-4000.0,seq2topt_seq2tm,CPAR2_214150
R11323__cyto,325.421901,326.819161,691,,-4000.0,seq2topt_seq2tm,CPAR2_501500
R03443__cyto,320.378462,325.463679,855,,-4000.0,seq2topt_seq2tm,CPAR2_207610
R00178__cyto,306.798491,327.35686,444,,-4000.0,median,
TR0012606_CYTMEM__plas,306.798491,327.35686,694,,-4000.0,median,
TR0000046_CYTMEM__plas,293.349577,327.034876,371,,-4000.0,seq2topt_seq2tm,CPAR2_808650
R04285__cyto,311.919243,328.782609,317,,-4000.0,seq2topt_seq2tm,CPAR2_101350
R02678__cyto,310.550465,329.529211,501,,-4000.0,seq2topt_seq2tm,CPAR2_203980
R02868__cyto,302.874598,328.239587,473,,-4000.0,seq2topt_seq2tm,CPAR2_204260
TR1000221_CYTMEM__plas,303.459767,330.035648,527,,-4000.0,seq2topt_seq2tm,CPAR2_808330
R04889__pero,310.550465,329.529211,501,,-4000.0,seq2topt_seq2tm,CPAR2_203980
R10088__cyto,314.017056,335.887954,292,,-4000.0,seq2topt_seq2tm,CPAR2_106660
TR0000068_CYTMEM__plas,293.349577,327.034876,371,,-4000.0,seq2topt_seq2tm,CPAR2_808650
R03451__mito,308.148536,325.899038,398,,-4000.0,seq2topt_seq2tm,CPAR2_101360
R07035__cyto,305.471219,323.980138,312,,-4000.0,seq2topt_seq2tm,CPAR2_104050
R00005__cyto,306.688209,327.378359,1825,,-4000.0,seq2topt_seq2tm,CPAR2_105520
R00160__cyto,306.798491,327.35686,364,,-4000.0,median,
R03004__cyto,304.92922,327.027681,192,,-4000.0,seq2topt_seq2tm,CPAR2_303020
R05085__cyto,336.534175,335.064229,392,,-4000.0,seq2topt_seq2tm,CPAR2_104790
T_alpha_alpha_Trehalose__plas,316.32348,323.735914,627,,-4000.0,seq2topt_seq2tm,CPAR2_603600
R01280__pero,299.614457,324.317375,753,,-4000.0,seq2topt_seq2tm,CPAR2_701660
R01214__cyto,306.532902,325.962499,370,,-4000.0,seq2topt_seq2tm,CPAR2_503520
R04404__cyto,306.798491,327.35686,1064,,-4000.0,median,
TR1000268_CYTMEM__plas,302.493327,328.607509,550,,-4000.0,seq2topt_seq2tm,CPAR2_702960
R02957__cyto,310.550465,329.529211,501,,-4000.0,seq2topt_seq2tm,CPAR2_203980
R03451__cyto,308.148536,325.899038,398,,-4000.0,seq2topt_seq2tm,CPAR2_101360
R04535__cyto,306.798491,327.35686,1966,,-4000.0,median,
R01126__cyto,308.452298,324.452916,478,,-4000.0,seq2topt_seq2tm,CPAR2_109450
R02056__cyto,306.798491,327.35686,861,,-4000.0,median,
R02111__cyto,306.798491,327.35686,901,,-4000.0,median,
R00943__cyto,314.854988,330.967417,946,,-4000.0,seq2topt_seq2tm,CPAR2_204710
R07758__cyto,299.064853,325.737187,357,,-4000.0,seq2topt_seq2tm,CPAR2_807310
TZ2900019_CYTMEM__plas,304.233645,326.783684,766,,-4000.0,seq2topt_seq2tm,CPAR2_806120
R01624__cyto,306.798491,327.35686,2047,,-4000.0,median,CPAR2_302650
TR2901077_CYTMEM__plas,296.007288,327.839896,341,,-4000.0,seq2topt_seq2tm,CPAR2_406100
R00291__cyto,311.514086,326.988795,671,,-4000.0,seq2topt_seq2tm,CPAR2_106140
TR0009429_CYTMEM__plas,309.892297,325.310662,1163,,-4000.0,seq2topt_seq2tm,CPAR2_105400
R00259__cyto,314.358379,327.657816,437,,-4000.0,seq2topt_seq2tm,CPAR2_301210
R02019__cyto,306.798491,327.35686,707,,-4000.0,median,
R01163__cyto,301.131663,324.824002,848,,-4000.0,seq2topt_seq2tm,CPAR2_402720
TR2901022_CYTMEM__plas,296.007288,327.839896,341,,-4000.0,seq2topt_seq2tm,CPAR2_406100
R02335__cyto,304.337321,325.960514,1012,,-4000.0,seq2topt_seq2tm,CPAR2_805640
R00570__cyto,306.798491,327.35686,151,,-4000.0,median,
R03815__mito,306.798491,327.35686,492,,-4000.0,median,
TR0011735_CYTMEM__plas,306.798491,327.35686,308,,-4000.0,median,
TI2000430_CYTMEM__plas,303.844714,325.91823,567,,-4000.0,seq2topt_seq2tm,CPAR2_210890
TR0000214_CYTMEM__plas,314.250068,330.354068,417,,-4000.0,seq2topt_seq2tm,CPAR2_701830
TR0000002_CYTMEM__plas,306.798491,327.35686,719,,-4000.0,median,
R09827__mito,306.798491,327.35686,1064,,-4000.0,median,
TR2900219_CYTMEM__plas,297.104886,328.070626,382,,-4000.0,seq2topt_seq2tm,CPAR2_103870
R01819__mito,304.025655,324.599466,435,,-4000.0,seq2topt_seq2tm,CPAR2_406050
R09827__cyto,306.798491,327.35686,1064,,-4000.0,median,
R00760__cyto,302.874598,328.239587,473,,-4000.0,seq2topt_seq2tm,CPAR2_204260
R02327__cyto,305.676462,325.873974,621,,-4000.0,seq2topt_seq2tm,CPAR2_404130
R01598__pero,300.51111,326.722547,650,,-4000.0,seq2topt_seq2tm,CPAR2_602940
R02767__cyto,306.798491,327.35686,801,,-4000.0,median,
TR1000210_CYTMEM__plas,302.493327,328.607509,550,,-4000.0,seq2topt_seq2tm,CPAR2_702960
TR0001297_CYTMEM__plas,306.798491,327.35686,962,,-4000.0,median,
R02466__cyto,310.100802,325.83712,563,,-4000.0,seq2topt_seq2tm,CPAR2_804600
TR0012572_CYTMEM__plas,306.798491,327.35686,694,,-4000.0,median,
R01184__cyto,309.835953,324.582991,366,,-4000.0,seq2topt_seq2tm,CPAR2_502150
TO1012844_CYTMEM__plas,300.857505,325.477311,565,,-4000.0,seq2topt_seq2tm,CPAR2_201900
TO0010516_CYTMEM__plas,311.730562,329.745778,388,,-4000.0,seq2topt_seq2tm,CPAR2_700570
TR0005718_CYTMEM__plas,309.892297,325.310662,1163,,-4000.0,seq2topt_seq2tm,CPAR2_105400
TR2900218_CYTMEM__plas,297.104886,328.070626,382,,-4000.0,seq2topt_seq2tm,CPAR2_103870
TO1000104_CYTMEM__plas,300.857505,325.477311,565,,-4000.0,seq2topt_seq2tm,CPAR2_201900
R08549__mito,304.512197,332.763967,492,,-4000.0,seq2topt_seq2tm,CPAR2_205940
R04463__cyto,304.595153,324.939302,1329,,-4000.0,seq2topt_seq2tm,CPAR2_204070
R01248__cyto,310.715482,334.444603,272,,-4000.0,seq2topt_seq2tm,CPAR2_402200
R00174__cyto,313.429469,326.231048,387,,-4000.0,seq2topt_seq2tm,CPAR2_103710
R03199__cyto,319.183731,330.501118,726,,-4000.0,seq2topt_seq2tm,CPAR2_301800
R02057__cyto,308.205281,328.374448,395,,-4000.0,seq2topt_seq2tm,CPAR2_703140
R01528__cyto,307.14563,328.198311,502,,-4000.0,seq2topt_seq2tm,CPAR2_203520
R02239__cyto,306.798491,327.35686,444,,-4000.0,median,
R04903__cyto,310.550465,329.529211,501,,-4000.0,seq2topt_seq2tm,CPAR2_203980
TR2901180_CYTMEM__plas,307.653722,329.079679,603,,-4000.0,seq2topt_seq2tm,CPAR2_700120
R02115__cyto,306.798491,327.35686,542,,-4000.0,median,
R00943__mito,314.854988,330.967417,946,,-4000.0,seq2topt_seq2tm,CPAR2_204710
R00512__mito,300.040436,326.013204,280,,-4000.0,seq2topt_seq2tm,CPAR2_105320
R04184__cyto,314.215807,325.42356,558,,-4000.0,seq2topt_seq2tm,CPAR2_304330
R00258__cyto,316.441862,328.456828,543,,-4000.0,seq2topt_seq2tm,CPAR2_404100
R00829__cyto,304.679514,330.082127,394,,-4000.0,seq2topt_seq2tm,CPAR2_212970
R03503__cyto,306.387165,324.968746,793,,-4000.0,seq2topt_seq2tm,CPAR2_303390
R00220__cyto,303.312746,326.163742,442,,-4000.0,seq2topt_seq2tm,CPAR2_304120
R04888__pero,310.550465,329.529211,501,,-4000.0,seq2topt_seq2tm,CPAR2_203980
TR0000054_CYTMEM__plas,302.623858,327.950981,473,,-4000.0,seq2topt_seq2tm,CPAR2_201850
R05779__cyto,314.901788,329.907212,185,,-4000.0,seq2topt_seq2tm,CPAR2_100420
R03165__cyto,307.845386,328.635839,284,,-4000.0,seq2topt_seq2tm,CPAR2_405820
R02355__e_r_,301.026112,329.344746,565,,-4000.0,seq2topt_seq2tm,CPAR2_500140
R04747__cyto,304.679514,330.082127,394,,-4000.0,seq2topt_seq2tm,CPAR2_212970
R01802__cyto,309.028823,328.244343,222,,-4000.0,seq2topt_seq2tm,CPAR2_500260
R00004__cyto,306.798491,327.35686,310,,-4000.0,median,
TR0000239_CYTMEM__plas,317.329548,327.815488,296,,-4000.0,seq2topt_seq2tm,CPAR2_301150
TO1000311_CYTMEM__plas,300.437986,325.474682,625,,-4000.0,seq2topt_seq2tm,CPAR2_209780
R03321__cyto,304.202885,326.679233,549,,-4000.0,seq2topt_seq2tm,CPAR2_204880
R06223__cyto,300.182268,326.440886,444,,-4000.0,seq2topt_seq2tm,CPAR2_406760
R02239__mito,306.798491,327.35686,444,,-4000.0,median,
R00224__cyto,307.295848,326.38503,566,,-4000.0,seq2topt_seq2tm,CPAR2_501020
R03662__cyto,310.668368,326.832703,458,,-4000.0,seq2topt_seq2tm,CPAR2_102160
TR2900181_CYTMEM__plas,297.104886,328.070626,382,,-4000.0,seq2topt_seq2tm,CPAR2_103870
TR0000064_CYTMEM__plas,293.738261,328.818986,302,,-4000.0,seq2topt_seq2tm,CPAR2_208040
R01095__cyto,311.919243,328.782609,317,,-4000.0,seq2topt_seq2tm,CPAR2_101350
R00161__cyto,309.477603,328.783754,287,,-4000.0,seq2topt_seq2tm,CPAR2_803930
R12401__cyto,307.432937,327.298191,345,,-4000.0,seq2topt_seq2tm,CPAR2_801560
R12067__mito,306.798491,327.35686,255,,-4000.0,median,
R04754__cyto,303.918338,326.903442,711,,-4000.0,seq2topt_seq2tm,CPAR2_807710
TR0001899_CYTMEM__plas,306.798491,327.35686,962,,-4000.0,median,
R00479__cyto,306.303219,326.77249,545,,-4000.0,seq2topt_seq2tm,CPAR2_105270
R00942__cyto,304.048558,328.782424,404,,-4000.0,seq2topt_seq2tm,CPAR2_300450
TR2900122_CYTMEM__plas,297.104886,328.070626,382,,-4000.0,seq2topt_seq2tm,CPAR2_103870
R01251__cyto,310.715482,334.444603,272,,-4000.0,seq2topt_seq2tm,CPAR2_402200
R04534__cyto,306.798491,327.35686,1112,,-4000.0,median,
TO1000307_CYTMEM__plas,300.857505,325.477311,565,,-4000.0,seq2topt_seq2tm,CPAR2_201900
R00267__mito,306.688406,328.180954,420,,-4000.0,seq2topt_seq2tm,CPAR2_209910
R02018__cyto,306.798491,327.35686,707,,-4000.0,median,
R04883__pero,310.550465,329.529211,501,,-4000.0,seq2topt_seq2tm,CPAR2_203980
R11043__cyto,303.098341,324.589857,426,,-4000.0,seq2topt_seq2tm,CPAR2_603730
TO1000133_CYTMEM__plas,303.069598,326.666668,513,,-4000.0,seq2topt_seq2tm,CPAR2_806580
TO1000895_CYTMEM__plas,300.857505,325.477311,565,,-4000.0,seq2topt_seq2tm,CPAR2_201900
R04965__cyto,306.798491,327.35686,1966,,-4000.0,median,
TR2901030_CYTMEM__plas,296.007288,327.839896,341,,-4000.0,seq2topt_seq2tm,CPAR2_406100
R10991__cyto,306.532902,325.962499,370,,-4000.0,seq2topt_seq2tm,CPAR2_503520
R00986__cyto,301.814045,325.475022,515,,-4000.0,seq2topt_seq2tm,CPAR2_802830
R02740__cyto,304.202885,326.679233,549,,-4000.0,seq2topt_seq2tm,CPAR2_204880
R01909__cyto,313.429469,326.231048,387,,-4000.0,seq2topt_seq2tm,CPAR2_103710
R08557__cyto,314.783556,328.097335,358,,-4000.0,seq2topt_seq2tm,CPAR2_501780
TR2900029_CYTMEM__plas,294.366313,328.020641,333,,-4000.0,seq2topt_seq2tm,CPAR2_211030
R01090__cyto,306.532902,325.962499,370,,-4000.0,seq2topt_seq2tm,CPAR2_503520
R02301__mito,303.011594,324.35101,218,,-4000.0,seq2topt_seq2tm,CPAR2_106850
R03004__mito,304.92922,327.027681,192,,-4000.0,seq2topt_seq2tm,CPAR2_303020
TR0000242_CYTMEM__plas,317.329548,327.815488,296,,-4000.0,seq2topt_seq2tm,CPAR2_301150
R00267__cyto,306.688406,328.180954,420,,-4000.0,seq2topt_seq2tm,CPAR2_209910
R01036__cyto,311.919243,328.782609,317,,-4000.0,seq2topt_seq2tm,CPAR2_101350
TO0000277_CYTMEM__plas,316.20606,331.455848,420,,-4000.0,seq2topt_seq2tm,CPAR2_107960
TR0000075_CYTMEM__plas,317.329548,327.815488,296,,-4000.0,seq2topt_seq2tm,CPAR2_301150
R03816__cyto,304.082747,330.8754,198,,-4000.0,seq2topt_seq2tm,CPAR2_406830
R10121__cyto,306.798491,327.35686,2047,,-4000.0,median,
TR1000020_CYTMEM__plas,303.459767,330.035648,527,,-4000.0,seq2topt_seq2tm,CPAR2_808330
R01092__cyto,310.928857,330.758855,504,,-4000.0,seq2topt_seq2tm,CPAR2_106130
R02241__cyto,306.798491,327.35686,448,,-4000.0,median,
R02021__cyto,309.048471,329.253599,251,,-4000.0,seq2topt_seq2tm,CPAR2_500130
R08557__mito,314.783556,328.097335,358,,-4000.0,seq2topt_seq2tm,CPAR2_501780
TO1002679_CYTMEM__plas,300.857505,325.477311,565,,-4000.0,seq2topt_seq2tm,CPAR2_201900
TR1000082_CYTMEM__plas,296.692821,331.038335,541,,-4000.0,seq2topt_seq2tm,CPAR2_108350
TR0003560_CYTMEM__plas,314.250068,330.354068,417,,-4000.0,seq2topt_seq2tm,CPAR2_701830
TR2900162_CYTMEM__plas,297.104886,328.070626,382,,-4000.0,seq2topt_seq2tm,CPAR2_103870
R00985__cyto,301.814045,325.475022,515,,-4000.0,seq2topt_seq2tm,CPAR2_802830
TR2900207_CYTMEM__plas,297.104886,328.070626,382,,-4000.0,seq2topt_seq2tm,CPAR2_103870
R06983__cyto,311.343312,327.061197,379,,-4000.0,seq2topt_seq2tm,CPAR2_200560
TR0000014_CYTMEM__plas,306.798491,327.35686,711,,-4000.0,median,
R01468__cyto,303.255969,325.245747,562,,-4000.0,seq2topt_seq2tm,CPAR2_300480
R04970__cyto,306.798491,327.35686,1178,,-4000.0,median,
R08558__mito,314.783556,328.097335,358,,-4000.0,seq2topt_seq2tm,CPAR2_501780
R00004__mito,306.798491,327.35686,310,,-4000.0,median,
R02732__cyto,305.89424,326.681075,1022,,-4000.0,seq2topt_seq2tm,CPAR2_301740
R00707_Cyto__cyto,299.610192,322.904813,591,,-4000.0,seq2topt_seq2tm,CPAR2_101480
R02300__mito,308.214533,324.883017,397,,-4000.0,seq2topt_seq2tm,CPAR2_601930
R10993__cyto,304.481935,325.108549,777,,-4000.0,seq2topt_seq2tm,CPAR2_208390
TZ2900044_CYTMEM__plas,304.233645,326.783684,766,,-4000.0,seq2topt_seq2tm,CPAR2_806120
TR1000138_CYTMEM__plas,296.692821,331.038335,541,,-4000.0,seq2topt_seq2tm,CPAR2_108350
R01280__cyto,299.614457,324.317375,753,,-4000.0,seq2topt_seq2tm,CPAR2_701660
R01968__cyto,305.623018,328.535751,229,,-4000.0,seq2topt_seq2tm,CPAR2_802580
R05086__cyto,314.649145,328.283653,503,,-4000.0,seq2topt_seq2tm,CPAR2_304350
TR1001567_CYTMEM__plas,307.852742,329.776093,516,,-4000.0,seq2topt_seq2tm,CPAR2_203500
R03916__cyto,306.798491,327.35686,590,,-4000.0,median,
R00137__cyto,305.370132,327.364418,280,,-4000.0,seq2topt_seq2tm,CPAR2_202640
R03005__cyto,305.370132,327.364418,280,,-4000.0,seq2topt_seq2tm,CPAR2_202640
R03664__cyto,301.507024,325.312397,421,,-4000.0,seq2topt_seq2tm,CPAR2_700730
R02613__cyto,312.899697,327.554789,661,,-4000.0,seq2topt_seq2tm,CPAR2_104430
R01213__cyto,310.767241,326.325724,576,,-4000.0,seq2topt_seq2tm,CPAR2_806650
R04439__mito,309.174842,327.535149,397,,-4000.0,seq2topt_seq2tm,CPAR2_603140
TR1000305_CYTMEM__plas,307.852742,329.776093,516,,-4000.0,seq2topt_seq2tm,CPAR2_203500
R02082__cyto,304.800964,325.201175,1034,,-4000.0,seq2topt_seq2tm,CPAR2_110330
R04405__cyto,311.558958,326.873878,767,,-4000.0,seq2topt_seq2tm,CPAR2_802800
TR0002799_CYTMEM__plas,302.918527,326.226565,328,,-4000.0,seq2topt_seq2tm,CPAR2_803540
TI1000381_CYTMEM__plas,302.061878,328.110012,295,,-4000.0,seq2topt_seq2tm,CPAR2_110420
R03482__cyto,306.798491,327.35686,307,,-4000.0,median,
R05333__cyto,306.798491,327.35686,677,,-4000.0,median,
R04780__cyto,308.784323,330.995259,342,,-4000.0,seq2topt_seq2tm,CPAR2_808060
TR2900215_CYTMEM__plas,297.104886,328.070626,382,,-4000.0,seq2topt_seq2tm,CPAR2_103870
R02867__cyto,302.874598,328.239587,473,,-4000.0,seq2topt_seq2tm,CPAR2_204260
R01655__cyto,314.854988,330.967417,946,,-4000.0,seq2topt_seq2tm,CPAR2_204710
R07937__cyto,304.679514,330.082127,394,,-4000.0,seq2topt_seq2tm,CPAR2_212970
R03005__mito,305.370132,327.364418,280,,-4000.0,seq2topt_seq2tm,CPAR2_202640
R04967__cyto,306.798491,327.35686,1178,,-4000.0,median,
TO1000330_CYTMEM__plas,300.857505,325.477311,565,,-4000.0,seq2topt_seq2tm,CPAR2_201900
R00268__mito,306.688406,328.180954,420,,-4000.0,seq2topt_seq2tm,CPAR2_209910
R00100__mito,306.798491,327.35686,268,,-4000.0,median,
R01714__cyto,308.559247,325.176504,377,,-4000.0,seq2topt_seq2tm,CPAR2_701850
TR0015431_CYTMEM__plas,306.798491,327.35686,962,,-4000.0,median,
R02237__cyto,304.048558,328.782424,404,,-4000.0,seq2topt_seq2tm,CPAR2_300450
R00722__cyto,306.798491,327.35686,151,,-4000.0,median,
TO0000412_CYTMEM__plas,316.20606,331.455848,420,,-4000.0,seq2topt_seq2tm,CPAR2_107960
R05202__cyto,303.720982,323.550734,488,,-4000.0,seq2topt_seq2tm,CPAR2_301970
TR2900126_CYTMEM__plas,297.104886,328.070626,382,,-4000.0,seq2topt_seq2tm,CPAR2_103870
R00729__cyto,303.509373,330.119118,415,,-4000.0,seq2topt_seq2tm,CPAR2_704320
TR0000431_CYTMEM__plas,306.798491,327.35686,962,,-4000.0,median,
R01934__cyto,326.1191,331.98522,369,,-4000.0,seq2topt_seq2tm,CPAR2_802940
TR1000190_CYTMEM__plas,296.692821,331.038335,541,,-4000.0,seq2topt_seq2tm,CPAR2_108350
R00416__cyto,304.256958,323.31008,486,,-4000.0,seq2topt_seq2tm,CPAR2_101180
R00485__cyto,306.28291,327.370879,387,,-4000.0,seq2topt_seq2tm,CPAR2_200620
R00103__cyto,306.798491,327.35686,391,,-4000.0,median,
TR0011765_CYTMEM__plas,306.798491,327.35686,694,,-4000.0,median,
R10117__cyto,306.798491,327.35686,2047,,-4000.0,median,
R03090__e_r_,301.026112,329.344746,565,,-4000.0,seq2topt_seq2tm,CPAR2_500140
TR2000056_CYTMEM__plas,296.806132,328.899452,302,,-4000.0,seq2topt_seq2tm,CPAR2_104260
R03102__cyto,301.939666,326.5201,1400,,-4000.0,seq2topt_seq2tm,CPAR2_108400
TR0016290_CYTMEM__plas,314.250068,330.354068,417,,-4000.0,seq2topt_seq2tm,CPAR2_701830
R01287__cyto,328.313852,327.819619,440,,-4000.0,seq2topt_seq2tm,CPAR2_402160
R01470__cyto,300.572065,324.919304,1270,,-4000.0,seq2topt_seq2tm,CPAR2_803790
R10712__cyto,306.571977,329.690984,568,,-4000.0,seq2topt_seq2tm,CPAR2_103480
TR1001242_CYTMEM__plas,296.692821,331.038335,541,,-4000.0,seq2topt_seq2tm,CPAR2_108350
R00130__cyto,309.140689,333.883104,240,,-4000.0,seq2topt_seq2tm,CPAR2_502760
R00100__cyto,306.798491,327.35686,268,,-4000.0,median,
T_L_Glutamate_c00025_CytoMito__plas,301.141106,327.850541,721,,-4000.0,seq2topt_seq2tm,CPAR2_202850
R08771__mito,306.798491,327.35686,318,,-4000.0,median,
T__S__Allantoin__plas,307.852742,329.776093,516,,-4000.0,seq2topt_seq2tm,CPAR2_203500
R09796__cyto,312.153439,331.436375,238,,-4000.0,seq2topt_seq2tm,CPAR2_400560
TR2002869_CYTMEM__plas,305.448217,323.413238,474,,-4000.0,seq2topt_seq2tm,CPAR2_200150
TR0015531_CYTMEM__plas,306.798491,327.35686,694,,-4000.0,median,
R02144__cyto,305.142431,324.699894,387,,-4000.0,seq2topt_seq2tm,CPAR2_701930
R04568__cyto,306.798491,327.35686,1966,,-4000.0,median,
R00261__cyto,310.100802,325.83712,563,,-4000.0,seq2topt_seq2tm,CPAR2_804600
R00858__cyto,321.294221,327.937266,1104,,-4000.0,seq2topt_seq2tm,CPAR2_806380
R00762__cyto,308.784323,330.995259,342,,-4000.0,seq2topt_seq2tm,CPAR2_808060
R01569__cyto,305.623018,328.535751,229,,-4000.0,seq2topt_seq2tm,CPAR2_802580
R08774__mito,306.798491,327.35686,318,,-4000.0,median,
R05614__mito,308.524693,326.356664,318,,-4000.0,seq2topt_seq2tm,CPAR2_602300
R03444__cyto,306.600104,325.732157,799,,-4000.0,seq2topt_seq2tm,CPAR2_205320
R00885__cyto,325.678585,334.149179,362,,-4000.0,seq2topt_seq2tm,CPAR2_807880
R05052__cyto,314.250068,330.354068,417,,-4000.0,seq2topt_seq2tm,CPAR2_701830
R01068__cyto,321.164563,327.894369,359,,-4000.0,seq2topt_seq2tm,CPAR2_401230
R05553__cyto,306.90495,326.668051,291,,-4000.0,seq2topt_seq2tm,CPAR2_212310
R00480__cyto,309.158996,326.709822,552,,-4000.0,seq2topt_seq2tm,CPAR2_500540
TR2900854_CYTMEM__plas,293.186436,328.34231,289,,-4000.0,seq2topt_seq2tm,CPAR2_600780
TR2900044_CYTMEM__plas,306.798491,327.35686,557,,-4000.0,median,
R01652__cyto,306.730059,324.405655,373,,-4000.0,seq2topt_seq2tm,CPAR2_805510
R00724__cyto,300.747731,328.393379,504,,-4000.0,seq2topt_seq2tm,CPAR2_209240
R01218__mito,305.213634,330.081555,322,,-4000.0,seq2topt_seq2tm,CPAR2_302370
R01843__cyto,309.743935,333.049879,952,,-4000.0,seq2topt_seq2tm,CPAR2_703030
R00483__cyto,302.79234,326.05941,574,,-4000.0,seq2topt_seq2tm,CPAR2_805880
R02053__cyto,306.798491,327.35686,490,,-4000.0,median,
R00418__cyto,311.514086,326.988795,671,,-4000.0,seq2topt_seq2tm,CPAR2_106140
TZ2900052_CYTMEM__plas,304.233645,326.783684,766,,-4000.0,seq2topt_seq2tm,CPAR2_806120
R01845__cyto,307.484568,329.972497,244,,-4000.0,seq2topt_seq2tm,CPAR2_104980
R04711__mito,308.524693,326.356664,318,,-4000.0,seq2topt_seq2tm,CPAR2_602300
TR0002496_CYTMEM__plas,318.238938,336.068764,267,,-4000.0,seq2topt_seq2tm,CPAR2_601150
TR0002885_CYTMEM__plas,306.798491,327.35686,962,,-4000.0,median,
TR0000497_CYTMEM__plas,293.349577,327.034876,371,,-4000.0,seq2topt_seq2tm,CPAR2_808650
R03139__cyto,312.899697,327.554789,661,,-4000.0,seq2topt_seq2tm,CPAR2_104430
R03417__cyto,306.798491,327.35686,747,,-4000.0,median,
R00103__mito,306.798491,327.35686,364,,-4000.0,median,
R02332__cyto,305.676462,325.873974,621,,-4000.0,seq2topt_seq2tm,CPAR2_404130
R00667__cyto,310.639264,328.987512,431,,-4000.0,seq2topt_seq2tm,CPAR2_402700
TR0000350_CYTMEM__plas,309.892297,325.310662,1163,,-4000.0,seq2topt_seq2tm,CPAR2_105400
R03504__cyto,306.387165,324.968746,793,,-4000.0,seq2topt_seq2tm,CPAR2_303390
R03857__cyto,304.053425,327.030417,724,,-4000.0,seq2topt_seq2tm,CPAR2_807600
TR0001157_CYTMEM__plas,327.008879,328.129867,308,,-4000.0,seq2topt_seq2tm,CPAR2_401600
R01655__mito,314.854988,330.967417,946,,-4000.0,seq2topt_seq2tm,CPAR2_204710
R01786__cyto,302.874598,328.239587,473,,-4000.0,seq2topt_seq2tm,CPAR2_204260
R01127__cyto,306.848559,326.07002,590,,-4000.0,seq2topt_seq2tm,CPAR2_202250
R01931__cyto,309.091994,326.881775,352,,-4000.0,seq2topt_seq2tm,CPAR2_405170
R02055__cyto,306.798491,327.35686,878,,-4000.0,median,
R03260__cyto,323.961882,325.530818,581,,-4000.0,seq2topt_seq2tm,CPAR2_110340
R04930__cyto,307.169752,325.621817,387,,-4000.0,seq2topt_seq2tm,CPAR2_701500
TR2000009_CYTMEM__plas,306.798491,327.35686,402,,-4000.0,median,
R02331__cyto,330.913395,333.382288,151,,-4000.0,seq2topt_seq2tm,CPAR2_101390
R00851__cyto,303.844864,324.051628,753,,-4000.0,seq2topt_seq2tm,CPAR2_102320
R02649__cyto,320.378462,325.463679,855,,-4000.0,seq2topt_seq2tm,CPAR2_207610
R07280__cyto,312.551532,331.667975,164,,-4000.0,seq2topt_seq2tm,CPAR2_107590
TZ2900059_CYTMEM__plas,306.798491,327.35686,766,,-4000.0,median,
R01404__cyto,306.798491,327.35686,390,,-4000.0,median,
R00009__cyto,301.790242,326.653072,485,,-4000.0,seq2topt_seq2tm,CPAR2_207780
R01067__cyto,328.167536,330.49731,681,,-4000.0,seq2topt_seq2tm,CPAR2_804740
R00351__mito,310.757446,333.329204,466,,-4000.0,seq2topt_seq2tm,CPAR2_802010
R08181__pero,303.622251,327.483729,296,,-4000.0,seq2topt_seq2tm,CPAR2_209830
R09944__mito,307.646616,326.598904,338,,-4000.0,seq2topt_seq2tm,CPAR2_212980
R02422__cyto,300.621324,328.284839,336,,-4000.0,seq2topt_seq2tm,CPAR2_213150
R03291__cyto,310.715482,334.444603,272,,-4000.0,seq2topt_seq2tm,CPAR2_402200
R00572__cyto,300.747731,328.393379,504,,-4000.0,seq2topt_seq2tm,CPAR2_209240
R04378__cyto,327.597709,334.959999,189,,-4000.0,seq2topt_seq2tm,CPAR2_214060
TR0003178_CYTMEM__plas,302.918527,326.226565,328,,-4000.0,seq2topt_seq2tm,CPAR2_803540
R01716__cyto,305.445445,329.355654,759,,-4000.0,seq2topt_seq2tm,CPAR2_403110
R01158__cyto,301.131663,324.824002,848,,-4000.0,seq2topt_seq2tm,CPAR2_402720
R03509__cyto,305.583089,330.665055,244,,-4000.0,seq2topt_seq2tm,CPAR2_109570
TI2000074_CYTMEM__plas,299.73962,324.723318,1300,,-4000.0,seq2topt_seq2tm,CPAR2_700490
R04404__mito,306.798491,327.35686,1064,,-4000.0,median,
TR0012514_CYTMEM__plas,306.798491,327.35686,694,,-4000.0,median,
R01658__cyto,310.76516,329.560778,350,,-4000.0,seq2topt_seq2tm,CPAR2_103950
TR1003285_CYTMEM__plas,302.493327,328.607509,550,,-4000.0,seq2topt_seq2tm,CPAR2_702960
TR0000878_CYTMEM__plas,306.798491,327.35686,962,,-4000.0,median,
TR2900311_CYTMEM__plas,295.471358,328.913787,303,,-4000.0,seq2topt_seq2tm,CPAR2_303940
R01061__cyto,317.517692,333.790317,336,,-4000.0,seq2topt_seq2tm,CPAR2_808670
TR0001431_CYTMEM__plas,306.798491,327.35686,962,,-4000.0,median,
R00260__cyto,298.286594,331.758854,231,,-4000.0,seq2topt_seq2tm,CPAR2_102940
R00571__cyto,306.798491,327.35686,577,,-4000.0,median,
TR0000268_CYTMEM__plas,317.329548,327.815488,296,,-4000.0,seq2topt_seq2tm,CPAR2_301150
TR0003396_CYTMEM__plas,317.329548,327.815488,296,,-4000.0,seq2topt_seq2tm,CPAR2_301150
R02051__cyto,306.798491,327.35686,1627,,-4000.0,median,
R00578__cyto,302.79234,326.05941,574,,-4000.0,seq2topt_seq2tm,CPAR2_805880
R10092__cyto,301.530076,326.791927,274,,-4000.0,seq2topt_seq2tm,CPAR2_101880
R11231__cyto,301.939666,326.5201,1400,,-4000.0,seq2topt_seq2tm,CPAR2_108400
R09944__cyto,307.646616,326.598904,338,,-4000.0,seq2topt_seq2tm,CPAR2_212980
R09077__cyto,304.684646,330.984929,477,,-4000.0,seq2topt_seq2tm,CPAR2_701310
R08362__cyto,326.617129,328.234091,174,,-4000.0,seq2topt_seq2tm,CPAR2_402640
R00139__cyto,330.913395,333.382288,151,,-4000.0,seq2topt_seq2tm,CPAR2_101390
R04065__cyto,310.550465,329.529211,501,,-4000.0,seq2topt_seq2tm,CPAR2_203980
R00267__pero,306.688406,328.180954,420,,-4000.0,seq2topt_seq2tm,CPAR2_209910
TR0013383_CYTMEM__plas,306.798491,327.35686,694,,-4000.0,median,
R00299__cyto,302.874598,328.239587,473,,-4000.0,seq2topt_seq2tm,CPAR2_204260
TR2900177_CYTMEM__plas,297.104886,328.070626,382,,-4000.0,seq2topt_seq2tm,CPAR2_103870
TR0003641_CYTMEM__plas,309.892297,325.310662,1163,,-4000.0,seq2topt_seq2tm,CPAR2_105400
TZ2900041_CYTMEM__plas,304.233645,326.783684,766,,-4000.0,seq2topt_seq2tm,CPAR2_806120
R00509__cyto,308.434545,330.922803,200,,-4000.0,seq2topt_seq2tm,CPAR2_304080
R03947__cyto,301.325637,325.608119,536,,-4000.0,seq2topt_seq2tm,CPAR2_210690
TO1009049_CYTMEM__plas,314.505164,327.564564,802,,-4000.0,seq2topt_seq2tm,CPAR2_800720
R08648__mito,305.905998,324.789557,683,,-4000.0,seq2topt_seq2tm,CPAR2_406240
R01715__cyto,313.452715,328.595391,267,,-4000.0,seq2topt_seq2tm,CPAR2_208090
R04620__cyto,323.485736,331.735721,553,,-4000.0,seq2topt_seq2tm,CPAR2_804250
TO1000059_CYTMEM__plas,300.857505,325.477311,565,,-4000.0,seq2topt_seq2tm,CPAR2_201900
R00078__cyto,307.189732,323.928365,171,,-4000.0,seq2topt_seq2tm,CPAR2_302320
TR0000028_CYTMEM__plas,308.07788,325.891957,809,,-4000.0,seq2topt_seq2tm,CPAR2_204300
TR0006277_CYTMEM__plas,309.892297,325.310662,1163,,-4000.0,seq2topt_seq2tm,CPAR2_105400
R01561__cyto,307.017463,331.109622,306,,-4000.0,seq2topt_seq2tm,CPAR2_103240
TO1000215_CYTMEM__plas,300.857505,325.477311,565,,-4000.0,seq2topt_seq2tm,CPAR2_201900
R07281__cyto,302.380011,330.968699,204,,-4000.0,seq2topt_seq2tm,CPAR2_700750
R01281__cyto,316.223988,333.234921,563,,-4000.0,seq2topt_seq2tm,CPAR2_700230
R11232__cyto,301.939666,326.5201,1400,,-4000.0,seq2topt_seq2tm,CPAR2_108400
R07934__cyto,304.053425,327.030417,724,,-4000.0,seq2topt_seq2tm,CPAR2_807600
R02147__cyto,307.017463,331.109622,306,,-4000.0,seq2topt_seq2tm,CPAR2_103240
R01123__cyto,308.36401,325.307283,294,,-4000.0,seq2topt_seq2tm,CPAR2_401630
R09449__cyto,306.798491,327.35686,313,,-4000.0,median,
TO0002511_CYTMEM__plas,316.20606,331.455848,420,,-4000.0,seq2topt_seq2tm,CPAR2_107960
R01939__cyto,326.091324,327.62281,492,,-4000.0,seq2topt_seq2tm,CPAR2_213450
TO1000277_CYTMEM__plas,300.437986,325.474682,625,,-4000.0,seq2topt_seq2tm,CPAR2_209780
R08183__pero,303.622251,327.483729,296,,-4000.0,seq2topt_seq2tm,CPAR2_209830
R01936__cyto,326.1191,331.98522,369,,-4000.0,seq2topt_seq2tm,CPAR2_802940
R02702__cyto,304.746097,326.456174,426,,-4000.0,seq2topt_seq2tm,CPAR2_100040
TR0000021_CYTMEM__plas,317.329548,327.815488,296,,-4000.0,seq2topt_seq2tm,CPAR2_301150
R01878__cyto,305.257319,343.48549,148,,-4000.0,seq2topt_seq2tm,CPAR2_302050
R00573__cyto,316.907862,332.194564,577,,-4000.0,seq2topt_seq2tm,CPAR2_100620
R08180__pero,303.622251,327.483729,296,,-4000.0,seq2topt_seq2tm,CPAR2_209830
TO1000226_CYTMEM__plas,300.857505,325.477311,565,,-4000.0,seq2topt_seq2tm,CPAR2_201900
TR0012554_CYTMEM__plas,306.798491,327.35686,694,,-4000.0,median,
TR2900244_CYTMEM__plas,297.104886,328.070626,382,,-4000.0,seq2topt_seq2tm,CPAR2_103870
R02864__cyto,301.325637,325.608119,536,,-4000.0,seq2topt_seq2tm,CPAR2_210690
R04560__cyto,306.848559,326.07002,590,,-4000.0,seq2topt_seq2tm,CPAR2_202250
R08182__pero,303.622251,327.483729,296,,-4000.0,seq2topt_seq2tm,CPAR2_209830
R02425__cyto,300.842567,327.977088,187,,-4000.0,seq2topt_seq2tm,CPAR2_503590
TO1000048_CYTMEM__plas,301.530076,326.791927,274,,-4000.0,seq2topt_seq2tm,CPAR2_101880
R10686__cyto,314.871082,331.452534,341,,-4000.0,seq2topt_seq2tm,CPAR2_701260
R00137__mito,305.370132,327.364418,280,,-4000.0,seq2topt_seq2tm,CPAR2_202640
R00575__cyto,306.798491,327.35686,2208,,-4000.0,median,CPAR2_203160
R02865__cyto,302.874598,328.239587,473,,-4000.0,seq2topt_seq2tm,CPAR2_204260
R01121__cyto,310.322399,325.081584,382,,-4000.0,seq2topt_seq2tm,CPAR2_109530
R00355__cyto,314.250068,330.354068,417,,-4000.0,seq2topt_seq2tm,CPAR2_701830
TR2900876_CYTMEM__plas,293.186436,328.34231,289,,-4000.0,seq2topt_seq2tm,CPAR2_600780
TR0000150_CYTMEM__plas,317.329548,327.815488,296,,-4000.0,seq2topt_seq2tm,CPAR2_301150
TO1000304_CYTMEM__plas,300.857505,325.477311,565,,-4000.0,seq2topt_seq2tm,CPAR2_201900
