{
  "Topt_C": 37.0,
  "rmax": 0.3413067513551826,
  "CTmin_C": 10.732245671034065,
  "CTmax_C": 46.85563264273169,
  "niche_width_C": 36.12338697169763,
  "B80_C": 15.139689621054693,
  "Ea_eV": 0.9338752060145638,
  "Ea_kJmol": 90.10494925231518,
  "skewness": -0.4138149240460039
}