{
  "Topt_C": 40.0,
  "rmax": 0.5607966078506919,
  "CTmin_C": 8.974054690016239,
  "CTmax_C": 46.79602643910601,
  "niche_width_C": 37.82197174908977,
  "B80_C": 13.523161089565942,
  "Ea_eV": 0.7148613813004479,
  "Ea_kJmol": 68.9734003747737,
  "skewness": -0.6435861830981862
}