{
  "Topt_C": 37.0,
  "rmax": 0.5710564592758212,
  "CTmin_C": 18.697494478836013,
  "CTmax_C": 56.78087326305042,
  "niche_width_C": 38.0833787842144,
  "B80_C": 11.226797723106088,
  "Ea_eV": 1.2417857437698074,
  "Ea_kJmol": 119.81369748762987,
  "skewness": 0.06737823052193737
}