{
  "Topt_C": 37.0,
  "rmax": 0.4541508800455641,
  "CTmin_C": 8.529194319446773,
  "CTmax_C": 46.84322670971282,
  "niche_width_C": 38.31403239026605,
  "B80_C": 15.3023333399329,
  "Ea_eV": 0.8720671930973827,
  "Ea_kJmol": 84.14140312600097,
  "skewness": -0.4840926095305861
}