budget_scale,thermal_Z
0.9496059458433248,0.345584192064786
1.0683178767891355,0.9519379703214988
0.9285280129093456,2.08985557667313
0.9683783517620919,-0.23101488402379025
1.0229389515996505,0.32640565017087664
1.0525557850342475,0.9999355877230244
