{
  "model": "gecko:M_eciML1515_batch_v2021__45__02__45__28__45__17__45__52",
  "n_enzymes": 2560,
  "default_budget": 0.08182031716915461,
  "nominal": {
    "Topt_C": 36.6,
    "rmax": 0.5705508202977377,
    "CTmin_C": 18.69207030718276,
    "CTmax_C": 56.88892747292389,
    "niche_width_C": 38.19685716574113,
    "B80_C": 11.201419458600395,
    "Ea_eV": 1.265901002428692,
    "Ea_kJmol": 122.14045821933236,
    "skewness": 0.07206535835728627
  },
  "descriptor_medians": {
    "Topt_C": 39.2,
    "rmax": 0.5576422659287678,
    "CTmin_C": 20.388570782168998,
    "CTmax_C": 59.68876449881317,
    "niche_width_C": 38.264620191664974,
    "B80_C": 11.419944553450213,
    "Ea_eV": 1.2553254037484907,
    "Ea_kJmol": 121.12007158067314,
    "skewness": 0.0272097064200446
  },
  "descriptor_iqr": {
    "Topt_C": 1.9500000000000028,
    "rmax": 0.02941611111847542,
    "CTmin_C": 4.097822248912529,
    "CTmax_C": 2.1758312898424563,
    "niche_width_C": 3.628190623963185,
    "B80_C": 0.7044437995279793,
    "Ea_eV": 0.11934001934166116,
    "Ea_kJmol": 11.514521766180167,
    "skewness": 0.0260737503289259
  }
}