{
  "model": "toy_ecoli_core",
  "n_enzymes": 73,
  "default_budget": 0.03817445747737386,
  "nominal": {
    "Topt_C": 39.0,
    "rmax": 0.08894484386837627,
    "CTmin_C": 27.45698721554666,
    "CTmax_C": 48.95864027781429,
    "niche_width_C": 21.50165306226763,
    "B80_C": 8.990491080375051,
    "Ea_eV": 1.9380198331846077,
    "Ea_kJmol": 186.98984360481688,
    "skewness": -0.04863801392280639
  },
  "descriptor_medians": {
    "Topt_C": 40.5,
    "rmax": 0.07731759273764267,
    "CTmin_C": 29.415623150933932,
    "CTmax_C": 48.16484797975704,
    "niche_width_C": 15.4897297990887,
    "B80_C": 6.0296416919156925,
    "Ea_eV": 2.43769962632624,
    "Ea_kJmol": 235.20144844608728,
    "skewness": -0.024514990908773272
  },
  "descriptor_iqr": {
    "Topt_C": 6.0,
    "rmax": 0.03770733170055584,
    "CTmin_C": 6.891474724213481,
    "CTmax_C": 5.156354647553734,
    "niche_width_C": 7.7053608292869065,
    "B80_C": 2.592501633534593,
    "Ea_eV": 0.8823209768135256,
    "Ea_kJmol": 85.13073944785307,
    "skewness": 0.04697144049748163
  }
}