{
  "model": "gecko:M_eciML1515_batch_v2021__45__02__45__28__45__17__45__52",
  "n_enzymes": 2560,
  "default_budget": 0.08182031716915461,
  "nominal": {
    "Topt_C": 37.0,
    "rmax": 0.4541508800455641,
    "CTmin_C": 8.541919184482579,
    "CTmax_C": 46.843215283015866,
    "niche_width_C": 38.301296098533285,
    "B80_C": 15.286851746906397,
    "Ea_eV": 0.8724351777413635,
    "Ea_kJmol": 84.17690812437546,
    "skewness": -0.4846337705117356
  },
  "descriptor_medians": {
    "Topt_C": 37.0,
    "rmax": 0.45415088004556403,
    "CTmin_C": 12.101273869980108,
    "CTmax_C": 46.85908699092019,
    "niche_width_C": 35.64068817674307,
    "B80_C": 13.255595519030212,
    "Ea_eV": 0.8828991701531542,
    "Ea_kJmol": 85.18652643222708,
    "skewness": -0.4986084499478602
  },
  "descriptor_iqr": {
    "Topt_C": 6.0,
    "rmax": 0.09545058149454982,
    "CTmin_C": 29.880562513847103,
    "CTmax_C": 0.41261044764770105,
    "niche_width_C": 29.341644550844606,
    "B80_C": 12.411746555387136,
    "Ea_eV": 0.2742082982621188,
    "Ea_kJmol": 26.45698765782052,
    "skewness": 1.0601739749052093
  }
}