{
  "model": "gecko:M_eciML1515_batch_v2021__45__02__45__28__45__17__45__52",
  "n_enzymes": 2560,
  "default_budget": 0.08182031716915461,
  "nominal": {
    "Topt_C": 37.0,
    "rmax": 0.5710429624384793,
    "CTmin_C": 18.763240493616074,
    "CTmax_C": 56.78093341339107,
    "niche_width_C": 38.017692919774994,
    "B80_C": 11.223419065613083,
    "Ea_eV": 1.2583024299834302,
    "Ea_kJmol": 121.40730995695127,
    "skewness": 0.07001057912465672
  },
  "descriptor_medians": {
    "Topt_C": 37.0,
    "rmax": 0.5537156889473657,
    "CTmin_C": 19.004706261502733,
    "CTmax_C": 56.635526649350986,
    "niche_width_C": 37.24642301024395,
    "B80_C": 10.962164172597301,
    "Ea_eV": 1.2857396166222128,
    "Ea_kJmol": 124.05458690979421,
    "skewness": 0.03986565797493075
  },
  "descriptor_iqr": {
    "Topt_C": 4.0,
    "rmax": 0.041728101595349676,
    "CTmin_C": 5.6960126160333235,
    "CTmax_C": 4.908831571525482,
    "niche_width_C": 4.528256472329943,
    "B80_C": 1.8347162434090194,
    "Ea_eV": 0.2189269888047256,
    "Ea_kJmol": 21.12317051482394,
    "skewness": 0.08348617055840228
  }
}