{
  "model": "gecko:M_eciML1515_batch_v2021__45__02__45__28__45__17__45__52",
  "n_enzymes": 2560,
  "default_budget": 0.08182031716915461,
  "nominal": {
    "Topt_C": 37.0,
    "rmax": 0.5710429624384936,
    "CTmin_C": 8.0,
    "CTmax_C": 75.59383813386181,
    "niche_width_C": 67.59383813386181,
    "B80_C": 21.149242690424785,
    "Ea_eV": 0.6578529768655402,
    "Ea_kJmol": 63.472944472871646,
    "skewness": 0.20711239509070434
  },
  "descriptor_medians": {
    "Topt_C": 37.0,
    "rmax": 0.5661501190088873,
    "CTmin_C": 8.0,
    "CTmax_C": 75.72381790821868,
    "niche_width_C": 67.2870784478447,
    "B80_C": 21.231897515115573,
    "Ea_eV": 0.6550915265449695,
    "Ea_kJmol": 63.20650593869138,
    "skewness": 0.19436960379856164
  },
  "descriptor_iqr": {
    "Topt_C": 4.0,
    "rmax": 0.028881668405039806,
    "CTmin_C": 0.0,
    "CTmax_C": 8.36774126674041,
    "niche_width_C": 8.218855229268804,
    "B80_C": 3.3997423453459277,
    "Ea_eV": 0.16914485799000156,
    "Ea_kJmol": 16.319941623165313,
    "skewness": 0.10357695080241622
  }
}