descriptor,V_A,V_E,V_AE,V,S_A,S_E,S_AE,T_A,T_E,phi_A,phi_E,n_valid,n_alloc,n_env
Topt_C,8.31439208984375,44.19378662109375,9.82867431640625,62.33685302734375,0.133378438051672,0.7089511978044251,0.15767036414390298,0.29104880219557494,0.8666215619483281,0.2122136201236235,0.7877863798763766,256.0,16.0,16.0
rmax,0.0035800481871036344,0.014125716819784742,0.0013592191312761272,0.019064984138164504,0.18778133572831318,0.7409246562921455,0.07129400797954123,0.2590753437078544,0.8122186642716868,0.2234283397180838,0.7765716602819162,256.0,16.0,16.0
CTmin_C,0.34337368706569454,219.66051659491,0.4155550994561158,220.41944538143184,0.001557819395069671,0.9965568882309429,0.0018852923739872643,0.0034431117690569353,0.9984421806049302,0.0025004655820633033,0.9974995344179365,256.0,16.0,16.0
CTmax_C,0.006462882937962161,2.711101201600882,0.0037165254172222334,2.7212806099560667,0.0023749417514375704,0.9962593316110281,0.0013657266375341698,0.00374066838897174,0.9976250582485623,0.0030578050702046553,0.9969421949297952,256.0,16.0,16.0
niche_width_C,0.4334532738911122,182.82848621752166,0.47005063751112364,183.73199012892388,0.0023591606099022827,0.9950824899312948,0.0025583494588029623,0.0049175100687052446,0.9976408393900977,0.003638335339303764,0.9963616646606963,256.0,16.0,16.0
B80_C,6.425215183114741,68.13587840992352,2.9735213640765585,77.53461495711483,0.08286898937550141,0.8787801222410166,0.03835088838348192,0.12121987775898332,0.9171310106244985,0.10204443356724237,0.8979555664327576,256.0,16.0,16.0
Ea_eV,0.05326608841103154,2.389583767020419,0.02138935160618329,2.464239207037634,0.021615632223896376,0.9697044670809529,0.008679900695150585,0.030295532919046964,0.9783843677761035,0.02595558257147167,0.9740444174285282,191.0,16.0,12.0
skewness,0.01695389892163638,0.23453772530536748,0.019564314399009776,0.2710559386260137,0.06254760182557124,0.8652742548060097,0.07217814336841892,0.13472574519399017,0.9374523981744286,0.0986366735097807,0.9013633264902192,256.0,16.0,16.0
