descriptor,kinetic,stability,allocation,catalysis,maintenance
Topt_C,0.0,2.0,0.0,0.0,0.0
rmax,0.0864971697946113,0.07038287742460891,0.2375146637243537,0.32459605264324964,0.002062881849212328
CTmax_C,0.018857104733207564,1.8755422153171892,0.02131679353328053,0.03466731010649937,0.000306918281388846
niche_width_C,6.454231352957962,1.755360522478636,0.3520677731700985,0.6491710865286144,0.041080876999743055
Ea_eV,0.2777969139376394,0.0449106803778726,0.05144614557676608,0.07180684602305232,0.0023210481326749743
