,Topt_C,rmax,CTmax_C,CTmin_C,niche_width_C,Ea_eV
dTopt,0.14285714285714285,0.0,0.0007385335076217625,0.5259166315027077,-0.1320038248294173,0.06253870465771968
dTm,-0.42857142857142855,1.0087203591708026e-15,0.1430830190313984,0.0008805225525287905,0.17902567318259327,0.00010029108024266908
topt_scale,0.8571428571428571,0.0,0.001948999337389741,1.5594249164880947,-0.39171369734586275,0.096712172479639
dCp_scale,0.7142857142857143,0.0,-0.00046360965947628497,1.6072431162361378,-0.406822487008736,0.5328939647829085
budget_scale,-0.42857142857142855,-5.043601795854013e-15,0.004880427489490992,-0.5447552616975877,0.14380460937641118,0.5125224536276379
f_metab,-1.1428571428571428,-1.5196957284441046,0.011722851373046246,-1.0473006919499528,0.2793982994006925,1.3061060183807218
f_maint,0.2857142857142857,-1.116546609179817,0.005285504030922133,-0.20189955256625847,0.05765294496171335,0.7119809037345226
