{
  "H": 0.2,
  "reference_scales": {
    "H": 0.2,
    "sd_Topt_K": 4.249,
    "sd_Tm_K": 6.132,
    "f_metab_nom": 0.483,
    "f_maint_nom": 0.326
  },
  "descriptors": {
    "Topt_C": {
      "dominant_axis": "allocation",
      "phi_allocation": 0.6737019690573643,
      "phi_envelope": 0.3262980309426356,
      "S_interaction": 0.44189925518896495,
      "phi_kinetic": 0.2181741955368543,
      "phi_stability": 0.15557283987514303,
      "nominal": 38.0,
      "IQR_allocation": 7.0,
      "IQR_kinetic": 2.0,
      "IQR_stability": 7.0,
      "IQR_envelope": 3.0
    },
    "rmax": {
      "dominant_axis": "allocation",
      "phi_allocation": 0.9999994288148021,
      "phi_envelope": 5.711851980415923e-07,
      "S_interaction": 9.507362344949806e-07,
      "phi_kinetic": 3.619111729692962e-07,
      "phi_stability": 3.2164285897522625e-07,
      "nominal": 0.5773843800726991,
      "IQR_allocation": 0.12543714547312002,
      "IQR_kinetic": 2.864375403532904e-14,
      "IQR_stability": 1.2656542480726785e-14,
      "IQR_envelope": 8.01581023779363e-14
    },
    "CTmin_C": {
      "dominant_axis": "envelope",
      "phi_allocation": 0.16771577987897834,
      "phi_envelope": 0.8322842201210218,
      "S_interaction": 0.0221888219198747,
      "phi_kinetic": 0.8313065054937652,
      "phi_stability": 0.001380612673538088,
      "nominal": 9.842251115137053,
      "IQR_allocation": 1.8133725207840161,
      "IQR_kinetic": 3.481244020239716,
      "IQR_stability": 0.0011225695607208763,
      "IQR_envelope": 3.424240322264417
    },
    "CTmax_C": {
      "dominant_axis": "envelope",
      "phi_allocation": 0.0692877148829496,
      "phi_envelope": 0.9307122851170504,
      "S_interaction": 0.008140975532368857,
      "phi_kinetic": 0.001946128644610895,
      "phi_stability": 0.9288239397079171,
      "nominal": 46.87051072614039,
      "IQR_allocation": 0.09328221129226222,
      "IQR_kinetic": 0.02075478872328773,
      "IQR_stability": 1.2886382544546109,
      "IQR_envelope": 1.3601848210376417
    },
    "niche_width_C": {
      "dominant_axis": "envelope",
      "phi_allocation": 0.2050185822025409,
      "phi_envelope": 0.7949814177974591,
      "S_interaction": 0.020294711930541123,
      "phi_kinetic": 0.7301097624241923,
      "phi_stability": 0.06522882232336877,
      "nominal": 37.028259611003335,
      "IQR_allocation": 1.9242426298795152,
      "IQR_kinetic": 3.4928491448054757,
      "IQR_stability": 1.2875781258212555,
      "IQR_envelope": 2.389536579409814
    },
    "B80_C": {
      "dominant_axis": "allocation",
      "phi_allocation": 0.8157104432570254,
      "phi_envelope": 0.18428955674297476,
      "S_interaction": 0.0023248091280649967,
      "phi_kinetic": 0.1600205248489089,
      "phi_stability": 0.024273515897674357,
      "nominal": 17.612469712754347,
      "IQR_allocation": 5.677365595548746,
      "IQR_kinetic": 2.7672061474629324,
      "IQR_stability": 1.0922516506920417,
      "IQR_envelope": 1.790996750679831
    },
    "Ea_eV": {
      "dominant_axis": "allocation",
      "phi_allocation": 0.8523665619566324,
      "phi_envelope": 0.14763343804336743,
      "S_interaction": 0.0255786954451647,
      "phi_kinetic": 0.14638467477976577,
      "phi_stability": 0.0018970741224238908,
      "nominal": 0.9507447373049367,
      "IQR_allocation": 0.2181535828858474,
      "IQR_kinetic": 0.11454857726281598,
      "IQR_stability": 1.992551580121127e-05,
      "IQR_envelope": 0.10070894878106573
    },
    "skewness": {
      "dominant_axis": "allocation",
      "phi_allocation": 0.9275195520121141,
      "phi_envelope": 0.07248044798788594,
      "S_interaction": 0.003401008405652823,
      "phi_kinetic": 0.06127783396499551,
      "phi_stability": 0.01126823090207624,
      "nominal": -0.49023992535630234,
      "IQR_allocation": 0.20898327498903424,
      "IQR_kinetic": 0.06346369638898564,
      "IQR_stability": 0.029385643397834837,
      "IQR_envelope": 0.067110994714419
    }
  }
}