,Topt_C,rmax,CTmin_C,CTmax_C,niche_width_C,B80_C,Ea_eV,Ea_kJmol,skewness
budget_scale,-0.11619319545649127,0.9761528164345854,-0.1062573789846517,-0.11925089259025379,0.014480172234182926,0.22694631571636914,0.14696853948190844,0.14696853948190844,0.011591082714077364
thermal_Z,0.9797877805101289,-0.13079055974490117,0.8315230224321132,0.7493085925356496,-0.20359052711993886,-0.03904437808181123,0.17539412459198553,0.17539412459198553,-0.512070282658518
