,Topt_C,rmax,CTmin_C,CTmax_C,niche_width_C,B80_C,Ea_eV,Ea_kJmol,skewness
budget_scale,-0.12885892557027342,0.9784151677199803,-0.13246458357399038,-0.07808554874170179,-0.05867982874667342,0.3837905410097923,0.1269879852767553,0.1269879852767553,0.0848114452392527
thermal_Z,0.943493099740431,-0.1017292867560247,0.555507223606697,0.5490818553269273,0.38285354608510774,-0.06496284464198902,0.3860476421973748,0.3860476421973748,-0.8898187374123202
