{
  "model": "gecko:M_eciML1515_batch_v2021__45__02__45__28__45__17__45__52",
  "n_enzymes": 2560,
  "default_budget": 0.08182031716915461,
  "nominal": {
    "Topt_C": 40.0,
    "rmax": 0.5607965898415241,
    "CTmin_C": 8.97407056430127,
    "CTmax_C": 46.79602644902052,
    "niche_width_C": 37.82195588471925,
    "B80_C": 13.523161803901512,
    "Ea_eV": 0.7148623209836331,
    "Ea_kJmol": 68.97349104010584,
    "skewness": -0.6424962670953995
  },
  "descriptor_medians": {
    "Topt_C": 41.0,
    "rmax": 0.5323125804465696,
    "CTmin_C": 12.064198259512104,
    "CTmax_C": 46.8181027962345,
    "niche_width_C": 34.95152319850641,
    "B80_C": 12.224064065985829,
    "Ea_eV": 0.7460493716868324,
    "Ea_kJmol": 71.98257362720403,
    "skewness": -0.6541687292308156
  },
  "descriptor_iqr": {
    "Topt_C": 6.0,
    "rmax": 0.08975545631922477,
    "CTmin_C": 30.10430465480527,
    "CTmax_C": 0.21840610953260153,
    "niche_width_C": 29.55174664965689,
    "B80_C": 11.40632960635739,
    "Ea_eV": 0.25475598254712883,
    "Ea_kJmol": 24.58013097605972,
    "skewness": 1.1651150100474774
  }
}