a,b,t,logl
worst(b5),B(b3),0.0,-25.964338959812913
worst(b5),B(b3),0.025,-26.432617113450533
worst(b5),B(b3),0.05,-27.624650494806197
worst(b5),B(b3),0.07500000000000001,-27.84876144065123
worst(b5),B(b3),0.1,-27.900567536721883
worst(b5),B(b3),0.125,-27.59498847225234
worst(b5),B(b3),0.15000000000000002,-27.32731494631137
worst(b5),B(b3),0.17500000000000002,-27.248348838101265
worst(b5),B(b3),0.2,-27.44448989314067
worst(b5),B(b3),0.225,-28.307886981619575
worst(b5),B(b3),0.25,-29.73546545331145
worst(b5),B(b3),0.275,-32.27383508791184
worst(b5),B(b3),0.30000000000000004,-34.03533162166416
worst(b5),B(b3),0.325,-35.24030385818324
worst(b5),B(b3),0.35000000000000003,-34.80272305287019
worst(b5),B(b3),0.375,-35.701259478823204
worst(b5),B(b3),0.4,-36.372090528390686
worst(b5),B(b3),0.42500000000000004,-38.889350328912954
worst(b5),B(b3),0.45,-39.83221700206661
worst(b5),B(b3),0.47500000000000003,-38.595646027763735
worst(b5),B(b3),0.5,-37.80400630366361
worst(b5),B(b3),0.525,-36.641575338311114
worst(b5),B(b3),0.55,-35.60260142489152
worst(b5),B(b3),0.5750000000000001,-35.450135768534125
worst(b5),B(b3),0.6000000000000001,-36.476905582890176
worst(b5),B(b3),0.625,-34.633621809268575
worst(b5),B(b3),0.65,-33.05519258278368
worst(b5),B(b3),0.675,-31.63576961283059
worst(b5),B(b3),0.7000000000000001,-25.752038272064127
worst(b5),B(b3),0.7250000000000001,-22.932750448922057
worst(b5),B(b3),0.75,-21.604497687615662
worst(b5),B(b3),0.775,-20.989602358566877
worst(b5),B(b3),0.8,-20.407668775455697
worst(b5),B(b3),0.8250000000000001,-19.901155986829515
worst(b5),B(b3),0.8500000000000001,-19.68916569441903
worst(b5),B(b3),0.875,-19.505204936122976
worst(b5),B(b3),0.9,-19.331561458750603
worst(b5),B(b3),0.925,-19.14252499092368
worst(b5),B(b3),0.9500000000000001,-19.055455275666716
worst(b5),B(b3),0.9750000000000001,-18.954680941107483
worst(b5),B(b3),1.0,-18.87686280902222
worst(b5),"big(b6,n=2)",0.0,-25.964338959744147
worst(b5),"big(b6,n=2)",0.025,-26.006804763926716
worst(b5),"big(b6,n=2)",0.05,-26.079962067405138
worst(b5),"big(b6,n=2)",0.07500000000000001,-26.164438479511062
worst(b5),"big(b6,n=2)",0.1,-26.341976799691423
worst(b5),"big(b6,n=2)",0.125,-26.49880242340845
worst(b5),"big(b6,n=2)",0.15000000000000002,-26.703967611807222
worst(b5),"big(b6,n=2)",0.17500000000000002,-26.970574296486184
worst(b5),"big(b6,n=2)",0.2,-27.30148910569529
worst(b5),"big(b6,n=2)",0.225,-27.663752542973967
worst(b5),"big(b6,n=2)",0.25,-27.616426309720886
worst(b5),"big(b6,n=2)",0.275,-27.566185021986016
worst(b5),"big(b6,n=2)",0.30000000000000004,-27.524991775650392
worst(b5),"big(b6,n=2)",0.325,-27.47813548067667
worst(b5),"big(b6,n=2)",0.35000000000000003,-27.660065960283724
worst(b5),"big(b6,n=2)",0.375,-27.563768029765335
worst(b5),"big(b6,n=2)",0.4,-27.50729995721302
worst(b5),"big(b6,n=2)",0.42500000000000004,-27.39070342229021
worst(b5),"big(b6,n=2)",0.45,-27.219928604066915
worst(b5),"big(b6,n=2)",0.47500000000000003,-27.075025345474764
worst(b5),"big(b6,n=2)",0.5,-26.923575988915772
worst(b5),"big(b6,n=2)",0.525,-26.77288473368901
worst(b5),"big(b6,n=2)",0.55,-26.618760152910866
worst(b5),"big(b6,n=2)",0.5750000000000001,-26.451896764304273
worst(b5),"big(b6,n=2)",0.6000000000000001,-26.270763513285566
worst(b5),"big(b6,n=2)",0.625,-26.082797632688685
worst(b5),"big(b6,n=2)",0.65,-25.89137392218948
worst(b5),"big(b6,n=2)",0.675,-25.684467608143358
worst(b5),"big(b6,n=2)",0.7000000000000001,-25.484721525154505
worst(b5),"big(b6,n=2)",0.7250000000000001,-25.288889917223358
worst(b5),"big(b6,n=2)",0.75,-25.12187539839021
worst(b5),"big(b6,n=2)",0.775,-24.940102627428608
worst(b5),"big(b6,n=2)",0.8,-24.74576105678699
worst(b5),"big(b6,n=2)",0.8250000000000001,-24.558851753152585
worst(b5),"big(b6,n=2)",0.8500000000000001,-24.38398816326696
worst(b5),"big(b6,n=2)",0.875,-24.224086563193417
worst(b5),"big(b6,n=2)",0.9,-24.060440754028335
worst(b5),"big(b6,n=2)",0.925,-23.923235169570333
worst(b5),"big(b6,n=2)",0.9500000000000001,-23.84334085554404
worst(b5),"big(b6,n=2)",0.9750000000000001,-23.8038724943364
worst(b5),"big(b6,n=2)",1.0,-23.790998384338813
worst(b5),Bstar(b8),0.0,-25.964338959615983
worst(b5),Bstar(b8),0.025,-26.232492915645643
worst(b5),Bstar(b8),0.05,-26.86887296400895
worst(b5),Bstar(b8),0.07500000000000001,-27.986723788743543
worst(b5),Bstar(b8),0.1,-28.113022294332723
worst(b5),Bstar(b8),0.125,-28.372238670413374
worst(b5),Bstar(b8),0.15000000000000002,-28.365846335949797
worst(b5),Bstar(b8),0.17500000000000002,-28.224123887599504
worst(b5),Bstar(b8),0.2,-28.087578121522153
worst(b5),Bstar(b8),0.225,-27.789551645800216
worst(b5),Bstar(b8),0.25,-27.38857046333523
worst(b5),Bstar(b8),0.275,-26.966905999360485
worst(b5),Bstar(b8),0.30000000000000004,-26.577040439881745
worst(b5),Bstar(b8),0.325,-26.392573447800668
worst(b5),Bstar(b8),0.35000000000000003,-26.624531458599954
worst(b5),Bstar(b8),0.375,-27.315604265198196
worst(b5),Bstar(b8),0.4,-28.703706901352895
worst(b5),Bstar(b8),0.42500000000000004,-29.164809621775845
worst(b5),Bstar(b8),0.45,-29.547191117056116
worst(b5),Bstar(b8),0.47500000000000003,-29.5929127090818
worst(b5),Bstar(b8),0.5,-29.269419137682142
worst(b5),Bstar(b8),0.525,-28.527738870065484
worst(b5),Bstar(b8),0.55,-27.058922115230075
worst(b5),Bstar(b8),0.5750000000000001,-25.660644151414807
worst(b5),Bstar(b8),0.6000000000000001,-24.43412014653707
worst(b5),Bstar(b8),0.625,-24.030728144888627
worst(b5),Bstar(b8),0.65,-22.57013132174054
worst(b5),Bstar(b8),0.675,-21.36642977279137
worst(b5),Bstar(b8),0.7000000000000001,-20.556800090935987
worst(b5),Bstar(b8),0.7250000000000001,-19.743574930163884
worst(b5),Bstar(b8),0.75,-18.44045436017453
worst(b5),Bstar(b8),0.775,-16.835462755775573
worst(b5),Bstar(b8),0.8,-15.683346279503311
worst(b5),Bstar(b8),0.8250000000000001,-15.381774491387818
worst(b5),Bstar(b8),0.8500000000000001,-15.491966420547142
worst(b5),Bstar(b8),0.875,-15.481296725761652
worst(b5),Bstar(b8),0.9,-14.336075932645752
worst(b5),Bstar(b8),0.925,-12.95330773881163
worst(b5),Bstar(b8),0.9500000000000001,-11.399181268030484
worst(b5),Bstar(b8),0.9750000000000001,-9.54602536502355
worst(b5),Bstar(b8),1.0,-8.310937715920604
worst(b5),P4(b13),0.0,-25.964338959703674
worst(b5),P4(b13),0.025,-26.226254286936054
worst(b5),P4(b13),0.05,-26.84598243414429
worst(b5),P4(b13),0.07500000000000001,-27.94043162785384
worst(b5),P4(b13),0.1,-28.03204238797187
worst(b5),P4(b13),0.125,-28.309975697020345
worst(b5),P4(b13),0.15000000000000002,-28.273904707167503
worst(b5),P4(b13),0.17500000000000002,-28.074989061181867
worst(b5),P4(b13),0.2,-27.854652216231266
worst(b5),P4(b13),0.225,-27.53515420209785
worst(b5),P4(b13),0.25,-27.122247314377383
worst(b5),P4(b13),0.275,-26.714939676208488
worst(b5),P4(b13),0.30000000000000004,-26.320580617642847
worst(b5),P4(b13),0.325,-26.119496302917696
worst(b5),P4(b13),0.35000000000000003,-26.309101493417554
worst(b5),P4(b13),0.375,-26.94925550476046
worst(b5),P4(b13),0.4,-28.26245361386284
worst(b5),P4(b13),0.42500000000000004,-28.710271091649595
worst(b5),P4(b13),0.45,-28.96738528883028
worst(b5),P4(b13),0.47500000000000003,-29.153821385408158
worst(b5),P4(b13),0.5,-28.806700840284048
worst(b5),P4(b13),0.525,-28.02311193564031
worst(b5),P4(b13),0.55,-26.80172540023522
worst(b5),P4(b13),0.5750000000000001,-25.24018459465325
worst(b5),P4(b13),0.6000000000000001,-24.00946860652223
worst(b5),P4(b13),0.625,-23.550818910812225
worst(b5),P4(b13),0.65,-22.26645963399932
worst(b5),P4(b13),0.675,-21.34904522369026
worst(b5),P4(b13),0.7000000000000001,-20.48615197806034
worst(b5),P4(b13),0.7250000000000001,-19.42512871930849
worst(b5),P4(b13),0.75,-18.156162890950483
worst(b5),P4(b13),0.775,-16.736963240397387
worst(b5),P4(b13),0.8,-15.59646827507205
worst(b5),P4(b13),0.8250000000000001,-15.070710301517243
worst(b5),P4(b13),0.8500000000000001,-15.350323558767837
worst(b5),P4(b13),0.875,-15.1838320023792
worst(b5),P4(b13),0.9,-14.900885674932518
worst(b5),P4(b13),0.925,-14.480023622573437
worst(b5),P4(b13),0.9500000000000001,-13.604422826851588
worst(b5),P4(b13),0.9750000000000001,-12.418679425440398
worst(b5),P4(b13),1.0,-11.447068165850023
worst(b5),p81(b7),0.0,-25.96433895957616
worst(b5),p81(b7),0.025,-26.230325131670618
worst(b5),p81(b7),0.05,-26.872565391186477
worst(b5),p81(b7),0.07500000000000001,-28.007698508124935
worst(b5),p81(b7),0.1,-28.094915535636773
worst(b5),p81(b7),0.125,-28.365132195035514
worst(b5),p81(b7),0.15000000000000002,-28.34876402047108
worst(b5),p81(b7),0.17500000000000002,-28.190983026216724
worst(b5),p81(b7),0.2,-28.034945529041707
worst(b5),p81(b7),0.225,-27.71646494879848
worst(b5),p81(b7),0.25,-27.29201333038107
worst(b5),p81(b7),0.275,-26.844525368325776
worst(b5),p81(b7),0.30000000000000004,-26.431793757380667
worst(b5),p81(b7),0.325,-26.231985138509977
worst(b5),p81(b7),0.35000000000000003,-26.45752134400489
worst(b5),p81(b7),0.375,-27.18925692899853
worst(b5),p81(b7),0.4,-28.628509665795942
worst(b5),p81(b7),0.42500000000000004,-28.970997285911572
worst(b5),p81(b7),0.45,-29.20847325810397
worst(b5),p81(b7),0.47500000000000003,-29.354135248786626
worst(b5),p81(b7),0.5,-28.950850606261405
worst(b5),p81(b7),0.525,-28.11195155551424
worst(b5),p81(b7),0.55,-26.68329342423582
worst(b5),p81(b7),0.5750000000000001,-25.261382946420774
worst(b5),p81(b7),0.6000000000000001,-24.041167313094334
worst(b5),p81(b7),0.625,-23.57934584759744
worst(b5),p81(b7),0.65,-22.34746409917132
worst(b5),p81(b7),0.675,-21.221570552234148
worst(b5),p81(b7),0.7000000000000001,-20.20210741940567
worst(b5),p81(b7),0.7250000000000001,-19.26515573652899
worst(b5),p81(b7),0.75,-17.574179291757005
worst(b5),p81(b7),0.775,-15.972617983232812
worst(b5),p81(b7),0.8,-14.95589229253841
worst(b5),p81(b7),0.8250000000000001,-14.733543654660078
worst(b5),p81(b7),0.8500000000000001,-15.021204968796692
worst(b5),p81(b7),0.875,-15.122486929828472
worst(b5),p81(b7),0.9,-17.039946921163434
worst(b5),p81(b7),0.925,-16.24982672182183
worst(b5),p81(b7),0.9500000000000001,-11.53814447186696
worst(b5),p81(b7),0.9750000000000001,-9.502001433240796
worst(b5),p81(b7),1.0,-8.291822949712408
worst(b5),A(b20),0.0,-25.964338960224218
worst(b5),A(b20),0.025,-26.227155223893877
worst(b5),A(b20),0.05,-26.8646358009213
worst(b5),A(b20),0.07500000000000001,-27.996535959521808
worst(b5),A(b20),0.1,-28.108014183435323
worst(b5),A(b20),0.125,-28.36886904556267
worst(b5),A(b20),0.15000000000000002,-28.397461207146257
worst(b5),A(b20),0.17500000000000002,-28.316319967848216
worst(b5),A(b20),0.2,-28.16722647583117
worst(b5),A(b20),0.225,-27.804067794879046
worst(b5),A(b20),0.25,-27.374770810366734
worst(b5),A(b20),0.275,-26.929505835832604
worst(b5),A(b20),0.30000000000000004,-26.563356443414072
worst(b5),A(b20),0.325,-26.50294731734501
worst(b5),A(b20),0.35000000000000003,-26.810147537209957
worst(b5),A(b20),0.375,-27.66101192365596
worst(b5),A(b20),0.4,-29.190548769622325
worst(b5),A(b20),0.42500000000000004,-29.619834292303246
worst(b5),A(b20),0.45,-30.096062471918422
worst(b5),A(b20),0.47500000000000003,-30.244033710344976
worst(b5),A(b20),0.5,-29.95446965961968
worst(b5),A(b20),0.525,-29.27241398748034
worst(b5),A(b20),0.55,-28.016373000804293
worst(b5),A(b20),0.5750000000000001,-26.38086803868125
worst(b5),A(b20),0.6000000000000001,-24.73537621868674
worst(b5),A(b20),0.625,-23.697921829311156
worst(b5),A(b20),0.65,-22.038556839954524
worst(b5),A(b20),0.675,-21.037282498148116
worst(b5),A(b20),0.7000000000000001,-19.942987594357184
worst(b5),A(b20),0.7250000000000001,-19.04109875386508
worst(b5),A(b20),0.75,-17.776853280977463
worst(b5),A(b20),0.775,-16.427842205990558
worst(b5),A(b20),0.8,-15.250312867182402
worst(b5),A(b20),0.8250000000000001,-14.567914780356837
worst(b5),A(b20),0.8500000000000001,-14.370299034172032
worst(b5),A(b20),0.875,-13.993994744093076
worst(b5),A(b20),0.9,-13.400403495745035
worst(b5),A(b20),0.925,-12.413955873647497
worst(b5),A(b20),0.9500000000000001,-10.665756343980505
worst(b5),A(b20),0.9750000000000001,-8.689665816711283
worst(b5),A(b20),1.0,-7.197362472692174
worst(b5),"big(b9,n=3)",0.0,-25.964338959813702
worst(b5),"big(b9,n=3)",0.025,-26.22183912674776
worst(b5),"big(b9,n=3)",0.05,-26.84157247068014
worst(b5),"big(b9,n=3)",0.07500000000000001,-27.930777529473197
worst(b5),"big(b9,n=3)",0.1,-27.983697170066712
worst(b5),"big(b9,n=3)",0.125,-28.23675537306501
worst(b5),"big(b9,n=3)",0.15000000000000002,-28.166572770171832
worst(b5),"big(b9,n=3)",0.17500000000000002,-27.93874245341989
worst(b5),"big(b9,n=3)",0.2,-27.706471485643952
worst(b5),"big(b9,n=3)",0.225,-27.39156977138744
worst(b5),"big(b9,n=3)",0.25,-26.96785224443528
worst(b5),"big(b9,n=3)",0.275,-26.588457364719385
worst(b5),"big(b9,n=3)",0.30000000000000004,-26.220736534248402
worst(b5),"big(b9,n=3)",0.325,-26.046184503194517
worst(b5),"big(b9,n=3)",0.35000000000000003,-26.267721674862575
worst(b5),"big(b9,n=3)",0.375,-26.935748064191795
worst(b5),"big(b9,n=3)",0.4,-28.27898216881094
worst(b5),"big(b9,n=3)",0.42500000000000004,-28.687381511538206
worst(b5),"big(b9,n=3)",0.45,-28.958752289518912
worst(b5),"big(b9,n=3)",0.47500000000000003,-29.183491852827352
worst(b5),"big(b9,n=3)",0.5,-28.983235496736494
worst(b5),"big(b9,n=3)",0.525,-28.393959485844874
worst(b5),"big(b9,n=3)",0.55,-27.538048576140525
worst(b5),"big(b9,n=3)",0.5750000000000001,-26.75165394431146
worst(b5),"big(b9,n=3)",0.6000000000000001,-26.30160303592551
worst(b5),"big(b9,n=3)",0.625,-26.403393032414204
worst(b5),"big(b9,n=3)",0.65,-25.554430617227766
worst(b5),"big(b9,n=3)",0.675,-24.89085648314576
worst(b5),"big(b9,n=3)",0.7000000000000001,-24.406973402733122
worst(b5),"big(b9,n=3)",0.7250000000000001,-23.61908041184434
worst(b5),"big(b9,n=3)",0.75,-22.575748375666773
worst(b5),"big(b9,n=3)",0.775,-21.372322756191906
worst(b5),"big(b9,n=3)",0.8,-20.625719181942564
worst(b5),"big(b9,n=3)",0.8250000000000001,-20.17840267698174
worst(b5),"big(b9,n=3)",0.8500000000000001,-19.9772482712501
worst(b5),"big(b9,n=3)",0.875,-19.25809357857924
worst(b5),"big(b9,n=3)",0.9,-18.32314434120576
worst(b5),"big(b9,n=3)",0.925,-17.179754683916332
worst(b5),"big(b9,n=3)",0.9500000000000001,-15.428068329346313
worst(b5),"big(b9,n=3)",0.9750000000000001,-13.499905446356161
worst(b5),"big(b9,n=3)",1.0,-12.359970906075777
worst(b5),p50(b19),0.0,-25.964338959798233
worst(b5),p50(b19),0.025,-26.27438215675656
worst(b5),p50(b19),0.05,-27.0099893743499
worst(b5),p50(b19),0.07500000000000001,-28.240823425133712
worst(b5),p50(b19),0.1,-28.46379387921109
worst(b5),p50(b19),0.125,-29.048966406741698
worst(b5),p50(b19),0.15000000000000002,-29.20516801429922
worst(b5),p50(b19),0.17500000000000002,-29.375348010856666
worst(b5),p50(b19),0.2,-29.50234230749434
worst(b5),p50(b19),0.225,-29.42743361537315
worst(b5),p50(b19),0.25,-29.27927880485533
worst(b5),p50(b19),0.275,-29.141981998661315
worst(b5),p50(b19),0.30000000000000004,-29.09206902933908
worst(b5),p50(b19),0.325,-29.40548279563658
worst(b5),p50(b19),0.35000000000000003,-30.216065489933072
worst(b5),p50(b19),0.375,-31.696636387804254
worst(b5),p50(b19),0.4,-33.6785336326825
worst(b5),p50(b19),0.42500000000000004,-34.72160655050662
worst(b5),p50(b19),0.45,-35.970562678888705
worst(b5),p50(b19),0.47500000000000003,-36.59791022346428
worst(b5),p50(b19),0.5,-36.62704212741531
worst(b5),p50(b19),0.525,-36.05714143229473
worst(b5),p50(b19),0.55,-34.76282134027376
worst(b5),p50(b19),0.5750000000000001,-32.875955135601046
worst(b5),p50(b19),0.6000000000000001,-30.983328797196698
worst(b5),p50(b19),0.625,-28.590573165468133
worst(b5),p50(b19),0.65,-26.35557805248115
worst(b5),p50(b19),0.675,-25.30602781090637
worst(b5),p50(b19),0.7000000000000001,-23.97177164969925
worst(b5),p50(b19),0.7250000000000001,-22.54715937908974
worst(b5),p50(b19),0.75,-21.10483807251352
worst(b5),p50(b19),0.775,-19.433103633071454
worst(b5),p50(b19),0.8,-17.92488283155399
worst(b5),p50(b19),0.8250000000000001,-17.346331986534654
worst(b5),p50(b19),0.8500000000000001,-16.46465671410719
worst(b5),p50(b19),0.875,-15.882061979807576
worst(b5),p50(b19),0.9,-15.113440093305996
worst(b5),p50(b19),0.925,-13.528089928717
worst(b5),p50(b19),0.9500000000000001,-11.4360877607068
worst(b5),p50(b19),0.9750000000000001,-9.183886996707807
worst(b5),p50(b19),1.0,-8.116550991989833
worst(b5),p38(b22),0.0,-25.964338959541593
worst(b5),p38(b22),0.025,-26.22627256858702
worst(b5),p38(b22),0.05,-26.864778068341764
worst(b5),p38(b22),0.07500000000000001,-27.988404615058336
worst(b5),p38(b22),0.1,-28.09893217528579
worst(b5),p38(b22),0.125,-28.348280065317972
worst(b5),p38(b22),0.15000000000000002,-28.340921256102746
worst(b5),p38(b22),0.17500000000000002,-28.27424125411035
worst(b5),p38(b22),0.2,-28.103059520054508
worst(b5),p38(b22),0.225,-27.70453933024098
worst(b5),p38(b22),0.25,-27.262573711421126
worst(b5),p38(b22),0.275,-26.807549806568623
worst(b5),p38(b22),0.30000000000000004,-26.453288161188745
worst(b5),p38(b22),0.325,-26.405837241410403
worst(b5),p38(b22),0.35000000000000003,-26.7568301137051
worst(b5),p38(b22),0.375,-27.646699412129976
worst(b5),p38(b22),0.4,-29.168974404075946
worst(b5),p38(b22),0.42500000000000004,-29.566191346666095
worst(b5),p38(b22),0.45,-30.01991831845512
worst(b5),p38(b22),0.47500000000000003,-30.113999905225914
worst(b5),p38(b22),0.5,-29.96201905352075
worst(b5),p38(b22),0.525,-29.182718281616236
worst(b5),p38(b22),0.55,-27.83307488536326
worst(b5),p38(b22),0.5750000000000001,-26.093159644518238
worst(b5),p38(b22),0.6000000000000001,-24.636375990095633
worst(b5),p38(b22),0.625,-23.605687262728495
worst(b5),p38(b22),0.65,-22.02703607372167
worst(b5),p38(b22),0.675,-21.12444566414082
worst(b5),p38(b22),0.7000000000000001,-20.552782061955366
worst(b5),p38(b22),0.7250000000000001,-19.586853256837667
worst(b5),p38(b22),0.75,-18.227438399986656
worst(b5),p38(b22),0.775,-16.883706398189442
worst(b5),p38(b22),0.8,-15.57189408987644
worst(b5),p38(b22),0.8250000000000001,-14.971164925024732
worst(b5),p38(b22),0.8500000000000001,-14.81050222512186
worst(b5),p38(b22),0.875,-14.251475538441348
worst(b5),p38(b22),0.9,-13.43621632761161
worst(b5),p38(b22),0.925,-12.36466570190155
worst(b5),p38(b22),0.9500000000000001,-10.539284480106055
worst(b5),p38(b22),0.9750000000000001,-8.510595646275902
worst(b5),p38(b22),1.0,-7.201679661165882
worst(b5),"big(b10,n=64)",0.0,-25.964338959673682
worst(b5),"big(b10,n=64)",0.025,-26.228478825117318
worst(b5),"big(b10,n=64)",0.05,-26.84752341012909
worst(b5),"big(b10,n=64)",0.07500000000000001,-27.93449235459986
worst(b5),"big(b10,n=64)",0.1,-28.034946577742073
worst(b5),"big(b10,n=64)",0.125,-28.304073032318755
worst(b5),"big(b10,n=64)",0.15000000000000002,-28.25300471865169
worst(b5),"big(b10,n=64)",0.17500000000000002,-28.047096907184077
worst(b5),"big(b10,n=64)",0.2,-27.834816666247384
worst(b5),"big(b10,n=64)",0.225,-27.54434854068558
worst(b5),"big(b10,n=64)",0.25,-27.134698259055234
worst(b5),"big(b10,n=64)",0.275,-26.76160755241866
worst(b5),"big(b10,n=64)",0.30000000000000004,-26.387778488750975
worst(b5),"big(b10,n=64)",0.325,-26.19259438756582
worst(b5),"big(b10,n=64)",0.35000000000000003,-26.371459448694665
worst(b5),"big(b10,n=64)",0.375,-26.97544976575668
worst(b5),"big(b10,n=64)",0.4,-28.2288403070471
worst(b5),"big(b10,n=64)",0.42500000000000004,-28.666374111538058
worst(b5),"big(b10,n=64)",0.45,-28.927936628966094
worst(b5),"big(b10,n=64)",0.47500000000000003,-29.086444386883763
worst(b5),"big(b10,n=64)",0.5,-28.779319171009448
worst(b5),"big(b10,n=64)",0.525,-28.055702027912165
worst(b5),"big(b10,n=64)",0.55,-26.846556265593357
worst(b5),"big(b10,n=64)",0.5750000000000001,-25.559283143808187
worst(b5),"big(b10,n=64)",0.6000000000000001,-24.635231396204986
worst(b5),"big(b10,n=64)",0.625,-24.34416179485533
worst(b5),"big(b10,n=64)",0.65,-23.082415737309386
worst(b5),"big(b10,n=64)",0.675,-22.21649140049258
worst(b5),"big(b10,n=64)",0.7000000000000001,-21.344434045542314
worst(b5),"big(b10,n=64)",0.7250000000000001,-20.283400920732312
worst(b5),"big(b10,n=64)",0.75,-18.971770743652833
worst(b5),"big(b10,n=64)",0.775,-17.478779882549123
worst(b5),"big(b10,n=64)",0.8,-16.363015707842468
worst(b5),"big(b10,n=64)",0.8250000000000001,-15.978119815587437
worst(b5),"big(b10,n=64)",0.8500000000000001,-16.096382615410104
worst(b5),"big(b10,n=64)",0.875,-15.817040937278774
worst(b5),"big(b10,n=64)",0.9,-15.490697848850456
worst(b5),"big(b10,n=64)",0.925,-14.965501825105024
worst(b5),"big(b10,n=64)",0.9500000000000001,-14.045065228690449
worst(b5),"big(b10,n=64)",0.9750000000000001,-12.844338707348868
worst(b5),"big(b10,n=64)",1.0,-11.986465033736758
worst(b5),p83(b21),0.0,-25.964338959218004
worst(b5),p83(b21),0.025,-26.24379571489895
worst(b5),p83(b21),0.05,-26.905513340832833
worst(b5),p83(b21),0.07500000000000001,-28.07927394742179
worst(b5),p83(b21),0.1,-28.27304486579407
worst(b5),p83(b21),0.125,-28.671994004318243
worst(b5),p83(b21),0.15000000000000002,-28.794122961982538
worst(b5),p83(b21),0.17500000000000002,-28.789435680081635
worst(b5),p83(b21),0.2,-28.75496954584854
worst(b5),p83(b21),0.225,-28.503668430719742
worst(b5),p83(b21),0.25,-28.151577395333398
worst(b5),p83(b21),0.275,-27.80252033502436
worst(b5),p83(b21),0.30000000000000004,-27.52912024361302
worst(b5),p83(b21),0.325,-27.585576449395802
worst(b5),p83(b21),0.35000000000000003,-28.03616134682865
worst(b5),p83(b21),0.375,-29.076277921587614
worst(b5),p83(b21),0.4,-30.821251979613177
worst(b5),p83(b21),0.42500000000000004,-31.70681650514865
worst(b5),p83(b21),0.45,-32.43602412971447
worst(b5),p83(b21),0.47500000000000003,-32.97898385831473
worst(b5),p83(b21),0.5,-32.915038109075255
worst(b5),p83(b21),0.525,-32.27337519379451
worst(b5),p83(b21),0.55,-30.92440727104652
worst(b5),p83(b21),0.5750000000000001,-29.062594960235636
worst(b5),p83(b21),0.6000000000000001,-27.05627557450013
worst(b5),p83(b21),0.625,-25.940705322635
worst(b5),p83(b21),0.65,-24.124582601397982
worst(b5),p83(b21),0.675,-23.058424415898486
worst(b5),p83(b21),0.7000000000000001,-22.04628207078784
worst(b5),p83(b21),0.7250000000000001,-20.78357727950339
worst(b5),p83(b21),0.75,-19.345285396285377
worst(b5),p83(b21),0.775,-17.772231971201897
worst(b5),p83(b21),0.8,-16.32833398778486
worst(b5),p83(b21),0.8250000000000001,-15.575655321626419
worst(b5),p83(b21),0.8500000000000001,-15.666373155113346
worst(b5),p83(b21),0.875,-15.313353794745584
worst(b5),p83(b21),0.9,-14.710621622018607
worst(b5),p83(b21),0.925,-13.758913247695599
worst(b5),p83(b21),0.9500000000000001,-12.033786654149328
worst(b5),p83(b21),0.9750000000000001,-9.966030696174236
worst(b5),p83(b21),1.0,-8.432798857616106
B(b3),"big(b6,n=2)",0.0,-18.876862809022217
B(b3),"big(b6,n=2)",0.025,-18.98097567586983
B(b3),"big(b6,n=2)",0.05,-19.113491485277432
B(b3),"big(b6,n=2)",0.07500000000000001,-19.24228025436686
B(b3),"big(b6,n=2)",0.1,-19.478177694954148
B(b3),"big(b6,n=2)",0.125,-19.710459885721956
B(b3),"big(b6,n=2)",0.15000000000000002,-19.96802711066357
B(b3),"big(b6,n=2)",0.17500000000000002,-20.327655519108323
B(b3),"big(b6,n=2)",0.2,-21.089410283838127
B(b3),"big(b6,n=2)",0.225,-21.81371337968735
B(b3),"big(b6,n=2)",0.25,-22.504481160944977
B(b3),"big(b6,n=2)",0.275,-24.344316267926118
B(b3),"big(b6,n=2)",0.30000000000000004,-25.961397210758868
B(b3),"big(b6,n=2)",0.325,-29.29635423246598
B(b3),"big(b6,n=2)",0.35000000000000003,-32.03307557987
B(b3),"big(b6,n=2)",0.375,-33.1665371507481
B(b3),"big(b6,n=2)",0.4,-35.04194744369453
B(b3),"big(b6,n=2)",0.42500000000000004,-35.65878272465398
B(b3),"big(b6,n=2)",0.45,-36.46311011639875
B(b3),"big(b6,n=2)",0.47500000000000003,-37.887233114944316
B(b3),"big(b6,n=2)",0.5,-38.54730478876108
B(b3),"big(b6,n=2)",0.525,-38.24514747119033
B(b3),"big(b6,n=2)",0.55,-38.67032697227246
B(b3),"big(b6,n=2)",0.5750000000000001,-38.64530265763329
B(b3),"big(b6,n=2)",0.6000000000000001,-37.69496138122332
B(b3),"big(b6,n=2)",0.625,-36.491244487529045
B(b3),"big(b6,n=2)",0.65,-36.142865154731204
B(b3),"big(b6,n=2)",0.675,-34.96946254065686
B(b3),"big(b6,n=2)",0.7000000000000001,-34.852822982195256
B(b3),"big(b6,n=2)",0.7250000000000001,-33.093890764517695
B(b3),"big(b6,n=2)",0.75,-31.484587790485985
B(b3),"big(b6,n=2)",0.775,-29.108412447171105
B(b3),"big(b6,n=2)",0.8,-27.320244981635717
B(b3),"big(b6,n=2)",0.8250000000000001,-26.58877760470444
B(b3),"big(b6,n=2)",0.8500000000000001,-26.228699696445222
B(b3),"big(b6,n=2)",0.875,-26.185726168945735
B(b3),"big(b6,n=2)",0.9,-25.884062078781092
B(b3),"big(b6,n=2)",0.925,-25.78324354655959
B(b3),"big(b6,n=2)",0.9500000000000001,-25.255234990877273
B(b3),"big(b6,n=2)",0.9750000000000001,-24.150301291472232
B(b3),"big(b6,n=2)",1.0,-23.790998382899595
B(b3),Bstar(b8),0.0,-18.8596305447953
B(b3),Bstar(b8),0.025,-19.157822934563637
B(b3),Bstar(b8),0.05,-19.51717158086251
B(b3),Bstar(b8),0.07500000000000001,-20.058542209935297
B(b3),Bstar(b8),0.1,-20.74819909568248
B(b3),Bstar(b8),0.125,-21.593711911658527
B(b3),Bstar(b8),0.15000000000000002,-22.640343708948635
B(b3),Bstar(b8),0.17500000000000002,-23.84528573627478
B(b3),Bstar(b8),0.2,-25.40067450973729
B(b3),Bstar(b8),0.225,-27.907334854490934
B(b3),Bstar(b8),0.25,-29.634863766335357
B(b3),Bstar(b8),0.275,-32.34718522875204
B(b3),Bstar(b8),0.30000000000000004,-36.03215029653909
B(b3),Bstar(b8),0.325,-40.30751744770919
B(b3),Bstar(b8),0.35000000000000003,-45.151319045680324
B(b3),Bstar(b8),0.375,-49.403048515532106
B(b3),Bstar(b8),0.4,-53.08656510508068
B(b3),Bstar(b8),0.42500000000000004,-56.667998206051294
B(b3),Bstar(b8),0.45,-60.535700702618925
B(b3),Bstar(b8),0.47500000000000003,-64.63804619930696
B(b3),Bstar(b8),0.5,-68.78642156218419
B(b3),Bstar(b8),0.525,-72.9992355838348
B(b3),Bstar(b8),0.55,-77.01002592438391
B(b3),Bstar(b8),0.5750000000000001,-77.69715451649901
B(b3),Bstar(b8),0.6000000000000001,-77.86355153471375
B(b3),Bstar(b8),0.625,-75.88584538847968
B(b3),Bstar(b8),0.65,-73.93812273281003
B(b3),Bstar(b8),0.675,-69.99310947709645
B(b3),Bstar(b8),0.7000000000000001,-62.41248663195217
B(b3),Bstar(b8),0.7250000000000001,-55.62683353938479
B(b3),Bstar(b8),0.75,-50.849758152339625
B(b3),Bstar(b8),0.775,-46.18728510292699
B(b3),Bstar(b8),0.8,-41.04378429439301
B(b3),Bstar(b8),0.8250000000000001,-34.45299136012346
B(b3),Bstar(b8),0.8500000000000001,-27.59052872285637
B(b3),Bstar(b8),0.875,-22.02747655514478
B(b3),Bstar(b8),0.9,-17.745727580143352
B(b3),Bstar(b8),0.925,-14.251396358205676
B(b3),Bstar(b8),0.9500000000000001,-11.389754090544638
B(b3),Bstar(b8),0.9750000000000001,-9.389159977370443
B(b3),Bstar(b8),1.0,-8.310937716137708
B(b3),P4(b13),0.0,-18.87686280902222
B(b3),P4(b13),0.025,-19.145059404536354
B(b3),P4(b13),0.05,-19.48538920326136
B(b3),P4(b13),0.07500000000000001,-19.99393826245073
B(b3),P4(b13),0.1,-20.624154282987252
B(b3),P4(b13),0.125,-21.408321928602163
B(b3),P4(b13),0.15000000000000002,-22.332864147368372
B(b3),P4(b13),0.17500000000000002,-23.44828366366066
B(b3),P4(b13),0.2,-24.89317344849144
B(b3),P4(b13),0.225,-26.83449977033759
B(b3),P4(b13),0.25,-28.520488685787015
B(b3),P4(b13),0.275,-30.698180433581587
B(b3),P4(b13),0.30000000000000004,-33.34996436404027
B(b3),P4(b13),0.325,-37.0481857476859
B(b3),P4(b13),0.35000000000000003,-41.819540697352345
B(b3),P4(b13),0.375,-46.798261735710284
B(b3),P4(b13),0.4,-50.37190452629681
B(b3),P4(b13),0.42500000000000004,-53.80406492011502
B(b3),P4(b13),0.45,-57.23830236867648
B(b3),P4(b13),0.47500000000000003,-61.46296192156524
B(b3),P4(b13),0.5,-65.39974169580442
B(b3),P4(b13),0.525,-69.49004306689588
B(b3),P4(b13),0.55,-73.31641648444294
B(b3),P4(b13),0.5750000000000001,-78.05172664481056
B(b3),P4(b13),0.6000000000000001,-78.96833241332072
B(b3),P4(b13),0.625,-80.32803010026922
B(b3),P4(b13),0.65,-78.51886973333255
B(b3),P4(b13),0.675,-77.80774085788946
B(b3),P4(b13),0.7000000000000001,-76.54545493506723
B(b3),P4(b13),0.7250000000000001,-70.78278319213491
B(b3),P4(b13),0.75,-63.465096418463574
B(b3),P4(b13),0.775,-57.049874111183144
B(b3),P4(b13),0.8,-51.645577855088504
B(b3),P4(b13),0.8250000000000001,-46.00798230644565
B(b3),P4(b13),0.8500000000000001,-39.89678766233351
B(b3),P4(b13),0.875,-31.67794571338611
B(b3),P4(b13),0.9,-24.056291003324013
B(b3),P4(b13),0.925,-18.284821368759744
B(b3),P4(b13),0.9500000000000001,-14.511913800105493
B(b3),P4(b13),0.9750000000000001,-12.37692569533551
B(b3),P4(b13),1.0,-11.447068165622674
B(b3),p81(b7),0.0,-18.8596305447953
B(b3),p81(b7),0.025,-19.16361462894782
B(b3),p81(b7),0.05,-19.575407566383234
B(b3),p81(b7),0.07500000000000001,-20.08248069665435
B(b3),p81(b7),0.1,-20.825323519767224
B(b3),p81(b7),0.125,-21.701052685747428
B(b3),p81(b7),0.15000000000000002,-22.776735573682387
B(b3),p81(b7),0.17500000000000002,-24.151574690618922
B(b3),p81(b7),0.2,-25.8979140941299
B(b3),p81(b7),0.225,-28.509776677280833
B(b3),p81(b7),0.25,-30.498286140484403
B(b3),p81(b7),0.275,-33.36108087253467
B(b3),p81(b7),0.30000000000000004,-37.66688439559557
B(b3),p81(b7),0.325,-42.08372315804624
B(b3),p81(b7),0.35000000000000003,-46.44204203959032
B(b3),p81(b7),0.375,-50.48767933370992
B(b3),p81(b7),0.4,-54.262278302888745
B(b3),p81(b7),0.42500000000000004,-57.859865016615586
B(b3),p81(b7),0.45,-61.81837282702193
B(b3),p81(b7),0.47500000000000003,-65.58464437937732
B(b3),p81(b7),0.5,-69.29838450195109
B(b3),p81(b7),0.525,-71.51406650345834
B(b3),p81(b7),0.55,-73.4385980963202
B(b3),p81(b7),0.5750000000000001,-74.7344934528221
B(b3),p81(b7),0.6000000000000001,-76.36438722405367
B(b3),p81(b7),0.625,-75.9745403861809
B(b3),p81(b7),0.65,-72.50592956012666
B(b3),p81(b7),0.675,-69.30883013548853
B(b3),p81(b7),0.7000000000000001,-62.654092264877505
B(b3),p81(b7),0.7250000000000001,-56.390379572384994
B(b3),p81(b7),0.75,-50.60469871199056
B(b3),p81(b7),0.775,-46.20452853534087
B(b3),p81(b7),0.8,-40.20229736072305
B(b3),p81(b7),0.8250000000000001,-34.07230449315786
B(b3),p81(b7),0.8500000000000001,-26.90543992766119
B(b3),p81(b7),0.875,-20.845512433520074
B(b3),p81(b7),0.9,-16.606009080250633
B(b3),p81(b7),0.925,-13.4035113460759
B(b3),p81(b7),0.9500000000000001,-10.805241272421599
B(b3),p81(b7),0.9750000000000001,-9.082969878299524
B(b3),p81(b7),1.0,-8.2918229496028
B(b3),A(b20),0.0,-18.876862809022217
B(b3),A(b20),0.025,-19.1761918772539
B(b3),A(b20),0.05,-19.606303429129028
B(b3),A(b20),0.07500000000000001,-20.14315857289137
B(b3),A(b20),0.1,-20.91713065584009
B(b3),A(b20),0.125,-21.84021779130541
B(b3),A(b20),0.15000000000000002,-22.966515184674446
B(b3),A(b20),0.17500000000000002,-24.480954971526728
B(b3),A(b20),0.2,-26.46359767798077
B(b3),A(b20),0.225,-28.48428044295272
B(b3),A(b20),0.25,-30.97719637492972
B(b3),A(b20),0.275,-34.53081383780819
B(b3),A(b20),0.30000000000000004,-38.206962051693424
B(b3),A(b20),0.325,-43.899151140287564
B(b3),A(b20),0.35000000000000003,-48.630128691021696
B(b3),A(b20),0.375,-52.05133368220734
B(b3),A(b20),0.4,-55.91029417085612
B(b3),A(b20),0.42500000000000004,-60.15833333752067
B(b3),A(b20),0.45,-64.35749939126458
B(b3),A(b20),0.47500000000000003,-68.08375034779003
B(b3),A(b20),0.5,-73.24587342858402
B(b3),A(b20),0.525,-74.40352871133362
B(b3),A(b20),0.55,-75.79944528697938
B(b3),A(b20),0.5750000000000001,-76.27561329456076
B(b3),A(b20),0.6000000000000001,-76.76870888749006
B(b3),A(b20),0.625,-74.73134790018328
B(b3),A(b20),0.65,-68.9934484229857
B(b3),A(b20),0.675,-62.133785106755866
B(b3),A(b20),0.7000000000000001,-55.79988367787497
B(b3),A(b20),0.7250000000000001,-50.72936621138382
B(b3),A(b20),0.75,-45.37618185715701
B(b3),A(b20),0.775,-39.01017768515026
B(b3),A(b20),0.8,-32.38051371051183
B(b3),A(b20),0.8250000000000001,-27.01285241820711
B(b3),A(b20),0.8500000000000001,-22.508499513008623
B(b3),A(b20),0.875,-18.55105710330898
B(b3),A(b20),0.9,-15.082575926307431
B(b3),A(b20),0.925,-12.073484017407283
B(b3),A(b20),0.9500000000000001,-9.609390631653064
B(b3),A(b20),0.9750000000000001,-7.993664915201394
B(b3),A(b20),1.0,-7.213070075590181
B(b3),"big(b9,n=3)",0.0,-18.8596305447953
B(b3),"big(b9,n=3)",0.025,-19.130091268589755
B(b3),"big(b9,n=3)",0.05,-19.48106462000557
B(b3),"big(b9,n=3)",0.07500000000000001,-19.90018777454461
B(b3),"big(b9,n=3)",0.1,-20.525513005805426
B(b3),"big(b9,n=3)",0.125,-21.235628644039434
B(b3),"big(b9,n=3)",0.15000000000000002,-22.087553362356026
B(b3),"big(b9,n=3)",0.17500000000000002,-23.01164020505539
B(b3),"big(b9,n=3)",0.2,-24.25431700550076
B(b3),"big(b9,n=3)",0.225,-26.257874175845654
B(b3),"big(b9,n=3)",0.25,-28.284914822780358
B(b3),"big(b9,n=3)",0.275,-30.778185419403627
B(b3),"big(b9,n=3)",0.30000000000000004,-32.87828360579502
B(b3),"big(b9,n=3)",0.325,-36.34082247108698
B(b3),"big(b9,n=3)",0.35000000000000003,-39.91438793674734
B(b3),"big(b9,n=3)",0.375,-43.92071497716708
B(b3),"big(b9,n=3)",0.4,-48.37082980595915
B(b3),"big(b9,n=3)",0.42500000000000004,-51.352643253776534
B(b3),"big(b9,n=3)",0.45,-54.62299700556315
B(b3),"big(b9,n=3)",0.47500000000000003,-58.28988621924886
B(b3),"big(b9,n=3)",0.5,-60.987888788035306
B(b3),"big(b9,n=3)",0.525,-64.07598572001552
B(b3),"big(b9,n=3)",0.55,-67.55220494632943
B(b3),"big(b9,n=3)",0.5750000000000001,-70.85587909100501
B(b3),"big(b9,n=3)",0.6000000000000001,-72.72325462512535
B(b3),"big(b9,n=3)",0.625,-73.27024389432025
B(b3),"big(b9,n=3)",0.65,-74.47541952023661
B(b3),"big(b9,n=3)",0.675,-75.23734122229439
B(b3),"big(b9,n=3)",0.7000000000000001,-75.75127544326759
B(b3),"big(b9,n=3)",0.7250000000000001,-77.49102908169773
B(b3),"big(b9,n=3)",0.75,-75.67935979763635
B(b3),"big(b9,n=3)",0.775,-72.48384277879866
B(b3),"big(b9,n=3)",0.8,-66.97269238071344
B(b3),"big(b9,n=3)",0.8250000000000001,-59.45669687462898
B(b3),"big(b9,n=3)",0.8500000000000001,-51.39844442046632
B(b3),"big(b9,n=3)",0.875,-44.09138376092579
B(b3),"big(b9,n=3)",0.9,-38.189565267884475
B(b3),"big(b9,n=3)",0.925,-31.540568803105074
B(b3),"big(b9,n=3)",0.9500000000000001,-24.383995111353382
B(b3),"big(b9,n=3)",0.9750000000000001,-16.56975356640062
B(b3),"big(b9,n=3)",1.0,-12.35997090451354
B(b3),p50(b19),0.0,-18.8596305447953
B(b3),p50(b19),0.025,-19.23496844449475
B(b3),p50(b19),0.05,-19.776811757237986
B(b3),p50(b19),0.07500000000000001,-20.491462214618785
B(b3),p50(b19),0.1,-21.498039504973647
B(b3),p50(b19),0.125,-22.75228344759668
B(b3),p50(b19),0.15000000000000002,-24.322081110132615
B(b3),p50(b19),0.17500000000000002,-26.223320013479203
B(b3),p50(b19),0.2,-28.420130249331912
B(b3),p50(b19),0.225,-31.462775929107995
B(b3),p50(b19),0.25,-34.66567945615178
B(b3),p50(b19),0.275,-38.584573341836546
B(b3),p50(b19),0.30000000000000004,-44.0591017342297
B(b3),p50(b19),0.325,-49.55901790867254
B(b3),p50(b19),0.35000000000000003,-57.46189558577488
B(b3),p50(b19),0.375,-64.57945513760495
B(b3),p50(b19),0.4,-70.78994125561803
B(b3),p50(b19),0.42500000000000004,-77.82443165825273
B(b3),p50(b19),0.45,-85.52055859264362
B(b3),p50(b19),0.47500000000000003,-93.74173772278891
B(b3),p50(b19),0.5,-101.73955934857275
B(b3),p50(b19),0.525,-111.0001825149819
B(b3),p50(b19),0.55,-116.93019112142326
B(b3),p50(b19),0.5750000000000001,-121.77381936143989
B(b3),p50(b19),0.6000000000000001,-125.42394981155701
B(b3),p50(b19),0.625,-129.48923354985854
B(b3),p50(b19),0.65,-130.96423844316456
B(b3),p50(b19),0.675,-126.85552402943512
B(b3),p50(b19),0.7000000000000001,-120.13197914132806
B(b3),p50(b19),0.7250000000000001,-111.61546728661716
B(b3),p50(b19),0.75,-101.785351201921
B(b3),p50(b19),0.775,-90.7013521013001
B(b3),p50(b19),0.8,-80.83538016940396
B(b3),p50(b19),0.8250000000000001,-67.1243973016875
B(b3),p50(b19),0.8500000000000001,-50.95312463505894
B(b3),p50(b19),0.875,-36.77576818358429
B(b3),p50(b19),0.9,-26.1507373928884
B(b3),p50(b19),0.925,-18.348320819403718
B(b3),p50(b19),0.9500000000000001,-12.871880069648533
B(b3),p50(b19),0.9750000000000001,-9.513860817742353
B(b3),p50(b19),1.0,-8.11655099233866
B(b3),p38(b22),0.0,-18.87686280902222
B(b3),p38(b22),0.025,-19.1773281475501
B(b3),p38(b22),0.05,-19.609657367395243
B(b3),p38(b22),0.07500000000000001,-20.141533047602085
B(b3),p38(b22),0.1,-20.931315051327964
B(b3),p38(b22),0.125,-21.85680560367358
B(b3),p38(b22),0.15000000000000002,-22.97977179858077
B(b3),p38(b22),0.17500000000000002,-24.52441144369865
B(b3),p38(b22),0.2,-26.4558466341439
B(b3),p38(b22),0.225,-28.666742951899074
B(b3),p38(b22),0.25,-31.144398263095294
B(b3),p38(b22),0.275,-34.967708104777884
B(b3),p38(b22),0.30000000000000004,-39.44741313763495
B(b3),p38(b22),0.325,-45.57891790300472
B(b3),p38(b22),0.35000000000000003,-48.79903021781811
B(b3),p38(b22),0.375,-51.99611873476837
B(b3),p38(b22),0.4,-56.32653466787432
B(b3),p38(b22),0.42500000000000004,-60.16377641048948
B(b3),p38(b22),0.45,-63.889273271502056
B(b3),p38(b22),0.47500000000000003,-67.88940289259065
B(b3),p38(b22),0.5,-70.91526215507938
B(b3),p38(b22),0.525,-73.33042421352361
B(b3),p38(b22),0.55,-74.45325452635667
B(b3),p38(b22),0.5750000000000001,-76.10516435725191
B(b3),p38(b22),0.6000000000000001,-75.75571929944434
B(b3),p38(b22),0.625,-72.24924543373002
B(b3),p38(b22),0.65,-66.75115803387088
B(b3),p38(b22),0.675,-59.66566061098838
B(b3),p38(b22),0.7000000000000001,-53.93732787793262
B(b3),p38(b22),0.7250000000000001,-48.02462287830291
B(b3),p38(b22),0.75,-42.33398051544195
B(b3),p38(b22),0.775,-36.224365862856494
B(b3),p38(b22),0.8,-30.581272841872163
B(b3),p38(b22),0.8250000000000001,-26.23016943928666
B(b3),p38(b22),0.8500000000000001,-22.139196735507305
B(b3),p38(b22),0.875,-18.451951018451272
B(b3),p38(b22),0.9,-15.153924411452968
B(b3),p38(b22),0.925,-12.221253684582384
B(b3),p38(b22),0.9500000000000001,-9.906789142643662
B(b3),p38(b22),0.9750000000000001,-8.18286845651206
B(b3),p38(b22),1.0,-7.1859751440702215
B(b3),"big(b10,n=64)",0.0,-18.87686280902222
B(b3),"big(b10,n=64)",0.025,-19.129138893052684
B(b3),"big(b10,n=64)",0.05,-19.4484014764194
B(b3),"big(b10,n=64)",0.07500000000000001,-19.92116376388852
B(b3),"big(b10,n=64)",0.1,-20.494262240286417
B(b3),"big(b10,n=64)",0.125,-21.188654485679894
B(b3),"big(b10,n=64)",0.15000000000000002,-22.034863059775475
B(b3),"big(b10,n=64)",0.17500000000000002,-23.068251713457954
B(b3),"big(b10,n=64)",0.2,-24.16807781681366
B(b3),"big(b10,n=64)",0.225,-25.65605705638838
B(b3),"big(b10,n=64)",0.25,-27.554452279975134
B(b3),"big(b10,n=64)",0.275,-29.348921512466493
B(b3),"big(b10,n=64)",0.30000000000000004,-31.522052359447624
B(b3),"big(b10,n=64)",0.325,-34.21819345502328
B(b3),"big(b10,n=64)",0.35000000000000003,-37.79097801134018
B(b3),"big(b10,n=64)",0.375,-41.48080597587206
B(b3),"big(b10,n=64)",0.4,-46.52719435733552
B(b3),"big(b10,n=64)",0.42500000000000004,-50.75578922321548
B(b3),"big(b10,n=64)",0.45,-54.27882935892498
B(b3),"big(b10,n=64)",0.47500000000000003,-57.926633250443814
B(b3),"big(b10,n=64)",0.5,-61.72823729232667
B(b3),"big(b10,n=64)",0.525,-65.74458477200005
B(b3),"big(b10,n=64)",0.55,-69.87929279476566
B(b3),"big(b10,n=64)",0.5750000000000001,-74.25836518915948
B(b3),"big(b10,n=64)",0.6000000000000001,-78.52560241689159
B(b3),"big(b10,n=64)",0.625,-82.87375551152194
B(b3),"big(b10,n=64)",0.65,-86.22156892118568
B(b3),"big(b10,n=64)",0.675,-86.12933722824968
B(b3),"big(b10,n=64)",0.7000000000000001,-85.81234490560996
B(b3),"big(b10,n=64)",0.7250000000000001,-81.13985470131259
B(b3),"big(b10,n=64)",0.75,-76.16415367303546
B(b3),"big(b10,n=64)",0.775,-70.02142550687813
B(b3),"big(b10,n=64)",0.8,-61.47865749839431
B(b3),"big(b10,n=64)",0.8250000000000001,-54.55602392253103
B(b3),"big(b10,n=64)",0.8500000000000001,-47.476793439283526
B(b3),"big(b10,n=64)",0.875,-40.22443678443983
B(b3),"big(b10,n=64)",0.9,-32.02118893148477
B(b3),"big(b10,n=64)",0.925,-24.0178252249438
B(b3),"big(b10,n=64)",0.9500000000000001,-17.460103642451482
B(b3),"big(b10,n=64)",0.9750000000000001,-13.61800683908347
B(b3),"big(b10,n=64)",1.0,-11.98646503122176
B(b3),p83(b21),0.0,-18.87686280902222
B(b3),p83(b21),0.025,-19.19439036017664
B(b3),p83(b21),0.05,-19.62221309810292
B(b3),p83(b21),0.07500000000000001,-20.267133750808977
B(b3),p83(b21),0.1,-21.08734840915153
B(b3),p83(b21),0.125,-22.121842841757445
B(b3),p83(b21),0.15000000000000002,-23.365083118669936
B(b3),p83(b21),0.17500000000000002,-24.88714048424909
B(b3),p83(b21),0.2,-26.814094858680566
B(b3),p83(b21),0.225,-29.156237775155596
B(b3),p83(b21),0.25,-31.60852143048867
B(b3),p83(b21),0.275,-34.62274570422599
B(b3),p83(b21),0.30000000000000004,-38.39122752285369
B(b3),p83(b21),0.325,-43.1264842031341
B(b3),p83(b21),0.35000000000000003,-48.907742330378454
B(b3),p83(b21),0.375,-56.21172276921153
B(b3),p83(b21),0.4,-61.07455216632893
B(b3),p83(b21),0.42500000000000004,-66.17406697908056
B(b3),p83(b21),0.45,-71.49548686901014
B(b3),p83(b21),0.47500000000000003,-78.13324366161712
B(b3),p83(b21),0.5,-84.70357581176364
B(b3),p83(b21),0.525,-91.42858163132327
B(b3),p83(b21),0.55,-97.84064607595108
B(b3),p83(b21),0.5750000000000001,-105.86459790171769
B(b3),p83(b21),0.6000000000000001,-107.18597212335513
B(b3),p83(b21),0.625,-109.79109897612048
B(b3),p83(b21),0.65,-106.77504068716998
B(b3),p83(b21),0.675,-104.82730850707945
B(b3),p83(b21),0.7000000000000001,-100.86242400400869
B(b3),p83(b21),0.7250000000000001,-92.70207647475847
B(b3),p83(b21),0.75,-83.34065607505644
B(b3),p83(b21),0.775,-75.3337062815785
B(b3),p83(b21),0.8,-67.2515924290823
B(b3),p83(b21),0.8250000000000001,-57.718106860639054
B(b3),p83(b21),0.8500000000000001,-46.186798902875424
B(b3),p83(b21),0.875,-35.02047954575652
B(b3),p83(b21),0.9,-25.68294103905589
B(b3),p83(b21),0.925,-18.569576593282257
B(b3),p83(b21),0.9500000000000001,-13.390466681838415
B(b3),p83(b21),0.9750000000000001,-9.92061632516906
B(b3),p83(b21),1.0,-8.432798857715078
"big(b6,n=2)",Bstar(b8),0.0,-23.790998384580526
"big(b6,n=2)",Bstar(b8),0.025,-23.89784263217339
"big(b6,n=2)",Bstar(b8),0.05,-24.209224986208355
"big(b6,n=2)",Bstar(b8),0.07500000000000001,-24.77636775843525
"big(b6,n=2)",Bstar(b8),0.1,-25.529147755006047
"big(b6,n=2)",Bstar(b8),0.125,-25.506386515289844
"big(b6,n=2)",Bstar(b8),0.15000000000000002,-25.482995465494007
"big(b6,n=2)",Bstar(b8),0.17500000000000002,-25.539267892889324
"big(b6,n=2)",Bstar(b8),0.2,-25.52590919167325
"big(b6,n=2)",Bstar(b8),0.225,-25.376221559473095
"big(b6,n=2)",Bstar(b8),0.25,-25.080689933228538
"big(b6,n=2)",Bstar(b8),0.275,-24.644968687872
"big(b6,n=2)",Bstar(b8),0.30000000000000004,-24.03624097575544
"big(b6,n=2)",Bstar(b8),0.325,-23.32175264864098
"big(b6,n=2)",Bstar(b8),0.35000000000000003,-22.643140161138355
"big(b6,n=2)",Bstar(b8),0.375,-22.198765934816045
"big(b6,n=2)",Bstar(b8),0.4,-21.957123706748686
"big(b6,n=2)",Bstar(b8),0.42500000000000004,-22.145770347546133
"big(b6,n=2)",Bstar(b8),0.45,-21.59864922915572
"big(b6,n=2)",Bstar(b8),0.47500000000000003,-20.969426061747733
"big(b6,n=2)",Bstar(b8),0.5,-20.406033760200593
"big(b6,n=2)",Bstar(b8),0.525,-19.969872609819554
"big(b6,n=2)",Bstar(b8),0.55,-19.34404431570029
"big(b6,n=2)",Bstar(b8),0.5750000000000001,-18.71997843502899
"big(b6,n=2)",Bstar(b8),0.6000000000000001,-18.09526557446422
"big(b6,n=2)",Bstar(b8),0.625,-17.28755562405756
"big(b6,n=2)",Bstar(b8),0.65,-16.35704466888488
"big(b6,n=2)",Bstar(b8),0.675,-15.566090874750962
"big(b6,n=2)",Bstar(b8),0.7000000000000001,-15.030203524705046
"big(b6,n=2)",Bstar(b8),0.7250000000000001,-14.910848705976516
"big(b6,n=2)",Bstar(b8),0.75,-15.054554601497866
"big(b6,n=2)",Bstar(b8),0.775,-15.14816086278634
"big(b6,n=2)",Bstar(b8),0.8,-14.983057873268928
"big(b6,n=2)",Bstar(b8),0.8250000000000001,-15.152984729250429
"big(b6,n=2)",Bstar(b8),0.8500000000000001,-14.39957245882424
"big(b6,n=2)",Bstar(b8),0.875,-13.49086442159317
"big(b6,n=2)",Bstar(b8),0.9,-12.593120305258415
"big(b6,n=2)",Bstar(b8),0.925,-11.454780823456352
"big(b6,n=2)",Bstar(b8),0.9500000000000001,-10.206079978596861
"big(b6,n=2)",Bstar(b8),0.9750000000000001,-9.034194743019182
"big(b6,n=2)",Bstar(b8),1.0,-8.310937716190073
"big(b6,n=2)",P4(b13),0.0,-23.790998381068487
"big(b6,n=2)",P4(b13),0.025,-23.895959293772762
"big(b6,n=2)",P4(b13),0.05,-24.204655820179482
"big(b6,n=2)",P4(b13),0.07500000000000001,-24.762186364437426
"big(b6,n=2)",P4(b13),0.1,-25.499937224764253
"big(b6,n=2)",P4(b13),0.125,-25.46500085893402
"big(b6,n=2)",P4(b13),0.15000000000000002,-25.427321777155917
"big(b6,n=2)",P4(b13),0.17500000000000002,-25.435531745168912
"big(b6,n=2)",P4(b13),0.2,-25.505267720533688
"big(b6,n=2)",P4(b13),0.225,-25.30669711064131
"big(b6,n=2)",P4(b13),0.25,-24.98527252605952
"big(b6,n=2)",P4(b13),0.275,-24.5640844707885
"big(b6,n=2)",P4(b13),0.30000000000000004,-24.053578279047755
"big(b6,n=2)",P4(b13),0.325,-23.450638193163236
"big(b6,n=2)",P4(b13),0.35000000000000003,-22.79379009029601
"big(b6,n=2)",P4(b13),0.375,-22.164568358351197
"big(b6,n=2)",P4(b13),0.4,-21.92618195856584
"big(b6,n=2)",P4(b13),0.42500000000000004,-22.0417690684591
"big(b6,n=2)",P4(b13),0.45,-21.52025218625661
"big(b6,n=2)",P4(b13),0.47500000000000003,-20.91793384203214
"big(b6,n=2)",P4(b13),0.5,-20.4104764986875
"big(b6,n=2)",P4(b13),0.525,-20.01873499002392
"big(b6,n=2)",P4(b13),0.55,-19.528415736691734
"big(b6,n=2)",P4(b13),0.5750000000000001,-18.917169519456877
"big(b6,n=2)",P4(b13),0.6000000000000001,-18.220650711943584
"big(b6,n=2)",P4(b13),0.625,-17.411972867687236
"big(b6,n=2)",P4(b13),0.65,-16.569579544116692
"big(b6,n=2)",P4(b13),0.675,-15.761817557964118
"big(b6,n=2)",P4(b13),0.7000000000000001,-15.179776943167239
"big(b6,n=2)",P4(b13),0.7250000000000001,-14.826698078614909
"big(b6,n=2)",P4(b13),0.75,-14.988121084912038
"big(b6,n=2)",P4(b13),0.775,-15.132499152930984
"big(b6,n=2)",P4(b13),0.8,-15.069532627142662
"big(b6,n=2)",P4(b13),0.8250000000000001,-14.91150502460219
"big(b6,n=2)",P4(b13),0.8500000000000001,-14.739505850311463
"big(b6,n=2)",P4(b13),0.875,-14.544572511892003
"big(b6,n=2)",P4(b13),0.9,-14.123462411016414
"big(b6,n=2)",P4(b13),0.925,-13.536498473100115
"big(b6,n=2)",P4(b13),0.9500000000000001,-12.802066131954803
"big(b6,n=2)",P4(b13),0.9750000000000001,-12.005008858245132
"big(b6,n=2)",P4(b13),1.0,-11.447068165610684
"big(b6,n=2)",p81(b7),0.0,-23.790998384385063
"big(b6,n=2)",p81(b7),0.025,-23.895060060467735
"big(b6,n=2)",p81(b7),0.05,-24.206633699969743
"big(b6,n=2)",p81(b7),0.07500000000000001,-24.781984690325842
"big(b6,n=2)",p81(b7),0.1,-25.514664550528597
"big(b6,n=2)",p81(b7),0.125,-25.483653025059866
"big(b6,n=2)",p81(b7),0.15000000000000002,-25.449848629732287
"big(b6,n=2)",p81(b7),0.17500000000000002,-25.479383571292384
"big(b6,n=2)",p81(b7),0.2,-25.44694154981498
"big(b6,n=2)",p81(b7),0.225,-25.302504836861328
"big(b6,n=2)",p81(b7),0.25,-24.979687407061775
"big(b6,n=2)",p81(b7),0.275,-24.520457944781185
"big(b6,n=2)",p81(b7),0.30000000000000004,-23.882597693795436
"big(b6,n=2)",p81(b7),0.325,-23.125321891526028
"big(b6,n=2)",p81(b7),0.35000000000000003,-22.50042589343802
"big(b6,n=2)",p81(b7),0.375,-22.020806489495484
"big(b6,n=2)",p81(b7),0.4,-21.85090337556498
"big(b6,n=2)",p81(b7),0.42500000000000004,-22.050604442365024
"big(b6,n=2)",p81(b7),0.45,-21.405219858696626
"big(b6,n=2)",p81(b7),0.47500000000000003,-20.76115706461709
"big(b6,n=2)",p81(b7),0.5,-20.16980085982236
"big(b6,n=2)",p81(b7),0.525,-19.566492637881286
"big(b6,n=2)",p81(b7),0.55,-19.38238719205193
"big(b6,n=2)",p81(b7),0.5750000000000001,-18.672311372456132
"big(b6,n=2)",p81(b7),0.6000000000000001,-17.921114669277756
"big(b6,n=2)",p81(b7),0.625,-17.16640729777287
"big(b6,n=2)",p81(b7),0.65,-16.101290498007938
"big(b6,n=2)",p81(b7),0.675,-14.941347709891438
"big(b6,n=2)",p81(b7),0.7000000000000001,-14.496962828721868
"big(b6,n=2)",p81(b7),0.7250000000000001,-14.398793493943765
"big(b6,n=2)",p81(b7),0.75,-14.58843462867459
"big(b6,n=2)",p81(b7),0.775,-14.77678644271052
"big(b6,n=2)",p81(b7),0.8,-14.705404380271633
"big(b6,n=2)",p81(b7),0.8250000000000001,-14.602404105409892
"big(b6,n=2)",p81(b7),0.8500000000000001,-14.761735737880624
"big(b6,n=2)",p81(b7),0.875,-16.080894137327448
"big(b6,n=2)",p81(b7),0.9,-15.648214977393806
"big(b6,n=2)",p81(b7),0.925,-11.741735016946135
"big(b6,n=2)",p81(b7),0.9500000000000001,-10.64955103828451
"big(b6,n=2)",p81(b7),0.9750000000000001,-8.965754203507945
"big(b6,n=2)",p81(b7),1.0,-8.291822949787154
"big(b6,n=2)",A(b20),0.0,-23.79099838122474
"big(b6,n=2)",A(b20),0.025,-23.88697709727101
"big(b6,n=2)",A(b20),0.05,-24.190921872216183
"big(b6,n=2)",A(b20),0.07500000000000001,-24.76238155123226
"big(b6,n=2)",A(b20),0.1,-25.478229855614153
"big(b6,n=2)",A(b20),0.125,-25.45879372740214
"big(b6,n=2)",A(b20),0.15000000000000002,-25.444129180211412
"big(b6,n=2)",A(b20),0.17500000000000002,-25.52199271074184
"big(b6,n=2)",A(b20),0.2,-25.5285267093061
"big(b6,n=2)",A(b20),0.225,-25.370087698232993
"big(b6,n=2)",A(b20),0.25,-25.094882756679638
"big(b6,n=2)",A(b20),0.275,-24.69703624086264
"big(b6,n=2)",A(b20),0.30000000000000004,-24.184666653721756
"big(b6,n=2)",A(b20),0.325,-23.575374456550456
"big(b6,n=2)",A(b20),0.35000000000000003,-22.943821941721183
"big(b6,n=2)",A(b20),0.375,-22.302414315807862
"big(b6,n=2)",A(b20),0.4,-21.841383959028818
"big(b6,n=2)",A(b20),0.42500000000000004,-21.83784768308297
"big(b6,n=2)",A(b20),0.45,-21.134928909972302
"big(b6,n=2)",A(b20),0.47500000000000003,-20.575847606830465
"big(b6,n=2)",A(b20),0.5,-19.986026777342836
"big(b6,n=2)",A(b20),0.525,-19.556658318772467
"big(b6,n=2)",A(b20),0.55,-18.93418849719472
"big(b6,n=2)",A(b20),0.5750000000000001,-18.245645686440387
"big(b6,n=2)",A(b20),0.6000000000000001,-17.51922710191089
"big(b6,n=2)",A(b20),0.625,-16.726546935705816
"big(b6,n=2)",A(b20),0.65,-15.923665486235752
"big(b6,n=2)",A(b20),0.675,-15.26350313168511
"big(b6,n=2)",A(b20),0.7000000000000001,-14.623813988041634
"big(b6,n=2)",A(b20),0.7250000000000001,-14.271873644407211
"big(b6,n=2)",A(b20),0.75,-14.33714217236401
"big(b6,n=2)",A(b20),0.775,-14.169331474687558
"big(b6,n=2)",A(b20),0.8,-13.973861075588585
"big(b6,n=2)",A(b20),0.8250000000000001,-13.736730050478949
"big(b6,n=2)",A(b20),0.8500000000000001,-13.320247094682362
"big(b6,n=2)",A(b20),0.875,-12.857920152083775
"big(b6,n=2)",A(b20),0.9,-11.948798344011198
"big(b6,n=2)",A(b20),0.925,-10.747183840576593
"big(b6,n=2)",A(b20),0.9500000000000001,-9.424830227489885
"big(b6,n=2)",A(b20),0.9750000000000001,-8.123245806363688
"big(b6,n=2)",A(b20),1.0,-7.197362473001997
"big(b6,n=2)","big(b9,n=3)",0.0,-23.79099838503175
"big(b6,n=2)","big(b9,n=3)",0.025,-23.91722216139358
"big(b6,n=2)","big(b9,n=3)",0.05,-24.24717017087186
"big(b6,n=2)","big(b9,n=3)",0.07500000000000001,-24.82756691219612
"big(b6,n=2)","big(b9,n=3)",0.1,-25.5759343247558
"big(b6,n=2)","big(b9,n=3)",0.125,-25.554319926268562
"big(b6,n=2)","big(b9,n=3)",0.15000000000000002,-25.530100715429292
"big(b6,n=2)","big(b9,n=3)",0.17500000000000002,-25.547164366248474
"big(b6,n=2)","big(b9,n=3)",0.2,-25.55489169253707
"big(b6,n=2)","big(b9,n=3)",0.225,-25.463994401967923
"big(b6,n=2)","big(b9,n=3)",0.25,-25.170104861328404
"big(b6,n=2)","big(b9,n=3)",0.275,-24.790766921255248
"big(b6,n=2)","big(b9,n=3)",0.30000000000000004,-24.292611268018764
"big(b6,n=2)","big(b9,n=3)",0.325,-23.78239223212313
"big(b6,n=2)","big(b9,n=3)",0.35000000000000003,-23.36646198929532
"big(b6,n=2)","big(b9,n=3)",0.375,-23.147383690260806
"big(b6,n=2)","big(b9,n=3)",0.4,-23.15360023136556
"big(b6,n=2)","big(b9,n=3)",0.42500000000000004,-23.543284693667147
"big(b6,n=2)","big(b9,n=3)",0.45,-23.18955164623425
"big(b6,n=2)","big(b9,n=3)",0.47500000000000003,-22.827844097717723
"big(b6,n=2)","big(b9,n=3)",0.5,-22.534853262215726
"big(b6,n=2)","big(b9,n=3)",0.525,-22.368246093155012
"big(b6,n=2)","big(b9,n=3)",0.55,-22.12864619412492
"big(b6,n=2)","big(b9,n=3)",0.5750000000000001,-21.75805312053054
"big(b6,n=2)","big(b9,n=3)",0.6000000000000001,-21.284905349556084
"big(b6,n=2)","big(b9,n=3)",0.625,-20.745748965540496
"big(b6,n=2)","big(b9,n=3)",0.65,-20.134939352281542
"big(b6,n=2)","big(b9,n=3)",0.675,-19.664557818307422
"big(b6,n=2)","big(b9,n=3)",0.7000000000000001,-19.49257049482621
"big(b6,n=2)","big(b9,n=3)",0.7250000000000001,-19.411351544601658
"big(b6,n=2)","big(b9,n=3)",0.75,-19.62246056303976
"big(b6,n=2)","big(b9,n=3)",0.775,-19.55225884796564
"big(b6,n=2)","big(b9,n=3)",0.8,-19.249845885004238
"big(b6,n=2)","big(b9,n=3)",0.8250000000000001,-18.888674626583477
"big(b6,n=2)","big(b9,n=3)",0.8500000000000001,-18.342430995795702
"big(b6,n=2)","big(b9,n=3)",0.875,-17.734862028789664
"big(b6,n=2)","big(b9,n=3)",0.9,-16.840117387748567
"big(b6,n=2)","big(b9,n=3)",0.925,-15.658010632238101
"big(b6,n=2)","big(b9,n=3)",0.9500000000000001,-14.257294215263668
"big(b6,n=2)","big(b9,n=3)",0.9750000000000001,-13.016356035822827
"big(b6,n=2)","big(b9,n=3)",1.0,-12.359970906036486
"big(b6,n=2)",p50(b19),0.0,-23.790998381051462
"big(b6,n=2)",p50(b19),0.025,-23.920185941395303
"big(b6,n=2)",p50(b19),0.05,-24.294531568179575
"big(b6,n=2)",p50(b19),0.07500000000000001,-24.97509229840665
"big(b6,n=2)",p50(b19),0.1,-25.729305130364715
"big(b6,n=2)",p50(b19),0.125,-25.830931090709534
"big(b6,n=2)",p50(b19),0.15000000000000002,-26.001243720437436
"big(b6,n=2)",p50(b19),0.17500000000000002,-26.19377384894428
"big(b6,n=2)",p50(b19),0.2,-26.53096435425818
"big(b6,n=2)",p50(b19),0.225,-26.5031502988837
"big(b6,n=2)",p50(b19),0.25,-26.398893472823282
"big(b6,n=2)",p50(b19),0.275,-26.194189194850424
"big(b6,n=2)",p50(b19),0.30000000000000004,-25.92084381529035
"big(b6,n=2)",p50(b19),0.325,-25.465524309115324
"big(b6,n=2)",p50(b19),0.35000000000000003,-24.92747132022216
"big(b6,n=2)",p50(b19),0.375,-24.40205423509251
"big(b6,n=2)",p50(b19),0.4,-24.04390520013225
"big(b6,n=2)",p50(b19),0.42500000000000004,-23.522416441630085
"big(b6,n=2)",p50(b19),0.45,-22.783972045691748
"big(b6,n=2)",p50(b19),0.47500000000000003,-22.241860819809016
"big(b6,n=2)",p50(b19),0.5,-21.764928898895807
"big(b6,n=2)",p50(b19),0.525,-21.45023044562803
"big(b6,n=2)",p50(b19),0.55,-20.845619782338236
"big(b6,n=2)",p50(b19),0.5750000000000001,-20.149467644284808
"big(b6,n=2)",p50(b19),0.6000000000000001,-19.399441269962537
"big(b6,n=2)",p50(b19),0.625,-18.644391842973953
"big(b6,n=2)",p50(b19),0.65,-17.837103773768426
"big(b6,n=2)",p50(b19),0.675,-17.056036482242565
"big(b6,n=2)",p50(b19),0.7000000000000001,-16.427428350271917
"big(b6,n=2)",p50(b19),0.7250000000000001,-16.175399833501338
"big(b6,n=2)",p50(b19),0.75,-16.03832976802514
"big(b6,n=2)",p50(b19),0.775,-15.692851611431315
"big(b6,n=2)",p50(b19),0.8,-15.46107986064822
"big(b6,n=2)",p50(b19),0.8250000000000001,-15.13154253721114
"big(b6,n=2)",p50(b19),0.8500000000000001,-14.699994974033107
"big(b6,n=2)",p50(b19),0.875,-13.873775292284382
"big(b6,n=2)",p50(b19),0.9,-12.747885112354398
"big(b6,n=2)",p50(b19),0.925,-11.381001472712693
"big(b6,n=2)",p50(b19),0.9500000000000001,-9.883505519030198
"big(b6,n=2)",p50(b19),0.9750000000000001,-8.56144702656844
"big(b6,n=2)",p50(b19),1.0,-8.116550992386863
"big(b6,n=2)",p38(b22),0.0,-23.790998384359476
"big(b6,n=2)",p38(b22),0.025,-23.88615175521555
"big(b6,n=2)",p38(b22),0.05,-24.190799501853803
"big(b6,n=2)",p38(b22),0.07500000000000001,-24.768829442530045
"big(b6,n=2)",p38(b22),0.1,-25.474344135420996
"big(b6,n=2)",p38(b22),0.125,-25.452406160611442
"big(b6,n=2)",p38(b22),0.15000000000000002,-25.43153935857914
"big(b6,n=2)",p38(b22),0.17500000000000002,-25.508843328768137
"big(b6,n=2)",p38(b22),0.2,-25.502558405922002
"big(b6,n=2)",p38(b22),0.225,-25.32597339373925
"big(b6,n=2)",p38(b22),0.25,-25.038214441645763
"big(b6,n=2)",p38(b22),0.275,-24.621197261653492
"big(b6,n=2)",p38(b22),0.30000000000000004,-24.08442114097033
"big(b6,n=2)",p38(b22),0.325,-23.45174393395005
"big(b6,n=2)",p38(b22),0.35000000000000003,-22.845352070137242
"big(b6,n=2)",p38(b22),0.375,-22.225817088253187
"big(b6,n=2)",p38(b22),0.4,-21.836451078788386
"big(b6,n=2)",p38(b22),0.42500000000000004,-21.801841705509343
"big(b6,n=2)",p38(b22),0.45,-21.151675789714634
"big(b6,n=2)",p38(b22),0.47500000000000003,-20.59399144949579
"big(b6,n=2)",p38(b22),0.5,-20.005591641141848
"big(b6,n=2)",p38(b22),0.525,-19.576938157007106
"big(b6,n=2)",p38(b22),0.55,-18.950221077091342
"big(b6,n=2)",p38(b22),0.5750000000000001,-18.432042517145806
"big(b6,n=2)",p38(b22),0.6000000000000001,-17.776711669981765
"big(b6,n=2)",p38(b22),0.625,-16.973083413682684
"big(b6,n=2)",p38(b22),0.65,-16.181980250059706
"big(b6,n=2)",p38(b22),0.675,-15.49566770012435
"big(b6,n=2)",p38(b22),0.7000000000000001,-14.905112707239606
"big(b6,n=2)",p38(b22),0.7250000000000001,-14.591930944695996
"big(b6,n=2)",p38(b22),0.75,-14.782082209537423
"big(b6,n=2)",p38(b22),0.775,-14.532986222096374
"big(b6,n=2)",p38(b22),0.8,-14.314724121426073
"big(b6,n=2)",p38(b22),0.8250000000000001,-13.86302619271513
"big(b6,n=2)",p38(b22),0.8500000000000001,-13.343767708845377
"big(b6,n=2)",p38(b22),0.875,-12.713958587137627
"big(b6,n=2)",p38(b22),0.9,-11.842762560135656
"big(b6,n=2)",p38(b22),0.925,-10.603241979821501
"big(b6,n=2)",p38(b22),0.9500000000000001,-9.223360371590632
"big(b6,n=2)",p38(b22),0.9750000000000001,-7.980303566462176
"big(b6,n=2)",p38(b22),1.0,-7.2016796611958664
"big(b6,n=2)","big(b10,n=64)",0.0,-23.79099838450223
"big(b6,n=2)","big(b10,n=64)",0.025,-23.906823193709066
"big(b6,n=2)","big(b10,n=64)",0.05,-24.22602764803964
"big(b6,n=2)","big(b10,n=64)",0.07500000000000001,-24.791682360829668
"big(b6,n=2)","big(b10,n=64)",0.1,-25.541734604634133
"big(b6,n=2)","big(b10,n=64)",0.125,-25.5161391576121
"big(b6,n=2)","big(b10,n=64)",0.15000000000000002,-25.49390065791259
"big(b6,n=2)","big(b10,n=64)",0.17500000000000002,-25.50663785966308
"big(b6,n=2)","big(b10,n=64)",0.2,-25.559539928908933
"big(b6,n=2)","big(b10,n=64)",0.225,-25.392599336910795
"big(b6,n=2)","big(b10,n=64)",0.25,-25.084107605013777
"big(b6,n=2)","big(b10,n=64)",0.275,-24.678190693163657
"big(b6,n=2)","big(b10,n=64)",0.30000000000000004,-24.136919255680965
"big(b6,n=2)","big(b10,n=64)",0.325,-23.561216911216963
"big(b6,n=2)","big(b10,n=64)",0.35000000000000003,-22.93741944192199
"big(b6,n=2)","big(b10,n=64)",0.375,-22.517944629090714
"big(b6,n=2)","big(b10,n=64)",0.4,-22.338499776025795
"big(b6,n=2)","big(b10,n=64)",0.42500000000000004,-22.508727517953297
"big(b6,n=2)","big(b10,n=64)",0.45,-22.05050295200966
"big(b6,n=2)","big(b10,n=64)",0.47500000000000003,-21.496210342509663
"big(b6,n=2)","big(b10,n=64)",0.5,-21.03288893176166
"big(b6,n=2)","big(b10,n=64)",0.525,-20.657372123170084
"big(b6,n=2)","big(b10,n=64)",0.55,-20.197843933007988
"big(b6,n=2)","big(b10,n=64)",0.5750000000000001,-19.6163915298271
"big(b6,n=2)","big(b10,n=64)",0.6000000000000001,-18.94870943594087
"big(b6,n=2)","big(b10,n=64)",0.625,-18.182996856997228
"big(b6,n=2)","big(b10,n=64)",0.65,-17.333451581798233
"big(b6,n=2)","big(b10,n=64)",0.675,-16.570431617124093
"big(b6,n=2)","big(b10,n=64)",0.7000000000000001,-16.043451389775516
"big(b6,n=2)","big(b10,n=64)",0.7250000000000001,-15.78164524975903
"big(b6,n=2)","big(b10,n=64)",0.75,-15.901925752970417
"big(b6,n=2)","big(b10,n=64)",0.775,-16.006875283473665
"big(b6,n=2)","big(b10,n=64)",0.8,-15.838975122787527
"big(b6,n=2)","big(b10,n=64)",0.8250000000000001,-15.618390003992149
"big(b6,n=2)","big(b10,n=64)",0.8500000000000001,-15.449116669071508
"big(b6,n=2)","big(b10,n=64)",0.875,-15.145532688501383
"big(b6,n=2)","big(b10,n=64)",0.9,-14.691382975306473
"big(b6,n=2)","big(b10,n=64)",0.925,-14.053758180077036
"big(b6,n=2)","big(b10,n=64)",0.9500000000000001,-13.271899126222069
"big(b6,n=2)","big(b10,n=64)",0.9750000000000001,-12.459466833175709
"big(b6,n=2)","big(b10,n=64)",1.0,-11.986465033522421
"big(b6,n=2)",p83(b21),0.0,-23.79099838116582
"big(b6,n=2)",p83(b21),0.025,-23.899277856653107
"big(b6,n=2)",p83(b21),0.05,-24.21901516023872
"big(b6,n=2)",p83(b21),0.07500000000000001,-24.812395473608056
"big(b6,n=2)",p83(b21),0.1,-25.61344245475656
"big(b6,n=2)",p83(b21),0.125,-25.657616994685405
"big(b6,n=2)",p83(b21),0.15000000000000002,-25.7152257676143
"big(b6,n=2)",p83(b21),0.17500000000000002,-25.840532321023492
"big(b6,n=2)",p83(b21),0.2,-26.019767849048172
"big(b6,n=2)",p83(b21),0.225,-25.95122996864337
"big(b6,n=2)",p83(b21),0.25,-25.790116194956454
"big(b6,n=2)",p83(b21),0.275,-25.500663790746735
"big(b6,n=2)",p83(b21),0.30000000000000004,-25.070951281545945
"big(b6,n=2)",p83(b21),0.325,-24.52985763568173
"big(b6,n=2)",p83(b21),0.35000000000000003,-23.88929428230535
"big(b6,n=2)",p83(b21),0.375,-23.215391608221303
"big(b6,n=2)",p83(b21),0.4,-22.66133719113669
"big(b6,n=2)",p83(b21),0.42500000000000004,-22.58216985750683
"big(b6,n=2)",p83(b21),0.45,-22.02422545436435
"big(b6,n=2)",p83(b21),0.47500000000000003,-21.51401652658166
"big(b6,n=2)",p83(b21),0.5,-20.999104706315137
"big(b6,n=2)",p83(b21),0.525,-20.61288510169057
"big(b6,n=2)",p83(b21),0.55,-20.089989175260204
"big(b6,n=2)",p83(b21),0.5750000000000001,-19.416994781196024
"big(b6,n=2)",p83(b21),0.6000000000000001,-18.662277327939922
"big(b6,n=2)",p83(b21),0.625,-17.78937900797955
"big(b6,n=2)",p83(b21),0.65,-16.873854314522813
"big(b6,n=2)",p83(b21),0.675,-16.121734489574607
"big(b6,n=2)",p83(b21),0.7000000000000001,-15.394840903869671
"big(b6,n=2)",p83(b21),0.7250000000000001,-14.952113593694863
"big(b6,n=2)",p83(b21),0.75,-15.045352555263442
"big(b6,n=2)",p83(b21),0.775,-15.156016894043738
"big(b6,n=2)",p83(b21),0.8,-15.029772536673994
"big(b6,n=2)",p83(b21),0.8250000000000001,-14.786329220616539
"big(b6,n=2)",p83(b21),0.8500000000000001,-14.455285527173986
"big(b6,n=2)",p83(b21),0.875,-14.09228022238584
"big(b6,n=2)",p83(b21),0.9,-13.190743912085129
"big(b6,n=2)",p83(b21),0.925,-12.010379052269728
"big(b6,n=2)",p83(b21),0.9500000000000001,-10.673356665059943
"big(b6,n=2)",p83(b21),0.9750000000000001,-9.326072348259688
"big(b6,n=2)",p83(b21),1.0,-8.432798857675934
Bstar(b8),P4(b13),0.0,-8.310937716225393
Bstar(b8),P4(b13),0.025,-8.582330805302778
Bstar(b8),P4(b13),0.05,-8.720505888761078
Bstar(b8),P4(b13),0.07500000000000001,-8.859993610903071
Bstar(b8),P4(b13),0.1,-8.999813903627388
Bstar(b8),P4(b13),0.125,-9.140329757067137
Bstar(b8),P4(b13),0.15000000000000002,-9.28501838678697
Bstar(b8),P4(b13),0.17500000000000002,-9.431381774336932
Bstar(b8),P4(b13),0.2,-9.582814285600476
Bstar(b8),P4(b13),0.225,-9.735737104207981
Bstar(b8),P4(b13),0.25,-9.889323884175809
Bstar(b8),P4(b13),0.275,-10.043430819817019
Bstar(b8),P4(b13),0.30000000000000004,-10.197993795108673
Bstar(b8),P4(b13),0.325,-10.344292634537961
Bstar(b8),P4(b13),0.35000000000000003,-10.496608635434395
Bstar(b8),P4(b13),0.375,-10.644243741760945
Bstar(b8),P4(b13),0.4,-10.792319949909647
Bstar(b8),P4(b13),0.42500000000000004,-10.941481125175677
Bstar(b8),P4(b13),0.45,-11.088933968220113
Bstar(b8),P4(b13),0.47500000000000003,-11.23445358672193
Bstar(b8),P4(b13),0.5,-11.382875084243697
Bstar(b8),P4(b13),0.525,-11.45905313776038
Bstar(b8),P4(b13),0.55,-11.522808008418343
Bstar(b8),P4(b13),0.5750000000000001,-11.586357202666806
Bstar(b8),P4(b13),0.6000000000000001,-11.656760214130198
Bstar(b8),P4(b13),0.625,-11.73125308829015
Bstar(b8),P4(b13),0.65,-11.281987567827434
Bstar(b8),P4(b13),0.675,-11.33512858253697
Bstar(b8),P4(b13),0.7000000000000001,-11.364946690498778
Bstar(b8),P4(b13),0.7250000000000001,-11.404868040111573
Bstar(b8),P4(b13),0.75,-11.447730496675586
Bstar(b8),P4(b13),0.775,-11.492418172100692
Bstar(b8),P4(b13),0.8,-11.54241573536164
Bstar(b8),P4(b13),0.8250000000000001,-11.542598066730122
Bstar(b8),P4(b13),0.8500000000000001,-11.531500832854391
Bstar(b8),P4(b13),0.875,-11.495341919360225
Bstar(b8),P4(b13),0.9,-11.480111462354694
Bstar(b8),P4(b13),0.925,-11.474547577200251
Bstar(b8),P4(b13),0.9500000000000001,-11.47275685423767
Bstar(b8),P4(b13),0.9750000000000001,-11.473031781374925
Bstar(b8),P4(b13),1.0,-11.447068165693427
Bstar(b8),p81(b7),0.0,-8.31093771616558
Bstar(b8),p81(b7),0.025,-8.327280407357886
Bstar(b8),p81(b7),0.05,-8.44180814893857
Bstar(b8),p81(b7),0.07500000000000001,-8.441159316343164
Bstar(b8),p81(b7),0.1,-8.439928788985295
Bstar(b8),p81(b7),0.125,-8.438895381467077
Bstar(b8),p81(b7),0.15000000000000002,-8.437935481620586
Bstar(b8),p81(b7),0.17500000000000002,-8.437359167339658
Bstar(b8),p81(b7),0.2,-8.439234804881892
Bstar(b8),p81(b7),0.225,-8.438519032735499
Bstar(b8),p81(b7),0.25,-8.438014291799536
Bstar(b8),p81(b7),0.275,-8.437633013903687
Bstar(b8),p81(b7),0.30000000000000004,-8.43819482799264
Bstar(b8),p81(b7),0.325,-8.437891957355818
Bstar(b8),p81(b7),0.35000000000000003,-8.437597072430117
Bstar(b8),p81(b7),0.375,-8.437394455291917
Bstar(b8),p81(b7),0.4,-8.437270740051533
Bstar(b8),p81(b7),0.42500000000000004,-8.437462543448337
Bstar(b8),p81(b7),0.45,-8.437848430537574
Bstar(b8),p81(b7),0.47500000000000003,-8.438490204551035
Bstar(b8),p81(b7),0.5,-8.4388039313903
Bstar(b8),p81(b7),0.525,-8.438306392050695
Bstar(b8),p81(b7),0.55,-8.43752671772885
Bstar(b8),p81(b7),0.5750000000000001,-8.43753958628541
Bstar(b8),p81(b7),0.6000000000000001,-8.913167454475735
Bstar(b8),p81(b7),0.625,-9.115976974344452
Bstar(b8),p81(b7),0.65,-10.174444486540699
Bstar(b8),p81(b7),0.675,-10.957532928164444
Bstar(b8),p81(b7),0.7000000000000001,-10.944858314951393
Bstar(b8),p81(b7),0.7250000000000001,-10.741833330100317
Bstar(b8),p81(b7),0.75,-9.086859369257223
Bstar(b8),p81(b7),0.775,-8.928688567229237
Bstar(b8),p81(b7),0.8,-8.944233337681652
Bstar(b8),p81(b7),0.8250000000000001,-8.961587396354844
Bstar(b8),p81(b7),0.8500000000000001,-8.313330572419162
Bstar(b8),p81(b7),0.875,-8.289027773854682
Bstar(b8),p81(b7),0.9,-8.287487673481962
Bstar(b8),p81(b7),0.925,-8.287214621561539
Bstar(b8),p81(b7),0.9500000000000001,-8.287746087454881
Bstar(b8),p81(b7),0.9750000000000001,-8.289062109437014
Bstar(b8),p81(b7),1.0,-8.291822949585054
Bstar(b8),A(b20),0.0,-8.31093771608707
Bstar(b8),A(b20),0.025,-8.333297835737207
Bstar(b8),A(b20),0.05,-8.341592228648643
Bstar(b8),A(b20),0.07500000000000001,-8.3618226820134
Bstar(b8),A(b20),0.1,-8.39016844069633
Bstar(b8),A(b20),0.125,-8.425382649778797
Bstar(b8),A(b20),0.15000000000000002,-8.466810233272241
Bstar(b8),A(b20),0.17500000000000002,-8.51470810597558
Bstar(b8),A(b20),0.2,-8.568673138817875
Bstar(b8),A(b20),0.225,-8.627956692872482
Bstar(b8),A(b20),0.25,-8.66295649891688
Bstar(b8),A(b20),0.275,-8.65601861608998
Bstar(b8),A(b20),0.30000000000000004,-8.651195487019546
Bstar(b8),A(b20),0.325,-8.646715052763351
Bstar(b8),A(b20),0.35000000000000003,-8.643603743436666
Bstar(b8),A(b20),0.375,-8.64210682439899
Bstar(b8),A(b20),0.4,-8.641480390563139
Bstar(b8),A(b20),0.42500000000000004,-8.644748044544137
Bstar(b8),A(b20),0.45,-8.648421380147838
Bstar(b8),A(b20),0.47500000000000003,-8.653474961953059
Bstar(b8),A(b20),0.5,-8.659315087130386
Bstar(b8),A(b20),0.525,-8.66662110165759
Bstar(b8),A(b20),0.55,-8.684911813755637
Bstar(b8),A(b20),0.5750000000000001,-8.695850147388132
Bstar(b8),A(b20),0.6000000000000001,-8.707319441134203
Bstar(b8),A(b20),0.625,-8.719297476164304
Bstar(b8),A(b20),0.65,-8.709774785452723
Bstar(b8),A(b20),0.675,-8.605663866105772
Bstar(b8),A(b20),0.7000000000000001,-8.475723830548148
Bstar(b8),A(b20),0.7250000000000001,-8.350231626254832
Bstar(b8),A(b20),0.75,-8.22936770467671
Bstar(b8),A(b20),0.775,-8.118394347797157
Bstar(b8),A(b20),0.8,-8.006184857397159
Bstar(b8),A(b20),0.8250000000000001,-7.895068897833338
Bstar(b8),A(b20),0.8500000000000001,-7.789230672913204
Bstar(b8),A(b20),0.875,-7.684714938375687
Bstar(b8),A(b20),0.9,-7.578938109839036
Bstar(b8),A(b20),0.925,-7.482586782364459
Bstar(b8),A(b20),0.9500000000000001,-7.389364469036533
Bstar(b8),A(b20),0.9750000000000001,-7.296093437764679
Bstar(b8),A(b20),1.0,-7.2130700757965736
Bstar(b8),"big(b9,n=3)",0.0,-8.31093771618835
Bstar(b8),"big(b9,n=3)",0.025,-8.757373251085362
Bstar(b8),"big(b9,n=3)",0.05,-9.355780980905475
Bstar(b8),"big(b9,n=3)",0.07500000000000001,-10.111316321805653
Bstar(b8),"big(b9,n=3)",0.1,-10.98287275105372
Bstar(b8),"big(b9,n=3)",0.125,-11.473156171168498
Bstar(b8),"big(b9,n=3)",0.15000000000000002,-11.88202241458198
Bstar(b8),"big(b9,n=3)",0.17500000000000002,-11.997543592765702
Bstar(b8),"big(b9,n=3)",0.2,-12.522436192500143
Bstar(b8),"big(b9,n=3)",0.225,-13.095041556212598
Bstar(b8),"big(b9,n=3)",0.25,-13.727202131393135
Bstar(b8),"big(b9,n=3)",0.275,-14.389897138012152
Bstar(b8),"big(b9,n=3)",0.30000000000000004,-15.126306599738294
Bstar(b8),"big(b9,n=3)",0.325,-15.813218735023272
Bstar(b8),"big(b9,n=3)",0.35000000000000003,-16.519511931772982
Bstar(b8),"big(b9,n=3)",0.375,-17.239244520409905
Bstar(b8),"big(b9,n=3)",0.4,-17.89997773850508
Bstar(b8),"big(b9,n=3)",0.42500000000000004,-18.64872124684542
Bstar(b8),"big(b9,n=3)",0.45,-19.38848512890511
Bstar(b8),"big(b9,n=3)",0.47500000000000003,-20.109108045194084
Bstar(b8),"big(b9,n=3)",0.5,-20.79378090071252
Bstar(b8),"big(b9,n=3)",0.525,-21.433946246195564
Bstar(b8),"big(b9,n=3)",0.55,-22.015567076567713
Bstar(b8),"big(b9,n=3)",0.5750000000000001,-22.521927326580677
Bstar(b8),"big(b9,n=3)",0.6000000000000001,-22.948637733374603
Bstar(b8),"big(b9,n=3)",0.625,-23.244134022487614
Bstar(b8),"big(b9,n=3)",0.65,-23.394328965400177
Bstar(b8),"big(b9,n=3)",0.675,-23.387834803563713
Bstar(b8),"big(b9,n=3)",0.7000000000000001,-23.216300012692706
Bstar(b8),"big(b9,n=3)",0.7250000000000001,-22.864813241979384
Bstar(b8),"big(b9,n=3)",0.75,-22.28762199029471
Bstar(b8),"big(b9,n=3)",0.775,-21.558264974015465
Bstar(b8),"big(b9,n=3)",0.8,-20.683560180325383
Bstar(b8),"big(b9,n=3)",0.8250000000000001,-19.674981193250748
Bstar(b8),"big(b9,n=3)",0.8500000000000001,-18.55609416824982
Bstar(b8),"big(b9,n=3)",0.875,-17.363944107956232
Bstar(b8),"big(b9,n=3)",0.9,-16.127298512662076
Bstar(b8),"big(b9,n=3)",0.925,-14.773395853089674
Bstar(b8),"big(b9,n=3)",0.9500000000000001,-13.538478287750744
Bstar(b8),"big(b9,n=3)",0.9750000000000001,-12.690675920903477
Bstar(b8),"big(b9,n=3)",1.0,-12.359970903603283
Bstar(b8),p50(b19),0.0,-8.310937716217655
Bstar(b8),p50(b19),0.025,-8.597815999431528
Bstar(b8),p50(b19),0.05,-8.772730405236125
Bstar(b8),p50(b19),0.07500000000000001,-8.97006229851964
Bstar(b8),p50(b19),0.1,-9.189342680405904
Bstar(b8),p50(b19),0.125,-9.430889539170277
Bstar(b8),p50(b19),0.15000000000000002,-9.692994169277867
Bstar(b8),p50(b19),0.17500000000000002,-9.974102291397976
Bstar(b8),p50(b19),0.2,-10.27528515608251
Bstar(b8),p50(b19),0.225,-10.596293587817947
Bstar(b8),p50(b19),0.25,-10.938501598059064
Bstar(b8),p50(b19),0.275,-11.191955932192982
Bstar(b8),p50(b19),0.30000000000000004,-11.406451172580564
Bstar(b8),p50(b19),0.325,-11.460340176029698
Bstar(b8),p50(b19),0.35000000000000003,-11.517336268975832
Bstar(b8),p50(b19),0.375,-11.576261127592652
Bstar(b8),p50(b19),0.4,-11.635239037495857
Bstar(b8),p50(b19),0.42500000000000004,-11.696655156941985
Bstar(b8),p50(b19),0.45,-11.74675943302977
Bstar(b8),p50(b19),0.47500000000000003,-11.789704067904506
Bstar(b8),p50(b19),0.5,-11.833479707249555
Bstar(b8),p50(b19),0.525,-11.87673783013969
Bstar(b8),p50(b19),0.55,-11.91926295970023
Bstar(b8),p50(b19),0.5750000000000001,-11.957912851752456
Bstar(b8),p50(b19),0.6000000000000001,-11.67804578370384
Bstar(b8),p50(b19),0.625,-11.726770428987887
Bstar(b8),p50(b19),0.65,-11.67736026582017
Bstar(b8),p50(b19),0.675,-11.613324619026614
Bstar(b8),p50(b19),0.7000000000000001,-11.453048959450705
Bstar(b8),p50(b19),0.7250000000000001,-11.30014412031888
Bstar(b8),p50(b19),0.75,-11.095194584882462
Bstar(b8),p50(b19),0.775,-10.83963102378792
Bstar(b8),p50(b19),0.8,-10.55579082837599
Bstar(b8),p50(b19),0.8250000000000001,-10.22241282353912
Bstar(b8),p50(b19),0.8500000000000001,-9.819993963264018
Bstar(b8),p50(b19),0.875,-9.45752943225036
Bstar(b8),p50(b19),0.9,-9.110710473313333
Bstar(b8),p50(b19),0.925,-8.783403369701741
Bstar(b8),p50(b19),0.9500000000000001,-8.49035862899531
Bstar(b8),p50(b19),0.9750000000000001,-8.31753179376482
Bstar(b8),p50(b19),1.0,-8.116550991187777
Bstar(b8),p38(b22),0.0,-8.310937716292909
Bstar(b8),p38(b22),0.025,-8.32994697602465
Bstar(b8),p38(b22),0.05,-8.336918883923792
Bstar(b8),p38(b22),0.07500000000000001,-8.349467388065618
Bstar(b8),p38(b22),0.1,-8.373230811791627
Bstar(b8),p38(b22),0.125,-8.404927679422563
Bstar(b8),p38(b22),0.15000000000000002,-8.441758955152627
Bstar(b8),p38(b22),0.17500000000000002,-8.4847601057607
Bstar(b8),p38(b22),0.2,-8.532947723377735
Bstar(b8),p38(b22),0.225,-8.586434618275511
Bstar(b8),p38(b22),0.25,-8.609183565051707
Bstar(b8),p38(b22),0.275,-8.596380278303293
Bstar(b8),p38(b22),0.30000000000000004,-8.586842170548298
Bstar(b8),p38(b22),0.325,-8.57857979209803
Bstar(b8),p38(b22),0.35000000000000003,-8.570696331611547
Bstar(b8),p38(b22),0.375,-8.56190924196327
Bstar(b8),p38(b22),0.4,-8.5516345076603
Bstar(b8),p38(b22),0.42500000000000004,-8.542421084544525
Bstar(b8),p38(b22),0.45,-8.534362977561248
Bstar(b8),p38(b22),0.47500000000000003,-8.538528238209947
Bstar(b8),p38(b22),0.5,-8.533809510428961
Bstar(b8),p38(b22),0.525,-8.52919260187086
Bstar(b8),p38(b22),0.55,-8.525414991341544
Bstar(b8),p38(b22),0.5750000000000001,-8.52279699067521
Bstar(b8),p38(b22),0.6000000000000001,-8.521228106103157
Bstar(b8),p38(b22),0.625,-8.519766834109788
Bstar(b8),p38(b22),0.65,-8.457459517915126
Bstar(b8),p38(b22),0.675,-8.324497258217875
Bstar(b8),p38(b22),0.7000000000000001,-8.196331175316672
Bstar(b8),p38(b22),0.7250000000000001,-8.08370394542244
Bstar(b8),p38(b22),0.75,-7.981967005431861
Bstar(b8),p38(b22),0.775,-7.879230957842787
Bstar(b8),p38(b22),0.8,-7.779089690458779
Bstar(b8),p38(b22),0.8250000000000001,-7.73005506788715
Bstar(b8),p38(b22),0.8500000000000001,-7.644827732590269
Bstar(b8),p38(b22),0.875,-7.546879620775556
Bstar(b8),p38(b22),0.9,-7.466929866472676
Bstar(b8),p38(b22),0.925,-7.39371166456222
Bstar(b8),p38(b22),0.9500000000000001,-7.319448434307838
Bstar(b8),p38(b22),0.9750000000000001,-7.25360391820774
Bstar(b8),p38(b22),1.0,-7.185975143999906
Bstar(b8),"big(b10,n=64)",0.0,-8.310937716284196
Bstar(b8),"big(b10,n=64)",0.025,-8.701905190891004
Bstar(b8),"big(b10,n=64)",0.05,-8.973967013328974
Bstar(b8),"big(b10,n=64)",0.07500000000000001,-9.266984500439436
Bstar(b8),"big(b10,n=64)",0.1,-9.568192596349402
Bstar(b8),"big(b10,n=64)",0.125,-9.865935888310483
Bstar(b8),"big(b10,n=64)",0.15000000000000002,-9.994362791604331
Bstar(b8),"big(b10,n=64)",0.17500000000000002,-10.261246957434157
Bstar(b8),"big(b10,n=64)",0.2,-10.531343533738111
Bstar(b8),"big(b10,n=64)",0.225,-10.797265588905033
Bstar(b8),"big(b10,n=64)",0.25,-11.00490908526642
Bstar(b8),"big(b10,n=64)",0.275,-11.032091299619998
Bstar(b8),"big(b10,n=64)",0.30000000000000004,-11.093204704469947
Bstar(b8),"big(b10,n=64)",0.325,-11.212874736568256
Bstar(b8),"big(b10,n=64)",0.35000000000000003,-11.303987115643826
Bstar(b8),"big(b10,n=64)",0.375,-11.416624286000946
Bstar(b8),"big(b10,n=64)",0.4,-11.50114001253225
Bstar(b8),"big(b10,n=64)",0.42500000000000004,-11.587687159079566
Bstar(b8),"big(b10,n=64)",0.45,-11.68216012765208
Bstar(b8),"big(b10,n=64)",0.47500000000000003,-11.798515379860284
Bstar(b8),"big(b10,n=64)",0.5,-11.830367704997693
Bstar(b8),"big(b10,n=64)",0.525,-11.90265824039555
Bstar(b8),"big(b10,n=64)",0.55,-11.966243849066954
Bstar(b8),"big(b10,n=64)",0.5750000000000001,-12.019763715117065
Bstar(b8),"big(b10,n=64)",0.6000000000000001,-12.067642513665827
Bstar(b8),"big(b10,n=64)",0.625,-12.111431830331181
Bstar(b8),"big(b10,n=64)",0.65,-12.142895224349488
Bstar(b8),"big(b10,n=64)",0.675,-12.161907370314578
Bstar(b8),"big(b10,n=64)",0.7000000000000001,-12.187029220094292
Bstar(b8),"big(b10,n=64)",0.7250000000000001,-12.204981085288924
Bstar(b8),"big(b10,n=64)",0.75,-12.236209191495035
Bstar(b8),"big(b10,n=64)",0.775,-12.244995849771474
Bstar(b8),"big(b10,n=64)",0.8,-12.252663859061858
Bstar(b8),"big(b10,n=64)",0.8250000000000001,-12.234107660229698
Bstar(b8),"big(b10,n=64)",0.8500000000000001,-12.175956339346605
Bstar(b8),"big(b10,n=64)",0.875,-12.124414210903145
Bstar(b8),"big(b10,n=64)",0.9,-12.080815884864316
Bstar(b8),"big(b10,n=64)",0.925,-12.040151532700163
Bstar(b8),"big(b10,n=64)",0.9500000000000001,-12.010234883804861
Bstar(b8),"big(b10,n=64)",0.9750000000000001,-11.993296827130578
Bstar(b8),"big(b10,n=64)",1.0,-11.98646503380128
Bstar(b8),p83(b21),0.0,-8.310937715898742
Bstar(b8),p83(b21),0.025,-8.612280280429218
Bstar(b8),p83(b21),0.05,-8.79423605183375
Bstar(b8),p83(b21),0.07500000000000001,-8.99158467378038
Bstar(b8),p83(b21),0.1,-9.20614877887791
Bstar(b8),p83(b21),0.125,-9.437181772232634
Bstar(b8),p83(b21),0.15000000000000002,-9.679860204646708
Bstar(b8),p83(b21),0.17500000000000002,-9.926427664682652
Bstar(b8),p83(b21),0.2,-10.05583394824917
Bstar(b8),p83(b21),0.225,-10.297028254382429
Bstar(b8),p83(b21),0.25,-10.545467919142474
Bstar(b8),p83(b21),0.275,-10.708942764511221
Bstar(b8),p83(b21),0.30000000000000004,-10.844829398872882
Bstar(b8),p83(b21),0.325,-10.90745086716123
Bstar(b8),p83(b21),0.35000000000000003,-10.915257211547354
Bstar(b8),p83(b21),0.375,-10.923887159102959
Bstar(b8),p83(b21),0.4,-10.925316742033857
Bstar(b8),p83(b21),0.42500000000000004,-10.856038247349417
Bstar(b8),p83(b21),0.45,-10.816909063154224
Bstar(b8),p83(b21),0.47500000000000003,-10.832852823350063
Bstar(b8),p83(b21),0.5,-10.850024372386272
Bstar(b8),p83(b21),0.525,-10.866438742826148
Bstar(b8),p83(b21),0.55,-10.881004936092111
Bstar(b8),p83(b21),0.5750000000000001,-10.892361333200608
Bstar(b8),p83(b21),0.6000000000000001,-10.906376265630419
Bstar(b8),p83(b21),0.625,-10.897727655936729
Bstar(b8),p83(b21),0.65,-10.795697302169884
Bstar(b8),p83(b21),0.675,-10.650029108675733
Bstar(b8),p83(b21),0.7000000000000001,-10.498173039148398
Bstar(b8),p83(b21),0.7250000000000001,-10.302594225753982
Bstar(b8),p83(b21),0.75,-10.126386915978198
Bstar(b8),p83(b21),0.775,-9.934751620021949
Bstar(b8),p83(b21),0.8,-9.721301042831062
Bstar(b8),p83(b21),0.8250000000000001,-9.52235686416877
Bstar(b8),p83(b21),0.8500000000000001,-9.329649455388058
Bstar(b8),p83(b21),0.875,-9.13800088996943
Bstar(b8),p83(b21),0.9,-8.931156019433518
Bstar(b8),p83(b21),0.925,-8.735375075188387
Bstar(b8),p83(b21),0.9500000000000001,-8.588250298530085
Bstar(b8),p83(b21),0.9750000000000001,-8.5368851951478
Bstar(b8),p83(b21),1.0,-8.432798857650836
P4(b13),p81(b7),0.0,-11.4470681656233
P4(b13),p81(b7),0.025,-11.468095489679314
P4(b13),p81(b7),0.05,-11.469907854910915
P4(b13),p81(b7),0.07500000000000001,-11.514338274136126
P4(b13),p81(b7),0.1,-11.52710868649244
P4(b13),p81(b7),0.125,-11.559795545230367
P4(b13),p81(b7),0.15000000000000002,-11.635390205152241
P4(b13),p81(b7),0.17500000000000002,-12.189733671750812
P4(b13),p81(b7),0.2,-12.336298131019646
P4(b13),p81(b7),0.225,-12.361340973851878
P4(b13),p81(b7),0.25,-12.291995810194486
P4(b13),p81(b7),0.275,-12.223339280706897
P4(b13),p81(b7),0.30000000000000004,-12.158487285521813
P4(b13),p81(b7),0.325,-12.096626958017636
P4(b13),p81(b7),0.35000000000000003,-12.03771786600187
P4(b13),p81(b7),0.375,-11.989158085472571
P4(b13),p81(b7),0.4,-11.936287359940087
P4(b13),p81(b7),0.42500000000000004,-11.88467850405371
P4(b13),p81(b7),0.45,-11.756471619085069
P4(b13),p81(b7),0.47500000000000003,-11.70861202713023
P4(b13),p81(b7),0.5,-11.672694749725661
P4(b13),p81(b7),0.525,-11.639972015641474
P4(b13),p81(b7),0.55,-10.938545893215657
P4(b13),p81(b7),0.5750000000000001,-10.972141552631427
P4(b13),p81(b7),0.6000000000000001,-10.830897380901423
P4(b13),p81(b7),0.625,-10.687009066043263
P4(b13),p81(b7),0.65,-10.540894875028359
P4(b13),p81(b7),0.675,-10.394163678268455
P4(b13),p81(b7),0.7000000000000001,-10.245303743396086
P4(b13),p81(b7),0.7250000000000001,-10.093488041058428
P4(b13),p81(b7),0.75,-9.940383396519374
P4(b13),p81(b7),0.775,-9.786441362920009
P4(b13),p81(b7),0.8,-9.626043746390916
P4(b13),p81(b7),0.8250000000000001,-11.028480643539185
P4(b13),p81(b7),0.8500000000000001,-11.578979144527771
P4(b13),p81(b7),0.875,-11.229434089607642
P4(b13),p81(b7),0.9,-9.514165358070638
P4(b13),p81(b7),0.925,-9.403476758485318
P4(b13),p81(b7),0.9500000000000001,-8.550868134668544
P4(b13),p81(b7),0.9750000000000001,-8.391066756519674
P4(b13),p81(b7),1.0,-8.291822949629474
P4(b13),A(b20),0.0,-11.447068165658099
P4(b13),A(b20),0.025,-11.43283320891544
P4(b13),A(b20),0.05,-11.388993789643642
P4(b13),A(b20),0.07500000000000001,-11.37180796693261
P4(b13),A(b20),0.1,-11.345094973039306
P4(b13),A(b20),0.125,-11.31342779072389
P4(b13),A(b20),0.15000000000000002,-11.28810714227134
P4(b13),A(b20),0.17500000000000002,-11.272013547795096
P4(b13),A(b20),0.2,-11.25261390811324
P4(b13),A(b20),0.225,-11.236235361741194
P4(b13),A(b20),0.25,-11.180572979775437
P4(b13),A(b20),0.275,-11.146852758935387
P4(b13),A(b20),0.30000000000000004,-11.079933060702185
P4(b13),A(b20),0.325,-11.01237452704451
P4(b13),A(b20),0.35000000000000003,-10.967444694769961
P4(b13),A(b20),0.375,-10.908032956866622
P4(b13),A(b20),0.4,-10.850344803106394
P4(b13),A(b20),0.42500000000000004,-10.78396976008835
P4(b13),A(b20),0.45,-10.675798563169835
P4(b13),A(b20),0.47500000000000003,-10.57056111146166
P4(b13),A(b20),0.5,-10.471628893645224
P4(b13),A(b20),0.525,-10.374595975049804
P4(b13),A(b20),0.55,-10.280297844359968
P4(b13),A(b20),0.5750000000000001,-10.189227281927588
P4(b13),A(b20),0.6000000000000001,-10.06401580601808
P4(b13),A(b20),0.625,-9.959512921580583
P4(b13),A(b20),0.65,-9.85581101019051
P4(b13),A(b20),0.675,-9.751767617678398
P4(b13),A(b20),0.7000000000000001,-9.649327041579125
P4(b13),A(b20),0.7250000000000001,-9.55008705503104
P4(b13),A(b20),0.75,-9.33041546035604
P4(b13),A(b20),0.775,-9.108925311064377
P4(b13),A(b20),0.8,-8.887713837990647
P4(b13),A(b20),0.8250000000000001,-8.667234813997343
P4(b13),A(b20),0.8500000000000001,-8.44970798613825
P4(b13),A(b20),0.875,-8.234967008473344
P4(b13),A(b20),0.9,-8.02263283851821
P4(b13),A(b20),0.925,-7.808557795653592
P4(b13),A(b20),0.9500000000000001,-7.5970617398259845
P4(b13),A(b20),0.9750000000000001,-7.40152689312871
P4(b13),A(b20),1.0,-7.197362474448454
P4(b13),"big(b9,n=3)",0.0,-11.447068165543168
P4(b13),"big(b9,n=3)",0.025,-11.551617854120659
P4(b13),"big(b9,n=3)",0.05,-11.749203664463627
P4(b13),"big(b9,n=3)",0.07500000000000001,-12.038777117063201
P4(b13),"big(b9,n=3)",0.1,-12.421216348916992
P4(b13),"big(b9,n=3)",0.125,-12.73260256074765
P4(b13),"big(b9,n=3)",0.15000000000000002,-13.088880080860548
P4(b13),"big(b9,n=3)",0.17500000000000002,-13.501827061164125
P4(b13),"big(b9,n=3)",0.2,-13.965387555000898
P4(b13),"big(b9,n=3)",0.225,-14.475934739214196
P4(b13),"big(b9,n=3)",0.25,-15.01972177545502
P4(b13),"big(b9,n=3)",0.275,-15.597141274684715
P4(b13),"big(b9,n=3)",0.30000000000000004,-16.093383978360773
P4(b13),"big(b9,n=3)",0.325,-16.55464116492576
P4(b13),"big(b9,n=3)",0.35000000000000003,-17.01137815419635
P4(b13),"big(b9,n=3)",0.375,-17.450505623479476
P4(b13),"big(b9,n=3)",0.4,-17.871188610113514
P4(b13),"big(b9,n=3)",0.42500000000000004,-18.265598068184396
P4(b13),"big(b9,n=3)",0.45,-18.6197461979114
P4(b13),"big(b9,n=3)",0.47500000000000003,-18.93435617547778
P4(b13),"big(b9,n=3)",0.5,-19.198237601957537
P4(b13),"big(b9,n=3)",0.525,-19.412721557690013
P4(b13),"big(b9,n=3)",0.55,-19.5663011721058
P4(b13),"big(b9,n=3)",0.5750000000000001,-19.65525945051278
P4(b13),"big(b9,n=3)",0.6000000000000001,-19.671804303166684
P4(b13),"big(b9,n=3)",0.625,-19.615893571430504
P4(b13),"big(b9,n=3)",0.65,-19.477710152147726
P4(b13),"big(b9,n=3)",0.675,-19.265846507228872
P4(b13),"big(b9,n=3)",0.7000000000000001,-18.972601852491856
P4(b13),"big(b9,n=3)",0.7250000000000001,-18.595993559075264
P4(b13),"big(b9,n=3)",0.75,-18.14352665082135
P4(b13),"big(b9,n=3)",0.775,-17.618391389585202
P4(b13),"big(b9,n=3)",0.8,-17.046546223468148
P4(b13),"big(b9,n=3)",0.8250000000000001,-16.405519020049066
P4(b13),"big(b9,n=3)",0.8500000000000001,-15.731093163761917
P4(b13),"big(b9,n=3)",0.875,-14.99153646085139
P4(b13),"big(b9,n=3)",0.9,-14.182026023103026
P4(b13),"big(b9,n=3)",0.925,-13.467757670698278
P4(b13),"big(b9,n=3)",0.9500000000000001,-12.896140330441886
P4(b13),"big(b9,n=3)",0.9750000000000001,-12.512514910003198
P4(b13),"big(b9,n=3)",1.0,-12.359970907046488
P4(b13),p50(b19),0.0,-11.447068165618692
P4(b13),p50(b19),0.025,-11.408112852110342
P4(b13),p50(b19),0.05,-11.389927965197703
P4(b13),p50(b19),0.07500000000000001,-11.349139844155006
P4(b13),p50(b19),0.1,-11.311001102456387
P4(b13),p50(b19),0.125,-11.275810294874448
P4(b13),p50(b19),0.15000000000000002,-11.243872281189201
P4(b13),p50(b19),0.17500000000000002,-11.215176118253842
P4(b13),p50(b19),0.2,-11.189627356840122
P4(b13),p50(b19),0.225,-11.167239144419208
P4(b13),p50(b19),0.25,-11.147825876601642
P4(b13),p50(b19),0.275,-11.133184087758085
P4(b13),p50(b19),0.30000000000000004,-11.118742346441362
P4(b13),p50(b19),0.325,-11.105478726902172
P4(b13),p50(b19),0.35000000000000003,-11.105207223401269
P4(b13),p50(b19),0.375,-11.08726762451165
P4(b13),p50(b19),0.4,-11.004786046691306
P4(b13),p50(b19),0.42500000000000004,-11.005393506648254
P4(b13),p50(b19),0.45,-10.91573767103224
P4(b13),p50(b19),0.47500000000000003,-10.820858255229368
P4(b13),p50(b19),0.5,-10.724542202931982
P4(b13),p50(b19),0.525,-10.627090461355449
P4(b13),p50(b19),0.55,-10.52728124216888
P4(b13),p50(b19),0.5750000000000001,-10.424350201105225
P4(b13),p50(b19),0.6000000000000001,-10.32014726933937
P4(b13),p50(b19),0.625,-10.213287113690136
P4(b13),p50(b19),0.65,-10.106891109529052
P4(b13),p50(b19),0.675,-9.999888888488812
P4(b13),p50(b19),0.7000000000000001,-9.851954050240936
P4(b13),p50(b19),0.7250000000000001,-9.695749972518293
P4(b13),p50(b19),0.75,-9.53858154789743
P4(b13),p50(b19),0.775,-9.378654367473715
P4(b13),p50(b19),0.8,-9.218880351856448
P4(b13),p50(b19),0.8250000000000001,-9.058288180649363
P4(b13),p50(b19),0.8500000000000001,-8.898969946743547
P4(b13),p50(b19),0.875,-8.740536929497042
P4(b13),p50(b19),0.9,-8.584257493271394
P4(b13),p50(b19),0.925,-8.462912140502203
P4(b13),p50(b19),0.9500000000000001,-8.361183325248803
P4(b13),p50(b19),0.9750000000000001,-8.239488895069087
P4(b13),p50(b19),1.0,-8.116550991847934
P4(b13),p38(b22),0.0,-11.447068165673482
P4(b13),p38(b22),0.025,-11.432023069033859
P4(b13),p38(b22),0.05,-11.384947827140607
P4(b13),p38(b22),0.07500000000000001,-11.37726004353017
P4(b13),p38(b22),0.1,-11.341359438762533
P4(b13),p38(b22),0.125,-11.317569612308251
P4(b13),p38(b22),0.15000000000000002,-11.292335996927934
P4(b13),p38(b22),0.17500000000000002,-11.270820901873044
P4(b13),p38(b22),0.2,-11.203856774376888
P4(b13),p38(b22),0.225,-11.149866576540388
P4(b13),p38(b22),0.25,-11.068687325697072
P4(b13),p38(b22),0.275,-11.015914227564052
P4(b13),p38(b22),0.30000000000000004,-10.940052626908049
P4(b13),p38(b22),0.325,-10.867033527469385
P4(b13),p38(b22),0.35000000000000003,-10.79135070847937
P4(b13),p38(b22),0.375,-10.719151354567252
P4(b13),p38(b22),0.4,-10.658993450821615
P4(b13),p38(b22),0.42500000000000004,-10.581597647275682
P4(b13),p38(b22),0.45,-10.479128324833813
P4(b13),p38(b22),0.47500000000000003,-10.373520307168972
P4(b13),p38(b22),0.5,-10.244591666471472
P4(b13),p38(b22),0.525,-10.137947478329702
P4(b13),p38(b22),0.55,-10.028444114338011
P4(b13),p38(b22),0.5750000000000001,-9.905261270913616
P4(b13),p38(b22),0.6000000000000001,-9.775103807982887
P4(b13),p38(b22),0.625,-9.643757621301804
P4(b13),p38(b22),0.65,-9.639999671195561
P4(b13),p38(b22),0.675,-9.521906225268623
P4(b13),p38(b22),0.7000000000000001,-9.41055277598053
P4(b13),p38(b22),0.7250000000000001,-9.311568300806957
P4(b13),p38(b22),0.75,-9.202336675548601
P4(b13),p38(b22),0.775,-8.98385555074796
P4(b13),p38(b22),0.8,-8.782237864321988
P4(b13),p38(b22),0.8250000000000001,-8.586332239958686
P4(b13),p38(b22),0.8500000000000001,-8.385051801919914
P4(b13),p38(b22),0.875,-8.182177903056541
P4(b13),p38(b22),0.9,-7.977656742826551
P4(b13),p38(b22),0.925,-7.774776486264801
P4(b13),p38(b22),0.9500000000000001,-7.576006758689727
P4(b13),p38(b22),0.9750000000000001,-7.384533533270936
P4(b13),p38(b22),1.0,-7.201679661478107
P4(b13),"big(b10,n=64)",0.0,-11.447068165665653
P4(b13),"big(b10,n=64)",0.025,-11.482838394913621
P4(b13),"big(b10,n=64)",0.05,-11.513759472469502
P4(b13),"big(b10,n=64)",0.07500000000000001,-11.541696900721323
P4(b13),"big(b10,n=64)",0.1,-11.584051285393981
P4(b13),"big(b10,n=64)",0.125,-11.597807399213558
P4(b13),"big(b10,n=64)",0.15000000000000002,-11.602046876151498
P4(b13),"big(b10,n=64)",0.17500000000000002,-11.648049391753881
P4(b13),"big(b10,n=64)",0.2,-11.696839787161576
P4(b13),"big(b10,n=64)",0.225,-11.750269530466113
P4(b13),"big(b10,n=64)",0.25,-11.797850061474467
P4(b13),"big(b10,n=64)",0.275,-11.846067383217125
P4(b13),"big(b10,n=64)",0.30000000000000004,-11.8908841437159
P4(b13),"big(b10,n=64)",0.325,-11.932677127789237
P4(b13),"big(b10,n=64)",0.35000000000000003,-12.003019786838522
P4(b13),"big(b10,n=64)",0.375,-12.020082892326792
P4(b13),"big(b10,n=64)",0.4,-12.034930203599991
P4(b13),"big(b10,n=64)",0.42500000000000004,-12.049011265818582
P4(b13),"big(b10,n=64)",0.45,-12.060244693218376
P4(b13),"big(b10,n=64)",0.47500000000000003,-12.070703379713844
P4(b13),"big(b10,n=64)",0.5,-12.084952104825817
P4(b13),"big(b10,n=64)",0.525,-12.091139077840214
P4(b13),"big(b10,n=64)",0.55,-12.096991230899206
P4(b13),"big(b10,n=64)",0.5750000000000001,-12.097312524484668
P4(b13),"big(b10,n=64)",0.6000000000000001,-12.093978494181496
P4(b13),"big(b10,n=64)",0.625,-12.105737592553842
P4(b13),"big(b10,n=64)",0.65,-12.103750658894837
P4(b13),"big(b10,n=64)",0.675,-12.100321474656749
P4(b13),"big(b10,n=64)",0.7000000000000001,-12.09399359277295
P4(b13),"big(b10,n=64)",0.7250000000000001,-12.087486186665597
P4(b13),"big(b10,n=64)",0.75,-12.082080673055284
P4(b13),"big(b10,n=64)",0.775,-12.074382064729537
P4(b13),"big(b10,n=64)",0.8,-12.067014355355388
P4(b13),"big(b10,n=64)",0.8250000000000001,-12.05202719914799
P4(b13),"big(b10,n=64)",0.8500000000000001,-12.043520250691197
P4(b13),"big(b10,n=64)",0.875,-12.03432420101955
P4(b13),"big(b10,n=64)",0.9,-12.022007298264983
P4(b13),"big(b10,n=64)",0.925,-12.012557002157196
P4(b13),"big(b10,n=64)",0.9500000000000001,-12.00477893557846
P4(b13),"big(b10,n=64)",0.9750000000000001,-11.996309760703669
P4(b13),"big(b10,n=64)",1.0,-11.986465033810376
P4(b13),p83(b21),0.0,-11.447068165688464
P4(b13),p83(b21),0.025,-11.429366955803307
P4(b13),p83(b21),0.05,-11.407079809018747
P4(b13),p83(b21),0.07500000000000001,-11.386747163290664
P4(b13),p83(b21),0.1,-11.34630676098742
P4(b13),p83(b21),0.125,-11.326989318582928
P4(b13),p83(b21),0.15000000000000002,-11.30605955239806
P4(b13),p83(b21),0.17500000000000002,-11.293268155544524
P4(b13),p83(b21),0.2,-11.285350928625231
P4(b13),p83(b21),0.225,-11.280348696957475
P4(b13),p83(b21),0.25,-11.277705148098924
P4(b13),p83(b21),0.275,-11.277635574372006
P4(b13),p83(b21),0.30000000000000004,-11.279362982789188
P4(b13),p83(b21),0.325,-11.253969270043624
P4(b13),p83(b21),0.35000000000000003,-11.218682708969451
P4(b13),p83(b21),0.375,-11.137874867348204
P4(b13),p83(b21),0.4,-11.028203210198349
P4(b13),p83(b21),0.42500000000000004,-10.912224094574489
P4(b13),p83(b21),0.45,-10.797480486634342
P4(b13),p83(b21),0.47500000000000003,-10.691530807731858
P4(b13),p83(b21),0.5,-10.583430969300672
P4(b13),p83(b21),0.525,-10.47648938243245
P4(b13),p83(b21),0.55,-10.37207377505392
P4(b13),p83(b21),0.5750000000000001,-10.268120671825397
P4(b13),p83(b21),0.6000000000000001,-10.161544203560146
P4(b13),p83(b21),0.625,-10.05018454693207
P4(b13),p83(b21),0.65,-9.917484326786349
P4(b13),p83(b21),0.675,-9.78620351846424
P4(b13),p83(b21),0.7000000000000001,-9.661647455096631
P4(b13),p83(b21),0.7250000000000001,-9.538314473477364
P4(b13),p83(b21),0.75,-9.41512889276503
P4(b13),p83(b21),0.775,-9.29635955666593
P4(b13),p83(b21),0.8,-9.1771325355276
P4(b13),p83(b21),0.8250000000000001,-9.055113446332296
P4(b13),p83(b21),0.8500000000000001,-8.935419818857016
P4(b13),p83(b21),0.875,-8.818249266210472
P4(b13),p83(b21),0.9,-8.714209330740449
P4(b13),p83(b21),0.925,-8.657740153179134
P4(b13),p83(b21),0.9500000000000001,-8.599270663133384
P4(b13),p83(b21),0.9750000000000001,-8.519980753022534
P4(b13),p83(b21),1.0,-8.432798857685588
p81(b7),A(b20),0.0,-8.291822949563837
p81(b7),A(b20),0.025,-8.290580690532728
p81(b7),A(b20),0.05,-8.31368191680307
p81(b7),A(b20),0.07500000000000001,-8.396366422697291
p81(b7),A(b20),0.1,-9.014209758458918
p81(b7),A(b20),0.125,-9.02197855681768
p81(b7),A(b20),0.15000000000000002,-9.203348900850447
p81(b7),A(b20),0.17500000000000002,-11.605801431032127
p81(b7),A(b20),0.2,-11.310837572453284
p81(b7),A(b20),0.225,-11.4276731763098
p81(b7),A(b20),0.25,-10.63878198097566
p81(b7),A(b20),0.275,-9.646060289484495
p81(b7),A(b20),0.30000000000000004,-9.001033734657332
p81(b7),A(b20),0.325,-9.037201017352254
p81(b7),A(b20),0.35000000000000003,-9.031779526838761
p81(b7),A(b20),0.375,-9.0290209423109
p81(b7),A(b20),0.4,-9.023811390059912
p81(b7),A(b20),0.42500000000000004,-9.018403921927899
p81(b7),A(b20),0.45,-9.013973621775694
p81(b7),A(b20),0.47500000000000003,-9.00937170014445
p81(b7),A(b20),0.5,-9.004625055040483
p81(b7),A(b20),0.525,-8.998757329254563
p81(b7),A(b20),0.55,-8.993899471186978
p81(b7),A(b20),0.5750000000000001,-8.988711891754553
p81(b7),A(b20),0.6000000000000001,-8.894768294166559
p81(b7),A(b20),0.625,-8.888167533449938
p81(b7),A(b20),0.65,-8.884170315559643
p81(b7),A(b20),0.675,-8.880674942540344
p81(b7),A(b20),0.7000000000000001,-8.868884506325388
p81(b7),A(b20),0.7250000000000001,-8.71601116304116
p81(b7),A(b20),0.75,-8.54596513106587
p81(b7),A(b20),0.775,-8.380368792580054
p81(b7),A(b20),0.8,-8.222854689294856
p81(b7),A(b20),0.8250000000000001,-8.074015907235264
p81(b7),A(b20),0.8500000000000001,-7.934483986363627
p81(b7),A(b20),0.875,-7.799310152900796
p81(b7),A(b20),0.9,-7.66935088110825
p81(b7),A(b20),0.925,-7.54678959745899
p81(b7),A(b20),0.9500000000000001,-7.431309794758759
p81(b7),A(b20),0.9750000000000001,-7.305554216836798
p81(b7),A(b20),1.0,-7.213070075463708
p81(b7),"big(b9,n=3)",0.0,-8.291822949653664
p81(b7),"big(b9,n=3)",0.025,-8.638164997040175
p81(b7),"big(b9,n=3)",0.05,-9.569182085420309
p81(b7),"big(b9,n=3)",0.07500000000000001,-10.10996152438122
p81(b7),"big(b9,n=3)",0.1,-13.854455658947744
p81(b7),"big(b9,n=3)",0.125,-14.697831953799636
p81(b7),"big(b9,n=3)",0.15000000000000002,-11.437186787356293
p81(b7),"big(b9,n=3)",0.17500000000000002,-11.61956975542609
p81(b7),"big(b9,n=3)",0.2,-12.04791536320916
p81(b7),"big(b9,n=3)",0.225,-12.541807571959426
p81(b7),"big(b9,n=3)",0.25,-13.079180479878072
p81(b7),"big(b9,n=3)",0.275,-13.669169135264172
p81(b7),"big(b9,n=3)",0.30000000000000004,-14.286894915884206
p81(b7),"big(b9,n=3)",0.325,-15.300395880229152
p81(b7),"big(b9,n=3)",0.35000000000000003,-15.879727138605741
p81(b7),"big(b9,n=3)",0.375,-16.532100028793014
p81(b7),"big(b9,n=3)",0.4,-17.205144340134783
p81(b7),"big(b9,n=3)",0.42500000000000004,-17.66545486152682
p81(b7),"big(b9,n=3)",0.45,-18.32393376612552
p81(b7),"big(b9,n=3)",0.47500000000000003,-18.949916303109767
p81(b7),"big(b9,n=3)",0.5,-19.533598985019932
p81(b7),"big(b9,n=3)",0.525,-20.05876807057292
p81(b7),"big(b9,n=3)",0.55,-20.512872199722594
p81(b7),"big(b9,n=3)",0.5750000000000001,-20.874542204280402
p81(b7),"big(b9,n=3)",0.6000000000000001,-21.076574596351804
p81(b7),"big(b9,n=3)",0.625,-21.23646431445188
p81(b7),"big(b9,n=3)",0.65,-21.27635921544076
p81(b7),"big(b9,n=3)",0.675,-21.193125814579055
p81(b7),"big(b9,n=3)",0.7000000000000001,-20.93946488405917
p81(b7),"big(b9,n=3)",0.7250000000000001,-20.5468291444331
p81(b7),"big(b9,n=3)",0.75,-20.02512979362607
p81(b7),"big(b9,n=3)",0.775,-19.39786096662795
p81(b7),"big(b9,n=3)",0.8,-18.6635597110599
p81(b7),"big(b9,n=3)",0.8250000000000001,-17.85522610876732
p81(b7),"big(b9,n=3)",0.8500000000000001,-16.9601539086419
p81(b7),"big(b9,n=3)",0.875,-16.02872157728769
p81(b7),"big(b9,n=3)",0.9,-14.95946069566357
p81(b7),"big(b9,n=3)",0.925,-13.945254016391495
p81(b7),"big(b9,n=3)",0.9500000000000001,-13.124965025005363
p81(b7),"big(b9,n=3)",0.9750000000000001,-12.57054517266625
p81(b7),"big(b9,n=3)",1.0,-12.35997090608716
p81(b7),p50(b19),0.0,-8.291822949645663
p81(b7),p50(b19),0.025,-8.399290908964444
p81(b7),p50(b19),0.05,-8.668859609326827
p81(b7),p50(b19),0.07500000000000001,-9.508659031364324
p81(b7),p50(b19),0.1,-9.896087601800982
p81(b7),p50(b19),0.125,-11.802424919131102
p81(b7),p50(b19),0.15000000000000002,-12.089725609441732
p81(b7),p50(b19),0.17500000000000002,-10.74508870423787
p81(b7),p50(b19),0.2,-10.431645197419137
p81(b7),p50(b19),0.225,-10.778897267584234
p81(b7),p50(b19),0.25,-11.128391911206425
p81(b7),p50(b19),0.275,-11.468921498799492
p81(b7),p50(b19),0.30000000000000004,-11.658068069631787
p81(b7),p50(b19),0.325,-11.863684542364272
p81(b7),p50(b19),0.35000000000000003,-12.007776844064853
p81(b7),p50(b19),0.375,-12.078334360611677
p81(b7),p50(b19),0.4,-12.068915046026419
p81(b7),p50(b19),0.42500000000000004,-12.742811833220259
p81(b7),p50(b19),0.45,-12.766467150352174
p81(b7),p50(b19),0.47500000000000003,-12.785143758311447
p81(b7),p50(b19),0.5,-12.801100596577832
p81(b7),p50(b19),0.525,-12.816987511209867
p81(b7),p50(b19),0.55,-12.83463889787669
p81(b7),p50(b19),0.5750000000000001,-12.846909508530977
p81(b7),p50(b19),0.6000000000000001,-12.84990852975675
p81(b7),p50(b19),0.625,-12.850869938307271
p81(b7),p50(b19),0.65,-12.84932098790538
p81(b7),p50(b19),0.675,-12.863240052372243
p81(b7),p50(b19),0.7000000000000001,-12.767011864707499
p81(b7),p50(b19),0.7250000000000001,-12.498444710981596
p81(b7),p50(b19),0.75,-12.119050147284872
p81(b7),p50(b19),0.775,-11.473963115613378
p81(b7),p50(b19),0.8,-11.13265240373492
p81(b7),p50(b19),0.8250000000000001,-10.804217906267708
p81(b7),p50(b19),0.8500000000000001,-10.36579543801999
p81(b7),p50(b19),0.875,-9.804678148423879
p81(b7),p50(b19),0.9,-9.364421664015007
p81(b7),p50(b19),0.925,-8.929358320645154
p81(b7),p50(b19),0.9500000000000001,-8.563748966850543
p81(b7),p50(b19),0.9750000000000001,-8.33023007311745
p81(b7),p50(b19),1.0,-8.116550992431167
p81(b7),p38(b22),0.0,-8.291822949616426
p81(b7),p38(b22),0.025,-8.282630468209796
p81(b7),p38(b22),0.05,-8.297369068644482
p81(b7),p38(b22),0.07500000000000001,-8.371824507527242
p81(b7),p38(b22),0.1,-8.4069859429144
p81(b7),p38(b22),0.125,-8.969134469115858
p81(b7),p38(b22),0.15000000000000002,-9.131263517906119
p81(b7),p38(b22),0.17500000000000002,-9.139888478806334
p81(b7),p38(b22),0.2,-11.861345634722195
p81(b7),p38(b22),0.225,-11.489298478291442
p81(b7),p38(b22),0.25,-11.623432145804586
p81(b7),p38(b22),0.275,-11.759218546127354
p81(b7),p38(b22),0.30000000000000004,-10.798690475817015
p81(b7),p38(b22),0.325,-9.306036695099658
p81(b7),p38(b22),0.35000000000000003,-8.929748944002682
p81(b7),p38(b22),0.375,-8.910296767879125
p81(b7),p38(b22),0.4,-8.888905939891846
p81(b7),p38(b22),0.42500000000000004,-8.853665407277214
p81(b7),p38(b22),0.45,-8.838535350290632
p81(b7),p38(b22),0.47500000000000003,-8.821668895767557
p81(b7),p38(b22),0.5,-8.806586550199725
p81(b7),p38(b22),0.525,-8.801494573422259
p81(b7),p38(b22),0.55,-8.785932378730791
p81(b7),p38(b22),0.5750000000000001,-8.771021349539426
p81(b7),p38(b22),0.6000000000000001,-8.75645171729041
p81(b7),p38(b22),0.625,-8.742320699875696
p81(b7),p38(b22),0.65,-8.649888986608467
p81(b7),p38(b22),0.675,-8.635806355545636
p81(b7),p38(b22),0.7000000000000001,-8.558460077937323
p81(b7),p38(b22),0.7250000000000001,-8.384637591719766
p81(b7),p38(b22),0.75,-8.22476813427738
p81(b7),p38(b22),0.775,-8.075037844343997
p81(b7),p38(b22),0.8,-7.934067036046224
p81(b7),p38(b22),0.8250000000000001,-7.802803104214865
p81(b7),p38(b22),0.8500000000000001,-7.7361814536799205
p81(b7),p38(b22),0.875,-7.61199546666325
p81(b7),p38(b22),0.9,-7.502812566451459
p81(b7),p38(b22),0.925,-7.40719874891551
p81(b7),p38(b22),0.9500000000000001,-7.319634786349642
p81(b7),p38(b22),0.9750000000000001,-7.241109529940186
p81(b7),p38(b22),1.0,-7.2016796611768585
p81(b7),"big(b10,n=64)",0.0,-8.291822949708035
p81(b7),"big(b10,n=64)",0.025,-8.522911544348423
p81(b7),"big(b10,n=64)",0.05,-9.384316690645882
p81(b7),"big(b10,n=64)",0.07500000000000001,-11.546298849057422
p81(b7),"big(b10,n=64)",0.1,-11.33468395404935
p81(b7),"big(b10,n=64)",0.125,-9.901848449637185
p81(b7),"big(b10,n=64)",0.15000000000000002,-10.249823707925229
p81(b7),"big(b10,n=64)",0.17500000000000002,-10.60472514611868
p81(b7),"big(b10,n=64)",0.2,-10.908297645698502
p81(b7),"big(b10,n=64)",0.225,-11.060753890780965
p81(b7),"big(b10,n=64)",0.25,-11.229133181848496
p81(b7),"big(b10,n=64)",0.275,-11.345636958924601
p81(b7),"big(b10,n=64)",0.30000000000000004,-11.96013616865619
p81(b7),"big(b10,n=64)",0.325,-12.129322088986124
p81(b7),"big(b10,n=64)",0.35000000000000003,-12.346169490650688
p81(b7),"big(b10,n=64)",0.375,-12.518433234101046
p81(b7),"big(b10,n=64)",0.4,-12.654380570758486
p81(b7),"big(b10,n=64)",0.42500000000000004,-12.792741874380964
p81(b7),"big(b10,n=64)",0.45,-12.909731706842333
p81(b7),"big(b10,n=64)",0.47500000000000003,-13.055155558184676
p81(b7),"big(b10,n=64)",0.5,-13.025103427885883
p81(b7),"big(b10,n=64)",0.525,-13.073894104882623
p81(b7),"big(b10,n=64)",0.55,-13.180521907258157
p81(b7),"big(b10,n=64)",0.5750000000000001,-13.230116994084021
p81(b7),"big(b10,n=64)",0.6000000000000001,-13.291181244429925
p81(b7),"big(b10,n=64)",0.625,-13.310551766026755
p81(b7),"big(b10,n=64)",0.65,-13.276527832924067
p81(b7),"big(b10,n=64)",0.675,-13.27223936543796
p81(b7),"big(b10,n=64)",0.7000000000000001,-13.242644761338662
p81(b7),"big(b10,n=64)",0.7250000000000001,-13.237647463007324
p81(b7),"big(b10,n=64)",0.75,-13.175491135933923
p81(b7),"big(b10,n=64)",0.775,-13.09903909858693
p81(b7),"big(b10,n=64)",0.8,-12.98641217905723
p81(b7),"big(b10,n=64)",0.8250000000000001,-12.824717807313343
p81(b7),"big(b10,n=64)",0.8500000000000001,-12.679407039718583
p81(b7),"big(b10,n=64)",0.875,-12.500476057332895
p81(b7),"big(b10,n=64)",0.9,-12.340117628509292
p81(b7),"big(b10,n=64)",0.925,-12.197417463287309
p81(b7),"big(b10,n=64)",0.9500000000000001,-12.089459360973612
p81(b7),"big(b10,n=64)",0.9750000000000001,-12.017225818701826
p81(b7),"big(b10,n=64)",1.0,-11.986465033676168
p81(b7),p83(b21),0.0,-8.291822949663878
p81(b7),p83(b21),0.025,-8.400768589660943
p81(b7),p83(b21),0.05,-8.70008679370937
p81(b7),p83(b21),0.07500000000000001,-9.428760836336505
p81(b7),p83(b21),0.1,-11.727317142606145
p81(b7),p83(b21),0.125,-11.246129808090267
p81(b7),p83(b21),0.15000000000000002,-10.163861821177111
p81(b7),p83(b21),0.17500000000000002,-10.063214560426271
p81(b7),p83(b21),0.2,-10.357021237008562
p81(b7),p83(b21),0.225,-10.663664804290391
p81(b7),p83(b21),0.25,-10.974786522782171
p81(b7),p83(b21),0.275,-11.257583492786004
p81(b7),p83(b21),0.30000000000000004,-11.42419856718288
p81(b7),p83(b21),0.325,-11.52520507357271
p81(b7),p83(b21),0.35000000000000003,-12.202161293337113
p81(b7),p83(b21),0.375,-12.256410046330721
p81(b7),p83(b21),0.4,-12.274550033369682
p81(b7),p83(b21),0.42500000000000004,-12.290830320102565
p81(b7),p83(b21),0.45,-12.305311089596163
p81(b7),p83(b21),0.47500000000000003,-12.291366398155333
p81(b7),p83(b21),0.5,-12.296919386723431
p81(b7),p83(b21),0.525,-12.250106554084779
p81(b7),p83(b21),0.55,-12.200143872672484
p81(b7),p83(b21),0.5750000000000001,-12.149009405139248
p81(b7),p83(b21),0.6000000000000001,-12.095083925863477
p81(b7),p83(b21),0.625,-11.945331356813913
p81(b7),p83(b21),0.65,-11.893971708635647
p81(b7),p83(b21),0.675,-11.829180424895046
p81(b7),p83(b21),0.7000000000000001,-11.62801021685255
p81(b7),p83(b21),0.7250000000000001,-11.369995179559925
p81(b7),p83(b21),0.75,-11.0996706354546
p81(b7),p83(b21),0.775,-10.791752501211967
p81(b7),p83(b21),0.8,-10.468107628233373
p81(b7),p83(b21),0.8250000000000001,-10.17254893506649
p81(b7),p83(b21),0.8500000000000001,-9.884865701715867
p81(b7),p83(b21),0.875,-9.571025431904168
p81(b7),p83(b21),0.9,-9.262898999170396
p81(b7),p83(b21),0.925,-8.919117570457706
p81(b7),p83(b21),0.9500000000000001,-8.654133988123457
p81(b7),p83(b21),0.9750000000000001,-8.55557422689818
p81(b7),p83(b21),1.0,-8.432798857703837
A(b20),"big(b9,n=3)",0.0,-7.197362474081477
A(b20),"big(b9,n=3)",0.025,-7.840702549273122
A(b20),"big(b9,n=3)",0.05,-8.629979794150124
A(b20),"big(b9,n=3)",0.07500000000000001,-9.404965342574442
A(b20),"big(b9,n=3)",0.1,-9.920048589143043
A(b20),"big(b9,n=3)",0.125,-10.57115477633549
A(b20),"big(b9,n=3)",0.15000000000000002,-11.367175863127265
A(b20),"big(b9,n=3)",0.17500000000000002,-12.206897168674676
A(b20),"big(b9,n=3)",0.2,-13.265919959034711
A(b20),"big(b9,n=3)",0.225,-14.413202664492298
A(b20),"big(b9,n=3)",0.25,-15.51454228454147
A(b20),"big(b9,n=3)",0.275,-16.71304287441695
A(b20),"big(b9,n=3)",0.30000000000000004,-18.03698199553222
A(b20),"big(b9,n=3)",0.325,-19.48370892772613
A(b20),"big(b9,n=3)",0.35000000000000003,-21.04236000589191
A(b20),"big(b9,n=3)",0.375,-22.61118603522294
A(b20),"big(b9,n=3)",0.4,-23.641376201905206
A(b20),"big(b9,n=3)",0.42500000000000004,-24.703708625459306
A(b20),"big(b9,n=3)",0.45,-25.79500753201001
A(b20),"big(b9,n=3)",0.47500000000000003,-26.902096931044962
A(b20),"big(b9,n=3)",0.5,-27.91366987964006
A(b20),"big(b9,n=3)",0.525,-28.43166149649773
A(b20),"big(b9,n=3)",0.55,-28.881192928789858
A(b20),"big(b9,n=3)",0.5750000000000001,-29.249977221182732
A(b20),"big(b9,n=3)",0.6000000000000001,-29.51975146025808
A(b20),"big(b9,n=3)",0.625,-29.659797953193053
A(b20),"big(b9,n=3)",0.65,-29.658821486292112
A(b20),"big(b9,n=3)",0.675,-29.475539192143017
A(b20),"big(b9,n=3)",0.7000000000000001,-29.079745238894766
A(b20),"big(b9,n=3)",0.7250000000000001,-28.41679199863243
A(b20),"big(b9,n=3)",0.75,-27.47460984811177
A(b20),"big(b9,n=3)",0.775,-26.289380569158126
A(b20),"big(b9,n=3)",0.8,-24.896327630434143
A(b20),"big(b9,n=3)",0.8250000000000001,-23.30071905299846
A(b20),"big(b9,n=3)",0.8500000000000001,-21.52150996336352
A(b20),"big(b9,n=3)",0.875,-19.644672178725912
A(b20),"big(b9,n=3)",0.9,-17.744478294562697
A(b20),"big(b9,n=3)",0.925,-15.93602565475231
A(b20),"big(b9,n=3)",0.9500000000000001,-14.096129273956349
A(b20),"big(b9,n=3)",0.9750000000000001,-12.832707520144142
A(b20),"big(b9,n=3)",1.0,-12.359970903643768
A(b20),p50(b19),0.0,-7.197362473926764
A(b20),p50(b19),0.025,-7.465470164359635
A(b20),p50(b19),0.05,-7.634428140505282
A(b20),p50(b19),0.07500000000000001,-7.80430081639335
A(b20),p50(b19),0.1,-7.97801321396708
A(b20),p50(b19),0.125,-8.157859593348554
A(b20),p50(b19),0.15000000000000002,-8.332142511664344
A(b20),p50(b19),0.17500000000000002,-8.50399897195959
A(b20),p50(b19),0.2,-8.620019098870022
A(b20),p50(b19),0.225,-8.602902570412587
A(b20),p50(b19),0.25,-8.588963158675604
A(b20),p50(b19),0.275,-8.576037021161124
A(b20),p50(b19),0.30000000000000004,-8.564127542605723
A(b20),p50(b19),0.325,-8.550083015231731
A(b20),p50(b19),0.35000000000000003,-8.544202641347526
A(b20),p50(b19),0.375,-8.540106789480236
A(b20),p50(b19),0.4,-8.543450438987175
A(b20),p50(b19),0.42500000000000004,-8.543841088803088
A(b20),p50(b19),0.45,-8.541677975752734
A(b20),p50(b19),0.47500000000000003,-8.546966881052985
A(b20),p50(b19),0.5,-8.567678703033177
A(b20),p50(b19),0.525,-8.590493675058735
A(b20),p50(b19),0.55,-8.615720661372475
A(b20),p50(b19),0.5750000000000001,-8.644589071573513
A(b20),p50(b19),0.6000000000000001,-8.673960271017453
A(b20),p50(b19),0.625,-8.629759995861784
A(b20),p50(b19),0.65,-8.574648646068123
A(b20),p50(b19),0.675,-8.524118190910897
A(b20),p50(b19),0.7000000000000001,-8.509035732977203
A(b20),p50(b19),0.7250000000000001,-8.463901477368017
A(b20),p50(b19),0.75,-8.38094395926001
A(b20),p50(b19),0.775,-8.342329908083276
A(b20),p50(b19),0.8,-8.30555246644423
A(b20),p50(b19),0.8250000000000001,-8.274139816018806
A(b20),p50(b19),0.8500000000000001,-8.243699853684834
A(b20),p50(b19),0.875,-8.215993377626496
A(b20),p50(b19),0.9,-8.19030163643049
A(b20),p50(b19),0.925,-8.174261626494095
A(b20),p50(b19),0.9500000000000001,-8.159869136307348
A(b20),p50(b19),0.9750000000000001,-8.137995866377935
A(b20),p50(b19),1.0,-8.116550991557974
A(b20),p38(b22),0.0,-7.1973624741253035
A(b20),p38(b22),0.025,-7.288503824833702
A(b20),p38(b22),0.05,-7.2823656460935435
A(b20),p38(b22),0.07500000000000001,-7.276440068432043
A(b20),p38(b22),0.1,-7.270652020596324
A(b20),p38(b22),0.125,-7.265018775960328
A(b20),p38(b22),0.15000000000000002,-7.259555012992324
A(b20),p38(b22),0.17500000000000002,-7.254356583900629
A(b20),p38(b22),0.2,-7.24948156579454
A(b20),p38(b22),0.225,-7.245196958090775
A(b20),p38(b22),0.25,-7.240834121622337
A(b20),p38(b22),0.275,-7.237096740916369
A(b20),p38(b22),0.30000000000000004,-7.236646445716563
A(b20),p38(b22),0.325,-7.2403111186533735
A(b20),p38(b22),0.35000000000000003,-7.23681439123561
A(b20),p38(b22),0.375,-7.2333015646689836
A(b20),p38(b22),0.4,-7.2303205023541315
A(b20),p38(b22),0.42500000000000004,-7.227557992064405
A(b20),p38(b22),0.45,-7.224035600851418
A(b20),p38(b22),0.47500000000000003,-7.220429326982662
A(b20),p38(b22),0.5,-7.2175385899936115
A(b20),p38(b22),0.525,-7.21492408229325
A(b20),p38(b22),0.55,-7.21247180257903
A(b20),p38(b22),0.5750000000000001,-7.210495562848679
A(b20),p38(b22),0.6000000000000001,-7.208636369075515
A(b20),p38(b22),0.625,-7.20702417176221
A(b20),p38(b22),0.65,-7.2055722552905985
A(b20),p38(b22),0.675,-7.2042116112467705
A(b20),p38(b22),0.7000000000000001,-7.203034425540476
A(b20),p38(b22),0.7250000000000001,-7.202083753705418
A(b20),p38(b22),0.75,-7.197374495481805
A(b20),p38(b22),0.775,-7.196132153836816
A(b20),p38(b22),0.8,-7.195656777265986
A(b20),p38(b22),0.8250000000000001,-7.195442055187453
A(b20),p38(b22),0.8500000000000001,-7.195453223368996
A(b20),p38(b22),0.875,-7.19586654344489
A(b20),p38(b22),0.9,-7.196657506530814
A(b20),p38(b22),0.925,-7.197618517126278
A(b20),p38(b22),0.9500000000000001,-7.198680659197699
A(b20),p38(b22),0.9750000000000001,-7.199933408055273
A(b20),p38(b22),1.0,-7.185975143937034
A(b20),"big(b10,n=64)",0.0,-7.213070075568569
A(b20),"big(b10,n=64)",0.025,-7.579854173665574
A(b20),"big(b10,n=64)",0.05,-8.01433208641117
A(b20),"big(b10,n=64)",0.07500000000000001,-8.470476444497933
A(b20),"big(b10,n=64)",0.1,-8.953485779508918
A(b20),"big(b10,n=64)",0.125,-9.294273157873167
A(b20),"big(b10,n=64)",0.15000000000000002,-9.494998367647984
A(b20),"big(b10,n=64)",0.17500000000000002,-9.748173519944
A(b20),"big(b10,n=64)",0.2,-10.038136717952248
A(b20),"big(b10,n=64)",0.225,-10.338074855629895
A(b20),"big(b10,n=64)",0.25,-10.659191002020403
A(b20),"big(b10,n=64)",0.275,-11.001148585538079
A(b20),"big(b10,n=64)",0.30000000000000004,-11.323026206057524
A(b20),"big(b10,n=64)",0.325,-11.6620692373956
A(b20),"big(b10,n=64)",0.35000000000000003,-11.918674334412048
A(b20),"big(b10,n=64)",0.375,-12.137131612860799
A(b20),"big(b10,n=64)",0.4,-12.349183291403062
A(b20),"big(b10,n=64)",0.42500000000000004,-12.570790423219716
A(b20),"big(b10,n=64)",0.45,-12.776113517225106
A(b20),"big(b10,n=64)",0.47500000000000003,-12.979611988190488
A(b20),"big(b10,n=64)",0.5,-13.162478919872775
A(b20),"big(b10,n=64)",0.525,-13.365586463858293
A(b20),"big(b10,n=64)",0.55,-13.475476475970622
A(b20),"big(b10,n=64)",0.5750000000000001,-13.585546384991781
A(b20),"big(b10,n=64)",0.6000000000000001,-13.68928548926772
A(b20),"big(b10,n=64)",0.625,-13.740780448882097
A(b20),"big(b10,n=64)",0.65,-13.786510821433787
A(b20),"big(b10,n=64)",0.675,-13.780674902938797
A(b20),"big(b10,n=64)",0.7000000000000001,-13.710569389401014
A(b20),"big(b10,n=64)",0.7250000000000001,-13.571224729099374
A(b20),"big(b10,n=64)",0.75,-13.42859829142461
A(b20),"big(b10,n=64)",0.775,-13.26294541076676
A(b20),"big(b10,n=64)",0.8,-13.076989913629548
A(b20),"big(b10,n=64)",0.8250000000000001,-12.869432341680216
A(b20),"big(b10,n=64)",0.8500000000000001,-12.70027008652539
A(b20),"big(b10,n=64)",0.875,-12.51406707631438
A(b20),"big(b10,n=64)",0.9,-12.345181080195797
A(b20),"big(b10,n=64)",0.925,-12.193322387797664
A(b20),"big(b10,n=64)",0.9500000000000001,-12.07831578314915
A(b20),"big(b10,n=64)",0.9750000000000001,-12.009009088167211
A(b20),"big(b10,n=64)",1.0,-11.98646491383215
A(b20),p83(b21),0.0,-7.213070075428383
A(b20),p83(b21),0.025,-7.405235122127688
A(b20),p83(b21),0.05,-7.652713262177302
A(b20),p83(b21),0.07500000000000001,-7.841750367696785
A(b20),p83(b21),0.1,-8.02745981162117
A(b20),p83(b21),0.125,-8.210335195750336
A(b20),p83(b21),0.15000000000000002,-8.388085284203392
A(b20),p83(b21),0.17500000000000002,-8.514590218682644
A(b20),p83(b21),0.2,-8.485372334347463
A(b20),p83(b21),0.225,-8.460785047513161
A(b20),p83(b21),0.25,-8.445847590791676
A(b20),p83(b21),0.275,-8.43325368168669
A(b20),p83(b21),0.30000000000000004,-8.432326017606211
A(b20),p83(b21),0.325,-8.425818563125148
A(b20),p83(b21),0.35000000000000003,-8.431109963161404
A(b20),p83(b21),0.375,-8.428574232990993
A(b20),p83(b21),0.4,-8.428647496217696
A(b20),p83(b21),0.42500000000000004,-8.393037483043393
A(b20),p83(b21),0.45,-8.396723893831094
A(b20),p83(b21),0.47500000000000003,-8.40257500780648
A(b20),p83(b21),0.5,-8.409772099743133
A(b20),p83(b21),0.525,-8.417997391537874
A(b20),p83(b21),0.55,-8.427253586946005
A(b20),p83(b21),0.5750000000000001,-8.435877488065675
A(b20),p83(b21),0.6000000000000001,-8.439695626708488
A(b20),p83(b21),0.625,-8.430871256829231
A(b20),p83(b21),0.65,-8.435396646260415
A(b20),p83(b21),0.675,-8.440344529801132
A(b20),p83(b21),0.7000000000000001,-8.445467290446553
A(b20),p83(b21),0.7250000000000001,-8.440716930128874
A(b20),p83(b21),0.75,-8.431737678061047
A(b20),p83(b21),0.775,-8.431023925766976
A(b20),p83(b21),0.8,-8.437226918297766
A(b20),p83(b21),0.8250000000000001,-8.449458418043733
A(b20),p83(b21),0.8500000000000001,-8.453230110196007
A(b20),p83(b21),0.875,-8.480706570729119
A(b20),p83(b21),0.9,-8.471218273293545
A(b20),p83(b21),0.925,-8.478363986094632
A(b20),p83(b21),0.9500000000000001,-8.509652787924042
A(b20),p83(b21),0.9750000000000001,-8.522770879434379
A(b20),p83(b21),1.0,-8.432798857664698
"big(b9,n=3)",p50(b19),0.0,-12.359970906100909
"big(b9,n=3)",p50(b19),0.025,-12.572440193027607
"big(b9,n=3)",p50(b19),0.05,-13.187218110520943
"big(b9,n=3)",p50(b19),0.07500000000000001,-14.186987044385207
"big(b9,n=3)",p50(b19),0.1,-15.522385973486182
"big(b9,n=3)",p50(b19),0.125,-16.93921444030101
"big(b9,n=3)",p50(b19),0.15000000000000002,-18.426369894560473
"big(b9,n=3)",p50(b19),0.17500000000000002,-20.018092518409514
"big(b9,n=3)",p50(b19),0.2,-21.648408143224675
"big(b9,n=3)",p50(b19),0.225,-23.297941413247386
"big(b9,n=3)",p50(b19),0.25,-24.91222540116758
"big(b9,n=3)",p50(b19),0.275,-26.496548192812185
"big(b9,n=3)",p50(b19),0.30000000000000004,-28.01922936001737
"big(b9,n=3)",p50(b19),0.325,-29.45839840132075
"big(b9,n=3)",p50(b19),0.35000000000000003,-30.790411106606676
"big(b9,n=3)",p50(b19),0.375,-31.99758610721196
"big(b9,n=3)",p50(b19),0.4,-33.04209698045929
"big(b9,n=3)",p50(b19),0.42500000000000004,-33.93003887342528
"big(b9,n=3)",p50(b19),0.45,-34.67393940816053
"big(b9,n=3)",p50(b19),0.47500000000000003,-35.26956764867933
"big(b9,n=3)",p50(b19),0.5,-35.13043833559534
"big(b9,n=3)",p50(b19),0.525,-34.729703699767015
"big(b9,n=3)",p50(b19),0.55,-34.21181089477305
"big(b9,n=3)",p50(b19),0.5750000000000001,-33.66625376046965
"big(b9,n=3)",p50(b19),0.6000000000000001,-32.946658143378414
"big(b9,n=3)",p50(b19),0.625,-31.374190294125032
"big(b9,n=3)",p50(b19),0.65,-29.503196157826416
"big(b9,n=3)",p50(b19),0.675,-27.629279681986244
"big(b9,n=3)",p50(b19),0.7000000000000001,-25.74948957556144
"big(b9,n=3)",p50(b19),0.7250000000000001,-23.922279018343346
"big(b9,n=3)",p50(b19),0.75,-22.157770093936676
"big(b9,n=3)",p50(b19),0.775,-20.1061975356643
"big(b9,n=3)",p50(b19),0.8,-18.15744964133985
"big(b9,n=3)",p50(b19),0.8250000000000001,-16.344558018866394
"big(b9,n=3)",p50(b19),0.8500000000000001,-14.577213651460262
"big(b9,n=3)",p50(b19),0.875,-12.959853148434712
"big(b9,n=3)",p50(b19),0.9,-11.543225697411414
"big(b9,n=3)",p50(b19),0.925,-10.23583894292285
"big(b9,n=3)",p50(b19),0.9500000000000001,-9.176063800193822
"big(b9,n=3)",p50(b19),0.9750000000000001,-8.502954656791513
"big(b9,n=3)",p50(b19),1.0,-8.116550991357167
"big(b9,n=3)",p38(b22),0.0,-12.359970906987735
"big(b9,n=3)",p38(b22),0.025,-12.829781629539132
"big(b9,n=3)",p38(b22),0.05,-14.086283543218844
"big(b9,n=3)",p38(b22),0.07500000000000001,-15.912833405970881
"big(b9,n=3)",p38(b22),0.1,-17.699070695676937
"big(b9,n=3)",p38(b22),0.125,-19.594249269314542
"big(b9,n=3)",p38(b22),0.15000000000000002,-21.461855497660228
"big(b9,n=3)",p38(b22),0.17500000000000002,-23.20714198251475
"big(b9,n=3)",p38(b22),0.2,-24.79041578912988
"big(b9,n=3)",p38(b22),0.225,-26.173940233777444
"big(b9,n=3)",p38(b22),0.25,-27.289648392894975
"big(b9,n=3)",p38(b22),0.275,-28.114474238791978
"big(b9,n=3)",p38(b22),0.30000000000000004,-28.704313415546864
"big(b9,n=3)",p38(b22),0.325,-29.058944800572018
"big(b9,n=3)",p38(b22),0.35000000000000003,-29.200902279139818
"big(b9,n=3)",p38(b22),0.375,-29.16120332625632
"big(b9,n=3)",p38(b22),0.4,-28.971060241059718
"big(b9,n=3)",p38(b22),0.42500000000000004,-28.660167286136733
"big(b9,n=3)",p38(b22),0.45,-28.2521393891132
"big(b9,n=3)",p38(b22),0.47500000000000003,-27.74822069341876
"big(b9,n=3)",p38(b22),0.5,-27.12983020605266
"big(b9,n=3)",p38(b22),0.525,-25.994063370101923
"big(b9,n=3)",p38(b22),0.55,-24.869232790565263
"big(b9,n=3)",p38(b22),0.5750000000000001,-23.76806713516438
"big(b9,n=3)",p38(b22),0.6000000000000001,-22.6955753816674
"big(b9,n=3)",p38(b22),0.625,-21.548579367480272
"big(b9,n=3)",p38(b22),0.65,-19.949612837454957
"big(b9,n=3)",p38(b22),0.675,-18.464990540926028
"big(b9,n=3)",p38(b22),0.7000000000000001,-17.09719737328712
"big(b9,n=3)",p38(b22),0.7250000000000001,-15.855778407383081
"big(b9,n=3)",p38(b22),0.75,-14.693658647202946
"big(b9,n=3)",p38(b22),0.775,-13.835427006257005
"big(b9,n=3)",p38(b22),0.8,-12.739450169975418
"big(b9,n=3)",p38(b22),0.8250000000000001,-11.760096631174033
"big(b9,n=3)",p38(b22),0.8500000000000001,-10.925027808881104
"big(b9,n=3)",p38(b22),0.875,-10.20717014880658
"big(b9,n=3)",p38(b22),0.9,-9.6239261016206
"big(b9,n=3)",p38(b22),0.925,-9.189110723315522
"big(b9,n=3)",p38(b22),0.9500000000000001,-8.471060683967558
"big(b9,n=3)",p38(b22),0.9750000000000001,-7.739420803266986
"big(b9,n=3)",p38(b22),1.0,-7.185975143927094
"big(b9,n=3)","big(b10,n=64)",0.0,-12.359970904523593
"big(b9,n=3)","big(b10,n=64)",0.025,-12.470179971885333
"big(b9,n=3)","big(b10,n=64)",0.05,-12.746966214808635
"big(b9,n=3)","big(b10,n=64)",0.07500000000000001,-13.157319270014208
"big(b9,n=3)","big(b10,n=64)",0.1,-13.673573667281007
"big(b9,n=3)","big(b10,n=64)",0.125,-14.264768372783818
"big(b9,n=3)","big(b10,n=64)",0.15000000000000002,-14.902118214328905
"big(b9,n=3)","big(b10,n=64)",0.17500000000000002,-15.520033084461229
"big(b9,n=3)","big(b10,n=64)",0.2,-16.042148741884688
"big(b9,n=3)","big(b10,n=64)",0.225,-16.539057497665336
"big(b9,n=3)","big(b10,n=64)",0.25,-16.999589060936852
"big(b9,n=3)","big(b10,n=64)",0.275,-17.430529642343313
"big(b9,n=3)","big(b10,n=64)",0.30000000000000004,-17.814092767954886
"big(b9,n=3)","big(b10,n=64)",0.325,-18.143327000743433
"big(b9,n=3)","big(b10,n=64)",0.35000000000000003,-18.4184358416317
"big(b9,n=3)","big(b10,n=64)",0.375,-18.63699045945751
"big(b9,n=3)","big(b10,n=64)",0.4,-18.79864194937419
"big(b9,n=3)","big(b10,n=64)",0.42500000000000004,-18.89678895387247
"big(b9,n=3)","big(b10,n=64)",0.45,-18.93968481778797
"big(b9,n=3)","big(b10,n=64)",0.47500000000000003,-18.922166607606936
"big(b9,n=3)","big(b10,n=64)",0.5,-18.8463718277314
"big(b9,n=3)","big(b10,n=64)",0.525,-18.714724815432504
"big(b9,n=3)","big(b10,n=64)",0.55,-18.527458526322135
"big(b9,n=3)","big(b10,n=64)",0.5750000000000001,-18.294328439936557
"big(b9,n=3)","big(b10,n=64)",0.6000000000000001,-18.006857903648072
"big(b9,n=3)","big(b10,n=64)",0.625,-17.676303144939727
"big(b9,n=3)","big(b10,n=64)",0.65,-17.311981639885143
"big(b9,n=3)","big(b10,n=64)",0.675,-16.909192754189405
"big(b9,n=3)","big(b10,n=64)",0.7000000000000001,-16.480541238062905
"big(b9,n=3)","big(b10,n=64)",0.7250000000000001,-16.02797320163363
"big(b9,n=3)","big(b10,n=64)",0.75,-15.558929473794038
"big(b9,n=3)","big(b10,n=64)",0.775,-15.07744700973244
"big(b9,n=3)","big(b10,n=64)",0.8,-14.64564920766841
"big(b9,n=3)","big(b10,n=64)",0.8250000000000001,-14.198857367796801
"big(b9,n=3)","big(b10,n=64)",0.8500000000000001,-13.760534302986004
"big(b9,n=3)","big(b10,n=64)",0.875,-13.341270642101243
"big(b9,n=3)","big(b10,n=64)",0.9,-12.967766600981067
"big(b9,n=3)","big(b10,n=64)",0.925,-12.598197395399538
"big(b9,n=3)","big(b10,n=64)",0.9500000000000001,-12.28958326814547
"big(b9,n=3)","big(b10,n=64)",0.9750000000000001,-12.084964404088572
"big(b9,n=3)","big(b10,n=64)",1.0,-11.986465032916486
"big(b9,n=3)",p83(b21),0.0,-12.359970906104994
"big(b9,n=3)",p83(b21),0.025,-12.610496314714592
"big(b9,n=3)",p83(b21),0.05,-13.325385636914557
"big(b9,n=3)",p83(b21),0.07500000000000001,-14.44662772801617
"big(b9,n=3)",p83(b21),0.1,-15.892102570777928
"big(b9,n=3)",p83(b21),0.125,-17.281513809339454
"big(b9,n=3)",p83(b21),0.15000000000000002,-18.781324239946883
"big(b9,n=3)",p83(b21),0.17500000000000002,-20.33294630658128
"big(b9,n=3)",p83(b21),0.2,-21.87847840996085
"big(b9,n=3)",p83(b21),0.225,-23.386345097195598
"big(b9,n=3)",p83(b21),0.25,-24.840229551440544
"big(b9,n=3)",p83(b21),0.275,-26.204763215219764
"big(b9,n=3)",p83(b21),0.30000000000000004,-27.447350977869988
"big(b9,n=3)",p83(b21),0.325,-28.57636666325827
"big(b9,n=3)",p83(b21),0.35000000000000003,-29.565667403473164
"big(b9,n=3)",p83(b21),0.375,-30.422097529370348
"big(b9,n=3)",p83(b21),0.4,-31.07983001045112
"big(b9,n=3)",p83(b21),0.42500000000000004,-31.575354566907617
"big(b9,n=3)",p83(b21),0.45,-31.93123569905334
"big(b9,n=3)",p83(b21),0.47500000000000003,-32.1553018195649
"big(b9,n=3)",p83(b21),0.5,-32.035401157904815
"big(b9,n=3)",p83(b21),0.525,-31.422810449901455
"big(b9,n=3)",p83(b21),0.55,-30.721738475181233
"big(b9,n=3)",p83(b21),0.5750000000000001,-29.933818605941113
"big(b9,n=3)",p83(b21),0.6000000000000001,-29.090145529308558
"big(b9,n=3)",p83(b21),0.625,-27.978300030736314
"big(b9,n=3)",p83(b21),0.65,-26.193233257793427
"big(b9,n=3)",p83(b21),0.675,-24.44835660412872
"big(b9,n=3)",p83(b21),0.7000000000000001,-22.761317943942856
"big(b9,n=3)",p83(b21),0.7250000000000001,-21.151616340262862
"big(b9,n=3)",p83(b21),0.75,-19.631307418952996
"big(b9,n=3)",p83(b21),0.775,-17.991720352589862
"big(b9,n=3)",p83(b21),0.8,-16.325320193382392
"big(b9,n=3)",p83(b21),0.8250000000000001,-14.793752801310413
"big(b9,n=3)",p83(b21),0.8500000000000001,-13.399085840987095
"big(b9,n=3)",p83(b21),0.875,-12.142008022753132
"big(b9,n=3)",p83(b21),0.9,-11.037006387586846
"big(b9,n=3)",p83(b21),0.925,-10.090572817986263
"big(b9,n=3)",p83(b21),0.9500000000000001,-9.26779473917994
"big(b9,n=3)",p83(b21),0.9750000000000001,-8.734451160631808
"big(b9,n=3)",p83(b21),1.0,-8.432798857683974
p50(b19),p38(b22),0.0,-8.116550991951044
p50(b19),p38(b22),0.025,-8.134600839639909
p50(b19),p38(b22),0.05,-8.150944136951587
p50(b19),p38(b22),0.07500000000000001,-8.162024876044539
p50(b19),p38(b22),0.1,-8.182215522539781
p50(b19),p38(b22),0.125,-8.210444444007488
p50(b19),p38(b22),0.15000000000000002,-8.239475130854107
p50(b19),p38(b22),0.17500000000000002,-8.271551748759872
p50(b19),p38(b22),0.2,-8.310877513520722
p50(b19),p38(b22),0.225,-8.363587656007386
p50(b19),p38(b22),0.25,-8.405659737466188
p50(b19),p38(b22),0.275,-8.453788526718377
p50(b19),p38(b22),0.30000000000000004,-8.502681156621517
p50(b19),p38(b22),0.325,-8.520258582191463
p50(b19),p38(b22),0.35000000000000003,-8.468130475623028
p50(b19),p38(b22),0.375,-8.42580088565924
p50(b19),p38(b22),0.4,-8.385613549555442
p50(b19),p38(b22),0.42500000000000004,-8.35064990912188
p50(b19),p38(b22),0.45,-8.327290600012262
p50(b19),p38(b22),0.47500000000000003,-8.318135860601743
p50(b19),p38(b22),0.5,-8.311189933319923
p50(b19),p38(b22),0.525,-8.307096863651841
p50(b19),p38(b22),0.55,-8.311375655638502
p50(b19),p38(b22),0.5750000000000001,-8.317401101052523
p50(b19),p38(b22),0.6000000000000001,-8.336492164891904
p50(b19),p38(b22),0.625,-8.361233353021923
p50(b19),p38(b22),0.65,-8.386693700251632
p50(b19),p38(b22),0.675,-8.413666492969778
p50(b19),p38(b22),0.7000000000000001,-8.375396722927647
p50(b19),p38(b22),0.7250000000000001,-8.381699859406778
p50(b19),p38(b22),0.75,-8.399126459660923
p50(b19),p38(b22),0.775,-8.42260521047482
p50(b19),p38(b22),0.8,-8.44962206964436
p50(b19),p38(b22),0.8250000000000001,-8.397822874634096
p50(b19),p38(b22),0.8500000000000001,-8.232178059262807
p50(b19),p38(b22),0.875,-8.065596464220693
p50(b19),p38(b22),0.9,-7.895103766496677
p50(b19),p38(b22),0.925,-7.719163998159424
p50(b19),p38(b22),0.9500000000000001,-7.544088525383421
p50(b19),p38(b22),0.9750000000000001,-7.3702478021806375
p50(b19),p38(b22),1.0,-7.185975144068104
p50(b19),"big(b10,n=64)",0.0,-8.116550991774924
p50(b19),"big(b10,n=64)",0.025,-8.339701945778032
p50(b19),"big(b10,n=64)",0.05,-8.586085813994025
p50(b19),"big(b10,n=64)",0.07500000000000001,-8.886974895062249
p50(b19),"big(b10,n=64)",0.1,-9.27890156944484
p50(b19),"big(b10,n=64)",0.125,-9.71221733081718
p50(b19),"big(b10,n=64)",0.15000000000000002,-10.169167166205428
p50(b19),"big(b10,n=64)",0.17500000000000002,-10.632810863513814
p50(b19),"big(b10,n=64)",0.2,-11.0924978048558
p50(b19),"big(b10,n=64)",0.225,-11.517192245415615
p50(b19),"big(b10,n=64)",0.25,-11.870184139461273
p50(b19),"big(b10,n=64)",0.275,-12.213260089989518
p50(b19),"big(b10,n=64)",0.30000000000000004,-12.557108020477315
p50(b19),"big(b10,n=64)",0.325,-12.889174502430578
p50(b19),"big(b10,n=64)",0.35000000000000003,-13.199149099514123
p50(b19),"big(b10,n=64)",0.375,-13.493715523226275
p50(b19),"big(b10,n=64)",0.4,-13.625683644927342
p50(b19),"big(b10,n=64)",0.42500000000000004,-13.622855270058988
p50(b19),"big(b10,n=64)",0.45,-13.678402801907506
p50(b19),"big(b10,n=64)",0.47500000000000003,-13.723324440865612
p50(b19),"big(b10,n=64)",0.5,-13.746142406392156
p50(b19),"big(b10,n=64)",0.525,-13.750020863055028
p50(b19),"big(b10,n=64)",0.55,-13.734611215549334
p50(b19),"big(b10,n=64)",0.5750000000000001,-13.697071351002547
p50(b19),"big(b10,n=64)",0.6000000000000001,-13.641037364775961
p50(b19),"big(b10,n=64)",0.625,-13.566990995453327
p50(b19),"big(b10,n=64)",0.65,-13.53795899400654
p50(b19),"big(b10,n=64)",0.675,-13.454450389089697
p50(b19),"big(b10,n=64)",0.7000000000000001,-13.356406420612487
p50(b19),"big(b10,n=64)",0.7250000000000001,-13.25403252982933
p50(b19),"big(b10,n=64)",0.75,-13.156779851324831
p50(b19),"big(b10,n=64)",0.775,-12.962543769691074
p50(b19),"big(b10,n=64)",0.8,-12.769846328733184
p50(b19),"big(b10,n=64)",0.8250000000000001,-12.592923155430801
p50(b19),"big(b10,n=64)",0.8500000000000001,-12.433254576580229
p50(b19),"big(b10,n=64)",0.875,-12.296127731810412
p50(b19),"big(b10,n=64)",0.9,-12.17628444889382
p50(b19),"big(b10,n=64)",0.925,-12.088706132471945
p50(b19),"big(b10,n=64)",0.9500000000000001,-12.02409219662685
p50(b19),"big(b10,n=64)",0.9750000000000001,-11.992453944055875
p50(b19),"big(b10,n=64)",1.0,-11.986465032721119
p50(b19),p83(b21),0.0,-8.11655099217827
p50(b19),p83(b21),0.025,-8.142678909365753
p50(b19),p83(b21),0.05,-8.168578209681229
p50(b19),p83(b21),0.07500000000000001,-8.194074644867301
p50(b19),p83(b21),0.1,-8.21557506858015
p50(b19),p83(b21),0.125,-8.23855320366239
p50(b19),p83(b21),0.15000000000000002,-8.242120969992806
p50(b19),p83(b21),0.17500000000000002,-8.273715857058413
p50(b19),p83(b21),0.2,-8.304605957041385
p50(b19),p83(b21),0.225,-8.330787884953075
p50(b19),p83(b21),0.25,-8.362274696503661
p50(b19),p83(b21),0.275,-8.394247716566923
p50(b19),p83(b21),0.30000000000000004,-8.426434814567182
p50(b19),p83(b21),0.325,-8.460990874392785
p50(b19),p83(b21),0.35000000000000003,-8.482516792858231
p50(b19),p83(b21),0.375,-8.515339910959856
p50(b19),p83(b21),0.4,-8.547557240878756
p50(b19),p83(b21),0.42500000000000004,-8.564328353365159
p50(b19),p83(b21),0.45,-8.596625612134787
p50(b19),p83(b21),0.47500000000000003,-8.61378871122148
p50(b19),p83(b21),0.5,-8.642060989463086
p50(b19),p83(b21),0.525,-8.674051361575513
p50(b19),p83(b21),0.55,-8.677287216531024
p50(b19),p83(b21),0.5750000000000001,-8.652348075203637
p50(b19),p83(b21),0.6000000000000001,-8.628451015713534
p50(b19),p83(b21),0.625,-8.601025669380284
p50(b19),p83(b21),0.65,-8.584049028736604
p50(b19),p83(b21),0.675,-8.568213991602478
p50(b19),p83(b21),0.7000000000000001,-8.554670468151768
p50(b19),p83(b21),0.7250000000000001,-8.543370455633493
p50(b19),p83(b21),0.75,-8.532109926200295
p50(b19),p83(b21),0.775,-8.526743406098142
p50(b19),p83(b21),0.8,-8.529617747242812
p50(b19),p83(b21),0.8250000000000001,-8.5075421198345
p50(b19),p83(b21),0.8500000000000001,-8.506117741519805
p50(b19),p83(b21),0.875,-8.516391997038795
p50(b19),p83(b21),0.9,-8.510522870351071
p50(b19),p83(b21),0.925,-8.508716419453092
p50(b19),p83(b21),0.9500000000000001,-8.512508081789605
p50(b19),p83(b21),0.9750000000000001,-8.52356326085623
p50(b19),p83(b21),1.0,-8.432798857647938
p38(b22),"big(b10,n=64)",0.0,-7.185975143887457
p38(b22),"big(b10,n=64)",0.025,-7.547419396556309
p38(b22),"big(b10,n=64)",0.05,-7.942932981390001
p38(b22),"big(b10,n=64)",0.07500000000000001,-8.380832840928049
p38(b22),"big(b10,n=64)",0.1,-8.851888626005682
p38(b22),"big(b10,n=64)",0.125,-9.065552457889208
p38(b22),"big(b10,n=64)",0.15000000000000002,-9.262890993725161
p38(b22),"big(b10,n=64)",0.17500000000000002,-9.495664249698903
p38(b22),"big(b10,n=64)",0.2,-9.707431108126707
p38(b22),"big(b10,n=64)",0.225,-10.023542255550389
p38(b22),"big(b10,n=64)",0.25,-10.267444968864549
p38(b22),"big(b10,n=64)",0.275,-10.631899938013074
p38(b22),"big(b10,n=64)",0.30000000000000004,-11.014535926222011
p38(b22),"big(b10,n=64)",0.325,-11.417925361782956
p38(b22),"big(b10,n=64)",0.35000000000000003,-11.740527446219083
p38(b22),"big(b10,n=64)",0.375,-12.004038918058225
p38(b22),"big(b10,n=64)",0.4,-12.274229363121716
p38(b22),"big(b10,n=64)",0.42500000000000004,-12.54539030702801
p38(b22),"big(b10,n=64)",0.45,-12.804932848857039
p38(b22),"big(b10,n=64)",0.47500000000000003,-13.064124904377158
p38(b22),"big(b10,n=64)",0.5,-13.297569778661106
p38(b22),"big(b10,n=64)",0.525,-13.515835521247245
p38(b22),"big(b10,n=64)",0.55,-13.72462005151368
p38(b22),"big(b10,n=64)",0.5750000000000001,-13.909103340845773
p38(b22),"big(b10,n=64)",0.6000000000000001,-14.027539397390692
p38(b22),"big(b10,n=64)",0.625,-14.131603249725435
p38(b22),"big(b10,n=64)",0.65,-14.173447080654007
p38(b22),"big(b10,n=64)",0.675,-14.130700507007276
p38(b22),"big(b10,n=64)",0.7000000000000001,-13.979593734763428
p38(b22),"big(b10,n=64)",0.7250000000000001,-13.80349335634946
p38(b22),"big(b10,n=64)",0.75,-13.671655808026944
p38(b22),"big(b10,n=64)",0.775,-13.494095586562828
p38(b22),"big(b10,n=64)",0.8,-13.301818754248353
p38(b22),"big(b10,n=64)",0.8250000000000001,-13.100912813677255
p38(b22),"big(b10,n=64)",0.8500000000000001,-12.906093134265838
p38(b22),"big(b10,n=64)",0.875,-12.682996853921768
p38(b22),"big(b10,n=64)",0.9,-12.464007700281245
p38(b22),"big(b10,n=64)",0.925,-12.27390199509271
p38(b22),"big(b10,n=64)",0.9500000000000001,-12.119351717564665
p38(b22),"big(b10,n=64)",0.9750000000000001,-12.022002326285573
p38(b22),"big(b10,n=64)",1.0,-11.9864650366692
p38(b22),p83(b21),0.0,-7.185975143901793
p38(b22),p83(b21),0.025,-7.388603534537554
p38(b22),p83(b21),0.05,-7.579761192424411
p38(b22),p83(b21),0.07500000000000001,-7.7674963911669375
p38(b22),p83(b21),0.1,-7.954007055073296
p38(b22),p83(b21),0.125,-8.139359795645866
p38(b22),p83(b21),0.15000000000000002,-8.326175246097943
p38(b22),p83(b21),0.17500000000000002,-8.369157596538429
p38(b22),p83(b21),0.2,-8.32786972560008
p38(b22),p83(b21),0.225,-8.290379784364116
p38(b22),p83(b21),0.25,-8.270429993852488
p38(b22),p83(b21),0.275,-8.219112807502913
p38(b22),p83(b21),0.30000000000000004,-8.206114740894144
p38(b22),p83(b21),0.325,-8.196729514469272
p38(b22),p83(b21),0.35000000000000003,-8.19012781575468
p38(b22),p83(b21),0.375,-8.187593517162957
p38(b22),p83(b21),0.4,-8.18910436005924
p38(b22),p83(b21),0.42500000000000004,-8.192161293379925
p38(b22),p83(b21),0.45,-8.196853999175843
p38(b22),p83(b21),0.47500000000000003,-8.204504278234314
p38(b22),p83(b21),0.5,-8.181936581603736
p38(b22),p83(b21),0.525,-8.192290075175686
p38(b22),p83(b21),0.55,-8.207771527599522
p38(b22),p83(b21),0.5750000000000001,-8.223712007202987
p38(b22),p83(b21),0.6000000000000001,-8.24159076245242
p38(b22),p83(b21),0.625,-8.260803880670311
p38(b22),p83(b21),0.65,-8.281834695581413
p38(b22),p83(b21),0.675,-8.290267814828736
p38(b22),p83(b21),0.7000000000000001,-8.3154302154007
p38(b22),p83(b21),0.7250000000000001,-8.34172445382076
p38(b22),p83(b21),0.75,-8.358647617671332
p38(b22),p83(b21),0.775,-8.368118780945869
p38(b22),p83(b21),0.8,-8.37832526916403
p38(b22),p83(b21),0.8250000000000001,-8.391491869496342
p38(b22),p83(b21),0.8500000000000001,-8.414123965794857
p38(b22),p83(b21),0.875,-8.424203991164337
p38(b22),p83(b21),0.9,-8.457040840457424
p38(b22),p83(b21),0.925,-8.454182628596167
p38(b22),p83(b21),0.9500000000000001,-8.492849732141387
p38(b22),p83(b21),0.9750000000000001,-8.513624911068018
p38(b22),p83(b21),1.0,-8.43279885766348
"big(b10,n=64)",p83(b21),0.0,-11.986465033843542
"big(b10,n=64)",p83(b21),0.025,-11.980904557017054
"big(b10,n=64)",p83(b21),0.05,-11.986632439550238
"big(b10,n=64)",p83(b21),0.07500000000000001,-12.001994969221585
"big(b10,n=64)",p83(b21),0.1,-12.032043792471942
"big(b10,n=64)",p83(b21),0.125,-12.073563502131307
"big(b10,n=64)",p83(b21),0.15000000000000002,-12.128411581742945
"big(b10,n=64)",p83(b21),0.17500000000000002,-12.19030264296445
"big(b10,n=64)",p83(b21),0.2,-12.243846945692427
"big(b10,n=64)",p83(b21),0.225,-12.246997653438086
"big(b10,n=64)",p83(b21),0.25,-12.247271909378174
"big(b10,n=64)",p83(b21),0.275,-12.24730423849604
"big(b10,n=64)",p83(b21),0.30000000000000004,-12.228833769710555
"big(b10,n=64)",p83(b21),0.325,-12.180572223232932
"big(b10,n=64)",p83(b21),0.35000000000000003,-12.130074083655566
"big(b10,n=64)",p83(b21),0.375,-12.07868326788904
"big(b10,n=64)",p83(b21),0.4,-12.02703852397937
"big(b10,n=64)",p83(b21),0.42500000000000004,-11.963686808664052
"big(b10,n=64)",p83(b21),0.45,-11.91953986622692
"big(b10,n=64)",p83(b21),0.47500000000000003,-11.885714215936805
"big(b10,n=64)",p83(b21),0.5,-11.846004072067753
"big(b10,n=64)",p83(b21),0.525,-11.806162942384336
"big(b10,n=64)",p83(b21),0.55,-11.764405763070668
"big(b10,n=64)",p83(b21),0.5750000000000001,-11.721068642055995
"big(b10,n=64)",p83(b21),0.6000000000000001,-11.63040381357069
"big(b10,n=64)",p83(b21),0.625,-11.453603448140342
"big(b10,n=64)",p83(b21),0.65,-11.27507810912667
"big(b10,n=64)",p83(b21),0.675,-11.094457483991096
"big(b10,n=64)",p83(b21),0.7000000000000001,-10.916276241477405
"big(b10,n=64)",p83(b21),0.7250000000000001,-10.722000872572352
"big(b10,n=64)",p83(b21),0.75,-10.505488227515313
"big(b10,n=64)",p83(b21),0.775,-10.278964226440653
"big(b10,n=64)",p83(b21),0.8,-10.033417427799755
"big(b10,n=64)",p83(b21),0.8250000000000001,-9.791365614366583
"big(b10,n=64)",p83(b21),0.8500000000000001,-9.559300403127754
"big(b10,n=64)",p83(b21),0.875,-9.320866561447406
"big(b10,n=64)",p83(b21),0.9,-9.087370410106907
"big(b10,n=64)",p83(b21),0.925,-8.86526600993719
"big(b10,n=64)",p83(b21),0.9500000000000001,-8.707931961292767
"big(b10,n=64)",p83(b21),0.9750000000000001,-8.580342755471996
"big(b10,n=64)",p83(b21),1.0,-8.432798857736428
