,Topt_C,rmax,CTmin_C,CTmax_C,niche_width_C,B80_C,Ea_eV,Ea_kJmol,skewness
dTopt,0.827579907474415,-0.5286894923258558,0.6987423638352055,0.8429002758889638,-0.6343287728314466,-0.7685672616153899,0.3156091527520099,0.3156091527520099,-0.531766094867699
topt_scale,0.5367679204589206,-0.33833599555524685,0.4192210700593589,0.48992376193518167,-0.3678797138690187,-0.41848739495798315,0.18136054421768708,0.18136054421768708,-0.27182443225223973
dCp_scale,0.12151678373728367,-0.17463018265157298,0.46408096635018514,-0.06126477752765941,-0.4676922008472809,-0.318438780470866,0.7200371057513915,0.7200371057513915,0.0029307590804917003
budget_scale,-0.07712398960962351,0.5795402458504062,-0.02707524484204017,0.045506711415290856,0.04628099173553718,0.05283700256962289,0.06481137909709338,0.06481137909709338,-0.11848045003125214
