{
  "model": "gecko:M_eciML1515_batch_v2021__45__02__45__28__45__17__45__52",
  "n_enzymes": 2560,
  "default_budget": 0.08182031716915461,
  "nominal": {
    "Topt_C": 37.0,
    "rmax": 0.5710429624384838,
    "CTmin_C": 8.0,
    "CTmax_C": 75.59383813386191,
    "niche_width_C": 67.59383813386191,
    "B80_C": 21.149242690425805,
    "Ea_eV": 0.6578531772383431,
    "Ea_kJmol": 63.47296380584154,
    "skewness": 0.20711244104248083
  },
  "descriptor_medians": {
    "Topt_C": 37.0,
    "rmax": 0.5211806774086345,
    "CTmin_C": 8.0,
    "CTmax_C": 72.20614849418743,
    "niche_width_C": 61.57629798013866,
    "B80_C": 18.748713538055096,
    "Ea_eV": 0.7435999256679984,
    "Ea_kJmol": 71.74623882807683,
    "skewness": 0.1325548973467912
  },
  "descriptor_iqr": {
    "Topt_C": 6.25,
    "rmax": 0.10725302079215016,
    "CTmin_C": 3.09206856121053,
    "CTmax_C": 11.255871586726911,
    "niche_width_C": 14.871228413707598,
    "B80_C": 6.392681231937964,
    "Ea_eV": 0.29497621201602287,
    "Ea_kJmol": 28.46077981636597,
    "skewness": 0.10133283757654868
  }
}