{
  "model": "gecko:M_eciML1515_batch_v2021__45__02__45__28__45__17__45__52",
  "n_enzymes": 2560,
  "default_budget": 0.08182031716915461,
  "nominal": {
    "Topt_C": 40.0,
    "rmax": 0.5607965898415206,
    "CTmin_C": 8.974071353327986,
    "CTmax_C": 46.79602644902052,
    "niche_width_C": 37.82195509569254,
    "B80_C": 13.523161803901676,
    "Ea_eV": 0.7148623209836291,
    "Ea_kJmol": 68.97349104010546,
    "skewness": -0.6425123913413934
  },
  "descriptor_medians": {
    "Topt_C": 41.0,
    "rmax": 0.4653844782582216,
    "CTmin_C": 14.036932156817262,
    "CTmax_C": 46.80170632491055,
    "niche_width_C": 32.76767009693206,
    "B80_C": 11.949476661859734,
    "Ea_eV": 0.8232403239219126,
    "Ea_kJmol": 79.43034265360573,
    "skewness": -0.5940594713013994
  },
  "descriptor_iqr": {
    "Topt_C": 5.25,
    "rmax": 0.14780537025993623,
    "CTmin_C": 21.715595694763074,
    "CTmax_C": 1.159615847600321,
    "niche_width_C": 20.949285275061673,
    "B80_C": 9.417521234415236,
    "Ea_eV": 0.3120272540588105,
    "Ea_kJmol": 30.105949607864332,
    "skewness": 0.17679804669092225
  }
}