{
  "Topt_C": {
    "dominant_axis": "envelope",
    "S_allocation": 0.13312012777064802,
    "S_envelope": 0.6709111827564593,
    "S_interaction": 0.19596868947289264,
    "phi_allocation": 0.23110447250709434,
    "phi_envelope": 0.7688955274929057,
    "n_valid": 256
  },
  "rmax": {
    "dominant_axis": "envelope",
    "S_allocation": 0.238223761501137,
    "S_envelope": 0.6710263933989322,
    "S_interaction": 0.09074984509993085,
    "phi_allocation": 0.28359868405110245,
    "phi_envelope": 0.7164013159488977,
    "n_valid": 256
  },
  "CTmin_C": {
    "dominant_axis": "envelope",
    "S_allocation": 0.0027689292029029816,
    "S_envelope": 0.9941993696348692,
    "S_interaction": 0.0030317011622279146,
    "phi_allocation": 0.004284779784016939,
    "phi_envelope": 0.9957152202159831,
    "n_valid": 256
  },
  "CTmax_C": {
    "dominant_axis": "envelope",
    "S_allocation": 0.005303261104175453,
    "S_envelope": 0.9926308519221447,
    "S_interaction": 0.0020658869736798163,
    "phi_allocation": 0.0063362045910153614,
    "phi_envelope": 0.9936637954089846,
    "n_valid": 256
  },
  "niche_width_C": {
    "dominant_axis": "envelope",
    "S_allocation": 0.004356847638790901,
    "S_envelope": 0.991609157315167,
    "S_interaction": 0.004033995046042118,
    "phi_allocation": 0.00637384516181196,
    "phi_envelope": 0.9936261548381881,
    "n_valid": 256
  },
  "B80_C": {
    "dominant_axis": "envelope",
    "S_allocation": 0.1038854002861526,
    "S_envelope": 0.8494764052613979,
    "S_interaction": 0.04663819445244943,
    "phi_allocation": 0.12720449751237733,
    "phi_envelope": 0.8727955024876226,
    "n_valid": 256
  },
  "Ea_eV": {
    "dominant_axis": "envelope",
    "S_allocation": 0.02730461563402352,
    "S_envelope": 0.9631058388649537,
    "S_interaction": 0.009589545501022761,
    "phi_allocation": 0.032099388384534897,
    "phi_envelope": 0.9679006116154651,
    "n_valid": 190
  },
  "skewness": {
    "dominant_axis": "envelope",
    "S_allocation": 0.02218516505495925,
    "S_envelope": 0.9112378150286975,
    "S_interaction": 0.06657701991634327,
    "phi_allocation": 0.055473675013130885,
    "phi_envelope": 0.9445263249868692,
    "n_valid": 256
  }
}