{
  "Topt_C": {
    "dominant_axis": "envelope",
    "S_allocation": 0.133378438051672,
    "S_envelope": 0.7089511978044251,
    "S_interaction": 0.15767036414390298,
    "phi_allocation": 0.2122136201236235,
    "phi_envelope": 0.7877863798763766,
    "n_valid": 256
  },
  "rmax": {
    "dominant_axis": "envelope",
    "S_allocation": 0.18778133572831318,
    "S_envelope": 0.7409246562921455,
    "S_interaction": 0.07129400797954123,
    "phi_allocation": 0.2234283397180838,
    "phi_envelope": 0.7765716602819162,
    "n_valid": 256
  },
  "CTmin_C": {
    "dominant_axis": "envelope",
    "S_allocation": 0.001557819395069671,
    "S_envelope": 0.9965568882309429,
    "S_interaction": 0.0018852923739872643,
    "phi_allocation": 0.0025004655820633033,
    "phi_envelope": 0.9974995344179365,
    "n_valid": 256
  },
  "CTmax_C": {
    "dominant_axis": "envelope",
    "S_allocation": 0.0023749417514375704,
    "S_envelope": 0.9962593316110281,
    "S_interaction": 0.0013657266375341698,
    "phi_allocation": 0.0030578050702046553,
    "phi_envelope": 0.9969421949297952,
    "n_valid": 256
  },
  "niche_width_C": {
    "dominant_axis": "envelope",
    "S_allocation": 0.0023591606099022827,
    "S_envelope": 0.9950824899312948,
    "S_interaction": 0.0025583494588029623,
    "phi_allocation": 0.003638335339303764,
    "phi_envelope": 0.9963616646606963,
    "n_valid": 256
  },
  "B80_C": {
    "dominant_axis": "envelope",
    "S_allocation": 0.08286898937550141,
    "S_envelope": 0.8787801222410166,
    "S_interaction": 0.03835088838348192,
    "phi_allocation": 0.10204443356724237,
    "phi_envelope": 0.8979555664327576,
    "n_valid": 256
  },
  "Ea_eV": {
    "dominant_axis": "envelope",
    "S_allocation": 0.021615632223896376,
    "S_envelope": 0.9697044670809529,
    "S_interaction": 0.008679900695150585,
    "phi_allocation": 0.02595558257147167,
    "phi_envelope": 0.9740444174285282,
    "n_valid": 191
  },
  "skewness": {
    "dominant_axis": "envelope",
    "S_allocation": 0.06254760182557124,
    "S_envelope": 0.8652742548060097,
    "S_interaction": 0.07217814336841892,
    "phi_allocation": 0.0986366735097807,
    "phi_envelope": 0.9013633264902192,
    "n_valid": 256
  }
}