temp_C,growth,status,o2_uptake,o2_release,co2_uptake,co2_release,glc__D_uptake,glc__D_release,pyr_uptake,pyr_release,lac__D_uptake,lac__D_release,ac_uptake,ac_release,RQ,medium
5.0,0.0,infeasible,,,,,,,,,,,,,,glucose_minimal
5.5,0.0,infeasible,,,,,,,,,,,,,,glucose_minimal
6.0,0.0,infeasible,,,,,,,,,,,,,,glucose_minimal
6.5,0.0,infeasible,,,,,,,,,,,,,,glucose_minimal
7.0,0.0,infeasible,,,,,,,,,,,,,,glucose_minimal
7.5,0.0,infeasible,,,,,,,,,,,,,,glucose_minimal
8.0,0.0,infeasible,,,,,,,,,,,,,,glucose_minimal
8.5,0.0004665614104887725,optimal,1.401763095169227,-1.401763095169227,0.0,-0.0,1.4060886423820393,-1.4060886423820393,-2.8055173552319803,2.8055173552319803,0.0,-0.0,-0.00041518889345354453,0.00041518889345354453,-0.0,glucose_minimal
9.0,0.0016721631751803704,optimal,1.4337034306362708,-1.4337034306362708,0.0,-0.0,1.4492062574864184,-1.4492062574864184,-2.874543226466521,2.874543226466521,0.0,-0.0,-0.0014880432945569284,0.0014880432945569284,-0.0,glucose_minimal
9.5,0.003125550461042169,optimal,1.4722084153115678,-1.4722084153115678,0.0,-0.0,1.5011857713065704,-1.5011857713065704,-2.95775588141272,2.95775588141272,0.0,-0.0,-0.0027813998504376803,0.0027813998504376803,-0.0,glucose_minimal
10.0,0.004857892387536372,optimal,1.5181038211548092,-1.5181038211548092,0.0,-0.0,1.5631419284749892,-1.5631419284749892,-3.056939885828119,3.056939885828119,0.0,-0.0,-0.004322995686216297,0.004322995686216297,-0.0,glucose_minimal
10.5,0.006902562847440593,optimal,1.5722738317848113,-1.5722738317848113,0.0,-0.0,1.6362683260031106,-1.6362683260031106,-3.174006038197692,3.174006038197692,0.0,-0.0,-0.006142529935384368,0.006142529935384368,-0.0,glucose_minimal
11.0,0.00929509685628929,optimal,1.6356598860334008,-1.6356598860334008,0.0,-0.0,1.7218358521455956,-1.7218358521455956,-3.3109888705521975,3.3109888705521975,0.0,-0.0,-0.008271624895559536,0.008271624895559536,-0.0,glucose_minimal
11.5,0.012073117249610892,optimal,1.709258735915374,-1.709258735915374,0.0,-0.0,1.8211900647715176,-1.8211900647715176,-3.47004245157063,3.47004245157063,0.0,-0.0,-0.01074376079699688,0.01074376079699688,-0.0,glucose_minimal
12.0,0.015276229643779596,optimal,1.7941196943502362,-1.7941196943502362,0.0,-0.0,1.9357474652554656,-1.9357474652554656,-3.6534344337434494,3.6534344337434494,0.0,-0.0,-0.013594182329178455,0.013594182329178455,-0.0,glucose_minimal
12.5,0.018945885237365987,optimal,1.8913408854505438,-1.8913408854505438,0.0,-0.0,2.06699047678063,-2.06699047678063,-3.8635379684204865,3.8635379684204865,0.0,-0.0,-0.016859776548943252,0.016859776548943252,-0.0,glucose_minimal
13.0,0.02312520746151937,optimal,2.002064814239474,-2.002064814239474,0.0,-0.0,2.216461406911122,-2.216461406911122,-4.102822105434207,4.102822105434207,0.0,-0.0,-0.020578918618180498,0.020578918618180498,-0.0,glucose_minimal
13.5,0.02785878515376693,optimal,2.12747278500667,-2.12747278500667,0.0,-0.0,2.3857549484371168,-2.3857549484371168,-4.373839747130007,4.373839747130007,0.0,-0.0,-0.024791287751032388,0.024791287751032388,-0.0,glucose_minimal
14.0,0.033192429300661734,optimal,2.268778480770752,-2.268778480770752,0.0,-0.0,2.576509503569061,-2.576509503569061,-4.6792137691310405,4.6792137691310405,0.0,-0.0,-0.029537650741283207,0.029537650741283207,-0.0,glucose_minimal
14.5,0.039172894346468416,optimal,2.4272205798340143,-2.4272205798340143,0.0,-0.0,2.790397216711523,-2.790397216711523,-5.021621064064245,5.021621064064245,0.0,-0.0,-0.034859613957455404,0.034859613957455404,-0.0,glucose_minimal
15.0,0.045847564420006454,optimal,2.604054442904184,-2.604054442904184,0.0,-0.0,3.0291127525560997,-3.0291127525560997,-5.403774576700239,5.403774576700239,0.0,-0.0,-0.040799344118804266,0.040799344118804266,-0.0,glucose_minimal
15.5,0.05326410548958706,optimal,2.800542897539862,-2.800542897539862,0.0,-0.0,3.294360855613239,-3.294360855613239,-5.828403388330322,5.828403388330322,0.0,-0.0,-0.047399258751063274,0.047399258751063274,-0.0,glucose_minimal
16.0,0.061470775902918086,optimal,3.013907838066543,-3.013907838066543,0.0,-0.0,3.5932762928877353,-3.5932762928877353,-6.30908816931645,6.30908816931645,0.0,-0.0,-0.03577137512022799,0.03577137512022799,-0.0,glucose_minimal
16.5,0.07051732047012664,optimal,3.264707925265402,-3.264707925265402,0.0,-0.0,3.949858895653817,-3.949858895653817,-6.893118500055872,6.893118500055872,0.0,-0.0,0.0,-0.0,-0.0,glucose_minimal
17.0,0.08044799630868636,optimal,3.528799804740143,-3.528799804740143,0.0,-0.0,4.3104378813038915,-4.3104378813038915,-7.4725210672354345,7.4725210672354345,0.0,-0.0,0.0,-0.0,-0.0,glucose_minimal
17.5,0.09130764595137085,optimal,3.8175963913166546,-3.8175963913166546,0.0,-0.0,4.704747545251449,-4.704747545251449,-8.10612435707506,8.10612435707506,0.0,-0.0,0.0,-0.0,-0.0,glucose_minimal
18.0,0.10313935220537963,optimal,4.132243409587241,-4.132243409587241,0.0,-0.0,5.134352207505683,-5.134352207505683,-8.796442024183825,8.796442024183825,0.0,-0.0,0.0,-0.0,-0.0,glucose_minimal
18.5,0.11598382379046472,optimal,4.473823448741652,-4.473823448741652,0.0,-0.0,5.600729985881831,-5.600729985881831,-9.545849207687517,9.545849207687517,0.0,-0.0,0.0,-0.0,-0.0,glucose_minimal
19.0,0.12987888065569073,optimal,4.84334227531515,-4.84334227531515,0.0,-0.0,6.105254108052824,-6.105254108052824,-10.356552502176129,10.356552502176129,0.0,-0.0,0.0,-0.0,-0.0,glucose_minimal
19.5,0.1448590236976246,optimal,5.241717390469336,-5.241717390469336,0.0,-0.0,6.649177288183286,-6.649177288183286,-11.230564853028685,11.230564853028685,0.0,-0.0,0.0,-0.0,-0.0,glucose_minimal
20.0,0.16095466095985597,optimal,5.669757451894122,-5.669757451894122,0.0,-0.0,7.233603630534755,-7.233603630534755,-12.169660409236194,12.169660409236194,0.0,-0.0,0.0,-0.0,-0.0,glucose_minimal
20.5,0.17819180745680485,optimal,6.128154291058398,-6.128154291058398,0.0,-0.0,7.859477730184478,-7.859477730184478,-13.175357009703538,13.175357009703538,0.0,-0.0,0.0,-0.0,-0.0,glucose_minimal
21.0,0.19659151247871218,optimal,6.617467683219378,-6.617467683219378,0.0,-0.0,8.527563878692062,-8.527563878692062,-14.248882769515959,14.248882769515959,0.0,-0.0,0.0,-0.0,-0.0,glucose_minimal
21.5,0.2161693597666874,optimal,7.138112055304822,-7.138112055304822,0.0,-0.0,9.238427915649119,-9.238427915649119,-15.391146917788456,15.391146917788456,0.0,-0.0,0.0,-0.0,-0.0,glucose_minimal
22.0,0.2369349929589032,optimal,7.6903438658450405,-7.6903438658450405,0.0,-0.0,9.992419997815155,-9.992419997815155,-16.60271210995417,16.60271210995417,0.0,-0.0,0.0,-0.0,-0.0,glucose_minimal
22.5,0.25889639240136936,optimal,8.274375340534474,-8.274375340534474,-0.20006728748702907,0.20006728748702907,10.789829888456564,-10.789829888456564,-17.683976669632436,17.683976669632436,0.0,-0.0,0.0,-0.0,0.024179140932481066,glucose_minimal
23.0,0.2820482483360017,optimal,8.890065274080037,-8.890065274080037,-0.21795834025211963,0.21795834025211963,11.630464792317941,-11.630464792317941,-19.016874322648178,19.016874322648178,0.0,-0.0,0.0,-0.0,0.024517068607763898,glucose_minimal
23.5,0.30637828429765757,optimal,9.53708719174783,-9.53708719174783,-0.2367598548431955,0.2367598548431955,12.513878955714574,-12.513878955714574,-20.41760210545082,20.41760210545082,0.0,-0.0,0.0,-0.0,0.024825174613906965,glucose_minimal
24.0,0.33186839718755795,optimal,10.21495966795727,-10.21495966795727,-0.2564578417340677,0.2564578417340677,13.43941506215547,-13.43941506215547,-21.885117787216792,21.885117787216792,0.0,-0.0,0.0,-0.0,0.02510610419133967,glucose_minimal
24.5,0.3584927108951398,optimal,10.922994565185402,-10.922994565185402,-0.27703230465060147,0.27703230465060147,14.406133560108358,-14.406133560108358,-23.41793162962275,23.41793162962275,0.0,-0.0,0.0,-0.0,0.025362303624463924,glucose_minimal
25.0,0.38621735813549657,optimal,11.66029123225118,-11.66029123225118,-0.29845707198111093,0.29845707198111093,15.412804741602196,-15.412804741602196,-25.01409382680057,25.01409382680057,0.0,-0.0,0.0,-0.0,0.025596022092107703,glucose_minimal
25.5,0.4144303931816434,optimal,12.481831744108787,-12.481831744108787,-0.32025925060980776,0.32025925060980776,16.50846497625413,-16.50846497625413,-26.78088522864644,26.78088522864644,0.0,-0.0,0.0,-0.0,0.025658032985500283,glucose_minimal
26.0,0.44367374847823704,optimal,13.328305289705995,-13.328305289705995,-0.34285762950934473,0.34285762950934473,17.639068904646617,-17.639068904646617,-28.602060514206816,28.602060514206816,0.0,-0.0,0.0,-0.0,0.025724022826378982,glucose_minimal
26.5,0.4738887518272001,optimal,14.198244411790869,-14.198244411790869,-0.36620686858281914,0.36620686858281914,18.802579006553408,-18.802579006553408,-30.47442749925133,30.47442749925133,0.0,-0.0,0.0,-0.0,0.02579240488906532,glucose_minimal
27.0,0.5050085630557315,optimal,15.093076334767275,-15.093076334767275,-0.39025531576996536,0.39025531576996536,19.999773082819,-19.999773082819,-32.40054754738653,32.40054754738653,0.0,-0.0,0.0,-0.0,0.0258565786797886,glucose_minimal
27.5,0.5367267897150095,optimal,14.784885685341713,-14.784885685341713,-0.4147662002700159,0.4147662002700159,19.999758830762488,-19.999758830762488,-31.923246422193923,31.923246422193923,0.0,-0.0,0.0,-0.0,0.028053392437198926,glucose_minimal
28.0,0.5686103014662532,optimal,14.864981636430494,-14.864981636430494,-1.2191900035138732,1.2191900035138732,19.999744504437874,-19.999744504437874,-30.66367286814431,30.66367286814431,0.0,-0.0,-0.779785191432923,0.779785191432923,0.0820175923074087,glucose_minimal
28.5,0.599998000863995,optimal,15.408804333073045,-15.408804333073045,-2.941049012001199,2.941049012001199,19.99973040089828,-19.99973040089828,-28.493742026456932,28.493742026456932,0.0,-0.0,-2.4773887368727285,2.4773887368727285,0.19086808738875413,glucose_minimal
29.0,0.6319982302227339,optimal,15.961273012311661,-15.961273012311661,-4.692576644322201,4.692576644322201,19.999716022128553,-19.999716022128553,-26.28539845328246,26.28539845328246,0.0,-0.0,-4.204187561552264,4.204187561552264,0.2939976429638539,glucose_minimal
29.5,0.6644171980802468,optimal,16.519303222963153,-16.519303222963153,-6.463688286343903,6.463688286343903,19.999701455205663,-19.999701455205663,-24.051493212586667,24.051493212586667,0.0,-0.0,-5.9502468075083925,5.9502468075083925,0.39128092747633925,glucose_minimal
30.0,0.697152252870364,optimal,17.081281006791148,-17.081281006791148,-8.249081864451355,8.249081864451355,19.999686746254376,-19.999686746254376,-21.798793769724224,21.798793769724224,0.0,-0.0,-7.710343727146325,7.710343727146325,0.4829311022499834,glucose_minimal
30.5,0.7301154346184511,optimal,17.645827981991257,-17.645827981991257,-10.044223313271587,10.044223313271587,19.999671934798045,-19.999671934798045,-19.533089853524164,19.533089853524164,0.0,-0.0,-9.480012227895916,9.480012227895916,0.5692123556640349,glucose_minimal
31.0,0.7631747894291738,optimal,18.210853374648153,-18.210853374648153,-11.842264850793175,11.842264850793175,19.99965708012795,-19.99965708012795,-17.26311294008466,17.26311294008466,0.0,-0.0,-11.25250649771837,11.25250649771837,0.6502861017638596,glucose_minimal
31.5,0.7962100884695316,optimal,18.77445421025529,-18.77445421025529,-13.636971208100649,13.636971208100649,19.999642236266915,-19.999642236266915,-14.996814612503531,14.996814612503531,0.0,-0.0,-13.02168417689702,13.02168417689702,0.7263577974294262,glucose_minimal
32.0,0.8290980044821741,optimal,19.33467591381674,-19.33467591381674,-15.421941309153569,15.421941309153569,19.999627458629984,-19.999627458629984,-12.742356492236706,12.742356492236706,0.0,-0.0,-14.781239492959244,14.781239492959244,0.7976312288810027,glucose_minimal
32.5,0.8654906831902203,optimal,19.950553835886176,-19.950553835886176,-17.38904038561585,17.38904038561585,19.999611106186354,-19.999611106186354,-10.255737521781555,10.255737521781555,0.0,-0.0,-16.720215410014212,16.720215410014212,0.8716069001722254,glucose_minimal
33.0,0.9010851044919551,optimal,20.552609067450323,-20.552609067450323,-19.31236465058252,19.31236465058252,19.99959511242638,-19.99959511242638,-7.824288803274212,7.824288803274212,0.0,-0.0,-18.61603338470985,18.61603338470985,0.9396551351316262,glucose_minimal
33.5,0.9355972071882446,optimal,21.136286174125267,-21.136286174125267,-21.177063551158028,21.177063551158028,19.999579604988238,-19.999579604988238,-5.4669159756684955,5.4669159756684955,0.0,-0.0,-20.4540623780384,20.4540623780384,1.0019292593172153,glucose_minimal
34.0,0.9689701298543543,optimal,21.70054159977801,-21.70054159977801,-22.97990104443032,22.97990104443032,19.99956460942165,-19.99956460942165,-3.1876668012222846,3.1876668012222846,0.0,-0.0,-22.231110287873864,22.231110287873864,1.0589551850017143,glucose_minimal
34.5,1.0010734355885809,optimal,22.297701561172172,-22.297701561172172,-24.52538047147016,24.52538047147016,19.999550184336275,-19.999550184336275,-1.183899977267657,1.183899977267657,0.0,-0.0,-24.04929476331984,24.04929476331984,1.0999062124939878,glucose_minimal
35.0,1.031611533177632,optimal,23.072009794229633,-23.072009794229633,-25.27333701765728,25.27333701765728,19.999536462551095,-19.999536462551095,0.0,-0.0,0.0,-0.0,-26.19135904285067,26.19135904285067,1.0954111602352996,glucose_minimal
35.5,1.057619538807426,optimal,23.042616623712973,-23.042616623712973,-25.29944160863194,25.29944160863194,19.99952477628723,-19.99952477628723,0.0,-0.0,0.0,-0.0,-25.644539179901646,25.644539179901646,1.097941350228276,glucose_minimal
36.0,1.078582931052308,optimal,23.337594856840777,-23.337594856840777,-25.63915304273697,25.63915304273697,19.999515356736314,-19.999515356736314,0.0,-0.0,0.0,-0.0,-25.04444751767231,25.04444751767231,1.0986201962976299,glucose_minimal
36.5,1.09700249808433,optimal,23.730323439825998,-23.730323439825998,-26.071186628668702,26.071186628668702,19.99950708021086,-19.99950708021086,0.0,-0.0,0.0,-0.0,-24.45040221962472,24.45040221962472,1.098644386149162,glucose_minimal
37.0,1.112773274688577,optimal,24.06896348427429,-24.06896348427429,-26.44347949567382,26.44347949567382,19.99949999387524,-19.99949999387524,0.0,-0.0,0.0,-0.0,-23.940588943502537,23.940588943502537,1.0986546850241785,glucose_minimal
37.5,1.124007529382319,optimal,24.315485640691232,-24.315485640691232,-26.71397411643129,26.71397411643129,19.99949494595013,-19.99949494595013,0.0,-0.0,0.0,-0.0,-23.574778748546088,23.574778748546088,1.098640368988817,glucose_minimal
38.0,1.1250725563640116,optimal,24.356366653678688,-24.356366653678688,-26.75712776094051,26.75712776094051,19.999494467398005,-19.999494467398005,0.0,-0.0,0.0,-0.0,-23.53134416182506,23.53134416182506,1.0985681132739566,glucose_minimal
38.5,1.1021088300561255,optimal,23.912242224815948,-23.912242224815948,-26.264001673752848,26.264001673752848,19.999504785765698,-19.999504785765698,0.0,-0.0,0.0,-0.0,-24.24919641173853,24.24919641173853,1.0983495996245916,glucose_minimal
39.0,1.000220159307238,optimal,22.128032712652313,-22.128032712652313,-22.80328820356781,22.80328820356781,19.999550567741753,-19.999550567741753,-2.9181731018414947,2.9181731018414947,0.0,-0.0,-23.693375321398026,23.693375321398026,1.0305158393285183,glucose_minimal
39.5,0.7398612198366809,optimal,22.755009004119238,-22.755009004119238,-19.229368434861218,19.229368434861218,19.999667555691886,-19.999667555691886,-10.208819790237394,10.208819790237394,0.0,-0.0,-19.887764423615078,19.887764423615078,0.845060902036128,glucose_minimal
40.0,0.4124686280922443,optimal,13.099376605274086,-13.099376605274086,-0.5587690231459463,0.5587690231459463,16.98693631490636,-16.98693631490636,-15.414781789992384,15.414781789992384,0.0,-0.0,-0.2400257651557165,0.2400257651557165,0.0426561537990269,glucose_minimal
40.5,0.16578451149508502,optimal,7.389231632250192,-7.389231632250192,-0.22458738248601895,0.22458738248601895,8.951767891917498,-8.951767891917498,-6.195700460122513,6.195700460122513,0.0,-0.0,-0.09647413527332621,0.09647413527332621,0.030393874987733587,glucose_minimal
41.0,0.05506083654721879,optimal,7.61695570408572,-7.61695570408572,-0.07459061794199928,0.07459061794199928,8.135909813952578,-8.135909813952578,-2.045757864341171,2.045757864341171,0.0,-0.0,-0.03204127180165665,0.03204127180165665,0.009792707328203185,glucose_minimal
41.5,0.016773545420074445,optimal,6.339522221105577,-6.339522221105577,-0.02272303140342787,0.02272303140342787,6.547727615099813,-6.547727615099813,-0.522986728742251,0.522986728742251,0.0,-0.0,-0.00976094374122228,0.00976094374122228,0.0035843444680701978,glucose_minimal
42.0,0.005782112051890924,optimal,5.932397708833815,-5.932397708833815,-0.007832995973291141,0.007832995973291141,6.004577994879341,-6.004577994879341,-0.17946492615480356,0.17946492615480356,0.0,-0.0,-0.0033647549775854208,0.0033647549775854208,0.0013203760701389227,glucose_minimal
42.5,0.0018690871867009951,optimal,5.815676878439182,-5.815676878439182,-0.0025324591251955327,0.0025324591251955327,5.839008565291026,-5.839008565291026,-0.05801097433631854,0.05801097433631854,0.0,-0.0,-0.001087668374212258,0.001087668374212258,0.0004354538909450549,glucose_minimal
43.0,0.0005599553131206351,optimal,5.816292882729364,-5.816292882729364,-0.0007586933089607239,0.0007586933089607239,5.822817320938701,-5.822817320938701,0.0,-0.0,0.0,-0.0,-0.001256742874430289,0.001256742874430289,0.00013044276212663799,glucose_minimal
43.5,0.00016224452111456776,optimal,5.835502543530023,-5.835502543530023,0.0,-0.0,5.837006701939382,-5.837006701939382,0.0,-0.0,0.0,-0.0,-0.00014430761053165362,0.00014430761053165362,-0.0,glucose_minimal
44.0,4.611398251632141e-05,optimal,5.8696636186609314,-5.8696636186609314,0.0,-0.0,5.870091138395431,-5.870091138395431,0.0,-0.0,0.0,-0.0,-4.101586040202739e-05,4.101586040202739e-05,-0.0,glucose_minimal
44.5,3.2755771261694024e-05,optimal,5.909060844098994,-5.909060844098994,0.0,-0.0,5.909364520725236,-5.909364520725236,0.0,-0.0,0.0,-0.0,-2.9134463521009684e-05,2.9134463521009684e-05,-0.0,glucose_minimal
45.0,3.271572442709595e-05,optimal,5.948061703807566,-5.948061703807566,0.0,-0.0,5.948365009162206,-5.948365009162206,0.0,-0.0,0.0,-0.0,-2.9098844056227518e-05,2.9098844056227518e-05,-0.0,glucose_minimal
45.5,3.2596936842257014e-05,optimal,5.985859276332433,-5.985859276332433,0.0,-0.0,5.986161480415097,-5.986161480415097,0.0,-0.0,0.0,-0.0,-2.8993189009044295e-05,2.8993189009044295e-05,-0.0,glucose_minimal
46.0,3.223281534792241e-05,optimal,6.022480690550877,-6.022480690550877,0.0,-0.0,6.022779518886834,-6.022779518886834,0.0,-0.0,0.0,-0.0,-2.8669322893697006e-05,2.8669322893697006e-05,-0.0,glucose_minimal
46.5,3.121986156029015e-05,optimal,6.0579404675782085,-6.0579404675782085,0.0,-0.0,6.058229904885443,-6.058229904885443,0.0,-0.0,0.0,-0.0,-2.7768356009466067e-05,2.7768356009466067e-05,-0.0,glucose_minimal
47.0,2.965326741690747e-05,optimal,6.092283005834716,-6.092283005834716,0.0,-0.0,6.092557919349476,-6.092557919349476,0.0,-0.0,0.0,-0.0,-2.6374956368285657e-05,2.6374956368285657e-05,-0.0,glucose_minimal
47.5,2.8142464361161406e-05,optimal,6.125585423169519,-6.125585423169519,0.0,-0.0,6.1258420967957425,-6.1258420967957425,0.0,-0.0,0.0,-0.0,-1.233118501625348e-05,1.233118501625348e-05,-0.0,glucose_minimal
48.0,2.5359035573482506e-05,optimal,6.15779020912447,-6.15779020912447,0.0,-0.0,6.158021467361247,-6.158021467361247,0.0,-0.0,0.0,-0.0,-1.107763949558785e-05,1.107763949558785e-05,-0.0,glucose_minimal
48.5,2.0827510423472744e-05,optimal,6.188905954529696,-6.188905954529696,0.0,-0.0,6.189095905078946,-6.189095905078946,0.0,-0.0,0.0,-0.0,-6.132712512967067e-06,6.132712512967067e-06,-0.0,glucose_minimal
49.0,1.6028850202126444e-05,optimal,6.219055350258775,-6.219055350258775,-1.5301412893399051e-06,1.5301412893399051e-06,6.21920000604359,-6.21920000604359,0.0,-0.0,0.0,-0.0,-6.249876303482355e-06,6.249876303482355e-06,2.460407896636964e-07,glucose_minimal
49.5,1.3934630075374202e-05,optimal,6.24872536605492,-6.24872536605492,-0.00022038124684739055,0.00022038124684739055,6.248954087692752,-6.248954087692752,0.0,-0.0,0.0,-0.0,-3.127436537293095e-05,3.127436537293095e-05,3.5268192141164045e-05,glucose_minimal
50.0,1.0270290411982334e-05,optimal,6.277080616506992,-6.277080616506992,-0.00016242838125121042,0.00016242838125121042,6.277249192036542,-6.277249192036542,0.0,-0.0,0.0,-0.0,-2.3050257745849465e-05,2.3050257745849465e-05,2.5876421090413997e-05,glucose_minimal
5.0,0.00024228685623937083,optimal,0.1749711965751,-0.1749711965751,-4.5498522263389365,4.5498522263389365,0.0,-0.0,2.625,-2.625,-4.145242806041547,4.145242806041547,-3.232106662233207e-05,3.232106662233207e-05,26.00343551051889,NLDM
5.5,0.0008886505533974397,optimal,0.17489415772016292,-0.17489415772016292,-4.549456812349236,4.549456812349236,0.0,-0.0,2.625,-2.625,-4.177726493239156,4.177726493239156,-0.00011854598382321846,0.00011854598382321846,26.012628847377133,NLDM
6.0,0.0016970877892016302,optimal,0.17479786920741106,-0.17479786920741106,-4.54896265508885,4.54896265508885,0.0,-0.0,2.625,-2.625,-4.218354237365425,4.218354237365425,-0.00022639151107949748,0.00022639151107949748,26.024131047565334,NLDM
6.5,0.0026885944589086185,optimal,0.1746797763012689,-0.1746797763012689,-4.548356596636991,4.548356596636991,0.0,-0.0,2.625,-2.625,-4.223525513337271,4.223525513337271,-0.0003586585008184097,0.0003586585008184097,26.038255217321062,NLDM
7.0,0.003904302593073646,optimal,0.17453497999180326,-0.17453497999180326,-4.547613495039983,4.547613495039983,0.0,-0.0,2.625,-2.625,-4.2209747396548,4.2209747396548,-0.0005208339659160244,0.0005208339659160244,26.055599257258084,NLDM
7.5,0.005445972240762159,optimal,0.17435136019925013,-0.17435136019925013,-4.5466711494678345,4.5466711494678345,0.0,-0.0,2.625,-2.625,-4.217740040261193,4.217740040261193,-0.000726492696917672,0.000726492696917672,26.077635094282385,NLDM
8.0,0.007333086640656405,optimal,0.9532062109860819,-0.9532062109860819,-4.545517650790899,4.545517650790899,0.0,-0.0,2.625,-2.625,-4.213780535827698,4.213780535827698,-0.0009782337578635644,0.0009782337578635644,4.768661385544905,NLDM
8.5,0.009628092591407842,optimal,0.9502975720817338,-0.9502975720817338,-4.544114828403502,4.544114828403502,0.0,-0.0,2.625,-2.625,-4.063131868438621,4.063131868438621,-0.0012843875516938062,0.0012843875516938062,4.78178095146461,NLDM
9.0,0.012390579012134749,optimal,0.9290784619572684,-0.9290784619572684,-4.506990264597273,4.506990264597273,0.0,-0.0,2.625,-2.625,-4.0573356765220385,4.0573356765220385,-0.0016529032402187755,0.0016529032402187755,4.851032984988694,NLDM
9.5,0.01568345187294728,optimal,1.0732048439158384,-1.0732048439158384,-4.0268574539391215,4.0268574539391215,0.0,-0.0,2.625,-2.625,-3.275707206750757,3.275707206750757,-0.0020921724798511677,0.0020921724798511677,3.752179722974593,NLDM
10.0,0.019594729259525327,optimal,1.1956644829658345,-1.1956644829658345,-4.186502008140513,4.186502008140513,0.0,-0.0,2.625,-2.625,-3.1747025598632344,3.1747025598632344,-0.0026139368832206787,0.0026139368832206787,3.5014019967841934,NLDM
10.5,0.02418506757217976,optimal,1.3168054813702252,-1.3168054813702252,-4.439366419414124,4.439366419414124,0.06093050487756563,-0.06093050487756563,2.625,-2.625,-3.2886850924064954,3.2886850924064954,-0.00322628801412878,0.00322628801412878,3.3713152642671735,NLDM
11.0,0.029536617646952125,optimal,1.4887287112512941,-1.4887287112512941,-4.532744944263592,4.532744944263592,0.07441290044914294,-0.07441290044914294,2.3621947781461015,-2.3621947781461015,-3.043659703542218,3.043659703542218,-0.0039401847941034135,0.0039401847941034135,3.0447084885289586,NLDM
11.5,0.03577373438330067,optimal,1.804435284549606,-1.804435284549606,-4.0302047921628965,4.0302047921628965,0.09012634307616224,-0.09012634307616224,1.2090904201829245,-1.2090904201829245,-1.785166980044,1.785166980044,0.0,-0.0,2.2334992153342044,NLDM
12.0,0.043013754426358373,optimal,2.2198901321762503,-2.2198901321762503,-3.506761934250841,3.506761934250841,0.1083664441315194,-0.1083664441315194,-0.16291885494276714,0.16291885494276714,-0.16697358828837228,0.16697358828837228,0.0,-0.0,1.5797006723089566,NLDM
12.5,0.05133324561735013,optimal,2.442635463351216,-2.442635463351216,-3.7699685765713595,3.7699685765713595,0.12932610434659733,-0.12932610434659733,-0.3654921755455609,0.3654921755455609,0.0,-0.0,0.0,-0.0,1.543402047966292,NLDM
13.0,0.06082338991733602,optimal,2.3211644125614077,-2.3211644125614077,-3.5095616801885647,3.5095616801885647,0.15323504244790098,-0.15323504244790098,-0.4061012210927828,0.4061012210927828,0.0,-0.0,0.0,-0.0,1.5119832361705732,NLDM
13.5,0.0716136871955517,optimal,2.331941290306576,-2.331941290306576,-3.5112579580818895,3.5112579580818895,0.18041951315398996,-0.18041951315398996,-0.45227371961209606,0.45227371961209606,0.0,-0.0,0.0,-0.0,1.5057231383472225,NLDM
14.0,0.08378763166574381,optimal,2.539972927150307,-2.539972927150307,-3.5131717508483815,3.5131717508483815,0.4069626998137796,-0.4069626998137796,-0.8961126145668028,0.8961126145668028,0.0,-0.0,0.0,-0.0,1.3831532270660631,NLDM
14.5,0.09747733100464304,optimal,2.860451710917456,-2.860451710917456,-3.5145627233427694,3.5145627233427694,0.7484481473061558,-0.7484481473061558,-1.5686846450941,1.5686846450941,0.0,-0.0,0.0,-0.0,1.2286740272275092,NLDM
15.0,0.11281816817312375,optimal,3.2195054351961767,-3.2195054351961767,-3.5168545830523916,3.5168545830523916,1.1308589046937598,-1.1308589046937598,-2.3218530707524785,2.3218530707524785,0.0,-0.0,0.0,-0.0,1.092358641363218,NLDM
15.5,0.1299211722285369,optimal,3.6106437336093316,-3.6106437336093316,-3.519409703446255,3.519409703446255,1.5369831115647195,-1.5369831115647195,-3.1432180189483,3.1432180189483,0.0,-0.0,0.0,-0.0,0.9747319212599589,NLDM
16.0,0.1489087441928514,optimal,4.044881344750194,-4.044881344750194,-3.522246370747435,3.522246370747435,1.9878579908599892,-1.9878579908599892,-4.055088710364591,4.055088710364591,0.0,-0.0,0.0,-0.0,0.8707910246412838,NLDM
16.5,0.16989824276049892,optimal,4.524902157005163,-4.524902157005163,-3.5253821178754476,3.5253821178754476,2.486270197062146,-2.486270197062146,-5.063101141197434,5.063101141197434,0.0,-0.0,0.0,-0.0,0.7791068172419325,NLDM
17.0,0.19300377565046642,optimal,5.053315764871023,-5.053315764871023,-3.528833992067077,3.528833992067077,3.0349293080004034,-3.0349293080004034,-6.172735289866591,6.172735289866591,0.0,-0.0,0.0,-0.0,0.6983205000958701,NLDM
17.5,0.21833521348108384,optimal,5.632634862173399,-5.632634862173399,-3.5326184075532203,3.5326184075532203,3.636444288205378,-3.636444288205378,-7.389267649695769,7.389267649695769,0.0,-0.0,0.0,-0.0,0.6271697871411693,NLDM
18.0,0.24599689911241326,optimal,6.26524572528181,-6.26524572528181,-3.536750952739798,3.536750952739798,4.293292841225705,-4.293292841225705,-8.717709245587368,8.717709245587368,0.0,-0.0,0.0,-0.0,0.5645031508450078,NLDM
18.5,0.2759691709402684,optimal,7.124607303859465,-7.124607303859465,-5.0686120832278005,5.0686120832278005,4.375,-4.375,-8.173632959097544,8.173632959097544,0.0,-0.0,0.0,-0.0,0.7114233623068723,NLDM
19.0,0.30819725197401104,optimal,7.243420513183991,-7.243420513183991,-5.424395452170122,5.424395452170122,4.375,-4.375,-8.142248183302765,8.142248183302765,0.0,-0.0,0.0,-0.0,0.7488720891320613,NLDM
19.5,0.3424224714436972,optimal,7.877999456366367,-7.877999456366367,-5.235633682207504,5.235633682207504,4.375,-4.375,-9.692317189539098,9.692317189539098,0.0,-0.0,0.0,-0.0,0.6645892413684397,NLDM
20.0,0.379194931828159,optimal,8.591646354130415,-8.591646354130415,-5.328056407419076,5.328056407419076,4.375,-4.375,-11.12619590309316,11.12619590309316,0.0,-0.0,0.0,-0.0,0.6201438220112058,NLDM
20.5,0.4186223976622588,optimal,9.35681921406481,-9.35681921406481,-5.427152138367594,5.427152138367594,4.375,-4.375,-12.663601978123795,12.663601978123795,0.0,-0.0,0.0,-0.0,0.5800210535445324,NLDM
21.0,0.4607585523263672,optimal,10.174559875020226,-10.174559875020226,-5.533055801143416,5.533055801143416,4.375,-4.375,-14.306628705522641,14.306628705522641,0.0,-0.0,0.0,-0.0,0.5438127908341015,NLDM
21.5,0.5056432191667005,optimal,11.045641192747649,-11.045641192747649,-5.645867486470572,5.645867486470572,4.375,-4.375,-16.056828928037916,16.056828928037916,0.0,-0.0,0.0,-0.0,0.5111398594205231,NLDM
22.0,0.5532264992973682,optimal,11.976528498354899,-11.976528498354899,-5.765461780086027,5.765461780086027,4.375,-4.375,-17.92712437239198,17.92712437239198,0.0,-0.0,0.0,-0.0,0.4813967403724688,NLDM
22.5,0.6034840153203139,optimal,12.946088352795654,-12.946088352795654,-5.891777412617587,5.891777412617587,4.375,-4.375,-19.875243795182747,19.875243795182747,0.0,-0.0,0.0,-0.0,0.45510097351879125,NLDM
23.0,0.6565032769538398,optimal,13.968927355990454,-13.968927355990454,-6.025034328190918,6.025034328190918,4.375,-4.375,-21.930416066791583,21.930416066791583,0.0,-0.0,0.0,-0.0,0.43131689174452853,NLDM
23.5,0.7115683291586374,optimal,15.317786471426063,-15.317786471426063,-6.680650769261268,6.680650769261268,4.375,-4.375,-23.26595799513401,23.26595799513401,0.0,-0.0,-0.09492321510976223,0.09492321510976223,0.4361368257563463,NLDM
24.0,0.7676039240508944,optimal,16.85646924336139,-16.85646924336139,-8.752288143813754,8.752288143813754,4.375,-4.375,-24.400742332592515,24.400742332592515,0.0,-0.0,-0.10239836346838932,0.10239836346838932,0.5192242822298437,NLDM
24.5,0.8241391301516059,optimal,17.483337159969185,-17.483337159969185,-10.380222508191592,10.380222508191592,4.375,-4.375,-24.281199387138862,24.281199387138862,0.0,-0.0,-1.193135297036233,1.193135297036233,0.5937208905379188,NLDM
25.0,0.8818284789594403,optimal,18.263800511760927,-18.263800511760927,-12.864107344860342,12.864107344860342,4.375,-4.375,-21.1079777426484,21.1079777426484,0.0,-0.0,-3.5545498575084116,3.5545498575084116,0.7043499701267835,NLDM
25.5,0.9399029863264059,optimal,19.099181550442076,-19.099181550442076,-15.4532336082059,15.4532336082059,4.375,-4.375,-17.835668373631147,17.835668373631147,0.0,-0.0,-6.020388181152941,6.020388181152941,0.8091044931633845,NLDM
26.0,0.9999595226309097,optimal,19.95894247815967,-19.95894247815967,-18.12246256537749,18.12246256537749,4.375,-4.375,-14.459939906629485,14.459939906629485,0.0,-0.0,-8.562121495877221,8.562121495877221,0.9079871133056386,NLDM
26.5,1.061753124290371,optimal,20.841895106641026,-20.841895106641026,-20.859662018297637,20.859662018297637,4.375,-4.375,-10.98893261269524,10.98893261269524,0.0,-0.0,-11.17541884082782,11.17541884082782,1.0008524614276055,NLDM
27.0,1.1232130532278684,optimal,21.74025985545579,-21.74025985545579,-23.603172153674837,23.603172153674837,4.375,-4.375,-7.527719212991805,7.527719212991805,0.0,-0.0,-13.766250480876147,13.766250480876147,1.0856895138606883,NLDM
27.5,1.1861763453400473,optimal,22.657839610363574,-22.657839610363574,-26.41101236028706,26.41101236028706,4.375,-4.375,-3.9856367079040935,3.9856367079040935,0.0,-0.0,-16.4150630413348,16.4150630413348,1.1656456579473184,NLDM
28.0,1.2504954996788824,optimal,23.59298258341489,-23.59298258341489,-29.27492487452082,29.27492487452082,4.375,-4.375,-0.37167059682858244,0.37167059682858244,0.0,-0.0,-19.116523381071882,19.116523381071882,1.2408318774880185,NLDM
28.5,1.3027059472749778,optimal,23.321935050272895,-23.321935050272895,-29.33500183782523,29.33500183782523,4.375,-4.375,0.0,-0.0,0.0,-0.0,-18.596510558647214,18.596510558647214,1.257828811142409,NLDM
29.0,1.347207079075794,optimal,23.555337102222282,-23.555337102222282,-29.637811837782465,29.637811837782465,4.375,-4.375,0.0,-0.0,0.0,-0.0,-17.531789893263788,17.531789893263788,1.2582206618043408,NLDM
29.5,1.3862952778840023,optimal,24.719151828916335,-24.719151828916335,-29.35642313294846,29.35642313294846,4.375,-4.375,0.0,-0.0,0.0,-0.0,-16.871806226791794,16.871806226791794,1.1875983179409688,NLDM
30.0,1.4144738759632152,optimal,25.9269432116582,-25.9269432116582,-29.919388735003082,29.919388735003082,4.375,-4.375,0.0,-0.0,0.0,-0.0,-16.012033485119378,16.012033485119378,1.1539882851114378,NLDM
30.5,1.439909559934247,optimal,27.19663194416216,-27.19663194416216,-31.284659896168403,31.284659896168403,4.375,-4.375,0.0,-0.0,0.0,-0.0,-14.80739889903139,14.80739889903139,1.1503137579829532,NLDM
31.0,1.4625219909753147,optimal,27.32332667214032,-27.32332667214032,-29.863475656793668,29.863475656793668,4.375,-4.375,0.0,-0.0,0.0,-0.0,-15.053931686603732,15.053931686603732,1.092966314648771,NLDM
31.5,1.48390089091933,optimal,27.56880675007828,-27.56880675007828,-29.151528391803605,29.151528391803605,4.375,-4.375,0.0,-0.0,0.0,-0.0,-14.971160895230012,14.971160895230012,1.0574098710935622,NLDM
32.0,1.502484749240826,optimal,28.547449894338495,-28.547449894338495,-30.14880138543739,30.14880138543739,4.375,-4.375,0.0,-0.0,0.0,-0.0,-14.091140686722353,14.091140686722353,1.0560943796039897,NLDM
32.5,1.522003688229098,optimal,29.57194341869844,-29.57194341869844,-31.191256432643737,31.191256432643737,4.375,-4.375,0.0,-0.0,0.0,-0.0,-13.169339435595347,13.169339435595347,1.0547584239229066,NLDM
33.0,1.5407773852416526,optimal,30.522630798284258,-30.522630798284258,-32.15921955595747,32.15921955595747,4.375,-4.375,0.0,-0.0,0.0,-0.0,-12.300078233675235,12.300078233675235,1.0536188629508703,NLDM
33.5,1.5590061379836813,optimal,31.44391109126026,-31.44391109126026,-33.097274129494224,33.097274129494224,4.375,-4.375,0.0,-0.0,0.0,-0.0,-11.456954822195762,11.456954822195762,1.0525813418513803,NLDM
34.0,1.5757372964493213,optimal,32.33504728602011,-32.33504728602011,-33.99540267040828,33.99540267040828,4.375,-4.375,0.0,-0.0,0.0,-0.0,-10.664528521845408,10.664528521845408,1.0513484755318734,NLDM
34.5,1.5913299326360761,optimal,33.170671185648885,-33.170671185648885,-34.83490168316746,34.83490168316746,4.375,-4.375,0.0,-0.0,0.0,-0.0,-9.924782093348085,9.924782093348085,1.0501717462454783,NLDM
35.0,1.6059442248340459,optimal,33.9554784748222,-33.9554784748222,-35.62334094546635,35.62334094546635,4.375,-4.375,0.0,-0.0,0.0,-0.0,-9.23064341924332,9.23064341924332,1.0491190978763814,NLDM
35.5,1.6195275512692873,optimal,34.6978644413225,-34.6978644413225,-36.36910266741908,36.36910266741908,4.375,-4.375,0.0,-0.0,0.0,-0.0,-8.579001314861234,8.579001314861234,1.0481654491711674,NLDM
36.0,1.632105322841591,optimal,35.389674906672745,-35.389674906672745,-37.06403898571606,37.06403898571606,4.375,-4.375,0.0,-0.0,0.0,-0.0,-7.973408221479092,7.973408221479092,1.0473122198341418,NLDM
36.5,1.6436466029825678,optimal,36.02690844226803,-36.02690844226803,-37.70414078333448,37.70414078333448,4.375,-4.375,0.0,-0.0,0.0,-0.0,-7.416503587471943,7.416503587471943,1.0465549894117105,NLDM
37.0,1.6540792728719635,optimal,36.60593346665639,-36.60593346665639,-38.28575855570916,38.28575855570916,4.375,-4.375,0.0,-0.0,0.0,-0.0,-6.911592209949058,6.911592209949058,1.0458894209208704,NLDM
37.5,1.6632874769298813,optimal,37.12087997437492,-37.12087997437492,-38.80299350471657,38.80299350471657,4.375,-4.375,0.0,-0.0,0.0,-0.0,-6.464001112161,6.464001112161,1.0453144842337474,NLDM
38.0,1.6710843288236388,optimal,37.56224406259621,-37.56224406259621,-39.24629528216422,39.24629528216422,4.375,-4.375,0.0,-0.0,0.0,-0.0,-6.082340807561138,6.082340807561138,1.0448336158180964,NLDM
38.5,1.6771547903876283,optimal,37.91396737465053,-37.91396737465053,-39.59952723746733,39.59952723746733,4.375,-4.375,0.0,-0.0,0.0,-0.0,-5.781144932511541,5.781144932511541,1.0444574909863895,NLDM
39.0,1.680908487180006,optimal,38.69754470309807,-38.69754470309807,-41.76312035334663,41.76312035334663,4.375,-4.375,0.0,-0.0,0.0,-0.0,-4.62231384328784,4.62231384328784,1.079218867082364,NLDM
39.5,1.6814656377247545,optimal,38.9435431952417,-38.9435431952417,-43.17916340081231,43.17916340081231,4.375,-4.375,0.0,-0.0,0.0,-0.0,-3.9028583030528825,3.9028583030528825,1.1087630928787222,NLDM
40.0,1.6791011020980542,optimal,38.263621878452675,-38.263621878452675,-42.40093564592098,42.40093564592098,4.375,-4.375,0.0,-0.0,0.0,-0.0,-4.340497914936178,4.340497914936178,1.1081265589705753,NLDM
40.5,1.6728338279418908,optimal,37.96770876847637,-37.96770876847637,-42.05935611734063,42.05935611734063,4.375,-4.375,0.0,-0.0,0.0,-0.0,-4.639906625761113,4.639906625761113,1.107766506897078,NLDM
41.0,1.6602605064908476,optimal,37.64333683342453,-37.64333683342453,-42.17716863279016,42.17716863279016,4.375,-4.375,0.0,-0.0,0.0,-0.0,-4.839033975499272,4.839033975499272,1.1204418146942787,NLDM
41.5,1.63746792586485,optimal,36.88259751884679,-36.88259751884679,-40.882513266960764,40.882513266960764,4.375,-4.375,0.0,-0.0,0.0,-0.0,-5.954118076256251,5.954118076256251,1.1084499470534863,NLDM
42.0,1.6180066713910861,optimal,35.997606412575756,-35.997606412575756,-39.84185853526669,39.84185853526669,4.375,-4.375,0.0,-0.0,0.0,-0.0,-6.873835350106904,6.873835350106904,1.1067918816221054,NLDM
42.5,1.5917363209516704,optimal,34.70659334168653,-34.70659334168653,-38.55022845265669,38.55022845265669,4.375,-4.375,0.0,-0.0,0.0,-0.0,-8.05877868138693,8.05877868138693,1.1107465395156926,NLDM
43.0,1.5401317296498211,optimal,32.650599460863184,-32.650599460863184,-36.47233986976417,36.47233986976417,4.375,-4.375,0.0,-0.0,0.0,-0.0,-10.156768421335574,10.156768421335574,1.1170496245706587,NLDM
43.5,1.429297740863705,optimal,44.34630723274419,-44.34630723274419,-48.008036017950985,48.008036017950985,4.375,-4.375,0.0,-0.0,0.0,-0.0,-6.664446084794632,6.664446084794632,1.082571222131052,NLDM
44.0,1.35434472873761,optimal,42.85511675397895,-42.85511675397895,-48.222963254880085,48.222963254880085,4.375,-4.375,0.0,-0.0,0.0,-0.0,-8.094235257651471,8.094235257651471,1.1252556732423964,NLDM
44.5,1.1887123842679899,optimal,30.27448515407262,-30.27448515407262,-36.10840343492969,36.10840343492969,4.375,-4.375,0.0,-0.0,0.0,-0.0,-17.55067357795651,17.55067357795651,1.1927008255026352,NLDM
45.0,0.8054783064216096,optimal,25.409829306805015,-25.409829306805015,-31.549088651693904,31.549088651693904,4.375,-4.375,0.0,-0.0,0.0,-0.0,-13.946179648879554,13.946179648879554,1.2416096255807878,NLDM
45.5,0.341747297259598,optimal,16.854386357026392,-16.854386357026392,-13.98501937645648,13.98501937645648,4.375,-4.375,-8.423892898567635,8.423892898567635,-0.10604063809853476,0.10604063809853476,-0.045589089454430375,0.045589089454430375,0.8297554761242489,NLDM
46.0,0.10811585446269034,optimal,7.739970267922982,-7.739970267922982,-6.02913852924768,6.02913852924768,4.375,-4.375,-1.9414828017267147,1.9414828017267147,0.0,-0.0,-0.014422654985322893,0.014422654985322893,0.7789614585774884,NLDM
46.5,0.029053371906771246,optimal,6.014977987849464,-6.014977987849464,-3.041537104591033,3.041537104591033,4.375,-4.375,-2.9345435883250746,2.9345435883250746,-0.00011342436392403494,0.00011342436392403494,-0.0038757198123632844,0.0038757198123632844,0.5056605544916507,NLDM
47.0,0.007095857891839411,optimal,5.111291745921118,-5.111291745921118,-2.646768424485559,2.646768424485559,3.7987746981225317,-3.7987746981225317,-2.6206529994010226,2.6206529994010226,-1.1537864932655534e-05,1.1537864932655534e-05,-0.0009465874427713775,0.0009465874427713775,0.5178276952392156,NLDM
47.5,0.0016344970313922139,optimal,4.887610472738246,-4.887610472738246,-2.6300142527855095,2.6300142527855095,3.574765684579208,-3.574765684579208,-2.6239986891391016,2.6239986891391016,-2.6576921730437356e-06,2.6576921730437356e-06,-0.0002180419039877213,0.0002180419039877213,0.5380981703544113,NLDM
48.0,0.0008641163844333005,optimal,4.8840223375966785,-4.8840223375966785,-2.62765090600009,2.62765090600009,3.5713400569980234,-3.5713400569980234,-2.6244706327976157,2.6244706327976157,-1.4050532410889283e-06,1.4050532410889283e-06,-0.00011527312568340229,0.00011527312568340229,0.5380096003600795,NLDM
48.5,0.0008233855529954739,optimal,4.913523950184658,-4.913523950184658,-2.627525953380986,2.627525953380986,3.6008502615308746,-3.6008502615308746,-2.624495584952994,2.624495584952994,-1.3388249091710043e-06,1.3388249091710043e-06,-0.00010983963276959622,0.00010983963276959622,0.534753871156411,NLDM
49.0,0.0008078453945541169,optimal,4.943255466752369,-4.943255466752369,-2.6274782798268235,2.6274782798268235,3.630585056209537,-3.630585056209537,-2.624505105024997,2.624505105024997,-1.313556611545351e-06,1.313556611545351e-06,-0.0001077665756335192,0.0001077665756335192,0.5315279166733072,NLDM
49.5,0.0007850628828496379,optimal,4.971665687359361,-4.971665687359361,-2.627646502717551,2.627646502717551,3.659000082662068,-3.659000082662068,-2.6247571761250197,2.6247571761250197,-1.2765122483035143e-06,1.2765122483035143e-06,-0.00010472738857214171,0.00010472738857214171,0.52852437552236,NLDM
50.0,0.0007676201321312674,optimal,4.749635696581602,-4.749635696581602,-3.502146776356827,3.502146776356827,3.4369738569262847,-3.4369738569262847,-3.4993216456454133,3.4993216456454133,-1.248150334845439e-06,1.248150334845439e-06,-0.00010240052562631108,0.00010240052562631108,0.7373506096219937,NLDM
5.0,0.00285346046894085,optimal,0.5127166861364391,-0.5127166861364391,-5.104705432389971,5.104705432389971,0.0004035278191362082,-0.0004035278191362082,4.071837959531585,-4.071837959531585,-4.071744152018669,4.071744152018669,0.0,-0.0,9.956191343910266,NLDM_blanket
5.5,0.0037889638433887215,optimal,0.5213803710343731,-0.5213803710343731,-5.183978330535156,5.183978330535156,0.0005358238998405028,-0.0005358238998405028,4.131346227487974,-4.131346227487974,-4.131221665301623,4.131221665301623,0.0,-0.0,9.942795353516276,NLDM_blanket
6.0,0.004935041250329845,optimal,0.5319941793792539,-0.5319941793792539,-5.281094899035569,5.281094899035569,0.0006978987284978957,-0.0006978987284978957,4.204249311852864,-4.204249311852864,-4.20408707237176,4.20408707237176,0.0,-0.0,9.926978722206515,NLDM_blanket
6.5,0.006328105508763775,optimal,0.5448953298264864,-0.5448953298264864,-5.399140695646088,5.399140695646088,0.0008949016967328466,-0.0008949016967328466,4.292863467007872,-4.292863467007872,-4.292655430539272,4.292655430539272,0.0,-0.0,9.90858317204767,NLDM_blanket
7.0,0.008017104695723873,optimal,0.560349952950552,-0.560349952950552,-5.540391724206109,5.540391724206109,0.0011337548947551828,-0.0011337548947551828,4.398804911560966,-4.398804911560966,-4.398541349244095,4.398541349244095,0.0,-0.0,9.887377869905915,NLDM_blanket
7.5,0.010205555973734112,optimal,0.5805660782988491,-0.5805660782988491,-5.72532626525341,5.72532626525341,0.0014432391091375569,-0.0014432391091375569,4.537605645116233,-4.537605645116233,-4.537270137463597,4.537270137463597,0.0,-0.0,9.86162726218784,NLDM_blanket
8.0,0.012872069822631248,optimal,0.6051983736366228,-0.6051983736366228,-5.950659367158432,5.950659367158432,0.001820329498107043,-0.001820329498107043,4.706727106480773,-4.706727106480773,-4.706303937185355,4.706303937185355,0.0,-0.0,9.832576600298939,NLDM_blanket
8.5,0.01610192862735634,optimal,0.6350346469453851,-0.6350346469453851,-6.223597797043193,6.223597797043193,0.002277086440694851,-0.002277086440694851,4.911578261213069,-4.911578261213069,-4.911048910309446,4.911048910309446,0.0,-0.0,9.800406681713605,NLDM_blanket
9.0,0.01999159645337236,optimal,0.6709659985473612,-0.6709659985473612,-6.55229322721276,6.55229322721276,0.002827151595646559,-0.002827151595646559,5.158277263819243,-5.158277263819243,-5.157620040085837,5.157620040085837,0.0,-0.0,9.7654623951116,NLDM_blanket
9.5,0.024649303338768212,optimal,0.7139922185856707,-0.7139922185856707,-6.945891610616885,6.945891610616885,0.003485830530258584,-0.003485830530258584,5.453688516002175,-5.453688516002175,-5.452878170154913,5.452878170154913,0.0,-0.0,9.728245532389453,NLDM_blanket
10.0,0.030195463603871986,optimal,0.7652256512180047,-0.7652256512180047,-7.414568530001761,7.414568530001761,0.0042701518764687646,-0.0042701518764687646,5.805449197606829,-5.805449197606829,-5.8044565217408515,5.8044565217408515,0.0,-0.0,9.689388376095392,NLDM_blanket
10.5,0.0367630723422893,optimal,0.8258948572581476,-0.8258948572581476,-7.969562703288424,7.969562703288424,0.005198923401429526,-0.005198923401429526,6.221994413740268,-6.221994413740268,-6.220785827737016,6.220785827737016,0.0,-0.0,9.649609309526673,NLDM_blanket
11.0,0.044497234812771805,optimal,0.897340266867416,-0.897340266867416,-8.62313621494749,8.62313621494749,0.00629266545551775,-0.00629266545551775,6.712527346835586,-6.712527346835586,-6.7110645002411164,6.7110645002411164,0.0,-0.0,9.609661500035612,NLDM_blanket
11.5,0.05355516076992855,optimal,0.9810141271838166,-0.9810141271838166,-9.388574036917294,9.388574036917294,0.007573610170600985,-0.007573610170600985,7.287018897081893,-7.287018897081893,-7.285258271171581,7.285258271171581,0.0,-0.0,9.570274042708173,NLDM_blanket
12.0,0.06410544949251909,optimal,1.0784738976707058,-1.0784738976707058,-10.280123610094332,10.280123610094332,0.00906560035088357,-0.00906560035088357,7.956162335928208,-7.956162335928208,-7.95405486927614,7.95405486927614,0.0,-0.0,9.532102383096525,NLDM_blanket
12.5,0.07632708079634576,optimal,1.1913729294569995,-1.1913729294569995,-11.312909580124007,11.312909580124007,0.010793946784976827,-0.010793946784976827,8.731309311900855,-8.731309311900855,-8.728800059119674,8.728800059119674,0.0,-0.0,9.495691315799975,NLDM_blanket
13.0,0.09040806419767726,optimal,1.3214479867950035,-1.3214479867950035,-12.50281964528548,12.50281964528548,0.012785237214642925,-0.012785237214642925,9.624384174897708,-9.624384174897708,-9.62141200978721,9.62141200978721,0.0,-0.0,9.461454230680246,NLDM_blanket
13.5,0.10654373588618934,optimal,1.4705035151093073,-1.4705035151093073,-13.866360642605736,13.866360642605736,0.015067095497817238,-0.015067095497817238,10.647775963088984,-10.647775963088984,-10.644273337771725,10.644273337771725,0.0,-0.0,9.429668477586063,NLDM_blanket
14.0,0.12493472075465434,optimal,1.640392814960462,-1.640392814960462,-15.420486329675956,15.420486329675956,0.017667893404960947,-0.017667893404960947,11.814209146315974,-11.814209146315974,-11.810101917371167,11.810101917371167,0.0,-0.0,9.400483950575968,NLDM_blanket
14.5,0.14489839060551432,optimal,3.703480166020994,-3.703480166020994,-17.10746515470446,17.10746515470446,0.020537318290863173,-0.020537318290863173,9.323094505079863,-9.323094505079863,-9.318330970488708,9.318330970488708,0.0,-0.0,4.619294390088407,NLDM_blanket
15.0,0.1671576153265829,optimal,6.3487476536198555,-6.3487476536198555,-18.988468405588936,18.988468405588936,0.02369225176592854,-0.02369225176592854,5.855585179800761,-5.855585179800761,-5.850089873196901,5.850089873196901,0.0,-0.0,2.9908998501085975,NLDM_blanket
15.5,0.19201700950868905,optimal,9.303017086422098,-9.303017086422098,-21.089197512622956,21.089197512622956,0.027215722859723537,-0.027215722859723537,1.9830252758769003,-1.9830252758769003,-1.9767127166893024,1.9767127166893024,0.0,-0.0,2.266920217033996,NLDM_blanket
16.0,0.21622662672677165,optimal,11.216750892702123,-11.216750892702123,-22.65408105412703,22.65408105412703,0.25181363740671714,-0.25181363740671714,0.0,-0.0,0.0,-0.0,0.0,-0.0,2.0196651660389726,NLDM_blanket
16.5,0.23802329226298838,optimal,11.137795682228047,-11.137795682228047,-22.518406065592334,22.518406065592334,0.2771976417502155,-0.2771976417502155,0.0,-0.0,0.0,-0.0,0.0,-0.0,2.021800965654603,NLDM_blanket
17.0,0.26185753770206827,optimal,11.051459638670984,-11.051459638670984,-22.370048007277976,22.370048007277976,0.30495457497215,-0.30495457497215,0.0,-0.0,0.0,-0.0,0.0,-0.0,2.0241713528049523,NLDM_blanket
17.5,0.28784639778816873,optimal,10.957318820908295,-10.957318820908295,-22.208278387592234,22.208278387592234,0.33522073362894106,-0.33522073362894106,0.0,-0.0,0.0,-0.0,0.0,-0.0,2.026798594672205,NLDM_blanket
18.0,0.3161028777810746,optimal,10.854963884030926,-10.854963884030926,-22.032393796772663,22.032393796772663,0.36812772161203944,-0.36812772161203944,0.0,-0.0,0.0,-0.0,0.0,-0.0,2.029706780432978,NLDM_blanket
18.5,0.34673464811416427,optimal,10.744004807752763,-10.744004807752763,-21.84172403208623,21.84172403208623,0.40380092997008965,-0.40380092997008965,0.0,-0.0,0.0,-0.0,0.0,-0.0,2.0329220270197075,NLDM_blanket
19.0,0.3798427277986404,optimal,10.624075665584803,-10.624075665584803,-21.63564029307884,21.63564029307884,0.44235800362519617,-0.44235800362519617,0.0,-0.0,0.0,-0.0,0.0,-0.0,2.0364727223436905,NLDM_blanket
19.5,0.41552016910654344,optimal,10.49483938937726,-10.49483938937726,-21.413563368865177,21.413563368865177,0.4839073095784365,-0.4839073095784365,0.0,-0.0,0.0,-0.0,0.0,-0.0,2.040389812019392,NLDM_blanket
20.0,0.452966300856488,optimal,10.360966031891286,-10.360966031891286,-21.184016576275305,21.184016576275305,0.5275164005840502,-0.5275164005840502,0.0,-0.0,0.0,-0.0,0.0,-0.0,2.0445985935163216,NLDM_blanket
20.5,0.4926444504107705,optimal,10.217392801855839,-10.217392801855839,-20.93734698690922,20.93734698690922,0.5737248593482758,-0.5737248593482758,0.0,-0.0,0.0,-0.0,0.0,-0.0,2.049186851571984,NLDM_blanket
21.0,0.5349185820245811,optimal,10.06442615167387,-10.06442615167387,-20.67453879642847,20.67453879642847,0.6229565520913507,-0.6229565520913507,0.0,-0.0,0.0,-0.0,0.0,-0.0,2.054219334998049,NLDM_blanket
21.5,0.5797627084521407,optimal,11.008793223690024,-11.008793223690024,-22.071863136155592,22.071863136155592,0.17595624272709937,-0.17595624272709937,0.0,-0.0,0.0,-0.0,0.0,-0.0,2.0049303032287633,NLDM_blanket
22.0,0.6263289335862823,optimal,12.095328370801184,-12.095328370801184,-23.29012892067541,23.29012892067541,0.08857355880097127,-0.08857355880097127,0.0,-0.0,0.0,-0.0,-0.08355227974041006,0.08355227974041006,1.9255474681364682,NLDM_blanket
22.5,0.6743679166647166,optimal,13.64044932120585,-13.64044932120585,-23.235682314525057,23.235682314525057,0.09536708767097422,-0.09536708767097422,0.0,-0.0,0.0,-0.0,-0.0899606800830732,0.0899606800830732,1.7034396571088146,NLDM_blanket
23.0,0.7249104518592723,optimal,15.266094266440499,-15.266094266440499,-23.17839822291382,23.17839822291382,0.10251466137058268,-0.10251466137058268,0.0,-0.0,0.0,-0.0,-0.09670305427802692,0.09670305427802692,1.5182926175077383,NLDM_blanket
23.5,0.7779377233314241,optimal,16.97345264740083,-16.97345264740083,-23.112223833664746,23.112223833664746,0.11001361902036,-0.11001361902036,0.0,-0.0,0.0,-0.0,-0.10377689229241199,0.10377689229241199,1.3616689729419285,NLDM_blanket
24.0,0.8334143796105213,optimal,18.757926139382043,-18.757926139382043,-23.04891432731809,23.04891432731809,0.11785896132138107,-0.11785896132138107,0.0,-0.0,0.0,-0.0,-0.11117747824004356,0.11117747824004356,1.2287560019189525,NLDM_blanket
24.5,0.8913695645264208,optimal,19.278374075893353,-19.278374075893353,-30.265048744826053,30.265048744826053,0.2705279887250751,-0.2705279887250751,-7.744586573319541,7.744586573319541,0.0,-0.0,-0.11890869990782454,0.11890869990782454,1.5698963318006673,NLDM_blanket
25.0,0.951745804495695,optimal,20.92049813598046,-20.92049813598046,-31.838535983789498,31.838535983789498,0.2888519964270299,-0.2888519964270299,-9.418289182575805,9.418289182575805,0.0,-0.0,-0.1269628903197257,0.1269628903197257,1.5218823078132864,NLDM_blanket
25.5,1.0130783991644368,optimal,22.66537040989802,-22.66537040989802,-33.51368423495458,33.51368423495458,0.3074662549112091,-0.3074662549112091,-11.195240207296731,11.195240207296731,0.0,-0.0,-0.13514465844853588,0.13514465844853588,1.4786294522819303,NLDM_blanket
26.0,1.076660933070078,optimal,24.468780353076248,-24.468780353076248,-35.244812383034436,35.244812383034436,0.3267633632039695,-0.3267633632039695,-13.031905685669914,13.031905685669914,0.0,-0.0,-0.14362656847154842,0.14362656847154842,1.4403992301399449,NLDM_blanket
26.5,1.140305884539694,optimal,26.120174215970156,-26.120174215970156,-35.19899154810304,35.19899154810304,0.1612586372739499,-0.1612586372739499,-12.498264990139532,12.498264990139532,0.0,-0.0,-0.1521168049975952,0.1521168049975952,1.3475787434289774,NLDM_blanket
27.0,1.2053312770318347,optimal,27.77830403818479,-27.77830403818479,-34.46902022184278,34.46902022184278,0.17045433320401096,-0.17045433320401096,-11.84238410458339,11.84238410458339,0.0,-0.0,-0.16079119235604677,0.16079119235604677,1.240861219405647,NLDM_blanket
27.5,1.2717235908222146,optimal,29.221599961873267,-29.221599961873267,-34.585386973221105,34.585386973221105,0.1798433350433051,-0.1798433350433051,-10.311259537518824,10.311259537518824,0.0,-0.0,-1.030990671508873,1.030990671508873,1.1835555554229136,NLDM_blanket
28.0,1.3388176327908925,optimal,29.9377715562606,-29.9377715562606,-37.29143218561383,37.29143218561383,0.1893315731763896,-0.1893315731763896,-6.175286037545507,6.175286037545507,0.0,-0.0,-4.499162141360674,4.499162141360674,1.2456315299064211,NLDM_blanket
28.5,1.4009394727995006,optimal,30.664346723106853,-30.664346723106853,-39.923893096045425,39.923893096045425,0.19811665742488693,-0.19811665742488693,-2.2188658946931166,2.2188658946931166,0.0,-0.0,-7.837269694072832,7.837269694072832,1.3019645732730096,NLDM_blanket
29.0,1.4436739725911176,optimal,31.15798222401975,-31.15798222401975,-41.57497517183822,41.57497517183822,0.12959332080141592,-0.12959332080141592,0.0,-0.0,0.0,-0.0,-9.577741015945655,9.577741015945655,1.3343282268062913,NLDM_blanket
29.5,1.4709873639347542,optimal,32.26379852484196,-32.26379852484196,-44.54763421733924,44.54763421733924,0.305888144861823,-0.305888144861823,0.0,-0.0,0.0,-0.0,-7.538123393535573,7.538123393535573,1.3807312298655463,NLDM_blanket
30.0,1.4913656000641284,optimal,33.69656765275707,-33.69656765275707,-43.96481437965292,43.96481437965292,0.0,-0.0,0.0,-0.0,0.0,-0.0,-7.411324822070658,7.411324822070658,1.3047267850159125,NLDM_blanket
30.5,1.5102212114356603,optimal,35.362679909147076,-35.362679909147076,-42.011423201029395,42.011423201029395,0.0,-0.0,0.0,-0.0,0.0,-0.0,-8.00105969920573,8.00105969920573,1.1880158208869946,NLDM_blanket
31.0,1.5287397576057578,optimal,36.997281206361066,-36.997281206361066,-40.09433294774311,40.09433294774311,0.0,-0.0,0.0,-0.0,0.0,-0.0,-8.579561470411607,8.579561470411607,1.083710252223873,NLDM_blanket
31.5,1.5468741373347934,optimal,38.646476262668656,-38.646476262668656,-38.15161970738498,38.15161970738498,0.06647536917782551,-0.06647536917782551,0.0,-0.0,0.0,-0.0,-9.178758718159568,9.178758718159568,0.9871952994648132,NLDM_blanket
32.0,1.5645769941229146,optimal,40.207344407046094,-40.207344407046094,-36.32005441708436,36.32005441708436,0.06723613174543841,-0.06723613174543841,0.0,-0.0,0.0,-0.0,-9.731237838682093,9.731237838682093,0.9033189073466759,NLDM_blanket
32.5,1.5819297191374773,optimal,40.66052433875624,-40.66052433875624,-36.569383970551925,36.569383970551925,0.0,-0.0,0.0,-0.0,0.0,-0.0,-9.25045505031043,9.25045505031043,0.8993829903884251,NLDM_blanket
33.0,1.5983063480604336,optimal,40.75303635649053,-40.75303635649053,-36.92416288589749,36.92416288589749,0.0,-0.0,0.0,-0.0,0.0,-0.0,-8.738048595065548,8.738048595065548,0.9060469154469949,NLDM_blanket
33.5,1.6143201643903773,optimal,40.89856765914122,-40.89856765914122,-37.34450702348729,37.34450702348729,0.0,-0.0,0.0,-0.0,0.0,-0.0,-8.199246727699997,8.199246727699997,0.9131006086747498,NLDM_blanket
34.0,1.6293411689658146,optimal,41.03581361186541,-41.03581361186541,-37.739773912915936,37.739773912915936,0.0,-0.0,0.0,-0.0,0.0,-0.0,-7.693357611367614,7.693357611367614,0.9196789484881462,NLDM_blanket
34.5,1.6434178614065849,optimal,41.165168124718065,-41.165168124718065,-38.111174149523976,38.111174149523976,0.0,-0.0,0.0,-0.0,0.0,-0.0,-7.218780656584336,7.218780656584336,0.9258112109261547,NLDM_blanket
35.0,1.6565753605882743,optimal,41.2868485172536,-41.2868485172536,-38.45935246505652,38.45935246505652,0.0,-0.0,0.0,-0.0,0.0,-0.0,-6.774678016917208,6.774678016917208,0.9315158178998456,NLDM_blanket
35.5,1.6688205815166015,optimal,41.400934409423414,-41.400934409423414,-38.784512740214964,38.784512740214964,0.0,-0.0,0.0,-0.0,0.0,-0.0,-6.360805844746295,6.360805844746295,0.9368028353337621,NLDM_blanket
36.0,1.6801419370347856,optimal,41.50736552944433,-41.50736552944433,-39.08641086643248,39.08641086643248,0.0,-0.0,0.0,-0.0,0.0,-0.0,-5.977523981833244,5.977523981833244,0.9416740948954112,NLDM_blanket
36.5,1.6905071988542508,optimal,41.605925708801806,-41.605925708801806,-39.364303178612985,39.364303178612985,0.0,-0.0,0.0,-0.0,0.0,-0.0,-5.625865638112036,5.625865638112036,0.9461225175981458,NLDM_blanket
37.0,1.6998579846658246,optimal,41.696201560357274,-41.696201560357274,-39.616813452799704,39.616813452799704,0.0,-0.0,0.0,-0.0,0.0,-0.0,-5.3077170263827345,5.3077170263827345,0.9501300351172863,NLDM_blanket
37.5,1.7080990735507728,optimal,41.77750235065934,-41.77750235065934,-39.84167507788263,39.84167507788263,0.0,-0.0,0.0,-0.0,0.0,-0.0,-5.02616554176267,5.02616554176267,0.9536634034143939,NLDM_blanket
38.0,1.7150792377872,optimal,41.84871621688151,-41.84871621688151,-40.0352684657443,40.0352684657443,0.0,-0.0,0.0,-0.0,0.0,-0.0,-4.786124419411749,4.786124419411749,0.9566665858579987,NLDM_blanket
38.5,1.7205571012491159,optimal,41.90805403460923,-41.90805403460923,-40.19179706288168,40.19179706288168,0.0,-0.0,0.0,-0.0,0.0,-0.0,-4.595445370417772,4.595445370417772,0.9590470850708029,NLDM_blanket
39.0,1.7241276042459484,optimal,41.952497708882625,-41.952497708882625,-40.301512561854054,40.301512561854054,0.0,-0.0,0.0,-0.0,0.0,-0.0,-4.4673150382773965,4.4673150382773965,0.9606463205484186,NLDM_blanket
39.5,1.7252155861812748,optimal,41.97775205769753,-41.97775205769753,-40.35056005802852,40.35056005802852,0.0,-0.0,0.0,-0.0,0.0,-0.0,-4.42046411490031,4.42046411490031,0.9612367999736511,NLDM_blanket
40.0,1.7237862166714784,optimal,41.98357530398585,-41.98357530398585,-40.338124969551686,40.338124969551686,0.0,-0.0,0.0,-0.0,0.0,-0.0,-4.456014667861464,4.456014667861464,0.9608072842172174,NLDM_blanket
40.5,1.7181649959702807,optimal,41.96294789651131,-41.96294789651131,-40.22335641195712,40.22335641195712,0.0,-0.0,0.0,-0.0,0.0,-0.0,-4.628755622962221,4.628755622962221,0.9585445834538519,NLDM_blanket
41.0,1.7064650339622391,optimal,41.803234607401706,-41.803234607401706,-40.24136294025484,40.24136294025484,0.5943668907241484,-0.5943668907241484,0.0,-0.0,0.0,-0.0,-4.859854785291012,4.859854785291012,0.9626375403287496,NLDM_blanket
41.5,1.6855475876071773,optimal,41.66232127921148,-41.66232127921148,-39.75311771507415,39.75311771507415,0.5870812814063413,-0.5870812814063413,0.0,-0.0,0.0,-0.0,-5.533237734121372,5.533237734121372,0.9541743353342632,NLDM_blanket
42.0,1.6702250097475093,optimal,41.43268022652975,-41.43268022652975,-39.43732912081802,39.43732912081802,0.5817443815700882,-0.5817443815700882,0.0,-0.0,0.0,-0.0,-6.005576481707363,6.005576481707363,0.9518411289155732,NLDM_blanket
42.5,1.6495496221612587,optimal,41.29425269637308,-41.29425269637308,-38.95326932988137,38.95326932988137,0.5745430820476338,-0.5745430820476338,0.0,-0.0,0.0,-0.0,-6.6718992701280095,6.6718992701280095,0.9433097050162306,NLDM_blanket
43.0,1.5995173034374055,optimal,40.93880968846486,-40.93880968846486,-37.75461082038601,37.75461082038601,0.5571166753391601,-0.5571166753391601,0.0,-0.0,0.0,-0.0,-8.297973835642107,8.297973835642107,0.9222205312682542,NLDM_blanket
43.5,1.4928613084753648,optimal,33.88485313522346,-33.88485313522346,-45.634767944871754,45.634767944871754,0.5199680723258964,-0.5199680723258964,0.0,-0.0,0.0,-0.0,-6.546651371168894,6.546651371168894,1.3467600925628391,NLDM_blanket
44.0,1.4069385671502754,optimal,44.416603511273905,-44.416603511273905,-50.93615847083141,50.93615847083141,10.812093623613054,-10.812093623613054,0.0,-0.0,0.0,-0.0,-5.659231806655801,5.659231806655801,1.1467819338753062,NLDM_blanket
44.5,1.2876532299703738,optimal,39.81305491813542,-39.81305491813542,-50.35212098229015,50.35212098229015,3.970639970798493,-3.970639970798493,0.0,-0.0,0.0,-0.0,-8.39918148270317,8.39918148270317,1.2647138252973908,NLDM_blanket
45.0,0.8433873580051301,optimal,28.56516903599711,-28.56516903599711,-36.35409794670609,36.35409794670609,0.1289433846970094,-0.1289433846970094,-16.263932283606554,16.263932283606554,0.0,-0.0,-0.11250787355788436,0.11250787355788436,1.2726722499311511,NLDM_blanket
45.5,0.3454483945547153,optimal,9.575691478738472,-9.575691478738472,-21.092209643572364,21.092209643572364,0.10562948284496806,-0.10562948284496806,1.2219644676532146,-1.2219644676532146,-1.056983496139801,1.056983496139801,0.0,-0.0,2.2026826668763047,NLDM_blanket
46.0,0.10822240980005499,optimal,4.875014779006762,-4.875014779006762,-10.027096783799282,10.027096783799282,0.033091707356611814,-0.033091707356611814,0.06629823869002148,-0.06629823869002148,-0.00017596963833488917,0.00017596963833488917,-0.014436869467327336,0.014436869467327336,2.0568341304274376,NLDM_blanket
46.5,0.029065852898745394,optimal,3.7152740621954714,-3.7152740621954714,-7.501800446845458,7.501800446845458,0.008887611170113658,-0.008887611170113658,-7.394827179417383,7.394827179417383,-4.7261076813576415e-05,4.7261076813576415e-05,-0.0038773847766926358,0.0038773847766926358,2.019178214382497,NLDM_blanket
47.0,0.0070980394831079065,optimal,3.2130408510220074,-3.2130408510220074,-6.4434819070133,6.4434819070133,0.002170403022947087,-0.002170403022947087,-6.417358452852616,6.417358452852616,-1.1541412199766675e-05,1.1541412199766675e-05,-0.0009468784670465947,0.0009468784670465947,2.005415494472705,NLDM_blanket
47.5,0.0016350472239624041,optimal,3.100376852715591,-3.100376852715591,-6.204534559201022,6.204534559201022,0.000272639219454059,-0.000272639219454059,-6.198516970639085,6.198516970639085,-2.658586786162865e-06,2.658586786162865e-06,-0.00021811529967658472,0.00021811529967658472,2.001219482001528,NLDM_blanket
48.0,0.000864454012813567,optimal,3.09843229943345,-3.09843229943345,-6.198863546765957,6.198863546765957,0.0001441451132750918,-0.0001441451132750918,-6.195682030964096,6.195682030964096,-1.4056022243669334e-06,1.4056022243669334e-06,-0.00011531816530932985,0.00011531816530932985,2.0006451481607077,NLDM_blanket
48.5,0.0008237556831165923,optimal,3.113176178796528,-3.113176178796528,-6.228257195407094,6.228257195407094,0.0001373587888931062,-0.0001373587888931062,-6.225225464761087,6.225225464761087,-1.3394267402838065e-06,1.3394267402838065e-06,-0.00010988900812775341,0.00010988900812775341,2.0006118631598855,NLDM_blanket
49.0,0.0008082400036182446,optimal,3.128039578488154,-3.128039578488154,-6.257948116612355,6.257948116612355,0.00013477159588333145,-0.00013477159588333145,-6.254973489500798,6.254973489500798,-1.3141982458832637e-06,1.3141982458832637e-06,-0.00010781921648267382,0.00010781921648267382,2.0005974859298137,NLDM_blanket
49.5,0.0007854155476904758,optimal,3.1422734155992758,-3.1422734155992758,-6.286363011973552,6.286363011973552,0.00013096568633112909,-0.00013096568633112909,-6.283472387441805,6.283472387441805,-1.277085680159389e-06,1.277085680159389e-06,-0.00010477443406190946,0.00010477443406190946,2.0005779830507375,NLDM_blanket
50.0,0.0007682984351069724,optimal,1.4340253207560245,-1.4340253207560245,-14.925043180807426,14.925043180807426,0.00012811145915878235,-0.00012811145915878235,-14.922215553686021,14.922215553686021,-1.2492532554839355e-06,1.2492532554839355e-06,-0.00010249101124327011,0.00010249101124327011,10.40779612799227,NLDM_blanket
5.0,0.0009008318682288567,optimal,2.4692473083972564,-2.4692473083972564,-4.941220134058425,4.941220134058425,0.0,-0.0,0.0,-0.0,-4.9369960469484395,4.9369960469484395,0.0,-0.0,2.001103784645079,LB
5.5,0.0016504916425297547,optimal,2.500698271400212,-2.500698271400212,-5.006390197692429,5.006390197692429,0.0,-0.0,0.0,-0.0,-4.998650883933411,4.998650883933411,0.0,-0.0,2.0019969042043644,LB
6.0,0.002588574448037016,optimal,2.540054268108495,-2.540054268108495,-5.087940413169699,5.087940413169699,0.0,-0.0,0.0,-0.0,-5.0758023390797025,5.0758023390797025,0.0,-0.0,2.0030833502461114,LB
6.5,0.003747505656428228,optimal,2.588675661182539,-2.588675661182539,-5.18868961058892,5.18868961058892,0.0,-0.0,0.0,-0.0,-5.171117196805383,5.171117196805383,0.0,-0.0,2.004379957054436,LB
7.0,0.00516881585044166,optimal,2.64870706803598,-2.64870706803598,-5.311041388257436,5.311041388257436,0.0,-0.0,0.0,-0.0,-5.28479302490467,5.28479302490467,0.0,-0.0,2.005144869491205,LB
7.5,0.00699373758635906,optimal,2.725411216615059,-2.725411216615059,-5.46926097477735,5.46926097477735,0.0,-0.0,0.0,-0.0,-5.433745264666499,5.433745264666499,0.0,-0.0,2.0067654163286712,LB
8.0,0.009231715076995734,optimal,2.8194767069754643,-2.8194767069754643,-5.663292239921663,5.663292239921663,0.0,-0.0,0.0,-0.0,-5.616411596710222,5.616411596710222,0.0,-0.0,2.008632391220158,LB
8.5,0.011953497629421724,optimal,2.9338772367035393,-2.9338772367035393,-5.8992691048832,5.8992691048832,0.0,-0.0,0.0,-0.0,-5.838566661965509,5.838566661965509,0.0,-0.0,2.0107416326361123,LB
9.0,0.015237995164820493,optimal,3.0719295060169944,-3.0719295060169944,-6.184033011054348,6.184033011054348,0.0,-0.0,0.0,-0.0,-6.1066511802004335,6.1066511802004335,0.0,-0.0,2.013077773738515,LB
9.5,0.019172441325834233,optimal,3.2373000734068746,-3.2373000734068746,-6.525147061333066,6.525147061333066,0.0,-0.0,0.0,-0.0,-6.4277852630331545,6.4277852630331545,0.0,-0.0,2.0156139107815614,LB
10.0,0.023852397373089727,optimal,3.434005519414283,-3.434005519414283,-6.930896357949286,6.930896357949286,0.0,-0.0,0.0,-0.0,-6.8097687319709035,6.8097687319709035,0.0,-0.0,2.0183125270956017,LB
10.5,0.029381709298773734,optimal,3.6664106440507833,-3.6664106440507833,-7.410284284238389,7.410284284238389,0.0,-0.0,0.0,-0.0,-7.261077617970008,7.261077617970008,0.0,-0.0,2.021127746904869,LB
11.0,0.03587182125525689,optimal,3.939199609192176,-3.939199609192176,-7.972972979327278,7.972972979327278,0.0,-0.0,0.0,-0.0,-7.790808122679693,7.790808122679693,0.0,-0.0,2.0240083698023925,LB
11.5,0.04344143023415095,optimal,4.255560299091702,-4.255560299091702,-8.623850023605266,8.623850023605266,0.0,-0.0,0.0,-0.0,-8.406847307805197,8.406847307805197,0.0,-0.0,2.026489913783133,LB
12.0,0.05221641303605049,optimal,4.580462007937988,-4.580462007937988,-9.25286437842768,9.25286437842768,0.0,-0.0,0.0,-0.0,-9.079147891420215,9.079147891420215,0.0,-0.0,2.02007229017343,LB
12.5,0.062327331209162125,optimal,4.996584862804963,-4.996584862804963,-10.10291294800044,10.10291294800044,0.0,-0.0,0.0,-0.0,-9.895558892203253,9.895558892203253,0.0,-0.0,2.021963646251153,LB
13.0,0.07390865457356292,optimal,5.473223409277239,-5.473223409277239,-11.076581925546806,11.076581925546806,0.0,-0.0,0.0,-0.0,-10.830698474626821,10.830698474626821,0.0,-0.0,2.023776684644692,LB
13.5,0.08709827986799963,optimal,6.026645267191027,-6.026645267191027,-12.206649353249315,12.206649353249315,0.0,-0.0,0.0,-0.0,-11.91688591828078,11.91688591828078,0.0,-0.0,2.0254467970268872,LB
14.0,0.10203618698733123,optimal,6.64324333833698,-6.64324333833698,-13.466147505129026,13.466147505129026,0.0,-0.0,0.0,-0.0,-13.1266878042331,13.1266878042331,0.0,-0.0,2.0270441438473696,LB
14.5,0.1188190038688636,optimal,7.761091273006219,-7.761091273006219,-14.88120027502277,14.88120027502277,0.0,-0.0,0.0,-0.0,-13.635713014121825,13.635713014121825,0.0,-0.0,1.917410806233002,LB
15.0,0.13744976239448325,optimal,10.716096640286281,-10.716096640286281,-16.594843774309084,16.594843774309084,0.0,-0.0,0.0,-0.0,-10.629861777901997,10.629861777901997,0.0,-0.0,1.5485903432339474,LB
15.5,0.15820308704996447,optimal,14.007760029166677,-14.007760029166677,-18.366230370801297,18.366230370801297,0.0,-0.0,0.0,-0.0,-7.419048727031734,7.419048727031734,0.0,-0.0,1.3111468452171868,LB
16.0,0.18120452883075172,optimal,17.655994953361535,-17.655994953361535,-20.32950354976741,20.32950354976741,0.0,-0.0,0.0,-0.0,-3.8604223052608906,3.8604223052608906,0.0,-0.0,1.151422143213564,LB
16.5,0.20657151022856934,optimal,21.650704693223624,-21.650704693223624,-22.487943495939998,22.487943495939998,0.0,-0.0,0.0,-0.0,0.0,-0.0,0.0,-0.0,1.0386702795396041,LB
17.0,0.2310308021217911,optimal,3.7619651618285594,-3.7619651618285594,-8.170710064398355,8.170710064398355,0.0,-0.0,0.0,-0.0,-7.708111296535181,7.708111296535181,0.0,-0.0,2.1719260314539595,LB
17.5,0.2557659727752128,optimal,3.7108305465709863,-3.7108305465709863,-7.683582768954553,7.683582768954553,0.0,-0.0,0.0,-0.0,-8.061623731002914,8.061623731002914,0.0,-0.0,2.0705830332389095,LB
18.0,0.28240533786236044,optimal,5.119868277949354,-5.119868277949354,-8.740694540685485,8.740694540685485,0.0,-0.0,0.0,-0.0,-7.369866243293801,7.369866243293801,0.0,-0.0,1.7072108238273604,LB
18.5,0.3112290862764453,optimal,6.644444743729844,-6.644444743729844,-9.884487707461753,9.884487707461753,0.0,-0.0,0.0,-0.0,-6.621385800007841,6.621385800007841,0.0,-0.0,1.4876318622093196,LB
19.0,0.34231554043982804,optimal,8.288702657072632,-8.288702657072632,-11.11807028459833,11.11807028459833,0.0,-0.0,0.0,-0.0,-5.814148564304321,5.814148564304321,0.0,-0.0,1.3413522893249692,LB
19.5,0.3757345560446429,optimal,10.056336899805501,-10.056336899805501,-12.444214307923884,12.444214307923884,0.0,-0.0,0.0,-0.0,-4.946340559088367,4.946340559088367,0.0,-0.0,1.2374500210076063,LB
20.0,0.41154645929951494,optimal,11.950538310143452,-11.950538310143452,-13.865313661266821,13.865313661266821,0.0,-0.0,0.0,-0.0,-4.016395264047475,4.016395264047475,0.0,-0.0,1.1602250293192344,LB
20.5,0.4498327966074039,optimal,15.28697856495793,-15.28697856495793,-17.632647330661722,17.632647330661722,0.0,-0.0,0.0,-0.0,-1.2302767618665733,1.2302767618665733,0.0,-0.0,1.1534422747920068,LB
21.0,0.49063990753656117,optimal,17.564353253353378,-17.564353253353378,-19.455901972818978,19.455901972818978,0.0,-0.0,0.0,-0.0,-0.008062473154605843,0.008062473154605843,0.0,-0.0,1.1076924776096988,LB
21.5,0.5338140768879106,optimal,18.872509034623373,-18.872509034623373,-19.71607593611553,19.71607593611553,0.0,-0.0,0.0,-0.0,0.0,-0.0,0.0,-0.0,1.0446981850661485,LB
22.0,0.5789770374638566,optimal,18.438701305773478,-18.438701305773478,-19.353637585415743,19.353637585415743,0.0,-0.0,0.0,-0.0,0.0,-0.0,0.0,-0.0,1.0496204295774227,LB
22.5,0.6266728440521994,optimal,17.98056460995267,-17.98056460995267,-18.970872831849547,18.970872831849547,0.0,-0.0,0.0,-0.0,0.0,-0.0,0.0,-0.0,1.0550765920525498,LB
23.0,0.6769722115904393,optimal,16.169764141508708,-16.169764141508708,-17.750195372340965,17.750195372340965,0.0,-0.0,0.0,-0.0,0.0,-0.0,0.0,-0.0,1.0977399062225774,LB
23.5,0.7295006579922838,optimal,17.620549229750527,-17.620549229750527,-18.161327812966263,18.161327812966263,0.0,-0.0,0.0,-0.0,0.0,-0.0,0.0,-0.0,1.0306902228849193,LB
24.0,0.7844220109451161,optimal,18.16631894077126,-18.16631894077126,-16.775059245569704,16.775059245569704,0.0,-0.0,0.0,-0.0,0.0,-0.0,0.0,-0.0,0.9234154316161924,LB
24.5,0.841861453061742,optimal,19.394811659707457,-19.394811659707457,-16.246011665989222,16.246011665989222,0.0,-0.0,0.0,-0.0,0.0,-0.0,0.0,-0.0,0.8376473023318995,LB
25.0,0.9012919830902134,optimal,21.353818890814214,-21.353818890814214,-16.6641900110191,16.6641900110191,0.0,-0.0,0.0,-0.0,0.0,-0.0,0.0,-0.0,0.7803845343180066,LB
25.5,0.9605912358832475,optimal,23.72353380404334,-23.72353380404334,-19.07913033830787,19.07913033830787,0.08990749731372844,-0.08990749731372844,0.0,-0.0,0.0,-0.0,0.0,-0.0,0.8042280081838442,LB
26.0,1.0216591931774048,optimal,25.246676271409644,-25.246676271409644,-21.884717386053612,21.884717386053612,0.09562321384463239,-0.09562321384463239,0.0,-0.0,0.0,-0.0,0.0,-0.0,0.866835584644334,LB
26.5,1.082560721692564,optimal,26.332359170390774,-26.332359170390774,-25.249051472711415,25.249051472711415,0.10132335330753721,-0.10132335330753721,-2.3792165247187627,2.3792165247187627,0.0,-0.0,-0.04212460280250105,0.04212460280250105,0.9588602110935249,LB
27.0,1.1446899907248718,optimal,27.36311580399725,-27.36311580399725,-28.491920709504342,28.491920709504342,0.1071384043718851,-0.1071384043718851,-5.686947091837162,5.686947091837162,0.0,-0.0,-0.04454217691908621,0.04454217691908621,1.0412527912973344,LB
27.5,1.2084920557381804,optimal,28.418571357083234,-28.418571357083234,-31.815995137070093,31.815995137070093,0.11311002244887074,-0.11311002244887074,-9.077629204938747,9.077629204938747,0.0,-0.0,-0.04702484287288408,0.04702484287288408,1.1195494220063973,LB
28.0,1.273106611867065,optimal,29.588835191980532,-29.588835191980532,-34.7570816903331,34.7570816903331,0.30260343746807083,-0.30260343746807083,-10.379911677611851,10.379911677611851,0.0,-0.0,-0.8159331276681047,0.8159331276681047,1.174668805474077,LB
28.5,1.337758302296475,optimal,30.354191456297542,-30.354191456297542,-37.48521852426675,37.48521852426675,0.31797043311454687,-0.31797043311454687,-6.287600961781666,6.287600961781666,0.0,-0.0,-4.258015284363598,4.258015284363598,1.2349272613054478,LB
29.0,1.3985567662882663,optimal,31.021929249207567,-31.021929249207567,-39.94675219186499,39.94675219186499,0.3324215592222918,-0.3324215592222918,-2.5431978736601017,2.5431978736601017,0.0,-0.0,-7.390943291533493,7.390943291533493,1.287694000942427,LB
29.5,1.4397554694563137,optimal,31.48866443369397,-31.48866443369397,-41.638744795697484,41.638744795697484,0.3309001878892671,-0.3309001878892671,0.0,-0.0,0.0,-0.0,-9.510737835228012,9.510737835228012,1.3223407707042212,LB
30.0,1.46861962337114,optimal,32.406137156153854,-32.406137156153854,-43.53339613291472,43.53339613291472,0.3067057878350173,-0.3067057878350173,0.0,-0.0,0.0,-0.0,-8.09383394289602,8.09383394289602,1.3433688786522902,LB
30.5,1.488295117060774,optimal,33.203614670936645,-33.203614670936645,-45.67267067152698,45.67267067152698,0.7321794083356821,-0.7321794083356821,0.0,-0.0,0.0,-0.0,-6.621405751300042,6.621405751300042,1.3755330895194549,LB
31.0,1.504427660355607,optimal,33.65882931444652,-33.65882931444652,-45.685563444336374,45.685563444336374,1.485793043671761,-1.485793043671761,0.0,-0.0,0.0,-0.0,-6.28389309410887,6.28389309410887,1.3573129064452614,LB
31.5,1.5202181834446622,optimal,34.10382899473573,-34.10382899473573,-45.697957233147726,45.697957233147726,2.2228654668673187,-2.2228654668673187,0.0,-0.0,0.0,-0.0,-5.953648744982858,5.953648744982858,1.3399655868612779,LB
32.0,1.5356241906133348,optimal,34.53759193370695,-34.53759193370695,-45.70988900852782,45.70988900852782,2.9415888688718876,-2.9415888688718876,0.0,-0.0,0.0,-0.0,-5.631526300460395,5.631526300460395,1.3234822247093976,LB
32.5,1.5521637201141525,optimal,34.9986757393941,-34.9986757393941,-45.720861101761805,45.720861101761805,3.70859957263862,-3.70859957263862,0.0,-0.0,0.0,-0.0,-5.286621958021962,5.286621958021962,1.3063597446431077,LB
33.0,1.5684689440349218,optimal,35.36534346130782,-35.36534346130782,-45.696524085363045,45.696524085363045,4.37686031002015,-4.37686031002015,0.0,-0.0,0.0,-0.0,-4.964180505527039,4.964180505527039,1.2921272526409437,LB
33.5,1.5843105878283241,optimal,35.80513976223157,-35.80513976223157,-45.706300384418185,45.706300384418185,5.109674918747529,-5.109674918747529,0.0,-0.0,0.0,-0.0,-4.634195820508447,4.634195820508447,1.2765290315283362,LB
34.0,1.5991714022633676,optimal,36.218832051971404,-36.218832051971404,-45.71592171152677,45.71592171152677,5.798243399060178,-5.798243399060178,0.0,-0.0,0.0,-0.0,-4.324416849976975,4.324416849976975,1.2622141334079389,LB
34.5,1.6131061851583084,optimal,36.607853149394124,-36.607853149394124,-45.7253864918017,45.7253864918017,6.445012149235024,-6.445012149235024,0.0,-0.0,0.0,-0.0,-4.033719840192545,4.033719840192545,1.2490594929235417,LB
35.0,1.6261445609532788,optimal,36.97299699124576,-36.97299699124576,-45.734701608048496,45.734701608048496,7.051323060727832,-7.051323060727832,0.0,-0.0,0.0,-0.0,-3.761493407610269,3.761493407610269,1.2369757750197334,LB
35.5,1.6382960207588009,optimal,37.314546262427555,-37.314546262427555,-45.74388059442002,45.74388059442002,7.617634372768061,-7.617634372768061,0.0,-0.0,0.0,-0.0,-3.5075360119863555,3.5075360119863555,1.2258994192964383,LB
36.0,1.6495503345351479,optimal,37.6322828981268,-37.6322828981268,-45.752943514458195,45.752943514458195,8.143538798454507,-8.143538798454507,0.0,-0.0,0.0,-0.0,-3.2720475587577758,3.2720475587577758,1.2157897419700683,LB
36.5,1.6598759911004974,optimal,37.92544866995407,-37.92544866995407,-45.761917556258425,45.761917556258425,8.62769525617255,-8.62769525617255,0.0,-0.0,0.0,-0.0,-3.05566111505518,3.05566111505518,1.2066282446517946,LB
37.0,1.6692153889325392,optimal,38.19262353625325,-38.19262353625325,-45.770838809966435,45.770838809966435,9.067618265551841,-9.067618265551841,0.0,-0.0,0.0,-0.0,-2.8595407135993254,2.8595407135993254,1.198420914094047,LB
37.5,1.677475109763598,optimal,38.43147954197259,-38.43147954197259,-45.779755835228464,45.779755835228464,9.459251940837113,-9.459251940837113,0.0,-0.0,0.0,-0.0,-2.6855791707700853,2.6855791707700853,1.191204616133254,LB
38.0,1.684507820496429,optimal,38.638322840346824,-38.638322840346824,-45.7887362769303,45.7887362769303,9.796177257534525,-9.796177257534525,0.0,-0.0,0.0,-0.0,-2.5367661811353983,2.5367661811353983,1.1850601400616925,LB
38.5,1.6900626348374963,optimal,38.80683747154591,-38.80683747154591,-45.79788496836963,45.79788496836963,10.067437684536888,-10.067437684536888,0.0,-0.0,0.0,-0.0,-2.4181979266314033,2.4181979266314033,1.1801498898731368,LB
39.0,1.6936882451985453,optimal,38.925633820372624,-38.925633820372624,-45.80737923675401,45.80737923675401,10.253295900591688,-10.253295900591688,0.0,-0.0,0.0,-0.0,-2.3390473162099186,2.3390473162099186,1.1767921223360958,LB
39.5,1.694776400986405,optimal,38.93952076655706,-38.93952076655706,-45.801521776568,45.801521776568,10.287310149961751,-10.287310149961751,0.0,-0.0,0.0,-0.0,-2.319645303273705,2.319645303273705,1.1762220200692435,LB
40.0,1.693220744251981,optimal,38.92552960667699,-38.92552960667699,-45.81224055545506,45.81224055545506,10.244544456972061,-10.244544456972061,0.0,-0.0,0.0,-0.0,-2.3462105437088607,2.3462105437088607,1.1769201605826523,LB
40.5,1.687636167385853,optimal,38.810941955374496,-38.810941955374496,-45.82881923124778,45.82881923124778,10.020893848256138,-10.020893848256138,0.0,-0.0,0.0,-0.0,-2.4525258904677893,2.4525258904677893,1.1808221321693908,LB
41.0,1.6764725117469914,optimal,38.592075918428186,-38.592075918428186,-45.85832832562086,45.85832832562086,9.595575044907354,-9.595575044907354,0.0,-0.0,0.0,-0.0,-2.666867882689665,2.666867882689665,1.18828353319348,LB
41.5,1.6556638255690976,optimal,38.088425603064394,-38.088425603064394,-45.87505581060578,45.87505581060578,8.707103577261853,-8.707103577261853,0.0,-0.0,0.0,-0.0,-3.085532539066134,3.085532539066134,1.2044356017413047,LB
42.0,1.6382933282234318,optimal,37.67107309018701,-37.67107309018701,-45.89025159619716,45.89025159619716,7.968513349176067,-7.968513349176067,0.0,-0.0,0.0,-0.0,-3.4344057663436804,3.4344057663436804,1.2181827548775397,LB
42.5,1.6134032441796218,optimal,37.062701982833204,-37.062701982833204,-45.90788589536291,45.90788589536291,6.899842598671066,-6.899842598671066,0.0,-0.0,0.0,-0.0,-3.936373999657049,3.936373999657049,1.2386545890967864,LB
43.0,1.5582292197554568,optimal,35.6871706181878,-35.6871706181878,-45.936195630184145,45.936195630184145,4.503961776427408,-4.503961776427408,0.0,-0.0,0.0,-0.0,-5.054480684350392,5.054480684350392,1.2871907420638435,LB
43.5,1.4438450256792577,optimal,33.34545629275553,-33.34545629275553,-46.015449316578646,46.015449316578646,0.3526165540939017,-0.3526165540939017,0.0,-0.0,0.0,-0.0,-7.362205270970498,7.362205270970498,1.3799616029418598,LB
44.0,1.3313277208857366,optimal,41.73410133834691,-41.73410133834691,-50.7341232179678,50.7341232179678,6.354736357602915,-6.354736357602915,0.0,-0.0,0.0,-0.0,-7.311908117420814,7.311908117420814,1.2156515077839072,LB
44.5,1.1251632777918166,optimal,34.66376231692611,-34.66376231692611,-42.640599495459085,42.640599495459085,0.22718790581697354,-0.22718790581697354,-3.7179422081385054,3.7179422081385054,0.0,-0.0,-9.915883934596495,9.915883934596495,1.2301203517841435,LB
45.0,0.6299655752361273,optimal,24.993656331930264,-24.993656331930264,-18.641793171805546,18.641793171805546,0.19262772376782675,-0.19262772376782675,0.0,-0.0,0.0,-0.0,-0.024513220463588187,0.024513220463588187,0.7458609866532416,LB
45.5,0.26733121936722226,optimal,13.054725898139276,-13.054725898139276,-9.531035998340151,9.531035998340151,0.08174320360201241,-0.08174320360201241,0.0,-0.0,0.0,-0.0,-0.010402392408017352,0.010402392408017352,0.7300831953659506,LB
46.0,0.091035104586867,optimal,10.317495142750815,-10.317495142750815,-0.3069670043680458,0.3069670043680458,10.307690343363948,-10.307690343363948,0.0,-0.0,-0.00014802308005693236,0.00014802308005693236,-0.003542357989684169,0.003542357989684169,0.02975208615278333,LB
46.5,0.026194727278643692,optimal,7.295253981586935,-7.295253981586935,-0.0883276511786772,0.0883276511786772,7.296416909601834,-7.296416909601834,0.0,-0.0,-4.259262655508331e-05,4.259262655508331e-05,-0.0010192892278665835,0.0010192892278665835,0.012107549840158315,LB
47.0,0.006699058115370386,optimal,6.4073377407286705,-6.4073377407286705,-0.022588976099878668,0.022588976099878668,6.407635148763232,-6.407635148763232,0.0,-0.0,-1.0892668495594465e-05,1.0892668495594465e-05,-0.0002606737493852925,0.0002606737493852925,0.003525485468994452,LB
47.5,0.0015855478755674437,optimal,6.1984710786030925,-6.1984710786030925,-0.0052219464340057305,0.0052219464340057305,6.198562213516658,-6.198562213516658,0.0,-0.0,-2.578100845980547e-06,2.578100845980547e-06,-6.169683893408037e-05,6.169683893408037e-05,0.0008424571749687933,LB
48.0,0.0008330854355358907,optimal,6.195412941385015,-6.195412941385015,-0.002743737723947212,0.002743737723947212,6.195460825886222,-6.195460825886222,0.0,-0.0,-1.3545969180623992e-06,1.3545969180623992e-06,-3.241702046757258e-05,3.241702046757258e-05,0.0004428659961661629,LB
48.5,0.0007612906325597328,optimal,6.223434877708297,-6.223434877708297,-0.00250728405316334,0.00250728405316334,6.223478635551921,-6.223478635551921,0.0,-0.0,-1.237858568541997e-06,1.237858568541997e-06,-2.962334109416432e-05,2.962334109416432e-05,0.00040287784839593537,LB
49.0,0.0006812867669100445,optimal,6.25012389283194,-6.25012389283194,-0.002243794121781389,0.002243794121781389,6.250163052173372,-6.250163052173372,0.0,-0.0,-1.1077722829956172e-06,1.1077722829956172e-06,-2.6510230674003653e-05,2.6510230674003653e-05,0.0003589999430818839,LB
49.5,0.0005709002896714997,optimal,6.2744668129884955,-6.2744668129884955,-0.0018802401225229452,0.0018802401225229452,6.274499627480796,-6.274499627480796,0.0,-0.0,-9.282838710057938e-07,9.282838710057938e-07,-2.22148720716974e-05,2.22148720716974e-05,0.00029966532273798045,LB
50.0,0.0005604319996210812,optimal,6.302631126894189,-6.302631126894189,-0.0018466744380642394,0.0018466744380642394,6.302664383769693,-6.302664383769693,0.0,-0.0,0.0,-0.0,-2.1807529969255516e-05,2.1807529969255516e-05,0.0002930005581612141,LB
5.0,0.0009009323955701832,optimal,2.4692515258860444,-2.4692515258860444,-4.941228873187101,4.941228873187101,0.0,-0.0,0.0,-0.0,-4.937004314694762,4.937004314694762,0.0,-0.0,2.0011039059352345,BHI
5.5,0.0016506856816910318,optimal,2.500706412051067,-2.500706412051067,-5.006407066070485,5.006407066070485,0.0,-0.0,0.0,-0.0,-4.998666842443213,4.998666842443213,0.0,-0.0,2.001997132467963,BHI
6.0,0.002588894335245175,optimal,2.54006768854413,-2.54006768854413,-5.087968221877627,5.087968221877627,0.0,-0.0,0.0,-0.0,-5.075828647805806,5.075828647805806,0.0,-0.0,2.0030837149831457,BHI
6.5,0.0037479913276744566,optimal,2.588696036863509,-2.588696036863509,-5.1887318313764075,5.1887318313764075,0.0,-0.0,0.0,-0.0,-5.171157140233778,5.171157140233778,0.0,-0.0,2.0043804902112528,BHI
7.0,0.005169517483589075,optimal,2.648736558710636,-2.648736558710636,-5.311102219417636,5.311102219417636,0.0,-0.0,0.0,-0.0,-5.284850293020195,5.284850293020195,0.0,-0.0,2.0051455105837324,BHI
7.5,0.0069947445210206145,optimal,2.725453539562049,-2.725453539562049,-5.469348275390121,5.469348275390121,0.0,-0.0,0.0,-0.0,-5.43382745184756,5.43382745184756,0.0,-0.0,2.0067662853166763,BHI
8.0,0.009233122204250276,optimal,2.8195358506066,-2.8195358506066,-5.663414236984885,5.663414236984885,0.0,-0.0,0.0,-0.0,-5.616526448077306,5.616526448077306,0.0,-0.0,2.0086335258927277,BHI
8.5,0.011955422772616377,optimal,2.9339581533076493,-2.9339581533076493,-5.899436013608244,5.899436013608244,0.0,-0.0,0.0,-0.0,-5.83872379439758,5.83872379439758,0.0,-0.0,2.0107430663104076,BHI
9.0,0.01524069088057995,optimal,3.0738962923017694,-3.0738962923017694,-6.18797369070597,6.18797369070597,0.0,-0.0,0.0,-0.0,-6.110578170425155,6.110578170425155,0.0,-0.0,2.0130717181978652,BHI
9.5,0.01917622311545656,optimal,3.23979112479305,-3.23979112479305,-6.530139134551722,6.530139134551722,0.0,-0.0,0.0,-0.0,-6.432758131507241,6.432758131507241,0.0,-0.0,2.0156049828579152,BHI
10.0,0.023857622134093752,optimal,3.437126544673309,-3.437126544673309,-6.937152183215339,6.937152183215339,0.0,-0.0,0.0,-0.0,-6.815998024772029,6.815998024772029,0.0,-0.0,2.018299906346538,BHI
10.5,0.029388828256582376,optimal,3.6702839572929444,-3.6702839572929444,-7.418049679399361,7.418049679399361,0.0,-0.0,0.0,-0.0,-7.2688068615255315,7.2688068615255315,0.0,-0.0,2.0211105641184828,BHI
11.0,0.03588139825403846,optimal,3.943965824924671,-3.943965824924671,-7.982530659936626,7.982530659936626,0.0,-0.0,0.0,-0.0,-7.800317169220596,7.800317169220596,0.0,-0.0,2.023985758063482,BHI
11.5,0.043454150875409256,optimal,4.263180724624155,-4.263180724624155,-8.64092553696567,8.64092553696567,0.0,-0.0,0.0,-0.0,-8.420255972723755,8.420255972723755,0.0,-0.0,2.026872913703995,BHI
12.0,0.052233116700106504,optimal,4.587501738731746,-4.587501738731746,-9.266973251091905,9.266973251091905,0.0,-0.0,0.0,-0.0,-9.093201193399455,9.093201193399455,0.0,-0.0,2.020047899459508,BHI
12.5,0.06234906134174911,optimal,5.0050617023885,-5.0050617023885,-10.119904888628854,10.119904888628854,0.0,-0.0,0.0,-0.0,-9.912478539809689,9.912478539809689,0.0,-0.0,2.0219340920011963,BHI
13.0,0.07393664027451252,optimal,5.483366913561423,-5.483366913561423,-11.096918210106036,11.096918210106036,0.0,-0.0,0.0,-0.0,-10.85094165478893,10.85094165478893,0.0,-0.0,2.0237416873675222,BHI
13.5,0.08713365283678473,optimal,6.028105371618592,-6.028105371618592,-12.209631845271467,12.209631845271467,0.0,-0.0,0.0,-0.0,-11.919750729529493,11.919750729529493,0.0,-0.0,2.0254509655316606,BHI
14.0,0.10207916841157967,optimal,6.6450175000769685,-6.6450175000769685,-13.469771508409636,13.469771508409636,0.0,-0.0,0.0,-0.0,-13.130168814504561,13.130168814504561,0.0,-0.0,2.027048312251039,BHI
14.5,0.1188679512923395,optimal,7.79263187015219,-7.79263187015219,-14.885327304928259,14.885327304928259,0.0,-0.0,0.0,-0.0,-13.580636854141815,13.580636854141815,0.0,-0.0,1.910179712446438,BHI
15.0,0.1375082496263037,optimal,10.752878946136377,-10.752878946136377,-16.59983591413403,16.59983591413403,0.0,-0.0,0.0,-0.0,-10.565801618882846,10.565801618882846,0.0,-0.0,1.543757350685932,BHI
15.5,0.1582724772089703,optimal,14.050425095097982,-14.050425095097982,-18.37215312292087,18.37215312292087,0.0,-0.0,0.0,-0.0,-7.344994825249991,7.344994825249991,0.0,-0.0,1.3075869945978138,BHI
16.0,0.18128628661252824,optimal,17.705225075954928,-17.705225075954928,-20.336481932325494,20.336481932325494,0.0,-0.0,0.0,-0.0,-3.775248087537132,3.775248087537132,0.0,-0.0,1.1486147080922466,BHI
16.5,0.20666257014964262,optimal,21.73520720361294,-21.73520720361294,-22.34150850503516,22.34150850503516,0.0,-0.0,0.0,-0.0,0.0,-0.0,0.0,-0.0,1.027894894018836,BHI
17.0,0.23119437450668376,optimal,4.040100964491633,-4.040100964491633,-8.34940708105629,8.34940708105629,0.0,-0.0,0.0,-0.0,-7.625391197273702,7.625391197273702,0.0,-0.0,2.0666332733857553,BHI
17.5,0.25581821484050854,optimal,4.8833313834396055,-4.8833313834396055,-8.601102667764213,8.601102667764213,0.0,-0.0,0.0,-0.0,-7.551685573096096,7.551685573096096,0.0,-0.0,1.7613186557300504,BHI
18.0,0.282430493761109,optimal,6.192749440592217,-6.192749440592217,-9.580297594635812,9.580297594635812,0.0,-0.0,0.0,-0.0,-6.903321446837696,6.903321446837696,0.0,-0.0,1.5470184425416769,BHI
18.5,0.31123046409564536,optimal,7.6098096372787305,-7.6098096372787305,-10.639988308451418,10.639988308451418,0.0,-0.0,0.0,-0.0,-6.201657840427589,6.201657840427589,0.0,-0.0,1.3981937545886207,BHI
19.0,0.3423155404398281,optimal,8.288702657072623,-8.288702657072623,-11.118070284598323,11.118070284598323,0.0,-0.0,0.0,-0.0,-5.814148564304326,5.814148564304326,0.0,-0.0,1.3413522893249699,BHI
19.5,0.3757345560446436,optimal,10.05633689980548,-10.05633689980548,-12.444214307923874,12.444214307923874,0.0,-0.0,0.0,-0.0,-4.9463405590883855,4.9463405590883855,0.0,-0.0,1.2374500210076078,BHI
20.0,0.41154645929951383,optimal,11.950538310143434,-11.950538310143434,-13.865313661266807,13.865313661266807,0.0,-0.0,0.0,-0.0,-4.016395264047477,4.016395264047477,0.0,-0.0,1.1602250293192349,BHI
20.5,0.4498327966074026,optimal,15.286978564957947,-15.286978564957947,-17.632647330661726,17.632647330661726,0.0,-0.0,0.0,-0.0,-1.2302767618665555,1.2302767618665555,0.0,-0.0,1.1534422747920057,BHI
21.0,0.49063990753656284,optimal,17.564353253353456,-17.564353253353456,-19.455901972819042,19.455901972819042,0.0,-0.0,0.0,-0.0,-0.008062473154570537,0.008062473154570537,0.0,-0.0,1.1076924776096977,BHI
21.5,0.5338140768879064,optimal,18.87250903462335,-18.87250903462335,-19.716075936115498,19.716075936115498,0.0,-0.0,0.0,-0.0,0.0,-0.0,0.0,-0.0,1.0446981850661483,BHI
22.0,0.5789770374638569,optimal,18.438701305773478,-18.438701305773478,-19.353637585415743,19.353637585415743,0.0,-0.0,0.0,-0.0,0.0,-0.0,0.0,-0.0,1.0496204295774227,BHI
22.5,0.6266728440521987,optimal,17.98056460995266,-17.98056460995266,-18.970872831849537,18.970872831849537,0.0,-0.0,0.0,-0.0,0.0,-0.0,0.0,-0.0,1.05507659205255,BHI
23.0,0.6769722115904344,optimal,16.169764141508704,-16.169764141508704,-17.750195372340947,17.750195372340947,0.0,-0.0,0.0,-0.0,0.0,-0.0,0.0,-0.0,1.0977399062225766,BHI
23.5,0.729500657992283,optimal,17.62054922975051,-17.62054922975051,-18.16132781296627,18.16132781296627,0.0,-0.0,0.0,-0.0,0.0,-0.0,0.0,-0.0,1.0306902228849206,BHI
24.0,0.7844220109451162,optimal,18.166318940771248,-18.166318940771248,-16.775059245569725,16.775059245569725,0.0,-0.0,0.0,-0.0,0.0,-0.0,0.0,-0.0,0.9234154316161942,BHI
24.5,0.8418614530617416,optimal,19.394811659707443,-19.394811659707443,-16.24601166598923,16.24601166598923,0.0,-0.0,0.0,-0.0,0.0,-0.0,0.0,-0.0,0.8376473023319004,BHI
25.0,0.9012919830902123,optimal,21.353818890814228,-21.353818890814228,-16.664190011019095,16.664190011019095,0.0,-0.0,0.0,-0.0,0.0,-0.0,0.0,-0.0,0.7803845343180057,BHI
25.5,0.9605912358832471,optimal,23.723533804043335,-23.723533804043335,-19.079130338307863,19.079130338307863,0.08990749731372841,-0.08990749731372841,0.0,-0.0,0.0,-0.0,0.0,-0.0,0.804228008183844,BHI
26.0,1.0216591931774062,optimal,25.246676271409655,-25.246676271409655,-21.884717386053595,21.884717386053595,0.09562321384463252,-0.09562321384463252,0.0,-0.0,0.0,-0.0,0.0,-0.0,0.8668355846443329,BHI
26.5,1.0825607216925635,optimal,26.33235917039077,-26.33235917039077,-25.24905147271139,25.24905147271139,0.10132335330753717,-0.10132335330753717,-2.3792165247187427,2.3792165247187427,0.0,-0.0,-0.04212460280250103,0.04212460280250103,0.9588602110935242,BHI
27.0,1.144689990724872,optimal,27.36311580399725,-27.36311580399725,-28.491920709504342,28.491920709504342,0.10713840437188513,-0.10713840437188513,-5.686947091837163,5.686947091837163,0.0,-0.0,-0.04454217691908622,0.04454217691908622,1.0412527912973344,BHI
27.5,1.2084920557381815,optimal,28.418571357083245,-28.418571357083245,-31.81599513707006,31.81599513707006,0.11311002244887085,-0.11311002244887085,-9.07762920493868,9.07762920493868,0.0,-0.0,-0.04702484287288412,0.04702484287288412,1.1195494220063957,BHI
28.0,1.2731066118670624,optimal,29.58883519198049,-29.58883519198049,-34.75708169033305,34.75708169033305,0.30260343746807017,-0.30260343746807017,-10.379911677611835,10.379911677611835,0.0,-0.0,-0.8159331276681054,0.8159331276681054,1.174668805474077,BHI
28.5,1.3377583022964699,optimal,30.354191456297436,-30.354191456297436,-37.48521852426671,37.48521852426671,0.3179704331145456,-0.3179704331145456,-6.287600961781454,6.287600961781454,0.0,-0.0,-4.258015284363741,4.258015284363741,1.2349272613054512,BHI
29.0,1.3985567662882648,optimal,31.02192924920754,-31.02192924920754,-39.94675219186495,39.94675219186495,0.33242155922229133,-0.33242155922229133,-2.5431978736600915,2.5431978736600915,0.0,-0.0,-7.390943291533492,7.390943291533492,1.287694000942427,BHI
29.5,1.4397554694563095,optimal,31.488664433693895,-31.488664433693895,-41.63874479569736,41.63874479569736,0.33090018788932063,-0.33090018788932063,0.0,-0.0,0.0,-0.0,-9.510737835228058,9.510737835228058,1.3223407707042205,BHI
30.0,1.4686196233711433,optimal,32.40613715615387,-32.40613715615387,-43.53339613291449,43.53339613291449,0.3067057878350177,-0.3067057878350177,0.0,-0.0,0.0,-0.0,-8.09383394289622,8.09383394289622,1.3433688786522826,BHI
30.5,1.4882951170607723,optimal,33.20361467093661,-33.20361467093661,-45.67267067152691,45.67267067152691,0.7321794083356978,-0.7321794083356978,0.0,-0.0,0.0,-0.0,-6.621405751300026,6.621405751300026,1.3755330895194542,BHI
31.0,1.5044276603556066,optimal,33.658829314446514,-33.658829314446514,-45.685563444336374,45.685563444336374,1.4857930436717504,-1.4857930436717504,0.0,-0.0,0.0,-0.0,-6.283893094108874,6.283893094108874,1.3573129064452618,BHI
31.5,1.520218183444656,optimal,34.10382899473565,-34.10382899473565,-45.697957233147505,45.697957233147505,2.2228654668674412,-2.2228654668674412,0.0,-0.0,0.0,-0.0,-5.953648744982783,5.953648744982783,1.3399655868612745,BHI
32.0,1.5356241906133326,optimal,34.537591933706906,-34.537591933706906,-45.70988900852776,45.70988900852776,2.9415888688718845,-2.9415888688718845,0.0,-0.0,0.0,-0.0,-5.631526300460391,5.631526300460391,1.3234822247093976,BHI
32.5,1.5521637201141547,optimal,34.998675739394095,-34.998675739394095,-45.72086110176189,45.72086110176189,3.70859957263853,-3.70859957263853,0.0,-0.0,0.0,-0.0,-5.286621958022005,5.286621958022005,1.3063597446431103,BHI
33.0,1.568468944034911,optimal,35.36534346130772,-35.36534346130772,-45.696524085362675,45.696524085362675,4.376860310020398,-4.376860310020398,0.0,-0.0,0.0,-0.0,-4.964180505526891,4.964180505526891,1.2921272526409373,BHI
33.5,1.58431058782832,optimal,35.80513976223153,-35.80513976223153,-45.70630038441806,45.70630038441806,5.109674918747608,-5.109674918747608,0.0,-0.0,0.0,-0.0,-4.634195820508403,4.634195820508403,1.2765290315283337,BHI
34.0,1.599171402263367,optimal,36.21883205197138,-36.21883205197138,-45.71592171152673,45.71592171152673,5.798243399060177,-5.798243399060177,0.0,-0.0,0.0,-0.0,-4.324416849976972,4.324416849976972,1.2622141334079386,BHI
34.5,1.6131061851583035,optimal,36.60785314939409,-36.60785314939409,-45.725386491801544,45.725386491801544,6.44501214923514,-6.44501214923514,0.0,-0.0,0.0,-0.0,-4.033719840192482,4.033719840192482,1.2490594929235386,BHI
35.0,1.6261445609532785,optimal,36.972996991245765,-36.972996991245765,-45.73470160804849,45.73470160804849,7.05132306072786,-7.05132306072786,0.0,-0.0,0.0,-0.0,-3.761493407610257,3.761493407610257,1.236975775019733,BHI
35.5,1.6382960207588,optimal,37.31454626242755,-37.31454626242755,-45.74388059442,45.74388059442,7.617634372768078,-7.617634372768078,0.0,-0.0,0.0,-0.0,-3.5075360119863497,3.5075360119863497,1.2258994192964379,BHI
36.0,1.6495503345351479,optimal,37.63228289812683,-37.63228289812683,-45.75294351445821,45.75294351445821,8.143538798454525,-8.143538798454525,0.0,-0.0,0.0,-0.0,-3.272047558757772,3.272047558757772,1.2157897419700676,BHI
36.5,1.6598759911004966,optimal,37.92544866995407,-37.92544866995407,-45.76191755625842,45.76191755625842,8.627695256172583,-8.627695256172583,0.0,-0.0,0.0,-0.0,-3.0556611150551696,3.0556611150551696,1.2066282446517946,BHI
37.0,1.6692153889325374,optimal,38.19262353625325,-38.19262353625325,-45.77083880996635,45.77083880996635,9.067618265551951,-9.067618265551951,0.0,-0.0,0.0,-0.0,-2.859540713599265,2.859540713599265,1.1984209140940447,BHI
37.5,1.677475109763598,optimal,38.4314795419726,-38.4314795419726,-45.779755835228464,45.779755835228464,9.459251940837127,-9.459251940837127,0.0,-0.0,0.0,-0.0,-2.6855791707700827,2.6855791707700827,1.1912046161332537,BHI
38.0,1.684507820496424,optimal,38.63832284034675,-38.63832284034675,-45.788736276930074,45.788736276930074,9.796177257534689,-9.796177257534689,0.0,-0.0,0.0,-0.0,-2.536766181135296,2.536766181135296,1.185060140061689,BHI
38.5,1.6900626348374979,optimal,38.80683747154591,-38.80683747154591,-45.79788496836969,45.79788496836969,10.067437684536825,-10.067437684536825,0.0,-0.0,0.0,-0.0,-2.4181979266314366,2.4181979266314366,1.1801498898731384,BHI
39.0,1.693688245198544,optimal,38.92563382037261,-38.92563382037261,-45.80737923675396,45.80737923675396,10.253295900591722,-10.253295900591722,0.0,-0.0,0.0,-0.0,-2.3390473162098964,2.3390473162098964,1.1767921223360949,BHI
39.5,1.6947764009864046,optimal,38.939520766557074,-38.939520766557074,-45.801521776567995,45.801521776567995,10.287310149961778,-10.287310149961778,0.0,-0.0,0.0,-0.0,-2.3196453032736994,2.3196453032736994,1.1762220200692428,BHI
40.0,1.6932207442519824,optimal,38.925529606677,-38.925529606677,-45.81224055545512,45.81224055545512,10.244544456972015,-10.244544456972015,0.0,-0.0,0.0,-0.0,-2.346210543708887,2.346210543708887,1.1769201605826531,BHI
40.5,1.6876361673858526,optimal,38.81094195537451,-38.81094195537451,-45.82881923124781,45.82881923124781,10.020893848256131,-10.020893848256131,0.0,-0.0,0.0,-0.0,-2.4525258904678,2.4525258904678,1.1808221321693912,BHI
41.0,1.676472511746993,optimal,38.592075918428215,-38.592075918428215,-45.858328325620924,45.858328325620924,9.59557504490733,-9.59557504490733,0.0,-0.0,0.0,-0.0,-2.6668678826896866,2.6668678826896866,1.188283533193481,BHI
41.5,1.6556638255690987,optimal,38.08842560306441,-38.08842560306441,-45.87505581060586,45.87505581060586,8.707103577261789,-8.707103577261789,0.0,-0.0,0.0,-0.0,-3.0855325390661696,3.0855325390661696,1.2044356017413063,BHI
42.0,1.6382933282234295,optimal,37.67107309018697,-37.67107309018697,-45.89025159619704,45.89025159619704,7.9685133491761615,-7.9685133491761615,0.0,-0.0,0.0,-0.0,-3.434405766343619,3.434405766343619,1.2181827548775377,BHI
42.5,1.613403244179626,optimal,37.06270198283326,-37.06270198283326,-45.90788589536301,45.90788589536301,6.899842598671047,-6.899842598671047,0.0,-0.0,0.0,-0.0,-3.936373999657068,3.936373999657068,1.238654589096787,BHI
43.0,1.5582292197554508,optimal,35.68717061818776,-35.68717061818776,-45.93619563018392,45.93619563018392,4.503961776427584,-4.503961776427584,0.0,-0.0,0.0,-0.0,-5.054480684350294,5.054480684350294,1.2871907420638387,BHI
43.5,1.4438450256792519,optimal,33.34545629275559,-33.34545629275559,-46.01544931657871,46.01544931657871,0.3526165540939027,-0.3526165540939027,0.0,-0.0,0.0,-0.0,-7.362205270970543,7.362205270970543,1.379961602941859,BHI
44.0,1.3313277208857226,optimal,41.73410133834645,-41.73410133834645,-50.734123217967614,50.734123217967614,6.3547363576023965,-6.3547363576023965,0.0,-0.0,0.0,-0.0,-7.311908117421002,7.311908117421002,1.215651507783916,BHI
44.5,1.1251632777918226,optimal,34.66376231692616,-34.66376231692616,-42.640599495459476,42.640599495459476,0.22718790581697476,-0.22718790581697476,-3.717942208137726,3.717942208137726,0.0,-0.0,-9.915883934597135,9.915883934597135,1.230120351784153,BHI
45.0,0.6300217884693751,optimal,25.008403147834052,-25.008403147834052,-18.65180100472421,18.65180100472421,0.1926449123692232,-0.1926449123692232,0.0,-0.0,0.0,-0.0,-0.024515407832920322,0.024515407832920322,0.7458213503063917,BHI
45.5,0.2673410823699391,optimal,13.06052184196774,-13.06052184196774,-9.534930505158725,9.534930505158725,0.08174621946166814,-0.08174621946166814,0.0,-0.0,0.0,-0.0,-0.01040277619717907,0.01040277619717907,0.7300573913149371,BHI
46.0,0.09103623380276779,optimal,10.320208835147595,-10.320208835147595,-0.30697081204228227,0.30697081204228227,10.310403914140219,-10.310403914140219,0.0,-0.0,-0.00014802491616415392,0.00014802491616415392,-0.0035424019297333005,0.0035424019297333005,0.029744631813731326,BHI
46.5,0.02619482028103105,optimal,7.296023884071417,-7.296023884071417,-0.08832796477928631,0.08832796477928631,7.297186816215203,-7.297186816215203,0.0,-0.0,-4.259277777695352e-05,4.259277777695352e-05,-0.0010192928467754802,0.0010192928467754802,0.012106315190678413,BHI
47.0,0.006699064168238641,optimal,6.407533796718427,-6.407533796718427,-0.022588996509926473,0.022588996509926473,6.407831205021708,-6.407831205021708,0.0,-0.0,-1.089267833755304e-05,1.089267833755304e-05,-0.000260673984914502,0.000260673984914502,0.0035253807824619306,BHI
47.5,0.0015855482358935389,optimal,6.1985174307296695,-6.1985174307296695,-0.005221947620727114,0.005221947620727114,6.198608565663947,-6.198608565663947,0.0,-0.0,-2.5781014315621865e-06,2.5781014315621865e-06,-6.169685295508939e-05,6.169685295508939e-05,0.0008424510665790615,BHI
48.0,0.0008330855344779421,optimal,6.195437291660688,-6.195437291660688,-0.0027437380498093957,0.0027437380498093957,6.1954851761675815,-6.1954851761675815,0.0,-0.0,-1.3545970788292953e-06,1.3545970788292953e-06,-3.241702431760568e-05,3.241702431760568e-05,0.00044286430814215156,BHI
48.5,0.000761290714568661,optimal,6.223457129095649,-6.223457129095649,-0.0025072843232568746,0.0025072843232568746,6.223500886943985,-6.223500886943985,0.0,-0.0,-1.2378587016571297e-06,1.2378587016571297e-06,-2.9623344285295742e-05,2.9623344285295742e-05,0.00040287645134324504,BHI
49.0,0.0006812868318359688,optimal,6.250143805426949,-6.250143805426949,-0.002243794335612649,0.002243794335612649,6.250182964772113,-6.250182964772113,0.0,-0.0,-1.1077723879832785e-06,1.1077723879832785e-06,-2.6510233200401222e-05,2.6510233200401222e-05,0.0003589988335411388,BHI
49.5,0.0005709003344206616,optimal,6.274483498761277,-6.274483498761277,-0.0018802402699027436,0.0018802402699027436,6.274516313256148,-6.274516313256148,0.0,-0.0,-9.282839436667154e-07,9.282839436667154e-07,-2.2214873812976784e-05,2.2214873812976784e-05,0.0002996645493248879,BHI
50.0,0.0005604320414064585,optimal,6.302647506608004,-6.302647506608004,-0.001846674575749266,0.001846674575749266,6.302680763485991,-6.302680763485991,0.0,-0.0,0.0,-0.0,-2.1807531595208113e-05,2.1807531595208113e-05,0.00029299981853865727,BHI
