temp_C,growth,status,o2_uptake,o2_release,co2_uptake,co2_release,glc__D_uptake,glc__D_release,pyr_uptake,pyr_release,lac__D_uptake,lac__D_release,ac_uptake,ac_release,RQ,medium
5.0,0.0,infeasible,,,,,,,,,,,,,,glucose_minimal
5.5,0.0,infeasible,,,,,,,,,,,,,,glucose_minimal
6.0,0.0,infeasible,,,,,,,,,,,,,,glucose_minimal
6.5,0.0,infeasible,,,,,,,,,,,,,,glucose_minimal
7.0,0.0,infeasible,,,,,,,,,,,,,,glucose_minimal
7.5,0.0,infeasible,,,,,,,,,,,,,,glucose_minimal
8.0,0.0,infeasible,,,,,,,,,,,,,,glucose_minimal
8.5,0.0004665614104887709,optimal,1.4017630951692275,-1.4017630951692275,0.0,-0.0,1.4060886423820393,-1.4060886423820393,-2.8055173552319803,2.8055173552319803,0.0,-0.0,-0.0004151888934537425,0.0004151888934537425,-0.0,glucose_minimal
9.0,0.001672163175180387,optimal,1.433703430636271,-1.433703430636271,0.0,-0.0,1.4492062574864186,-1.4492062574864186,-2.874543226466521,2.874543226466521,0.0,-0.0,-0.0014880432945571015,0.0014880432945571015,-0.0,glucose_minimal
9.5,0.003125550461042149,optimal,1.4722084153115682,-1.4722084153115682,0.0,-0.0,1.5011857713065704,-1.5011857713065704,-2.95775588141272,2.95775588141272,0.0,-0.0,-0.0027813998504385637,0.0027813998504385637,-0.0,glucose_minimal
10.0,0.004857892387536347,optimal,1.5181038211548092,-1.5181038211548092,0.0,-0.0,1.563141928474989,-1.563141928474989,-3.0569398858281183,3.0569398858281183,0.0,-0.0,-0.004322995686216681,0.004322995686216681,-0.0,glucose_minimal
10.5,0.006902562847440508,optimal,1.5722738317848108,-1.5722738317848108,0.0,-0.0,1.6362683260031095,-1.6362683260031095,-3.174006038197688,3.174006038197688,0.0,-0.0,-0.00614252993538617,0.00614252993538617,-0.0,glucose_minimal
11.0,0.009295096856289198,optimal,1.6356598860334008,-1.6356598860334008,0.0,-0.0,1.721835852145595,-1.721835852145595,-3.3109888705521957,3.3109888705521957,0.0,-0.0,-0.008271624895561385,0.008271624895561385,-0.0,glucose_minimal
11.5,0.012073117249610752,optimal,1.709258735915373,-1.709258735915373,0.0,-0.0,1.8211900647715158,-1.8211900647715158,-3.4700424515706247,3.4700424515706247,0.0,-0.0,-0.010743760796999773,0.010743760796999773,-0.0,glucose_minimal
12.0,0.015276229643779494,optimal,1.7941196943502373,-1.7941196943502373,0.0,-0.0,1.9357474652554663,-1.9357474652554663,-3.653434433743449,3.653434433743449,0.0,-0.0,-0.013594182329181633,0.013594182329181633,-0.0,glucose_minimal
12.5,0.018945885237365904,optimal,1.8913408854505442,-1.8913408854505442,0.0,-0.0,2.06699047678063,-2.06699047678063,-3.8635379684204834,3.8635379684204834,0.0,-0.0,-0.016859776548945816,0.016859776548945816,-0.0,glucose_minimal
13.0,0.023125207461519113,optimal,2.002064814239473,-2.002064814239473,0.0,-0.0,2.2164614069111197,-2.2164614069111197,-4.1028221054342024,4.1028221054342024,0.0,-0.0,-0.020578918618184637,0.020578918618184637,-0.0,glucose_minimal
13.5,0.027858785153766732,optimal,2.1274727850066677,-2.1274727850066677,0.0,-0.0,2.3857549484371128,-2.3857549484371128,-4.373839747129999,4.373839747129999,0.0,-0.0,-0.02479128775103411,0.02479128775103411,-0.0,glucose_minimal
14.0,0.03319242930066164,optimal,2.268778480770751,-2.268778480770751,0.0,-0.0,2.57650950356906,-2.57650950356906,-4.679213769131038,4.679213769131038,0.0,-0.0,-0.029537650741285348,0.029537650741285348,-0.0,glucose_minimal
14.5,0.039172894346468166,optimal,2.427220579834013,-2.427220579834013,0.0,-0.0,2.7903972167115207,-2.7903972167115207,-5.021621064064238,5.021621064064238,0.0,-0.0,-0.03485961395746061,0.03485961395746061,-0.0,glucose_minimal
15.0,0.04584756442000629,optimal,2.6040544429041805,-2.6040544429041805,0.0,-0.0,3.0291127525560944,-3.0291127525560944,-5.403774576700231,5.403774576700231,0.0,-0.0,-0.04079934411880378,0.04079934411880378,-0.0,glucose_minimal
15.5,0.05326410548958698,optimal,2.8005428975398625,-2.8005428975398625,0.0,-0.0,3.2943608556132387,-3.2943608556132387,-5.82840338833032,5.82840338833032,0.0,-0.0,-0.04739925875106478,0.04739925875106478,-0.0,glucose_minimal
16.0,0.0614707759029181,optimal,3.0139078380665367,-3.0139078380665367,0.0,-0.0,3.5932762928877247,-3.5932762928877247,-6.309088169316437,6.309088169316437,0.0,-0.0,-0.03577137512022802,0.03577137512022802,-0.0,glucose_minimal
16.5,0.07051732047012642,optimal,3.2647079252653977,-3.2647079252653977,0.0,-0.0,3.9498588956538123,-3.9498588956538123,-6.893118500055859,6.893118500055859,0.0,-0.0,0.0,-0.0,-0.0,glucose_minimal
17.0,0.0804479963086855,optimal,3.5287998047401388,-3.5287998047401388,0.0,-0.0,4.310437881303893,-4.310437881303893,-7.472521067235425,7.472521067235425,0.0,-0.0,0.0,-0.0,-0.0,glucose_minimal
17.5,0.09130764595137005,optimal,3.817596391316651,-3.817596391316651,0.0,-0.0,4.704747545251451,-4.704747545251451,-8.10612435707505,8.10612435707505,0.0,-0.0,0.0,-0.0,-0.0,glucose_minimal
18.0,0.10313935220537952,optimal,4.13224340958724,-4.13224340958724,0.0,-0.0,5.134352207505681,-5.134352207505681,-8.796442024183818,8.796442024183818,0.0,-0.0,0.0,-0.0,-0.0,glucose_minimal
18.5,0.11598382379046329,optimal,4.473823448741644,-4.473823448741644,0.0,-0.0,5.600729985881829,-5.600729985881829,-9.54584920768749,9.54584920768749,0.0,-0.0,0.0,-0.0,-0.0,glucose_minimal
19.0,0.12987888065569064,optimal,4.84334227531515,-4.84334227531515,0.0,-0.0,6.105254108052825,-6.105254108052825,-10.356552502176129,10.356552502176129,0.0,-0.0,0.0,-0.0,-0.0,glucose_minimal
19.5,0.1448590236976252,optimal,5.241717390469343,-5.241717390469343,0.0,-0.0,6.649177288183291,-6.649177288183291,-11.2305648530287,11.2305648530287,0.0,-0.0,0.0,-0.0,-0.0,glucose_minimal
20.0,0.16095466095985622,optimal,5.669757451894116,-5.669757451894116,0.0,-0.0,7.233603630534743,-7.233603630534743,-12.169660409236185,12.169660409236185,0.0,-0.0,0.0,-0.0,-0.0,glucose_minimal
20.5,0.17819180745680518,optimal,6.128154291058398,-6.128154291058398,0.0,-0.0,7.859477730184476,-7.859477730184476,-13.17535700970354,13.17535700970354,0.0,-0.0,0.0,-0.0,-0.0,glucose_minimal
21.0,0.1965915124787125,optimal,6.617467683219376,-6.617467683219376,0.0,-0.0,8.52756387869205,-8.52756387869205,-14.24888276951595,14.24888276951595,0.0,-0.0,0.0,-0.0,-0.0,glucose_minimal
21.5,0.21616935976668777,optimal,7.138112055304831,-7.138112055304831,0.0,-0.0,9.238427915649133,-9.238427915649133,-15.391146917788477,15.391146917788477,0.0,-0.0,0.0,-0.0,-0.0,glucose_minimal
22.0,0.23693499295890375,optimal,7.690343865845037,-7.690343865845037,0.0,-0.0,9.992419997815142,-9.992419997815142,-16.602712109954158,16.602712109954158,0.0,-0.0,0.0,-0.0,-0.0,glucose_minimal
22.5,0.2588963924013698,optimal,8.274375340534473,-8.274375340534473,-0.20006728748704714,0.20006728748704714,10.789829888456552,-10.789829888456552,-17.68397666963241,17.68397666963241,0.0,-0.0,0.0,-0.0,0.024179140932483256,glucose_minimal
23.0,0.2820482483359997,optimal,8.890065274080019,-8.890065274080019,-0.21795834025209052,0.21795834025209052,11.630464792317929,-11.630464792317929,-19.016874322648164,19.016874322648164,0.0,-0.0,0.0,-0.0,0.02451706860776067,glucose_minimal
23.5,0.3063782842976554,optimal,9.537087191747808,-9.537087191747808,-0.23675985484316486,0.23675985484316486,12.513878955714556,-12.513878955714556,-20.417602105450797,20.417602105450797,0.0,-0.0,0.0,-0.0,0.024825174613903808,glucose_minimal
24.0,0.33186839718755723,optimal,10.214959667957258,-10.214959667957258,-0.256457841734057,0.256457841734057,13.439415062155462,-13.439415062155462,-21.88511778721678,21.88511778721678,0.0,-0.0,0.0,-0.0,0.025106104191338654,glucose_minimal
24.5,0.35849271089513723,optimal,10.922994565185373,-10.922994565185373,-0.2770323046505654,0.2770323046505654,14.406133560108334,-14.406133560108334,-23.41793162962272,23.41793162962272,0.0,-0.0,0.0,-0.0,0.025362303624460687,glucose_minimal
25.0,0.38621735813549596,optimal,11.660291232251176,-11.660291232251176,-0.2984570719810997,0.2984570719810997,15.412804741602196,-15.412804741602196,-25.014093826800572,25.014093826800572,0.0,-0.0,0.0,-0.0,0.02559602209210675,glucose_minimal
25.5,0.4144303931816451,optimal,12.481831744108794,-12.481831744108794,-0.3202592506098384,0.3202592506098384,16.508464976254132,-16.508464976254132,-26.78088522864644,26.78088522864644,0.0,-0.0,0.0,-0.0,0.025658032985502722,glucose_minimal
26.0,0.4436737484782371,optimal,13.32830528970598,-13.32830528970598,-0.3428576295093507,0.3428576295093507,17.639068904646603,-17.639068904646603,-28.602060514206787,28.602060514206787,0.0,-0.0,0.0,-0.0,0.02572402282637946,glucose_minimal
26.5,0.4738887518272002,optimal,14.19824441179087,-14.19824441179087,-0.36620686858282125,0.36620686858282125,18.802579006553408,-18.802579006553408,-30.474427499251334,30.474427499251334,0.0,-0.0,0.0,-0.0,0.025792404889065465,glucose_minimal
27.0,0.5050253794030068,optimal,21.12599823418947,-21.12599823418947,-0.39026831093359327,0.39026831093359327,26.032858370988503,-26.032858370988503,-44.466465083660346,44.466465083660346,0.0,-0.0,0.0,-0.0,0.018473366636091004,glucose_minimal
27.5,0.5370038839151848,optimal,22.403255514926823,-22.403255514926823,-0.4149803302718742,0.4149803302718742,27.62082092600486,-27.62082092600486,-47.1612011023014,47.1612011023014,0.0,-0.0,0.0,-0.0,0.01852321552085952,glucose_minimal
28.0,0.5697325285366056,optimal,23.705476041046715,-23.705476041046715,-0.44027203515736996,0.44027203515736996,29.241035137539438,-29.241035137539438,-49.909152875567706,49.909152875567706,0.0,-0.0,0.0,-0.0,0.018572587801865957,glucose_minimal
28.5,0.6031273538939301,optimal,25.029644258602822,-25.029644258602822,-0.4660785443302957,0.4660785443302957,30.88966969679688,-30.88966969679688,-52.7039211449652,52.7039211449652,0.0,-0.0,0.0,-0.0,0.018621061470743917,glucose_minimal
29.0,0.6372007823699843,optimal,26.376328473978045,-26.376328473978045,-0.4924094574317832,0.4924094574317832,32.56741360685682,-32.56741360685682,-55.546696993743666,55.546696993743666,0.0,-0.0,0.0,-0.0,0.01866861257500554,glucose_minimal
29.5,0.6717446940380436,optimal,27.73788201408357,-27.73788201408357,-0.5191039456882998,0.5191039456882998,34.26459808759644,-34.26459808759644,-58.42127449773502,58.42127449773502,0.0,-0.0,0.0,-0.0,0.018714620872088614,glucose_minimal
30.0,0.7066475027915946,optimal,29.110248097105483,-29.110248097105483,-0.5460757787379282,0.5460757787379282,35.97608217917779,-35.97608217917779,-61.31905080318682,61.31905080318682,0.0,-0.0,0.0,-0.0,0.018758884394126003,glucose_minimal
30.5,0.7418133668087753,optimal,30.489952224193484,-30.489952224193484,-0.5732508929247202,0.5732508929247202,37.697460177242284,-37.697460177242284,-64.23265665885235,64.23265665885235,0.0,-0.0,0.0,-0.0,0.01880130505648517,glucose_minimal
31.0,0.776911567347131,optimal,31.722714593534324,-31.722714593534324,-0.955516633115091,0.955516633115091,39.09366753755932,-39.09366753755932,-66.14179647515635,66.14179647515635,0.0,-0.0,-0.3551429142897493,0.3551429142897493,0.030120897450240373,glucose_minimal
31.5,0.8117179220268756,optimal,33.2216185436844,-33.2216185436844,-1.7133473776535721,1.7133473776535721,40.565285617942735,-40.565285617942735,-67.8303586801265,67.8303586801265,0.0,-0.0,-1.0860763625643877,1.0860763625643877,0.05157326622724973,glucose_minimal
32.0,0.8463599091971338,optimal,34.7791113821264,-34.7791113821264,-2.4675993862619587,2.4675993862619587,42.09562143982593,-42.09562143982593,-69.64228136757492,69.64228136757492,0.0,-0.0,-1.8135580931398083,1.8135580931398083,0.07095061628084326,glucose_minimal
32.5,0.884764443918531,optimal,36.49673829495768,-36.49673829495768,-3.303772476186673,3.303772476186673,43.78314174877683,-43.78314174877683,-71.63294347348437,71.63294347348437,0.0,-0.0,-2.620053322289151,2.620053322289151,0.09052240365937347,glucose_minimal
33.0,0.9223320589774526,optimal,38.17623546989898,-38.17623546989898,-4.1217235070428195,4.1217235070428195,45.43318840925383,-45.43318840925383,-73.57882694886524,73.57882694886524,0.0,-0.0,-3.4089732385265044,3.4089732385265044,0.10796568745738949,glucose_minimal
33.5,0.9587570510612355,optimal,39.80449385982513,-39.80449385982513,-4.914796471007346,4.914796471007346,47.032892025219944,-47.032892025219944,-75.46521277053711,75.46521277053711,0.0,-0.0,-4.173898072285946,4.173898072285946,0.12347340700563145,glucose_minimal
34.0,0.9939798557877335,optimal,41.37866102064174,-41.37866102064174,-5.681694486505511,5.681694486505511,48.579446847099256,-48.579446847099256,-77.28863657252724,77.28863657252724,0.0,-0.0,-4.913576971542403,4.913576971542403,0.13730977142230869,glucose_minimal
34.5,1.0279222361367326,optimal,42.89612839597888,-42.89612839597888,-6.420714116914066,6.420714116914066,50.07030565114825,-50.07030565114825,-79.04682413809496,79.04682413809496,0.0,-0.0,-5.626366958871384,5.626366958871384,0.14968050397564434,glucose_minimal
35.0,1.0604474858758788,optimal,44.35072422972588,-44.35072422972588,-7.128878888919437,7.128878888919437,51.49940384986056,-51.49940384986056,-80.73257417826754,80.73257417826754,0.0,-0.0,-6.309397203393454,6.309397203393454,0.16073872552776347,glucose_minimal
35.5,1.0913690769677686,optimal,45.73446790416833,-45.73446790416833,-7.802127570520647,7.802127570520647,52.85890705111141,-52.85890705111141,-82.33694173473789,82.33694173473789,0.0,-0.0,-6.95875061632314,6.95875061632314,0.17059622486193932,glucose_minimal
36.0,1.1203669787343895,optimal,46.99706581103034,-46.99706581103034,-8.433492207468625,8.433492207468625,54.09877252941556,-54.09877252941556,-83.77137758779152,83.77137758779152,0.0,-0.0,-7.567706553422179,7.567706553422179,0.1794472072230786,glucose_minimal
36.5,1.1471268071956682,optimal,48.19725339974197,-48.19725339974197,-9.016127789767424,9.016127789767424,55.27798219035825,-55.27798219035825,-85.16517823182684,85.16517823182684,0.0,-0.0,-8.129662951109031,8.129662951109031,0.18706725287826656,glucose_minimal
37.0,1.1704025752792167,optimal,49.24579006185786,-49.24579006185786,-9.522905727841202,9.522905727841202,56.308272196583445,-56.308272196583445,-86.38673042064298,86.38673042064298,0.0,-0.0,-8.618454080863549,8.618454080863549,0.19337502182175242,glucose_minimal
37.5,1.1871884855969999,optimal,50.013211264160105,-50.013211264160105,-9.888381487395147,9.888381487395147,57.06253436034053,-57.06253436034053,-87.2901685593321,87.2901685593321,0.0,-0.0,-8.970958197536996,8.970958197536996,0.19771538834342448,glucose_minimal
38.0,1.1889391390976296,optimal,50.131351768165274,-50.131351768165274,-9.926498062888788,9.926498062888788,57.179302468303,-57.179302468303,-87.46059850132872,87.46059850132872,0.0,-0.0,-9.007721921050221,9.007721921050221,0.19800978255671883,glucose_minimal
38.5,1.1543798920668729,optimal,48.68354760061503,-48.68354760061503,-9.174047536282709,9.174047536282709,55.7585904545389,-55.7585904545389,-85.86494087422926,85.86494087422926,0.0,-0.0,-8.281977733404329,8.281977733404329,0.1884424613330112,glucose_minimal
39.0,1.027984594146076,optimal,34.62461136384891,-34.62461136384891,-6.422071823490409,6.422071823490409,41.79873973448166,-41.79873973448166,-20.812952915930197,20.812952915930197,0.0,-0.0,-5.6276764770675936,5.6276764770675936,0.1854770803347011,glucose_minimal
39.5,0.7491393356236694,optimal,25.48560510614465,-25.48560510614465,-1.0148550126168883,1.0148550126168883,32.546321242403046,-32.546321242403046,-18.832551704535305,18.832551704535305,0.0,-0.0,-0.43594283296887026,0.43594283296887026,0.03982071480705019,glucose_minimal
40.0,0.41246862809224333,optimal,13.099376605274092,-13.099376605274092,-0.5587690231459185,0.5587690231459185,16.986936314906377,-16.986936314906377,-15.414781789992425,15.414781789992425,0.0,-0.0,-0.2400257651557161,0.2400257651557161,0.04265615379902476,glucose_minimal
40.5,0.165784511495085,optimal,7.389231632250196,-7.389231632250196,-0.22458738248601906,0.22458738248601906,8.951767891917498,-8.951767891917498,-6.19570046012251,6.19570046012251,0.0,-0.0,-0.09647413527332621,0.09647413527332621,0.030393874987733587,glucose_minimal
41.0,0.05506083654721881,optimal,7.61695570408572,-7.61695570408572,-0.07459061794199917,0.07459061794199917,8.135909813952578,-8.135909813952578,-2.0457578643411725,2.0457578643411725,0.0,-0.0,-0.03204127180165668,0.03204127180165668,0.00979270732820317,glucose_minimal
41.5,0.016773545420074448,optimal,6.339522221105573,-6.339522221105573,-0.02272303140342974,0.02272303140342974,6.547727615099807,-6.547727615099807,-0.5229867287422464,0.5229867287422464,0.0,-0.0,-0.009760943741222283,0.009760943741222283,0.0035843444680704953,glucose_minimal
42.0,0.005782112051890923,optimal,5.932397708833814,-5.932397708833814,-0.007832995973291481,0.007832995973291481,6.004577994879339,-6.004577994879339,-0.1794649261548026,0.1794649261548026,0.0,-0.0,-0.0033647549775854203,0.0033647549775854203,0.0013203760701389802,glucose_minimal
42.5,0.0018690871867009947,optimal,5.815676878439181,-5.815676878439181,-0.002532459125195321,0.002532459125195321,5.839008565291026,-5.839008565291026,-0.05801097433631907,0.05801097433631907,0.0,-0.0,-0.0010876683742122586,0.0010876683742122586,0.0004354538909450186,glucose_minimal
43.0,0.0005599553131206352,optimal,5.816292882729365,-5.816292882729365,-0.0007586933089606648,0.0007586933089606648,5.822817320938702,-5.822817320938702,0.0,-0.0,0.0,-0.0,-0.0012567428744303037,0.0012567428744303037,0.0001304427621266278,glucose_minimal
43.5,0.0001622445211145677,optimal,5.835502543530021,-5.835502543530021,0.0,-0.0,5.837006701939381,-5.837006701939381,0.0,-0.0,0.0,-0.0,-0.00014430761053166538,0.00014430761053166538,-0.0,glucose_minimal
44.0,4.6113982516321405e-05,optimal,5.869663618660931,-5.869663618660931,0.0,-0.0,5.87009113839543,-5.87009113839543,0.0,-0.0,0.0,-0.0,-4.101586040202712e-05,4.101586040202712e-05,-0.0,glucose_minimal
44.5,3.2755771261694024e-05,optimal,5.909060844098994,-5.909060844098994,0.0,-0.0,5.909364520725236,-5.909364520725236,0.0,-0.0,0.0,-0.0,-2.9134463521059374e-05,2.9134463521059374e-05,-0.0,glucose_minimal
45.0,3.271572442709595e-05,optimal,5.948061703807565,-5.948061703807565,0.0,-0.0,5.948365009162206,-5.948365009162206,0.0,-0.0,0.0,-0.0,-2.909884405619064e-05,2.909884405619064e-05,-0.0,glucose_minimal
45.5,3.259693684225701e-05,optimal,5.985859276332433,-5.985859276332433,0.0,-0.0,5.986161480415096,-5.986161480415096,0.0,-0.0,0.0,-0.0,-2.8993189009045314e-05,2.8993189009045314e-05,-0.0,glucose_minimal
46.0,3.2232815347922403e-05,optimal,6.022480690550877,-6.022480690550877,0.0,-0.0,6.022779518886835,-6.022779518886835,0.0,-0.0,0.0,-0.0,-2.8669322893700902e-05,2.8669322893700902e-05,-0.0,glucose_minimal
46.5,3.1219861560290166e-05,optimal,6.057940467578209,-6.057940467578209,0.0,-0.0,6.058229904885443,-6.058229904885443,0.0,-0.0,0.0,-0.0,-2.776835600946438e-05,2.776835600946438e-05,-0.0,glucose_minimal
47.0,2.9653267416907475e-05,optimal,6.092283005834717,-6.092283005834717,0.0,-0.0,6.092557919349477,-6.092557919349477,0.0,-0.0,0.0,-0.0,-2.6374956368285284e-05,2.6374956368285284e-05,-0.0,glucose_minimal
47.5,2.8142464361161417e-05,optimal,6.125585423169521,-6.125585423169521,0.0,-0.0,6.125842096795744,-6.125842096795744,0.0,-0.0,0.0,-0.0,-1.2331185016253443e-05,1.2331185016253443e-05,-0.0,glucose_minimal
48.0,2.535903557348251e-05,optimal,6.157790209124471,-6.157790209124471,0.0,-0.0,6.158021467361247,-6.158021467361247,0.0,-0.0,0.0,-0.0,-1.1077639495587817e-05,1.1077639495587817e-05,-0.0,glucose_minimal
48.5,2.0827510423778475e-05,optimal,6.188905903731418,-6.188905903731418,0.0,-0.0,6.189095837347903,-6.189095837347903,0.0,-0.0,0.0,-0.0,-6.1665780450049605e-06,6.1665780450049605e-06,-0.0,glucose_minimal
49.0,1.6028850202148402e-05,optimal,6.219055344673865,-6.219055344673865,-1.5040783789137629e-06,1.5040783789137629e-06,6.219200013490136,-6.219200013490136,0.0,-0.0,0.0,-0.0,-6.249876303490471e-06,6.249876303490471e-06,2.4184997488435097e-07,glucose_minimal
49.5,1.3934630075394388e-05,optimal,6.248725361199699,-6.248725361199699,-0.00022035858913920696,0.00022035858913920696,6.248954094166386,-6.248954094166386,0.0,-0.0,0.0,-0.0,-3.127436537297626e-05,3.127436537297626e-05,3.526456619576894e-05,glucose_minimal
50.0,1.0270290411996483e-05,optimal,6.27708061292853,-6.27708061292853,-0.0001624116817592244,0.0001624116817592244,6.277249196807828,-6.277249196807828,0.0,-0.0,0.0,-0.0,-2.30502577458816e-05,2.30502577458816e-05,2.587376071365321e-05,glucose_minimal
5.0,0.0002421531171100498,optimal,0.17497115847406325,-0.17497115847406325,-4.549851983907167,4.549851983907167,0.0,-0.0,2.625,-2.625,-4.1452369798217745,4.1452369798217745,-3.230322582248065e-05,3.230322582248065e-05,26.003439787372795,NLDM
5.5,0.0008886505533974397,optimal,0.17489415772016292,-0.17489415772016292,-4.549456812349236,4.549456812349236,0.0,-0.0,2.625,-2.625,-4.177726493239158,4.177726493239158,-0.00011854598382321846,0.00011854598382321846,26.012628847377133,NLDM
6.0,0.0016970877892016312,optimal,0.17479786920741106,-0.17479786920741106,-4.54896265508885,4.54896265508885,0.0,-0.0,2.625,-2.625,-4.218354237365425,4.218354237365425,-0.00022639151107949762,0.00022639151107949762,26.024131047565334,NLDM
6.5,0.002688594458908622,optimal,0.1746797763012689,-0.1746797763012689,-4.548356596636991,4.548356596636991,0.0,-0.0,2.625,-2.625,-4.223525513337271,4.223525513337271,-0.00035865850081841016,0.00035865850081841016,26.038255217321062,NLDM
7.0,0.0039043025930736736,optimal,0.17453497999180326,-0.17453497999180326,-4.547613495039983,4.547613495039983,0.0,-0.0,2.625,-2.625,-4.220974739654799,4.220974739654799,-0.0005208339659160281,0.0005208339659160281,26.055599257258084,NLDM
7.5,0.005445972240762194,optimal,0.17435136019925018,-0.17435136019925018,-4.5466711494678345,4.5466711494678345,0.0,-0.0,2.625,-2.625,-4.217740040261192,4.217740040261192,-0.0007264926969176767,0.0007264926969176767,26.07763509428238,NLDM
8.0,0.007333086640656416,optimal,0.9532062109860819,-0.9532062109860819,-4.545517650790899,4.545517650790899,0.0,-0.0,2.625,-2.625,-4.2137805358276985,4.2137805358276985,-0.000978233757863566,0.000978233757863566,4.768661385544905,NLDM
8.5,0.00962809259140784,optimal,0.9502975720817333,-0.9502975720817333,-4.544114828403503,4.544114828403503,0.0,-0.0,2.625,-2.625,-4.063131868438622,4.063131868438622,-0.001284387551693806,0.001284387551693806,4.781780951464613,NLDM
9.0,0.012390579012134676,optimal,0.9290784619572657,-0.9290784619572657,-4.506990264597268,4.506990264597268,0.0,-0.0,2.625,-2.625,-4.0573356765220385,4.0573356765220385,-0.0016529032402187657,0.0016529032402187657,4.851032984988703,NLDM
9.5,0.015683451872947233,optimal,1.0732048439158364,-1.0732048439158364,-4.0268574539391215,4.0268574539391215,0.0,-0.0,2.625,-2.625,-3.275707206750762,3.275707206750762,-0.002092172479851161,0.002092172479851161,3.7521797229745997,NLDM
10.0,0.019594729259525295,optimal,1.19566448296583,-1.19566448296583,-4.186502008140505,4.186502008140505,0.0,-0.0,2.625,-2.625,-3.1747025598632375,3.1747025598632375,-0.002613936883220675,0.002613936883220675,3.5014019967841996,NLDM
10.5,0.024185067572179607,optimal,1.3168054813702232,-1.3168054813702232,-4.43936641941412,4.43936641941412,0.060930504877565246,-0.060930504877565246,2.625,-2.625,-3.288685092406493,3.288685092406493,-0.0032262880141287597,0.0032262880141287597,3.3713152642671758,NLDM
11.0,0.029536617646949207,optimal,1.4887287112512007,-1.4887287112512007,-4.532744944263594,4.532744944263594,0.07441290044913558,-0.07441290044913558,2.3621947781462977,-2.3621947781462977,-3.0436597035424016,3.0436597035424016,-0.003940184794103024,0.003940184794103024,3.044708488529151,NLDM
11.5,0.035773734383300795,optimal,1.804435284549608,-1.804435284549608,-4.0302047921628965,4.0302047921628965,0.09012634307616253,-0.09012634307616253,1.209090420182919,-1.209090420182919,-1.7851669800439953,1.7851669800439953,0.0,-0.0,2.2334992153342017,NLDM
12.0,0.04301375442635847,optimal,2.219890132176255,-2.219890132176255,-3.5067619342508416,3.5067619342508416,0.10836644413151962,-0.10836644413151962,-0.16291885494277544,0.16291885494277544,-0.16697358828836378,0.16697358828836378,0.0,-0.0,1.5797006723089533,NLDM
12.5,0.05133324561735007,optimal,2.4426354633512157,-2.4426354633512157,-3.7699685765713595,3.7699685765713595,0.12932610434659722,-0.12932610434659722,-0.3654921755455603,0.3654921755455603,0.0,-0.0,0.0,-0.0,1.5434020479662922,NLDM
13.0,0.06082338991733706,optimal,2.321164412561409,-2.321164412561409,-3.5095616801885647,3.5095616801885647,0.15323504244790356,-0.15323504244790356,-0.4061012210927885,0.4061012210927885,0.0,-0.0,0.0,-0.0,1.5119832361705723,NLDM
13.5,0.07161368719555146,optimal,2.331941290306576,-2.331941290306576,-3.5112579580818895,3.5112579580818895,0.1804195131539894,-0.1804195131539894,-0.4522737196120972,0.4522737196120972,0.0,-0.0,0.0,-0.0,1.5057231383472225,NLDM
14.0,0.0837876316657439,optimal,2.5399729271503055,-2.5399729271503055,-3.5131717508483815,3.5131717508483815,0.40696269981377775,-0.40696269981377775,-0.8961126145668016,0.8961126145668016,0.0,-0.0,0.0,-0.0,1.3831532270660638,NLDM
14.5,0.09747733100464322,optimal,2.8604517109174563,-2.8604517109174563,-3.5145627233427694,3.5145627233427694,0.7484481473061554,-0.7484481473061554,-1.5686846450941017,1.5686846450941017,0.0,-0.0,0.0,-0.0,1.228674027227509,NLDM
15.0,0.11281816817312378,optimal,3.2195054351961767,-3.2195054351961767,-3.5168545830523916,3.5168545830523916,1.1308589046937598,-1.1308589046937598,-2.321853070752479,2.321853070752479,0.0,-0.0,0.0,-0.0,1.092358641363218,NLDM
15.5,0.1299211722285371,optimal,3.610643733609336,-3.610643733609336,-3.519409703446255,3.519409703446255,1.536983111564725,-1.536983111564725,-3.1432180189483105,3.1432180189483105,0.0,-0.0,0.0,-0.0,0.9747319212599577,NLDM
16.0,0.14890874419285122,optimal,4.044881344750189,-4.044881344750189,-3.522246370747435,3.522246370747435,1.9878579908599836,-1.9878579908599836,-4.05508871036458,4.05508871036458,0.0,-0.0,0.0,-0.0,0.8707910246412849,NLDM
16.5,0.16989824276049897,optimal,4.524902157005159,-4.524902157005159,-3.525382117875447,3.525382117875447,2.486270197062148,-2.486270197062148,-5.063101141197428,5.063101141197428,0.0,-0.0,0.0,-0.0,0.7791068172419331,NLDM
17.0,0.19300377565046647,optimal,5.053315764871021,-5.053315764871021,-3.528833992067077,3.528833992067077,3.0349293080004065,-3.0349293080004065,-6.172735289866587,6.172735289866587,0.0,-0.0,0.0,-0.0,0.6983205000958703,NLDM
17.5,0.218335213481084,optimal,5.632634862173405,-5.632634862173405,-3.5326184075532203,3.5326184075532203,3.636444288205385,-3.636444288205385,-7.389267649695781,7.389267649695781,0.0,-0.0,0.0,-0.0,0.6271697871411687,NLDM
18.0,0.24599689911241346,optimal,6.265245725281815,-6.265245725281815,-3.5367509527397973,3.5367509527397973,4.293292841225712,-4.293292841225712,-8.717709245587379,8.717709245587379,0.0,-0.0,0.0,-0.0,0.5645031508450072,NLDM
18.5,0.27596917094026846,optimal,7.124607303859465,-7.124607303859465,-5.0686120832278005,5.0686120832278005,4.375,-4.375,-8.173632959097544,8.173632959097544,0.0,-0.0,0.0,-0.0,0.7114233623068723,NLDM
19.0,0.30819725197401093,optimal,7.243420513183987,-7.243420513183987,-5.424395452170117,5.424395452170117,4.375,-4.375,-8.142248183302765,8.142248183302765,0.0,-0.0,0.0,-0.0,0.7488720891320608,NLDM
19.5,0.34242247144369725,optimal,7.87799945636636,-7.87799945636636,-5.235633682207504,5.235633682207504,4.375,-4.375,-9.692317189539088,9.692317189539088,0.0,-0.0,0.0,-0.0,0.6645892413684402,NLDM
20.0,0.3791949318281601,optimal,8.59164635413042,-8.59164635413042,-5.328056407419079,5.328056407419079,4.375,-4.375,-11.126195903093167,11.126195903093167,0.0,-0.0,0.0,-0.0,0.6201438220112057,NLDM
20.5,0.4186223976622593,optimal,9.35681921406481,-9.35681921406481,-5.427152138367595,5.427152138367595,4.375,-4.375,-12.663601978123795,12.663601978123795,0.0,-0.0,0.0,-0.0,0.5800210535445325,NLDM
21.0,0.4607585523263682,optimal,10.174559875020236,-10.174559875020236,-5.533055801143418,5.533055801143418,4.375,-4.375,-14.30662870552266,14.30662870552266,0.0,-0.0,0.0,-0.0,0.5438127908341012,NLDM
21.5,0.5056432191667014,optimal,11.045641192747656,-11.045641192747656,-5.645867486470575,5.645867486470575,4.375,-4.375,-16.05682892803793,16.05682892803793,0.0,-0.0,0.0,-0.0,0.511139859420523,NLDM
22.0,0.5532264992973686,optimal,11.97652849835489,-11.97652849835489,-5.765461780086029,5.765461780086029,4.375,-4.375,-17.927124372391958,17.927124372391958,0.0,-0.0,0.0,-0.0,0.4813967403724693,NLDM
22.5,0.6034840153203146,optimal,12.946088352795663,-12.946088352795663,-5.891777412617588,5.891777412617588,4.375,-4.375,-19.87524379518277,19.87524379518277,0.0,-0.0,0.0,-0.0,0.4551009735187911,NLDM
23.0,0.6565032769538406,optimal,13.968927355990473,-13.968927355990473,-6.0250343281909196,6.0250343281909196,4.375,-4.375,-21.930416066791626,21.930416066791626,0.0,-0.0,0.0,-0.0,0.43131689174452803,NLDM
23.5,0.7122620237510792,optimal,15.044616063005876,-15.044616063005876,-6.165176578111201,6.165176578111201,4.375,-4.375,-24.09177831112891,24.09177831112891,0.0,-0.0,0.0,-0.0,0.409792882203962,NLDM
24.0,0.7692017449601156,optimal,16.133121928878865,-16.133121928878865,-8.492291651287932,8.492291651287932,4.375,-4.375,-25.751989147927922,25.751989147927922,0.0,-0.0,-0.19323664416242714,0.19323664416242714,0.5263886114990817,NLDM
24.5,0.8268060491925183,optimal,17.851419601355865,-17.851419601355865,-11.048528578350313,11.048528578350313,4.375,-4.375,-25.559049480263845,25.559049480263845,0.0,-0.0,-1.402927033042884,1.402927033042884,0.6189159643926103,NLDM
25.0,0.8863297675287736,optimal,19.627060301671413,-19.627060301671413,-13.693184813253188,13.693184813253188,4.375,-4.375,-25.362924709967565,25.362924709967565,0.0,-0.0,-2.6529251181042444,2.6529251181042444,0.6976686575975464,NLDM
25.5,0.9464429321422282,optimal,21.497705225757162,-21.497705225757162,-16.444412547640066,16.444412547640066,4.375,-4.375,-25.24524000122335,25.24524000122335,0.0,-0.0,-3.915301574986791,3.915301574986791,0.764938042221243,NLDM
26.0,1.008678914530622,optimal,23.42904306674319,-23.42904306674319,-19.287429828992057,19.287429828992057,4.375,-4.375,-25.11803294930866,25.11803294930866,0.0,-0.0,-5.2222572051430625,5.2222572051430625,0.82322738380937,NLDM
26.5,1.0720824415742236,optimal,24.96175119478411,-24.96175119478411,-21.660176548018,21.660176548018,4.375,-4.375,-24.462682370434255,24.462682370434255,0.0,-0.0,-6.553731273058695,6.553731273058695,0.8677346544718388,NLDM
27.0,1.1349415546604311,optimal,25.559321321908605,-25.559321321908605,-23.16822054121607,23.16822054121607,4.375,-4.375,-22.970636838685177,22.970636838685177,0.0,-0.0,-7.873772647869052,7.873772647869052,0.906448972154712,NLDM
27.5,1.199381383753907,optimal,26.17191852496582,-26.17191852496582,-24.714187266102094,24.714187266102094,4.375,-4.375,-21.441070888021233,21.441070888021233,0.0,-0.0,-9.227009058832044,9.227009058832044,0.9443017042303118,NLDM
28.0,1.2652549930884613,optimal,26.798145959167957,-26.798145959167957,-26.294551607721246,26.294551607721246,4.375,-4.375,-19.877472236334636,19.877472236334636,0.0,-0.0,-10.610354854857688,10.610354854857688,0.9812078659391574,NLDM
28.5,1.3323848892352739,optimal,27.840588983208338,-27.840588983208338,-28.713600746375597,28.713600746375597,4.375,-4.375,-19.09259932848094,19.09259932848094,0.0,-0.0,-12.02008267394075,12.02008267394075,1.0313575177484142,NLDM
29.0,1.3966550036211043,optimal,28.449595702773706,-28.449595702773706,-30.25154168856276,30.25154168856276,4.375,-4.375,-17.572297677908217,17.572297677908217,0.0,-0.0,-13.36975507604319,13.36975507604319,1.063338193084177,NLDM
29.5,1.4389965335282826,optimal,29.030637569019614,-29.030637569019614,-31.224269675451495,31.224269675451495,4.375,-4.375,-17.337968224520935,17.337968224520935,0.0,-0.0,-14.258927204093935,14.258927204093935,1.0755626569074337,NLDM
30.0,1.4796645062839706,optimal,29.660767817282935,-29.660767817282935,-31.789413293430403,31.789413293430403,4.375,-4.375,-17.75047947404314,17.75047947404314,0.0,-0.0,-15.112954631963381,15.112954631963381,1.0717663645547009,NLDM
30.5,1.519003533233965,optimal,30.25290643019642,-30.25290643019642,-32.17198080955773,32.17198080955773,4.375,-4.375,-18.289226801595976,18.289226801595976,0.0,-0.0,-15.939074197913266,15.939074197913266,1.0634343805541215,NLDM
31.0,1.5569306788547983,optimal,30.79286605630075,-30.79286605630075,-32.30527499000214,32.30527499000214,4.375,-4.375,-18.95448144341104,18.95448144341104,0.0,-0.0,-16.735544255950764,16.735544255950764,1.049115562381759,NLDM
31.5,1.5914135861953398,optimal,31.325462884852563,-31.325462884852563,-32.655986311605986,32.655986311605986,4.375,-4.375,-19.457363048168354,19.457363048168354,0.0,-0.0,-17.459685310102135,17.459685310102135,1.0424741824771822,NLDM
32.0,1.6240847710915296,optimal,31.827784406543238,-31.827784406543238,-32.94834399366976,32.94834399366976,4.375,-4.375,-19.993661273439475,19.993661273439475,0.0,-0.0,-18.14578019292212,18.14578019292212,1.0352069617166364,NLDM
32.5,1.658652958108951,optimal,32.356850902096525,-32.356850902096525,-33.2625200810795,33.2625200810795,4.375,-4.375,-20.546569512586515,20.546569512586515,0.0,-0.0,-18.87171212028797,18.87171212028797,1.0279900285019483,NLDM
33.0,1.691292135460252,optimal,32.85479310802699,-32.85479310802699,-33.527461562108755,33.527461562108755,4.375,-4.375,-21.093923324243477,21.093923324243477,0.0,-0.0,-19.55713484466529,19.55713484466529,1.020473982346199,NLDM
33.5,1.7219395303364016,optimal,33.30571099744947,-33.30571099744947,-33.76554543009982,33.76554543009982,4.375,-4.375,-21.55201401233058,21.55201401233058,0.0,-0.0,-20.200730137064433,20.200730137064433,1.0138064739913695,NLDM
34.0,1.7502544577776147,optimal,33.752094859587025,-33.752094859587025,-34.31712037462943,34.31712037462943,4.375,-4.375,-21.762765288659068,21.762765288659068,0.0,-0.0,-20.79534361332991,20.79534361332991,1.016740457663235,NLDM
34.5,1.7765233420444198,optimal,34.19969913668643,-34.19969913668643,-35.3603577955845,35.3603577955845,4.375,-4.375,-21.10170608438363,21.10170608438363,0.0,-0.0,-21.57647368210325,21.57647368210325,1.0339376862427723,NLDM
35.0,1.8008622972306108,optimal,34.56440180504111,-34.56440180504111,-36.277925252856726,36.277925252856726,4.375,-4.375,-20.031882271782578,20.031882271782578,0.0,-0.0,-22.51892799401586,22.51892799401586,1.049574804085448,NLDM
35.5,1.823332881116542,optimal,34.895307211830755,-34.895307211830755,-37.123770889991036,37.123770889991036,4.375,-4.375,-19.043601513158844,19.043601513158844,0.0,-0.0,-23.389616726694594,23.389616726694594,1.0638614145057521,NLDM
36.0,1.8439156100056675,optimal,35.199589337056246,-35.199589337056246,-37.900908369274035,37.900908369274035,4.375,-4.375,-18.13599552870542,18.13599552870542,0.0,-0.0,-24.189510121130983,24.189510121130983,1.0767429132866042,NLDM
36.5,1.8625220787103898,optimal,35.476062754781076,-35.476062754781076,-38.60624279742885,38.60624279742885,4.375,-4.375,-17.312719588932616,17.312719588932616,0.0,-0.0,-24.915415544775797,24.915415544775797,1.0882335806057262,NLDM
37.0,1.8789695370690607,optimal,35.72224775824433,-35.72224775824433,-39.233318031078994,39.233318031078994,4.375,-4.375,-16.581388242428403,16.581388242428403,0.0,-0.0,-25.560674808780497,25.560674808780497,1.0982880555724366,NLDM
37.5,1.8929186643656295,optimal,35.93351742050877,-35.93351742050877,-39.77010116848796,39.77010116848796,4.375,-4.375,-15.956185255706966,15.956185255706966,0.0,-0.0,-26.11287986419338,26.11287986419338,1.1067689450793785,NLDM
38.0,1.9036676713479563,optimal,36.10152259266005,-36.10152259266005,-40.201578153281936,40.201578153281936,4.375,-4.375,-15.451591092217654,15.451591092217654,0.0,-0.0,-26.5612228187971,26.5612228187971,1.1135701562198235,NLDM
38.5,1.9099676197891915,optimal,37.04779893459769,-37.04779893459769,-39.520752217787944,39.520752217787944,4.375,-4.375,-18.698934329134183,18.698934329134183,2.625,-2.625,-25.90591098149552,25.90591098149552,1.0667503429166165,NLDM
39.0,1.9110213263275302,optimal,36.58214096902926,-36.58214096902926,-38.207844804556224,38.207844804556224,4.375,-4.375,-20.00206013820725,20.00206013820725,2.625,-2.625,-24.987496450923047,24.987496450923047,1.0444398220679127,NLDM
39.5,1.9075775025515989,optimal,51.35359780240244,-51.35359780240244,-64.24679665948396,64.24679665948396,4.375,-4.375,2.625,-2.625,2.625,-2.625,-50.92587480348821,50.92587480348821,1.2510670996546682,NLDM
40.0,1.9017829780243614,optimal,51.34187476310843,-51.34187476310843,-64.23750540250384,64.23750540250384,4.375,-4.375,2.625,-2.625,2.625,-2.625,-50.89458627399073,50.89458627399073,1.2511717910359894,NLDM
40.5,1.8869906920044253,optimal,49.096316105033864,-49.096316105033864,-61.99128001370499,61.99128001370499,4.375,-4.375,2.625,-2.625,2.625,-2.625,-48.620558030781226,48.620558030781226,1.262646262116375,NLDM
41.0,1.8590400807627863,optimal,36.42022265979305,-36.42022265979305,-36.487102255241076,36.487102255241076,4.375,-4.375,-23.031502971658092,23.031502971658092,2.625,-2.625,-23.079841696018512,23.079841696018512,1.0018363313171574,NLDM
41.5,1.8108403511053124,optimal,35.90168130384696,-35.90168130384696,-35.45041727002751,35.45041727002751,4.375,-4.375,-24.155866795359238,24.155866795359238,2.625,-2.625,-22.06764737321156,22.06764737321156,0.9874305598670917,NLDM
42.0,1.765404211408709,optimal,34.265337308221845,-34.265337308221845,-34.555654957197746,34.555654957197746,4.375,-4.375,-22.67324693687123,22.67324693687123,0.0,-0.0,-21.113488439582888,21.113488439582888,1.008472633622849,NLDM
42.5,1.7125528969438475,optimal,40.21714483116551,-40.21714483116551,-46.78213293989454,46.78213293989454,4.375,-4.375,-10.03703822478884,10.03703822478884,0.0,-0.0,-33.1833762771888,33.1833762771888,1.163238542574052,NLDM
43.0,1.6525546267444358,optimal,39.90950803735006,-39.90950803735006,-52.90784982997889,52.90784982997889,4.375,-4.375,2.625,-2.625,1.3398789270642097,-1.3398789270642097,-35.01180671013558,35.01180671013558,1.3256953651361498,NLDM
43.5,1.5943376454288993,optimal,42.797500035106296,-42.797500035106296,-50.667870937319194,50.667870937319194,4.375,-4.375,2.625,-2.625,2.625,-2.625,-32.69022257143565,32.69022257143565,1.1838979121620872,NLDM
44.0,1.5253824966718459,optimal,42.06411753638018,-42.06411753638018,-48.61785061119856,48.61785061119856,4.375,-4.375,2.625,-2.625,2.625,-2.625,-30.577436690331485,30.577436690331485,1.1558034129481078,NLDM
44.5,1.2628943566368345,optimal,37.013269648329356,-37.013269648329356,-42.67713148560844,42.67713148560844,4.375,-4.375,2.625,-2.625,2.625,-2.625,-24.697903854384577,24.697903854384577,1.1530224671068672,NLDM
45.0,0.8143505642694275,optimal,29.826293233801024,-29.826293233801024,-28.710868983579562,28.710868983579562,4.375,-4.375,2.367145516837017,-2.367145516837017,0.0,-0.0,-11.101043629904455,11.101043629904455,0.9626026525831446,NLDM
45.5,0.34174729725692016,optimal,16.854386356898377,-16.854386356898377,-13.985019376449744,13.985019376449744,4.375,-4.375,-8.423892898577044,8.423892898577044,-0.10604063809084763,0.10604063809084763,-0.04558908945407315,0.04558908945407315,0.8297554761301515,NLDM
46.0,0.10811585446241341,optimal,7.739970267911603,-7.739970267911603,-6.029138529231545,6.029138529231545,4.375,-4.375,-1.9414828017191548,1.9414828017191548,0.0,-0.0,-0.01442265498528595,0.01442265498528595,0.7789614585765491,NLDM
46.5,0.02905337190675101,optimal,6.014977987848724,-6.014977987848724,-3.041537104590232,3.041537104590232,4.375,-4.375,-2.9345435883243485,2.9345435883243485,-0.00011342436392395594,0.00011342436392395594,-0.0038757198123605847,0.0038757198123605847,0.5056605544915797,NLDM
47.0,0.007095857891826946,optimal,5.111291745920536,-5.111291745920536,-2.646768424485521,2.646768424485521,3.7987746981219503,-3.7987746981219503,-2.6206529994010292,2.6206529994010292,-1.1537864932110598e-05,1.1537864932110598e-05,-0.0009465874427697146,0.0009465874427697146,0.5178276952392672,NLDM
47.5,0.001634497031388142,optimal,4.887610472738067,-4.887610472738067,-2.6300142527854966,2.6300142527854966,3.574765684579029,-3.574765684579029,-2.6239986891391043,2.6239986891391043,-2.65769217269567e-06,2.65769217269567e-06,-0.00021804190398717815,0.00021804190398717815,0.5380981703544284,NLDM
48.0,0.0008641163844338206,optimal,4.884022337596703,-4.884022337596703,-2.6276509060000923,2.6276509060000923,3.571340056998048,-3.571340056998048,-2.6244706327976157,2.6244706327976157,-1.405053241150985e-06,1.405053241150985e-06,-0.00011527312568347165,0.00011527312568347165,0.5380096003600772,NLDM
48.5,0.000823385552984957,optimal,4.9135239501841745,-4.9135239501841745,-2.6275259533809527,2.6275259533809527,3.6008502615303954,-3.6008502615303954,-2.6244955849530007,2.6244955849530007,-1.3388249079488218e-06,1.3388249079488218e-06,-0.00010983963276819327,0.00010983963276819327,0.5347538711564568,NLDM
49.0,0.0008078453945518938,optimal,4.943255466752267,-4.943255466752267,-2.6274782798268173,2.6274782798268173,3.630585056209437,-3.630585056209437,-2.624505105024998,2.624505105024998,-1.313556611288139e-06,1.313556611288139e-06,-0.00010776657563322265,0.00010776657563322265,0.5315279166733169,NLDM
49.5,0.0007850794333240978,optimal,4.721795302786012,-4.721795302786012,-3.502195604173397,3.502195604173397,3.4091296945974885,-3.4091296945974885,-3.499306216668898,3.499306216668898,-1.27653915858533e-06,1.27653915858533e-06,-0.00010472959640543466,0.00010472959640543466,0.741708477304594,NLDM
50.0,0.0007676201321311351,optimal,4.749635696581594,-4.749635696581594,-3.502146776356826,3.502146776356826,3.436973856926277,-3.436973856926277,-3.499321645645414,3.499321645645414,-1.2481503348453944e-06,1.2481503348453944e-06,-0.00010240052562629342,0.00010240052562629342,0.7373506096219948,NLDM
5.0,0.002853460468940839,optimal,0.5127166861364384,-0.5127166861364384,-5.10470543238997,5.10470543238997,0.00040352781913620655,-0.00040352781913620655,4.071837959531585,-4.071837959531585,-4.071744152018669,4.071744152018669,0.0,-0.0,9.956191343910277,NLDM_blanket
5.5,0.0037889638433927695,optimal,0.5213803710344104,-0.5213803710344104,-5.183978330535494,5.183978330535494,0.0005358238998410752,-0.0005358238998410752,4.131346227488229,-4.131346227488229,-4.131221665301878,4.131221665301878,0.0,-0.0,9.942795353516212,NLDM_blanket
6.0,0.0049350412503248705,optimal,0.5319941793792077,-0.5319941793792077,-5.28109489903515,5.28109489903515,0.0006978987284971922,-0.0006978987284971922,4.204249311852552,-4.204249311852552,-4.204087072371448,4.204087072371448,0.0,-0.0,9.92697872220659,NLDM_blanket
6.5,0.006328105508763702,optimal,0.5448953298264858,-0.5448953298264858,-5.399140695646084,5.399140695646084,0.0008949016967328364,-0.0008949016967328364,4.292863467007868,-4.292863467007868,-4.292655430539267,4.292655430539267,0.0,-0.0,9.908583172047674,NLDM_blanket
7.0,0.008017104695721098,optimal,0.5603499529505268,-0.5603499529505268,-5.540391724205877,5.540391724205877,0.0011337548947547903,-0.0011337548947547903,4.3988049115607915,-4.3988049115607915,-4.398541349243921,4.398541349243921,0.0,-0.0,9.887377869905947,NLDM_blanket
7.5,0.010205555973730152,optimal,0.5805660782988135,-0.5805660782988135,-5.725326265253079,5.725326265253079,0.0014432391091369968,-0.0014432391091369968,4.537605645115984,-4.537605645115984,-4.537270137463347,4.537270137463347,0.0,-0.0,9.861627262187875,NLDM_blanket
8.0,0.01287206982263658,optimal,0.6051983736366712,-0.6051983736366712,-5.9506593671588774,5.9506593671588774,0.001820329498107797,-0.001820329498107797,4.70672710648111,-4.70672710648111,-4.706303937185689,4.706303937185689,0.0,-0.0,9.83257660029889,NLDM_blanket
8.5,0.01610192862735581,optimal,0.6350346469453805,-0.6350346469453805,-6.2235977970431495,6.2235977970431495,0.0022770864406947765,-0.0022770864406947765,4.9115782612130365,-4.9115782612130365,-4.911048910309413,4.911048910309413,0.0,-0.0,9.800406681713609,NLDM_blanket
9.0,0.01999159645337236,optimal,0.6709659985473606,-0.6709659985473606,-6.552293227212758,6.552293227212758,0.0028271515956465585,-0.0028271515956465585,5.158277263819242,-5.158277263819242,-5.1576200400858365,5.1576200400858365,0.0,-0.0,9.765462395111605,NLDM_blanket
9.5,0.02464930333877366,optimal,0.7139922185857206,-0.7139922185857206,-6.9458916106173385,6.9458916106173385,0.0034858305302593543,-0.0034858305302593543,5.453688516002517,-5.453688516002517,-5.452878170155254,5.452878170155254,0.0,-0.0,9.728245532389408,NLDM_blanket
10.0,0.030195463603874016,optimal,0.7652256512180231,-0.7652256512180231,-7.414568530001926,7.414568530001926,0.004270151876469052,-0.004270151876469052,5.805449197606952,-5.805449197606952,-5.804456521740975,5.804456521740975,0.0,-0.0,9.689388376095375,NLDM_blanket
10.5,0.036763072342292244,optimal,0.8258948572581741,-0.8258948572581741,-7.969562703288666,7.969562703288666,0.005198923401429942,-0.005198923401429942,6.2219944137404495,-6.2219944137404495,-6.220785827737197,6.220785827737197,0.0,-0.0,9.649609309526657,NLDM_blanket
11.0,0.04449723481277569,optimal,0.8973402668674522,-0.8973402668674522,-8.623136214947808,8.623136214947808,0.0062926654555182995,-0.0062926654555182995,6.712527346835825,-6.712527346835825,-6.711064500241355,6.711064500241355,0.0,-0.0,9.60966150003558,NLDM_blanket
11.5,0.05355516076992867,optimal,0.9810141271838175,-0.9810141271838175,-9.388574036917298,9.388574036917298,0.007573610170601002,-0.007573610170601002,7.287018897081896,-7.287018897081896,-7.285258271171583,7.285258271171583,0.0,-0.0,9.570274042708167,NLDM_blanket
12.0,0.06410544949251923,optimal,1.0784738976707053,-1.0784738976707053,-10.280123610094337,10.280123610094337,0.009065600350883591,-0.009065600350883591,7.956162335928214,-7.956162335928214,-7.954054869276146,7.954054869276146,0.0,-0.0,9.532102383096534,NLDM_blanket
12.5,0.07632708079634826,optimal,1.191372929457023,-1.191372929457023,-11.312909580124218,11.312909580124218,0.01079394678497718,-0.01079394678497718,8.731309311901011,-8.731309311901011,-8.72880005911983,8.72880005911983,0.0,-0.0,9.495691315799965,NLDM_blanket
13.0,0.09040806419768448,optimal,1.321447986795069,-1.321447986795069,-12.502819645286076,12.502819645286076,0.012785237214643945,-0.012785237214643945,9.62438417489816,-9.62438417489816,-9.62141200978766,9.62141200978766,0.0,-0.0,9.461454230680229,NLDM_blanket
13.5,0.10654373588618687,optimal,1.470503515109285,-1.470503515109285,-13.866360642605521,13.866360642605521,0.015067095497816886,-0.015067095497816886,10.64777596308882,-10.64777596308882,-10.64427333777156,10.64427333777156,0.0,-0.0,9.42966847758606,NLDM_blanket
14.0,0.12493472075465453,optimal,1.6403928149604639,-1.6403928149604639,-15.420486329675969,15.420486329675969,0.01766789340496098,-0.01766789340496098,11.814209146315983,-11.814209146315983,-11.810101917371176,11.810101917371176,0.0,-0.0,9.400483950575964,NLDM_blanket
14.5,0.14578459148409165,optimal,1.832996417516025,-1.832996417516025,-17.182399566213608,17.182399566213608,0.020616419573905784,-0.020616419573905784,13.136595155480192,-13.136595155480192,-13.131802487035152,13.131802487035152,0.0,-0.0,9.373940615496807,NLDM_blanket
15.0,0.1692972705268831,optimal,2.0501980850055266,-2.0501980850055266,-19.169332769279762,19.169332769279762,0.023941512106100224,-0.023941512106100224,14.627867605445912,-14.627867605445912,-14.62230195767734,14.62230195767734,0.0,-0.0,9.349990573826963,NLDM_blanket
15.5,0.1956742327344454,optimal,2.293858969601598,-2.293858969601598,-21.39831152201333,21.39831152201333,0.027671662970607063,-0.027671662970607063,16.30080487398671,-16.30080487398671,-16.294372083585568,16.294372083585568,0.0,-0.0,9.328520979530765,NLDM_blanket
16.0,0.22511159554798665,optimal,2.565790733649337,-2.565790733649337,-23.88590868091138,23.88590868091138,0.03183460650760962,-0.03183460650760962,18.167845549512705,-18.167845549512705,-18.16044500580906,18.16044500580906,0.0,-0.0,9.309375222093164,NLDM_blanket
16.5,0.2577972957990315,optimal,2.8677294699655373,-2.8677294699655373,-26.64800580204647,26.64800580204647,0.036456920180011634,-0.036456920180011634,20.24090937195125,-20.24090937195125,-20.232434285851852,20.232434285851852,0.0,-0.0,9.29237087428847,NLDM_blanket
17.0,0.2939075882051607,optimal,3.20130335620243,-3.20130335620243,-29.69949724730405,29.69949724730405,0.04156352940120921,-0.04156352940120921,22.531175152701397,-22.531175152701397,-22.521512940739154,22.521512940739154,0.0,-0.0,9.277314250697971,NLDM_blanket
17.5,0.3336046451146,optimal,3.5680104821519616,-3.5680104821519616,-33.05408735138464,33.05408735138464,0.04717736809817138,-0.04717736809817138,25.048928540396155,-25.048928540396155,-25.037961287688013,25.037961287688013,0.0,-0.0,9.264010718782654,NLDM_blanket
18.0,0.37703366724024,optimal,3.969192159746428,-3.969192159746428,-36.72404626508752,36.72404626508752,0.05331897012011302,-0.05331897012011302,27.803378771569346,-27.803378771569346,-27.79098378975882,27.79098378975882,0.0,-0.0,9.252272197230592,NLDM_blanket
18.5,0.4243203528653712,optimal,4.406009544491837,-4.406009544491837,-40.71999609115929,40.71999609115929,0.06000611134116219,-0.06000611134116219,30.802498157097933,-30.802498157097933,-30.788548625497487,30.788548625497487,0.0,-0.0,9.241921897800994,NLDM_blanket
19.0,0.47557469079099696,optimal,4.9103111317035335,-4.9103111317035335,-44.97415026049698,44.97415026049698,0.1443354919309952,-0.1443354919309952,34.06867887596177,-34.06867887596177,-34.05304435800202,34.05304435800202,0.0,-0.0,9.15912435163637,NLDM_blanket
19.5,0.5308776813780353,optimal,5.424765660345113,-5.424765660345113,-49.63855247188032,49.63855247188032,0.16111978366518956,-0.16111978366518956,37.578018553235154,-37.578018553235154,-37.56056594945986,37.56056594945986,0.0,-0.0,9.150358850472891,NLDM_blanket
20.0,0.5902804434346801,optimal,5.977358198822075,-5.977358198822075,-54.64874037958872,54.64874037958872,0.17914834374109512,-0.17914834374109512,41.347515783171076,-41.347515783171076,-41.32811031359317,41.32811031359317,0.0,-0.0,9.14262431024429,NLDM_blanket
20.5,0.6538112845022102,optimal,6.5683520772482336,-6.5683520772482336,-60.0071015174018,60.0071015174018,0.1984297634125673,-0.1984297634125673,45.37896686605497,-45.37896686605497,-45.35747282007696,45.35747282007696,0.0,-0.0,9.135792480621923,NLDM_blanket
21.0,0.7214706748042928,optimal,7.197751669866148,-7.197751669866148,-65.71367554524197,65.71367554524197,0.21896418539107845,-0.21896418539107845,49.672401640681336,-49.672401640681336,-49.64868329224715,49.64868329224715,0.0,-0.0,9.129750310830605,NLDM_blanket
21.5,0.7919649610817608,optimal,8.054902058101618,-8.054902058101618,-72.33061646826118,72.33061646826118,0.24035898979343115,-0.24035898979343115,55.0854991272076,-55.0854991272076,-54.388199096395056,54.388199096395056,-0.6712641827169769,0.6712641827169769,8.97970154652732,NLDM_blanket
22.0,0.864784891738563,optimal,9.191072996682914,-9.191072996682914,-80.00166282250125,80.00166282250125,0.26245962028797865,-0.26245962028797865,61.847310201198965,-61.847310201198965,-59.61839767137324,59.61839767137324,-2.200482726509822,2.200482726509822,8.704278907519729,NLDM_blanket
22.5,0.9412774237323607,optimal,10.384545595269287,-10.384545595269287,-88.05959082909425,88.05959082909425,0.28567487427050026,-0.28567487427050026,68.9501465435044,-68.9501465435044,-65.11237614981962,65.11237614981962,-3.8068258983795733,3.8068258983795733,8.47986943879471,NLDM_blanket
23.0,1.0213310769073,optimal,11.633580487835959,-11.633580487835959,-96.49265687011288,96.49265687011288,0.3099709178481348,-0.3099709178481348,76.38365648603549,-76.38365648603549,-70.86212761182887,70.86212761182887,-5.487952615053301,5.487952615053301,8.294321509272692,NLDM_blanket
23.5,1.1048080804518772,optimal,12.936028109136132,-12.936028109136132,-105.28634779961241,105.28634779961241,0.3353059379929033,-0.3353059379929033,84.13504709984416,-84.13504709984416,-76.85775684470988,76.85775684470988,-7.24096968948942,7.24096968948942,8.1390011610483,NLDM_blanket
24.0,1.1915448411172336,optimal,14.289336000063829,-14.289336000063829,-114.42343026699893,114.42343026699893,0.36163028464455704,-0.36163028464455704,92.18912767228092,-92.18912767228092,-83.08751397216727,83.08751397216727,-9.062441663461904,9.062441663461904,8.007610029359505,NLDM_blanket
24.5,1.2813525768079395,optimal,15.690558693236484,-15.690558693236484,-123.88401746117782,123.88401746117782,0.3888866630034792,-0.3888866630034792,100.52836854007998,-100.52836854007998,-89.53783996115068,89.53783996115068,-10.948404112966728,10.948404112966728,7.895449734022462,NLDM_blanket
25.0,1.3740181010921293,optimal,17.13636995329239,-17.13636995329239,-133.6456517529508,133.6456517529508,0.4170103716271579,-0.4170103716271579,109.13297393630216,-109.13297393630216,-96.19342296829404,96.19342296829404,-12.894380122934715,12.894380122934715,7.798947625268421,NLDM_blanket
25.5,1.4375868513373367,optimal,18.153139165846994,-18.153139165846994,-140.5915495925479,140.5915495925479,0.4363032966203277,-0.4363032966203277,115.23526833198632,-115.23526833198632,-100.95868378616451,100.95868378616451,-14.229323878084069,14.229323878084069,7.744751379257558,NLDM_blanket
26.0,1.4934514883290062,optimal,19.048841773935106,-19.048841773935106,-146.71724160516277,146.71724160516277,0.45325804635338834,-0.45325804635338834,120.61527783827532,-120.61527783827532,-105.16369936568735,105.16369936568735,-15.40248125490913,15.40248125490913,7.702160758451927,NLDM_blanket
26.5,1.5475908534102836,optimal,19.916794978563324,-19.916794978563324,-152.65287989246855,152.65287989246855,0.46968918123746084,-0.46968918123746084,125.82843729074548,-125.82843729074548,-109.23815231982367,109.23815231982367,-16.539407921615954,16.539407921615954,7.664530365290731,NLDM_blanket
27.0,1.5998985404178305,optimal,20.755369759207802,-20.755369759207802,-158.38756713122774,158.38756713122774,0.48556440732119033,-0.48556440732119033,130.8651156043876,-130.8651156043876,-113.17464959109692,113.17464959109692,-17.63786934877444,17.63786934877444,7.6311609462395396,NLDM_blanket
27.5,1.6502902561892412,optimal,21.56328085295486,-21.56328085295486,-163.91272284218792,163.91272284218792,0.5008581418826661,-0.5008581418826661,135.7177249532805,-135.7177249532805,-116.96737628113426,116.96737628113426,-18.696095379974064,18.696095379974064,7.601474189384619,NLDM_blanket
28.0,1.6987007293958052,optimal,22.33953857906224,-22.33953857906224,-169.22175830237126,169.22175830237126,0.5155505752694387,-0.5155505752694387,140.38043417060982,-140.38043417060982,-120.611874066819,120.611874066819,-19.712715317311908,19.712715317311908,7.574988968705672,NLDM_blanket
28.5,1.7450839659996191,optimal,23.083452876636542,-23.083452876636542,-174.31010397476084,174.31010397476084,0.5296277484289864,-0.5296277484289864,144.84919288486708,-144.84919288486708,-124.10505996349289,124.10505996349289,-20.686763285992,20.686763285992,7.551301137932676,NLDM_blanket
29.0,1.7894100957822487,optimal,23.794584152224378,-23.794584152224378,-179.17487780858957,179.17487780858957,0.5430805958396251,-0.5430805958396251,149.121439095546,-149.121439095546,-127.44500022721994,127.44500022721994,-21.617612011427223,21.617612011427223,7.530069727730033,NLDM_blanket
29.5,1.8316633378901475,optimal,24.472711584570614,-24.472711584570614,-183.81467139724202,183.81467139724202,0.5559043280596461,-0.5559043280596461,153.19591063884255,-153.19591063884255,-130.6307646109163,130.6307646109163,-22.504930095693094,22.504930095693094,7.511005503498526,NLDM_blanket
30.0,1.87183970119766,optimal,25.117797289723832,-25.117797289723832,-188.2293081796163,188.2293081796163,0.5680977337943862,-0.5680977337943862,157.07243201220734,-157.07243201220734,-133.66226155687963,133.66226155687963,-23.348633725150858,23.348633725150858,7.493862061567974,NLDM_blanket
30.5,1.9099448594053219,optimal,25.729953210396875,-25.729953210396875,-192.41962002809126,192.41962002809126,0.5796625349949369,-0.5796625349949369,160.75171740783946,-160.75171740783946,-136.54008592307474,136.54008592307474,-24.14884204751176,24.14884204751176,7.478428680171053,NLDM_blanket
31.0,1.945992555031006,optimal,26.309416255412568,-26.309416255412568,-196.38727953198213,196.38727953198213,0.5906029024742453,-0.5906029024742453,164.23522284177255,-164.23522284177255,-139.2654046808748,139.2654046808748,-24.905843655651125,24.905843655651125,7.46452439786002,NLDM_blanket
31.5,1.980002581028027,optimal,26.856516847230715,-26.856516847230715,-200.13458776852724,200.13458776852724,0.6009248433342631,-0.6009248433342631,167.5249590479862,-167.5249590479862,-141.83981226154629,141.83981226154629,-25.620054201588566,25.620054201588566,7.451993454957802,NLDM_blanket
32.0,2.011998948388302,optimal,27.371650369532883,-27.371650369532883,-203.66428164836054,203.66428164836054,0.6106356448390045,-0.6106356448390045,170.6233216283153,-170.6233216283153,-144.26519924673266,144.26519924673266,-26.291977916154337,26.291977916154337,7.440701561607599,NLDM_blanket
32.5,2.0459256331001576,optimal,27.91637253582224,-27.91637253582224,-207.3920295364166,207.3920295364166,0.6209322918689986,-0.6209322918689986,173.89669428266475,-173.89669428266475,-146.8249961823733,146.8249961823733,-27.00443829510331,27.00443829510331,7.429046494858582,NLDM_blanket
33.0,2.0775479090541396,optimal,28.42463030749465,-28.42463030749465,-210.87192562758958,210.87192562758958,0.630529557754204,-0.630529557754204,176.95200800831282,-176.95200800831282,-149.21520253066575,149.21520253066575,-27.66850609013693,27.66850609013693,7.4186338871042246,NLDM_blanket
33.5,2.1063399282282584,optimal,28.888237565062845,-28.888237565062845,-214.04875978033135,214.04875978033135,0.6392678491974917,-0.6392678491974917,179.7405816235,-179.7405816235,-151.39819720556608,151.39819720556608,-28.273138492793425,28.273138492793425,7.409547200594884,NLDM_blanket
34.0,2.133566810480098,optimal,29.239280178302344,-29.239280178302344,-216.61762593295194,216.61762593295194,0.6475311262802783,-0.6475311262802783,182.11701893733843,-182.11701893733843,-153.20197490836185,153.20197490836185,-28.84490302008206,28.84490302008206,7.408445919735666,NLDM_blanket
34.5,2.1588981982497466,optimal,29.648607170415428,-29.648607170415428,-219.4238254561361,219.4238254561361,0.6552191264742034,-0.6552191264742034,184.5955960320138,-184.5955960320138,-155.14776009050166,155.14776009050166,-29.376862163244677,29.376862163244677,7.400813947006792,NLDM_blanket
35.0,2.1814827025064627,optimal,30.013080363589914,-30.013080363589914,-221.92848046980743,221.92848046980743,0.6620734557626039,-0.6620734557626039,186.7942373305878,-186.7942373305878,-156.8713843341072,156.8713843341072,-29.851136752635718,29.851136752635718,7.394391971143285,NLDM_blanket
35.5,2.2014807430914973,optimal,30.336877843224077,-30.336877843224077,-224.15694431038332,224.15694431038332,0.6681428010860402,-0.6681428010860402,188.74960301856814,-188.74960301856814,-158.40613373421758,158.40613373421758,-30.27109560492144,30.27109560492144,7.388925962282244,NLDM_blanket
36.0,2.218973312378905,optimal,30.621275137724567,-30.621275137724567,-226.11788372692607,226.11788372692607,0.6734517433870606,-0.6734517433870606,190.46932550607013,-190.46932550607013,-159.75793719846868,159.75793719846868,-30.638439559957007,30.638439559957007,7.384339244852513,NLDM_blanket
36.5,2.2339519584594445,optimal,30.865856346307787,-30.865856346307787,-227.81204990972964,227.81204990972964,0.6779977175365659,-0.6779977175365659,191.95482950879756,-191.95482950879756,-160.92789903922812,160.92789903922812,-30.952991127648332,30.952991127648332,7.380713736036706,NLDM_blanket
37.0,2.246294960002136,optimal,31.069337351765235,-31.069337351765235,-229.22380392879612,229.22380392879612,0.6817437814757682,-0.6817437814757682,193.19076489536363,-193.19076489536363,-161.90422286473262,161.90422286473262,-31.212194160044852,31.212194160044852,7.377814381218934,NLDM_blanket
37.5,2.2557223365300465,optimal,31.22707763384477,-31.22707763384477,-230.32532705173966,230.32532705173966,0.6846049619698595,-0.6846049619698595,194.1533508704889,-194.1533508704889,-162.66852190546345,162.66852190546345,-31.410169067130976,31.410169067130976,7.375820746098466,NLDM_blanket
38.0,2.261715934607652,optimal,31.331026605082897,-31.331026605082897,-231.0622690050735,231.0622690050735,0.6864240010056185,-0.6864240010056185,194.79463504462643,-194.79463504462643,-163.1837421438621,163.1837421438621,-31.53603462676069,31.53603462676069,7.374870664709971,NLDM_blanket
38.5,2.264885569278664,optimal,31.390686664233915,-31.390686664233915,-231.49887123594996,231.49887123594996,0.6873859756193667,-0.6873859756193667,195.17127387555365,-195.17127387555365,-163.49371373812974,163.49371373812974,-31.60259695485194,31.60259695485194,7.374762894235007,NLDM_blanket
39.0,2.2645643245173495,optimal,31.346434676050194,-31.346434676050194,-231.5651326896534,231.5651326896534,0.687288478798042,-0.687288478798042,195.32002345938392,-195.32002345938392,-163.40293740139387,163.40293740139387,-31.595850814864338,31.595850814864338,7.387287743654545,NLDM_blanket
39.5,2.2580023752365648,optimal,31.254145109384176,-31.254145109384176,-230.97204700093286,230.97204700093286,0.6852969468771717,-0.6852969468771717,194.78863341244772,-194.78863341244772,-163.0102791215454,163.0102791215454,-31.45804987996786,31.45804987996786,7.390125251948825,NLDM_blanket
40.0,2.2450824658298605,optimal,31.90796884122101,-31.90796884122101,-233.93352406298087,233.93352406298087,0.6813757931319651,-0.6813757931319651,196.20051606633325,-196.20051606633325,-164.6953126008808,164.6953126008808,-31.18673178242707,31.18673178242707,7.331507850815271,NLDM_blanket
40.5,2.2242791193890867,optimal,31.58643387472876,-31.58643387472876,-231.79786406844175,231.79786406844175,0.6801289477312136,-0.6801289477312136,194.31328158923588,-194.31328158923588,-163.24283250830837,163.24283250830837,-30.74986150717082,30.74986150717082,7.33852593134597,NLDM_blanket
41.0,2.191648389124759,optimal,31.075844399901957,-31.075844399901957,-228.39351987494197,228.39351987494197,0.6701512861846177,-0.6701512861846177,191.31912559752055,-191.31912559752055,-160.93862495192764,160.93862495192764,-30.064616171619935,30.064616171619935,7.349551533848668,NLDM_blanket
41.5,2.140880710756325,optimal,30.276292502464674,-30.276292502464674,-223.0453143560861,223.0453143560861,0.65462779933151,-0.65462779933151,186.61942970900031,-186.61942970900031,-157.3123675053955,157.3123675053955,-28.998494925882824,28.998494925882824,7.366995623322402,NLDM_blanket
42.0,2.120402670151347,optimal,30.045722750059205,-30.045722750059205,-221.3718080658628,221.3718080658628,0.6483661264655274,-0.6483661264655274,185.0236239615183,-185.0236239615183,-156.1495521310884,156.1495521310884,-28.56845607317829,28.56845607317829,7.367831018990102,NLDM_blanket
42.5,2.1024989571850194,optimal,29.76800471217401,-29.76800471217401,-219.53190681575495,219.53190681575495,0.6428916186332485,-0.6428916186332485,183.4039225578252,-183.4039225578252,-154.90840917974182,154.90840917974182,-28.192478100885406,28.192478100885406,7.374760550409834,NLDM_blanket
43.0,2.065637901926875,optimal,29.18751457771594,-29.18751457771594,-215.65672238642654,215.65672238642654,0.6316204294616895,-0.6316204294616895,179.99951736492054,-179.99951736492054,-152.28339896801356,152.28339896801356,-27.41839594046438,27.41839594046438,7.388663457870303,NLDM_blanket
43.5,1.9897944582439353,optimal,27.984699667204005,-27.984699667204005,-207.59906124376488,207.59906124376488,0.6084294004695386,-0.6084294004695386,172.92736329391622,-172.92736329391622,-146.81488860573245,146.81488860573245,-25.82568362312264,25.82568362312264,7.418305849716001,NLDM_blanket
44.0,1.8324747194663455,optimal,23.462342663967124,-23.462342663967124,-185.75279853399783,185.75279853399783,0.5603249573448188,-0.5603249573448188,157.18009734581508,-157.18009734581508,-134.39442046509288,134.39442046509288,-22.521969108793257,22.521969108793257,7.917061019625815,NLDM_blanket
44.5,1.521843579837493,optimal,18.85457824526335,-18.85457824526335,-153.37034185115925,153.37034185115925,0.4653417206248069,-0.4653417206248069,128.19678872141097,-128.19678872141097,-111.97906807893636,111.97906807893636,-15.998715176587352,15.998715176587352,8.134381997629088,NLDM_blanket
45.0,0.873087882323643,optimal,9.223340808230727,-9.223340808230727,-85.66047955507435,85.66047955507435,0.2669684472175104,-0.2669684472175104,67.60184206313006,-67.60184206313006,-65.10135220336412,65.10135220336412,-2.374845528796502,2.374845528796502,9.287359248249032,NLDM_blanket
45.5,0.3461171834174618,optimal,4.055000062908863,-4.055000062908863,-39.57320934263205,39.57320934263205,0.10583398175947366,-0.10583398175947366,30.742955279513012,-30.742955279513012,-30.577654904470588,30.577654904470588,0.0,-0.0,9.759114359728054,NLDM_blanket
46.0,0.10822240980005506,optimal,4.8750147790067615,-4.8750147790067615,-10.02709678379928,10.02709678379928,0.033091707356611835,-0.033091707356611835,0.06629823869002151,-0.06629823869002151,-0.00017596963833488928,0.00017596963833488928,-0.014436869467327345,0.014436869467327345,2.0568341304274376,NLDM_blanket
46.5,0.029065852898738705,optimal,3.715274062195313,-3.715274062195313,-7.501800446845123,7.501800446845123,0.008887611170111828,-0.008887611170111828,-7.394827179417074,7.394827179417074,-4.7261076813349064e-05,4.7261076813349064e-05,-0.0038773847766917433,0.0038773847766917433,2.019178214382493,NLDM_blanket
47.0,0.007098039483091,optimal,3.213040851021609,-3.213040851021609,-6.4434819070124645,6.4434819070124645,0.0021704030229427267,-0.0021704030229427267,-6.417358452851843,6.417358452851843,-1.1541412198930018e-05,1.1541412198930018e-05,-0.0009468784670443394,0.0009468784670443394,2.0054154944726936,NLDM_blanket
47.5,0.001635047223957722,optimal,3.1003768527154816,-3.1003768527154816,-6.204534559200793,6.204534559200793,0.00027263921945367526,-0.00027263921945367526,-6.198516970638872,6.198516970638872,-2.6585867857583097e-06,2.6585867857583097e-06,-0.0002181152996759601,0.0002181152996759601,2.0012194820015243,NLDM_blanket
48.0,0.0008644540128197576,optimal,3.0984322994335933,-3.0984322994335933,-6.198863546766258,6.198863546766258,0.00014414511327544538,-0.00014414511327544538,-6.195682030964373,6.195682030964373,-1.4056022250556715e-06,1.4056022250556715e-06,-0.00011531816531015567,0.00011531816531015567,2.0006451481607126,NLDM_blanket
48.5,0.000823755683120648,optimal,3.1131761787966212,-3.1131761787966212,-6.22825719540729,6.22825719540729,0.00013735878889331834,-0.00013735878889331834,-6.225225464761268,6.225225464761268,-1.3394267407545374e-06,1.3394267407545374e-06,-0.00010988900812829443,0.00010988900812829443,2.000611863159888,NLDM_blanket
49.0,0.0008082400036182462,optimal,3.1280395784881536,-3.1280395784881536,-6.257948116612354,6.257948116612354,0.00013477159588333137,-0.00013477159588333137,-6.254973489500797,6.254973489500797,-1.3141982458836251e-06,1.3141982458836251e-06,-0.00010781921648267405,0.00010781921648267405,2.0005974859298137,NLDM_blanket
49.5,0.0007854155476936618,optimal,3.142273415599349,-3.142273415599349,-6.286363011973705,6.286363011973705,0.00013096568633127502,-0.00013096568633127502,-6.283472387441946,6.283472387441946,-1.277085680549892e-06,1.277085680549892e-06,-0.0001047744340623345,0.0001047744340623345,2.00057798305074,NLDM_blanket
50.0,0.0007687872033041748,optimal,0.00029027867222359004,-0.00029027867222359004,-22.093800041876822,22.093800041876822,0.00012819295978936122,-0.00012819295978936122,-22.090970615904677,22.090970615904677,-1.2500479925725864e-06,1.2500479925725864e-06,-0.00010255621292077691,0.00010255621292077691,76112.37805600424,NLDM_blanket
5.0,0.0009008318682288783,optimal,2.4692473083972573,-2.4692473083972573,-4.941220134058427,4.941220134058427,0.0,-0.0,0.0,-0.0,-4.936996046948441,4.936996046948441,0.0,-0.0,2.001103784645079,LB
5.5,0.0016504916425297627,optimal,2.5006982714002133,-2.5006982714002133,-5.00639019769243,5.00639019769243,0.0,-0.0,0.0,-0.0,-4.998650883933411,4.998650883933411,0.0,-0.0,2.0019969042043635,LB
6.0,0.0025885744480370182,optimal,2.540054268108495,-2.540054268108495,-5.087940413169699,5.087940413169699,0.0,-0.0,0.0,-0.0,-5.075802339079703,5.075802339079703,0.0,-0.0,2.0030833502461114,LB
6.5,0.0037475056564282277,optimal,2.58867566118254,-2.58867566118254,-5.188689610588921,5.188689610588921,0.0,-0.0,0.0,-0.0,-5.171117196805384,5.171117196805384,0.0,-0.0,2.004379957054435,LB
7.0,0.00516881585044166,optimal,2.64870706803598,-2.64870706803598,-5.311041388257436,5.311041388257436,0.0,-0.0,0.0,-0.0,-5.284793024904669,5.284793024904669,0.0,-0.0,2.005144869491205,LB
7.5,0.006993737586359068,optimal,2.7254112166150595,-2.7254112166150595,-5.46926097477735,5.46926097477735,0.0,-0.0,0.0,-0.0,-5.433745264666499,5.433745264666499,0.0,-0.0,2.0067654163286712,LB
8.0,0.009231715076995767,optimal,2.8194767069754656,-2.8194767069754656,-5.663292239921666,5.663292239921666,0.0,-0.0,0.0,-0.0,-5.616411596710225,5.616411596710225,0.0,-0.0,2.008632391220158,LB
8.5,0.011953497629421737,optimal,2.9338772367035393,-2.9338772367035393,-5.899269104883201,5.899269104883201,0.0,-0.0,0.0,-0.0,-5.83856666196551,5.83856666196551,0.0,-0.0,2.0107416326361127,LB
9.0,0.015237995164820516,optimal,3.0719295060169953,-3.0719295060169953,-6.18403301105435,6.18403301105435,0.0,-0.0,0.0,-0.0,-6.106651180200435,6.106651180200435,0.0,-0.0,2.013077773738515,LB
9.5,0.01917244132583424,optimal,3.237300073406875,-3.237300073406875,-6.525147061333066,6.525147061333066,0.0,-0.0,0.0,-0.0,-6.427785263033154,6.427785263033154,0.0,-0.0,2.015613910781561,LB
10.0,0.023852397373089716,optimal,3.434005519414283,-3.434005519414283,-6.930896357949285,6.930896357949285,0.0,-0.0,0.0,-0.0,-6.809768731970903,6.809768731970903,0.0,-0.0,2.0183125270956013,LB
10.5,0.029381709298773734,optimal,3.6664106440507833,-3.6664106440507833,-7.410284284238389,7.410284284238389,0.0,-0.0,0.0,-0.0,-7.261077617970008,7.261077617970008,0.0,-0.0,2.021127746904869,LB
11.0,0.035871821255256925,optimal,3.939199609192178,-3.939199609192178,-7.972972979327281,7.972972979327281,0.0,-0.0,0.0,-0.0,-7.790808122679695,7.790808122679695,0.0,-0.0,2.0240083698023925,LB
11.5,0.04344143023415112,optimal,4.255560299091709,-4.255560299091709,-8.623850023605279,8.623850023605279,0.0,-0.0,0.0,-0.0,-8.406847307805208,8.406847307805208,0.0,-0.0,2.0264899137831325,LB
12.0,0.05221641303605052,optimal,4.58046200793799,-4.58046200793799,-9.252864378427681,9.252864378427681,0.0,-0.0,0.0,-0.0,-9.079147891420218,9.079147891420218,0.0,-0.0,2.0200722901734296,LB
12.5,0.062327331209162146,optimal,4.996584862804962,-4.996584862804962,-10.10291294800044,10.10291294800044,0.0,-0.0,0.0,-0.0,-9.895558892203255,9.895558892203255,0.0,-0.0,2.0219636462511534,LB
13.0,0.07390865457356294,optimal,5.473223409277239,-5.473223409277239,-11.076581925546805,11.076581925546805,0.0,-0.0,0.0,-0.0,-10.83069847462682,10.83069847462682,0.0,-0.0,2.0237766846446914,LB
13.5,0.08709827986799956,optimal,6.0266452671910224,-6.0266452671910224,-12.206649353249306,12.206649353249306,0.0,-0.0,0.0,-0.0,-11.916885918280771,11.916885918280771,0.0,-0.0,2.0254467970268872,LB
14.0,0.10203618698733137,optimal,6.643243338336983,-6.643243338336983,-13.466147505129033,13.466147505129033,0.0,-0.0,0.0,-0.0,-13.126687804233107,13.126687804233107,0.0,-0.0,2.0270441438473696,LB
14.5,0.11886004757006462,optimal,7.337688678080527,-7.337688678080527,-14.884660898080332,14.884660898080332,0.0,-0.0,0.0,-0.0,-14.489230635661576,14.489230635661576,0.0,-0.0,2.0285217254507484,LB
15.0,0.1377073498467478,optimal,8.115656444064832,-8.115656444064832,-16.616829984612277,16.616829984612277,0.0,-0.0,0.0,-0.0,-15.87260135353882,15.87260135353882,0.0,-0.0,2.047502885212021,LB
15.5,0.1587103434302869,optimal,8.982605557380813,-8.982605557380813,-18.409526910898105,18.409526910898105,0.0,-0.0,0.0,-0.0,-17.55178923923591,17.55178923923591,0.0,-0.0,2.0494640216915005,LB
16.0,0.1819957201040397,optimal,9.943765526327343,-9.943765526327343,-20.397035168919025,20.397035168919025,0.0,-0.0,0.0,-0.0,-19.413453495282912,19.413453495282912,0.0,-0.0,2.0512385489094007,LB
16.5,0.2077045731506221,optimal,11.004960315748871,-11.004960315748871,-22.591397684511268,22.591397684511268,0.0,-0.0,0.0,-0.0,-21.468874519875435,21.468874519875435,0.0,-0.0,2.052837723747299,LB
17.0,0.2359390784465627,optimal,12.170407480881341,-12.170407480881341,-25.001335613497893,25.001335613497893,0.0,-0.0,0.0,-0.0,-23.726221267281563,23.726221267281563,0.0,-0.0,2.054272681730076,LB
17.5,0.2667950157187287,optimal,13.444060560488207,-13.444060560488207,-27.635024172486606,27.635024172486606,0.0,-0.0,0.0,-0.0,-26.193151320045963,26.193151320045963,0.0,-0.0,2.0555563587466517,LB
18.0,0.300361533234825,optimal,14.829599363894419,-14.829599363894419,-30.500072554179525,30.500072554179525,0.0,-0.0,0.0,-0.0,-28.876792076011505,28.876792076011505,0.0,-0.0,2.056702396724079,LB
18.5,0.33671443946400914,optimal,16.33015306813164,-16.33015306813164,-33.602951341405905,33.602951341405905,0.0,-0.0,0.0,-0.0,-31.78320441704895,31.78320441704895,0.0,-0.0,2.0577242112311978,LB
19.0,0.3759150217890107,optimal,17.948251457437703,-17.948251457437703,-36.948891679059585,36.948891679059585,0.0,-0.0,0.0,-0.0,-34.91728826517258,34.91728826517258,0.0,-0.0,2.0586346122172294,LB
19.5,0.4180090161564171,optimal,19.68578239309214,-19.68578239309214,-40.541797329265805,40.541797329265805,0.0,-0.0,0.0,-0.0,-38.2827002061517,38.2827002061517,0.0,-0.0,2.0594455693816958,LB
20.0,0.4630257285707019,optimal,21.54395555096769,-21.54395555096769,-44.38416968707248,44.38416968707248,0.0,-0.0,0.0,-0.0,-41.881783253018945,41.881783253018945,0.0,-0.0,2.0601680866854033,LB
20.5,0.5114167149942073,optimal,12.712166707040323,-12.712166707040323,-26.85606445295881,26.85606445295881,0.0,-0.0,0.0,-0.0,-24.09215270727639,24.09215270727639,0.0,-0.0,2.1126268300183035,LB
21.0,0.5636852835175991,optimal,8.684020634148837,-8.684020634148837,-18.946100203231246,18.946100203231246,0.0,-0.0,0.0,-0.0,-15.899707055912497,15.899707055912497,0.0,-0.0,2.181719850909618,LB
21.5,0.6192659251043169,optimal,9.460369052529533,-9.460369052529533,-20.654397213759683,20.654397213759683,0.0,-0.0,0.0,-0.0,-17.307622824275555,17.307622824275555,0.0,-0.0,2.183254913109026,LB
22.0,0.6780280873203633,optimal,10.281156837533459,-10.281156837533459,-22.46047974861568,22.46047974861568,0.0,-0.0,0.0,-0.0,-18.796129836883587,18.796129836883587,0.0,-0.0,2.184625728752539,LB
22.5,0.7399337782232132,optimal,11.145853319063061,-11.145853319063061,-24.36318010767936,24.36318010767936,0.0,-0.0,0.0,-0.0,-20.364265718106704,20.364265718106704,0.0,-0.0,2.1858514920531333,LB
23.0,0.8032953464838706,optimal,12.182419156269502,-12.182419156269502,-26.613694963539107,26.613694963539107,0.0,-0.0,0.0,-0.0,-21.363145644342772,21.363145644342772,-0.9092022761612812,0.9092022761612812,2.1845985285970695,LB
23.5,0.868816867243488,optimal,13.326946742872224,-13.326946742872224,-29.08618018945041,29.08618018945041,0.0,-0.0,0.0,-0.0,-22.10557298603538,22.10557298603538,-2.285154212113246,2.285154212113246,2.1825089235091935,LB
24.0,0.9371341146192589,optimal,14.511927317589828,-14.511927317589828,-31.67254613125255,31.67254613125255,0.0,-0.0,0.0,-0.0,-22.88806149824927,22.88806149824927,-3.7198164070044357,3.7198164070044357,2.182518244345286,LB
24.5,1.008136487513973,optimal,15.75155911748779,-15.75155911748779,-34.35248899173641,34.35248899173641,0.0,-0.0,0.0,-0.0,-23.693227741819733,23.693227741819733,-5.21086623779343,5.21086623779343,2.180894521964964,LB
25.0,1.0818309363695318,optimal,4.912025107807277,-4.912025107807277,-12.881709046565053,12.881709046565053,0.0,-0.0,-36.37850044734255,36.37850044734255,-0.2765884700087966,0.2765884700087966,-6.758449663760166,6.758449663760166,2.6224843651736616,LB
25.5,1.15806145241364,optimal,5.820453304656377,-5.820453304656377,-14.9140213888169,14.9140213888169,0.0,-0.0,-37.77064380576995,37.77064380576995,-0.2960780973542372,0.2960780973542372,-8.359290500686438,8.359290500686438,2.5623470558359513,LB
26.0,1.2366371002353191,optimal,6.756828102717513,-6.756828102717513,-17.008855152975528,17.008855152975528,0.0,-0.0,-39.19746150286663,39.19746150286663,-0.3161672975058707,0.3161672975058707,-10.0093791049417,10.0093791049417,2.517283982129836,LB
26.5,1.3173711197959332,optimal,7.718923909223565,-7.718923909223565,-19.161231299789236,19.161231299789236,0.0,-0.0,-40.65601085346966,40.65601085346966,-0.3368083220848659,0.3368083220848659,-11.704793515714597,11.704793515714597,2.4823707974233207,LB
27.0,1.396187024385688,optimal,8.658161812953269,-8.658161812953269,-21.262470330767616,21.262470330767616,0.0,-0.0,-42.07867010398204,42.07867010398204,-0.35695894796361927,0.35695894796361927,-13.359927512099446,13.359927512099446,2.4557718820821,LB
27.5,1.4465597919832238,optimal,9.25844690629372,-9.25844690629372,-22.605412798094232,22.605412798094232,0.0,-0.0,-43.02457095572253,43.02457095572253,-0.36983760233697893,0.36983760233697893,-14.4177556316477,14.4177556316477,2.441598793716416,LB
28.0,1.4954877935082984,optimal,9.841514928227816,-9.841514928227816,-23.90983767334486,23.90983767334486,0.0,-0.0,-43.94274499668605,43.94274499668605,-0.38234687770290066,0.38234687770290066,-15.445243663674265,15.445243663674265,2.429487517695648,LB
28.5,1.5428742749420061,optimal,10.406212874899706,-10.406212874899706,-25.173165485764358,25.173165485764358,0.0,-0.0,-44.83172134659081,44.83172134659081,-0.3944620372515999,0.3944620372515999,-16.440359773782127,16.440359773782127,2.419051559716144,LB
29.0,1.5886383494215002,optimal,10.951576829091225,-10.951576829091225,-26.393239784390293,26.393239784390293,0.0,-0.0,-45.690287420174776,45.690287420174776,-0.4061624008815272,0.4061624008815272,-17.401405337851504,17.401405337851504,2.409994487212161,LB
29.5,1.6327139386844893,optimal,11.476819345566796,-11.476819345566796,-27.568298916869022,27.568298916869022,0.0,-0.0,-46.517471563533945,46.517471563533945,-0.41743107456163386,0.41743107456163386,-18.326992712374274,18.326992712374274,2.4020852892067137,LB
30.0,1.6750496441900407,optimal,11.981327915238417,-11.981327915238417,-28.696972593524816,28.696972593524816,0.0,-0.0,-47.7044860031967,47.7044860031967,-0.03631005113710728,0.03631005113710728,-19.216042527990854,19.216042527990854,2.395141239480363,LB
30.5,1.7156104141740844,optimal,12.464684831228546,-12.464684831228546,-29.778326331207957,29.778326331207957,0.0,-0.0,-48.47646612838926,48.47646612838926,-0.03718928694806323,0.03718928694806323,-20.067818697655774,20.067818697655774,2.3890155855848416,LB
31.0,1.7543590698683702,optimal,12.926447039453912,-12.926447039453912,-30.811368940647966,30.811368940647966,0.0,-0.0,-49.214936279769425,49.214936279769425,-0.038029241557538285,0.038029241557538285,-20.881540467235773,20.881540467235773,2.3835914730943437,LB
31.5,1.7912743448739847,optimal,13.36636111126913,-13.36636111126913,-31.795533457757124,31.795533457757124,0.0,-0.0,-49.91964591302671,49.91964591302671,-0.03882945397383253,0.03882945397383253,-21.656761242353678,21.656761242353678,2.378772591363735,LB
32.0,1.8263749867156711,optimal,11.380209524493997,-11.380209524493997,-23.113555958169414,23.113555958169414,0.0,-0.0,-57.80433768587224,57.80433768587224,-0.03959033058703554,0.03959033058703554,-22.393874721029093,22.393874721029093,2.031030791517621,LB
32.5,1.8647309942170538,optimal,11.786796532721258,-11.786796532721258,-23.934146262098356,23.934146262098356,0.0,-0.0,-58.68775317929721,58.68775317929721,-0.03210507352743264,0.03210507352743264,-23.19935087855813,23.19935087855813,2.030589583493268,LB
33.0,1.9004137250239723,optimal,12.16504587902355,-12.16504587902355,-24.69754435343538,24.69754435343538,0.0,-0.0,-59.504830608905834,59.504830608905834,-0.03271942310373799,0.03271942310373799,-23.948688225503417,23.948688225503417,2.0302056070353083,LB
33.5,1.933208150382973,optimal,12.512678183891769,-12.512678183891769,-25.399149896492684,25.399149896492684,0.0,-0.0,-60.25933194668115,60.25933194668115,-0.033284044725135686,0.033284044725135686,-24.63737115804243,24.63737115804243,2.0298731832798476,LB
34.0,1.9646786543931076,optimal,12.846276462399343,-12.846276462399343,-26.072431401340207,26.072431401340207,0.0,-0.0,-60.782079967491555,60.782079967491555,-0.03382587239268631,0.03382587239268631,-25.29825174225526,25.29825174225526,2.0295710961579734,LB
34.5,1.9936445451429068,optimal,13.153324969994248,-13.153324969994248,-26.692129087370056,26.692129087370056,0.0,-0.0,-61.44926364086089,61.44926364086089,-0.03432457813372558,0.03432457813372558,-25.90653544800104,25.90653544800104,2.0293065934477346,LB
35.0,2.019862934679919,optimal,13.431249009976945,-13.431249009976945,-27.25304659782599,27.25304659782599,0.0,-0.0,-62.057339468011364,62.057339468011364,-0.03477598014638428,0.03477598014638428,-26.4571216282783,26.4571216282783,2.029077606824354,LB
35.5,2.043470065450228,optimal,13.681492799620164,-13.681492799620164,-27.758098710275387,27.758098710275387,0.0,-0.0,-62.60920785130762,62.60920785130762,-0.035182424116857014,0.035182424116857014,-26.952871374454787,26.952871374454787,2.0288793859575054,LB
36.0,2.0645284470702108,optimal,13.904718962579592,-13.904718962579592,-28.208622758514,28.208622758514,0.0,-0.0,-63.10623903342563,63.10623903342563,-0.03554498627320868,0.03554498627320868,-27.395097388474426,27.395097388474426,2.0287085869501644,LB
36.5,2.0830164775209985,optimal,14.100698509948524,-14.100698509948524,-28.60415658789164,28.60415658789164,0.19867811162595286,-0.19867811162595286,-63.250041091418574,63.250041091418574,-0.43321951794537483,0.43321951794537483,-27.78334602794097,27.78334602794097,2.028563093360973,LB
37.0,2.098803355854936,optimal,14.26804490622848,-14.26804490622848,-28.941901836524934,28.941901836524934,0.2001838640814438,-0.2001838640814438,-63.63175049549318,63.63175049549318,-0.4365028255406429,0.4365028255406429,-28.114870472953655,28.114870472953655,2.028442020384364,LB
37.5,2.11160349872985,optimal,14.403730868752216,-14.403730868752216,-29.215748720397844,29.215748720397844,0.2014047417088531,-0.2014047417088531,-63.95018830382753,63.95018830382753,-0.4391649608553365,0.4391649608553365,-28.383673473326848,28.383673473326848,2.028345918610515,LB
38.0,2.1209205233285524,optimal,14.502494567164511,-14.502494567164511,-29.645738312711295,29.645738312711295,0.20229339951507735,-0.20229339951507735,-64.07987888143066,64.07987888143066,-0.21044197616569704,0.21044197616569704,-28.5793309898996,28.5793309898996,2.0441819974773865,LB
38.5,2.127201270703989,optimal,14.56907267190385,-14.56907267190385,-29.780791992498813,29.780791992498813,0.09735987495885101,-0.09735987495885101,-64.41869340691854,64.41869340691854,0.0,-0.0,-28.711226684783767,28.711226684783767,2.0441103331120343,LB
39.0,2.1297522044317247,optimal,14.596113455867323,-14.596113455867323,-29.835644220463315,29.835644220463315,0.0,-0.0,-64.47249437022377,64.47249437022377,0.0,-0.0,-28.76479629306622,28.76479629306622,2.0440814132251095,LB
39.5,2.1262963669260184,optimal,14.559480377403302,-14.559480377403302,-29.76133402392226,29.76133402392226,0.0,-0.0,-64.4498469431834,64.4498469431834,0.0,-0.0,-28.692223705446388,28.692223705446388,2.044120617801212,LB
40.0,2.1144510152736005,optimal,14.337139225109915,-14.337139225109915,-29.50662574902924,29.50662574902924,0.0,-0.0,-64.15634723318342,64.15634723318342,0.0,-0.0,-28.44347132074561,28.44347132074561,2.058055326501374,LB
40.5,2.0929136344296797,optimal,13.612499971124723,-13.612499971124723,-33.62315831169177,33.62315831169177,0.0,-0.0,-59.975628668010046,59.975628668010046,-0.9898748971080362,0.9898748971080362,-27.99118632302327,27.99118632302327,2.47002081785229,LB
41.0,2.0553724413002015,optimal,13.225189095879202,-13.225189095879202,-32.733770956414716,32.733770956414716,0.0,-0.0,-59.31712573340071,59.31712573340071,-0.9721192266995331,0.9721192266995331,-27.20282126730423,27.20282126730423,2.4751079715460658,LB
41.5,1.9897000951883796,optimal,12.882016441400683,-12.882016441400683,-32.5153937092903,32.5153937092903,0.18977759507906766,-0.18977759507906766,-56.843084284257856,56.843084284257856,-1.3206136956789087,1.3206136956789087,-25.823701998955972,25.823701998955972,2.524091927471166,LB
42.0,1.921230629309321,optimal,12.164113715076693,-12.164113715076693,-31.05620418323799,31.05620418323799,0.18324697742352306,-0.18324697742352306,-55.12508685289273,55.12508685289273,-1.6930556736194011,1.6930556736194011,-24.385843215495743,24.385843215495743,2.553100448637345,LB
42.5,1.882306756728709,optimal,73.2201572727493,-73.2201572727493,-90.71318967590149,90.71318967590149,0.17953441845678428,-0.17953441845678428,0.0,-0.0,0.0,-0.0,-23.56844189130289,23.56844189130289,1.2389100632219299,LB
43.0,1.8307255981503394,optimal,71.30959399458008,-71.30959399458008,-87.93411123639106,87.93411123639106,0.5597901197744074,-0.5597901197744074,0.0,-0.0,0.0,-0.0,-22.485237561157128,22.485237561157128,1.2331315649206267,LB
43.5,1.731792919646332,optimal,67.44600584446121,-67.44600584446121,-82.74089138368942,82.74089138368942,0.5295389800048306,-0.5295389800048306,0.0,-0.0,0.0,-0.0,-20.40765131257297,20.40765131257297,1.226772295078527,LB
44.0,1.5467362515029357,optimal,60.19199511205482,-60.19199511205482,-72.99976298239447,72.99976298239447,0.4729532773032864,-0.4729532773032864,0.0,-0.0,0.0,-0.0,-16.52146128156165,16.52146128156165,1.2127819130516677,LB
44.5,1.1490001097077738,optimal,44.56688169761615,-44.56688169761615,-52.027302010384155,52.027302010384155,0.3513355085458768,-0.3513355085458768,0.0,-0.0,0.0,-0.0,-8.169002303863248,8.169002303863248,1.167398301801471,LB
45.0,0.6299655752361524,optimal,24.99365633193108,-24.99365633193108,-18.641793171806167,18.641793171806167,0.19262772376783455,-0.19262772376783455,0.0,-0.0,0.0,-0.0,-0.024513220463589162,0.024513220463589162,0.7458609866532421,LB
45.5,0.2673312193672223,optimal,13.054725898139273,-13.054725898139273,-9.53103599834015,9.53103599834015,0.08174320360201241,-0.08174320360201241,0.0,-0.0,0.0,-0.0,-0.010402392408017356,0.010402392408017356,0.7300831953659506,LB
46.0,0.0910351045868996,optimal,10.317495142752342,-10.317495142752342,-0.30696700436815577,0.30696700436815577,10.307690343365469,-10.307690343365469,0.0,-0.0,-0.0001480230800577769,0.0001480230800577769,-0.0035423579896854377,0.0035423579896854377,0.029752086152789584,LB
46.5,0.026194727278643432,optimal,7.295253981586921,-7.295253981586921,-0.08832765117867633,0.08832765117867633,7.29641690960182,-7.29641690960182,0.0,-0.0,-4.259262655507416e-05,4.259262655507416e-05,-0.0010192892278665733,0.0010192892278665733,0.012107549840158218,LB
47.0,0.006699058115370182,optimal,6.407337740728659,-6.407337740728659,-0.02258897609987798,0.02258897609987798,6.40763514876322,-6.40763514876322,0.0,-0.0,-1.0892668495591158e-05,1.0892668495591158e-05,-0.0002606737493852845,0.0002606737493852845,0.003525485468994351,LB
47.5,0.0015855478755705044,optimal,6.1984710786032355,-6.1984710786032355,-0.005221946434015812,0.005221946434015812,6.198562213516799,-6.198562213516799,0.0,-0.0,-2.5781008462508554e-06,2.5781008462508554e-06,-6.169683893419947e-05,6.169683893419947e-05,0.0008424571749704003,LB
48.0,0.0008330854355368545,optimal,6.19541294138506,-6.19541294138506,-0.002743737723950386,0.002743737723950386,6.195460825886266,-6.195460825886266,0.0,-0.0,-1.354596918175696e-06,1.354596918175696e-06,-3.241702046761009e-05,3.241702046761009e-05,0.000442865996166672,LB
48.5,0.0007612906325597368,optimal,6.223434877708299,-6.223434877708299,-0.0025072840531633533,0.0025072840531633533,6.223478635551922,-6.223478635551922,0.0,-0.0,-1.2378585685424684e-06,1.2378585685424684e-06,-2.962334109416448e-05,2.962334109416448e-05,0.0004028778483959374,LB
49.0,0.0006812867669100475,optimal,6.25012389283194,-6.25012389283194,-0.002243794121781399,0.002243794121781399,6.250163052173372,-6.250163052173372,0.0,-0.0,-1.1077722829960382e-06,1.1077722829960382e-06,-2.6510230674003772e-05,2.6510230674003772e-05,0.00035899994308188546,LB
49.5,0.000570900289673363,optimal,6.274466812988581,-6.274466812988581,-0.0018802401225290822,0.0018802401225290822,6.27449962748088,-6.27449962748088,0.0,-0.0,-9.282838713127257e-07,9.282838713127257e-07,-2.2214872071769904e-05,2.2214872071769904e-05,0.0002996653227389545,LB
50.0,0.0005604319996162545,optimal,6.302631126893965,-6.302631126893965,-0.0018466744380475236,0.0018466744380475236,6.3026643837694705,-6.3026643837694705,0.0,-0.0,0.0,-0.0,-2.1807529969067695e-05,2.1807529969067695e-05,0.00029300055815857233,LB
5.0,0.0009009323955701831,optimal,2.4692515258860444,-2.4692515258860444,-4.941228873187101,4.941228873187101,0.0,-0.0,0.0,-0.0,-4.937004314694762,4.937004314694762,0.0,-0.0,2.0011039059352345,BHI
5.5,0.001650685681691022,optimal,2.5007064120510667,-2.5007064120510667,-5.0064070660704845,5.0064070660704845,0.0,-0.0,0.0,-0.0,-4.998666842443212,4.998666842443212,0.0,-0.0,2.001997132467963,BHI
6.0,0.0025888943352451853,optimal,2.5400676885441302,-2.5400676885441302,-5.087968221877628,5.087968221877628,0.0,-0.0,0.0,-0.0,-5.075828647805807,5.075828647805807,0.0,-0.0,2.0030837149831457,BHI
6.5,0.0037479913276744596,optimal,2.5886960368635092,-2.5886960368635092,-5.1887318313764075,5.1887318313764075,0.0,-0.0,0.0,-0.0,-5.171157140233778,5.171157140233778,0.0,-0.0,2.0043804902112528,BHI
7.0,0.005169517483589104,optimal,2.6487365587106373,-2.6487365587106373,-5.311102219417639,5.311102219417639,0.0,-0.0,0.0,-0.0,-5.284850293020198,5.284850293020198,0.0,-0.0,2.0051455105837324,BHI
7.5,0.006994744521020608,optimal,2.725453539562049,-2.725453539562049,-5.46934827539012,5.46934827539012,0.0,-0.0,0.0,-0.0,-5.433827451847559,5.433827451847559,0.0,-0.0,2.006766285316676,BHI
8.0,0.009233122204250278,optimal,2.8195358506066,-2.8195358506066,-5.663414236984885,5.663414236984885,0.0,-0.0,0.0,-0.0,-5.616526448077305,5.616526448077305,0.0,-0.0,2.0086335258927277,BHI
8.5,0.011955422772616365,optimal,2.933958153307649,-2.933958153307649,-5.899436013608243,5.899436013608243,0.0,-0.0,0.0,-0.0,-5.838723794397579,5.838723794397579,0.0,-0.0,2.0107430663104076,BHI
9.0,0.015240690880579964,optimal,3.0738962923017694,-3.0738962923017694,-6.187973690705972,6.187973690705972,0.0,-0.0,0.0,-0.0,-6.110578170425157,6.110578170425157,0.0,-0.0,2.0130717181978657,BHI
9.5,0.019176223115456612,optimal,3.2397911247930518,-3.2397911247930518,-6.5301391345517255,6.5301391345517255,0.0,-0.0,0.0,-0.0,-6.432758131507245,6.432758131507245,0.0,-0.0,2.0156049828579152,BHI
10.0,0.023857622134093686,optimal,3.437126544673307,-3.437126544673307,-6.9371521832153356,6.9371521832153356,0.0,-0.0,0.0,-0.0,-6.815998024772026,6.815998024772026,0.0,-0.0,2.018299906346538,BHI
10.5,0.02938882825658234,optimal,3.6702839572929435,-3.6702839572929435,-7.418049679399359,7.418049679399359,0.0,-0.0,0.0,-0.0,-7.26880686152553,7.26880686152553,0.0,-0.0,2.0211105641184828,BHI
11.0,0.03588139825403844,optimal,3.9439658249246694,-3.9439658249246694,-7.9825306599366215,7.9825306599366215,0.0,-0.0,0.0,-0.0,-7.800317169220593,7.800317169220593,0.0,-0.0,2.0239857580634815,BHI
11.5,0.04345415087540921,optimal,4.263180724624154,-4.263180724624154,-8.640925536965668,8.640925536965668,0.0,-0.0,0.0,-0.0,-8.420255972723753,8.420255972723753,0.0,-0.0,2.026872913703995,BHI
12.0,0.052233116700106504,optimal,4.587501738731746,-4.587501738731746,-9.266973251091905,9.266973251091905,0.0,-0.0,0.0,-0.0,-9.093201193399455,9.093201193399455,0.0,-0.0,2.020047899459508,BHI
12.5,0.06234906134174904,optimal,5.005061702388498,-5.005061702388498,-10.11990488862885,10.11990488862885,0.0,-0.0,0.0,-0.0,-9.912478539809683,9.912478539809683,0.0,-0.0,2.0219340920011963,BHI
13.0,0.07393664027451241,optimal,5.483366913561419,-5.483366913561419,-11.096918210106029,11.096918210106029,0.0,-0.0,0.0,-0.0,-10.850941654788924,10.850941654788924,0.0,-0.0,2.0237416873675222,BHI
13.5,0.08713365283678459,optimal,6.028105371618589,-6.028105371618589,-12.209631845271462,12.209631845271462,0.0,-0.0,0.0,-0.0,-11.91975072952949,11.91975072952949,0.0,-0.0,2.0254509655316606,BHI
14.0,0.10207916841157953,optimal,6.645017500076964,-6.645017500076964,-13.469771508409625,13.469771508409625,0.0,-0.0,0.0,-0.0,-13.13016881450455,13.13016881450455,0.0,-0.0,2.0270483122510385,BHI
14.5,0.11891186434404556,optimal,7.339827540146974,-7.339827540146974,-14.889029858908911,14.889029858908911,0.0,-0.0,0.0,-0.0,-14.493427209544738,14.493427209544738,0.0,-0.0,2.0285258444384064,BHI
15.0,0.137769345050607,optimal,8.118215445323482,-8.118215445323482,-16.6221215451206,16.6221215451206,0.0,-0.0,0.0,-0.0,-15.877557865803505,15.877557865803505,0.0,-0.0,2.047509290320179,BHI
15.5,0.15878397173082812,optimal,8.985644742705293,-8.985644742705293,-18.415811406845936,18.415811406845936,0.0,-0.0,0.0,-0.0,-17.55767581677647,17.55767581677647,0.0,-0.0,2.0494702310367012,BHI
16.0,0.1820825419902241,optimal,9.947349308655555,-9.947349308655555,-20.40444579483188,20.40444579483188,0.0,-0.0,0.0,-0.0,-19.420394899083984,19.420394899083984,0.0,-0.0,2.051244523712183,BHI
16.5,0.20780626577325634,optimal,11.009157923517169,-11.009157923517169,-22.600077592510928,22.600077592510928,0.0,-0.0,0.0,-0.0,-21.477004838028098,21.477004838028098,0.0,-0.0,2.05284343721093,BHI
17.0,0.23605740102956854,optimal,12.175291530291453,-12.175291530291453,-25.011434961003822,25.011434961003822,0.0,-0.0,0.0,-0.0,-23.7356811496168,23.7356811496168,0.0,-0.0,2.054278117183211,BHI
17.5,0.2669317999004523,optimal,13.449706656821546,-13.449706656821546,-27.646699297804606,27.646699297804606,0.0,-0.0,0.0,-0.0,-26.204087205923006,26.204087205923006,0.0,-0.0,2.0555615080112175,BHI
18.0,0.30051867353479794,optimal,14.836085708004651,-14.836085708004651,-30.513485162798236,30.513485162798236,0.0,-0.0,0.0,-0.0,-28.889355432135957,28.889355432135957,0.0,-0.0,2.056707258460701,BHI
18.5,0.3368938777440994,optimal,16.33755981504134,-16.33755981504134,-33.61826717968851,33.61826717968851,0.0,-0.0,0.0,-0.0,-31.797550495142993,31.797550495142993,0.0,-0.0,2.057728789383682,BHI
19.0,0.37611873053641476,optimal,17.95666002630359,-17.95666002630359,-36.96627910737436,36.96627910737436,0.0,-0.0,0.0,-0.0,-34.93357476545129,34.93357476545129,0.0,-0.0,2.0586389146547726,BHI
19.5,0.41823898092635337,optimal,19.69527474248499,-19.69527474248499,-40.56142582339356,40.56142582339356,0.0,-0.0,0.0,-0.0,-38.30108587361759,38.30108587361759,0.0,-0.0,2.059449606757598,BHI
20.0,0.46328392992585166,optimal,21.554613433379256,-21.554613433379256,-44.4062082966592,44.4062082966592,0.0,-0.0,0.0,-0.0,-41.90242643352146,41.90242643352146,0.0,-0.0,2.060171871507201,BHI
20.5,0.5118572947529958,optimal,8.39427332374293,-8.39427332374293,-17.70049008186615,17.70049008186615,0.0,-0.0,0.0,-0.0,-14.41317623252735,14.41317623252735,0.0,-0.0,2.1086387587357787,BHI
21.0,0.5642844072510683,optimal,9.171044785217227,-9.171044785217227,-19.347439041060063,19.347439041060063,0.0,-0.0,0.0,-0.0,-15.723421241689788,15.723421241689788,0.0,-0.0,2.1096221307572427,BHI
21.5,0.6199115571085237,optimal,9.995228693762892,-9.995228693762892,-21.09491419647755,21.09491419647755,0.0,-0.0,0.0,-0.0,-17.113640767461714,17.113640767461714,0.0,-0.0,2.110498403067151,BHI
22.0,0.6787202734408015,optimal,10.866551380751051,-10.866551380751051,-22.94233530246611,22.94233530246611,0.0,-0.0,0.0,-0.0,-18.58337319021244,18.58337319021244,0.0,-0.0,2.111280248773869,BHI
22.5,0.74067350081986,optimal,11.15618573789725,-11.15618573789725,-24.38591582760623,24.38591582760623,0.0,-0.0,0.0,-0.0,-20.383003664958363,20.383003664958363,0.0,-0.0,2.1858649901075022,BHI
23.0,0.8040948791870043,optimal,12.196385364997855,-12.196385364997855,-26.64386570398002,26.64386570398002,0.0,-0.0,0.0,-0.0,-21.372205185887342,21.372205185887342,-0.9259924629270891,0.9259924629270891,2.184570666358631,BHI
23.5,0.8697163447241283,optimal,13.334879170704152,-13.334879170704152,-29.12790200551162,29.12790200551162,0.0,-0.0,0.0,-0.0,-22.123544619118263,22.123544619118263,-2.304043239206693,2.304043239206693,2.1843394029024044,BHI
24.0,0.9381379385127206,optimal,14.52945309833631,-14.52945309833631,-31.710434874498574,31.710434874498574,0.0,-0.0,0.0,-0.0,-22.899444851798645,22.899444851798645,-3.7408967087671328,3.7408967087671328,2.18249335744988,BHI
24.5,1.009249099519826,optimal,15.770984231989953,-15.770984231989953,-34.39448387838616,34.39448387838616,0.0,-0.0,0.0,-0.0,-23.705844751544678,23.705844751544678,-5.234231089916345,5.234231089916345,2.1808711094023034,BHI
25.0,1.0829178825638908,optimal,16.991667566032124,-16.991667566032124,-37.04406607947788,37.04406607947788,0.0,-0.0,-0.19650411647845528,0.19650411647845528,-24.41024531691447,24.41024531691447,-6.781275533841705,6.781275533841705,2.180131287027549,BHI
25.5,1.1589700792273518,optimal,5.831281280916063,-5.831281280916063,-14.93824546053825,14.93824546053825,0.0,-0.0,-37.78575107626758,37.78575107626758,-0.2963104032458187,0.2963104032458187,-8.378371663774388,8.378371663774388,2.5617432500514763,BHI
26.0,1.237649254693751,optimal,6.768889803166637,-6.768889803166637,-17.035839280919067,17.035839280919067,0.0,-0.0,-39.21429007424286,39.21429007424286,-0.31642607199978706,0.31642607199978706,-10.03063434856877,10.03063434856877,2.5167848460096547,BHI
26.5,1.3184898125596956,optimal,7.732255211475602,-7.732255211475602,-19.191055748434795,19.191055748434795,0.0,-0.0,-40.67461078242937,40.67461078242937,-0.3370943349076995,0.3370943349076995,-11.728286063753606,11.728286063753606,2.4819480505445486,BHI
27.0,1.3969357128203488,optimal,8.667083826341019,-8.667083826341019,-21.28243043106894,21.28243043106894,0.0,-0.0,-42.091118161347396,42.091118161347396,-0.3571503628896399,0.3571503628896399,-13.375649969227323,13.375649969227323,2.4555468549164523,BHI
27.5,1.447331666045508,optimal,9.267645219501906,-9.267645219501906,-22.625991029291527,22.625991029291527,0.0,-0.0,-43.03740450858821,43.03740450858821,-0.3700349450628567,0.3700349450628567,-14.433964986955667,14.433964986955667,2.4413958986776545,BHI
28.0,1.49628019754391,optimal,9.850957894202624,-9.850957894202624,-23.930963235458226,23.930963235458226,0.0,-0.0,-43.95591989085455,43.95591989085455,-0.38254946926545863,0.38254946926545863,-15.461884148422108,15.461884148422108,2.4293031695467717,BHI
28.5,1.5436846474751351,optimal,10.415869968898921,-10.415869968898921,-25.194770089620732,25.194770089620732,0.0,-0.0,-44.84519499372191,44.84519499372191,-0.39466922276601224,0.39466922276601224,-16.457377596977835,16.457377596977835,2.4188829319922966,BHI
29.0,1.5894642451872671,optimal,10.961418911241722,-10.961418911241722,-26.41525823901036,26.41525823901036,0.0,-0.0,-45.70401916410742,45.70401916410742,-0.40637355517429796,0.40637355517429796,-17.41874914893261,17.41874914893261,2.409839314864576,BHI
29.5,1.6335530454061045,optimal,11.486818860795575,-11.486818860795575,-27.590669576747782,27.590669576747782,0.0,-0.0,-46.531422959231776,46.531422959231776,-0.4176456064598426,0.4176456064598426,-18.344613953528192,18.344613953528192,2.401941730875075,BHI
30.0,1.675902050032966,optimal,11.991485914200728,-11.991485914200728,-28.719697809161325,28.719697809161325,0.0,-0.0,-47.71885797098473,47.71885797098473,-0.03632852873857928,0.03632852873857928,-19.233943050692286,19.233943050692286,2.3950074256561042,BHI
30.5,1.7164718655427396,optimal,12.474950624431987,-12.474950624431987,-29.801292701365465,29.801292701365465,0.0,-0.0,-48.49099060804184,48.49099060804184,-0.037207960629359604,0.037207960629359604,-20.08590917639753,20.08590917639753,2.388890633603,BHI
31.0,1.7552277023185352,optimal,12.936798408582405,-12.936798408582405,-30.834526759077658,30.834526759077658,0.0,-0.0,-49.22958183587061,49.22958183587061,-0.03804807090314455,0.03804807090314455,-20.89978174868924,20.89978174868924,2.3834743176195525,BHI
31.5,1.7921484491291528,optimal,13.37677768711811,-13.37677768711811,-31.818837154995187,31.818837154995187,0.0,-0.0,-49.934383726361844,49.934383726361844,-0.03884840193177297,0.03884840193177297,-21.67511743171221,21.67511743171221,2.3786623280460772,BHI
32.0,1.8272203096909596,optimal,13.794724051693033,-13.794724051693033,-32.753856078968546,32.753856078968546,0.0,-0.0,-50.60526743186123,50.60526743186123,-0.03960865465317909,0.03960865465317909,-22.41162650351015,22.41162650351015,2.3743755914384277,BHI
32.5,1.865574522727975,optimal,11.795738228063183,-11.795738228063183,-23.95219275239391,23.95219275239391,0.0,-0.0,-58.70531077434397,58.70531077434397,-0.0321195965577914,0.0321195965577914,-23.217064977287475,23.217064977287475,2.030580222220375,BHI
33.0,1.9012629749000847,optimal,12.174048222824677,-12.174048222824677,-24.71571324689819,24.71571324689819,0.0,-0.0,-59.522507291110564,59.522507291110564,-0.03273404463885754,0.03273404463885754,-23.966522472901776,23.966522472901776,2.0301967590829486,BHI
33.5,1.9340608183928403,optimal,12.5217167610985,-12.5217167610985,-25.417391917676525,25.417391917676525,0.0,-0.0,-60.27707977551296,60.27707977551296,-0.033298725110270766,0.033298725110270766,-24.655277186249645,24.655277186249645,2.029864786323974,BHI
34.0,1.9652949805243112,optimal,12.85280973356343,-12.85280973356343,-26.085617112791155,26.085617112791155,0.0,-0.0,-60.79484515250449,60.79484515250449,-0.03383648367970693,0.03383648367970693,-25.311194591010533,25.311194591010533,2.029565336571659,BHI
34.5,1.9942648380035584,optimal,13.159900289868927,-13.159900289868927,-26.705399663225194,26.705399663225194,0.0,-0.0,-61.46211098373273,61.46211098373273,-0.034335257715895295,0.034335257715895295,-25.919561598074726,25.919561598074726,2.0293010642173472,BHI
35.0,2.0204857733390233,optimal,13.437851316199882,-13.437851316199882,-27.26637163861796,27.26637163861796,0.0,-0.0,-62.070239538792364,62.070239538792364,-0.03478670355957547,0.03478670355957547,-26.47020124011949,26.47020124011949,2.029072282244054,BHI
35.5,2.044094220297849,optimal,13.688109057898755,-13.688109057898755,-27.771451909668986,27.771451909668986,0.0,-0.0,-62.6221351826396,62.6221351826396,-0.03519317019086543,0.03519317019086543,-26.96597862625483,26.96597862625483,2.0288742434911713,BHI
36.0,2.065152814363643,optimal,13.911337472857612,-13.911337472857612,-28.221980502983687,28.221980502983687,0.0,-0.0,-63.11917076487948,63.11917076487948,-0.03555573600489481,0.03555573600489481,-27.408209101636505,27.408209101636505,2.0287036065401725,BHI
36.5,2.0836394862070593,optimal,14.107302618516286,-14.107302618516286,-28.61748526624865,28.61748526624865,0.0,-0.0,-63.56096185119221,63.56096185119221,-0.03587402103403292,0.03587402103403292,-27.796429210348244,27.796429210348244,2.0285582609312773,BHI
37.0,2.0994234754052927,optimal,14.274618388953806,-14.274618388953806,-28.95516870457113,28.95516870457113,0.20024301108415682,-0.20024301108415682,-63.64450552830369,63.64450552830369,-0.4366317961443542,0.4366317961443542,-28.127892983511146,28.127892983511146,2.0284373224980667,BHI
37.5,2.1122205146848563,optimal,14.41027145228833,-14.41027145228833,-29.228949189973036,29.228949189973036,0.2014635926906416,-0.2014635926906416,-63.96287949981741,63.96287949981741,-0.4392932859826116,0.4392932859826116,-28.396630808381982,28.396630808381982,2.028341331858223,BHI
38.0,2.121533477027975,optimal,14.5089920893798,-14.5089920893798,-29.658918535971043,29.658918535971043,0.09710046571009374,-0.09710046571009374,-64.25033028733978,64.25033028733978,0.0,-0.0,-28.59220301758747,28.59220301758747,2.044174974613198,BHI
38.5,2.127808763568422,optimal,14.575512307370614,-14.575512307370614,-29.793854792494123,29.793854792494123,0.09738767929976301,-0.09738767929976301,-64.43120089917494,64.43120089917494,0.0,-0.0,-28.723984034936866,28.723984034936866,2.0441034362427057,BHI
39.0,2.1303513122256965,optimal,14.602464206673382,-14.602464206673382,-29.84852671793196,29.84852671793196,0.0,-0.0,-64.48481551444344,64.48481551444344,0.0,-0.0,-28.777377556739626,28.777377556739626,2.0440746366829696,BHI
39.5,2.126882204968568,optimal,14.565690464233047,-14.565690464233047,-29.773931184526937,29.773931184526937,0.0,-0.0,-64.46189518405792,64.46189518405792,0.0,-0.0,-28.70452630433993,28.70452630433993,2.044113957909422,BHI
40.0,2.115016743213163,optimal,14.343110245057666,-14.343110245057666,-29.518790486030966,29.518790486030966,0.0,-0.0,-64.1679560004585,64.1679560004585,0.0,-0.0,-28.455351607476416,28.455351607476416,2.0580466845538274,BHI
40.5,2.0934439908748366,optimal,13.617971635764082,-13.617971635764082,-33.63572297138401,33.63572297138401,0.0,-0.0,-59.98555267948791,59.98555267948791,-0.9901257371441167,0.9901257371441167,-28.002323808371568,28.002323808371568,2.469951022885705,BHI
41.0,2.0558731915598774,optimal,13.230355314776016,-13.230355314776016,-32.7456342167957,32.7456342167957,0.0,-0.0,-59.32649575495881,59.32649575495881,-0.9723560640461174,0.9723560640461174,-27.213337022757422,27.213337022757422,2.4750381556438246,BHI
41.5,1.9901603693037948,optimal,12.88684241803232,-12.88684241803232,-32.52660744396965,32.52660744396965,0.18982149602419598,-0.18982149602419598,-56.85139902106127,56.85139902106127,-1.3209191911161753,1.3209191911161753,-25.83336775537969,25.83336775537969,2.5240168529147042,BHI
42.0,1.9216478170624895,optimal,12.168487930963197,-12.168487930963197,-31.0664135689757,31.0664135689757,0.18328676879142028,-0.18328676879142028,-55.13250981720062,55.13250981720062,-1.6934233140690793,1.6934233140690793,-24.39460415831228,24.39460415831228,2.5530216856217596,BHI
42.5,1.882492369002541,optimal,73.22745349402066,-73.22745349402066,-90.72299776589396,90.72299776589396,0.17955212215546237,-0.17955212215546237,0.0,-0.0,0.0,-0.0,-23.57233974905336,23.57233974905336,1.2389205610338736,BHI
43.0,1.831036256443913,optimal,71.35927665776414,-71.35927665776414,-87.98796907325934,87.98796907325934,0.5598851113141105,-0.5598851113141105,0.0,-0.0,0.0,-0.0,-22.491761385322175,22.491761385322175,1.2330277602903075,BHI
43.5,1.7320661732634746,optimal,67.49219183935928,-67.49219183935928,-82.79074984230417,82.79074984230417,0.5296225341296132,-0.5296225341296132,0.0,-0.0,0.0,-0.0,-20.413389638532966,20.413389638532966,1.2266715243054718,BHI
44.0,1.5469503000444973,optimal,60.23206423044987,-60.23206423044987,-73.0427088623516,73.0427088623516,0.47301872799608274,-0.47301872799608274,0.0,-0.0,0.0,-0.0,-16.525956300934443,16.525956300934443,1.212688122108646,BHI
44.5,1.1491890924157329,optimal,44.59782756388177,-44.59782756388177,-52.06078745207546,52.06078745207546,0.35139329473340336,-0.35139329473340336,0.0,-0.0,0.0,-0.0,-8.172970940730389,8.172970940730389,1.1673390901721339,BHI
45.0,0.6300217884693616,optimal,25.00840314783364,-25.00840314783364,-18.651801004723886,18.651801004723886,0.19264491236921874,-0.19264491236921874,0.0,-0.0,0.0,-0.0,-0.024515407832919802,0.024515407832919802,0.7458213503063911,BHI
45.5,0.26734108236994114,optimal,13.060521841967795,-13.060521841967795,-9.534930505158767,9.534930505158767,0.08174621946166875,-0.08174621946166875,0.0,-0.0,0.0,-0.0,-0.01040277619717915,0.01040277619717915,0.7300573913149373,BHI
46.0,0.09103623380276891,optimal,10.320208835147644,-10.320208835147644,-0.30697081204228593,0.30697081204228593,10.310403914140268,-10.310403914140268,0.0,-0.0,-0.0001480249161640467,0.0001480249161640467,-0.0035424019297333443,0.0035424019297333443,0.029744631813731538,BHI
46.5,0.026194820281021564,optimal,7.296023884070969,-7.296023884070969,-0.08832796477925431,0.08832796477925431,7.297186816214757,-7.297186816214757,0.0,-0.0,-4.2592777776640884e-05,4.2592777776640884e-05,-0.0010192928467751112,0.0010192928467751112,0.012106315190674769,BHI
47.0,0.006699064168232822,optimal,6.407533796718152,-6.407533796718152,-0.022588996509906843,0.022588996509906843,6.4078312050214326,-6.4078312050214326,0.0,-0.0,-1.0892678337247298e-05,1.0892678337247298e-05,-0.0002606739849142756,0.0002606739849142756,0.0035253807824590184,BHI
47.5,0.0015855482359069333,optimal,6.198517430730294,-6.198517430730294,-0.005221947620771226,0.005221947620771226,6.1986085656645695,-6.1986085656645695,0.0,-0.0,-2.5781014327588535e-06,2.5781014327588535e-06,-6.169685295561059e-05,6.169685295561059e-05,0.0008424510665860932,BHI
48.0,0.0008330855344779409,optimal,6.195437291660688,-6.195437291660688,-0.0027437380498093918,0.0027437380498093918,6.1954851761675815,-6.1954851761675815,0.0,-0.0,-1.3545970788292547e-06,1.3545970788292547e-06,-3.241702431760564e-05,3.241702431760564e-05,0.0004428643081421509,BHI
48.5,0.0007612907145652947,optimal,6.223457129095491,-6.223457129095491,-0.0025072843232457885,0.0025072843232457885,6.223500886943829,-6.223500886943829,0.0,-0.0,-1.2378587012326546e-06,1.2378587012326546e-06,-2.962334428516475e-05,2.962334428516475e-05,0.0004028764513414739,BHI
49.0,0.0006812868318360641,optimal,6.250143805426953,-6.250143805426953,-0.0022437943356129627,0.0022437943356129627,6.250182964772118,-6.250182964772118,0.0,-0.0,-1.1077723879966765e-06,1.1077723879966765e-06,-2.651023320040493e-05,2.651023320040493e-05,0.00035899883354118873,BHI
49.5,0.0005709003344202809,optimal,6.274483498761259,-6.274483498761259,-0.0018802402699014903,0.0018802402699014903,6.274516313256131,-6.274516313256131,0.0,-0.0,-9.282839436003518e-07,9.282839436003518e-07,-2.221487381296197e-05,2.221487381296197e-05,0.000299664549324689,BHI
50.0,0.0005604320414111148,optimal,6.3026475066082215,-6.3026475066082215,-0.0018466745757653913,0.0018466745757653913,6.302680763486205,-6.302680763486205,0.0,-0.0,0.0,-0.0,-2.18075315953893e-05,2.18075315953893e-05,0.0002929998185412057,BHI
