{
  "model": "gecko:M_eciML1515_batch_v2021__45__02__45__28__45__17__45__52",
  "n_enzymes": 2560,
  "default_budget": 0.08182031716915461,
  "nominal": {
    "Topt_C": 37.0,
    "rmax": 0.571094045613561,
    "CTmin_C": 18.744739650199186,
    "CTmax_C": 56.800335196547834,
    "niche_width_C": 38.05559554634865,
    "B80_C": 11.25889949185526,
    "Ea_eV": 1.2540692942483063,
    "Ea_kJmol": 120.99887585554782,
    "skewness": 0.07002845019052752
  },
  "descriptor_medians": {
    "Topt_C": 37.0,
    "rmax": 0.5206770090349326,
    "CTmin_C": 20.553879688423727,
    "CTmax_C": 56.093872248261945,
    "niche_width_C": 33.793501990155676,
    "B80_C": 9.987525432145766,
    "Ea_eV": 1.4257715490326501,
    "Ea_kJmol": 137.56556790841526,
    "skewness": 0.05443146350936172
  },
  "descriptor_iqr": {
    "Topt_C": 6.0,
    "rmax": 0.10766749499243006,
    "CTmin_C": 6.179539395901731,
    "CTmax_C": 6.688221870442099,
    "niche_width_C": 9.647561266613877,
    "B80_C": 3.424067574005214,
    "Ea_eV": 0.4188259441745257,
    "Ea_kJmol": 40.41042122367912,
    "skewness": 0.013070332040167519
  }
}