,Topt_C,rmax,CTmin_C,CTmax_C,niche_width_C,B80_C,Ea_eV,Ea_kJmol,skewness
f_metab,-0.5361560116411256,-0.7371136884505868,-0.1283216340053917,0.2762397729342214,0.314043187102333,0.8500104173900964,0.6424126675463573,0.6424126675463573,-0.5185360094451003
f_maint,-0.12657296241690785,-0.5078060976456698,0.12783201582076323,-0.02043873687930687,-0.1132754241189014,0.2108549204805889,0.345940690325717,0.345940690325717,-0.17863740537537326
dTopt,0.49784970833138154,-0.02804361413987082,0.629704544942516,0.6955471837451067,0.08311008248863573,0.12493923189110352,0.04448920063893325,0.04448920063893325,-0.5049239530522952
dCp_scale,0.06299591286485258,-0.0496978956872005,0.663474309804302,-0.6906997602723535,-0.9418899609187764,-0.47103965553163407,0.6296131675810819,0.6296131675810819,0.3569900687547746
