,Topt_C,rmax,CTmin_C,CTmax_C,niche_width_C,B80_C,Ea_eV,Ea_kJmol,skewness
f_metab,-0.39900525480195126,-0.44220431974442664,-0.013549624723956313,0.486110146537954,0.04177373428710326,0.3706229599277727,0.6113076908364093,0.6113076908364093,0.5364747551913326
f_maint,-0.1008612744682921,-0.469199249947913,0.12148719521954664,0.19927772761997362,-0.10918119313841236,0.06272657823459962,0.23769995345842176,0.23769995345842176,0.361038961038961
dTopt,0.6804954776484295,-0.36887283839155494,0.7701115245110376,0.7953330092367524,-0.7643169664560038,-0.7383012709215917,0.31276578110156894,0.31276578110156894,-0.2279949996527536
dCp_scale,0.03265388106881073,-0.1097923466907424,0.4057195490487704,-0.1265365650392388,-0.41088270018751294,-0.1971664698937426,0.5179185076092292,0.5179185076092292,0.13448850614626015
