,Topt_C,rmax,CTmin_C,CTmax_C,niche_width_C,B80_C,Ea_eV,Ea_kJmol,skewness
f_metab,-0.551363061030331,-0.3356135842766858,-0.11770211365295159,0.24106858992504013,0.2482743429389794,0.8017640113896798,0.4627253769826053,0.4627253769826053,-0.42197374817695665
f_maint,-0.21892525539198718,-0.5420932009167302,0.07427090943956607,-0.04804292358920754,-0.09621622411491605,0.2056253906521286,0.3071554567068027,0.3071554567068027,-0.4311757760955621
dTopt,0.39819603307411033,-0.04314882977984582,0.42119984206071315,0.5240448047540774,0.32842890186312995,0.14898256823390513,0.10047878342993001,0.10047878342993001,-0.5414820473644003
dCp_scale,0.01179865848577878,-0.08561011181332036,0.6987808573275173,-0.8385619846436481,-0.9204494396441613,-0.5023334953816236,0.7827323889138447,0.7827323889138447,-0.3861726508785332
