,Topt_C,rmax,CTmin_C,CTmax_C,niche_width_C,B80_C,Ea_eV,Ea_kJmol,skewness
f_metab,-0.3406056102969878,-0.47796374748246406,-0.044379326682952386,0.5219945829571497,0.08590874366275435,0.38772136953955133,0.66739921612542,0.66739921612542,0.5743593305090631
f_maint,0.02062590011806115,-0.5017084519758316,0.0830148726814853,0.22214042641850126,-0.06661573720397249,0.07148413084241961,0.3030515117581187,0.3030515117581187,0.2567608861726508
dTopt,0.6628079090383836,-0.3356066393499548,0.7627768614430875,0.7619001319536078,-0.7595388568650601,-0.7241058406833806,0.2931131019036954,0.2931131019036954,-0.3045003125217029
dCp_scale,0.14490303523076348,-0.09192305021182025,0.4015352029948501,-0.11152163344676712,-0.4029099243002986,-0.20827835266337938,0.4642217245240762,0.4642217245240762,0.09358983262726576
