{
  "model": "gecko:M_eciML1515_batch_v2021__45__02__45__28__45__17__45__52",
  "n_enzymes": 2560,
  "default_budget": 0.08182031716915461,
  "nominal": {
    "Topt_C": 32.0,
    "rmax": 0.45536715758963275,
    "CTmin_C": 8.368283367907416,
    "CTmax_C": 46.8563147948981,
    "niche_width_C": 38.48803142699068,
    "B80_C": 17.597402116806432,
    "Ea_eV": 0.8653807572453691,
    "Ea_kJmol": 83.49626236281944,
    "skewness": -0.5325920149317128
  },
  "descriptor_medians": {
    "Topt_C": 36.0,
    "rmax": 0.36685122411719107,
    "CTmin_C": 12.92377514587731,
    "CTmax_C": 46.94832781803203,
    "niche_width_C": 33.87770427683817,
    "B80_C": 17.47533970248154,
    "Ea_eV": 1.0319295585110366,
    "Ea_kJmol": 99.56572345293736,
    "skewness": -0.34003605815735255
  },
  "descriptor_iqr": {
    "Topt_C": 13.0,
    "rmax": 0.16553345484750914,
    "CTmin_C": 20.112862759364333,
    "CTmax_C": 1.0537272671687816,
    "niche_width_C": 19.545313132927564,
    "B80_C": 11.825297938387234,
    "Ea_eV": 0.5893122564126227,
    "Ea_kJmol": 56.85979305997188,
    "skewness": 0.29724487862062554
  }
}