{
  "model": "gecko:M_eciML1515_batch_v2021__45__02__45__28__45__17__45__52",
  "n_enzymes": 2560,
  "default_budget": 0.08182031716915461,
  "nominal": {
    "Topt_C": 42.0,
    "rmax": 0.46027411693474074,
    "CTmin_C": 17.95886738103025,
    "CTmax_C": 57.75469767915335,
    "niche_width_C": 39.79583029812311,
    "B80_C": 15.69519151038681,
    "Ea_eV": 1.5858996444070366,
    "Ea_kJmol": 153.01552719061291,
    "skewness": 0.05743150200690262
  },
  "descriptor_medians": {
    "Topt_C": 33.0,
    "rmax": 0.39550927910766864,
    "CTmin_C": 19.274564161909293,
    "CTmax_C": 56.50411149054763,
    "niche_width_C": 35.42017016767388,
    "B80_C": 15.682987255739741,
    "Ea_eV": 1.7355379433915485,
    "Ea_kJmol": 167.45337846813356,
    "skewness": 0.03388104599359821
  },
  "descriptor_iqr": {
    "Topt_C": 7.0,
    "rmax": 0.13381660399172912,
    "CTmin_C": 6.662488887711817,
    "CTmax_C": 8.264882664691257,
    "niche_width_C": 10.162109411732132,
    "B80_C": 10.03170923842704,
    "Ea_eV": 0.8048677133915128,
    "Ea_kJmol": 77.65766132658013,
    "skewness": 0.04040868803527826
  }
}