{
  "model": "gecko:M_eciML1515_batch_v2021__45__02__45__28__45__17__45__52",
  "n_enzymes": 2560,
  "default_budget": 0.08182031716915461,
  "nominal": {
    "Topt_C": 37.0,
    "rmax": 0.5751879914900673,
    "CTmin_C": 8.0,
    "CTmax_C": 76.28991047859414,
    "niche_width_C": 68.28991047859414,
    "B80_C": 21.22116638778685,
    "Ea_eV": 0.645598840816566,
    "Ea_kJmol": 62.290604156186376,
    "skewness": 0.2188603201655804
  },
  "descriptor_medians": {
    "Topt_C": 33.0,
    "rmax": 0.4547136881675672,
    "CTmin_C": 8.0,
    "CTmax_C": 72.38315236975257,
    "niche_width_C": 62.38093790455616,
    "B80_C": 24.282071504219516,
    "Ea_eV": 0.8266638146440102,
    "Ea_kJmol": 79.76065815592732,
    "skewness": 0.12169742225042104
  },
  "descriptor_iqr": {
    "Topt_C": 11.0,
    "rmax": 0.10798700054722538,
    "CTmin_C": 1.8273582580394283,
    "CTmax_C": 13.395546507735304,
    "niche_width_C": 15.8351133250005,
    "B80_C": 16.070043149192045,
    "Ea_eV": 0.38186024798938734,
    "Ea_kJmol": 36.843786027256044,
    "skewness": 0.09110840698434033
  }
}