{
  "model": "gecko:M_eciML1515_batch_v2021__45__02__45__28__45__17__45__52",
  "n_enzymes": 2560,
  "default_budget": 0.08182031716915461,
  "nominal": {
    "Topt_C": 35.0,
    "rmax": 0.4994752789853044,
    "CTmin_C": 8.462681195899265,
    "CTmax_C": 46.833064647644214,
    "niche_width_C": 38.37038345174495,
    "B80_C": 16.0461703259076,
    "Ea_eV": 0.8325819625867604,
    "Ea_kJmol": 80.33167066018358,
    "skewness": -0.5888520576329742
  },
  "descriptor_medians": {
    "Topt_C": 37.0,
    "rmax": 0.4034637354428,
    "CTmin_C": 13.1593213185856,
    "CTmax_C": 46.90179385241758,
    "niche_width_C": 33.57634656400204,
    "B80_C": 15.614416750883535,
    "Ea_eV": 0.9711683884898688,
    "Ea_kJmol": 93.70318196344499,
    "skewness": -0.42864861738646415
  },
  "descriptor_iqr": {
    "Topt_C": 12.0,
    "rmax": 0.15550297950916997,
    "CTmin_C": 20.38109802248169,
    "CTmax_C": 1.0055449429115555,
    "niche_width_C": 19.476026656490685,
    "B80_C": 9.921977748243334,
    "Ea_eV": 0.5071069598267477,
    "Ea_kJmol": 48.92821501888376,
    "skewness": 0.27663003195503993
  }
}