{
  "model": "gecko:M_eciML1515_batch_v2021__45__02__45__28__45__17__45__52",
  "n_enzymes": 2560,
  "default_budget": 0.108675,
  "nominal": {
    "Topt_C": 41.0,
    "rmax": 0.579455335652511,
    "CTmin_C": 9.460413838751768,
    "CTmax_C": 46.8702831700102,
    "niche_width_C": 37.40986933125843,
    "B80_C": 17.638855283476012,
    "Ea_eV": 0.9332824494416571,
    "Ea_kJmol": 90.04775713437829,
    "skewness": -0.5058875228797635
  },
  "descriptor_medians": {
    "Topt_C": 39.0,
    "rmax": 0.48444861287880436,
    "CTmin_C": 15.399939646957211,
    "CTmax_C": 46.84334148634575,
    "niche_width_C": 31.37971267730822,
    "B80_C": 13.283931619037382,
    "Ea_eV": 0.9631937387892564,
    "Ea_kJmol": 92.93374788708141,
    "skewness": -0.4669931489478504
  },
  "descriptor_iqr": {
    "Topt_C": 6.25,
    "rmax": 0.20595586840497493,
    "CTmin_C": 18.617761402292928,
    "CTmax_C": 0.977562449079727,
    "niche_width_C": 17.683138872782916,
    "B80_C": 7.201237619608323,
    "Ea_eV": 0.36319941378600307,
    "Ea_kJmol": 35.04329543914251,
    "skewness": 0.1809724808487158
  }
}