reaction,members,name,costed,reversible,is_atp_synthase,translocates,kind,ion_per_flux_to_outer,flux,ion_to_outer,reaction_string,state,model
r_0226No1,r_0226No1,r_0226No1,True,False,True,True,atp_synthase,-3.0,6.584281037107128,-19.752843111321383,6.944444444444445e-06 prot_P00830 + 2.3148148148148148e-06 prot_P00854 + 2.3148148148148148e-06 prot_P00856 + 2.3148148148148148e-06 prot_P05626 + 6.944444444444445e-06 prot_P07251 + 2.3148148148148148e-06 prot_P09457 + 2.3148148148148148e-06 prot_P21306 + 2.3148148148148148e-06 prot_P30902 + 2.3148,batch_pristine,ecYeast7_v1.0_batch.mat
r_0439No1,r_0439No1,r_0439No1,True,False,False,True,redox,2.532,4.823525776543015,12.213167266206913,2.5252525252525253e-06 prot_P00127 + 2.5252525252525253e-06 prot_P00128 + 2.5252525252525253e-06 prot_P00163 + 2.5252525252525253e-06 prot_P07143 + 2.5252525252525253e-06 prot_P07256 + 2.5252525252525253e-06 prot_P07257 + 2.5252525252525253e-06 prot_P08067 + 2.5252525252525253e-06 prot_P08525 + 2.52,batch_pristine,ecYeast7_v1.0_batch.mat
r_0438No1,r_0438No1,r_0438No1,True,False,False,True,redox,0.633,9.64705155308603,6.106583633103456,4.0054474084755266e-07 prot_P00401 + 4.0054474084755266e-07 prot_P00410 + 4.0054474084755266e-07 prot_P00420 + 4.0054474084755266e-07 prot_P00425 + 4.0054474084755266e-07 prot_P00427 + 4.0054474084755266e-07 prot_P04037 + 8.010894816951053e-07 prot_P04039 + 4.0054474084755266e-07 prot_P07255 + 4.005,batch_pristine,ecYeast7_v1.0_batch.mat
r_4041,r_4041,yeast 8 biomass pseudoreaction,False,False,False,False,carrier,56.11513795608944,0.09702318242830792,5.444469266903332,0.642498942709614 s_0001 + 0.21466987951807232 s_0004 + 0.5727840199750311 s_0404 + 0.046 s_0423 + 0.20062421972534333 s_0428 + 0.12696629213483146 s_0430 + 0.37141073657927587 s_0432 + 56.11513795608944 s_0434 + 7.553479223014507e-07 s_0509 + 0.0447 s_0526 + 0.008239700374531835 s_0542 + 0.0036 s_0,batch_pristine,ecYeast7_v1.0_batch.mat
r_1245,r_1245,phosphate transport,False,False,False,True,carrier,-1.0,4.970701031163963,-4.970701031163963,s_0794 + s_1322 --> s_0799 + s_1326,batch_pristine,ecYeast7_v1.0_batch.mat
arm_r_0770,arm_r_0770 r_0770No1 r_0770No2,"NADH dehydrogenase, cytosolic/mitochondrial (arm)",True,False,False,False,redox,-1.0,4.812795012566444,-4.812795012566444,s_0794 + s_1203 + s_1537 --> pmet_r_0770 ; pmet_r_0770 + 5.555555555555555e-07 prot_Q07500 --> s_1198 + s_1535 ; pmet_r_0770 + 5.555555555555555e-07 prot_P40215 --> s_1198 + s_1535,batch_pristine,ecYeast7_v1.0_batch.mat
arm_r_0486,arm_r_0486 r_0486No1 r_0486No2 r_0486No3,glyceraldehyde-3-phosphate dehydrogenase (arm),True,False,False,False,redox,3.0,1.531483287856109,4.594449863568327,s_0764 + s_1198 + s_1322 --> pmet_r_0486 ; pmet_r_0486 + 1.1246063877642825e-05 prot_P00359 --> s_0075 + s_0794 + s_1203 ; pmet_r_0486 + 1.1246063877642825e-05 prot_P00360 --> s_0075 + s_0794 + s_1203 ; pmet_r_0486 + 1.1246063877642825e-05 prot_P00358 --> s_0075 + s_0794 + s_1203,batch_pristine,ecYeast7_v1.0_batch.mat
arm_r_0534,arm_r_0534 r_0534No1 r_0534No2 r_0534No3,hexokinase (D-glucose:ATP) (arm),True,False,False,False,carrier,3.0,1.0,3.0,s_0434 + s_0563 --> pmet_r_0534 ; pmet_r_0534 + 1.013787510137875e-06 prot_P17709 --> s_0394 + s_0568 + s_0794 ; pmet_r_0534 + 1.013787510137875e-06 prot_P04806 --> s_0394 + s_0568 + s_0794 ; pmet_r_0534 + 2.1924055073226346e-06 prot_P04807 --> s_0394 + s_0568 + s_0794,batch_pristine,ecYeast7_v1.0_batch.mat
arm_r_0891,arm_r_0891 r_0891No1 r_0891No2,phosphoglycerate dehydrogenase (arm),True,False,False,False,redox,2.0,0.797333761805703,1.594667523611406,s_0260 + s_1198 --> pmet_r_0891 ; pmet_r_0891 + 9.825885312266635e-08 prot_P40054 --> s_0258 + s_0794 + s_1203 ; pmet_r_0891 + 9.825885312266635e-08 prot_P40510 --> s_0258 + s_0794 + s_1203,batch_pristine,ecYeast7_v1.0_batch.mat
r_0725No1,r_0725No1,methenyltetrahydrofolate cyclohydrolase (No1),True,False,False,False,carrier,1.0,1.48684569529387,1.48684569529387,2.0729684908789387e-06 prot_P07245 + s_0304 + s_0803 --> s_0120 + s_0794,batch_pristine,ecYeast7_v1.0_batch.mat
arm_r_0471,arm_r_0471 r_0471No1 r_0471No2,glutamate dehydrogenase (NADP) (arm),True,False,False,False,redox,-1.0,1.3120061560969567,-1.3120061560969567,s_0180 + s_0419 + s_0794 + s_1212 --> pmet_r_0471 ; pmet_r_0471 + 9.69555943377933e-09 prot_P39708 --> s_0803 + s_0991 + s_1207 ; pmet_r_0471 + 9.69555943377933e-09 prot_P07262 --> s_0803 + s_0991 + s_1207,batch_pristine,ecYeast7_v1.0_batch.mat
r_0163No1,r_0163No1,alcohol dehydrogenase (ethanol to acetaldehyde) (No1),True,False,False,False,redox,1.0,1.089245046143329,1.089245046143329,3.08641975308642e-07 prot_P00331 + s_0680 + s_1198 --> s_0359 + s_0794 + s_1203,batch_pristine,ecYeast7_v1.0_batch.mat
r_0886No1,r_0886No1,phosphofructokinase (No1),True,False,False,False,carrier,1.0,0.7771411296378995,0.7771411296378995,4.3267566632052614e-07 prot_P16861 + 4.3267566632052614e-07 prot_P16862 + s_0434 + s_0557 --> s_0394 + s_0555 + s_0794,batch_pristine,ecYeast7_v1.0_batch.mat
NGAM,NGAM,NGAM,False,False,False,False,carrier,1.0,0.7,0.7,s_0434 + s_0803 --> s_0394 + s_0794 + s_1322,batch_pristine,ecYeast7_v1.0_batch.mat
arm_r_0962,arm_r_0962 r_0962No1 r_0962No2,pyruvate kinase (arm),True,False,False,False,carrier,-1.0,0.6701214933018373,-0.6701214933018373,s_0394 + s_0794 + s_1360 --> pmet_r_0962 ; pmet_r_0962 + 1.1973180076628352e-06 prot_P00549 --> s_0434 + s_1399 ; pmet_r_0962 + 1.1973180076628352e-06 prot_P52489 --> s_0434 + s_1399,batch_pristine,ecYeast7_v1.0_batch.mat
arm_r_0958,arm_r_0958 r_0958No1 r_0958No2,pyruvate carboxylase (arm),True,False,False,False,carrier,2.0,0.274607172116482,0.549214344232964,s_0434 + s_0445 + s_1399 --> pmet_r_0958 ; pmet_r_0958 + 4.6296296296296296e-06 prot_P32327 --> s_0394 + s_0794 + s_1271 + s_1322 ; pmet_r_0958 + 4.6296296296296296e-06 prot_P11154 --> s_0394 + s_0794 + s_1271 + s_1322,batch_pristine,ecYeast7_v1.0_batch.mat
r_2034,r_2034,pyruvate transport,False,False,False,True,carrier,-1.0,0.3257342376087873,-0.3257342376087873,s_0794 + s_1399 --> s_0799 + s_1401,batch_pristine,ecYeast7_v1.0_batch.mat
r_1667,r_1667,bicarbonate formation,False,False,False,False,carrier,1.0,0.3202747545394732,0.3202747545394732,s_0456 + s_0803 --> s_0445 + s_0794,batch_pristine,ecYeast7_v1.0_batch.mat
arm_r_0510,arm_r_0510 r_0510No1 r_0510No2 r_0510No3 r_0510No4,glycogen (starch) synthase (arm),True,False,False,False,carrier,4.0,0.037998925427500996,0.15199570171000398,s_0803 + s_1543 --> pmet_r_0510 ; pmet_r_0510 + 1.4726505374890463e-06 prot_P23337 + 1.4726505374890463e-06 prot_P47011 --> s_0773 + s_0794 + s_1538 ; pmet_r_0510 + 1.2258479187817044e-06 prot_P23337 + 1.2258479187817044e-06 prot_P36143 --> s_0773 + s_0794 + s_1538 ; pmet_r_0510 + 1.4777470020118295,batch_pristine,ecYeast7_v1.0_batch.mat
arm_r_0005,arm_r_0005 r_0005No1 r_0005No2,"1,3-beta-glucan synthase (arm)",True,False,False,False,carrier,2.0,0.062337292128509844,0.12467458425701969,s_1543 --> pmet_r_0005 ; pmet_r_0005 + 1.920231730492865e-05 prot_P40989 --> s_0001 + s_0794 + s_1538 ; pmet_r_0005 + 1.9393479028008143e-05 prot_P38631 --> s_0001 + s_0794 + s_1538,batch_pristine,ecYeast7_v1.0_batch.mat
r_0459No1,r_0459No1,galactose-1-phosphate uridylyltransferase (No1),True,False,False,False,carrier,-1.0,0.12287907090509341,-0.12287907090509341,7.71604938271605e-06 prot_P08431 + s_0410 + s_0794 + s_1559 --> s_0633 + s_1541,batch_pristine,ecYeast7_v1.0_batch.mat
r_0714_REVNo1,r_0714_REVNo1,"malate dehydrogenase, cytoplasmic (reversible) (No1)",True,False,False,False,redox,-1.0,0.12094338320516479,-0.12094338320516479,2.2843567251461987e-09 prot_P22133 + s_0794 + s_1203 + s_1271 --> s_0066 + s_1198,batch_pristine,ecYeast7_v1.0_batch.mat
arm_r_0250,arm_r_0250 r_0250No1 r_0250No2,carbamoyl-phosphate synthase (glutamine-hydrolysing) (arm),True,False,False,False,carrier,4.0,0.030195964246519793,0.12078385698607917,2.0 s_0434 + s_0445 + s_0803 + s_0999 --> pmet_r_0250 ; pmet_r_0250 + 1.0442773600668338e-07 prot_P03965 + 1.0442773600668338e-07 prot_P07258 --> 2.0 s_0394 + s_0455 + 2.0 s_0794 + s_0991 + s_1322 ; pmet_r_0250 + 6.661337596589396e-07 prot_P07259 --> 2.0 s_0394 + s_0455 + 2.0 s_0794 + s_0991 + s_132,batch_pristine,ecYeast7_v1.0_batch.mat
arm_r_0916,arm_r_0916 r_0916No1 r_0916No2 r_0916No3,phosphoribosylpyrophosphate synthetase (arm),True,False,False,False,carrier,3.0,0.03180586954917143,0.0954176086475143,s_0434 + s_1408 --> pmet_r_0916 ; pmet_r_0916 + 4.577748480187504e-06 prot_P38063 + 4.577748480187504e-06 prot_Q12265 --> s_0423 + s_0794 + s_1386 ; pmet_r_0916 + 4.577748480187504e-06 prot_P38620 + 4.577748480187504e-06 prot_Q12265 --> s_0423 + s_0794 + s_1386 ; pmet_r_0916 + 4.577748480187504e-06 ,batch_pristine,ecYeast7_v1.0_batch.mat
r_0476No1,r_0476No1,glutamine synthetase (No1),True,False,False,False,carrier,1.0,0.09075288907964756,0.09075288907964756,1.690900380374128e-06 prot_P32288 + s_0419 + s_0434 + s_0991 --> s_0394 + s_0794 + s_0999 + s_1322,batch_pristine,ecYeast7_v1.0_batch.mat
r_0722No1,r_0722No1,mannose-1-phosphate guanylyltransferase (No1),True,False,False,False,carrier,-1.0,0.05924977614731811,-0.05924977614731811,1.4179570075435313e-06 prot_P41940 + s_0573 + s_0785 + s_0794 --> s_0633 + s_0743,batch_pristine,ecYeast7_v1.0_batch.mat
r_1825_REV,r_1825_REV,H+ diffusion (reversible),False,False,False,True,pure_ion_transport,1.0,0.05783763283402882,0.05783763283402882,s_0795 --> s_0794,batch_pristine,ecYeast7_v1.0_batch.mat
r_0219No1,r_0219No1,aspartate-semialdehyde dehydrogenase (No1),True,False,False,False,redox,-1.0,0.05266626681626502,-0.05266626681626502,8.417508417508418e-07 prot_P13663 + s_0295 + s_0794 + s_1212 --> s_0978 + s_1207 + s_1322,batch_pristine,ecYeast7_v1.0_batch.mat
r_0546No1,r_0546No1,homoserine dehydrogenase (NADH) (No1),True,False,False,False,redox,-1.0,0.05266626681626502,-0.05266626681626502,1.2301938785552603e-05 prot_P31116 + s_0794 + s_0978 + s_1203 --> s_1014 + s_1198,batch_pristine,ecYeast7_v1.0_batch.mat
r_0548No1,r_0548No1,homoserine kinase (No1),True,False,False,False,carrier,1.0,0.045725657136936625,0.045725657136936625,6.808278867102396e-06 prot_P17423 + s_0434 + s_1014 --> s_0394 + s_0794 + s_1238,batch_pristine,ecYeast7_v1.0_batch.mat
r_2140No1,r_2140No1,fatty-acyl-CoA synthase (n-C16:0CoA) (No1),True,False,False,False,redox,-21.0,0.0021750865993008846,-0.04567681858531858,0.00017853959705638097 prot_P07149 + 0.00017853959705638097 prot_P19097 + s_0373 + 21.0 s_0794 + 7.0 s_1101 + 14.0 s_1212 --> 7.0 s_0456 + 7.0 s_0529 + 7.0 s_0803 + 14.0 s_1207 + s_1302,batch_pristine,ecYeast7_v1.0_batch.mat
arm_r_0091,arm_r_0091 r_0091No1 r_0091No2,6-phosphogluconolactonase (arm),True,False,False,False,carrier,2.0,0.020098818081268316,0.04019763616253663,s_0335 + s_0803 --> pmet_r_0091 ; pmet_r_0091 + 2.777777777777778e-05 prot_P53315 --> s_0340 + s_0794 ; pmet_r_0091 + 2.777777777777778e-05 prot_P38858 --> s_0340 + s_0794,batch_pristine,ecYeast7_v1.0_batch.mat
r_0957No1,r_0957No1,pyrroline-5-carboxylate reductase (No1),True,False,False,False,redox,-2.0,0.019949710544247583,-0.03989942108849517,6.944444444444444e-08 prot_P32263 + s_0118 + 2.0 s_0794 + s_1212 --> s_1035 + s_1207,batch_pristine,ecYeast7_v1.0_batch.mat
r_1237,r_1237,ornithine transport,False,False,False,True,carrier,-1.0,0.039414910814196506,-0.039414910814196506,s_0794 + s_1268 --> s_0799 + s_1266,batch_pristine,ecYeast7_v1.0_batch.mat
r_0029No1,r_0029No1,2-oxo-4-methyl-3-carboxypentanoate decarboxylation (No1),True,False,False,False,carrier,-1.0,0.03590221132553117,-0.03590221132553117,2.2473930240920532e-07 prot_P47176 + s_0010 + s_0794 --> s_0291 + s_0456,batch_pristine,ecYeast7_v1.0_batch.mat
r_0061No1,r_0061No1,3-isopropylmalate dehydrogenase (No1),True,False,False,False,redox,1.0,0.03590221132553117,0.03590221132553117,1.6339869281045753e-05 prot_P04173 + s_0009 + s_1198 --> s_0010 + s_0794 + s_1203,batch_pristine,ecYeast7_v1.0_batch.mat
r_1027No1,r_1027No1,sulfite reductase (NADPH2) (No1),True,False,False,False,redox,-5.0,0.006940609679328394,-0.03470304839664197,1.7806267806267806e-06 prot_P39692 + 1.7806267806267806e-06 prot_P47169 + 5.0 s_0794 + 3.0 s_1212 + s_1469 --> 3.0 s_0803 + s_0841 + 3.0 s_1207,batch_pristine,ecYeast7_v1.0_batch.mat
r_0678No1,r_0678No1,L-aminoadipate-semialdehyde dehydrogenase (NADPH) (No1),True,False,False,False,redox,-1.0,0.03466671012606957,-0.03466671012606957,4.2087542087542085e-06 prot_P07702 + 4.2087542087542085e-06 prot_P50113 + s_0434 + s_0794 + s_0953 + s_1212 --> s_0423 + s_0633 + s_0959 + s_1207,batch_pristine,ecYeast7_v1.0_batch.mat
r_0988No1,r_0988No1,"saccharopine dehydrogenase (NAD, L-lysine forming) (No1)",True,False,False,False,redox,1.0,0.03466671012606957,0.03466671012606957,1.4775413711583924e-05 prot_P38998 + s_0803 + s_1038 + s_1198 --> s_0180 + s_0794 + s_1025 + s_1203,batch_pristine,ecYeast7_v1.0_batch.mat
r_0989No1,r_0989No1,"saccharopine dehydrogenase (NADP, L-glutamate forming) (No1)",True,False,False,False,redox,-1.0,0.03466671012606957,-0.03466671012606957,6.944444444444444e-08 prot_P38999 + s_0794 + s_0959 + s_0991 + s_1212 --> s_0803 + s_1038 + s_1207,batch_pristine,ecYeast7_v1.0_batch.mat
r_0996No1,r_0996No1,shikimate dehydrogenase (No1),True,False,False,False,redox,-1.0,0.03201401637428437,-0.03201401637428437,8.443093549476528e-07 prot_P08566 + s_0211 + s_0794 + s_1212 --> s_1207 + s_1429,batch_pristine,ecYeast7_v1.0_batch.mat
r_0997No1,r_0997No1,shikimate kinase (No1),True,False,False,False,carrier,1.0,0.03201401637428437,0.03201401637428437,6.490134994807892e-07 prot_P08566 + s_0434 + s_1429 --> s_0261 + s_0394 + s_0794,batch_pristine,ecYeast7_v1.0_batch.mat
arm_r_0883,arm_r_0883 r_0883No1 r_0883No2,phosphoadenylyl-sulfate reductase (thioredoxin) (arm),True,False,False,False,carrier,4.0,0.006940609679328394,0.027762438717313577,s_0201 + s_1616 --> pmet_r_0883 ; pmet_r_0883 + 7.936507936507937e-05 prot_P18408 + 7.936507936507937e-05 prot_P22803 --> s_0390 + 2.0 s_0794 + s_1469 + s_1620 ; pmet_r_0883 + 7.936507936507937e-05 prot_P18408 + 7.936507936507937e-05 prot_P22217 --> s_0390 + 2.0 s_0794 + s_1469 + s_1620,batch_pristine,ecYeast7_v1.0_batch.mat
r_0153No1,r_0153No1,adenylosuccinate synthase (No1),True,False,False,False,carrier,2.0,0.012843107644945895,0.02568621528989179,4.5687134502923974e-05 prot_P80210 + s_0785 + s_0849 + s_0973 --> s_0393 + s_0739 + 2.0 s_0794 + s_1322,batch_pristine,ecYeast7_v1.0_batch.mat
arm_r_0211,arm_r_0211 r_0211No1 r_0211No2,asparagine synthase (glutamine-hydrolysing) (arm),True,False,False,False,carrier,2.0,0.01231867372404359,0.02463734744808718,s_0434 + s_0803 + s_0973 + s_0999 --> pmet_r_0211 ; pmet_r_0211 + 4.5687134502923974e-05 prot_P49090 --> s_0423 + s_0633 + s_0794 + s_0969 + s_0991 ; pmet_r_0211 + 4.5687134502923974e-05 prot_P49089 --> s_0423 + s_0633 + s_0794 + s_0969 + s_0991,batch_pristine,ecYeast7_v1.0_batch.mat
r_0536No1,r_0536No1,histidinol dehydrogenase (No1),True,False,False,False,redox,3.0,0.008030757796500393,0.02409227338950118,7.936507936507936e-06 prot_P00815 + s_0803 + s_1010 + 2.0 s_1198 --> 3.0 s_0794 + s_1006 + 2.0 s_1203,batch_pristine,ecYeast7_v1.0_batch.mat
r_1244,r_1244,phosphate transport,False,False,False,True,carrier,1.0,0.02113223273087752,0.02113223273087752,s_0796 + s_1324 --> s_0794 + s_1322,batch_pristine,ecYeast7_v1.0_batch.mat
r_0006,r_0006,"1,6-beta-glucan synthase",False,False,False,False,carrier,1.0,0.02082795488234481,0.02082795488234481,s_1543 --> s_0004 + s_0794 + s_1538,batch_pristine,ecYeast7_v1.0_batch.mat
r_0466No1,r_0466No1,glucose 6-phosphate dehydrogenase (No1),True,False,False,False,redox,1.0,0.020098818081268316,0.020098818081268316,4.389661469307487e-07 prot_P11412 + s_0568 + s_1207 --> s_0335 + s_0794 + s_1212,batch_pristine,ecYeast7_v1.0_batch.mat
r_1887,r_1887,L-glutamate 5-semialdehyde dehydratase,False,False,False,False,carrier,1.0,0.019949710544247583,0.019949710544247583,s_0997 --> s_0118 + s_0794 + s_0803,batch_pristine,ecYeast7_v1.0_batch.mat
r_0941No1,r_0941No1,prolyl-tRNA synthetase (No1),True,False,False,False,carrier,1.0,0.019949710544247583,0.019949710544247583,4.96031746031746e-05 prot_P38708 + s_0434 + s_1035 + s_1606 --> s_0423 + s_0633 + s_0794 + s_1379,batch_pristine,ecYeast7_v1.0_batch.mat
arm_r_0307,arm_r_0307 r_0307No1 r_0307No2,CTP synthase (NH3) (arm),True,False,False,False,carrier,4.0,0.004919075349115211,0.019676301396460844,s_0419 + s_0434 + s_1559 --> pmet_r_0307 ; pmet_r_0307 + 1.984126984126984e-05 prot_P28274 --> s_0394 + s_0539 + 2.0 s_0794 + s_1322 ; pmet_r_0307 + 1.984126984126984e-05 prot_P38627 --> s_0394 + s_0539 + 2.0 s_0794 + s_1322,batch_pristine,ecYeast7_v1.0_batch.mat
r_0208No1,r_0208No1,argininosuccinate synthase (No1),True,False,False,False,carrier,1.0,0.01946520026994892,0.01946520026994892,7.71604938271605e-10 prot_P22768 + s_0434 + s_0973 + s_0979 --> s_0015 + s_0423 + s_0633 + s_0794,batch_pristine,ecYeast7_v1.0_batch.mat
r_0816No1,r_0816No1,ornithine carbamoyltransferase (No1),True,False,False,False,carrier,1.0,0.01946520026994892,0.01946520026994892,6.459948320413437e-08 prot_P05150 + s_0455 + s_1266 --> s_0794 + s_0979 + s_1322,batch_pristine,ecYeast7_v1.0_batch.mat
r_0855No1,r_0855No1,phopshoribosylaminoimidazole synthetase (No1),True,False,False,False,carrier,2.0,0.009604324828579635,0.01920864965715927,0.0002777777777777778 prot_P07244 + s_0302 + s_0434 --> s_0300 + s_0394 + 2.0 s_0794 + s_1322,batch_pristine,ecYeast7_v1.0_batch.mat
arm_r_0959,arm_r_0959 r_0959No1 r_0959No2 r_0959No3,pyruvate decarboxylase (arm),True,False,False,False,carrier,-1.0,0.01764677806203121,-0.01764677806203121,s_0794 + s_1399 --> pmet_r_0959 ; pmet_r_0959 + 4.4802867383512545e-06 prot_P26263 --> s_0359 + s_0456 ; pmet_r_0959 + 4.4802867383512545e-06 prot_P06169 --> s_0359 + s_0456 ; pmet_r_0959 + 4.4802867383512545e-06 prot_P16467 --> s_0359 + s_0456,batch_pristine,ecYeast7_v1.0_batch.mat
r_2116No1,r_2116No1,acetaldehyde dehydrogenase (No1),True,False,False,False,redox,1.0,0.01764677806203121,0.01764677806203121,8.762705923589205e-06 prot_P47771 + s_0359 + s_0803 + s_1198 --> s_0362 + s_0794 + s_1203,batch_pristine,ecYeast7_v1.0_batch.mat
r_0938No1,r_0938No1,prephenate dehydratase (No1),True,False,False,False,carrier,-1.0,0.01621898143214785,-0.01621898143214785,1.4377731769036117e-07 prot_P32452 + s_0794 + s_1377 --> s_0456 + s_0803 + s_0951,batch_pristine,ecYeast7_v1.0_batch.mat
arm_r_0080,arm_r_0080 r_0080No1 r_0080No2,"5,10-methylenetetrahydrofolate reductase (NADPH) (arm)",True,False,False,False,redox,-2.0,0.008053203582850258,-0.016106407165700515,s_0306 + 2.0 s_0794 + s_1212 --> pmet_r_0080 ; pmet_r_0080 + 1.7361111111111112e-06 prot_P53128 --> s_0322 + s_1207 ; pmet_r_0080 + 1.7361111111111112e-06 prot_P46151 --> s_0322 + s_1207,batch_pristine,ecYeast7_v1.0_batch.mat
r_0109No1,r_0109No1,"acetyl-CoA carboxylase, reaction (No1)",True,False,False,False,carrier,1.0,0.01547161817647141,0.01547161817647141,7.71604938271605e-10 prot_P48445 + 7.71604938271605e-10 prot_Q00955 + s_0373 + s_0434 + s_0445 --> s_0394 + s_0794 + s_1101 + s_1322,batch_pristine,ecYeast7_v1.0_batch.mat
arm_r_0565,arm_r_0565 r_0565No1 r_0565No2 r_0565No3,IMP dehydrogenase (arm),True,False,False,False,redox,3.0,0.004791974980134133,0.014375924940402398,s_0803 + s_0849 + s_1198 --> pmet_r_0565 ; pmet_r_0565 + 0.0006944444444444445 prot_P38697 --> s_0794 + s_1203 + s_1565 ; pmet_r_0565 + 0.0006944444444444445 prot_P50095 --> s_0794 + s_1203 + s_1565 ; pmet_r_0565 + 0.0006944444444444445 prot_P50094 --> s_0794 + s_1203 + s_1565,batch_pristine,ecYeast7_v1.0_batch.mat
r_0214No1,r_0214No1,aspartate carbamoyltransferase (No1),True,False,False,False,carrier,1.0,0.010730763976570875,0.010730763976570875,6.661337596589396e-07 prot_P07259 + s_0455 + s_0973 --> s_0794 + s_1194 + s_1322,batch_pristine,ecYeast7_v1.0_batch.mat
r_0821No1,r_0821No1,orotidine-5'-phosphate decarboxylase (No1),True,False,False,False,carrier,-1.0,0.010730763976570875,-0.010730763976570875,4.873294346978557e-07 prot_P03962 + s_0794 + s_1270 --> s_0456 + s_1545,batch_pristine,ecYeast7_v1.0_batch.mat
r_0349_REVNo1,r_0349_REVNo1,dihydroorotase (reversible) (No1),True,False,False,False,carrier,-1.0,0.010730763976570875,-0.010730763976570875,1.4245014245014244e-06 prot_P20051 + s_0794 + s_1194 --> s_0061 + s_0803,batch_pristine,ecYeast7_v1.0_batch.mat
r_0079No1,r_0079No1,5'-phosphoribosylformyl glycinamidine synthetase (No1),True,False,False,False,carrier,1.0,0.009604324828579635,0.009604324828579635,5.596462713209001e-05 prot_P38972 + s_0301 + s_0434 + s_0803 + s_0999 --> s_0302 + s_0394 + s_0794 + s_0991 + s_1322,batch_pristine,ecYeast7_v1.0_batch.mat
r_0499No1,r_0499No1,glycinamide ribotide transformylase (No1),True,False,False,False,carrier,1.0,0.009604324828579635,0.009604324828579635,6.944444444444445e-06 prot_P04161 + s_0120 + s_0325 --> s_0301 + s_0794 + s_1487,batch_pristine,ecYeast7_v1.0_batch.mat
r_0908No1,r_0908No1,phosphoribosyl amino imidazolesuccinocarbozamide synthetase (No1),True,False,False,False,carrier,1.0,0.009604324828579635,0.009604324828579635,5.050505050505051e-06 prot_P27616 + s_0434 + s_0973 + s_1364 --> s_0299 + s_0394 + s_0794 + s_1322,batch_pristine,ecYeast7_v1.0_batch.mat
r_0911No1,r_0911No1,phosphoribosylaminoimidazole-carboxylase (No1),True,False,False,False,carrier,1.0,0.009604324828579635,0.009604324828579635,3.6075036075036075e-06 prot_P21264 + s_0300 + s_0434 + s_0456 + s_0803 --> s_0394 + s_0794 + s_1322 + s_1364,batch_pristine,ecYeast7_v1.0_batch.mat
r_0914No1,r_0914No1,phosphoribosylglycinamidine synthetase (No1),True,False,False,False,carrier,1.0,0.009604324828579635,0.009604324828579635,0.0002777777777777778 prot_P07244 + s_0327 + s_0434 + s_1003 --> s_0325 + s_0394 + s_0794 + s_1322,batch_pristine,ecYeast7_v1.0_batch.mat
r_0514No1,r_0514No1,GMP synthase (No1),True,False,False,False,carrier,2.0,0.004791974980134133,0.009583949960268266,9.107468123861566e-05 prot_P38625 + s_0434 + s_0803 + s_0999 + s_1565 --> s_0423 + s_0633 + s_0782 + 2.0 s_0794 + s_0991,batch_pristine,ecYeast7_v1.0_batch.mat
arm_r_1038,arm_r_1038 r_1038No1 r_1038No2 r_1038No3,thioredoxin reductase (NADPH) (arm),True,False,False,False,redox,-1.0,0.008104887868468089,-0.008104887868468089,s_0794 + s_1212 + s_1620 --> pmet_r_1038 ; pmet_r_1038 + 8.341675008341675e-06 prot_P22803 + 8.341675008341675e-06 prot_P29509 --> s_1207 + s_1616 ; pmet_r_1038 + 8.341675008341675e-06 prot_P22217 + 8.341675008341675e-06 prot_P29509 --> s_1207 + s_1616 ; pmet_r_1038 + 8.341675008341675e-06 prot_P295,batch_pristine,ecYeast7_v1.0_batch.mat
r_0727No1,r_0727No1,methionine synthase (No1),True,False,False,False,carrier,1.0,0.008053203582850258,0.008053203582850258,0.0008417508417508417 prot_P05694 + s_0322 + s_1012 --> s_0794 + s_1029 + s_1487,batch_pristine,ecYeast7_v1.0_batch.mat
r_0563No1,r_0563No1,Imidazole-glycerol-3-phosphate synthase (No1),True,False,False,False,carrier,1.0,0.008030757796500393,0.008030757796500393,2.012882447665056e-06 prot_P33734 + s_0312 + s_0999 --> s_0403 + s_0550 + s_0794 + s_0991,batch_pristine,ecYeast7_v1.0_batch.mat
r_0910No1,r_0910No1,phosphoribosyl-ATP pyrophosphatase (No1),True,False,False,False,carrier,1.0,0.008030757796500393,0.008030757796500393,7.936507936507936e-06 prot_P00815 + s_0326 + s_0803 --> s_0078 + s_0633 + s_0794,batch_pristine,ecYeast7_v1.0_batch.mat
arm_r_0558,arm_r_0558 r_0558No1 r_0558No2,hydroxymethylglutaryl CoA reductase (arm),True,False,False,False,redox,-2.0,0.003987943867350741,-0.007975887734701481,s_0218 + 2.0 s_0794 + 2.0 s_1212 --> pmet_r_0558 ; pmet_r_0558 + 0.005335633290076822 prot_P12684 --> s_0028 + s_0529 + 2.0 s_1207 ; pmet_r_0558 + 0.005338696015041834 prot_P12683 --> s_0028 + s_0529 + 2.0 s_1207,batch_pristine,ecYeast7_v1.0_batch.mat
r_0154No1,r_0154No1,adenylyl-sulfate kinase (No1),True,False,False,False,carrier,1.0,0.006940609679328394,0.006940609679328394,6.313131313131312e-05 prot_Q02196 + s_0298 + s_0434 --> s_0201 + s_0394 + s_0794,batch_pristine,ecYeast7_v1.0_batch.mat
r_0813No1,r_0813No1,O-acetylhomoserine (thiol)-lyase (No1),True,False,False,False,carrier,1.0,0.006940609679328394,0.006940609679328394,2.3148148148148147e-05 prot_P06106 + s_0841 + s_1233 --> s_0362 + s_0794 + s_1012,batch_pristine,ecYeast7_v1.0_batch.mat
r_1026No1,r_1026No1,sulfate adenylyltransferase (ADP) (No1),True,False,False,False,carrier,-1.0,0.006940609679328394,-0.006940609679328394,9.259259259259259e-05 prot_P16550 + s_0394 + s_0794 + s_1467 --> s_0298 + s_1322,batch_pristine,ecYeast7_v1.0_batch.mat
r_0736No1,r_0736No1,mevalonate kinase (ctp) (No1),True,False,False,False,carrier,1.0,0.003987943867350741,0.003987943867350741,9.746588693957115e-06 prot_P07277 + s_0028 + s_0539 --> s_0019 + s_0467 + s_0794,batch_pristine,ecYeast7_v1.0_batch.mat
r_0203No1,r_0203No1,anthranilate synthase (No1),True,False,False,False,carrier,1.0,0.0034400229475205304,0.0034400229475205304,7.25268349289237e-07 prot_P00899 + 7.25268349289237e-07 prot_P00937 + s_0515 + s_0999 --> s_0427 + s_0794 + s_0991 + s_1399,batch_pristine,ecYeast7_v1.0_batch.mat
r_0566No1,r_0566No1,indole-3-glycerol-phosphate synthase (No1),True,False,False,False,carrier,-1.0,0.0034400229475205304,-0.0034400229475205304,2.5025025025025026e-05 prot_P00937 + s_0076 + s_0794 --> s_0086 + s_0456 + s_0803,batch_pristine,ecYeast7_v1.0_batch.mat
arm_r_0195,arm_r_0195 r_0195No1 r_0195No2,"alpha,alpha-trehalose-phosphate synthase (UDP-forming) (arm)",True,False,False,False,carrier,2.0,0.0017148984667377503,0.0034297969334755006,s_0568 + s_1543 --> pmet_r_0195 ; pmet_r_0195 + 1.9025875190258754e-05 prot_P31688 + 1.9025875190258754e-05 prot_P38427 + 1.9025875190258754e-05 prot_Q00764 --> s_0409 + s_0794 + s_1538 ; pmet_r_0195 + 1.9025875190258754e-05 prot_P31688 + 1.9025875190258754e-05 prot_P38426 + 1.9025875190258754e-05 p,batch_pristine,ecYeast7_v1.0_batch.mat
r_0792No1,r_0792No1,nucleoside diphosphatase (No1),True,False,False,False,carrier,1.0,0.0034064050163378212,0.0034064050163378212,9.200986345736263e-08 prot_P40009 + s_0467 + s_0803 --> s_0526 + s_0794 + s_1322,batch_pristine,ecYeast7_v1.0_batch.mat
r_0241No1,r_0241No1,"C-4 sterol methyl oxidase (4,4-dimethylzymosterol) (No1)",True,False,False,False,redox,-3.0,0.0006560707595802182,-0.0019682122787406547,8.82768361581921e-06 prot_P53045 + s_0122 + 3.0 s_0794 + 3.0 s_1212 + 3.0 s_1275 --> s_0297 + 4.0 s_0803 + 3.0 s_1207,batch_pristine,ecYeast7_v1.0_batch.mat
r_0142No1,r_0142No1,adenosine kinase (No1),True,False,False,False,carrier,1.0,0.0019120358561146636,0.0019120358561146636,1.0893246187363834e-05 prot_P47143 + s_0386 + s_0434 --> s_0394 + s_0423 + s_0794,batch_pristine,ecYeast7_v1.0_batch.mat
r_0317No1,r_0317No1,cytochrome P450 lanosterol 14-alpha-demethylase (NADP) (No1),True,False,False,False,redox,-2.0,0.0006615040577962034,-0.0013230081155924068,8.82768361581921e-06 prot_P10614 + 8.82768361581921e-06 prot_P16603 + 2.0 s_0794 + s_1059 + 3.0 s_1212 + 3.0 s_1275 --> s_0262 + s_0722 + 4.0 s_0803 + 3.0 s_1207,batch_pristine,ecYeast7_v1.0_batch.mat
arm_r_0491,arm_r_0491 r_0491No1 r_0491No2,glycerol-3-phosphate dehydrogenase (NAD) (arm),True,False,False,False,redox,-1.0,0.0009299309946506139,-0.0009299309946506139,s_0629 + s_0794 + s_1203 --> pmet_r_0491 ; pmet_r_0491 + 2.4582104228121927e-06 prot_Q00055 --> s_0767 + s_1198 ; pmet_r_0491 + 2.4582104228121927e-06 prot_P41911 --> s_0767 + s_1198,batch_pristine,ecYeast7_v1.0_batch.mat
r_1012No1,r_1012No1,squalene synthase (No1),True,False,False,False,redox,-1.0,0.0006646087996339092,-0.0006646087996339092,0.00016835016835016836 prot_P29704 + 2.0 s_0190 + s_0794 + s_1212 --> 2.0 s_0633 + s_1207 + s_1447,batch_pristine,ecYeast7_v1.0_batch.mat
r_0231No1,r_0231No1,C-14 sterol reductase (No1),True,False,False,False,redox,-1.0,0.0006615040577962034,-0.0006615040577962034,2.1334698754053596e-06 prot_P32462 + s_0262 + s_0794 + s_1212 --> s_0122 + s_1207,batch_pristine,ecYeast7_v1.0_batch.mat
r_0234No1,r_0234No1,C-3 sterol dehydrogenase (No1),True,False,False,False,redox,1.0,0.0006560707595802182,0.0006560707595802182,2.3303504847129008e-08 prot_P53199 + s_1207 + s_1578 --> s_0456 + s_0794 + s_1212 + s_1579,batch_pristine,ecYeast7_v1.0_batch.mat
r_0235No1,r_0235No1,C-3 sterol dehydrogenase (4-methylzymosterol) (No1),True,False,False,False,redox,1.0,0.0006560707595802182,0.0006560707595802182,2.3303504847129008e-08 prot_P53199 + s_0297 + s_1198 --> s_0209 + s_0456 + s_0794 + s_1203,batch_pristine,ecYeast7_v1.0_batch.mat
r_0236No1,r_0236No1,C-3 sterol keto reductase (4-methylzymosterol) (No1),True,False,False,False,redox,-1.0,0.0006560707595802182,-0.0006560707595802182,0.000380517503805175 prot_Q12452 + s_0209 + s_0794 + s_1212 --> s_0296 + s_1207,batch_pristine,ecYeast7_v1.0_batch.mat
r_0237No1,r_0237No1,C-3 sterol keto reductase (zymosterol) (No1),True,False,False,False,redox,-1.0,0.0006560707595802182,-0.0006560707595802182,0.000380517503805175 prot_Q12452 + s_0794 + s_1212 + s_1579 --> s_1207 + s_1569,batch_pristine,ecYeast7_v1.0_batch.mat
r_0238No1,r_0238No1,C-4 methyl sterol oxidase (No1),True,False,False,False,redox,-1.0,0.0006560707595802182,-0.0006560707595802182,2.9425612052730696e-06 prot_P53045 + s_0296 + s_0794 + s_1212 + s_1275 --> s_0803 + s_1207 + s_1576,batch_pristine,ecYeast7_v1.0_batch.mat
r_0239No1,r_0239No1,C-4 methyl sterol oxidase (No1),True,False,False,False,redox,-1.0,0.0006560707595802182,-0.0006560707595802182,2.9425612052730696e-06 prot_P53045 + s_0794 + s_1212 + s_1275 + s_1576 --> 2.0 s_0803 + s_1207 + s_1577,batch_pristine,ecYeast7_v1.0_batch.mat
r_0240No1,r_0240No1,C-4 methyl sterol oxidase (No1),True,False,False,False,redox,-1.0,0.0006560707595802182,-0.0006560707595802182,2.9425612052730696e-06 prot_P53045 + s_0794 + s_1212 + s_1275 + s_1577 --> s_0803 + s_1207 + s_1578,batch_pristine,ecYeast7_v1.0_batch.mat
r_1682,r_1682,"cholestenol delta-isomerase, lumped reaction",False,False,False,False,redox,1.0,0.0006342405435338489,0.0006342405435338489,s_1275 + s_1416 + s_1569 --> s_0662 + s_0794 + 2.0 s_0803 + s_1413,batch_pristine,ecYeast7_v1.0_batch.mat
r_3525,r_3525,"H+ transport, cytoplasm-ER membrane",False,False,False,True,pure_ion_transport,-1.0,0.0004887290750502572,-0.0004887290750502572,s_0794 --> s_2783,batch_pristine,ecYeast7_v1.0_batch.mat
r_0326No1,r_0326No1,dCMP deaminase (No1),True,False,False,False,carrier,-1.0,0.0003492834567419085,-0.0003492834567419085,1.9841269841269841e-07 prot_P06773 + s_0589 + s_0794 + s_0803 --> s_0419 + s_0654,batch_pristine,ecYeast7_v1.0_batch.mat
r_0344No1,r_0344No1,dihydrofolate reductase (No1),True,False,False,False,redox,-1.0,0.0003492834567419085,-0.0003492834567419085,1.27420998980632e-06 prot_P07807 + s_0625 + s_0794 + s_1212 --> s_1207 + s_1487,batch_pristine,ecYeast7_v1.0_batch.mat
r_0038No1,r_0038No1,"3,4-dihydroxy-2-butanone-4-phosphate synthase (No1)",True,False,False,False,carrier,1.0,0.00019210590120804968,0.00019210590120804968,6.313131313131313e-06 prot_Q99258 + s_0577 --> s_0158 + s_0722 + s_0794,batch_pristine,ecYeast7_v1.0_batch.mat
r_0525No1,r_0525No1,GTP cyclohydrolase II (No1),True,False,False,False,carrier,2.0,9.605295060402484e-05,0.00019210590120804968,6.430041152263375e-07 prot_P38066 + s_0785 + 3.0 s_0803 --> s_0141 + s_0633 + s_0722 + 2.0 s_0794,batch_pristine,ecYeast7_v1.0_batch.mat
r_0014No1,r_0014No1,"2,5-diamino-6-ribitylamino-4(3H)-pyrimidinone 5'-phosphate deaminase (No1)",True,False,False,False,carrier,-1.0,9.605295060402484e-05,-9.605295060402484e-05,1.633986928104575e-06 prot_Q12362 + s_0142 + s_0794 + s_0803 --> s_0313 + s_0419,batch_pristine,ecYeast7_v1.0_batch.mat
r_0015No1,r_0015No1,"2,5-diamino-6-ribosylamino-4(3H)-pyrimidinone 5'-phosphate reductase (NADPH) (No1)",True,False,False,False,redox,-1.0,9.605295060402484e-05,-9.605295060402484e-05,8.573388203017833e-10 prot_P33312 + s_0141 + s_0794 + s_1212 --> s_0142 + s_1207,batch_pristine,ecYeast7_v1.0_batch.mat
r_0986No1,r_0986No1,S-adenosyl-methionine delta-24-sterol-c-methyltransferase (No1),True,False,False,False,carrier,1.0,2.0374868309944662e-05,2.0374868309944662e-05,0.025252525252525256 prot_P25087 + s_1416 + s_1569 --> s_0700 + s_0794 + s_1413,batch_pristine,ecYeast7_v1.0_batch.mat
r_0935No1,r_0935No1,porphobilinogen synthase (No1),True,False,False,False,carrier,1.0,3.8809272971323163e-07,3.8809272971323163e-07,1.7253278122843338e-05 prot_P05373 + 2.0 s_0315 --> s_0794 + 2.0 s_0803 + s_1372,batch_pristine,ecYeast7_v1.0_batch.mat
r_1081No1,r_1081No1,uroporphyrinogen decarboxylase (uroporphyrinogen III) (No1),True,False,False,False,carrier,-4.0,9.702318242830791e-08,-3.8809272971323163e-07,0.0008762705923589204 prot_P32347 + 4.0 s_0794 + s_1558 --> 4.0 s_0456 + s_0538,batch_pristine,ecYeast7_v1.0_batch.mat
arm_r_0272,arm_r_0272 r_0272No1 r_0272No2 r_0272No3,chitin synthase (arm),True,False,False,False,carrier,3.0,7.328625926229701e-08,2.1985877778689104e-07,s_1544 --> pmet_r_0272 ; pmet_r_0272 + 0.0008417508417508417 prot_P29465 --> s_0509 + s_0794 + s_1538 ; pmet_r_0272 + 0.0008417508417508417 prot_P14180 --> s_0509 + s_0794 + s_1538 ; pmet_r_0272 + 0.0008417508417508417 prot_P08004 --> s_0509 + s_0794 + s_1538,batch_pristine,ecYeast7_v1.0_batch.mat
r_0304No1,r_0304No1,coproporphyrinogen oxidase (O2 required) (No1),True,False,False,False,redox,-2.0,9.702318242830791e-08,-1.9404636485661581e-07,1.736111111111111e-05 prot_P11353 + s_0538 + 2.0 s_0794 + s_1275 --> 2.0 s_0456 + 2.0 s_0803 + s_1384,batch_pristine,ecYeast7_v1.0_batch.mat
r_0760_REVNo1,r_0760_REVNo1,N-acetylglucosamine-6-phosphate synthase (reversible) (No1),True,False,False,False,carrier,-1.0,-7.328625926229701e-08,7.328625926229701e-08,7.3099415204678366e-06 prot_P43577 + s_0529 + s_0794 + s_1190 --> s_0373 + s_0412,batch_pristine,ecYeast7_v1.0_batch.mat
r_1069_REVNo1,r_1069_REVNo1,UDP-N-acetylglucosamine diphosphorylase (reversible) (No1),True,False,False,False,carrier,1.0,-7.328625926229701e-08,-7.328625926229701e-08,3.306878306878307e-05 prot_P43123 + s_0633 + s_1544 --> s_0794 + s_1189 + s_1559,batch_pristine,ecYeast7_v1.0_batch.mat
arm_r_0486,arm_r_0486 r_0486No1 r_0486No2 r_0486No3,glyceraldehyde-3-phosphate dehydrogenase (arm),True,False,False,False,redox,3.0,73.7253524910903,221.17605747327093,s_0764 + s_1198 + s_1322 --> pmet_r_0486 ; pmet_r_0486 + 1.1246063877642825e-05 prot_P00359 --> s_0075 + s_0794 + s_1203 ; pmet_r_0486 + 1.1246063877642825e-05 prot_P00360 --> s_0075 + s_0794 + s_1203 ; pmet_r_0486 + 1.1246063877642825e-05 prot_P00358 --> s_0075 + s_0794 + s_1203,aerobic_pristine,ecYeast7_v1.0_batch_minimal_thermo.mat
arm_r_0534,arm_r_0534 r_0534No1 r_0534No2 r_0534No3,hexokinase (D-glucose:ATP) (arm),True,False,False,False,carrier,3.0,40.452425514710676,121.35727654413202,s_0434 + s_0563 --> pmet_r_0534 ; pmet_r_0534 + 1.013787510137875e-06 prot_P17709 --> s_0394 + s_0568 + s_0794 ; pmet_r_0534 + 1.013787510137875e-06 prot_P04806 --> s_0394 + s_0568 + s_0794 ; pmet_r_0534 + 2.1924055073226346e-06 prot_P04807 --> s_0394 + s_0568 + s_0794,aerobic_pristine,ecYeast7_v1.0_batch_minimal_thermo.mat
arm_r_0962,arm_r_0962 r_0962No1 r_0962No2,pyruvate kinase (arm),True,False,False,False,carrier,-1.0,72.51136279716555,-72.51136279716555,s_0394 + s_0794 + s_1360 --> pmet_r_0962 ; pmet_r_0962 + 1.1973180076628352e-06 prot_P00549 --> s_0434 + s_1399 ; pmet_r_0962 + 1.1973180076628352e-06 prot_P52489 --> s_0434 + s_1399,aerobic_pristine,ecYeast7_v1.0_batch_minimal_thermo.mat
arm_r_0959,arm_r_0959 r_0959No1 r_0959No2 r_0959No3,pyruvate decarboxylase (arm),True,False,False,False,carrier,-1.0,68.74660696374043,-68.74660696374043,s_0794 + s_1399 --> pmet_r_0959 ; pmet_r_0959 + 4.4802867383512545e-06 prot_P26263 --> s_0359 + s_0456 ; pmet_r_0959 + 4.4802867383512545e-06 prot_P06169 --> s_0359 + s_0456 ; pmet_r_0959 + 4.4802867383512545e-06 prot_P16467 --> s_0359 + s_0456,aerobic_pristine,ecYeast7_v1.0_batch_minimal_thermo.mat
arm_r_2115,arm_r_2115 r_2115No1 r_2115No2,"alcohol dehydrogenase, (acetaldehyde to ethanol) (arm)",True,False,False,False,redox,-1.0,68.58837592840243,-68.58837592840243,s_0359 + s_0794 + s_1203 --> pmet_r_2115 ; pmet_r_2115 + 7.936507936507937e-08 prot_P38113 --> s_0680 + s_1198 ; pmet_r_2115 + 3.08641975308642e-07 prot_P00330 --> s_0680 + s_1198,aerobic_pristine,ecYeast7_v1.0_batch_minimal_thermo.mat
r_4041,r_4041,yeast 8 biomass pseudoreaction,False,False,False,False,carrier,56.11513795608944,0.8653884798882957,48.561393934542245,0.642498942709614 s_0001 + 0.21466987951807232 s_0004 + 0.5727840199750311 s_0404 + 0.046 s_0423 + 0.20062421972534333 s_0428 + 0.12696629213483146 s_0430 + 0.37141073657927587 s_0432 + 56.11513795608944 s_0434 + 7.553479223014507e-07 s_0509 + 0.0447 s_0526 + 0.008239700374531835 s_0542 + 0.0036 s_0,aerobic_pristine,ecYeast7_v1.0_batch_minimal_thermo.mat
r_0887No1,r_0887No1,phosphofructokinase (s7p) (No1),True,False,False,False,carrier,1.0,37.51875969740625,37.51875969740625,4.3267566632052614e-07 prot_P16861 + 4.3267566632052614e-07 prot_P16862 + s_0434 + s_1427 --> s_0394 + s_0794 + s_1426,aerobic_pristine,ecYeast7_v1.0_batch_minimal_thermo.mat
r_2129,r_2129,proton leak,False,False,False,True,pure_ion_transport,-1.0,33.68793454635095,-33.68793454635095,s_0794 --> s_0799,aerobic_pristine,ecYeast7_v1.0_batch_minimal_thermo.mat
r_0439No1,r_0439No1,r_0439No1,True,False,False,True,redox,2.532,7.742173891171993,19.603184292447487,2.5252525252525253e-06 prot_P00127 + 2.5252525252525253e-06 prot_P00128 + 2.5252525252525253e-06 prot_P00163 + 2.5252525252525253e-06 prot_P07143 + 2.5252525252525253e-06 prot_P07256 + 2.5252525252525253e-06 prot_P07257 + 2.5252525252525253e-06 prot_P08067 + 2.5252525252525253e-06 prot_P08525 + 2.52,aerobic_pristine,ecYeast7_v1.0_batch_minimal_thermo.mat
r_0438No1,r_0438No1,r_0438No1,True,False,False,True,redox,0.633,19.594200808651507,12.403129111876405,4.0054474084755266e-07 prot_P00401 + 4.0054474084755266e-07 prot_P00410 + 4.0054474084755266e-07 prot_P00420 + 4.0054474084755266e-07 prot_P00425 + 4.0054474084755266e-07 prot_P00427 + 4.0054474084755266e-07 prot_P04037 + 8.010894816951053e-07 prot_P04039 + 4.0054474084755266e-07 prot_P07255 + 4.005,aerobic_pristine,ecYeast7_v1.0_batch_minimal_thermo.mat
r_0568No1,r_0568No1,inorganic diphosphatase (No1),True,False,False,False,carrier,1.0,6.944681741231106,6.944681741231106,1.0683760683760685e-06 prot_P00817 + s_0633 + s_0803 --> s_0794 + 2.0 s_1322,aerobic_pristine,ecYeast7_v1.0_batch_minimal_thermo.mat
arm_r_0958,arm_r_0958 r_0958No1 r_0958No2,pyruvate carboxylase (arm),True,False,False,False,carrier,2.0,3.0853605887923385,6.170721177584677,s_0434 + s_0445 + s_1399 --> pmet_r_0958 ; pmet_r_0958 + 4.6296296296296296e-06 prot_P32327 --> s_0394 + s_0794 + s_1271 + s_1322 ; pmet_r_0958 + 4.6296296296296296e-06 prot_P11154 --> s_0394 + s_0794 + s_1271 + s_1322,aerobic_pristine,ecYeast7_v1.0_batch_minimal_thermo.mat
arm_r_0091,arm_r_0091 r_0091No1 r_0091No2,6-phosphogluconolactonase (arm),True,False,False,False,carrier,2.0,3.017073509763846,6.034147019527692,s_0335 + s_0803 --> pmet_r_0091 ; pmet_r_0091 + 2.777777777777778e-05 prot_P53315 --> s_0340 + s_0794 ; pmet_r_0091 + 2.777777777777778e-05 prot_P38858 --> s_0340 + s_0794,aerobic_pristine,ecYeast7_v1.0_batch_minimal_thermo.mat
arm_r_0471,arm_r_0471 r_0471No1 r_0471No2,glutamate dehydrogenase (NADP) (arm),True,False,False,False,redox,-1.0,5.233466578161348,-5.233466578161348,s_0180 + s_0419 + s_0794 + s_1212 --> pmet_r_0471 ; pmet_r_0471 + 9.69555943377933e-09 prot_P39708 --> s_0803 + s_0991 + s_1207 ; pmet_r_0471 + 9.69555943377933e-09 prot_P07262 --> s_0803 + s_0991 + s_1207,aerobic_pristine,ecYeast7_v1.0_batch_minimal_thermo.mat
arm_r_0770,arm_r_0770 r_0770No1 r_0770No2,"NADH dehydrogenase, cytosolic/mitochondrial (arm)",True,False,False,False,redox,-1.0,4.754505921006815,-4.754505921006815,s_0794 + s_1203 + s_1537 --> pmet_r_0770 ; pmet_r_0770 + 5.555555555555555e-07 prot_Q07500 --> s_1198 + s_1535 ; pmet_r_0770 + 5.555555555555555e-07 prot_P40215 --> s_1198 + s_1535,aerobic_pristine,ecYeast7_v1.0_batch_minimal_thermo.mat
r_1667,r_1667,bicarbonate formation,False,False,False,False,carrier,1.0,3.493932650544449,3.493932650544449,s_0456 + s_0803 --> s_0445 + s_0794,aerobic_pristine,ecYeast7_v1.0_batch_minimal_thermo.mat
r_0466No1,r_0466No1,glucose 6-phosphate dehydrogenase (No1),True,False,False,False,redox,1.0,3.017073509763846,3.017073509763846,4.389661469307487e-07 prot_P11412 + s_0568 + s_1207 --> s_0335 + s_0794 + s_1212,aerobic_pristine,ecYeast7_v1.0_batch_minimal_thermo.mat
r_2034,r_2034,pyruvate transport,False,False,False,True,carrier,-1.0,2.269324002800355,-2.269324002800355,s_0794 + s_1399 --> s_0799 + s_1401,aerobic_pristine,ecYeast7_v1.0_batch_minimal_thermo.mat
r_0553No1,r_0553No1,hydroxyacylglutathione hydrolase (No1),True,False,False,False,carrier,1.0,2.054926513153761,2.054926513153761,2.837362387924186e-07 prot_Q05584 + s_0033 + s_0803 --> s_0025 + s_0750 + s_0794,aerobic_pristine,ecYeast7_v1.0_batch_minimal_thermo.mat
r_0714_REVNo1,r_0714_REVNo1,"malate dehydrogenase, cytoplasmic (reversible) (No1)",True,False,False,False,redox,-1.0,1.3599665419907394,-1.3599665419907394,2.2843567251461987e-09 prot_P22133 + s_0794 + s_1203 + s_1271 --> s_0066 + s_1198,aerobic_pristine,ecYeast7_v1.0_batch_minimal_thermo.mat
arm_r_0510,arm_r_0510 r_0510No1 r_0510No2 r_0510No3 r_0510No4,glycogen (starch) synthase (arm),True,False,False,False,carrier,4.0,0.3389275788535613,1.3557103154142451,s_0803 + s_1543 --> pmet_r_0510 ; pmet_r_0510 + 1.4726505374890463e-06 prot_P23337 + 1.4726505374890463e-06 prot_P47011 --> s_0773 + s_0794 + s_1538 ; pmet_r_0510 + 1.2258479187817044e-06 prot_P23337 + 1.2258479187817044e-06 prot_P36143 --> s_0773 + s_0794 + s_1538 ; pmet_r_0510 + 1.4777470020118295,aerobic_pristine,ecYeast7_v1.0_batch_minimal_thermo.mat
arm_r_0891,arm_r_0891 r_0891No1 r_0891No2,phosphoglycerate dehydrogenase (arm),True,False,False,False,redox,2.0,0.6428981203055912,1.2857962406111825,s_0260 + s_1198 --> pmet_r_0891 ; pmet_r_0891 + 9.825885312266635e-08 prot_P40054 --> s_0258 + s_0794 + s_1203 ; pmet_r_0891 + 9.825885312266635e-08 prot_P40510 --> s_0258 + s_0794 + s_1203,aerobic_pristine,ecYeast7_v1.0_batch_minimal_thermo.mat
arm_r_0005,arm_r_0005 r_0005No1 r_0005No2,"1,3-beta-glucan synthase (arm)",True,False,False,False,carrier,2.0,0.5560111833613101,1.1120223667226201,s_1543 --> pmet_r_0005 ; pmet_r_0005 + 1.920231730492865e-05 prot_P40989 --> s_0001 + s_0794 + s_1538 ; pmet_r_0005 + 1.9393479028008143e-05 prot_P38631 --> s_0001 + s_0794 + s_1538,aerobic_pristine,ecYeast7_v1.0_batch_minimal_thermo.mat
r_1084No1,r_1084No1,UTP-glucose-1-phosphate uridylyltransferase (No1),True,False,False,False,carrier,-1.0,1.096007466661073,-1.096007466661073,1.02880658436214e-05 prot_P32861 + s_0567 + s_0794 + s_1559 --> s_0633 + s_1543,aerobic_pristine,ecYeast7_v1.0_batch_minimal_thermo.mat
arm_r_0250,arm_r_0250 r_0250No1 r_0250No2,carbamoyl-phosphate synthase (glutamine-hydrolysing) (arm),True,False,False,False,carrier,4.0,0.26932985441253576,1.077319417650143,2.0 s_0434 + s_0445 + s_0803 + s_0999 --> pmet_r_0250 ; pmet_r_0250 + 1.0442773600668338e-07 prot_P03965 + 1.0442773600668338e-07 prot_P07258 --> 2.0 s_0394 + s_0455 + 2.0 s_0794 + s_0991 + s_1322 ; pmet_r_0250 + 6.661337596589396e-07 prot_P07259 --> 2.0 s_0394 + s_0455 + 2.0 s_0794 + s_0991 + s_132,aerobic_pristine,ecYeast7_v1.0_batch_minimal_thermo.mat
arm_r_0916,arm_r_0916 r_0916No1 r_0916No2 r_0916No3,phosphoribosylpyrophosphate synthetase (arm),True,False,False,False,carrier,3.0,0.2836892422181692,0.8510677266545077,s_0434 + s_1408 --> pmet_r_0916 ; pmet_r_0916 + 4.577748480187504e-06 prot_P38063 + 4.577748480187504e-06 prot_Q12265 --> s_0423 + s_0794 + s_1386 ; pmet_r_0916 + 4.577748480187504e-06 prot_P38620 + 4.577748480187504e-06 prot_Q12265 --> s_0423 + s_0794 + s_1386 ; pmet_r_0916 + 4.577748480187504e-06 ,aerobic_pristine,ecYeast7_v1.0_batch_minimal_thermo.mat
r_0476No1,r_0476No1,glutamine synthetase (No1),True,False,False,False,carrier,1.0,0.809461885103818,0.809461885103818,1.690900380374128e-06 prot_P32288 + s_0419 + s_0434 + s_0991 --> s_0394 + s_0794 + s_0999 + s_1322,aerobic_pristine,ecYeast7_v1.0_batch_minimal_thermo.mat
NGAM,NGAM,NGAM,False,False,False,False,carrier,1.0,0.7,0.7,s_0434 + s_0803 --> s_0394 + s_0794 + s_1322,aerobic_pristine,ecYeast7_v1.0_batch_minimal_thermo.mat
r_0722No1,r_0722No1,mannose-1-phosphate guanylyltransferase (No1),True,False,False,False,carrier,-1.0,0.5284603673930125,-0.5284603673930125,1.4179570075435313e-06 prot_P41940 + s_0573 + s_0785 + s_0794 --> s_0633 + s_0743,aerobic_pristine,ecYeast7_v1.0_batch_minimal_thermo.mat
r_1825_REV,r_1825_REV,H+ diffusion (reversible),False,False,False,True,pure_ion_transport,1.0,0.5159009843843937,0.5159009843843937,s_0795 --> s_0794,aerobic_pristine,ecYeast7_v1.0_batch_minimal_thermo.mat
r_0219No1,r_0219No1,aspartate-semialdehyde dehydrogenase (No1),True,False,False,False,redox,-1.0,0.46975144950740444,-0.46975144950740444,8.417508417508418e-07 prot_P13663 + s_0295 + s_0794 + s_1212 --> s_0978 + s_1207 + s_1322,aerobic_pristine,ecYeast7_v1.0_batch_minimal_thermo.mat
r_0546No1,r_0546No1,homoserine dehydrogenase (NADH) (No1),True,False,False,False,redox,-1.0,0.46975144950740444,-0.46975144950740444,1.2301938785552603e-05 prot_P31116 + s_0794 + s_0978 + s_1203 --> s_1014 + s_1198,aerobic_pristine,ecYeast7_v1.0_batch_minimal_thermo.mat
r_0548No1,r_0548No1,homoserine kinase (No1),True,False,False,False,carrier,1.0,0.41497592400136624,0.41497592400136624,6.808278867102396e-06 prot_P17423 + s_0434 + s_1014 --> s_0394 + s_0794 + s_1238,aerobic_pristine,ecYeast7_v1.0_batch_minimal_thermo.mat
r_2140No1,r_2140No1,fatty-acyl-CoA synthase (n-C16:0CoA) (No1),True,False,False,False,redox,-21.0,0.018988174329045992,-0.39875166090996583,0.00017853959705638097 prot_P07149 + 0.00017853959705638097 prot_P19097 + s_0373 + 21.0 s_0794 + 7.0 s_1101 + 14.0 s_1212 --> 7.0 s_0456 + 7.0 s_0529 + 7.0 s_0803 + 14.0 s_1207 + s_1302,aerobic_pristine,ecYeast7_v1.0_batch_minimal_thermo.mat
r_0957No1,r_0957No1,pyrroline-5-carboxylate reductase (No1),True,False,False,False,redox,-2.0,0.17793942901073945,-0.3558788580214789,6.944444444444444e-08 prot_P32263 + s_0118 + 2.0 s_0794 + s_1212 --> s_1035 + s_1207,aerobic_pristine,ecYeast7_v1.0_batch_minimal_thermo.mat
r_1239,r_1239,oxaloacetate transport,False,False,False,True,carrier,-1.0,0.3548053960108557,-0.3548053960108557,s_0794 + s_1271 --> s_0799 + s_1273,aerobic_pristine,ecYeast7_v1.0_batch_minimal_thermo.mat
r_0725No1,r_0725No1,methenyltetrahydrofolate cyclohydrolase (No1),True,False,False,False,carrier,1.0,0.3250045006456554,0.3250045006456554,2.0729684908789387e-06 prot_P07245 + s_0304 + s_0803 --> s_0120 + s_0794,aerobic_pristine,ecYeast7_v1.0_batch_minimal_thermo.mat
r_0029No1,r_0029No1,2-oxo-4-methyl-3-carboxypentanoate decarboxylation (No1),True,False,False,False,carrier,-1.0,0.3202261491122233,-0.3202261491122233,2.2473930240920532e-07 prot_P47176 + s_0010 + s_0794 --> s_0291 + s_0456,aerobic_pristine,ecYeast7_v1.0_batch_minimal_thermo.mat
r_0061No1,r_0061No1,3-isopropylmalate dehydrogenase (No1),True,False,False,False,redox,1.0,0.3202261491122233,0.3202261491122233,1.6339869281045753e-05 prot_P04173 + s_0009 + s_1198 --> s_0010 + s_0794 + s_1203,aerobic_pristine,ecYeast7_v1.0_batch_minimal_thermo.mat
r_0173No1,r_0173No1,"aldehyde dehydrogenase (acetaldehyde, NADP) (No1)",True,False,False,False,redox,2.0,0.15823103533801097,0.31646207067602194,1.2626262626262626e-05 prot_P54115 + s_0359 + s_0803 + s_1207 --> s_0362 + 2.0 s_0794 + s_1212,aerobic_pristine,ecYeast7_v1.0_batch_minimal_thermo.mat
r_1027No1,r_1027No1,sulfite reductase (NADPH2) (No1),True,False,False,False,redox,-5.0,0.06190606728788932,-0.3095303364394466,1.7806267806267806e-06 prot_P39692 + 1.7806267806267806e-06 prot_P47169 + 5.0 s_0794 + 3.0 s_1212 + s_1469 --> 3.0 s_0803 + s_0841 + 3.0 s_1207,aerobic_pristine,ecYeast7_v1.0_batch_minimal_thermo.mat
r_0678No1,r_0678No1,L-aminoadipate-semialdehyde dehydrogenase (NADPH) (No1),True,False,False,False,redox,-1.0,0.3092062209039079,-0.3092062209039079,4.2087542087542085e-06 prot_P07702 + 4.2087542087542085e-06 prot_P50113 + s_0434 + s_0794 + s_0953 + s_1212 --> s_0423 + s_0633 + s_0959 + s_1207,aerobic_pristine,ecYeast7_v1.0_batch_minimal_thermo.mat
r_0988No1,r_0988No1,"saccharopine dehydrogenase (NAD, L-lysine forming) (No1)",True,False,False,False,redox,1.0,0.3092062209039079,0.3092062209039079,1.4775413711583924e-05 prot_P38998 + s_0803 + s_1038 + s_1198 --> s_0180 + s_0794 + s_1025 + s_1203,aerobic_pristine,ecYeast7_v1.0_batch_minimal_thermo.mat
r_0989No1,r_0989No1,"saccharopine dehydrogenase (NADP, L-glutamate forming) (No1)",True,False,False,False,redox,-1.0,0.3092062209039079,-0.3092062209039079,6.944444444444444e-08 prot_P38999 + s_0794 + s_0959 + s_0991 + s_1212 --> s_0803 + s_1038 + s_1207,aerobic_pristine,ecYeast7_v1.0_batch_minimal_thermo.mat
r_0996No1,r_0996No1,shikimate dehydrogenase (No1),True,False,False,False,redox,-1.0,0.2855457868095837,-0.2855457868095837,8.443093549476528e-07 prot_P08566 + s_0211 + s_0794 + s_1212 --> s_1207 + s_1429,aerobic_pristine,ecYeast7_v1.0_batch_minimal_thermo.mat
r_0997No1,r_0997No1,shikimate kinase (No1),True,False,False,False,carrier,1.0,0.2855457868095837,0.2855457868095837,6.490134994807892e-07 prot_P08566 + s_0434 + s_1429 --> s_0261 + s_0394 + s_0794,aerobic_pristine,ecYeast7_v1.0_batch_minimal_thermo.mat
arm_r_0883,arm_r_0883 r_0883No1 r_0883No2,phosphoadenylyl-sulfate reductase (thioredoxin) (arm),True,False,False,False,carrier,4.0,0.06190606728788932,0.24762426915155727,s_0201 + s_1616 --> pmet_r_0883 ; pmet_r_0883 + 7.936507936507937e-05 prot_P18408 + 7.936507936507937e-05 prot_P22803 --> s_0390 + 2.0 s_0794 + s_1469 + s_1620 ; pmet_r_0883 + 7.936507936507937e-05 prot_P18408 + 7.936507936507937e-05 prot_P22217 --> s_0390 + 2.0 s_0794 + s_1469 + s_1620,aerobic_pristine,ecYeast7_v1.0_batch_minimal_thermo.mat
r_0153No1,r_0153No1,adenylosuccinate synthase (No1),True,False,False,False,carrier,2.0,0.11455280195651167,0.22910560391302334,4.5687134502923974e-05 prot_P80210 + s_0785 + s_0849 + s_0973 --> s_0393 + s_0739 + 2.0 s_0794 + s_1322,aerobic_pristine,ecYeast7_v1.0_batch_minimal_thermo.mat
arm_r_0211,arm_r_0211 r_0211No1 r_0211No2,asparagine synthase (glutamine-hydrolysing) (arm),True,False,False,False,carrier,2.0,0.10987516654761507,0.21975033309523015,s_0434 + s_0803 + s_0973 + s_0999 --> pmet_r_0211 ; pmet_r_0211 + 4.5687134502923974e-05 prot_P49090 --> s_0423 + s_0633 + s_0794 + s_0969 + s_0991 ; pmet_r_0211 + 4.5687134502923974e-05 prot_P49089 --> s_0423 + s_0633 + s_0794 + s_0969 + s_0991,aerobic_pristine,ecYeast7_v1.0_batch_minimal_thermo.mat
r_0536No1,r_0536No1,histidinol dehydrogenase (No1),True,False,False,False,redox,3.0,0.07162953335404994,0.21488860006214983,7.936507936507936e-06 prot_P00815 + s_0803 + s_1010 + 2.0 s_1198 --> 3.0 s_0794 + s_1006 + 2.0 s_1203,aerobic_pristine,ecYeast7_v1.0_batch_minimal_thermo.mat
r_1244,r_1244,phosphate transport,False,False,False,True,carrier,1.0,0.1882847356903573,0.1882847356903573,s_0796 + s_1324 --> s_0794 + s_1322,aerobic_pristine,ecYeast7_v1.0_batch_minimal_thermo.mat
r_0006,r_0006,"1,6-beta-glucan synthase",False,False,False,False,carrier,1.0,0.18577284071394817,0.18577284071394817,s_1543 --> s_0004 + s_0794 + s_1538,aerobic_pristine,ecYeast7_v1.0_batch_minimal_thermo.mat
r_1887,r_1887,L-glutamate 5-semialdehyde dehydratase,False,False,False,False,carrier,1.0,0.17793942901073945,0.17793942901073945,s_0997 --> s_0118 + s_0794 + s_0803,aerobic_pristine,ecYeast7_v1.0_batch_minimal_thermo.mat
r_0473No1,r_0473No1,glutamate-5-semialdehyde dehydrogenase (No1),True,False,False,False,redox,-1.0,0.17793942901073945,-0.17793942901073945,6.459948320413437e-07 prot_P54885 + s_0794 + s_0986 + s_1212 --> s_0997 + s_1207 + s_1322,aerobic_pristine,ecYeast7_v1.0_batch_minimal_thermo.mat
r_0941No1,r_0941No1,prolyl-tRNA synthetase (No1),True,False,False,False,carrier,1.0,0.17793942901073945,0.17793942901073945,4.96031746031746e-05 prot_P38708 + s_0434 + s_1035 + s_1606 --> s_0423 + s_0633 + s_0794 + s_1379,aerobic_pristine,ecYeast7_v1.0_batch_minimal_thermo.mat
r_1237,r_1237,ornithine transport,False,False,False,True,carrier,-1.0,0.1736178885368903,-0.1736178885368903,s_0794 + s_1268 --> s_0799 + s_1266,aerobic_pristine,ecYeast7_v1.0_batch_minimal_thermo.mat
r_0208No1,r_0208No1,argininosuccinate synthase (No1),True,False,False,False,carrier,1.0,0.1736178885368903,0.1736178885368903,7.71604938271605e-10 prot_P22768 + s_0434 + s_0973 + s_0979 --> s_0015 + s_0423 + s_0633 + s_0794,aerobic_pristine,ecYeast7_v1.0_batch_minimal_thermo.mat
r_0816No1,r_0816No1,ornithine carbamoyltransferase (No1),True,False,False,False,carrier,1.0,0.1736178885368903,0.1736178885368903,6.459948320413437e-08 prot_P05150 + s_0455 + s_1266 --> s_0794 + s_0979 + s_1322,aerobic_pristine,ecYeast7_v1.0_batch_minimal_thermo.mat
r_0855No1,r_0855No1,phopshoribosylaminoimidazole synthetase (No1),True,False,False,False,carrier,2.0,0.08566480562414469,0.17132961124828938,0.0002777777777777778 prot_P07244 + s_0302 + s_0434 --> s_0300 + s_0394 + 2.0 s_0794 + s_1322,aerobic_pristine,ecYeast7_v1.0_batch_minimal_thermo.mat
arm_r_0307,arm_r_0307 r_0307No1 r_0307No2,CTP synthase (NH3) (arm),True,False,False,False,carrier,4.0,0.038682865051006814,0.15473146020402725,s_0419 + s_0434 + s_1559 --> pmet_r_0307 ; pmet_r_0307 + 1.984126984126984e-05 prot_P28274 --> s_0394 + s_0539 + 2.0 s_0794 + s_1322 ; pmet_r_0307 + 1.984126984126984e-05 prot_P38627 --> s_0394 + s_0539 + 2.0 s_0794 + s_1322,aerobic_pristine,ecYeast7_v1.0_batch_minimal_thermo.mat
r_0938No1,r_0938No1,prephenate dehydratase (No1),True,False,False,False,carrier,-1.0,0.14466356736210087,-0.14466356736210087,1.4377731769036117e-07 prot_P32452 + s_0794 + s_1377 --> s_0456 + s_0803 + s_0951,aerobic_pristine,ecYeast7_v1.0_batch_minimal_thermo.mat
arm_r_0080,arm_r_0080 r_0080No1 r_0080No2,"5,10-methylenetetrahydrofolate reductase (NADPH) (arm)",True,False,False,False,redox,-2.0,0.07129566796018005,-0.1425913359203601,s_0306 + 2.0 s_0794 + s_1212 --> pmet_r_0080 ; pmet_r_0080 + 1.7361111111111112e-06 prot_P53128 --> s_0322 + s_1207 ; pmet_r_0080 + 1.7361111111111112e-06 prot_P46151 --> s_0322 + s_1207,aerobic_pristine,ecYeast7_v1.0_batch_minimal_thermo.mat
r_0109No1,r_0109No1,"acetyl-CoA carboxylase, reaction (No1)",True,False,False,False,carrier,1.0,0.13924220733957474,0.13924220733957474,7.71604938271605e-10 prot_P48445 + 7.71604938271605e-10 prot_Q00955 + s_0373 + s_0434 + s_0445 --> s_0394 + s_0794 + s_1101 + s_1322,aerobic_pristine,ecYeast7_v1.0_batch_minimal_thermo.mat
arm_r_0565,arm_r_0565 r_0565No1 r_0565No2 r_0565No3,IMP dehydrogenase (arm),True,False,False,False,redox,3.0,0.042741537021682964,0.1282246110650489,s_0803 + s_0849 + s_1198 --> pmet_r_0565 ; pmet_r_0565 + 0.0006944444444444445 prot_P38697 --> s_0794 + s_1203 + s_1565 ; pmet_r_0565 + 0.0006944444444444445 prot_P50095 --> s_0794 + s_1203 + s_1565 ; pmet_r_0565 + 0.0006944444444444445 prot_P50094 --> s_0794 + s_1203 + s_1565,aerobic_pristine,ecYeast7_v1.0_batch_minimal_thermo.mat
r_0214No1,r_0214No1,aspartate carbamoyltransferase (No1),True,False,False,False,carrier,1.0,0.09571196587564548,0.09571196587564548,6.661337596589396e-07 prot_P07259 + s_0455 + s_0973 --> s_0794 + s_1194 + s_1322,aerobic_pristine,ecYeast7_v1.0_batch_minimal_thermo.mat
r_0821No1,r_0821No1,orotidine-5'-phosphate decarboxylase (No1),True,False,False,False,carrier,-1.0,0.09571196587564548,-0.09571196587564548,4.873294346978557e-07 prot_P03962 + s_0794 + s_1270 --> s_0456 + s_1545,aerobic_pristine,ecYeast7_v1.0_batch_minimal_thermo.mat
r_0349_REVNo1,r_0349_REVNo1,dihydroorotase (reversible) (No1),True,False,False,False,carrier,-1.0,0.09571196587564548,-0.09571196587564548,1.4245014245014244e-06 prot_P20051 + s_0794 + s_1194 --> s_0061 + s_0803,aerobic_pristine,ecYeast7_v1.0_batch_minimal_thermo.mat
r_0079No1,r_0079No1,5'-phosphoribosylformyl glycinamidine synthetase (No1),True,False,False,False,carrier,1.0,0.08566480562414469,0.08566480562414469,5.596462713209001e-05 prot_P38972 + s_0301 + s_0434 + s_0803 + s_0999 --> s_0302 + s_0394 + s_0794 + s_0991 + s_1322,aerobic_pristine,ecYeast7_v1.0_batch_minimal_thermo.mat
r_0499No1,r_0499No1,glycinamide ribotide transformylase (No1),True,False,False,False,carrier,1.0,0.08566480562414469,0.08566480562414469,6.944444444444445e-06 prot_P04161 + s_0120 + s_0325 --> s_0301 + s_0794 + s_1487,aerobic_pristine,ecYeast7_v1.0_batch_minimal_thermo.mat
r_0908No1,r_0908No1,phosphoribosyl amino imidazolesuccinocarbozamide synthetase (No1),True,False,False,False,carrier,1.0,0.08566480562414469,0.08566480562414469,5.050505050505051e-06 prot_P27616 + s_0434 + s_0973 + s_1364 --> s_0299 + s_0394 + s_0794 + s_1322,aerobic_pristine,ecYeast7_v1.0_batch_minimal_thermo.mat
r_0911No1,r_0911No1,phosphoribosylaminoimidazole-carboxylase (No1),True,False,False,False,carrier,1.0,0.08566480562414469,0.08566480562414469,3.6075036075036075e-06 prot_P21264 + s_0300 + s_0434 + s_0456 + s_0803 --> s_0394 + s_0794 + s_1322 + s_1364,aerobic_pristine,ecYeast7_v1.0_batch_minimal_thermo.mat
r_0914No1,r_0914No1,phosphoribosylglycinamidine synthetase (No1),True,False,False,False,carrier,1.0,0.08566480562414469,0.08566480562414469,0.0002777777777777778 prot_P07244 + s_0327 + s_0434 + s_1003 --> s_0325 + s_0394 + s_0794 + s_1322,aerobic_pristine,ecYeast7_v1.0_batch_minimal_thermo.mat
r_0514No1,r_0514No1,GMP synthase (No1),True,False,False,False,carrier,2.0,0.042741537021682964,0.08548307404336593,9.107468123861566e-05 prot_P38625 + s_0434 + s_0803 + s_0999 + s_1565 --> s_0423 + s_0633 + s_0782 + 2.0 s_0794 + s_0991,aerobic_pristine,ecYeast7_v1.0_batch_minimal_thermo.mat
arm_r_1038,arm_r_1038 r_1038No1 r_1038No2 r_1038No3,thioredoxin reductase (NADPH) (arm),True,False,False,False,redox,-1.0,0.07229072904654887,-0.07229072904654887,s_0794 + s_1212 + s_1620 --> pmet_r_1038 ; pmet_r_1038 + 8.341675008341675e-06 prot_P22803 + 8.341675008341675e-06 prot_P29509 --> s_1207 + s_1616 ; pmet_r_1038 + 8.341675008341675e-06 prot_P22217 + 8.341675008341675e-06 prot_P29509 --> s_1207 + s_1616 ; pmet_r_1038 + 8.341675008341675e-06 prot_P295,aerobic_pristine,ecYeast7_v1.0_batch_minimal_thermo.mat
r_0563No1,r_0563No1,Imidazole-glycerol-3-phosphate synthase (No1),True,False,False,False,carrier,1.0,0.07162953335404994,0.07162953335404994,2.012882447665056e-06 prot_P33734 + s_0312 + s_0999 --> s_0403 + s_0550 + s_0794 + s_0991,aerobic_pristine,ecYeast7_v1.0_batch_minimal_thermo.mat
r_0910No1,r_0910No1,phosphoribosyl-ATP pyrophosphatase (No1),True,False,False,False,carrier,1.0,0.07162953335404994,0.07162953335404994,7.936507936507936e-06 prot_P00815 + s_0326 + s_0803 --> s_0078 + s_0633 + s_0794,aerobic_pristine,ecYeast7_v1.0_batch_minimal_thermo.mat
r_0727No1,r_0727No1,methionine synthase (No1),True,False,False,False,carrier,1.0,0.07129566796018005,0.07129566796018005,0.0008417508417508417 prot_P05694 + s_0322 + s_1012 --> s_0794 + s_1029 + s_1487,aerobic_pristine,ecYeast7_v1.0_batch_minimal_thermo.mat
arm_r_0558,arm_r_0558 r_0558No1 r_0558No2,hydroxymethylglutaryl CoA reductase (arm),True,False,False,False,redox,-2.0,0.03557006268884862,-0.07114012537769723,s_0218 + 2.0 s_0794 + 2.0 s_1212 --> pmet_r_0558 ; pmet_r_0558 + 0.005335633290076822 prot_P12684 --> s_0028 + s_0529 + 2.0 s_1207 ; pmet_r_0558 + 0.005338696015041834 prot_P12683 --> s_0028 + s_0529 + 2.0 s_1207,aerobic_pristine,ecYeast7_v1.0_batch_minimal_thermo.mat
r_0154No1,r_0154No1,adenylyl-sulfate kinase (No1),True,False,False,False,carrier,1.0,0.06190606728788932,0.06190606728788932,6.313131313131312e-05 prot_Q02196 + s_0298 + s_0434 --> s_0201 + s_0394 + s_0794,aerobic_pristine,ecYeast7_v1.0_batch_minimal_thermo.mat
r_1025No1,r_1025No1,sulfate adenylyltransferase (No1),True,False,False,False,carrier,-1.0,0.06190606728788932,-0.06190606728788932,7.71604938271605e-06 prot_P08536 + s_0434 + s_0794 + s_1467 --> s_0298 + s_0633,aerobic_pristine,ecYeast7_v1.0_batch_minimal_thermo.mat
r_0813No1,r_0813No1,O-acetylhomoserine (thiol)-lyase (No1),True,False,False,False,carrier,1.0,0.05477552550603819,0.05477552550603819,2.3148148148148147e-05 prot_P06106 + s_0841 + s_1233 --> s_0362 + s_0794 + s_1012,aerobic_pristine,ecYeast7_v1.0_batch_minimal_thermo.mat
r_0736No1,r_0736No1,mevalonate kinase (ctp) (No1),True,False,False,False,carrier,1.0,0.030918166265398887,0.030918166265398887,9.746588693957115e-06 prot_P07277 + s_0028 + s_0539 --> s_0019 + s_0467 + s_0794,aerobic_pristine,ecYeast7_v1.0_batch_minimal_thermo.mat
r_0792No1,r_0792No1,nucleoside diphosphatase (No1),True,False,False,False,carrier,1.0,0.030918166265398887,0.030918166265398887,9.200986345736263e-08 prot_P40009 + s_0467 + s_0803 --> s_0526 + s_0794 + s_1322,aerobic_pristine,ecYeast7_v1.0_batch_minimal_thermo.mat
r_0203No1,r_0203No1,anthranilate synthase (No1),True,False,False,False,carrier,1.0,0.030682937364329085,0.030682937364329085,7.25268349289237e-07 prot_P00899 + 7.25268349289237e-07 prot_P00937 + s_0515 + s_0999 --> s_0427 + s_0794 + s_0991 + s_1399,aerobic_pristine,ecYeast7_v1.0_batch_minimal_thermo.mat
r_0566No1,r_0566No1,indole-3-glycerol-phosphate synthase (No1),True,False,False,False,carrier,-1.0,0.030682937364329085,-0.030682937364329085,2.5025025025025026e-05 prot_P00937 + s_0076 + s_0794 --> s_0086 + s_0456 + s_0803,aerobic_pristine,ecYeast7_v1.0_batch_minimal_thermo.mat
arm_r_0195,arm_r_0195 r_0195No1 r_0195No2,"alpha,alpha-trehalose-phosphate synthase (UDP-forming) (arm)",True,False,False,False,carrier,2.0,0.0152958637322533,0.0305917274645066,s_0568 + s_1543 --> pmet_r_0195 ; pmet_r_0195 + 1.9025875190258754e-05 prot_P31688 + 1.9025875190258754e-05 prot_P38427 + 1.9025875190258754e-05 prot_Q00764 --> s_0409 + s_0794 + s_1538 ; pmet_r_0195 + 1.9025875190258754e-05 prot_P31688 + 1.9025875190258754e-05 prot_P38426 + 1.9025875190258754e-05 p,aerobic_pristine,ecYeast7_v1.0_batch_minimal_thermo.mat
r_0241No1,r_0241No1,"C-4 sterol methyl oxidase (4,4-dimethylzymosterol) (No1)",True,False,False,False,redox,-3.0,0.005851756901004656,-0.017555270703013968,8.82768361581921e-06 prot_P53045 + s_0122 + 3.0 s_0794 + 3.0 s_1212 + 3.0 s_1275 --> s_0297 + 4.0 s_0803 + 3.0 s_1207,aerobic_pristine,ecYeast7_v1.0_batch_minimal_thermo.mat
r_3525,r_3525,"H+ transport, cytoplasm-ER membrane",False,False,False,True,pure_ion_transport,-1.0,0.017112693018967565,-0.017112693018967565,s_0794 --> s_2783,aerobic_pristine,ecYeast7_v1.0_batch_minimal_thermo.mat
r_0142No1,r_0142No1,adenosine kinase (No1),True,False,False,False,carrier,1.0,0.016520142454141865,0.016520142454141865,1.0893246187363834e-05 prot_P47143 + s_0386 + s_0434 --> s_0394 + s_0423 + s_0794,aerobic_pristine,ecYeast7_v1.0_batch_minimal_thermo.mat
r_0317No1,r_0317No1,cytochrome P450 lanosterol 14-alpha-demethylase (NADP) (No1),True,False,False,False,redox,-2.0,0.005900218655878401,-0.011800437311756801,8.82768361581921e-06 prot_P10614 + 8.82768361581921e-06 prot_P16603 + 2.0 s_0794 + s_1059 + 3.0 s_1212 + 3.0 s_1275 --> s_0262 + s_0722 + 4.0 s_0803 + 3.0 s_1207,aerobic_pristine,ecYeast7_v1.0_batch_minimal_thermo.mat
arm_r_0491,arm_r_0491 r_0491No1 r_0491No2,glycerol-3-phosphate dehydrogenase (NAD) (arm),True,False,False,False,redox,-1.0,0.008116402844875468,-0.008116402844875468,s_0629 + s_0794 + s_1203 --> pmet_r_0491 ; pmet_r_0491 + 2.4582104228121927e-06 prot_Q00055 --> s_0767 + s_1198 ; pmet_r_0491 + 2.4582104228121927e-06 prot_P41911 --> s_0767 + s_1198,aerobic_pristine,ecYeast7_v1.0_batch_minimal_thermo.mat
r_0312No1,r_0312No1,cysteine synthase (No1),True,False,False,False,carrier,1.0,0.007130541781851125,0.007130541781851125,1.1574074074074073e-05 prot_P06106 + s_0841 + s_1234 --> s_0362 + s_0794 + s_0981,aerobic_pristine,ecYeast7_v1.0_batch_minimal_thermo.mat
r_1012No1,r_1012No1,squalene synthase (No1),True,False,False,False,redox,-1.0,0.005927911087234825,-0.005927911087234825,0.00016835016835016836 prot_P29704 + 2.0 s_0190 + s_0794 + s_1212 --> 2.0 s_0633 + s_1207 + s_1447,aerobic_pristine,ecYeast7_v1.0_batch_minimal_thermo.mat
r_0231No1,r_0231No1,C-14 sterol reductase (No1),True,False,False,False,redox,-1.0,0.005900218655878401,-0.005900218655878401,2.1334698754053596e-06 prot_P32462 + s_0262 + s_0794 + s_1212 --> s_0122 + s_1207,aerobic_pristine,ecYeast7_v1.0_batch_minimal_thermo.mat
r_0234No1,r_0234No1,C-3 sterol dehydrogenase (No1),True,False,False,False,redox,1.0,0.005851756901004656,0.005851756901004656,2.3303504847129008e-08 prot_P53199 + s_1207 + s_1578 --> s_0456 + s_0794 + s_1212 + s_1579,aerobic_pristine,ecYeast7_v1.0_batch_minimal_thermo.mat
r_0235No1,r_0235No1,C-3 sterol dehydrogenase (4-methylzymosterol) (No1),True,False,False,False,redox,1.0,0.005851756901004656,0.005851756901004656,2.3303504847129008e-08 prot_P53199 + s_0297 + s_1198 --> s_0209 + s_0456 + s_0794 + s_1203,aerobic_pristine,ecYeast7_v1.0_batch_minimal_thermo.mat
r_0236No1,r_0236No1,C-3 sterol keto reductase (4-methylzymosterol) (No1),True,False,False,False,redox,-1.0,0.005851756901004656,-0.005851756901004656,0.000380517503805175 prot_Q12452 + s_0209 + s_0794 + s_1212 --> s_0296 + s_1207,aerobic_pristine,ecYeast7_v1.0_batch_minimal_thermo.mat
r_0237No1,r_0237No1,C-3 sterol keto reductase (zymosterol) (No1),True,False,False,False,redox,-1.0,0.005851756901004656,-0.005851756901004656,0.000380517503805175 prot_Q12452 + s_0794 + s_1212 + s_1579 --> s_1207 + s_1569,aerobic_pristine,ecYeast7_v1.0_batch_minimal_thermo.mat
r_0238No1,r_0238No1,C-4 methyl sterol oxidase (No1),True,False,False,False,redox,-1.0,0.005851756901004656,-0.005851756901004656,2.9425612052730696e-06 prot_P53045 + s_0296 + s_0794 + s_1212 + s_1275 --> s_0803 + s_1207 + s_1576,aerobic_pristine,ecYeast7_v1.0_batch_minimal_thermo.mat
r_0239No1,r_0239No1,C-4 methyl sterol oxidase (No1),True,False,False,False,redox,-1.0,0.005851756901004656,-0.005851756901004656,2.9425612052730696e-06 prot_P53045 + s_0794 + s_1212 + s_1275 + s_1576 --> 2.0 s_0803 + s_1207 + s_1577,aerobic_pristine,ecYeast7_v1.0_batch_minimal_thermo.mat
r_0240No1,r_0240No1,C-4 methyl sterol oxidase (No1),True,False,False,False,redox,-1.0,0.005851756901004656,-0.005851756901004656,2.9425612052730696e-06 prot_P53045 + s_0794 + s_1212 + s_1275 + s_1577 --> s_0803 + s_1207 + s_1578,aerobic_pristine,ecYeast7_v1.0_batch_minimal_thermo.mat
r_1682,r_1682,"cholestenol delta-isomerase, lumped reaction",False,False,False,False,redox,1.0,0.005657044493029789,0.005657044493029789,s_1275 + s_1416 + s_1569 --> s_0662 + s_0794 + 2.0 s_0803 + s_1413,aerobic_pristine,ecYeast7_v1.0_batch_minimal_thermo.mat
r_0364No1,r_0364No1,dUTP diphosphatase (No1),True,False,False,False,carrier,1.0,0.005192330879329774,0.005192330879329774,2.8935185185185186e-05 prot_P33317 + s_0656 + s_0803 --> s_0633 + s_0654 + s_0794,aerobic_pristine,ecYeast7_v1.0_batch_minimal_thermo.mat
r_0735No1,r_0735No1,mevalonate kinase (atp) (No1),True,False,False,False,carrier,1.0,0.004651896423449736,0.004651896423449736,9.746588693957115e-06 prot_P07277 + s_0028 + s_0434 --> s_0019 + s_0394 + s_0794,aerobic_pristine,ecYeast7_v1.0_batch_minimal_thermo.mat
r_0344No1,r_0344No1,dihydrofolate reductase (No1),True,False,False,False,redox,-1.0,0.0031153985275978644,-0.0031153985275978644,1.27420998980632e-06 prot_P07807 + s_0625 + s_0794 + s_1212 --> s_1207 + s_1487,aerobic_pristine,ecYeast7_v1.0_batch_minimal_thermo.mat
r_0326_REVNo1,r_0326_REVNo1,dCMP deaminase (reversible) (No1),True,False,False,False,carrier,1.0,0.0020769323517319093,0.0020769323517319093,1.9841269841269841e-07 prot_P06773 + s_0419 + s_0654 --> s_0589 + s_0794 + s_0803,aerobic_pristine,ecYeast7_v1.0_batch_minimal_thermo.mat
r_0038No1,r_0038No1,"3,4-dihydroxy-2-butanone-4-phosphate synthase (No1)",True,False,False,False,carrier,1.0,0.0017134691901788254,0.0017134691901788254,6.313131313131313e-06 prot_Q99258 + s_0577 --> s_0158 + s_0722 + s_0794,aerobic_pristine,ecYeast7_v1.0_batch_minimal_thermo.mat
r_0525No1,r_0525No1,GTP cyclohydrolase II (No1),True,False,False,False,carrier,2.0,0.0008567345950894127,0.0017134691901788254,6.430041152263375e-07 prot_P38066 + s_0785 + 3.0 s_0803 --> s_0141 + s_0633 + s_0722 + 2.0 s_0794,aerobic_pristine,ecYeast7_v1.0_batch_minimal_thermo.mat
r_0014No1,r_0014No1,"2,5-diamino-6-ribitylamino-4(3H)-pyrimidinone 5'-phosphate deaminase (No1)",True,False,False,False,carrier,-1.0,0.0008567345950894127,-0.0008567345950894127,1.633986928104575e-06 prot_Q12362 + s_0142 + s_0794 + s_0803 --> s_0313 + s_0419,aerobic_pristine,ecYeast7_v1.0_batch_minimal_thermo.mat
r_0015No1,r_0015No1,"2,5-diamino-6-ribosylamino-4(3H)-pyrimidinone 5'-phosphate reductase (NADPH) (No1)",True,False,False,False,redox,-1.0,0.0008567345950894127,-0.0008567345950894127,8.573388203017833e-10 prot_P33312 + s_0141 + s_0794 + s_1212 --> s_0142 + s_1207,aerobic_pristine,ecYeast7_v1.0_batch_minimal_thermo.mat
r_2223,r_2223,fatty acyl-CoA transport via ABC system (C18:0),False,False,False,False,carrier,1.0,0.00025750114990453967,0.00025750114990453967,s_0434 + s_0803 + s_1454 --> s_0394 + s_0794 + s_1322 + s_1457,aerobic_pristine,ecYeast7_v1.0_batch_minimal_thermo.mat
r_1830_REV,r_1830_REV,H+ diffusion (reversible),False,False,False,True,pure_ion_transport,1.0,0.00025750114990453967,0.00025750114990453967,s_0801 --> s_0794,aerobic_pristine,ecYeast7_v1.0_batch_minimal_thermo.mat
r_0986No1,r_0986No1,S-adenosyl-methionine delta-24-sterol-c-methyltransferase (No1),True,False,False,False,carrier,1.0,0.00018173158077654212,0.00018173158077654212,0.025252525252525256 prot_P25087 + s_1416 + s_1569 --> s_0700 + s_0794 + s_1413,aerobic_pristine,ecYeast7_v1.0_batch_minimal_thermo.mat
r_0935No1,r_0935No1,porphobilinogen synthase (No1),True,False,False,False,carrier,1.0,3.4615539195531827e-06,3.4615539195531827e-06,1.7253278122843338e-05 prot_P05373 + 2.0 s_0315 --> s_0794 + 2.0 s_0803 + s_1372,aerobic_pristine,ecYeast7_v1.0_batch_minimal_thermo.mat
r_1081No1,r_1081No1,uroporphyrinogen decarboxylase (uroporphyrinogen III) (No1),True,False,False,False,carrier,-4.0,8.653884798882957e-07,-3.4615539195531827e-06,0.0008762705923589204 prot_P32347 + 4.0 s_0794 + s_1558 --> 4.0 s_0456 + s_0538,aerobic_pristine,ecYeast7_v1.0_batch_minimal_thermo.mat
arm_r_0272,arm_r_0272 r_0272No1 r_0272No2 r_0272No3,chitin synthase (arm),True,False,False,False,carrier,3.0,6.53669390267235e-07,1.961008170801705e-06,s_1544 --> pmet_r_0272 ; pmet_r_0272 + 0.0008417508417508417 prot_P29465 --> s_0509 + s_0794 + s_1538 ; pmet_r_0272 + 0.0008417508417508417 prot_P14180 --> s_0509 + s_0794 + s_1538 ; pmet_r_0272 + 0.0008417508417508417 prot_P08004 --> s_0509 + s_0794 + s_1538,aerobic_pristine,ecYeast7_v1.0_batch_minimal_thermo.mat
r_0304No1,r_0304No1,coproporphyrinogen oxidase (O2 required) (No1),True,False,False,False,redox,-2.0,8.653884798882957e-07,-1.7307769597765913e-06,1.736111111111111e-05 prot_P11353 + s_0538 + 2.0 s_0794 + s_1275 --> 2.0 s_0456 + 2.0 s_0803 + s_1384,aerobic_pristine,ecYeast7_v1.0_batch_minimal_thermo.mat
r_0760No1,r_0760No1,N-acetylglucosamine-6-phosphate synthase (No1),True,False,False,False,carrier,1.0,6.53669390267235e-07,6.53669390267235e-07,7.3099415204678366e-06 prot_P43577 + s_0373 + s_0412 --> s_0529 + s_0794 + s_1190,aerobic_pristine,ecYeast7_v1.0_batch_minimal_thermo.mat
r_1069No1,r_1069No1,UDP-N-acetylglucosamine diphosphorylase (No1),True,False,False,False,carrier,-1.0,6.53669390267235e-07,-6.53669390267235e-07,7.869058860560277e-05 prot_P43123 + s_0794 + s_1189 + s_1559 --> s_0633 + s_1544,aerobic_pristine,ecYeast7_v1.0_batch_minimal_thermo.mat
arm_r_0486,arm_r_0486 r_0486No1 r_0486No2 r_0486No3,glyceraldehyde-3-phosphate dehydrogenase (arm),True,False,False,False,redox,3.0,33.54758661586506,100.64275984759517,s_0764 + s_1198 + s_1322 --> pmet_r_0486 ; pmet_r_0486 + 1.4570513415003297e-05 prot_P00359 --> s_0075 + s_0794 + s_1203 ; pmet_r_0486 + 1.6825817035106294e-05 prot_P00360 --> s_0075 + s_0794 + s_1203 ; pmet_r_0486 + 1.4577147328747388e-05 prot_P00358 --> s_0075 + s_0794 + s_1203,aerobic_etcpy_30C,ecYeast7_v1.0_batch_minimal_thermo.mat
arm_r_0534,arm_r_0534 r_0534No1 r_0534No2 r_0534No3,hexokinase (D-glucose:ATP) (arm),True,False,False,False,carrier,3.0,18.34013811915205,55.020414357456154,s_0434 + s_0563 --> pmet_r_0534 ; pmet_r_0534 + 1.0305477605106158e-06 prot_P17709 --> s_0394 + s_0568 + s_0794 ; pmet_r_0534 + 1.0518036963356492e-06 prot_P04806 --> s_0394 + s_0568 + s_0794 ; pmet_r_0534 + 2.4273876265373014e-06 prot_P04807 --> s_0394 + s_0568 + s_0794,aerobic_etcpy_30C,ecYeast7_v1.0_batch_minimal_thermo.mat
arm_r_0962,arm_r_0962 r_0962No1 r_0962No2,pyruvate kinase (arm),True,False,False,False,carrier,-1.0,33.017876512074146,-33.017876512074146,s_0394 + s_0794 + s_1360 --> pmet_r_0962 ; pmet_r_0962 + 1.2781159410952698e-06 prot_P00549 --> s_0434 + s_1399 ; pmet_r_0962 + 1.3859441801225086e-06 prot_P52489 --> s_0434 + s_1399,aerobic_etcpy_30C,ecYeast7_v1.0_batch_minimal_thermo.mat
arm_r_0959,arm_r_0959 r_0959No1 r_0959No2 r_0959No3,pyruvate decarboxylase (arm),True,False,False,False,carrier,-1.0,31.37516964788008,-31.37516964788008,s_0794 + s_1399 --> pmet_r_0959 ; pmet_r_0959 + 4.5550158958339185e-06 prot_P26263 --> s_0359 + s_0456 ; pmet_r_0959 + 4.555015894034981e-06 prot_P06169 --> s_0359 + s_0456 ; pmet_r_0959 + 4.5550158940266865e-06 prot_P16467 --> s_0359 + s_0456,aerobic_etcpy_30C,ecYeast7_v1.0_batch_minimal_thermo.mat
arm_r_2115,arm_r_2115 r_2115No1 r_2115No2,"alcohol dehydrogenase, (acetaldehyde to ethanol) (arm)",True,False,False,False,redox,-1.0,31.30612739935747,-31.30612739935747,s_0359 + s_0794 + s_1203 --> pmet_r_2115 ; pmet_r_2115 + 1.101457719143588e-07 prot_P38113 --> s_0680 + s_1198 ; pmet_r_2115 + 0.007809255700034848 prot_P00330 --> s_0680 + s_1198,aerobic_etcpy_30C,ecYeast7_v1.0_batch_minimal_thermo.mat
r_4041,r_4041,yeast 8 biomass pseudoreaction,False,False,False,False,carrier,56.11513795608944,0.3776020700959112,21.189192255937012,0.642498942709614 s_0001 + 0.21466987951807232 s_0004 + 0.5727840199750311 s_0404 + 0.046 s_0423 + 0.20062421972534333 s_0428 + 0.12696629213483146 s_0430 + 0.37141073657927587 s_0432 + 56.11513795608944 s_0434 + 7.553479223014507e-07 s_0509 + 0.0447 s_0526 + 0.008239700374531835 s_0542 + 0.0036 s_0,aerobic_etcpy_30C,ecYeast7_v1.0_batch_minimal_thermo.mat
r_0887No1,r_0887No1,phosphofructokinase (s7p) (No1),True,False,False,False,carrier,1.0,17.060067594378314,17.060067594378314,4.3982877593535264e-07 prot_P16861 + 4.790489423801316e-07 prot_P16862 + s_0434 + s_1427 --> s_0394 + s_0794 + s_1426,aerobic_etcpy_30C,ecYeast7_v1.0_batch_minimal_thermo.mat
r_2129,r_2129,proton leak,False,False,False,True,pure_ion_transport,-1.0,14.699333441091769,-14.699333441091769,s_0794 --> s_0799,aerobic_etcpy_30C,ecYeast7_v1.0_batch_minimal_thermo.mat
r_0439No1,r_0439No1,r_0439No1,True,False,False,True,redox,2.532,3.3782063850981667,8.553618567068558,7.173624183775288e-06 prot_P00127 + 2.9487094365216446e-06 prot_P00128 + 2.923173231255733e-06 prot_P00163 + 3.274116340477677e-06 prot_P07143 + 2.795903827582197e-06 prot_P07256 + 3.503977459825009e-06 prot_P07257 + 2.696726042433732e-06 prot_P08067 + 5.42880337705922e-06 prot_P08525 + 1.5984398060,aerobic_etcpy_30C,ecYeast7_v1.0_batch_minimal_thermo.mat
r_0438No1,r_0438No1,r_0438No1,True,False,False,True,redox,0.633,8.549698729727467,5.4119592959174865,4.885897092924271e-07 prot_P00401 + 4.4362131184722823e-07 prot_P00410 + 5.197793920817589e-07 prot_P00420 + 6.228795970703263e-07 prot_P00425 + 5.201866826435638e-07 prot_P00427 + 4.4474827602678027e-07 prot_P04037 + 1.5214189055049475e-06 prot_P04039 + 1.122307571518344e-06 prot_P07255 + 7.8635112,aerobic_etcpy_30C,ecYeast7_v1.0_batch_minimal_thermo.mat
r_0568No1,r_0568No1,inorganic diphosphatase (No1),True,False,False,False,carrier,1.0,3.0302300788480885,3.0302300788480885,1.904346572081622e-06 prot_P00817 + s_0633 + s_0803 --> s_0794 + 2.0 s_1322,aerobic_etcpy_30C,ecYeast7_v1.0_batch_minimal_thermo.mat
arm_r_0958,arm_r_0958 r_0958No1 r_0958No2,pyruvate carboxylase (arm),True,False,False,False,carrier,2.0,1.3462607515536946,2.6925215031073892,s_0434 + s_0445 + s_1399 --> pmet_r_0958 ; pmet_r_0958 + 4.942048158520347e-06 prot_P32327 --> s_0394 + s_0794 + s_1271 + s_1322 ; pmet_r_0958 + 4.803235950123343e-06 prot_P11154 --> s_0394 + s_0794 + s_1271 + s_1322,aerobic_etcpy_30C,ecYeast7_v1.0_batch_minimal_thermo.mat
arm_r_0091,arm_r_0091 r_0091No1 r_0091No2,6-phosphogluconolactonase (arm),True,False,False,False,carrier,2.0,1.3164644889488408,2.6329289778976817,s_0335 + s_0803 --> pmet_r_0091 ; pmet_r_0091 + 2.8821487764833698e-05 prot_P53315 --> s_0340 + s_0794 ; pmet_r_0091 + 2.9652286331915094e-05 prot_P38858 --> s_0340 + s_0794,aerobic_etcpy_30C,ecYeast7_v1.0_batch_minimal_thermo.mat
arm_r_0471,arm_r_0471 r_0471No1 r_0471No2,glutamate dehydrogenase (NADP) (arm),True,False,False,False,redox,-1.0,2.283561498237829,-2.283561498237829,s_0180 + s_0419 + s_0794 + s_1212 --> pmet_r_0471 ; pmet_r_0471 + 1.0734737880047261e-08 prot_P39708 --> s_0803 + s_0991 + s_1207 ; pmet_r_0471 + 1.2561669627683132e-08 prot_P07262 --> s_0803 + s_0991 + s_1207,aerobic_etcpy_30C,ecYeast7_v1.0_batch_minimal_thermo.mat
arm_r_0770,arm_r_0770 r_0770No1 r_0770No2,"NADH dehydrogenase, cytosolic/mitochondrial (arm)",True,False,False,False,redox,-1.0,2.074572656995798,-2.074572656995798,s_0794 + s_1203 + s_1537 --> pmet_r_0770 ; pmet_r_0770 + 6.430772790133023e-07 prot_Q07500 --> s_1198 + s_1535 ; pmet_r_0770 + 6.430771128025181e-07 prot_P40215 --> s_1198 + s_1535,aerobic_etcpy_30C,ecYeast7_v1.0_batch_minimal_thermo.mat
NGAM,NGAM,NGAM,False,False,False,False,carrier,1.0,1.6838341960517724,1.6838341960517724,s_0434 + s_0803 --> s_0394 + s_0794 + s_1322,aerobic_etcpy_30C,ecYeast7_v1.0_batch_minimal_thermo.mat
r_1667,r_1667,bicarbonate formation,False,False,False,False,carrier,1.0,1.5245363582741187,1.5245363582741187,s_0456 + s_0803 --> s_0445 + s_0794,aerobic_etcpy_30C,ecYeast7_v1.0_batch_minimal_thermo.mat
r_0466No1,r_0466No1,glucose 6-phosphate dehydrogenase (No1),True,False,False,False,redox,1.0,1.3164644889488408,1.3164644889488408,5.689697237116549e-07 prot_P11412 + s_0568 + s_1207 --> s_0335 + s_0794 + s_1212,aerobic_etcpy_30C,ecYeast7_v1.0_batch_minimal_thermo.mat
r_2034,r_2034,pyruvate transport,False,False,False,True,carrier,-1.0,0.9901927990610206,-0.9901927990610206,s_0794 + s_1399 --> s_0799 + s_1401,aerobic_etcpy_30C,ecYeast7_v1.0_batch_minimal_thermo.mat
r_0553No1,r_0553No1,hydroxyacylglutathione hydrolase (No1),True,False,False,False,carrier,1.0,0.8966429797655664,0.8966429797655664,3.7365453692460825e-07 prot_Q05584 + s_0033 + s_0803 --> s_0025 + s_0750 + s_0794,aerobic_etcpy_30C,ecYeast7_v1.0_batch_minimal_thermo.mat
r_0714_REVNo1,r_0714_REVNo1,"malate dehydrogenase, cytoplasmic (reversible) (No1)",True,False,False,False,redox,-1.0,0.5934053820351036,-0.5934053820351036,2.5292341203777913e-09 prot_P22133 + s_0794 + s_1203 + s_1271 --> s_0066 + s_1198,aerobic_etcpy_30C,ecYeast7_v1.0_batch_minimal_thermo.mat
arm_r_0510,arm_r_0510 r_0510No1 r_0510No2 r_0510No3 r_0510No4,glycogen (starch) synthase (arm),True,False,False,False,carrier,4.0,0.14788705692525458,0.5915482277010183,s_0803 + s_1543 --> pmet_r_0510 ; pmet_r_0510 + 1.7963529426748388e-06 prot_P23337 + 1.7965020456537116e-06 prot_P47011 --> s_0773 + s_0794 + s_1538 ; pmet_r_0510 + 1.4953007927664717e-06 prot_P23337 + 1.4953014696783983e-06 prot_P36143 --> s_0773 + s_0794 + s_1538 ; pmet_r_0510 + 1.7105484535805569,aerobic_etcpy_30C,ecYeast7_v1.0_batch_minimal_thermo.mat
arm_r_0891,arm_r_0891 r_0891No1 r_0891No2,phosphoglycerate dehydrogenase (arm),True,False,False,False,redox,2.0,0.28052102232686466,0.5610420446537293,s_0260 + s_1198 --> pmet_r_0891 ; pmet_r_0891 + 1.0194348840906712e-07 prot_P40054 --> s_0258 + s_0794 + s_1203 ; pmet_r_0891 + 1.0194348840906712e-07 prot_P40510 --> s_0258 + s_0794 + s_1203,aerobic_etcpy_30C,ecYeast7_v1.0_batch_minimal_thermo.mat
arm_r_0005,arm_r_0005 r_0005No1 r_0005No2,"1,3-beta-glucan synthase (arm)",True,False,False,False,carrier,2.0,0.2426089308015845,0.485217861603169,s_1543 --> pmet_r_0005 ; pmet_r_0005 + 2.1260381648628817e-05 prot_P40989 --> s_0001 + s_0794 + s_1538 ; pmet_r_0005 + 2.1472031686759838e-05 prot_P38631 --> s_0001 + s_0794 + s_1538,aerobic_etcpy_30C,ecYeast7_v1.0_batch_minimal_thermo.mat
r_1084No1,r_1084No1,UTP-glucose-1-phosphate uridylyltransferase (No1),True,False,False,False,carrier,-1.0,0.4782299485951291,-0.4782299485951291,1.1390719938672359e-05 prot_P32861 + s_0567 + s_0794 + s_1559 --> s_0633 + s_1543,aerobic_etcpy_30C,ecYeast7_v1.0_batch_minimal_thermo.mat
arm_r_0250,arm_r_0250 r_0250No1 r_0250No2,carbamoyl-phosphate synthase (glutamine-hydrolysing) (arm),True,False,False,False,carrier,4.0,0.11751890963227443,0.47007563852909773,2.0 s_0434 + s_0445 + s_0803 + s_0999 --> pmet_r_0250 ; pmet_r_0250 + 1.1562169456680397e-07 prot_P03965 + 1.3530830310505718e-07 prot_P07258 --> 2.0 s_0394 + s_0455 + 2.0 s_0794 + s_0991 + s_1322 ; pmet_r_0250 + 6.911134228694532e-07 prot_P07259 --> 2.0 s_0394 + s_0455 + 2.0 s_0794 + s_0991 + s_132,aerobic_etcpy_30C,ecYeast7_v1.0_batch_minimal_thermo.mat
arm_r_0916,arm_r_0916 r_0916No1 r_0916No2 r_0916No3,phosphoribosylpyrophosphate synthetase (arm),True,False,False,False,carrier,3.0,0.12378445936713076,0.37135337810139224,s_0434 + s_1408 --> pmet_r_0916 ; pmet_r_0916 + 4.886797407571193e-06 prot_P38063 + 5.29893255845234e-06 prot_Q12265 --> s_0423 + s_0794 + s_1386 ; pmet_r_0916 + 4.88682590850015e-06 prot_P38620 + 5.29893255845234e-06 prot_Q12265 --> s_0423 + s_0794 + s_1386 ; pmet_r_0916 + 4.886665512922225e-06 pro,aerobic_etcpy_30C,ecYeast7_v1.0_batch_minimal_thermo.mat
r_0476No1,r_0476No1,glutamine synthetase (No1),True,False,False,False,carrier,1.0,0.35319915920117584,0.35319915920117584,2.266221872682062e-06 prot_P32288 + s_0419 + s_0434 + s_0991 --> s_0394 + s_0794 + s_0999 + s_1322,aerobic_etcpy_30C,ecYeast7_v1.0_batch_minimal_thermo.mat
r_0722No1,r_0722No1,mannose-1-phosphate guanylyltransferase (No1),True,False,False,False,carrier,-1.0,0.23058745676508766,-0.23058745676508766,1.5702828101054632e-06 prot_P41940 + s_0573 + s_0785 + s_0794 --> s_0633 + s_0743,aerobic_etcpy_30C,ecYeast7_v1.0_batch_minimal_thermo.mat
r_1825_REV,r_1825_REV,H+ diffusion (reversible),False,False,False,True,pure_ion_transport,1.0,0.2251073179217857,0.2251073179217857,s_0795 --> s_0794,aerobic_etcpy_30C,ecYeast7_v1.0_batch_minimal_thermo.mat
r_0219No1,r_0219No1,aspartate-semialdehyde dehydrogenase (No1),True,False,False,False,redox,-1.0,0.20497051195718125,-0.20497051195718125,8.57383904883316e-07 prot_P13663 + s_0295 + s_0794 + s_1212 --> s_0978 + s_1207 + s_1322,aerobic_etcpy_30C,ecYeast7_v1.0_batch_minimal_thermo.mat
r_0546No1,r_0546No1,homoserine dehydrogenase (NADH) (No1),True,False,False,False,redox,-1.0,0.20497051195718125,-0.20497051195718125,1.362045586188888e-05 prot_P31116 + s_0794 + s_0978 + s_1203 --> s_1014 + s_1198,aerobic_etcpy_30C,ecYeast7_v1.0_batch_minimal_thermo.mat
r_0548No1,r_0548No1,homoserine kinase (No1),True,False,False,False,carrier,1.0,0.18106985658406927,0.18106985658406927,6.920849355111192e-06 prot_P17423 + s_0434 + s_1014 --> s_0394 + s_0794 + s_1238,aerobic_etcpy_30C,ecYeast7_v1.0_batch_minimal_thermo.mat
r_2140No1,r_2140No1,fatty-acyl-CoA synthase (n-C16:0CoA) (No1),True,False,False,False,redox,-21.0,0.008285266213522172,-0.1739905904839656,0.00018523513119568413 prot_P07149 + 0.0001852346471536803 prot_P19097 + s_0373 + 21.0 s_0794 + 7.0 s_1101 + 14.0 s_1212 --> 7.0 s_0456 + 7.0 s_0529 + 7.0 s_0803 + 14.0 s_1207 + s_1302,aerobic_etcpy_30C,ecYeast7_v1.0_batch_minimal_thermo.mat
r_0957No1,r_0957No1,pyrroline-5-carboxylate reductase (No1),True,False,False,False,redox,-2.0,0.07764177396354129,-0.15528354792708257,8.044686278558377e-08 prot_P32263 + s_0118 + 2.0 s_0794 + s_1212 --> s_1035 + s_1207,aerobic_etcpy_30C,ecYeast7_v1.0_batch_minimal_thermo.mat
r_1239,r_1239,oxaloacetate transport,False,False,False,True,carrier,-1.0,0.15481515542267466,-0.15481515542267466,s_0794 + s_1271 --> s_0799 + s_1273,aerobic_etcpy_30C,ecYeast7_v1.0_batch_minimal_thermo.mat
r_0725No1,r_0725No1,methenyltetrahydrofolate cyclohydrolase (No1),True,False,False,False,carrier,1.0,0.14181188574421866,0.14181188574421866,2.1084674669485216e-06 prot_P07245 + s_0304 + s_0803 --> s_0120 + s_0794,aerobic_etcpy_30C,ecYeast7_v1.0_batch_minimal_thermo.mat
r_0029No1,r_0029No1,2-oxo-4-methyl-3-carboxypentanoate decarboxylation (No1),True,False,False,False,carrier,-1.0,0.1397269083351162,-0.1397269083351162,2.6014461374440046e-07 prot_P47176 + s_0010 + s_0794 --> s_0291 + s_0456,aerobic_etcpy_30C,ecYeast7_v1.0_batch_minimal_thermo.mat
r_0061No1,r_0061No1,3-isopropylmalate dehydrogenase (No1),True,False,False,False,redox,1.0,0.1397269083351162,0.1397269083351162,1.6407143936637214e-05 prot_P04173 + s_0009 + s_1198 --> s_0010 + s_0794 + s_1203,aerobic_etcpy_30C,ecYeast7_v1.0_batch_minimal_thermo.mat
r_0173No1,r_0173No1,"aldehyde dehydrogenase (acetaldehyde, NADP) (No1)",True,False,False,False,redox,2.0,0.06904224852261097,0.13808449704522194,1.3982848485580726e-05 prot_P54115 + s_0359 + s_0803 + s_1207 --> s_0362 + 2.0 s_0794 + s_1212,aerobic_etcpy_30C,ecYeast7_v1.0_batch_minimal_thermo.mat
r_1027No1,r_1027No1,sulfite reductase (NADPH2) (No1),True,False,False,False,redox,-5.0,0.027011983291505257,-0.1350599164575263,1.971470846504874e-06 prot_P39692 + 1.9008103317371353e-06 prot_P47169 + 5.0 s_0794 + 3.0 s_1212 + s_1469 --> 3.0 s_0803 + s_0841 + 3.0 s_1207,aerobic_etcpy_30C,ecYeast7_v1.0_batch_minimal_thermo.mat
r_0678No1,r_0678No1,L-aminoadipate-semialdehyde dehydrogenase (NADPH) (No1),True,False,False,False,redox,-1.0,0.1349184924612357,-0.1349184924612357,4.492770656489701e-06 prot_P07702 + 4.660793512486788e-06 prot_P50113 + s_0434 + s_0794 + s_0953 + s_1212 --> s_0423 + s_0633 + s_0959 + s_1207,aerobic_etcpy_30C,ecYeast7_v1.0_batch_minimal_thermo.mat
r_0988No1,r_0988No1,"saccharopine dehydrogenase (NAD, L-lysine forming) (No1)",True,False,False,False,redox,1.0,0.1349184924612357,0.1349184924612357,1.6359039836032958e-05 prot_P38998 + s_0803 + s_1038 + s_1198 --> s_0180 + s_0794 + s_1025 + s_1203,aerobic_etcpy_30C,ecYeast7_v1.0_batch_minimal_thermo.mat
r_0989No1,r_0989No1,"saccharopine dehydrogenase (NADP, L-glutamate forming) (No1)",True,False,False,False,redox,-1.0,0.1349184924612357,-0.1349184924612357,8.471071167185474e-08 prot_P38999 + s_0794 + s_0959 + s_0991 + s_1212 --> s_0803 + s_1038 + s_1207,aerobic_etcpy_30C,ecYeast7_v1.0_batch_minimal_thermo.mat
r_0996No1,r_0996No1,shikimate dehydrogenase (No1),True,False,False,False,redox,-1.0,0.12459454073202163,-0.12459454073202163,8.582677025850916e-07 prot_P08566 + s_0211 + s_0794 + s_1212 --> s_1207 + s_1429,aerobic_etcpy_30C,ecYeast7_v1.0_batch_minimal_thermo.mat
r_0997No1,r_0997No1,shikimate kinase (No1),True,False,False,False,carrier,1.0,0.12459454073202163,0.12459454073202163,6.597431639030259e-07 prot_P08566 + s_0434 + s_1429 --> s_0261 + s_0394 + s_0794,aerobic_etcpy_30C,ecYeast7_v1.0_batch_minimal_thermo.mat
arm_r_0883,arm_r_0883 r_0883No1 r_0883No2,phosphoadenylyl-sulfate reductase (thioredoxin) (arm),True,False,False,False,carrier,4.0,0.027011983291505257,0.10804793316602103,s_0201 + s_1616 --> pmet_r_0883 ; pmet_r_0883 + 9.191543127407482e-05 prot_P18408 + 0.00010631488050611783 prot_P22803 --> s_0390 + 2.0 s_0794 + s_1469 + s_1620 ; pmet_r_0883 + 9.191543127407482e-05 prot_P18408 + 9.681026165651273e-05 prot_P22217 --> s_0390 + 2.0 s_0794 + s_1469 + s_1620,aerobic_etcpy_30C,ecYeast7_v1.0_batch_minimal_thermo.mat
r_0153No1,r_0153No1,adenylosuccinate synthase (No1),True,False,False,False,carrier,2.0,0.049983765856975386,0.09996753171395077,5.919147526253618e-05 prot_P80210 + s_0785 + s_0849 + s_0973 --> s_0393 + s_0739 + 2.0 s_0794 + s_1322,aerobic_etcpy_30C,ecYeast7_v1.0_batch_minimal_thermo.mat
arm_r_0211,arm_r_0211 r_0211No1 r_0211No2,asparagine synthase (glutamine-hydrolysing) (arm),True,False,False,False,carrier,2.0,0.047942734742514564,0.09588546948502913,s_0434 + s_0803 + s_0973 + s_0999 --> pmet_r_0211 ; pmet_r_0211 + 4.8770217909154285e-05 prot_P49090 --> s_0423 + s_0633 + s_0794 + s_0969 + s_0991 ; pmet_r_0211 + 5.0584307980636574e-05 prot_P49089 --> s_0423 + s_0633 + s_0794 + s_0969 + s_0991,aerobic_etcpy_30C,ecYeast7_v1.0_batch_minimal_thermo.mat
r_0536No1,r_0536No1,histidinol dehydrogenase (No1),True,False,False,False,redox,3.0,0.03125470318022336,0.09376410954067008,8.067731703767277e-06 prot_P00815 + s_0803 + s_1010 + 2.0 s_1198 --> 3.0 s_0794 + s_1006 + 2.0 s_1203,aerobic_etcpy_30C,ecYeast7_v1.0_batch_minimal_thermo.mat
r_1244,r_1244,phosphate transport,False,False,False,True,carrier,1.0,0.08215582667946927,0.08215582667946927,s_0796 + s_1324 --> s_0794 + s_1322,aerobic_etcpy_30C,ecYeast7_v1.0_batch_minimal_thermo.mat
r_0006,r_0006,"1,6-beta-glucan synthase",False,False,False,False,carrier,1.0,0.08105979089326396,0.08105979089326396,s_1543 --> s_0004 + s_0794 + s_1538,aerobic_etcpy_30C,ecYeast7_v1.0_batch_minimal_thermo.mat
r_1887,r_1887,L-glutamate 5-semialdehyde dehydratase,False,False,False,False,carrier,1.0,0.07764177396354129,0.07764177396354129,s_0997 --> s_0118 + s_0794 + s_0803,aerobic_etcpy_30C,ecYeast7_v1.0_batch_minimal_thermo.mat
r_0473No1,r_0473No1,glutamate-5-semialdehyde dehydrogenase (No1),True,False,False,False,redox,-1.0,0.07764177396354129,-0.07764177396354129,6.898033581105867e-07 prot_P54885 + s_0794 + s_0986 + s_1212 --> s_0997 + s_1207 + s_1322,aerobic_etcpy_30C,ecYeast7_v1.0_batch_minimal_thermo.mat
r_0941No1,r_0941No1,prolyl-tRNA synthetase (No1),True,False,False,False,carrier,1.0,0.07764177396354129,0.07764177396354129,5.2950511472580245e-05 prot_P38708 + s_0434 + s_1035 + s_1606 --> s_0423 + s_0633 + s_0794 + s_1379,aerobic_etcpy_30C,ecYeast7_v1.0_batch_minimal_thermo.mat
r_1237,r_1237,ornithine transport,False,False,False,True,carrier,-1.0,0.07575612067966658,-0.07575612067966658,s_0794 + s_1268 --> s_0799 + s_1266,aerobic_etcpy_30C,ecYeast7_v1.0_batch_minimal_thermo.mat
r_0816No1,r_0816No1,ornithine carbamoyltransferase (No1),True,False,False,False,carrier,1.0,0.07575612067966658,0.07575612067966658,6.895880712213637e-08 prot_P05150 + s_0455 + s_1266 --> s_0794 + s_0979 + s_1322,aerobic_etcpy_30C,ecYeast7_v1.0_batch_minimal_thermo.mat
r_0208No1,r_0208No1,argininosuccinate synthase (No1),True,False,False,False,carrier,1.0,0.07575612032192935,0.07575612032192935,1.4154301502781134e-09 prot_P22768 + s_0434 + s_0973 + s_0979 --> s_0015 + s_0423 + s_0633 + s_0794,aerobic_etcpy_30C,ecYeast7_v1.0_batch_minimal_thermo.mat
r_0855No1,r_0855No1,phopshoribosylaminoimidazole synthetase (No1),True,False,False,False,carrier,2.0,0.037378828918789096,0.07475765783757819,0.0003077707724310728 prot_P07244 + s_0302 + s_0434 --> s_0300 + s_0394 + 2.0 s_0794 + s_1322,aerobic_etcpy_30C,ecYeast7_v1.0_batch_minimal_thermo.mat
arm_r_0307,arm_r_0307 r_0307No1 r_0307No2,CTP synthase (NH3) (arm),True,False,False,False,carrier,4.0,0.016878812533287227,0.06751525013314891,s_0419 + s_0434 + s_1559 --> pmet_r_0307 ; pmet_r_0307 + 2.118020557047833e-05 prot_P28274 --> s_0394 + s_0539 + 2.0 s_0794 + s_1322 ; pmet_r_0307 + 2.059577314115974e-05 prot_P38627 --> s_0394 + s_0539 + 2.0 s_0794 + s_1322,aerobic_etcpy_30C,ecYeast7_v1.0_batch_minimal_thermo.mat
r_0938No1,r_0938No1,prephenate dehydratase (No1),True,False,False,False,carrier,-1.0,0.06312224367770601,-0.06312224367770601,1.6644496903776449e-07 prot_P32452 + s_0794 + s_1377 --> s_0456 + s_0803 + s_0951,aerobic_etcpy_30C,ecYeast7_v1.0_batch_minimal_thermo.mat
arm_r_0080,arm_r_0080 r_0080No1 r_0080No2,"5,10-methylenetetrahydrofolate reductase (NADPH) (arm)",True,False,False,False,redox,-2.0,0.031109024948090053,-0.06221804989618011,s_0306 + 2.0 s_0794 + s_1212 --> pmet_r_0080 ; pmet_r_0080 + 2.1177260415806885e-06 prot_P53128 --> s_0322 + s_1207 ; pmet_r_0080 + 1.853267908480067e-06 prot_P46151 --> s_0322 + s_1207,aerobic_etcpy_30C,ecYeast7_v1.0_batch_minimal_thermo.mat
r_0109No1,r_0109No1,"acetyl-CoA carboxylase, reaction (No1)",True,False,False,False,carrier,1.0,0.060756697088149694,0.060756697088149694,1.2723940844933274e-09 prot_P48445 + 8.005393483798908e-10 prot_Q00955 + s_0373 + s_0434 + s_0445 --> s_0394 + s_0794 + s_1101 + s_1322,aerobic_etcpy_30C,ecYeast7_v1.0_batch_minimal_thermo.mat
arm_r_0565,arm_r_0565 r_0565No1 r_0565No2 r_0565No3,IMP dehydrogenase (arm),True,False,False,False,redox,3.0,0.01864976624203707,0.05594929872611121,s_0803 + s_0849 + s_1198 --> pmet_r_0565 ; pmet_r_0565 + 0.0007413071972106765 prot_P38697 --> s_0794 + s_1203 + s_1565 ; pmet_r_0565 + 0.000720487542729849 prot_P50095 --> s_0794 + s_1203 + s_1565 ; pmet_r_0565 + 0.0007416608298152536 prot_P50094 --> s_0794 + s_1203 + s_1565,aerobic_etcpy_30C,ecYeast7_v1.0_batch_minimal_thermo.mat
r_0214No1,r_0214No1,aspartate carbamoyltransferase (No1),True,False,False,False,carrier,1.0,0.04176278895260785,0.04176278895260785,6.911134228694532e-07 prot_P07259 + s_0455 + s_0973 --> s_0794 + s_1194 + s_1322,aerobic_etcpy_30C,ecYeast7_v1.0_batch_minimal_thermo.mat
r_0821No1,r_0821No1,orotidine-5'-phosphate decarboxylase (No1),True,False,False,False,carrier,-1.0,0.04176278895260785,-0.04176278895260785,5.396842962009488e-07 prot_P03962 + s_0794 + s_1270 --> s_0456 + s_1545,aerobic_etcpy_30C,ecYeast7_v1.0_batch_minimal_thermo.mat
r_0349_REVNo1,r_0349_REVNo1,dihydroorotase (reversible) (No1),True,False,False,False,carrier,-1.0,0.04176278895260785,-0.04176278895260785,1.5771814905306106e-06 prot_P20051 + s_0794 + s_1194 --> s_0061 + s_0803,aerobic_etcpy_30C,ecYeast7_v1.0_batch_minimal_thermo.mat
r_0079No1,r_0079No1,5'-phosphoribosylformyl glycinamidine synthetase (No1),True,False,False,False,carrier,1.0,0.037378828918789096,0.037378828918789096,5.6889849287134594e-05 prot_P38972 + s_0301 + s_0434 + s_0803 + s_0999 --> s_0302 + s_0394 + s_0794 + s_0991 + s_1322,aerobic_etcpy_30C,ecYeast7_v1.0_batch_minimal_thermo.mat
r_0499No1,r_0499No1,glycinamide ribotide transformylase (No1),True,False,False,False,carrier,1.0,0.037378828918789096,0.037378828918789096,7.689273742401114e-06 prot_P04161 + s_0120 + s_0325 --> s_0301 + s_0794 + s_1487,aerobic_etcpy_30C,ecYeast7_v1.0_batch_minimal_thermo.mat
r_0908No1,r_0908No1,phosphoribosyl amino imidazolesuccinocarbozamide synthetase (No1),True,False,False,False,carrier,1.0,0.037378828918789096,0.037378828918789096,6.162516981687147e-06 prot_P27616 + s_0434 + s_0973 + s_1364 --> s_0299 + s_0394 + s_0794 + s_1322,aerobic_etcpy_30C,ecYeast7_v1.0_batch_minimal_thermo.mat
r_0911No1,r_0911No1,phosphoribosylaminoimidazole-carboxylase (No1),True,False,False,False,carrier,1.0,0.037378828918789096,0.037378828918789096,3.742781259083778e-06 prot_P21264 + s_0300 + s_0434 + s_0456 + s_0803 --> s_0394 + s_0794 + s_1322 + s_1364,aerobic_etcpy_30C,ecYeast7_v1.0_batch_minimal_thermo.mat
r_0914No1,r_0914No1,phosphoribosylglycinamidine synthetase (No1),True,False,False,False,carrier,1.0,0.037378828918789096,0.037378828918789096,0.0003077707724310728 prot_P07244 + s_0327 + s_0434 + s_1003 --> s_0325 + s_0394 + s_0794 + s_1322,aerobic_etcpy_30C,ecYeast7_v1.0_batch_minimal_thermo.mat
r_0514No1,r_0514No1,GMP synthase (No1),True,False,False,False,carrier,2.0,0.01864976624203707,0.03729953248407414,9.260456098536328e-05 prot_P38625 + s_0434 + s_0803 + s_0999 + s_1565 --> s_0423 + s_0633 + s_0782 + 2.0 s_0794 + s_0991,aerobic_etcpy_30C,ecYeast7_v1.0_batch_minimal_thermo.mat
arm_r_1038,arm_r_1038 r_1038No1 r_1038No2 r_1038No3,thioredoxin reductase (NADPH) (arm),True,False,False,False,redox,-1.0,0.031543208132656195,-0.031543208132656195,s_0794 + s_1212 + s_1620 --> pmet_r_1038 ; pmet_r_1038 + 1.1174236689832203e-05 prot_P22803 + 9.236969897408885e-06 prot_P29509 --> s_1207 + s_1616 ; pmet_r_1038 + 1.0175252726660498e-05 prot_P22217 + 9.236969897408885e-06 prot_P29509 --> s_1207 + s_1616 ; pmet_r_1038 + 9.236969897408885e-06 prot_P2,aerobic_etcpy_30C,ecYeast7_v1.0_batch_minimal_thermo.mat
r_0563No1,r_0563No1,Imidazole-glycerol-3-phosphate synthase (No1),True,False,False,False,carrier,1.0,0.03125470318022336,0.03125470318022336,2.7929758394274826e-06 prot_P33734 + s_0312 + s_0999 --> s_0403 + s_0550 + s_0794 + s_0991,aerobic_etcpy_30C,ecYeast7_v1.0_batch_minimal_thermo.mat
r_0910No1,r_0910No1,phosphoribosyl-ATP pyrophosphatase (No1),True,False,False,False,carrier,1.0,0.03125470318022336,0.03125470318022336,8.067731703767277e-06 prot_P00815 + s_0326 + s_0803 --> s_0078 + s_0633 + s_0794,aerobic_etcpy_30C,ecYeast7_v1.0_batch_minimal_thermo.mat
r_0727No1,r_0727No1,methionine synthase (No1),True,False,False,False,carrier,1.0,0.031109024948090053,0.031109024948090053,0.0009319690406338696 prot_P05694 + s_0322 + s_1012 --> s_0794 + s_1029 + s_1487,aerobic_etcpy_30C,ecYeast7_v1.0_batch_minimal_thermo.mat
arm_r_0558,arm_r_0558 r_0558No1 r_0558No2,hydroxymethylglutaryl CoA reductase (arm),True,False,False,False,redox,-2.0,0.015520577887152238,-0.031041155774304476,s_0218 + 2.0 s_0794 + 2.0 s_1212 --> pmet_r_0558 ; pmet_r_0558 + 0.005535714015956636 prot_P12684 --> s_0028 + s_0529 + 2.0 s_1207 ; pmet_r_0558 + 0.005426956762683551 prot_P12683 --> s_0028 + s_0529 + 2.0 s_1207,aerobic_etcpy_30C,ecYeast7_v1.0_batch_minimal_thermo.mat
r_0154No1,r_0154No1,adenylyl-sulfate kinase (No1),True,False,False,False,carrier,1.0,0.027011983291505257,0.027011983291505257,6.996810132908383e-05 prot_Q02196 + s_0298 + s_0434 --> s_0201 + s_0394 + s_0794,aerobic_etcpy_30C,ecYeast7_v1.0_batch_minimal_thermo.mat
r_1025No1,r_1025No1,sulfate adenylyltransferase (No1),True,False,False,False,carrier,-1.0,0.027011983291505257,-0.027011983291505257,8.236748458568752e-06 prot_P08536 + s_0434 + s_0794 + s_1467 --> s_0298 + s_0633,aerobic_etcpy_30C,ecYeast7_v1.0_batch_minimal_thermo.mat
r_0813No1,r_0813No1,O-acetylhomoserine (thiol)-lyase (No1),True,False,False,False,carrier,1.0,0.02390065537311198,0.02390065537311198,2.8236929079394516e-05 prot_P06106 + s_0841 + s_1233 --> s_0362 + s_0794 + s_1012,aerobic_etcpy_30C,ecYeast7_v1.0_batch_minimal_thermo.mat
r_0736No1,r_0736No1,mevalonate kinase (ctp) (No1),True,False,False,False,carrier,1.0,0.01349077767581464,0.01349077767581464,1.0405536379961478e-05 prot_P07277 + s_0028 + s_0539 --> s_0019 + s_0467 + s_0794,aerobic_etcpy_30C,ecYeast7_v1.0_batch_minimal_thermo.mat
r_0792No1,r_0792No1,nucleoside diphosphatase (No1),True,False,False,False,carrier,1.0,0.01349077767581464,0.01349077767581464,9.821890273573233e-08 prot_P40009 + s_0467 + s_0803 --> s_0526 + s_0794 + s_1322,aerobic_etcpy_30C,ecYeast7_v1.0_batch_minimal_thermo.mat
r_0203No1,r_0203No1,anthranilate synthase (No1),True,False,False,False,carrier,1.0,0.013388138315510459,0.013388138315510459,8.395438037579604e-07 prot_P00899 + 7.527568484085736e-07 prot_P00937 + s_0515 + s_0999 --> s_0427 + s_0794 + s_0991 + s_1399,aerobic_etcpy_30C,ecYeast7_v1.0_batch_minimal_thermo.mat
r_0566No1,r_0566No1,indole-3-glycerol-phosphate synthase (No1),True,False,False,False,carrier,-1.0,0.013388138315510459,-0.013388138315510459,2.5973502066710245e-05 prot_P00937 + s_0076 + s_0794 --> s_0086 + s_0456 + s_0803,aerobic_etcpy_30C,ecYeast7_v1.0_batch_minimal_thermo.mat
arm_r_0195,arm_r_0195 r_0195No1 r_0195No2,"alpha,alpha-trehalose-phosphate synthase (UDP-forming) (arm)",True,False,False,False,carrier,2.0,0.006674169975025956,0.013348339950051911,s_0568 + s_1543 --> pmet_r_0195 ; pmet_r_0195 + 2.0309785158842895e-05 prot_P31688 + 1.973932581769224e-05 prot_P38427 + 2.6386281613258156e-05 prot_Q00764 --> s_0409 + s_0794 + s_1538 ; pmet_r_0195 + 2.0309785158842895e-05 prot_P31688 + 1.9739325817714712e-05 prot_P38426 + 2.6386281613258156e-05 pr,aerobic_etcpy_30C,ecYeast7_v1.0_batch_minimal_thermo.mat
r_0241No1,r_0241No1,"C-4 sterol methyl oxidase (4,4-dimethylzymosterol) (No1)",True,False,False,False,redox,-3.0,0.0025533451979885516,-0.007660035593965655,9.77466623968762e-06 prot_P53045 + s_0122 + 3.0 s_0794 + 3.0 s_1212 + 3.0 s_1275 --> s_0297 + 4.0 s_0803 + 3.0 s_1207,aerobic_etcpy_30C,ecYeast7_v1.0_batch_minimal_thermo.mat
r_3525,r_3525,"H+ transport, cytoplasm-ER membrane",False,False,False,True,pure_ion_transport,-1.0,0.007466922034497254,-0.007466922034497254,s_0794 --> s_2783,aerobic_etcpy_30C,ecYeast7_v1.0_batch_minimal_thermo.mat
r_0142No1,r_0142No1,adenosine kinase (No1),True,False,False,False,carrier,1.0,0.007208369574978074,0.007208369574978074,1.3288220745833803e-05 prot_P47143 + s_0386 + s_0434 --> s_0394 + s_0423 + s_0794,aerobic_etcpy_30C,ecYeast7_v1.0_batch_minimal_thermo.mat
r_0317No1,r_0317No1,cytochrome P450 lanosterol 14-alpha-demethylase (NADP) (No1),True,False,False,False,redox,-2.0,0.0025744909139139224,-0.005148981827827845,9.773820891359648e-06 prot_P10614 + 1.2242779323970756e-05 prot_P16603 + 2.0 s_0794 + s_1059 + 3.0 s_1212 + 3.0 s_1275 --> s_0262 + s_0722 + 4.0 s_0803 + 3.0 s_1207,aerobic_etcpy_30C,ecYeast7_v1.0_batch_minimal_thermo.mat
arm_r_0491,arm_r_0491 r_0491No1 r_0491No2,glycerol-3-phosphate dehydrogenase (NAD) (arm),True,False,False,False,redox,-1.0,0.003541496781136861,-0.003541496781136861,s_0629 + s_0794 + s_1203 --> pmet_r_0491 ; pmet_r_0491 + 2.7278449569770563e-06 prot_Q00055 --> s_0767 + s_1198 ; pmet_r_0491 + 2.4990116295250553e-06 prot_P41911 --> s_0767 + s_1198,aerobic_etcpy_30C,ecYeast7_v1.0_batch_minimal_thermo.mat
r_0312No1,r_0312No1,cysteine synthase (No1),True,False,False,False,carrier,1.0,0.0031113279183932756,0.0031113279183932756,1.4118464539697258e-05 prot_P06106 + s_0841 + s_1234 --> s_0362 + s_0794 + s_0981,aerobic_etcpy_30C,ecYeast7_v1.0_batch_minimal_thermo.mat
r_1012No1,r_1012No1,squalene synthase (No1),True,False,False,False,redox,-1.0,0.0025865741801569917,-0.0025865741801569917,0.00019487345068336078 prot_P29704 + 2.0 s_0190 + s_0794 + s_1212 --> 2.0 s_0633 + s_1207 + s_1447,aerobic_etcpy_30C,ecYeast7_v1.0_batch_minimal_thermo.mat
r_0231No1,r_0231No1,C-14 sterol reductase (No1),True,False,False,False,redox,-1.0,0.0025744909139139224,-0.0025744909139139224,2.4695975850079978e-06 prot_P32462 + s_0262 + s_0794 + s_1212 --> s_0122 + s_1207,aerobic_etcpy_30C,ecYeast7_v1.0_batch_minimal_thermo.mat
r_0234No1,r_0234No1,C-3 sterol dehydrogenase (No1),True,False,False,False,redox,1.0,0.0025533451979885516,0.0025533451979885516,2.3303504847129008e-08 prot_P53199 + s_1207 + s_1578 --> s_0456 + s_0794 + s_1212 + s_1579,aerobic_etcpy_30C,ecYeast7_v1.0_batch_minimal_thermo.mat
r_0235No1,r_0235No1,C-3 sterol dehydrogenase (4-methylzymosterol) (No1),True,False,False,False,redox,1.0,0.0025533451979885516,0.0025533451979885516,2.3303504847129008e-08 prot_P53199 + s_0297 + s_1198 --> s_0209 + s_0456 + s_0794 + s_1203,aerobic_etcpy_30C,ecYeast7_v1.0_batch_minimal_thermo.mat
r_0236No1,r_0236No1,C-3 sterol keto reductase (4-methylzymosterol) (No1),True,False,False,False,redox,-1.0,0.0025533451979885516,-0.0025533451979885516,0.00046667685169438555 prot_Q12452 + s_0209 + s_0794 + s_1212 --> s_0296 + s_1207,aerobic_etcpy_30C,ecYeast7_v1.0_batch_minimal_thermo.mat
r_0237No1,r_0237No1,C-3 sterol keto reductase (zymosterol) (No1),True,False,False,False,redox,-1.0,0.0025533451979885516,-0.0025533451979885516,0.00046667685169438555 prot_Q12452 + s_0794 + s_1212 + s_1579 --> s_1207 + s_1569,aerobic_etcpy_30C,ecYeast7_v1.0_batch_minimal_thermo.mat
r_0238No1,r_0238No1,C-4 methyl sterol oxidase (No1),True,False,False,False,redox,-1.0,0.0025533451979885516,-0.0025533451979885516,3.2582220798958734e-06 prot_P53045 + s_0296 + s_0794 + s_1212 + s_1275 --> s_0803 + s_1207 + s_1576,aerobic_etcpy_30C,ecYeast7_v1.0_batch_minimal_thermo.mat
r_0239No1,r_0239No1,C-4 methyl sterol oxidase (No1),True,False,False,False,redox,-1.0,0.0025533451979885516,-0.0025533451979885516,3.2582220798958734e-06 prot_P53045 + s_0794 + s_1212 + s_1275 + s_1576 --> 2.0 s_0803 + s_1207 + s_1577,aerobic_etcpy_30C,ecYeast7_v1.0_batch_minimal_thermo.mat
r_0240No1,r_0240No1,C-4 methyl sterol oxidase (No1),True,False,False,False,redox,-1.0,0.0025533451979885516,-0.0025533451979885516,3.2582220798958734e-06 prot_P53045 + s_0794 + s_1212 + s_1275 + s_1577 --> s_0803 + s_1207 + s_1578,aerobic_etcpy_30C,ecYeast7_v1.0_batch_minimal_thermo.mat
r_1682,r_1682,"cholestenol delta-isomerase, lumped reaction",False,False,False,False,redox,1.0,0.0024683847322169716,0.0024683847322169716,s_1275 + s_1416 + s_1569 --> s_0662 + s_0794 + 2.0 s_0803 + s_1413,aerobic_etcpy_30C,ecYeast7_v1.0_batch_minimal_thermo.mat
r_0364No1,r_0364No1,dUTP diphosphatase (No1),True,False,False,False,carrier,1.0,0.002265612420575467,0.002265612420575467,6.056145875905476e-05 prot_P33317 + s_0656 + s_0803 --> s_0633 + s_0654 + s_0794,aerobic_etcpy_30C,ecYeast7_v1.0_batch_minimal_thermo.mat
r_0735No1,r_0735No1,mevalonate kinase (atp) (No1),True,False,False,False,carrier,1.0,0.002029800211337597,0.002029800211337597,1.0405536379961478e-05 prot_P07277 + s_0028 + s_0434 --> s_0019 + s_0394 + s_0794,aerobic_etcpy_30C,ecYeast7_v1.0_batch_minimal_thermo.mat
r_0344No1,r_0344No1,dihydrofolate reductase (No1),True,False,False,False,redox,-1.0,0.0013593674523452802,-0.0013593674523452802,1.360786875976696e-06 prot_P07807 + s_0625 + s_0794 + s_1212 --> s_1207 + s_1487,aerobic_etcpy_30C,ecYeast7_v1.0_batch_minimal_thermo.mat
r_0326_REVNo1,r_0326_REVNo1,dCMP deaminase (reversible) (No1),True,False,False,False,carrier,1.0,0.0009062449682301867,0.0009062449682301867,2.0585645649629762e-07 prot_P06773 + s_0419 + s_0654 --> s_0589 + s_0794 + s_0803,aerobic_etcpy_30C,ecYeast7_v1.0_batch_minimal_thermo.mat
r_0038No1,r_0038No1,"3,4-dihydroxy-2-butanone-4-phosphate synthase (No1)",True,False,False,False,carrier,1.0,0.0007476520987899041,0.0007476520987899041,6.5513948320150056e-06 prot_Q99258 + s_0577 --> s_0158 + s_0722 + s_0794,aerobic_etcpy_30C,ecYeast7_v1.0_batch_minimal_thermo.mat
r_0525No1,r_0525No1,GTP cyclohydrolase II (No1),True,False,False,False,carrier,2.0,0.00037382604939495206,0.0007476520987899041,6.864071444620242e-07 prot_P38066 + s_0785 + 3.0 s_0803 --> s_0141 + s_0633 + s_0722 + 2.0 s_0794,aerobic_etcpy_30C,ecYeast7_v1.0_batch_minimal_thermo.mat
r_0014No1,r_0014No1,"2,5-diamino-6-ribitylamino-4(3H)-pyrimidinone 5'-phosphate deaminase (No1)",True,False,False,False,carrier,-1.0,0.00037382604939495206,-0.00037382604939495206,2.1169712496218463e-06 prot_Q12362 + s_0142 + s_0794 + s_0803 --> s_0313 + s_0419,aerobic_etcpy_30C,ecYeast7_v1.0_batch_minimal_thermo.mat
r_0015No1,r_0015No1,"2,5-diamino-6-ribosylamino-4(3H)-pyrimidinone 5'-phosphate reductase (NADPH) (No1)",True,False,False,False,redox,-1.0,0.00037382604939495206,-0.00037382604939495206,9.9314159221498e-10 prot_P33312 + s_0141 + s_0794 + s_1212 --> s_0142 + s_1207,aerobic_etcpy_30C,ecYeast7_v1.0_batch_minimal_thermo.mat
r_2223,r_2223,fatty acyl-CoA transport via ABC system (C18:0),False,False,False,False,carrier,1.0,0.00011235759374631673,0.00011235759374631673,s_0434 + s_0803 + s_1454 --> s_0394 + s_0794 + s_1322 + s_1457,aerobic_etcpy_30C,ecYeast7_v1.0_batch_minimal_thermo.mat
r_1830_REV,r_1830_REV,H+ diffusion (reversible),False,False,False,True,pure_ion_transport,1.0,0.00011235759374631673,0.00011235759374631673,s_0801 --> s_0794,aerobic_etcpy_30C,ecYeast7_v1.0_batch_minimal_thermo.mat
r_0986No1,r_0986No1,S-adenosyl-methionine delta-24-sterol-c-methyltransferase (No1),True,False,False,False,carrier,1.0,7.929643472014135e-05,7.929643472014135e-05,0.02795946827607143 prot_P25087 + s_1416 + s_1569 --> s_0700 + s_0794 + s_1413,aerobic_etcpy_30C,ecYeast7_v1.0_batch_minimal_thermo.mat
r_0935No1,r_0935No1,porphobilinogen synthase (No1),True,False,False,False,carrier,1.0,1.5104082803836447e-06,1.5104082803836447e-06,1.910307500192925e-05 prot_P05373 + 2.0 s_0315 --> s_0794 + 2.0 s_0803 + s_1372,aerobic_etcpy_30C,ecYeast7_v1.0_batch_minimal_thermo.mat
r_1081No1,r_1081No1,uroporphyrinogen decarboxylase (uroporphyrinogen III) (No1),True,False,False,False,carrier,-4.0,3.7760207009591117e-07,-1.5104082803836447e-06,0.0009701874479740302 prot_P32347 + 4.0 s_0794 + s_1558 --> 4.0 s_0456 + s_0538,aerobic_etcpy_30C,ecYeast7_v1.0_batch_minimal_thermo.mat
arm_r_0272,arm_r_0272 r_0272No1 r_0272No2 r_0272No3,chitin synthase (arm),True,False,False,False,carrier,3.0,2.8522093910367326e-07,8.556628173110197e-07,s_1544 --> pmet_r_0272 ; pmet_r_0272 + 0.0008417508417508417 prot_P29465 --> s_0509 + s_0794 + s_1538 ; pmet_r_0272 + 0.000855666891365238 prot_P14180 --> s_0509 + s_0794 + s_1538 ; pmet_r_0272 + 0.0009319679424361753 prot_P08004 --> s_0509 + s_0794 + s_1538,aerobic_etcpy_30C,ecYeast7_v1.0_batch_minimal_thermo.mat
r_0304No1,r_0304No1,coproporphyrinogen oxidase (O2 required) (No1),True,False,False,False,redox,-2.0,3.7760207009591117e-07,-7.552041401918223e-07,2.2493048350329423e-05 prot_P11353 + s_0538 + 2.0 s_0794 + s_1275 --> 2.0 s_0456 + 2.0 s_0803 + s_1384,aerobic_etcpy_30C,ecYeast7_v1.0_batch_minimal_thermo.mat
r_0760No1,r_0760No1,N-acetylglucosamine-6-phosphate synthase (No1),True,False,False,False,carrier,1.0,2.8522093910367326e-07,2.8522093910367326e-07,1.0137880742176574e-05 prot_P43577 + s_0373 + s_0412 --> s_0529 + s_0794 + s_1190,aerobic_etcpy_30C,ecYeast7_v1.0_batch_minimal_thermo.mat
r_1069No1,r_1069No1,UDP-N-acetylglucosamine diphosphorylase (No1),True,False,False,False,carrier,-1.0,2.8522093910367326e-07,-2.8522093910367326e-07,8.164142372960631e-05 prot_P43123 + s_0794 + s_1189 + s_1559 --> s_0633 + s_1544,aerobic_etcpy_30C,ecYeast7_v1.0_batch_minimal_thermo.mat
arm_r_0486,arm_r_0486 r_0486No1 r_0486No2 r_0486No3,glyceraldehyde-3-phosphate dehydrogenase (arm),True,False,False,False,redox,3.0,39.470689583176096,118.41206874952829,s_0764 + s_1198 + s_1322 --> pmet_r_0486 ; pmet_r_0486 + 1.4570513415003297e-05 prot_P00359 --> s_0075 + s_0794 + s_1203 ; pmet_r_0486 + 1.6825817035106294e-05 prot_P00360 --> s_0075 + s_0794 + s_1203 ; pmet_r_0486 + 1.4577147328747388e-05 prot_P00358 --> s_0075 + s_0794 + s_1203,anaerobic_etcpy_30C,ecYeast7_v1.0_batch_minimal_thermo_anaerobic.mat
arm_r_0534,arm_r_0534 r_0534No1 r_0534No2 r_0534No3,hexokinase (D-glucose:ATP) (arm),True,False,False,False,carrier,3.0,22.816878136057667,68.450634408173,s_0434 + s_0563 --> pmet_r_0534 ; pmet_r_0534 + 1.0305477605106158e-06 prot_P17709 --> s_0394 + s_0568 + s_0794 ; pmet_r_0534 + 1.0518036963356492e-06 prot_P04806 --> s_0394 + s_0568 + s_0794 ; pmet_r_0534 + 2.4273876265373014e-06 prot_P04807 --> s_0394 + s_0568 + s_0794,anaerobic_etcpy_30C,ecYeast7_v1.0_batch_minimal_thermo_anaerobic.mat
arm_r_0962,arm_r_0962 r_0962No1 r_0962No2,pyruvate kinase (arm),True,False,False,False,carrier,-1.0,39.041031195804166,-39.041031195804166,s_0394 + s_0794 + s_1360 --> pmet_r_0962 ; pmet_r_0962 + 1.2781159410952698e-06 prot_P00549 --> s_0434 + s_1399 ; pmet_r_0962 + 1.3859441801225086e-06 prot_P52489 --> s_0434 + s_1399,anaerobic_etcpy_30C,ecYeast7_v1.0_batch_minimal_thermo_anaerobic.mat
arm_r_0959,arm_r_0959 r_0959No1 r_0959No2 r_0959No3,pyruvate decarboxylase (arm),True,False,False,False,carrier,-1.0,36.78539860079432,-36.78539860079432,s_0794 + s_1399 --> pmet_r_0959 ; pmet_r_0959 + 4.5550158958339185e-06 prot_P26263 --> s_0359 + s_0456 ; pmet_r_0959 + 4.555015894034981e-06 prot_P06169 --> s_0359 + s_0456 ; pmet_r_0959 + 4.5550158940266865e-06 prot_P16467 --> s_0359 + s_0456,anaerobic_etcpy_30C,ecYeast7_v1.0_batch_minimal_thermo_anaerobic.mat
arm_r_2115,arm_r_2115 r_2115No1 r_2115No2,"alcohol dehydrogenase, (acetaldehyde to ethanol) (arm)",True,False,False,False,redox,-1.0,35.671693667799374,-35.671693667799374,s_0359 + s_0794 + s_1203 --> pmet_r_2115 ; pmet_r_2115 + 1.101457719143588e-07 prot_P38113 --> s_0680 + s_1198 ; pmet_r_2115 + 0.007809255700034848 prot_P00330 --> s_0680 + s_1198,anaerobic_etcpy_30C,ecYeast7_v1.0_batch_minimal_thermo_anaerobic.mat
r_4041,r_4041,yeast 8 biomass pseudoreaction,False,False,False,False,carrier,70.17,0.330906874734951,23.219735400151514,0.642498942709614 s_0001 + 0.21466987951807232 s_0004 + 0.5727840199750311 s_0404 + 0.046 s_0423 + 0.20062421972534333 s_0428 + 0.12696629213483146 s_0430 + 0.37141073657927587 s_0432 + 70.17 s_0434 + 7.553479223014507e-07 s_0509 + 0.0447 s_0526 + 0.008239700374531835 s_0542 + 0.0036 s_0584 + 0.0024,anaerobic_etcpy_30C,ecYeast7_v1.0_batch_minimal_thermo_anaerobic.mat
r_0887No1,r_0887No1,phosphofructokinase (s7p) (No1),True,False,False,False,carrier,1.0,21.596375777751557,21.596375777751557,4.3982877593535264e-07 prot_P16861 + 4.790489423801316e-07 prot_P16862 + s_0434 + s_1427 --> s_0394 + s_0794 + s_1426,anaerobic_etcpy_30C,ecYeast7_v1.0_batch_minimal_thermo_anaerobic.mat
arm_r_0491,arm_r_0491 r_0491No1 r_0491No2,glycerol-3-phosphate dehydrogenase (NAD) (arm),True,False,False,False,redox,-1.0,4.1079463526565,-4.1079463526565,s_0629 + s_0794 + s_1203 --> pmet_r_0491 ; pmet_r_0491 + 2.7278449569770563e-06 prot_Q00055 --> s_0767 + s_1198 ; pmet_r_0491 + 2.4990116295250553e-06 prot_P41911 --> s_0767 + s_1198,anaerobic_etcpy_30C,ecYeast7_v1.0_batch_minimal_thermo_anaerobic.mat
arm_r_0958,arm_r_0958 r_0958No1 r_0958No2,pyruvate carboxylase (arm),True,False,False,False,carrier,2.0,1.5361063731298645,3.072212746259729,s_0434 + s_0445 + s_1399 --> pmet_r_0958 ; pmet_r_0958 + 4.942048158520347e-06 prot_P32327 --> s_0394 + s_0794 + s_1271 + s_1322 ; pmet_r_0958 + 4.803235950123343e-06 prot_P11154 --> s_0394 + s_0794 + s_1271 + s_1322,anaerobic_etcpy_30C,ecYeast7_v1.0_batch_minimal_thermo_anaerobic.mat
arm_r_0091,arm_r_0091 r_0091No1 r_0091No2,6-phosphogluconolactonase (arm),True,False,False,False,carrier,2.0,1.449961472140132,2.899922944280264,s_0335 + s_0803 --> pmet_r_0091 ; pmet_r_0091 + 2.8821487764833698e-05 prot_P53315 --> s_0340 + s_0794 ; pmet_r_0091 + 2.9652286331915094e-05 prot_P38858 --> s_0340 + s_0794,anaerobic_etcpy_30C,ecYeast7_v1.0_batch_minimal_thermo_anaerobic.mat
r_0568No1,r_0568No1,inorganic diphosphatase (No1),True,False,False,False,carrier,1.0,2.6127114989460485,2.6127114989460485,1.904346572081622e-06 prot_P00817 + s_0633 + s_0803 --> s_0794 + 2.0 s_1322,anaerobic_etcpy_30C,ecYeast7_v1.0_batch_minimal_thermo_anaerobic.mat
arm_r_0471,arm_r_0471 r_0471No1 r_0471No2,glutamate dehydrogenase (NADP) (arm),True,False,False,False,redox,-1.0,2.5577617036917832,-2.5577617036917832,s_0180 + s_0419 + s_0794 + s_1212 --> pmet_r_0471 ; pmet_r_0471 + 1.0734737880047261e-08 prot_P39708 --> s_0803 + s_0991 + s_1207 ; pmet_r_0471 + 1.2561669627683132e-08 prot_P07262 --> s_0803 + s_0991 + s_1207,anaerobic_etcpy_30C,ecYeast7_v1.0_batch_minimal_thermo_anaerobic.mat
NGAM,NGAM,NGAM,False,False,False,False,carrier,1.0,1.6838341960517724,1.6838341960517724,s_0434 + s_0803 --> s_0394 + s_0794 + s_1322,anaerobic_etcpy_30C,ecYeast7_v1.0_batch_minimal_thermo_anaerobic.mat
r_1667,r_1667,bicarbonate formation,False,False,False,False,carrier,1.0,1.6656453546381278,1.6656453546381278,s_0456 + s_0803 --> s_0445 + s_0794,anaerobic_etcpy_30C,ecYeast7_v1.0_batch_minimal_thermo_anaerobic.mat
r_0466No1,r_0466No1,glucose 6-phosphate dehydrogenase (No1),True,False,False,False,redox,1.0,1.449961472140132,1.449961472140132,5.689697237116549e-07 prot_P11412 + s_0568 + s_1207 --> s_0335 + s_0794 + s_1212,anaerobic_etcpy_30C,ecYeast7_v1.0_batch_minimal_thermo_anaerobic.mat
r_0153No1,r_0153No1,adenylosuccinate synthase (No1),True,False,False,False,carrier,2.0,0.6004243728915061,1.2008487457830122,5.919147526253618e-05 prot_P80210 + s_0785 + s_0849 + s_0973 --> s_0393 + s_0739 + 2.0 s_0794 + s_1322,anaerobic_etcpy_30C,ecYeast7_v1.0_batch_minimal_thermo_anaerobic.mat
r_0143No1,r_0143No1,adenosine monophosphate deaminase (No1),True,False,False,False,carrier,-1.0,0.5566217217486882,-0.5566217217486882,2.1169657453857523e-06 prot_P15274 + s_0423 + s_0794 + s_0803 --> s_0419 + s_0849,anaerobic_etcpy_30C,ecYeast7_v1.0_batch_minimal_thermo_anaerobic.mat
r_1137,r_1137,D-lactate transport,False,False,False,True,carrier,-1.0,0.5417205803245209,-0.5417205803245209,s_0025 + s_0794 --> s_0027 + s_0799,anaerobic_etcpy_30C,ecYeast7_v1.0_batch_minimal_thermo_anaerobic.mat
arm_r_0510,arm_r_0510 r_0510No1 r_0510No2 r_0510No3 r_0510No4,glycogen (starch) synthase (arm),True,False,False,False,carrier,4.0,0.1295989818288226,0.5183959273152904,s_0803 + s_1543 --> pmet_r_0510 ; pmet_r_0510 + 1.7963529426748388e-06 prot_P23337 + 1.7965020456537116e-06 prot_P47011 --> s_0773 + s_0794 + s_1538 ; pmet_r_0510 + 1.4953007927664717e-06 prot_P23337 + 1.4953014696783983e-06 prot_P36143 --> s_0773 + s_0794 + s_1538 ; pmet_r_0510 + 1.7105484535805569,anaerobic_etcpy_30C,ecYeast7_v1.0_batch_minimal_thermo_anaerobic.mat
arm_r_0005,arm_r_0005 r_0005No1 r_0005No2,"1,3-beta-glucan synthase (arm)",True,False,False,False,carrier,2.0,0.2126073171525487,0.4252146343050974,s_1543 --> pmet_r_0005 ; pmet_r_0005 + 2.1260381648628817e-05 prot_P40989 --> s_0001 + s_0794 + s_1538 ; pmet_r_0005 + 2.1472031686759838e-05 prot_P38631 --> s_0001 + s_0794 + s_1538,anaerobic_etcpy_30C,ecYeast7_v1.0_batch_minimal_thermo_anaerobic.mat
arm_r_0891,arm_r_0891 r_0891No1 r_0891No2,phosphoglycerate dehydrogenase (arm),True,False,False,False,redox,2.0,0.21128463707867268,0.42256927415734535,s_0260 + s_1198 --> pmet_r_0891 ; pmet_r_0891 + 1.0194348840906712e-07 prot_P40054 --> s_0258 + s_0794 + s_1203 ; pmet_r_0891 + 1.0194348840906712e-07 prot_P40510 --> s_0258 + s_0794 + s_1203,anaerobic_etcpy_30C,ecYeast7_v1.0_batch_minimal_thermo_anaerobic.mat
r_1239,r_1239,oxaloacetate transport,False,False,False,True,carrier,-1.0,0.42088380022467914,-0.42088380022467914,s_0794 + s_1271 --> s_0799 + s_1273,anaerobic_etcpy_30C,ecYeast7_v1.0_batch_minimal_thermo_anaerobic.mat
r_1084No1,r_1084No1,UTP-glucose-1-phosphate uridylyltransferase (No1),True,False,False,False,carrier,-1.0,0.41909086370759274,-0.41909086370759274,1.1390719938672359e-05 prot_P32861 + s_0567 + s_0794 + s_1559 --> s_0633 + s_1543,anaerobic_etcpy_30C,ecYeast7_v1.0_batch_minimal_thermo_anaerobic.mat
arm_r_0250,arm_r_0250 r_0250No1 r_0250No2,carbamoyl-phosphate synthase (glutamine-hydrolysing) (arm),True,False,False,False,carrier,4.0,0.10298623389113706,0.41194493556454825,2.0 s_0434 + s_0445 + s_0803 + s_0999 --> pmet_r_0250 ; pmet_r_0250 + 1.1562169456680397e-07 prot_P03965 + 1.3530830310505718e-07 prot_P07258 --> 2.0 s_0394 + s_0455 + 2.0 s_0794 + s_0991 + s_1322 ; pmet_r_0250 + 6.911134228694532e-07 prot_P07259 --> 2.0 s_0394 + s_0455 + 2.0 s_0794 + s_0991 + s_132,anaerobic_etcpy_30C,ecYeast7_v1.0_batch_minimal_thermo_anaerobic.mat
arm_r_0916,arm_r_0916 r_0916No1 r_0916No2 r_0916No3,phosphoribosylpyrophosphate synthetase (arm),True,False,False,False,carrier,3.0,0.10847697042426269,0.32543091127278806,s_0434 + s_1408 --> pmet_r_0916 ; pmet_r_0916 + 4.886797407571193e-06 prot_P38063 + 5.29893255845234e-06 prot_Q12265 --> s_0423 + s_0794 + s_1386 ; pmet_r_0916 + 4.88682590850015e-06 prot_P38620 + 5.29893255845234e-06 prot_Q12265 --> s_0423 + s_0794 + s_1386 ; pmet_r_0916 + 4.886665512922225e-06 pro,anaerobic_etcpy_30C,ecYeast7_v1.0_batch_minimal_thermo_anaerobic.mat
r_0476No1,r_0476No1,glutamine synthetase (No1),True,False,False,False,carrier,1.0,0.30952168747536385,0.30952168747536385,2.266221872682062e-06 prot_P32288 + s_0419 + s_0434 + s_0991 --> s_0394 + s_0794 + s_0999 + s_1322,anaerobic_etcpy_30C,ecYeast7_v1.0_batch_minimal_thermo_anaerobic.mat
r_0219No1,r_0219No1,aspartate-semialdehyde dehydrogenase (No1),True,False,False,False,redox,-1.0,0.21413910958105298,-0.21413910958105298,8.57383904883316e-07 prot_P13663 + s_0295 + s_0794 + s_1212 --> s_0978 + s_1207 + s_1322,anaerobic_etcpy_30C,ecYeast7_v1.0_batch_minimal_thermo_anaerobic.mat
r_0546No1,r_0546No1,homoserine dehydrogenase (NADH) (No1),True,False,False,False,redox,-1.0,0.21413910958105298,-0.21413910958105298,1.362045586188888e-05 prot_P31116 + s_0794 + s_0978 + s_1203 --> s_1014 + s_1198,anaerobic_etcpy_30C,ecYeast7_v1.0_batch_minimal_thermo_anaerobic.mat
r_0722No1,r_0722No1,mannose-1-phosphate guanylyltransferase (No1),True,False,False,False,carrier,-1.0,0.20207244799223367,-0.20207244799223367,1.5702828101054632e-06 prot_P41940 + s_0573 + s_0785 + s_0794 --> s_0633 + s_0743,anaerobic_etcpy_30C,ecYeast7_v1.0_batch_minimal_thermo_anaerobic.mat
r_1825_REV,r_1825_REV,H+ diffusion (reversible),False,False,False,True,pure_ion_transport,1.0,0.20165848349194027,0.20165848349194027,s_0795 --> s_0794,anaerobic_etcpy_30C,ecYeast7_v1.0_batch_minimal_thermo_anaerobic.mat
r_0548No1,r_0548No1,homoserine kinase (No1),True,False,False,False,carrier,1.0,0.19319406769708042,0.19319406769708042,6.920849355111192e-06 prot_P17423 + s_0434 + s_1014 --> s_0394 + s_0794 + s_1238,anaerobic_etcpy_30C,ecYeast7_v1.0_batch_minimal_thermo_anaerobic.mat
r_0957No1,r_0957No1,pyrroline-5-carboxylate reductase (No1),True,False,False,False,redox,-2.0,0.06804040233314161,-0.13608080466628322,8.044686278558377e-08 prot_P32263 + s_0118 + 2.0 s_0794 + s_1212 --> s_1035 + s_1207,anaerobic_etcpy_30C,ecYeast7_v1.0_batch_minimal_thermo_anaerobic.mat
r_0029No1,r_0029No1,2-oxo-4-methyl-3-carboxypentanoate decarboxylation (No1),True,False,False,False,carrier,-1.0,0.12244793716783955,-0.12244793716783955,2.6014461374440046e-07 prot_P47176 + s_0010 + s_0794 --> s_0291 + s_0456,anaerobic_etcpy_30C,ecYeast7_v1.0_batch_minimal_thermo_anaerobic.mat
r_0061No1,r_0061No1,3-isopropylmalate dehydrogenase (No1),True,False,False,False,redox,1.0,0.12244793716783955,0.12244793716783955,1.6407143936637214e-05 prot_P04173 + s_0009 + s_1198 --> s_0010 + s_0794 + s_1203,anaerobic_etcpy_30C,ecYeast7_v1.0_batch_minimal_thermo_anaerobic.mat
r_1027No1,r_1027No1,sulfite reductase (NADPH2) (No1),True,False,False,False,redox,-5.0,0.02367161538366124,-0.11835807691830622,1.971470846504874e-06 prot_P39692 + 1.9008103317371353e-06 prot_P47169 + 5.0 s_0794 + 3.0 s_1212 + s_1469 --> 3.0 s_0803 + s_0841 + 3.0 s_1207,anaerobic_etcpy_30C,ecYeast7_v1.0_batch_minimal_thermo_anaerobic.mat
r_0678No1,r_0678No1,L-aminoadipate-semialdehyde dehydrogenase (NADPH) (No1),True,False,False,False,redox,-1.0,0.1182341417592297,-0.1182341417592297,4.492770656489701e-06 prot_P07702 + 4.660793512486788e-06 prot_P50113 + s_0434 + s_0794 + s_0953 + s_1212 --> s_0423 + s_0633 + s_0959 + s_1207,anaerobic_etcpy_30C,ecYeast7_v1.0_batch_minimal_thermo_anaerobic.mat
r_0988No1,r_0988No1,"saccharopine dehydrogenase (NAD, L-lysine forming) (No1)",True,False,False,False,redox,1.0,0.1182341417592297,0.1182341417592297,1.6359039836032958e-05 prot_P38998 + s_0803 + s_1038 + s_1198 --> s_0180 + s_0794 + s_1025 + s_1203,anaerobic_etcpy_30C,ecYeast7_v1.0_batch_minimal_thermo_anaerobic.mat
r_0989No1,r_0989No1,"saccharopine dehydrogenase (NADP, L-glutamate forming) (No1)",True,False,False,False,redox,-1.0,0.1182341417592297,-0.1182341417592297,8.471071167185474e-08 prot_P38999 + s_0794 + s_0959 + s_0991 + s_1212 --> s_0803 + s_1038 + s_1207,anaerobic_etcpy_30C,ecYeast7_v1.0_batch_minimal_thermo_anaerobic.mat
r_0996No1,r_0996No1,shikimate dehydrogenase (No1),True,False,False,False,redox,-1.0,0.10918687514662616,-0.10918687514662616,8.582677025850916e-07 prot_P08566 + s_0211 + s_0794 + s_1212 --> s_1207 + s_1429,anaerobic_etcpy_30C,ecYeast7_v1.0_batch_minimal_thermo_anaerobic.mat
r_0997No1,r_0997No1,shikimate kinase (No1),True,False,False,False,carrier,1.0,0.10918687514662616,0.10918687514662616,6.597431639030259e-07 prot_P08566 + s_0434 + s_1429 --> s_0261 + s_0394 + s_0794,anaerobic_etcpy_30C,ecYeast7_v1.0_batch_minimal_thermo_anaerobic.mat
arm_r_0883,arm_r_0883 r_0883No1 r_0883No2,phosphoadenylyl-sulfate reductase (thioredoxin) (arm),True,False,False,False,carrier,4.0,0.02367161538366125,0.094686461534645,s_0201 + s_1616 --> pmet_r_0883 ; pmet_r_0883 + 9.191543127407482e-05 prot_P18408 + 0.00010631488050611783 prot_P22803 --> s_0390 + 2.0 s_0794 + s_1469 + s_1620 ; pmet_r_0883 + 9.191543127407482e-05 prot_P18408 + 9.681026165651273e-05 prot_P22217 --> s_0390 + 2.0 s_0794 + s_1469 + s_1620,anaerobic_etcpy_30C,ecYeast7_v1.0_batch_minimal_thermo_anaerobic.mat
r_0725No1,r_0725No1,methenyltetrahydrofolate cyclohydrolase (No1),True,False,False,False,carrier,1.0,0.0919198197980273,0.0919198197980273,2.1084674669485216e-06 prot_P07245 + s_0304 + s_0803 --> s_0120 + s_0794,anaerobic_etcpy_30C,ecYeast7_v1.0_batch_minimal_thermo_anaerobic.mat
arm_r_0211,arm_r_0211 r_0211No1 r_0211No2,asparagine synthase (glutamine-hydrolysing) (arm),True,False,False,False,carrier,2.0,0.04201401892702187,0.08402803785404374,s_0434 + s_0803 + s_0973 + s_0999 --> pmet_r_0211 ; pmet_r_0211 + 4.8770217909154285e-05 prot_P49090 --> s_0423 + s_0633 + s_0794 + s_0969 + s_0991 ; pmet_r_0211 + 5.0584307980636574e-05 prot_P49089 --> s_0423 + s_0633 + s_0794 + s_0969 + s_0991,anaerobic_etcpy_30C,ecYeast7_v1.0_batch_minimal_thermo_anaerobic.mat
r_0536No1,r_0536No1,histidinol dehydrogenase (No1),True,False,False,False,redox,3.0,0.02738967015596411,0.08216901046789234,8.067731703767277e-06 prot_P00815 + s_0803 + s_1010 + 2.0 s_1198 --> 3.0 s_0794 + s_1006 + 2.0 s_1203,anaerobic_etcpy_30C,ecYeast7_v1.0_batch_minimal_thermo_anaerobic.mat
r_2140No1,r_2140No1,fatty-acyl-CoA synthase (n-C16:0CoA) (No1),True,False,False,False,redox,-21.0,0.003694686683329131,-0.07758842034991176,0.00018523513119568413 prot_P07149 + 0.0001852346471536803 prot_P19097 + s_0373 + 21.0 s_0794 + 7.0 s_1101 + 14.0 s_1212 --> 7.0 s_0456 + 7.0 s_0529 + 7.0 s_0803 + 14.0 s_1207 + s_1302,anaerobic_etcpy_30C,ecYeast7_v1.0_batch_minimal_thermo_anaerobic.mat
r_1244,r_1244,phosphate transport,False,False,False,True,carrier,1.0,0.0719319173642549,0.0719319173642549,s_0796 + s_1324 --> s_0794 + s_1322,anaerobic_etcpy_30C,ecYeast7_v1.0_batch_minimal_thermo_anaerobic.mat
r_0006,r_0006,"1,6-beta-glucan synthase",False,False,False,False,carrier,1.0,0.07103573893105378,0.07103573893105378,s_1543 --> s_0004 + s_0794 + s_1538,anaerobic_etcpy_30C,ecYeast7_v1.0_batch_minimal_thermo_anaerobic.mat
r_1887,r_1887,L-glutamate 5-semialdehyde dehydratase,False,False,False,False,carrier,1.0,0.06804040233314161,0.06804040233314161,s_0997 --> s_0118 + s_0794 + s_0803,anaerobic_etcpy_30C,ecYeast7_v1.0_batch_minimal_thermo_anaerobic.mat
r_0473No1,r_0473No1,glutamate-5-semialdehyde dehydrogenase (No1),True,False,False,False,redox,-1.0,0.06804040233314161,-0.06804040233314161,6.898033581105867e-07 prot_P54885 + s_0794 + s_0986 + s_1212 --> s_0997 + s_1207 + s_1322,anaerobic_etcpy_30C,ecYeast7_v1.0_batch_minimal_thermo_anaerobic.mat
r_0941No1,r_0941No1,prolyl-tRNA synthetase (No1),True,False,False,False,carrier,1.0,0.06804040233314161,0.06804040233314161,5.2950511472580245e-05 prot_P38708 + s_0434 + s_1035 + s_1606 --> s_0423 + s_0633 + s_0794 + s_1379,anaerobic_etcpy_30C,ecYeast7_v1.0_batch_minimal_thermo_anaerobic.mat
r_1237,r_1237,ornithine transport,False,False,False,True,carrier,-1.0,0.06638793354545147,-0.06638793354545147,s_0794 + s_1268 --> s_0799 + s_1266,anaerobic_etcpy_30C,ecYeast7_v1.0_batch_minimal_thermo_anaerobic.mat
r_0208No1,r_0208No1,argininosuccinate synthase (No1),True,False,False,False,carrier,1.0,0.06638793354545147,0.06638793354545147,1.4154301502781134e-09 prot_P22768 + s_0434 + s_0973 + s_0979 --> s_0015 + s_0423 + s_0633 + s_0794,anaerobic_etcpy_30C,ecYeast7_v1.0_batch_minimal_thermo_anaerobic.mat
r_0816No1,r_0816No1,ornithine carbamoyltransferase (No1),True,False,False,False,carrier,1.0,0.06638793354545147,0.06638793354545147,6.895880712213637e-08 prot_P05150 + s_0455 + s_1266 --> s_0794 + s_0979 + s_1322,anaerobic_etcpy_30C,ecYeast7_v1.0_batch_minimal_thermo_anaerobic.mat
r_0855No1,r_0855No1,phopshoribosylaminoimidazole synthetase (No1),True,False,False,False,carrier,2.0,0.032756471530012994,0.06551294306002599,0.0003077707724310728 prot_P07244 + s_0302 + s_0434 --> s_0300 + s_0394 + 2.0 s_0794 + s_1322,anaerobic_etcpy_30C,ecYeast7_v1.0_batch_minimal_thermo_anaerobic.mat
r_0173No1,r_0173No1,"aldehyde dehydrogenase (acetaldehyde, NADP) (No1)",True,False,False,False,redox,2.0,0.03024768425027573,0.06049536850055146,1.3982848485580726e-05 prot_P54115 + s_0359 + s_0803 + s_1207 --> s_0362 + 2.0 s_0794 + s_1212,anaerobic_etcpy_30C,ecYeast7_v1.0_batch_minimal_thermo_anaerobic.mat
arm_r_0307,arm_r_0307 r_0307No1 r_0307No2,CTP synthase (NH3) (arm),True,False,False,False,carrier,4.0,0.014791537300652309,0.059166149202609236,s_0419 + s_0434 + s_1559 --> pmet_r_0307 ; pmet_r_0307 + 2.118020557047833e-05 prot_P28274 --> s_0394 + s_0539 + 2.0 s_0794 + s_1322 ; pmet_r_0307 + 2.059577314115974e-05 prot_P38627 --> s_0394 + s_0539 + 2.0 s_0794 + s_1322,anaerobic_etcpy_30C,ecYeast7_v1.0_batch_minimal_thermo_anaerobic.mat
r_0938No1,r_0938No1,prephenate dehydratase (No1),True,False,False,False,carrier,-1.0,0.05531639266792752,-0.05531639266792752,1.6644496903776449e-07 prot_P32452 + s_0794 + s_1377 --> s_0456 + s_0803 + s_0951,anaerobic_etcpy_30C,ecYeast7_v1.0_batch_minimal_thermo_anaerobic.mat
arm_r_0080,arm_r_0080 r_0080No1 r_0080No2,"5,10-methylenetetrahydrofolate reductase (NADPH) (arm)",True,False,False,False,redox,-2.0,0.025098868610109716,-0.05019773722021943,s_0306 + 2.0 s_0794 + s_1212 --> pmet_r_0080 ; pmet_r_0080 + 2.1177260415806885e-06 prot_P53128 --> s_0322 + s_1207 ; pmet_r_0080 + 1.853267908480067e-06 prot_P46151 --> s_0322 + s_1207,anaerobic_etcpy_30C,ecYeast7_v1.0_batch_minimal_thermo_anaerobic.mat
arm_r_0565,arm_r_0565 r_0565No1 r_0565No2 r_0565No3,IMP dehydrogenase (arm),True,False,False,False,redox,3.0,0.016343490543159245,0.04903047162947774,s_0803 + s_0849 + s_1198 --> pmet_r_0565 ; pmet_r_0565 + 0.0007413071972106765 prot_P38697 --> s_0794 + s_1203 + s_1565 ; pmet_r_0565 + 0.000720487542729849 prot_P50095 --> s_0794 + s_1203 + s_1565 ; pmet_r_0565 + 0.0007416608298152536 prot_P50094 --> s_0794 + s_1203 + s_1565,anaerobic_etcpy_30C,ecYeast7_v1.0_batch_minimal_thermo_anaerobic.mat
r_0214No1,r_0214No1,aspartate carbamoyltransferase (No1),True,False,False,False,carrier,1.0,0.036598300345685585,0.036598300345685585,6.911134228694532e-07 prot_P07259 + s_0455 + s_0973 --> s_0794 + s_1194 + s_1322,anaerobic_etcpy_30C,ecYeast7_v1.0_batch_minimal_thermo_anaerobic.mat
r_0821No1,r_0821No1,orotidine-5'-phosphate decarboxylase (No1),True,False,False,False,carrier,-1.0,0.036598300345685585,-0.036598300345685585,5.396842962009488e-07 prot_P03962 + s_0794 + s_1270 --> s_0456 + s_1545,anaerobic_etcpy_30C,ecYeast7_v1.0_batch_minimal_thermo_anaerobic.mat
r_0349_REVNo1,r_0349_REVNo1,dihydroorotase (reversible) (No1),True,False,False,False,carrier,-1.0,0.036598300345685585,-0.036598300345685585,1.5771814905306106e-06 prot_P20051 + s_0794 + s_1194 --> s_0061 + s_0803,anaerobic_etcpy_30C,ecYeast7_v1.0_batch_minimal_thermo_anaerobic.mat
r_0079No1,r_0079No1,5'-phosphoribosylformyl glycinamidine synthetase (No1),True,False,False,False,carrier,1.0,0.032756471530012994,0.032756471530012994,5.6889849287134594e-05 prot_P38972 + s_0301 + s_0434 + s_0803 + s_0999 --> s_0302 + s_0394 + s_0794 + s_0991 + s_1322,anaerobic_etcpy_30C,ecYeast7_v1.0_batch_minimal_thermo_anaerobic.mat
r_0499No1,r_0499No1,glycinamide ribotide transformylase (No1),True,False,False,False,carrier,1.0,0.032756471530012994,0.032756471530012994,7.689273742401114e-06 prot_P04161 + s_0120 + s_0325 --> s_0301 + s_0794 + s_1487,anaerobic_etcpy_30C,ecYeast7_v1.0_batch_minimal_thermo_anaerobic.mat
r_0908No1,r_0908No1,phosphoribosyl amino imidazolesuccinocarbozamide synthetase (No1),True,False,False,False,carrier,1.0,0.032756471530012994,0.032756471530012994,6.162516981687147e-06 prot_P27616 + s_0434 + s_0973 + s_1364 --> s_0299 + s_0394 + s_0794 + s_1322,anaerobic_etcpy_30C,ecYeast7_v1.0_batch_minimal_thermo_anaerobic.mat
r_0911No1,r_0911No1,phosphoribosylaminoimidazole-carboxylase (No1),True,False,False,False,carrier,1.0,0.032756471530012994,0.032756471530012994,3.742781259083778e-06 prot_P21264 + s_0300 + s_0434 + s_0456 + s_0803 --> s_0394 + s_0794 + s_1322 + s_1364,anaerobic_etcpy_30C,ecYeast7_v1.0_batch_minimal_thermo_anaerobic.mat
r_0914No1,r_0914No1,phosphoribosylglycinamidine synthetase (No1),True,False,False,False,carrier,1.0,0.032756471530012994,0.032756471530012994,0.0003077707724310728 prot_P07244 + s_0327 + s_0434 + s_1003 --> s_0325 + s_0394 + s_0794 + s_1322,anaerobic_etcpy_30C,ecYeast7_v1.0_batch_minimal_thermo_anaerobic.mat
r_0514No1,r_0514No1,GMP synthase (No1),True,False,False,False,carrier,2.0,0.016343490543159245,0.03268698108631849,9.260456098536328e-05 prot_P38625 + s_0434 + s_0803 + s_0999 + s_1565 --> s_0423 + s_0633 + s_0782 + 2.0 s_0794 + s_0991,anaerobic_etcpy_30C,ecYeast7_v1.0_batch_minimal_thermo_anaerobic.mat
arm_r_1038,arm_r_1038 r_1038No1 r_1038No2 r_1038No3,thioredoxin reductase (NADPH) (arm),True,False,False,False,redox,-1.0,0.02764249788048066,-0.02764249788048066,s_0794 + s_1212 + s_1620 --> pmet_r_1038 ; pmet_r_1038 + 1.1174236689832203e-05 prot_P22803 + 9.236969897408885e-06 prot_P29509 --> s_1207 + s_1616 ; pmet_r_1038 + 1.0175252726660498e-05 prot_P22217 + 9.236969897408885e-06 prot_P29509 --> s_1207 + s_1616 ; pmet_r_1038 + 9.236969897408885e-06 prot_P2,anaerobic_etcpy_30C,ecYeast7_v1.0_batch_minimal_thermo_anaerobic.mat
r_0563No1,r_0563No1,Imidazole-glycerol-3-phosphate synthase (No1),True,False,False,False,carrier,1.0,0.02738967015596411,0.02738967015596411,2.7929758394274826e-06 prot_P33734 + s_0312 + s_0999 --> s_0403 + s_0550 + s_0794 + s_0991,anaerobic_etcpy_30C,ecYeast7_v1.0_batch_minimal_thermo_anaerobic.mat
r_0910No1,r_0910No1,phosphoribosyl-ATP pyrophosphatase (No1),True,False,False,False,carrier,1.0,0.02738967015596411,0.02738967015596411,8.067731703767277e-06 prot_P00815 + s_0326 + s_0803 --> s_0078 + s_0633 + s_0794,anaerobic_etcpy_30C,ecYeast7_v1.0_batch_minimal_thermo_anaerobic.mat
r_0109No1,r_0109No1,"acetyl-CoA carboxylase, reaction (No1)",True,False,False,False,carrier,1.0,0.02655274761712629,0.02655274761712629,1.2723940844933274e-09 prot_P48445 + 8.005393483798908e-10 prot_Q00955 + s_0373 + s_0434 + s_0445 --> s_0394 + s_0794 + s_1101 + s_1322,anaerobic_etcpy_30C,ecYeast7_v1.0_batch_minimal_thermo_anaerobic.mat
r_0727No1,r_0727No1,methionine synthase (No1),True,False,False,False,carrier,1.0,0.025098868610109716,0.025098868610109716,0.0009319690406338696 prot_P05694 + s_0322 + s_1012 --> s_0794 + s_1029 + s_1487,anaerobic_etcpy_30C,ecYeast7_v1.0_batch_minimal_thermo_anaerobic.mat
r_0154No1,r_0154No1,adenylyl-sulfate kinase (No1),True,False,False,False,carrier,1.0,0.02367161538366125,0.02367161538366125,6.996810132908383e-05 prot_Q02196 + s_0298 + s_0434 --> s_0201 + s_0394 + s_0794,anaerobic_etcpy_30C,ecYeast7_v1.0_batch_minimal_thermo_anaerobic.mat
r_1025No1,r_1025No1,sulfate adenylyltransferase (No1),True,False,False,False,carrier,-1.0,0.02367161538366125,-0.02367161538366125,8.236748458568752e-06 prot_P08536 + s_0434 + s_0794 + s_1467 --> s_0298 + s_0633,anaerobic_etcpy_30C,ecYeast7_v1.0_batch_minimal_thermo_anaerobic.mat
r_0813No1,r_0813No1,O-acetylhomoserine (thiol)-lyase (No1),True,False,False,False,carrier,1.0,0.020945041883972552,0.020945041883972552,2.8236929079394516e-05 prot_P06106 + s_0841 + s_1233 --> s_0362 + s_0794 + s_1012,anaerobic_etcpy_30C,ecYeast7_v1.0_batch_minimal_thermo_anaerobic.mat
r_0792No1,r_0792No1,nucleoside diphosphatase (No1),True,False,False,False,carrier,1.0,0.011886794006100829,0.011886794006100829,9.821890273573233e-08 prot_P40009 + s_0467 + s_0803 --> s_0526 + s_0794 + s_1322,anaerobic_etcpy_30C,ecYeast7_v1.0_batch_minimal_thermo_anaerobic.mat
r_0806No1,r_0806No1,nucleoside triphosphatase (No1),True,False,False,False,carrier,1.0,0.011886794006100829,0.011886794006100829,9.821890273573233e-08 prot_P40009 + s_0539 + s_0803 --> s_0467 + s_0794 + s_1322,anaerobic_etcpy_30C,ecYeast7_v1.0_batch_minimal_thermo_anaerobic.mat
r_0203No1,r_0203No1,anthranilate synthase (No1),True,False,False,False,carrier,1.0,0.01173252839260001,0.01173252839260001,8.395438037579604e-07 prot_P00899 + 7.527568484085736e-07 prot_P00937 + s_0515 + s_0999 --> s_0427 + s_0794 + s_0991 + s_1399,anaerobic_etcpy_30C,ecYeast7_v1.0_batch_minimal_thermo_anaerobic.mat
r_0566No1,r_0566No1,indole-3-glycerol-phosphate synthase (No1),True,False,False,False,carrier,-1.0,0.01173252839260001,-0.01173252839260001,2.5973502066710245e-05 prot_P00937 + s_0076 + s_0794 --> s_0086 + s_0456 + s_0803,anaerobic_etcpy_30C,ecYeast7_v1.0_batch_minimal_thermo_anaerobic.mat
arm_r_0195,arm_r_0195 r_0195No1 r_0195No2,"alpha,alpha-trehalose-phosphate synthase (UDP-forming) (arm)",True,False,False,False,carrier,2.0,0.005848825795167694,0.011697651590335388,s_0568 + s_1543 --> pmet_r_0195 ; pmet_r_0195 + 2.0309785158842895e-05 prot_P31688 + 1.973932581769224e-05 prot_P38427 + 2.6386281613258156e-05 prot_Q00764 --> s_0409 + s_0794 + s_1538 ; pmet_r_0195 + 2.0309785158842895e-05 prot_P31688 + 1.9739325817714712e-05 prot_P38426 + 2.6386281613258156e-05 pr,anaerobic_etcpy_30C,ecYeast7_v1.0_batch_minimal_thermo_anaerobic.mat
r_0142No1,r_0142No1,adenosine kinase (No1),True,False,False,False,carrier,1.0,0.004153826726137164,0.004153826726137164,1.3288220745833803e-05 prot_P47143 + s_0386 + s_0434 --> s_0394 + s_0423 + s_0794,anaerobic_etcpy_30C,ecYeast7_v1.0_batch_minimal_thermo_anaerobic.mat
r_0312No1,r_0312No1,cysteine synthase (No1),True,False,False,False,carrier,1.0,0.00272657349968869,0.00272657349968869,1.4118464539697258e-05 prot_P06106 + s_0841 + s_1234 --> s_0362 + s_0794 + s_0981,anaerobic_etcpy_30C,ecYeast7_v1.0_batch_minimal_thermo_anaerobic.mat
r_3525_REV,r_3525_REV,"H+ transport, cytoplasm-ER membrane (reversible)",False,False,False,True,pure_ion_transport,1.0,0.0020145137809757063,0.0020145137809757063,s_2783 --> s_0794,anaerobic_etcpy_30C,ecYeast7_v1.0_batch_minimal_thermo_anaerobic.mat
r_0364No1,r_0364No1,dUTP diphosphatase (No1),True,False,False,False,carrier,1.0,0.001985441248409706,0.001985441248409706,6.056145875905476e-05 prot_P33317 + s_0656 + s_0803 --> s_0633 + s_0654 + s_0794,anaerobic_etcpy_30C,ecYeast7_v1.0_batch_minimal_thermo_anaerobic.mat
r_0344No1,r_0344No1,dihydrofolate reductase (No1),True,False,False,False,redox,-1.0,0.0011912647490458237,-0.0011912647490458237,1.360786875976696e-06 prot_P07807 + s_0625 + s_0794 + s_1212 --> s_1207 + s_1487,anaerobic_etcpy_30C,ecYeast7_v1.0_batch_minimal_thermo_anaerobic.mat
r_0326_REVNo1,r_0326_REVNo1,dCMP deaminase (reversible) (No1),True,False,False,False,carrier,1.0,0.0007941764993638823,0.0007941764993638823,2.0585645649629762e-07 prot_P06773 + s_0419 + s_0654 --> s_0589 + s_0794 + s_0803,anaerobic_etcpy_30C,ecYeast7_v1.0_batch_minimal_thermo_anaerobic.mat
r_0038No1,r_0038No1,"3,4-dihydroxy-2-butanone-4-phosphate synthase (No1)",True,False,False,False,carrier,1.0,0.000655195611975203,0.000655195611975203,6.5513948320150056e-06 prot_Q99258 + s_0577 --> s_0158 + s_0722 + s_0794,anaerobic_etcpy_30C,ecYeast7_v1.0_batch_minimal_thermo_anaerobic.mat
r_0525No1,r_0525No1,GTP cyclohydrolase II (No1),True,False,False,False,carrier,2.0,0.0003275978059876015,0.000655195611975203,6.864071444620242e-07 prot_P38066 + s_0785 + 3.0 s_0803 --> s_0141 + s_0633 + s_0722 + 2.0 s_0794,anaerobic_etcpy_30C,ecYeast7_v1.0_batch_minimal_thermo_anaerobic.mat
r_0014No1,r_0014No1,"2,5-diamino-6-ribitylamino-4(3H)-pyrimidinone 5'-phosphate deaminase (No1)",True,False,False,False,carrier,-1.0,0.0003275978059876015,-0.0003275978059876015,2.1169712496218463e-06 prot_Q12362 + s_0142 + s_0794 + s_0803 --> s_0313 + s_0419,anaerobic_etcpy_30C,ecYeast7_v1.0_batch_minimal_thermo_anaerobic.mat
r_0015No1,r_0015No1,"2,5-diamino-6-ribosylamino-4(3H)-pyrimidinone 5'-phosphate reductase (NADPH) (No1)",True,False,False,False,redox,-1.0,0.0003275978059876015,-0.0003275978059876015,9.9314159221498e-10 prot_P33312 + s_0141 + s_0794 + s_1212 --> s_0142 + s_1207,anaerobic_etcpy_30C,ecYeast7_v1.0_batch_minimal_thermo_anaerobic.mat
r_0986No1,r_0986No1,S-adenosyl-methionine delta-24-sterol-c-methyltransferase (No1),True,False,False,False,carrier,1.0,6.949044369433972e-05,6.949044369433972e-05,0.02795946827607143 prot_P25087 + s_1416 + s_1569 --> s_0700 + s_0794 + s_1413,anaerobic_etcpy_30C,ecYeast7_v1.0_batch_minimal_thermo_anaerobic.mat
arm_r_0272,arm_r_0272 r_0272No1 r_0272No2 r_0272No3,chitin synthase (arm),True,False,False,False,carrier,3.0,2.4994982030631164e-07,7.498494609189349e-07,s_1544 --> pmet_r_0272 ; pmet_r_0272 + 0.0008417508417508417 prot_P29465 --> s_0509 + s_0794 + s_1538 ; pmet_r_0272 + 0.000855666891365238 prot_P14180 --> s_0509 + s_0794 + s_1538 ; pmet_r_0272 + 0.0009319679424361753 prot_P08004 --> s_0509 + s_0794 + s_1538,anaerobic_etcpy_30C,ecYeast7_v1.0_batch_minimal_thermo_anaerobic.mat
r_0760No1,r_0760No1,N-acetylglucosamine-6-phosphate synthase (No1),True,False,False,False,carrier,1.0,2.4994982030631164e-07,2.4994982030631164e-07,1.0137880742176574e-05 prot_P43577 + s_0373 + s_0412 --> s_0529 + s_0794 + s_1190,anaerobic_etcpy_30C,ecYeast7_v1.0_batch_minimal_thermo_anaerobic.mat
r_1069No1,r_1069No1,UDP-N-acetylglucosamine diphosphorylase (No1),True,False,False,False,carrier,-1.0,2.4994982030631164e-07,-2.4994982030631164e-07,8.164142372960631e-05 prot_P43123 + s_0794 + s_1189 + s_1559 --> s_0633 + s_1544,anaerobic_etcpy_30C,ecYeast7_v1.0_batch_minimal_thermo_anaerobic.mat
