reaction,name,bounds_changed,stoich_changed,lb_before,lb_after,ub_before,ub_after,costed,moves_proton
r_0001No1,(R)-lactate:ferricytochrome-c 2-oxidoreductase (No1),False,True,0.0,0.0,inf,inf,True,False
r_0001No2,(R)-lactate:ferricytochrome-c 2-oxidoreductase (No2),False,True,0.0,0.0,inf,inf,True,False
r_0001No3,(R)-lactate:ferricytochrome-c 2-oxidoreductase (No3),False,True,0.0,0.0,inf,inf,True,False
r_0001No4,(R)-lactate:ferricytochrome-c 2-oxidoreductase (No4),False,True,0.0,0.0,inf,inf,True,False
r_0002No1,(R)-lactate:ferricytochrome-c 2-oxidoreductase (No1),False,True,0.0,0.0,inf,inf,True,False
r_0002No2,(R)-lactate:ferricytochrome-c 2-oxidoreductase (No2),False,True,0.0,0.0,inf,inf,True,False
r_0003No1,"(R,R)-butanediol dehydrogenase (No1)",False,True,0.0,0.0,inf,inf,True,True
r_0004No1,(S)-lactate:ferricytochrome-c 2-oxidoreductase (No1),False,True,0.0,0.0,inf,inf,True,False
r_0004No2,(S)-lactate:ferricytochrome-c 2-oxidoreductase (No2),False,True,0.0,0.0,inf,inf,True,False
r_0005No1,"1,3-beta-glucan synthase (No1)",False,True,0.0,0.0,inf,inf,True,True
r_0005No2,"1,3-beta-glucan synthase (No2)",False,True,0.0,0.0,inf,inf,True,True
r_0007No1,1-(5-phosphoribosyl)-5-[(5-phosphoribosylamino)methylideneamino)imidazole-4-carboxamide isomerase (No1),False,True,0.0,0.0,inf,inf,True,False
r_0012No1,1-pyrroline-5-carboxylate dehydrogenase (No1),False,True,0.0,0.0,inf,inf,True,True
r_0013No1,"2,3-diketo-5-methylthio-1-phosphopentane degradation reaction (No1)",False,True,0.0,0.0,inf,inf,True,True
r_0014No1,"2,5-diamino-6-ribitylamino-4(3H)-pyrimidinone 5'-phosphate deaminase (No1)",False,True,0.0,0.0,inf,inf,True,True
r_0015No1,"2,5-diamino-6-ribosylamino-4(3H)-pyrimidinone 5'-phosphate reductase (NADPH) (No1)",False,True,0.0,0.0,inf,inf,True,True
r_0016No1,2-aceto-2-hydroxybutanoate synthase (No1),False,True,0.0,0.0,inf,inf,True,False
r_0016No2,2-aceto-2-hydroxybutanoate synthase (No2),False,True,0.0,0.0,inf,inf,True,False
r_0017No1,2-amino-4-hydroxy-6-hydroxymethyldihydropteridine diphosphokinase (No1),False,True,0.0,0.0,inf,inf,True,True
r_0018No1,2-aminoadipate transaminase (No1),False,True,0.0,0.0,inf,inf,True,False
r_0018No2,2-aminoadipate transaminase (No2),False,True,0.0,0.0,inf,inf,True,False
r_0018No3,2-aminoadipate transaminase (No3),False,True,0.0,0.0,inf,inf,True,False
r_0019No1,2-dehydropantoate 2-reductase (No1),False,True,0.0,0.0,inf,inf,True,True
r_0020No1,2-deoxy-D-arabino-heptulosonate 7-phosphate synthetase (No1),False,True,0.0,0.0,inf,inf,True,False
r_0021No1,"2-hexaprenyl-6-methoxy-1,4-benzoquinone methyltransferase (No1)",False,True,0.0,0.0,inf,inf,True,True
r_0022No1,2-hexaprenyl-6-methoxyphenol monooxygenase (No1),False,True,0.0,0.0,inf,inf,True,False
r_0023No1,2-isopropylmalate hydratase (No1),False,True,0.0,0.0,inf,inf,True,False
r_0024No1,2-isopropylmalate synthase (No1),False,True,0.0,0.0,inf,inf,True,True
r_0024No2,2-isopropylmalate synthase (No2),False,True,0.0,0.0,inf,inf,True,True
r_0025No1,2-isopropylmalate synthase (No1),False,True,0.0,0.0,inf,inf,True,True
r_0027No1,2-methylcitrate dehydratase (No1),False,True,0.0,0.0,inf,inf,True,False
r_0028No1,2-methylcitrate synthase (No1),False,True,0.0,0.0,inf,inf,True,True
r_0029No1,2-oxo-4-methyl-3-carboxypentanoate decarboxylation (No1),False,True,0.0,0.0,inf,inf,True,True
r_0030No1,2-oxo-4-methyl-3-carboxypentanoate decarboxylation (No1),False,True,0.0,0.0,inf,inf,True,True
r_0032No1,"3',5'-bisphosphate nucleotidase (No1)",False,True,0.0,0.0,inf,inf,True,False
r_0033No1,"3',5'-cyclic-nucleotide phosphodiesterase (No1)",False,True,0.0,0.0,inf,inf,True,True
r_0033No2,"3',5'-cyclic-nucleotide phosphodiesterase (No2)",False,True,0.0,0.0,inf,inf,True,True
r_0034No1,"3',5'-cyclic-nucleotide phosphodiesterase (No1)",False,True,0.0,0.0,inf,inf,True,True
r_0035No1,"3',5'-cyclic-nucleotide phosphodiesterase (No1)",False,True,0.0,0.0,inf,inf,True,True
r_0036No1,"3',5'-cyclic-nucleotide phosphodiesterase (No1)",False,True,0.0,0.0,inf,inf,True,True
r_0037No1,"3',5'-cyclic-nucleotide phosphodiesterase (No1)",False,True,0.0,0.0,inf,inf,True,True
r_0038No1,"3,4-dihydroxy-2-butanone-4-phosphate synthase (No1)",False,True,0.0,0.0,inf,inf,True,True
r_0039No1,3-dehydroquinate dehydratase (No1),False,True,0.0,0.0,inf,inf,True,False
r_0040No1,3-dehydroquinate synthase (No1),False,True,0.0,0.0,inf,inf,True,False
r_0041No1,3-dehydrosphinganine reductase (No1),False,True,0.0,0.0,inf,inf,True,True
r_0042No1,3-deoxy-D-arabino-heptulosonate 7-phosphate synthetase (No1),False,True,0.0,0.0,inf,inf,True,False
r_0042No2,3-deoxy-D-arabino-heptulosonate 7-phosphate synthetase (No2),False,True,0.0,0.0,inf,inf,True,False
r_0045No1,3-hydroxy-L-kynurenine hydrolase (No1),False,True,0.0,0.0,inf,inf,True,False
r_0057No1,3-hydroxyacyl-CoA dehydrogenase (3-oxotetradecanoyl-CoA) (No1),False,True,0.0,0.0,inf,inf,True,True
r_0058No1,"3-hydroxyanthranilate 3,4-dioxygenase (No1)",False,True,0.0,0.0,inf,inf,True,True
r_0059No1,3-isopropylmalate 3-methyltransferase (No1),False,True,0.0,0.0,inf,inf,True,False
r_0060No1,3-isopropylmalate dehydratase (No1),False,True,0.0,0.0,inf,inf,True,False
r_0061No1,3-isopropylmalate dehydrogenase (No1),False,True,0.0,0.0,inf,inf,True,True
r_0062No1,3-methyl-2-oxobutanoate decarboxylase (No1),False,True,0.0,0.0,inf,inf,True,False
r_0062No2,3-methyl-2-oxobutanoate decarboxylase (No2),False,True,0.0,0.0,inf,inf,True,False
r_0062No3,3-methyl-2-oxobutanoate decarboxylase (No3),False,True,0.0,0.0,inf,inf,True,False
r_0063No1,3-methyl-2-oxobutanoate hydroxymethyltransferase (No1),False,True,0.0,0.0,inf,inf,True,False
r_0064No1,3-methyl-2-oxopentanoate decarboxylase (No1),False,True,0.0,0.0,inf,inf,True,False
r_0064No2,3-methyl-2-oxopentanoate decarboxylase (No2),False,True,0.0,0.0,inf,inf,True,False
r_0064No3,3-methyl-2-oxopentanoate decarboxylase (No3),False,True,0.0,0.0,inf,inf,True,False
r_0064No4,3-methyl-2-oxopentanoate decarboxylase (No4),False,True,0.0,0.0,inf,inf,True,False
r_0065No1,3-phosphoshikimate 1-carboxyvinyltransferase (No1),False,True,0.0,0.0,inf,inf,True,False
r_0066No1,4-amino-4-deoxychorismate synthase (No1),False,True,0.0,0.0,inf,inf,True,False
r_0067No1,4-aminobenzoate synthase (No1),False,True,0.0,0.0,inf,inf,True,True
r_0068No1,4-aminobutyrate transaminase (No1),False,True,0.0,0.0,inf,inf,True,False
r_0069No1,4-hydroxy-L-threonine synthase (No1),False,True,0.0,0.0,inf,inf,True,False
r_0072No1,4-methyl-2-oxopentanoate decarboxylase (No1),False,True,0.0,0.0,inf,inf,True,True
r_0073No1,4PP-IP5 depyrophosphorylation to IP6 (No1),False,True,0.0,0.0,inf,inf,True,True
r_0073No2,4PP-IP5 depyrophosphorylation to IP6 (No2),False,True,0.0,0.0,inf,inf,True,True
r_0074No1,"4PP-IP5 pyrophosphorylation to 4,5-PP2-IP4 (No1)",False,True,0.0,0.0,inf,inf,True,True
r_0075No1,5'-methylthioadenosine phosphorylase (No1),False,True,0.0,0.0,inf,inf,True,False
r_0077No1,5'-nucleotidase (IMP) (No1),False,True,0.0,0.0,inf,inf,True,False
r_0079No1,5'-phosphoribosylformyl glycinamidine synthetase (No1),False,True,0.0,0.0,inf,inf,True,True
r_0080No1,"5,10-methylenetetrahydrofolate reductase (NADPH) (No1)",False,True,0.0,0.0,inf,inf,True,False
r_0080No2,"5,10-methylenetetrahydrofolate reductase (NADPH) (No2)",False,True,0.0,0.0,inf,inf,True,False
r_0081No1,5-aminolevulinate synthase (No1),False,True,0.0,0.0,inf,inf,True,True
r_0082No1,"5-diphosphoinositol-1,2,3,4,6-pentakisphosphate diphosphohydrolase (No1)",False,True,0.0,0.0,inf,inf,True,True
r_0083No1,"5-diphosphoinositol-1,2,3,4,6-pentakisphosphate synthase (No1)",False,True,0.0,0.0,inf,inf,True,True
r_0084No1,5-formethyltetrahydrofolate cyclo-ligase (No1),False,True,0.0,0.0,inf,inf,True,False
r_0085No1,5-methyltetrahydropteroyltriglutamate-homocysteine S-methyltransferase (No1),False,True,0.0,0.0,inf,inf,True,False
r_0088No1,"5PP-IP5 pyrophosphorylation to 4,5-PP2-IP4 (No1)",False,True,0.0,0.0,inf,inf,True,True
r_0089No1,"5PP-IP5 pyrophosphorylation to 5,6-PP2-IP4 (No1)",False,True,0.0,0.0,inf,inf,True,True
r_0090No1,6-phosphofructo-2-kinase (No1),False,True,0.0,0.0,inf,inf,True,True
r_0090No2,6-phosphofructo-2-kinase (No2),False,True,0.0,0.0,inf,inf,True,True
r_0091No1,6-phosphogluconolactonase (No1),False,True,0.0,0.0,inf,inf,True,True
r_0091No2,6-phosphogluconolactonase (No2),False,True,0.0,0.0,inf,inf,True,True
r_0092No1,6PP-IP5 depyrophosphorylation to IP6 (No1),False,True,0.0,0.0,inf,inf,True,True
r_0092No2,6PP-IP5 depyrophosphorylation to IP6 (No2),False,True,0.0,0.0,inf,inf,True,True
r_0093No1,"6PP-IP5 pyrophosphorylation to 5,6-PP2-IP4 (No1)",False,True,0.0,0.0,inf,inf,True,True
r_0095No1,acetaldehyde condensation (No1),False,True,0.0,0.0,inf,inf,True,False
r_0095No2,acetaldehyde condensation (No2),False,True,0.0,0.0,inf,inf,True,False
r_0095No3,acetaldehyde condensation (No3),False,True,0.0,0.0,inf,inf,True,False
r_0096No1,acetohydroxy acid isomeroreductase (No1),False,True,0.0,0.0,inf,inf,True,True
r_0097No1,acetolactate synthase (No1),False,True,0.0,0.0,inf,inf,True,False
r_0097No2,acetolactate synthase (No2),False,True,0.0,0.0,inf,inf,True,False
r_0100No1,acetyl-CoA C-acyltransferase (palmitoyl-CoA) (No1),False,True,0.0,0.0,inf,inf,True,False
r_0101No1,acetyl-CoA C-acyltransferase (tetracosanoyl-CoA) (No1),False,True,0.0,0.0,inf,inf,True,False
r_0102No1,acetyl-CoA C-acyltransferase (myristoyl-CoA) (No1),False,True,0.0,0.0,inf,inf,True,False
r_0103No1,acetyl-CoA C-acetyltransferase (No1),False,True,0.0,0.0,inf,inf,True,False
r_0104No1,acetyl-CoA C-acetyltransferase (No1),False,True,0.0,0.0,inf,inf,True,False
r_0105No1,acetyl-CoA C-acyltransferase (lauroyl-CoA) (No1),False,True,0.0,0.0,inf,inf,True,False
r_0106No1,acetyl-CoA C-acyltransferase (octanoyl-CoA) (No1),False,True,0.0,0.0,inf,inf,True,False
r_0107No1,acetyl-CoA C-acyltransferase (decanoyl-CoA) (No1),False,True,0.0,0.0,inf,inf,True,False
r_0108No1,acetyl-Coa carboxylase (No1),False,True,0.0,0.0,inf,inf,True,True
r_0109No1,"acetyl-CoA carboxylase, reaction (No1)",False,True,0.0,0.0,inf,inf,True,True
r_0111No1,acetyl-CoA hydrolase (No1),False,True,0.0,0.0,inf,inf,True,True
r_0112No1,acetyl-CoA synthetase (No1),False,True,0.0,0.0,inf,inf,True,False
r_0112No2,acetyl-CoA synthetase (No2),False,True,0.0,0.0,inf,inf,True,False
r_0113No1,acetyl-CoA synthetase (No1),False,True,0.0,0.0,inf,inf,True,False
r_0114No1,acetyl-CoA synthetase nuclear (No1),False,True,0.0,0.0,inf,inf,True,False
r_0115No1,acetylglutamate kinase (No1),False,True,0.0,0.0,inf,inf,True,False
r_0116No1,acid phosphatase (secreted) (No1),False,True,0.0,0.0,inf,inf,True,False
r_0116No2,acid phosphatase (secreted) (No2),False,True,0.0,0.0,inf,inf,True,False
r_0117No1,aconitase (No1),False,True,0.0,0.0,inf,inf,True,False
r_0118No1,acteylornithine transaminase (No1),False,True,0.0,0.0,inf,inf,True,False
r_0119No1,acyl carrier protein synthase (No1),False,True,0.0,0.0,inf,inf,True,True
r_0120No1,acyl-CoA oxidase (decanoyl-CoA) (No1),False,True,0.0,0.0,inf,inf,True,False
r_0121No1,acyl-CoA oxidase (dodecanoyl-CoA) (No1),False,True,0.0,0.0,inf,inf,True,False
r_0122No1,acyl-CoA oxidase (hexacosanoyl-CoA) (No1),False,True,0.0,0.0,inf,inf,True,False
r_0123No1,acyl-CoA oxidase (hexadecanoyl-CoA) (No1),False,True,0.0,0.0,inf,inf,True,False
r_0124No1,acyl-CoA oxidase (octadecanoyl-CoA) (No1),False,True,0.0,0.0,inf,inf,True,False
r_0125No1,acyl-CoA oxidase (tetradecanoyl-CoA) (No1),False,True,0.0,0.0,inf,inf,True,False
r_0126No1,"acyl-CoA:sterol acyltransferase (oleoyl-CoA:episterol), ER membrane (No1)",False,True,0.0,0.0,inf,inf,True,False
r_0127No1,"acyl-CoA:sterol acyltransferase (oleoyl-CoA:ergosterol), ER membrane (No1)",False,True,0.0,0.0,inf,inf,True,False
r_0127No2,"acyl-CoA:sterol acyltransferase (oleoyl-CoA:ergosterol), ER membrane (No2)",False,True,0.0,0.0,inf,inf,True,False
r_0128No1,"acyl-CoA:sterol acyltransferase (oleoyl-CoA:fecosterol), ER membrane (No1)",False,True,0.0,0.0,inf,inf,True,False
r_0129No1,"acyl-CoA:sterol acyltransferase (oleoyl-CoA:lanosterol), ER membrane (No1)",False,True,0.0,0.0,inf,inf,True,False
r_0130No1,"acyl-CoA:sterol acyltransferase (oleoyl-CoA:zymosterol), ER membrane (No1)",False,True,0.0,0.0,inf,inf,True,False
r_0131No1,"acyl-CoA:sterol acyltransferase (palmitoleoyl-CoA:episterol), ER membrane (No1)",False,True,0.0,0.0,inf,inf,True,False
r_0132No1,"acyl-CoA:sterol acyltransferase (palmitoleoyl-CoA:ergosterol), ER membrane (No1)",False,True,0.0,0.0,inf,inf,True,False
r_0132No2,"acyl-CoA:sterol acyltransferase (palmitoleoyl-CoA:ergosterol), ER membrane (No2)",False,True,0.0,0.0,inf,inf,True,False
r_0133No1,"acyl-CoA:sterol acyltransferase (palmitoleoyl-CoA:fecosterol), ER membrane (No1)",False,True,0.0,0.0,inf,inf,True,False
r_0134No1,"acyl-CoA:sterol acyltransferase (palmitoleoyl-CoA:lanosterol), ER membrane (No1)",False,True,0.0,0.0,inf,inf,True,False
r_0135No1,"acyl-CoA:sterol acyltransferase (palmitoleoyl-CoA:zymosterol), ER membrane (No1)",False,True,0.0,0.0,inf,inf,True,False
r_0137No1,"acylation of GPI inositol at 2 position, GPI-anchor assembly, step 3 (No1)",False,True,0.0,0.0,inf,inf,True,False
r_0138No1,adenine deaminase (No1),False,True,0.0,0.0,inf,inf,True,True
r_0139No1,adenine phosphoribosyltransferase (No1),False,True,0.0,0.0,inf,inf,True,False
r_0140No1,adenosine deaminase (No1),False,True,0.0,0.0,inf,inf,True,True
r_0142No1,adenosine kinase (No1),False,True,0.0,0.0,inf,inf,True,True
r_0143No1,adenosine monophosphate deaminase (No1),False,True,0.0,0.0,inf,inf,True,True
r_0144No1,adenosylhomocysteinase (No1),False,True,0.0,0.0,inf,inf,True,False
r_0145No1,adenosylmethionine decarboxylase (No1),False,True,0.0,0.0,inf,inf,True,True
r_0146No1,adenosylmethionine-8-amino-7-oxononanoate transaminase (No1),False,True,0.0,0.0,inf,inf,True,False
r_0147No1,adenylate cyclase (No1),False,True,0.0,0.0,inf,inf,True,False
r_0148No1,adenylate kinase (No1),False,True,0.0,0.0,inf,inf,True,False
r_0149No1,adenylate kinase (No1),False,True,0.0,0.0,inf,inf,True,False
r_0150No1,adenylate kinase (GTP) (No1),False,True,0.0,0.0,inf,inf,True,False
r_0151No1,adenylosuccinate lyase (AICAR) (No1),False,True,0.0,0.0,inf,inf,True,False
r_0152No1,adenylosuccinate lyase (No1),False,True,0.0,0.0,inf,inf,True,False
r_0153No1,adenylosuccinate synthase (No1),False,True,0.0,0.0,inf,inf,True,True
r_0154No1,adenylyl-sulfate kinase (No1),False,True,0.0,0.0,inf,inf,True,True
r_0155No1,"ADP-ribose 2,3-cyclic phosphodiesterase (No1)",False,True,0.0,0.0,inf,inf,True,True
r_0156No1,alanine glyoxylate aminotransferase (No1),False,True,0.0,0.0,inf,inf,True,False
r_0157No1,alanyl-tRNA synthetase (No1),False,True,0.0,0.0,inf,inf,True,False
r_0158No1,alcohol acetyltransferase (2-methylbutanol) (No1),False,True,0.0,0.0,inf,inf,True,False
r_0158No2,alcohol acetyltransferase (2-methylbutanol) (No2),False,True,0.0,0.0,inf,inf,True,False
r_0159No1,alcohol acetyltransferase (ethanol) (No1),False,True,0.0,0.0,inf,inf,True,False
r_0159No2,alcohol acetyltransferase (ethanol) (No2),False,True,0.0,0.0,inf,inf,True,False
r_0160No1,alcohol acetyltransferase (isoamyl alcohol) (No1),False,True,0.0,0.0,inf,inf,True,False
r_0160No2,alcohol acetyltransferase (isoamyl alcohol) (No2),False,True,0.0,0.0,inf,inf,True,False
r_0161No1,alcohol acetyltransferase (isobutyl alcohol) (No1),False,True,0.0,0.0,inf,inf,True,False
r_0161No2,alcohol acetyltransferase (isobutyl alcohol) (No2),False,True,0.0,0.0,inf,inf,True,False
r_0162No1,alcohol acetyltransferase (phenylethanol alcohol) (No1),False,True,0.0,0.0,inf,inf,True,False
r_0162No2,alcohol acetyltransferase (phenylethanol alcohol) (No2),False,True,0.0,0.0,inf,inf,True,False
r_0163No1,alcohol dehydrogenase (ethanol to acetaldehyde) (No1),False,True,0.0,0.0,inf,inf,True,True
r_0164No1,"alcohol dehydrogenase (glycerol, NADP) (No1)",False,True,0.0,0.0,inf,inf,True,False
r_0164No2,"alcohol dehydrogenase (glycerol, NADP) (No2)",False,True,0.0,0.0,inf,inf,True,False
r_0165No1,mitochondrial alcohol dehydrogenase (No1),False,True,0.0,0.0,inf,inf,True,False
r_0165No2,mitochondrial alcohol dehydrogenase (No2),False,True,0.0,0.0,inf,inf,True,False
r_0166No1,"aldehyde dehydrogenase (2-methylbutanol, NAD) (No1)",False,True,0.0,0.0,inf,inf,True,False
r_0166No2,"aldehyde dehydrogenase (2-methylbutanol, NAD) (No2)",False,True,0.0,0.0,inf,inf,True,False
r_0166No3,"aldehyde dehydrogenase (2-methylbutanol, NAD) (No3)",False,True,0.0,0.0,inf,inf,True,False
r_0167No1,"aldehyde dehydrogenase (2-methylbutanol, NAD) (No1)",False,True,0.0,0.0,inf,inf,True,False
r_0167No2,"aldehyde dehydrogenase (2-methylbutanol, NAD) (No2)",False,True,0.0,0.0,inf,inf,True,False
r_0168No1,"aldehyde dehydrogenase (2-methylbutanol, NADP) (No1)",False,True,0.0,0.0,inf,inf,True,False
r_0168No2,"aldehyde dehydrogenase (2-methylbutanol, NADP) (No2)",False,True,0.0,0.0,inf,inf,True,False
r_0168No3,"aldehyde dehydrogenase (2-methylbutanol, NADP) (No3)",False,True,0.0,0.0,inf,inf,True,False
r_0169No1,"aldehyde dehydrogenase (2-phenylethanol, NAD) (No1)",False,True,0.0,0.0,inf,inf,True,False
r_0169No2,"aldehyde dehydrogenase (2-phenylethanol, NAD) (No2)",False,True,0.0,0.0,inf,inf,True,False
r_0169No3,"aldehyde dehydrogenase (2-phenylethanol, NAD) (No3)",False,True,0.0,0.0,inf,inf,True,False
r_0170No1,"aldehyde dehydrogenase (2-phenylethanol, NAD) (No1)",False,True,0.0,0.0,inf,inf,True,False
r_0170No2,"aldehyde dehydrogenase (2-phenylethanol, NAD) (No2)",False,True,0.0,0.0,inf,inf,True,False
r_0171No1,"aldehyde dehydrogenase (2-phenylethanol, NADP) (No1)",False,True,0.0,0.0,inf,inf,True,False
r_0171No2,"aldehyde dehydrogenase (2-phenylethanol, NADP) (No2)",False,True,0.0,0.0,inf,inf,True,False
r_0172No1,"aldehyde dehydrogenase (3-aminopropanal, NAD) (No1)",False,True,0.0,0.0,inf,inf,True,True
r_0172No2,"aldehyde dehydrogenase (3-aminopropanal, NAD) (No2)",False,True,0.0,0.0,inf,inf,True,True
r_0173No1,"aldehyde dehydrogenase (acetaldehyde, NADP) (No1)",False,True,0.0,0.0,inf,inf,True,True
r_0174No1,"aldehyde dehydrogenase (acetylaldehyde, NAD) (No1)",False,True,0.0,0.0,inf,inf,True,True
r_0175No1,"aldehyde dehydrogenase (acetylaldehyde, NADP) (No1)",False,True,0.0,0.0,inf,inf,True,True
r_0175No2,"aldehyde dehydrogenase (acetylaldehyde, NADP) (No2)",False,True,0.0,0.0,inf,inf,True,True
r_0176No1,"aldehyde dehydrogenase (indole-3-acetaldehyde, NAD) (No1)",False,True,0.0,0.0,inf,inf,True,True
r_0177No1,"aldehyde dehydrogenase (indole-3-acetaldehyde, NADP) (No1)",False,True,0.0,0.0,inf,inf,True,True
r_0178No1,"aldehyde dehydrogenase (indole-3-acetaldehyde, NADP) (No1)",False,True,0.0,0.0,inf,inf,True,True
r_0178No2,"aldehyde dehydrogenase (indole-3-acetaldehyde, NADP) (No2)",False,True,0.0,0.0,inf,inf,True,True
r_0179No1,"aldehyde dehydrogenase (isoamyl alcohol, NAD) (No1)",False,True,0.0,0.0,inf,inf,True,False
r_0179No2,"aldehyde dehydrogenase (isoamyl alcohol, NAD) (No2)",False,True,0.0,0.0,inf,inf,True,False
r_0179No3,"aldehyde dehydrogenase (isoamyl alcohol, NAD) (No3)",False,True,0.0,0.0,inf,inf,True,False
r_0180No1,"aldehyde dehydrogenase (isoamyl alcohol, NAD) (No1)",False,True,0.0,0.0,inf,inf,True,False
r_0180No2,"aldehyde dehydrogenase (isoamyl alcohol, NAD) (No2)",False,True,0.0,0.0,inf,inf,True,False
r_0181No1,"aldehyde dehydrogenase (isoamyl alcohol, NADP) (No1)",False,True,0.0,0.0,inf,inf,True,False
r_0181No2,"aldehyde dehydrogenase (isoamyl alcohol, NADP) (No2)",False,True,0.0,0.0,inf,inf,True,False
r_0182No1,"aldehyde dehydrogenase (isobutyl alcohol, NAD) (No1)",False,True,0.0,0.0,inf,inf,True,False
r_0182No2,"aldehyde dehydrogenase (isobutyl alcohol, NAD) (No2)",False,True,0.0,0.0,inf,inf,True,False
r_0182No3,"aldehyde dehydrogenase (isobutyl alcohol, NAD) (No3)",False,True,0.0,0.0,inf,inf,True,False
r_0183No1,"aldehyde dehydrogenase (isobutyl alcohol, NAD) (No1)",False,True,0.0,0.0,inf,inf,True,False
r_0183No2,"aldehyde dehydrogenase (isobutyl alcohol, NAD) (No2)",False,True,0.0,0.0,inf,inf,True,False
r_0184No1,"aldehyde dehydrogenase (isobutyl alcohol, NADP) (No1)",False,True,0.0,0.0,inf,inf,True,False
r_0184No2,"aldehyde dehydrogenase (isobutyl alcohol, NADP) (No2)",False,True,0.0,0.0,inf,inf,True,False
r_0185No1,"aldehyde dehydrogenase (phenylacetaldehyde, NAD) (No1)",False,True,0.0,0.0,inf,inf,True,True
r_0185No2,"aldehyde dehydrogenase (phenylacetaldehyde, NAD) (No2)",False,True,0.0,0.0,inf,inf,True,True
r_0186No1,"aldehyde dehydrogenase (tryptophol, NAD) (No1)",False,True,0.0,0.0,inf,inf,True,False
r_0186No2,"aldehyde dehydrogenase (tryptophol, NAD) (No2)",False,True,0.0,0.0,inf,inf,True,False
r_0186No3,"aldehyde dehydrogenase (tryptophol, NAD) (No3)",False,True,0.0,0.0,inf,inf,True,False
r_0187No1,"aldehyde dehydrogenase (tryptophol, NAD) (No1)",False,True,0.0,0.0,inf,inf,True,False
r_0187No2,"aldehyde dehydrogenase (tryptophol, NAD) (No2)",False,True,0.0,0.0,inf,inf,True,False
r_0188No1,alkaline phosphatase (dihydroneopterin) (No1),False,True,0.0,0.0,inf,inf,True,True
r_0189No1,allantoate amidinohydrolase (No1),False,True,0.0,0.0,inf,inf,True,False
r_0190No1,"allantoinase, reaction (No1)",False,True,0.0,0.0,inf,inf,True,True
r_0191No1,allophanate hydrolase (No1),False,True,0.0,0.0,inf,inf,True,True
r_0192No1,"alpha 1,2-mannosyltransferase (No1)",False,True,0.0,0.0,inf,inf,True,True
r_0192No2,"alpha 1,2-mannosyltransferase (No2)",False,True,0.0,0.0,inf,inf,True,True
r_0192No3,"alpha 1,2-mannosyltransferase (No3)",False,True,0.0,0.0,inf,inf,True,True
r_0192No4,"alpha 1,2-mannosyltransferase (No4)",False,True,0.0,0.0,inf,inf,True,True
r_0192No5,"alpha 1,2-mannosyltransferase (No5)",False,True,0.0,0.0,inf,inf,True,True
r_0192No6,"alpha 1,2-mannosyltransferase (No6)",False,True,0.0,0.0,inf,inf,True,True
r_0192No7,"alpha 1,2-mannosyltransferase (No7)",False,True,0.0,0.0,inf,inf,True,True
r_0192No8,"alpha 1,2-mannosyltransferase (No8)",False,True,0.0,0.0,inf,inf,True,True
r_0193No1,"alpha,alpha-trehalase (No1)",False,True,0.0,0.0,inf,inf,True,False
r_0194No1,"alpha,alpha-trehalase (No1)",False,True,0.0,0.0,inf,inf,True,False
r_0195No1,"alpha,alpha-trehalose-phosphate synthase (UDP-forming) (No1)",False,True,0.0,0.0,inf,inf,True,True
r_0195No2,"alpha,alpha-trehalose-phosphate synthase (UDP-forming) (No2)",False,True,0.0,0.0,inf,inf,True,True
r_0198No1,alpha-glucosidase (No1),False,True,0.0,0.0,inf,inf,True,False
r_0198No2,alpha-glucosidase (No2),False,True,0.0,0.0,inf,inf,True,False
r_0198No3,alpha-glucosidase (No3),False,True,0.0,0.0,inf,inf,True,False
r_0198No4,alpha-glucosidase (No4),False,True,0.0,0.0,inf,inf,True,False
r_0198No5,alpha-glucosidase (No5),False,True,0.0,0.0,inf,inf,True,False
r_0198No6,alpha-glucosidase (No6),False,True,0.0,0.0,inf,inf,True,False
r_0199No1,amidase (No1),False,True,0.0,0.0,inf,inf,True,False
r_0201No1,Aminobutyraldehyde dehydrogenase (No1),False,True,0.0,0.0,inf,inf,True,True
r_0202No1,anthranilate phosphoribosyltransferase (No1),False,True,0.0,0.0,inf,inf,True,False
r_0203No1,anthranilate synthase (No1),False,True,0.0,0.0,inf,inf,True,True
r_0204No1,Ap4A hydrolase (No1),False,True,0.0,0.0,inf,inf,True,True
r_0205No1,arabinose reductase (No1),False,True,0.0,0.0,inf,inf,True,True
r_0206No1,arginase (No1),False,True,0.0,0.0,inf,inf,True,False
r_0207No1,argininosuccinate lyase (No1),False,True,0.0,0.0,inf,inf,True,False
r_0208No1,argininosuccinate synthase (No1),False,True,0.0,0.0,inf,inf,True,True
r_0209No1,arginyl-tRNA synthetase (No1),False,True,0.0,0.0,inf,inf,True,False
r_0210No1,arginyl-tRNA synthetase (No1),False,True,0.0,0.0,inf,inf,True,False
r_0211No1,asparagine synthase (glutamine-hydrolysing) (No1),False,True,0.0,0.0,inf,inf,True,True
r_0211No2,asparagine synthase (glutamine-hydrolysing) (No2),False,True,0.0,0.0,inf,inf,True,True
r_0212No1,Asparaginyl-tRNA synthetase (No1),False,True,0.0,0.0,inf,inf,True,False
r_0213No1,"asparaginyl-tRNA synthetase, miotchondrial (No1)",False,True,0.0,0.0,inf,inf,True,False
r_0214No1,aspartate carbamoyltransferase (No1),False,True,0.0,0.0,inf,inf,True,True
r_0215No1,aspartate kinase (No1),False,True,0.0,0.0,inf,inf,True,False
r_0216No1,aspartate transaminase (No1),False,True,0.0,0.0,inf,inf,True,False
r_0217No1,aspartate transaminase (No1),False,True,0.0,0.0,inf,inf,True,False
r_0218No1,aspartate transaminase (No1),False,True,0.0,0.0,inf,inf,True,False
r_0219No1,aspartate-semialdehyde dehydrogenase (No1),False,True,0.0,0.0,inf,inf,True,True
r_0220No1,Aspartyl-tRNA synthetase (No1),False,True,0.0,0.0,inf,inf,True,False
r_0221No1,Aspartyl-tRNA synthetase (No1),False,True,0.0,0.0,inf,inf,True,False
r_0222No1,ATP adenylyltransferase (No1),False,True,0.0,0.0,inf,inf,True,True
r_0223No1,ATP adenylyltransferase (No1),False,True,0.0,0.0,inf,inf,True,True
r_0224No1,ATP adenylyltransferase (No1),False,True,0.0,0.0,inf,inf,True,True
r_0225No1,ATP phosphoribosyltransferase (No1),False,True,0.0,0.0,inf,inf,True,False
r_0226No1,r_0226No1,False,True,0.0,0.0,1000.0,1000.0,True,True
r_0227No1,"ATPase, cytosolic (No1)",False,True,0.0,0.0,inf,inf,True,True
r_0227No2,"ATPase, cytosolic (No2)",False,True,0.0,0.0,inf,inf,True,True
r_0228No1,"beta-1,4 mannosyltransferase (No1)",False,True,0.0,0.0,inf,inf,True,False
r_0229No1,biotin synthase (No1),False,True,0.0,0.0,inf,inf,True,True
r_0230No1,biotin-[acetyl-CoA-carboxylase] ligase (No1),False,True,0.0,0.0,inf,inf,True,True
r_0231No1,C-14 sterol reductase (No1),False,True,0.0,0.0,inf,inf,True,True
r_0233No1,C-22 sterol desaturase (NADP) (No1),False,True,0.0,0.0,inf,inf,True,True
r_0236No1,C-3 sterol keto reductase (4-methylzymosterol) (No1),False,True,0.0,0.0,inf,inf,True,True
r_0237No1,C-3 sterol keto reductase (zymosterol) (No1),False,True,0.0,0.0,inf,inf,True,True
r_0238No1,C-4 methyl sterol oxidase (No1),False,True,0.0,0.0,inf,inf,True,True
r_0239No1,C-4 methyl sterol oxidase (No1),False,True,0.0,0.0,inf,inf,True,True
r_0240No1,C-4 methyl sterol oxidase (No1),False,True,0.0,0.0,inf,inf,True,True
r_0241No1,"C-4 sterol methyl oxidase (4,4-dimethylzymosterol) (No1)",False,True,0.0,0.0,inf,inf,True,True
r_0242No1,C-5 sterol desaturase (No1),False,True,0.0,0.0,inf,inf,True,True
r_0243No1,C-8 sterol isomerase (No1),False,True,0.0,0.0,inf,inf,True,False
r_0244No1,C-s24 sterol reductase (No1),False,True,0.0,0.0,inf,inf,True,True
r_0249No1,CAAX farnesyltransferase (No1),False,True,0.0,0.0,inf,inf,True,True
r_0250No1,carbamoyl-phosphate synthase (glutamine-hydrolysing) (No1),False,True,0.0,0.0,inf,inf,True,True
r_0250No2,carbamoyl-phosphate synthase (glutamine-hydrolysing) (No2),False,True,0.0,0.0,inf,inf,True,True
r_0252No1,carnitine O-acetyltransferase (No1),False,True,0.0,0.0,inf,inf,True,False
r_0252No2,carnitine O-acetyltransferase (No2),False,True,0.0,0.0,inf,inf,True,False
r_0253No1,carnitine O-acetyltransferase (No1),False,True,0.0,0.0,inf,inf,True,False
r_0254No1,carnitine O-acetyltransferase (No1),False,True,0.0,0.0,inf,inf,True,False
r_0255No1,catalase (No1),False,True,0.0,0.0,inf,inf,True,False
r_0256No1,catalase (No1),False,True,0.0,0.0,inf,inf,True,False
r_0259No1,ceramide-1 hydroxylase (24C) (No1),False,True,0.0,0.0,inf,inf,True,True
r_0260No1,ceramide-1 hydroxylase (24C) (No1),False,True,0.0,0.0,inf,inf,True,True
r_0261No1,ceramide-1 hydroxylase (26C) (No1),False,True,0.0,0.0,inf,inf,True,True
r_0262No1,ceramide-1 hydroxylase (26C) (No1),False,True,0.0,0.0,inf,inf,True,True
r_0263No1,ceramide-1 synthase (24C) (No1),False,True,0.0,0.0,inf,inf,True,True
r_0263No2,ceramide-1 synthase (24C) (No2),False,True,0.0,0.0,inf,inf,True,True
r_0264No1,ceramide-1 synthase (26C) (No1),False,True,0.0,0.0,inf,inf,True,True
r_0264No2,ceramide-1 synthase (26C) (No2),False,True,0.0,0.0,inf,inf,True,True
r_0265No1,ceramide-2 synthase (24C) (No1),False,True,0.0,0.0,inf,inf,True,True
r_0265No2,ceramide-2 synthase (24C) (No2),False,True,0.0,0.0,inf,inf,True,True
r_0266No1,ceramide-2 synthase (26C) (No1),False,True,0.0,0.0,inf,inf,True,True
r_0266No2,ceramide-2 synthase (26C) (No2),False,True,0.0,0.0,inf,inf,True,True
r_0267No1,ceramide-3 synthase (24C) (No1),False,True,0.0,0.0,inf,inf,True,True
r_0268No1,ceramide-3 synthase (26C) (No1),False,True,0.0,0.0,inf,inf,True,True
r_0269No1,ceramide-4 synthase (24C) (No1),False,True,0.0,0.0,inf,inf,True,True
r_0270No1,ceramide-4 synthase (26C) (No1),False,True,0.0,0.0,inf,inf,True,True
r_0271No1,chitin deacetylase (No1),False,True,0.0,0.0,inf,inf,True,True
r_0271No2,chitin deacetylase (No2),False,True,0.0,0.0,inf,inf,True,True
r_0272No2,chitin synthase (No2),False,True,0.0,0.0,inf,inf,True,True
r_0272No3,chitin synthase (No3),False,True,0.0,0.0,inf,inf,True,True
r_0273No1,choline kinase (No1),False,True,0.0,0.0,inf,inf,True,True
r_0274No1,choline phosphate cytididyltransferase (No1),False,True,0.0,0.0,inf,inf,True,True
r_0278No1,chorismate mutase (No1),False,True,0.0,0.0,inf,inf,True,False
r_0279No1,chorismate synthase (No1),False,True,0.0,0.0,inf,inf,True,False
r_0280No1,cis-aconitate(3-) to isocitrate (No1),False,True,0.0,0.0,inf,inf,True,False
r_0281No1,cis-prenyltransferase step 01 (No1),False,True,0.0,0.0,inf,inf,True,False
r_0281No2,cis-prenyltransferase step 01 (No2),False,True,0.0,0.0,inf,inf,True,False
r_0282No1,cis-prenyltransferase step 02 (No1),False,True,0.0,0.0,inf,inf,True,False
r_0282No2,cis-prenyltransferase step 02 (No2),False,True,0.0,0.0,inf,inf,True,False
r_0283No1,cis-prenyltransferase step 03 (No1),False,True,0.0,0.0,inf,inf,True,False
r_0283No2,cis-prenyltransferase step 03 (No2),False,True,0.0,0.0,inf,inf,True,False
r_0284No1,cis-prenyltransferase step 04 (No1),False,True,0.0,0.0,inf,inf,True,False
r_0284No2,cis-prenyltransferase step 04 (No2),False,True,0.0,0.0,inf,inf,True,False
r_0285No1,cis-prenyltransferase step 05 (No1),False,True,0.0,0.0,inf,inf,True,False
r_0285No2,cis-prenyltransferase step 05 (No2),False,True,0.0,0.0,inf,inf,True,False
r_0286No1,cis-prenyltransferase step 06 (No1),False,True,0.0,0.0,inf,inf,True,False
r_0286No2,cis-prenyltransferase step 06 (No2),False,True,0.0,0.0,inf,inf,True,False
r_0287No1,cis-prenyltransferase step 07 (No1),False,True,0.0,0.0,inf,inf,True,False
r_0287No2,cis-prenyltransferase step 07 (No2),False,True,0.0,0.0,inf,inf,True,False
r_0288No1,cis-prenyltransferase step 08 (No1),False,True,0.0,0.0,inf,inf,True,False
r_0288No2,cis-prenyltransferase step 08 (No2),False,True,0.0,0.0,inf,inf,True,False
r_0289No1,cis-prenyltransferase step 09 (No1),False,True,0.0,0.0,inf,inf,True,False
r_0289No2,cis-prenyltransferase step 09 (No2),False,True,0.0,0.0,inf,inf,True,False
r_0290No1,cis-prenyltransferase step 10 (No1),False,True,0.0,0.0,inf,inf,True,False
r_0290No2,cis-prenyltransferase step 10 (No2),False,True,0.0,0.0,inf,inf,True,False
r_0291No1,cis-prenyltransferase step 11 (No1),False,True,0.0,0.0,inf,inf,True,False
r_0291No2,cis-prenyltransferase step 11 (No2),False,True,0.0,0.0,inf,inf,True,False
r_0292No1,cis-prenyltransferase step 12 (No1),False,True,0.0,0.0,inf,inf,True,False
r_0292No2,cis-prenyltransferase step 12 (No2),False,True,0.0,0.0,inf,inf,True,False
r_0293No1,cis-prenyltransferase step 13 (No1),False,True,0.0,0.0,inf,inf,True,False
r_0293No2,cis-prenyltransferase step 13 (No2),False,True,0.0,0.0,inf,inf,True,False
r_0294No1,cis-prenyltransferase step 14 (No1),False,True,0.0,0.0,inf,inf,True,False
r_0294No2,cis-prenyltransferase step 14 (No2),False,True,0.0,0.0,inf,inf,True,False
r_0295No1,cis-prenyltransferase step 15 (No1),False,True,0.0,0.0,inf,inf,True,False
r_0295No2,cis-prenyltransferase step 15 (No2),False,True,0.0,0.0,inf,inf,True,False
r_0296No1,cis-prenyltransferase step 16 (No1),False,True,0.0,0.0,inf,inf,True,False
r_0296No2,cis-prenyltransferase step 16 (No2),False,True,0.0,0.0,inf,inf,True,False
r_0297No1,cis-prenyltransferase step 17 (No1),False,True,0.0,0.0,inf,inf,True,False
r_0297No2,cis-prenyltransferase step 17 (No2),False,True,0.0,0.0,inf,inf,True,False
r_0298No1,cis-prenyltransferase step 18 (No1),False,True,0.0,0.0,inf,inf,True,False
r_0298No2,cis-prenyltransferase step 18 (No2),False,True,0.0,0.0,inf,inf,True,False
r_0299No1,cis-prenyltransferase step 19 (No1),False,True,0.0,0.0,inf,inf,True,False
r_0299No2,cis-prenyltransferase step 19 (No2),False,True,0.0,0.0,inf,inf,True,False
r_0300No1,citrate synthase (No1),False,True,0.0,0.0,inf,inf,True,True
r_0300No2,citrate synthase (No2),False,True,0.0,0.0,inf,inf,True,True
r_0301No1,"citrate synthase, peroxisomal (No1)",False,True,0.0,0.0,inf,inf,True,True
r_0302No1,citrate to cis-aconitate(3-) (No1),False,True,0.0,0.0,inf,inf,True,False
r_0303No1,"citrate to cis-aconitate(3-), cytoplasmic (No1)",False,True,0.0,0.0,inf,inf,True,False
r_0304No1,coproporphyrinogen oxidase (O2 required) (No1),False,True,0.0,0.0,inf,inf,True,True
r_0306No1,CTP synthase (glutamine) (No1),False,True,0.0,0.0,inf,inf,True,True
r_0306No2,CTP synthase (glutamine) (No2),False,True,0.0,0.0,inf,inf,True,True
r_0307No1,CTP synthase (NH3) (No1),False,True,0.0,0.0,inf,inf,True,True
r_0307No2,CTP synthase (NH3) (No2),False,True,0.0,0.0,inf,inf,True,True
r_0308No1,cystathionine b-lyase (No1),False,True,0.0,0.0,inf,inf,True,False
r_0309No1,cystathionine beta-synthase (No1),False,True,0.0,0.0,inf,inf,True,False
r_0310No1,cystathionine g-lyase (No1),False,True,0.0,0.0,inf,inf,True,False
r_0311No1,cystathionine gamma-synthase (No1),False,True,0.0,0.0,inf,inf,True,True
r_0312No1,cysteine synthase (No1),False,True,0.0,0.0,inf,inf,True,True
r_0313No1,cysteinyl-tRNA synthetase (No1),False,True,0.0,0.0,inf,inf,True,False
r_0314No1,cytidine deaminase (No1),False,True,0.0,0.0,inf,inf,True,True
r_0315No1,cytidine kinase (GTP) (No1),False,True,0.0,0.0,inf,inf,True,True
r_0317No1,cytochrome P450 lanosterol 14-alpha-demethylase (NADP) (No1),False,True,0.0,0.0,inf,inf,True,True
r_0318No1,cytosine deaminase (No1),False,True,0.0,0.0,inf,inf,True,True
r_0319No1,"D-arabinono-1,4-lactone oxidase (No1)",False,True,0.0,0.0,inf,inf,True,False
r_0320No1,D-arabinose 1-dehydrogenase (NAD) (No1),False,True,0.0,0.0,inf,inf,True,True
r_0321No1,D-arabinose 1-dehydrogenase (NADP) (No1),False,True,0.0,0.0,inf,inf,True,True
r_0323No1,D-sorbitol dehydrogenase (D-fructose producing) (No1),False,True,0.0,0.0,inf,inf,True,True
r_0326No1,dCMP deaminase (No1),False,True,0.0,0.0,inf,inf,True,True
r_0327No1,dCTP deaminase (No1),False,True,0.0,0.0,inf,inf,True,True
r_0328No1,deoxyadenosine deaminase (No1),False,True,0.0,0.0,inf,inf,True,True
r_0329No1,deoxycytidine deaminase (No1),False,True,0.0,0.0,inf,inf,True,True
r_0330No1,deoxyguanylate kinase (dGMP:ATP) (No1),False,True,0.0,0.0,inf,inf,True,False
r_0331No1,"deoxyhypusine synthase, cytosolic/mitochondrial (No1)",False,True,0.0,0.0,inf,inf,True,False
r_0332No1,deoxyribokinase (No1),False,True,0.0,0.0,inf,inf,True,True
r_0334No1,dephospho-CoA kinase (No1),False,True,0.0,0.0,inf,inf,True,True
r_0335No1,dethiobiotin synthase (No1),False,True,0.0,0.0,inf,inf,True,True
r_0344No1,dihydrofolate reductase (No1),False,True,0.0,0.0,inf,inf,True,True
r_0345No1,dihydrofolate reductase (No1),False,True,0.0,0.0,inf,inf,True,True
r_0346No1,dihydrofolate synthase (No1),False,True,0.0,0.0,inf,inf,True,True
r_0347No1,dihydroneopterin aldolase (No1),False,True,0.0,0.0,inf,inf,True,False
r_0348No1,dihydroneopterin monophosphate dephosphorylase (No1),False,True,0.0,0.0,inf,inf,True,False
r_0349No1,dihydroorotase (No1),False,True,0.0,0.0,inf,inf,True,True
r_0350No1,dihydropteroate synthase (No1),False,True,0.0,0.0,inf,inf,True,False
r_0351No1,dihydropteroate synthase (No1),False,True,0.0,0.0,inf,inf,True,False
r_0352No1,"dihydroxy-acid dehydratase (2,3-dihydroxy-3-methylbutanoate) (No1)",False,True,0.0,0.0,inf,inf,True,False
r_0353No1,"dihydroxy-acid dehydratase (2,3-dihydroxy-3-methylpentanoate) (No1)",False,True,0.0,0.0,inf,inf,True,False
r_0354No1,dihydroxyacetone kinase (No1),False,True,0.0,0.0,inf,inf,True,True
r_0354No2,dihydroxyacetone kinase (No2),False,True,0.0,0.0,inf,inf,True,True
r_0355No1,dimethylallyltranstransferase (No1),False,True,0.0,0.0,inf,inf,True,False
r_0356No1,diphosphoglyceromutase (No1),False,True,0.0,0.0,inf,inf,True,True
r_0357No1,"diphosphoinositol-1,3,4,6-tetrakisphosphate diphosphohydrolase (No1)",False,True,0.0,0.0,inf,inf,True,True
r_0358No1,"diphosphoinositol-1,3,4,6-tetrakisphosphate synthase (No1)",False,True,0.0,0.0,inf,inf,True,True
r_0359No1,diphthine synthase (No1),False,True,0.0,0.0,inf,inf,True,True
r_0360No1,dolichol kinase (No1),False,True,0.0,0.0,inf,inf,True,True
r_0361No1,dolichyl-phosphate D-mannosyltransferase (No1),False,True,0.0,0.0,inf,inf,True,False
r_0362No1,dolichyl-phosphate-mannose--protein mannosyltransferase (No1),False,True,0.0,0.0,inf,inf,True,True
r_0362No2,dolichyl-phosphate-mannose--protein mannosyltransferase (No2),False,True,0.0,0.0,inf,inf,True,True
r_0362No3,dolichyl-phosphate-mannose--protein mannosyltransferase (No3),False,True,0.0,0.0,inf,inf,True,True
r_0362No4,dolichyl-phosphate-mannose--protein mannosyltransferase (No4),False,True,0.0,0.0,inf,inf,True,True
r_0363No1,dTMP kinase (No1),False,True,0.0,0.0,inf,inf,True,False
r_0364No1,dUTP diphosphatase (No1),False,True,0.0,0.0,inf,inf,True,True
r_0365No1,endopolygalacturonase (No1),False,True,0.0,0.0,inf,inf,True,False
r_0366No1,enolase (No1),False,True,0.0,0.0,inf,inf,True,False
r_0366No2,enolase (No2),False,True,0.0,0.0,inf,inf,True,False
r_0368No1,ethanolamine kinase (No1),False,True,0.0,0.0,inf,inf,True,True
r_0368No2,ethanolamine kinase (No2),False,True,0.0,0.0,inf,inf,True,True
r_0369No1,ethyl acetate-hydrolyzing esterase (No1),False,True,0.0,0.0,inf,inf,True,True
r_0370No1,"exo-1,3-beta-glucan glucohydrase (No1)",False,True,0.0,0.0,inf,inf,True,False
r_0370No2,"exo-1,3-beta-glucan glucohydrase (No2)",False,True,0.0,0.0,inf,inf,True,False
r_0370No3,"exo-1,3-beta-glucan glucohydrase (No3)",False,True,0.0,0.0,inf,inf,True,False
r_0370No4,"exo-1,3-beta-glucan glucohydrase (No4)",False,True,0.0,0.0,inf,inf,True,False
r_0370No5,"exo-1,3-beta-glucan glucohydrase (No5)",False,True,0.0,0.0,inf,inf,True,False
r_0373No1,farnesyltranstransferase (No1),False,True,0.0,0.0,inf,inf,True,False
r_0399No1,fatty-acid--CoA ligase (decanoate) (No1),False,True,0.0,0.0,inf,inf,True,False
r_0400No1,fatty-acid--CoA ligase (dodecanoate) (No1),False,True,0.0,0.0,inf,inf,True,False
r_0402No1,fatty-acid--CoA ligase (hexadecanoate) (No1),False,True,0.0,0.0,inf,inf,True,False
r_0410No1,fatty-acid--CoA ligase (octanoate) (No1),False,True,0.0,0.0,inf,inf,True,False
r_0412No1,fatty-acid--CoA ligase (tetradecanoate) (No1),False,True,0.0,0.0,inf,inf,True,False
r_0436No1,ferrochelatase (No1),False,True,0.0,0.0,inf,inf,True,True
r_0437No1,ferrocytochrome-c:hydrogen-peroxide oxidoreductase (No1),False,True,0.0,0.0,inf,inf,True,False
r_0437No2,ferrocytochrome-c:hydrogen-peroxide oxidoreductase (No2),False,True,0.0,0.0,inf,inf,True,False
r_0438No1,r_0438No1,False,True,0.0,0.0,1000.0,1000.0,True,True
r_0439No1,r_0439No1,False,True,0.0,0.0,1000.0,1000.0,True,True
r_0440No1,FMN adenylyltransferase (No1),False,True,0.0,0.0,inf,inf,True,True
r_0441No1,FMN reductase (No1),False,True,0.0,0.0,inf,inf,True,True
r_0442No1,FMN reductase (No1),False,True,0.0,0.0,inf,inf,True,True
r_0443No1,formaldehyde dehydrogenase (No1),False,True,0.0,0.0,inf,inf,True,True
r_0445No1,formate dehydrogenase (No1),False,True,0.0,0.0,inf,inf,True,False
r_0446No1,formate-tetrahydrofolate ligase (No1),False,True,0.0,0.0,inf,inf,True,False
r_0447No1,formate-tetrahydrofolate ligase (No1),False,True,0.0,0.0,inf,inf,True,False
r_0448No1,"fructose-2,6-bisphosphate 2-phosphatase (No1)",False,True,0.0,0.0,inf,inf,True,False
r_0449No1,fructose-bisphosphatase (No1),False,True,0.0,0.0,inf,inf,True,False
r_0450No1,fructose-bisphosphate aldolase (No1),False,True,0.0,0.0,inf,inf,True,False
r_0451No1,fumarase (No1),False,True,0.0,0.0,inf,inf,True,False
r_0452No1,"fumarase, cytoplasmic (No1)",False,True,0.0,0.0,inf,inf,True,False
r_0453No1,dihydoorotic acid dehydrogenase (No1),False,True,0.0,0.0,inf,inf,True,False
r_0457No1,g-glutamyltransferase (No1),False,True,0.0,0.0,inf,inf,True,False
r_0458No1,galactokinase (No1),False,True,0.0,0.0,inf,inf,True,True
r_0459No1,galactose-1-phosphate uridylyltransferase (No1),False,True,0.0,0.0,inf,inf,True,True
r_0460No1,gamma-glutamylcysteine synthetase (No1),False,True,0.0,0.0,inf,inf,True,True
r_0462No1,geranyltranstransferase (No1),False,True,0.0,0.0,inf,inf,True,False
r_0463No1,"glucan 1,4-alpha-glucosidase (No1)",False,True,0.0,0.0,inf,inf,True,False
r_0464No1,"glucan 1,4-alpha-glucosidase, vacuole (No1)",False,True,0.0,0.0,inf,inf,True,False
r_0466No1,glucose 6-phosphate dehydrogenase (No1),False,True,0.0,0.0,inf,inf,True,True
r_0467No1,glucose-6-phosphate isomerase (No1),False,True,0.0,0.0,inf,inf,True,False
r_0468No1,glutamate 5-kinase (No1),False,True,0.0,0.0,inf,inf,True,False
r_0469No1,glutamate decarboxylase (No1),False,True,0.0,0.0,inf,inf,True,True
r_0470No1,glutamate dehydrogenase (NAD) (No1),False,True,0.0,0.0,inf,inf,True,True
r_0471No1,glutamate dehydrogenase (NADP) (No1),False,True,0.0,0.0,inf,inf,True,False
r_0471No2,glutamate dehydrogenase (NADP) (No2),False,True,0.0,0.0,inf,inf,True,False
r_0472No1,glutamate synthase (NADH2) (No1),False,True,0.0,0.0,inf,inf,True,True
r_0473No1,glutamate-5-semialdehyde dehydrogenase (No1),False,True,0.0,0.0,inf,inf,True,True
r_0476No1,glutamine synthetase (No1),False,True,0.0,0.0,inf,inf,True,True
r_0477No1,glutamine-fructose-6-phosphate transaminase (No1),False,True,0.0,0.0,inf,inf,True,False
r_0478No1,glutaminyl-tRNA synthetase (No1),False,True,0.0,0.0,inf,inf,True,False
r_0479No1,glutamyl-tRNA synthetase (No1),False,True,0.0,0.0,inf,inf,True,False
r_0480No1,glutamyl-tRNA synthetase (No1),False,True,0.0,0.0,inf,inf,True,False
r_0481No1,glutathione oxidoreductase (No1),False,True,0.0,0.0,inf,inf,True,False
r_0481No2,glutathione oxidoreductase (No2),False,True,0.0,0.0,inf,inf,True,False
r_0481No3,glutathione oxidoreductase (No3),False,True,0.0,0.0,inf,inf,True,False
r_0481No4,glutathione oxidoreductase (No4),False,True,0.0,0.0,inf,inf,True,False
r_0482No1,glutathione oxidoreductase (No1),False,True,0.0,0.0,inf,inf,True,True
r_0483No1,glutathione peridoxase (No1),False,True,0.0,0.0,inf,inf,True,False
r_0483No2,glutathione peridoxase (No2),False,True,0.0,0.0,inf,inf,True,False
r_0483No3,glutathione peridoxase (No3),False,True,0.0,0.0,inf,inf,True,False
r_0483No4,glutathione peridoxase (No4),False,True,0.0,0.0,inf,inf,True,False
r_0483No5,glutathione peridoxase (No5),False,True,0.0,0.0,inf,inf,True,False
r_0485No1,glutathione synthetase (No1),False,True,0.0,0.0,inf,inf,True,True
r_0486No1,glyceraldehyde-3-phosphate dehydrogenase (No1),False,True,0.0,0.0,inf,inf,True,True
r_0486No2,glyceraldehyde-3-phosphate dehydrogenase (No2),False,True,0.0,0.0,inf,inf,True,True
r_0486No3,glyceraldehyde-3-phosphate dehydrogenase (No3),False,True,0.0,0.0,inf,inf,True,True
r_0487No1,glycerol dehydrogenase (NADP-dependent) (No1),False,True,0.0,0.0,inf,inf,True,True
r_0488No1,glycerol kinase (No1),False,True,0.0,0.0,inf,inf,True,True
r_0489No1,glycerol-3-phosphatase (No1),False,True,0.0,0.0,inf,inf,True,False
r_0489No2,glycerol-3-phosphatase (No2),False,True,0.0,0.0,inf,inf,True,False
r_0490No1,glycerol-3-phosphate dehydrogenase (fad) (No1),False,True,0.0,0.0,inf,inf,True,False
r_0491No1,glycerol-3-phosphate dehydrogenase (NAD) (No1),False,True,0.0,0.0,inf,inf,True,False
r_0491No2,glycerol-3-phosphate dehydrogenase (NAD) (No2),False,True,0.0,0.0,inf,inf,True,False
r_0492No1,glycerol-3-phosphate dehydrogenase (NAD) (No1),False,True,0.0,0.0,inf,inf,True,True
r_0497No1,glycerophosphodiester phosphodiesterase (glycerophosphocholine) (No1),False,True,0.0,0.0,inf,inf,True,True
r_0499No1,glycinamide ribotide transformylase (No1),False,True,0.0,0.0,inf,inf,True,True
r_0501No1,glycine cleavage system (No1),False,True,0.0,0.0,inf,inf,True,False
r_0502No1,glycine hydroxymethyltransferase (No1),False,True,0.0,0.0,inf,inf,True,False
r_0503No1,glycine hydroxymethyltransferase (No1),False,True,0.0,0.0,inf,inf,True,False
r_0504No1,glycine-cleavage complex (lipoamide) (No1),False,True,0.0,0.0,inf,inf,True,True
r_0505No1,glycine-cleavage complex (lipoamide) (No1),False,True,0.0,0.0,inf,inf,True,True
r_0505No2,glycine-cleavage complex (lipoamide) (No2),False,True,0.0,0.0,inf,inf,True,True
r_0506No1,glycine-cleavage complex (lipoylprotein) (No1),False,True,0.0,0.0,inf,inf,True,True
r_0507No1,glycine-cleavage complex (lipoylprotein) (No1),False,True,0.0,0.0,inf,inf,True,False
r_0508No1,glycine-cleavage complex (lipoylprotein) (No1),False,True,0.0,0.0,inf,inf,True,True
r_0509No1,glycine-cleavage system (lipoamide) (No1),False,True,0.0,0.0,inf,inf,True,False
r_0510No1,glycogen (starch) synthase (No1),False,True,0.0,0.0,inf,inf,True,True
r_0510No2,glycogen (starch) synthase (No2),False,True,0.0,0.0,inf,inf,True,True
r_0510No3,glycogen (starch) synthase (No3),False,True,0.0,0.0,inf,inf,True,True
r_0510No4,glycogen (starch) synthase (No4),False,True,0.0,0.0,inf,inf,True,True
r_0511No1,glycogen phosphorylase (No1),False,True,0.0,0.0,inf,inf,True,False
r_0512No1,glycyl-tRNA synthetase (No1),False,True,0.0,0.0,inf,inf,True,False
r_0512No2,glycyl-tRNA synthetase (No2),False,True,0.0,0.0,inf,inf,True,False
r_0514No1,GMP synthase (No1),False,True,0.0,0.0,inf,inf,True,True
r_0518No1,"GPI-anchor assembly, step 2 (No1)",False,True,0.0,0.0,inf,inf,True,True
r_0519No1,"GPI-anchor assembly, step 5 (No1)",False,True,0.0,0.0,inf,inf,True,False
r_0520No1,"GPI-anchor assembly, step 6 (No1)",False,True,0.0,0.0,inf,inf,True,False
r_0521No1,"GPI-anchor assembly, step 7 (No1)",False,True,0.0,0.0,inf,inf,True,False
r_0522No1,"GPI-anchor assembly, step 8 (No1)",False,True,0.0,0.0,inf,inf,True,False
r_0523No1,"GPI-anchor assembly, step 9 (No1)",False,True,0.0,0.0,inf,inf,True,False
r_0523No2,"GPI-anchor assembly, step 9 (No2)",False,True,0.0,0.0,inf,inf,True,False
r_0524No1,GTP cyclohydrolase I (No1),False,True,0.0,0.0,inf,inf,True,True
r_0525No1,GTP cyclohydrolase II (No1),False,True,0.0,0.0,inf,inf,True,True
r_0526No1,guanine deaminase (No1),False,True,0.0,0.0,inf,inf,True,True
r_0527No1,guanine phosphoribosyltransferase (No1),False,True,0.0,0.0,inf,inf,True,False
r_0528No1,guanylate kinase (No1),False,True,0.0,0.0,inf,inf,True,False
r_0529No1,guanylate kinase (GMP:dATP) (No1),False,True,0.0,0.0,inf,inf,True,False
r_0530No1,heme O monooxygenase (No1),False,True,0.0,0.0,inf,inf,True,False
r_0531No1,Heme O synthase (No1),False,True,0.0,0.0,inf,inf,True,False
r_0532No1,hexaprenyldihydroxybenzoate methyltransferase (No1),False,True,0.0,0.0,inf,inf,True,True
r_0533No1,hexokinase (D-fructose:ATP) (No1),False,True,0.0,0.0,inf,inf,True,True
r_0533No2,hexokinase (D-fructose:ATP) (No2),False,True,0.0,0.0,inf,inf,True,True
r_0534No1,hexokinase (D-glucose:ATP) (No1),False,True,0.0,0.0,inf,inf,True,True
r_0534No2,hexokinase (D-glucose:ATP) (No2),False,True,0.0,0.0,inf,inf,True,True
r_0534No3,hexokinase (D-glucose:ATP) (No3),False,True,0.0,0.0,inf,inf,True,True
r_0535No1,hexokinase (D-mannose:ATP) (No1),False,True,0.0,0.0,inf,inf,True,True
r_0535No2,hexokinase (D-mannose:ATP) (No2),False,True,0.0,0.0,inf,inf,True,True
r_0536No1,histidinol dehydrogenase (No1),False,True,0.0,0.0,inf,inf,True,True
r_0537No1,histidinol-phosphatase (No1),False,True,0.0,0.0,inf,inf,True,False
r_0538No1,histidinol-phosphate transaminase (No1),False,True,0.0,0.0,inf,inf,True,False
r_0539No1,histidyl-tRNA synthetase (No1),False,True,0.0,0.0,inf,inf,True,False
r_0540No1,histidyl-tRNA synthetase (No1),False,True,0.0,0.0,inf,inf,True,False
r_0541No1,hnRNP arginine N-methyltransferase (No1),False,True,0.0,0.0,inf,inf,True,True
r_0542No1,homoacontinate hydratase (No1),False,True,0.0,0.0,inf,inf,True,False
r_0543No1,homocitrate synthase (No1),False,True,0.0,0.0,inf,inf,True,True
r_0543No2,homocitrate synthase (No2),False,True,0.0,0.0,inf,inf,True,True
r_0544No1,homocysteine S-methyltransferase (No1),False,True,0.0,0.0,inf,inf,True,True
r_0544No2,homocysteine S-methyltransferase (No2),False,True,0.0,0.0,inf,inf,True,True
r_0545No1,homoisocitrate dehydrogenase (No1),False,True,0.0,0.0,inf,inf,True,True
r_0546No1,homoserine dehydrogenase (NADH) (No1),False,True,0.0,0.0,inf,inf,True,True
r_0547No1,homoserine dehydrogenase (NADP) (No1),False,True,0.0,0.0,inf,inf,True,True
r_0548No1,homoserine kinase (No1),False,True,0.0,0.0,inf,inf,True,True
r_0549No1,homoserine O-trans-acetylase (No1),False,True,0.0,0.0,inf,inf,True,False
r_0550No1,hydrogen peroxide reductase (thioredoxin) (No1),False,True,0.0,0.0,inf,inf,True,False
r_0550No2,hydrogen peroxide reductase (thioredoxin) (No2),False,True,0.0,0.0,inf,inf,True,False
r_0551No1,hydrogen peroxide reductase (thioredoxin) (No1),False,True,0.0,0.0,inf,inf,True,False
r_0552No1,hydrogen peroxide reductase (thioredoxin) (No1),False,True,0.0,0.0,inf,inf,True,False
r_0552No2,hydrogen peroxide reductase (thioredoxin) (No2),False,True,0.0,0.0,inf,inf,True,False
r_0553No1,hydroxyacylglutathione hydrolase (No1),False,True,0.0,0.0,inf,inf,True,True
r_0554No1,hydroxyacylglutathione hydrolase (No1),False,True,0.0,0.0,inf,inf,True,True
r_0555No1,hydroxybenzoate octaprenyltransferase (No1),False,True,0.0,0.0,inf,inf,True,False
r_0556No1,hydroxyethylthiazole kinase (No1),False,True,0.0,0.0,inf,inf,True,True
r_0557No1,hydroxymethylbilane synthase (No1),False,True,0.0,0.0,inf,inf,True,False
r_0558No1,hydroxymethylglutaryl CoA reductase (No1),False,True,0.0,0.0,inf,inf,True,False
r_0558No2,hydroxymethylglutaryl CoA reductase (No2),False,True,0.0,0.0,inf,inf,True,False
r_0559No1,hydroxymethylglutaryl CoA synthase (No1),False,True,0.0,0.0,inf,inf,True,True
r_0560No1,hydroxymethylglutaryl CoA synthase (No1),False,True,0.0,0.0,inf,inf,True,True
r_0561No1,hydroxymethylpyrimidine kinase (ATP) (No1),False,True,0.0,0.0,inf,inf,True,True
r_0561No2,hydroxymethylpyrimidine kinase (ATP) (No2),False,True,0.0,0.0,inf,inf,True,True
r_0561No3,hydroxymethylpyrimidine kinase (ATP) (No3),False,True,0.0,0.0,inf,inf,True,True
r_0562No1,hypoxanthine phosphoribosyltransferase (Hypoxanthine) (No1),False,True,0.0,0.0,inf,inf,True,False
r_0563No1,Imidazole-glycerol-3-phosphate synthase (No1),False,True,0.0,0.0,inf,inf,True,True
r_0564No1,imidazoleglycerol-phosphate dehydratase (No1),False,True,0.0,0.0,inf,inf,True,False
r_0565No1,IMP dehydrogenase (No1),False,True,0.0,0.0,inf,inf,True,True
r_0565No2,IMP dehydrogenase (No2),False,True,0.0,0.0,inf,inf,True,True
r_0565No3,IMP dehydrogenase (No3),False,True,0.0,0.0,inf,inf,True,True
r_0566No1,indole-3-glycerol-phosphate synthase (No1),False,True,0.0,0.0,inf,inf,True,True
r_0567No1,indole-3-pyruvate decarboxylase (No1),False,True,0.0,0.0,inf,inf,True,False
r_0567No2,indole-3-pyruvate decarboxylase (No2),False,True,0.0,0.0,inf,inf,True,False
r_0567No3,indole-3-pyruvate decarboxylase (No3),False,True,0.0,0.0,inf,inf,True,False
r_0568No1,inorganic diphosphatase (No1),False,True,0.0,0.0,inf,inf,True,True
r_0569No1,inorganic diphosphatase (No1),False,True,0.0,0.0,inf,inf,True,True
r_0570No1,inosine monophosphate cyclohydrolase (No1),False,True,0.0,0.0,inf,inf,True,False
r_0570No2,inosine monophosphate cyclohydrolase (No2),False,True,0.0,0.0,inf,inf,True,False
r_0571No1,"inositol-1,3,4,5,6-pentakisphosphate 2-kinase (No1)",False,True,0.0,0.0,inf,inf,True,True
r_0572No1,"inositol-1,3,4,5-triphosphate 6-kinase, nucleus (No1)",False,True,0.0,0.0,inf,inf,True,True
r_0573No1,"inositol-1,4,5,6- tetrakisphosphate 3-kinase, nucleus (No1)",False,True,0.0,0.0,inf,inf,True,True
r_0574No1,"inositol-1,4,5-triphosphate 6-kinase, nucleus (No1)",False,True,0.0,0.0,inf,inf,True,True
r_0575No1,"inositol-1,4,5-trisphosphate 3-kinase, nucleus (No1)",False,True,0.0,0.0,inf,inf,True,True
r_0596No1,IPS phospholipase C (No1),False,True,0.0,0.0,inf,inf,True,False
r_0597No1,IPS phospholipase C (No1),False,True,0.0,0.0,inf,inf,True,False
r_0598No1,IPS phospholipase C (No1),False,True,0.0,0.0,inf,inf,True,False
r_0599No1,IPS phospholipase C (No1),False,True,0.0,0.0,inf,inf,True,False
r_0600No1,IPS phospholipase C (No1),False,True,0.0,0.0,inf,inf,True,False
r_0601No1,IPS phospholipase C (No1),False,True,0.0,0.0,inf,inf,True,False
r_0602No1,IPS phospholipase C (No1),False,True,0.0,0.0,inf,inf,True,False
r_0603No1,IPS phospholipase C (No1),False,True,0.0,0.0,inf,inf,True,False
r_0604No1,IPS phospholipase C (No1),False,True,0.0,0.0,inf,inf,True,False
r_0605No1,IPS phospholipase C (No1),False,True,0.0,0.0,inf,inf,True,False
r_0606No1,IPS phospholipase C (No1),False,True,0.0,0.0,inf,inf,True,False
r_0607No1,IPS phospholipase C (No1),False,True,0.0,0.0,inf,inf,True,False
r_0608No1,IPS phospholipase C (No1),False,True,0.0,0.0,inf,inf,True,False
r_0609No1,IPS phospholipase C (No1),False,True,0.0,0.0,inf,inf,True,False
r_0610No1,IPS phospholipase C (No1),False,True,0.0,0.0,inf,inf,True,False
r_0611No1,IPS phospholipase C (No1),False,True,0.0,0.0,inf,inf,True,False
r_0612No1,IPS phospholipase C (No1),False,True,0.0,0.0,inf,inf,True,False
r_0613No1,IPS phospholipase C (No1),False,True,0.0,0.0,inf,inf,True,False
r_0614No1,IPS phospholipase C (No1),False,True,0.0,0.0,inf,inf,True,False
r_0615No1,IPS phospholipase C (No1),False,True,0.0,0.0,inf,inf,True,False
r_0616No1,IPS phospholipase C (No1),False,True,0.0,0.0,inf,inf,True,False
r_0617No1,IPS phospholipase C (No1),False,True,0.0,0.0,inf,inf,True,False
r_0618No1,IPS phospholipase C (No1),False,True,0.0,0.0,inf,inf,True,False
r_0619No1,IPS phospholipase C (No1),False,True,0.0,0.0,inf,inf,True,False
r_0620No1,IPS phospholipase C (No1),False,True,0.0,0.0,inf,inf,True,False
r_0621No1,IPS phospholipase C (No1),False,True,0.0,0.0,inf,inf,True,False
r_0622No1,IPS phospholipase C (No1),False,True,0.0,0.0,inf,inf,True,False
r_0623No1,IPS phospholipase C (No1),False,True,0.0,0.0,inf,inf,True,False
r_0624No1,IPS phospholipase C (No1),False,True,0.0,0.0,inf,inf,True,False
r_0625No1,IPS phospholipase C (No1),False,True,0.0,0.0,inf,inf,True,False
r_0626No1,IPS phospholipase C (No1),False,True,0.0,0.0,inf,inf,True,False
r_0627No1,IPS phospholipase C (No1),False,True,0.0,0.0,inf,inf,True,False
r_0628No1,IPS phospholipase C (No1),False,True,0.0,0.0,inf,inf,True,False
r_0629No1,IPS phospholipase C (No1),False,True,0.0,0.0,inf,inf,True,False
r_0630No1,IPS phospholipase C (No1),False,True,0.0,0.0,inf,inf,True,False
r_0631No1,IPS phospholipase C (No1),False,True,0.0,0.0,inf,inf,True,False
r_0632No1,IPS phospholipase C (No1),False,True,0.0,0.0,inf,inf,True,False
r_0633No1,IPS phospholipase C (No1),False,True,0.0,0.0,inf,inf,True,False
r_0634No1,IPS phospholipase C (No1),False,True,0.0,0.0,inf,inf,True,False
r_0635No1,IPS phospholipase C (No1),False,True,0.0,0.0,inf,inf,True,False
r_0636No1,IPS phospholipase C (No1),False,True,0.0,0.0,inf,inf,True,False
r_0637No1,IPS phospholipase C (No1),False,True,0.0,0.0,inf,inf,True,False
r_0638No1,IPS phospholipase C (No1),False,True,0.0,0.0,inf,inf,True,False
r_0639No1,IPS phospholipase C (No1),False,True,0.0,0.0,inf,inf,True,False
r_0640No1,IPS phospholipase C (No1),False,True,0.0,0.0,inf,inf,True,False
r_0641No1,IPS phospholipase C (No1),False,True,0.0,0.0,inf,inf,True,False
r_0642No1,IPS phospholipase C (No1),False,True,0.0,0.0,inf,inf,True,False
r_0643No1,IPS phospholipase C (No1),False,True,0.0,0.0,inf,inf,True,False
r_0644No1,IPS phospholipase C (No1),False,True,0.0,0.0,inf,inf,True,False
r_0645No1,IPS phospholipase C (No1),False,True,0.0,0.0,inf,inf,True,False
r_0646No1,IPS phospholipase C (No1),False,True,0.0,0.0,inf,inf,True,False
r_0647No1,IPS phospholipase C (No1),False,True,0.0,0.0,inf,inf,True,False
r_0648No1,IPS phospholipase C (No1),False,True,0.0,0.0,inf,inf,True,False
r_0649No1,IPS phospholipase C (No1),False,True,0.0,0.0,inf,inf,True,False
r_0650No1,IPS phospholipase C (No1),False,True,0.0,0.0,inf,inf,True,False
r_0651No1,IPS phospholipase C (No1),False,True,0.0,0.0,inf,inf,True,False
r_0652No1,IPS phospholipase C (No1),False,True,0.0,0.0,inf,inf,True,False
r_0653No1,IPS phospholipase C (No1),False,True,0.0,0.0,inf,inf,True,False
r_0654No1,IPS phospholipase C (No1),False,True,0.0,0.0,inf,inf,True,False
r_0655No1,IPS phospholipase C (No1),False,True,0.0,0.0,inf,inf,True,False
r_0656No1,isoamyl acetate-hydrolyzing esterase (No1),False,True,0.0,0.0,inf,inf,True,True
r_0657No1,isobutyl acetate-hydrolyzing esterase (No1),False,True,0.0,0.0,inf,inf,True,True
r_0658No1,isocitrate dehydrogenase (NAD+) (No1),False,True,0.0,0.0,inf,inf,True,False
r_0659No1,isocitrate dehydrogenase (NADP) (No1),False,True,0.0,0.0,inf,inf,True,False
r_0661No1,"isocitrate dehydrogenase (NADP+), peroxisomal (No1)",False,True,0.0,0.0,inf,inf,True,False
r_0662No1,isocitrate lyase (No1),False,True,0.0,0.0,inf,inf,True,False
r_0663No1,isoleucine transaminase (No1),False,True,0.0,0.0,inf,inf,True,False
r_0664No1,isoleucine transaminase (No1),False,True,0.0,0.0,inf,inf,True,False
r_0665No1,isoleucyl-tRNA synthetase (No1),False,True,0.0,0.0,inf,inf,True,False
r_0666No1,isoleucyl-tRNA synthetase (No1),False,True,0.0,0.0,inf,inf,True,False
r_0667No1,isopentenyl-diphosphate D-isomerase (No1),False,True,0.0,0.0,inf,inf,True,False
r_0668No1,itaconate-CoA ligase (ADP-forming) (No1),False,True,0.0,0.0,inf,inf,True,False
r_0669No1,ketol-acid reductoisomerase (2-aceto-2-hydroxybutanoate) (No1),False,True,0.0,0.0,inf,inf,True,True
r_0670No1,kynureninase (No1),False,True,0.0,0.0,inf,inf,True,True
r_0671No1,kynurenine 3-monooxygenase (No1),False,True,0.0,0.0,inf,inf,True,True
r_0672No1,L-1-pyrroline-3-hydroxy-5-carboxylate dehydrogenase (No1),False,True,0.0,0.0,inf,inf,True,True
r_0673No1,L-4-hydroxyglutamate semialdehyde dehydrogenase (No1),False,True,0.0,0.0,inf,inf,True,True
r_0674No1,L-alanine transaminase (No1),False,True,0.0,0.0,inf,inf,True,False
r_0675No1,L-allo-threonine aldolase (No1),False,True,0.0,0.0,inf,inf,True,False
r_0678No1,L-aminoadipate-semialdehyde dehydrogenase (NADPH) (No1),False,True,0.0,0.0,inf,inf,True,True
r_0679No1,L-asparaginase (No1),False,True,0.0,0.0,inf,inf,True,False
r_0680No1,L-asparaginase (No1),False,True,0.0,0.0,inf,inf,True,False
r_0680No2,L-asparaginase (No2),False,True,0.0,0.0,inf,inf,True,False
r_0680No3,L-asparaginase (No3),False,True,0.0,0.0,inf,inf,True,False
r_0680No4,L-asparaginase (No4),False,True,0.0,0.0,inf,inf,True,False
r_0681No1,L-erythro-4-hydroxyglutamate:2-oxoglutarate aminotransferase (No1),False,True,0.0,0.0,inf,inf,True,False
r_0682No1,L-erythro-4-hydroxyglutamate:2-oxoglutarate aminotransferase (No1),False,True,0.0,0.0,inf,inf,True,False
r_0683No1,L-erythro-4-hydroxyglutamate:2-oxoglutarate aminotransferase (No1),False,True,0.0,0.0,inf,inf,True,False
r_0687No1,L-hydroxyproline reductase (NADP) (No1),False,True,0.0,0.0,inf,inf,True,True
r_0688No1,L-lactaldehyde:NADP+ 1-oxidoreductase (No1),False,True,0.0,0.0,inf,inf,True,False
r_0688No2,L-lactaldehyde:NADP+ 1-oxidoreductase (No2),False,True,0.0,0.0,inf,inf,True,False
r_0689No1,L-serine deaminase (No1),False,True,0.0,0.0,inf,inf,True,False
r_0691No1,L-sorbitol dehydrogenase (L-sorbose-producing) (No1),False,True,0.0,0.0,inf,inf,True,True
r_0692No1,L-threonine deaminase (No1),False,True,0.0,0.0,inf,inf,True,False
r_0693No1,L-threonine deaminase (No1),False,True,0.0,0.0,inf,inf,True,False
r_0694No1,"L-tryptophan:oxygen 2,3-oxidoreductase (decyclizing) (No1)",False,True,0.0,0.0,inf,inf,True,False
r_0697No1,lactoylglutathione lyase (No1),False,True,0.0,0.0,inf,inf,True,False
r_0698No1,lanosterol synthase (No1),False,True,0.0,0.0,inf,inf,True,False
r_0699No1,leucine transaminase (No1),False,True,0.0,0.0,inf,inf,True,False
r_0700No1,leucine transaminase (No1),False,True,0.0,0.0,inf,inf,True,False
r_0702No1,leucyl-tRNA synthetase (No1),False,True,0.0,0.0,inf,inf,True,False
r_0703No1,leukotriene A4 hydrolase (No1),False,True,0.0,0.0,inf,inf,True,False
r_0704No1,leukotriene A4 hydrolase (No1),False,True,0.0,0.0,inf,inf,True,False
r_0705No1,leukotriene A4 hydrolase (No1),False,True,0.0,0.0,inf,inf,True,False
r_0706No1,leukotriene A4 hydrolase (No1),False,True,0.0,0.0,inf,inf,True,False
r_0707No1,leukotriene A4 hydrolase (No1),False,True,0.0,0.0,inf,inf,True,False
r_0708No1,leukotriene A4 hydrolase (No1),False,True,0.0,0.0,inf,inf,True,False
r_0711No1,lysyl-tRNA synthetase (No1),False,True,0.0,0.0,inf,inf,True,False
r_0712No1,lysyl-tRNA synthetase (No1),False,True,0.0,0.0,inf,inf,True,False
r_0713No1,malate dehydrogenase (No1),False,True,0.0,0.0,inf,inf,True,True
r_0714No1,"malate dehydrogenase, cytoplasmic (No1)",False,True,0.0,0.0,inf,inf,True,True
r_0715No1,"malate dehydrogenase, peroxisomal (No1)",False,True,0.0,0.0,inf,inf,True,True
r_0716No1,malate synthase (No1),False,True,0.0,0.0,inf,inf,True,True
r_0716No2,malate synthase (No2),False,True,0.0,0.0,inf,inf,True,True
r_0717No1,malate synthase (No1),False,True,0.0,0.0,inf,inf,True,True
r_0718No1,malic enzyme (NAD) (No1),False,True,0.0,0.0,inf,inf,True,False
r_0719No1,malic enzyme (NADP) (No1),False,True,0.0,0.0,inf,inf,True,False
r_0721No1,malonyl-CoA-ACP transacylase (No1),False,True,0.0,0.0,inf,inf,True,False
r_0722No1,mannose-1-phosphate guanylyltransferase (No1),False,True,0.0,0.0,inf,inf,True,True
r_0723No1,mannose-6-phosphate isomerase (No1),False,True,0.0,0.0,inf,inf,True,False
r_0724No1,methenyltetrahydrifikate cyclohydrolase (No1),False,True,0.0,0.0,inf,inf,True,True
r_0725No1,methenyltetrahydrofolate cyclohydrolase (No1),False,True,0.0,0.0,inf,inf,True,True
r_0726No1,methionine adenosyltransferase (No1),False,True,0.0,0.0,inf,inf,True,False
r_0726No2,methionine adenosyltransferase (No2),False,True,0.0,0.0,inf,inf,True,False
r_0727No1,methionine synthase (No1),False,True,0.0,0.0,inf,inf,True,True
r_0728No1,methionyl-tRNA formyltransferase (No1),False,True,0.0,0.0,inf,inf,True,True
r_0729No1,methionyl-tRNA synthetase (No1),False,True,0.0,0.0,inf,inf,True,False
r_0730No1,methionyl-tRNA synthetase (No1),False,True,0.0,0.0,inf,inf,True,False
r_0731No1,methylenetetrahydrofolate dehydrogenase (NAD) (No1),False,True,0.0,0.0,inf,inf,True,False
r_0732No1,methylenetetrahydrofolate dehydrogenase (NADP) (No1),False,True,0.0,0.0,inf,inf,True,False
r_0733No1,methylenetetrahydrofolate dehydrogenase (NADP) (No1),False,True,0.0,0.0,inf,inf,True,False
r_0734No1,methylisocitrate lyase (No1),False,True,0.0,0.0,inf,inf,True,False
r_0735No1,mevalonate kinase (atp) (No1),False,True,0.0,0.0,inf,inf,True,True
r_0736No1,mevalonate kinase (ctp) (No1),False,True,0.0,0.0,inf,inf,True,True
r_0737No1,mevalonate kinase (gtp) (No1),False,True,0.0,0.0,inf,inf,True,True
r_0738No1,mevalonate kinase (UTP) (No1),False,True,0.0,0.0,inf,inf,True,True
r_0739No1,mevalonate pyrophoshate decarboxylase (No1),False,True,0.0,0.0,inf,inf,True,False
r_0747No1,MIPC synthase (No1),False,True,0.0,0.0,inf,inf,True,False
r_0747No2,MIPC synthase (No2),False,True,0.0,0.0,inf,inf,True,False
r_0748No1,MIPC synthase (No1),False,True,0.0,0.0,inf,inf,True,False
r_0748No2,MIPC synthase (No2),False,True,0.0,0.0,inf,inf,True,False
r_0749No1,MIPC synthase (No1),False,True,0.0,0.0,inf,inf,True,False
r_0749No2,MIPC synthase (No2),False,True,0.0,0.0,inf,inf,True,False
r_0750No1,MIPC synthase (No1),False,True,0.0,0.0,inf,inf,True,False
r_0750No2,MIPC synthase (No2),False,True,0.0,0.0,inf,inf,True,False
r_0751No1,MIPC synthase (No1),False,True,0.0,0.0,inf,inf,True,False
r_0751No2,MIPC synthase (No2),False,True,0.0,0.0,inf,inf,True,False
r_0752No1,MIPC synthase (No1),False,True,0.0,0.0,inf,inf,True,False
r_0752No2,MIPC synthase (No2),False,True,0.0,0.0,inf,inf,True,False
r_0753No1,MIPC synthase (No1),False,True,0.0,0.0,inf,inf,True,False
r_0753No2,MIPC synthase (No2),False,True,0.0,0.0,inf,inf,True,False
r_0754No1,MIPC synthase (No1),False,True,0.0,0.0,inf,inf,True,False
r_0754No2,MIPC synthase (No2),False,True,0.0,0.0,inf,inf,True,False
r_0755No1,MIPC synthase (No1),False,True,0.0,0.0,inf,inf,True,False
r_0755No2,MIPC synthase (No2),False,True,0.0,0.0,inf,inf,True,False
r_0756No1,MIPC synthase (No1),False,True,0.0,0.0,inf,inf,True,False
r_0756No2,MIPC synthase (No2),False,True,0.0,0.0,inf,inf,True,False
r_0757No1,myo-inositol 1-phosphatase (No1),False,True,0.0,0.0,inf,inf,True,False
r_0757No2,myo-inositol 1-phosphatase (No2),False,True,0.0,0.0,inf,inf,True,False
r_0758No1,myo-inositol-1-phosphate synthase (No1),False,True,0.0,0.0,inf,inf,True,False
r_0759No1,N-acetyl-g-glutamyl-phosphate reductase (No1),False,True,0.0,0.0,inf,inf,True,True
r_0760No1,N-acetylglucosamine-6-phosphate synthase (No1),False,True,0.0,0.0,inf,inf,True,True
r_0761No1,N-acteylglutamate synthase (No1),False,True,0.0,0.0,inf,inf,True,True
r_0761No2,N-acteylglutamate synthase (No2),False,True,0.0,0.0,inf,inf,True,True
r_0762No1,N-formyl-L-kynurenine amidohydrolase (No1),False,True,0.0,0.0,inf,inf,True,True
r_0763No1,N-formyltyrosine oxidase (No1),False,True,0.0,0.0,inf,inf,True,True
r_0764No1,NAD diphosphatase (No1),False,True,0.0,0.0,inf,inf,True,True
r_0765No1,NAD kinase (No1),False,True,0.0,0.0,inf,inf,True,True
r_0765No2,NAD kinase (No2),False,True,0.0,0.0,inf,inf,True,True
r_0766No1,NAD kinase (No1),False,True,0.0,0.0,inf,inf,True,True
r_0766No2,NAD kinase (No2),False,True,0.0,0.0,inf,inf,True,True
r_0766No3,NAD kinase (No3),False,True,0.0,0.0,inf,inf,True,True
r_0767No1,NAD nucleosidase nuclear (No1),False,True,0.0,0.0,inf,inf,True,True
r_0767No2,NAD nucleosidase nuclear (No2),False,True,0.0,0.0,inf,inf,True,True
r_0767No3,NAD nucleosidase nuclear (No3),False,True,0.0,0.0,inf,inf,True,True
r_0767No4,NAD nucleosidase nuclear (No4),False,True,0.0,0.0,inf,inf,True,True
r_0767No5,NAD nucleosidase nuclear (No5),False,True,0.0,0.0,inf,inf,True,True
r_0768No1,NAD synthase (No1),False,True,0.0,0.0,inf,inf,True,True
r_0769No1,NAD synthase (No1),False,True,0.0,0.0,inf,inf,True,True
r_0770No1,"NADH dehydrogenase, cytosolic/mitochondrial (No1)",False,True,0.0,0.0,inf,inf,True,False
r_0770No2,"NADH dehydrogenase, cytosolic/mitochondrial (No2)",False,True,0.0,0.0,inf,inf,True,False
r_0771No1,NADH kinase (No1),False,True,0.0,0.0,inf,inf,True,True
r_0771No2,NADH kinase (No2),False,True,0.0,0.0,inf,inf,True,True
r_0772No1,NADH kinase mitochondrial (No1),False,True,0.0,0.0,inf,inf,True,True
r_0772No2,NADH kinase mitochondrial (No2),False,True,0.0,0.0,inf,inf,True,True
r_0772No3,NADH kinase mitochondrial (No3),False,True,0.0,0.0,inf,inf,True,True
r_0773No1,NADH:ubiquinone oxidoreductase (No1),False,True,0.0,0.0,inf,inf,True,True
r_0774No1,NAPRtase (No1),False,True,0.0,0.0,inf,inf,True,True
r_0775No1,NAPRtase (No1),False,True,0.0,0.0,inf,inf,True,True
r_0781No1,nicotinamidase (No1),False,True,0.0,0.0,inf,inf,True,False
r_0782No1,nicotinamide N-methyltransferase (No1),False,True,0.0,0.0,inf,inf,True,False
r_0783No1,nicotinamide-nucleotide adenylyltransferase (No1),False,True,0.0,0.0,inf,inf,True,True
r_0784No1,nicotinamide-nucleotide adenylyltransferase (No1),False,True,0.0,0.0,inf,inf,True,False
r_0784No2,nicotinamide-nucleotide adenylyltransferase (No2),False,True,0.0,0.0,inf,inf,True,False
r_0785No1,nicotinate-nucleotide adenylyltransferase (No1),False,True,0.0,0.0,inf,inf,True,False
r_0785No2,nicotinate-nucleotide adenylyltransferase (No2),False,True,0.0,0.0,inf,inf,True,False
r_0786No1,nicotinate-nucleotide diphosphorylase (carboxylating) (No1),False,True,0.0,0.0,inf,inf,True,True
r_0787No1,nicotinate-nucleotide diphosphorylase (carboxylating) (No1),False,True,0.0,0.0,inf,inf,True,True
r_0788No1,nucleoside diphosphatase (No1),False,True,0.0,0.0,inf,inf,True,True
r_0789No1,nucleoside diphosphatase (No1),False,True,0.0,0.0,inf,inf,True,True
r_0790No1,nucleoside diphosphatase (No1),False,True,0.0,0.0,inf,inf,True,True
r_0791No1,nucleoside diphosphatase (No1),False,True,0.0,0.0,inf,inf,True,True
r_0792No1,nucleoside diphosphatase (No1),False,True,0.0,0.0,inf,inf,True,True
r_0793No1,nucleoside diphosphatase (No1),False,True,0.0,0.0,inf,inf,True,True
r_0795No1,nucleoside diphosphate kinase (No1),False,True,0.0,0.0,inf,inf,True,False
r_0796No1,nucleoside diphosphate kinase (No1),False,True,0.0,0.0,inf,inf,True,False
r_0797No1,nucleoside diphosphate kinase (No1),False,True,0.0,0.0,inf,inf,True,False
r_0798No1,nucleoside diphosphate kinase (No1),False,True,0.0,0.0,inf,inf,True,False
r_0799No1,nucleoside diphosphate kinase (No1),False,True,0.0,0.0,inf,inf,True,False
r_0800No1,nucleoside diphosphate kinase (No1),False,True,0.0,0.0,inf,inf,True,False
r_0801No1,nucleoside diphosphate kinase (No1),False,True,0.0,0.0,inf,inf,True,False
r_0802No1,nucleoside diphosphate kinase (No1),False,True,0.0,0.0,inf,inf,True,False
r_0803No1,nucleoside diphosphate kinase (No1),False,True,0.0,0.0,inf,inf,True,False
r_0804No1,nucleoside triphosphatase (No1),False,True,0.0,0.0,inf,inf,True,True
r_0805No1,nucleoside triphosphatase (No1),False,True,0.0,0.0,inf,inf,True,True
r_0806No1,nucleoside triphosphatase (No1),False,True,0.0,0.0,inf,inf,True,True
r_0807No1,nucleoside triphosphatase (No1),False,True,0.0,0.0,inf,inf,True,True
r_0810No1,"nucleoside-diphosphatase (GDP), Golgi (No1)",False,True,0.0,0.0,inf,inf,True,True
r_0811No1,nucleoside-diphosphate kinase (ATP:UDP) (No1),False,True,0.0,0.0,inf,inf,True,False
r_0812No1,O-acetylhomoserine (thiol)-lyase (No1),False,True,0.0,0.0,inf,inf,True,True
r_0813No1,O-acetylhomoserine (thiol)-lyase (No1),False,True,0.0,0.0,inf,inf,True,True
r_0815No1,O-succinylhomoserine lyase (L-cysteine) (No1),False,True,0.0,0.0,inf,inf,True,True
r_0816No1,ornithine carbamoyltransferase (No1),False,True,0.0,0.0,inf,inf,True,True
r_0817No1,ornithine decarboxylase (No1),False,True,0.0,0.0,inf,inf,True,True
r_0818No1,ornithine transacetylase (No1),False,True,0.0,0.0,inf,inf,True,False
r_0819No1,ornithine transaminase (No1),False,True,0.0,0.0,inf,inf,True,False
r_0820No1,orotate phosphoribosyltransferase (No1),False,True,0.0,0.0,inf,inf,True,False
r_0820No2,orotate phosphoribosyltransferase (No2),False,True,0.0,0.0,inf,inf,True,False
r_0821No1,orotidine-5'-phosphate decarboxylase (No1),False,True,0.0,0.0,inf,inf,True,True
r_0831No1,oxoglutarate dehydrogenase (dihydrolipoamide S-succinyltransferase) (No1),False,True,0.0,0.0,inf,inf,True,False
r_0832No1,oxoglutarate dehydrogenase (lipoamide) (No1),False,True,0.0,0.0,inf,inf,True,True
r_0841No1,pantetheine-phosphate adenylyltransferase (No1),False,True,0.0,0.0,inf,inf,True,True
r_0842No1,pantothenate kinase (No1),False,True,0.0,0.0,inf,inf,True,True
r_0843No1,pantothenate synthase (No1),False,True,0.0,0.0,inf,inf,True,True
r_0851No1,phenylalanine transaminase (No1),False,True,0.0,0.0,inf,inf,True,False
r_0852No1,phenylalanyl-tRNA synthetase (No1),False,True,0.0,0.0,inf,inf,True,False
r_0853No1,phenylalanyl-tRNA synthetase (No1),False,True,0.0,0.0,inf,inf,True,False
r_0854No1,phenylpyruvate decarboxylase (No1),False,True,0.0,0.0,inf,inf,True,True
r_0855No1,phopshoribosylaminoimidazole synthetase (No1),False,True,0.0,0.0,inf,inf,True,True
r_0882No1,phosphoacetylglucosamine mutase (No1),False,True,0.0,0.0,inf,inf,True,False
r_0883No1,phosphoadenylyl-sulfate reductase (thioredoxin) (No1),False,True,0.0,0.0,inf,inf,True,True
r_0883No2,phosphoadenylyl-sulfate reductase (thioredoxin) (No2),False,True,0.0,0.0,inf,inf,True,True
r_0884No1,phosphoenolpyruvate carboxykinase (No1),False,True,0.0,0.0,inf,inf,True,False
r_0885No1,phosphoethanolamine cytidyltransferase (No1),False,True,0.0,0.0,inf,inf,True,True
r_0886No1,phosphofructokinase (No1),False,True,0.0,0.0,inf,inf,True,True
r_0887No1,phosphofructokinase (s7p) (No1),False,True,0.0,0.0,inf,inf,True,True
r_0888No1,phosphoglucomutase (No1),False,True,0.0,0.0,inf,inf,True,False
r_0888No2,phosphoglucomutase (No2),False,True,0.0,0.0,inf,inf,True,False
r_0889No1,phosphogluconate dehydrogenase (No1),False,True,0.0,0.0,inf,inf,True,False
r_0889No2,phosphogluconate dehydrogenase (No2),False,True,0.0,0.0,inf,inf,True,False
r_0890No1,phosphoglucosamine mutase (No1),False,True,0.0,0.0,inf,inf,True,False
r_0891No1,phosphoglycerate dehydrogenase (No1),False,True,0.0,0.0,inf,inf,True,True
r_0891No2,phosphoglycerate dehydrogenase (No2),False,True,0.0,0.0,inf,inf,True,True
r_0892No1,phosphoglycerate kinase (No1),False,True,0.0,0.0,inf,inf,True,False
r_0893No1,phosphoglycerate mutase (No1),False,True,0.0,0.0,inf,inf,True,False
r_0902No1,phosphomannomutase (No1),False,True,0.0,0.0,inf,inf,True,False
r_0903No1,phosphomethylpyrimidine kinase (No1),False,True,0.0,0.0,inf,inf,True,False
r_0903No2,phosphomethylpyrimidine kinase (No2),False,True,0.0,0.0,inf,inf,True,False
r_0903No3,phosphomethylpyrimidine kinase (No3),False,True,0.0,0.0,inf,inf,True,False
r_0904No1,phosphomevalonate kinase (No1),False,True,0.0,0.0,inf,inf,True,False
r_0905No1,phosphopantothenate-cysteine ligase (No1),False,True,0.0,0.0,inf,inf,True,True
r_0907No1,phosphopentomutase (No1),False,True,0.0,0.0,inf,inf,True,False
r_0907No2,phosphopentomutase (No2),False,True,0.0,0.0,inf,inf,True,False
r_0907No3,phosphopentomutase (No3),False,True,0.0,0.0,inf,inf,True,False
r_0908No1,phosphoribosyl amino imidazolesuccinocarbozamide synthetase (No1),False,True,0.0,0.0,inf,inf,True,True
r_0909No1,phosphoribosyl-AMP cyclohydrolase (No1),False,True,0.0,0.0,inf,inf,True,False
r_0910No1,phosphoribosyl-ATP pyrophosphatase (No1),False,True,0.0,0.0,inf,inf,True,True
r_0911No1,phosphoribosylaminoimidazole-carboxylase (No1),False,True,0.0,0.0,inf,inf,True,True
r_0912No1,phosphoribosylaminoimidazolecarboxamide formyltransferase (No1),False,True,0.0,0.0,inf,inf,True,False
r_0912No2,phosphoribosylaminoimidazolecarboxamide formyltransferase (No2),False,True,0.0,0.0,inf,inf,True,False
r_0913No1,phosphoribosylanthranilate isomerase (No1),False,True,0.0,0.0,inf,inf,True,False
r_0914No1,phosphoribosylglycinamidine synthetase (No1),False,True,0.0,0.0,inf,inf,True,True
r_0915No1,phosphoribosylpyrophosphate amidotransferase (No1),False,True,0.0,0.0,inf,inf,True,False
r_0916No1,phosphoribosylpyrophosphate synthetase (No1),False,True,0.0,0.0,inf,inf,True,True
r_0916No2,phosphoribosylpyrophosphate synthetase (No2),False,True,0.0,0.0,inf,inf,True,True
r_0916No3,phosphoribosylpyrophosphate synthetase (No3),False,True,0.0,0.0,inf,inf,True,True
r_0917No1,phosphoserine phosphatase (L-serine) (No1),False,True,0.0,0.0,inf,inf,True,False
r_0918No1,phosphoserine transaminase (No1),False,True,0.0,0.0,inf,inf,True,False
r_0920No1,phytoceramidase (No1),False,True,0.0,0.0,inf,inf,True,False
r_0922No1,phytosphingosine synthesis (No1),False,True,0.0,0.0,inf,inf,True,True
r_0929No1,polyamine oxidase (No1),False,True,0.0,0.0,inf,inf,True,False
r_0935No1,porphobilinogen synthase (No1),False,True,0.0,0.0,inf,inf,True,True
r_0936No1,poylamine oxidase (No1),False,True,0.0,0.0,inf,inf,True,False
r_0937No1,poylamine oxidase (No1),False,True,0.0,0.0,inf,inf,True,False
r_0938No1,prephenate dehydratase (No1),False,True,0.0,0.0,inf,inf,True,True
r_0939No1,prephenate dehydrogenase (NADP) (No1),False,True,0.0,0.0,inf,inf,True,False
r_0940No1,proline oxidase (NAD) (No1),False,True,0.0,0.0,inf,inf,True,False
r_0941No1,prolyl-tRNA synthetase (No1),False,True,0.0,0.0,inf,inf,True,True
r_0942No1,protoporphyrinogen oxidase (No1),False,True,0.0,0.0,inf,inf,True,False
r_0943No1,purine-nucleoside phosphorylase (No1),False,True,0.0,0.0,inf,inf,True,True
r_0949No1,guanosine phosphorylase (No1),False,True,0.0,0.0,inf,inf,True,False
r_0950No1,guanosine phosphorylase (No1),False,True,0.0,0.0,inf,inf,True,False
r_0951No1,inosine phosphorylase (No1),False,True,0.0,0.0,inf,inf,True,False
r_0953No1,pyridoxal oxidase (No1),False,True,0.0,0.0,inf,inf,True,False
r_0954No1,pyridoxamine 5'-phosphate oxidase (No1),False,True,0.0,0.0,inf,inf,True,False
r_0955No1,pyridoxine 5'-phosphate oxidase (No1),False,True,0.0,0.0,inf,inf,True,False
r_0956No1,pyridoxine oxidase (No1),False,True,0.0,0.0,inf,inf,True,False
r_0957No1,pyrroline-5-carboxylate reductase (No1),False,True,0.0,0.0,inf,inf,True,True
r_0958No1,pyruvate carboxylase (No1),False,True,0.0,0.0,inf,inf,True,True
r_0958No2,pyruvate carboxylase (No2),False,True,0.0,0.0,inf,inf,True,True
r_0959No1,pyruvate decarboxylase (No1),False,True,0.0,0.0,inf,inf,True,False
r_0959No2,pyruvate decarboxylase (No2),False,True,0.0,0.0,inf,inf,True,False
r_0959No3,pyruvate decarboxylase (No3),False,True,0.0,0.0,inf,inf,True,False
r_0960No1,pyruvate decarboxylase (acetoin-forming) (No1),False,True,0.0,0.0,inf,inf,True,False
r_0960No2,pyruvate decarboxylase (acetoin-forming) (No2),False,True,0.0,0.0,inf,inf,True,False
r_0960No3,pyruvate decarboxylase (acetoin-forming) (No3),False,True,0.0,0.0,inf,inf,True,False
r_0961No1,pyruvate dehydrogenase (No1),False,True,0.0,0.0,inf,inf,True,False
r_0962No1,pyruvate kinase (No1),False,True,0.0,0.0,inf,inf,True,False
r_0962No2,pyruvate kinase (No2),False,True,0.0,0.0,inf,inf,True,False
r_0963No1,quinone oxidoreductase (No1),False,True,0.0,0.0,inf,inf,True,True
r_0965No1,riboflavin kinase (No1),False,True,0.0,0.0,inf,inf,True,True
r_0966No1,riboflavin kinase (No1),False,True,0.0,0.0,inf,inf,True,True
r_0967No1,riboflavin synthase (No1),False,True,0.0,0.0,inf,inf,True,False
r_0968No1,riboflavin synthase (No1),False,True,0.0,0.0,inf,inf,True,False
r_0969No1,ribokinase (No1),False,True,0.0,0.0,inf,inf,True,True
r_0974No1,ribonucleotide reductase (No1),False,True,0.0,0.0,inf,inf,True,False
r_0974No2,ribonucleotide reductase (No2),False,True,0.0,0.0,inf,inf,True,False
r_0974No3,ribonucleotide reductase (No3),False,True,0.0,0.0,inf,inf,True,False
r_0974No4,ribonucleotide reductase (No4),False,True,0.0,0.0,inf,inf,True,False
r_0975No1,ribonucleotide reductase (No1),False,True,0.0,0.0,inf,inf,True,False
r_0975No2,ribonucleotide reductase (No2),False,True,0.0,0.0,inf,inf,True,False
r_0975No3,ribonucleotide reductase (No3),False,True,0.0,0.0,inf,inf,True,False
r_0975No4,ribonucleotide reductase (No4),False,True,0.0,0.0,inf,inf,True,False
r_0976No1,ribonucleotide reductase (No1),False,True,0.0,0.0,inf,inf,True,False
r_0976No2,ribonucleotide reductase (No2),False,True,0.0,0.0,inf,inf,True,False
r_0976No3,ribonucleotide reductase (No3),False,True,0.0,0.0,inf,inf,True,False
r_0976No4,ribonucleotide reductase (No4),False,True,0.0,0.0,inf,inf,True,False
r_0977No1,ribonucleotide reductase (No1),False,True,0.0,0.0,inf,inf,True,False
r_0977No2,ribonucleotide reductase (No2),False,True,0.0,0.0,inf,inf,True,False
r_0977No3,ribonucleotide reductase (No3),False,True,0.0,0.0,inf,inf,True,False
r_0977No4,ribonucleotide reductase (No4),False,True,0.0,0.0,inf,inf,True,False
r_0978No1,ribonucleotide reductase (No1),False,True,0.0,0.0,inf,inf,True,False
r_0978No2,ribonucleotide reductase (No2),False,True,0.0,0.0,inf,inf,True,False
r_0978No3,ribonucleotide reductase (No3),False,True,0.0,0.0,inf,inf,True,False
r_0978No4,ribonucleotide reductase (No4),False,True,0.0,0.0,inf,inf,True,False
r_0979No1,ribonucleotide reductase (No1),False,True,0.0,0.0,inf,inf,True,False
r_0979No2,ribonucleotide reductase (No2),False,True,0.0,0.0,inf,inf,True,False
r_0979No3,ribonucleotide reductase (No3),False,True,0.0,0.0,inf,inf,True,False
r_0979No4,ribonucleotide reductase (No4),False,True,0.0,0.0,inf,inf,True,False
r_0982No1,ribose-5-phosphate isomerase (No1),False,True,0.0,0.0,inf,inf,True,False
r_0983No1,ribosylnicotinamide kinase (No1),False,True,0.0,0.0,inf,inf,True,True
r_0984No1,ribulose 5-phosphate 3-epimerase (No1),False,True,0.0,0.0,inf,inf,True,False
r_0985No1,"S-adenosyl-L-methionine:3-hexaprenyl-4,5-dihydroxylate O-methyltransferase (No1)",False,True,0.0,0.0,inf,inf,True,True
r_0986No1,S-adenosyl-methionine delta-24-sterol-c-methyltransferase (No1),False,True,0.0,0.0,inf,inf,True,True
r_0987No1,S-formylglutathione hydralase (No1),False,True,0.0,0.0,inf,inf,True,True
r_0988No1,"saccharopine dehydrogenase (NAD, L-lysine forming) (No1)",False,True,0.0,0.0,inf,inf,True,True
r_0989No1,"saccharopine dehydrogenase (NADP, L-glutamate forming) (No1)",False,True,0.0,0.0,inf,inf,True,True
r_0993No1,serine palmitotransferase (No1),False,True,0.0,0.0,inf,inf,True,False
r_0993No2,serine palmitotransferase (No2),False,True,0.0,0.0,inf,inf,True,False
r_0995No1,seryl-tRNA synthetase (No1),False,True,0.0,0.0,inf,inf,True,False
r_0995No2,seryl-tRNA synthetase (No2),False,True,0.0,0.0,inf,inf,True,False
r_0996No1,shikimate dehydrogenase (No1),False,True,0.0,0.0,inf,inf,True,True
r_0997No1,shikimate kinase (No1),False,True,0.0,0.0,inf,inf,True,True
r_0998No1,sirohydrochlorin dehydrogenase (No1),False,True,0.0,0.0,inf,inf,True,True
r_0999No1,sirohydrochlorin ferrochetalase (No1),False,True,0.0,0.0,inf,inf,True,True
r_1001No1,spermidine synthase (No1),False,True,0.0,0.0,inf,inf,True,True
r_1002No1,spermine synthase (No1),False,True,0.0,0.0,inf,inf,True,True
r_1004No1,sphingoid base-phosphate phosphatase (phytosphingosine 1-phosphate) (No1),False,True,0.0,0.0,inf,inf,True,False
r_1004No2,sphingoid base-phosphate phosphatase (phytosphingosine 1-phosphate) (No2),False,True,0.0,0.0,inf,inf,True,False
r_1005No1,sphingoid base-phosphate phosphatase (sphinganine 1-phosphatase) (No1),False,True,0.0,0.0,inf,inf,True,False
r_1005No2,sphingoid base-phosphate phosphatase (sphinganine 1-phosphatase) (No2),False,True,0.0,0.0,inf,inf,True,False
r_1006No1,sphingolipid long chain base kinase (phytosphingosine) (No1),False,True,0.0,0.0,inf,inf,True,True
r_1006No2,sphingolipid long chain base kinase (phytosphingosine) (No2),False,True,0.0,0.0,inf,inf,True,True
r_1007No1,sphingolipid long chain base kinase (sphinganine) (No1),False,True,0.0,0.0,inf,inf,True,True
r_1007No2,sphingolipid long chain base kinase (sphinganine) (No2),False,True,0.0,0.0,inf,inf,True,True
r_1010No1,squalene epoxidase (NAD) (No1),False,True,0.0,0.0,inf,inf,True,True
r_1011No1,squalene epoxidase (NADP) (No1),False,True,0.0,0.0,inf,inf,True,True
r_1012No1,squalene synthase (No1),False,True,0.0,0.0,inf,inf,True,True
r_1021No1,succinate dehydrogenase (ubiquinone-6) (No1),False,True,0.0,0.0,inf,inf,True,False
r_1021No2,succinate dehydrogenase (ubiquinone-6) (No2),False,True,0.0,0.0,inf,inf,True,False
r_1022No1,succinate-CoA ligase (ADP-forming) (No1),False,True,0.0,0.0,inf,inf,True,False
r_1023No1,succinate-semialdehyde dehydrogenase (NADP) (No1),False,True,0.0,0.0,inf,inf,True,True
r_1024No1,sucrose hydrolyzing enxyme (No1),False,True,0.0,0.0,inf,inf,True,False
r_1025No1,sulfate adenylyltransferase (No1),False,True,0.0,0.0,inf,inf,True,True
r_1026No1,sulfate adenylyltransferase (ADP) (No1),False,True,0.0,0.0,inf,inf,True,True
r_1027No1,sulfite reductase (NADPH2) (No1),False,True,0.0,0.0,inf,inf,True,True
r_1029No1,taurine dioxygenase (No1),False,True,0.0,0.0,inf,inf,True,True
r_1030No1,tetrahydrofolate aminomethyltransferase (No1),False,True,0.0,0.0,inf,inf,True,True
r_1031No1,tetrahydrofolate:L-glutamate gamma-ligase (ADP-forming) (No1),False,True,0.0,0.0,inf,inf,True,True
r_1031No2,tetrahydrofolate:L-glutamate gamma-ligase (ADP-forming) (No2),False,True,0.0,0.0,inf,inf,True,True
r_1032No1,thiamin diphosphatase (No1),False,True,0.0,0.0,inf,inf,True,True
r_1033No1,thiamin phosphatase (No1),False,True,0.0,0.0,inf,inf,True,False
r_1034No1,thiamine diphosphokinase (No1),False,True,0.0,0.0,inf,inf,True,True
r_1035No1,thiamine-diphosphate kinase (No1),False,True,0.0,0.0,inf,inf,True,False
r_1036No1,thiamine-phosphate diphosphorylase (No1),False,True,0.0,0.0,inf,inf,True,True
r_1037No1,thioredoxin (No1),False,True,0.0,0.0,inf,inf,True,False
r_1037No2,thioredoxin (No2),False,True,0.0,0.0,inf,inf,True,False
r_1038No1,thioredoxin reductase (NADPH) (No1),False,True,0.0,0.0,inf,inf,True,False
r_1038No2,thioredoxin reductase (NADPH) (No2),False,True,0.0,0.0,inf,inf,True,False
r_1038No3,thioredoxin reductase (NADPH) (No3),False,True,0.0,0.0,inf,inf,True,False
r_1039No1,thioredoxin reductase (NADPH) (No1),False,True,0.0,0.0,inf,inf,True,False
r_1039No2,thioredoxin reductase (NADPH) (No2),False,True,0.0,0.0,inf,inf,True,False
r_1040No1,threonine aldolase (No1),False,True,0.0,0.0,inf,inf,True,False
r_1041No1,threonine synthase (No1),False,True,0.0,0.0,inf,inf,True,False
r_1042No1,threonyl-tRNA synthetase (No1),False,True,0.0,0.0,inf,inf,True,False
r_1043No1,threonyl-tRNA synthetase (No1),False,True,0.0,0.0,inf,inf,True,False
r_1045No1,thymidylate synthase (No1),False,True,0.0,0.0,inf,inf,True,False
r_1046No1,trans-aconitate 3-methyltransferase (No1),False,True,0.0,0.0,inf,inf,True,False
r_1047No1,trans-pentaprenyltranstransferase (No1),False,True,0.0,0.0,inf,inf,True,False
r_1048No1,transaldolase (No1),False,True,0.0,0.0,inf,inf,True,False
r_1049No1,transketolase 1 (No1),False,True,0.0,0.0,inf,inf,True,False
r_1049No2,transketolase 1 (No2),False,True,0.0,0.0,inf,inf,True,False
r_1050No1,transketolase 2 (No1),False,True,0.0,0.0,inf,inf,True,False
r_1050No2,transketolase 2 (No2),False,True,0.0,0.0,inf,inf,True,False
r_1051No1,trehalose-phosphatase (No1),False,True,0.0,0.0,inf,inf,True,False
r_1051No2,trehalose-phosphatase (No2),False,True,0.0,0.0,inf,inf,True,False
r_1054No1,triose-phosphate isomerase (No1),False,True,0.0,0.0,inf,inf,True,False
r_1055No1,tryptophan synthase (indoleglycerol phosphate) (No1),False,True,0.0,0.0,inf,inf,True,False
r_1056No1,tryptophan transaminase (No1),False,True,0.0,0.0,inf,inf,True,False
r_1057No1,tryptophanyl-tRNA synthetase (No1),False,True,0.0,0.0,inf,inf,True,False
r_1058No1,tryptophanyl-tRNA synthetase (No1),False,True,0.0,0.0,inf,inf,True,False
r_1063No1,tyrosine transaminase (No1),False,True,0.0,0.0,inf,inf,True,False
r_1065No1,tyrosine transaminase (No1),False,True,0.0,0.0,inf,inf,True,False
r_1066No1,tyrosyl-tRNA synthetase (No1),False,True,0.0,0.0,inf,inf,True,False
r_1067No1,tyrosyl-tRNA synthetase (No1),False,True,0.0,0.0,inf,inf,True,False
r_1069No1,UDP-N-acetylglucosamine diphosphorylase (No1),False,True,0.0,0.0,inf,inf,True,True
r_1070No1,UDPglucose 4-epimerase (No1),False,True,0.0,0.0,inf,inf,True,False
r_1071No1,UDPglucose--hexose-1-phosphate uridylyltransferase (No1),False,True,0.0,0.0,inf,inf,True,False
r_1072No1,UMP kinase (No1),False,True,0.0,0.0,inf,inf,True,False
r_1073No1,UMP kinase (No1),False,True,0.0,0.0,inf,inf,True,False
r_1074No1,uracil phosphoribosyltransferase (No1),False,True,0.0,0.0,inf,inf,True,False
r_1075No1,urea carboxylase (No1),False,True,0.0,0.0,inf,inf,True,True
r_1076No1,ureidoglycolate hydrolase (No1),False,True,0.0,0.0,inf,inf,True,True
r_1077No1,uridine kinase (ATP:uridine) (No1),False,True,0.0,0.0,inf,inf,True,True
r_1078No1,uridine kinase (GTP:uridine) (No1),False,True,0.0,0.0,inf,inf,True,True
r_1079No1,uridylate kinase (dUMP) (No1),False,True,0.0,0.0,inf,inf,True,False
r_1080No1,uridylate kinase (dUMP) (No1),False,True,0.0,0.0,inf,inf,True,False
r_1081No1,uroporphyrinogen decarboxylase (uroporphyrinogen III) (No1),False,True,0.0,0.0,inf,inf,True,True
r_1082No1,uroporphyrinogen methyltransferase (No1),False,True,0.0,0.0,inf,inf,True,True
r_1083No1,uroporphyrinogen-III synthase (No1),False,True,0.0,0.0,inf,inf,True,False
r_1084No1,UTP-glucose-1-phosphate uridylyltransferase (No1),False,True,0.0,0.0,inf,inf,True,True
r_1087No1,valine transaminase (No1),False,True,0.0,0.0,inf,inf,True,False
r_1088No1,"valine transaminase, mitochondiral (No1)",False,True,0.0,0.0,inf,inf,True,False
r_1089No1,valyl-tRNA synthetase (No1),False,True,0.0,0.0,inf,inf,True,False
r_1090No1,valyl-tRNA synthetase (No1),False,True,0.0,0.0,inf,inf,True,False
r_1091No1,xanthine phosphoribosyltransferase (No1),False,True,0.0,0.0,inf,inf,True,False
r_1092No1,xylitol dehydrogenase (D-xyulose-forming) (No1),False,True,0.0,0.0,inf,inf,True,True
r_1093No1,xylose reductase (No1),False,True,0.0,0.0,inf,inf,True,True
r_1094No1,xylulokinase (No1),False,True,0.0,0.0,inf,inf,True,True
r_1095No1,yUMP synthetase (No1),False,True,0.0,0.0,inf,inf,True,False
r_1095No2,yUMP synthetase (No2),False,True,0.0,0.0,inf,inf,True,False
r_1095No3,yUMP synthetase (No3),False,True,0.0,0.0,inf,inf,True,False
r_1095No4,yUMP synthetase (No4),False,True,0.0,0.0,inf,inf,True,False
r_1838No1,homocitrate synthase (No1),False,True,0.0,0.0,inf,inf,True,True
r_1838No2,homocitrate synthase (No2),False,True,0.0,0.0,inf,inf,True,True
r_2029No1,pyridoxine kinase (No1),False,True,0.0,0.0,inf,inf,True,True
r_2112No1,kynurenine aminotransferase (No1),False,True,0.0,0.0,inf,inf,True,False
r_2115No1,"alcohol dehydrogenase, (acetaldehyde to ethanol) (No1)",False,True,0.0,0.0,inf,inf,True,False
r_2115No2,"alcohol dehydrogenase, (acetaldehyde to ethanol) (No2)",False,True,0.0,0.0,inf,inf,True,False
r_2116No1,acetaldehyde dehydrogenase (No1),False,True,0.0,0.0,inf,inf,True,True
r_2117No1,phenylalanine transaminase (No1),False,True,0.0,0.0,inf,inf,True,False
r_2118No1,tryptophan transaminase (No1),False,True,0.0,0.0,inf,inf,True,False
r_2119No1,tyrosine transaminase (No1),False,True,0.0,0.0,inf,inf,True,False
r_2126No1,sedoheptulose bisphosphatase (No1),False,True,0.0,0.0,inf,inf,True,False
r_2131No1,isocitrate dehydrogenase (No1),False,True,0.0,0.0,inf,inf,True,False
r_2140No1,fatty-acyl-CoA synthase (n-C16:0CoA) (No1),False,True,0.0,0.0,inf,inf,True,True
r_2141No1,fatty-acyl-CoA synthase (n-C18:0CoA) (No1),False,True,0.0,0.0,inf,inf,True,True
r_2142No1,B-ketoacyl-ACP synthase (acetoacetyl-ACP) (No1),False,True,0.0,0.0,inf,inf,True,True
r_2143No1,B-ketoacyl-ACP synthase (3-oxo-hexanoyl-ACP) (No1),False,True,0.0,0.0,inf,inf,True,True
r_2144No1,B-ketoacyl-ACP synthase (3-oxo-octanoyl-ACP) (No1),False,True,0.0,0.0,inf,inf,True,True
r_2145No1,3-oxoacyl-ACP reductase (3-hydroxybutanoyl-ACP) (No1),False,True,0.0,0.0,inf,inf,True,True
r_2146No1,3-oxoacyl-ACP reductase (3-hydroxyhexanoyl-ACP) (No1),False,True,0.0,0.0,inf,inf,True,True
r_2147No1,3-oxoacyl-ACP reductase (3-hydroxyoctanoyl-ACP) (No1),False,True,0.0,0.0,inf,inf,True,True
r_2148No1,3-hydroxyacyl-thioester dehydratase (trans-but-2-enoyl-ACP) (No1),False,True,0.0,0.0,inf,inf,True,False
r_2149No1,3-hydroxyacyl-thioester dehydratase (trans-hex-2-enoyl-ACP) (No1),False,True,0.0,0.0,inf,inf,True,False
r_2150No1,3-hydroxyacyl-thioester dehydratase (trans-oct-2-enoyl-ACP) (No1),False,True,0.0,0.0,inf,inf,True,False
r_2151No1,enoyl-ACP reductase (butanoyl-ACP) (No1),False,True,0.0,0.0,inf,inf,True,True
r_2152No1,enoyl-ACP reductase (hexanoyl-ACP) (No1),False,True,0.0,0.0,inf,inf,True,True
r_2153No1,enoyl-ACP reductase (octanoyl-ACP) (No1),False,True,0.0,0.0,inf,inf,True,True
r_2154No1,elongase I (3-oxotetradecanoyl-CoA) (No1),False,True,0.0,0.0,inf,inf,True,True
r_2155No1,elongase I (3-oxopalmitoyl-CoA) (No1),False,True,0.0,0.0,inf,inf,True,True
r_2156No1,elongase II (3-oxooctadecanoyl-CoA) (No1),False,True,0.0,0.0,inf,inf,True,True
r_2157No1,elongase II or III (3-oxoicosanoyl-CoA) (No1),False,True,0.0,0.0,inf,inf,True,False
r_2157No2,elongase II or III (3-oxoicosanoyl-CoA) (No2),False,True,0.0,0.0,inf,inf,True,False
r_2158No1,elongase II or III (3-oxodocosanoyl-CoA) (No1),False,True,0.0,0.0,inf,inf,True,False
r_2158No2,elongase II or III (3-oxodocosanoyl-CoA) (No2),False,True,0.0,0.0,inf,inf,True,False
r_2159No1,elongase II or III (3-oxotetracosanoyl-CoA) (No1),False,True,0.0,0.0,inf,inf,True,False
r_2159No2,elongase II or III (3-oxotetracosanoyl-CoA) (No2),False,True,0.0,0.0,inf,inf,True,False
r_2160No1,elongase III (3-oxohexacosanoyl-CoA) (No1),False,True,0.0,0.0,inf,inf,True,True
r_2161No1,B-ketoacyl-CoA reductase ((S)-3-hydroxytetradecanoyl-CoA) (No1),False,True,0.0,0.0,inf,inf,True,True
r_2162No1,B-ketoacyl-CoA reductase ((S)-3-hydroxypalmitoyl-CoA) (No1),False,True,0.0,0.0,inf,inf,True,True
r_2163No1,B-ketoacyl-CoA reductase (3-hydroxyoctadecanoyl-CoA) (No1),False,True,0.0,0.0,inf,inf,True,True
r_2164No1,B-ketoacyl-CoA reductase (3-hydroxyicosanoyl-CoA) (No1),False,True,0.0,0.0,inf,inf,True,True
r_2165No1,B-ketoacyl-CoA reductase (3-hydroxydocosanoyl-CoA) (No1),False,True,0.0,0.0,inf,inf,True,True
r_2166No1,B-ketoacyl-CoA reductase (3-hydroxytetracosanoyl-CoA) (No1),False,True,0.0,0.0,inf,inf,True,True
r_2167No1,B-ketoacyl-CoA reductase ((S)-3-hydroxyhexacosanoyl-CoA) (No1),False,True,0.0,0.0,inf,inf,True,True
r_2168No1,B-hydroxyacyl-CoA dehydratase (trans-tetradec-2-enoyl-CoA) (No1),False,True,0.0,0.0,inf,inf,True,False
r_2169No1,B-hydroxyacyl-CoA dehydratase (trans-hexadec-2-enoyl-CoA) (No1),False,True,0.0,0.0,inf,inf,True,False
r_2170No1,B-hydroxyacyl-CoA dehydratase (trans-octadec-2-enoyl-CoA) (No1),False,True,0.0,0.0,inf,inf,True,False
r_2171No1,B-hydroxyacyl-CoA dehydratase (trans-icos-2-enoyl-CoA) (No1),False,True,0.0,0.0,inf,inf,True,False
r_2172No1,B-hydroxyacyl-CoA dehydratase (trans-docos-2-enoyl-CoA) (No1),False,True,0.0,0.0,inf,inf,True,False
r_2173No1,B-hydroxyacyl-CoA dehydratase (trans-tetracos-2-enoyl-CoA) (No1),False,True,0.0,0.0,inf,inf,True,False
r_2174No1,B-hydroxyacyl-CoA dehydratase (trans-hexacos-2-enoyl-CoA) (No1),False,True,0.0,0.0,inf,inf,True,False
r_2175No1,trans-2-enoyl-CoA reductase (n-C14:0CoA) (No1),False,True,0.0,0.0,inf,inf,True,True
r_2176No1,trans-2-enoyl-CoA reductase (n-C16:0CoA) (No1),False,True,0.0,0.0,inf,inf,True,True
r_2177No1,trans-2-enoyl-CoA reductase (n-C18:0CoA) (No1),False,True,0.0,0.0,inf,inf,True,True
r_2178No1,trans-2-enoyl-CoA reductase (n-C20:0CoA) (No1),False,True,0.0,0.0,inf,inf,True,True
r_2179No1,trans-2-enoyl-CoA reductase (n-C22:0CoA) (No1),False,True,0.0,0.0,inf,inf,True,True
r_2180No1,trans-2-enoyl-CoA reductase (n-C24:0CoA) (No1),False,True,0.0,0.0,inf,inf,True,True
r_2181No1,trans-2-enoyl-CoA reductase (n-C26:0CoA) (No1),False,True,0.0,0.0,inf,inf,True,True
r_2182No1,"palmitoyl-CoA desaturase (n-C16:0CoA -> n-C16:1CoA), ER membrane (No1)",False,True,0.0,0.0,inf,inf,True,True
r_2183No1,"stearoyl-CoA desaturase (n-C18:0CoA -> n-C18:1CoA), ER membrane (No1)",False,True,0.0,0.0,inf,inf,True,True
r_2194No1,"fatty-acid--CoA ligase (dodecanoate), ER membrane (No1)",False,True,0.0,0.0,inf,inf,True,False
r_2195No1,"fatty-acid--CoA ligase (tetradecanoate), ER membrane (No1)",False,True,0.0,0.0,inf,inf,True,False
r_2195No2,"fatty-acid--CoA ligase (tetradecanoate), ER membrane (No2)",False,True,0.0,0.0,inf,inf,True,False
r_2196No1,"fatty-acid--CoA ligase (hexadecanoate), ER membrane (No1)",False,True,0.0,0.0,inf,inf,True,False
r_2196No2,"fatty-acid--CoA ligase (hexadecanoate), ER membrane (No2)",False,True,0.0,0.0,inf,inf,True,False
r_2197No1,"fatty-acid--CoA ligase (hexadecenoate), ER membrane (No1)",False,True,0.0,0.0,inf,inf,True,False
r_2197No2,"fatty-acid--CoA ligase (hexadecenoate), ER membrane (No2)",False,True,0.0,0.0,inf,inf,True,False
r_2198No1,"fatty-acid--CoA ligase (octadecanoate), ER membrane (No1)",False,True,0.0,0.0,inf,inf,True,False
r_2198No2,"fatty-acid--CoA ligase (octadecanoate), ER membrane (No2)",False,True,0.0,0.0,inf,inf,True,False
r_2199No1,"fatty-acid--CoA ligase (octadecenoate), ER membrane (No1)",False,True,0.0,0.0,inf,inf,True,False
r_2199No2,"fatty-acid--CoA ligase (octadecenoate), ER membrane (No2)",False,True,0.0,0.0,inf,inf,True,False
r_2200No1,"fatty-acid--CoA ligase (dodecanoate), lipid particle (No1)",False,True,0.0,0.0,inf,inf,True,False
r_2201No1,"fatty-acid--CoA ligase (tetradecanoate), lipid particle (No1)",False,True,0.0,0.0,inf,inf,True,False
r_2201No2,"fatty-acid--CoA ligase (tetradecanoate), lipid particle (No2)",False,True,0.0,0.0,inf,inf,True,False
r_2202No1,"fatty-acid--CoA ligase (hexadecanoate), lipid particle (No1)",False,True,0.0,0.0,inf,inf,True,False
r_2202No2,"fatty-acid--CoA ligase (hexadecanoate), lipid particle (No2)",False,True,0.0,0.0,inf,inf,True,False
r_2203No1,"fatty-acid--CoA ligase (hexadecenoate), lipid particle (No1)",False,True,0.0,0.0,inf,inf,True,False
r_2203No2,"fatty-acid--CoA ligase (hexadecenoate), lipid particle (No2)",False,True,0.0,0.0,inf,inf,True,False
r_2204No1,"fatty-acid--CoA ligase (octadecanoate), lipid particle (No1)",False,True,0.0,0.0,inf,inf,True,False
r_2204No2,"fatty-acid--CoA ligase (octadecanoate), lipid particle (No2)",False,True,0.0,0.0,inf,inf,True,False
r_2205No1,"fatty-acid--CoA ligase (octadecenoate), lipid particle (No1)",False,True,0.0,0.0,inf,inf,True,False
r_2205No2,"fatty-acid--CoA ligase (octadecenoate), lipid particle (No2)",False,True,0.0,0.0,inf,inf,True,False
r_2206No1,"fatty-acid--CoA ligase (hexadecenoate), peroxisome (No1)",False,True,0.0,0.0,inf,inf,True,False
r_2207No1,"fatty-acid--CoA ligase (octadecanoate), peroxisome (No1)",False,True,0.0,0.0,inf,inf,True,False
r_2208No1,"fatty-acid--CoA ligase (octadecenoate), peroxisome (No1)",False,True,0.0,0.0,inf,inf,True,False
r_2209No1,"fatty-acid--CoA ligase (arachidate), cell envelope (No1)",False,True,0.0,0.0,inf,inf,True,False
r_2210No1,"fatty-acid--CoA ligase (behenate), cell envelope (No1)",False,True,0.0,0.0,inf,inf,True,False
r_2211No1,"fatty-acid--CoA ligase (lignoceric acid), cell envelope (No1)",False,True,0.0,0.0,inf,inf,True,False
r_2212No1,"fatty-acid--CoA ligase (cerotic acid), cell envelope (No1)",False,True,0.0,0.0,inf,inf,True,False
r_2236No1,acyl-CoA oxidase (butanoyl-CoA) (No1),False,True,0.0,0.0,inf,inf,True,False
r_2237No1,acyl-CoA oxidase (hexanoyl-CoA) (No1),False,True,0.0,0.0,inf,inf,True,False
r_2238No1,acyl-CoA oxidase (octanoyl-CoA) (No1),False,True,0.0,0.0,inf,inf,True,False
r_2239No1,acyl-CoA oxidase (icosanoyl-CoA) (No1),False,True,0.0,0.0,inf,inf,True,False
r_2240No1,acyl-CoA oxidase (docosanoyl-CoA) (No1),False,True,0.0,0.0,inf,inf,True,False
r_2241No1,acyl-CoA oxidase (tetracosanoyl-CoA) (No1),False,True,0.0,0.0,inf,inf,True,False
r_2242No1,acyl-CoA oxidase (palmitoleoyl-CoA) (No1),False,True,0.0,0.0,inf,inf,True,False
r_2243No1,acyl-CoA oxidase (cis-tetradec-7-enoyl-CoA) (No1),False,True,0.0,0.0,inf,inf,True,False
r_2244No1,acyl-CoA oxidase (cis-dodec-5-enoyl-CoA) (No1),False,True,0.0,0.0,inf,inf,True,False
r_2245No1,acyl-CoA oxidase (oleoyl-CoA) (No1),False,True,0.0,0.0,inf,inf,True,False
r_2246No1,acyl-CoA oxidase (cis-hexadec-7-enoyl-CoA) (No1),False,True,0.0,0.0,inf,inf,True,False
r_2247No1,acyl-CoA oxidase (cis-tetradec-5-enoyl-CoA) (No1),False,True,0.0,0.0,inf,inf,True,False
r_2248No1,2-enoyl-CoA hydratase (3-hydroxydecanoyl-CoA) (No1),False,True,0.0,0.0,inf,inf,True,False
r_2249No1,2-enoyl-CoA hydratase (3-hydroxydodecanoyl-CoA) (No1),False,True,0.0,0.0,inf,inf,True,False
r_2250No1,2-enoyl-CoA hydratase (3-hydroxytetradecanoyl-CoA) (No1),False,True,0.0,0.0,inf,inf,True,False
r_2251No1,2-enoyl-CoA hydratase (3-hydroxyhexadecanoyl-CoA) (No1),False,True,0.0,0.0,inf,inf,True,False
r_2252No1,2-enoyl-CoA hydratase (3-hydroxyoctadecanoyl-CoA) (No1),False,True,0.0,0.0,inf,inf,True,False
r_2253No1,2-enoyl-CoA hydratase (3-hydroxyhexacosanoyl-CoA) (No1),False,True,0.0,0.0,inf,inf,True,False
r_2254No1,2-enoyl-CoA hydratase (3-hydroxybutanoyl-CoA) (No1),False,True,0.0,0.0,inf,inf,True,False
r_2255No1,2-enoyl-CoA hydratase (3-hydroxyhexanoyl-CoA) (No1),False,True,0.0,0.0,inf,inf,True,False
r_2256No1,2-enoyl-CoA hydratase (3-hydroxyoctanoyl-CoA) (No1),False,True,0.0,0.0,inf,inf,True,False
r_2257No1,2-enoyl-CoA hydratase (3-hydroxyicosanoyl-CoA) (No1),False,True,0.0,0.0,inf,inf,True,False
r_2258No1,2-enoyl-CoA hydratase (3-hydroxydocosanoyl-CoA) (No1),False,True,0.0,0.0,inf,inf,True,False
r_2259No1,2-enoyl-CoA hydratase (3-hydroxytetracosanoyl-CoA) (No1),False,True,0.0,0.0,inf,inf,True,False
r_2260No1,2-enoyl-CoA hydratase (3-hydroxy-cis-hexadec-9-enoyl-CoA) (No1),False,True,0.0,0.0,inf,inf,True,False
r_2261No1,2-enoyl-CoA hydratase (3-hydroxy-cis-tetradec-7-enoyl-CoA) (No1),False,True,0.0,0.0,inf,inf,True,False
r_2262No1,2-enoyl-CoA hydratase (3-hydroxy-cis-dodec-5-enoyl-CoA) (No1),False,True,0.0,0.0,inf,inf,True,False
r_2263No1,2-enoyl-CoA hydratase (3-hydroxy-cis-octadec-9-enoyl-CoA) (No1),False,True,0.0,0.0,inf,inf,True,False
r_2264No1,2-enoyl-CoA hydratase (3-hydroxy-cis-hexadec-7-enoyl-CoA) (No1),False,True,0.0,0.0,inf,inf,True,False
r_2265No1,2-enoyl-CoA hydratase (3-hydroxy-cis-tetradec-5-enoyl-CoA) (No1),False,True,0.0,0.0,inf,inf,True,False
r_2266No1,3-hydroxyacyl-CoA dehydrogenase (3-oxodecanoyl-CoA) (No1),False,True,0.0,0.0,inf,inf,True,True
r_2267No1,3-hydroxyacyl-CoA dehydrogenase (3-oxododecanoyl-CoA) (No1),False,True,0.0,0.0,inf,inf,True,True
r_2268No1,3-hydroxyacyl-CoA dehydrogenase (3-oxohexadecanoyl-CoA) (No1),False,True,0.0,0.0,inf,inf,True,True
r_2269No1,3-hydroxyacyl-CoA dehydrogenase (3-oxooctadecanoyl-CoA) (No1),False,True,0.0,0.0,inf,inf,True,True
r_2270No1,3-hydroxyacyl-CoA dehydrogenase (3-oxohexacosanoyl-CoA) (No1),False,True,0.0,0.0,inf,inf,True,True
r_2271No1,3-hydroxyacyl-CoA dehydrogenase (3-oxobutanoyl-CoA) (No1),False,True,0.0,0.0,inf,inf,True,True
r_2272No1,3-hydroxyacyl-CoA dehydrogenase (3-oxohexanoyl-CoA) (No1),False,True,0.0,0.0,inf,inf,True,True
r_2273No1,3-hydroxyacyl-CoA dehydrogenase (3-oxooctanoyl-CoA) (No1),False,True,0.0,0.0,inf,inf,True,True
r_2274No1,3-hydroxyacyl-CoA dehydrogenase (3-oxoicosanoyl-CoA) (No1),False,True,0.0,0.0,inf,inf,True,True
r_2275No1,3-hydroxyacyl-CoA dehydrogenase (3-oxodocosanoyl-CoA) (No1),False,True,0.0,0.0,inf,inf,True,True
r_2276No1,3-hydroxyacyl-CoA dehydrogenase (3-oxotetracosanoyl-CoA) (No1),False,True,0.0,0.0,inf,inf,True,True
r_2277No1,3-hydroxyacyl-CoA dehydrogenase (3-oxo-cis-hexadec-9-enoyl-CoA) (No1),False,True,0.0,0.0,inf,inf,True,True
r_2278No1,3-hydroxyacyl-CoA dehydrogenase (3-oxo-cis-tetradec-7-enoyl-CoA) (No1),False,True,0.0,0.0,inf,inf,True,True
r_2279No1,3-hydroxyacyl-CoA dehydrogenase (3-oxo-cis-dodec-5-enoyl-CoA) (No1),False,True,0.0,0.0,inf,inf,True,True
r_2280No1,3-hydroxyacyl-CoA dehydrogenase (3-oxo-cis-octadec-9-enoyl-CoA) (No1),False,True,0.0,0.0,inf,inf,True,True
r_2281No1,3-hydroxyacyl-CoA dehydrogenase (3-oxo-cis-hexadec-7-enoyl-CoA) (No1),False,True,0.0,0.0,inf,inf,True,True
r_2282No1,3-hydroxyacyl-CoA dehydrogenase (3-oxo-cis-tetradec-5-enoyl-CoA) (No1),False,True,0.0,0.0,inf,inf,True,True
r_2283No1,acetyl-CoA C-acyltransferase (acetyl-CoA) (No1),False,True,0.0,0.0,inf,inf,True,False
r_2284No1,acetyl-CoA C-acyltransferase (butanoyl-CoA) (No1),False,True,0.0,0.0,inf,inf,True,False
r_2285No1,acetyl-CoA C-acyltransferase (hexanoyl-CoA) (No1),False,True,0.0,0.0,inf,inf,True,False
r_2286No1,acetyl-CoA C-acyltransferase (stearoyl-CoA) (No1),False,True,0.0,0.0,inf,inf,True,False
r_2287No1,acetyl-CoA C-acyltransferase (icosanoyl-CoA) (No1),False,True,0.0,0.0,inf,inf,True,False
r_2288No1,acetyl-CoA C-acyltransferase (docosanoyl-CoA) (No1),False,True,0.0,0.0,inf,inf,True,False
r_2289No1,acetyl-CoA C-acyltransferase (cis-tetradec-7-enoyl-CoA) (No1),False,True,0.0,0.0,inf,inf,True,False
r_2290No1,acetyl-CoA C-acyltransferase (cis-dodec-5-enoyl-CoA) (No1),False,True,0.0,0.0,inf,inf,True,False
r_2291No1,acetyl-CoA C-acyltransferase (cis-dec-3-enoyl-CoA) (No1),False,True,0.0,0.0,inf,inf,True,False
r_2292No1,acetyl-CoA C-acyltransferase (cis-hexadec-7-enoyl-CoA) (No1),False,True,0.0,0.0,inf,inf,True,False
r_2293No1,acetyl-CoA C-acyltransferase (cis-tetradec-5-enoyl-CoA) (No1),False,True,0.0,0.0,inf,inf,True,False
r_2294No1,acetyl-CoA C-acyltransferase (cis-dodec-3-enoyl-CoA) (No1),False,True,0.0,0.0,inf,inf,True,False
r_2295No1,"delta3,delta2-enoyl-CoA isomerase (cis-dec-3-enoyl-CoA) (No1)",False,True,0.0,0.0,inf,inf,True,False
r_2296No1,"delta3,delta2-enoyl-CoA isomerase (trans-2,cis-5-dodecadienoyl-CoA) (No1)",False,True,0.0,0.0,inf,inf,True,False
r_2297No1,"delta3,delta2-enoyl-CoA isomerase (trans-dodec-3-enoyl-CoA) (No1)",False,True,0.0,0.0,inf,inf,True,False
r_2298No1,"delta3,delta2-enoyl-CoA isomerase (cis-dodec-3-enoyl-CoA) (No1)",False,True,0.0,0.0,inf,inf,True,False
r_2299No1,"delta3,delta2-enoyl-CoA isomerase (trans-2,cis-5-tetradecadienoyl-CoA) (No1)",False,True,0.0,0.0,inf,inf,True,False
r_2300No1,"delta3,delta2-enoyl-CoA isomerase (trans-tetradec-3-enoyl-CoA) (No1)",False,True,0.0,0.0,inf,inf,True,False
r_2301No1,"delta(3,5)-delta(2,4)-dienoyl-CoA isomerase (trans-3,cis-5-dodecadienoyl-CoA) (No1)",False,True,0.0,0.0,inf,inf,True,False
r_2302No1,"delta(3,5)-delta(2,4)-dienoyl-CoA isomerase (trans-3,cis-5-tetradecadienoyl-CoA) (No1)",False,True,0.0,0.0,inf,inf,True,False
r_2303No1,"2,4-dienoyl-CoA reductase (trans-2,trans-4-dodecadienoyl-CoA) (No1)",False,True,0.0,0.0,inf,inf,True,True
r_2304No1,"2,4-dienoyl-CoA reductase (trans-2,trans-4-tetradecadienoyl-CoA) (No1)",False,True,0.0,0.0,inf,inf,True,True
r_2305No1,cis-aconitate(3-) to isocitrate (No1),False,True,0.0,0.0,inf,inf,True,False
r_2308No1,"glycerol-3-phosphate acyltransferase (16:0), ER membrane (No1)",False,True,0.0,0.0,inf,inf,True,False
r_2308No2,"glycerol-3-phosphate acyltransferase (16:0), ER membrane (No2)",False,True,0.0,0.0,inf,inf,True,False
r_2309No1,"glycerol-3-phosphate acyltransferase (16:1), ER membrane (No1)",False,True,0.0,0.0,inf,inf,True,False
r_2309No2,"glycerol-3-phosphate acyltransferase (16:1), ER membrane (No2)",False,True,0.0,0.0,inf,inf,True,False
r_2310No1,"glycerol-3-phosphate acyltransferase (18:0), ER membrane (No1)",False,True,0.0,0.0,inf,inf,True,False
r_2311No1,"glycerol-3-phosphate acyltransferase (18:1), ER membrane (No1)",False,True,0.0,0.0,inf,inf,True,False
r_2312No1,"dihydroxyacetone phosphate acyltransferase (16:0), ER membrane (No1)",False,True,0.0,0.0,inf,inf,True,False
r_2312No2,"dihydroxyacetone phosphate acyltransferase (16:0), ER membrane (No2)",False,True,0.0,0.0,inf,inf,True,False
r_2313No1,"dihydroxyacetone phosphate acyltransferase (16:1), ER membrane (No1)",False,True,0.0,0.0,inf,inf,True,False
r_2313No2,"dihydroxyacetone phosphate acyltransferase (16:1), ER membrane (No2)",False,True,0.0,0.0,inf,inf,True,False
r_2314No1,"dihydroxyacetone phosphate acyltransferase (18:0), ER membrane (No1)",False,True,0.0,0.0,inf,inf,True,False
r_2315No1,"dihydroxyacetone phosphate acyltransferase (18:1), ER membrane (No1)",False,True,0.0,0.0,inf,inf,True,False
r_2316No1,"glycerol-3-phosphate acyltransferase (16:0), lipid particle (No1)",False,True,0.0,0.0,inf,inf,True,False
r_2317No1,"glycerol-3-phosphate acyltransferase (16:1), lipid particle (No1)",False,True,0.0,0.0,inf,inf,True,False
r_2318No1,"glycerol-3-phosphate acyltransferase (18:0), lipid particle (No1)",False,True,0.0,0.0,inf,inf,True,False
r_2319No1,"glycerol-3-phosphate acyltransferase (18:1), lipid particle (No1)",False,True,0.0,0.0,inf,inf,True,False
r_2320No1,"dihydroxyacetone phosphate acyltransferase (16:0), lipid particle (No1)",False,True,0.0,0.0,inf,inf,True,False
r_2321No1,"dihydroxyacetone phosphate acyltransferase (16:1), lipid particle (No1)",False,True,0.0,0.0,inf,inf,True,False
r_2322No1,"dihydroxyacetone phosphate acyltransferase (18:0), lipid particle (No1)",False,True,0.0,0.0,inf,inf,True,False
r_2323No1,"dihydroxyacetone phosphate acyltransferase (18:1), lipid particle (No1)",False,True,0.0,0.0,inf,inf,True,False
r_2324No1,"acyl dhap reductase (16:0), ER membrane (No1)",False,True,0.0,0.0,inf,inf,True,True
r_2325No1,"acyl dhap reductase (16:1), ER membrane (No1)",False,True,0.0,0.0,inf,inf,True,True
r_2326No1,"acyl dhap reductase (18:0), ER membrane (No1)",False,True,0.0,0.0,inf,inf,True,True
r_2327No1,"acyl dhap reductase (18:1), ER membrane (No1)",False,True,0.0,0.0,inf,inf,True,True
r_2328No1,"acyl dhap reductase (16:0), lipid particle (No1)",False,True,0.0,0.0,inf,inf,True,True
r_2329No1,"acyl dhap reductase (16:1), lipid particle (No1)",False,True,0.0,0.0,inf,inf,True,True
r_2330No1,"acyl dhap reductase (18:0), lipid particle (No1)",False,True,0.0,0.0,inf,inf,True,True
r_2331No1,"acyl dhap reductase (18:1), lipid particle (No1)",False,True,0.0,0.0,inf,inf,True,True
r_2332No1,"1-acyl-sn-glycerol-3-phosphate acyltransferase (1-16:0, 2-16:1), ER membrane (No1)",False,True,0.0,0.0,inf,inf,True,False
r_2333No1,"1-acyl-sn-glycerol-3-phosphate acyltransferase (1-16:0, 2-18:1), ER membrane (No1)",False,True,0.0,0.0,inf,inf,True,False
r_2333No2,"1-acyl-sn-glycerol-3-phosphate acyltransferase (1-16:0, 2-18:1), ER membrane (No2)",False,True,0.0,0.0,inf,inf,True,False
r_2334No1,"1-acyl-sn-glycerol-3-phosphate acyltransferase (1-16:1, 2-16:1), ER membrane (No1)",False,True,0.0,0.0,inf,inf,True,False
r_2335No1,"1-acyl-sn-glycerol-3-phosphate acyltransferase (1-16:1, 2-18:1), ER membrane (No1)",False,True,0.0,0.0,inf,inf,True,False
r_2335No2,"1-acyl-sn-glycerol-3-phosphate acyltransferase (1-16:1, 2-18:1), ER membrane (No2)",False,True,0.0,0.0,inf,inf,True,False
r_2336No1,"1-acyl-sn-glycerol-3-phosphate acyltransferase (1-18:0, 2-16:1), ER membrane (No1)",False,True,0.0,0.0,inf,inf,True,False
r_2337No1,"1-acyl-sn-glycerol-3-phosphate acyltransferase (1-18:0, 2-18:1), ER membrane (No1)",False,True,0.0,0.0,inf,inf,True,False
r_2337No2,"1-acyl-sn-glycerol-3-phosphate acyltransferase (1-18:0, 2-18:1), ER membrane (No2)",False,True,0.0,0.0,inf,inf,True,False
r_2338No1,"1-acyl-sn-glycerol-3-phosphate acyltransferase (1-18:1, 2-16:1), ER membrane (No1)",False,True,0.0,0.0,inf,inf,True,False
r_2339No1,"1-acyl-sn-glycerol-3-phosphate acyltransferase (1-18:1, 2-18:1), ER membrane (No1)",False,True,0.0,0.0,inf,inf,True,False
r_2339No2,"1-acyl-sn-glycerol-3-phosphate acyltransferase (1-18:1, 2-18:1), ER membrane (No2)",False,True,0.0,0.0,inf,inf,True,False
r_2340No1,"1-acyl-sn-glycerol-3-phosphate acyltransferase (1-16:0, 2-18:1), lipid particle (No1)",False,True,0.0,0.0,inf,inf,True,False
r_2340No2,"1-acyl-sn-glycerol-3-phosphate acyltransferase (1-16:0, 2-18:1), lipid particle (No2)",False,True,0.0,0.0,inf,inf,True,False
r_2340No3,"1-acyl-sn-glycerol-3-phosphate acyltransferase (1-16:0, 2-18:1), lipid particle (No3)",False,True,0.0,0.0,inf,inf,True,False
r_2341No1,"1-acyl-sn-glycerol-3-phosphate acyltransferase (1-16:1, 2-18:1), lipid particle (No1)",False,True,0.0,0.0,inf,inf,True,False
r_2341No2,"1-acyl-sn-glycerol-3-phosphate acyltransferase (1-16:1, 2-18:1), lipid particle (No2)",False,True,0.0,0.0,inf,inf,True,False
r_2341No3,"1-acyl-sn-glycerol-3-phosphate acyltransferase (1-16:1, 2-18:1), lipid particle (No3)",False,True,0.0,0.0,inf,inf,True,False
r_2342No1,"1-acyl-sn-glycerol-3-phosphate acyltransferase (1-18:0, 2-18:1), lipid particle (No1)",False,True,0.0,0.0,inf,inf,True,False
r_2342No2,"1-acyl-sn-glycerol-3-phosphate acyltransferase (1-18:0, 2-18:1), lipid particle (No2)",False,True,0.0,0.0,inf,inf,True,False
r_2342No3,"1-acyl-sn-glycerol-3-phosphate acyltransferase (1-18:0, 2-18:1), lipid particle (No3)",False,True,0.0,0.0,inf,inf,True,False
r_2343No1,"1-acyl-sn-glycerol-3-phosphate acyltransferase (1-18:1, 2-18:1), lipid particle (No1)",False,True,0.0,0.0,inf,inf,True,False
r_2343No2,"1-acyl-sn-glycerol-3-phosphate acyltransferase (1-18:1, 2-18:1), lipid particle (No2)",False,True,0.0,0.0,inf,inf,True,False
r_2343No3,"1-acyl-sn-glycerol-3-phosphate acyltransferase (1-18:1, 2-18:1), lipid particle (No3)",False,True,0.0,0.0,inf,inf,True,False
r_2344No1,"PA phosphatase (1-16:0, 2-16:1), ER membrane (No1)",False,True,0.0,0.0,inf,inf,True,False
r_2345No1,"PA phosphatase (1-16:0, 2-18:1), ER membrane (No1)",False,True,0.0,0.0,inf,inf,True,False
r_2346No1,"PA phosphatase (1-16:1, 2-16:1), ER membrane (No1)",False,True,0.0,0.0,inf,inf,True,False
r_2347No1,"PA phosphatase (1-16:1, 2-18:1), ER membrane (No1)",False,True,0.0,0.0,inf,inf,True,False
r_2348No1,"PA phosphatase (1-18:0, 2-16:1), ER membrane (No1)",False,True,0.0,0.0,inf,inf,True,False
r_2349No1,"PA phosphatase (1-18:0, 2-18:1), ER membrane (No1)",False,True,0.0,0.0,inf,inf,True,False
r_2350No1,"PA phosphatase (1-18:1, 2-16:1), ER membrane (No1)",False,True,0.0,0.0,inf,inf,True,False
r_2351No1,"PA phosphatase (1-18:1, 2-18:1), ER membrane (No1)",False,True,0.0,0.0,inf,inf,True,False
r_2352No1,"PA phosphatase (1-16:0, 2-16:1), vacuolar membrane (No1)",False,True,0.0,0.0,inf,inf,True,False
r_2353No1,"PA phosphatase (1-16:0, 2-18:1), vacuolar membrane (No1)",False,True,0.0,0.0,inf,inf,True,False
r_2354No1,"PA phosphatase (1-16:1, 2-16:1), vacuolar membrane (No1)",False,True,0.0,0.0,inf,inf,True,False
r_2355No1,"PA phosphatase (1-16:1, 2-18:1), vacuolar membrane (No1)",False,True,0.0,0.0,inf,inf,True,False
r_2356No1,"PA phosphatase (1-18:0, 2-16:1), vacuolar membrane (No1)",False,True,0.0,0.0,inf,inf,True,False
r_2357No1,"PA phosphatase (1-18:0, 2-18:1), vacuolar membrane (No1)",False,True,0.0,0.0,inf,inf,True,False
r_2358No1,"PA phosphatase (1-18:1, 2-16:1), vacuolar membrane (No1)",False,True,0.0,0.0,inf,inf,True,False
r_2359No1,"PA phosphatase (1-18:1, 2-18:1), vacuolar membrane (No1)",False,True,0.0,0.0,inf,inf,True,False
r_2360No1,"PA phosphatase (1-16:0, 2-16:1), Golgi membrane (No1)",False,True,0.0,0.0,inf,inf,True,False
r_2361No1,"PA phosphatase (1-16:0, 2-18:1), Golgi membrane (No1)",False,True,0.0,0.0,inf,inf,True,False
r_2362No1,"PA phosphatase (1-16:1, 2-16:1), Golgi membrane (No1)",False,True,0.0,0.0,inf,inf,True,False
r_2363No1,"PA phosphatase (1-16:1, 2-18:1), Golgi membrane (No1)",False,True,0.0,0.0,inf,inf,True,False
r_2364No1,"PA phosphatase (1-18:0, 2-16:1), Golgi membrane (No1)",False,True,0.0,0.0,inf,inf,True,False
r_2365No1,"PA phosphatase (1-18:0, 2-18:1), Golgi membrane (No1)",False,True,0.0,0.0,inf,inf,True,False
r_2366No1,"PA phosphatase (1-18:1, 2-16:1), Golgi membrane (No1)",False,True,0.0,0.0,inf,inf,True,False
r_2367No1,"PA phosphatase (1-18:1, 2-18:1), Golgi membrane (No1)",False,True,0.0,0.0,inf,inf,True,False
r_2368No1,"diacylglycerol acyltransferase (1-16:0, 2-16:1, 3-16:0), ER membrane (No1)",False,True,0.0,0.0,inf,inf,True,False
r_2368No2,"diacylglycerol acyltransferase (1-16:0, 2-16:1, 3-16:0), ER membrane (No2)",False,True,0.0,0.0,inf,inf,True,False
r_2368No3,"diacylglycerol acyltransferase (1-16:0, 2-16:1, 3-16:0), ER membrane (No3)",False,True,0.0,0.0,inf,inf,True,False
r_2369No1,"diacylglycerol acyltransferase (1-16:0, 2-18:1, 3-16:0), ER membrane (No1)",False,True,0.0,0.0,inf,inf,True,False
r_2369No2,"diacylglycerol acyltransferase (1-16:0, 2-18:1, 3-16:0), ER membrane (No2)",False,True,0.0,0.0,inf,inf,True,False
r_2369No3,"diacylglycerol acyltransferase (1-16:0, 2-18:1, 3-16:0), ER membrane (No3)",False,True,0.0,0.0,inf,inf,True,False
r_2370No1,"diacylglycerol acyltransferase (1-16:1, 2-16:1, 3-16:0), ER membrane (No1)",False,True,0.0,0.0,inf,inf,True,False
r_2370No2,"diacylglycerol acyltransferase (1-16:1, 2-16:1, 3-16:0), ER membrane (No2)",False,True,0.0,0.0,inf,inf,True,False
r_2370No3,"diacylglycerol acyltransferase (1-16:1, 2-16:1, 3-16:0), ER membrane (No3)",False,True,0.0,0.0,inf,inf,True,False
r_2371No1,"diacylglycerol acyltransferase (1-16:1, 2-18:1, 3-16:0), ER membrane (No1)",False,True,0.0,0.0,inf,inf,True,False
r_2371No2,"diacylglycerol acyltransferase (1-16:1, 2-18:1, 3-16:0), ER membrane (No2)",False,True,0.0,0.0,inf,inf,True,False
r_2371No3,"diacylglycerol acyltransferase (1-16:1, 2-18:1, 3-16:0), ER membrane (No3)",False,True,0.0,0.0,inf,inf,True,False
r_2372No1,"diacylglycerol acyltransferase (1-18:0, 2-16:1, 3-16:0), ER membrane (No1)",False,True,0.0,0.0,inf,inf,True,False
r_2372No2,"diacylglycerol acyltransferase (1-18:0, 2-16:1, 3-16:0), ER membrane (No2)",False,True,0.0,0.0,inf,inf,True,False
r_2372No3,"diacylglycerol acyltransferase (1-18:0, 2-16:1, 3-16:0), ER membrane (No3)",False,True,0.0,0.0,inf,inf,True,False
r_2373No1,"diacylglycerol acyltransferase (1-18:0, 2-18:1, 3-16:0), ER membrane (No1)",False,True,0.0,0.0,inf,inf,True,False
r_2373No2,"diacylglycerol acyltransferase (1-18:0, 2-18:1, 3-16:0), ER membrane (No2)",False,True,0.0,0.0,inf,inf,True,False
r_2373No3,"diacylglycerol acyltransferase (1-18:0, 2-18:1, 3-16:0), ER membrane (No3)",False,True,0.0,0.0,inf,inf,True,False
r_2374No1,"diacylglycerol acyltransferase (1-18:1, 2-16:1, 3-16:0), ER membrane (No1)",False,True,0.0,0.0,inf,inf,True,False
r_2374No2,"diacylglycerol acyltransferase (1-18:1, 2-16:1, 3-16:0), ER membrane (No2)",False,True,0.0,0.0,inf,inf,True,False
r_2374No3,"diacylglycerol acyltransferase (1-18:1, 2-16:1, 3-16:0), ER membrane (No3)",False,True,0.0,0.0,inf,inf,True,False
r_2375No1,"diacylglycerol acyltransferase (1-18:1, 2-18:1, 3-16:0), ER membrane (No1)",False,True,0.0,0.0,inf,inf,True,False
r_2375No2,"diacylglycerol acyltransferase (1-18:1, 2-18:1, 3-16:0), ER membrane (No2)",False,True,0.0,0.0,inf,inf,True,False
r_2375No3,"diacylglycerol acyltransferase (1-18:1, 2-18:1, 3-16:0), ER membrane (No3)",False,True,0.0,0.0,inf,inf,True,False
r_2376No1,"diacylglycerol acyltransferase (1-16:0, 2-16:1, 3-16:1), ER membrane (No1)",False,True,0.0,0.0,inf,inf,True,False
r_2376No2,"diacylglycerol acyltransferase (1-16:0, 2-16:1, 3-16:1), ER membrane (No2)",False,True,0.0,0.0,inf,inf,True,False
r_2376No3,"diacylglycerol acyltransferase (1-16:0, 2-16:1, 3-16:1), ER membrane (No3)",False,True,0.0,0.0,inf,inf,True,False
r_2377No1,"diacylglycerol acyltransferase (1-16:0, 2-18:1, 3-16:1), ER membrane (No1)",False,True,0.0,0.0,inf,inf,True,False
r_2377No2,"diacylglycerol acyltransferase (1-16:0, 2-18:1, 3-16:1), ER membrane (No2)",False,True,0.0,0.0,inf,inf,True,False
r_2377No3,"diacylglycerol acyltransferase (1-16:0, 2-18:1, 3-16:1), ER membrane (No3)",False,True,0.0,0.0,inf,inf,True,False
r_2378No1,"diacylglycerol acyltransferase (1-16:1, 2-16:1, 3-16:1), ER membrane (No1)",False,True,0.0,0.0,inf,inf,True,False
r_2378No2,"diacylglycerol acyltransferase (1-16:1, 2-16:1, 3-16:1), ER membrane (No2)",False,True,0.0,0.0,inf,inf,True,False
r_2378No3,"diacylglycerol acyltransferase (1-16:1, 2-16:1, 3-16:1), ER membrane (No3)",False,True,0.0,0.0,inf,inf,True,False
r_2379No1,"diacylglycerol acyltransferase (1-16:1, 2-18:1, 3-16:1), ER membrane (No1)",False,True,0.0,0.0,inf,inf,True,False
r_2379No2,"diacylglycerol acyltransferase (1-16:1, 2-18:1, 3-16:1), ER membrane (No2)",False,True,0.0,0.0,inf,inf,True,False
r_2379No3,"diacylglycerol acyltransferase (1-16:1, 2-18:1, 3-16:1), ER membrane (No3)",False,True,0.0,0.0,inf,inf,True,False
r_2380No1,"diacylglycerol acyltransferase (1-18:0, 2-16:1, 3-16:1), ER membrane (No1)",False,True,0.0,0.0,inf,inf,True,False
r_2380No2,"diacylglycerol acyltransferase (1-18:0, 2-16:1, 3-16:1), ER membrane (No2)",False,True,0.0,0.0,inf,inf,True,False
r_2380No3,"diacylglycerol acyltransferase (1-18:0, 2-16:1, 3-16:1), ER membrane (No3)",False,True,0.0,0.0,inf,inf,True,False
r_2381No1,"diacylglycerol acyltransferase (1-18:0, 2-18:1, 3-16:1), ER membrane (No1)",False,True,0.0,0.0,inf,inf,True,False
r_2381No2,"diacylglycerol acyltransferase (1-18:0, 2-18:1, 3-16:1), ER membrane (No2)",False,True,0.0,0.0,inf,inf,True,False
r_2381No3,"diacylglycerol acyltransferase (1-18:0, 2-18:1, 3-16:1), ER membrane (No3)",False,True,0.0,0.0,inf,inf,True,False
r_2382No1,"diacylglycerol acyltransferase (1-18:1, 2-16:1, 3-16:1), ER membrane (No1)",False,True,0.0,0.0,inf,inf,True,False
r_2382No2,"diacylglycerol acyltransferase (1-18:1, 2-16:1, 3-16:1), ER membrane (No2)",False,True,0.0,0.0,inf,inf,True,False
r_2382No3,"diacylglycerol acyltransferase (1-18:1, 2-16:1, 3-16:1), ER membrane (No3)",False,True,0.0,0.0,inf,inf,True,False
r_2383No1,"diacylglycerol acyltransferase (1-18:1, 2-18:1, 3-16:1), ER membrane (No1)",False,True,0.0,0.0,inf,inf,True,False
r_2383No2,"diacylglycerol acyltransferase (1-18:1, 2-18:1, 3-16:1), ER membrane (No2)",False,True,0.0,0.0,inf,inf,True,False
r_2383No3,"diacylglycerol acyltransferase (1-18:1, 2-18:1, 3-16:1), ER membrane (No3)",False,True,0.0,0.0,inf,inf,True,False
r_2384No1,"diacylglycerol acyltransferase (1-16:0, 2-16:1, 3-18:0), ER membrane (No1)",False,True,0.0,0.0,inf,inf,True,False
r_2384No2,"diacylglycerol acyltransferase (1-16:0, 2-16:1, 3-18:0), ER membrane (No2)",False,True,0.0,0.0,inf,inf,True,False
r_2384No3,"diacylglycerol acyltransferase (1-16:0, 2-16:1, 3-18:0), ER membrane (No3)",False,True,0.0,0.0,inf,inf,True,False
r_2385No1,"diacylglycerol acyltransferase (1-16:0, 2-18:1, 3-18:0), ER membrane (No1)",False,True,0.0,0.0,inf,inf,True,False
r_2385No2,"diacylglycerol acyltransferase (1-16:0, 2-18:1, 3-18:0), ER membrane (No2)",False,True,0.0,0.0,inf,inf,True,False
r_2385No3,"diacylglycerol acyltransferase (1-16:0, 2-18:1, 3-18:0), ER membrane (No3)",False,True,0.0,0.0,inf,inf,True,False
r_2386No1,"diacylglycerol acyltransferase (1-16:1, 2-16:1, 3-18:0), ER membrane (No1)",False,True,0.0,0.0,inf,inf,True,False
r_2386No2,"diacylglycerol acyltransferase (1-16:1, 2-16:1, 3-18:0), ER membrane (No2)",False,True,0.0,0.0,inf,inf,True,False
r_2386No3,"diacylglycerol acyltransferase (1-16:1, 2-16:1, 3-18:0), ER membrane (No3)",False,True,0.0,0.0,inf,inf,True,False
r_2387No1,"diacylglycerol acyltransferase (1-16:1, 2-18:1, 3-18:0), ER membrane (No1)",False,True,0.0,0.0,inf,inf,True,False
r_2387No2,"diacylglycerol acyltransferase (1-16:1, 2-18:1, 3-18:0), ER membrane (No2)",False,True,0.0,0.0,inf,inf,True,False
r_2387No3,"diacylglycerol acyltransferase (1-16:1, 2-18:1, 3-18:0), ER membrane (No3)",False,True,0.0,0.0,inf,inf,True,False
r_2388No1,"diacylglycerol acyltransferase (1-18:0, 2-16:1, 3-18:0), ER membrane (No1)",False,True,0.0,0.0,inf,inf,True,False
r_2388No2,"diacylglycerol acyltransferase (1-18:0, 2-16:1, 3-18:0), ER membrane (No2)",False,True,0.0,0.0,inf,inf,True,False
r_2388No3,"diacylglycerol acyltransferase (1-18:0, 2-16:1, 3-18:0), ER membrane (No3)",False,True,0.0,0.0,inf,inf,True,False
r_2389No1,"diacylglycerol acyltransferase (1-18:0, 2-18:1, 3-18:0), ER membrane (No1)",False,True,0.0,0.0,inf,inf,True,False
r_2389No2,"diacylglycerol acyltransferase (1-18:0, 2-18:1, 3-18:0), ER membrane (No2)",False,True,0.0,0.0,inf,inf,True,False
r_2389No3,"diacylglycerol acyltransferase (1-18:0, 2-18:1, 3-18:0), ER membrane (No3)",False,True,0.0,0.0,inf,inf,True,False
r_2390No1,"diacylglycerol acyltransferase (1-18:1, 2-16:1, 3-18:0), ER membrane (No1)",False,True,0.0,0.0,inf,inf,True,False
r_2390No2,"diacylglycerol acyltransferase (1-18:1, 2-16:1, 3-18:0), ER membrane (No2)",False,True,0.0,0.0,inf,inf,True,False
r_2390No3,"diacylglycerol acyltransferase (1-18:1, 2-16:1, 3-18:0), ER membrane (No3)",False,True,0.0,0.0,inf,inf,True,False
r_2391No1,"diacylglycerol acyltransferase (1-18:1, 2-18:1, 3-18:0), ER membrane (No1)",False,True,0.0,0.0,inf,inf,True,False
r_2391No2,"diacylglycerol acyltransferase (1-18:1, 2-18:1, 3-18:0), ER membrane (No2)",False,True,0.0,0.0,inf,inf,True,False
r_2391No3,"diacylglycerol acyltransferase (1-18:1, 2-18:1, 3-18:0), ER membrane (No3)",False,True,0.0,0.0,inf,inf,True,False
r_2392No1,"diacylglycerol acyltransferase (1-16:0, 2-16:1, 3-18:1), ER membrane (No1)",False,True,0.0,0.0,inf,inf,True,False
r_2392No2,"diacylglycerol acyltransferase (1-16:0, 2-16:1, 3-18:1), ER membrane (No2)",False,True,0.0,0.0,inf,inf,True,False
r_2392No3,"diacylglycerol acyltransferase (1-16:0, 2-16:1, 3-18:1), ER membrane (No3)",False,True,0.0,0.0,inf,inf,True,False
r_2393No1,"diacylglycerol acyltransferase (1-16:0, 2-18:1, 3-18:1), ER membrane (No1)",False,True,0.0,0.0,inf,inf,True,False
r_2393No2,"diacylglycerol acyltransferase (1-16:0, 2-18:1, 3-18:1), ER membrane (No2)",False,True,0.0,0.0,inf,inf,True,False
r_2393No3,"diacylglycerol acyltransferase (1-16:0, 2-18:1, 3-18:1), ER membrane (No3)",False,True,0.0,0.0,inf,inf,True,False
r_2394No1,"diacylglycerol acyltransferase (1-16:1, 2-16:1, 3-18:1), ER membrane (No1)",False,True,0.0,0.0,inf,inf,True,False
r_2394No2,"diacylglycerol acyltransferase (1-16:1, 2-16:1, 3-18:1), ER membrane (No2)",False,True,0.0,0.0,inf,inf,True,False
r_2394No3,"diacylglycerol acyltransferase (1-16:1, 2-16:1, 3-18:1), ER membrane (No3)",False,True,0.0,0.0,inf,inf,True,False
r_2395No1,"diacylglycerol acyltransferase (1-16:1, 2-18:1, 3-18:1), ER membrane (No1)",False,True,0.0,0.0,inf,inf,True,False
r_2395No2,"diacylglycerol acyltransferase (1-16:1, 2-18:1, 3-18:1), ER membrane (No2)",False,True,0.0,0.0,inf,inf,True,False
r_2395No3,"diacylglycerol acyltransferase (1-16:1, 2-18:1, 3-18:1), ER membrane (No3)",False,True,0.0,0.0,inf,inf,True,False
r_2396No1,"diacylglycerol acyltransferase (1-18:0, 2-16:1, 3-18:1), ER membrane (No1)",False,True,0.0,0.0,inf,inf,True,False
r_2396No2,"diacylglycerol acyltransferase (1-18:0, 2-16:1, 3-18:1), ER membrane (No2)",False,True,0.0,0.0,inf,inf,True,False
r_2396No3,"diacylglycerol acyltransferase (1-18:0, 2-16:1, 3-18:1), ER membrane (No3)",False,True,0.0,0.0,inf,inf,True,False
r_2397No1,"diacylglycerol acyltransferase (1-18:0, 2-18:1, 3-18:1), ER membrane (No1)",False,True,0.0,0.0,inf,inf,True,False
r_2397No2,"diacylglycerol acyltransferase (1-18:0, 2-18:1, 3-18:1), ER membrane (No2)",False,True,0.0,0.0,inf,inf,True,False
r_2397No3,"diacylglycerol acyltransferase (1-18:0, 2-18:1, 3-18:1), ER membrane (No3)",False,True,0.0,0.0,inf,inf,True,False
r_2398No1,"diacylglycerol acyltransferase (1-18:1, 2-16:1, 3-18:1), ER membrane (No1)",False,True,0.0,0.0,inf,inf,True,False
r_2398No2,"diacylglycerol acyltransferase (1-18:1, 2-16:1, 3-18:1), ER membrane (No2)",False,True,0.0,0.0,inf,inf,True,False
r_2398No3,"diacylglycerol acyltransferase (1-18:1, 2-16:1, 3-18:1), ER membrane (No3)",False,True,0.0,0.0,inf,inf,True,False
r_2399No1,"diacylglycerol acyltransferase (1-18:1, 2-18:1, 3-18:1), ER membrane (No1)",False,True,0.0,0.0,inf,inf,True,False
r_2399No2,"diacylglycerol acyltransferase (1-18:1, 2-18:1, 3-18:1), ER membrane (No2)",False,True,0.0,0.0,inf,inf,True,False
r_2399No3,"diacylglycerol acyltransferase (1-18:1, 2-18:1, 3-18:1), ER membrane (No3)",False,True,0.0,0.0,inf,inf,True,False
r_2400No1,"diacylglycerol acyltransferase (1-16:0, 2-16:1, 3-16:0), lipid particle (No1)",False,True,0.0,0.0,inf,inf,True,False
r_2401No1,"diacylglycerol acyltransferase (1-16:0, 2-18:1, 3-16:0), lipid particle (No1)",False,True,0.0,0.0,inf,inf,True,False
r_2402No1,"diacylglycerol acyltransferase (1-16:1, 2-16:1, 3-16:0), lipid particle (No1)",False,True,0.0,0.0,inf,inf,True,False
r_2403No1,"diacylglycerol acyltransferase (1-16:1, 2-18:1, 3-16:0), lipid particle (No1)",False,True,0.0,0.0,inf,inf,True,False
r_2404No1,"diacylglycerol acyltransferase (1-18:0, 2-16:1, 3-16:0), lipid particle (No1)",False,True,0.0,0.0,inf,inf,True,False
r_2405No1,"diacylglycerol acyltransferase (1-18:0, 2-18:1, 3-16:0), lipid particle (No1)",False,True,0.0,0.0,inf,inf,True,False
r_2406No1,"diacylglycerol acyltransferase (1-18:1, 2-16:1, 3-16:0), lipid particle (No1)",False,True,0.0,0.0,inf,inf,True,False
r_2407No1,"diacylglycerol acyltransferase (1-18:1, 2-18:1, 3-16:0), lipid particle (No1)",False,True,0.0,0.0,inf,inf,True,False
r_2408No1,"diacylglycerol acyltransferase (1-16:0, 2-16:1, 3-16:1), lipid particle (No1)",False,True,0.0,0.0,inf,inf,True,False
r_2409No1,"diacylglycerol acyltransferase (1-16:0, 2-18:1, 3-16:1), lipid particle (No1)",False,True,0.0,0.0,inf,inf,True,False
r_2410No1,"diacylglycerol acyltransferase (1-16:1, 2-16:1, 3-16:1), lipid particle (No1)",False,True,0.0,0.0,inf,inf,True,False
r_2411No1,"diacylglycerol acyltransferase (1-16:1, 2-18:1, 3-16:1), lipid particle (No1)",False,True,0.0,0.0,inf,inf,True,False
r_2412No1,"diacylglycerol acyltransferase (1-18:0, 2-16:1, 3-16:1), lipid particle (No1)",False,True,0.0,0.0,inf,inf,True,False
r_2413No1,"diacylglycerol acyltransferase (1-18:0, 2-18:1, 3-16:1), lipid particle (No1)",False,True,0.0,0.0,inf,inf,True,False
r_2414No1,"diacylglycerol acyltransferase (1-18:1, 2-16:1, 3-16:1), lipid particle (No1)",False,True,0.0,0.0,inf,inf,True,False
r_2415No1,"diacylglycerol acyltransferase (1-18:1, 2-18:1, 3-16:1), lipid particle (No1)",False,True,0.0,0.0,inf,inf,True,False
r_2416No1,"diacylglycerol acyltransferase (1-16:0, 2-16:1, 3-18:0), lipid particle (No1)",False,True,0.0,0.0,inf,inf,True,False
r_2417No1,"diacylglycerol acyltransferase (1-16:0, 2-18:1, 3-18:0), lipid particle (No1)",False,True,0.0,0.0,inf,inf,True,False
r_2418No1,"diacylglycerol acyltransferase (1-16:1, 2-16:1, 3-18:0), lipid particle (No1)",False,True,0.0,0.0,inf,inf,True,False
r_2419No1,"diacylglycerol acyltransferase (1-16:1, 2-18:1, 3-18:0), lipid particle (No1)",False,True,0.0,0.0,inf,inf,True,False
r_2420No1,"diacylglycerol acyltransferase (1-18:0, 2-16:1, 3-18:0), lipid particle (No1)",False,True,0.0,0.0,inf,inf,True,False
r_2421No1,"diacylglycerol acyltransferase (1-18:0, 2-18:1, 3-18:0), lipid particle (No1)",False,True,0.0,0.0,inf,inf,True,False
r_2422No1,"diacylglycerol acyltransferase (1-18:1, 2-16:1, 3-18:0), lipid particle (No1)",False,True,0.0,0.0,inf,inf,True,False
r_2423No1,"diacylglycerol acyltransferase (1-18:1, 2-18:1, 3-18:0), lipid particle (No1)",False,True,0.0,0.0,inf,inf,True,False
r_2424No1,"diacylglycerol acyltransferase (1-16:0, 2-16:1, 3-18:1), lipid particle (No1)",False,True,0.0,0.0,inf,inf,True,False
r_2425No1,"diacylglycerol acyltransferase (1-16:0, 2-18:1, 3-18:1), lipid particle (No1)",False,True,0.0,0.0,inf,inf,True,False
r_2426No1,"diacylglycerol acyltransferase (1-16:1, 2-16:1, 3-18:1), lipid particle (No1)",False,True,0.0,0.0,inf,inf,True,False
r_2427No1,"diacylglycerol acyltransferase (1-16:1, 2-18:1, 3-18:1), lipid particle (No1)",False,True,0.0,0.0,inf,inf,True,False
r_2428No1,"diacylglycerol acyltransferase (1-18:0, 2-16:1, 3-18:1), lipid particle (No1)",False,True,0.0,0.0,inf,inf,True,False
r_2429No1,"diacylglycerol acyltransferase (1-18:0, 2-18:1, 3-18:1), lipid particle (No1)",False,True,0.0,0.0,inf,inf,True,False
r_2430No1,"diacylglycerol acyltransferase (1-18:1, 2-16:1, 3-18:1), lipid particle (No1)",False,True,0.0,0.0,inf,inf,True,False
r_2431No1,"diacylglycerol acyltransferase (1-18:1, 2-18:1, 3-18:1), lipid particle (No1)",False,True,0.0,0.0,inf,inf,True,False
r_2432No1,"CDP-diacylglycerol synthase (1-16:0, 2-16:1), ER membrane (No1)",False,True,0.0,0.0,inf,inf,True,True
r_2433No1,"CDP-diacylglycerol synthase (1-16:1, 2-16:1), ER membrane (No1)",False,True,0.0,0.0,inf,inf,True,True
r_2434No1,"CDP-diacylglycerol synthase (1-18:0, 2-16:1), ER membrane (No1)",False,True,0.0,0.0,inf,inf,True,True
r_2435No1,"CDP-diacylglycerol synthase (1-18:1, 2-16:1), ER membrane (No1)",False,True,0.0,0.0,inf,inf,True,True
r_2436No1,"CDP-diacylglycerol synthase (1-16:0, 2-18:1), ER membrane (No1)",False,True,0.0,0.0,inf,inf,True,True
r_2437No1,"CDP-diacylglycerol synthase (1-16:1, 2-18:1), ER membrane (No1)",False,True,0.0,0.0,inf,inf,True,True
r_2438No1,"CDP-diacylglycerol synthase (1-18:0, 2-18:1), ER membrane (No1)",False,True,0.0,0.0,inf,inf,True,True
r_2439No1,"CDP-diacylglycerol synthase (1-18:1, 2-18:1), ER membrane (No1)",False,True,0.0,0.0,inf,inf,True,True
r_2440No1,"CDP-diacylglycerol synthase (1-16:0, 2-16:1), mitochondrial membrane (No1)",False,True,0.0,0.0,inf,inf,True,True
r_2441No1,"CDP-diacylglycerol synthase (1-16:1, 2-16:1), mitochondrial membrane (No1)",False,True,0.0,0.0,inf,inf,True,True
r_2442No1,"CDP-diacylglycerol synthase (1-18:0, 2-16:1), mitochondrial membrane (No1)",False,True,0.0,0.0,inf,inf,True,True
r_2443No1,"CDP-diacylglycerol synthase (1-18:1, 2-16:1), mitochondrial membrane (No1)",False,True,0.0,0.0,inf,inf,True,True
r_2444No1,"CDP-diacylglycerol synthase (1-16:0, 2-18:1), mitochondrial membrane (No1)",False,True,0.0,0.0,inf,inf,True,True
r_2445No1,"CDP-diacylglycerol synthase (1-16:1, 2-18:1), mitochondrial membrane (No1)",False,True,0.0,0.0,inf,inf,True,True
r_2446No1,"PS synthase (1-16:0, 2-16:1), ER membrane (No1)",False,True,0.0,0.0,inf,inf,True,True
r_2447No1,"PS synthase (1-16:1, 2-16:1), ER membrane (No1)",False,True,0.0,0.0,inf,inf,True,True
r_2448No1,"PS synthase (1-18:0, 2-16:1), ER membrane (No1)",False,True,0.0,0.0,inf,inf,True,True
r_2449No1,"PS synthase (1-18:1, 2-16:1), ER membrane (No1)",False,True,0.0,0.0,inf,inf,True,True
r_2450No1,"PS synthase (1-16:0, 2-18:1), ER membrane (No1)",False,True,0.0,0.0,inf,inf,True,True
r_2451No1,"PS synthase (1-16:1, 2-18:1), ER membrane (No1)",False,True,0.0,0.0,inf,inf,True,True
r_2452No1,"PS synthase (1-18:0, 2-18:1), ER membrane (No1)",False,True,0.0,0.0,inf,inf,True,True
r_2453No1,"PS synthase (1-18:1, 2-18:1), ER membrane (No1)",False,True,0.0,0.0,inf,inf,True,True
r_2454No1,"PI synthase (1-16:0, 2-16:1), ER membrane (No1)",False,True,0.0,0.0,inf,inf,True,True
r_2455No1,"PI synthase (1-16:1, 2-16:1), ER membrane (No1)",False,True,0.0,0.0,inf,inf,True,True
r_2456No1,"PI synthase (1-18:0, 2-16:1), ER membrane (No1)",False,True,0.0,0.0,inf,inf,True,True
r_2457No1,"PI synthase (1-18:1, 2-16:1), ER membrane (No1)",False,True,0.0,0.0,inf,inf,True,True
r_2458No1,"PI synthase (1-16:0, 2-18:1), ER membrane (No1)",False,True,0.0,0.0,inf,inf,True,True
r_2459No1,"PI synthase (1-16:1, 2-18:1), ER membrane (No1)",False,True,0.0,0.0,inf,inf,True,True
r_2460No1,"PI synthase (1-18:0, 2-18:1), ER membrane (No1)",False,True,0.0,0.0,inf,inf,True,True
r_2461No1,"PI synthase (1-18:1, 2-18:1), ER membrane (No1)",False,True,0.0,0.0,inf,inf,True,True
r_2462No1,"lysoPI acyltransferase (1-18:0, 2-16:1), ER membrane (No1)",False,True,0.0,0.0,inf,inf,True,False
r_2463No1,"lysoPI acyltransferase (1-18:0, 2-18:1), ER membrane (No1)",False,True,0.0,0.0,inf,inf,True,False
r_2464No1,"PS decarboxylase (1-16:0, 2-16:1), mitochondrial membrane (No1)",False,True,0.0,0.0,inf,inf,True,True
r_2465No1,"PS decarboxylase (1-16:1, 2-16:1), mitochondrial membrane (No1)",False,True,0.0,0.0,inf,inf,True,True
r_2466No1,"PS decarboxylase (1-18:0, 2-16:1), mitochondrial membrane (No1)",False,True,0.0,0.0,inf,inf,True,True
r_2467No1,"PS decarboxylase (1-18:1, 2-16:1), mitochondrial membrane (No1)",False,True,0.0,0.0,inf,inf,True,True
r_2468No1,"PS decarboxylase (1-16:0, 2-18:1), mitochondrial membrane (No1)",False,True,0.0,0.0,inf,inf,True,True
r_2469No1,"PS decarboxylase (1-16:1, 2-18:1), mitochondrial membrane (No1)",False,True,0.0,0.0,inf,inf,True,True
r_2470No1,"PS decarboxylase (1-18:0, 2-18:1), mitochondrial membrane (No1)",False,True,0.0,0.0,inf,inf,True,True
r_2471No1,"PS decarboxylase (1-18:1, 2-18:1), mitochondrial membrane (No1)",False,True,0.0,0.0,inf,inf,True,True
r_2472No1,"PS decarboxylase (1-16:0, 2-16:1), Golgi membrane (No1)",False,True,0.0,0.0,inf,inf,True,True
r_2473No1,"PS decarboxylase (1-16:1, 2-16:1), Golgi membrane (No1)",False,True,0.0,0.0,inf,inf,True,True
r_2474No1,"PS decarboxylase (1-18:0, 2-16:1), Golgi membrane (No1)",False,True,0.0,0.0,inf,inf,True,True
r_2475No1,"PS decarboxylase (1-18:1, 2-16:1), Golgi membrane (No1)",False,True,0.0,0.0,inf,inf,True,True
r_2476No1,"PS decarboxylase (1-16:0, 2-18:1), Golgi membrane (No1)",False,True,0.0,0.0,inf,inf,True,True
r_2477No1,"PS decarboxylase (1-16:1, 2-18:1), Golgi membrane (No1)",False,True,0.0,0.0,inf,inf,True,True
r_2478No1,"PS decarboxylase (1-18:0, 2-18:1), Golgi membrane (No1)",False,True,0.0,0.0,inf,inf,True,True
r_2479No1,"PS decarboxylase (1-18:1, 2-18:1), Golgi membrane (No1)",False,True,0.0,0.0,inf,inf,True,True
r_2480No1,"PS decarboxylase (1-16:0, 2-16:1), vacuolar membrane (No1)",False,True,0.0,0.0,inf,inf,True,True
r_2481No1,"PS decarboxylase (1-16:1, 2-16:1), vacuolar membrane (No1)",False,True,0.0,0.0,inf,inf,True,True
r_2482No1,"PS decarboxylase (1-18:0, 2-16:1), vacuolar membrane (No1)",False,True,0.0,0.0,inf,inf,True,True
r_2483No1,"PS decarboxylase (1-18:1, 2-16:1), vacuolar membrane (No1)",False,True,0.0,0.0,inf,inf,True,True
r_2484No1,"PS decarboxylase (1-16:0, 2-18:1), vacuolar membrane (No1)",False,True,0.0,0.0,inf,inf,True,True
r_2485No1,"PS decarboxylase (1-16:1, 2-18:1), vacuolar membrane (No1)",False,True,0.0,0.0,inf,inf,True,True
r_2486No1,"PS decarboxylase (1-18:0, 2-18:1), vacuolar membrane (No1)",False,True,0.0,0.0,inf,inf,True,True
r_2487No1,"PS decarboxylase (1-18:1, 2-18:1), vacuolar membrane (No1)",False,True,0.0,0.0,inf,inf,True,True
r_2488No1,"PE methyltransferase (1-16:0, 2-16:1), ER membrane (No1)",False,True,0.0,0.0,inf,inf,True,True
r_2488No2,"PE methyltransferase (1-16:0, 2-16:1), ER membrane (No2)",False,True,0.0,0.0,inf,inf,True,True
r_2489No1,"PE methyltransferase (1-16:1, 2-16:1), ER membrane (No1)",False,True,0.0,0.0,inf,inf,True,True
r_2489No2,"PE methyltransferase (1-16:1, 2-16:1), ER membrane (No2)",False,True,0.0,0.0,inf,inf,True,True
r_2490No1,"PE methyltransferase (1-18:0, 2-16:1), ER membrane (No1)",False,True,0.0,0.0,inf,inf,True,True
r_2490No2,"PE methyltransferase (1-18:0, 2-16:1), ER membrane (No2)",False,True,0.0,0.0,inf,inf,True,True
r_2491No1,"PE methyltransferase (1-18:1, 2-16:1), ER membrane (No1)",False,True,0.0,0.0,inf,inf,True,True
r_2491No2,"PE methyltransferase (1-18:1, 2-16:1), ER membrane (No2)",False,True,0.0,0.0,inf,inf,True,True
r_2492No1,"PE methyltransferase (1-16:0, 2-18:1), ER membrane (No1)",False,True,0.0,0.0,inf,inf,True,True
r_2492No2,"PE methyltransferase (1-16:0, 2-18:1), ER membrane (No2)",False,True,0.0,0.0,inf,inf,True,True
r_2493No1,"PE methyltransferase (1-16:1, 2-18:1), ER membrane (No1)",False,True,0.0,0.0,inf,inf,True,True
r_2493No2,"PE methyltransferase (1-16:1, 2-18:1), ER membrane (No2)",False,True,0.0,0.0,inf,inf,True,True
r_2494No1,"PE methyltransferase (1-18:0, 2-18:1), ER membrane (No1)",False,True,0.0,0.0,inf,inf,True,True
r_2494No2,"PE methyltransferase (1-18:0, 2-18:1), ER membrane (No2)",False,True,0.0,0.0,inf,inf,True,True
r_2495No1,"PE methyltransferase (1-18:1, 2-18:1), ER membrane (No1)",False,True,0.0,0.0,inf,inf,True,True
r_2495No2,"PE methyltransferase (1-18:1, 2-18:1), ER membrane (No2)",False,True,0.0,0.0,inf,inf,True,True
r_2496No1,"phosphatidyl-N-methylethanolamine methyltransferase (1-16:0, 2-16:1), ER membrane (No1)",False,True,0.0,0.0,inf,inf,True,True
r_2497No1,"phosphatidyl-N-methylethanolamine methyltransferase (1-16:1, 2-16:1), ER membrane (No1)",False,True,0.0,0.0,inf,inf,True,True
r_2498No1,"phosphatidyl-N-methylethanolamine methyltransferase (1-18:0, 2-16:1), ER membrane (No1)",False,True,0.0,0.0,inf,inf,True,True
r_2499No1,"phosphatidyl-N-methylethanolamine methyltransferase (1-18:1, 2-16:1), ER membrane (No1)",False,True,0.0,0.0,inf,inf,True,True
r_2500No1,"phosphatidyl-N-methylethanolamine methyltransferase (1-16:0, 2-18:1), ER membrane (No1)",False,True,0.0,0.0,inf,inf,True,True
r_2501No1,"phosphatidyl-N-methylethanolamine methyltransferase (1-16:1, 2-18:1), ER membrane (No1)",False,True,0.0,0.0,inf,inf,True,True
r_2502No1,"phosphatidyl-N-methylethanolamine methyltransferase (1-18:0, 2-18:1), ER membrane (No1)",False,True,0.0,0.0,inf,inf,True,True
r_2503No1,"phosphatidyl-N-methylethanolamine methyltransferase (1-18:1, 2-18:1), ER membrane (No1)",False,True,0.0,0.0,inf,inf,True,True
r_2504No1,"phosphatidyl-N,N-dimethylethanolamine methyltransferase (1-16:0, 2-16:1), ER membrane (No1)",False,True,0.0,0.0,inf,inf,True,True
r_2505No1,"phosphatidyl-N,N-dimethylethanolamine methyltransferase (1-16:1, 2-16:1), ER membrane (No1)",False,True,0.0,0.0,inf,inf,True,True
r_2506No1,"phosphatidyl-N,N-dimethylethanolamine methyltransferase (1-18:0, 2-16:1), ER membrane (No1)",False,True,0.0,0.0,inf,inf,True,True
r_2507No1,"phosphatidyl-N,N-dimethylethanolamine methyltransferase (1-18:1, 2-16:1), ER membrane (No1)",False,True,0.0,0.0,inf,inf,True,True
r_2508No1,"phosphatidyl-N,N-dimethylethanolamine methyltransferase (1-16:0, 2-18:1), ER membrane (No1)",False,True,0.0,0.0,inf,inf,True,True
r_2509No1,"phosphatidyl-N,N-dimethylethanolamine methyltransferase (1-16:1, 2-18:1), ER membrane (No1)",False,True,0.0,0.0,inf,inf,True,True
r_2510No1,"phosphatidyl-N,N-dimethylethanolamine methyltransferase (1-18:0, 2-18:1), ER membrane (No1)",False,True,0.0,0.0,inf,inf,True,True
r_2511No1,"phosphatidyl-N,N-dimethylethanolamine methyltransferase (1-18:1, 2-18:1), ER membrane (No1)",False,True,0.0,0.0,inf,inf,True,True
r_2520No1,"ethanolaminephosphotransferase (1-16:0, 2-16:1), ER membrane (No1)",False,True,0.0,0.0,inf,inf,True,True
r_2521No1,"ethanolaminephosphotransferase (1-16:1, 2-16:1), ER membrane (No1)",False,True,0.0,0.0,inf,inf,True,True
r_2522No1,"ethanolaminephosphotransferase (1-18:0, 2-16:1), ER membrane (No1)",False,True,0.0,0.0,inf,inf,True,True
r_2523No1,"ethanolaminephosphotransferase (1-18:1, 2-16:1), ER membrane (No1)",False,True,0.0,0.0,inf,inf,True,True
r_2524No1,"ethanolaminephosphotransferase (1-16:0, 2-18:1), ER membrane (No1)",False,True,0.0,0.0,inf,inf,True,True
r_2525No1,"ethanolaminephosphotransferase (1-16:1, 2-18:1), ER membrane (No1)",False,True,0.0,0.0,inf,inf,True,True
r_2526No1,"ethanolaminephosphotransferase (1-18:0, 2-18:1), ER membrane (No1)",False,True,0.0,0.0,inf,inf,True,True
r_2527No1,"ethanolaminephosphotransferase (1-18:1, 2-18:1), ER membrane (No1)",False,True,0.0,0.0,inf,inf,True,True
r_2528No1,"cholinephosphotransferase (1-16:0, 2-16:1), ER membrane (No1)",False,True,0.0,0.0,inf,inf,True,True
r_2528No2,"cholinephosphotransferase (1-16:0, 2-16:1), ER membrane (No2)",False,True,0.0,0.0,inf,inf,True,True
r_2529No1,"cholinephosphotransferase (1-16:1, 2-16:1), ER membrane (No1)",False,True,0.0,0.0,inf,inf,True,True
r_2529No2,"cholinephosphotransferase (1-16:1, 2-16:1), ER membrane (No2)",False,True,0.0,0.0,inf,inf,True,True
r_2530No1,"cholinephosphotransferase (1-18:0, 2-16:1), ER membrane (No1)",False,True,0.0,0.0,inf,inf,True,True
r_2530No2,"cholinephosphotransferase (1-18:0, 2-16:1), ER membrane (No2)",False,True,0.0,0.0,inf,inf,True,True
r_2531No1,"cholinephosphotransferase (1-18:1, 2-16:1), ER membrane (No1)",False,True,0.0,0.0,inf,inf,True,True
r_2531No2,"cholinephosphotransferase (1-18:1, 2-16:1), ER membrane (No2)",False,True,0.0,0.0,inf,inf,True,True
r_2532No1,"cholinephosphotransferase (1-16:0, 2-18:1), ER membrane (No1)",False,True,0.0,0.0,inf,inf,True,True
r_2532No2,"cholinephosphotransferase (1-16:0, 2-18:1), ER membrane (No2)",False,True,0.0,0.0,inf,inf,True,True
r_2533No1,"cholinephosphotransferase (1-16:1, 2-18:1), ER membrane (No1)",False,True,0.0,0.0,inf,inf,True,True
r_2533No2,"cholinephosphotransferase (1-16:1, 2-18:1), ER membrane (No2)",False,True,0.0,0.0,inf,inf,True,True
r_2534No1,"cholinephosphotransferase (1-18:0, 2-18:1), ER membrane (No1)",False,True,0.0,0.0,inf,inf,True,True
r_2534No2,"cholinephosphotransferase (1-18:0, 2-18:1), ER membrane (No2)",False,True,0.0,0.0,inf,inf,True,True
r_2535No1,"cholinephosphotransferase (1-18:1, 2-18:1), ER membrane (No1)",False,True,0.0,0.0,inf,inf,True,True
r_2535No2,"cholinephosphotransferase (1-18:1, 2-18:1), ER membrane (No2)",False,True,0.0,0.0,inf,inf,True,True
r_2536No1,"phosphatidylglycerolphosphate synthase (1-16:0, 2-16:1), mitochondrial membrane (No1)",False,True,0.0,0.0,inf,inf,True,True
r_2537No1,"phosphatidylglycerolphosphate synthase (1-16:1, 2-16:1), mitochondrial membrane (No1)",False,True,0.0,0.0,inf,inf,True,True
r_2538No1,"phosphatidylglycerolphosphate synthase (1-18:0, 2-16:1), mitochondrial membrane (No1)",False,True,0.0,0.0,inf,inf,True,True
r_2539No1,"phosphatidylglycerolphosphate synthase (1-18:1, 2-16:1), mitochondrial membrane (No1)",False,True,0.0,0.0,inf,inf,True,True
r_2540No1,"phosphatidylglycerolphosphate synthase (1-16:0, 2-18:1), mitochondrial membrane (No1)",False,True,0.0,0.0,inf,inf,True,True
r_2541No1,"phosphatidylglycerolphosphate synthase (1-16:1, 2-18:1), mitochondrial membrane (No1)",False,True,0.0,0.0,inf,inf,True,True
r_2542No1,"PGP phosphatase (1-16:0, 2-16:1), mitochondrial membrane (No1)",False,True,0.0,0.0,inf,inf,True,False
r_2543No1,"PGP phosphatase (1-16:1, 2-16:1), mitochondrial membrane (No1)",False,True,0.0,0.0,inf,inf,True,False
r_2544No1,"PGP phosphatase (1-18:0, 2-16:1), mitochondrial membrane (No1)",False,True,0.0,0.0,inf,inf,True,False
r_2545No1,"PGP phosphatase (1-18:1, 2-16:1), mitochondrial membrane (No1)",False,True,0.0,0.0,inf,inf,True,False
r_2546No1,"PGP phosphatase (1-16:0, 2-18:1), mitochondrial membrane (No1)",False,True,0.0,0.0,inf,inf,True,False
r_2547No1,"PGP phosphatase (1-16:1, 2-18:1), mitochondrial membrane (No1)",False,True,0.0,0.0,inf,inf,True,False
r_2548No1,"CL synthase (1-16:0, 2-16:1, 3-16:0, 4-16:1), mitochondrial membrane (No1)",False,True,0.0,0.0,inf,inf,True,True
r_2549No1,"CL synthase (1-16:0, 2-16:1, 3-16:1, 4-16:1), mitochondrial membrane (No1)",False,True,0.0,0.0,inf,inf,True,True
r_2550No1,"CL synthase (1-16:0, 2-16:1, 3-18:0, 4-16:1), mitochondrial membrane (No1)",False,True,0.0,0.0,inf,inf,True,True
r_2551No1,"CL synthase (1-16:0, 2-16:1, 3-18:1, 4-16:1), mitochondrial membrane (No1)",False,True,0.0,0.0,inf,inf,True,True
r_2552No1,"CL synthase (1-16:0, 2-16:1, 3-16:0, 4-18:1), mitochondrial membrane (No1)",False,True,0.0,0.0,inf,inf,True,True
r_2553No1,"CL synthase (1-16:0, 2-16:1, 3-16:1, 4-18:1), mitochondrial membrane (No1)",False,True,0.0,0.0,inf,inf,True,True
r_2554No1,"CL synthase (1-16:1, 2-16:1, 3-16:0, 4-16:1), mitochondrial membrane (No1)",False,True,0.0,0.0,inf,inf,True,True
r_2555No1,"CL synthase (1-16:1, 2-16:1, 3-16:1, 4-16:1), mitochondrial membrane (No1)",False,True,0.0,0.0,inf,inf,True,True
r_2556No1,"CL synthase (1-16:1, 2-16:1, 3-18:0, 4-16:1), mitochondrial membrane (No1)",False,True,0.0,0.0,inf,inf,True,True
r_2557No1,"CL synthase (1-16:1, 2-16:1, 3-18:1, 4-16:1), mitochondrial membrane (No1)",False,True,0.0,0.0,inf,inf,True,True
r_2558No1,"CL synthase (1-16:1, 2-16:1, 3-16:0, 4-18:1), mitochondrial membrane (No1)",False,True,0.0,0.0,inf,inf,True,True
r_2559No1,"CL synthase (1-16:1, 2-16:1, 3-16:1, 4-18:1), mitochondrial membrane (No1)",False,True,0.0,0.0,inf,inf,True,True
r_2560No1,"CL synthase (1-18:0, 2-16:1, 3-16:0, 4-16:1), mitochondrial membrane (No1)",False,True,0.0,0.0,inf,inf,True,True
r_2561No1,"CL synthase (1-18:0, 2-16:1, 3-16:1, 4-16:1), mitochondrial membrane (No1)",False,True,0.0,0.0,inf,inf,True,True
r_2562No1,"CL synthase (1-18:0, 2-16:1, 3-18:0, 4-16:1), mitochondrial membrane (No1)",False,True,0.0,0.0,inf,inf,True,True
r_2563No1,"CL synthase (1-18:0, 2-16:1, 3-18:1, 4-16:1), mitochondrial membrane (No1)",False,True,0.0,0.0,inf,inf,True,True
r_2564No1,"CL synthase (1-18:0, 2-16:1, 3-16:0, 4-18:1), mitochondrial membrane (No1)",False,True,0.0,0.0,inf,inf,True,True
r_2565No1,"CL synthase (1-18:0, 2-16:1, 3-16:1, 4-18:1), mitochondrial membrane (No1)",False,True,0.0,0.0,inf,inf,True,True
r_2566No1,"CL synthase (1-18:1, 2-16:1, 3-16:0, 4-16:1), mitochondrial membrane (No1)",False,True,0.0,0.0,inf,inf,True,True
r_2567No1,"CL synthase (1-18:1, 2-16:1, 3-16:1, 4-16:1), mitochondrial membrane (No1)",False,True,0.0,0.0,inf,inf,True,True
r_2568No1,"CL synthase (1-18:1, 2-16:1, 3-18:0, 4-16:1), mitochondrial membrane (No1)",False,True,0.0,0.0,inf,inf,True,True
r_2569No1,"CL synthase (1-18:1, 2-16:1, 3-18:1, 4-16:1), mitochondrial membrane (No1)",False,True,0.0,0.0,inf,inf,True,True
r_2570No1,"CL synthase (1-18:1, 2-16:1, 3-16:0, 4-18:1), mitochondrial membrane (No1)",False,True,0.0,0.0,inf,inf,True,True
r_2571No1,"CL synthase (1-18:1, 2-16:1, 3-16:1, 4-18:1), mitochondrial membrane (No1)",False,True,0.0,0.0,inf,inf,True,True
r_2572No1,"CL synthase (1-16:0, 2-18:1, 3-16:0, 4-16:1), mitochondrial membrane (No1)",False,True,0.0,0.0,inf,inf,True,True
r_2573No1,"CL synthase (1-16:0, 2-18:1, 3-16:1, 4-16:1), mitochondrial membrane (No1)",False,True,0.0,0.0,inf,inf,True,True
r_2574No1,"CL synthase (1-16:0, 2-18:1, 3-18:0, 4-16:1), mitochondrial membrane (No1)",False,True,0.0,0.0,inf,inf,True,True
r_2575No1,"CL synthase (1-16:0, 2-18:1, 3-18:1, 4-16:1), mitochondrial membrane (No1)",False,True,0.0,0.0,inf,inf,True,True
r_2576No1,"CL synthase (1-16:0, 2-18:1, 3-16:0, 4-18:1), mitochondrial membrane (No1)",False,True,0.0,0.0,inf,inf,True,True
r_2577No1,"CL synthase (1-16:0, 2-18:1, 3-16:1, 4-18:1), mitochondrial membrane (No1)",False,True,0.0,0.0,inf,inf,True,True
r_2578No1,"CL synthase (1-16:1, 2-18:1, 3-16:0, 4-16:1), mitochondrial membrane (No1)",False,True,0.0,0.0,inf,inf,True,True
r_2579No1,"CL synthase (1-16:1, 2-18:1, 3-16:1, 4-16:1), mitochondrial membrane (No1)",False,True,0.0,0.0,inf,inf,True,True
r_2580No1,"CL synthase (1-16:1, 2-18:1, 3-18:0, 4-16:1), mitochondrial membrane (No1)",False,True,0.0,0.0,inf,inf,True,True
r_2581No1,"CL synthase (1-16:1, 2-18:1, 3-18:1, 4-16:1), mitochondrial membrane (No1)",False,True,0.0,0.0,inf,inf,True,True
r_2582No1,"CL synthase (1-16:1, 2-18:1, 3-16:0, 4-18:1), mitochondrial membrane (No1)",False,True,0.0,0.0,inf,inf,True,True
r_2583No1,"CL synthase (1-16:1, 2-18:1, 3-16:1, 4-18:1), mitochondrial membrane (No1)",False,True,0.0,0.0,inf,inf,True,True
r_2584No1,"CL (1-16:0, 2-16:1, 3-16:0, 4-16:1) phospholipase (1-position), mitochondrial membrane (No1)",False,True,0.0,0.0,inf,inf,True,True
r_2585No1,"CL (1-16:0, 2-16:1, 3-16:1, 4-16:1) phospholipase (1-position), mitochondrial membrane (No1)",False,True,0.0,0.0,inf,inf,True,True
r_2586No1,"CL (1-16:0, 2-16:1, 3-18:0, 4-16:1) phospholipase (1-position), mitochondrial membrane (No1)",False,True,0.0,0.0,inf,inf,True,True
r_2587No1,"CL (1-16:0, 2-16:1, 3-18:1, 4-16:1) phospholipase (1-position), mitochondrial membrane (No1)",False,True,0.0,0.0,inf,inf,True,True
r_2588No1,"CL (1-16:0, 2-16:1, 3-16:0, 4-18:1) phospholipase (1-position), mitochondrial membrane (No1)",False,True,0.0,0.0,inf,inf,True,True
r_2589No1,"CL (1-16:0, 2-16:1, 3-16:1, 4-18:1) phospholipase (1-position), mitochondrial membrane (No1)",False,True,0.0,0.0,inf,inf,True,True
r_2590No1,"CL (1-18:0, 2-16:1, 3-16:0, 4-16:1) phospholipase (1-position), mitochondrial membrane (No1)",False,True,0.0,0.0,inf,inf,True,True
r_2591No1,"CL (1-18:0, 2-16:1, 3-16:1, 4-16:1) phospholipase (1-position), mitochondrial membrane (No1)",False,True,0.0,0.0,inf,inf,True,True
r_2592No1,"CL (1-18:0, 2-16:1, 3-18:0, 4-16:1) phospholipase (1-position), mitochondrial membrane (No1)",False,True,0.0,0.0,inf,inf,True,True
r_2593No1,"CL (1-18:0, 2-16:1, 3-18:1, 4-16:1) phospholipase (1-position), mitochondrial membrane (No1)",False,True,0.0,0.0,inf,inf,True,True
r_2594No1,"CL (1-18:0, 2-16:1, 3-16:0, 4-18:1) phospholipase (1-position), mitochondrial membrane (No1)",False,True,0.0,0.0,inf,inf,True,True
r_2595No1,"CL (1-18:0, 2-16:1, 3-16:1, 4-18:1) phospholipase (1-position), mitochondrial membrane (No1)",False,True,0.0,0.0,inf,inf,True,True
r_2596No1,"CL (1-16:0, 2-18:1, 3-16:0, 4-16:1) phospholipase (1-position), mitochondrial membrane (No1)",False,True,0.0,0.0,inf,inf,True,True
r_2597No1,"CL (1-16:0, 2-18:1, 3-16:1, 4-16:1) phospholipase (1-position), mitochondrial membrane (No1)",False,True,0.0,0.0,inf,inf,True,True
r_2598No1,"CL (1-16:0, 2-18:1, 3-18:0, 4-16:1) phospholipase (1-position), mitochondrial membrane (No1)",False,True,0.0,0.0,inf,inf,True,True
r_2599No1,"CL (1-16:0, 2-18:1, 3-18:1, 4-16:1) phospholipase (1-position), mitochondrial membrane (No1)",False,True,0.0,0.0,inf,inf,True,True
r_2600No1,"CL (1-16:0, 2-18:1, 3-16:0, 4-18:1) phospholipase (1-position), mitochondrial membrane (No1)",False,True,0.0,0.0,inf,inf,True,True
r_2601No1,"CL (1-16:0, 2-18:1, 3-16:1, 4-18:1) phospholipase (1-position), mitochondrial membrane (No1)",False,True,0.0,0.0,inf,inf,True,True
r_2602No1,"CL (1-16:0, 2-16:1, 3-16:0, 4-16:1) phospholipase (3-position), mitochondrial membrane (No1)",False,True,0.0,0.0,inf,inf,True,True
r_2603No1,"CL (1-16:0, 2-16:1, 3-18:0, 4-16:1) phospholipase (3-position), mitochondrial membrane (No1)",False,True,0.0,0.0,inf,inf,True,True
r_2604No1,"CL (1-16:0, 2-16:1, 3-16:0, 4-18:1) phospholipase (3-position), mitochondrial membrane (No1)",False,True,0.0,0.0,inf,inf,True,True
r_2605No1,"CL (1-16:1, 2-16:1, 3-16:0, 4-16:1) phospholipase (3-position), mitochondrial membrane (No1)",False,True,0.0,0.0,inf,inf,True,True
r_2606No1,"CL (1-16:1, 2-16:1, 3-18:0, 4-16:1) phospholipase (3-position), mitochondrial membrane (No1)",False,True,0.0,0.0,inf,inf,True,True
r_2607No1,"CL (1-16:1, 2-16:1, 3-16:0, 4-18:1) phospholipase (3-position), mitochondrial membrane (No1)",False,True,0.0,0.0,inf,inf,True,True
r_2608No1,"CL (1-18:0, 2-16:1, 3-16:0, 4-16:1) phospholipase (3-position), mitochondrial membrane (No1)",False,True,0.0,0.0,inf,inf,True,True
r_2609No1,"CL (1-18:0, 2-16:1, 3-18:0, 4-16:1) phospholipase (3-position), mitochondrial membrane (No1)",False,True,0.0,0.0,inf,inf,True,True
r_2610No1,"CL (1-18:0, 2-16:1, 3-16:0, 4-18:1) phospholipase (3-position), mitochondrial membrane (No1)",False,True,0.0,0.0,inf,inf,True,True
r_2611No1,"CL (1-18:1, 2-16:1, 3-16:0, 4-16:1) phospholipase (3-position), mitochondrial membrane (No1)",False,True,0.0,0.0,inf,inf,True,True
r_2612No1,"CL (1-18:1, 2-16:1, 3-18:0, 4-16:1) phospholipase (3-position), mitochondrial membrane (No1)",False,True,0.0,0.0,inf,inf,True,True
r_2613No1,"CL (1-18:1, 2-16:1, 3-16:0, 4-18:1) phospholipase (3-position), mitochondrial membrane (No1)",False,True,0.0,0.0,inf,inf,True,True
r_2614No1,"CL (1-16:0, 2-18:1, 3-16:0, 4-16:1) phospholipase (3-position), mitochondrial membrane (No1)",False,True,0.0,0.0,inf,inf,True,True
r_2615No1,"CL (1-16:0, 2-18:1, 3-18:0, 4-16:1) phospholipase (3-position), mitochondrial membrane (No1)",False,True,0.0,0.0,inf,inf,True,True
r_2616No1,"CL (1-16:0, 2-18:1, 3-16:0, 4-18:1) phospholipase (3-position), mitochondrial membrane (No1)",False,True,0.0,0.0,inf,inf,True,True
r_2617No1,"CL (1-16:1, 2-18:1, 3-16:0, 4-16:1) phospholipase (3-position), mitochondrial membrane (No1)",False,True,0.0,0.0,inf,inf,True,True
r_2618No1,"CL (1-16:1, 2-18:1, 3-18:0, 4-16:1) phospholipase (3-position), mitochondrial membrane (No1)",False,True,0.0,0.0,inf,inf,True,True
r_2619No1,"CL (1-16:1, 2-18:1, 3-16:0, 4-18:1) phospholipase (3-position), mitochondrial membrane (No1)",False,True,0.0,0.0,inf,inf,True,True
r_2620No1,"MLCL (2-16:1, 3-16:0, 4-16:1):PC (1-16:0, 2-16:1) acyltransferase, mitochondrial membrane (No1)",False,True,0.0,0.0,inf,inf,True,False
r_2621No1,"MLCL (2-16:1, 3-16:0, 4-16:1):PC (1-16:1, 2-16:1) acyltransferase, mitochondrial membrane (No1)",False,True,0.0,0.0,inf,inf,True,False
r_2622No1,"MLCL (2-16:1, 3-16:0, 4-16:1):PC (1-18:0, 2-16:1) acyltransferase, mitochondrial membrane (No1)",False,True,0.0,0.0,inf,inf,True,False
r_2623No1,"MLCL (2-16:1, 3-16:0, 4-16:1):PC (1-18:1, 2-16:1) acyltransferase, mitochondrial membrane (No1)",False,True,0.0,0.0,inf,inf,True,False
r_2624No1,"MLCL (2-16:1, 3-16:0, 4-16:1):PC (1-16:0, 2-18:1) acyltransferase, mitochondrial membrane (No1)",False,True,0.0,0.0,inf,inf,True,False
r_2625No1,"MLCL (2-16:1, 3-16:0, 4-16:1):PC (1-16:1, 2-18:1) acyltransferase, mitochondrial membrane (No1)",False,True,0.0,0.0,inf,inf,True,False
r_2626No1,"MLCL (2-16:1, 3-16:0, 4-16:1):PC (1-18:0, 2-18:1) acyltransferase, mitochondrial membrane (No1)",False,True,0.0,0.0,inf,inf,True,False
r_2627No1,"MLCL (2-16:1, 3-16:0, 4-16:1):PC (1-18:1, 2-18:1) acyltransferase, mitochondrial membrane (No1)",False,True,0.0,0.0,inf,inf,True,False
r_2628No1,"MLCL (2-16:1, 3-16:1, 4-16:1):PC (1-16:0, 2-16:1) acyltransferase, mitochondrial membrane (No1)",False,True,0.0,0.0,inf,inf,True,False
r_2629No1,"MLCL (2-16:1, 3-16:1, 4-16:1):PC (1-16:1, 2-16:1) acyltransferase, mitochondrial membrane (No1)",False,True,0.0,0.0,inf,inf,True,False
r_2630No1,"MLCL (2-16:1, 3-16:1, 4-16:1):PC (1-18:0, 2-16:1) acyltransferase, mitochondrial membrane (No1)",False,True,0.0,0.0,inf,inf,True,False
r_2631No1,"MLCL (2-16:1, 3-16:1, 4-16:1):PC (1-18:1, 2-16:1) acyltransferase, mitochondrial membrane (No1)",False,True,0.0,0.0,inf,inf,True,False
r_2632No1,"MLCL (2-16:1, 3-16:1, 4-16:1):PC (1-16:0, 2-18:1) acyltransferase, mitochondrial membrane (No1)",False,True,0.0,0.0,inf,inf,True,False
r_2633No1,"MLCL (2-16:1, 3-16:1, 4-16:1):PC (1-16:1, 2-18:1) acyltransferase, mitochondrial membrane (No1)",False,True,0.0,0.0,inf,inf,True,False
r_2634No1,"MLCL (2-16:1, 3-16:1, 4-16:1):PC (1-18:0, 2-18:1) acyltransferase, mitochondrial membrane (No1)",False,True,0.0,0.0,inf,inf,True,False
r_2635No1,"MLCL (2-16:1, 3-16:1, 4-16:1):PC (1-18:1, 2-18:1) acyltransferase, mitochondrial membrane (No1)",False,True,0.0,0.0,inf,inf,True,False
r_2636No1,"MLCL (2-16:1, 3-18:0, 4-16:1):PC (1-16:0, 2-16:1) acyltransferase, mitochondrial membrane (No1)",False,True,0.0,0.0,inf,inf,True,False
r_2637No1,"MLCL (2-16:1, 3-18:0, 4-16:1):PC (1-16:1, 2-16:1) acyltransferase, mitochondrial membrane (No1)",False,True,0.0,0.0,inf,inf,True,False
r_2638No1,"MLCL (2-16:1, 3-18:0, 4-16:1):PC (1-18:0, 2-16:1) acyltransferase, mitochondrial membrane (No1)",False,True,0.0,0.0,inf,inf,True,False
r_2639No1,"MLCL (2-16:1, 3-18:0, 4-16:1):PC (1-18:1, 2-16:1) acyltransferase, mitochondrial membrane (No1)",False,True,0.0,0.0,inf,inf,True,False
r_2640No1,"MLCL (2-16:1, 3-18:0, 4-16:1):PC (1-16:0, 2-18:1) acyltransferase, mitochondrial membrane (No1)",False,True,0.0,0.0,inf,inf,True,False
r_2641No1,"MLCL (2-16:1, 3-18:0, 4-16:1):PC (1-16:1, 2-18:1) acyltransferase, mitochondrial membrane (No1)",False,True,0.0,0.0,inf,inf,True,False
r_2642No1,"MLCL (2-16:1, 3-18:0, 4-16:1):PC (1-18:0, 2-18:1) acyltransferase, mitochondrial membrane (No1)",False,True,0.0,0.0,inf,inf,True,False
r_2643No1,"MLCL (2-16:1, 3-18:0, 4-16:1):PC (1-18:1, 2-18:1) acyltransferase, mitochondrial membrane (No1)",False,True,0.0,0.0,inf,inf,True,False
r_2644No1,"MLCL (2-16:1, 3-18:1, 4-16:1):PC (1-16:0, 2-16:1) acyltransferase, mitochondrial membrane (No1)",False,True,0.0,0.0,inf,inf,True,False
r_2645No1,"MLCL (2-16:1, 3-18:1, 4-16:1):PC (1-16:1, 2-16:1) acyltransferase, mitochondrial membrane (No1)",False,True,0.0,0.0,inf,inf,True,False
r_2646No1,"MLCL (2-16:1, 3-18:1, 4-16:1):PC (1-18:0, 2-16:1) acyltransferase, mitochondrial membrane (No1)",False,True,0.0,0.0,inf,inf,True,False
r_2647No1,"MLCL (2-16:1, 3-18:1, 4-16:1):PC (1-18:1, 2-16:1) acyltransferase, mitochondrial membrane (No1)",False,True,0.0,0.0,inf,inf,True,False
r_2648No1,"MLCL (2-16:1, 3-18:1, 4-16:1):PC (1-16:0, 2-18:1) acyltransferase, mitochondrial membrane (No1)",False,True,0.0,0.0,inf,inf,True,False
r_2649No1,"MLCL (2-16:1, 3-18:1, 4-16:1):PC (1-16:1, 2-18:1) acyltransferase, mitochondrial membrane (No1)",False,True,0.0,0.0,inf,inf,True,False
r_2650No1,"MLCL (2-16:1, 3-18:1, 4-16:1):PC (1-18:0, 2-18:1) acyltransferase, mitochondrial membrane (No1)",False,True,0.0,0.0,inf,inf,True,False
r_2651No1,"MLCL (2-16:1, 3-18:1, 4-16:1):PC (1-18:1, 2-18:1) acyltransferase, mitochondrial membrane (No1)",False,True,0.0,0.0,inf,inf,True,False
r_2652No1,"MLCL (2-16:1, 3-16:0, 4-18:1):PC (1-16:0, 2-16:1) acyltransferase, mitochondrial membrane (No1)",False,True,0.0,0.0,inf,inf,True,False
r_2653No1,"MLCL (2-16:1, 3-16:0, 4-18:1):PC (1-16:1, 2-16:1) acyltransferase, mitochondrial membrane (No1)",False,True,0.0,0.0,inf,inf,True,False
r_2654No1,"MLCL (2-16:1, 3-16:0, 4-18:1):PC (1-18:0, 2-16:1) acyltransferase, mitochondrial membrane (No1)",False,True,0.0,0.0,inf,inf,True,False
r_2655No1,"MLCL (2-16:1, 3-16:0, 4-18:1):PC (1-18:1, 2-16:1) acyltransferase, mitochondrial membrane (No1)",False,True,0.0,0.0,inf,inf,True,False
r_2656No1,"MLCL (2-16:1, 3-16:0, 4-18:1):PC (1-16:0, 2-18:1) acyltransferase, mitochondrial membrane (No1)",False,True,0.0,0.0,inf,inf,True,False
r_2657No1,"MLCL (2-16:1, 3-16:0, 4-18:1):PC (1-16:1, 2-18:1) acyltransferase, mitochondrial membrane (No1)",False,True,0.0,0.0,inf,inf,True,False
r_2658No1,"MLCL (2-16:1, 3-16:0, 4-18:1):PC (1-18:0, 2-18:1) acyltransferase, mitochondrial membrane (No1)",False,True,0.0,0.0,inf,inf,True,False
r_2659No1,"MLCL (2-16:1, 3-16:0, 4-18:1):PC (1-18:1, 2-18:1) acyltransferase, mitochondrial membrane (No1)",False,True,0.0,0.0,inf,inf,True,False
r_2660No1,"MLCL (2-16:1, 3-16:1, 4-18:1):PC (1-16:0, 2-16:1) acyltransferase, mitochondrial membrane (No1)",False,True,0.0,0.0,inf,inf,True,False
r_2661No1,"MLCL (2-16:1, 3-16:1, 4-18:1):PC (1-16:1, 2-16:1) acyltransferase, mitochondrial membrane (No1)",False,True,0.0,0.0,inf,inf,True,False
r_2662No1,"MLCL (2-16:1, 3-16:1, 4-18:1):PC (1-18:0, 2-16:1) acyltransferase, mitochondrial membrane (No1)",False,True,0.0,0.0,inf,inf,True,False
r_2663No1,"MLCL (2-16:1, 3-16:1, 4-18:1):PC (1-18:1, 2-16:1) acyltransferase, mitochondrial membrane (No1)",False,True,0.0,0.0,inf,inf,True,False
r_2664No1,"MLCL (2-16:1, 3-16:1, 4-18:1):PC (1-16:0, 2-18:1) acyltransferase, mitochondrial membrane (No1)",False,True,0.0,0.0,inf,inf,True,False
r_2665No1,"MLCL (2-16:1, 3-16:1, 4-18:1):PC (1-16:1, 2-18:1) acyltransferase, mitochondrial membrane (No1)",False,True,0.0,0.0,inf,inf,True,False
r_2666No1,"MLCL (2-16:1, 3-16:1, 4-18:1):PC (1-18:0, 2-18:1) acyltransferase, mitochondrial membrane (No1)",False,True,0.0,0.0,inf,inf,True,False
r_2667No1,"MLCL (2-16:1, 3-16:1, 4-18:1):PC (1-18:1, 2-18:1) acyltransferase, mitochondrial membrane (No1)",False,True,0.0,0.0,inf,inf,True,False
r_2668No1,"MLCL (2-18:1, 3-16:0, 4-16:1):PC (1-16:0, 2-16:1) acyltransferase, mitochondrial membrane (No1)",False,True,0.0,0.0,inf,inf,True,False
r_2669No1,"MLCL (2-18:1, 3-16:0, 4-16:1):PC (1-16:1, 2-16:1) acyltransferase, mitochondrial membrane (No1)",False,True,0.0,0.0,inf,inf,True,False
r_2670No1,"MLCL (2-18:1, 3-16:0, 4-16:1):PC (1-18:0, 2-16:1) acyltransferase, mitochondrial membrane (No1)",False,True,0.0,0.0,inf,inf,True,False
r_2671No1,"MLCL (2-18:1, 3-16:0, 4-16:1):PC (1-18:1, 2-16:1) acyltransferase, mitochondrial membrane (No1)",False,True,0.0,0.0,inf,inf,True,False
r_2672No1,"MLCL (2-18:1, 3-16:0, 4-16:1):PC (1-16:0, 2-18:1) acyltransferase, mitochondrial membrane (No1)",False,True,0.0,0.0,inf,inf,True,False
r_2673No1,"MLCL (2-18:1, 3-16:0, 4-16:1):PC (1-16:1, 2-18:1) acyltransferase, mitochondrial membrane (No1)",False,True,0.0,0.0,inf,inf,True,False
r_2674No1,"MLCL (2-18:1, 3-16:0, 4-16:1):PC (1-18:0, 2-18:1) acyltransferase, mitochondrial membrane (No1)",False,True,0.0,0.0,inf,inf,True,False
r_2675No1,"MLCL (2-18:1, 3-16:0, 4-16:1):PC (1-18:1, 2-18:1) acyltransferase, mitochondrial membrane (No1)",False,True,0.0,0.0,inf,inf,True,False
r_2676No1,"MLCL (2-18:1, 3-16:1, 4-16:1):PC (1-16:0, 2-16:1) acyltransferase, mitochondrial membrane (No1)",False,True,0.0,0.0,inf,inf,True,False
r_2677No1,"MLCL (2-18:1, 3-16:1, 4-16:1):PC (1-16:1, 2-16:1) acyltransferase, mitochondrial membrane (No1)",False,True,0.0,0.0,inf,inf,True,False
r_2678No1,"MLCL (2-18:1, 3-16:1, 4-16:1):PC (1-18:0, 2-16:1) acyltransferase, mitochondrial membrane (No1)",False,True,0.0,0.0,inf,inf,True,False
r_2679No1,"MLCL (2-18:1, 3-16:1, 4-16:1):PC (1-18:1, 2-16:1) acyltransferase, mitochondrial membrane (No1)",False,True,0.0,0.0,inf,inf,True,False
r_2680No1,"MLCL (2-18:1, 3-16:1, 4-16:1):PC (1-16:0, 2-18:1) acyltransferase, mitochondrial membrane (No1)",False,True,0.0,0.0,inf,inf,True,False
r_2681No1,"MLCL (2-18:1, 3-16:1, 4-16:1):PC (1-16:1, 2-18:1) acyltransferase, mitochondrial membrane (No1)",False,True,0.0,0.0,inf,inf,True,False
r_2682No1,"MLCL (2-18:1, 3-16:1, 4-16:1):PC (1-18:0, 2-18:1) acyltransferase, mitochondrial membrane (No1)",False,True,0.0,0.0,inf,inf,True,False
r_2683No1,"MLCL (2-18:1, 3-16:1, 4-16:1):PC (1-18:1, 2-18:1) acyltransferase, mitochondrial membrane (No1)",False,True,0.0,0.0,inf,inf,True,False
r_2684No1,"MLCL (2-18:1, 3-18:0, 4-16:1):PC (1-16:0, 2-16:1) acyltransferase, mitochondrial membrane (No1)",False,True,0.0,0.0,inf,inf,True,False
r_2685No1,"MLCL (2-18:1, 3-18:0, 4-16:1):PC (1-16:1, 2-16:1) acyltransferase, mitochondrial membrane (No1)",False,True,0.0,0.0,inf,inf,True,False
r_2686No1,"MLCL (2-18:1, 3-18:0, 4-16:1):PC (1-18:0, 2-16:1) acyltransferase, mitochondrial membrane (No1)",False,True,0.0,0.0,inf,inf,True,False
r_2687No1,"MLCL (2-18:1, 3-18:0, 4-16:1):PC (1-18:1, 2-16:1) acyltransferase, mitochondrial membrane (No1)",False,True,0.0,0.0,inf,inf,True,False
r_2688No1,"MLCL (2-18:1, 3-18:0, 4-16:1):PC (1-16:0, 2-18:1) acyltransferase, mitochondrial membrane (No1)",False,True,0.0,0.0,inf,inf,True,False
r_2689No1,"MLCL (2-18:1, 3-18:0, 4-16:1):PC (1-16:1, 2-18:1) acyltransferase, mitochondrial membrane (No1)",False,True,0.0,0.0,inf,inf,True,False
r_2690No1,"MLCL (2-18:1, 3-18:0, 4-16:1):PC (1-18:0, 2-18:1) acyltransferase, mitochondrial membrane (No1)",False,True,0.0,0.0,inf,inf,True,False
r_2691No1,"MLCL (2-18:1, 3-18:0, 4-16:1):PC (1-18:1, 2-18:1) acyltransferase, mitochondrial membrane (No1)",False,True,0.0,0.0,inf,inf,True,False
r_2692No1,"MLCL (2-18:1, 3-18:1, 4-16:1):PC (1-16:0, 2-16:1) acyltransferase, mitochondrial membrane (No1)",False,True,0.0,0.0,inf,inf,True,False
r_2693No1,"MLCL (2-18:1, 3-18:1, 4-16:1):PC (1-16:1, 2-16:1) acyltransferase, mitochondrial membrane (No1)",False,True,0.0,0.0,inf,inf,True,False
r_2694No1,"MLCL (2-18:1, 3-18:1, 4-16:1):PC (1-18:0, 2-16:1) acyltransferase, mitochondrial membrane (No1)",False,True,0.0,0.0,inf,inf,True,False
r_2695No1,"MLCL (2-18:1, 3-18:1, 4-16:1):PC (1-18:1, 2-16:1) acyltransferase, mitochondrial membrane (No1)",False,True,0.0,0.0,inf,inf,True,False
r_2696No1,"MLCL (2-18:1, 3-18:1, 4-16:1):PC (1-16:0, 2-18:1) acyltransferase, mitochondrial membrane (No1)",False,True,0.0,0.0,inf,inf,True,False
r_2697No1,"MLCL (2-18:1, 3-18:1, 4-16:1):PC (1-16:1, 2-18:1) acyltransferase, mitochondrial membrane (No1)",False,True,0.0,0.0,inf,inf,True,False
r_2698No1,"MLCL (2-18:1, 3-18:1, 4-16:1):PC (1-18:0, 2-18:1) acyltransferase, mitochondrial membrane (No1)",False,True,0.0,0.0,inf,inf,True,False
r_2699No1,"MLCL (2-18:1, 3-18:1, 4-16:1):PC (1-18:1, 2-18:1) acyltransferase, mitochondrial membrane (No1)",False,True,0.0,0.0,inf,inf,True,False
r_2700No1,"MLCL (2-18:1, 3-16:0, 4-18:1):PC (1-16:0, 2-16:1) acyltransferase, mitochondrial membrane (No1)",False,True,0.0,0.0,inf,inf,True,False
r_2701No1,"MLCL (2-18:1, 3-16:0, 4-18:1):PC (1-16:1, 2-16:1) acyltransferase, mitochondrial membrane (No1)",False,True,0.0,0.0,inf,inf,True,False
r_2702No1,"MLCL (2-18:1, 3-16:0, 4-18:1):PC (1-18:0, 2-16:1) acyltransferase, mitochondrial membrane (No1)",False,True,0.0,0.0,inf,inf,True,False
r_2703No1,"MLCL (2-18:1, 3-16:0, 4-18:1):PC (1-18:1, 2-16:1) acyltransferase, mitochondrial membrane (No1)",False,True,0.0,0.0,inf,inf,True,False
r_2704No1,"MLCL (2-18:1, 3-16:0, 4-18:1):PC (1-16:0, 2-18:1) acyltransferase, mitochondrial membrane (No1)",False,True,0.0,0.0,inf,inf,True,False
r_2705No1,"MLCL (2-18:1, 3-16:0, 4-18:1):PC (1-16:1, 2-18:1) acyltransferase, mitochondrial membrane (No1)",False,True,0.0,0.0,inf,inf,True,False
r_2706No1,"MLCL (2-18:1, 3-16:0, 4-18:1):PC (1-18:0, 2-18:1) acyltransferase, mitochondrial membrane (No1)",False,True,0.0,0.0,inf,inf,True,False
r_2707No1,"MLCL (2-18:1, 3-16:0, 4-18:1):PC (1-18:1, 2-18:1) acyltransferase, mitochondrial membrane (No1)",False,True,0.0,0.0,inf,inf,True,False
r_2708No1,"MLCL (2-18:1, 3-16:1, 4-18:1):PC (1-16:0, 2-16:1) acyltransferase, mitochondrial membrane (No1)",False,True,0.0,0.0,inf,inf,True,False
r_2709No1,"MLCL (2-18:1, 3-16:1, 4-18:1):PC (1-16:1, 2-16:1) acyltransferase, mitochondrial membrane (No1)",False,True,0.0,0.0,inf,inf,True,False
r_2710No1,"MLCL (2-18:1, 3-16:1, 4-18:1):PC (1-18:0, 2-16:1) acyltransferase, mitochondrial membrane (No1)",False,True,0.0,0.0,inf,inf,True,False
r_2711No1,"MLCL (2-18:1, 3-16:1, 4-18:1):PC (1-18:1, 2-16:1) acyltransferase, mitochondrial membrane (No1)",False,True,0.0,0.0,inf,inf,True,False
r_2712No1,"MLCL (2-18:1, 3-16:1, 4-18:1):PC (1-16:0, 2-18:1) acyltransferase, mitochondrial membrane (No1)",False,True,0.0,0.0,inf,inf,True,False
r_2713No1,"MLCL (2-18:1, 3-16:1, 4-18:1):PC (1-16:1, 2-18:1) acyltransferase, mitochondrial membrane (No1)",False,True,0.0,0.0,inf,inf,True,False
r_2714No1,"MLCL (2-18:1, 3-16:1, 4-18:1):PC (1-18:0, 2-18:1) acyltransferase, mitochondrial membrane (No1)",False,True,0.0,0.0,inf,inf,True,False
r_2715No1,"MLCL (2-18:1, 3-16:1, 4-18:1):PC (1-18:1, 2-18:1) acyltransferase, mitochondrial membrane (No1)",False,True,0.0,0.0,inf,inf,True,False
r_2716No1,"MLCL (1-16:0, 2-16:1, 4-16:1):PC (1-16:0, 2-16:1) acyltransferase, mitochondrial membrane (No1)",False,True,0.0,0.0,inf,inf,True,False
r_2717No1,"MLCL (1-16:0, 2-16:1, 4-16:1):PC (1-16:1, 2-16:1) acyltransferase, mitochondrial membrane (No1)",False,True,0.0,0.0,inf,inf,True,False
r_2718No1,"MLCL (1-16:0, 2-16:1, 4-16:1):PC (1-18:0, 2-16:1) acyltransferase, mitochondrial membrane (No1)",False,True,0.0,0.0,inf,inf,True,False
r_2719No1,"MLCL (1-16:0, 2-16:1, 4-16:1):PC (1-18:1, 2-16:1) acyltransferase, mitochondrial membrane (No1)",False,True,0.0,0.0,inf,inf,True,False
r_2720No1,"MLCL (1-16:0, 2-16:1, 4-16:1):PC (1-16:0, 2-18:1) acyltransferase, mitochondrial membrane (No1)",False,True,0.0,0.0,inf,inf,True,False
r_2721No1,"MLCL (1-16:0, 2-16:1, 4-16:1):PC (1-16:1, 2-18:1) acyltransferase, mitochondrial membrane (No1)",False,True,0.0,0.0,inf,inf,True,False
r_2722No1,"MLCL (1-16:0, 2-16:1, 4-16:1):PC (1-18:0, 2-18:1) acyltransferase, mitochondrial membrane (No1)",False,True,0.0,0.0,inf,inf,True,False
r_2723No1,"MLCL (1-16:0, 2-16:1, 4-16:1):PC (1-18:1, 2-18:1) acyltransferase, mitochondrial membrane (No1)",False,True,0.0,0.0,inf,inf,True,False
r_2724No1,"MLCL (1-16:0, 2-16:1, 4-18:1):PC (1-16:0, 2-16:1) acyltransferase, mitochondrial membrane (No1)",False,True,0.0,0.0,inf,inf,True,False
r_2725No1,"MLCL (1-16:0, 2-16:1, 4-18:1):PC (1-16:1, 2-16:1) acyltransferase, mitochondrial membrane (No1)",False,True,0.0,0.0,inf,inf,True,False
r_2726No1,"MLCL (1-16:0, 2-16:1, 4-18:1):PC (1-18:0, 2-16:1) acyltransferase, mitochondrial membrane (No1)",False,True,0.0,0.0,inf,inf,True,False
r_2727No1,"MLCL (1-16:0, 2-16:1, 4-18:1):PC (1-18:1, 2-16:1) acyltransferase, mitochondrial membrane (No1)",False,True,0.0,0.0,inf,inf,True,False
r_2728No1,"MLCL (1-16:0, 2-16:1, 4-18:1):PC (1-16:0, 2-18:1) acyltransferase, mitochondrial membrane (No1)",False,True,0.0,0.0,inf,inf,True,False
r_2729No1,"MLCL (1-16:0, 2-16:1, 4-18:1):PC (1-16:1, 2-18:1) acyltransferase, mitochondrial membrane (No1)",False,True,0.0,0.0,inf,inf,True,False
r_2730No1,"MLCL (1-16:0, 2-16:1, 4-18:1):PC (1-18:0, 2-18:1) acyltransferase, mitochondrial membrane (No1)",False,True,0.0,0.0,inf,inf,True,False
r_2731No1,"MLCL (1-16:0, 2-16:1, 4-18:1):PC (1-18:1, 2-18:1) acyltransferase, mitochondrial membrane (No1)",False,True,0.0,0.0,inf,inf,True,False
r_2732No1,"MLCL (1-16:1, 2-16:1, 4-16:1):PC (1-16:0, 2-16:1) acyltransferase, mitochondrial membrane (No1)",False,True,0.0,0.0,inf,inf,True,False
r_2733No1,"MLCL (1-16:1, 2-16:1, 4-16:1):PC (1-16:1, 2-16:1) acyltransferase, mitochondrial membrane (No1)",False,True,0.0,0.0,inf,inf,True,False
r_2734No1,"MLCL (1-16:1, 2-16:1, 4-16:1):PC (1-18:0, 2-16:1) acyltransferase, mitochondrial membrane (No1)",False,True,0.0,0.0,inf,inf,True,False
r_2735No1,"MLCL (1-16:1, 2-16:1, 4-16:1):PC (1-18:1, 2-16:1) acyltransferase, mitochondrial membrane (No1)",False,True,0.0,0.0,inf,inf,True,False
r_2736No1,"MLCL (1-16:1, 2-16:1, 4-16:1):PC (1-16:0, 2-18:1) acyltransferase, mitochondrial membrane (No1)",False,True,0.0,0.0,inf,inf,True,False
r_2737No1,"MLCL (1-16:1, 2-16:1, 4-16:1):PC (1-16:1, 2-18:1) acyltransferase, mitochondrial membrane (No1)",False,True,0.0,0.0,inf,inf,True,False
r_2738No1,"MLCL (1-16:1, 2-16:1, 4-16:1):PC (1-18:0, 2-18:1) acyltransferase, mitochondrial membrane (No1)",False,True,0.0,0.0,inf,inf,True,False
r_2739No1,"MLCL (1-16:1, 2-16:1, 4-16:1):PC (1-18:1, 2-18:1) acyltransferase, mitochondrial membrane (No1)",False,True,0.0,0.0,inf,inf,True,False
r_2740No1,"MLCL (1-16:1, 2-16:1, 4-18:1):PC (1-16:0, 2-16:1) acyltransferase, mitochondrial membrane (No1)",False,True,0.0,0.0,inf,inf,True,False
r_2741No1,"MLCL (1-16:1, 2-16:1, 4-18:1):PC (1-16:1, 2-16:1) acyltransferase, mitochondrial membrane (No1)",False,True,0.0,0.0,inf,inf,True,False
r_2742No1,"MLCL (1-16:1, 2-16:1, 4-18:1):PC (1-18:0, 2-16:1) acyltransferase, mitochondrial membrane (No1)",False,True,0.0,0.0,inf,inf,True,False
r_2743No1,"MLCL (1-16:1, 2-16:1, 4-18:1):PC (1-18:1, 2-16:1) acyltransferase, mitochondrial membrane (No1)",False,True,0.0,0.0,inf,inf,True,False
r_2744No1,"MLCL (1-16:1, 2-16:1, 4-18:1):PC (1-16:0, 2-18:1) acyltransferase, mitochondrial membrane (No1)",False,True,0.0,0.0,inf,inf,True,False
r_2745No1,"MLCL (1-16:1, 2-16:1, 4-18:1):PC (1-16:1, 2-18:1) acyltransferase, mitochondrial membrane (No1)",False,True,0.0,0.0,inf,inf,True,False
r_2746No1,"MLCL (1-16:1, 2-16:1, 4-18:1):PC (1-18:0, 2-18:1) acyltransferase, mitochondrial membrane (No1)",False,True,0.0,0.0,inf,inf,True,False
r_2747No1,"MLCL (1-16:1, 2-16:1, 4-18:1):PC (1-18:1, 2-18:1) acyltransferase, mitochondrial membrane (No1)",False,True,0.0,0.0,inf,inf,True,False
r_2748No1,"MLCL (1-18:0, 2-16:1, 4-16:1):PC (1-16:0, 2-16:1) acyltransferase, mitochondrial membrane (No1)",False,True,0.0,0.0,inf,inf,True,False
r_2749No1,"MLCL (1-18:0, 2-16:1, 4-16:1):PC (1-16:1, 2-16:1) acyltransferase, mitochondrial membrane (No1)",False,True,0.0,0.0,inf,inf,True,False
r_2750No1,"MLCL (1-18:0, 2-16:1, 4-16:1):PC (1-18:0, 2-16:1) acyltransferase, mitochondrial membrane (No1)",False,True,0.0,0.0,inf,inf,True,False
r_2751No1,"MLCL (1-18:0, 2-16:1, 4-16:1):PC (1-18:1, 2-16:1) acyltransferase, mitochondrial membrane (No1)",False,True,0.0,0.0,inf,inf,True,False
r_2752No1,"MLCL (1-18:0, 2-16:1, 4-16:1):PC (1-16:0, 2-18:1) acyltransferase, mitochondrial membrane (No1)",False,True,0.0,0.0,inf,inf,True,False
r_2753No1,"MLCL (1-18:0, 2-16:1, 4-16:1):PC (1-16:1, 2-18:1) acyltransferase, mitochondrial membrane (No1)",False,True,0.0,0.0,inf,inf,True,False
r_2754No1,"MLCL (1-18:0, 2-16:1, 4-16:1):PC (1-18:0, 2-18:1) acyltransferase, mitochondrial membrane (No1)",False,True,0.0,0.0,inf,inf,True,False
r_2755No1,"MLCL (1-18:0, 2-16:1, 4-16:1):PC (1-18:1, 2-18:1) acyltransferase, mitochondrial membrane (No1)",False,True,0.0,0.0,inf,inf,True,False
r_2756No1,"MLCL (1-18:0, 2-16:1, 4-18:1):PC (1-16:0, 2-16:1) acyltransferase, mitochondrial membrane (No1)",False,True,0.0,0.0,inf,inf,True,False
r_2757No1,"MLCL (1-18:0, 2-16:1, 4-18:1):PC (1-16:1, 2-16:1) acyltransferase, mitochondrial membrane (No1)",False,True,0.0,0.0,inf,inf,True,False
r_2758No1,"MLCL (1-18:0, 2-16:1, 4-18:1):PC (1-18:0, 2-16:1) acyltransferase, mitochondrial membrane (No1)",False,True,0.0,0.0,inf,inf,True,False
r_2759No1,"MLCL (1-18:0, 2-16:1, 4-18:1):PC (1-18:1, 2-16:1) acyltransferase, mitochondrial membrane (No1)",False,True,0.0,0.0,inf,inf,True,False
r_2760No1,"MLCL (1-18:0, 2-16:1, 4-18:1):PC (1-16:0, 2-18:1) acyltransferase, mitochondrial membrane (No1)",False,True,0.0,0.0,inf,inf,True,False
r_2761No1,"MLCL (1-18:0, 2-16:1, 4-18:1):PC (1-16:1, 2-18:1) acyltransferase, mitochondrial membrane (No1)",False,True,0.0,0.0,inf,inf,True,False
r_2762No1,"MLCL (1-18:0, 2-16:1, 4-18:1):PC (1-18:0, 2-18:1) acyltransferase, mitochondrial membrane (No1)",False,True,0.0,0.0,inf,inf,True,False
r_2763No1,"MLCL (1-18:0, 2-16:1, 4-18:1):PC (1-18:1, 2-18:1) acyltransferase, mitochondrial membrane (No1)",False,True,0.0,0.0,inf,inf,True,False
r_2764No1,"MLCL (1-18:1, 2-16:1, 4-16:1):PC (1-16:0, 2-16:1) acyltransferase, mitochondrial membrane (No1)",False,True,0.0,0.0,inf,inf,True,False
r_2765No1,"MLCL (1-18:1, 2-16:1, 4-16:1):PC (1-16:1, 2-16:1) acyltransferase, mitochondrial membrane (No1)",False,True,0.0,0.0,inf,inf,True,False
r_2766No1,"MLCL (1-18:1, 2-16:1, 4-16:1):PC (1-18:0, 2-16:1) acyltransferase, mitochondrial membrane (No1)",False,True,0.0,0.0,inf,inf,True,False
r_2767No1,"MLCL (1-18:1, 2-16:1, 4-16:1):PC (1-18:1, 2-16:1) acyltransferase, mitochondrial membrane (No1)",False,True,0.0,0.0,inf,inf,True,False
r_2768No1,"MLCL (1-18:1, 2-16:1, 4-16:1):PC (1-16:0, 2-18:1) acyltransferase, mitochondrial membrane (No1)",False,True,0.0,0.0,inf,inf,True,False
r_2769No1,"MLCL (1-18:1, 2-16:1, 4-16:1):PC (1-16:1, 2-18:1) acyltransferase, mitochondrial membrane (No1)",False,True,0.0,0.0,inf,inf,True,False
r_2770No1,"MLCL (1-18:1, 2-16:1, 4-16:1):PC (1-18:0, 2-18:1) acyltransferase, mitochondrial membrane (No1)",False,True,0.0,0.0,inf,inf,True,False
r_2771No1,"MLCL (1-18:1, 2-16:1, 4-16:1):PC (1-18:1, 2-18:1) acyltransferase, mitochondrial membrane (No1)",False,True,0.0,0.0,inf,inf,True,False
r_2772No1,"MLCL (1-18:1, 2-16:1, 4-18:1):PC (1-16:0, 2-16:1) acyltransferase, mitochondrial membrane (No1)",False,True,0.0,0.0,inf,inf,True,False
r_2773No1,"MLCL (1-18:1, 2-16:1, 4-18:1):PC (1-16:1, 2-16:1) acyltransferase, mitochondrial membrane (No1)",False,True,0.0,0.0,inf,inf,True,False
r_2774No1,"MLCL (1-18:1, 2-16:1, 4-18:1):PC (1-18:0, 2-16:1) acyltransferase, mitochondrial membrane (No1)",False,True,0.0,0.0,inf,inf,True,False
r_2775No1,"MLCL (1-18:1, 2-16:1, 4-18:1):PC (1-18:1, 2-16:1) acyltransferase, mitochondrial membrane (No1)",False,True,0.0,0.0,inf,inf,True,False
r_2776No1,"MLCL (1-18:1, 2-16:1, 4-18:1):PC (1-16:0, 2-18:1) acyltransferase, mitochondrial membrane (No1)",False,True,0.0,0.0,inf,inf,True,False
r_2777No1,"MLCL (1-18:1, 2-16:1, 4-18:1):PC (1-16:1, 2-18:1) acyltransferase, mitochondrial membrane (No1)",False,True,0.0,0.0,inf,inf,True,False
r_2778No1,"MLCL (1-18:1, 2-16:1, 4-18:1):PC (1-18:0, 2-18:1) acyltransferase, mitochondrial membrane (No1)",False,True,0.0,0.0,inf,inf,True,False
r_2779No1,"MLCL (1-18:1, 2-16:1, 4-18:1):PC (1-18:1, 2-18:1) acyltransferase, mitochondrial membrane (No1)",False,True,0.0,0.0,inf,inf,True,False
r_2780No1,"MLCL (1-16:0, 2-18:1, 4-16:1):PC (1-16:0, 2-16:1) acyltransferase, mitochondrial membrane (No1)",False,True,0.0,0.0,inf,inf,True,False
r_2781No1,"MLCL (1-16:0, 2-18:1, 4-16:1):PC (1-16:1, 2-16:1) acyltransferase, mitochondrial membrane (No1)",False,True,0.0,0.0,inf,inf,True,False
r_2782No1,"MLCL (1-16:0, 2-18:1, 4-16:1):PC (1-18:0, 2-16:1) acyltransferase, mitochondrial membrane (No1)",False,True,0.0,0.0,inf,inf,True,False
r_2783No1,"MLCL (1-16:0, 2-18:1, 4-16:1):PC (1-18:1, 2-16:1) acyltransferase, mitochondrial membrane (No1)",False,True,0.0,0.0,inf,inf,True,False
r_2784No1,"MLCL (1-16:0, 2-18:1, 4-16:1):PC (1-16:0, 2-18:1) acyltransferase, mitochondrial membrane (No1)",False,True,0.0,0.0,inf,inf,True,False
r_2785No1,"MLCL (1-16:0, 2-18:1, 4-16:1):PC (1-16:1, 2-18:1) acyltransferase, mitochondrial membrane (No1)",False,True,0.0,0.0,inf,inf,True,False
r_2786No1,"MLCL (1-16:0, 2-18:1, 4-16:1):PC (1-18:0, 2-18:1) acyltransferase, mitochondrial membrane (No1)",False,True,0.0,0.0,inf,inf,True,False
r_2787No1,"MLCL (1-16:0, 2-18:1, 4-16:1):PC (1-18:1, 2-18:1) acyltransferase, mitochondrial membrane (No1)",False,True,0.0,0.0,inf,inf,True,False
r_2788No1,"MLCL (1-16:0, 2-18:1, 4-18:1):PC (1-16:0, 2-16:1) acyltransferase, mitochondrial membrane (No1)",False,True,0.0,0.0,inf,inf,True,False
r_2789No1,"MLCL (1-16:0, 2-18:1, 4-18:1):PC (1-16:1, 2-16:1) acyltransferase, mitochondrial membrane (No1)",False,True,0.0,0.0,inf,inf,True,False
r_2790No1,"MLCL (1-16:0, 2-18:1, 4-18:1):PC (1-18:0, 2-16:1) acyltransferase, mitochondrial membrane (No1)",False,True,0.0,0.0,inf,inf,True,False
r_2791No1,"MLCL (1-16:0, 2-18:1, 4-18:1):PC (1-18:1, 2-16:1) acyltransferase, mitochondrial membrane (No1)",False,True,0.0,0.0,inf,inf,True,False
r_2792No1,"MLCL (1-16:0, 2-18:1, 4-18:1):PC (1-16:0, 2-18:1) acyltransferase, mitochondrial membrane (No1)",False,True,0.0,0.0,inf,inf,True,False
r_2793No1,"MLCL (1-16:0, 2-18:1, 4-18:1):PC (1-16:1, 2-18:1) acyltransferase, mitochondrial membrane (No1)",False,True,0.0,0.0,inf,inf,True,False
r_2794No1,"MLCL (1-16:0, 2-18:1, 4-18:1):PC (1-18:0, 2-18:1) acyltransferase, mitochondrial membrane (No1)",False,True,0.0,0.0,inf,inf,True,False
r_2795No1,"MLCL (1-16:0, 2-18:1, 4-18:1):PC (1-18:1, 2-18:1) acyltransferase, mitochondrial membrane (No1)",False,True,0.0,0.0,inf,inf,True,False
r_2796No1,"MLCL (1-16:1, 2-18:1, 4-16:1):PC (1-16:0, 2-16:1) acyltransferase, mitochondrial membrane (No1)",False,True,0.0,0.0,inf,inf,True,False
r_2797No1,"MLCL (1-16:1, 2-18:1, 4-16:1):PC (1-16:1, 2-16:1) acyltransferase, mitochondrial membrane (No1)",False,True,0.0,0.0,inf,inf,True,False
r_2798No1,"MLCL (1-16:1, 2-18:1, 4-16:1):PC (1-18:0, 2-16:1) acyltransferase, mitochondrial membrane (No1)",False,True,0.0,0.0,inf,inf,True,False
r_2799No1,"MLCL (1-16:1, 2-18:1, 4-16:1):PC (1-18:1, 2-16:1) acyltransferase, mitochondrial membrane (No1)",False,True,0.0,0.0,inf,inf,True,False
r_2800No1,"MLCL (1-16:1, 2-18:1, 4-16:1):PC (1-16:0, 2-18:1) acyltransferase, mitochondrial membrane (No1)",False,True,0.0,0.0,inf,inf,True,False
r_2801No1,"MLCL (1-16:1, 2-18:1, 4-16:1):PC (1-16:1, 2-18:1) acyltransferase, mitochondrial membrane (No1)",False,True,0.0,0.0,inf,inf,True,False
r_2802No1,"MLCL (1-16:1, 2-18:1, 4-16:1):PC (1-18:0, 2-18:1) acyltransferase, mitochondrial membrane (No1)",False,True,0.0,0.0,inf,inf,True,False
r_2803No1,"MLCL (1-16:1, 2-18:1, 4-16:1):PC (1-18:1, 2-18:1) acyltransferase, mitochondrial membrane (No1)",False,True,0.0,0.0,inf,inf,True,False
r_2804No1,"MLCL (1-16:1, 2-18:1, 4-18:1):PC (1-16:0, 2-16:1) acyltransferase, mitochondrial membrane (No1)",False,True,0.0,0.0,inf,inf,True,False
r_2805No1,"MLCL (1-16:1, 2-18:1, 4-18:1):PC (1-16:1, 2-16:1) acyltransferase, mitochondrial membrane (No1)",False,True,0.0,0.0,inf,inf,True,False
r_2806No1,"MLCL (1-16:1, 2-18:1, 4-18:1):PC (1-18:0, 2-16:1) acyltransferase, mitochondrial membrane (No1)",False,True,0.0,0.0,inf,inf,True,False
r_2807No1,"MLCL (1-16:1, 2-18:1, 4-18:1):PC (1-18:1, 2-16:1) acyltransferase, mitochondrial membrane (No1)",False,True,0.0,0.0,inf,inf,True,False
r_2808No1,"MLCL (1-16:1, 2-18:1, 4-18:1):PC (1-16:0, 2-18:1) acyltransferase, mitochondrial membrane (No1)",False,True,0.0,0.0,inf,inf,True,False
r_2809No1,"MLCL (1-16:1, 2-18:1, 4-18:1):PC (1-16:1, 2-18:1) acyltransferase, mitochondrial membrane (No1)",False,True,0.0,0.0,inf,inf,True,False
r_2810No1,"MLCL (1-16:1, 2-18:1, 4-18:1):PC (1-18:0, 2-18:1) acyltransferase, mitochondrial membrane (No1)",False,True,0.0,0.0,inf,inf,True,False
r_2811No1,"MLCL (1-16:1, 2-18:1, 4-18:1):PC (1-18:1, 2-18:1) acyltransferase, mitochondrial membrane (No1)",False,True,0.0,0.0,inf,inf,True,False
r_2820No1,"phosphatidylinositol 4-kinase (1-16:0, 2-16:1), cell envelope (No1)",False,True,0.0,0.0,inf,inf,True,True
r_2820No2,"phosphatidylinositol 4-kinase (1-16:0, 2-16:1), cell envelope (No2)",False,True,0.0,0.0,inf,inf,True,True
r_2821No1,"phosphatidylinositol 4-kinase (1-16:1, 2-16:1), cell envelope (No1)",False,True,0.0,0.0,inf,inf,True,True
r_2821No2,"phosphatidylinositol 4-kinase (1-16:1, 2-16:1), cell envelope (No2)",False,True,0.0,0.0,inf,inf,True,True
r_2822No1,"phosphatidylinositol 4-kinase (1-18:0, 2-16:1), cell envelope (No1)",False,True,0.0,0.0,inf,inf,True,True
r_2822No2,"phosphatidylinositol 4-kinase (1-18:0, 2-16:1), cell envelope (No2)",False,True,0.0,0.0,inf,inf,True,True
r_2823No1,"phosphatidylinositol 4-kinase (1-18:1, 2-16:1), cell envelope (No1)",False,True,0.0,0.0,inf,inf,True,True
r_2823No2,"phosphatidylinositol 4-kinase (1-18:1, 2-16:1), cell envelope (No2)",False,True,0.0,0.0,inf,inf,True,True
r_2824No1,"phosphatidylinositol 4-kinase (1-16:0, 2-18:1), cell envelope (No1)",False,True,0.0,0.0,inf,inf,True,True
r_2824No2,"phosphatidylinositol 4-kinase (1-16:0, 2-18:1), cell envelope (No2)",False,True,0.0,0.0,inf,inf,True,True
r_2825No1,"phosphatidylinositol 4-kinase (1-16:1, 2-18:1), cell envelope (No1)",False,True,0.0,0.0,inf,inf,True,True
r_2825No2,"phosphatidylinositol 4-kinase (1-16:1, 2-18:1), cell envelope (No2)",False,True,0.0,0.0,inf,inf,True,True
r_2826No1,"phosphatidylinositol 4-kinase (1-18:0, 2-18:1), cell envelope (No1)",False,True,0.0,0.0,inf,inf,True,True
r_2826No2,"phosphatidylinositol 4-kinase (1-18:0, 2-18:1), cell envelope (No2)",False,True,0.0,0.0,inf,inf,True,True
r_2827No1,"phosphatidylinositol 4-kinase (1-18:1, 2-18:1), cell envelope (No1)",False,True,0.0,0.0,inf,inf,True,True
r_2827No2,"phosphatidylinositol 4-kinase (1-18:1, 2-18:1), cell envelope (No2)",False,True,0.0,0.0,inf,inf,True,True
r_2828No1,"phosphatidylinositol 4-kinase (1-16:0, 2-16:1), vacuolar membrane (No1)",False,True,0.0,0.0,inf,inf,True,True
r_2829No1,"phosphatidylinositol 4-kinase (1-16:1, 2-16:1), vacuolar membrane (No1)",False,True,0.0,0.0,inf,inf,True,True
r_2830No1,"phosphatidylinositol 4-kinase (1-18:0, 2-16:1), vacuolar membrane (No1)",False,True,0.0,0.0,inf,inf,True,True
r_2831No1,"phosphatidylinositol 4-kinase (1-18:1, 2-16:1), vacuolar membrane (No1)",False,True,0.0,0.0,inf,inf,True,True
r_2832No1,"phosphatidylinositol 4-kinase (1-16:0, 2-18:1), vacuolar membrane (No1)",False,True,0.0,0.0,inf,inf,True,True
r_2833No1,"phosphatidylinositol 4-kinase (1-16:1, 2-18:1), vacuolar membrane (No1)",False,True,0.0,0.0,inf,inf,True,True
r_2834No1,"phosphatidylinositol 4-kinase (1-18:0, 2-18:1), vacuolar membrane (No1)",False,True,0.0,0.0,inf,inf,True,True
r_2835No1,"phosphatidylinositol 4-kinase (1-18:1, 2-18:1), vacuolar membrane (No1)",False,True,0.0,0.0,inf,inf,True,True
r_2836No1,"phosphatidylinositol 4-kinase (1-16:0, 2-16:1), Golgi membrane (No1)",False,True,0.0,0.0,inf,inf,True,True
r_2837No1,"phosphatidylinositol 4-kinase (1-16:1, 2-16:1), Golgi membrane (No1)",False,True,0.0,0.0,inf,inf,True,True
r_2838No1,"phosphatidylinositol 4-kinase (1-18:0, 2-16:1), Golgi membrane (No1)",False,True,0.0,0.0,inf,inf,True,True
r_2839No1,"phosphatidylinositol 4-kinase (1-18:1, 2-16:1), Golgi membrane (No1)",False,True,0.0,0.0,inf,inf,True,True
r_2840No1,"phosphatidylinositol 4-kinase (1-16:0, 2-18:1), Golgi membrane (No1)",False,True,0.0,0.0,inf,inf,True,True
r_2841No1,"phosphatidylinositol 4-kinase (1-16:1, 2-18:1), Golgi membrane (No1)",False,True,0.0,0.0,inf,inf,True,True
r_2842No1,"phosphatidylinositol 4-kinase (1-18:0, 2-18:1), Golgi membrane (No1)",False,True,0.0,0.0,inf,inf,True,True
r_2843No1,"phosphatidylinositol 4-kinase (1-18:1, 2-18:1), Golgi membrane (No1)",False,True,0.0,0.0,inf,inf,True,True
r_2844No1,"phosphatidylinositol 4-kinase (1-16:0, 2-16:1), nucleus (No1)",False,True,0.0,0.0,inf,inf,True,True
r_2845No1,"phosphatidylinositol 4-kinase (1-16:1, 2-16:1), nucleus (No1)",False,True,0.0,0.0,inf,inf,True,True
r_2846No1,"phosphatidylinositol 4-kinase (1-18:0, 2-16:1), nucleus (No1)",False,True,0.0,0.0,inf,inf,True,True
r_2847No1,"phosphatidylinositol 4-kinase (1-18:1, 2-16:1), nucleus (No1)",False,True,0.0,0.0,inf,inf,True,True
r_2848No1,"phosphatidylinositol 4-kinase (1-16:0, 2-18:1), nucleus (No1)",False,True,0.0,0.0,inf,inf,True,True
r_2849No1,"phosphatidylinositol 4-kinase (1-16:1, 2-18:1), nucleus (No1)",False,True,0.0,0.0,inf,inf,True,True
r_2850No1,"phosphatidylinositol 4-kinase (1-18:0, 2-18:1), nucleus (No1)",False,True,0.0,0.0,inf,inf,True,True
r_2851No1,"phosphatidylinositol 4-kinase (1-18:1, 2-18:1), nucleus (No1)",False,True,0.0,0.0,inf,inf,True,True
r_2852No1,"phosphatidylinositol 3-kinase (1-16:0, 2-16:1), vacuolar membrane (No1)",False,True,0.0,0.0,inf,inf,True,True
r_2853No1,"phosphatidylinositol 3-kinase (1-16:1, 2-16:1), vacuolar membrane (No1)",False,True,0.0,0.0,inf,inf,True,True
r_2854No1,"phosphatidylinositol 3-kinase (1-18:0, 2-16:1), vacuolar membrane (No1)",False,True,0.0,0.0,inf,inf,True,True
r_2855No1,"phosphatidylinositol 3-kinase (1-18:1, 2-16:1), vacuolar membrane (No1)",False,True,0.0,0.0,inf,inf,True,True
r_2856No1,"phosphatidylinositol 3-kinase (1-16:0, 2-18:1), vacuolar membrane (No1)",False,True,0.0,0.0,inf,inf,True,True
r_2857No1,"phosphatidylinositol 3-kinase (1-16:1, 2-18:1), vacuolar membrane (No1)",False,True,0.0,0.0,inf,inf,True,True
r_2858No1,"phosphatidylinositol 3-kinase (1-18:0, 2-18:1), vacuolar membrane (No1)",False,True,0.0,0.0,inf,inf,True,True
r_2859No1,"phosphatidylinositol 3-kinase (1-18:1, 2-18:1), vacuolar membrane (No1)",False,True,0.0,0.0,inf,inf,True,True
r_2860No1,"PI 4-P 5-kinase (1-16:0, 2-16:1), nucleus (No1)",False,True,0.0,0.0,inf,inf,True,True
r_2861No1,"PI 4-P 5-kinase (1-16:1, 2-16:1), nucleus (No1)",False,True,0.0,0.0,inf,inf,True,True
r_2862No1,"PI 4-P 5-kinase (1-18:0, 2-16:1), nucleus (No1)",False,True,0.0,0.0,inf,inf,True,True
r_2863No1,"PI 4-P 5-kinase (1-18:1, 2-16:1), nucleus (No1)",False,True,0.0,0.0,inf,inf,True,True
r_2864No1,"PI 4-P 5-kinase (1-16:0, 2-18:1), nucleus (No1)",False,True,0.0,0.0,inf,inf,True,True
r_2865No1,"PI 4-P 5-kinase (1-16:1, 2-18:1), nucleus (No1)",False,True,0.0,0.0,inf,inf,True,True
r_2866No1,"PI 4-P 5-kinase (1-18:0, 2-18:1), nucleus (No1)",False,True,0.0,0.0,inf,inf,True,True
r_2867No1,"PI 4-P 5-kinase (1-18:1, 2-18:1), nucleus (No1)",False,True,0.0,0.0,inf,inf,True,True
r_2868No1,"PI 4-P 5-kinase (1-16:0, 2-16:1), cell envelope (No1)",False,True,0.0,0.0,inf,inf,True,True
r_2869No1,"PI 4-P 5-kinase (1-16:1, 2-16:1), cell envelope (No1)",False,True,0.0,0.0,inf,inf,True,True
r_2870No1,"PI 4-P 5-kinase (1-18:0, 2-16:1), cell envelope (No1)",False,True,0.0,0.0,inf,inf,True,True
r_2871No1,"PI 4-P 5-kinase (1-18:1, 2-16:1), cell envelope (No1)",False,True,0.0,0.0,inf,inf,True,True
r_2872No1,"PI 4-P 5-kinase (1-16:0, 2-18:1), cell envelope (No1)",False,True,0.0,0.0,inf,inf,True,True
r_2873No1,"PI 4-P 5-kinase (1-16:1, 2-18:1), cell envelope (No1)",False,True,0.0,0.0,inf,inf,True,True
r_2874No1,"PI 4-P 5-kinase (1-18:0, 2-18:1), cell envelope (No1)",False,True,0.0,0.0,inf,inf,True,True
r_2875No1,"PI 4-P 5-kinase (1-18:1, 2-18:1), cell envelope (No1)",False,True,0.0,0.0,inf,inf,True,True
r_2876No1,"PI 3-P 5-kinase (1-16:0, 2-16:1), vacuolar membrane (No1)",False,True,0.0,0.0,inf,inf,True,True
r_2877No1,"PI 3-P 5-kinase (1-16:1, 2-16:1), vacuolar membrane (No1)",False,True,0.0,0.0,inf,inf,True,True
r_2878No1,"PI 3-P 5-kinase (1-18:0, 2-16:1), vacuolar membrane (No1)",False,True,0.0,0.0,inf,inf,True,True
r_2879No1,"PI 3-P 5-kinase (1-18:1, 2-16:1), vacuolar membrane (No1)",False,True,0.0,0.0,inf,inf,True,True
r_2880No1,"PI 3-P 5-kinase (1-16:0, 2-18:1), vacuolar membrane (No1)",False,True,0.0,0.0,inf,inf,True,True
r_2881No1,"PI 3-P 5-kinase (1-16:1, 2-18:1), vacuolar membrane (No1)",False,True,0.0,0.0,inf,inf,True,True
r_2882No1,"PI 3-P 5-kinase (1-18:0, 2-18:1), vacuolar membrane (No1)",False,True,0.0,0.0,inf,inf,True,True
r_2883No1,"PI 3-P 5-kinase (1-18:1, 2-18:1), vacuolar membrane (No1)",False,True,0.0,0.0,inf,inf,True,True
r_2884No1,"PE (1-16:0, 2-16:1) diacylglycerol (1-16:0, 2-16:1) acyltransferase, ER membrane (No1)",False,True,0.0,0.0,inf,inf,True,False
r_2885No1,"PE (1-16:1, 2-16:1) diacylglycerol (1-16:0, 2-16:1) acyltransferase, ER membrane (No1)",False,True,0.0,0.0,inf,inf,True,False
r_2886No1,"PE (1-18:0, 2-16:1) diacylglycerol (1-16:0, 2-16:1) acyltransferase, ER membrane (No1)",False,True,0.0,0.0,inf,inf,True,False
r_2887No1,"PE (1-18:1, 2-16:1) diacylglycerol (1-16:0, 2-16:1) acyltransferase, ER membrane (No1)",False,True,0.0,0.0,inf,inf,True,False
r_2888No1,"PE (1-16:0, 2-18:1) diacylglycerol (1-16:0, 2-16:1) acyltransferase, ER membrane (No1)",False,True,0.0,0.0,inf,inf,True,False
r_2889No1,"PE (1-16:1, 2-18:1) diacylglycerol (1-16:0, 2-16:1) acyltransferase, ER membrane (No1)",False,True,0.0,0.0,inf,inf,True,False
r_2890No1,"PE (1-18:0, 2-18:1) diacylglycerol (1-16:0, 2-16:1) acyltransferase, ER membrane (No1)",False,True,0.0,0.0,inf,inf,True,False
r_2891No1,"PE (1-18:1, 2-18:1) diacylglycerol (1-16:0, 2-16:1) acyltransferase, ER membrane (No1)",False,True,0.0,0.0,inf,inf,True,False
r_2892No1,"PE (1-16:0, 2-16:1) diacylglycerol (1-16:1, 2-16:1) acyltransferase, ER membrane (No1)",False,True,0.0,0.0,inf,inf,True,False
r_2893No1,"PE (1-16:1, 2-16:1) diacylglycerol (1-16:1, 2-16:1) acyltransferase, ER membrane (No1)",False,True,0.0,0.0,inf,inf,True,False
r_2894No1,"PE (1-18:0, 2-16:1) diacylglycerol (1-16:1, 2-16:1) acyltransferase, ER membrane (No1)",False,True,0.0,0.0,inf,inf,True,False
r_2895No1,"PE (1-18:1, 2-16:1) diacylglycerol (1-16:1, 2-16:1) acyltransferase, ER membrane (No1)",False,True,0.0,0.0,inf,inf,True,False
r_2896No1,"PE (1-16:0, 2-18:1) diacylglycerol (1-16:1, 2-16:1) acyltransferase, ER membrane (No1)",False,True,0.0,0.0,inf,inf,True,False
r_2897No1,"PE (1-16:1, 2-18:1) diacylglycerol (1-16:1, 2-16:1) acyltransferase, ER membrane (No1)",False,True,0.0,0.0,inf,inf,True,False
r_2898No1,"PE (1-18:0, 2-18:1) diacylglycerol (1-16:1, 2-16:1) acyltransferase, ER membrane (No1)",False,True,0.0,0.0,inf,inf,True,False
r_2899No1,"PE (1-18:1, 2-18:1) diacylglycerol (1-16:1, 2-16:1) acyltransferase, ER membrane (No1)",False,True,0.0,0.0,inf,inf,True,False
r_2900No1,"PE (1-16:0, 2-16:1) diacylglycerol (1-18:0, 2-16:1) acyltransferase, ER membrane (No1)",False,True,0.0,0.0,inf,inf,True,False
r_2901No1,"PE (1-16:1, 2-16:1) diacylglycerol (1-18:0, 2-16:1) acyltransferase, ER membrane (No1)",False,True,0.0,0.0,inf,inf,True,False
r_2902No1,"PE (1-18:0, 2-16:1) diacylglycerol (1-18:0, 2-16:1) acyltransferase, ER membrane (No1)",False,True,0.0,0.0,inf,inf,True,False
r_2903No1,"PE (1-18:1, 2-16:1) diacylglycerol (1-18:0, 2-16:1) acyltransferase, ER membrane (No1)",False,True,0.0,0.0,inf,inf,True,False
r_2904No1,"PE (1-16:0, 2-18:1) diacylglycerol (1-18:0, 2-16:1) acyltransferase, ER membrane (No1)",False,True,0.0,0.0,inf,inf,True,False
r_2905No1,"PE (1-16:1, 2-18:1) diacylglycerol (1-18:0, 2-16:1) acyltransferase, ER membrane (No1)",False,True,0.0,0.0,inf,inf,True,False
r_2906No1,"PE (1-18:0, 2-18:1) diacylglycerol (1-18:0, 2-16:1) acyltransferase, ER membrane (No1)",False,True,0.0,0.0,inf,inf,True,False
r_2907No1,"PE (1-18:1, 2-18:1) diacylglycerol (1-18:0, 2-16:1) acyltransferase, ER membrane (No1)",False,True,0.0,0.0,inf,inf,True,False
r_2908No1,"PE (1-16:0, 2-16:1) diacylglycerol (1-18:1, 2-16:1) acyltransferase, ER membrane (No1)",False,True,0.0,0.0,inf,inf,True,False
r_2909No1,"PE (1-16:1, 2-16:1) diacylglycerol (1-18:1, 2-16:1) acyltransferase, ER membrane (No1)",False,True,0.0,0.0,inf,inf,True,False
r_2910No1,"PE (1-18:0, 2-16:1) diacylglycerol (1-18:1, 2-16:1) acyltransferase, ER membrane (No1)",False,True,0.0,0.0,inf,inf,True,False
r_2911No1,"PE (1-18:1, 2-16:1) diacylglycerol (1-18:1, 2-16:1) acyltransferase, ER membrane (No1)",False,True,0.0,0.0,inf,inf,True,False
r_2912No1,"PE (1-16:0, 2-18:1) diacylglycerol (1-18:1, 2-16:1) acyltransferase, ER membrane (No1)",False,True,0.0,0.0,inf,inf,True,False
r_2913No1,"PE (1-16:1, 2-18:1) diacylglycerol (1-18:1, 2-16:1) acyltransferase, ER membrane (No1)",False,True,0.0,0.0,inf,inf,True,False
r_2914No1,"PE (1-18:0, 2-18:1) diacylglycerol (1-18:1, 2-16:1) acyltransferase, ER membrane (No1)",False,True,0.0,0.0,inf,inf,True,False
r_2915No1,"PE (1-18:1, 2-18:1) diacylglycerol (1-18:1, 2-16:1) acyltransferase, ER membrane (No1)",False,True,0.0,0.0,inf,inf,True,False
r_2916No1,"PE (1-16:0, 2-16:1) diacylglycerol (1-16:0, 2-18:1) acyltransferase, ER membrane (No1)",False,True,0.0,0.0,inf,inf,True,False
r_2917No1,"PE (1-16:1, 2-16:1) diacylglycerol (1-16:0, 2-18:1) acyltransferase, ER membrane (No1)",False,True,0.0,0.0,inf,inf,True,False
r_2918No1,"PE (1-18:0, 2-16:1) diacylglycerol (1-16:0, 2-18:1) acyltransferase, ER membrane (No1)",False,True,0.0,0.0,inf,inf,True,False
r_2919No1,"PE (1-18:1, 2-16:1) diacylglycerol (1-16:0, 2-18:1) acyltransferase, ER membrane (No1)",False,True,0.0,0.0,inf,inf,True,False
r_2920No1,"PE (1-16:0, 2-18:1) diacylglycerol (1-16:0, 2-18:1) acyltransferase, ER membrane (No1)",False,True,0.0,0.0,inf,inf,True,False
r_2921No1,"PE (1-16:1, 2-18:1) diacylglycerol (1-16:0, 2-18:1) acyltransferase, ER membrane (No1)",False,True,0.0,0.0,inf,inf,True,False
r_2922No1,"PE (1-18:0, 2-18:1) diacylglycerol (1-16:0, 2-18:1) acyltransferase, ER membrane (No1)",False,True,0.0,0.0,inf,inf,True,False
r_2923No1,"PE (1-18:1, 2-18:1) diacylglycerol (1-16:0, 2-18:1) acyltransferase, ER membrane (No1)",False,True,0.0,0.0,inf,inf,True,False
r_2924No1,"PE (1-16:0, 2-16:1) diacylglycerol (1-16:1, 2-18:1) acyltransferase, ER membrane (No1)",False,True,0.0,0.0,inf,inf,True,False
r_2925No1,"PE (1-16:1, 2-16:1) diacylglycerol (1-16:1, 2-18:1) acyltransferase, ER membrane (No1)",False,True,0.0,0.0,inf,inf,True,False
r_2926No1,"PE (1-18:0, 2-16:1) diacylglycerol (1-16:1, 2-18:1) acyltransferase, ER membrane (No1)",False,True,0.0,0.0,inf,inf,True,False
r_2927No1,"PE (1-18:1, 2-16:1) diacylglycerol (1-16:1, 2-18:1) acyltransferase, ER membrane (No1)",False,True,0.0,0.0,inf,inf,True,False
r_2928No1,"PE (1-16:0, 2-18:1) diacylglycerol (1-16:1, 2-18:1) acyltransferase, ER membrane (No1)",False,True,0.0,0.0,inf,inf,True,False
r_2929No1,"PE (1-16:1, 2-18:1) diacylglycerol (1-16:1, 2-18:1) acyltransferase, ER membrane (No1)",False,True,0.0,0.0,inf,inf,True,False
r_2930No1,"PE (1-18:0, 2-18:1) diacylglycerol (1-16:1, 2-18:1) acyltransferase, ER membrane (No1)",False,True,0.0,0.0,inf,inf,True,False
r_2931No1,"PE (1-18:1, 2-18:1) diacylglycerol (1-16:1, 2-18:1) acyltransferase, ER membrane (No1)",False,True,0.0,0.0,inf,inf,True,False
r_2932No1,"PE (1-16:0, 2-16:1) diacylglycerol (1-18:0, 2-18:1) acyltransferase, ER membrane (No1)",False,True,0.0,0.0,inf,inf,True,False
r_2933No1,"PE (1-16:1, 2-16:1) diacylglycerol (1-18:0, 2-18:1) acyltransferase, ER membrane (No1)",False,True,0.0,0.0,inf,inf,True,False
r_2934No1,"PE (1-18:0, 2-16:1) diacylglycerol (1-18:0, 2-18:1) acyltransferase, ER membrane (No1)",False,True,0.0,0.0,inf,inf,True,False
r_2935No1,"PE (1-18:1, 2-16:1) diacylglycerol (1-18:0, 2-18:1) acyltransferase, ER membrane (No1)",False,True,0.0,0.0,inf,inf,True,False
r_2936No1,"PE (1-16:0, 2-18:1) diacylglycerol (1-18:0, 2-18:1) acyltransferase, ER membrane (No1)",False,True,0.0,0.0,inf,inf,True,False
r_2937No1,"PE (1-16:1, 2-18:1) diacylglycerol (1-18:0, 2-18:1) acyltransferase, ER membrane (No1)",False,True,0.0,0.0,inf,inf,True,False
r_2938No1,"PE (1-18:0, 2-18:1) diacylglycerol (1-18:0, 2-18:1) acyltransferase, ER membrane (No1)",False,True,0.0,0.0,inf,inf,True,False
r_2939No1,"PE (1-18:1, 2-18:1) diacylglycerol (1-18:0, 2-18:1) acyltransferase, ER membrane (No1)",False,True,0.0,0.0,inf,inf,True,False
r_2940No1,"PE (1-16:0, 2-16:1) diacylglycerol (1-18:1, 2-18:1) acyltransferase, ER membrane (No1)",False,True,0.0,0.0,inf,inf,True,False
r_2941No1,"PE (1-16:1, 2-16:1) diacylglycerol (1-18:1, 2-18:1) acyltransferase, ER membrane (No1)",False,True,0.0,0.0,inf,inf,True,False
r_2942No1,"PE (1-18:0, 2-16:1) diacylglycerol (1-18:1, 2-18:1) acyltransferase, ER membrane (No1)",False,True,0.0,0.0,inf,inf,True,False
r_2943No1,"PE (1-18:1, 2-16:1) diacylglycerol (1-18:1, 2-18:1) acyltransferase, ER membrane (No1)",False,True,0.0,0.0,inf,inf,True,False
r_2944No1,"PE (1-16:0, 2-18:1) diacylglycerol (1-18:1, 2-18:1) acyltransferase, ER membrane (No1)",False,True,0.0,0.0,inf,inf,True,False
r_2945No1,"PE (1-16:1, 2-18:1) diacylglycerol (1-18:1, 2-18:1) acyltransferase, ER membrane (No1)",False,True,0.0,0.0,inf,inf,True,False
r_2946No1,"PE (1-18:0, 2-18:1) diacylglycerol (1-18:1, 2-18:1) acyltransferase, ER membrane (No1)",False,True,0.0,0.0,inf,inf,True,False
r_2947No1,"PE (1-18:1, 2-18:1) diacylglycerol (1-18:1, 2-18:1) acyltransferase, ER membrane (No1)",False,True,0.0,0.0,inf,inf,True,False
r_2948No1,"PC (1-16:0, 2-16:1) diacylglycerol (1-16:0, 2-16:1) acyltransferase, ER membrane (No1)",False,True,0.0,0.0,inf,inf,True,False
r_2949No1,"PC (1-16:1, 2-16:1) diacylglycerol (1-16:0, 2-16:1) acyltransferase, ER membrane (No1)",False,True,0.0,0.0,inf,inf,True,False
r_2950No1,"PC (1-18:0, 2-16:1) diacylglycerol (1-16:0, 2-16:1) acyltransferase, ER membrane (No1)",False,True,0.0,0.0,inf,inf,True,False
r_2951No1,"PC (1-18:1, 2-16:1) diacylglycerol (1-16:0, 2-16:1) acyltransferase, ER membrane (No1)",False,True,0.0,0.0,inf,inf,True,False
r_2952No1,"PC (1-16:0, 2-18:1) diacylglycerol (1-16:0, 2-16:1) acyltransferase, ER membrane (No1)",False,True,0.0,0.0,inf,inf,True,False
r_2953No1,"PC (1-16:1, 2-18:1) diacylglycerol (1-16:0, 2-16:1) acyltransferase, ER membrane (No1)",False,True,0.0,0.0,inf,inf,True,False
r_2954No1,"PC (1-18:0, 2-18:1) diacylglycerol (1-16:0, 2-16:1) acyltransferase, ER membrane (No1)",False,True,0.0,0.0,inf,inf,True,False
r_2955No1,"PC (1-18:1, 2-18:1) diacylglycerol (1-16:0, 2-16:1) acyltransferase, ER membrane (No1)",False,True,0.0,0.0,inf,inf,True,False
r_2956No1,"PC (1-16:0, 2-16:1) diacylglycerol (1-16:1, 2-16:1) acyltransferase, ER membrane (No1)",False,True,0.0,0.0,inf,inf,True,False
r_2957No1,"PC (1-16:1, 2-16:1) diacylglycerol (1-16:1, 2-16:1) acyltransferase, ER membrane (No1)",False,True,0.0,0.0,inf,inf,True,False
r_2958No1,"PC (1-18:0, 2-16:1) diacylglycerol (1-16:1, 2-16:1) acyltransferase, ER membrane (No1)",False,True,0.0,0.0,inf,inf,True,False
r_2959No1,"PC (1-18:1, 2-16:1) diacylglycerol (1-16:1, 2-16:1) acyltransferase, ER membrane (No1)",False,True,0.0,0.0,inf,inf,True,False
r_2960No1,"PC (1-16:0, 2-18:1) diacylglycerol (1-16:1, 2-16:1) acyltransferase, ER membrane (No1)",False,True,0.0,0.0,inf,inf,True,False
r_2961No1,"PC (1-16:1, 2-18:1) diacylglycerol (1-16:1, 2-16:1) acyltransferase, ER membrane (No1)",False,True,0.0,0.0,inf,inf,True,False
r_2962No1,"PC (1-18:0, 2-18:1) diacylglycerol (1-16:1, 2-16:1) acyltransferase, ER membrane (No1)",False,True,0.0,0.0,inf,inf,True,False
r_2963No1,"PC (1-18:1, 2-18:1) diacylglycerol (1-16:1, 2-16:1) acyltransferase, ER membrane (No1)",False,True,0.0,0.0,inf,inf,True,False
r_2964No1,"PC (1-16:0, 2-16:1) diacylglycerol (1-18:0, 2-16:1) acyltransferase, ER membrane (No1)",False,True,0.0,0.0,inf,inf,True,False
r_2965No1,"PC (1-16:1, 2-16:1) diacylglycerol (1-18:0, 2-16:1) acyltransferase, ER membrane (No1)",False,True,0.0,0.0,inf,inf,True,False
r_2966No1,"PC (1-18:0, 2-16:1) diacylglycerol (1-18:0, 2-16:1) acyltransferase, ER membrane (No1)",False,True,0.0,0.0,inf,inf,True,False
r_2967No1,"PC (1-18:1, 2-16:1) diacylglycerol (1-18:0, 2-16:1) acyltransferase, ER membrane (No1)",False,True,0.0,0.0,inf,inf,True,False
r_2968No1,"PC (1-16:0, 2-18:1) diacylglycerol (1-18:0, 2-16:1) acyltransferase, ER membrane (No1)",False,True,0.0,0.0,inf,inf,True,False
r_2969No1,"PC (1-16:1, 2-18:1) diacylglycerol (1-18:0, 2-16:1) acyltransferase, ER membrane (No1)",False,True,0.0,0.0,inf,inf,True,False
r_2970No1,"PC (1-18:0, 2-18:1) diacylglycerol (1-18:0, 2-16:1) acyltransferase, ER membrane (No1)",False,True,0.0,0.0,inf,inf,True,False
r_2971No1,"PC (1-18:1, 2-18:1) diacylglycerol (1-18:0, 2-16:1) acyltransferase, ER membrane (No1)",False,True,0.0,0.0,inf,inf,True,False
r_2972No1,"PC (1-16:0, 2-16:1) diacylglycerol (1-18:1, 2-16:1) acyltransferase, ER membrane (No1)",False,True,0.0,0.0,inf,inf,True,False
r_2973No1,"PC (1-16:1, 2-16:1) diacylglycerol (1-18:1, 2-16:1) acyltransferase, ER membrane (No1)",False,True,0.0,0.0,inf,inf,True,False
r_2974No1,"PC (1-18:0, 2-16:1) diacylglycerol (1-18:1, 2-16:1) acyltransferase, ER membrane (No1)",False,True,0.0,0.0,inf,inf,True,False
r_2975No1,"PC (1-18:1, 2-16:1) diacylglycerol (1-18:1, 2-16:1) acyltransferase, ER membrane (No1)",False,True,0.0,0.0,inf,inf,True,False
r_2976No1,"PC (1-16:0, 2-18:1) diacylglycerol (1-18:1, 2-16:1) acyltransferase, ER membrane (No1)",False,True,0.0,0.0,inf,inf,True,False
r_2977No1,"PC (1-16:1, 2-18:1) diacylglycerol (1-18:1, 2-16:1) acyltransferase, ER membrane (No1)",False,True,0.0,0.0,inf,inf,True,False
r_2978No1,"PC (1-18:0, 2-18:1) diacylglycerol (1-18:1, 2-16:1) acyltransferase, ER membrane (No1)",False,True,0.0,0.0,inf,inf,True,False
r_2979No1,"PC (1-18:1, 2-18:1) diacylglycerol (1-18:1, 2-16:1) acyltransferase, ER membrane (No1)",False,True,0.0,0.0,inf,inf,True,False
r_2980No1,"PC (1-16:0, 2-16:1) diacylglycerol (1-16:0, 2-18:1) acyltransferase, ER membrane (No1)",False,True,0.0,0.0,inf,inf,True,False
r_2981No1,"PC (1-16:1, 2-16:1) diacylglycerol (1-16:0, 2-18:1) acyltransferase, ER membrane (No1)",False,True,0.0,0.0,inf,inf,True,False
r_2982No1,"PC (1-18:0, 2-16:1) diacylglycerol (1-16:0, 2-18:1) acyltransferase, ER membrane (No1)",False,True,0.0,0.0,inf,inf,True,False
r_2983No1,"PC (1-18:1, 2-16:1) diacylglycerol (1-16:0, 2-18:1) acyltransferase, ER membrane (No1)",False,True,0.0,0.0,inf,inf,True,False
r_2984No1,"PC (1-16:0, 2-18:1) diacylglycerol (1-16:0, 2-18:1) acyltransferase, ER membrane (No1)",False,True,0.0,0.0,inf,inf,True,False
r_2985No1,"PC (1-16:1, 2-18:1) diacylglycerol (1-16:0, 2-18:1) acyltransferase, ER membrane (No1)",False,True,0.0,0.0,inf,inf,True,False
r_2986No1,"PC (1-18:0, 2-18:1) diacylglycerol (1-16:0, 2-18:1) acyltransferase, ER membrane (No1)",False,True,0.0,0.0,inf,inf,True,False
r_2987No1,"PC (1-18:1, 2-18:1) diacylglycerol (1-16:0, 2-18:1) acyltransferase, ER membrane (No1)",False,True,0.0,0.0,inf,inf,True,False
r_2988No1,"PC (1-16:0, 2-16:1) diacylglycerol (1-16:1, 2-18:1) acyltransferase, ER membrane (No1)",False,True,0.0,0.0,inf,inf,True,False
r_2989No1,"PC (1-16:1, 2-16:1) diacylglycerol (1-16:1, 2-18:1) acyltransferase, ER membrane (No1)",False,True,0.0,0.0,inf,inf,True,False
r_2990No1,"PC (1-18:0, 2-16:1) diacylglycerol (1-16:1, 2-18:1) acyltransferase, ER membrane (No1)",False,True,0.0,0.0,inf,inf,True,False
r_2991No1,"PC (1-18:1, 2-16:1) diacylglycerol (1-16:1, 2-18:1) acyltransferase, ER membrane (No1)",False,True,0.0,0.0,inf,inf,True,False
r_2992No1,"PC (1-16:0, 2-18:1) diacylglycerol (1-16:1, 2-18:1) acyltransferase, ER membrane (No1)",False,True,0.0,0.0,inf,inf,True,False
r_2993No1,"PC (1-16:1, 2-18:1) diacylglycerol (1-16:1, 2-18:1) acyltransferase, ER membrane (No1)",False,True,0.0,0.0,inf,inf,True,False
r_2994No1,"PC (1-18:0, 2-18:1) diacylglycerol (1-16:1, 2-18:1) acyltransferase, ER membrane (No1)",False,True,0.0,0.0,inf,inf,True,False
r_2995No1,"PC (1-18:1, 2-18:1) diacylglycerol (1-16:1, 2-18:1) acyltransferase, ER membrane (No1)",False,True,0.0,0.0,inf,inf,True,False
r_2996No1,"PC (1-16:0, 2-16:1) diacylglycerol (1-18:0, 2-18:1) acyltransferase, ER membrane (No1)",False,True,0.0,0.0,inf,inf,True,False
r_2997No1,"PC (1-16:1, 2-16:1) diacylglycerol (1-18:0, 2-18:1) acyltransferase, ER membrane (No1)",False,True,0.0,0.0,inf,inf,True,False
r_2998No1,"PC (1-18:0, 2-16:1) diacylglycerol (1-18:0, 2-18:1) acyltransferase, ER membrane (No1)",False,True,0.0,0.0,inf,inf,True,False
r_2999No1,"PC (1-18:1, 2-16:1) diacylglycerol (1-18:0, 2-18:1) acyltransferase, ER membrane (No1)",False,True,0.0,0.0,inf,inf,True,False
r_3000No1,"PC (1-16:0, 2-18:1) diacylglycerol (1-18:0, 2-18:1) acyltransferase, ER membrane (No1)",False,True,0.0,0.0,inf,inf,True,False
r_3001No1,"PC (1-16:1, 2-18:1) diacylglycerol (1-18:0, 2-18:1) acyltransferase, ER membrane (No1)",False,True,0.0,0.0,inf,inf,True,False
r_3002No1,"PC (1-18:0, 2-18:1) diacylglycerol (1-18:0, 2-18:1) acyltransferase, ER membrane (No1)",False,True,0.0,0.0,inf,inf,True,False
r_3003No1,"PC (1-18:1, 2-18:1) diacylglycerol (1-18:0, 2-18:1) acyltransferase, ER membrane (No1)",False,True,0.0,0.0,inf,inf,True,False
r_3004No1,"PC (1-16:0, 2-16:1) diacylglycerol (1-18:1, 2-18:1) acyltransferase, ER membrane (No1)",False,True,0.0,0.0,inf,inf,True,False
r_3005No1,"PC (1-16:1, 2-16:1) diacylglycerol (1-18:1, 2-18:1) acyltransferase, ER membrane (No1)",False,True,0.0,0.0,inf,inf,True,False
r_3006No1,"PC (1-18:0, 2-16:1) diacylglycerol (1-18:1, 2-18:1) acyltransferase, ER membrane (No1)",False,True,0.0,0.0,inf,inf,True,False
r_3007No1,"PC (1-18:1, 2-16:1) diacylglycerol (1-18:1, 2-18:1) acyltransferase, ER membrane (No1)",False,True,0.0,0.0,inf,inf,True,False
r_3008No1,"PC (1-16:0, 2-18:1) diacylglycerol (1-18:1, 2-18:1) acyltransferase, ER membrane (No1)",False,True,0.0,0.0,inf,inf,True,False
r_3009No1,"PC (1-16:1, 2-18:1) diacylglycerol (1-18:1, 2-18:1) acyltransferase, ER membrane (No1)",False,True,0.0,0.0,inf,inf,True,False
r_3010No1,"PC (1-18:0, 2-18:1) diacylglycerol (1-18:1, 2-18:1) acyltransferase, ER membrane (No1)",False,True,0.0,0.0,inf,inf,True,False
r_3011No1,"PC (1-18:1, 2-18:1) diacylglycerol (1-18:1, 2-18:1) acyltransferase, ER membrane (No1)",False,True,0.0,0.0,inf,inf,True,False
r_3022No1,"PC phospholipase B (1-16:0, 2-16:1), ER membrane (No1)",False,True,0.0,0.0,inf,inf,True,True
r_3023No1,"PC phospholipase B (1-16:1, 2-16:1), ER membrane (No1)",False,True,0.0,0.0,inf,inf,True,True
r_3024No1,"PC phospholipase B (1-18:0, 2-16:1), ER membrane (No1)",False,True,0.0,0.0,inf,inf,True,True
r_3025No1,"PC phospholipase B (1-18:1, 2-16:1), ER membrane (No1)",False,True,0.0,0.0,inf,inf,True,True
r_3026No1,"PC phospholipase B (1-16:0, 2-18:1), ER membrane (No1)",False,True,0.0,0.0,inf,inf,True,True
r_3027No1,"PC phospholipase B (1-16:1, 2-18:1), ER membrane (No1)",False,True,0.0,0.0,inf,inf,True,True
r_3028No1,"PC phospholipase B (1-18:0, 2-18:1), ER membrane (No1)",False,True,0.0,0.0,inf,inf,True,True
r_3029No1,"PC phospholipase B (1-18:1, 2-18:1), ER membrane (No1)",False,True,0.0,0.0,inf,inf,True,True
r_3030No1,"LPC phospholipase B (16:0), ER membrane (No1)",False,True,0.0,0.0,inf,inf,True,True
r_3031No1,"LPC phospholipase B (16:1), ER membrane (No1)",False,True,0.0,0.0,inf,inf,True,True
r_3032No1,"LPC phospholipase B (18:0), ER membrane (No1)",False,True,0.0,0.0,inf,inf,True,True
r_3033No1,"LPC phospholipase B (18:1), ER membrane (No1)",False,True,0.0,0.0,inf,inf,True,True
r_3034No1,"PC phospholipase B (1-16:0, 2-16:1), cell envelope (No1)",False,True,0.0,0.0,inf,inf,True,True
r_3035No1,"PC phospholipase B (1-16:1, 2-16:1), cell envelope (No1)",False,True,0.0,0.0,inf,inf,True,True
r_3036No1,"PC phospholipase B (1-18:0, 2-16:1), cell envelope (No1)",False,True,0.0,0.0,inf,inf,True,True
r_3037No1,"PC phospholipase B (1-18:1, 2-16:1), cell envelope (No1)",False,True,0.0,0.0,inf,inf,True,True
r_3038No1,"PC phospholipase B (1-16:0, 2-18:1), cell envelope (No1)",False,True,0.0,0.0,inf,inf,True,True
r_3039No1,"PC phospholipase B (1-16:1, 2-18:1), cell envelope (No1)",False,True,0.0,0.0,inf,inf,True,True
r_3040No1,"PC phospholipase B (1-18:0, 2-18:1), cell envelope (No1)",False,True,0.0,0.0,inf,inf,True,True
r_3041No1,"PC phospholipase B (1-18:1, 2-18:1), cell envelope (No1)",False,True,0.0,0.0,inf,inf,True,True
r_3042No1,"LPC phospholipase B (16:0), cell envelope (No1)",False,True,0.0,0.0,inf,inf,True,True
r_3043No1,"LPC phospholipase B (16:1), cell envelope (No1)",False,True,0.0,0.0,inf,inf,True,True
r_3044No1,"LPC phospholipase B (18:0), cell envelope (No1)",False,True,0.0,0.0,inf,inf,True,True
r_3045No1,"LPC phospholipase B (18:1), cell envelope (No1)",False,True,0.0,0.0,inf,inf,True,True
r_3046No1,"PE phospholipase B (1-16:0, 2-16:1), cell envelope (No1)",False,True,0.0,0.0,inf,inf,True,True
r_3046No2,"PE phospholipase B (1-16:0, 2-16:1), cell envelope (No2)",False,True,0.0,0.0,inf,inf,True,True
r_3047No1,"PE phospholipase B (1-16:1, 2-16:1), cell envelope (No1)",False,True,0.0,0.0,inf,inf,True,True
r_3047No2,"PE phospholipase B (1-16:1, 2-16:1), cell envelope (No2)",False,True,0.0,0.0,inf,inf,True,True
r_3048No1,"PE phospholipase B (1-18:0, 2-16:1), cell envelope (No1)",False,True,0.0,0.0,inf,inf,True,True
r_3048No2,"PE phospholipase B (1-18:0, 2-16:1), cell envelope (No2)",False,True,0.0,0.0,inf,inf,True,True
r_3049No1,"PE phospholipase B (1-18:1, 2-16:1), cell envelope (No1)",False,True,0.0,0.0,inf,inf,True,True
r_3049No2,"PE phospholipase B (1-18:1, 2-16:1), cell envelope (No2)",False,True,0.0,0.0,inf,inf,True,True
r_3050No1,"PE phospholipase B (1-16:0, 2-18:1), cell envelope (No1)",False,True,0.0,0.0,inf,inf,True,True
r_3050No2,"PE phospholipase B (1-16:0, 2-18:1), cell envelope (No2)",False,True,0.0,0.0,inf,inf,True,True
r_3051No1,"PE phospholipase B (1-16:1, 2-18:1), cell envelope (No1)",False,True,0.0,0.0,inf,inf,True,True
r_3051No2,"PE phospholipase B (1-16:1, 2-18:1), cell envelope (No2)",False,True,0.0,0.0,inf,inf,True,True
r_3052No1,"PE phospholipase B (1-18:0, 2-18:1), cell envelope (No1)",False,True,0.0,0.0,inf,inf,True,True
r_3052No2,"PE phospholipase B (1-18:0, 2-18:1), cell envelope (No2)",False,True,0.0,0.0,inf,inf,True,True
r_3053No1,"PE phospholipase B (1-18:1, 2-18:1), cell envelope (No1)",False,True,0.0,0.0,inf,inf,True,True
r_3053No2,"PE phospholipase B (1-18:1, 2-18:1), cell envelope (No2)",False,True,0.0,0.0,inf,inf,True,True
r_3054No1,"LPE phospholipase B (16:0), cell envelope (No1)",False,True,0.0,0.0,inf,inf,True,True
r_3054No2,"LPE phospholipase B (16:0), cell envelope (No2)",False,True,0.0,0.0,inf,inf,True,True
r_3055No1,"LPE phospholipase B (16:1), cell envelope (No1)",False,True,0.0,0.0,inf,inf,True,True
r_3055No2,"LPE phospholipase B (16:1), cell envelope (No2)",False,True,0.0,0.0,inf,inf,True,True
r_3056No1,"LPE phospholipase B (18:0), cell envelope (No1)",False,True,0.0,0.0,inf,inf,True,True
r_3056No2,"LPE phospholipase B (18:0), cell envelope (No2)",False,True,0.0,0.0,inf,inf,True,True
r_3057No1,"LPE phospholipase B (18:1), cell envelope (No1)",False,True,0.0,0.0,inf,inf,True,True
r_3057No2,"LPE phospholipase B (18:1), cell envelope (No2)",False,True,0.0,0.0,inf,inf,True,True
r_3058No1,"PS phospholipase B (1-16:0, 2-16:1), cell envelope (No1)",False,True,0.0,0.0,inf,inf,True,True
r_3058No2,"PS phospholipase B (1-16:0, 2-16:1), cell envelope (No2)",False,True,0.0,0.0,inf,inf,True,True
r_3059No1,"PS phospholipase B (1-16:1, 2-16:1), cell envelope (No1)",False,True,0.0,0.0,inf,inf,True,True
r_3059No2,"PS phospholipase B (1-16:1, 2-16:1), cell envelope (No2)",False,True,0.0,0.0,inf,inf,True,True
r_3060No1,"PS phospholipase B (1-18:0, 2-16:1), cell envelope (No1)",False,True,0.0,0.0,inf,inf,True,True
r_3060No2,"PS phospholipase B (1-18:0, 2-16:1), cell envelope (No2)",False,True,0.0,0.0,inf,inf,True,True
r_3061No1,"PS phospholipase B (1-18:1, 2-16:1), cell envelope (No1)",False,True,0.0,0.0,inf,inf,True,True
r_3061No2,"PS phospholipase B (1-18:1, 2-16:1), cell envelope (No2)",False,True,0.0,0.0,inf,inf,True,True
r_3062No1,"PS phospholipase B (1-16:0, 2-18:1), cell envelope (No1)",False,True,0.0,0.0,inf,inf,True,True
r_3062No2,"PS phospholipase B (1-16:0, 2-18:1), cell envelope (No2)",False,True,0.0,0.0,inf,inf,True,True
r_3063No1,"PS phospholipase B (1-16:1, 2-18:1), cell envelope (No1)",False,True,0.0,0.0,inf,inf,True,True
r_3063No2,"PS phospholipase B (1-16:1, 2-18:1), cell envelope (No2)",False,True,0.0,0.0,inf,inf,True,True
r_3064No1,"PS phospholipase B (1-18:0, 2-18:1), cell envelope (No1)",False,True,0.0,0.0,inf,inf,True,True
r_3064No2,"PS phospholipase B (1-18:0, 2-18:1), cell envelope (No2)",False,True,0.0,0.0,inf,inf,True,True
r_3065No1,"PS phospholipase B (1-18:1, 2-18:1), cell envelope (No1)",False,True,0.0,0.0,inf,inf,True,True
r_3065No2,"PS phospholipase B (1-18:1, 2-18:1), cell envelope (No2)",False,True,0.0,0.0,inf,inf,True,True
r_3066No1,"LPS phospholipase B (16:0), cell envelope (No1)",False,True,0.0,0.0,inf,inf,True,True
r_3066No2,"LPS phospholipase B (16:0), cell envelope (No2)",False,True,0.0,0.0,inf,inf,True,True
r_3067No1,"LPS phospholipase B (16:1), cell envelope (No1)",False,True,0.0,0.0,inf,inf,True,True
r_3067No2,"LPS phospholipase B (16:1), cell envelope (No2)",False,True,0.0,0.0,inf,inf,True,True
r_3068No1,"LPS phospholipase B (18:0), cell envelope (No1)",False,True,0.0,0.0,inf,inf,True,True
r_3068No2,"LPS phospholipase B (18:0), cell envelope (No2)",False,True,0.0,0.0,inf,inf,True,True
r_3069No1,"LPS phospholipase B (18:1), cell envelope (No1)",False,True,0.0,0.0,inf,inf,True,True
r_3069No2,"LPS phospholipase B (18:1), cell envelope (No2)",False,True,0.0,0.0,inf,inf,True,True
r_3070No1,"PI phospholipase B (1-16:0, 2-16:1), cell envelope (No1)",False,True,0.0,0.0,inf,inf,True,True
r_3071No1,"PI phospholipase B (1-16:1, 2-16:1), cell envelope (No1)",False,True,0.0,0.0,inf,inf,True,True
r_3072No1,"PI phospholipase B (1-18:0, 2-16:1), cell envelope (No1)",False,True,0.0,0.0,inf,inf,True,True
r_3073No1,"PI phospholipase B (1-18:1, 2-16:1), cell envelope (No1)",False,True,0.0,0.0,inf,inf,True,True
r_3074No1,"PI phospholipase B (1-16:0, 2-18:1), cell envelope (No1)",False,True,0.0,0.0,inf,inf,True,True
r_3075No1,"PI phospholipase B (1-16:1, 2-18:1), cell envelope (No1)",False,True,0.0,0.0,inf,inf,True,True
r_3076No1,"PI phospholipase B (1-18:0, 2-18:1), cell envelope (No1)",False,True,0.0,0.0,inf,inf,True,True
r_3077No1,"PI phospholipase B (1-18:1, 2-18:1), cell envelope (No1)",False,True,0.0,0.0,inf,inf,True,True
r_3078No1,"LPI phospholipase B (16:0), cell envelope (No1)",False,True,0.0,0.0,inf,inf,True,True
r_3079No1,"LPI phospholipase B (16:1), cell envelope (No1)",False,True,0.0,0.0,inf,inf,True,True
r_3080No1,"LPI phospholipase B (18:0), cell envelope (No1)",False,True,0.0,0.0,inf,inf,True,True
r_3081No1,"LPI phospholipase B (18:1), cell envelope (No1)",False,True,0.0,0.0,inf,inf,True,True
r_3082No1,"PI 4,5-P2 phospholipase C (1-16:0, 2-16:1), cytoplasm (No1)",False,True,0.0,0.0,inf,inf,True,True
r_3083No1,"PI 4,5-P2 phospholipase C (1-16:1, 2-16:1), cytoplasm (No1)",False,True,0.0,0.0,inf,inf,True,True
r_3084No1,"PI 4,5-P2 phospholipase C (1-18:0, 2-16:1), cytoplasm (No1)",False,True,0.0,0.0,inf,inf,True,True
r_3085No1,"PI 4,5-P2 phospholipase C (1-18:1, 2-16:1), cytoplasm (No1)",False,True,0.0,0.0,inf,inf,True,True
r_3086No1,"PI 4,5-P2 phospholipase C (1-16:0, 2-18:1), cytoplasm (No1)",False,True,0.0,0.0,inf,inf,True,True
r_3087No1,"PI 4,5-P2 phospholipase C (1-16:1, 2-18:1), cytoplasm (No1)",False,True,0.0,0.0,inf,inf,True,True
r_3088No1,"PI 4,5-P2 phospholipase C (1-18:0, 2-18:1), cytoplasm (No1)",False,True,0.0,0.0,inf,inf,True,True
r_3089No1,"PI 4,5-P2 phospholipase C (1-18:1, 2-18:1), cytoplasm (No1)",False,True,0.0,0.0,inf,inf,True,True
r_3090No1,"PI 4,5-P2 phospholipase C (1-16:0, 2-16:1), nucleus (No1)",False,True,0.0,0.0,inf,inf,True,True
r_3091No1,"PI 4,5-P2 phospholipase C (1-16:1, 2-16:1), nucleus (No1)",False,True,0.0,0.0,inf,inf,True,True
r_3092No1,"PI 4,5-P2 phospholipase C (1-18:0, 2-16:1), nucleus (No1)",False,True,0.0,0.0,inf,inf,True,True
r_3093No1,"PI 4,5-P2 phospholipase C (1-18:1, 2-16:1), nucleus (No1)",False,True,0.0,0.0,inf,inf,True,True
r_3094No1,"PI 4,5-P2 phospholipase C (1-16:0, 2-18:1), nucleus (No1)",False,True,0.0,0.0,inf,inf,True,True
r_3095No1,"PI 4,5-P2 phospholipase C (1-16:1, 2-18:1), nucleus (No1)",False,True,0.0,0.0,inf,inf,True,True
r_3096No1,"PI 4,5-P2 phospholipase C (1-18:0, 2-18:1), nucleus (No1)",False,True,0.0,0.0,inf,inf,True,True
r_3097No1,"PI 4,5-P2 phospholipase C (1-18:1, 2-18:1), nucleus (No1)",False,True,0.0,0.0,inf,inf,True,True
r_3098No1,"PG phospholipase C (1-16:0, 2-16:1), mitochondrial membrane (No1)",False,True,0.0,0.0,inf,inf,True,True
r_3099No1,"PG phospholipase C (1-16:1, 2-16:1), mitochondrial membrane (No1)",False,True,0.0,0.0,inf,inf,True,True
r_3100No1,"PG phospholipase C (1-18:0, 2-16:1), mitochondrial membrane (No1)",False,True,0.0,0.0,inf,inf,True,True
r_3101No1,"PG phospholipase C (1-18:1, 2-16:1), mitochondrial membrane (No1)",False,True,0.0,0.0,inf,inf,True,True
r_3102No1,"PG phospholipase C (1-16:0, 2-18:1), mitochondrial membrane (No1)",False,True,0.0,0.0,inf,inf,True,True
r_3103No1,"PG phospholipase C (1-16:1, 2-18:1), mitochondrial membrane (No1)",False,True,0.0,0.0,inf,inf,True,True
r_3104No1,"PC phospholipase D (1-16:0, 2-16:1), cell envelope (No1)",False,True,0.0,0.0,inf,inf,True,True
r_3105No1,"PC phospholipase D (1-16:1, 2-16:1), cell envelope (No1)",False,True,0.0,0.0,inf,inf,True,True
r_3106No1,"PC phospholipase D (1-18:0, 2-16:1), cell envelope (No1)",False,True,0.0,0.0,inf,inf,True,True
r_3107No1,"PC phospholipase D (1-18:1, 2-16:1), cell envelope (No1)",False,True,0.0,0.0,inf,inf,True,True
r_3108No1,"PC phospholipase D (1-16:0, 2-18:1), cell envelope (No1)",False,True,0.0,0.0,inf,inf,True,True
r_3109No1,"PC phospholipase D (1-16:1, 2-18:1), cell envelope (No1)",False,True,0.0,0.0,inf,inf,True,True
r_3110No1,"PC phospholipase D (1-18:0, 2-18:1), cell envelope (No1)",False,True,0.0,0.0,inf,inf,True,True
r_3111No1,"PC phospholipase D (1-18:1, 2-18:1), cell envelope (No1)",False,True,0.0,0.0,inf,inf,True,True
r_3112No1,"PI 3-P phosphatase (1-16:0, 2-16:1), cell envelope (No1)",False,True,0.0,0.0,inf,inf,True,False
r_3112No2,"PI 3-P phosphatase (1-16:0, 2-16:1), cell envelope (No2)",False,True,0.0,0.0,inf,inf,True,False
r_3113No1,"PI 3-P phosphatase (1-16:1, 2-16:1), cell envelope (No1)",False,True,0.0,0.0,inf,inf,True,False
r_3113No2,"PI 3-P phosphatase (1-16:1, 2-16:1), cell envelope (No2)",False,True,0.0,0.0,inf,inf,True,False
r_3114No1,"PI 3-P phosphatase (1-18:0, 2-16:1), cell envelope (No1)",False,True,0.0,0.0,inf,inf,True,False
r_3114No2,"PI 3-P phosphatase (1-18:0, 2-16:1), cell envelope (No2)",False,True,0.0,0.0,inf,inf,True,False
r_3115No1,"PI 3-P phosphatase (1-18:1, 2-16:1), cell envelope (No1)",False,True,0.0,0.0,inf,inf,True,False
r_3115No2,"PI 3-P phosphatase (1-18:1, 2-16:1), cell envelope (No2)",False,True,0.0,0.0,inf,inf,True,False
r_3116No1,"PI 3-P phosphatase (1-16:0, 2-18:1), cell envelope (No1)",False,True,0.0,0.0,inf,inf,True,False
r_3116No2,"PI 3-P phosphatase (1-16:0, 2-18:1), cell envelope (No2)",False,True,0.0,0.0,inf,inf,True,False
r_3117No1,"PI 3-P phosphatase (1-16:1, 2-18:1), cell envelope (No1)",False,True,0.0,0.0,inf,inf,True,False
r_3117No2,"PI 3-P phosphatase (1-16:1, 2-18:1), cell envelope (No2)",False,True,0.0,0.0,inf,inf,True,False
r_3118No1,"PI 3-P phosphatase (1-18:0, 2-18:1), cell envelope (No1)",False,True,0.0,0.0,inf,inf,True,False
r_3118No2,"PI 3-P phosphatase (1-18:0, 2-18:1), cell envelope (No2)",False,True,0.0,0.0,inf,inf,True,False
r_3119No1,"PI 3-P phosphatase (1-18:1, 2-18:1), cell envelope (No1)",False,True,0.0,0.0,inf,inf,True,False
r_3119No2,"PI 3-P phosphatase (1-18:1, 2-18:1), cell envelope (No2)",False,True,0.0,0.0,inf,inf,True,False
r_3120No1,"PI 3-P phosphatase (1-16:0, 2-16:1), cytoplasm (No1)",False,True,0.0,0.0,inf,inf,True,False
r_3120No2,"PI 3-P phosphatase (1-16:0, 2-16:1), cytoplasm (No2)",False,True,0.0,0.0,inf,inf,True,False
r_3120No3,"PI 3-P phosphatase (1-16:0, 2-16:1), cytoplasm (No3)",False,True,0.0,0.0,inf,inf,True,False
r_3121No1,"PI 3-P phosphatase (1-16:1, 2-16:1), cytoplasm (No1)",False,True,0.0,0.0,inf,inf,True,False
r_3121No2,"PI 3-P phosphatase (1-16:1, 2-16:1), cytoplasm (No2)",False,True,0.0,0.0,inf,inf,True,False
r_3121No3,"PI 3-P phosphatase (1-16:1, 2-16:1), cytoplasm (No3)",False,True,0.0,0.0,inf,inf,True,False
r_3122No1,"PI 3-P phosphatase (1-18:0, 2-16:1), cytoplasm (No1)",False,True,0.0,0.0,inf,inf,True,False
r_3122No2,"PI 3-P phosphatase (1-18:0, 2-16:1), cytoplasm (No2)",False,True,0.0,0.0,inf,inf,True,False
r_3122No3,"PI 3-P phosphatase (1-18:0, 2-16:1), cytoplasm (No3)",False,True,0.0,0.0,inf,inf,True,False
r_3123No1,"PI 3-P phosphatase (1-18:1, 2-16:1), cytoplasm (No1)",False,True,0.0,0.0,inf,inf,True,False
r_3123No2,"PI 3-P phosphatase (1-18:1, 2-16:1), cytoplasm (No2)",False,True,0.0,0.0,inf,inf,True,False
r_3123No3,"PI 3-P phosphatase (1-18:1, 2-16:1), cytoplasm (No3)",False,True,0.0,0.0,inf,inf,True,False
r_3124No1,"PI 3-P phosphatase (1-16:0, 2-18:1), cytoplasm (No1)",False,True,0.0,0.0,inf,inf,True,False
r_3124No2,"PI 3-P phosphatase (1-16:0, 2-18:1), cytoplasm (No2)",False,True,0.0,0.0,inf,inf,True,False
r_3124No3,"PI 3-P phosphatase (1-16:0, 2-18:1), cytoplasm (No3)",False,True,0.0,0.0,inf,inf,True,False
r_3125No1,"PI 3-P phosphatase (1-16:1, 2-18:1), cytoplasm (No1)",False,True,0.0,0.0,inf,inf,True,False
r_3125No2,"PI 3-P phosphatase (1-16:1, 2-18:1), cytoplasm (No2)",False,True,0.0,0.0,inf,inf,True,False
r_3125No3,"PI 3-P phosphatase (1-16:1, 2-18:1), cytoplasm (No3)",False,True,0.0,0.0,inf,inf,True,False
r_3126No1,"PI 3-P phosphatase (1-18:0, 2-18:1), cytoplasm (No1)",False,True,0.0,0.0,inf,inf,True,False
r_3126No2,"PI 3-P phosphatase (1-18:0, 2-18:1), cytoplasm (No2)",False,True,0.0,0.0,inf,inf,True,False
r_3126No3,"PI 3-P phosphatase (1-18:0, 2-18:1), cytoplasm (No3)",False,True,0.0,0.0,inf,inf,True,False
r_3127No1,"PI 3-P phosphatase (1-18:1, 2-18:1), cytoplasm (No1)",False,True,0.0,0.0,inf,inf,True,False
r_3127No2,"PI 3-P phosphatase (1-18:1, 2-18:1), cytoplasm (No2)",False,True,0.0,0.0,inf,inf,True,False
r_3127No3,"PI 3-P phosphatase (1-18:1, 2-18:1), cytoplasm (No3)",False,True,0.0,0.0,inf,inf,True,False
r_3128No1,"PI 3-P phosphatase (1-16:0, 2-16:1), ER membrane (No1)",False,True,0.0,0.0,inf,inf,True,False
r_3129No1,"PI 3-P phosphatase (1-16:1, 2-16:1), ER membrane (No1)",False,True,0.0,0.0,inf,inf,True,False
r_3130No1,"PI 3-P phosphatase (1-18:0, 2-16:1), ER membrane (No1)",False,True,0.0,0.0,inf,inf,True,False
r_3131No1,"PI 3-P phosphatase (1-18:1, 2-16:1), ER membrane (No1)",False,True,0.0,0.0,inf,inf,True,False
r_3132No1,"PI 3-P phosphatase (1-16:0, 2-18:1), ER membrane (No1)",False,True,0.0,0.0,inf,inf,True,False
r_3133No1,"PI 3-P phosphatase (1-16:1, 2-18:1), ER membrane (No1)",False,True,0.0,0.0,inf,inf,True,False
r_3134No1,"PI 3-P phosphatase (1-18:0, 2-18:1), ER membrane (No1)",False,True,0.0,0.0,inf,inf,True,False
r_3135No1,"PI 3-P phosphatase (1-18:1, 2-18:1), ER membrane (No1)",False,True,0.0,0.0,inf,inf,True,False
r_3136No1,"PI 3-P phosphatase (1-16:0, 2-16:1), Golgi membrane (No1)",False,True,0.0,0.0,inf,inf,True,False
r_3137No1,"PI 3-P phosphatase (1-16:1, 2-16:1), Golgi membrane (No1)",False,True,0.0,0.0,inf,inf,True,False
r_3138No1,"PI 3-P phosphatase (1-18:0, 2-16:1), Golgi membrane (No1)",False,True,0.0,0.0,inf,inf,True,False
r_3139No1,"PI 3-P phosphatase (1-18:1, 2-16:1), Golgi membrane (No1)",False,True,0.0,0.0,inf,inf,True,False
r_3140No1,"PI 3-P phosphatase (1-16:0, 2-18:1), Golgi membrane (No1)",False,True,0.0,0.0,inf,inf,True,False
r_3141No1,"PI 3-P phosphatase (1-16:1, 2-18:1), Golgi membrane (No1)",False,True,0.0,0.0,inf,inf,True,False
r_3142No1,"PI 3-P phosphatase (1-18:0, 2-18:1), Golgi membrane (No1)",False,True,0.0,0.0,inf,inf,True,False
r_3143No1,"PI 3-P phosphatase (1-18:1, 2-18:1), Golgi membrane (No1)",False,True,0.0,0.0,inf,inf,True,False
r_3144No1,"PI 4-P phosphatase (1-16:0, 2-16:1), cell envelope (No1)",False,True,0.0,0.0,inf,inf,True,False
r_3144No2,"PI 4-P phosphatase (1-16:0, 2-16:1), cell envelope (No2)",False,True,0.0,0.0,inf,inf,True,False
r_3145No1,"PI 4-P phosphatase (1-16:1, 2-16:1), cell envelope (No1)",False,True,0.0,0.0,inf,inf,True,False
r_3145No2,"PI 4-P phosphatase (1-16:1, 2-16:1), cell envelope (No2)",False,True,0.0,0.0,inf,inf,True,False
r_3146No1,"PI 4-P phosphatase (1-18:0, 2-16:1), cell envelope (No1)",False,True,0.0,0.0,inf,inf,True,False
r_3146No2,"PI 4-P phosphatase (1-18:0, 2-16:1), cell envelope (No2)",False,True,0.0,0.0,inf,inf,True,False
r_3147No1,"PI 4-P phosphatase (1-18:1, 2-16:1), cell envelope (No1)",False,True,0.0,0.0,inf,inf,True,False
r_3147No2,"PI 4-P phosphatase (1-18:1, 2-16:1), cell envelope (No2)",False,True,0.0,0.0,inf,inf,True,False
r_3148No1,"PI 4-P phosphatase (1-16:0, 2-18:1), cell envelope (No1)",False,True,0.0,0.0,inf,inf,True,False
r_3148No2,"PI 4-P phosphatase (1-16:0, 2-18:1), cell envelope (No2)",False,True,0.0,0.0,inf,inf,True,False
r_3149No1,"PI 4-P phosphatase (1-16:1, 2-18:1), cell envelope (No1)",False,True,0.0,0.0,inf,inf,True,False
r_3149No2,"PI 4-P phosphatase (1-16:1, 2-18:1), cell envelope (No2)",False,True,0.0,0.0,inf,inf,True,False
r_3150No1,"PI 4-P phosphatase (1-18:0, 2-18:1), cell envelope (No1)",False,True,0.0,0.0,inf,inf,True,False
r_3150No2,"PI 4-P phosphatase (1-18:0, 2-18:1), cell envelope (No2)",False,True,0.0,0.0,inf,inf,True,False
r_3151No1,"PI 4-P phosphatase (1-18:1, 2-18:1), cell envelope (No1)",False,True,0.0,0.0,inf,inf,True,False
r_3151No2,"PI 4-P phosphatase (1-18:1, 2-18:1), cell envelope (No2)",False,True,0.0,0.0,inf,inf,True,False
r_3152No1,"PI 4-P phosphatase (1-16:0, 2-16:1), cytoplasm (No1)",False,True,0.0,0.0,inf,inf,True,False
r_3152No2,"PI 4-P phosphatase (1-16:0, 2-16:1), cytoplasm (No2)",False,True,0.0,0.0,inf,inf,True,False
r_3153No1,"PI 4-P phosphatase (1-16:1, 2-16:1), cytoplasm (No1)",False,True,0.0,0.0,inf,inf,True,False
r_3153No2,"PI 4-P phosphatase (1-16:1, 2-16:1), cytoplasm (No2)",False,True,0.0,0.0,inf,inf,True,False
r_3154No1,"PI 4-P phosphatase (1-18:0, 2-16:1), cytoplasm (No1)",False,True,0.0,0.0,inf,inf,True,False
r_3154No2,"PI 4-P phosphatase (1-18:0, 2-16:1), cytoplasm (No2)",False,True,0.0,0.0,inf,inf,True,False
r_3155No1,"PI 4-P phosphatase (1-18:1, 2-16:1), cytoplasm (No1)",False,True,0.0,0.0,inf,inf,True,False
r_3155No2,"PI 4-P phosphatase (1-18:1, 2-16:1), cytoplasm (No2)",False,True,0.0,0.0,inf,inf,True,False
r_3156No1,"PI 4-P phosphatase (1-16:0, 2-18:1), cytoplasm (No1)",False,True,0.0,0.0,inf,inf,True,False
r_3156No2,"PI 4-P phosphatase (1-16:0, 2-18:1), cytoplasm (No2)",False,True,0.0,0.0,inf,inf,True,False
r_3157No1,"PI 4-P phosphatase (1-16:1, 2-18:1), cytoplasm (No1)",False,True,0.0,0.0,inf,inf,True,False
r_3157No2,"PI 4-P phosphatase (1-16:1, 2-18:1), cytoplasm (No2)",False,True,0.0,0.0,inf,inf,True,False
r_3158No1,"PI 4-P phosphatase (1-18:0, 2-18:1), cytoplasm (No1)",False,True,0.0,0.0,inf,inf,True,False
r_3158No2,"PI 4-P phosphatase (1-18:0, 2-18:1), cytoplasm (No2)",False,True,0.0,0.0,inf,inf,True,False
r_3159No1,"PI 4-P phosphatase (1-18:1, 2-18:1), cytoplasm (No1)",False,True,0.0,0.0,inf,inf,True,False
r_3159No2,"PI 4-P phosphatase (1-18:1, 2-18:1), cytoplasm (No2)",False,True,0.0,0.0,inf,inf,True,False
r_3160No1,"PI 4-P phosphatase (1-16:0, 2-16:1), ER membrane (No1)",False,True,0.0,0.0,inf,inf,True,False
r_3161No1,"PI 4-P phosphatase (1-16:1, 2-16:1), ER membrane (No1)",False,True,0.0,0.0,inf,inf,True,False
r_3162No1,"PI 4-P phosphatase (1-18:0, 2-16:1), ER membrane (No1)",False,True,0.0,0.0,inf,inf,True,False
r_3163No1,"PI 4-P phosphatase (1-18:1, 2-16:1), ER membrane (No1)",False,True,0.0,0.0,inf,inf,True,False
r_3164No1,"PI 4-P phosphatase (1-16:0, 2-18:1), ER membrane (No1)",False,True,0.0,0.0,inf,inf,True,False
r_3165No1,"PI 4-P phosphatase (1-16:1, 2-18:1), ER membrane (No1)",False,True,0.0,0.0,inf,inf,True,False
r_3166No1,"PI 4-P phosphatase (1-18:0, 2-18:1), ER membrane (No1)",False,True,0.0,0.0,inf,inf,True,False
r_3167No1,"PI 4-P phosphatase (1-18:1, 2-18:1), ER membrane (No1)",False,True,0.0,0.0,inf,inf,True,False
r_3168No1,"PI 4-P phosphatase (1-16:0, 2-16:1), Golgi membrane (No1)",False,True,0.0,0.0,inf,inf,True,False
r_3169No1,"PI 4-P phosphatase (1-16:1, 2-16:1), Golgi membrane (No1)",False,True,0.0,0.0,inf,inf,True,False
r_3170No1,"PI 4-P phosphatase (1-18:0, 2-16:1), Golgi membrane (No1)",False,True,0.0,0.0,inf,inf,True,False
r_3171No1,"PI 4-P phosphatase (1-18:1, 2-16:1), Golgi membrane (No1)",False,True,0.0,0.0,inf,inf,True,False
r_3172No1,"PI 4-P phosphatase (1-16:0, 2-18:1), Golgi membrane (No1)",False,True,0.0,0.0,inf,inf,True,False
r_3173No1,"PI 4-P phosphatase (1-16:1, 2-18:1), Golgi membrane (No1)",False,True,0.0,0.0,inf,inf,True,False
r_3174No1,"PI 4-P phosphatase (1-18:0, 2-18:1), Golgi membrane (No1)",False,True,0.0,0.0,inf,inf,True,False
r_3175No1,"PI 4-P phosphatase (1-18:1, 2-18:1), Golgi membrane (No1)",False,True,0.0,0.0,inf,inf,True,False
r_3176No1,"PI 3,5-P2 phosphatase (1-16:0, 2-16:1), cell envelope (No1)",False,True,0.0,0.0,inf,inf,True,False
r_3176No2,"PI 3,5-P2 phosphatase (1-16:0, 2-16:1), cell envelope (No2)",False,True,0.0,0.0,inf,inf,True,False
r_3177No1,"PI 3,5-P2 phosphatase (1-16:1, 2-16:1), cell envelope (No1)",False,True,0.0,0.0,inf,inf,True,False
r_3177No2,"PI 3,5-P2 phosphatase (1-16:1, 2-16:1), cell envelope (No2)",False,True,0.0,0.0,inf,inf,True,False
r_3178No1,"PI 3,5-P2 phosphatase (1-18:0, 2-16:1), cell envelope (No1)",False,True,0.0,0.0,inf,inf,True,False
r_3178No2,"PI 3,5-P2 phosphatase (1-18:0, 2-16:1), cell envelope (No2)",False,True,0.0,0.0,inf,inf,True,False
r_3179No1,"PI 3,5-P2 phosphatase (1-18:1, 2-16:1), cell envelope (No1)",False,True,0.0,0.0,inf,inf,True,False
r_3179No2,"PI 3,5-P2 phosphatase (1-18:1, 2-16:1), cell envelope (No2)",False,True,0.0,0.0,inf,inf,True,False
r_3180No1,"PI 3,5-P2 phosphatase (1-16:0, 2-18:1), cell envelope (No1)",False,True,0.0,0.0,inf,inf,True,False
r_3180No2,"PI 3,5-P2 phosphatase (1-16:0, 2-18:1), cell envelope (No2)",False,True,0.0,0.0,inf,inf,True,False
r_3181No1,"PI 3,5-P2 phosphatase (1-16:1, 2-18:1), cell envelope (No1)",False,True,0.0,0.0,inf,inf,True,False
r_3181No2,"PI 3,5-P2 phosphatase (1-16:1, 2-18:1), cell envelope (No2)",False,True,0.0,0.0,inf,inf,True,False
r_3182No1,"PI 3,5-P2 phosphatase (1-18:0, 2-18:1), cell envelope (No1)",False,True,0.0,0.0,inf,inf,True,False
r_3182No2,"PI 3,5-P2 phosphatase (1-18:0, 2-18:1), cell envelope (No2)",False,True,0.0,0.0,inf,inf,True,False
r_3183No1,"PI 3,5-P2 phosphatase (1-18:1, 2-18:1), cell envelope (No1)",False,True,0.0,0.0,inf,inf,True,False
r_3183No2,"PI 3,5-P2 phosphatase (1-18:1, 2-18:1), cell envelope (No2)",False,True,0.0,0.0,inf,inf,True,False
r_3184No1,"PI 3,5-P2 phosphatase (1-16:0, 2-16:1), cytoplasm (No1)",False,True,0.0,0.0,inf,inf,True,False
r_3184No2,"PI 3,5-P2 phosphatase (1-16:0, 2-16:1), cytoplasm (No2)",False,True,0.0,0.0,inf,inf,True,False
r_3185No1,"PI 3,5-P2 phosphatase (1-16:1, 2-16:1), cytoplasm (No1)",False,True,0.0,0.0,inf,inf,True,False
r_3185No2,"PI 3,5-P2 phosphatase (1-16:1, 2-16:1), cytoplasm (No2)",False,True,0.0,0.0,inf,inf,True,False
r_3186No1,"PI 3,5-P2 phosphatase (1-18:0, 2-16:1), cytoplasm (No1)",False,True,0.0,0.0,inf,inf,True,False
r_3186No2,"PI 3,5-P2 phosphatase (1-18:0, 2-16:1), cytoplasm (No2)",False,True,0.0,0.0,inf,inf,True,False
r_3187No1,"PI 3,5-P2 phosphatase (1-18:1, 2-16:1), cytoplasm (No1)",False,True,0.0,0.0,inf,inf,True,False
r_3187No2,"PI 3,5-P2 phosphatase (1-18:1, 2-16:1), cytoplasm (No2)",False,True,0.0,0.0,inf,inf,True,False
r_3188No1,"PI 3,5-P2 phosphatase (1-16:0, 2-18:1), cytoplasm (No1)",False,True,0.0,0.0,inf,inf,True,False
r_3188No2,"PI 3,5-P2 phosphatase (1-16:0, 2-18:1), cytoplasm (No2)",False,True,0.0,0.0,inf,inf,True,False
r_3189No1,"PI 3,5-P2 phosphatase (1-16:1, 2-18:1), cytoplasm (No1)",False,True,0.0,0.0,inf,inf,True,False
r_3189No2,"PI 3,5-P2 phosphatase (1-16:1, 2-18:1), cytoplasm (No2)",False,True,0.0,0.0,inf,inf,True,False
r_3190No1,"PI 3,5-P2 phosphatase (1-18:0, 2-18:1), cytoplasm (No1)",False,True,0.0,0.0,inf,inf,True,False
r_3190No2,"PI 3,5-P2 phosphatase (1-18:0, 2-18:1), cytoplasm (No2)",False,True,0.0,0.0,inf,inf,True,False
r_3191No1,"PI 3,5-P2 phosphatase (1-18:1, 2-18:1), cytoplasm (No1)",False,True,0.0,0.0,inf,inf,True,False
r_3191No2,"PI 3,5-P2 phosphatase (1-18:1, 2-18:1), cytoplasm (No2)",False,True,0.0,0.0,inf,inf,True,False
r_3192No1,"PI 4,5-P2 phosphatase (1-16:0, 2-16:1), cell envelope (No1)",False,True,0.0,0.0,inf,inf,True,False
r_3192No2,"PI 4,5-P2 phosphatase (1-16:0, 2-16:1), cell envelope (No2)",False,True,0.0,0.0,inf,inf,True,False
r_3192No3,"PI 4,5-P2 phosphatase (1-16:0, 2-16:1), cell envelope (No3)",False,True,0.0,0.0,inf,inf,True,False
r_3193No1,"PI 4,5-P2 phosphatase (1-16:1, 2-16:1), cell envelope (No1)",False,True,0.0,0.0,inf,inf,True,False
r_3193No2,"PI 4,5-P2 phosphatase (1-16:1, 2-16:1), cell envelope (No2)",False,True,0.0,0.0,inf,inf,True,False
r_3193No3,"PI 4,5-P2 phosphatase (1-16:1, 2-16:1), cell envelope (No3)",False,True,0.0,0.0,inf,inf,True,False
r_3194No1,"PI 4,5-P2 phosphatase (1-18:0, 2-16:1), cell envelope (No1)",False,True,0.0,0.0,inf,inf,True,False
r_3194No2,"PI 4,5-P2 phosphatase (1-18:0, 2-16:1), cell envelope (No2)",False,True,0.0,0.0,inf,inf,True,False
r_3194No3,"PI 4,5-P2 phosphatase (1-18:0, 2-16:1), cell envelope (No3)",False,True,0.0,0.0,inf,inf,True,False
r_3195No1,"PI 4,5-P2 phosphatase (1-18:1, 2-16:1), cell envelope (No1)",False,True,0.0,0.0,inf,inf,True,False
r_3195No2,"PI 4,5-P2 phosphatase (1-18:1, 2-16:1), cell envelope (No2)",False,True,0.0,0.0,inf,inf,True,False
r_3195No3,"PI 4,5-P2 phosphatase (1-18:1, 2-16:1), cell envelope (No3)",False,True,0.0,0.0,inf,inf,True,False
r_3196No1,"PI 4,5-P2 phosphatase (1-16:0, 2-18:1), cell envelope (No1)",False,True,0.0,0.0,inf,inf,True,False
r_3196No2,"PI 4,5-P2 phosphatase (1-16:0, 2-18:1), cell envelope (No2)",False,True,0.0,0.0,inf,inf,True,False
r_3196No3,"PI 4,5-P2 phosphatase (1-16:0, 2-18:1), cell envelope (No3)",False,True,0.0,0.0,inf,inf,True,False
r_3197No1,"PI 4,5-P2 phosphatase (1-16:1, 2-18:1), cell envelope (No1)",False,True,0.0,0.0,inf,inf,True,False
r_3197No2,"PI 4,5-P2 phosphatase (1-16:1, 2-18:1), cell envelope (No2)",False,True,0.0,0.0,inf,inf,True,False
r_3197No3,"PI 4,5-P2 phosphatase (1-16:1, 2-18:1), cell envelope (No3)",False,True,0.0,0.0,inf,inf,True,False
r_3198No1,"PI 4,5-P2 phosphatase (1-18:0, 2-18:1), cell envelope (No1)",False,True,0.0,0.0,inf,inf,True,False
r_3198No2,"PI 4,5-P2 phosphatase (1-18:0, 2-18:1), cell envelope (No2)",False,True,0.0,0.0,inf,inf,True,False
r_3198No3,"PI 4,5-P2 phosphatase (1-18:0, 2-18:1), cell envelope (No3)",False,True,0.0,0.0,inf,inf,True,False
r_3199No1,"PI 4,5-P2 phosphatase (1-18:1, 2-18:1), cell envelope (No1)",False,True,0.0,0.0,inf,inf,True,False
r_3199No2,"PI 4,5-P2 phosphatase (1-18:1, 2-18:1), cell envelope (No2)",False,True,0.0,0.0,inf,inf,True,False
r_3199No3,"PI 4,5-P2 phosphatase (1-18:1, 2-18:1), cell envelope (No3)",False,True,0.0,0.0,inf,inf,True,False
r_3200No1,"PI 4,5-P2 phosphatase (1-16:0, 2-16:1), cytoplasm (No1)",False,True,0.0,0.0,inf,inf,True,False
r_3200No2,"PI 4,5-P2 phosphatase (1-16:0, 2-16:1), cytoplasm (No2)",False,True,0.0,0.0,inf,inf,True,False
r_3200No3,"PI 4,5-P2 phosphatase (1-16:0, 2-16:1), cytoplasm (No3)",False,True,0.0,0.0,inf,inf,True,False
r_3201No1,"PI 4,5-P2 phosphatase (1-16:1, 2-16:1), cytoplasm (No1)",False,True,0.0,0.0,inf,inf,True,False
r_3201No2,"PI 4,5-P2 phosphatase (1-16:1, 2-16:1), cytoplasm (No2)",False,True,0.0,0.0,inf,inf,True,False
r_3201No3,"PI 4,5-P2 phosphatase (1-16:1, 2-16:1), cytoplasm (No3)",False,True,0.0,0.0,inf,inf,True,False
r_3202No1,"PI 4,5-P2 phosphatase (1-18:0, 2-16:1), cytoplasm (No1)",False,True,0.0,0.0,inf,inf,True,False
r_3202No2,"PI 4,5-P2 phosphatase (1-18:0, 2-16:1), cytoplasm (No2)",False,True,0.0,0.0,inf,inf,True,False
r_3202No3,"PI 4,5-P2 phosphatase (1-18:0, 2-16:1), cytoplasm (No3)",False,True,0.0,0.0,inf,inf,True,False
r_3203No1,"PI 4,5-P2 phosphatase (1-18:1, 2-16:1), cytoplasm (No1)",False,True,0.0,0.0,inf,inf,True,False
r_3203No2,"PI 4,5-P2 phosphatase (1-18:1, 2-16:1), cytoplasm (No2)",False,True,0.0,0.0,inf,inf,True,False
r_3203No3,"PI 4,5-P2 phosphatase (1-18:1, 2-16:1), cytoplasm (No3)",False,True,0.0,0.0,inf,inf,True,False
r_3204No1,"PI 4,5-P2 phosphatase (1-16:0, 2-18:1), cytoplasm (No1)",False,True,0.0,0.0,inf,inf,True,False
r_3204No2,"PI 4,5-P2 phosphatase (1-16:0, 2-18:1), cytoplasm (No2)",False,True,0.0,0.0,inf,inf,True,False
r_3204No3,"PI 4,5-P2 phosphatase (1-16:0, 2-18:1), cytoplasm (No3)",False,True,0.0,0.0,inf,inf,True,False
r_3205No1,"PI 4,5-P2 phosphatase (1-16:1, 2-18:1), cytoplasm (No1)",False,True,0.0,0.0,inf,inf,True,False
r_3205No2,"PI 4,5-P2 phosphatase (1-16:1, 2-18:1), cytoplasm (No2)",False,True,0.0,0.0,inf,inf,True,False
r_3205No3,"PI 4,5-P2 phosphatase (1-16:1, 2-18:1), cytoplasm (No3)",False,True,0.0,0.0,inf,inf,True,False
r_3206No1,"PI 4,5-P2 phosphatase (1-18:0, 2-18:1), cytoplasm (No1)",False,True,0.0,0.0,inf,inf,True,False
r_3206No2,"PI 4,5-P2 phosphatase (1-18:0, 2-18:1), cytoplasm (No2)",False,True,0.0,0.0,inf,inf,True,False
r_3206No3,"PI 4,5-P2 phosphatase (1-18:0, 2-18:1), cytoplasm (No3)",False,True,0.0,0.0,inf,inf,True,False
r_3207No1,"PI 4,5-P2 phosphatase (1-18:1, 2-18:1), cytoplasm (No1)",False,True,0.0,0.0,inf,inf,True,False
r_3207No2,"PI 4,5-P2 phosphatase (1-18:1, 2-18:1), cytoplasm (No2)",False,True,0.0,0.0,inf,inf,True,False
r_3207No3,"PI 4,5-P2 phosphatase (1-18:1, 2-18:1), cytoplasm (No3)",False,True,0.0,0.0,inf,inf,True,False
r_3208No1,"PI 4,5-P2 phosphatase (1-16:0, 2-16:1), ER membrane (No1)",False,True,0.0,0.0,inf,inf,True,False
r_3209No1,"PI 4,5-P2 phosphatase (1-16:1, 2-16:1), ER membrane (No1)",False,True,0.0,0.0,inf,inf,True,False
r_3210No1,"PI 4,5-P2 phosphatase (1-18:0, 2-16:1), ER membrane (No1)",False,True,0.0,0.0,inf,inf,True,False
r_3211No1,"PI 4,5-P2 phosphatase (1-18:1, 2-16:1), ER membrane (No1)",False,True,0.0,0.0,inf,inf,True,False
r_3212No1,"PI 4,5-P2 phosphatase (1-16:0, 2-18:1), ER membrane (No1)",False,True,0.0,0.0,inf,inf,True,False
r_3213No1,"PI 4,5-P2 phosphatase (1-16:1, 2-18:1), ER membrane (No1)",False,True,0.0,0.0,inf,inf,True,False
r_3214No1,"PI 4,5-P2 phosphatase (1-18:0, 2-18:1), ER membrane (No1)",False,True,0.0,0.0,inf,inf,True,False
r_3215No1,"PI 4,5-P2 phosphatase (1-18:1, 2-18:1), ER membrane (No1)",False,True,0.0,0.0,inf,inf,True,False
r_3216No1,"PI 3,5-P2 phosphatase (1-16:0, 2-16:1), vacuolar membrane (No1)",False,True,0.0,0.0,inf,inf,True,False
r_3217No1,"PI 3,5-P2 phosphatase (1-16:1, 2-16:1), vacuolar membrane (No1)",False,True,0.0,0.0,inf,inf,True,False
r_3218No1,"PI 3,5-P2 phosphatase (1-18:0, 2-16:1), vacuolar membrane (No1)",False,True,0.0,0.0,inf,inf,True,False
r_3219No1,"PI 3,5-P2 phosphatase (1-18:1, 2-16:1), vacuolar membrane (No1)",False,True,0.0,0.0,inf,inf,True,False
r_3220No1,"PI 3,5-P2 phosphatase (1-16:0, 2-18:1), vacuolar membrane (No1)",False,True,0.0,0.0,inf,inf,True,False
r_3221No1,"PI 3,5-P2 phosphatase (1-16:1, 2-18:1), vacuolar membrane (No1)",False,True,0.0,0.0,inf,inf,True,False
r_3222No1,"PI 3,5-P2 phosphatase (1-18:0, 2-18:1), vacuolar membrane (No1)",False,True,0.0,0.0,inf,inf,True,False
r_3223No1,"PI 3,5-P2 phosphatase (1-18:1, 2-18:1), vacuolar membrane (No1)",False,True,0.0,0.0,inf,inf,True,False
r_3224No1,"DGPP phosphatase (1-16:0, 2-16:1), vacuolar membrane (No1)",False,True,0.0,0.0,inf,inf,True,True
r_3225No1,"DGPP phosphatase (1-16:1, 2-16:1), vacuolar membrane (No1)",False,True,0.0,0.0,inf,inf,True,True
r_3226No1,"DGPP phosphatase (1-18:0, 2-16:1), vacuolar membrane (No1)",False,True,0.0,0.0,inf,inf,True,True
r_3227No1,"DGPP phosphatase (1-18:1, 2-16:1), vacuolar membrane (No1)",False,True,0.0,0.0,inf,inf,True,True
r_3228No1,"DGPP phosphatase (1-16:0, 2-18:1), vacuolar membrane (No1)",False,True,0.0,0.0,inf,inf,True,True
r_3229No1,"DGPP phosphatase (1-16:1, 2-18:1), vacuolar membrane (No1)",False,True,0.0,0.0,inf,inf,True,True
r_3230No1,"DGPP phosphatase (1-18:0, 2-18:1), vacuolar membrane (No1)",False,True,0.0,0.0,inf,inf,True,True
r_3231No1,"DGPP phosphatase (1-18:1, 2-18:1), vacuolar membrane (No1)",False,True,0.0,0.0,inf,inf,True,True
r_3232No1,"DGPP phosphatase (1-16:0, 2-16:1), Golgi membrane (No1)",False,True,0.0,0.0,inf,inf,True,True
r_3233No1,"DGPP phosphatase (1-16:1, 2-16:1), Golgi membrane (No1)",False,True,0.0,0.0,inf,inf,True,True
r_3234No1,"DGPP phosphatase (1-18:0, 2-16:1), Golgi membrane (No1)",False,True,0.0,0.0,inf,inf,True,True
r_3235No1,"DGPP phosphatase (1-18:1, 2-16:1), Golgi membrane (No1)",False,True,0.0,0.0,inf,inf,True,True
r_3236No1,"DGPP phosphatase (1-16:0, 2-18:1), Golgi membrane (No1)",False,True,0.0,0.0,inf,inf,True,True
r_3237No1,"DGPP phosphatase (1-16:1, 2-18:1), Golgi membrane (No1)",False,True,0.0,0.0,inf,inf,True,True
r_3238No1,"DGPP phosphatase (1-18:0, 2-18:1), Golgi membrane (No1)",False,True,0.0,0.0,inf,inf,True,True
r_3239No1,"DGPP phosphatase (1-18:1, 2-18:1), Golgi membrane (No1)",False,True,0.0,0.0,inf,inf,True,True
r_3244No1,"lysoPA phosphatase (16:0), vacuolar membrane (No1)",False,True,0.0,0.0,inf,inf,True,False
r_3245No1,"lysoPA phosphatase (16:1), vacuolar membrane (No1)",False,True,0.0,0.0,inf,inf,True,False
r_3246No1,"lysoPA phosphatase (18:0), vacuolar membrane (No1)",False,True,0.0,0.0,inf,inf,True,False
r_3247No1,"lysoPA phosphatase (18:1), vacuolar membrane (No1)",False,True,0.0,0.0,inf,inf,True,False
r_3248No1,"lysoPA phosphatase (16:0), Golgi membrane (No1)",False,True,0.0,0.0,inf,inf,True,False
r_3249No1,"lysoPA phosphatase (16:1), Golgi membrane (No1)",False,True,0.0,0.0,inf,inf,True,False
r_3250No1,"lysoPA phosphatase (18:0), Golgi membrane (No1)",False,True,0.0,0.0,inf,inf,True,False
r_3251No1,"lysoPA phosphatase (18:1), Golgi membrane (No1)",False,True,0.0,0.0,inf,inf,True,False
r_3252No1,"ergosteryl ester hydrolase (16:1), lipid particle (No1)",False,True,0.0,0.0,inf,inf,True,True
r_3252No2,"ergosteryl ester hydrolase (16:1), lipid particle (No2)",False,True,0.0,0.0,inf,inf,True,True
r_3253No1,"ergosteryl ester hydrolase (18:1), lipid particle (No1)",False,True,0.0,0.0,inf,inf,True,True
r_3253No2,"ergosteryl ester hydrolase (18:1), lipid particle (No2)",False,True,0.0,0.0,inf,inf,True,True
r_3254No1,"episteryl ester hydrolase (16:1), lipid particle (No1)",False,True,0.0,0.0,inf,inf,True,True
r_3255No1,"episteryl ester hydrolase (18:1), lipid particle (No1)",False,True,0.0,0.0,inf,inf,True,True
r_3256No1,"fecosteryl ester hydrolase (16:1), lipid particle (No1)",False,True,0.0,0.0,inf,inf,True,True
r_3257No1,"fecosteryl ester hydrolase (18:1), lipid particle (No1)",False,True,0.0,0.0,inf,inf,True,True
r_3258No1,"lanosteryl ester hydrolase (16:1), lipid particle (No1)",False,True,0.0,0.0,inf,inf,True,True
r_3259No1,"lanosteryl ester hydrolase (18:1), lipid particle (No1)",False,True,0.0,0.0,inf,inf,True,True
r_3260No1,"zymosteryl ester hydrolase (16:1), lipid particle (No1)",False,True,0.0,0.0,inf,inf,True,True
r_3261No1,"zymosteryl ester hydrolase (18:1), lipid particle (No1)",False,True,0.0,0.0,inf,inf,True,True
r_3262No1,"zymosteryl ester hydrolase (16:1), cell envelope (No1)",False,True,0.0,0.0,inf,inf,True,True
r_3263No1,"zymosteryl ester hydrolase (18:1), cell envelope (No1)",False,True,0.0,0.0,inf,inf,True,True
r_3264No1,"TAG lipase (1-16:0, 2-16:1, 3-16:0), lipid particle (No1)",False,True,0.0,0.0,inf,inf,True,True
r_3264No2,"TAG lipase (1-16:0, 2-16:1, 3-16:0), lipid particle (No2)",False,True,0.0,0.0,inf,inf,True,True
r_3264No3,"TAG lipase (1-16:0, 2-16:1, 3-16:0), lipid particle (No3)",False,True,0.0,0.0,inf,inf,True,True
r_3264No4,"TAG lipase (1-16:0, 2-16:1, 3-16:0), lipid particle (No4)",False,True,0.0,0.0,inf,inf,True,True
r_3265No1,"TAG lipase (1-16:0, 2-16:1, 3-16:1), lipid particle (No1)",False,True,0.0,0.0,inf,inf,True,True
r_3265No2,"TAG lipase (1-16:0, 2-16:1, 3-16:1), lipid particle (No2)",False,True,0.0,0.0,inf,inf,True,True
r_3265No3,"TAG lipase (1-16:0, 2-16:1, 3-16:1), lipid particle (No3)",False,True,0.0,0.0,inf,inf,True,True
r_3265No4,"TAG lipase (1-16:0, 2-16:1, 3-16:1), lipid particle (No4)",False,True,0.0,0.0,inf,inf,True,True
r_3266No1,"TAG lipase (1-16:0, 2-16:1, 3-18:0), lipid particle (No1)",False,True,0.0,0.0,inf,inf,True,True
r_3266No2,"TAG lipase (1-16:0, 2-16:1, 3-18:0), lipid particle (No2)",False,True,0.0,0.0,inf,inf,True,True
r_3266No3,"TAG lipase (1-16:0, 2-16:1, 3-18:0), lipid particle (No3)",False,True,0.0,0.0,inf,inf,True,True
r_3266No4,"TAG lipase (1-16:0, 2-16:1, 3-18:0), lipid particle (No4)",False,True,0.0,0.0,inf,inf,True,True
r_3267No1,"TAG lipase (1-16:0, 2-16:1, 3-18:1), lipid particle (No1)",False,True,0.0,0.0,inf,inf,True,True
r_3267No2,"TAG lipase (1-16:0, 2-16:1, 3-18:1), lipid particle (No2)",False,True,0.0,0.0,inf,inf,True,True
r_3267No3,"TAG lipase (1-16:0, 2-16:1, 3-18:1), lipid particle (No3)",False,True,0.0,0.0,inf,inf,True,True
r_3267No4,"TAG lipase (1-16:0, 2-16:1, 3-18:1), lipid particle (No4)",False,True,0.0,0.0,inf,inf,True,True
r_3268No1,"TAG lipase (1-16:1, 2-16:1, 3-16:0), lipid particle (No1)",False,True,0.0,0.0,inf,inf,True,True
r_3268No2,"TAG lipase (1-16:1, 2-16:1, 3-16:0), lipid particle (No2)",False,True,0.0,0.0,inf,inf,True,True
r_3268No3,"TAG lipase (1-16:1, 2-16:1, 3-16:0), lipid particle (No3)",False,True,0.0,0.0,inf,inf,True,True
r_3268No4,"TAG lipase (1-16:1, 2-16:1, 3-16:0), lipid particle (No4)",False,True,0.0,0.0,inf,inf,True,True
r_3269No1,"TAG lipase (1-16:1, 2-16:1, 3-16:1), lipid particle (No1)",False,True,0.0,0.0,inf,inf,True,True
r_3269No2,"TAG lipase (1-16:1, 2-16:1, 3-16:1), lipid particle (No2)",False,True,0.0,0.0,inf,inf,True,True
r_3269No3,"TAG lipase (1-16:1, 2-16:1, 3-16:1), lipid particle (No3)",False,True,0.0,0.0,inf,inf,True,True
r_3269No4,"TAG lipase (1-16:1, 2-16:1, 3-16:1), lipid particle (No4)",False,True,0.0,0.0,inf,inf,True,True
r_3270No1,"TAG lipase (1-16:1, 2-16:1, 3-18:0), lipid particle (No1)",False,True,0.0,0.0,inf,inf,True,True
r_3270No2,"TAG lipase (1-16:1, 2-16:1, 3-18:0), lipid particle (No2)",False,True,0.0,0.0,inf,inf,True,True
r_3270No3,"TAG lipase (1-16:1, 2-16:1, 3-18:0), lipid particle (No3)",False,True,0.0,0.0,inf,inf,True,True
r_3270No4,"TAG lipase (1-16:1, 2-16:1, 3-18:0), lipid particle (No4)",False,True,0.0,0.0,inf,inf,True,True
r_3271No1,"TAG lipase (1-16:1, 2-16:1, 3-18:1), lipid particle (No1)",False,True,0.0,0.0,inf,inf,True,True
r_3271No2,"TAG lipase (1-16:1, 2-16:1, 3-18:1), lipid particle (No2)",False,True,0.0,0.0,inf,inf,True,True
r_3271No3,"TAG lipase (1-16:1, 2-16:1, 3-18:1), lipid particle (No3)",False,True,0.0,0.0,inf,inf,True,True
r_3271No4,"TAG lipase (1-16:1, 2-16:1, 3-18:1), lipid particle (No4)",False,True,0.0,0.0,inf,inf,True,True
r_3272No1,"TAG lipase (1-18:0, 2-16:1, 3-16:0), lipid particle (No1)",False,True,0.0,0.0,inf,inf,True,True
r_3272No2,"TAG lipase (1-18:0, 2-16:1, 3-16:0), lipid particle (No2)",False,True,0.0,0.0,inf,inf,True,True
r_3272No3,"TAG lipase (1-18:0, 2-16:1, 3-16:0), lipid particle (No3)",False,True,0.0,0.0,inf,inf,True,True
r_3272No4,"TAG lipase (1-18:0, 2-16:1, 3-16:0), lipid particle (No4)",False,True,0.0,0.0,inf,inf,True,True
r_3273No1,"TAG lipase (1-18:0, 2-16:1, 3-16:1), lipid particle (No1)",False,True,0.0,0.0,inf,inf,True,True
r_3273No2,"TAG lipase (1-18:0, 2-16:1, 3-16:1), lipid particle (No2)",False,True,0.0,0.0,inf,inf,True,True
r_3273No3,"TAG lipase (1-18:0, 2-16:1, 3-16:1), lipid particle (No3)",False,True,0.0,0.0,inf,inf,True,True
r_3273No4,"TAG lipase (1-18:0, 2-16:1, 3-16:1), lipid particle (No4)",False,True,0.0,0.0,inf,inf,True,True
r_3274No1,"TAG lipase (1-18:0, 2-16:1, 3-18:0), lipid particle (No1)",False,True,0.0,0.0,inf,inf,True,True
r_3274No2,"TAG lipase (1-18:0, 2-16:1, 3-18:0), lipid particle (No2)",False,True,0.0,0.0,inf,inf,True,True
r_3274No3,"TAG lipase (1-18:0, 2-16:1, 3-18:0), lipid particle (No3)",False,True,0.0,0.0,inf,inf,True,True
r_3274No4,"TAG lipase (1-18:0, 2-16:1, 3-18:0), lipid particle (No4)",False,True,0.0,0.0,inf,inf,True,True
r_3275No1,"TAG lipase (1-18:0, 2-16:1, 3-18:1), lipid particle (No1)",False,True,0.0,0.0,inf,inf,True,True
r_3275No2,"TAG lipase (1-18:0, 2-16:1, 3-18:1), lipid particle (No2)",False,True,0.0,0.0,inf,inf,True,True
r_3275No3,"TAG lipase (1-18:0, 2-16:1, 3-18:1), lipid particle (No3)",False,True,0.0,0.0,inf,inf,True,True
r_3275No4,"TAG lipase (1-18:0, 2-16:1, 3-18:1), lipid particle (No4)",False,True,0.0,0.0,inf,inf,True,True
r_3276No1,"TAG lipase (1-18:1, 2-16:1, 3-16:0), lipid particle (No1)",False,True,0.0,0.0,inf,inf,True,True
r_3276No2,"TAG lipase (1-18:1, 2-16:1, 3-16:0), lipid particle (No2)",False,True,0.0,0.0,inf,inf,True,True
r_3276No3,"TAG lipase (1-18:1, 2-16:1, 3-16:0), lipid particle (No3)",False,True,0.0,0.0,inf,inf,True,True
r_3276No4,"TAG lipase (1-18:1, 2-16:1, 3-16:0), lipid particle (No4)",False,True,0.0,0.0,inf,inf,True,True
r_3277No1,"TAG lipase (1-18:1, 2-16:1, 3-16:1), lipid particle (No1)",False,True,0.0,0.0,inf,inf,True,True
r_3277No2,"TAG lipase (1-18:1, 2-16:1, 3-16:1), lipid particle (No2)",False,True,0.0,0.0,inf,inf,True,True
r_3277No3,"TAG lipase (1-18:1, 2-16:1, 3-16:1), lipid particle (No3)",False,True,0.0,0.0,inf,inf,True,True
r_3277No4,"TAG lipase (1-18:1, 2-16:1, 3-16:1), lipid particle (No4)",False,True,0.0,0.0,inf,inf,True,True
r_3278No1,"TAG lipase (1-18:1, 2-16:1, 3-18:0), lipid particle (No1)",False,True,0.0,0.0,inf,inf,True,True
r_3278No2,"TAG lipase (1-18:1, 2-16:1, 3-18:0), lipid particle (No2)",False,True,0.0,0.0,inf,inf,True,True
r_3278No3,"TAG lipase (1-18:1, 2-16:1, 3-18:0), lipid particle (No3)",False,True,0.0,0.0,inf,inf,True,True
r_3278No4,"TAG lipase (1-18:1, 2-16:1, 3-18:0), lipid particle (No4)",False,True,0.0,0.0,inf,inf,True,True
r_3279No1,"TAG lipase (1-18:1, 2-16:1, 3-18:1), lipid particle (No1)",False,True,0.0,0.0,inf,inf,True,True
r_3279No2,"TAG lipase (1-18:1, 2-16:1, 3-18:1), lipid particle (No2)",False,True,0.0,0.0,inf,inf,True,True
r_3279No3,"TAG lipase (1-18:1, 2-16:1, 3-18:1), lipid particle (No3)",False,True,0.0,0.0,inf,inf,True,True
r_3279No4,"TAG lipase (1-18:1, 2-16:1, 3-18:1), lipid particle (No4)",False,True,0.0,0.0,inf,inf,True,True
r_3280No1,"TAG lipase (1-16:0, 2-18:1, 3-16:0), lipid particle (No1)",False,True,0.0,0.0,inf,inf,True,True
r_3280No2,"TAG lipase (1-16:0, 2-18:1, 3-16:0), lipid particle (No2)",False,True,0.0,0.0,inf,inf,True,True
r_3280No3,"TAG lipase (1-16:0, 2-18:1, 3-16:0), lipid particle (No3)",False,True,0.0,0.0,inf,inf,True,True
r_3280No4,"TAG lipase (1-16:0, 2-18:1, 3-16:0), lipid particle (No4)",False,True,0.0,0.0,inf,inf,True,True
r_3281No1,"TAG lipase (1-16:0, 2-18:1, 3-16:1), lipid particle (No1)",False,True,0.0,0.0,inf,inf,True,True
r_3281No2,"TAG lipase (1-16:0, 2-18:1, 3-16:1), lipid particle (No2)",False,True,0.0,0.0,inf,inf,True,True
r_3281No3,"TAG lipase (1-16:0, 2-18:1, 3-16:1), lipid particle (No3)",False,True,0.0,0.0,inf,inf,True,True
r_3281No4,"TAG lipase (1-16:0, 2-18:1, 3-16:1), lipid particle (No4)",False,True,0.0,0.0,inf,inf,True,True
r_3282No1,"TAG lipase (1-16:0, 2-18:1, 3-18:0), lipid particle (No1)",False,True,0.0,0.0,inf,inf,True,True
r_3282No2,"TAG lipase (1-16:0, 2-18:1, 3-18:0), lipid particle (No2)",False,True,0.0,0.0,inf,inf,True,True
r_3282No3,"TAG lipase (1-16:0, 2-18:1, 3-18:0), lipid particle (No3)",False,True,0.0,0.0,inf,inf,True,True
r_3282No4,"TAG lipase (1-16:0, 2-18:1, 3-18:0), lipid particle (No4)",False,True,0.0,0.0,inf,inf,True,True
r_3283No1,"TAG lipase (1-16:0, 2-18:1, 3-18:1), lipid particle (No1)",False,True,0.0,0.0,inf,inf,True,True
r_3283No2,"TAG lipase (1-16:0, 2-18:1, 3-18:1), lipid particle (No2)",False,True,0.0,0.0,inf,inf,True,True
r_3283No3,"TAG lipase (1-16:0, 2-18:1, 3-18:1), lipid particle (No3)",False,True,0.0,0.0,inf,inf,True,True
r_3283No4,"TAG lipase (1-16:0, 2-18:1, 3-18:1), lipid particle (No4)",False,True,0.0,0.0,inf,inf,True,True
r_3284No1,"TAG lipase (1-16:1, 2-18:1, 3-16:0), lipid particle (No1)",False,True,0.0,0.0,inf,inf,True,True
r_3284No2,"TAG lipase (1-16:1, 2-18:1, 3-16:0), lipid particle (No2)",False,True,0.0,0.0,inf,inf,True,True
r_3284No3,"TAG lipase (1-16:1, 2-18:1, 3-16:0), lipid particle (No3)",False,True,0.0,0.0,inf,inf,True,True
r_3284No4,"TAG lipase (1-16:1, 2-18:1, 3-16:0), lipid particle (No4)",False,True,0.0,0.0,inf,inf,True,True
r_3285No1,"TAG lipase (1-16:1, 2-18:1, 3-16:1), lipid particle (No1)",False,True,0.0,0.0,inf,inf,True,True
r_3285No2,"TAG lipase (1-16:1, 2-18:1, 3-16:1), lipid particle (No2)",False,True,0.0,0.0,inf,inf,True,True
r_3285No3,"TAG lipase (1-16:1, 2-18:1, 3-16:1), lipid particle (No3)",False,True,0.0,0.0,inf,inf,True,True
r_3285No4,"TAG lipase (1-16:1, 2-18:1, 3-16:1), lipid particle (No4)",False,True,0.0,0.0,inf,inf,True,True
r_3286No1,"TAG lipase (1-16:1, 2-18:1, 3-18:0), lipid particle (No1)",False,True,0.0,0.0,inf,inf,True,True
r_3286No2,"TAG lipase (1-16:1, 2-18:1, 3-18:0), lipid particle (No2)",False,True,0.0,0.0,inf,inf,True,True
r_3286No3,"TAG lipase (1-16:1, 2-18:1, 3-18:0), lipid particle (No3)",False,True,0.0,0.0,inf,inf,True,True
r_3286No4,"TAG lipase (1-16:1, 2-18:1, 3-18:0), lipid particle (No4)",False,True,0.0,0.0,inf,inf,True,True
r_3287No1,"TAG lipase (1-16:1, 2-18:1, 3-18:1), lipid particle (No1)",False,True,0.0,0.0,inf,inf,True,True
r_3287No2,"TAG lipase (1-16:1, 2-18:1, 3-18:1), lipid particle (No2)",False,True,0.0,0.0,inf,inf,True,True
r_3287No3,"TAG lipase (1-16:1, 2-18:1, 3-18:1), lipid particle (No3)",False,True,0.0,0.0,inf,inf,True,True
r_3287No4,"TAG lipase (1-16:1, 2-18:1, 3-18:1), lipid particle (No4)",False,True,0.0,0.0,inf,inf,True,True
r_3288No1,"TAG lipase (1-18:0, 2-18:1, 3-16:0), lipid particle (No1)",False,True,0.0,0.0,inf,inf,True,True
r_3288No2,"TAG lipase (1-18:0, 2-18:1, 3-16:0), lipid particle (No2)",False,True,0.0,0.0,inf,inf,True,True
r_3288No3,"TAG lipase (1-18:0, 2-18:1, 3-16:0), lipid particle (No3)",False,True,0.0,0.0,inf,inf,True,True
r_3288No4,"TAG lipase (1-18:0, 2-18:1, 3-16:0), lipid particle (No4)",False,True,0.0,0.0,inf,inf,True,True
r_3289No1,"TAG lipase (1-18:0, 2-18:1, 3-16:1), lipid particle (No1)",False,True,0.0,0.0,inf,inf,True,True
r_3289No2,"TAG lipase (1-18:0, 2-18:1, 3-16:1), lipid particle (No2)",False,True,0.0,0.0,inf,inf,True,True
r_3289No3,"TAG lipase (1-18:0, 2-18:1, 3-16:1), lipid particle (No3)",False,True,0.0,0.0,inf,inf,True,True
r_3289No4,"TAG lipase (1-18:0, 2-18:1, 3-16:1), lipid particle (No4)",False,True,0.0,0.0,inf,inf,True,True
r_3290No1,"TAG lipase (1-18:0, 2-18:1, 3-18:0), lipid particle (No1)",False,True,0.0,0.0,inf,inf,True,True
r_3290No2,"TAG lipase (1-18:0, 2-18:1, 3-18:0), lipid particle (No2)",False,True,0.0,0.0,inf,inf,True,True
r_3290No3,"TAG lipase (1-18:0, 2-18:1, 3-18:0), lipid particle (No3)",False,True,0.0,0.0,inf,inf,True,True
r_3290No4,"TAG lipase (1-18:0, 2-18:1, 3-18:0), lipid particle (No4)",False,True,0.0,0.0,inf,inf,True,True
r_3291No1,"TAG lipase (1-18:0, 2-18:1, 3-18:1), lipid particle (No1)",False,True,0.0,0.0,inf,inf,True,True
r_3291No2,"TAG lipase (1-18:0, 2-18:1, 3-18:1), lipid particle (No2)",False,True,0.0,0.0,inf,inf,True,True
r_3291No3,"TAG lipase (1-18:0, 2-18:1, 3-18:1), lipid particle (No3)",False,True,0.0,0.0,inf,inf,True,True
r_3291No4,"TAG lipase (1-18:0, 2-18:1, 3-18:1), lipid particle (No4)",False,True,0.0,0.0,inf,inf,True,True
r_3292No1,"TAG lipase (1-18:1, 2-18:1, 3-16:0), lipid particle (No1)",False,True,0.0,0.0,inf,inf,True,True
r_3292No2,"TAG lipase (1-18:1, 2-18:1, 3-16:0), lipid particle (No2)",False,True,0.0,0.0,inf,inf,True,True
r_3292No3,"TAG lipase (1-18:1, 2-18:1, 3-16:0), lipid particle (No3)",False,True,0.0,0.0,inf,inf,True,True
r_3292No4,"TAG lipase (1-18:1, 2-18:1, 3-16:0), lipid particle (No4)",False,True,0.0,0.0,inf,inf,True,True
r_3293No1,"TAG lipase (1-18:1, 2-18:1, 3-16:1), lipid particle (No1)",False,True,0.0,0.0,inf,inf,True,True
r_3293No2,"TAG lipase (1-18:1, 2-18:1, 3-16:1), lipid particle (No2)",False,True,0.0,0.0,inf,inf,True,True
r_3293No3,"TAG lipase (1-18:1, 2-18:1, 3-16:1), lipid particle (No3)",False,True,0.0,0.0,inf,inf,True,True
r_3293No4,"TAG lipase (1-18:1, 2-18:1, 3-16:1), lipid particle (No4)",False,True,0.0,0.0,inf,inf,True,True
r_3294No1,"TAG lipase (1-18:1, 2-18:1, 3-18:0), lipid particle (No1)",False,True,0.0,0.0,inf,inf,True,True
r_3294No2,"TAG lipase (1-18:1, 2-18:1, 3-18:0), lipid particle (No2)",False,True,0.0,0.0,inf,inf,True,True
r_3294No3,"TAG lipase (1-18:1, 2-18:1, 3-18:0), lipid particle (No3)",False,True,0.0,0.0,inf,inf,True,True
r_3294No4,"TAG lipase (1-18:1, 2-18:1, 3-18:0), lipid particle (No4)",False,True,0.0,0.0,inf,inf,True,True
r_3295No1,"TAG lipase (1-18:1, 2-18:1, 3-18:1), lipid particle (No1)",False,True,0.0,0.0,inf,inf,True,True
r_3295No2,"TAG lipase (1-18:1, 2-18:1, 3-18:1), lipid particle (No2)",False,True,0.0,0.0,inf,inf,True,True
r_3295No3,"TAG lipase (1-18:1, 2-18:1, 3-18:1), lipid particle (No3)",False,True,0.0,0.0,inf,inf,True,True
r_3295No4,"TAG lipase (1-18:1, 2-18:1, 3-18:1), lipid particle (No4)",False,True,0.0,0.0,inf,inf,True,True
r_3296No1,"DAG lipase (1-16:0, 2-16:1), lipid particle (No1)",False,True,0.0,0.0,inf,inf,True,True
r_3297No1,"DAG lipase (1-16:1, 2-16:1), lipid particle (No1)",False,True,0.0,0.0,inf,inf,True,True
r_3298No1,"DAG lipase (1-18:0, 2-16:1), lipid particle (No1)",False,True,0.0,0.0,inf,inf,True,True
r_3299No1,"DAG lipase (1-18:1, 2-16:1), lipid particle (No1)",False,True,0.0,0.0,inf,inf,True,True
r_3300No1,"DAG lipase (1-16:0, 2-18:1), lipid particle (No1)",False,True,0.0,0.0,inf,inf,True,True
r_3301No1,"DAG lipase (1-16:1, 2-18:1), lipid particle (No1)",False,True,0.0,0.0,inf,inf,True,True
r_3302No1,"DAG lipase (1-18:0, 2-18:1), lipid particle (No1)",False,True,0.0,0.0,inf,inf,True,True
r_3303No1,"DAG lipase (1-18:1, 2-18:1), lipid particle (No1)",False,True,0.0,0.0,inf,inf,True,True
r_3304No1,"DAG lipase (1-16:0, 2-18:1), mitochondrion (No1)",False,True,0.0,0.0,inf,inf,True,True
r_3305No1,"DAG lipase (1-16:1, 2-18:1), mitochondrion (No1)",False,True,0.0,0.0,inf,inf,True,True
r_3306No1,"DAG lipase (1-18:0, 2-18:1), mitochondrion (No1)",False,True,0.0,0.0,inf,inf,True,True
r_3307No1,"DAG lipase (1-18:1, 2-18:1), mitochondrion (No1)",False,True,0.0,0.0,inf,inf,True,True
r_3308No1,"MAG lipase (1-16:0), lipid particle (No1)",False,True,0.0,0.0,inf,inf,True,True
r_3309No1,"MAG lipase (1-16:1), lipid particle (No1)",False,True,0.0,0.0,inf,inf,True,True
r_3310No1,"MAG lipase (1-18:0), lipid particle (No1)",False,True,0.0,0.0,inf,inf,True,True
r_3311No1,"MAG lipase (1-18:1), lipid particle (No1)",False,True,0.0,0.0,inf,inf,True,True
r_3312No1,"lysoPE (1-16:0) oleoyl-CoA acyltransferase, lipid particle (No1)",False,True,0.0,0.0,inf,inf,True,False
r_3313No1,"lysoPE (1-16:1) oleoyl-CoA acyltransferase, lipid particle (No1)",False,True,0.0,0.0,inf,inf,True,False
r_3314No1,"lysoPE (1-18:0) oleoyl-CoA acyltransferase, lipid particle (No1)",False,True,0.0,0.0,inf,inf,True,False
r_3315No1,"lysoPE (1-18:1) oleoyl-CoA acyltransferase, lipid particle (No1)",False,True,0.0,0.0,inf,inf,True,False
r_3316No1,"PC phospholipase A2 (1-16:0, 2-16:1), lipid particle (No1)",False,True,0.0,0.0,inf,inf,True,True
r_3317No1,"PC phospholipase A2 (1-16:1, 2-16:1), lipid particle (No1)",False,True,0.0,0.0,inf,inf,True,True
r_3318No1,"PC phospholipase A2 (1-18:0, 2-16:1), lipid particle (No1)",False,True,0.0,0.0,inf,inf,True,True
r_3319No1,"PC phospholipase A2 (1-18:1, 2-16:1), lipid particle (No1)",False,True,0.0,0.0,inf,inf,True,True
r_3320No1,"PC phospholipase A2 (1-16:0, 2-18:1), lipid particle (No1)",False,True,0.0,0.0,inf,inf,True,True
r_3321No1,"PC phospholipase A2 (1-16:1, 2-18:1), lipid particle (No1)",False,True,0.0,0.0,inf,inf,True,True
r_3322No1,"PC phospholipase A2 (1-18:0, 2-18:1), lipid particle (No1)",False,True,0.0,0.0,inf,inf,True,True
r_3323No1,"PC phospholipase A2 (1-18:1, 2-18:1), lipid particle (No1)",False,True,0.0,0.0,inf,inf,True,True
r_3324No1,"PE phospholipase A2 (1-16:0, 2-16:1), lipid particle (No1)",False,True,0.0,0.0,inf,inf,True,True
r_3325No1,"PE phospholipase A2 (1-16:1, 2-16:1), lipid particle (No1)",False,True,0.0,0.0,inf,inf,True,True
r_3326No1,"PE phospholipase A2 (1-18:0, 2-16:1), lipid particle (No1)",False,True,0.0,0.0,inf,inf,True,True
r_3327No1,"PE phospholipase A2 (1-18:1, 2-16:1), lipid particle (No1)",False,True,0.0,0.0,inf,inf,True,True
r_3328No1,"PE phospholipase A2 (1-16:0, 2-18:1), lipid particle (No1)",False,True,0.0,0.0,inf,inf,True,True
r_3329No1,"PE phospholipase A2 (1-16:1, 2-18:1), lipid particle (No1)",False,True,0.0,0.0,inf,inf,True,True
r_3330No1,"PE phospholipase A2 (1-18:0, 2-18:1), lipid particle (No1)",False,True,0.0,0.0,inf,inf,True,True
r_3331No1,"PE phospholipase A2 (1-18:1, 2-18:1), lipid particle (No1)",False,True,0.0,0.0,inf,inf,True,True
r_4039No1,succinyl-CoA:acetate CoA transferase (No1),False,True,0.0,0.0,inf,inf,True,False
r_4042No1,raffinose invertase (No1),False,True,0.0,0.0,inf,inf,True,False
r_4045No1,uridine hydrolase (No1),False,True,0.0,0.0,inf,inf,True,False
r_1085No1,"V-ATPase, Golgi (No1)",False,True,0.0,0.0,inf,inf,True,True
r_1086No1,"V-ATPase, vacuole (No1)",False,True,0.0,0.0,inf,inf,True,True
r_3348No1,"inositolphosphotransferase (PI (1-16:0, 2-16:1) MIPC-A (C24)) (No1)",False,True,0.0,0.0,inf,inf,True,False
r_3349No1,"inositolphosphotransferase (PI (1-16:1, 2-16:1) MIPC-A (C24)) (No1)",False,True,0.0,0.0,inf,inf,True,False
r_3350No1,"inositolphosphotransferase (PI (1-18:0, 2-16:1) MIPC-A (C24)) (No1)",False,True,0.0,0.0,inf,inf,True,False
r_3351No1,"inositolphosphotransferase (PI (1-18:1, 2-16:1) MIPC-A (C24)) (No1)",False,True,0.0,0.0,inf,inf,True,False
r_3352No1,"inositolphosphotransferase (PI (1-16:0, 2-18:1) MIPC-A (C24)) (No1)",False,True,0.0,0.0,inf,inf,True,False
r_3353No1,"inositolphosphotransferase (PI (1-16:1, 2-18:1) MIPC-A (C24)) (No1)",False,True,0.0,0.0,inf,inf,True,False
r_3354No1,"inositolphosphotransferase (PI (1-18:0, 2-18:1) MIPC-A (C24)) (No1)",False,True,0.0,0.0,inf,inf,True,False
r_3355No1,"inositolphosphotransferase (PI (1-18:1, 2-18:1) MIPC-A (C24)) (No1)",False,True,0.0,0.0,inf,inf,True,False
r_3356No1,"inositolphosphotransferase (PI (1-16:0, 2-16:1) MIPC-A (C26)) (No1)",False,True,0.0,0.0,inf,inf,True,False
r_3357No1,"inositolphosphotransferase (PI (1-16:1, 2-16:1) MIPC-A (C26)) (No1)",False,True,0.0,0.0,inf,inf,True,False
r_3358No1,"inositolphosphotransferase (PI (1-18:0, 2-16:1) MIPC-A (C26)) (No1)",False,True,0.0,0.0,inf,inf,True,False
r_3359No1,"inositolphosphotransferase (PI (1-18:1, 2-16:1) MIPC-A (C26)) (No1)",False,True,0.0,0.0,inf,inf,True,False
r_3360No1,"inositolphosphotransferase (PI (1-16:0, 2-18:1) MIPC-A (C26)) (No1)",False,True,0.0,0.0,inf,inf,True,False
r_3361No1,"inositolphosphotransferase (PI (1-16:1, 2-18:1) MIPC-A (C26)) (No1)",False,True,0.0,0.0,inf,inf,True,False
r_3362No1,"inositolphosphotransferase (PI (1-18:0, 2-18:1) MIPC-A (C26)) (No1)",False,True,0.0,0.0,inf,inf,True,False
r_3363No1,"inositolphosphotransferase (PI (1-18:1, 2-18:1) MIPC-A (C26)) (No1)",False,True,0.0,0.0,inf,inf,True,False
r_3364No1,"inositolphosphotransferase (PI (1-16:0, 2-16:1) MIPC-B' (C24)) (No1)",False,True,0.0,0.0,inf,inf,True,False
r_3365No1,"inositolphosphotransferase (PI (1-16:1, 2-16:1) MIPC-B' (C24)) (No1)",False,True,0.0,0.0,inf,inf,True,False
r_3366No1,"inositolphosphotransferase (PI (1-18:0, 2-16:1) MIPC-B' (C24)) (No1)",False,True,0.0,0.0,inf,inf,True,False
r_3367No1,"inositolphosphotransferase (PI (1-18:1, 2-16:1) MIPC-B' (C24)) (No1)",False,True,0.0,0.0,inf,inf,True,False
r_3368No1,"inositolphosphotransferase (PI (1-16:0, 2-18:1) MIPC-B' (C24)) (No1)",False,True,0.0,0.0,inf,inf,True,False
r_3369No1,"inositolphosphotransferase (PI (1-16:1, 2-18:1) MIPC-B' (C24)) (No1)",False,True,0.0,0.0,inf,inf,True,False
r_3370No1,"inositolphosphotransferase (PI (1-18:0, 2-18:1) MIPC-B' (C24)) (No1)",False,True,0.0,0.0,inf,inf,True,False
r_3371No1,"inositolphosphotransferase (PI (1-18:1, 2-18:1) MIPC-B' (C24)) (No1)",False,True,0.0,0.0,inf,inf,True,False
r_3372No1,"inositolphosphotransferase (PI (1-16:0, 2-16:1) MIPC-B' (C26)) (No1)",False,True,0.0,0.0,inf,inf,True,False
r_3373No1,"inositolphosphotransferase (PI (1-16:1, 2-16:1) MIPC-B' (C26)) (No1)",False,True,0.0,0.0,inf,inf,True,False
r_3374No1,"inositolphosphotransferase (PI (1-18:0, 2-16:1) MIPC-B' (C26)) (No1)",False,True,0.0,0.0,inf,inf,True,False
r_3375No1,"inositolphosphotransferase (PI (1-18:1, 2-16:1) MIPC-B' (C26)) (No1)",False,True,0.0,0.0,inf,inf,True,False
r_3376No1,"inositolphosphotransferase (PI (1-16:0, 2-18:1) MIPC-B' (C26)) (No1)",False,True,0.0,0.0,inf,inf,True,False
r_3377No1,"inositolphosphotransferase (PI (1-16:1, 2-18:1) MIPC-B' (C26)) (No1)",False,True,0.0,0.0,inf,inf,True,False
r_3378No1,"inositolphosphotransferase (PI (1-18:0, 2-18:1) MIPC-B' (C26)) (No1)",False,True,0.0,0.0,inf,inf,True,False
r_3379No1,"inositolphosphotransferase (PI (1-18:1, 2-18:1) MIPC-B' (C26)) (No1)",False,True,0.0,0.0,inf,inf,True,False
r_3380No1,"inositolphosphotransferase (PI (1-16:0, 2-16:1) MIPC-B (C24)) (No1)",False,True,0.0,0.0,inf,inf,True,False
r_3381No1,"inositolphosphotransferase (PI (1-16:1, 2-16:1) MIPC-B (C24)) (No1)",False,True,0.0,0.0,inf,inf,True,False
r_3382No1,"inositolphosphotransferase (PI (1-18:0, 2-16:1) MIPC-B (C24)) (No1)",False,True,0.0,0.0,inf,inf,True,False
r_3383No1,"inositolphosphotransferase (PI (1-18:1, 2-16:1) MIPC-B (C24)) (No1)",False,True,0.0,0.0,inf,inf,True,False
r_3384No1,"inositolphosphotransferase (PI (1-16:0, 2-18:1) MIPC-B (C24)) (No1)",False,True,0.0,0.0,inf,inf,True,False
r_3385No1,"inositolphosphotransferase (PI (1-16:1, 2-18:1) MIPC-B (C24)) (No1)",False,True,0.0,0.0,inf,inf,True,False
r_3386No1,"inositolphosphotransferase (PI (1-18:0, 2-18:1) MIPC-B (C24)) (No1)",False,True,0.0,0.0,inf,inf,True,False
r_3387No1,"inositolphosphotransferase (PI (1-18:1, 2-18:1) MIPC-B (C24)) (No1)",False,True,0.0,0.0,inf,inf,True,False
r_3388No1,"inositolphosphotransferase (PI (1-16:0, 2-16:1) MIPC-B (C26)) (No1)",False,True,0.0,0.0,inf,inf,True,False
r_3389No1,"inositolphosphotransferase (PI (1-16:1, 2-16:1) MIPC-B (C26)) (No1)",False,True,0.0,0.0,inf,inf,True,False
r_3390No1,"inositolphosphotransferase (PI (1-18:0, 2-16:1) MIPC-B (C26)) (No1)",False,True,0.0,0.0,inf,inf,True,False
r_3391No1,"inositolphosphotransferase (PI (1-18:1, 2-16:1) MIPC-B (C26)) (No1)",False,True,0.0,0.0,inf,inf,True,False
r_3392No1,"inositolphosphotransferase (PI (1-16:0, 2-18:1) MIPC-B (C26)) (No1)",False,True,0.0,0.0,inf,inf,True,False
r_3393No1,"inositolphosphotransferase (PI (1-16:1, 2-18:1) MIPC-B (C26)) (No1)",False,True,0.0,0.0,inf,inf,True,False
r_3394No1,"inositolphosphotransferase (PI (1-18:0, 2-18:1) MIPC-B (C26)) (No1)",False,True,0.0,0.0,inf,inf,True,False
r_3395No1,"inositolphosphotransferase (PI (1-18:1, 2-18:1) MIPC-B (C26)) (No1)",False,True,0.0,0.0,inf,inf,True,False
r_3396No1,"inositolphosphotransferase (PI (1-16:0, 2-16:1) MIPC-C (C24)) (No1)",False,True,0.0,0.0,inf,inf,True,False
r_3397No1,"inositolphosphotransferase (PI (1-16:1, 2-16:1) MIPC-C (C24)) (No1)",False,True,0.0,0.0,inf,inf,True,False
r_3398No1,"inositolphosphotransferase (PI (1-18:0, 2-16:1) MIPC-C (C24)) (No1)",False,True,0.0,0.0,inf,inf,True,False
r_3399No1,"inositolphosphotransferase (PI (1-18:1, 2-16:1) MIPC-C (C24)) (No1)",False,True,0.0,0.0,inf,inf,True,False
r_3400No1,"inositolphosphotransferase (PI (1-16:0, 2-18:1) MIPC-C (C24)) (No1)",False,True,0.0,0.0,inf,inf,True,False
r_3401No1,"inositolphosphotransferase (PI (1-16:1, 2-18:1) MIPC-C (C24)) (No1)",False,True,0.0,0.0,inf,inf,True,False
r_3402No1,"inositolphosphotransferase (PI (1-18:0, 2-18:1) MIPC-C (C24)) (No1)",False,True,0.0,0.0,inf,inf,True,False
r_3403No1,"inositolphosphotransferase (PI (1-18:1, 2-18:1) MIPC-C (C24)) (No1)",False,True,0.0,0.0,inf,inf,True,False
r_3404No1,"inositolphosphotransferase (PI (1-16:0, 2-16:1) MIPC-C (C26)) (No1)",False,True,0.0,0.0,inf,inf,True,False
r_3405No1,"inositolphosphotransferase (PI (1-16:1, 2-16:1) MIPC-C (C26)) (No1)",False,True,0.0,0.0,inf,inf,True,False
r_3406No1,"inositolphosphotransferase (PI (1-18:0, 2-16:1) MIPC-C (C26)) (No1)",False,True,0.0,0.0,inf,inf,True,False
r_3407No1,"inositolphosphotransferase (PI (1-18:1, 2-16:1) MIPC-C (C26)) (No1)",False,True,0.0,0.0,inf,inf,True,False
r_3408No1,"inositolphosphotransferase (PI (1-16:0, 2-18:1) MIPC-C (C26)) (No1)",False,True,0.0,0.0,inf,inf,True,False
r_3409No1,"inositolphosphotransferase (PI (1-16:1, 2-18:1) MIPC-C (C26)) (No1)",False,True,0.0,0.0,inf,inf,True,False
r_3410No1,"inositolphosphotransferase (PI (1-18:0, 2-18:1) MIPC-C (C26)) (No1)",False,True,0.0,0.0,inf,inf,True,False
r_3411No1,"inositolphosphotransferase (PI (1-18:1, 2-18:1) MIPC-C (C26)) (No1)",False,True,0.0,0.0,inf,inf,True,False
r_3412No1,"inositolphosphotransferase (PI (1-16:0, 2-16:1) MIPC-D (C24)) (No1)",False,True,0.0,0.0,inf,inf,True,False
r_3413No1,"inositolphosphotransferase (PI (1-16:1, 2-16:1) MIPC-D (C24)) (No1)",False,True,0.0,0.0,inf,inf,True,False
r_3414No1,"inositolphosphotransferase (PI (1-18:0, 2-16:1) MIPC-D (C24)) (No1)",False,True,0.0,0.0,inf,inf,True,False
r_3415No1,"inositolphosphotransferase (PI (1-18:1, 2-16:1) MIPC-D (C24)) (No1)",False,True,0.0,0.0,inf,inf,True,False
r_3416No1,"inositolphosphotransferase (PI (1-16:0, 2-18:1) MIPC-D (C24)) (No1)",False,True,0.0,0.0,inf,inf,True,False
r_3417No1,"inositolphosphotransferase (PI (1-16:1, 2-18:1) MIPC-D (C24)) (No1)",False,True,0.0,0.0,inf,inf,True,False
r_3418No1,"inositolphosphotransferase (PI (1-18:0, 2-18:1) MIPC-D (C24)) (No1)",False,True,0.0,0.0,inf,inf,True,False
r_3419No1,"inositolphosphotransferase (PI (1-18:1, 2-18:1) MIPC-D (C24)) (No1)",False,True,0.0,0.0,inf,inf,True,False
r_3420No1,"inositolphosphotransferase (PI (1-16:0, 2-16:1) MIPC-D (C26)) (No1)",False,True,0.0,0.0,inf,inf,True,False
r_3421No1,"inositolphosphotransferase (PI (1-16:1, 2-16:1) MIPC-D (C26)) (No1)",False,True,0.0,0.0,inf,inf,True,False
r_3422No1,"inositolphosphotransferase (PI (1-18:0, 2-16:1) MIPC-D (C26)) (No1)",False,True,0.0,0.0,inf,inf,True,False
r_3423No1,"inositolphosphotransferase (PI (1-18:1, 2-16:1) MIPC-D (C26)) (No1)",False,True,0.0,0.0,inf,inf,True,False
r_3424No1,"inositolphosphotransferase (PI (1-16:0, 2-18:1) MIPC-D (C26)) (No1)",False,True,0.0,0.0,inf,inf,True,False
r_3425No1,"inositolphosphotransferase (PI (1-16:1, 2-18:1) MIPC-D (C26)) (No1)",False,True,0.0,0.0,inf,inf,True,False
r_3426No1,"inositolphosphotransferase (PI (1-18:0, 2-18:1) MIPC-D (C26)) (No1)",False,True,0.0,0.0,inf,inf,True,False
r_3427No1,"inositolphosphotransferase (PI (1-18:1, 2-18:1) MIPC-D (C26)) (No1)",False,True,0.0,0.0,inf,inf,True,False
r_3428No1,"IPC synthase (PI (1-16:0, 2-16:1) ceramide-1 (C24)) (No1)",False,True,0.0,0.0,inf,inf,True,False
r_3429No1,"IPC synthase (PI (1-16:1, 2-16:1) ceramide-1 (C24)) (No1)",False,True,0.0,0.0,inf,inf,True,False
r_3430No1,"IPC synthase (PI (1-18:0, 2-16:1) ceramide-1 (C24)) (No1)",False,True,0.0,0.0,inf,inf,True,False
r_3431No1,"IPC synthase (PI (1-18:1, 2-16:1) ceramide-1 (C24)) (No1)",False,True,0.0,0.0,inf,inf,True,False
r_3432No1,"IPC synthase (PI (1-16:0, 2-18:1) ceramide-1 (C24)) (No1)",False,True,0.0,0.0,inf,inf,True,False
r_3433No1,"IPC synthase (PI (1-16:1, 2-18:1) ceramide-1 (C24)) (No1)",False,True,0.0,0.0,inf,inf,True,False
r_3434No1,"IPC synthase (PI (1-18:0, 2-18:1) ceramide-1 (C24)) (No1)",False,True,0.0,0.0,inf,inf,True,False
r_3435No1,"IPC synthase (PI (1-18:1, 2-18:1) ceramide-1 (C24)) (No1)",False,True,0.0,0.0,inf,inf,True,False
r_3436No1,"IPC synthase (PI (1-16:0, 2-16:1) ceramide-1 (C26)) (No1)",False,True,0.0,0.0,inf,inf,True,False
r_3437No1,"IPC synthase (PI (1-16:1, 2-16:1) ceramide-1 (C26)) (No1)",False,True,0.0,0.0,inf,inf,True,False
r_3438No1,"IPC synthase (PI (1-18:0, 2-16:1) ceramide-1 (C26)) (No1)",False,True,0.0,0.0,inf,inf,True,False
r_3439No1,"IPC synthase (PI (1-18:1, 2-16:1) ceramide-1 (C26)) (No1)",False,True,0.0,0.0,inf,inf,True,False
r_3440No1,"IPC synthase (PI (1-16:0, 2-18:1) ceramide-1 (C26)) (No1)",False,True,0.0,0.0,inf,inf,True,False
r_3441No1,"IPC synthase (PI (1-16:1, 2-18:1) ceramide-1 (C26)) (No1)",False,True,0.0,0.0,inf,inf,True,False
r_3442No1,"IPC synthase (PI (1-18:0, 2-18:1) ceramide-1 (C26)) (No1)",False,True,0.0,0.0,inf,inf,True,False
r_3443No1,"IPC synthase (PI (1-18:1, 2-18:1) ceramide-1 (C26)) (No1)",False,True,0.0,0.0,inf,inf,True,False
r_3444No1,"IPC synthase (PI (1-16:0, 2-16:1) ceramide-2' (C24)) (No1)",False,True,0.0,0.0,inf,inf,True,False
r_3445No1,"IPC synthase (PI (1-16:1, 2-16:1) ceramide-2' (C24)) (No1)",False,True,0.0,0.0,inf,inf,True,False
r_3446No1,"IPC synthase (PI (1-18:0, 2-16:1) ceramide-2' (C24)) (No1)",False,True,0.0,0.0,inf,inf,True,False
r_3447No1,"IPC synthase (PI (1-18:1, 2-16:1) ceramide-2' (C24)) (No1)",False,True,0.0,0.0,inf,inf,True,False
r_3448No1,"IPC synthase (PI (1-16:0, 2-18:1) ceramide-2' (C24)) (No1)",False,True,0.0,0.0,inf,inf,True,False
r_3449No1,"IPC synthase (PI (1-16:1, 2-18:1) ceramide-2' (C24)) (No1)",False,True,0.0,0.0,inf,inf,True,False
r_3450No1,"IPC synthase (PI (1-18:0, 2-18:1) ceramide-2' (C24)) (No1)",False,True,0.0,0.0,inf,inf,True,False
r_3451No1,"IPC synthase (PI (1-18:1, 2-18:1) ceramide-2' (C24)) (No1)",False,True,0.0,0.0,inf,inf,True,False
r_3452No1,"IPC synthase (PI (1-16:0, 2-16:1) ceramide-2' (C26)) (No1)",False,True,0.0,0.0,inf,inf,True,False
r_3453No1,"IPC synthase (PI (1-16:1, 2-16:1) ceramide-2' (C26)) (No1)",False,True,0.0,0.0,inf,inf,True,False
r_3454No1,"IPC synthase (PI (1-18:0, 2-16:1) ceramide-2' (C26)) (No1)",False,True,0.0,0.0,inf,inf,True,False
r_3455No1,"IPC synthase (PI (1-18:1, 2-16:1) ceramide-2' (C26)) (No1)",False,True,0.0,0.0,inf,inf,True,False
r_3456No1,"IPC synthase (PI (1-16:0, 2-18:1) ceramide-2' (C26)) (No1)",False,True,0.0,0.0,inf,inf,True,False
r_3457No1,"IPC synthase (PI (1-16:1, 2-18:1) ceramide-2' (C26)) (No1)",False,True,0.0,0.0,inf,inf,True,False
r_3458No1,"IPC synthase (PI (1-18:0, 2-18:1) ceramide-2' (C26)) (No1)",False,True,0.0,0.0,inf,inf,True,False
r_3459No1,"IPC synthase (PI (1-18:1, 2-18:1) ceramide-2' (C26)) (No1)",False,True,0.0,0.0,inf,inf,True,False
r_3460No1,"IPC synthase (PI (1-16:0, 2-16:1) ceramide-2 (C24)) (No1)",False,True,0.0,0.0,inf,inf,True,False
r_3461No1,"IPC synthase (PI (1-16:1, 2-16:1) ceramide-2 (C24)) (No1)",False,True,0.0,0.0,inf,inf,True,False
r_3462No1,"IPC synthase (PI (1-18:0, 2-16:1) ceramide-2 (C24)) (No1)",False,True,0.0,0.0,inf,inf,True,False
r_3463No1,"IPC synthase (PI (1-18:1, 2-16:1) ceramide-2 (C24)) (No1)",False,True,0.0,0.0,inf,inf,True,False
r_3464No1,"IPC synthase (PI (1-16:0, 2-18:1) ceramide-2 (C24)) (No1)",False,True,0.0,0.0,inf,inf,True,False
r_3465No1,"IPC synthase (PI (1-16:1, 2-18:1) ceramide-2 (C24)) (No1)",False,True,0.0,0.0,inf,inf,True,False
r_3466No1,"IPC synthase (PI (1-18:0, 2-18:1) ceramide-2 (C24)) (No1)",False,True,0.0,0.0,inf,inf,True,False
r_3467No1,"IPC synthase (PI (1-18:1, 2-18:1) ceramide-2 (C24)) (No1)",False,True,0.0,0.0,inf,inf,True,False
r_3468No1,"IPC synthase (PI (1-16:0, 2-16:1) ceramide-2 (C26)) (No1)",False,True,0.0,0.0,inf,inf,True,False
r_3469No1,"IPC synthase (PI (1-16:1, 2-16:1) ceramide-2 (C26)) (No1)",False,True,0.0,0.0,inf,inf,True,False
r_3470No1,"IPC synthase (PI (1-18:0, 2-16:1) ceramide-2 (C26)) (No1)",False,True,0.0,0.0,inf,inf,True,False
r_3471No1,"IPC synthase (PI (1-18:1, 2-16:1) ceramide-2 (C26)) (No1)",False,True,0.0,0.0,inf,inf,True,False
r_3472No1,"IPC synthase (PI (1-16:0, 2-18:1) ceramide-2 (C26)) (No1)",False,True,0.0,0.0,inf,inf,True,False
r_3473No1,"IPC synthase (PI (1-16:1, 2-18:1) ceramide-2 (C26)) (No1)",False,True,0.0,0.0,inf,inf,True,False
r_3474No1,"IPC synthase (PI (1-18:0, 2-18:1) ceramide-2 (C26)) (No1)",False,True,0.0,0.0,inf,inf,True,False
r_3475No1,"IPC synthase (PI (1-18:1, 2-18:1) ceramide-2 (C26)) (No1)",False,True,0.0,0.0,inf,inf,True,False
r_3476No1,"IPC synthase (PI (1-16:0, 2-16:1) ceramide-3 (C24)) (No1)",False,True,0.0,0.0,inf,inf,True,False
r_3477No1,"IPC synthase (PI (1-16:1, 2-16:1) ceramide-3 (C24)) (No1)",False,True,0.0,0.0,inf,inf,True,False
r_3478No1,"IPC synthase (PI (1-18:0, 2-16:1) ceramide-3 (C24)) (No1)",False,True,0.0,0.0,inf,inf,True,False
r_3479No1,"IPC synthase (PI (1-18:1, 2-16:1) ceramide-3 (C24)) (No1)",False,True,0.0,0.0,inf,inf,True,False
r_3480No1,"IPC synthase (PI (1-16:0, 2-18:1) ceramide-3 (C24)) (No1)",False,True,0.0,0.0,inf,inf,True,False
r_3481No1,"IPC synthase (PI (1-16:1, 2-18:1) ceramide-3 (C24)) (No1)",False,True,0.0,0.0,inf,inf,True,False
r_3482No1,"IPC synthase (PI (1-18:0, 2-18:1) ceramide-3 (C24)) (No1)",False,True,0.0,0.0,inf,inf,True,False
r_3483No1,"IPC synthase (PI (1-18:1, 2-18:1) ceramide-3 (C24)) (No1)",False,True,0.0,0.0,inf,inf,True,False
r_3484No1,"IPC synthase (PI (1-16:0, 2-16:1) ceramide-3 (C26)) (No1)",False,True,0.0,0.0,inf,inf,True,False
r_3485No1,"IPC synthase (PI (1-16:1, 2-16:1) ceramide-3 (C26)) (No1)",False,True,0.0,0.0,inf,inf,True,False
r_3486No1,"IPC synthase (PI (1-18:0, 2-16:1) ceramide-3 (C26)) (No1)",False,True,0.0,0.0,inf,inf,True,False
r_3487No1,"IPC synthase (PI (1-18:1, 2-16:1) ceramide-3 (C26)) (No1)",False,True,0.0,0.0,inf,inf,True,False
r_3488No1,"IPC synthase (PI (1-16:0, 2-18:1) ceramide-3 (C26)) (No1)",False,True,0.0,0.0,inf,inf,True,False
r_3489No1,"IPC synthase (PI (1-16:1, 2-18:1) ceramide-3 (C26)) (No1)",False,True,0.0,0.0,inf,inf,True,False
r_3490No1,"IPC synthase (PI (1-18:0, 2-18:1) ceramide-3 (C26)) (No1)",False,True,0.0,0.0,inf,inf,True,False
r_3491No1,"IPC synthase (PI (1-18:1, 2-18:1) ceramide-3 (C26)) (No1)",False,True,0.0,0.0,inf,inf,True,False
r_3492No1,"IPC synthase (PI (1-16:0, 2-16:1) ceramide-4 (C24)) (No1)",False,True,0.0,0.0,inf,inf,True,False
r_3493No1,"IPC synthase (PI (1-16:1, 2-16:1) ceramide-4 (C24)) (No1)",False,True,0.0,0.0,inf,inf,True,False
r_3494No1,"IPC synthase (PI (1-18:0, 2-16:1) ceramide-4 (C24)) (No1)",False,True,0.0,0.0,inf,inf,True,False
r_3495No1,"IPC synthase (PI (1-18:1, 2-16:1) ceramide-4 (C24)) (No1)",False,True,0.0,0.0,inf,inf,True,False
r_3496No1,"IPC synthase (PI (1-16:0, 2-18:1) ceramide-4 (C24)) (No1)",False,True,0.0,0.0,inf,inf,True,False
r_3497No1,"IPC synthase (PI (1-16:1, 2-18:1) ceramide-4 (C24)) (No1)",False,True,0.0,0.0,inf,inf,True,False
r_3498No1,"IPC synthase (PI (1-18:0, 2-18:1) ceramide-4 (C24)) (No1)",False,True,0.0,0.0,inf,inf,True,False
r_3499No1,"IPC synthase (PI (1-18:1, 2-18:1) ceramide-4 (C24)) (No1)",False,True,0.0,0.0,inf,inf,True,False
r_3500No1,"IPC synthase (PI (1-16:0, 2-16:1) ceramide-4 (C26)) (No1)",False,True,0.0,0.0,inf,inf,True,False
r_3501No1,"IPC synthase (PI (1-16:1, 2-16:1) ceramide-4 (C26)) (No1)",False,True,0.0,0.0,inf,inf,True,False
r_3502No1,"IPC synthase (PI (1-18:0, 2-16:1) ceramide-4 (C26)) (No1)",False,True,0.0,0.0,inf,inf,True,False
r_3503No1,"IPC synthase (PI (1-18:1, 2-16:1) ceramide-4 (C26)) (No1)",False,True,0.0,0.0,inf,inf,True,False
r_3504No1,"IPC synthase (PI (1-16:0, 2-18:1) ceramide-4 (C26)) (No1)",False,True,0.0,0.0,inf,inf,True,False
r_3505No1,"IPC synthase (PI (1-16:1, 2-18:1) ceramide-4 (C26)) (No1)",False,True,0.0,0.0,inf,inf,True,False
r_3506No1,"IPC synthase (PI (1-18:0, 2-18:1) ceramide-4 (C26)) (No1)",False,True,0.0,0.0,inf,inf,True,False
r_3507No1,"IPC synthase (PI (1-18:1, 2-18:1) ceramide-4 (C26)) (No1)",False,True,0.0,0.0,inf,inf,True,False
r_0003_REVNo1,"(R,R)-butanediol dehydrogenase (reversible) (No1)",False,True,0.0,0.0,inf,inf,True,True
r_0012_REVNo1,1-pyrroline-5-carboxylate dehydrogenase (reversible) (No1),False,True,0.0,0.0,inf,inf,True,True
r_0018_REVNo1,2-aminoadipate transaminase (reversible) (No1),False,True,0.0,0.0,inf,inf,True,False
r_0018_REVNo2,2-aminoadipate transaminase (reversible) (No2),False,True,0.0,0.0,inf,inf,True,False
r_0018_REVNo3,2-aminoadipate transaminase (reversible) (No3),False,True,0.0,0.0,inf,inf,True,False
r_0023_REVNo1,2-isopropylmalate hydratase (reversible) (No1),False,True,0.0,0.0,inf,inf,True,False
r_0027_REVNo1,2-methylcitrate dehydratase (reversible) (No1),False,True,0.0,0.0,inf,inf,True,False
r_0060_REVNo1,3-isopropylmalate dehydratase (reversible) (No1),False,True,0.0,0.0,inf,inf,True,False
r_0073_REVNo1,4PP-IP5 depyrophosphorylation to IP6 (reversible) (No1),False,True,0.0,0.0,inf,inf,True,False
r_0073_REVNo2,4PP-IP5 depyrophosphorylation to IP6 (reversible) (No2),False,True,0.0,0.0,inf,inf,True,False
r_0088_REVNo1,"5PP-IP5 pyrophosphorylation to 4,5-PP2-IP4 (reversible) (No1)",False,True,0.0,0.0,inf,inf,True,True
r_0089_REVNo1,"5PP-IP5 pyrophosphorylation to 5,6-PP2-IP4 (reversible) (No1)",False,True,0.0,0.0,inf,inf,True,True
r_0092_REVNo1,6PP-IP5 depyrophosphorylation to IP6 (reversible) (No1),False,True,0.0,0.0,inf,inf,True,False
r_0092_REVNo2,6PP-IP5 depyrophosphorylation to IP6 (reversible) (No2),False,True,0.0,0.0,inf,inf,True,False
r_0117_REVNo1,aconitase (reversible) (No1),False,True,0.0,0.0,inf,inf,True,False
r_0126_REVNo1,"acyl-CoA:sterol acyltransferase (oleoyl-CoA:episterol), ER membrane (reversible) (No1)",False,True,0.0,0.0,inf,inf,True,False
r_0127_REVNo1,"acyl-CoA:sterol acyltransferase (oleoyl-CoA:ergosterol), ER membrane (reversible) (No1)",False,True,0.0,0.0,inf,inf,True,False
r_0127_REVNo2,"acyl-CoA:sterol acyltransferase (oleoyl-CoA:ergosterol), ER membrane (reversible) (No2)",False,True,0.0,0.0,inf,inf,True,False
r_0128_REVNo1,"acyl-CoA:sterol acyltransferase (oleoyl-CoA:fecosterol), ER membrane (reversible) (No1)",False,True,0.0,0.0,inf,inf,True,False
r_0129_REVNo1,"acyl-CoA:sterol acyltransferase (oleoyl-CoA:lanosterol), ER membrane (reversible) (No1)",False,True,0.0,0.0,inf,inf,True,False
r_0130_REVNo1,"acyl-CoA:sterol acyltransferase (oleoyl-CoA:zymosterol), ER membrane (reversible) (No1)",False,True,0.0,0.0,inf,inf,True,False
r_0131_REVNo1,"acyl-CoA:sterol acyltransferase (palmitoleoyl-CoA:episterol), ER membrane (reversible) (No1)",False,True,0.0,0.0,inf,inf,True,False
r_0132_REVNo1,"acyl-CoA:sterol acyltransferase (palmitoleoyl-CoA:ergosterol), ER membrane (reversible) (No1)",False,True,0.0,0.0,inf,inf,True,False
r_0132_REVNo2,"acyl-CoA:sterol acyltransferase (palmitoleoyl-CoA:ergosterol), ER membrane (reversible) (No2)",False,True,0.0,0.0,inf,inf,True,False
r_0133_REVNo1,"acyl-CoA:sterol acyltransferase (palmitoleoyl-CoA:fecosterol), ER membrane (reversible) (No1)",False,True,0.0,0.0,inf,inf,True,False
r_0134_REVNo1,"acyl-CoA:sterol acyltransferase (palmitoleoyl-CoA:lanosterol), ER membrane (reversible) (No1)",False,True,0.0,0.0,inf,inf,True,False
r_0135_REVNo1,"acyl-CoA:sterol acyltransferase (palmitoleoyl-CoA:zymosterol), ER membrane (reversible) (No1)",False,True,0.0,0.0,inf,inf,True,False
r_0137_REVNo1,"acylation of GPI inositol at 2 position, GPI-anchor assembly, step 3 (reversible) (No1)",False,True,0.0,0.0,inf,inf,True,False
r_0146_REVNo1,adenosylmethionine-8-amino-7-oxononanoate transaminase (reversible) (No1),False,True,0.0,0.0,inf,inf,True,False
r_0150_REVNo1,adenylate kinase (GTP) (reversible) (No1),False,True,0.0,0.0,inf,inf,True,False
r_0152_REVNo1,adenylosuccinate lyase (reversible) (No1),False,True,0.0,0.0,inf,inf,True,False
r_0189_REVNo1,allantoate amidinohydrolase (reversible) (No1),False,True,0.0,0.0,inf,inf,True,False
r_0190_REVNo1,"allantoinase, reaction (reversible) (No1)",False,True,0.0,0.0,inf,inf,True,True
r_0204_REVNo1,Ap4A hydrolase (reversible) (No1),False,True,0.0,0.0,inf,inf,True,True
r_0207_REVNo1,argininosuccinate lyase (reversible) (No1),False,True,0.0,0.0,inf,inf,True,False
r_0208_REVNo1,argininosuccinate synthase (reversible) (No1),False,True,0.0,0.0,inf,inf,True,True
r_0216_REVNo1,aspartate transaminase (reversible) (No1),False,True,0.0,0.0,inf,inf,True,False
r_0218_REVNo1,aspartate transaminase (reversible) (No1),False,True,0.0,0.0,inf,inf,True,False
r_0229_REVNo1,biotin synthase (reversible) (No1),False,True,0.0,0.0,inf,inf,True,True
r_0249_REVNo1,CAAX farnesyltransferase (reversible) (No1),False,True,0.0,0.0,inf,inf,True,True
r_0280_REVNo1,cis-aconitate(3-) to isocitrate (reversible) (No1),False,True,0.0,0.0,inf,inf,True,False
r_0294_REVNo1,cis-prenyltransferase step 14 (reversible) (No1),False,True,0.0,0.0,inf,inf,True,False
r_0294_REVNo2,cis-prenyltransferase step 14 (reversible) (No2),False,True,0.0,0.0,inf,inf,True,False
r_0295_REVNo1,cis-prenyltransferase step 15 (reversible) (No1),False,True,0.0,0.0,inf,inf,True,False
r_0295_REVNo2,cis-prenyltransferase step 15 (reversible) (No2),False,True,0.0,0.0,inf,inf,True,False
r_0302_REVNo1,citrate to cis-aconitate(3-) (reversible) (No1),False,True,0.0,0.0,inf,inf,True,False
r_0303_REVNo1,"citrate to cis-aconitate(3-), cytoplasmic (reversible) (No1)",False,True,0.0,0.0,inf,inf,True,False
r_0319_REVNo1,"D-arabinono-1,4-lactone oxidase (reversible) (No1)",False,True,0.0,0.0,inf,inf,True,False
r_0326_REVNo1,dCMP deaminase (reversible) (No1),False,True,0.0,0.0,inf,inf,True,True
r_0330_REVNo1,deoxyguanylate kinase (dGMP:ATP) (reversible) (No1),False,True,0.0,0.0,inf,inf,True,False
r_0335_REVNo1,dethiobiotin synthase (reversible) (No1),False,True,0.0,0.0,inf,inf,True,True
r_0349_REVNo1,dihydroorotase (reversible) (No1),False,True,0.0,0.0,inf,inf,True,True
r_0356_REVNo1,diphosphoglyceromutase (reversible) (No1),False,True,0.0,0.0,inf,inf,True,True
r_0366_REVNo1,enolase (reversible) (No1),False,True,0.0,0.0,inf,inf,True,False
r_0366_REVNo2,enolase (reversible) (No2),False,True,0.0,0.0,inf,inf,True,False
r_0399_REVNo1,fatty-acid--CoA ligase (decanoate) (reversible) (No1),False,True,0.0,0.0,inf,inf,True,False
r_0400_REVNo1,fatty-acid--CoA ligase (dodecanoate) (reversible) (No1),False,True,0.0,0.0,inf,inf,True,False
r_0402_REVNo1,fatty-acid--CoA ligase (hexadecanoate) (reversible) (No1),False,True,0.0,0.0,inf,inf,True,False
r_0410_REVNo1,fatty-acid--CoA ligase (octanoate) (reversible) (No1),False,True,0.0,0.0,inf,inf,True,False
r_0412_REVNo1,fatty-acid--CoA ligase (tetradecanoate) (reversible) (No1),False,True,0.0,0.0,inf,inf,True,False
r_0446_REVNo1,formate-tetrahydrofolate ligase (reversible) (No1),False,True,0.0,0.0,inf,inf,True,False
r_0447_REVNo1,formate-tetrahydrofolate ligase (reversible) (No1),False,True,0.0,0.0,inf,inf,True,False
r_0450_REVNo1,fructose-bisphosphate aldolase (reversible) (No1),False,True,0.0,0.0,inf,inf,True,False
r_0451_REVNo1,fumarase (reversible) (No1),False,True,0.0,0.0,inf,inf,True,False
r_0452_REVNo1,"fumarase, cytoplasmic (reversible) (No1)",False,True,0.0,0.0,inf,inf,True,False
r_0467_REVNo1,glucose-6-phosphate isomerase (reversible) (No1),False,True,0.0,0.0,inf,inf,True,False
r_0483_REVNo1,glutathione peridoxase (reversible) (No1),False,True,0.0,0.0,inf,inf,True,False
r_0483_REVNo2,glutathione peridoxase (reversible) (No2),False,True,0.0,0.0,inf,inf,True,False
r_0483_REVNo3,glutathione peridoxase (reversible) (No3),False,True,0.0,0.0,inf,inf,True,False
r_0483_REVNo4,glutathione peridoxase (reversible) (No4),False,True,0.0,0.0,inf,inf,True,False
r_0483_REVNo5,glutathione peridoxase (reversible) (No5),False,True,0.0,0.0,inf,inf,True,False
r_0486_REVNo1,glyceraldehyde-3-phosphate dehydrogenase (reversible) (No1),False,True,0.0,0.0,inf,inf,True,False
r_0486_REVNo2,glyceraldehyde-3-phosphate dehydrogenase (reversible) (No2),False,True,0.0,0.0,inf,inf,True,False
r_0486_REVNo3,glyceraldehyde-3-phosphate dehydrogenase (reversible) (No3),False,True,0.0,0.0,inf,inf,True,False
r_0502_REVNo1,glycine hydroxymethyltransferase (reversible) (No1),False,True,0.0,0.0,inf,inf,True,False
r_0503_REVNo1,glycine hydroxymethyltransferase (reversible) (No1),False,True,0.0,0.0,inf,inf,True,False
r_0518_REVNo1,"GPI-anchor assembly, step 2 (reversible) (No1)",False,True,0.0,0.0,inf,inf,True,True
r_0519_REVNo1,"GPI-anchor assembly, step 5 (reversible) (No1)",False,True,0.0,0.0,inf,inf,True,False
r_0520_REVNo1,"GPI-anchor assembly, step 6 (reversible) (No1)",False,True,0.0,0.0,inf,inf,True,False
r_0521_REVNo1,"GPI-anchor assembly, step 7 (reversible) (No1)",False,True,0.0,0.0,inf,inf,True,False
r_0522_REVNo1,"GPI-anchor assembly, step 8 (reversible) (No1)",False,True,0.0,0.0,inf,inf,True,False
r_0523_REVNo1,"GPI-anchor assembly, step 9 (reversible) (No1)",False,True,0.0,0.0,inf,inf,True,False
r_0523_REVNo2,"GPI-anchor assembly, step 9 (reversible) (No2)",False,True,0.0,0.0,inf,inf,True,False
r_0529_REVNo1,guanylate kinase (GMP:dATP) (reversible) (No1),False,True,0.0,0.0,inf,inf,True,False
r_0542_REVNo1,homoacontinate hydratase (reversible) (No1),False,True,0.0,0.0,inf,inf,True,False
r_0570_REVNo1,inosine monophosphate cyclohydrolase (reversible) (No1),False,True,0.0,0.0,inf,inf,True,False
r_0570_REVNo2,inosine monophosphate cyclohydrolase (reversible) (No2),False,True,0.0,0.0,inf,inf,True,False
r_0659_REVNo1,isocitrate dehydrogenase (NADP) (reversible) (No1),False,True,0.0,0.0,inf,inf,True,False
r_0663_REVNo1,isoleucine transaminase (reversible) (No1),False,True,0.0,0.0,inf,inf,True,False
r_0664_REVNo1,isoleucine transaminase (reversible) (No1),False,True,0.0,0.0,inf,inf,True,False
r_0667_REVNo1,isopentenyl-diphosphate D-isomerase (reversible) (No1),False,True,0.0,0.0,inf,inf,True,False
r_0668_REVNo1,itaconate-CoA ligase (ADP-forming) (reversible) (No1),False,True,0.0,0.0,inf,inf,True,False
r_0672_REVNo1,L-1-pyrroline-3-hydroxy-5-carboxylate dehydrogenase (reversible) (No1),False,True,0.0,0.0,inf,inf,True,True
r_0673_REVNo1,L-4-hydroxyglutamate semialdehyde dehydrogenase (reversible) (No1),False,True,0.0,0.0,inf,inf,True,True
r_0674_REVNo1,L-alanine transaminase (reversible) (No1),False,True,0.0,0.0,inf,inf,True,False
r_0699_REVNo1,leucine transaminase (reversible) (No1),False,True,0.0,0.0,inf,inf,True,False
r_0700_REVNo1,leucine transaminase (reversible) (No1),False,True,0.0,0.0,inf,inf,True,False
r_0703_REVNo1,leukotriene A4 hydrolase (reversible) (No1),False,True,0.0,0.0,inf,inf,True,False
r_0704_REVNo1,leukotriene A4 hydrolase (reversible) (No1),False,True,0.0,0.0,inf,inf,True,False
r_0705_REVNo1,leukotriene A4 hydrolase (reversible) (No1),False,True,0.0,0.0,inf,inf,True,False
r_0706_REVNo1,leukotriene A4 hydrolase (reversible) (No1),False,True,0.0,0.0,inf,inf,True,False
r_0707_REVNo1,leukotriene A4 hydrolase (reversible) (No1),False,True,0.0,0.0,inf,inf,True,False
r_0708_REVNo1,leukotriene A4 hydrolase (reversible) (No1),False,True,0.0,0.0,inf,inf,True,False
r_0713_REVNo1,malate dehydrogenase (reversible) (No1),False,True,0.0,0.0,inf,inf,True,True
r_0714_REVNo1,"malate dehydrogenase, cytoplasmic (reversible) (No1)",False,True,0.0,0.0,inf,inf,True,True
r_0715_REVNo1,"malate dehydrogenase, peroxisomal (reversible) (No1)",False,True,0.0,0.0,inf,inf,True,True
r_0721_REVNo1,malonyl-CoA-ACP transacylase (reversible) (No1),False,True,0.0,0.0,inf,inf,True,False
r_0723_REVNo1,mannose-6-phosphate isomerase (reversible) (No1),False,True,0.0,0.0,inf,inf,True,False
r_0724_REVNo1,methenyltetrahydrifikate cyclohydrolase (reversible) (No1),False,True,0.0,0.0,inf,inf,True,True
r_0725_REVNo1,methenyltetrahydrofolate cyclohydrolase (reversible) (No1),False,True,0.0,0.0,inf,inf,True,True
r_0732_REVNo1,methylenetetrahydrofolate dehydrogenase (NADP) (reversible) (No1),False,True,0.0,0.0,inf,inf,True,False
r_0733_REVNo1,methylenetetrahydrofolate dehydrogenase (NADP) (reversible) (No1),False,True,0.0,0.0,inf,inf,True,False
r_0760_REVNo1,N-acetylglucosamine-6-phosphate synthase (reversible) (No1),False,True,0.0,0.0,inf,inf,True,True
r_0769_REVNo1,NAD synthase (reversible) (No1),False,True,0.0,0.0,inf,inf,True,True
r_0802_REVNo1,nucleoside diphosphate kinase (reversible) (No1),False,True,0.0,0.0,inf,inf,True,False
r_0803_REVNo1,nucleoside diphosphate kinase (reversible) (No1),False,True,0.0,0.0,inf,inf,True,False
r_0815_REVNo1,O-succinylhomoserine lyase (L-cysteine) (reversible) (No1),False,True,0.0,0.0,inf,inf,True,True
r_0820_REVNo1,orotate phosphoribosyltransferase (reversible) (No1),False,True,0.0,0.0,inf,inf,True,False
r_0820_REVNo2,orotate phosphoribosyltransferase (reversible) (No2),False,True,0.0,0.0,inf,inf,True,False
r_0851_REVNo1,phenylalanine transaminase (reversible) (No1),False,True,0.0,0.0,inf,inf,True,False
r_0882_REVNo1,phosphoacetylglucosamine mutase (reversible) (No1),False,True,0.0,0.0,inf,inf,True,False
r_0888_REVNo1,phosphoglucomutase (reversible) (No1),False,True,0.0,0.0,inf,inf,True,False
r_0888_REVNo2,phosphoglucomutase (reversible) (No2),False,True,0.0,0.0,inf,inf,True,False
r_0890_REVNo1,phosphoglucosamine mutase (reversible) (No1),False,True,0.0,0.0,inf,inf,True,False
r_0892_REVNo1,phosphoglycerate kinase (reversible) (No1),False,True,0.0,0.0,inf,inf,True,False
r_0893_REVNo1,phosphoglycerate mutase (reversible) (No1),False,True,0.0,0.0,inf,inf,True,False
r_0902_REVNo1,phosphomannomutase (reversible) (No1),False,True,0.0,0.0,inf,inf,True,False
r_0907_REVNo1,phosphopentomutase (reversible) (No1),False,True,0.0,0.0,inf,inf,True,False
r_0907_REVNo2,phosphopentomutase (reversible) (No2),False,True,0.0,0.0,inf,inf,True,False
r_0907_REVNo3,phosphopentomutase (reversible) (No3),False,True,0.0,0.0,inf,inf,True,False
r_0912_REVNo1,phosphoribosylaminoimidazolecarboxamide formyltransferase (reversible) (No1),False,True,0.0,0.0,inf,inf,True,False
r_0912_REVNo2,phosphoribosylaminoimidazolecarboxamide formyltransferase (reversible) (No2),False,True,0.0,0.0,inf,inf,True,False
r_0949_REVNo1,guanosine phosphorylase (reversible) (No1),False,True,0.0,0.0,inf,inf,True,False
r_0950_REVNo1,guanosine phosphorylase (reversible) (No1),False,True,0.0,0.0,inf,inf,True,False
r_0951_REVNo1,inosine phosphorylase (reversible) (No1),False,True,0.0,0.0,inf,inf,True,False
r_0955_REVNo1,pyridoxine 5'-phosphate oxidase (reversible) (No1),False,True,0.0,0.0,inf,inf,True,False
r_0982_REVNo1,ribose-5-phosphate isomerase (reversible) (No1),False,True,0.0,0.0,inf,inf,True,False
r_0984_REVNo1,ribulose 5-phosphate 3-epimerase (reversible) (No1),False,True,0.0,0.0,inf,inf,True,False
r_0987_REVNo1,S-formylglutathione hydralase (reversible) (No1),False,True,0.0,0.0,inf,inf,True,True
r_1021_REVNo1,succinate dehydrogenase (ubiquinone-6) (reversible) (No1),False,True,0.0,0.0,inf,inf,True,False
r_1021_REVNo2,succinate dehydrogenase (ubiquinone-6) (reversible) (No2),False,True,0.0,0.0,inf,inf,True,False
r_1031_REVNo1,tetrahydrofolate:L-glutamate gamma-ligase (ADP-forming) (reversible) (No1),False,True,0.0,0.0,inf,inf,True,False
r_1031_REVNo2,tetrahydrofolate:L-glutamate gamma-ligase (ADP-forming) (reversible) (No2),False,True,0.0,0.0,inf,inf,True,False
r_1048_REVNo1,transaldolase (reversible) (No1),False,True,0.0,0.0,inf,inf,True,False
r_1049_REVNo1,transketolase 1 (reversible) (No1),False,True,0.0,0.0,inf,inf,True,False
r_1049_REVNo2,transketolase 1 (reversible) (No2),False,True,0.0,0.0,inf,inf,True,False
r_1050_REVNo1,transketolase 2 (reversible) (No1),False,True,0.0,0.0,inf,inf,True,False
r_1050_REVNo2,transketolase 2 (reversible) (No2),False,True,0.0,0.0,inf,inf,True,False
r_1054_REVNo1,triose-phosphate isomerase (reversible) (No1),False,True,0.0,0.0,inf,inf,True,False
r_1063_REVNo1,tyrosine transaminase (reversible) (No1),False,True,0.0,0.0,inf,inf,True,False
r_1069_REVNo1,UDP-N-acetylglucosamine diphosphorylase (reversible) (No1),False,True,0.0,0.0,inf,inf,True,True
r_1070_REVNo1,UDPglucose 4-epimerase (reversible) (No1),False,True,0.0,0.0,inf,inf,True,False
r_1071_REVNo1,UDPglucose--hexose-1-phosphate uridylyltransferase (reversible) (No1),False,True,0.0,0.0,inf,inf,True,False
r_1084_REVNo1,UTP-glucose-1-phosphate uridylyltransferase (reversible) (No1),False,True,0.0,0.0,inf,inf,True,True
r_1087_REVNo1,valine transaminase (reversible) (No1),False,True,0.0,0.0,inf,inf,True,False
r_1088_REVNo1,"valine transaminase, mitochondiral (reversible) (No1)",False,True,0.0,0.0,inf,inf,True,False
r_1095_REVNo1,yUMP synthetase (reversible) (No1),False,True,0.0,0.0,inf,inf,True,False
r_1095_REVNo2,yUMP synthetase (reversible) (No2),False,True,0.0,0.0,inf,inf,True,False
r_1095_REVNo3,yUMP synthetase (reversible) (No3),False,True,0.0,0.0,inf,inf,True,False
r_1095_REVNo4,yUMP synthetase (reversible) (No4),False,True,0.0,0.0,inf,inf,True,False
r_2112_REVNo1,kynurenine aminotransferase (reversible) (No1),False,True,0.0,0.0,inf,inf,True,False
r_2117_REVNo1,phenylalanine transaminase (reversible) (No1),False,True,0.0,0.0,inf,inf,True,False
r_2119_REVNo1,tyrosine transaminase (reversible) (No1),False,True,0.0,0.0,inf,inf,True,False
r_2148_REVNo1,3-hydroxyacyl-thioester dehydratase (trans-but-2-enoyl-ACP) (reversible) (No1),False,True,0.0,0.0,inf,inf,True,False
r_2149_REVNo1,3-hydroxyacyl-thioester dehydratase (trans-hex-2-enoyl-ACP) (reversible) (No1),False,True,0.0,0.0,inf,inf,True,False
r_2150_REVNo1,3-hydroxyacyl-thioester dehydratase (trans-oct-2-enoyl-ACP) (reversible) (No1),False,True,0.0,0.0,inf,inf,True,False
r_2168_REVNo1,B-hydroxyacyl-CoA dehydratase (trans-tetradec-2-enoyl-CoA) (reversible) (No1),False,True,0.0,0.0,inf,inf,True,False
r_2169_REVNo1,B-hydroxyacyl-CoA dehydratase (trans-hexadec-2-enoyl-CoA) (reversible) (No1),False,True,0.0,0.0,inf,inf,True,False
r_2170_REVNo1,B-hydroxyacyl-CoA dehydratase (trans-octadec-2-enoyl-CoA) (reversible) (No1),False,True,0.0,0.0,inf,inf,True,False
r_2171_REVNo1,B-hydroxyacyl-CoA dehydratase (trans-icos-2-enoyl-CoA) (reversible) (No1),False,True,0.0,0.0,inf,inf,True,False
r_2172_REVNo1,B-hydroxyacyl-CoA dehydratase (trans-docos-2-enoyl-CoA) (reversible) (No1),False,True,0.0,0.0,inf,inf,True,False
r_2173_REVNo1,B-hydroxyacyl-CoA dehydratase (trans-tetracos-2-enoyl-CoA) (reversible) (No1),False,True,0.0,0.0,inf,inf,True,False
r_2174_REVNo1,B-hydroxyacyl-CoA dehydratase (trans-hexacos-2-enoyl-CoA) (reversible) (No1),False,True,0.0,0.0,inf,inf,True,False
r_2194_REVNo1,"fatty-acid--CoA ligase (dodecanoate), ER membrane (reversible) (No1)",False,True,0.0,0.0,inf,inf,True,False
r_2195_REVNo1,"fatty-acid--CoA ligase (tetradecanoate), ER membrane (reversible) (No1)",False,True,0.0,0.0,inf,inf,True,False
r_2195_REVNo2,"fatty-acid--CoA ligase (tetradecanoate), ER membrane (reversible) (No2)",False,True,0.0,0.0,inf,inf,True,False
r_2196_REVNo1,"fatty-acid--CoA ligase (hexadecanoate), ER membrane (reversible) (No1)",False,True,0.0,0.0,inf,inf,True,False
r_2196_REVNo2,"fatty-acid--CoA ligase (hexadecanoate), ER membrane (reversible) (No2)",False,True,0.0,0.0,inf,inf,True,False
r_2197_REVNo1,"fatty-acid--CoA ligase (hexadecenoate), ER membrane (reversible) (No1)",False,True,0.0,0.0,inf,inf,True,False
r_2197_REVNo2,"fatty-acid--CoA ligase (hexadecenoate), ER membrane (reversible) (No2)",False,True,0.0,0.0,inf,inf,True,False
r_2198_REVNo1,"fatty-acid--CoA ligase (octadecanoate), ER membrane (reversible) (No1)",False,True,0.0,0.0,inf,inf,True,False
r_2198_REVNo2,"fatty-acid--CoA ligase (octadecanoate), ER membrane (reversible) (No2)",False,True,0.0,0.0,inf,inf,True,False
r_2199_REVNo1,"fatty-acid--CoA ligase (octadecenoate), ER membrane (reversible) (No1)",False,True,0.0,0.0,inf,inf,True,False
r_2199_REVNo2,"fatty-acid--CoA ligase (octadecenoate), ER membrane (reversible) (No2)",False,True,0.0,0.0,inf,inf,True,False
r_2200_REVNo1,"fatty-acid--CoA ligase (dodecanoate), lipid particle (reversible) (No1)",False,True,0.0,0.0,inf,inf,True,False
r_2201_REVNo1,"fatty-acid--CoA ligase (tetradecanoate), lipid particle (reversible) (No1)",False,True,0.0,0.0,inf,inf,True,False
r_2201_REVNo2,"fatty-acid--CoA ligase (tetradecanoate), lipid particle (reversible) (No2)",False,True,0.0,0.0,inf,inf,True,False
r_2202_REVNo1,"fatty-acid--CoA ligase (hexadecanoate), lipid particle (reversible) (No1)",False,True,0.0,0.0,inf,inf,True,False
r_2202_REVNo2,"fatty-acid--CoA ligase (hexadecanoate), lipid particle (reversible) (No2)",False,True,0.0,0.0,inf,inf,True,False
r_2203_REVNo1,"fatty-acid--CoA ligase (hexadecenoate), lipid particle (reversible) (No1)",False,True,0.0,0.0,inf,inf,True,False
r_2203_REVNo2,"fatty-acid--CoA ligase (hexadecenoate), lipid particle (reversible) (No2)",False,True,0.0,0.0,inf,inf,True,False
r_2204_REVNo1,"fatty-acid--CoA ligase (octadecanoate), lipid particle (reversible) (No1)",False,True,0.0,0.0,inf,inf,True,False
r_2204_REVNo2,"fatty-acid--CoA ligase (octadecanoate), lipid particle (reversible) (No2)",False,True,0.0,0.0,inf,inf,True,False
r_2205_REVNo1,"fatty-acid--CoA ligase (octadecenoate), lipid particle (reversible) (No1)",False,True,0.0,0.0,inf,inf,True,False
r_2205_REVNo2,"fatty-acid--CoA ligase (octadecenoate), lipid particle (reversible) (No2)",False,True,0.0,0.0,inf,inf,True,False
r_2206_REVNo1,"fatty-acid--CoA ligase (hexadecenoate), peroxisome (reversible) (No1)",False,True,0.0,0.0,inf,inf,True,False
r_2207_REVNo1,"fatty-acid--CoA ligase (octadecanoate), peroxisome (reversible) (No1)",False,True,0.0,0.0,inf,inf,True,False
r_2208_REVNo1,"fatty-acid--CoA ligase (octadecenoate), peroxisome (reversible) (No1)",False,True,0.0,0.0,inf,inf,True,False
r_2209_REVNo1,"fatty-acid--CoA ligase (arachidate), cell envelope (reversible) (No1)",False,True,0.0,0.0,inf,inf,True,False
r_2210_REVNo1,"fatty-acid--CoA ligase (behenate), cell envelope (reversible) (No1)",False,True,0.0,0.0,inf,inf,True,False
r_2211_REVNo1,"fatty-acid--CoA ligase (lignoceric acid), cell envelope (reversible) (No1)",False,True,0.0,0.0,inf,inf,True,False
r_2212_REVNo1,"fatty-acid--CoA ligase (cerotic acid), cell envelope (reversible) (No1)",False,True,0.0,0.0,inf,inf,True,False
r_2305_REVNo1,cis-aconitate(3-) to isocitrate (reversible) (No1),False,True,0.0,0.0,inf,inf,True,False
r_2432_REVNo1,"CDP-diacylglycerol synthase (1-16:0, 2-16:1), ER membrane (reversible) (No1)",False,True,0.0,0.0,inf,inf,True,True
r_2433_REVNo1,"CDP-diacylglycerol synthase (1-16:1, 2-16:1), ER membrane (reversible) (No1)",False,True,0.0,0.0,inf,inf,True,True
r_2434_REVNo1,"CDP-diacylglycerol synthase (1-18:0, 2-16:1), ER membrane (reversible) (No1)",False,True,0.0,0.0,inf,inf,True,True
r_2435_REVNo1,"CDP-diacylglycerol synthase (1-18:1, 2-16:1), ER membrane (reversible) (No1)",False,True,0.0,0.0,inf,inf,True,True
r_2436_REVNo1,"CDP-diacylglycerol synthase (1-16:0, 2-18:1), ER membrane (reversible) (No1)",False,True,0.0,0.0,inf,inf,True,True
r_2437_REVNo1,"CDP-diacylglycerol synthase (1-16:1, 2-18:1), ER membrane (reversible) (No1)",False,True,0.0,0.0,inf,inf,True,True
r_2438_REVNo1,"CDP-diacylglycerol synthase (1-18:0, 2-18:1), ER membrane (reversible) (No1)",False,True,0.0,0.0,inf,inf,True,True
r_2439_REVNo1,"CDP-diacylglycerol synthase (1-18:1, 2-18:1), ER membrane (reversible) (No1)",False,True,0.0,0.0,inf,inf,True,True
r_2440_REVNo1,"CDP-diacylglycerol synthase (1-16:0, 2-16:1), mitochondrial membrane (reversible) (No1)",False,True,0.0,0.0,inf,inf,True,True
r_2441_REVNo1,"CDP-diacylglycerol synthase (1-16:1, 2-16:1), mitochondrial membrane (reversible) (No1)",False,True,0.0,0.0,inf,inf,True,True
r_2442_REVNo1,"CDP-diacylglycerol synthase (1-18:0, 2-16:1), mitochondrial membrane (reversible) (No1)",False,True,0.0,0.0,inf,inf,True,True
r_2443_REVNo1,"CDP-diacylglycerol synthase (1-18:1, 2-16:1), mitochondrial membrane (reversible) (No1)",False,True,0.0,0.0,inf,inf,True,True
r_2444_REVNo1,"CDP-diacylglycerol synthase (1-16:0, 2-18:1), mitochondrial membrane (reversible) (No1)",False,True,0.0,0.0,inf,inf,True,True
r_2445_REVNo1,"CDP-diacylglycerol synthase (1-16:1, 2-18:1), mitochondrial membrane (reversible) (No1)",False,True,0.0,0.0,inf,inf,True,True
r_2462_REVNo1,"lysoPI acyltransferase (1-18:0, 2-16:1), ER membrane (reversible) (No1)",False,True,0.0,0.0,inf,inf,True,False
r_2463_REVNo1,"lysoPI acyltransferase (1-18:0, 2-18:1), ER membrane (reversible) (No1)",False,True,0.0,0.0,inf,inf,True,False
r_2620_REVNo1,"MLCL (2-16:1, 3-16:0, 4-16:1):PC (1-16:0, 2-16:1) acyltransferase, mitochondrial membrane (reversible) (No1)",False,True,0.0,0.0,inf,inf,True,False
r_2621_REVNo1,"MLCL (2-16:1, 3-16:0, 4-16:1):PC (1-16:1, 2-16:1) acyltransferase, mitochondrial membrane (reversible) (No1)",False,True,0.0,0.0,inf,inf,True,False
r_2622_REVNo1,"MLCL (2-16:1, 3-16:0, 4-16:1):PC (1-18:0, 2-16:1) acyltransferase, mitochondrial membrane (reversible) (No1)",False,True,0.0,0.0,inf,inf,True,False
r_2623_REVNo1,"MLCL (2-16:1, 3-16:0, 4-16:1):PC (1-18:1, 2-16:1) acyltransferase, mitochondrial membrane (reversible) (No1)",False,True,0.0,0.0,inf,inf,True,False
r_2624_REVNo1,"MLCL (2-16:1, 3-16:0, 4-16:1):PC (1-16:0, 2-18:1) acyltransferase, mitochondrial membrane (reversible) (No1)",False,True,0.0,0.0,inf,inf,True,False
r_2625_REVNo1,"MLCL (2-16:1, 3-16:0, 4-16:1):PC (1-16:1, 2-18:1) acyltransferase, mitochondrial membrane (reversible) (No1)",False,True,0.0,0.0,inf,inf,True,False
r_2626_REVNo1,"MLCL (2-16:1, 3-16:0, 4-16:1):PC (1-18:0, 2-18:1) acyltransferase, mitochondrial membrane (reversible) (No1)",False,True,0.0,0.0,inf,inf,True,False
r_2627_REVNo1,"MLCL (2-16:1, 3-16:0, 4-16:1):PC (1-18:1, 2-18:1) acyltransferase, mitochondrial membrane (reversible) (No1)",False,True,0.0,0.0,inf,inf,True,False
r_2628_REVNo1,"MLCL (2-16:1, 3-16:1, 4-16:1):PC (1-16:0, 2-16:1) acyltransferase, mitochondrial membrane (reversible) (No1)",False,True,0.0,0.0,inf,inf,True,False
r_2629_REVNo1,"MLCL (2-16:1, 3-16:1, 4-16:1):PC (1-16:1, 2-16:1) acyltransferase, mitochondrial membrane (reversible) (No1)",False,True,0.0,0.0,inf,inf,True,False
r_2630_REVNo1,"MLCL (2-16:1, 3-16:1, 4-16:1):PC (1-18:0, 2-16:1) acyltransferase, mitochondrial membrane (reversible) (No1)",False,True,0.0,0.0,inf,inf,True,False
r_2631_REVNo1,"MLCL (2-16:1, 3-16:1, 4-16:1):PC (1-18:1, 2-16:1) acyltransferase, mitochondrial membrane (reversible) (No1)",False,True,0.0,0.0,inf,inf,True,False
r_2632_REVNo1,"MLCL (2-16:1, 3-16:1, 4-16:1):PC (1-16:0, 2-18:1) acyltransferase, mitochondrial membrane (reversible) (No1)",False,True,0.0,0.0,inf,inf,True,False
r_2633_REVNo1,"MLCL (2-16:1, 3-16:1, 4-16:1):PC (1-16:1, 2-18:1) acyltransferase, mitochondrial membrane (reversible) (No1)",False,True,0.0,0.0,inf,inf,True,False
r_2634_REVNo1,"MLCL (2-16:1, 3-16:1, 4-16:1):PC (1-18:0, 2-18:1) acyltransferase, mitochondrial membrane (reversible) (No1)",False,True,0.0,0.0,inf,inf,True,False
r_2635_REVNo1,"MLCL (2-16:1, 3-16:1, 4-16:1):PC (1-18:1, 2-18:1) acyltransferase, mitochondrial membrane (reversible) (No1)",False,True,0.0,0.0,inf,inf,True,False
r_2636_REVNo1,"MLCL (2-16:1, 3-18:0, 4-16:1):PC (1-16:0, 2-16:1) acyltransferase, mitochondrial membrane (reversible) (No1)",False,True,0.0,0.0,inf,inf,True,False
r_2637_REVNo1,"MLCL (2-16:1, 3-18:0, 4-16:1):PC (1-16:1, 2-16:1) acyltransferase, mitochondrial membrane (reversible) (No1)",False,True,0.0,0.0,inf,inf,True,False
r_2638_REVNo1,"MLCL (2-16:1, 3-18:0, 4-16:1):PC (1-18:0, 2-16:1) acyltransferase, mitochondrial membrane (reversible) (No1)",False,True,0.0,0.0,inf,inf,True,False
r_2639_REVNo1,"MLCL (2-16:1, 3-18:0, 4-16:1):PC (1-18:1, 2-16:1) acyltransferase, mitochondrial membrane (reversible) (No1)",False,True,0.0,0.0,inf,inf,True,False
r_2640_REVNo1,"MLCL (2-16:1, 3-18:0, 4-16:1):PC (1-16:0, 2-18:1) acyltransferase, mitochondrial membrane (reversible) (No1)",False,True,0.0,0.0,inf,inf,True,False
r_2641_REVNo1,"MLCL (2-16:1, 3-18:0, 4-16:1):PC (1-16:1, 2-18:1) acyltransferase, mitochondrial membrane (reversible) (No1)",False,True,0.0,0.0,inf,inf,True,False
r_2642_REVNo1,"MLCL (2-16:1, 3-18:0, 4-16:1):PC (1-18:0, 2-18:1) acyltransferase, mitochondrial membrane (reversible) (No1)",False,True,0.0,0.0,inf,inf,True,False
r_2643_REVNo1,"MLCL (2-16:1, 3-18:0, 4-16:1):PC (1-18:1, 2-18:1) acyltransferase, mitochondrial membrane (reversible) (No1)",False,True,0.0,0.0,inf,inf,True,False
r_2644_REVNo1,"MLCL (2-16:1, 3-18:1, 4-16:1):PC (1-16:0, 2-16:1) acyltransferase, mitochondrial membrane (reversible) (No1)",False,True,0.0,0.0,inf,inf,True,False
r_2645_REVNo1,"MLCL (2-16:1, 3-18:1, 4-16:1):PC (1-16:1, 2-16:1) acyltransferase, mitochondrial membrane (reversible) (No1)",False,True,0.0,0.0,inf,inf,True,False
r_2646_REVNo1,"MLCL (2-16:1, 3-18:1, 4-16:1):PC (1-18:0, 2-16:1) acyltransferase, mitochondrial membrane (reversible) (No1)",False,True,0.0,0.0,inf,inf,True,False
r_2647_REVNo1,"MLCL (2-16:1, 3-18:1, 4-16:1):PC (1-18:1, 2-16:1) acyltransferase, mitochondrial membrane (reversible) (No1)",False,True,0.0,0.0,inf,inf,True,False
r_2648_REVNo1,"MLCL (2-16:1, 3-18:1, 4-16:1):PC (1-16:0, 2-18:1) acyltransferase, mitochondrial membrane (reversible) (No1)",False,True,0.0,0.0,inf,inf,True,False
r_2649_REVNo1,"MLCL (2-16:1, 3-18:1, 4-16:1):PC (1-16:1, 2-18:1) acyltransferase, mitochondrial membrane (reversible) (No1)",False,True,0.0,0.0,inf,inf,True,False
r_2650_REVNo1,"MLCL (2-16:1, 3-18:1, 4-16:1):PC (1-18:0, 2-18:1) acyltransferase, mitochondrial membrane (reversible) (No1)",False,True,0.0,0.0,inf,inf,True,False
r_2651_REVNo1,"MLCL (2-16:1, 3-18:1, 4-16:1):PC (1-18:1, 2-18:1) acyltransferase, mitochondrial membrane (reversible) (No1)",False,True,0.0,0.0,inf,inf,True,False
r_2652_REVNo1,"MLCL (2-16:1, 3-16:0, 4-18:1):PC (1-16:0, 2-16:1) acyltransferase, mitochondrial membrane (reversible) (No1)",False,True,0.0,0.0,inf,inf,True,False
r_2653_REVNo1,"MLCL (2-16:1, 3-16:0, 4-18:1):PC (1-16:1, 2-16:1) acyltransferase, mitochondrial membrane (reversible) (No1)",False,True,0.0,0.0,inf,inf,True,False
r_2654_REVNo1,"MLCL (2-16:1, 3-16:0, 4-18:1):PC (1-18:0, 2-16:1) acyltransferase, mitochondrial membrane (reversible) (No1)",False,True,0.0,0.0,inf,inf,True,False
r_2655_REVNo1,"MLCL (2-16:1, 3-16:0, 4-18:1):PC (1-18:1, 2-16:1) acyltransferase, mitochondrial membrane (reversible) (No1)",False,True,0.0,0.0,inf,inf,True,False
r_2656_REVNo1,"MLCL (2-16:1, 3-16:0, 4-18:1):PC (1-16:0, 2-18:1) acyltransferase, mitochondrial membrane (reversible) (No1)",False,True,0.0,0.0,inf,inf,True,False
r_2657_REVNo1,"MLCL (2-16:1, 3-16:0, 4-18:1):PC (1-16:1, 2-18:1) acyltransferase, mitochondrial membrane (reversible) (No1)",False,True,0.0,0.0,inf,inf,True,False
r_2658_REVNo1,"MLCL (2-16:1, 3-16:0, 4-18:1):PC (1-18:0, 2-18:1) acyltransferase, mitochondrial membrane (reversible) (No1)",False,True,0.0,0.0,inf,inf,True,False
r_2659_REVNo1,"MLCL (2-16:1, 3-16:0, 4-18:1):PC (1-18:1, 2-18:1) acyltransferase, mitochondrial membrane (reversible) (No1)",False,True,0.0,0.0,inf,inf,True,False
r_2660_REVNo1,"MLCL (2-16:1, 3-16:1, 4-18:1):PC (1-16:0, 2-16:1) acyltransferase, mitochondrial membrane (reversible) (No1)",False,True,0.0,0.0,inf,inf,True,False
r_2661_REVNo1,"MLCL (2-16:1, 3-16:1, 4-18:1):PC (1-16:1, 2-16:1) acyltransferase, mitochondrial membrane (reversible) (No1)",False,True,0.0,0.0,inf,inf,True,False
r_2662_REVNo1,"MLCL (2-16:1, 3-16:1, 4-18:1):PC (1-18:0, 2-16:1) acyltransferase, mitochondrial membrane (reversible) (No1)",False,True,0.0,0.0,inf,inf,True,False
r_2663_REVNo1,"MLCL (2-16:1, 3-16:1, 4-18:1):PC (1-18:1, 2-16:1) acyltransferase, mitochondrial membrane (reversible) (No1)",False,True,0.0,0.0,inf,inf,True,False
r_2664_REVNo1,"MLCL (2-16:1, 3-16:1, 4-18:1):PC (1-16:0, 2-18:1) acyltransferase, mitochondrial membrane (reversible) (No1)",False,True,0.0,0.0,inf,inf,True,False
r_2665_REVNo1,"MLCL (2-16:1, 3-16:1, 4-18:1):PC (1-16:1, 2-18:1) acyltransferase, mitochondrial membrane (reversible) (No1)",False,True,0.0,0.0,inf,inf,True,False
r_2666_REVNo1,"MLCL (2-16:1, 3-16:1, 4-18:1):PC (1-18:0, 2-18:1) acyltransferase, mitochondrial membrane (reversible) (No1)",False,True,0.0,0.0,inf,inf,True,False
r_2667_REVNo1,"MLCL (2-16:1, 3-16:1, 4-18:1):PC (1-18:1, 2-18:1) acyltransferase, mitochondrial membrane (reversible) (No1)",False,True,0.0,0.0,inf,inf,True,False
r_2668_REVNo1,"MLCL (2-18:1, 3-16:0, 4-16:1):PC (1-16:0, 2-16:1) acyltransferase, mitochondrial membrane (reversible) (No1)",False,True,0.0,0.0,inf,inf,True,False
r_2669_REVNo1,"MLCL (2-18:1, 3-16:0, 4-16:1):PC (1-16:1, 2-16:1) acyltransferase, mitochondrial membrane (reversible) (No1)",False,True,0.0,0.0,inf,inf,True,False
r_2670_REVNo1,"MLCL (2-18:1, 3-16:0, 4-16:1):PC (1-18:0, 2-16:1) acyltransferase, mitochondrial membrane (reversible) (No1)",False,True,0.0,0.0,inf,inf,True,False
r_2671_REVNo1,"MLCL (2-18:1, 3-16:0, 4-16:1):PC (1-18:1, 2-16:1) acyltransferase, mitochondrial membrane (reversible) (No1)",False,True,0.0,0.0,inf,inf,True,False
r_2672_REVNo1,"MLCL (2-18:1, 3-16:0, 4-16:1):PC (1-16:0, 2-18:1) acyltransferase, mitochondrial membrane (reversible) (No1)",False,True,0.0,0.0,inf,inf,True,False
r_2673_REVNo1,"MLCL (2-18:1, 3-16:0, 4-16:1):PC (1-16:1, 2-18:1) acyltransferase, mitochondrial membrane (reversible) (No1)",False,True,0.0,0.0,inf,inf,True,False
r_2674_REVNo1,"MLCL (2-18:1, 3-16:0, 4-16:1):PC (1-18:0, 2-18:1) acyltransferase, mitochondrial membrane (reversible) (No1)",False,True,0.0,0.0,inf,inf,True,False
r_2675_REVNo1,"MLCL (2-18:1, 3-16:0, 4-16:1):PC (1-18:1, 2-18:1) acyltransferase, mitochondrial membrane (reversible) (No1)",False,True,0.0,0.0,inf,inf,True,False
r_2676_REVNo1,"MLCL (2-18:1, 3-16:1, 4-16:1):PC (1-16:0, 2-16:1) acyltransferase, mitochondrial membrane (reversible) (No1)",False,True,0.0,0.0,inf,inf,True,False
r_2677_REVNo1,"MLCL (2-18:1, 3-16:1, 4-16:1):PC (1-16:1, 2-16:1) acyltransferase, mitochondrial membrane (reversible) (No1)",False,True,0.0,0.0,inf,inf,True,False
r_2678_REVNo1,"MLCL (2-18:1, 3-16:1, 4-16:1):PC (1-18:0, 2-16:1) acyltransferase, mitochondrial membrane (reversible) (No1)",False,True,0.0,0.0,inf,inf,True,False
r_2679_REVNo1,"MLCL (2-18:1, 3-16:1, 4-16:1):PC (1-18:1, 2-16:1) acyltransferase, mitochondrial membrane (reversible) (No1)",False,True,0.0,0.0,inf,inf,True,False
r_2680_REVNo1,"MLCL (2-18:1, 3-16:1, 4-16:1):PC (1-16:0, 2-18:1) acyltransferase, mitochondrial membrane (reversible) (No1)",False,True,0.0,0.0,inf,inf,True,False
r_2681_REVNo1,"MLCL (2-18:1, 3-16:1, 4-16:1):PC (1-16:1, 2-18:1) acyltransferase, mitochondrial membrane (reversible) (No1)",False,True,0.0,0.0,inf,inf,True,False
r_2682_REVNo1,"MLCL (2-18:1, 3-16:1, 4-16:1):PC (1-18:0, 2-18:1) acyltransferase, mitochondrial membrane (reversible) (No1)",False,True,0.0,0.0,inf,inf,True,False
r_2683_REVNo1,"MLCL (2-18:1, 3-16:1, 4-16:1):PC (1-18:1, 2-18:1) acyltransferase, mitochondrial membrane (reversible) (No1)",False,True,0.0,0.0,inf,inf,True,False
r_2684_REVNo1,"MLCL (2-18:1, 3-18:0, 4-16:1):PC (1-16:0, 2-16:1) acyltransferase, mitochondrial membrane (reversible) (No1)",False,True,0.0,0.0,inf,inf,True,False
r_2685_REVNo1,"MLCL (2-18:1, 3-18:0, 4-16:1):PC (1-16:1, 2-16:1) acyltransferase, mitochondrial membrane (reversible) (No1)",False,True,0.0,0.0,inf,inf,True,False
r_2686_REVNo1,"MLCL (2-18:1, 3-18:0, 4-16:1):PC (1-18:0, 2-16:1) acyltransferase, mitochondrial membrane (reversible) (No1)",False,True,0.0,0.0,inf,inf,True,False
r_2687_REVNo1,"MLCL (2-18:1, 3-18:0, 4-16:1):PC (1-18:1, 2-16:1) acyltransferase, mitochondrial membrane (reversible) (No1)",False,True,0.0,0.0,inf,inf,True,False
r_2688_REVNo1,"MLCL (2-18:1, 3-18:0, 4-16:1):PC (1-16:0, 2-18:1) acyltransferase, mitochondrial membrane (reversible) (No1)",False,True,0.0,0.0,inf,inf,True,False
r_2689_REVNo1,"MLCL (2-18:1, 3-18:0, 4-16:1):PC (1-16:1, 2-18:1) acyltransferase, mitochondrial membrane (reversible) (No1)",False,True,0.0,0.0,inf,inf,True,False
r_2690_REVNo1,"MLCL (2-18:1, 3-18:0, 4-16:1):PC (1-18:0, 2-18:1) acyltransferase, mitochondrial membrane (reversible) (No1)",False,True,0.0,0.0,inf,inf,True,False
r_2691_REVNo1,"MLCL (2-18:1, 3-18:0, 4-16:1):PC (1-18:1, 2-18:1) acyltransferase, mitochondrial membrane (reversible) (No1)",False,True,0.0,0.0,inf,inf,True,False
r_2692_REVNo1,"MLCL (2-18:1, 3-18:1, 4-16:1):PC (1-16:0, 2-16:1) acyltransferase, mitochondrial membrane (reversible) (No1)",False,True,0.0,0.0,inf,inf,True,False
r_2693_REVNo1,"MLCL (2-18:1, 3-18:1, 4-16:1):PC (1-16:1, 2-16:1) acyltransferase, mitochondrial membrane (reversible) (No1)",False,True,0.0,0.0,inf,inf,True,False
r_2694_REVNo1,"MLCL (2-18:1, 3-18:1, 4-16:1):PC (1-18:0, 2-16:1) acyltransferase, mitochondrial membrane (reversible) (No1)",False,True,0.0,0.0,inf,inf,True,False
r_2695_REVNo1,"MLCL (2-18:1, 3-18:1, 4-16:1):PC (1-18:1, 2-16:1) acyltransferase, mitochondrial membrane (reversible) (No1)",False,True,0.0,0.0,inf,inf,True,False
r_2696_REVNo1,"MLCL (2-18:1, 3-18:1, 4-16:1):PC (1-16:0, 2-18:1) acyltransferase, mitochondrial membrane (reversible) (No1)",False,True,0.0,0.0,inf,inf,True,False
r_2697_REVNo1,"MLCL (2-18:1, 3-18:1, 4-16:1):PC (1-16:1, 2-18:1) acyltransferase, mitochondrial membrane (reversible) (No1)",False,True,0.0,0.0,inf,inf,True,False
r_2698_REVNo1,"MLCL (2-18:1, 3-18:1, 4-16:1):PC (1-18:0, 2-18:1) acyltransferase, mitochondrial membrane (reversible) (No1)",False,True,0.0,0.0,inf,inf,True,False
r_2699_REVNo1,"MLCL (2-18:1, 3-18:1, 4-16:1):PC (1-18:1, 2-18:1) acyltransferase, mitochondrial membrane (reversible) (No1)",False,True,0.0,0.0,inf,inf,True,False
r_2700_REVNo1,"MLCL (2-18:1, 3-16:0, 4-18:1):PC (1-16:0, 2-16:1) acyltransferase, mitochondrial membrane (reversible) (No1)",False,True,0.0,0.0,inf,inf,True,False
r_2701_REVNo1,"MLCL (2-18:1, 3-16:0, 4-18:1):PC (1-16:1, 2-16:1) acyltransferase, mitochondrial membrane (reversible) (No1)",False,True,0.0,0.0,inf,inf,True,False
r_2702_REVNo1,"MLCL (2-18:1, 3-16:0, 4-18:1):PC (1-18:0, 2-16:1) acyltransferase, mitochondrial membrane (reversible) (No1)",False,True,0.0,0.0,inf,inf,True,False
r_2703_REVNo1,"MLCL (2-18:1, 3-16:0, 4-18:1):PC (1-18:1, 2-16:1) acyltransferase, mitochondrial membrane (reversible) (No1)",False,True,0.0,0.0,inf,inf,True,False
r_2704_REVNo1,"MLCL (2-18:1, 3-16:0, 4-18:1):PC (1-16:0, 2-18:1) acyltransferase, mitochondrial membrane (reversible) (No1)",False,True,0.0,0.0,inf,inf,True,False
r_2705_REVNo1,"MLCL (2-18:1, 3-16:0, 4-18:1):PC (1-16:1, 2-18:1) acyltransferase, mitochondrial membrane (reversible) (No1)",False,True,0.0,0.0,inf,inf,True,False
r_2706_REVNo1,"MLCL (2-18:1, 3-16:0, 4-18:1):PC (1-18:0, 2-18:1) acyltransferase, mitochondrial membrane (reversible) (No1)",False,True,0.0,0.0,inf,inf,True,False
r_2707_REVNo1,"MLCL (2-18:1, 3-16:0, 4-18:1):PC (1-18:1, 2-18:1) acyltransferase, mitochondrial membrane (reversible) (No1)",False,True,0.0,0.0,inf,inf,True,False
r_2708_REVNo1,"MLCL (2-18:1, 3-16:1, 4-18:1):PC (1-16:0, 2-16:1) acyltransferase, mitochondrial membrane (reversible) (No1)",False,True,0.0,0.0,inf,inf,True,False
r_2709_REVNo1,"MLCL (2-18:1, 3-16:1, 4-18:1):PC (1-16:1, 2-16:1) acyltransferase, mitochondrial membrane (reversible) (No1)",False,True,0.0,0.0,inf,inf,True,False
r_2710_REVNo1,"MLCL (2-18:1, 3-16:1, 4-18:1):PC (1-18:0, 2-16:1) acyltransferase, mitochondrial membrane (reversible) (No1)",False,True,0.0,0.0,inf,inf,True,False
r_2711_REVNo1,"MLCL (2-18:1, 3-16:1, 4-18:1):PC (1-18:1, 2-16:1) acyltransferase, mitochondrial membrane (reversible) (No1)",False,True,0.0,0.0,inf,inf,True,False
r_2712_REVNo1,"MLCL (2-18:1, 3-16:1, 4-18:1):PC (1-16:0, 2-18:1) acyltransferase, mitochondrial membrane (reversible) (No1)",False,True,0.0,0.0,inf,inf,True,False
r_2713_REVNo1,"MLCL (2-18:1, 3-16:1, 4-18:1):PC (1-16:1, 2-18:1) acyltransferase, mitochondrial membrane (reversible) (No1)",False,True,0.0,0.0,inf,inf,True,False
r_2714_REVNo1,"MLCL (2-18:1, 3-16:1, 4-18:1):PC (1-18:0, 2-18:1) acyltransferase, mitochondrial membrane (reversible) (No1)",False,True,0.0,0.0,inf,inf,True,False
r_2715_REVNo1,"MLCL (2-18:1, 3-16:1, 4-18:1):PC (1-18:1, 2-18:1) acyltransferase, mitochondrial membrane (reversible) (No1)",False,True,0.0,0.0,inf,inf,True,False
r_2716_REVNo1,"MLCL (1-16:0, 2-16:1, 4-16:1):PC (1-16:0, 2-16:1) acyltransferase, mitochondrial membrane (reversible) (No1)",False,True,0.0,0.0,inf,inf,True,False
r_2717_REVNo1,"MLCL (1-16:0, 2-16:1, 4-16:1):PC (1-16:1, 2-16:1) acyltransferase, mitochondrial membrane (reversible) (No1)",False,True,0.0,0.0,inf,inf,True,False
r_2718_REVNo1,"MLCL (1-16:0, 2-16:1, 4-16:1):PC (1-18:0, 2-16:1) acyltransferase, mitochondrial membrane (reversible) (No1)",False,True,0.0,0.0,inf,inf,True,False
r_2719_REVNo1,"MLCL (1-16:0, 2-16:1, 4-16:1):PC (1-18:1, 2-16:1) acyltransferase, mitochondrial membrane (reversible) (No1)",False,True,0.0,0.0,inf,inf,True,False
r_2720_REVNo1,"MLCL (1-16:0, 2-16:1, 4-16:1):PC (1-16:0, 2-18:1) acyltransferase, mitochondrial membrane (reversible) (No1)",False,True,0.0,0.0,inf,inf,True,False
r_2721_REVNo1,"MLCL (1-16:0, 2-16:1, 4-16:1):PC (1-16:1, 2-18:1) acyltransferase, mitochondrial membrane (reversible) (No1)",False,True,0.0,0.0,inf,inf,True,False
r_2722_REVNo1,"MLCL (1-16:0, 2-16:1, 4-16:1):PC (1-18:0, 2-18:1) acyltransferase, mitochondrial membrane (reversible) (No1)",False,True,0.0,0.0,inf,inf,True,False
r_2723_REVNo1,"MLCL (1-16:0, 2-16:1, 4-16:1):PC (1-18:1, 2-18:1) acyltransferase, mitochondrial membrane (reversible) (No1)",False,True,0.0,0.0,inf,inf,True,False
r_2724_REVNo1,"MLCL (1-16:0, 2-16:1, 4-18:1):PC (1-16:0, 2-16:1) acyltransferase, mitochondrial membrane (reversible) (No1)",False,True,0.0,0.0,inf,inf,True,False
r_2725_REVNo1,"MLCL (1-16:0, 2-16:1, 4-18:1):PC (1-16:1, 2-16:1) acyltransferase, mitochondrial membrane (reversible) (No1)",False,True,0.0,0.0,inf,inf,True,False
r_2726_REVNo1,"MLCL (1-16:0, 2-16:1, 4-18:1):PC (1-18:0, 2-16:1) acyltransferase, mitochondrial membrane (reversible) (No1)",False,True,0.0,0.0,inf,inf,True,False
r_2727_REVNo1,"MLCL (1-16:0, 2-16:1, 4-18:1):PC (1-18:1, 2-16:1) acyltransferase, mitochondrial membrane (reversible) (No1)",False,True,0.0,0.0,inf,inf,True,False
r_2728_REVNo1,"MLCL (1-16:0, 2-16:1, 4-18:1):PC (1-16:0, 2-18:1) acyltransferase, mitochondrial membrane (reversible) (No1)",False,True,0.0,0.0,inf,inf,True,False
r_2729_REVNo1,"MLCL (1-16:0, 2-16:1, 4-18:1):PC (1-16:1, 2-18:1) acyltransferase, mitochondrial membrane (reversible) (No1)",False,True,0.0,0.0,inf,inf,True,False
r_2730_REVNo1,"MLCL (1-16:0, 2-16:1, 4-18:1):PC (1-18:0, 2-18:1) acyltransferase, mitochondrial membrane (reversible) (No1)",False,True,0.0,0.0,inf,inf,True,False
r_2731_REVNo1,"MLCL (1-16:0, 2-16:1, 4-18:1):PC (1-18:1, 2-18:1) acyltransferase, mitochondrial membrane (reversible) (No1)",False,True,0.0,0.0,inf,inf,True,False
r_2732_REVNo1,"MLCL (1-16:1, 2-16:1, 4-16:1):PC (1-16:0, 2-16:1) acyltransferase, mitochondrial membrane (reversible) (No1)",False,True,0.0,0.0,inf,inf,True,False
r_2733_REVNo1,"MLCL (1-16:1, 2-16:1, 4-16:1):PC (1-16:1, 2-16:1) acyltransferase, mitochondrial membrane (reversible) (No1)",False,True,0.0,0.0,inf,inf,True,False
r_2734_REVNo1,"MLCL (1-16:1, 2-16:1, 4-16:1):PC (1-18:0, 2-16:1) acyltransferase, mitochondrial membrane (reversible) (No1)",False,True,0.0,0.0,inf,inf,True,False
r_2735_REVNo1,"MLCL (1-16:1, 2-16:1, 4-16:1):PC (1-18:1, 2-16:1) acyltransferase, mitochondrial membrane (reversible) (No1)",False,True,0.0,0.0,inf,inf,True,False
r_2736_REVNo1,"MLCL (1-16:1, 2-16:1, 4-16:1):PC (1-16:0, 2-18:1) acyltransferase, mitochondrial membrane (reversible) (No1)",False,True,0.0,0.0,inf,inf,True,False
r_2737_REVNo1,"MLCL (1-16:1, 2-16:1, 4-16:1):PC (1-16:1, 2-18:1) acyltransferase, mitochondrial membrane (reversible) (No1)",False,True,0.0,0.0,inf,inf,True,False
r_2738_REVNo1,"MLCL (1-16:1, 2-16:1, 4-16:1):PC (1-18:0, 2-18:1) acyltransferase, mitochondrial membrane (reversible) (No1)",False,True,0.0,0.0,inf,inf,True,False
r_2739_REVNo1,"MLCL (1-16:1, 2-16:1, 4-16:1):PC (1-18:1, 2-18:1) acyltransferase, mitochondrial membrane (reversible) (No1)",False,True,0.0,0.0,inf,inf,True,False
r_2740_REVNo1,"MLCL (1-16:1, 2-16:1, 4-18:1):PC (1-16:0, 2-16:1) acyltransferase, mitochondrial membrane (reversible) (No1)",False,True,0.0,0.0,inf,inf,True,False
r_2741_REVNo1,"MLCL (1-16:1, 2-16:1, 4-18:1):PC (1-16:1, 2-16:1) acyltransferase, mitochondrial membrane (reversible) (No1)",False,True,0.0,0.0,inf,inf,True,False
r_2742_REVNo1,"MLCL (1-16:1, 2-16:1, 4-18:1):PC (1-18:0, 2-16:1) acyltransferase, mitochondrial membrane (reversible) (No1)",False,True,0.0,0.0,inf,inf,True,False
r_2743_REVNo1,"MLCL (1-16:1, 2-16:1, 4-18:1):PC (1-18:1, 2-16:1) acyltransferase, mitochondrial membrane (reversible) (No1)",False,True,0.0,0.0,inf,inf,True,False
r_2744_REVNo1,"MLCL (1-16:1, 2-16:1, 4-18:1):PC (1-16:0, 2-18:1) acyltransferase, mitochondrial membrane (reversible) (No1)",False,True,0.0,0.0,inf,inf,True,False
r_2745_REVNo1,"MLCL (1-16:1, 2-16:1, 4-18:1):PC (1-16:1, 2-18:1) acyltransferase, mitochondrial membrane (reversible) (No1)",False,True,0.0,0.0,inf,inf,True,False
r_2746_REVNo1,"MLCL (1-16:1, 2-16:1, 4-18:1):PC (1-18:0, 2-18:1) acyltransferase, mitochondrial membrane (reversible) (No1)",False,True,0.0,0.0,inf,inf,True,False
r_2747_REVNo1,"MLCL (1-16:1, 2-16:1, 4-18:1):PC (1-18:1, 2-18:1) acyltransferase, mitochondrial membrane (reversible) (No1)",False,True,0.0,0.0,inf,inf,True,False
r_2748_REVNo1,"MLCL (1-18:0, 2-16:1, 4-16:1):PC (1-16:0, 2-16:1) acyltransferase, mitochondrial membrane (reversible) (No1)",False,True,0.0,0.0,inf,inf,True,False
r_2749_REVNo1,"MLCL (1-18:0, 2-16:1, 4-16:1):PC (1-16:1, 2-16:1) acyltransferase, mitochondrial membrane (reversible) (No1)",False,True,0.0,0.0,inf,inf,True,False
r_2750_REVNo1,"MLCL (1-18:0, 2-16:1, 4-16:1):PC (1-18:0, 2-16:1) acyltransferase, mitochondrial membrane (reversible) (No1)",False,True,0.0,0.0,inf,inf,True,False
r_2751_REVNo1,"MLCL (1-18:0, 2-16:1, 4-16:1):PC (1-18:1, 2-16:1) acyltransferase, mitochondrial membrane (reversible) (No1)",False,True,0.0,0.0,inf,inf,True,False
r_2752_REVNo1,"MLCL (1-18:0, 2-16:1, 4-16:1):PC (1-16:0, 2-18:1) acyltransferase, mitochondrial membrane (reversible) (No1)",False,True,0.0,0.0,inf,inf,True,False
r_2753_REVNo1,"MLCL (1-18:0, 2-16:1, 4-16:1):PC (1-16:1, 2-18:1) acyltransferase, mitochondrial membrane (reversible) (No1)",False,True,0.0,0.0,inf,inf,True,False
r_2754_REVNo1,"MLCL (1-18:0, 2-16:1, 4-16:1):PC (1-18:0, 2-18:1) acyltransferase, mitochondrial membrane (reversible) (No1)",False,True,0.0,0.0,inf,inf,True,False
r_2755_REVNo1,"MLCL (1-18:0, 2-16:1, 4-16:1):PC (1-18:1, 2-18:1) acyltransferase, mitochondrial membrane (reversible) (No1)",False,True,0.0,0.0,inf,inf,True,False
r_2756_REVNo1,"MLCL (1-18:0, 2-16:1, 4-18:1):PC (1-16:0, 2-16:1) acyltransferase, mitochondrial membrane (reversible) (No1)",False,True,0.0,0.0,inf,inf,True,False
r_2757_REVNo1,"MLCL (1-18:0, 2-16:1, 4-18:1):PC (1-16:1, 2-16:1) acyltransferase, mitochondrial membrane (reversible) (No1)",False,True,0.0,0.0,inf,inf,True,False
r_2758_REVNo1,"MLCL (1-18:0, 2-16:1, 4-18:1):PC (1-18:0, 2-16:1) acyltransferase, mitochondrial membrane (reversible) (No1)",False,True,0.0,0.0,inf,inf,True,False
r_2759_REVNo1,"MLCL (1-18:0, 2-16:1, 4-18:1):PC (1-18:1, 2-16:1) acyltransferase, mitochondrial membrane (reversible) (No1)",False,True,0.0,0.0,inf,inf,True,False
r_2760_REVNo1,"MLCL (1-18:0, 2-16:1, 4-18:1):PC (1-16:0, 2-18:1) acyltransferase, mitochondrial membrane (reversible) (No1)",False,True,0.0,0.0,inf,inf,True,False
r_2761_REVNo1,"MLCL (1-18:0, 2-16:1, 4-18:1):PC (1-16:1, 2-18:1) acyltransferase, mitochondrial membrane (reversible) (No1)",False,True,0.0,0.0,inf,inf,True,False
r_2762_REVNo1,"MLCL (1-18:0, 2-16:1, 4-18:1):PC (1-18:0, 2-18:1) acyltransferase, mitochondrial membrane (reversible) (No1)",False,True,0.0,0.0,inf,inf,True,False
r_2763_REVNo1,"MLCL (1-18:0, 2-16:1, 4-18:1):PC (1-18:1, 2-18:1) acyltransferase, mitochondrial membrane (reversible) (No1)",False,True,0.0,0.0,inf,inf,True,False
r_2764_REVNo1,"MLCL (1-18:1, 2-16:1, 4-16:1):PC (1-16:0, 2-16:1) acyltransferase, mitochondrial membrane (reversible) (No1)",False,True,0.0,0.0,inf,inf,True,False
r_2765_REVNo1,"MLCL (1-18:1, 2-16:1, 4-16:1):PC (1-16:1, 2-16:1) acyltransferase, mitochondrial membrane (reversible) (No1)",False,True,0.0,0.0,inf,inf,True,False
r_2766_REVNo1,"MLCL (1-18:1, 2-16:1, 4-16:1):PC (1-18:0, 2-16:1) acyltransferase, mitochondrial membrane (reversible) (No1)",False,True,0.0,0.0,inf,inf,True,False
r_2767_REVNo1,"MLCL (1-18:1, 2-16:1, 4-16:1):PC (1-18:1, 2-16:1) acyltransferase, mitochondrial membrane (reversible) (No1)",False,True,0.0,0.0,inf,inf,True,False
r_2768_REVNo1,"MLCL (1-18:1, 2-16:1, 4-16:1):PC (1-16:0, 2-18:1) acyltransferase, mitochondrial membrane (reversible) (No1)",False,True,0.0,0.0,inf,inf,True,False
r_2769_REVNo1,"MLCL (1-18:1, 2-16:1, 4-16:1):PC (1-16:1, 2-18:1) acyltransferase, mitochondrial membrane (reversible) (No1)",False,True,0.0,0.0,inf,inf,True,False
r_2770_REVNo1,"MLCL (1-18:1, 2-16:1, 4-16:1):PC (1-18:0, 2-18:1) acyltransferase, mitochondrial membrane (reversible) (No1)",False,True,0.0,0.0,inf,inf,True,False
r_2771_REVNo1,"MLCL (1-18:1, 2-16:1, 4-16:1):PC (1-18:1, 2-18:1) acyltransferase, mitochondrial membrane (reversible) (No1)",False,True,0.0,0.0,inf,inf,True,False
r_2772_REVNo1,"MLCL (1-18:1, 2-16:1, 4-18:1):PC (1-16:0, 2-16:1) acyltransferase, mitochondrial membrane (reversible) (No1)",False,True,0.0,0.0,inf,inf,True,False
r_2773_REVNo1,"MLCL (1-18:1, 2-16:1, 4-18:1):PC (1-16:1, 2-16:1) acyltransferase, mitochondrial membrane (reversible) (No1)",False,True,0.0,0.0,inf,inf,True,False
r_2774_REVNo1,"MLCL (1-18:1, 2-16:1, 4-18:1):PC (1-18:0, 2-16:1) acyltransferase, mitochondrial membrane (reversible) (No1)",False,True,0.0,0.0,inf,inf,True,False
r_2775_REVNo1,"MLCL (1-18:1, 2-16:1, 4-18:1):PC (1-18:1, 2-16:1) acyltransferase, mitochondrial membrane (reversible) (No1)",False,True,0.0,0.0,inf,inf,True,False
r_2776_REVNo1,"MLCL (1-18:1, 2-16:1, 4-18:1):PC (1-16:0, 2-18:1) acyltransferase, mitochondrial membrane (reversible) (No1)",False,True,0.0,0.0,inf,inf,True,False
r_2777_REVNo1,"MLCL (1-18:1, 2-16:1, 4-18:1):PC (1-16:1, 2-18:1) acyltransferase, mitochondrial membrane (reversible) (No1)",False,True,0.0,0.0,inf,inf,True,False
r_2778_REVNo1,"MLCL (1-18:1, 2-16:1, 4-18:1):PC (1-18:0, 2-18:1) acyltransferase, mitochondrial membrane (reversible) (No1)",False,True,0.0,0.0,inf,inf,True,False
r_2779_REVNo1,"MLCL (1-18:1, 2-16:1, 4-18:1):PC (1-18:1, 2-18:1) acyltransferase, mitochondrial membrane (reversible) (No1)",False,True,0.0,0.0,inf,inf,True,False
r_2780_REVNo1,"MLCL (1-16:0, 2-18:1, 4-16:1):PC (1-16:0, 2-16:1) acyltransferase, mitochondrial membrane (reversible) (No1)",False,True,0.0,0.0,inf,inf,True,False
r_2781_REVNo1,"MLCL (1-16:0, 2-18:1, 4-16:1):PC (1-16:1, 2-16:1) acyltransferase, mitochondrial membrane (reversible) (No1)",False,True,0.0,0.0,inf,inf,True,False
r_2782_REVNo1,"MLCL (1-16:0, 2-18:1, 4-16:1):PC (1-18:0, 2-16:1) acyltransferase, mitochondrial membrane (reversible) (No1)",False,True,0.0,0.0,inf,inf,True,False
r_2783_REVNo1,"MLCL (1-16:0, 2-18:1, 4-16:1):PC (1-18:1, 2-16:1) acyltransferase, mitochondrial membrane (reversible) (No1)",False,True,0.0,0.0,inf,inf,True,False
r_2784_REVNo1,"MLCL (1-16:0, 2-18:1, 4-16:1):PC (1-16:0, 2-18:1) acyltransferase, mitochondrial membrane (reversible) (No1)",False,True,0.0,0.0,inf,inf,True,False
r_2785_REVNo1,"MLCL (1-16:0, 2-18:1, 4-16:1):PC (1-16:1, 2-18:1) acyltransferase, mitochondrial membrane (reversible) (No1)",False,True,0.0,0.0,inf,inf,True,False
r_2786_REVNo1,"MLCL (1-16:0, 2-18:1, 4-16:1):PC (1-18:0, 2-18:1) acyltransferase, mitochondrial membrane (reversible) (No1)",False,True,0.0,0.0,inf,inf,True,False
r_2787_REVNo1,"MLCL (1-16:0, 2-18:1, 4-16:1):PC (1-18:1, 2-18:1) acyltransferase, mitochondrial membrane (reversible) (No1)",False,True,0.0,0.0,inf,inf,True,False
r_2788_REVNo1,"MLCL (1-16:0, 2-18:1, 4-18:1):PC (1-16:0, 2-16:1) acyltransferase, mitochondrial membrane (reversible) (No1)",False,True,0.0,0.0,inf,inf,True,False
r_2789_REVNo1,"MLCL (1-16:0, 2-18:1, 4-18:1):PC (1-16:1, 2-16:1) acyltransferase, mitochondrial membrane (reversible) (No1)",False,True,0.0,0.0,inf,inf,True,False
r_2790_REVNo1,"MLCL (1-16:0, 2-18:1, 4-18:1):PC (1-18:0, 2-16:1) acyltransferase, mitochondrial membrane (reversible) (No1)",False,True,0.0,0.0,inf,inf,True,False
r_2791_REVNo1,"MLCL (1-16:0, 2-18:1, 4-18:1):PC (1-18:1, 2-16:1) acyltransferase, mitochondrial membrane (reversible) (No1)",False,True,0.0,0.0,inf,inf,True,False
r_2792_REVNo1,"MLCL (1-16:0, 2-18:1, 4-18:1):PC (1-16:0, 2-18:1) acyltransferase, mitochondrial membrane (reversible) (No1)",False,True,0.0,0.0,inf,inf,True,False
r_2793_REVNo1,"MLCL (1-16:0, 2-18:1, 4-18:1):PC (1-16:1, 2-18:1) acyltransferase, mitochondrial membrane (reversible) (No1)",False,True,0.0,0.0,inf,inf,True,False
r_2794_REVNo1,"MLCL (1-16:0, 2-18:1, 4-18:1):PC (1-18:0, 2-18:1) acyltransferase, mitochondrial membrane (reversible) (No1)",False,True,0.0,0.0,inf,inf,True,False
r_2795_REVNo1,"MLCL (1-16:0, 2-18:1, 4-18:1):PC (1-18:1, 2-18:1) acyltransferase, mitochondrial membrane (reversible) (No1)",False,True,0.0,0.0,inf,inf,True,False
r_2796_REVNo1,"MLCL (1-16:1, 2-18:1, 4-16:1):PC (1-16:0, 2-16:1) acyltransferase, mitochondrial membrane (reversible) (No1)",False,True,0.0,0.0,inf,inf,True,False
r_2797_REVNo1,"MLCL (1-16:1, 2-18:1, 4-16:1):PC (1-16:1, 2-16:1) acyltransferase, mitochondrial membrane (reversible) (No1)",False,True,0.0,0.0,inf,inf,True,False
r_2798_REVNo1,"MLCL (1-16:1, 2-18:1, 4-16:1):PC (1-18:0, 2-16:1) acyltransferase, mitochondrial membrane (reversible) (No1)",False,True,0.0,0.0,inf,inf,True,False
r_2799_REVNo1,"MLCL (1-16:1, 2-18:1, 4-16:1):PC (1-18:1, 2-16:1) acyltransferase, mitochondrial membrane (reversible) (No1)",False,True,0.0,0.0,inf,inf,True,False
r_2800_REVNo1,"MLCL (1-16:1, 2-18:1, 4-16:1):PC (1-16:0, 2-18:1) acyltransferase, mitochondrial membrane (reversible) (No1)",False,True,0.0,0.0,inf,inf,True,False
r_2801_REVNo1,"MLCL (1-16:1, 2-18:1, 4-16:1):PC (1-16:1, 2-18:1) acyltransferase, mitochondrial membrane (reversible) (No1)",False,True,0.0,0.0,inf,inf,True,False
r_2802_REVNo1,"MLCL (1-16:1, 2-18:1, 4-16:1):PC (1-18:0, 2-18:1) acyltransferase, mitochondrial membrane (reversible) (No1)",False,True,0.0,0.0,inf,inf,True,False
r_2803_REVNo1,"MLCL (1-16:1, 2-18:1, 4-16:1):PC (1-18:1, 2-18:1) acyltransferase, mitochondrial membrane (reversible) (No1)",False,True,0.0,0.0,inf,inf,True,False
r_2804_REVNo1,"MLCL (1-16:1, 2-18:1, 4-18:1):PC (1-16:0, 2-16:1) acyltransferase, mitochondrial membrane (reversible) (No1)",False,True,0.0,0.0,inf,inf,True,False
r_2805_REVNo1,"MLCL (1-16:1, 2-18:1, 4-18:1):PC (1-16:1, 2-16:1) acyltransferase, mitochondrial membrane (reversible) (No1)",False,True,0.0,0.0,inf,inf,True,False
r_2806_REVNo1,"MLCL (1-16:1, 2-18:1, 4-18:1):PC (1-18:0, 2-16:1) acyltransferase, mitochondrial membrane (reversible) (No1)",False,True,0.0,0.0,inf,inf,True,False
r_2807_REVNo1,"MLCL (1-16:1, 2-18:1, 4-18:1):PC (1-18:1, 2-16:1) acyltransferase, mitochondrial membrane (reversible) (No1)",False,True,0.0,0.0,inf,inf,True,False
r_2808_REVNo1,"MLCL (1-16:1, 2-18:1, 4-18:1):PC (1-16:0, 2-18:1) acyltransferase, mitochondrial membrane (reversible) (No1)",False,True,0.0,0.0,inf,inf,True,False
r_2809_REVNo1,"MLCL (1-16:1, 2-18:1, 4-18:1):PC (1-16:1, 2-18:1) acyltransferase, mitochondrial membrane (reversible) (No1)",False,True,0.0,0.0,inf,inf,True,False
r_2810_REVNo1,"MLCL (1-16:1, 2-18:1, 4-18:1):PC (1-18:0, 2-18:1) acyltransferase, mitochondrial membrane (reversible) (No1)",False,True,0.0,0.0,inf,inf,True,False
r_2811_REVNo1,"MLCL (1-16:1, 2-18:1, 4-18:1):PC (1-18:1, 2-18:1) acyltransferase, mitochondrial membrane (reversible) (No1)",False,True,0.0,0.0,inf,inf,True,False
r_2884_REVNo1,"PE (1-16:0, 2-16:1) diacylglycerol (1-16:0, 2-16:1) acyltransferase, ER membrane (reversible) (No1)",False,True,0.0,0.0,inf,inf,True,False
r_2885_REVNo1,"PE (1-16:1, 2-16:1) diacylglycerol (1-16:0, 2-16:1) acyltransferase, ER membrane (reversible) (No1)",False,True,0.0,0.0,inf,inf,True,False
r_2886_REVNo1,"PE (1-18:0, 2-16:1) diacylglycerol (1-16:0, 2-16:1) acyltransferase, ER membrane (reversible) (No1)",False,True,0.0,0.0,inf,inf,True,False
r_2887_REVNo1,"PE (1-18:1, 2-16:1) diacylglycerol (1-16:0, 2-16:1) acyltransferase, ER membrane (reversible) (No1)",False,True,0.0,0.0,inf,inf,True,False
r_2888_REVNo1,"PE (1-16:0, 2-18:1) diacylglycerol (1-16:0, 2-16:1) acyltransferase, ER membrane (reversible) (No1)",False,True,0.0,0.0,inf,inf,True,False
r_2889_REVNo1,"PE (1-16:1, 2-18:1) diacylglycerol (1-16:0, 2-16:1) acyltransferase, ER membrane (reversible) (No1)",False,True,0.0,0.0,inf,inf,True,False
r_2890_REVNo1,"PE (1-18:0, 2-18:1) diacylglycerol (1-16:0, 2-16:1) acyltransferase, ER membrane (reversible) (No1)",False,True,0.0,0.0,inf,inf,True,False
r_2891_REVNo1,"PE (1-18:1, 2-18:1) diacylglycerol (1-16:0, 2-16:1) acyltransferase, ER membrane (reversible) (No1)",False,True,0.0,0.0,inf,inf,True,False
r_2892_REVNo1,"PE (1-16:0, 2-16:1) diacylglycerol (1-16:1, 2-16:1) acyltransferase, ER membrane (reversible) (No1)",False,True,0.0,0.0,inf,inf,True,False
r_2893_REVNo1,"PE (1-16:1, 2-16:1) diacylglycerol (1-16:1, 2-16:1) acyltransferase, ER membrane (reversible) (No1)",False,True,0.0,0.0,inf,inf,True,False
r_2894_REVNo1,"PE (1-18:0, 2-16:1) diacylglycerol (1-16:1, 2-16:1) acyltransferase, ER membrane (reversible) (No1)",False,True,0.0,0.0,inf,inf,True,False
r_2895_REVNo1,"PE (1-18:1, 2-16:1) diacylglycerol (1-16:1, 2-16:1) acyltransferase, ER membrane (reversible) (No1)",False,True,0.0,0.0,inf,inf,True,False
r_2896_REVNo1,"PE (1-16:0, 2-18:1) diacylglycerol (1-16:1, 2-16:1) acyltransferase, ER membrane (reversible) (No1)",False,True,0.0,0.0,inf,inf,True,False
r_2897_REVNo1,"PE (1-16:1, 2-18:1) diacylglycerol (1-16:1, 2-16:1) acyltransferase, ER membrane (reversible) (No1)",False,True,0.0,0.0,inf,inf,True,False
r_2898_REVNo1,"PE (1-18:0, 2-18:1) diacylglycerol (1-16:1, 2-16:1) acyltransferase, ER membrane (reversible) (No1)",False,True,0.0,0.0,inf,inf,True,False
r_2899_REVNo1,"PE (1-18:1, 2-18:1) diacylglycerol (1-16:1, 2-16:1) acyltransferase, ER membrane (reversible) (No1)",False,True,0.0,0.0,inf,inf,True,False
r_2900_REVNo1,"PE (1-16:0, 2-16:1) diacylglycerol (1-18:0, 2-16:1) acyltransferase, ER membrane (reversible) (No1)",False,True,0.0,0.0,inf,inf,True,False
r_2901_REVNo1,"PE (1-16:1, 2-16:1) diacylglycerol (1-18:0, 2-16:1) acyltransferase, ER membrane (reversible) (No1)",False,True,0.0,0.0,inf,inf,True,False
r_2902_REVNo1,"PE (1-18:0, 2-16:1) diacylglycerol (1-18:0, 2-16:1) acyltransferase, ER membrane (reversible) (No1)",False,True,0.0,0.0,inf,inf,True,False
r_2903_REVNo1,"PE (1-18:1, 2-16:1) diacylglycerol (1-18:0, 2-16:1) acyltransferase, ER membrane (reversible) (No1)",False,True,0.0,0.0,inf,inf,True,False
r_2904_REVNo1,"PE (1-16:0, 2-18:1) diacylglycerol (1-18:0, 2-16:1) acyltransferase, ER membrane (reversible) (No1)",False,True,0.0,0.0,inf,inf,True,False
r_2905_REVNo1,"PE (1-16:1, 2-18:1) diacylglycerol (1-18:0, 2-16:1) acyltransferase, ER membrane (reversible) (No1)",False,True,0.0,0.0,inf,inf,True,False
r_2906_REVNo1,"PE (1-18:0, 2-18:1) diacylglycerol (1-18:0, 2-16:1) acyltransferase, ER membrane (reversible) (No1)",False,True,0.0,0.0,inf,inf,True,False
r_2907_REVNo1,"PE (1-18:1, 2-18:1) diacylglycerol (1-18:0, 2-16:1) acyltransferase, ER membrane (reversible) (No1)",False,True,0.0,0.0,inf,inf,True,False
r_2908_REVNo1,"PE (1-16:0, 2-16:1) diacylglycerol (1-18:1, 2-16:1) acyltransferase, ER membrane (reversible) (No1)",False,True,0.0,0.0,inf,inf,True,False
r_2909_REVNo1,"PE (1-16:1, 2-16:1) diacylglycerol (1-18:1, 2-16:1) acyltransferase, ER membrane (reversible) (No1)",False,True,0.0,0.0,inf,inf,True,False
r_2910_REVNo1,"PE (1-18:0, 2-16:1) diacylglycerol (1-18:1, 2-16:1) acyltransferase, ER membrane (reversible) (No1)",False,True,0.0,0.0,inf,inf,True,False
r_2911_REVNo1,"PE (1-18:1, 2-16:1) diacylglycerol (1-18:1, 2-16:1) acyltransferase, ER membrane (reversible) (No1)",False,True,0.0,0.0,inf,inf,True,False
r_2912_REVNo1,"PE (1-16:0, 2-18:1) diacylglycerol (1-18:1, 2-16:1) acyltransferase, ER membrane (reversible) (No1)",False,True,0.0,0.0,inf,inf,True,False
r_2913_REVNo1,"PE (1-16:1, 2-18:1) diacylglycerol (1-18:1, 2-16:1) acyltransferase, ER membrane (reversible) (No1)",False,True,0.0,0.0,inf,inf,True,False
r_2914_REVNo1,"PE (1-18:0, 2-18:1) diacylglycerol (1-18:1, 2-16:1) acyltransferase, ER membrane (reversible) (No1)",False,True,0.0,0.0,inf,inf,True,False
r_2915_REVNo1,"PE (1-18:1, 2-18:1) diacylglycerol (1-18:1, 2-16:1) acyltransferase, ER membrane (reversible) (No1)",False,True,0.0,0.0,inf,inf,True,False
r_2916_REVNo1,"PE (1-16:0, 2-16:1) diacylglycerol (1-16:0, 2-18:1) acyltransferase, ER membrane (reversible) (No1)",False,True,0.0,0.0,inf,inf,True,False
r_2917_REVNo1,"PE (1-16:1, 2-16:1) diacylglycerol (1-16:0, 2-18:1) acyltransferase, ER membrane (reversible) (No1)",False,True,0.0,0.0,inf,inf,True,False
r_2918_REVNo1,"PE (1-18:0, 2-16:1) diacylglycerol (1-16:0, 2-18:1) acyltransferase, ER membrane (reversible) (No1)",False,True,0.0,0.0,inf,inf,True,False
r_2919_REVNo1,"PE (1-18:1, 2-16:1) diacylglycerol (1-16:0, 2-18:1) acyltransferase, ER membrane (reversible) (No1)",False,True,0.0,0.0,inf,inf,True,False
r_2920_REVNo1,"PE (1-16:0, 2-18:1) diacylglycerol (1-16:0, 2-18:1) acyltransferase, ER membrane (reversible) (No1)",False,True,0.0,0.0,inf,inf,True,False
r_2921_REVNo1,"PE (1-16:1, 2-18:1) diacylglycerol (1-16:0, 2-18:1) acyltransferase, ER membrane (reversible) (No1)",False,True,0.0,0.0,inf,inf,True,False
r_2922_REVNo1,"PE (1-18:0, 2-18:1) diacylglycerol (1-16:0, 2-18:1) acyltransferase, ER membrane (reversible) (No1)",False,True,0.0,0.0,inf,inf,True,False
r_2923_REVNo1,"PE (1-18:1, 2-18:1) diacylglycerol (1-16:0, 2-18:1) acyltransferase, ER membrane (reversible) (No1)",False,True,0.0,0.0,inf,inf,True,False
r_2924_REVNo1,"PE (1-16:0, 2-16:1) diacylglycerol (1-16:1, 2-18:1) acyltransferase, ER membrane (reversible) (No1)",False,True,0.0,0.0,inf,inf,True,False
r_2925_REVNo1,"PE (1-16:1, 2-16:1) diacylglycerol (1-16:1, 2-18:1) acyltransferase, ER membrane (reversible) (No1)",False,True,0.0,0.0,inf,inf,True,False
r_2926_REVNo1,"PE (1-18:0, 2-16:1) diacylglycerol (1-16:1, 2-18:1) acyltransferase, ER membrane (reversible) (No1)",False,True,0.0,0.0,inf,inf,True,False
r_2927_REVNo1,"PE (1-18:1, 2-16:1) diacylglycerol (1-16:1, 2-18:1) acyltransferase, ER membrane (reversible) (No1)",False,True,0.0,0.0,inf,inf,True,False
r_2928_REVNo1,"PE (1-16:0, 2-18:1) diacylglycerol (1-16:1, 2-18:1) acyltransferase, ER membrane (reversible) (No1)",False,True,0.0,0.0,inf,inf,True,False
r_2929_REVNo1,"PE (1-16:1, 2-18:1) diacylglycerol (1-16:1, 2-18:1) acyltransferase, ER membrane (reversible) (No1)",False,True,0.0,0.0,inf,inf,True,False
r_2930_REVNo1,"PE (1-18:0, 2-18:1) diacylglycerol (1-16:1, 2-18:1) acyltransferase, ER membrane (reversible) (No1)",False,True,0.0,0.0,inf,inf,True,False
r_2931_REVNo1,"PE (1-18:1, 2-18:1) diacylglycerol (1-16:1, 2-18:1) acyltransferase, ER membrane (reversible) (No1)",False,True,0.0,0.0,inf,inf,True,False
r_2932_REVNo1,"PE (1-16:0, 2-16:1) diacylglycerol (1-18:0, 2-18:1) acyltransferase, ER membrane (reversible) (No1)",False,True,0.0,0.0,inf,inf,True,False
r_2933_REVNo1,"PE (1-16:1, 2-16:1) diacylglycerol (1-18:0, 2-18:1) acyltransferase, ER membrane (reversible) (No1)",False,True,0.0,0.0,inf,inf,True,False
r_2934_REVNo1,"PE (1-18:0, 2-16:1) diacylglycerol (1-18:0, 2-18:1) acyltransferase, ER membrane (reversible) (No1)",False,True,0.0,0.0,inf,inf,True,False
r_2935_REVNo1,"PE (1-18:1, 2-16:1) diacylglycerol (1-18:0, 2-18:1) acyltransferase, ER membrane (reversible) (No1)",False,True,0.0,0.0,inf,inf,True,False
r_2936_REVNo1,"PE (1-16:0, 2-18:1) diacylglycerol (1-18:0, 2-18:1) acyltransferase, ER membrane (reversible) (No1)",False,True,0.0,0.0,inf,inf,True,False
r_2937_REVNo1,"PE (1-16:1, 2-18:1) diacylglycerol (1-18:0, 2-18:1) acyltransferase, ER membrane (reversible) (No1)",False,True,0.0,0.0,inf,inf,True,False
r_2938_REVNo1,"PE (1-18:0, 2-18:1) diacylglycerol (1-18:0, 2-18:1) acyltransferase, ER membrane (reversible) (No1)",False,True,0.0,0.0,inf,inf,True,False
r_2939_REVNo1,"PE (1-18:1, 2-18:1) diacylglycerol (1-18:0, 2-18:1) acyltransferase, ER membrane (reversible) (No1)",False,True,0.0,0.0,inf,inf,True,False
r_2940_REVNo1,"PE (1-16:0, 2-16:1) diacylglycerol (1-18:1, 2-18:1) acyltransferase, ER membrane (reversible) (No1)",False,True,0.0,0.0,inf,inf,True,False
r_2941_REVNo1,"PE (1-16:1, 2-16:1) diacylglycerol (1-18:1, 2-18:1) acyltransferase, ER membrane (reversible) (No1)",False,True,0.0,0.0,inf,inf,True,False
r_2942_REVNo1,"PE (1-18:0, 2-16:1) diacylglycerol (1-18:1, 2-18:1) acyltransferase, ER membrane (reversible) (No1)",False,True,0.0,0.0,inf,inf,True,False
r_2943_REVNo1,"PE (1-18:1, 2-16:1) diacylglycerol (1-18:1, 2-18:1) acyltransferase, ER membrane (reversible) (No1)",False,True,0.0,0.0,inf,inf,True,False
r_2944_REVNo1,"PE (1-16:0, 2-18:1) diacylglycerol (1-18:1, 2-18:1) acyltransferase, ER membrane (reversible) (No1)",False,True,0.0,0.0,inf,inf,True,False
r_2945_REVNo1,"PE (1-16:1, 2-18:1) diacylglycerol (1-18:1, 2-18:1) acyltransferase, ER membrane (reversible) (No1)",False,True,0.0,0.0,inf,inf,True,False
r_2946_REVNo1,"PE (1-18:0, 2-18:1) diacylglycerol (1-18:1, 2-18:1) acyltransferase, ER membrane (reversible) (No1)",False,True,0.0,0.0,inf,inf,True,False
r_2947_REVNo1,"PE (1-18:1, 2-18:1) diacylglycerol (1-18:1, 2-18:1) acyltransferase, ER membrane (reversible) (No1)",False,True,0.0,0.0,inf,inf,True,False
r_2948_REVNo1,"PC (1-16:0, 2-16:1) diacylglycerol (1-16:0, 2-16:1) acyltransferase, ER membrane (reversible) (No1)",False,True,0.0,0.0,inf,inf,True,False
r_2949_REVNo1,"PC (1-16:1, 2-16:1) diacylglycerol (1-16:0, 2-16:1) acyltransferase, ER membrane (reversible) (No1)",False,True,0.0,0.0,inf,inf,True,False
r_2950_REVNo1,"PC (1-18:0, 2-16:1) diacylglycerol (1-16:0, 2-16:1) acyltransferase, ER membrane (reversible) (No1)",False,True,0.0,0.0,inf,inf,True,False
r_2951_REVNo1,"PC (1-18:1, 2-16:1) diacylglycerol (1-16:0, 2-16:1) acyltransferase, ER membrane (reversible) (No1)",False,True,0.0,0.0,inf,inf,True,False
r_2952_REVNo1,"PC (1-16:0, 2-18:1) diacylglycerol (1-16:0, 2-16:1) acyltransferase, ER membrane (reversible) (No1)",False,True,0.0,0.0,inf,inf,True,False
r_2953_REVNo1,"PC (1-16:1, 2-18:1) diacylglycerol (1-16:0, 2-16:1) acyltransferase, ER membrane (reversible) (No1)",False,True,0.0,0.0,inf,inf,True,False
r_2954_REVNo1,"PC (1-18:0, 2-18:1) diacylglycerol (1-16:0, 2-16:1) acyltransferase, ER membrane (reversible) (No1)",False,True,0.0,0.0,inf,inf,True,False
r_2955_REVNo1,"PC (1-18:1, 2-18:1) diacylglycerol (1-16:0, 2-16:1) acyltransferase, ER membrane (reversible) (No1)",False,True,0.0,0.0,inf,inf,True,False
r_2956_REVNo1,"PC (1-16:0, 2-16:1) diacylglycerol (1-16:1, 2-16:1) acyltransferase, ER membrane (reversible) (No1)",False,True,0.0,0.0,inf,inf,True,False
r_2957_REVNo1,"PC (1-16:1, 2-16:1) diacylglycerol (1-16:1, 2-16:1) acyltransferase, ER membrane (reversible) (No1)",False,True,0.0,0.0,inf,inf,True,False
r_2958_REVNo1,"PC (1-18:0, 2-16:1) diacylglycerol (1-16:1, 2-16:1) acyltransferase, ER membrane (reversible) (No1)",False,True,0.0,0.0,inf,inf,True,False
r_2959_REVNo1,"PC (1-18:1, 2-16:1) diacylglycerol (1-16:1, 2-16:1) acyltransferase, ER membrane (reversible) (No1)",False,True,0.0,0.0,inf,inf,True,False
r_2960_REVNo1,"PC (1-16:0, 2-18:1) diacylglycerol (1-16:1, 2-16:1) acyltransferase, ER membrane (reversible) (No1)",False,True,0.0,0.0,inf,inf,True,False
r_2961_REVNo1,"PC (1-16:1, 2-18:1) diacylglycerol (1-16:1, 2-16:1) acyltransferase, ER membrane (reversible) (No1)",False,True,0.0,0.0,inf,inf,True,False
r_2962_REVNo1,"PC (1-18:0, 2-18:1) diacylglycerol (1-16:1, 2-16:1) acyltransferase, ER membrane (reversible) (No1)",False,True,0.0,0.0,inf,inf,True,False
r_2963_REVNo1,"PC (1-18:1, 2-18:1) diacylglycerol (1-16:1, 2-16:1) acyltransferase, ER membrane (reversible) (No1)",False,True,0.0,0.0,inf,inf,True,False
r_2964_REVNo1,"PC (1-16:0, 2-16:1) diacylglycerol (1-18:0, 2-16:1) acyltransferase, ER membrane (reversible) (No1)",False,True,0.0,0.0,inf,inf,True,False
r_2965_REVNo1,"PC (1-16:1, 2-16:1) diacylglycerol (1-18:0, 2-16:1) acyltransferase, ER membrane (reversible) (No1)",False,True,0.0,0.0,inf,inf,True,False
r_2966_REVNo1,"PC (1-18:0, 2-16:1) diacylglycerol (1-18:0, 2-16:1) acyltransferase, ER membrane (reversible) (No1)",False,True,0.0,0.0,inf,inf,True,False
r_2967_REVNo1,"PC (1-18:1, 2-16:1) diacylglycerol (1-18:0, 2-16:1) acyltransferase, ER membrane (reversible) (No1)",False,True,0.0,0.0,inf,inf,True,False
r_2968_REVNo1,"PC (1-16:0, 2-18:1) diacylglycerol (1-18:0, 2-16:1) acyltransferase, ER membrane (reversible) (No1)",False,True,0.0,0.0,inf,inf,True,False
r_2969_REVNo1,"PC (1-16:1, 2-18:1) diacylglycerol (1-18:0, 2-16:1) acyltransferase, ER membrane (reversible) (No1)",False,True,0.0,0.0,inf,inf,True,False
r_2970_REVNo1,"PC (1-18:0, 2-18:1) diacylglycerol (1-18:0, 2-16:1) acyltransferase, ER membrane (reversible) (No1)",False,True,0.0,0.0,inf,inf,True,False
r_2971_REVNo1,"PC (1-18:1, 2-18:1) diacylglycerol (1-18:0, 2-16:1) acyltransferase, ER membrane (reversible) (No1)",False,True,0.0,0.0,inf,inf,True,False
r_2972_REVNo1,"PC (1-16:0, 2-16:1) diacylglycerol (1-18:1, 2-16:1) acyltransferase, ER membrane (reversible) (No1)",False,True,0.0,0.0,inf,inf,True,False
r_2973_REVNo1,"PC (1-16:1, 2-16:1) diacylglycerol (1-18:1, 2-16:1) acyltransferase, ER membrane (reversible) (No1)",False,True,0.0,0.0,inf,inf,True,False
r_2974_REVNo1,"PC (1-18:0, 2-16:1) diacylglycerol (1-18:1, 2-16:1) acyltransferase, ER membrane (reversible) (No1)",False,True,0.0,0.0,inf,inf,True,False
r_2975_REVNo1,"PC (1-18:1, 2-16:1) diacylglycerol (1-18:1, 2-16:1) acyltransferase, ER membrane (reversible) (No1)",False,True,0.0,0.0,inf,inf,True,False
r_2976_REVNo1,"PC (1-16:0, 2-18:1) diacylglycerol (1-18:1, 2-16:1) acyltransferase, ER membrane (reversible) (No1)",False,True,0.0,0.0,inf,inf,True,False
r_2977_REVNo1,"PC (1-16:1, 2-18:1) diacylglycerol (1-18:1, 2-16:1) acyltransferase, ER membrane (reversible) (No1)",False,True,0.0,0.0,inf,inf,True,False
r_2978_REVNo1,"PC (1-18:0, 2-18:1) diacylglycerol (1-18:1, 2-16:1) acyltransferase, ER membrane (reversible) (No1)",False,True,0.0,0.0,inf,inf,True,False
r_2979_REVNo1,"PC (1-18:1, 2-18:1) diacylglycerol (1-18:1, 2-16:1) acyltransferase, ER membrane (reversible) (No1)",False,True,0.0,0.0,inf,inf,True,False
r_2980_REVNo1,"PC (1-16:0, 2-16:1) diacylglycerol (1-16:0, 2-18:1) acyltransferase, ER membrane (reversible) (No1)",False,True,0.0,0.0,inf,inf,True,False
r_2981_REVNo1,"PC (1-16:1, 2-16:1) diacylglycerol (1-16:0, 2-18:1) acyltransferase, ER membrane (reversible) (No1)",False,True,0.0,0.0,inf,inf,True,False
r_2982_REVNo1,"PC (1-18:0, 2-16:1) diacylglycerol (1-16:0, 2-18:1) acyltransferase, ER membrane (reversible) (No1)",False,True,0.0,0.0,inf,inf,True,False
r_2983_REVNo1,"PC (1-18:1, 2-16:1) diacylglycerol (1-16:0, 2-18:1) acyltransferase, ER membrane (reversible) (No1)",False,True,0.0,0.0,inf,inf,True,False
r_2984_REVNo1,"PC (1-16:0, 2-18:1) diacylglycerol (1-16:0, 2-18:1) acyltransferase, ER membrane (reversible) (No1)",False,True,0.0,0.0,inf,inf,True,False
r_2985_REVNo1,"PC (1-16:1, 2-18:1) diacylglycerol (1-16:0, 2-18:1) acyltransferase, ER membrane (reversible) (No1)",False,True,0.0,0.0,inf,inf,True,False
r_2986_REVNo1,"PC (1-18:0, 2-18:1) diacylglycerol (1-16:0, 2-18:1) acyltransferase, ER membrane (reversible) (No1)",False,True,0.0,0.0,inf,inf,True,False
r_2987_REVNo1,"PC (1-18:1, 2-18:1) diacylglycerol (1-16:0, 2-18:1) acyltransferase, ER membrane (reversible) (No1)",False,True,0.0,0.0,inf,inf,True,False
r_2988_REVNo1,"PC (1-16:0, 2-16:1) diacylglycerol (1-16:1, 2-18:1) acyltransferase, ER membrane (reversible) (No1)",False,True,0.0,0.0,inf,inf,True,False
r_2989_REVNo1,"PC (1-16:1, 2-16:1) diacylglycerol (1-16:1, 2-18:1) acyltransferase, ER membrane (reversible) (No1)",False,True,0.0,0.0,inf,inf,True,False
r_2990_REVNo1,"PC (1-18:0, 2-16:1) diacylglycerol (1-16:1, 2-18:1) acyltransferase, ER membrane (reversible) (No1)",False,True,0.0,0.0,inf,inf,True,False
r_2991_REVNo1,"PC (1-18:1, 2-16:1) diacylglycerol (1-16:1, 2-18:1) acyltransferase, ER membrane (reversible) (No1)",False,True,0.0,0.0,inf,inf,True,False
r_2992_REVNo1,"PC (1-16:0, 2-18:1) diacylglycerol (1-16:1, 2-18:1) acyltransferase, ER membrane (reversible) (No1)",False,True,0.0,0.0,inf,inf,True,False
r_2993_REVNo1,"PC (1-16:1, 2-18:1) diacylglycerol (1-16:1, 2-18:1) acyltransferase, ER membrane (reversible) (No1)",False,True,0.0,0.0,inf,inf,True,False
r_2994_REVNo1,"PC (1-18:0, 2-18:1) diacylglycerol (1-16:1, 2-18:1) acyltransferase, ER membrane (reversible) (No1)",False,True,0.0,0.0,inf,inf,True,False
r_2995_REVNo1,"PC (1-18:1, 2-18:1) diacylglycerol (1-16:1, 2-18:1) acyltransferase, ER membrane (reversible) (No1)",False,True,0.0,0.0,inf,inf,True,False
r_2996_REVNo1,"PC (1-16:0, 2-16:1) diacylglycerol (1-18:0, 2-18:1) acyltransferase, ER membrane (reversible) (No1)",False,True,0.0,0.0,inf,inf,True,False
r_2997_REVNo1,"PC (1-16:1, 2-16:1) diacylglycerol (1-18:0, 2-18:1) acyltransferase, ER membrane (reversible) (No1)",False,True,0.0,0.0,inf,inf,True,False
r_2998_REVNo1,"PC (1-18:0, 2-16:1) diacylglycerol (1-18:0, 2-18:1) acyltransferase, ER membrane (reversible) (No1)",False,True,0.0,0.0,inf,inf,True,False
r_2999_REVNo1,"PC (1-18:1, 2-16:1) diacylglycerol (1-18:0, 2-18:1) acyltransferase, ER membrane (reversible) (No1)",False,True,0.0,0.0,inf,inf,True,False
r_3000_REVNo1,"PC (1-16:0, 2-18:1) diacylglycerol (1-18:0, 2-18:1) acyltransferase, ER membrane (reversible) (No1)",False,True,0.0,0.0,inf,inf,True,False
r_3001_REVNo1,"PC (1-16:1, 2-18:1) diacylglycerol (1-18:0, 2-18:1) acyltransferase, ER membrane (reversible) (No1)",False,True,0.0,0.0,inf,inf,True,False
r_3002_REVNo1,"PC (1-18:0, 2-18:1) diacylglycerol (1-18:0, 2-18:1) acyltransferase, ER membrane (reversible) (No1)",False,True,0.0,0.0,inf,inf,True,False
r_3003_REVNo1,"PC (1-18:1, 2-18:1) diacylglycerol (1-18:0, 2-18:1) acyltransferase, ER membrane (reversible) (No1)",False,True,0.0,0.0,inf,inf,True,False
r_3004_REVNo1,"PC (1-16:0, 2-16:1) diacylglycerol (1-18:1, 2-18:1) acyltransferase, ER membrane (reversible) (No1)",False,True,0.0,0.0,inf,inf,True,False
r_3005_REVNo1,"PC (1-16:1, 2-16:1) diacylglycerol (1-18:1, 2-18:1) acyltransferase, ER membrane (reversible) (No1)",False,True,0.0,0.0,inf,inf,True,False
r_3006_REVNo1,"PC (1-18:0, 2-16:1) diacylglycerol (1-18:1, 2-18:1) acyltransferase, ER membrane (reversible) (No1)",False,True,0.0,0.0,inf,inf,True,False
r_3007_REVNo1,"PC (1-18:1, 2-16:1) diacylglycerol (1-18:1, 2-18:1) acyltransferase, ER membrane (reversible) (No1)",False,True,0.0,0.0,inf,inf,True,False
r_3008_REVNo1,"PC (1-16:0, 2-18:1) diacylglycerol (1-18:1, 2-18:1) acyltransferase, ER membrane (reversible) (No1)",False,True,0.0,0.0,inf,inf,True,False
r_3009_REVNo1,"PC (1-16:1, 2-18:1) diacylglycerol (1-18:1, 2-18:1) acyltransferase, ER membrane (reversible) (No1)",False,True,0.0,0.0,inf,inf,True,False
r_3010_REVNo1,"PC (1-18:0, 2-18:1) diacylglycerol (1-18:1, 2-18:1) acyltransferase, ER membrane (reversible) (No1)",False,True,0.0,0.0,inf,inf,True,False
r_3011_REVNo1,"PC (1-18:1, 2-18:1) diacylglycerol (1-18:1, 2-18:1) acyltransferase, ER membrane (reversible) (No1)",False,True,0.0,0.0,inf,inf,True,False
r_4039_REVNo1,succinyl-CoA:acetate CoA transferase (reversible) (No1),False,True,0.0,0.0,inf,inf,True,False
draw_prot_O13525,draw_prot_O13525,False,True,0.0,0.0,inf,inf,True,False
draw_prot_P00044,draw_prot_P00044,False,True,0.0,0.0,inf,inf,True,False
draw_prot_P00045,draw_prot_P00045,False,True,0.0,0.0,inf,inf,True,False
draw_prot_P00127,draw_prot_P00127,False,True,0.0,0.0,inf,inf,True,False
draw_prot_P00128,draw_prot_P00128,False,True,0.0,0.0,inf,inf,True,False
draw_prot_P00175,draw_prot_P00175,False,True,0.0,0.0,inf,inf,True,False
draw_prot_P00330,draw_prot_P00330,False,True,0.0,0.0,inf,inf,True,False
draw_prot_P00331,draw_prot_P00331,False,True,0.0,0.0,inf,inf,True,False
draw_prot_P00358,draw_prot_P00358,False,True,0.0,0.0,inf,inf,True,False
draw_prot_P00359,draw_prot_P00359,False,True,0.0,0.0,inf,inf,True,False
draw_prot_P00360,draw_prot_P00360,False,True,0.0,0.0,inf,inf,True,False
draw_prot_P00425,draw_prot_P00425,False,True,0.0,0.0,inf,inf,True,False
draw_prot_P00427,draw_prot_P00427,False,True,0.0,0.0,inf,inf,True,False
draw_prot_P00431,draw_prot_P00431,False,True,0.0,0.0,inf,inf,True,False
draw_prot_P00498,draw_prot_P00498,False,True,0.0,0.0,inf,inf,True,False
draw_prot_P00549,draw_prot_P00549,False,True,0.0,0.0,inf,inf,True,False
draw_prot_P00560,draw_prot_P00560,False,True,0.0,0.0,inf,inf,True,False
draw_prot_P00572,draw_prot_P00572,False,True,0.0,0.0,inf,inf,True,False
draw_prot_P00635,draw_prot_P00635,False,True,0.0,0.0,inf,inf,True,False
draw_prot_P00724,draw_prot_P00724,False,True,0.0,0.0,inf,inf,True,False
draw_prot_P00812,draw_prot_P00812,False,True,0.0,0.0,inf,inf,True,False
draw_prot_P00815,draw_prot_P00815,False,True,0.0,0.0,inf,inf,True,False
draw_prot_P00817,draw_prot_P00817,False,True,0.0,0.0,inf,inf,True,False
draw_prot_P00830,draw_prot_P00830,False,True,0.0,0.0,inf,inf,True,False
draw_prot_P00890,draw_prot_P00890,False,True,0.0,0.0,inf,inf,True,False
draw_prot_P00899,draw_prot_P00899,False,True,0.0,0.0,inf,inf,True,False
draw_prot_P00912,draw_prot_P00912,False,True,0.0,0.0,inf,inf,True,False
draw_prot_P00924,draw_prot_P00924,False,True,0.0,0.0,inf,inf,True,False
draw_prot_P00925,draw_prot_P00925,False,True,0.0,0.0,inf,inf,True,False
draw_prot_P00927,draw_prot_P00927,False,True,0.0,0.0,inf,inf,True,False
draw_prot_P00931,draw_prot_P00931,False,True,0.0,0.0,inf,inf,True,False
draw_prot_P00937,draw_prot_P00937,False,True,0.0,0.0,inf,inf,True,False
draw_prot_P00942,draw_prot_P00942,False,True,0.0,0.0,inf,inf,True,False
draw_prot_P00950,draw_prot_P00950,False,True,0.0,0.0,inf,inf,True,False
draw_prot_P00958,draw_prot_P00958,False,True,0.0,0.0,inf,inf,True,False
draw_prot_P03962,draw_prot_P03962,False,True,0.0,0.0,inf,inf,True,False
draw_prot_P03965,draw_prot_P03965,False,True,0.0,0.0,inf,inf,True,False
draw_prot_P04037,draw_prot_P04037,False,True,0.0,0.0,inf,inf,True,False
draw_prot_P04039,draw_prot_P04039,False,True,0.0,0.0,inf,inf,True,False
draw_prot_P04046,draw_prot_P04046,False,True,0.0,0.0,inf,inf,True,False
draw_prot_P04076,draw_prot_P04076,False,True,0.0,0.0,inf,inf,True,False
draw_prot_P04161,draw_prot_P04161,False,True,0.0,0.0,inf,inf,True,False
draw_prot_P04173,draw_prot_P04173,False,True,0.0,0.0,inf,inf,True,False
draw_prot_P04385,draw_prot_P04385,False,True,0.0,0.0,inf,inf,True,False
draw_prot_P04397,draw_prot_P04397,False,True,0.0,0.0,inf,inf,True,False
draw_prot_P04801,draw_prot_P04801,False,True,0.0,0.0,inf,inf,True,False
draw_prot_P04802,draw_prot_P04802,False,True,0.0,0.0,inf,inf,True,False
draw_prot_P04803,draw_prot_P04803,False,True,0.0,0.0,inf,inf,True,False
draw_prot_P04806,draw_prot_P04806,False,True,0.0,0.0,inf,inf,True,False
draw_prot_P04807,draw_prot_P04807,False,True,0.0,0.0,inf,inf,True,False
draw_prot_P05030,draw_prot_P05030,False,True,0.0,0.0,inf,inf,True,False
draw_prot_P05150,draw_prot_P05150,False,True,0.0,0.0,inf,inf,True,False
draw_prot_P05373,draw_prot_P05373,False,True,0.0,0.0,inf,inf,True,False
draw_prot_P05374,draw_prot_P05374,False,True,0.0,0.0,inf,inf,True,False
draw_prot_P05375,draw_prot_P05375,False,True,0.0,0.0,inf,inf,True,False
draw_prot_P05626,draw_prot_P05626,False,True,0.0,0.0,inf,inf,True,False
draw_prot_P05694,draw_prot_P05694,False,True,0.0,0.0,inf,inf,True,False
draw_prot_P06106,draw_prot_P06106,False,True,0.0,0.0,inf,inf,True,False
draw_prot_P06115,draw_prot_P06115,False,True,0.0,0.0,inf,inf,True,False
draw_prot_P06168,draw_prot_P06168,False,True,0.0,0.0,inf,inf,True,False
draw_prot_P06169,draw_prot_P06169,False,True,0.0,0.0,inf,inf,True,False
draw_prot_P06174,draw_prot_P06174,False,True,0.0,0.0,inf,inf,True,False
draw_prot_P06197,draw_prot_P06197,False,True,0.0,0.0,inf,inf,True,False
draw_prot_P06208,draw_prot_P06208,False,True,0.0,0.0,inf,inf,True,False
draw_prot_P06633,draw_prot_P06633,False,True,0.0,0.0,inf,inf,True,False
draw_prot_P06700,draw_prot_P06700,False,True,0.0,0.0,inf,inf,True,False
draw_prot_P06738,draw_prot_P06738,False,True,0.0,0.0,inf,inf,True,False
draw_prot_P06773,draw_prot_P06773,False,True,0.0,0.0,inf,inf,True,False
draw_prot_P06785,draw_prot_P06785,False,True,0.0,0.0,inf,inf,True,False
draw_prot_P07143,draw_prot_P07143,False,True,0.0,0.0,inf,inf,True,False
draw_prot_P07149,draw_prot_P07149,False,True,0.0,0.0,inf,inf,True,False
draw_prot_P07170,draw_prot_P07170,False,True,0.0,0.0,inf,inf,True,False
draw_prot_P07172,draw_prot_P07172,False,True,0.0,0.0,inf,inf,True,False
draw_prot_P07236,draw_prot_P07236,False,True,0.0,0.0,inf,inf,True,False
draw_prot_P07244,draw_prot_P07244,False,True,0.0,0.0,inf,inf,True,False
draw_prot_P07245,draw_prot_P07245,False,True,0.0,0.0,inf,inf,True,False
draw_prot_P07246,draw_prot_P07246,False,True,0.0,0.0,inf,inf,True,False
draw_prot_P07250,draw_prot_P07250,False,True,0.0,0.0,inf,inf,True,False
draw_prot_P07251,draw_prot_P07251,False,True,0.0,0.0,inf,inf,True,False
draw_prot_P07255,draw_prot_P07255,False,True,0.0,0.0,inf,inf,True,False
draw_prot_P07256,draw_prot_P07256,False,True,0.0,0.0,inf,inf,True,False
draw_prot_P07257,draw_prot_P07257,False,True,0.0,0.0,inf,inf,True,False
draw_prot_P07258,draw_prot_P07258,False,True,0.0,0.0,inf,inf,True,False
draw_prot_P07259,draw_prot_P07259,False,True,0.0,0.0,inf,inf,True,False
draw_prot_P07262,draw_prot_P07262,False,True,0.0,0.0,inf,inf,True,False
draw_prot_P07263,draw_prot_P07263,False,True,0.0,0.0,inf,inf,True,False
draw_prot_P07264,draw_prot_P07264,False,True,0.0,0.0,inf,inf,True,False
draw_prot_P07275,draw_prot_P07275,False,True,0.0,0.0,inf,inf,True,False
draw_prot_P07277,draw_prot_P07277,False,True,0.0,0.0,inf,inf,True,False
draw_prot_P07283,draw_prot_P07283,False,True,0.0,0.0,inf,inf,True,False
draw_prot_P07284,draw_prot_P07284,False,True,0.0,0.0,inf,inf,True,False
draw_prot_P07285,draw_prot_P07285,False,True,0.0,0.0,inf,inf,True,False
draw_prot_P07342,draw_prot_P07342,False,True,0.0,0.0,inf,inf,True,False
draw_prot_P07702,draw_prot_P07702,False,True,0.0,0.0,inf,inf,True,False
draw_prot_P07806,draw_prot_P07806,False,True,0.0,0.0,inf,inf,True,False
draw_prot_P07807,draw_prot_P07807,False,True,0.0,0.0,inf,inf,True,False
draw_prot_P07991,draw_prot_P07991,False,True,0.0,0.0,inf,inf,True,False
draw_prot_P08019,draw_prot_P08019,False,True,0.0,0.0,inf,inf,True,False
draw_prot_P08067,draw_prot_P08067,False,True,0.0,0.0,inf,inf,True,False
draw_prot_P08417,draw_prot_P08417,False,True,0.0,0.0,inf,inf,True,False
draw_prot_P08425,draw_prot_P08425,False,True,0.0,0.0,inf,inf,True,False
draw_prot_P08431,draw_prot_P08431,False,True,0.0,0.0,inf,inf,True,False
draw_prot_P08432,draw_prot_P08432,False,True,0.0,0.0,inf,inf,True,False
draw_prot_P08456,draw_prot_P08456,False,True,0.0,0.0,inf,inf,True,False
draw_prot_P08465,draw_prot_P08465,False,True,0.0,0.0,inf,inf,True,False
draw_prot_P08525,draw_prot_P08525,False,True,0.0,0.0,inf,inf,True,False
draw_prot_P08536,draw_prot_P08536,False,True,0.0,0.0,inf,inf,True,False
draw_prot_P08566,draw_prot_P08566,False,True,0.0,0.0,inf,inf,True,False
draw_prot_P08679,draw_prot_P08679,False,True,0.0,0.0,inf,inf,True,False
draw_prot_P09201,draw_prot_P09201,False,True,0.0,0.0,inf,inf,True,False
draw_prot_P09368,draw_prot_P09368,False,True,0.0,0.0,inf,inf,True,False
draw_prot_P09436,draw_prot_P09436,False,True,0.0,0.0,inf,inf,True,False
draw_prot_P09440,draw_prot_P09440,False,True,0.0,0.0,inf,inf,True,False
draw_prot_P09457,draw_prot_P09457,False,True,0.0,0.0,inf,inf,True,False
draw_prot_P09624,draw_prot_P09624,False,True,0.0,0.0,inf,inf,True,False
draw_prot_P09938,draw_prot_P09938,False,True,0.0,0.0,inf,inf,True,False
draw_prot_P09950,draw_prot_P09950,False,True,0.0,0.0,inf,inf,True,False
draw_prot_P0CW40,draw_prot_P0CW40,False,True,0.0,0.0,inf,inf,True,False
draw_prot_P0CW41,draw_prot_P0CW41,False,True,0.0,0.0,inf,inf,True,False
draw_prot_P0CX77,draw_prot_P0CX77,False,True,0.0,0.0,inf,inf,True,False
draw_prot_P0CX78,draw_prot_P0CX78,False,True,0.0,0.0,inf,inf,True,False
draw_prot_P0CX79,draw_prot_P0CX79,False,True,0.0,0.0,inf,inf,True,False
draw_prot_P0CZ17,draw_prot_P0CZ17,False,True,0.0,0.0,inf,inf,True,False
draw_prot_P10127,draw_prot_P10127,False,True,0.0,0.0,inf,inf,True,False
draw_prot_P10174,draw_prot_P10174,False,True,0.0,0.0,inf,inf,True,False
draw_prot_P10356,draw_prot_P10356,False,True,0.0,0.0,inf,inf,True,False
draw_prot_P10614,draw_prot_P10614,False,True,0.0,0.0,inf,inf,True,False
draw_prot_P10659,draw_prot_P10659,False,True,0.0,0.0,inf,inf,True,False
draw_prot_P10869,draw_prot_P10869,False,True,0.0,0.0,inf,inf,True,False
draw_prot_P10963,draw_prot_P10963,False,True,0.0,0.0,inf,inf,True,False
draw_prot_P11154,draw_prot_P11154,False,True,0.0,0.0,inf,inf,True,False
draw_prot_P11325,draw_prot_P11325,False,True,0.0,0.0,inf,inf,True,False
draw_prot_P11353,draw_prot_P11353,False,True,0.0,0.0,inf,inf,True,False
draw_prot_P11412,draw_prot_P11412,False,True,0.0,0.0,inf,inf,True,False
draw_prot_P11491,draw_prot_P11491,False,True,0.0,0.0,inf,inf,True,False
draw_prot_P11986,draw_prot_P11986,False,True,0.0,0.0,inf,inf,True,False
draw_prot_P12683,draw_prot_P12683,False,True,0.0,0.0,inf,inf,True,False
draw_prot_P12684,draw_prot_P12684,False,True,0.0,0.0,inf,inf,True,False
draw_prot_P12695,draw_prot_P12695,False,True,0.0,0.0,inf,inf,True,False
draw_prot_P12709,draw_prot_P12709,False,True,0.0,0.0,inf,inf,True,False
draw_prot_P13188,draw_prot_P13188,False,True,0.0,0.0,inf,inf,True,False
draw_prot_P13259,draw_prot_P13259,False,True,0.0,0.0,inf,inf,True,False
draw_prot_P13298,draw_prot_P13298,False,True,0.0,0.0,inf,inf,True,False
draw_prot_P13663,draw_prot_P13663,False,True,0.0,0.0,inf,inf,True,False
draw_prot_P13711,draw_prot_P13711,False,True,0.0,0.0,inf,inf,True,False
draw_prot_P14020,draw_prot_P14020,False,True,0.0,0.0,inf,inf,True,False
draw_prot_P14065,draw_prot_P14065,False,True,0.0,0.0,inf,inf,True,False
draw_prot_P14180,draw_prot_P14180,False,True,0.0,0.0,inf,inf,True,False
draw_prot_P14540,draw_prot_P14540,False,True,0.0,0.0,inf,inf,True,False
draw_prot_P14742,draw_prot_P14742,False,True,0.0,0.0,inf,inf,True,False
draw_prot_P14843,draw_prot_P14843,False,True,0.0,0.0,inf,inf,True,False
draw_prot_P15019,draw_prot_P15019,False,True,0.0,0.0,inf,inf,True,False
draw_prot_P15179,draw_prot_P15179,False,True,0.0,0.0,inf,inf,True,False
draw_prot_P15180,draw_prot_P15180,False,True,0.0,0.0,inf,inf,True,False
draw_prot_P15202,draw_prot_P15202,False,True,0.0,0.0,inf,inf,True,False
draw_prot_P15274,draw_prot_P15274,False,True,0.0,0.0,inf,inf,True,False
draw_prot_P15454,draw_prot_P15454,False,True,0.0,0.0,inf,inf,True,False
draw_prot_P15496,draw_prot_P15496,False,True,0.0,0.0,inf,inf,True,False
draw_prot_P15624,draw_prot_P15624,False,True,0.0,0.0,inf,inf,True,False
draw_prot_P15625,draw_prot_P15625,False,True,0.0,0.0,inf,inf,True,False
draw_prot_P15700,draw_prot_P15700,False,True,0.0,0.0,inf,inf,True,False
draw_prot_P15703,draw_prot_P15703,False,True,0.0,0.0,inf,inf,True,False
draw_prot_P15807,draw_prot_P15807,False,True,0.0,0.0,inf,inf,True,False
draw_prot_P16120,draw_prot_P16120,False,True,0.0,0.0,inf,inf,True,False
draw_prot_P16140,draw_prot_P16140,False,True,0.0,0.0,inf,inf,True,False
draw_prot_P16387,draw_prot_P16387,False,True,0.0,0.0,inf,inf,True,False
draw_prot_P16451,draw_prot_P16451,False,True,0.0,0.0,inf,inf,True,False
draw_prot_P16467,draw_prot_P16467,False,True,0.0,0.0,inf,inf,True,False
draw_prot_P16550,draw_prot_P16550,False,True,0.0,0.0,inf,inf,True,False
draw_prot_P16622,draw_prot_P16622,False,True,0.0,0.0,inf,inf,True,False
draw_prot_P16661,draw_prot_P16661,False,True,0.0,0.0,inf,inf,True,False
draw_prot_P16861,draw_prot_P16861,False,True,0.0,0.0,inf,inf,True,False
draw_prot_P16862,draw_prot_P16862,False,True,0.0,0.0,inf,inf,True,False
draw_prot_P17255,draw_prot_P17255,False,True,0.0,0.0,inf,inf,True,False
draw_prot_P17423,draw_prot_P17423,False,True,0.0,0.0,inf,inf,True,False
draw_prot_P17505,draw_prot_P17505,False,True,0.0,0.0,inf,inf,True,False
draw_prot_P17649,draw_prot_P17649,False,True,0.0,0.0,inf,inf,True,False
draw_prot_P17695,draw_prot_P17695,False,True,0.0,0.0,inf,inf,True,False
draw_prot_P17709,draw_prot_P17709,False,True,0.0,0.0,inf,inf,True,False
draw_prot_P17898,draw_prot_P17898,False,True,0.0,0.0,inf,inf,True,False
draw_prot_P18408,draw_prot_P18408,False,True,0.0,0.0,inf,inf,True,False
draw_prot_P18544,draw_prot_P18544,False,True,0.0,0.0,inf,inf,True,False
draw_prot_P18562,draw_prot_P18562,False,True,0.0,0.0,inf,inf,True,False
draw_prot_P18900,draw_prot_P18900,False,True,0.0,0.0,inf,inf,True,False
draw_prot_P19097,draw_prot_P19097,False,True,0.0,0.0,inf,inf,True,False
draw_prot_P19262,draw_prot_P19262,False,True,0.0,0.0,inf,inf,True,False
draw_prot_P19358,draw_prot_P19358,False,True,0.0,0.0,inf,inf,True,False
draw_prot_P19657,draw_prot_P19657,False,True,0.0,0.0,inf,inf,True,False
draw_prot_P20048,draw_prot_P20048,False,True,0.0,0.0,inf,inf,True,False
draw_prot_P20049,draw_prot_P20049,False,True,0.0,0.0,inf,inf,True,False
draw_prot_P20051,draw_prot_P20051,False,True,0.0,0.0,inf,inf,True,False
draw_prot_P20485,draw_prot_P20485,False,True,0.0,0.0,inf,inf,True,False
draw_prot_P20967,draw_prot_P20967,False,True,0.0,0.0,inf,inf,True,False
draw_prot_P21147,draw_prot_P21147,False,True,0.0,0.0,inf,inf,True,False
draw_prot_P21182,draw_prot_P21182,False,True,0.0,0.0,inf,inf,True,False
draw_prot_P21264,draw_prot_P21264,False,True,0.0,0.0,inf,inf,True,False
draw_prot_P21306,draw_prot_P21306,False,True,0.0,0.0,inf,inf,True,False
draw_prot_P21373,draw_prot_P21373,False,True,0.0,0.0,inf,inf,True,False
draw_prot_P21592,draw_prot_P21592,False,True,0.0,0.0,inf,inf,True,False
draw_prot_P21595,draw_prot_P21595,False,True,0.0,0.0,inf,inf,True,False
draw_prot_P21623,draw_prot_P21623,False,True,0.0,0.0,inf,inf,True,False
draw_prot_P21672,draw_prot_P21672,False,True,0.0,0.0,inf,inf,True,False
draw_prot_P21801,draw_prot_P21801,False,True,0.0,0.0,inf,inf,True,False
draw_prot_P21826,draw_prot_P21826,False,True,0.0,0.0,inf,inf,True,False
draw_prot_P21954,draw_prot_P21954,False,True,0.0,0.0,inf,inf,True,False
draw_prot_P22007,draw_prot_P22007,False,True,0.0,0.0,inf,inf,True,False
draw_prot_P22108,draw_prot_P22108,False,True,0.0,0.0,inf,inf,True,False
draw_prot_P22133,draw_prot_P22133,False,True,0.0,0.0,inf,inf,True,False
draw_prot_P22140,draw_prot_P22140,False,True,0.0,0.0,inf,inf,True,False
draw_prot_P22203,draw_prot_P22203,False,True,0.0,0.0,inf,inf,True,False
draw_prot_P22289,draw_prot_P22289,False,True,0.0,0.0,inf,inf,True,False
draw_prot_P22434,draw_prot_P22434,False,True,0.0,0.0,inf,inf,True,False
draw_prot_P22438,draw_prot_P22438,False,True,0.0,0.0,inf,inf,True,False
draw_prot_P22543,draw_prot_P22543,False,True,0.0,0.0,inf,inf,True,False
draw_prot_P22768,draw_prot_P22768,False,True,0.0,0.0,inf,inf,True,False
draw_prot_P22803,draw_prot_P22803,False,True,0.0,0.0,inf,inf,True,False
draw_prot_P23254,draw_prot_P23254,False,True,0.0,0.0,inf,inf,True,False
draw_prot_P23337,draw_prot_P23337,False,True,0.0,0.0,inf,inf,True,False
draw_prot_P23501,draw_prot_P23501,False,True,0.0,0.0,inf,inf,True,False
draw_prot_P23542,draw_prot_P23542,False,True,0.0,0.0,inf,inf,True,False
draw_prot_P23776,draw_prot_P23776,False,True,0.0,0.0,inf,inf,True,False
draw_prot_P23797,draw_prot_P23797,False,True,0.0,0.0,inf,inf,True,False
draw_prot_P23968,draw_prot_P23968,False,True,0.0,0.0,inf,inf,True,False
draw_prot_P24031,draw_prot_P24031,False,True,0.0,0.0,inf,inf,True,False
draw_prot_P24521,draw_prot_P24521,False,True,0.0,0.0,inf,inf,True,False
draw_prot_P25045,draw_prot_P25045,False,True,0.0,0.0,inf,inf,True,False
draw_prot_P25087,draw_prot_P25087,False,True,0.0,0.0,inf,inf,True,False
draw_prot_P25332,draw_prot_P25332,False,True,0.0,0.0,inf,inf,True,False
draw_prot_P25335,draw_prot_P25335,False,True,0.0,0.0,inf,inf,True,False
draw_prot_P25340,draw_prot_P25340,False,True,0.0,0.0,inf,inf,True,False
draw_prot_P25345,draw_prot_P25345,False,True,0.0,0.0,inf,inf,True,False
draw_prot_P25358,draw_prot_P25358,False,True,0.0,0.0,inf,inf,True,False
draw_prot_P25372,draw_prot_P25372,False,True,0.0,0.0,inf,inf,True,False
draw_prot_P25373,draw_prot_P25373,False,True,0.0,0.0,inf,inf,True,False
draw_prot_P25377,draw_prot_P25377,False,True,0.0,0.0,inf,inf,True,False
draw_prot_P25379,draw_prot_P25379,False,True,0.0,0.0,inf,inf,True,False
draw_prot_P25515,draw_prot_P25515,False,True,0.0,0.0,inf,inf,True,False
draw_prot_P25578,draw_prot_P25578,False,True,0.0,0.0,inf,inf,True,False
draw_prot_P25580,draw_prot_P25580,False,True,0.0,0.0,inf,inf,True,False
draw_prot_P25605,draw_prot_P25605,False,True,0.0,0.0,inf,inf,True,False
draw_prot_P25628,draw_prot_P25628,False,True,0.0,0.0,inf,inf,True,False
draw_prot_P26263,draw_prot_P26263,False,True,0.0,0.0,inf,inf,True,False
draw_prot_P26364,draw_prot_P26364,False,True,0.0,0.0,inf,inf,True,False
draw_prot_P26637,draw_prot_P26637,False,True,0.0,0.0,inf,inf,True,False
draw_prot_P26725,draw_prot_P26725,False,True,0.0,0.0,inf,inf,True,False
draw_prot_P27472,draw_prot_P27472,False,True,0.0,0.0,inf,inf,True,False
draw_prot_P27515,draw_prot_P27515,False,True,0.0,0.0,inf,inf,True,False
draw_prot_P27616,draw_prot_P27616,False,True,0.0,0.0,inf,inf,True,False
draw_prot_P27680,draw_prot_P27680,False,True,0.0,0.0,inf,inf,True,False
draw_prot_P27697,draw_prot_P27697,False,True,0.0,0.0,inf,inf,True,False
draw_prot_P27796,draw_prot_P27796,False,True,0.0,0.0,inf,inf,True,False
draw_prot_P27809,draw_prot_P27809,False,True,0.0,0.0,inf,inf,True,False
draw_prot_P27810,draw_prot_P27810,False,True,0.0,0.0,inf,inf,True,False
draw_prot_P28239,draw_prot_P28239,False,True,0.0,0.0,inf,inf,True,False
draw_prot_P28240,draw_prot_P28240,False,True,0.0,0.0,inf,inf,True,False
draw_prot_P28241,draw_prot_P28241,False,True,0.0,0.0,inf,inf,True,False
draw_prot_P28272,draw_prot_P28272,False,True,0.0,0.0,inf,inf,True,False
draw_prot_P28274,draw_prot_P28274,False,True,0.0,0.0,inf,inf,True,False
draw_prot_P28321,draw_prot_P28321,False,True,0.0,0.0,inf,inf,True,False
draw_prot_P28496,draw_prot_P28496,False,True,0.0,0.0,inf,inf,True,False
draw_prot_P28777,draw_prot_P28777,False,True,0.0,0.0,inf,inf,True,False
draw_prot_P28789,draw_prot_P28789,False,True,0.0,0.0,inf,inf,True,False
draw_prot_P28834,draw_prot_P28834,False,True,0.0,0.0,inf,inf,True,False
draw_prot_P29509,draw_prot_P29509,False,True,0.0,0.0,inf,inf,True,False
draw_prot_P29703,draw_prot_P29703,False,True,0.0,0.0,inf,inf,True,False
draw_prot_P29704,draw_prot_P29704,False,True,0.0,0.0,inf,inf,True,False
draw_prot_P29952,draw_prot_P29952,False,True,0.0,0.0,inf,inf,True,False
draw_prot_P30402,draw_prot_P30402,False,True,0.0,0.0,inf,inf,True,False
draw_prot_P30624,draw_prot_P30624,False,True,0.0,0.0,inf,inf,True,False
draw_prot_P30777,draw_prot_P30777,False,True,0.0,0.0,inf,inf,True,False
draw_prot_P30902,draw_prot_P30902,False,True,0.0,0.0,inf,inf,True,False
draw_prot_P30952,draw_prot_P30952,False,True,0.0,0.0,inf,inf,True,False
draw_prot_P31115,draw_prot_P31115,False,True,0.0,0.0,inf,inf,True,False
draw_prot_P31116,draw_prot_P31116,False,True,0.0,0.0,inf,inf,True,False
draw_prot_P31373,draw_prot_P31373,False,True,0.0,0.0,inf,inf,True,False
draw_prot_P31382,draw_prot_P31382,False,True,0.0,0.0,inf,inf,True,False
draw_prot_P31412,draw_prot_P31412,False,True,0.0,0.0,inf,inf,True,False
draw_prot_P32048,draw_prot_P32048,False,True,0.0,0.0,inf,inf,True,False
draw_prot_P32178,draw_prot_P32178,False,True,0.0,0.0,inf,inf,True,False
draw_prot_P32179,draw_prot_P32179,False,True,0.0,0.0,inf,inf,True,False
draw_prot_P32190,draw_prot_P32190,False,True,0.0,0.0,inf,inf,True,False
draw_prot_P32191,draw_prot_P32191,False,True,0.0,0.0,inf,inf,True,False
draw_prot_P32263,draw_prot_P32263,False,True,0.0,0.0,inf,inf,True,False
draw_prot_P32264,draw_prot_P32264,False,True,0.0,0.0,inf,inf,True,False
draw_prot_P32288,draw_prot_P32288,False,True,0.0,0.0,inf,inf,True,False
draw_prot_P32316,draw_prot_P32316,False,True,0.0,0.0,inf,inf,True,False
draw_prot_P32327,draw_prot_P32327,False,True,0.0,0.0,inf,inf,True,False
draw_prot_P32340,draw_prot_P32340,False,True,0.0,0.0,inf,inf,True,False
draw_prot_P32347,draw_prot_P32347,False,True,0.0,0.0,inf,inf,True,False
draw_prot_P32352,draw_prot_P32352,False,True,0.0,0.0,inf,inf,True,False
draw_prot_P32353,draw_prot_P32353,False,True,0.0,0.0,inf,inf,True,False
draw_prot_P32356,draw_prot_P32356,False,True,0.0,0.0,inf,inf,True,False
draw_prot_P32366,draw_prot_P32366,False,True,0.0,0.0,inf,inf,True,False
draw_prot_P32368,draw_prot_P32368,False,True,0.0,0.0,inf,inf,True,False
draw_prot_P32375,draw_prot_P32375,False,True,0.0,0.0,inf,inf,True,False
draw_prot_P32377,draw_prot_P32377,False,True,0.0,0.0,inf,inf,True,False
draw_prot_P32378,draw_prot_P32378,False,True,0.0,0.0,inf,inf,True,False
draw_prot_P32383,draw_prot_P32383,False,True,0.0,0.0,inf,inf,True,False
draw_prot_P32419,draw_prot_P32419,False,True,0.0,0.0,inf,inf,True,False
draw_prot_P32449,draw_prot_P32449,False,True,0.0,0.0,inf,inf,True,False
draw_prot_P32451,draw_prot_P32451,False,True,0.0,0.0,inf,inf,True,False
draw_prot_P32452,draw_prot_P32452,False,True,0.0,0.0,inf,inf,True,False
draw_prot_P32459,draw_prot_P32459,False,True,0.0,0.0,inf,inf,True,False
draw_prot_P32462,draw_prot_P32462,False,True,0.0,0.0,inf,inf,True,False
draw_prot_P32463,draw_prot_P32463,False,True,0.0,0.0,inf,inf,True,False
draw_prot_P32469,draw_prot_P32469,False,True,0.0,0.0,inf,inf,True,False
draw_prot_P32473,draw_prot_P32473,False,True,0.0,0.0,inf,inf,True,False
draw_prot_P32476,draw_prot_P32476,False,True,0.0,0.0,inf,inf,True,False
draw_prot_P32477,draw_prot_P32477,False,True,0.0,0.0,inf,inf,True,False
draw_prot_P32563,draw_prot_P32563,False,True,0.0,0.0,inf,inf,True,False
draw_prot_P32567,draw_prot_P32567,False,True,0.0,0.0,inf,inf,True,False
draw_prot_P32573,draw_prot_P32573,False,True,0.0,0.0,inf,inf,True,False
draw_prot_P32582,draw_prot_P32582,False,True,0.0,0.0,inf,inf,True,False
draw_prot_P32603,draw_prot_P32603,False,True,0.0,0.0,inf,inf,True,False
draw_prot_P32604,draw_prot_P32604,False,True,0.0,0.0,inf,inf,True,False
draw_prot_P32610,draw_prot_P32610,False,True,0.0,0.0,inf,inf,True,False
draw_prot_P32614,draw_prot_P32614,False,True,0.0,0.0,inf,inf,True,False
draw_prot_P32621,draw_prot_P32621,False,True,0.0,0.0,inf,inf,True,False
draw_prot_P32622,draw_prot_P32622,False,True,0.0,0.0,inf,inf,True,False
draw_prot_P32626,draw_prot_P32626,False,True,0.0,0.0,inf,inf,True,False
draw_prot_P32642,draw_prot_P32642,False,True,0.0,0.0,inf,inf,True,False
draw_prot_P32643,draw_prot_P32643,False,True,0.0,0.0,inf,inf,True,False
draw_prot_P32784,draw_prot_P32784,False,True,0.0,0.0,inf,inf,True,False
draw_prot_P32785,draw_prot_P32785,False,True,0.0,0.0,inf,inf,True,False
draw_prot_P32796,draw_prot_P32796,False,True,0.0,0.0,inf,inf,True,False
draw_prot_P32799,draw_prot_P32799,False,True,0.0,0.0,inf,inf,True,False
draw_prot_P32842,draw_prot_P32842,False,True,0.0,0.0,inf,inf,True,False
draw_prot_P32861,draw_prot_P32861,False,True,0.0,0.0,inf,inf,True,False
draw_prot_P32891,draw_prot_P32891,False,True,0.0,0.0,inf,inf,True,False
draw_prot_P32895,draw_prot_P32895,False,True,0.0,0.0,inf,inf,True,False
draw_prot_P32903,draw_prot_P32903,False,True,0.0,0.0,inf,inf,True,False
draw_prot_P33300,draw_prot_P33300,False,True,0.0,0.0,inf,inf,True,False
draw_prot_P33312,draw_prot_P33312,False,True,0.0,0.0,inf,inf,True,False
draw_prot_P33315,draw_prot_P33315,False,True,0.0,0.0,inf,inf,True,False
draw_prot_P33317,draw_prot_P33317,False,True,0.0,0.0,inf,inf,True,False
draw_prot_P33327,draw_prot_P33327,False,True,0.0,0.0,inf,inf,True,False
draw_prot_P33330,draw_prot_P33330,False,True,0.0,0.0,inf,inf,True,False
draw_prot_P33333,draw_prot_P33333,False,True,0.0,0.0,inf,inf,True,False
draw_prot_P33412,draw_prot_P33412,False,True,0.0,0.0,inf,inf,True,False
draw_prot_P33421,draw_prot_P33421,False,True,0.0,0.0,inf,inf,True,False
draw_prot_P33550,draw_prot_P33550,False,True,0.0,0.0,inf,inf,True,False
draw_prot_P33734,draw_prot_P33734,False,True,0.0,0.0,inf,inf,True,False
draw_prot_P33775,draw_prot_P33775,False,True,0.0,0.0,inf,inf,True,False
draw_prot_P34163,draw_prot_P34163,False,True,0.0,0.0,inf,inf,True,False
draw_prot_P34227,draw_prot_P34227,False,True,0.0,0.0,inf,inf,True,False
draw_prot_P35196,draw_prot_P35196,False,True,0.0,0.0,inf,inf,True,False
draw_prot_P35202,draw_prot_P35202,False,True,0.0,0.0,inf,inf,True,False
draw_prot_P35206,draw_prot_P35206,False,True,0.0,0.0,inf,inf,True,False
draw_prot_P35497,draw_prot_P35497,False,True,0.0,0.0,inf,inf,True,False
draw_prot_P35731,draw_prot_P35731,False,True,0.0,0.0,inf,inf,True,False
draw_prot_P35842,draw_prot_P35842,False,True,0.0,0.0,inf,inf,True,False
draw_prot_P36001,draw_prot_P36001,False,True,0.0,0.0,inf,inf,True,False
draw_prot_P36010,draw_prot_P36010,False,True,0.0,0.0,inf,inf,True,False
draw_prot_P36013,draw_prot_P36013,False,True,0.0,0.0,inf,inf,True,False
draw_prot_P36014,draw_prot_P36014,False,True,0.0,0.0,inf,inf,True,False
draw_prot_P36051,draw_prot_P36051,False,True,0.0,0.0,inf,inf,True,False
draw_prot_P36107,draw_prot_P36107,False,True,0.0,0.0,inf,inf,True,False
draw_prot_P36136,draw_prot_P36136,False,True,0.0,0.0,inf,inf,True,False
draw_prot_P36143,draw_prot_P36143,False,True,0.0,0.0,inf,inf,True,False
draw_prot_P36148,draw_prot_P36148,False,True,0.0,0.0,inf,inf,True,False
draw_prot_P36150,draw_prot_P36150,False,True,0.0,0.0,inf,inf,True,False
draw_prot_P36165,draw_prot_P36165,False,True,0.0,0.0,inf,inf,True,False
draw_prot_P36421,draw_prot_P36421,False,True,0.0,0.0,inf,inf,True,False
draw_prot_P37012,draw_prot_P37012,False,True,0.0,0.0,inf,inf,True,False
draw_prot_P37254,draw_prot_P37254,False,True,0.0,0.0,inf,inf,True,False
draw_prot_P37291,draw_prot_P37291,False,True,0.0,0.0,inf,inf,True,False
draw_prot_P37292,draw_prot_P37292,False,True,0.0,0.0,inf,inf,True,False
draw_prot_P37296,draw_prot_P37296,False,True,0.0,0.0,inf,inf,True,False
draw_prot_P37297,draw_prot_P37297,False,True,0.0,0.0,inf,inf,True,False
draw_prot_P37298,draw_prot_P37298,False,True,0.0,0.0,inf,inf,True,False
draw_prot_P38013,draw_prot_P38013,False,True,0.0,0.0,inf,inf,True,False
draw_prot_P38063,draw_prot_P38063,False,True,0.0,0.0,inf,inf,True,False
draw_prot_P38066,draw_prot_P38066,False,True,0.0,0.0,inf,inf,True,False
draw_prot_P38067,draw_prot_P38067,False,True,0.0,0.0,inf,inf,True,False
draw_prot_P38071,draw_prot_P38071,False,True,0.0,0.0,inf,inf,True,False
draw_prot_P38075,draw_prot_P38075,False,True,0.0,0.0,inf,inf,True,False
draw_prot_P38077,draw_prot_P38077,False,True,0.0,0.0,inf,inf,True,False
draw_prot_P38088,draw_prot_P38088,False,True,0.0,0.0,inf,inf,True,False
draw_prot_P38113,draw_prot_P38113,False,True,0.0,0.0,inf,inf,True,False
draw_prot_P38115,draw_prot_P38115,False,True,0.0,0.0,inf,inf,True,False
draw_prot_P38122,draw_prot_P38122,False,True,0.0,0.0,inf,inf,True,False
draw_prot_P38131,draw_prot_P38131,False,True,0.0,0.0,inf,inf,True,False
draw_prot_P38139,draw_prot_P38139,False,True,0.0,0.0,inf,inf,True,False
draw_prot_P38143,draw_prot_P38143,False,True,0.0,0.0,inf,inf,True,False
draw_prot_P38145,draw_prot_P38145,False,True,0.0,0.0,inf,inf,True,False
draw_prot_P38158,draw_prot_P38158,False,True,0.0,0.0,inf,inf,True,False
draw_prot_P38169,draw_prot_P38169,False,True,0.0,0.0,inf,inf,True,False
draw_prot_P38211,draw_prot_P38211,False,True,0.0,0.0,inf,inf,True,False
draw_prot_P38221,draw_prot_P38221,False,True,0.0,0.0,inf,inf,True,False
draw_prot_P38226,draw_prot_P38226,False,True,0.0,0.0,inf,inf,True,False
draw_prot_P38286,draw_prot_P38286,False,True,0.0,0.0,inf,inf,True,False
draw_prot_P38287,draw_prot_P38287,False,True,0.0,0.0,inf,inf,True,False
draw_prot_P38298,draw_prot_P38298,False,True,0.0,0.0,inf,inf,True,False
draw_prot_P38342,draw_prot_P38342,False,True,0.0,0.0,inf,inf,True,False
draw_prot_P38426,draw_prot_P38426,False,True,0.0,0.0,inf,inf,True,False
draw_prot_P38427,draw_prot_P38427,False,True,0.0,0.0,inf,inf,True,False
draw_prot_P38604,draw_prot_P38604,False,True,0.0,0.0,inf,inf,True,False
draw_prot_P38620,draw_prot_P38620,False,True,0.0,0.0,inf,inf,True,False
draw_prot_P38625,draw_prot_P38625,False,True,0.0,0.0,inf,inf,True,False
draw_prot_P38627,draw_prot_P38627,False,True,0.0,0.0,inf,inf,True,False
draw_prot_P38628,draw_prot_P38628,False,True,0.0,0.0,inf,inf,True,False
draw_prot_P38631,draw_prot_P38631,False,True,0.0,0.0,inf,inf,True,False
draw_prot_P38635,draw_prot_P38635,False,True,0.0,0.0,inf,inf,True,False
draw_prot_P38689,draw_prot_P38689,False,True,0.0,0.0,inf,inf,True,False
draw_prot_P38697,draw_prot_P38697,False,True,0.0,0.0,inf,inf,True,False
draw_prot_P38703,draw_prot_P38703,False,True,0.0,0.0,inf,inf,True,False
draw_prot_P38705,draw_prot_P38705,False,True,0.0,0.0,inf,inf,True,False
draw_prot_P38707,draw_prot_P38707,False,True,0.0,0.0,inf,inf,True,False
draw_prot_P38708,draw_prot_P38708,False,True,0.0,0.0,inf,inf,True,False
draw_prot_P38710,draw_prot_P38710,False,True,0.0,0.0,inf,inf,True,False
draw_prot_P38714,draw_prot_P38714,False,True,0.0,0.0,inf,inf,True,False
draw_prot_P38715,draw_prot_P38715,False,True,0.0,0.0,inf,inf,True,False
draw_prot_P38720,draw_prot_P38720,False,True,0.0,0.0,inf,inf,True,False
draw_prot_P38787,draw_prot_P38787,False,True,0.0,0.0,inf,inf,True,False
draw_prot_P38790,draw_prot_P38790,False,True,0.0,0.0,inf,inf,True,False
draw_prot_P38791,draw_prot_P38791,False,True,0.0,0.0,inf,inf,True,False
draw_prot_P38795,draw_prot_P38795,False,True,0.0,0.0,inf,inf,True,False
draw_prot_P38812,draw_prot_P38812,False,True,0.0,0.0,inf,inf,True,False
draw_prot_P38816,draw_prot_P38816,False,True,0.0,0.0,inf,inf,True,False
draw_prot_P38840,draw_prot_P38840,False,True,0.0,0.0,inf,inf,True,False
draw_prot_P38858,draw_prot_P38858,False,True,0.0,0.0,inf,inf,True,False
draw_prot_P38891,draw_prot_P38891,False,True,0.0,0.0,inf,inf,True,False
draw_prot_P38913,draw_prot_P38913,False,True,0.0,0.0,inf,inf,True,False
draw_prot_P38954,draw_prot_P38954,False,True,0.0,0.0,inf,inf,True,False
draw_prot_P38986,draw_prot_P38986,False,True,0.0,0.0,inf,inf,True,False
draw_prot_P38992,draw_prot_P38992,False,True,0.0,0.0,inf,inf,True,False
draw_prot_P38994,draw_prot_P38994,False,True,0.0,0.0,inf,inf,True,False
draw_prot_P38998,draw_prot_P38998,False,True,0.0,0.0,inf,inf,True,False
draw_prot_P38999,draw_prot_P38999,False,True,0.0,0.0,inf,inf,True,False
draw_prot_P39002,draw_prot_P39002,False,True,0.0,0.0,inf,inf,True,False
draw_prot_P39006,draw_prot_P39006,False,True,0.0,0.0,inf,inf,True,False
draw_prot_P39104,draw_prot_P39104,False,True,0.0,0.0,inf,inf,True,False
draw_prot_P39105,draw_prot_P39105,False,True,0.0,0.0,inf,inf,True,False
draw_prot_P39111,draw_prot_P39111,False,True,0.0,0.0,inf,inf,True,False
draw_prot_P39518,draw_prot_P39518,False,True,0.0,0.0,inf,inf,True,False
draw_prot_P39522,draw_prot_P39522,False,True,0.0,0.0,inf,inf,True,False
draw_prot_P39525,draw_prot_P39525,False,True,0.0,0.0,inf,inf,True,False
draw_prot_P39540,draw_prot_P39540,False,True,0.0,0.0,inf,inf,True,False
draw_prot_P39683,draw_prot_P39683,False,True,0.0,0.0,inf,inf,True,False
draw_prot_P39692,draw_prot_P39692,False,True,0.0,0.0,inf,inf,True,False
draw_prot_P39708,draw_prot_P39708,False,True,0.0,0.0,inf,inf,True,False
draw_prot_P39714,draw_prot_P39714,False,True,0.0,0.0,inf,inf,True,False
draw_prot_P39726,draw_prot_P39726,False,True,0.0,0.0,inf,inf,True,False
draw_prot_P39954,draw_prot_P39954,False,True,0.0,0.0,inf,inf,True,False
draw_prot_P39976,draw_prot_P39976,False,True,0.0,0.0,inf,inf,True,False
draw_prot_P39988,draw_prot_P39988,False,True,0.0,0.0,inf,inf,True,False
draw_prot_P40009,draw_prot_P40009,False,True,0.0,0.0,inf,inf,True,False
draw_prot_P40012,draw_prot_P40012,False,True,0.0,0.0,inf,inf,True,False
draw_prot_P40015,draw_prot_P40015,False,True,0.0,0.0,inf,inf,True,False
draw_prot_P40017,draw_prot_P40017,False,True,0.0,0.0,inf,inf,True,False
draw_prot_P40047,draw_prot_P40047,False,True,0.0,0.0,inf,inf,True,False
draw_prot_P40054,draw_prot_P40054,False,True,0.0,0.0,inf,inf,True,False
draw_prot_P40099,draw_prot_P40099,False,True,0.0,0.0,inf,inf,True,False
draw_prot_P40106,draw_prot_P40106,False,True,0.0,0.0,inf,inf,True,False
draw_prot_P40215,draw_prot_P40215,False,True,0.0,0.0,inf,inf,True,False
draw_prot_P40308,draw_prot_P40308,False,True,0.0,0.0,inf,inf,True,False
draw_prot_P40319,draw_prot_P40319,False,True,0.0,0.0,inf,inf,True,False
draw_prot_P40345,draw_prot_P40345,False,True,0.0,0.0,inf,inf,True,False
draw_prot_P40353,draw_prot_P40353,False,True,0.0,0.0,inf,inf,True,False
draw_prot_P40360,draw_prot_P40360,False,True,0.0,0.0,inf,inf,True,False
draw_prot_P40363,draw_prot_P40363,False,True,0.0,0.0,inf,inf,True,False
draw_prot_P40433,draw_prot_P40433,False,True,0.0,0.0,inf,inf,True,False
draw_prot_P40459,draw_prot_P40459,False,True,0.0,0.0,inf,inf,True,False
draw_prot_P40471,draw_prot_P40471,False,True,0.0,0.0,inf,inf,True,False
draw_prot_P40495,draw_prot_P40495,False,True,0.0,0.0,inf,inf,True,False
draw_prot_P40506,draw_prot_P40506,False,True,0.0,0.0,inf,inf,True,False
draw_prot_P40510,draw_prot_P40510,False,True,0.0,0.0,inf,inf,True,False
draw_prot_P40545,draw_prot_P40545,False,True,0.0,0.0,inf,inf,True,False
draw_prot_P40553,draw_prot_P40553,False,True,0.0,0.0,inf,inf,True,False
draw_prot_P40559,draw_prot_P40559,False,True,0.0,0.0,inf,inf,True,False
draw_prot_P40581,draw_prot_P40581,False,True,0.0,0.0,inf,inf,True,False
draw_prot_P40825,draw_prot_P40825,False,True,0.0,0.0,inf,inf,True,False
draw_prot_P40857,draw_prot_P40857,False,True,0.0,0.0,inf,inf,True,False
draw_prot_P40884,draw_prot_P40884,False,True,0.0,0.0,inf,inf,True,False
draw_prot_P40970,draw_prot_P40970,False,True,0.0,0.0,inf,inf,True,False
draw_prot_P40975,draw_prot_P40975,False,True,0.0,0.0,inf,inf,True,False
draw_prot_P41277,draw_prot_P41277,False,True,0.0,0.0,inf,inf,True,False
draw_prot_P41338,draw_prot_P41338,False,True,0.0,0.0,inf,inf,True,False
draw_prot_P41734,draw_prot_P41734,False,True,0.0,0.0,inf,inf,True,False
draw_prot_P41735,draw_prot_P41735,False,True,0.0,0.0,inf,inf,True,False
draw_prot_P41807,draw_prot_P41807,False,True,0.0,0.0,inf,inf,True,False
draw_prot_P41835,draw_prot_P41835,False,True,0.0,0.0,inf,inf,True,False
draw_prot_P41903,draw_prot_P41903,False,True,0.0,0.0,inf,inf,True,False
draw_prot_P41911,draw_prot_P41911,False,True,0.0,0.0,inf,inf,True,False
draw_prot_P41921,draw_prot_P41921,False,True,0.0,0.0,inf,inf,True,False
draw_prot_P41939,draw_prot_P41939,False,True,0.0,0.0,inf,inf,True,False
draw_prot_P41940,draw_prot_P41940,False,True,0.0,0.0,inf,inf,True,False
draw_prot_P42826,draw_prot_P42826,False,True,0.0,0.0,inf,inf,True,False
draw_prot_P42837,draw_prot_P42837,False,True,0.0,0.0,inf,inf,True,False
draw_prot_P42941,draw_prot_P42941,False,True,0.0,0.0,inf,inf,True,False
draw_prot_P42951,draw_prot_P42951,False,True,0.0,0.0,inf,inf,True,False
draw_prot_P43123,draw_prot_P43123,False,True,0.0,0.0,inf,inf,True,False
draw_prot_P43550,draw_prot_P43550,False,True,0.0,0.0,inf,inf,True,False
draw_prot_P43567,draw_prot_P43567,False,True,0.0,0.0,inf,inf,True,False
draw_prot_P43577,draw_prot_P43577,False,True,0.0,0.0,inf,inf,True,False
draw_prot_P43619,draw_prot_P43619,False,True,0.0,0.0,inf,inf,True,False
draw_prot_P43635,draw_prot_P43635,False,True,0.0,0.0,inf,inf,True,False
draw_prot_P46151,draw_prot_P46151,False,True,0.0,0.0,inf,inf,True,False
draw_prot_P46367,draw_prot_P46367,False,True,0.0,0.0,inf,inf,True,False
draw_prot_P46655,draw_prot_P46655,False,True,0.0,0.0,inf,inf,True,False
draw_prot_P46681,draw_prot_P46681,False,True,0.0,0.0,inf,inf,True,False
draw_prot_P46969,draw_prot_P46969,False,True,0.0,0.0,inf,inf,True,False
draw_prot_P46971,draw_prot_P46971,False,True,0.0,0.0,inf,inf,True,False
draw_prot_P47011,draw_prot_P47011,False,True,0.0,0.0,inf,inf,True,False
draw_prot_P47013,draw_prot_P47013,False,True,0.0,0.0,inf,inf,True,False
draw_prot_P47026,draw_prot_P47026,False,True,0.0,0.0,inf,inf,True,False
draw_prot_P47039,draw_prot_P47039,False,True,0.0,0.0,inf,inf,True,False
draw_prot_P47052,draw_prot_P47052,False,True,0.0,0.0,inf,inf,True,False
draw_prot_P47088,draw_prot_P47088,False,True,0.0,0.0,inf,inf,True,False
draw_prot_P47096,draw_prot_P47096,False,True,0.0,0.0,inf,inf,True,False
draw_prot_P47125,draw_prot_P47125,False,True,0.0,0.0,inf,inf,True,False
draw_prot_P47143,draw_prot_P47143,False,True,0.0,0.0,inf,inf,True,False
draw_prot_P47147,draw_prot_P47147,False,True,0.0,0.0,inf,inf,True,False
draw_prot_P47164,draw_prot_P47164,False,True,0.0,0.0,inf,inf,True,False
draw_prot_P47165,draw_prot_P47165,False,True,0.0,0.0,inf,inf,True,False
draw_prot_P47169,draw_prot_P47169,False,True,0.0,0.0,inf,inf,True,False
draw_prot_P47176,draw_prot_P47176,False,True,0.0,0.0,inf,inf,True,False
draw_prot_P47180,draw_prot_P47180,False,True,0.0,0.0,inf,inf,True,False
draw_prot_P47190,draw_prot_P47190,False,True,0.0,0.0,inf,inf,True,False
draw_prot_P47771,draw_prot_P47771,False,True,0.0,0.0,inf,inf,True,False
draw_prot_P48015,draw_prot_P48015,False,True,0.0,0.0,inf,inf,True,False
draw_prot_P48360,draw_prot_P48360,False,True,0.0,0.0,inf,inf,True,False
draw_prot_P48445,draw_prot_P48445,False,True,0.0,0.0,inf,inf,True,False
draw_prot_P48525,draw_prot_P48525,False,True,0.0,0.0,inf,inf,True,False
draw_prot_P48526,draw_prot_P48526,False,True,0.0,0.0,inf,inf,True,False
draw_prot_P48527,draw_prot_P48527,False,True,0.0,0.0,inf,inf,True,False
draw_prot_P48567,draw_prot_P48567,False,True,0.0,0.0,inf,inf,True,False
draw_prot_P48570,draw_prot_P48570,False,True,0.0,0.0,inf,inf,True,False
draw_prot_P48836,draw_prot_P48836,False,True,0.0,0.0,inf,inf,True,False
draw_prot_P49017,draw_prot_P49017,False,True,0.0,0.0,inf,inf,True,False
draw_prot_P49089,draw_prot_P49089,False,True,0.0,0.0,inf,inf,True,False
draw_prot_P49090,draw_prot_P49090,False,True,0.0,0.0,inf,inf,True,False
draw_prot_P49095,draw_prot_P49095,False,True,0.0,0.0,inf,inf,True,False
draw_prot_P49367,draw_prot_P49367,False,True,0.0,0.0,inf,inf,True,False
draw_prot_P49435,draw_prot_P49435,False,True,0.0,0.0,inf,inf,True,False
draw_prot_P49723,draw_prot_P49723,False,True,0.0,0.0,inf,inf,True,False
draw_prot_P49775,draw_prot_P49775,False,True,0.0,0.0,inf,inf,True,False
draw_prot_P50094,draw_prot_P50094,False,True,0.0,0.0,inf,inf,True,False
draw_prot_P50095,draw_prot_P50095,False,True,0.0,0.0,inf,inf,True,False
draw_prot_P50107,draw_prot_P50107,False,True,0.0,0.0,inf,inf,True,False
draw_prot_P50113,draw_prot_P50113,False,True,0.0,0.0,inf,inf,True,False
draw_prot_P50264,draw_prot_P50264,False,True,0.0,0.0,inf,inf,True,False
draw_prot_P50277,draw_prot_P50277,False,True,0.0,0.0,inf,inf,True,False
draw_prot_P50861,draw_prot_P50861,False,True,0.0,0.0,inf,inf,True,False
draw_prot_P51601,draw_prot_P51601,False,True,0.0,0.0,inf,inf,True,False
draw_prot_P52489,draw_prot_P52489,False,True,0.0,0.0,inf,inf,True,False
draw_prot_P52867,draw_prot_P52867,False,True,0.0,0.0,inf,inf,True,False
draw_prot_P52910,draw_prot_P52910,False,True,0.0,0.0,inf,inf,True,False
draw_prot_P52911,draw_prot_P52911,False,True,0.0,0.0,inf,inf,True,False
draw_prot_P53045,draw_prot_P53045,False,True,0.0,0.0,inf,inf,True,False
draw_prot_P53051,draw_prot_P53051,False,True,0.0,0.0,inf,inf,True,False
draw_prot_P53090,draw_prot_P53090,False,True,0.0,0.0,inf,inf,True,False
draw_prot_P53101,draw_prot_P53101,False,True,0.0,0.0,inf,inf,True,False
draw_prot_P53128,draw_prot_P53128,False,True,0.0,0.0,inf,inf,True,False
draw_prot_P53164,draw_prot_P53164,False,True,0.0,0.0,inf,inf,True,False
draw_prot_P53167,draw_prot_P53167,False,True,0.0,0.0,inf,inf,True,False
draw_prot_P53184,draw_prot_P53184,False,True,0.0,0.0,inf,inf,True,False
draw_prot_P53199,draw_prot_P53199,False,True,0.0,0.0,inf,inf,True,False
draw_prot_P53204,draw_prot_P53204,False,True,0.0,0.0,inf,inf,True,False
draw_prot_P53264,draw_prot_P53264,False,True,0.0,0.0,inf,inf,True,False
draw_prot_P53296,draw_prot_P53296,False,True,0.0,0.0,inf,inf,True,False
draw_prot_P53312,draw_prot_P53312,False,True,0.0,0.0,inf,inf,True,False
draw_prot_P53314,draw_prot_P53314,False,True,0.0,0.0,inf,inf,True,False
draw_prot_P53315,draw_prot_P53315,False,True,0.0,0.0,inf,inf,True,False
draw_prot_P53318,draw_prot_P53318,False,True,0.0,0.0,inf,inf,True,False
draw_prot_P53319,draw_prot_P53319,False,True,0.0,0.0,inf,inf,True,False
draw_prot_P53332,draw_prot_P53332,False,True,0.0,0.0,inf,inf,True,False
draw_prot_P53341,draw_prot_P53341,False,True,0.0,0.0,inf,inf,True,False
draw_prot_P53598,draw_prot_P53598,False,True,0.0,0.0,inf,inf,True,False
draw_prot_P53629,draw_prot_P53629,False,True,0.0,0.0,inf,inf,True,False
draw_prot_P53630,draw_prot_P53630,False,True,0.0,0.0,inf,inf,True,False
draw_prot_P53685,draw_prot_P53685,False,True,0.0,0.0,inf,inf,True,False
draw_prot_P53686,draw_prot_P53686,False,True,0.0,0.0,inf,inf,True,False
draw_prot_P53687,draw_prot_P53687,False,True,0.0,0.0,inf,inf,True,False
draw_prot_P53688,draw_prot_P53688,False,True,0.0,0.0,inf,inf,True,False
draw_prot_P53848,draw_prot_P53848,False,True,0.0,0.0,inf,inf,True,False
draw_prot_P53909,draw_prot_P53909,False,True,0.0,0.0,inf,inf,True,False
draw_prot_P53915,draw_prot_P53915,False,True,0.0,0.0,inf,inf,True,False
draw_prot_P53966,draw_prot_P53966,False,True,0.0,0.0,inf,inf,True,False
draw_prot_P53982,draw_prot_P53982,False,True,0.0,0.0,inf,inf,True,False
draw_prot_P54070,draw_prot_P54070,False,True,0.0,0.0,inf,inf,True,False
draw_prot_P54113,draw_prot_P54113,False,True,0.0,0.0,inf,inf,True,False
draw_prot_P54114,draw_prot_P54114,False,True,0.0,0.0,inf,inf,True,False
draw_prot_P54115,draw_prot_P54115,False,True,0.0,0.0,inf,inf,True,False
draw_prot_P54781,draw_prot_P54781,False,True,0.0,0.0,inf,inf,True,False
draw_prot_P54783,draw_prot_P54783,False,True,0.0,0.0,inf,inf,True,False
draw_prot_P54838,draw_prot_P54838,False,True,0.0,0.0,inf,inf,True,False
draw_prot_P54839,draw_prot_P54839,False,True,0.0,0.0,inf,inf,True,False
draw_prot_P54857,draw_prot_P54857,False,True,0.0,0.0,inf,inf,True,False
draw_prot_P54885,draw_prot_P54885,False,True,0.0,0.0,inf,inf,True,False
draw_prot_P80210,draw_prot_P80210,False,True,0.0,0.0,inf,inf,True,False
draw_prot_P80235,draw_prot_P80235,False,True,0.0,0.0,inf,inf,True,False
draw_prot_P81449,draw_prot_P81449,False,True,0.0,0.0,inf,inf,True,False
draw_prot_P81450,draw_prot_P81450,False,True,0.0,0.0,inf,inf,True,False
draw_prot_Q00055,draw_prot_Q00055,False,True,0.0,0.0,inf,inf,True,False
draw_prot_Q00711,draw_prot_Q00711,False,True,0.0,0.0,inf,inf,True,False
draw_prot_Q00764,draw_prot_Q00764,False,True,0.0,0.0,inf,inf,True,False
draw_prot_Q00955,draw_prot_Q00955,False,True,0.0,0.0,inf,inf,True,False
draw_prot_Q01217,draw_prot_Q01217,False,True,0.0,0.0,inf,inf,True,False
draw_prot_Q01519,draw_prot_Q01519,False,True,0.0,0.0,inf,inf,True,False
draw_prot_Q01574,draw_prot_Q01574,False,True,0.0,0.0,inf,inf,True,False
draw_prot_Q01802,draw_prot_Q01802,False,True,0.0,0.0,inf,inf,True,False
draw_prot_Q02046,draw_prot_Q02046,False,True,0.0,0.0,inf,inf,True,False
draw_prot_Q02196,draw_prot_Q02196,False,True,0.0,0.0,inf,inf,True,False
draw_prot_Q02207,draw_prot_Q02207,False,True,0.0,0.0,inf,inf,True,False
draw_prot_Q02784,draw_prot_Q02784,False,True,0.0,0.0,inf,inf,True,False
draw_prot_Q02896,draw_prot_Q02896,False,True,0.0,0.0,inf,inf,True,False
draw_prot_Q03175,draw_prot_Q03175,False,True,0.0,0.0,inf,inf,True,False
draw_prot_Q03262,draw_prot_Q03262,False,True,0.0,0.0,inf,inf,True,False
draw_prot_Q03266,draw_prot_Q03266,False,True,0.0,0.0,inf,inf,True,False
draw_prot_Q03529,draw_prot_Q03529,False,True,0.0,0.0,inf,inf,True,False
draw_prot_Q03557,draw_prot_Q03557,False,True,0.0,0.0,inf,inf,True,False
draw_prot_Q03579,draw_prot_Q03579,False,True,0.0,0.0,inf,inf,True,False
draw_prot_Q03674,draw_prot_Q03674,False,True,0.0,0.0,inf,inf,True,False
draw_prot_Q03677,draw_prot_Q03677,False,True,0.0,0.0,inf,inf,True,False
draw_prot_Q03764,draw_prot_Q03764,False,True,0.0,0.0,inf,inf,True,False
draw_prot_Q03778,draw_prot_Q03778,False,True,0.0,0.0,inf,inf,True,False
draw_prot_Q03835,draw_prot_Q03835,False,True,0.0,0.0,inf,inf,True,False
draw_prot_Q03941,draw_prot_Q03941,False,True,0.0,0.0,inf,inf,True,False
draw_prot_Q04066,draw_prot_Q04066,False,True,0.0,0.0,inf,inf,True,False
draw_prot_Q04120,draw_prot_Q04120,False,True,0.0,0.0,inf,inf,True,False
draw_prot_Q04178,draw_prot_Q04178,False,True,0.0,0.0,inf,inf,True,False
draw_prot_Q04179,draw_prot_Q04179,False,True,0.0,0.0,inf,inf,True,False
draw_prot_Q04212,draw_prot_Q04212,False,True,0.0,0.0,inf,inf,True,False
draw_prot_Q04396,draw_prot_Q04396,False,True,0.0,0.0,inf,inf,True,False
draw_prot_Q04430,draw_prot_Q04430,False,True,0.0,0.0,inf,inf,True,False
draw_prot_Q04728,draw_prot_Q04728,False,True,0.0,0.0,inf,inf,True,False
draw_prot_Q04792,draw_prot_Q04792,False,True,0.0,0.0,inf,inf,True,False
draw_prot_Q04894,draw_prot_Q04894,False,True,0.0,0.0,inf,inf,True,False
draw_prot_Q05016,draw_prot_Q05016,False,True,0.0,0.0,inf,inf,True,False
draw_prot_Q05521,draw_prot_Q05521,False,True,0.0,0.0,inf,inf,True,False
draw_prot_Q05533,draw_prot_Q05533,False,True,0.0,0.0,inf,inf,True,False
draw_prot_Q05567,draw_prot_Q05567,False,True,0.0,0.0,inf,inf,True,False
draw_prot_Q05584,draw_prot_Q05584,False,True,0.0,0.0,inf,inf,True,False
draw_prot_Q05779,draw_prot_Q05779,False,True,0.0,0.0,inf,inf,True,False
draw_prot_Q05788,draw_prot_Q05788,False,True,0.0,0.0,inf,inf,True,False
draw_prot_Q05871,draw_prot_Q05871,False,True,0.0,0.0,inf,inf,True,False
draw_prot_Q05874,draw_prot_Q05874,False,True,0.0,0.0,inf,inf,True,False
draw_prot_Q05902,draw_prot_Q05902,False,True,0.0,0.0,inf,inf,True,False
draw_prot_Q05911,draw_prot_Q05911,False,True,0.0,0.0,inf,inf,True,False
draw_prot_Q05979,draw_prot_Q05979,False,True,0.0,0.0,inf,inf,True,False
draw_prot_Q06147,draw_prot_Q06147,False,True,0.0,0.0,inf,inf,True,False
draw_prot_Q06178,draw_prot_Q06178,False,True,0.0,0.0,inf,inf,True,False
draw_prot_Q06346,draw_prot_Q06346,False,True,0.0,0.0,inf,inf,True,False
draw_prot_Q06389,draw_prot_Q06389,False,True,0.0,0.0,inf,inf,True,False
draw_prot_Q06405,draw_prot_Q06405,False,True,0.0,0.0,inf,inf,True,False
draw_prot_Q06408,draw_prot_Q06408,False,True,0.0,0.0,inf,inf,True,False
draw_prot_Q06490,draw_prot_Q06490,False,True,0.0,0.0,inf,inf,True,False
draw_prot_Q06510,draw_prot_Q06510,False,True,0.0,0.0,inf,inf,True,False
draw_prot_Q06549,draw_prot_Q06549,False,True,0.0,0.0,inf,inf,True,False
draw_prot_Q06625,draw_prot_Q06625,False,True,0.0,0.0,inf,inf,True,False
draw_prot_Q06636,draw_prot_Q06636,False,True,0.0,0.0,inf,inf,True,False
draw_prot_Q06667,draw_prot_Q06667,False,True,0.0,0.0,inf,inf,True,False
draw_prot_Q06685,draw_prot_Q06685,False,True,0.0,0.0,inf,inf,True,False
draw_prot_Q06702,draw_prot_Q06702,False,True,0.0,0.0,inf,inf,True,False
draw_prot_Q06703,draw_prot_Q06703,False,True,0.0,0.0,inf,inf,True,False
draw_prot_Q06708,draw_prot_Q06708,False,True,0.0,0.0,inf,inf,True,False
draw_prot_Q06817,draw_prot_Q06817,False,True,0.0,0.0,inf,inf,True,False
draw_prot_Q06892,draw_prot_Q06892,False,True,0.0,0.0,inf,inf,True,False
draw_prot_Q07471,draw_prot_Q07471,False,True,0.0,0.0,inf,inf,True,False
draw_prot_Q07500,draw_prot_Q07500,False,True,0.0,0.0,inf,inf,True,False
draw_prot_Q07560,draw_prot_Q07560,False,True,0.0,0.0,inf,inf,True,False
draw_prot_Q07729,draw_prot_Q07729,False,True,0.0,0.0,inf,inf,True,False
draw_prot_Q07804,draw_prot_Q07804,False,True,0.0,0.0,inf,inf,True,False
draw_prot_Q07830,draw_prot_Q07830,False,True,0.0,0.0,inf,inf,True,False
draw_prot_Q07923,draw_prot_Q07923,False,True,0.0,0.0,inf,inf,True,False
draw_prot_Q07938,draw_prot_Q07938,False,True,0.0,0.0,inf,inf,True,False
draw_prot_Q07950,draw_prot_Q07950,False,True,0.0,0.0,inf,inf,True,False
draw_prot_Q07993,draw_prot_Q07993,False,True,0.0,0.0,inf,inf,True,False
draw_prot_Q08108,draw_prot_Q08108,False,True,0.0,0.0,inf,inf,True,False
draw_prot_Q08224,draw_prot_Q08224,False,True,0.0,0.0,inf,inf,True,False
draw_prot_Q08227,draw_prot_Q08227,False,True,0.0,0.0,inf,inf,True,False
draw_prot_Q08548,draw_prot_Q08548,False,True,0.0,0.0,inf,inf,True,False
draw_prot_Q08558,draw_prot_Q08558,False,True,0.0,0.0,inf,inf,True,False
draw_prot_Q08645,draw_prot_Q08645,False,True,0.0,0.0,inf,inf,True,False
draw_prot_Q08650,draw_prot_Q08650,False,True,0.0,0.0,inf,inf,True,False
draw_prot_Q08911,draw_prot_Q08911,False,True,0.0,0.0,inf,inf,True,False
draw_prot_Q08959,draw_prot_Q08959,False,True,0.0,0.0,inf,inf,True,False
draw_prot_Q08975,draw_prot_Q08975,False,True,0.0,0.0,inf,inf,True,False
draw_prot_Q08985,draw_prot_Q08985,False,True,0.0,0.0,inf,inf,True,False
draw_prot_Q10740,draw_prot_Q10740,False,True,0.0,0.0,inf,inf,True,False
draw_prot_Q12031,draw_prot_Q12031,False,True,0.0,0.0,inf,inf,True,False
draw_prot_Q12036,draw_prot_Q12036,False,True,0.0,0.0,inf,inf,True,False
draw_prot_Q12043,draw_prot_Q12043,False,True,0.0,0.0,inf,inf,True,False
draw_prot_Q12051,draw_prot_Q12051,False,True,0.0,0.0,inf,inf,True,False
draw_prot_Q12068,draw_prot_Q12068,False,True,0.0,0.0,inf,inf,True,False
draw_prot_Q12074,draw_prot_Q12074,False,True,0.0,0.0,inf,inf,True,False
draw_prot_Q12109,draw_prot_Q12109,False,True,0.0,0.0,inf,inf,True,False
draw_prot_Q12122,draw_prot_Q12122,False,True,0.0,0.0,inf,inf,True,False
draw_prot_Q12154,draw_prot_Q12154,False,True,0.0,0.0,inf,inf,True,False
draw_prot_Q12165,draw_prot_Q12165,False,True,0.0,0.0,inf,inf,True,False
draw_prot_Q12166,draw_prot_Q12166,False,True,0.0,0.0,inf,inf,True,False
draw_prot_Q12178,draw_prot_Q12178,False,True,0.0,0.0,inf,inf,True,False
draw_prot_Q12184,draw_prot_Q12184,False,True,0.0,0.0,inf,inf,True,False
draw_prot_Q12211,draw_prot_Q12211,False,True,0.0,0.0,inf,inf,True,False
draw_prot_Q12233,draw_prot_Q12233,False,True,0.0,0.0,inf,inf,True,False
draw_prot_Q12246,draw_prot_Q12246,False,True,0.0,0.0,inf,inf,True,False
draw_prot_Q12265,draw_prot_Q12265,False,True,0.0,0.0,inf,inf,True,False
draw_prot_Q12271,draw_prot_Q12271,False,True,0.0,0.0,inf,inf,True,False
draw_prot_Q12283,draw_prot_Q12283,False,True,0.0,0.0,inf,inf,True,False
draw_prot_Q12320,draw_prot_Q12320,False,True,0.0,0.0,inf,inf,True,False
draw_prot_Q12349,draw_prot_Q12349,False,True,0.0,0.0,inf,inf,True,False
draw_prot_Q12358,draw_prot_Q12358,False,True,0.0,0.0,inf,inf,True,False
draw_prot_Q12362,draw_prot_Q12362,False,True,0.0,0.0,inf,inf,True,False
draw_prot_Q12382,draw_prot_Q12382,False,True,0.0,0.0,inf,inf,True,False
draw_prot_Q12428,draw_prot_Q12428,False,True,0.0,0.0,inf,inf,True,False
draw_prot_Q12452,draw_prot_Q12452,False,True,0.0,0.0,inf,inf,True,False
draw_prot_Q12455,draw_prot_Q12455,False,True,0.0,0.0,inf,inf,True,False
draw_prot_Q12471,draw_prot_Q12471,False,True,0.0,0.0,inf,inf,True,False
draw_prot_Q12494,draw_prot_Q12494,False,True,0.0,0.0,inf,inf,True,False
draw_prot_Q12525,draw_prot_Q12525,False,True,0.0,0.0,inf,inf,True,False
draw_prot_Q12676,draw_prot_Q12676,False,True,0.0,0.0,inf,inf,True,False
draw_prot_Q3E790,draw_prot_Q3E790,False,True,0.0,0.0,inf,inf,True,False
draw_prot_Q99190,draw_prot_Q99190,False,True,0.0,0.0,inf,inf,True,False
draw_prot_Q99258,draw_prot_Q99258,False,True,0.0,0.0,inf,inf,True,False
draw_prot_Q99312,draw_prot_Q99312,False,True,0.0,0.0,inf,inf,True,False
draw_prot_Q99321,draw_prot_Q99321,False,True,0.0,0.0,inf,inf,True,False
draw_prot_P61829,draw_prot_P61829,False,True,0.0,0.0,inf,inf,True,False
draw_prot_P00854,draw_prot_P00854,False,True,0.0,0.0,inf,inf,True,False
draw_prot_P00856,draw_prot_P00856,False,True,0.0,0.0,inf,inf,True,False
draw_prot_P81451,draw_prot_P81451,False,True,0.0,0.0,inf,inf,True,False
draw_prot_P00401,draw_prot_P00401,False,True,0.0,0.0,inf,inf,True,False
draw_prot_P00410,draw_prot_P00410,False,True,0.0,0.0,inf,inf,True,False
draw_prot_P00420,draw_prot_P00420,False,True,0.0,0.0,inf,inf,True,False
draw_prot_P00163,draw_prot_P00163,False,True,0.0,0.0,inf,inf,True,False
prot_pool_exchange,prot_pool_exchange,True,False,0.0,0.0,0.17866,0.08933,False,False
NGAM,NGAM,True,False,0.7,1.6838341960517724,0.7,1.6838341960517724,False,True
